# 7960/16M, Átriová, Kopánka, Trnava, okres Trnava, Trnavský kraj, 917 01, Slovensko

v 12.1388 3.3005 3.4700
v 11.8388 3.4005 3.6100
v 11.8388 3.1805 3.5300
v 11.8388 2.9305 3.4700
v 11.6288 3.3705 3.6500
v 11.6388 3.1105 3.5600
v 11.6388 2.8905 3.4800
v 11.6388 2.6605 3.4300
v 11.4588 3.3005 3.6800
v 11.4588 3.0605 3.5700
v 11.4588 2.8105 3.4900
v 11.4588 2.5805 3.4800
v 11.5188 -4.7395 2.8100
v 11.5288 -4.9795 2.8800
v 11.2188 3.2605 3.7200
v 11.2188 3.0005 3.6300
v 11.2188 2.7505 3.5300
v 11.2288 2.5305 3.4700
v 11.2288 2.3105 3.4400
v 11.2788 -4.5395 2.8500
v 11.2888 -4.7895 2.8600
v 11.2888 -5.0195 2.9300
v 11.2888 -5.2495 2.9700
v 10.9688 3.2605 3.8100
v 10.9688 3.0205 3.7300
v 10.9688 2.8105 3.6000
v 10.9688 2.5305 3.5500
v 10.9788 2.3005 3.4700
v 10.9788 2.0705 3.4400
v 11.0288 -4.3495 2.8500
v 11.0288 -4.5795 2.8800
v 11.0288 -4.7895 2.9000
v 11.0388 -4.9995 2.9200
v 11.0388 -5.2195 2.9400
v 11.0388 -5.4495 3.0200
v 10.7288 3.1905 3.8400
v 10.7288 2.9305 3.7600
v 10.7388 2.7005 3.6700
v 10.7388 2.4405 3.5700
v 10.7388 2.1905 3.4900
v 10.7388 1.9305 3.4400
v 10.7888 -4.1695 2.8600
v 10.7888 -4.3695 2.8900
v 10.7988 -4.5995 2.9200
v 10.7988 -4.8395 2.9300
v 10.7988 -5.0795 2.9300
v 10.7988 -5.2795 2.9600
v 10.7988 -5.5095 3.0000
v 10.8088 -5.7295 2.9800
v 10.4788 3.3905 4.0100
v 10.4888 3.1705 3.9200
v 10.4888 2.8905 3.8200
v 10.4888 2.6205 3.7100
v 10.4888 2.3905 3.6500
v 10.4888 2.1605 3.5600
v 10.4988 1.9005 3.4800
v 10.4988 1.6205 3.3600
v 10.5388 -3.7495 2.8400
v 10.5488 -3.9695 2.8800
v 10.5488 -4.1895 2.9000
v 10.5488 -4.4095 2.9200
v 10.5488 -4.6395 2.9300
v 10.5488 -4.8595 2.9500
v 10.5588 -5.1095 2.9700
v 10.5588 -5.3195 2.9800
v 10.5588 -5.5295 3.0100
v 10.5588 -5.7795 2.9600
v 10.5588 -6.0395 2.9300
v 10.2188 3.2205 4.0200
v 10.2188 2.9805 3.9300
v 10.2288 2.7105 3.8000
v 10.2288 2.4605 3.7400
v 10.2288 2.2305 3.6500
v 10.2288 1.9805 3.5500
v 10.2288 1.7005 3.4700
v 10.2388 1.4505 3.4000
v 10.2788 -3.4495 2.8500
v 10.2788 -3.6595 2.8800
v 10.2788 -3.8795 2.9000
v 10.2788 -4.1195 2.9200
v 10.2888 -4.3595 2.9400
v 10.2888 -4.5995 2.9400
v 10.2888 -4.8295 2.9700
v 10.2888 -5.0595 2.9800
v 10.2888 -5.2995 3.0000
v 10.2888 -5.5095 3.0100
v 10.2988 -5.7295 3.0300
v 10.2988 -5.9295 3.0500
v 10.2988 -6.1995 3.0300
v 9.9888 3.2905 4.1400
v 9.9888 3.0205 4.0200
v 9.9988 2.7805 3.9400
v 9.9988 2.5205 3.8200
v 9.9988 2.2605 3.7600
v 9.9988 2.0205 3.6600
v 9.9988 1.7905 3.5500
v 10.0088 1.5505 3.5000
v 10.0088 1.3205 3.4600
v 10.0488 -3.1395 2.8600
v 10.0488 -3.3695 2.8800
v 10.0488 -3.5995 2.8900
v 10.0488 -3.8395 2.9200
v 10.0488 -4.0495 2.9400
v 10.0488 -4.2595 2.9500
v 10.0588 -4.4895 2.9600
v 10.0588 -4.7295 2.9800
v 10.0588 -4.9695 2.9900
v 10.0588 -5.1895 2.9900
v 10.0588 -5.4195 3.0200
v 10.0688 -5.6295 3.0400
v 10.0688 -5.8795 3.0400
v 10.0688 -6.0895 3.0900
v 10.0688 -6.2995 3.1400
v 9.7788 3.3505 4.2300
v 9.7788 3.1005 4.1400
v 9.7788 2.8505 4.0400
v 9.7788 2.6205 3.9400
v 9.7888 2.3805 3.8500
v 9.7888 2.1405 3.7800
v 9.7888 1.9005 3.6900
v 9.7888 1.6505 3.5900
v 9.7888 1.3905 3.5000
v 9.7988 1.1505 3.4100
v 9.8288 -2.8795 2.8400
v 9.8288 -3.1095 2.8500
v 9.8288 -3.3395 2.8900
v 9.8388 -3.5595 2.9100
v 9.8388 -3.7895 2.9400
v 9.8388 -4.0295 2.9400
v 9.8388 -4.2395 2.9600
v 9.8388 -4.4595 2.9700
v 9.8488 -4.6995 3.0100
v 9.8488 -4.9095 3.0000
v 9.8488 -5.1595 3.0000
v 9.8488 -5.3795 3.0300
v 9.8488 -5.6095 3.0500
v 9.8488 -5.8395 3.0800
v 9.8588 -6.0895 3.0900
v 9.8588 -6.3195 3.1100
v 9.8588 -6.5295 3.1500
v 9.5088 3.2005 4.2500
v 9.5088 2.9405 4.1700
v 9.5088 2.7005 4.0700
v 9.5088 2.4605 3.9700
v 9.5188 2.2405 3.9000
v 9.5188 1.9805 3.7900
v 9.5188 1.7405 3.7000
v 9.5188 1.4705 3.6300
v 9.5188 1.2405 3.5200
v 9.5188 1.0405 3.4700
v 9.5588 -2.6095 2.8400
v 9.5588 -2.8095 2.8600
v 9.5588 -3.0095 2.9000
v 9.5588 -3.2795 2.9200
v 9.5588 -3.4895 2.9300
v 9.5588 -3.7195 2.9500
v 9.5688 -3.9495 2.9600
v 9.5688 -4.1795 2.9800
v 9.5688 -4.4195 2.9900
v 9.5688 -4.6595 3.0000
v 9.5688 -4.8895 3.0200
v 9.5788 -5.1095 3.0600
v 9.5788 -5.3495 3.0500
v 9.5788 -5.5795 3.0700
v 9.5788 -5.7995 3.1000
v 9.5788 -6.0195 3.1100
v 9.5888 -6.2695 3.1200
v 9.5888 -6.4995 3.1400
v 9.5888 -6.6995 3.1600
v 9.1488 3.2805 4.3900
v 9.1488 3.0605 4.3100
v 9.1488 2.7905 4.2400
v 9.1588 2.5305 4.1100
v 9.1588 2.3005 4.0500
v 9.1588 2.0305 3.9500
v 9.1588 1.7605 3.8400
v 9.1588 1.5205 3.7500
v 9.1588 1.2805 3.6500
v 9.1688 1.0305 3.5900
v 9.1688 0.8105 3.5300
v 9.1688 0.5805 3.5100
v 9.1988 -2.3395 2.8800
v 9.1988 -2.5395 2.9100
v 9.1988 -2.7795 2.9200
v 9.1988 -3.0195 2.9200
v 9.1988 -3.2595 2.9400
v 9.2088 -3.4695 2.9700
v 9.2088 -3.6995 2.9800
v 9.2088 -3.9295 2.9900
v 9.2088 -4.1795 3.0100
v 9.2088 -4.3895 3.0200
v 9.2088 -4.6095 3.0300
v 9.2188 -4.8595 3.0600
v 9.2188 -5.0795 3.0700
v 9.2188 -5.3195 3.0800
v 9.2188 -5.5295 3.1000
v 9.2188 -5.7695 3.1100
v 9.2288 -5.9995 3.1400
v 9.2288 -6.2295 3.1500
v 9.2288 -6.4695 3.1600
v 9.2288 -6.6995 3.1800
v 9.2288 -6.9395 3.2200
v 9.2388 -7.8095 3.3900
v 9.2388 -8.0395 3.5300
v 9.2388 -8.2295 3.5800
v 9.2488 -8.4695 3.4700
v 8.8288 3.3605 4.5300
v 8.8388 3.1005 4.4300
v 8.8388 2.8605 4.3400
v 8.8388 2.6405 4.2700
v 8.8388 2.4005 4.1800
v 8.8388 2.1505 4.0700
v 8.8488 1.8805 4.0000
v 8.8488 1.6305 3.8900
v 8.8488 1.3805 3.8000
v 8.8488 1.1405 3.7200
v 8.8488 0.8805 3.6100
v 8.8588 0.6605 3.5300
v 8.8588 0.4205 3.5000
v 8.8788 -1.7995 2.9200
v 8.8788 -2.0295 2.8900
v 8.8788 -2.2795 2.8900
v 8.8788 -2.4895 2.9200
v 8.8788 -2.7195 2.9400
v 8.8888 -2.9495 2.9500
v 8.8888 -3.1895 2.9700
v 8.8888 -3.4095 2.9700
v 8.8888 -3.6495 2.9800
v 8.8888 -3.8595 3.0000
v 8.8988 -4.1095 3.0200
v 8.8988 -4.3295 3.0300
v 8.8988 -4.5595 3.0700
v 8.8988 -4.7995 3.0700
v 8.8988 -5.0395 3.0900
v 8.9088 -5.2695 3.0900
v 8.9088 -5.5095 3.1200
v 8.9088 -5.7595 3.1300
v 8.9088 -5.9695 3.1500
v 8.9088 -6.1795 3.1600
v 8.9188 -6.4195 3.1800
v 8.9188 -6.6295 3.2000
v 8.9188 -6.8495 3.1900
v 8.9188 -7.0795 3.2300
v 8.9188 -7.2895 3.3000
v 8.9188 -7.4895 3.4100
v 8.9288 -7.7095 3.4900
v 8.9288 -7.8995 3.5600
v 8.9288 -8.1195 3.6700
v 8.9288 -8.3895 3.5800
v 8.9288 -8.6395 3.4700
v 8.9288 -8.8395 3.4000
v 8.6188 3.3805 4.6000
v 8.6188 3.1305 4.5000
v 8.6188 2.9105 4.4000
v 8.6288 2.6505 4.3400
v 8.6288 2.4005 4.2500
v 8.6288 2.1805 4.1500
v 8.6288 1.9205 4.0500
v 8.6388 1.6805 3.9700
v 8.6388 1.4205 3.8800
v 8.6388 1.1605 3.8000
v 8.6388 0.9205 3.7200
v 8.6388 0.6805 3.6100
v 8.6488 0.4205 3.5300
v 8.6488 0.1505 3.4200
v 8.6588 -1.5795 2.8300
v 8.6588 -1.7995 2.8700
v 8.6688 -2.0395 2.9200
v 8.6688 -2.2195 2.9200
v 8.6688 -2.4795 2.9300
v 8.6688 -2.7095 2.9500
v 8.6688 -2.9395 2.9700
v 8.6788 -3.1795 2.9800
v 8.6788 -3.4095 3.0000
v 8.6788 -3.6495 3.0200
v 8.6788 -3.8995 3.0300
v 8.6788 -4.1095 3.0400
v 8.6888 -4.3495 3.0600
v 8.6888 -4.5695 3.0700
v 8.6888 -4.7895 3.0900
v 8.6888 -5.0095 3.1000
v 8.6888 -5.2195 3.1000
v 8.6888 -5.4495 3.1200
v 8.6988 -5.6695 3.1500
v 8.6988 -5.8995 3.1600
v 8.6988 -6.1095 3.1700
v 8.6988 -6.3195 3.1800
v 8.6988 -6.5695 3.2100
v 8.7088 -6.8095 3.2100
v 8.7088 -6.9995 3.2300
v 8.7088 -7.2295 3.2900
v 8.7088 -7.4295 3.4800
v 8.7088 -7.6395 3.5700
v 8.7088 -7.8595 3.6000
v 8.7188 -8.0595 3.7500
v 8.7188 -8.2995 3.6900
v 8.7188 -8.5395 3.5700
v 8.7188 -8.7995 3.4700
v 8.7188 -9.0495 3.4200
v 8.4288 3.2405 4.6000
v 8.4288 2.9805 4.5200
v 8.4288 2.7305 4.4400
v 8.4288 2.4805 4.3400
v 8.4388 2.2305 4.2300
v 8.4388 1.9705 4.1400
v 8.4388 1.7205 4.0600
v 8.4388 1.4605 3.9700
v 8.4488 1.2205 3.8900
v 8.4488 0.9905 3.7700
v 8.4488 0.7505 3.7100
v 8.4488 0.4805 3.6200
v 8.4488 0.2505 3.5300
v 8.4488 0.0205 3.4400
v 8.4688 -1.5295 2.8800
v 8.4688 -1.7495 2.9100
v 8.4688 -1.9695 2.9100
v 8.4688 -2.2395 2.9500
v 8.4788 -2.4795 2.9600
v 8.4788 -2.6895 2.9700
v 8.4788 -2.8795 3.0000
v 8.4788 -3.1195 3.0200
v 8.4788 -3.3495 3.0100
v 8.4788 -3.5695 3.0200
v 8.4888 -3.7995 3.0500
v 8.4888 -4.0295 3.0400
v 8.4888 -4.2495 3.0700
v 8.4888 -4.4695 3.0800
v 8.4888 -4.6695 3.0800
v 8.4988 -4.9095 3.1000
v 8.4988 -5.1595 3.1300
v 8.4988 -5.3695 3.1500
v 8.4988 -5.5895 3.1400
v 8.4988 -5.7995 3.1600
v 8.5088 -6.0295 3.1800
v 8.5088 -6.2595 3.2000
v 8.5088 -6.4995 3.2200
v 8.5088 -6.6895 3.2400
v 8.5088 -6.9195 3.2700
v 8.5088 -7.1495 3.3700
v 8.5188 -7.3595 3.5300
v 8.5188 -7.5595 3.6200
v 8.5188 -7.8095 3.6800
v 8.5188 -8.0295 3.7600
v 8.5188 -8.2595 3.7800
v 8.5288 -8.4895 3.6400
v 8.5288 -8.7495 3.5500
v 8.5288 -8.9795 3.5000
v 8.5288 -9.2495 3.3800
v 8.1588 3.3505 4.7400
v 8.1588 3.0905 4.6300
v 8.1688 2.8205 4.5400
v 8.1688 2.5905 4.4500
v 8.1688 2.3705 4.3700
v 8.1688 2.1005 4.2800
v 8.1688 1.8405 4.1800
v 8.1788 1.5905 4.1000
v 8.1788 1.3505 4.0000
v 8.1788 1.1205 3.9400
v 8.1788 0.8505 3.8200
v 8.1788 0.6005 3.7400
v 8.1888 0.3405 3.6600
v 8.1888 0.0905 3.5700
v 8.1888 -0.1595 3.4900
v 8.1988 -0.9795 2.8700
v 8.1988 -1.2195 2.8700
v 8.1988 -1.7495 0.1500
v 8.1988 -1.4395 2.9100
v 8.1988 -1.6595 2.9200
v 8.2088 -1.8595 2.9300
v 8.2088 -2.0895 2.9500
v 8.2088 -2.3295 2.9700
v 8.2088 -2.5495 2.9800
v 8.2088 -2.7595 3.0000
v 8.2088 -2.9795 3.0100
v 8.2188 -3.2095 3.0200
v 8.2188 -3.4395 3.0400
v 8.2188 -3.6795 3.0500
v 8.2188 -3.8895 3.0600
v 8.2188 -4.1195 3.0800
v 8.2288 -4.3395 3.0900
v 8.2288 -4.5795 3.1100
v 8.2288 -4.7895 3.1200
v 8.2288 -5.0295 3.1400
v 8.2288 -5.2495 3.1500
v 8.2388 -5.4695 3.1600
v 8.2388 -5.6995 3.1700
v 8.2388 -5.9395 3.1900
v 8.2388 -6.1795 3.2200
v 8.2388 -6.4195 3.2300
v 8.2388 -6.6295 3.2600
v 8.2488 -6.8495 3.3700
v 8.2488 -7.0395 3.5500
v 8.2488 -7.2495 3.6100
v 8.2488 -7.4395 3.6500
v 8.2488 -7.6595 3.7300
v 8.2588 -7.8995 3.8400
v 8.2588 -8.1395 3.9000
v 8.2588 -8.3795 3.7600
v 8.2588 -8.5995 3.7000
v 8.2588 -8.8695 3.6000
v 8.2688 -9.1095 3.5100
v 8.2688 -9.3495 3.4200
v 7.8788 3.3905 4.8500
v 7.8788 3.1305 4.7300
v 7.8788 2.9005 4.6400
v 7.8788 2.6405 4.5600
v 7.8888 2.4005 4.4600
v 7.8888 2.1505 4.4100
v 7.8888 1.8805 4.2800
v 7.8888 1.6205 4.2000
v 7.8888 1.3605 4.1100
v 7.8988 1.1205 4.0000
v 7.8988 0.8605 3.9300
v 7.8988 0.6205 3.8300
v 7.8988 0.3805 3.7400
v 7.8988 0.1505 3.6600
v 7.9088 -0.0895 3.5800
v 7.9088 -0.3295 3.5200
v 7.9088 -0.5895 3.3500
v 7.9088 -0.8995 2.9100
v 7.9088 -1.1195 2.9100
v 7.9188 -1.6595 0.1600
v 7.9188 -1.3395 2.9200
v 7.9188 -1.5595 2.9400
v 7.9188 -1.7995 2.9700
v 7.9188 -2.0395 2.9700
v 7.9188 -2.2595 2.9900
v 7.9288 -2.4695 2.9900
v 7.9288 -2.6895 3.0000
v 7.9288 -2.9295 3.0200
v 7.9288 -3.1495 3.0500
v 7.9288 -3.3795 3.0500
v 7.9388 -3.5995 3.0600
v 7.9388 -3.8195 3.0700
v 7.9388 -4.0595 3.0900
v 7.9388 -4.2995 3.1000
v 7.9388 -4.5295 3.1300
v 7.9388 -4.7695 3.1500
v 7.9488 -4.9895 3.1600
v 7.9488 -5.2295 3.1700
v 7.9488 -5.4295 3.1900
v 7.9488 -5.6695 3.1900
v 7.9488 -5.8795 3.2100
v 7.9588 -6.1095 3.2400
v 7.9588 -6.3495 3.2700
v 7.9588 -6.5695 3.4300
v 7.9588 -6.7595 3.5500
v 7.9588 -6.9695 3.5800
v 7.9688 -7.1995 3.6600
v 7.9688 -7.3995 3.7500
v 7.9688 -7.6195 3.8000
v 7.9688 -7.8395 3.8900
v 7.9688 -8.0395 3.9900
v 7.9688 -8.3095 3.8900
v 7.9788 -8.5595 3.8000
v 7.9788 -8.8095 3.7000
v 7.9788 -9.0695 3.5900
v 7.9788 -9.3295 3.5100
v 7.9788 -9.5795 3.4800
v 7.6188 3.2505 4.8800
v 7.6288 2.9905 4.7900
v 7.6288 2.7405 4.6800
v 7.6288 2.4805 4.5900
v 7.6288 2.2405 4.5000
v 7.6288 2.0005 4.4100
v 7.6388 1.7605 4.2700
v 7.6388 1.5405 4.2600
v 7.6388 1.2905 4.1500
v 7.6388 1.0305 4.0300
v 7.6388 0.8005 3.9600
v 7.6488 0.5705 3.8800
v 7.6488 0.3205 3.8100
v 7.6488 0.0805 3.7400
v 7.6488 -0.1695 3.6400
v 7.6488 -0.4095 3.5400
v 7.6588 -0.7395 3.0900
v 7.6588 -0.9895 2.9200
v 7.6588 -1.1995 2.9400
v 7.6588 -1.4295 2.9400
v 7.6588 -1.6595 2.9700
v 7.6688 -1.8995 2.9900
v 7.6688 -2.1195 2.9800
v 7.6688 -2.3295 3.0000
v 7.6688 -2.5695 3.0100
v 7.6688 -2.8095 3.0400
v 7.6788 -3.0495 3.0400
v 7.6788 -3.2895 3.0600
v 7.6788 -3.4995 3.0900
v 7.6788 -3.7395 3.1100
v 7.6788 -3.9595 3.1100
v 7.6888 -4.1595 3.1100
v 7.6888 -4.3995 3.1300
v 7.6888 -4.6295 3.1500
v 7.6888 -4.8595 3.1700
v 7.6888 -5.0995 3.2000
v 7.6888 -5.3195 3.1900
v 7.6988 -5.5395 3.2100
v 7.6988 -5.7795 3.2400
v 7.6988 -5.9995 3.2500
v 7.6988 -6.1995 3.3400
v 7.6988 -6.4095 3.5200
v 7.7088 -6.6195 3.6000
v 7.7088 -6.8495 3.6700
v 7.7088 -7.0595 3.7300
v 7.7088 -7.2595 3.8200
v 7.7088 -7.5095 3.8900
v 7.7088 -7.7295 3.9600
v 7.7188 -7.9595 4.0400
v 7.7188 -8.1695 4.0500
v 7.7188 -8.4395 3.9200
v 7.7188 -8.6995 3.8500
v 7.7288 -8.9495 3.7200
v 7.7288 -9.1695 3.6600
v 7.7288 -9.4495 3.5300
v 7.7288 -9.6995 3.4800
v 7.7288 -9.9195 3.4800
v 7.3688 3.2705 4.9500
v 7.3688 3.0305 4.8700
v 7.3688 2.7605 4.7700
v 7.3788 2.5305 4.6900
v 7.3788 2.2905 4.5800
v 7.3788 2.0805 4.4700
v 7.3788 1.8005 4.4200
v 7.3788 1.5405 4.3100
v 7.3888 1.3105 4.2600
v 7.3888 1.0805 4.1300
v 7.3888 0.8405 4.0700
v 7.3888 0.5705 3.9600
v 7.3888 0.3405 3.8700
v 7.3988 0.0805 3.8100
v 7.3988 -0.1495 3.7400
v 7.3988 -0.3895 3.6600
v 7.3988 -0.6495 3.5400
v 7.4088 -0.9895 2.9800
v 7.4088 -1.2495 2.9600
v 7.4088 -1.4895 2.9800
v 7.4088 -1.7095 2.9800
v 7.4088 -1.9395 3.0000
v 7.4088 -2.1495 3.0200
v 7.4188 -2.3695 3.0400
v 7.4188 -2.5995 3.0500
v 7.4188 -2.8195 3.0600
v 7.4188 -3.0395 3.0700
v 7.4288 -3.3095 3.0900
v 7.4288 -3.5395 3.1000
v 7.4288 -3.7395 3.1100
v 7.4288 -3.9795 3.1300
v 7.4288 -4.1895 3.1400
v 7.4288 -4.4195 3.1600
v 7.4388 -4.6495 3.1800
v 7.4388 -4.8695 3.1900
v 7.4388 -5.1095 3.2100
v 7.4388 -5.3595 3.2200
v 7.4388 -5.5695 3.2200
v 7.4488 -5.7995 3.2700
v 7.4488 -6.0095 3.4400
v 7.4488 -6.2295 3.5500
v 7.4488 -6.4395 3.6300
v 7.4488 -6.6595 3.7000
v 7.4488 -6.8795 3.7700
v 7.4588 -7.0995 3.8600
v 7.4588 -7.3095 3.9200
v 7.4588 -7.5295 3.9800
v 7.4588 -7.7595 4.0500
v 7.4588 -7.9695 4.1800
v 7.4688 -8.2195 4.1300
v 7.4688 -8.4495 4.0200
v 7.4688 -8.6995 3.8900
v 7.4688 -8.9495 3.8200
v 7.4688 -9.2195 3.7100
v 7.4788 -9.4695 3.6200
v 7.4788 -9.7195 3.5400
v 7.4788 -9.9795 3.4800
v 7.0988 3.3405 5.0700
v 7.0988 3.1105 4.9700
v 7.0988 2.8505 4.8900
v 7.0988 2.6005 4.8000
v 7.1088 2.3705 4.7100
v 7.1088 2.1305 4.6000
v 7.1088 1.8805 4.5300
v 7.1088 1.6205 4.4600
v 7.1088 1.3805 4.3600
v 7.1188 1.1705 4.2800
v 7.1188 0.8905 4.1500
v 7.1188 0.6305 4.0900
v 7.1188 0.3705 3.9600
v 7.1288 0.1305 3.8800
v 7.1288 -0.1295 3.8000
v 7.1288 -0.3795 3.7400
v 7.1288 -0.6195 3.6500
v 7.1288 -0.8395 3.5600
v 7.1388 -1.1695 3.0300
v 7.1388 -1.4295 3.0000
v 7.1388 -1.6695 3.0000
v 7.1388 -1.8795 3.0100
v 7.1388 -2.1095 3.0300
v 7.1488 -2.3395 3.0500
v 7.1488 -2.5795 3.0700
v 7.1488 -2.7795 3.0600
v 7.1488 -3.0095 3.0900
v 7.1488 -3.2495 3.1000
v 7.1488 -3.4695 3.1000
v 7.1588 -3.6895 3.1400
v 7.1588 -3.9395 3.1500
v 7.1588 -4.1495 3.1700
v 7.1588 -4.3995 3.1900
v 7.1588 -4.6295 3.1900
v 7.1688 -4.8595 3.2200
v 7.1688 -5.0895 3.2300
v 7.1688 -5.3295 3.2400
v 7.1688 -5.5595 3.3000
v 7.1688 -5.7395 3.4600
v 7.1788 -5.9495 3.5600
v 7.1788 -6.1595 3.6700
v 7.1788 -6.4095 3.7000
v 7.1788 -6.5995 3.7900
v 7.1788 -6.8195 3.8500
v 7.1888 -7.0395 3.9300
v 7.1888 -7.2595 4.0000
v 7.1888 -7.4595 4.0600
v 7.1888 -7.6795 4.1200
v 7.1888 -7.9295 4.2200
v 7.1888 -8.1695 4.2300
v 7.1988 -8.4195 4.1100
v 7.1988 -8.6695 3.9900
v 7.1988 -8.9595 3.9000
v 7.1988 -9.1895 3.8200
v 7.1988 -9.4295 3.7300
v 7.2088 -9.6595 3.6200
v 7.2088 -9.8995 3.5700
v 7.2088 -10.1395 3.5000
v 7.2088 -10.3795 3.4800
v 6.8588 3.2305 5.1200
v 6.8588 3.0205 5.0200
v 6.8688 2.7405 4.9200
v 6.8688 2.4705 4.8100
v 6.8688 2.2205 4.7200
v 6.8688 1.9505 4.6200
v 6.8688 1.7205 4.5400
v 6.8788 1.4705 4.4600
v 6.8788 1.2205 4.3800
v 6.8788 0.9805 4.2800
v 6.8788 0.7505 4.2000
v 6.8788 0.5005 4.1100
v 6.8888 0.2305 4.0000
v 6.8888 -0.0195 3.9300
v 6.8888 -0.2595 3.8500
v 6.8888 -0.4895 3.7500
v 6.8888 -0.7495 3.6800
v 6.8988 -0.9895 3.5900
v 6.8988 -1.2495 3.3500
v 6.8988 -1.5495 3.0400
v 6.8988 -1.7695 3.0400
v 6.9088 -2.0195 3.0400
v 6.9088 -2.2595 3.0600
v 6.9088 -2.4595 3.0700
v 6.9088 -2.7095 3.0900
v 6.9088 -2.9495 3.1000
v 6.9088 -3.1795 3.1100
v 6.9188 -3.3995 3.1300
v 6.9188 -3.6395 3.1600
v 6.9188 -3.8795 3.1600
v 6.9188 -4.0995 3.1800
v 6.9188 -4.3095 3.1900
v 6.9288 -4.5495 3.2200
v 6.9288 -4.7995 3.2100
v 6.9288 -4.9895 3.2300
v 6.9288 -5.2395 3.3000
v 6.9288 -5.4195 3.4600
v 6.9388 -5.6495 3.5500
v 6.9388 -5.8595 3.6100
v 6.9388 -6.0895 3.6900
v 6.9388 -6.3095 3.7800
v 6.9388 -6.5395 3.8400
v 6.9488 -6.7795 3.9100
v 6.9488 -6.9895 3.9800
v 6.9488 -7.2095 4.0800
v 6.9488 -7.4195 4.1300
v 6.9488 -7.6295 4.1900
v 6.9488 -7.8395 4.2800
v 6.9588 -8.0395 4.3300
v 6.9588 -8.2895 4.2200
v 6.9588 -8.5595 4.1000
v 6.9588 -8.7995 4.0400
v 6.9588 -9.0095 3.9600
v 6.9688 -9.2695 3.8500
v 6.9688 -9.5095 3.7700
v 6.9688 -9.7595 3.7400
v 6.9688 -10.0295 3.5800
v 6.9688 -10.2595 3.4800
v 6.9788 -10.4995 3.4400
v 6.6488 3.3705 5.2200
v 6.6488 3.1205 5.1200
v 6.6488 2.8905 5.0400
v 6.6588 2.6505 4.9400
v 6.6588 2.4105 4.8700
v 6.6588 2.1405 4.7600
v 6.6588 1.8905 4.6800
v 6.6588 1.6405 4.5800
v 6.6688 1.3905 4.4900
v 6.6688 1.1605 4.4200
v 6.6688 0.9005 4.3100
v 6.6688 0.6805 4.2100
v 6.6688 0.4305 4.1400
v 6.6788 0.1705 4.0500
v 6.6788 -0.0695 3.9700
v 6.6788 -0.3095 3.9000
v 6.6788 -0.5795 3.7800
v 6.6788 -0.8195 3.7200
v 6.6888 -1.0695 3.6200
v 6.6888 -1.3195 3.4900
v 6.6888 -1.6695 3.0300
v 6.6888 -1.8995 3.0400
v 6.6988 -2.1295 3.0700
v 6.6988 -2.3595 3.0800
v 6.6988 -2.5795 3.1000
v 6.6988 -2.7995 3.1100
v 6.6988 -3.0395 3.1300
v 6.7088 -3.2495 3.1400
v 6.7088 -3.4895 3.1500
v 6.7088 -3.7395 3.1700
v 6.7088 -3.9395 3.1600
v 6.7088 -4.1795 3.2000
v 6.7088 -4.3995 3.2000
v 6.7188 -4.6395 3.2300
v 6.7188 -4.8795 3.2500
v 6.7188 -5.0995 3.3300
v 6.7188 -5.3095 3.5200
v 6.7188 -5.5195 3.6100
v 6.7288 -5.7595 3.6800
v 6.7288 -5.9495 3.7400
v 6.7288 -6.1795 3.7900
v 6.7288 -6.3895 3.8600
v 6.7288 -6.5995 3.9400
v 6.7388 -6.8095 4.0100
v 6.7388 -7.0295 4.0800
v 6.7388 -7.2295 4.1300
v 6.7388 -7.4495 4.2000
v 6.7388 -7.6495 4.2700
v 6.7388 -7.8595 4.3500
v 6.7488 -8.0895 4.4000
v 6.7488 -8.3595 4.2600
v 6.7488 -8.5995 4.1600
v 6.7488 -8.8395 4.0800
v 6.7488 -9.0695 4.0000
v 6.7588 -9.3295 3.9000
v 6.7588 -9.5595 3.8300
v 6.7588 -9.8295 3.7400
v 6.7588 -10.0595 3.6000
v 6.7588 -10.3095 3.5200
v 6.7688 -10.5695 3.4700
v 6.3888 3.2005 5.2400
v 6.3888 2.9605 5.1800
v 6.3888 2.7105 5.0400
v 6.3988 2.4605 4.9500
v 6.3988 2.2405 4.9100
v 6.3988 1.9905 4.7800
v 6.3988 1.7305 4.7200
v 6.3988 1.4905 4.6100
v 6.4088 1.2505 4.5200
v 6.4088 1.0005 4.4200
v 6.4088 0.7305 4.3400
v 6.4088 0.4805 4.2700
v 6.4188 0.2405 4.1400
v 6.4188 -0.0295 4.0800
v 6.4188 -0.2795 3.9800
v 6.4188 -0.5295 3.9100
v 6.4188 -0.7795 3.8000
v 6.4288 -1.0195 3.7200
v 6.4288 -1.2595 3.6400
v 6.4288 -1.5295 3.5100
v 6.4288 -1.8395 3.1200
v 6.4288 -2.0595 3.0900
v 6.4388 -2.3095 3.1000
v 6.4388 -2.5295 3.1300
v 6.4388 -2.7695 3.1300
v 6.4388 -2.9795 3.1400
v 6.4388 -3.2095 3.1700
v 6.4488 -3.4595 3.1700
v 6.4488 -3.6895 3.1800
v 6.4488 -3.9195 3.2100
v 6.4488 -4.1495 3.2100
v 6.4488 -4.4095 3.2300
v 6.4588 -4.6295 3.2600
v 6.4588 -4.7995 3.3800
v 6.4588 -5.0195 3.5400
v 6.4588 -5.2295 3.6100
v 6.4588 -5.4295 3.6900
v 6.4588 -5.6395 3.7400
v 6.4688 -5.8395 3.8100
v 6.4688 -6.0795 3.8800
v 6.4688 -6.2895 3.9300
v 6.4688 -6.4895 4.0100
v 6.4688 -6.6995 4.0800
v 6.4788 -6.9395 4.1500
v 6.4788 -7.1495 4.2300
v 6.4788 -7.3495 4.2900
v 6.4788 -7.5495 4.3200
v 6.4788 -7.7895 4.4100
v 6.4788 -7.9995 4.5100
v 6.4888 -8.2595 4.3700
v 6.4888 -8.4995 4.2800
v 6.4888 -8.7195 4.1900
v 6.4888 -8.9895 4.1300
v 6.4888 -9.2595 4.0100
v 6.4988 -9.5095 3.9100
v 6.4988 -9.7695 3.8400
v 6.4988 -10.0095 3.7400
v 6.4988 -10.2695 3.6700
v 6.5088 -10.5195 3.5500
v 6.5088 -10.7395 3.5000
v 6.5088 -10.9795 3.4300
v 6.0588 3.2605 5.3700
v 6.0588 3.0105 5.2700
v 6.0588 2.7505 5.1700
v 6.0588 2.5005 5.0900
v 6.0688 2.2405 4.9600
v 6.0688 2.0005 4.9100
v 6.0688 1.7305 4.7900
v 6.0688 1.5005 4.7400
v 6.0688 1.2405 4.6300
v 6.0788 1.0105 4.5400
v 6.0788 0.7605 4.4700
v 6.0788 0.5005 4.3700
v 6.0788 0.2505 4.2800
v 6.0888 0.0005 4.2000
v 6.0888 -0.2595 4.1200
v 6.0888 -0.4895 4.0100
v 6.0888 -0.7395 3.9300
v 6.0888 -0.9595 3.8500
v 6.0988 -1.2495 3.7100
v 6.0988 -1.4995 3.6700
v 6.0988 -1.7495 3.5800
v 6.0988 -2.0695 3.1800
v 6.0988 -2.3295 3.1300
v 6.1088 -2.5695 3.1500
v 6.1088 -2.7795 3.1500
v 6.1088 -2.9895 3.1700
v 6.1088 -3.2195 3.1900
v 6.1088 -3.4295 3.2200
v 6.1188 -3.6595 3.2100
v 6.1188 -3.8895 3.2300
v 6.1188 -4.0895 3.2400
v 6.1188 -4.3295 3.2900
v 6.1188 -4.5195 3.4200
v 6.1188 -4.6995 3.5700
v 6.1288 -4.9295 3.6400
v 6.1288 -5.1695 3.6900
v 6.1288 -5.3695 3.7800
v 6.1288 -5.5695 3.8300
v 6.1288 -5.7795 3.8800
v 6.1388 -6.0195 3.9800
v 6.1388 -6.2295 4.0300
v 6.1388 -6.4395 4.1000
v 6.1388 -6.6395 4.1600
v 6.1388 -6.8595 4.2300
v 6.1388 -7.0995 4.2900
v 6.1488 -7.3095 4.3800
v 6.1488 -7.5195 4.4300
v 6.1488 -7.7595 4.5400
v 6.1488 -7.9795 4.6000
v 6.1488 -8.2395 4.5000
v 6.1588 -8.4695 4.4100
v 6.1588 -8.7195 4.3000
v 6.1588 -8.9495 4.2400
v 6.1588 -9.2195 4.1200
v 6.1588 -9.4695 4.0600
v 6.1688 -9.7295 3.9300
v 6.1688 -9.9695 3.8500
v 6.1688 -10.2195 3.8000
v 6.1688 -10.4695 3.6900
v 6.1688 -10.7095 3.5900
v 6.1788 -10.9595 3.5100
v 6.1788 -11.2095 3.4600
v 5.7788 3.3305 5.4900
v 5.7788 3.0805 5.3800
v 5.7788 2.8205 5.3100
v 5.7788 2.5905 5.2200
v 5.7788 2.3405 5.1300
v 5.7888 2.0905 5.0300
v 5.7888 1.8305 4.9300
v 5.7888 1.6005 4.8600
v 5.7888 1.3305 4.7300
v 5.7888 1.1005 4.6600
v 5.7988 0.8405 4.5800
v 5.7988 0.6005 4.4900
v 5.7988 0.3305 4.4000
v 5.7988 0.0805 4.3200
v 5.7988 -0.1795 4.2200
v 5.8088 -0.4295 4.1400
v 5.8088 -0.6995 4.0200
v 5.8088 -0.9595 3.9400
v 5.8088 -1.1995 3.8400
v 5.8088 -1.4095 3.7700
v 5.8188 -1.6595 3.7000
v 5.8188 -1.9095 3.5700
v 5.8188 -2.1595 3.4400
v 5.8188 -2.4295 3.1600
v 5.8288 -2.6595 3.1600
v 5.8288 -2.8895 3.1800
v 5.8288 -3.0995 3.2000
v 5.8288 -3.3095 3.2000
v 5.8288 -3.5495 3.2200
v 5.8288 -3.7995 3.2300
v 5.8388 -4.0095 3.2700
v 5.8388 -4.1795 3.4000
v 5.8388 -4.3895 3.5600
v 5.8388 -4.6195 3.6300
v 5.8388 -4.8295 3.7100
v 5.8488 -5.0495 3.7700
v 5.8488 -5.2595 3.8300
v 5.8488 -5.4695 3.8800
v 5.8488 -5.6895 3.9600
v 5.8488 -5.9195 4.0400
v 5.8488 -6.1495 4.1100
v 5.8588 -6.3795 4.1600
v 5.8588 -6.5895 4.2500
v 5.8588 -6.8095 4.3400
v 5.8588 -7.0295 4.3800
v 5.8588 -7.2195 4.4500
v 5.8688 -7.4395 4.5300
v 5.8688 -7.6595 4.6100
v 5.8688 -7.8795 4.7100
v 5.8688 -8.1395 4.6100
v 5.8688 -8.3895 4.5200
v 5.8788 -8.6295 4.4200
v 5.8788 -8.8895 4.3200
v 5.8788 -9.1095 4.2500
v 5.8788 -9.3695 4.1500
v 5.8788 -9.6195 4.0700
v 5.8888 -9.8595 4.0000
v 5.8888 -10.1095 3.8800
v 5.8888 -10.3795 3.7900
v 5.8888 -10.6195 3.7100
v 5.8888 -10.8795 3.6300
v 5.8988 -11.1295 3.5300
v 5.8988 -11.3995 3.4200
v 5.5888 3.2905 5.5400
v 5.5888 3.0305 5.4500
v 5.5888 2.8105 5.3700
v 5.5888 2.5405 5.2400
v 5.5988 2.3005 5.1800
v 5.5988 2.0305 5.0700
v 5.5988 1.7905 4.9800
v 5.5988 1.5305 4.8900
v 5.5988 1.2705 4.7800
v 5.6088 1.0305 4.7200
v 5.6088 0.7605 4.6100
v 5.6088 0.5305 4.5400
v 5.6088 0.2805 4.4500
v 5.6088 0.0305 4.3400
v 5.6188 -0.1895 4.2800
v 5.6188 -0.4295 4.1800
v 5.6188 -0.6895 4.1100
v 5.6188 -0.9195 4.0300
v 5.6188 -1.1495 3.9300
v 5.6288 -1.3895 3.8300
v 5.6288 -1.6295 3.7500
v 5.6288 -1.8795 3.7000
v 5.6288 -2.1595 3.5600
v 5.6288 -2.4095 3.3700
v 5.6388 -2.6595 3.1700
v 5.6388 -2.8895 3.1900
v 5.6388 -3.1295 3.2000
v 5.6388 -3.3295 3.2300
v 5.6388 -3.5695 3.2400
v 5.6488 -3.7995 3.2800
v 5.6488 -3.9795 3.4800
v 5.6488 -4.1795 3.5700
v 5.6488 -4.4095 3.6500
v 5.6488 -4.6495 3.7100
v 5.6588 -4.8595 3.7900
v 5.6588 -5.0795 3.8500
v 5.6588 -5.3095 3.9100
v 5.6588 -5.5095 3.9900
v 5.6588 -5.7295 4.0500
v 5.6588 -5.9195 4.1200
v 5.6688 -6.1495 4.2100
v 5.6688 -6.3795 4.2700
v 5.6688 -6.6095 4.3400
v 5.6688 -6.8195 4.3900
v 5.6688 -7.0295 4.4500
v 5.6788 -7.2495 4.5200
v 5.6788 -7.4595 4.6100
v 5.6788 -7.6795 4.6700
v 5.6788 -7.8895 4.7800
v 5.6788 -8.1195 4.7000
v 5.6788 -8.3995 4.5700
v 5.6888 -8.6495 4.5200
v 5.6888 -8.8895 4.4000
v 5.6888 -9.1395 4.2900
v 5.6888 -9.4095 4.1900
v 5.6988 -9.6795 4.1000
v 5.6988 -9.9095 4.0200
v 5.6988 -10.1595 3.9300
v 5.6988 -10.4295 3.8500
v 5.6988 -10.6795 3.7500
v 5.6988 -10.8895 3.6900
v 5.7088 -11.1695 3.5700
v 5.7088 -11.4295 3.4800
v 5.7088 -11.6595 3.4700
v 5.3988 3.1805 5.5600
v 5.3988 2.9205 5.4700
v 5.3988 2.6505 5.3500
v 5.4088 2.4005 5.2600
v 5.4088 2.1705 5.2100
v 5.4088 1.9405 5.1600
v 5.4088 1.7105 5.1200
v 5.4088 1.4405 4.9200
v 5.4188 1.2105 4.7900
v 5.4188 0.9805 4.7500
v 5.4188 0.7105 4.6500
v 5.4188 0.4805 4.5700
v 5.4188 0.2505 4.4900
v 5.4288 0.0305 4.4100
v 5.4288 -0.2495 4.3000
v 5.4288 -0.5095 4.2200
v 5.4288 -0.7495 4.1200
v 5.4288 -0.9695 4.0600
v 5.4388 -1.2095 3.9700
v 5.4388 -1.4895 3.8500
v 5.4388 -1.7095 3.7900
v 5.4388 -1.9595 3.7000
v 5.4488 -2.1995 3.6200
v 5.4488 -2.4595 3.4800
v 5.4488 -2.7495 3.2200
v 5.4488 -2.9795 3.2100
v 5.4488 -3.2195 3.2300
v 5.4588 -3.4695 3.2700
v 5.4588 -3.6695 3.3400
v 5.4588 -3.8595 3.5300
v 5.4588 -4.0795 3.6000
v 5.4588 -4.2695 3.6700
v 5.4588 -4.4995 3.7300
v 5.4688 -4.7195 3.8100
v 5.4688 -4.9395 3.8600
v 5.4688 -5.1595 3.9400
v 5.4688 -5.3895 4.0100
v 5.4688 -5.5895 4.0900
v 5.4688 -5.8095 4.1300
v 5.4788 -6.0195 4.2200
v 5.4788 -6.2395 4.2700
v 5.4788 -6.4595 4.3300
v 5.4788 -6.6595 4.4100
v 5.4788 -6.8995 4.4800
v 5.4888 -7.1295 4.5800
v 5.4888 -7.3295 4.6400
v 5.4888 -7.5595 4.6800
v 5.4888 -7.7695 4.8000
v 5.4888 -8.0195 4.8300
v 5.4988 -8.2695 4.7000
v 5.4988 -8.5195 4.6000
v 5.4988 -8.7795 4.4900
v 5.4988 -9.0195 4.4300
v 5.4988 -9.2695 4.3200
v 5.5088 -9.5195 4.2200
v 5.5088 -9.7695 4.1300
v 5.5088 -10.0295 4.0200
v 5.5088 -10.2895 3.9700
v 5.5088 -10.5195 3.8600
v 5.5188 -10.7795 3.7700
v 5.5188 -11.0095 3.6700
v 5.5188 -11.2895 3.6000
v 5.5188 -11.5395 3.5200
v 5.5288 -11.7995 3.4400
v 5.1388 3.4005 5.7200
v 5.1388 3.1705 5.6200
v 5.1388 2.9505 5.5300
v 5.1488 2.6605 5.4300
v 5.1488 2.4305 5.3400
v 5.1488 2.2105 5.2700
v 5.1488 2.0005 5.2700
v 5.1488 1.7305 5.1800
v 5.1588 1.4605 5.0100
v 5.1588 1.2105 4.9100
v 5.1588 1.0005 4.8400
v 5.1588 0.7405 4.7500
v 5.1588 0.5005 4.6800
v 5.1688 0.2405 4.5500
v 5.1688 0.0205 4.4800
v 5.1688 -0.2595 4.3700
v 5.1688 -0.4995 4.3200
v 5.1688 -0.7295 4.2000
v 5.1788 -0.9795 4.1200
v 5.1788 -1.2495 4.0300
v 5.1788 -1.4995 3.9700
v 5.1788 -1.7595 3.8500
v 5.1788 -1.9895 3.7800
v 5.1888 -2.2695 3.6400
v 5.1888 -2.4995 3.5900
v 5.1888 -2.7695 3.4000
v 5.1888 -2.9995 3.2500
v 5.1888 -3.2295 3.2700
v 5.1988 -3.4495 3.4200
v 5.1988 -3.6695 3.5500
v 5.1988 -3.8695 3.6400
v 5.1988 -4.0595 3.7100
v 5.1988 -4.3095 3.7700
v 5.2088 -4.5195 3.8400
v 5.2088 -4.7195 3.9100
v 5.2088 -4.9495 3.9600
v 5.2088 -5.1595 4.0300
v 5.2088 -5.3895 4.1100
v 5.2088 -5.6095 4.1800
v 5.2188 -5.8195 4.2300
v 5.2188 -6.0295 4.3100
v 5.2188 -6.2795 4.3900
v 5.2188 -6.4995 4.4500
v 5.2188 -6.6995 4.5000
v 5.2288 -6.9295 4.5900
v 5.2288 -7.1595 4.6700
v 5.2288 -7.3795 4.7000
v 5.2288 -7.5595 4.8000
v 5.2288 -7.7895 4.9000
v 5.2388 -8.0495 4.8700
v 5.2388 -8.2895 4.7500
v 5.2388 -8.5395 4.6500
v 5.2388 -8.7795 4.5800
v 5.2388 -9.0495 4.4900
v 5.2488 -9.2795 4.4100
v 5.2488 -9.5295 4.3100
v 5.2488 -9.7895 4.2100
v 5.2488 -10.0595 4.1200
v 5.2488 -10.3295 4.0300
v 5.2588 -10.5795 3.9300
v 5.2588 -10.8295 3.8400
v 5.2588 -11.0695 3.7600
v 5.2588 -11.3195 3.6600
v 5.2588 -11.5595 3.5700
v 5.2688 -11.7895 3.5200
v 5.2688 -12.0195 3.4500
v 4.8688 3.3205 5.7700
v 4.8788 3.0605 5.6900
v 4.8788 2.8605 5.5900
v 4.8788 2.6005 5.5000
v 4.8788 2.3605 5.4200
v 4.8788 2.1005 5.3500
v 4.8888 1.8905 5.2600
v 4.8888 1.6105 5.1300
v 4.8888 1.3805 5.0800
v 4.8888 1.1405 4.9800
v 4.8888 0.8805 4.8800
v 4.8988 0.6205 4.7600
v 4.8988 0.3605 4.7000
v 4.8988 0.1005 4.5900
v 4.8988 -0.1195 4.5000
v 4.9088 -0.3895 4.4200
v 4.9088 -0.6295 4.3200
v 4.9088 -0.8695 4.2500
v 4.9088 -1.0995 4.1500
v 4.9088 -1.3595 4.0800
v 4.9088 -1.6095 3.9700
v 4.9188 -1.8695 3.9200
v 4.9188 -2.0995 3.8300
v 4.9188 -2.3495 3.7100
v 4.9188 -2.6095 3.6300
v 4.9288 -2.8495 3.5200
v 4.9288 -3.0895 3.4200
v 4.9288 -3.3095 3.5100
v 4.9288 -3.4995 3.6300
v 4.9288 -3.7395 3.7000
v 4.9288 -3.9695 3.7600
v 4.9388 -4.1795 3.8200
v 4.9388 -4.4095 3.8800
v 4.9388 -4.6395 3.9700
v 4.9388 -4.8695 4.0400
v 4.9388 -5.0695 4.0900
v 4.9488 -5.2795 4.1600
v 4.9488 -5.5195 4.2400
v 4.9488 -5.7295 4.2800
v 4.9488 -5.9395 4.3700
v 4.9488 -6.1595 4.4500
v 4.9588 -6.3895 4.5200
v 4.9588 -6.5995 4.5600
v 4.9588 -6.8195 4.6600
v 4.9588 -7.0395 4.7000
v 4.9588 -7.2595 4.7700
v 4.9588 -7.4695 4.8600
v 4.9688 -7.6895 4.9500
v 4.9688 -7.9095 5.0100
v 4.9688 -8.1695 4.8800
v 4.9688 -8.4495 4.7700
v 4.9688 -8.7095 4.6800
v 4.9788 -8.9595 4.5900
v 4.9788 -9.1995 4.5000
v 4.9788 -9.4395 4.4200
v 4.9788 -9.6795 4.3300
v 4.9788 -9.9195 4.2700
v 4.9888 -10.1495 4.1800
v 4.9888 -10.4195 4.0700
v 4.9888 -10.6495 3.9900
v 4.9888 -10.8995 3.8900
v 4.9988 -11.1295 3.8100
v 4.9988 -11.3695 3.7200
v 4.9988 -11.6395 3.6500
v 4.9988 -11.8995 3.5400
v 4.9988 -12.1295 3.4800
v 4.9988 -12.3595 3.4000
v 4.6388 3.3705 5.8800
v 4.6488 3.1305 5.7800
v 4.6488 2.9005 5.7200
v 4.6488 2.6405 5.5800
v 4.6488 2.3605 5.4600
v 4.6488 2.1105 5.3900
v 4.6588 1.8605 5.3200
v 4.6588 1.6405 5.2200
v 4.6588 1.3705 5.1600
v 4.6588 1.1405 5.0600
v 4.6588 0.8905 4.9600
v 4.6688 0.6705 4.8500
v 4.6688 0.4005 4.7800
v 4.6688 0.1405 4.6900
v 4.6688 -0.1095 4.6100
v 4.6688 -0.3495 4.5000
v 4.6788 -0.5795 4.4500
v 4.6788 -0.8495 4.3300
v 4.6788 -1.0795 4.2500
v 4.6788 -1.3095 4.1800
v 4.6788 -1.5795 4.0600
v 4.6888 -1.8195 4.0000
v 4.6888 -2.0695 3.9000
v 4.6888 -2.3395 3.7900
v 4.6888 -2.5595 3.7300
v 4.6988 -2.8295 3.6300
v 4.6988 -3.0795 3.5600
v 4.6988 -3.2995 3.6700
v 4.6988 -3.5195 3.7000
v 4.6988 -3.7295 3.8000
v 4.7088 -3.9795 3.8300
v 4.7088 -4.1795 3.9000
v 4.7088 -4.3795 3.9700
v 4.7088 -4.6195 4.0100
v 4.7088 -4.8495 4.1000
v 4.7088 -5.0495 4.1700
v 4.7188 -5.2795 4.2400
v 4.7188 -5.4795 4.3200
v 4.7188 -5.7095 4.3900
v 4.7188 -5.9295 4.4300
v 4.7188 -6.1295 4.5100
v 4.7188 -6.3795 4.5800
v 4.7288 -6.6095 4.6500
v 4.7288 -6.8295 4.7200
v 4.7288 -7.0395 4.8100
v 4.7288 -7.2695 4.8700
v 4.7288 -7.4895 4.9500
v 4.7388 -7.7095 5.0200
v 4.7388 -7.8795 5.1000
v 4.7388 -8.1395 5.0000
v 4.7388 -8.3795 4.9000
v 4.7388 -8.6495 4.7700
v 4.7488 -8.8895 4.7000
v 4.7488 -9.1095 4.6000
v 4.7488 -9.3595 4.5300
v 4.7488 -9.6095 4.4700
v 4.7488 -9.8495 4.3700
v 4.7588 -10.1095 4.2500
v 4.7588 -10.3595 4.1500
v 4.7588 -10.6095 4.0700
v 4.7588 -10.8395 4.0000
v 4.7588 -11.0995 3.9100
v 4.7688 -11.3295 3.8100
v 4.7688 -11.5995 3.7300
v 4.7688 -11.8195 3.6600
v 4.7688 -12.0695 3.5400
v 4.7688 -12.3295 3.5000
v 4.4188 3.3605 5.9400
v 4.4188 3.1205 5.8600
v 4.4188 2.8805 5.7300
v 4.4188 2.6305 5.6700
v 4.4288 2.3805 5.5300
v 4.4288 2.1405 5.4900
v 4.4288 1.9005 5.3900
v 4.4288 1.6205 5.3300
v 4.4388 1.3805 5.2200
v 4.4388 1.1705 5.1300
v 4.4388 0.9005 5.0300
v 4.4388 0.6505 4.9600
v 4.4388 0.4205 4.8800
v 4.4388 0.1805 4.7900
v 4.4488 -0.0695 4.7100
v 4.4488 -0.3495 4.5900
v 4.4488 -0.5895 4.5200
v 4.4488 -0.8295 4.4000
v 4.4588 -1.0895 4.3100
v 4.4588 -1.3495 4.2300
v 4.4588 -1.5995 4.1600
v 4.4588 -1.8395 4.0500
v 4.4588 -2.0995 3.9600
v 4.4688 -2.3495 3.8500
v 4.4688 -2.5995 3.7900
v 4.4688 -2.8295 3.6900
v 4.4688 -3.0695 3.6700
v 4.4688 -3.3095 3.7100
v 4.4788 -3.5195 3.7900
v 4.4788 -3.7495 3.8600
v 4.4788 -3.9595 3.9100
v 4.4788 -4.1895 3.9800
v 4.4788 -4.3995 4.0600
v 4.4888 -4.6195 4.1300
v 4.4888 -4.8295 4.1900
v 4.4888 -5.0795 4.2700
v 4.4888 -5.3095 4.3300
v 4.4888 -5.5295 4.4200
v 4.4888 -5.7595 4.4700
v 4.4988 -5.9595 4.5300
v 4.4988 -6.1695 4.6300
v 4.4988 -6.3795 4.6800
v 4.4988 -6.5895 4.7300
v 4.4988 -6.7895 4.7900
v 4.5088 -7.0195 4.8800
v 4.5088 -7.2395 4.9200
v 4.5088 -7.4295 5.0200
v 4.5088 -7.6295 5.0800
v 4.5088 -7.8195 5.1700
v 4.5088 -8.1195 5.0800
v 4.5188 -8.3795 4.9400
v 4.5188 -8.5995 4.8700
v 4.5188 -8.8295 4.7700
v 4.5188 -9.0895 4.7200
v 4.5188 -9.3495 4.6000
v 4.5288 -9.5695 4.5400
v 4.5288 -9.8295 4.4100
v 4.5288 -10.0895 4.3400
v 4.5288 -10.3195 4.2800
v 4.5288 -10.5695 4.1900
v 4.5388 -10.8395 4.0500
v 4.5388 -11.0995 4.0000
v 4.5388 -11.3695 3.8800
v 4.5388 -11.5895 3.8100
v 4.5488 -11.8595 3.6900
v 4.5488 -12.1095 3.6200
v 4.5488 -12.3495 3.5400
v 4.5488 -12.5795 3.4600
v 4.1688 3.2705 6.0000
v 4.1788 2.7405 5.7800
v 4.1788 2.5105 5.6900
v 4.1788 2.2805 5.5900
v 4.1788 2.0505 5.5300
v 4.1888 1.7805 5.4500
v 4.1888 1.5205 5.3300
v 4.1888 1.2705 5.2600
v 4.1888 1.0505 5.1600
v 4.1888 0.7705 5.0900
v 4.1988 0.5105 4.9800
v 4.1988 0.2505 4.8900
v 4.1988 0.0305 4.8200
v 4.1988 -0.2395 4.7200
v 4.1988 -0.5095 4.6100
v 4.2088 -0.7295 4.5300
v 4.2088 -0.9695 4.4500
v 4.2088 -1.2495 4.3400
v 4.2088 -1.5095 4.2700
v 4.2088 -1.7195 4.1800
v 4.2188 -1.9895 4.0700
v 4.2188 -2.2195 4.0000
v 4.2188 -2.4895 3.8900
v 4.2188 -2.7195 3.8200
v 4.2288 -2.9695 3.7300
v 4.2288 -3.2095 3.7700
v 4.2288 -3.4395 3.8400
v 4.2288 -3.6595 3.9300
v 4.2288 -3.8895 3.9900
v 4.2288 -4.1195 4.0500
v 4.2388 -4.3295 4.1000
v 4.2388 -4.5395 4.1700
v 4.2388 -4.7395 4.2600
v 4.2388 -4.9295 4.3300
v 4.2388 -5.1695 4.3500
v 4.2488 -5.3895 4.4500
v 4.2488 -5.5995 4.5100
v 4.2488 -5.7995 4.5700
v 4.2488 -6.0095 4.6500
v 4.2488 -6.2295 4.6900
v 4.2488 -6.4395 4.8000
v 4.2588 -6.6695 4.8200
v 4.2588 -6.8695 4.9200
v 4.2588 -7.1095 4.9700
v 4.2588 -7.2995 5.0400
v 4.2588 -7.5295 5.1100
v 4.2688 -7.7295 5.2000
v 4.2688 -7.9595 5.2400
v 4.2688 -8.2095 5.1100
v 4.2688 -8.4395 5.0400
v 4.2688 -8.6895 4.9100
v 4.2788 -8.9695 4.8300
v 4.2788 -9.2395 4.6900
v 4.2788 -9.4895 4.6300
v 4.2788 -9.7095 4.5800
v 4.2788 -9.9895 4.4500
v 4.2888 -10.2295 4.3700
v 4.2888 -10.4595 4.2800
v 4.2888 -10.6795 4.2100
v 4.2888 -10.9595 4.1000
v 4.2888 -11.2195 4.0100
v 4.2988 -11.4695 3.9100
v 4.2988 -11.6995 3.8300
v 4.2988 -11.9495 3.7300
v 4.2988 -12.2195 3.6600
v 4.2988 -12.4695 3.5500
v 4.3088 -12.6895 3.4900
v 4.3088 -12.9495 3.3900
v 3.9488 3.3705 6.2200
v 3.9588 2.8505 5.9100
v 3.9588 2.6005 5.7800
v 3.9588 2.3505 5.7100
v 3.9588 2.1005 5.6100
v 3.9588 1.8505 5.5400
v 3.9688 1.6005 5.4300
v 3.9688 1.3405 5.3700
v 3.9688 1.0805 5.2500
v 3.9688 0.8405 5.1900
v 3.9688 0.6105 5.0600
v 3.9788 0.3405 4.9800
v 3.9788 0.0805 4.8900
v 3.9788 -0.1495 4.8200
v 3.9788 -0.3995 4.6900
v 3.9888 -0.6495 4.6300
v 3.9888 -0.9095 4.5200
v 3.9888 -1.1395 4.4400
v 3.9888 -1.3995 4.3400
v 3.9888 -1.6595 4.2700
v 3.9988 -1.9195 4.1900
v 3.9988 -2.1795 4.0700
v 3.9988 -2.4295 4.0000
v 3.9988 -2.6995 3.8900
v 3.9988 -2.9295 3.8200
v 4.0088 -3.1495 3.8400
v 4.0088 -3.3495 3.8800
v 4.0088 -3.5595 3.9700
v 4.0088 -3.7795 4.0200
v 4.0088 -3.9995 4.0900
v 4.0188 -4.1995 4.1700
v 4.0188 -4.4195 4.2200
v 4.0188 -4.6195 4.3000
v 4.0188 -4.8295 4.3400
v 4.0188 -5.0595 4.4200
v 4.0188 -5.2795 4.5000
v 4.0288 -5.4995 4.5500
v 4.0288 -5.6995 4.6100
v 4.0288 -5.9095 4.6800
v 4.0288 -6.1295 4.7700
v 4.0288 -6.3495 4.8100
v 4.0388 -6.5695 4.9100
v 4.0388 -6.7795 4.9600
v 4.0388 -6.9695 5.0200
v 4.0388 -7.2095 5.1100
v 4.0388 -7.4395 5.1700
v 4.0388 -7.6595 5.2600
v 4.0488 -7.8895 5.3500
v 4.0488 -8.1295 5.2100
v 4.0488 -8.4095 5.1000
v 4.0488 -8.6395 5.0200
v 4.0488 -8.8695 4.9200
v 4.0588 -9.1095 4.8300
v 4.0588 -9.3795 4.7400
v 4.0588 -9.6395 4.6400
v 4.0588 -9.8895 4.5600
v 4.0688 -10.1395 4.4600
v 4.0688 -10.3795 4.4000
v 4.0688 -10.6395 4.3000
v 4.0688 -10.8695 4.1900
v 4.0688 -11.1095 4.1100
v 4.0788 -11.3695 4.0300
v 4.0788 -11.6095 3.9500
v 4.0788 -11.8795 3.8600
v 4.0788 -12.1295 3.7300
v 4.0788 -12.3595 3.6700
v 4.0888 -12.6295 3.5500
v 4.0888 -12.8895 3.4900
v 3.7488 3.2005 6.1500
v 3.7488 2.9305 5.9600
v 3.7488 2.7005 5.9000
v 3.7588 2.4605 5.8200
v 3.7588 2.2005 5.7400
v 3.7588 1.9505 5.6500
v 3.7588 1.7105 5.5600
v 3.7588 1.4405 5.4500
v 3.7688 1.2205 5.3800
v 3.7688 0.9605 5.2800
v 3.7688 0.7305 5.1800
v 3.7688 0.4605 5.0900
v 3.7688 0.2005 5.0100
v 3.7788 -0.0395 4.9000
v 3.7788 -0.2995 4.8300
v 3.7788 -0.5695 4.7200
v 3.7788 -0.8395 4.6000
v 3.7888 -1.0695 4.5400
v 3.7888 -1.2995 4.4300
v 3.7888 -1.5495 4.3600
v 3.7888 -1.7795 4.2800
v 3.7888 -2.0095 4.1800
v 3.7888 -2.2795 4.1000
v 3.7988 -2.5195 3.9800
v 3.7988 -2.7595 3.9300
v 3.7988 -2.9795 3.8500
v 3.7988 -3.1995 3.9000
v 3.7988 -3.4195 3.9800
v 3.8088 -3.6495 4.0500
v 3.8088 -3.8595 4.1400
v 3.8088 -4.0595 4.2000
v 3.8088 -4.2695 4.2700
v 3.8088 -4.4995 4.3100
v 3.8188 -4.7095 4.3900
v 3.8188 -4.9395 4.4600
v 3.8188 -5.1395 4.5100
v 3.8188 -5.3395 4.5800
v 3.8188 -5.5795 4.6600
v 3.8188 -5.8095 4.7300
v 3.8288 -6.0095 4.7900
v 3.8288 -6.2495 4.8700
v 3.8288 -6.4695 4.9300
v 3.8288 -6.6895 5.0300
v 3.8288 -6.8895 5.1000
v 3.8388 -7.1095 5.1300
v 3.8388 -7.3095 5.2000
v 3.8388 -7.5395 5.2800
v 3.8388 -7.7295 5.4000
v 3.8388 -7.9995 5.3200
v 3.8388 -8.2495 5.2200
v 3.8488 -8.5095 5.1100
v 3.8488 -8.7595 5.0200
v 3.8488 -8.9795 4.9500
v 3.8488 -9.2295 4.8400
v 3.8488 -9.4895 4.7600
v 3.8588 -9.7295 4.6700
v 3.8588 -9.9695 4.6000
v 3.8588 -10.2495 4.5000
v 3.8588 -10.4895 4.4000
v 3.8688 -10.7295 4.3000
v 3.8688 -11.0095 4.1900
v 3.8688 -11.2595 4.1100
v 3.8688 -11.5095 4.0500
v 3.8688 -11.7595 3.9400
v 3.8788 -12.0295 3.8200
v 3.8788 -12.2595 3.7700
v 3.8788 -12.4995 3.6700
v 3.8788 -12.7595 3.6000
v 3.8788 -13.0195 3.5200
v 3.8888 -13.2395 3.5000
v 3.4988 3.2905 6.2000
v 3.4988 3.0305 6.1100
v 3.4988 2.7705 6.0500
v 3.5088 2.5405 5.9400
v 3.5088 2.2705 5.8400
v 3.5088 2.0005 5.7200
v 3.5088 1.7405 5.6400
v 3.5088 1.5005 5.5400
v 3.5188 1.2505 5.4800
v 3.5188 0.9905 5.3900
v 3.5188 0.7405 5.3000
v 3.5188 0.5105 5.2100
v 3.5188 0.2805 5.1200
v 3.5288 0.0405 5.0500
v 3.5288 -0.2195 4.9100
v 3.5288 -0.4695 4.8300
v 3.5288 -0.7095 4.7200
v 3.5388 -0.9395 4.6600
v 3.5388 -1.1695 4.5900
v 3.5388 -1.4095 4.5100
v 3.5388 -1.6695 4.3800
v 3.5388 -1.9295 4.2800
v 3.5488 -2.1595 4.2200
v 3.5488 -2.4095 4.1300
v 3.5488 -2.6395 4.0500
v 3.5488 -2.8795 3.9300
v 3.5488 -3.1095 3.9900
v 3.5588 -3.3595 4.0500
v 3.5588 -3.5395 4.1200
v 3.5588 -3.7495 4.1700
v 3.5588 -3.9695 4.2600
v 3.5588 -4.2195 4.3300
v 3.5588 -4.4495 4.3800
v 3.5688 -4.6595 4.4700
v 3.5688 -4.8695 4.5400
v 3.5688 -5.1095 4.5900
v 3.5688 -5.3095 4.6900
v 3.5688 -5.5095 4.7300
v 3.5788 -5.7095 4.8200
v 3.5788 -5.9495 4.8800
v 3.5788 -6.1895 4.9400
v 3.5788 -6.3995 4.9900
v 3.5788 -6.5995 5.1000
v 3.5788 -6.8095 5.1500
v 3.5888 -7.0495 5.2100
v 3.5888 -7.2495 5.2800
v 3.5888 -7.4595 5.3500
v 3.5888 -7.6695 5.4400
v 3.5888 -7.8995 5.4500
v 3.5988 -8.1695 5.3400
v 3.5988 -8.4095 5.2400
v 3.5988 -8.6595 5.1600
v 3.5988 -8.9195 5.1300
v 3.5988 -9.1695 5.0200
v 3.6088 -9.4495 4.8000
v 3.6088 -9.6695 4.8000
v 3.6088 -9.9495 4.7000
v 3.6088 -10.2095 4.6000
v 3.6088 -10.4395 4.5100
v 3.6188 -10.6795 4.4200
v 3.6188 -10.9495 4.3300
v 3.6188 -11.2095 4.2400
v 3.6188 -11.4295 4.1700
v 3.6188 -11.6895 4.0500
v 3.6288 -11.9495 3.9500
v 3.6288 -12.2095 3.8800
v 3.6288 -12.4295 3.8100
v 3.6288 -12.6895 3.7100
v 3.6388 -12.9595 3.6000
v 3.6388 -13.2295 3.5200
v 3.6388 -13.4795 3.4000
v 3.1988 3.3605 6.3300
v 3.1988 3.1005 6.2500
v 3.1988 2.8405 6.1300
v 3.2088 2.6205 6.0500
v 3.2088 2.3805 5.9800
v 3.2088 2.1305 5.8700
v 3.2088 1.9005 5.8100
v 3.2088 1.6605 5.7200
v 3.2188 1.4205 5.6200
v 3.2188 1.1905 5.5300
v 3.2188 0.9305 5.4500
v 3.2188 0.7005 5.3600
v 3.2188 0.4705 5.2700
v 3.2288 0.2005 5.1800
v 3.2288 -0.0595 5.0600
v 3.2288 -0.2995 4.9700
v 3.2288 -0.5195 4.9100
v 3.2288 -0.7495 4.8100
v 3.2388 -1.0395 4.7200
v 3.2388 -1.2695 4.6400
v 3.2388 -1.5195 4.5400
v 3.2388 -1.7595 4.4400
v 3.2388 -1.9995 4.3800
v 3.2488 -2.2595 4.3100
v 3.2488 -2.5195 4.1700
v 3.2488 -2.7695 4.0900
v 3.2488 -3.0295 4.0400
v 3.2488 -3.2295 4.1400
v 3.2588 -3.4495 4.1900
v 3.2588 -3.6495 4.2600
v 3.2588 -3.8695 4.3200
v 3.2588 -4.0795 4.4100
v 3.2588 -4.3095 4.4700
v 3.2688 -4.5295 4.5400
v 3.2688 -4.7595 4.6100
v 3.2688 -4.9695 4.6700
v 3.2688 -5.1795 4.7100
v 3.2688 -5.3995 4.7900
v 3.2688 -5.5995 4.8800
v 3.2788 -5.8195 4.9400
v 3.2788 -6.0395 5.0000
v 3.2788 -6.2495 5.0700
v 3.2788 -6.4795 5.1300
v 3.2788 -6.7095 5.2100
v 3.2888 -6.9195 5.2800
v 3.2888 -7.1295 5.3600
v 3.2888 -7.3495 5.4200
v 3.2888 -7.5795 5.4900
v 3.2888 -7.7995 5.5700
v 3.2988 -8.0495 5.4900
v 3.2988 -8.2895 5.3800
v 3.2988 -8.5495 5.2900
v 3.2988 -8.7895 5.2300
v 3.2988 -9.0395 5.1700
v 3.3088 -9.2895 5.0100
v 3.3088 -9.5495 4.9300
v 3.3088 -9.8095 4.8100
v 3.3088 -10.0595 4.7000
v 3.3088 -10.2995 4.6200
v 3.3188 -10.5295 4.5400
v 3.3188 -10.7995 4.4600
v 3.3188 -11.0695 4.3800
v 3.3188 -11.3195 4.2800
v 3.3188 -11.5795 4.2000
v 3.3288 -11.8395 4.0700
v 3.3288 -12.1095 3.9900
v 3.3288 -12.3395 3.9100
v 3.3288 -12.5695 3.8200
v 3.3288 -12.7995 3.7300
v 3.3388 -13.0695 3.6500
v 3.3388 -13.2995 3.5700
v 3.3388 -13.5395 3.5100
v 2.9588 3.3205 6.3900
v 2.9588 3.0505 6.2800
v 2.9588 2.8105 6.2000
v 2.9588 2.5705 6.1100
v 2.9688 2.3605 6.0300
v 2.9688 2.1105 5.9600
v 2.9688 1.8505 5.8600
v 2.9688 1.5805 5.7400
v 2.9688 1.3605 5.6700
v 2.9788 1.1205 5.5900
v 2.9788 0.8905 5.5000
v 2.9788 0.6205 5.4100
v 2.9788 0.3905 5.3300
v 2.9788 0.1305 5.2100
v 2.9888 -0.0995 5.1300
v 2.9888 -0.3495 5.0300
v 2.9888 -0.5995 4.9600
v 2.9888 -0.8695 4.8400
v 2.9888 -1.1095 4.7600
v 2.9988 -1.3795 4.6800
v 2.9988 -1.6195 4.5900
v 2.9988 -1.8795 4.4900
v 2.9988 -2.0995 4.4300
v 3.0088 -2.3595 4.3000
v 3.0088 -2.5895 4.2300
v 3.0088 -2.8495 4.1600
v 3.0088 -3.0795 4.1600
v 3.0088 -3.2995 4.2300
v 3.0088 -3.5195 4.2900
v 3.0188 -3.7195 4.3600
v 3.0188 -3.9395 4.4400
v 3.0188 -4.1395 4.4900
v 3.0188 -4.3695 4.5700
v 3.0188 -4.5995 4.6200
v 3.0288 -4.7995 4.7200
v 3.0288 -5.0295 4.7600
v 3.0288 -5.2595 4.8500
v 3.0288 -5.4595 4.9200
v 3.0288 -5.6895 4.9900
v 3.0388 -5.9195 5.0400
v 3.0388 -6.1495 5.1300
v 3.0388 -6.3595 5.1600
v 3.0388 -6.5795 5.2700
v 3.0388 -6.7895 5.3200
v 3.0388 -7.0195 5.4000
v 3.0488 -7.2295 5.4600
v 3.0488 -7.4395 5.5600
v 3.0488 -7.6595 5.6100
v 3.0488 -7.8895 5.6000
v 3.0488 -8.1595 5.5100
v 3.0588 -8.3795 5.4500
v 3.0588 -8.6395 5.3700
v 3.0588 -8.8795 5.2500
v 3.0588 -9.1495 5.1600
v 3.0588 -9.3995 5.0500
v 3.0688 -9.6595 4.9300
v 3.0688 -9.9395 4.8500
v 3.0688 -10.1995 4.7700
v 3.0688 -10.4395 4.6700
v 3.0788 -10.6895 4.6000
v 3.0788 -10.9295 4.4800
v 3.0788 -11.1695 4.4300
v 3.0788 -11.3995 4.3400
v 3.0788 -11.6495 4.2500
v 3.0888 -11.8995 4.1400
v 3.0888 -12.1495 4.0600
v 3.0888 -12.3895 3.9700
v 3.0888 -12.6395 3.8500
v 3.0888 -12.8595 3.7900
v 3.0988 -13.1095 3.7200
v 3.0988 -13.3895 3.6200
v 3.0988 -13.6295 3.5400
v 3.0988 -13.8795 3.4100
v 2.7988 3.3705 6.4500
v 2.7988 3.1505 6.4100
v 2.7988 2.9105 6.2900
v 2.7988 2.6705 6.2000
v 2.8088 2.4205 6.1100
v 2.8088 2.1605 6.0000
v 2.8088 1.9205 5.9400
v 2.8088 1.6805 5.8200
v 2.8188 1.4405 5.7500
v 2.8188 1.1805 5.6400
v 2.8188 0.9305 5.5400
v 2.8188 0.6705 5.4400
v 2.8188 0.4205 5.3700
v 2.8288 0.1805 5.2900
v 2.8288 -0.0895 5.1800
v 2.8288 -0.3295 5.1200
v 2.8288 -0.5595 5.0200
v 2.8288 -0.7895 4.9200
v 2.8388 -1.0395 4.8500
v 2.8388 -1.3195 4.7200
v 2.8388 -1.5695 4.6600
v 2.8388 -1.8195 4.5600
v 2.8388 -2.0295 4.4400
v 2.8488 -2.2995 4.3700
v 2.8488 -2.5395 4.3000
v 2.8488 -2.7795 4.2000
v 2.8488 -2.9895 4.2000
v 2.8488 -3.2195 4.2600
v 2.8588 -3.4495 4.3400
v 2.8588 -3.6895 4.4100
v 2.8588 -3.8895 4.4700
v 2.8588 -4.1195 4.5400
v 2.8588 -4.3495 4.5900
v 2.8688 -4.5695 4.6900
v 2.8688 -4.7695 4.7500
v 2.8688 -4.9995 4.8300
v 2.8688 -5.2295 4.8900
v 2.8688 -5.4495 4.9600
v 2.8688 -5.6495 5.0100
v 2.8788 -5.8795 5.0700
v 2.8788 -6.0995 5.1600
v 2.8788 -6.3195 5.2100
v 2.8788 -6.5495 5.2700
v 2.8788 -6.7295 5.3900
v 2.8888 -6.9695 5.4400
v 2.8888 -7.1795 5.5000
v 2.8888 -7.3995 5.5800
v 2.8888 -7.6195 5.6900
v 2.8888 -7.8695 5.6900
v 2.8988 -8.1295 5.5800
v 2.8988 -8.3995 5.4800
v 2.8988 -8.6495 5.3500
v 2.8988 -8.8795 5.2900
v 2.8988 -9.1295 5.2000
v 2.9088 -9.3695 5.1100
v 2.9088 -9.5995 5.0400
v 2.9088 -9.8295 4.9500
v 2.9088 -10.1095 4.8600
v 2.9088 -10.3395 4.7600
v 2.9188 -10.5695 4.6900
v 2.9188 -10.8195 4.5800
v 2.9188 -11.0595 4.4800
v 2.9188 -11.3095 4.4200
v 2.9188 -11.5795 4.3100
v 2.9288 -11.7995 4.2400
v 2.9288 -12.0595 4.1500
v 2.9288 -12.2995 4.0600
v 2.9288 -12.5495 3.9600
v 2.9288 -12.7795 3.8400
v 2.9388 -13.0495 3.7900
v 2.9388 -13.2995 3.7000
v 2.9388 -13.5195 3.6000
v 2.9388 -13.7795 3.5200
v 2.9488 -14.0595 3.3700
v 2.6388 3.2705 6.4700
v 2.6388 3.0005 6.3700
v 2.6388 2.7505 6.2900
v 2.6388 2.5005 6.1800
v 2.6388 2.2405 6.1100
v 2.6488 2.0005 6.0200
v 2.6488 1.7505 5.9300
v 2.6488 1.5105 5.8100
v 2.6488 1.2805 5.7500
v 2.6488 1.0305 5.6600
v 2.6588 0.7705 5.5700
v 2.6588 0.5405 5.4700
v 2.6588 0.2505 5.3500
v 2.6588 0.0205 5.2900
v 2.6588 -0.2095 5.2000
v 2.6688 -0.4595 5.1100
v 2.6688 -0.6895 5.0100
v 2.6688 -0.9395 4.9500
v 2.6688 -1.1995 4.8500
v 2.6688 -1.4395 4.7400
v 2.6788 -1.6695 4.6600
v 2.6788 -1.9595 4.5700
v 2.6788 -2.2095 4.4800
v 2.6788 -2.4495 4.3800
v 2.6888 -2.7095 4.2900
v 2.6888 -2.9595 4.2600
v 2.6888 -3.1695 4.3100
v 2.6888 -3.3995 4.3700
v 2.6888 -3.6095 4.4600
v 2.6988 -3.8295 4.5300
v 2.6988 -4.0395 4.5800
v 2.6988 -4.2695 4.6500
v 2.6988 -4.4895 4.7100
v 2.6988 -4.7095 4.7900
v 2.6988 -4.9395 4.8600
v 2.7088 -5.1395 4.9400
v 2.7088 -5.3695 4.9700
v 2.7088 -5.5795 5.0700
v 2.7088 -5.7995 5.1300
v 2.7088 -6.0295 5.2100
v 2.7188 -6.2495 5.2800
v 2.7188 -6.4595 5.3300
v 2.7188 -6.7095 5.4100
v 2.7188 -6.9395 5.5000
v 2.7188 -7.1395 5.5800
v 2.7188 -7.3395 5.6300
v 2.7288 -7.5595 5.7200
v 2.7288 -7.7695 5.7900
v 2.7288 -7.9995 5.7000
v 2.7288 -8.2595 5.5900
v 2.7288 -8.4995 5.4700
v 2.7388 -8.7495 5.4100
v 2.7388 -8.9695 5.3300
v 2.7388 -9.1995 5.2300
v 2.7388 -9.4795 5.1400
v 2.7488 -9.7395 5.0400
v 2.7488 -9.9695 4.9700
v 2.7488 -10.2095 4.8100
v 2.7488 -10.4395 4.7800
v 2.7488 -10.7095 4.6800
v 2.7588 -10.9495 4.6300
v 2.7588 -11.1995 4.5100
v 2.7588 -11.4395 4.4200
v 2.7588 -11.6895 4.3300
v 2.7588 -11.9395 4.2500
v 2.7688 -12.1995 4.1600
v 2.7688 -12.4595 4.0500
v 2.7688 -12.7295 3.9300
v 2.7688 -12.9695 3.8800
v 2.7688 -13.2195 3.8100
v 2.7788 -13.4595 3.6900
v 2.7788 -13.6995 3.5900
v 2.7788 -13.9395 3.5500
v 2.7788 -14.1995 3.4600
v 2.3988 3.2105 6.5400
v 2.4088 2.9705 6.4500
v 2.4088 2.7405 6.3600
v 2.4088 2.4905 6.2700
v 2.4088 2.2305 6.1500
v 2.4088 1.9505 6.0700
v 2.4188 1.7305 5.9800
v 2.4188 1.5005 5.8900
v 2.4188 1.2305 5.8100
v 2.4188 0.9905 5.7300
v 2.4188 0.7505 5.6200
v 2.4288 0.5105 5.5500
v 2.4288 0.2605 5.4400
v 2.4288 0.0005 5.3700
v 2.4288 -0.2595 5.2500
v 2.4288 -0.4795 5.1700
v 2.4388 -0.7495 5.0500
v 2.4388 -1.0095 5.0000
v 2.4388 -1.2695 4.9000
v 2.4388 -1.5095 4.8000
v 2.4488 -1.7695 4.7200
v 2.4488 -2.0395 4.6100
v 2.4488 -2.2595 4.5300
v 2.4488 -2.4895 4.4400
v 2.4488 -2.7595 4.3500
v 2.4588 -3.0095 4.3300
v 2.4588 -3.2095 4.3900
v 2.4588 -3.4295 4.4900
v 2.4588 -3.6395 4.5300
v 2.4588 -3.8595 4.6100
v 2.4588 -4.0895 4.6800
v 2.4688 -4.2995 4.7500
v 2.4688 -4.5195 4.8200
v 2.4688 -4.7695 4.8800
v 2.4688 -4.9995 4.9600
v 2.4688 -5.2195 5.0300
v 2.4788 -5.4395 5.0800
v 2.4788 -5.6595 5.1700
v 2.4788 -5.8695 5.2300
v 2.4788 -6.0595 5.3100
v 2.4788 -6.2695 5.3700
v 2.4788 -6.4695 5.4200
v 2.4888 -6.7195 5.4700
v 2.4888 -6.9295 5.5800
v 2.4888 -7.1195 5.6500
v 2.4888 -7.3295 5.7200
v 2.4888 -7.5195 5.7800
v 2.4988 -7.7695 5.8600
v 2.4988 -8.0295 5.7400
v 2.4988 -8.2595 5.6500
v 2.4988 -8.4895 5.5600
v 2.4988 -8.7395 5.5000
v 2.5088 -8.9995 5.4100
v 2.5088 -9.2395 5.2900
v 2.5088 -9.4795 5.2100
v 2.5088 -9.7395 5.1100
v 2.5088 -9.9695 5.0600
v 2.5188 -10.2195 4.9200
v 2.5188 -10.4995 4.8200
v 2.5188 -10.7695 4.7500
v 2.5188 -11.0295 4.6500
v 2.5288 -11.2495 4.5300
v 2.5288 -11.5195 4.4500
v 2.5288 -11.7695 4.3900
v 2.5288 -12.0095 4.2800
v 2.5288 -12.2495 4.1800
v 2.5388 -12.4995 4.0800
v 2.5388 -12.7595 4.0300
v 2.5388 -13.0195 3.9300
v 2.5388 -13.2595 3.8300
v 2.5388 -13.4895 3.7500
v 2.5488 -13.7595 3.6500
v 2.5488 -14.0095 3.5500
v 2.5488 -14.2395 3.4900
v 2.1688 3.3605 6.5200
v 2.1688 3.1305 6.5600
v 2.1688 2.8905 6.4700
v 2.1788 2.6605 6.4100
v 2.1788 2.3905 6.3000
v 2.1788 2.1705 6.2200
v 2.1788 1.9105 6.1200
v 2.1788 1.6505 6.0400
v 2.1888 1.4105 5.9300
v 2.1888 1.1605 5.8600
v 2.1888 0.9005 5.7500
v 2.1888 0.6305 5.6600
v 2.1888 0.3905 5.5600
v 2.1988 0.1505 5.4900
v 2.1988 -0.1095 5.3600
v 2.1988 -0.3595 5.2800
v 2.1988 -0.5895 5.2000
v 2.1988 -0.8595 5.0800
v 2.2088 -1.0995 5.0100
v 2.2088 -1.3495 4.9300
v 2.2088 -1.6095 4.8400
v 2.2088 -1.8195 4.7600
v 2.2188 -2.0995 4.6500
v 2.2188 -2.3395 4.5700
v 2.2188 -2.5995 4.4800
v 2.2188 -2.8595 4.3800
v 2.2188 -3.0795 4.4400
v 2.2288 -3.3195 4.5200
v 2.2288 -3.5395 4.5900
v 2.2288 -3.7495 4.6500
v 2.2288 -3.9695 4.7200
v 2.2288 -4.1895 4.7800
v 2.2288 -4.3895 4.8500
v 2.2388 -4.5895 4.9100
v 2.2388 -4.7995 4.9800
v 2.2388 -5.0295 5.0600
v 2.2388 -5.2395 5.1300
v 2.2388 -5.4395 5.2000
v 2.2488 -5.6495 5.2500
v 2.2488 -5.8695 5.3200
v 2.2488 -6.0995 5.3900
v 2.2488 -6.3195 5.4600
v 2.2488 -6.5295 5.5300
v 2.2488 -6.7295 5.5900
v 2.2588 -6.9395 5.6600
v 2.2588 -7.1695 5.7200
v 2.2588 -7.3795 5.8000
v 2.2588 -7.5795 5.9000
v 2.2588 -7.8095 5.9200
v 2.2688 -8.0695 5.8000
v 2.2688 -8.3295 5.6900
v 2.2688 -8.5795 5.6100
v 2.2688 -8.8395 5.5000
v 2.2688 -9.1095 5.4200
v 2.2788 -9.3295 5.3100
v 2.2788 -9.5995 5.2300
v 2.2788 -9.8295 5.1900
v 2.2788 -10.0895 5.0200
v 2.2888 -10.3095 5.0000
v 2.2888 -10.5795 4.8700
v 2.2888 -10.8195 4.7700
v 2.2888 -11.1095 4.6300
v 2.2888 -11.3395 4.6100
v 2.2988 -11.5695 4.5200
v 2.2988 -11.8195 4.4300
v 2.2988 -12.0795 4.3400
v 2.2988 -12.3195 4.2400
v 2.2988 -12.5695 4.1600
v 2.3088 -12.8095 4.0400
v 2.3088 -13.0595 3.9900
v 2.3088 -13.3295 3.8700
v 2.3088 -13.5495 3.7900
v 2.3088 -13.8195 3.7000
v 2.3188 -14.0995 3.5900
v 2.3188 -14.3595 3.5100
v 1.9788 3.2705 6.5000
v 1.9788 3.0605 6.6000
v 1.9788 2.8005 6.5200
v 1.9888 2.5405 6.4200
v 1.9888 2.2905 6.3400
v 1.9888 2.0505 6.2200
v 1.9888 1.7905 6.1300
v 1.9888 1.5405 6.0600
v 1.9988 1.3005 5.9500
v 1.9988 1.0705 5.8700
v 1.9988 0.8005 5.7800
v 1.9988 0.5505 5.6600
v 1.9988 0.3005 5.5800
v 2.0088 0.0605 5.5200
v 2.0088 -0.1795 5.4200
v 2.0088 -0.4495 5.3100
v 2.0088 -0.6795 5.2200
v 2.0088 -0.9395 5.1300
v 2.0188 -1.1895 5.0300
v 2.0188 -1.4595 4.9300
v 2.0188 -1.7195 4.8500
v 2.0188 -1.9695 4.7500
v 2.0288 -2.2295 4.6700
v 2.0288 -2.4795 4.5900
v 2.0288 -2.7095 4.5000
v 2.0288 -2.9295 4.4600
v 2.0288 -3.1295 4.5200
v 2.0288 -3.3595 4.5700
v 2.0388 -3.5795 4.7000
v 2.0388 -3.7895 4.7300
v 2.0388 -3.9895 4.8100
v 2.0388 -4.1995 4.8800
v 2.0388 -4.4095 4.9300
v 2.0488 -4.6395 5.0300
v 2.0488 -4.8495 5.1000
v 2.0488 -5.0695 5.1500
v 2.0488 -5.2795 5.2100
v 2.0488 -5.4895 5.2500
v 2.0488 -5.7095 5.3200
v 2.0588 -5.9195 5.4100
v 2.0588 -6.1495 5.4800
v 2.0588 -6.3595 5.5500
v 2.0588 -6.5495 5.6200
v 2.0588 -6.7795 5.6900
v 2.0688 -7.0095 5.7600
v 2.0688 -7.2495 5.8300
v 2.0688 -7.4595 5.9100
v 2.0688 -7.6595 6.0100
v 2.0688 -7.9195 5.9400
v 2.0788 -8.1595 5.8500
v 2.0788 -8.3895 5.7400
v 2.0788 -8.6295 5.6500
v 2.0788 -8.8995 5.5500
v 2.0788 -9.1595 5.4800
v 2.0888 -9.4195 5.3800
v 2.0888 -9.6495 5.2800
v 2.0888 -9.8895 5.2100
v 2.0888 -10.1495 5.1300
v 2.0888 -10.3995 5.0000
v 2.0988 -10.6395 4.9100
v 2.0988 -10.8895 4.8300
v 2.0988 -11.1295 4.7200
v 2.0988 -11.3895 4.6500
v 2.1088 -11.6595 4.5400
v 2.1088 -11.8795 4.4600
v 2.1088 -12.1495 4.3800
v 2.1088 -12.4195 4.2600
v 2.1088 -12.6495 4.1900
v 2.1188 -12.8995 4.0900
v 2.1188 -13.1795 3.9800
v 2.1188 -13.4395 3.9100
v 2.1188 -13.6695 3.8400
v 2.1188 -13.9095 3.7300
v 2.1288 -14.1795 3.6400
v 2.1288 -14.4395 3.5600
v 2.1288 -14.6695 3.4300
v 1.7888 3.2305 6.4600
v 1.7888 3.0205 6.5300
v 1.7988 2.8205 6.5700
v 1.7988 2.5705 6.5100
v 1.7988 2.3005 6.4000
v 1.7988 2.0605 6.3100
v 1.7988 1.8005 6.1700
v 1.8088 1.5805 6.1400
v 1.8088 1.3205 6.0300
v 1.8088 1.0705 5.9300
v 1.8088 0.8205 5.8500
v 1.8188 0.5705 5.7400
v 1.8188 0.3205 5.6400
v 1.8188 0.0405 5.5500
v 1.8188 -0.2095 5.4700
v 1.8188 -0.4695 5.3300
v 1.8288 -0.6995 5.2800
v 1.8288 -0.9595 5.1900
v 1.8288 -1.1795 5.1300
v 1.8288 -1.4095 5.0200
v 1.8288 -1.6395 4.9300
v 1.8388 -1.9095 4.8500
v 1.8388 -2.1595 4.7400
v 1.8388 -2.3795 4.6800
v 1.8388 -2.6195 4.5500
v 1.8388 -2.8495 4.5000
v 1.8488 -3.0895 4.5900
v 1.8488 -3.2995 4.6600
v 1.8488 -3.5095 4.7100
v 1.8488 -3.7295 4.8000
v 1.8488 -3.9395 4.8700
v 1.8588 -4.1595 4.9300
v 1.8588 -4.3595 5.0000
v 1.8588 -4.5995 5.0800
v 1.8588 -4.8095 5.1400
v 1.8588 -5.0195 5.1900
v 1.8588 -5.2295 5.2700
v 1.8688 -5.4595 5.3300
v 1.8688 -5.6795 5.4200
v 1.8688 -5.9195 5.4800
v 1.8688 -6.1095 5.5600
v 1.8688 -6.3495 5.6000
v 1.8788 -6.5495 5.6900
v 1.8788 -6.7595 5.7600
v 1.8788 -6.9695 5.8000
v 1.8788 -7.1895 5.9000
v 1.8788 -7.3995 5.9700
v 1.8888 -7.6495 6.0800
v 1.8888 -7.8795 6.0200
v 1.8888 -8.0895 5.9400
v 1.8888 -8.3695 5.8400
v 1.8888 -8.5995 5.7700
v 1.8988 -8.8495 5.6600
v 1.8988 -9.0995 5.5800
v 1.8988 -9.3395 5.4900
v 1.8988 -9.6195 5.3700
v 1.8988 -9.8695 5.2900
v 1.9088 -10.0995 5.1900
v 1.9088 -10.3395 5.1000
v 1.9088 -10.6295 5.0000
v 1.9088 -10.8995 4.8900
v 1.9088 -11.1095 4.8100
v 1.9188 -11.3895 4.6900
v 1.9188 -11.6595 4.6100
v 1.9188 -11.8995 4.5400
v 1.9188 -12.1195 4.4400
v 1.9288 -12.3795 4.3500
v 1.9288 -12.6495 4.2600
v 1.9288 -12.8995 4.1500
v 1.9288 -13.1495 4.0800
v 1.9288 -13.3695 4.0000
v 1.9388 -13.6495 3.8800
v 1.9388 -13.9095 3.7800
v 1.9388 -14.1495 3.7200
v 1.9388 -14.3995 3.6000
v 1.9488 -14.6595 3.5000
v 1.9488 -14.9495 3.3900
v 1.5788 3.2805 6.3600
v 1.5788 3.0505 6.4400
v 1.5788 2.8705 6.5300
v 1.5788 2.6605 6.6100
v 1.5888 2.3705 6.4800
v 1.5888 2.1005 6.3900
v 1.5888 1.8605 6.2900
v 1.5888 1.5905 6.1900
v 1.5888 1.3205 6.0800
v 1.5988 1.0905 6.0200
v 1.5988 0.8605 5.8900
v 1.5988 0.6205 5.8400
v 1.5988 0.3805 5.7400
v 1.6088 0.1405 5.6700
v 1.6088 -0.1095 5.5800
v 1.6088 -0.3395 5.5100
v 1.6088 -0.5695 5.3900
v 1.6088 -0.8295 5.3200
v 1.6188 -1.0595 5.2300
v 1.6188 -1.3095 5.1400
v 1.6188 -1.5795 5.0400
v 1.6188 -1.7995 4.9600
v 1.6188 -2.0595 4.8700
v 1.6288 -2.2895 4.7600
v 1.6288 -2.5395 4.6800
v 1.6288 -2.7695 4.5800
v 1.6288 -3.0195 4.6300
v 1.6288 -3.2195 4.7100
v 1.6388 -3.4195 4.7500
v 1.6388 -3.6495 4.8400
v 1.6388 -3.8895 4.9300
v 1.6388 -4.1095 4.9900
v 1.6388 -4.3195 5.0600
v 1.6488 -4.5395 5.1200
v 1.6488 -4.7795 5.1900
v 1.6488 -4.9795 5.2600
v 1.6488 -5.1695 5.3100
v 1.6488 -5.3895 5.4000
v 1.6488 -5.6195 5.4700
v 1.6588 -5.8595 5.5200
v 1.6588 -6.0695 5.6100
v 1.6588 -6.2695 5.6900
v 1.6588 -6.4995 5.7400
v 1.6588 -6.7195 5.8100
v 1.6688 -6.9195 5.8700
v 1.6688 -7.1295 5.9500
v 1.6688 -7.3595 6.0200
v 1.6688 -7.5795 6.0200
v 1.6688 -7.8295 5.9200
v 1.6788 -8.0795 5.8500
v 1.6788 -8.3395 5.7700
v 1.6788 -8.5895 5.6900
v 1.6788 -8.8395 5.6100
v 1.6788 -9.0895 5.5400
v 1.6888 -9.3395 5.4700
v 1.6888 -9.5895 5.4100
v 1.6888 -9.8595 5.3100
v 1.6888 -10.0695 5.2400
v 1.6988 -10.3195 5.1500
v 1.6988 -10.5895 5.0600
v 1.6988 -10.8395 5.0000
v 1.6988 -11.0695 4.9300
v 1.6988 -11.3295 4.8400
v 1.7088 -11.5695 4.7500
v 1.7088 -11.8395 4.6700
v 1.7088 -12.0695 4.5600
v 1.7088 -12.3195 4.4800
v 1.7088 -12.5995 4.3700
v 1.7188 -12.8595 4.2700
v 1.7188 -13.1095 4.1600
v 1.7188 -13.3795 4.0600
v 1.7188 -13.6295 4.0000
v 1.7288 -13.8795 3.8900
v 1.7288 -14.1195 3.8000
v 1.7288 -14.3495 3.6900
v 1.7288 -14.5895 3.6000
v 1.7288 -14.8395 3.5100
v 1.7388 -15.0895 3.4400
v 1.7388 -15.3095 3.4900
v 1.3688 3.3105 6.3100
v 1.3788 3.0805 6.3700
v 1.3788 2.8705 6.4500
v 1.3788 2.6605 6.5300
v 1.3788 2.4605 6.5800
v 1.3788 2.2305 6.5000
v 1.3888 1.9805 6.3900
v 1.3888 1.7305 6.3000
v 1.3888 1.4905 6.2400
v 1.3888 1.2505 6.1200
v 1.3888 1.0205 6.0500
v 1.3988 0.7805 5.9700
v 1.3988 0.5105 5.8600
v 1.3988 0.2705 5.7700
v 1.3988 0.0305 5.7000
v 1.4088 -0.2195 5.6100
v 1.4088 -0.4395 5.5200
v 1.4088 -0.6995 5.4300
v 1.4088 -0.9395 5.3400
v 1.4088 -1.1995 5.2500
v 1.4188 -1.4395 5.1700
v 1.4188 -1.6495 5.0600
v 1.4188 -1.9295 4.9800
v 1.4188 -2.1995 4.8500
v 1.4188 -2.4495 4.7800
v 1.4288 -2.6895 4.6700
v 1.4288 -2.9295 4.6600
v 1.4288 -3.1595 4.7500
v 1.4288 -3.3595 4.8000
v 1.4288 -3.5795 4.8900
v 1.4388 -3.7695 4.9500
v 1.4388 -4.0095 5.0000
v 1.4388 -4.2295 5.1000
v 1.4388 -4.4695 5.1600
v 1.4388 -4.6595 5.2300
v 1.4388 -4.8695 5.3100
v 1.4488 -5.1095 5.3600
v 1.4488 -5.2795 5.4600
v 1.4488 -5.5195 5.4800
v 1.4488 -5.7295 5.5700
v 1.4488 -5.9495 5.6400
v 1.4588 -6.1695 5.7200
v 1.4588 -6.3995 5.7600
v 1.4588 -6.5995 5.8300
v 1.4588 -6.8395 5.9100
v 1.4588 -7.0595 6.0000
v 1.4588 -7.2695 6.0500
v 1.4688 -7.5195 5.9400
v 1.4688 -7.7895 5.8800
v 1.4688 -8.0495 5.7800
v 1.4688 -8.2795 5.7000
v 1.4788 -8.5195 5.6200
v 1.4788 -8.7795 5.5500
v 1.4788 -9.0495 5.4400
v 1.4788 -9.2495 5.4100
v 1.4788 -9.5195 5.3000
v 1.4888 -9.7595 5.2400
v 1.4888 -10.0195 5.1600
v 1.4888 -10.2395 5.0800
v 1.4888 -10.5095 4.9900
v 1.4988 -10.7595 4.9400
v 1.4988 -11.0195 4.8300
v 1.4988 -11.2695 4.7900
v 1.4988 -11.5395 4.7000
v 1.4988 -11.7995 4.6100
v 1.5088 -12.0295 4.5700
v 1.5088 -12.2695 4.4800
v 1.5088 -12.4995 4.4200
v 1.5088 -12.7295 4.3600
v 1.5088 -12.9695 4.2900
v 1.5188 -13.2395 4.1900
v 1.5188 -13.4795 4.1000
v 1.5188 -13.6995 4.0200
v 1.5188 -13.9495 3.9500
v 1.5188 -14.1895 3.8700
v 1.5288 -14.4495 3.7800
v 1.5288 -14.7095 3.6600
v 1.5288 -14.9495 3.5600
v 1.5288 -15.1895 3.5000
v 1.5388 -15.4395 3.4000
v 1.1788 3.2905 6.2500
v 1.1788 3.0705 6.3100
v 1.1788 2.8605 6.3900
v 1.1788 2.6605 6.4700
v 1.1888 2.4405 6.5500
v 1.1888 2.2005 6.5600
v 1.1888 1.9605 6.4700
v 1.1888 1.7205 6.3600
v 1.1888 1.5105 6.2800
v 1.1988 1.2305 6.2100
v 1.1988 0.9905 6.1200
v 1.1988 0.7205 6.0000
v 1.1988 0.5205 5.9300
v 1.1988 0.2605 5.8700
v 1.2088 -0.0095 5.7200
v 1.2088 -0.2595 5.6600
v 1.2088 -0.5095 5.5500
v 1.2088 -0.7595 5.4500
v 1.2088 -0.9995 5.3900
v 1.2188 -1.2695 5.2800
v 1.2188 -1.5095 5.2000
v 1.2188 -1.7395 5.1000
v 1.2188 -1.9795 5.0100
v 1.2288 -2.2395 4.9200
v 1.2288 -2.4995 4.8000
v 1.2288 -2.7595 4.7200
v 1.2288 -2.9695 4.7700
v 1.2288 -3.1695 4.8500
v 1.2388 -3.3995 4.9200
v 1.2388 -3.6095 4.9600
v 1.2388 -3.8195 5.0200
v 1.2388 -4.0495 5.1100
v 1.2388 -4.2495 5.1700
v 1.2388 -4.4695 5.2500
v 1.2488 -4.6895 5.3200
v 1.2488 -4.9095 5.3700
v 1.2488 -5.1395 5.4400
v 1.2488 -5.3695 5.5000
v 1.2488 -5.5795 5.6200
v 1.2588 -5.7995 5.6500
v 1.2588 -6.0195 5.7500
v 1.2588 -6.2595 5.8000
v 1.2588 -6.4595 5.9000
v 1.2588 -6.6595 5.9500
v 1.2688 -6.8995 5.9900
v 1.2688 -7.1195 6.0200
v 1.2688 -7.3695 5.9400
v 1.2688 -7.6195 5.8700
v 1.2688 -7.8695 5.7900
v 1.2788 -8.1095 5.6900
v 1.2788 -8.3595 5.6100
v 1.2788 -8.6095 5.5500
v 1.2788 -8.8795 5.4400
v 1.2788 -9.1395 5.3600
v 1.2888 -9.3895 5.3000
v 1.2888 -9.6495 5.1900
v 1.2888 -9.9195 5.1000
v 1.2888 -10.1495 5.0400
v 1.2988 -10.3795 4.9600
v 1.2988 -10.5995 4.9100
v 1.2988 -10.8495 4.8300
v 1.2988 -11.0795 4.7700
v 1.2988 -11.3495 4.6900
v 1.2988 -11.5595 4.6200
v 1.3088 -11.8195 4.5200
v 1.3088 -12.0495 4.4600
v 1.3088 -12.2895 4.3700
v 1.3088 -12.5395 4.3000
v 1.3188 -12.7995 4.2200
v 1.3188 -13.0395 4.1500
v 1.3188 -13.2895 4.0700
v 1.3188 -13.5095 4.0100
v 1.3188 -13.7695 3.9000
v 1.3288 -14.0095 3.8500
v 1.3288 -14.2695 3.7500
v 1.3288 -14.4995 3.7300
v 1.3288 -14.7295 3.6500
v 1.3288 -14.9895 3.5800
v 1.3388 -15.2695 3.4000
v 1.3388 -15.4895 3.4400
v 0.9188 3.2605 6.1500
v 0.9188 3.0605 6.2200
v 0.9188 2.8605 6.3200
v 0.9288 2.6305 6.3800
v 0.9288 2.4105 6.4400
v 0.9288 2.1905 6.5600
v 0.9288 1.9805 6.5600
v 0.9388 1.7605 6.4900
v 0.9388 1.4805 6.3700
v 0.9388 1.2105 6.2900
v 0.9388 0.9705 6.2000
v 0.9388 0.7105 6.0800
v 0.9488 0.4805 6.0000
v 0.9488 0.2105 5.9300
v 0.9488 -0.0095 5.8500
v 0.9488 -0.2295 5.7200
v 0.9488 -0.4695 5.6600
v 0.9588 -0.7595 5.5500
v 0.9588 -1.0195 5.4700
v 0.9588 -1.2595 5.3800
v 0.9588 -1.5095 5.2700
v 0.9588 -1.7495 5.1900
v 0.9688 -2.0095 5.1000
v 0.9688 -2.2395 5.0000
v 0.9688 -2.4795 4.9000
v 0.9688 -2.7395 4.8400
v 0.9788 -2.9595 4.8700
v 0.9788 -3.1795 4.9200
v 0.9788 -3.4095 4.9800
v 0.9788 -3.6295 5.0500
v 0.9788 -3.8495 5.1700
v 0.9788 -4.0595 5.2200
v 0.9888 -4.2795 5.2800
v 0.9888 -4.4895 5.3500
v 0.9888 -4.7295 5.4400
v 0.9888 -4.9495 5.5000
v 0.9888 -5.1495 5.5600
v 0.9988 -5.3595 5.6200
v 0.9988 -5.5895 5.7100
v 0.9988 -5.8195 5.7700
v 0.9988 -6.0095 5.8300
v 0.9988 -6.2395 5.8900
v 1.0088 -6.4595 5.9800
v 1.0088 -6.6795 6.0500
v 1.0088 -6.8895 6.0000
v 1.0088 -7.1695 5.9200
v 1.0088 -7.4295 5.8100
v 1.0188 -7.6995 5.7000
v 1.0188 -7.9395 5.6400
v 1.0188 -8.1995 5.5500
v 1.0188 -8.4695 5.4600
v 1.0188 -8.7095 5.4200
v 1.0288 -8.9295 5.3000
v 1.0288 -9.1695 5.2500
v 1.0288 -9.4095 5.1500
v 1.0288 -9.6395 5.1000
v 1.0288 -9.8995 5.0100
v 1.0388 -10.1295 4.9400
v 1.0388 -10.3595 4.8800
v 1.0388 -10.6095 4.8000
v 1.0388 -10.8395 4.7200
v 1.0388 -11.0895 4.6500
v 1.0488 -11.3295 4.5600
v 1.0488 -11.5995 4.5100
v 1.0488 -11.8295 4.4200
v 1.0488 -12.0595 4.3600
v 1.0588 -12.3195 4.2500
v 1.0588 -12.5595 4.1600
v 1.0588 -12.8195 4.1200
v 1.0588 -13.0495 4.0300
v 1.0588 -13.2895 3.9600
v 1.0688 -13.5495 3.8800
v 1.0688 -13.8095 3.8100
v 1.0688 -14.0595 3.7700
v 1.0688 -14.3195 3.6400
v 1.0688 -14.5495 3.5700
v 1.0788 -14.8195 3.4900
v 0.5988 3.2405 6.0700
v 0.5988 3.0105 6.1600
v 0.5988 2.8105 6.2300
v 0.5988 2.5805 6.3200
v 0.6088 2.3405 6.4100
v 0.6088 2.1305 6.4800
v 0.6088 1.9205 6.6000
v 0.6088 1.7205 6.5700
v 0.6188 1.4505 6.4700
v 0.6188 1.2205 6.3800
v 0.6188 0.9605 6.2600
v 0.6188 0.7105 6.1900
v 0.6188 0.4405 6.1000
v 0.6288 0.2005 6.0200
v 0.6288 -0.0195 5.9400
v 0.6288 -0.2895 5.8200
v 0.6288 -0.5295 5.7600
v 0.6288 -0.7595 5.6500
v 0.6388 -1.0195 5.5600
v 0.6388 -1.2495 5.4900
v 0.6388 -1.5095 5.3800
v 0.6388 -1.7795 5.2800
v 0.6388 -2.0195 5.1900
v 0.6488 -2.2695 5.1000
v 0.6488 -2.5295 5.0000
v 0.6488 -2.7895 4.9300
v 0.6488 -2.9895 4.9700
v 0.6488 -3.2195 5.0600
v 0.6588 -3.4495 5.1200
v 0.6588 -3.6595 5.1700
v 0.6588 -3.8695 5.2700
v 0.6588 -4.0795 5.3400
v 0.6588 -4.3095 5.4200
v 0.6688 -4.5195 5.4700
v 0.6688 -4.7595 5.5700
v 0.6688 -4.9595 5.6100
v 0.6688 -5.1795 5.6800
v 0.6688 -5.3995 5.7700
v 0.6688 -5.6295 5.8200
v 0.6788 -5.8495 5.9000
v 0.6788 -6.0695 5.9800
v 0.6788 -6.2995 6.0400
v 0.6788 -6.5495 6.0200
v 0.6788 -6.7995 5.9300
v 0.6888 -7.0295 5.8500
v 0.6888 -7.2595 5.7800
v 0.6888 -7.5195 5.6800
v 0.6888 -7.7595 5.6000
v 0.6888 -7.9795 5.5200
v 0.6988 -8.2395 5.4400
v 0.6988 -8.4895 5.3600
v 0.6988 -8.7295 5.2900
v 0.6988 -8.9395 5.1900
v 0.7088 -9.1895 5.1200
v 0.7088 -9.4595 5.0600
v 0.7088 -9.7095 4.9900
v 0.7088 -9.9395 4.9000
v 0.7088 -10.1595 4.8400
v 0.7188 -10.4195 4.7200
v 0.7188 -10.6795 4.6900
v 0.7188 -10.9095 4.5800
v 0.7188 -11.1595 4.5100
v 0.7288 -11.3995 4.4100
v 0.7288 -11.6495 4.3400
v 0.7288 -11.8995 4.2600
v 0.7288 -12.1395 4.2000
v 0.7288 -12.3995 4.1200
v 0.7288 -12.6795 4.0200
v 0.7388 -12.9095 3.9700
v 0.7388 -13.1495 3.8800
v 0.7388 -13.3795 3.7900
v 0.7388 -13.6395 3.7400
v 0.7488 -13.8695 3.7000
v 0.7488 -14.1295 3.5800
v 0.7488 -14.3595 3.5000
v 0.7488 -14.6395 3.5100
v 0.3388 3.3405 5.9600
v 0.3388 3.1205 6.0200
v 0.3388 2.9205 6.1000
v 0.3488 2.6905 6.1800
v 0.3488 2.4705 6.2700
v 0.3488 2.2505 6.3600
v 0.3488 2.0305 6.4100
v 0.3488 1.8305 6.5200
v 0.3488 1.6005 6.5800
v 0.3588 1.3905 6.5000
v 0.3588 1.1405 6.4400
v 0.3588 0.8705 6.3600
v 0.3588 0.6505 6.2600
v 0.3588 0.3905 6.1500
v 0.3688 0.1305 6.0400
v 0.3688 -0.1095 5.9900
v 0.3688 -0.3595 5.8900
v 0.3688 -0.6195 5.7700
v 0.3788 -0.8795 5.6900
v 0.3788 -1.1295 5.6200
v 0.3788 -1.3795 5.5000
v 0.3788 -1.6395 5.4100
v 0.3788 -1.8795 5.3100
v 0.3888 -2.1095 5.2600
v 0.3888 -2.3895 5.1300
v 0.3888 -2.6395 5.0500
v 0.3888 -2.8595 5.0100
v 0.3888 -3.0795 5.0900
v 0.3988 -3.2995 5.1700
v 0.3988 -3.5195 5.2400
v 0.3988 -3.7195 5.3000
v 0.3988 -3.9595 5.3900
v 0.3988 -4.1795 5.4700
v 0.4088 -4.4095 5.5300
v 0.4088 -4.6195 5.6100
v 0.4088 -4.8495 5.6900
v 0.4088 -5.0895 5.7500
v 0.4088 -5.2895 5.8000
v 0.4088 -5.4895 5.8500
v 0.4188 -5.7095 5.9600
v 0.4188 -5.9095 6.0300
v 0.4188 -6.1195 6.0400
v 0.4188 -6.3795 5.9700
v 0.4188 -6.6195 5.8600
v 0.4288 -6.8595 5.8000
v 0.4288 -7.0995 5.7400
v 0.4288 -7.3195 5.6500
v 0.4288 -7.5795 5.5700
v 0.4388 -7.8495 5.4600
v 0.4388 -8.0795 5.4100
v 0.4388 -8.3195 5.3100
v 0.4388 -8.5495 5.2300
v 0.4388 -8.8195 5.1500
v 0.4388 -9.0595 5.0900
v 0.4488 -9.3195 4.9800
v 0.4488 -9.5495 4.9100
v 0.4488 -9.7795 4.8600
v 0.4488 -10.0395 4.7800
v 0.4588 -10.2895 4.7100
v 0.4588 -10.5495 4.6200
v 0.4588 -10.8095 4.5300
v 0.4588 -11.0395 4.4600
v 0.4588 -11.2995 4.3800
v 0.4688 -11.5295 4.3100
v 0.4688 -11.7695 4.2400
v 0.4688 -12.0095 4.1700
v 0.4688 -12.2795 4.0600
v 0.4688 -12.4995 4.0100
v 0.4788 -12.7795 3.9200
v 0.4788 -13.0195 3.8400
v 0.4788 -13.2595 3.7700
v 0.4788 -13.5295 3.6600
v 0.4888 -13.7495 3.6200
v 0.4888 -13.9995 3.5300
v 0.4888 -14.2595 3.4400
v 0.4888 -14.4695 3.4900
v 0.1688 3.4205 5.8600
v 0.1788 3.2205 5.9600
v 0.1788 3.0005 6.0300
v 0.1788 2.7805 6.1000
v 0.1788 2.5805 6.1600
v 0.1788 2.3605 6.2700
v 0.1788 2.1605 6.3300
v 0.1888 1.9205 6.4100
v 0.1888 1.7005 6.4900
v 0.1888 1.5005 6.5800
v 0.1888 1.2605 6.5300
v 0.1988 0.9805 6.4300
v 0.1988 0.7205 6.3200
v 0.1988 0.5005 6.2700
v 0.1988 0.2505 6.1600
v 0.1988 -0.0095 6.0900
v 0.2088 -0.2595 5.9700
v 0.2088 -0.4895 5.9000
v 0.2088 -0.7395 5.7800
v 0.2088 -0.9995 5.7100
v 0.2088 -1.2495 5.6200
v 0.2188 -1.4995 5.5100
v 0.2188 -1.7295 5.4400
v 0.2188 -1.9995 5.3000
v 0.2188 -2.2395 5.2500
v 0.2288 -2.4995 5.1600
v 0.2288 -2.7395 5.0700
v 0.2288 -2.9695 5.1500
v 0.2288 -3.2095 5.1900
v 0.2288 -3.4195 5.2800
v 0.2388 -3.6595 5.3200
v 0.2388 -3.8595 5.4200
v 0.2388 -4.0795 5.4700
v 0.2388 -4.2895 5.5300
v 0.2388 -4.4895 5.6100
v 0.2388 -4.6795 5.6800
v 0.2488 -4.9195 5.7600
v 0.2488 -5.1295 5.8100
v 0.2488 -5.3395 5.8800
v 0.2488 -5.5395 5.9500
v 0.2488 -5.7395 6.0400
v 0.2588 -5.9895 6.0300
v 0.2588 -6.2495 5.9200
v 0.2588 -6.4695 5.8700
v 0.2588 -6.7095 5.7800
v 0.2588 -6.9595 5.7000
v 0.2688 -7.2095 5.6200
v 0.2688 -7.4495 5.5400
v 0.2688 -7.6995 5.4600
v 0.2688 -7.9395 5.3800
v 0.2688 -8.1895 5.2800
v 0.2788 -8.4395 5.2200
v 0.2788 -8.6795 5.1500
v 0.2788 -8.9495 5.0600
v 0.2788 -9.2095 4.9800
v 0.2788 -9.4495 4.9000
v 0.2888 -9.6995 4.8000
v 0.2888 -9.9395 4.7600
v 0.2888 -10.1795 4.6700
v 0.2888 -10.4195 4.5800
v 0.2888 -10.6395 4.5100
v 0.2988 -10.9195 4.4400
v 0.2988 -11.1895 4.3200
v 0.2988 -11.4195 4.3000
v 0.2988 -11.6595 4.1800
v 0.3088 -11.9195 4.1100
v 0.3088 -12.1595 4.0600
v 0.3088 -12.3895 3.9700
v 0.3088 -12.6395 3.8700
v 0.3088 -12.8895 3.8100
v 0.3188 -13.1395 3.7300
v 0.3188 -13.4095 3.6600
v 0.3188 -13.6095 3.5700
v 0.3188 -13.8895 3.5100
v 0.3288 -14.1395 3.4700
v -0.0012 3.3005 5.8600
v -0.0012 3.0605 5.9400
v -0.0012 2.8705 6.0200
v 0.0088 2.6605 6.1100
v 0.0088 2.4205 6.1800
v 0.0088 2.1905 6.2600
v 0.0088 1.9905 6.3300
v 0.0088 1.7705 6.4300
v 0.0188 1.5605 6.5100
v 0.0188 1.3405 6.5800
v 0.0188 1.1005 6.5600
v 0.0188 0.8605 6.4500
v 0.0188 0.5905 6.3600
v 0.0288 0.3405 6.2600
v 0.0288 0.0905 6.1600
v 0.0288 -0.1395 6.0900
v 0.0288 -0.3695 5.9800
v 0.0288 -0.6295 5.8900
v 0.0388 -0.9095 5.8000
v 0.0388 -1.1595 5.6900
v 0.0388 -1.4095 5.6100
v 0.0388 -1.6595 5.5200
v 0.0488 -1.9295 5.4800
v 0.0488 -2.1795 5.3600
v 0.0488 -2.4295 5.2300
v 0.0488 -2.6595 5.1600
v 0.0488 -2.8895 5.1600
v 0.0588 -3.0895 5.2500
v 0.0588 -3.2995 5.3000
v 0.0588 -3.5295 5.3700
v 0.0588 -3.7395 5.4600
v 0.0588 -3.9395 5.5100
v 0.0588 -4.1495 5.5700
v 0.0688 -4.3495 5.6300
v 0.0688 -4.5895 5.7000
v 0.0688 -4.8195 5.7700
v 0.0688 -5.0195 5.8400
v 0.0688 -5.2095 5.9100
v 0.0688 -5.4395 5.9600
v 0.0788 -5.6495 6.0600
v 0.0788 -5.8895 5.9800
v 0.0788 -6.1395 5.9000
v 0.0788 -6.3895 5.8100
v 0.0888 -6.6195 5.7700
v 0.0888 -6.8795 5.6600
v 0.0888 -7.1295 5.5800
v 0.0888 -7.3895 5.4900
v 0.0888 -7.6395 5.4300
v 0.0988 -7.8895 5.3400
v 0.0988 -8.1395 5.2600
v 0.0988 -8.3495 5.1800
v 0.0988 -8.6195 5.1000
v 0.0988 -8.8495 5.0500
v 0.1088 -9.0995 4.9400
v 0.1088 -9.3395 4.8400
v 0.1088 -9.6195 4.7700
v 0.1088 -9.8595 4.7200
v 0.1188 -10.0895 4.6300
v 0.1188 -10.3295 4.5500
v 0.1188 -10.5795 4.5000
v 0.1188 -10.8195 4.4000
v 0.1188 -11.0795 4.3300
v 0.1288 -11.2995 4.2500
v 0.1288 -11.5695 4.1800
v 0.1288 -11.8295 4.1000
v 0.1288 -12.0695 4.0100
v 0.1288 -12.3095 3.9300
v 0.1388 -12.5795 3.8600
v 0.1388 -12.8395 3.7600
v 0.1388 -13.0695 3.7100
v 0.1388 -13.3295 3.6200
v 0.1488 -13.5895 3.5100
v 0.1488 -13.8295 3.4700
v 0.1488 -14.0695 3.4100
v -0.2612 3.3605 5.7300
v -0.2612 3.1305 5.8400
v -0.2612 2.9305 5.9100
v -0.2612 2.7305 5.9900
v -0.2512 2.5105 6.0800
v -0.2512 2.2805 6.1700
v -0.2512 2.0705 6.2200
v -0.2512 1.8505 6.3200
v -0.2512 1.6705 6.3900
v -0.2412 1.4105 6.4900
v -0.2412 1.2005 6.5400
v -0.2412 0.9805 6.5800
v -0.2412 0.7205 6.4800
v -0.2412 0.4605 6.3800
v -0.2312 0.1905 6.2700
v -0.2312 -0.0695 6.1700
v -0.2312 -0.3095 6.0900
v -0.2312 -0.5595 5.9900
v -0.2312 -0.7995 5.9400
v -0.2212 -1.0395 5.8100
v -0.2212 -1.2695 5.7300
v -0.2212 -1.5095 5.6500
v -0.2212 -1.7695 5.5600
v -0.2112 -1.9995 5.5000
v -0.2112 -2.2295 5.4300
v -0.2112 -2.4695 5.3000
v -0.2112 -2.7095 5.2400
v -0.2112 -2.9495 5.2500
v -0.2112 -3.1595 5.3400
v -0.2012 -3.3595 5.4600
v -0.2012 -3.5595 5.5600
v -0.2012 -3.7895 5.5800
v -0.2012 -4.0195 5.6200
v -0.2012 -4.2195 5.7000
v -0.1912 -4.4295 5.7600
v -0.1912 -4.6595 5.8100
v -0.1912 -4.8595 5.8900
v -0.1912 -5.0795 5.9600
v -0.1912 -5.2895 6.0500
v -0.1812 -5.5695 6.0200
v -0.1812 -5.8195 5.9200
v -0.1812 -6.0395 5.8600
v -0.1812 -6.3095 5.7400
v -0.1812 -6.5495 5.6900
v -0.1712 -6.7895 5.6200
v -0.1712 -7.0195 5.5000
v -0.1712 -7.2695 5.4300
v -0.1712 -7.5395 5.3600
v -0.1712 -7.7895 5.3000
v -0.1612 -8.0295 5.1900
v -0.1612 -8.2595 5.1000
v -0.1612 -8.5195 5.0300
v -0.1612 -8.7595 4.9400
v -0.1512 -8.9895 4.9100
v -0.1512 -9.2395 4.8200
v -0.1512 -9.4895 4.7200
v -0.1512 -9.7495 4.6400
v -0.1512 -9.9895 4.5800
v -0.1412 -10.2295 4.4700
v -0.1412 -10.4995 4.4300
v -0.1412 -10.7695 4.3100
v -0.1412 -11.0195 4.2300
v -0.1412 -11.2395 4.1800
v -0.1312 -11.5095 4.0800
v -0.1312 -11.7495 4.0300
v -0.1312 -12.0095 3.9400
v -0.1312 -12.2395 3.8600
v -0.1312 -12.4895 3.7600
v -0.1212 -12.7395 3.7100
v -0.1212 -12.9895 3.6200
v -0.1212 -13.2395 3.5400
v -0.1212 -13.4795 3.4900
v -0.1112 -13.7195 3.4400
v -0.5412 3.2305 5.6900
v -0.5312 3.0405 5.8000
v -0.5312 2.8105 5.8700
v -0.5312 2.6005 5.9500
v -0.5312 2.3805 6.0300
v -0.5312 2.1705 6.1000
v -0.5212 1.9305 6.1900
v -0.5212 1.7105 6.2900
v -0.5212 1.4805 6.3300
v -0.5212 1.2605 6.4400
v -0.5212 1.0505 6.5100
v -0.5212 0.8405 6.5600
v -0.5112 0.6105 6.5200
v -0.5112 0.3705 6.4200
v -0.5112 0.1405 6.3400
v -0.5112 -0.1195 6.2600
v -0.5112 -0.3595 6.1600
v -0.5012 -0.5995 6.0700
v -0.5012 -0.8195 6.0000
v -0.5012 -1.0695 5.9000
v -0.5012 -1.3295 5.8100
v -0.5012 -1.5795 5.7000
v -0.4912 -1.7995 5.6300
v -0.4912 -2.0595 5.5500
v -0.4912 -2.2995 5.4500
v -0.4912 -2.5595 5.3700
v -0.4912 -2.7695 5.2900
v -0.4812 -3.0095 5.4100
v -0.4812 -3.2195 5.4400
v -0.4812 -3.4095 5.5300
v -0.4812 -3.6495 5.6000
v -0.4812 -3.8695 5.6800
v -0.4712 -4.1095 5.7400
v -0.4712 -4.3395 5.7900
v -0.4712 -4.5295 5.8900
v -0.4712 -4.7595 5.9400
v -0.4712 -4.9695 6.0000
v -0.4612 -5.1895 6.0200
v -0.4612 -5.4195 5.9600
v -0.4612 -5.6795 5.8600
v -0.4612 -5.9395 5.8000
v -0.4612 -6.0495 6.4700
v -0.4612 -6.2395 6.6000
v -0.4512 -6.4195 6.7700
v -0.4512 -6.6595 5.5700
v -0.4512 -6.9195 5.4600
v -0.4512 -7.1695 5.3700
v -0.4512 -7.3895 5.3000
v -0.4412 -7.6495 5.2200
v -0.4412 -7.8995 5.1300
v -0.4412 -8.1695 5.0400
v -0.4412 -8.4195 4.9800
v -0.4412 -8.6495 4.8900
v -0.4312 -8.8995 4.8100
v -0.4312 -9.1595 4.7200
v -0.4312 -9.4095 4.6500
v -0.4312 -9.6495 4.5900
v -0.4212 -9.9095 4.4900
v -0.4212 -10.1795 4.4000
v -0.4212 -10.3995 4.3400
v -0.4212 -10.6295 4.2500
v -0.4212 -10.9095 4.1800
v -0.4112 -11.1595 4.1300
v -0.4112 -11.3995 4.0100
v -0.4112 -11.6595 3.9700
v -0.4112 -11.8795 3.8900
v -0.4112 -12.1395 3.8200
v -0.4012 -12.3895 3.7000
v -0.4012 -12.6395 3.6500
v -0.4012 -12.9095 3.5300
v -0.4012 -13.1595 3.5000
v -0.3912 -13.4095 3.4200
v -0.7612 3.2105 5.6400
v -0.7612 3.0005 5.7300
v -0.7512 2.7605 5.7800
v -0.7512 2.5605 5.8800
v -0.7512 2.3705 5.9600
v -0.7512 2.1505 6.0300
v -0.7512 1.9305 6.1000
v -0.7512 1.7405 6.1700
v -0.7412 1.5205 6.2500
v -0.7412 1.3105 6.3700
v -0.7412 1.1105 6.4300
v -0.7412 0.8905 6.4900
v -0.7412 0.7105 6.5700
v -0.7312 0.4605 6.5800
v -0.7312 0.1905 6.4400
v -0.7312 -0.0495 6.3600
v -0.7312 -0.2895 6.2600
v -0.7312 -0.5195 6.1700
v -0.7212 -0.7695 6.0900
v -0.7212 -1.0195 5.9900
v -0.7212 -1.2895 5.8800
v -0.7212 -1.5095 5.8300
v -0.7212 -1.7495 5.7200
v -0.7112 -2.0095 5.6300
v -0.7112 -2.2695 5.5400
v -0.7112 -2.5295 5.4400
v -0.7112 -2.7595 5.4100
v -0.7012 -2.9895 5.4400
v -0.7012 -3.1995 5.5400
v -0.7012 -3.4295 5.5900
v -0.7012 -3.6195 5.6600
v -0.7012 -3.8195 5.7500
v -0.7012 -4.0595 5.8100
v -0.6912 -4.2795 5.9000
v -0.6912 -4.4995 5.9800
v -0.6912 -4.6995 6.0400
v -0.6912 -4.9395 6.0400
v -0.6912 -5.1895 5.9200
v -0.6812 -5.4295 5.8600
v -0.6812 -5.6495 5.7700
v -0.6812 -5.9095 5.7600
v -0.6812 -5.9795 6.5500
v -0.6812 -6.2095 6.5800
v -0.6812 -6.3995 6.7700
v -0.6712 -6.6395 6.7000
v -0.6712 -6.9095 5.3400
v -0.6712 -7.1595 5.3200
v -0.6712 -7.4095 5.2300
v -0.6612 -7.6695 5.1100
v -0.6612 -7.9195 5.0600
v -0.6612 -8.1795 4.9800
v -0.6612 -8.4195 4.8700
v -0.6612 -8.6595 4.8200
v -0.6512 -8.8995 4.7200
v -0.6512 -9.1595 4.6600
v -0.6512 -9.4195 4.5700
v -0.6512 -9.6595 4.4700
v -0.6412 -9.9195 4.4000
v -0.6412 -10.1595 4.3300
v -0.6412 -10.3895 4.2700
v -0.6412 -10.6295 4.1800
v -0.6412 -10.8995 4.0800
v -0.6312 -11.1595 4.0200
v -0.6312 -11.4195 3.9400
v -0.6312 -11.6695 3.8700
v -0.6312 -11.9295 3.7900
v -0.6212 -12.1895 3.7200
v -0.6212 -12.4295 3.6400
v -0.6212 -12.6695 3.5400
v -0.6212 -12.8895 3.4800
v -0.6212 -13.1195 3.4300
v -0.9612 3.3905 5.5400
v -0.9612 3.1405 5.6000
v -0.9612 2.9405 5.6900
v -0.9512 2.7505 5.7500
v -0.9512 2.5405 5.8400
v -0.9512 2.3305 5.9300
v -0.9512 2.1005 6.0000
v -0.9512 1.8805 6.0800
v -0.9512 1.6905 6.1600
v -0.9412 1.4705 6.2300
v -0.9412 1.2505 6.3000
v -0.9412 1.0405 6.3700
v -0.9412 0.8405 6.4600
v -0.9412 0.6105 6.5500
v -0.9312 0.4005 6.6000
v -0.9312 0.1505 6.5000
v -0.9312 -0.0895 6.4100
v -0.9312 -0.3595 6.3000
v -0.9312 -0.6095 6.2100
v -0.9212 -0.8695 6.1300
v -0.9212 -1.0995 6.0200
v -0.9212 -1.3595 5.9100
v -0.9212 -1.5995 5.8500
v -0.9112 -1.8495 5.7400
v -0.9112 -2.0695 5.6700
v -0.9112 -2.3195 5.5900
v -0.9112 -2.5895 5.4800
v -0.9112 -2.8395 5.4900
v -0.9012 -3.0395 5.5800
v -0.9012 -3.2395 5.6400
v -0.9012 -3.4695 5.7000
v -0.9012 -3.6995 5.7600
v -0.9012 -3.8795 5.8600
v -0.8912 -4.0795 5.9100
v -0.8912 -4.3195 5.9700
v -0.8912 -4.5495 6.0400
v -0.8912 -4.7995 5.9900
v -0.8912 -5.0295 5.9000
v -0.8812 -5.2795 5.8300
v -0.8812 -5.5595 5.7200
v -0.8812 -5.8195 5.6500
v -0.8812 -5.8495 6.5400
v -0.8812 -6.0295 5.6300
v -0.8812 -6.0995 6.5200
v -0.8812 -6.3295 6.5700
v -0.8712 -6.5495 6.6100
v -0.8712 -6.7995 5.3300
v -0.8712 -7.0095 5.2600
v -0.8712 -7.2795 5.1800
v -0.8712 -7.5395 5.1100
v -0.8612 -7.7995 5.0300
v -0.8612 -8.0295 4.9300
v -0.8612 -8.2695 4.8700
v -0.8612 -8.5295 4.7700
v -0.8512 -8.7695 4.7000
v -0.8512 -9.0195 4.6200
v -0.8512 -9.2795 4.5300
v -0.8512 -9.5295 4.4400
v -0.8512 -9.8095 4.3700
v -0.8412 -10.0595 4.2800
v -0.8412 -10.3095 4.2100
v -0.8412 -10.5395 4.1300
v -0.8412 -10.7895 4.0600
v -0.8412 -11.0195 4.0100
v -0.8312 -11.2595 3.8800
v -0.8312 -11.4795 3.8200
v -0.8312 -11.7495 3.7600
v -0.8312 -11.9995 3.6700
v -0.8212 -12.2195 3.6200
v -0.8212 -12.4595 3.5300
v -0.8212 -12.6795 3.4900
v -0.8212 -12.9495 3.4100
v -1.2012 3.1905 5.5300
v -1.1912 2.9805 5.5800
v -1.1912 2.7905 5.6700
v -1.1912 2.6005 5.7300
v -1.1912 2.3505 5.8000
v -1.1912 2.1305 5.8800
v -1.1912 1.9405 6.0000
v -1.1812 1.7405 6.0500
v -1.1812 1.5205 6.1300
v -1.1812 1.2905 6.2100
v -1.1812 1.0705 6.2700
v -1.1812 0.8605 6.3500
v -1.1812 0.6205 6.4400
v -1.1712 0.4105 6.5400
v -1.1712 0.1805 6.5800
v -1.1712 -0.0495 6.4900
v -1.1712 -0.2895 6.4200
v -1.1612 -0.5295 6.3400
v -1.1612 -0.7795 6.2200
v -1.1612 -1.0395 6.1100
v -1.1612 -1.2995 6.0300
v -1.1612 -1.5495 5.9500
v -1.1512 -1.7795 5.8400
v -1.1512 -2.0295 5.7500
v -1.1512 -2.2695 5.6900
v -1.1512 -2.5095 5.5900
v -1.1512 -2.7595 5.5800
v -1.1412 -2.9595 5.6100
v -1.1412 -3.1795 5.7100
v -1.1412 -3.4195 5.7600
v -1.1412 -3.6295 5.8300
v -1.1412 -3.8495 5.9200
v -1.1312 -4.0695 5.9800
v -1.1312 -4.2895 6.0400
v -1.1312 -4.5395 5.9900
v -1.1312 -4.7895 5.9100
v -1.1312 -5.0395 5.8100
v -1.1212 -5.2595 5.7500
v -1.1212 -5.5295 5.6500
v -1.1212 -5.7695 5.6100
v -1.1212 -6.0095 5.4800
v -1.1212 -6.2495 5.4500
v -1.1212 -6.2695 6.5800
v -1.1112 -6.5295 5.3000
v -1.1112 -6.7595 5.2700
v -1.1112 -7.0095 5.1900
v -1.1112 -7.2395 5.0900
v -1.1012 -7.5195 5.0200
v -1.1012 -7.7695 4.9400
v -1.1012 -8.0295 4.8500
v -1.1012 -8.2595 4.7700
v -1.0912 -8.5395 4.7000
v -1.0912 -8.7995 4.6300
v -1.0912 -9.0395 4.5500
v -1.0912 -9.2695 4.4600
v -1.0912 -9.5195 4.3800
v -1.0812 -9.7495 4.3200
v -1.0812 -9.9795 4.2500
v -1.0812 -10.2395 4.1500
v -1.0812 -10.4795 4.0700
v -1.0812 -10.7195 4.0100
v -1.0712 -10.9495 3.9300
v -1.0712 -11.1795 3.8500
v -1.0712 -11.4395 3.7700
v -1.0712 -11.7095 3.6600
v -1.0712 -11.9495 3.6200
v -1.0612 -12.1595 3.5600
v -1.0612 -12.4095 3.4800
v -1.0612 -12.6695 3.3900
v -1.4412 3.2405 5.4100
v -1.4412 3.0305 5.5200
v -1.4412 2.8005 5.5800
v -1.4312 2.5805 5.6800
v -1.4312 2.3505 5.7400
v -1.4312 2.1405 5.8200
v -1.4312 1.9205 5.9000
v -1.4312 1.7105 5.9700
v -1.4312 1.5105 6.0700
v -1.4212 1.3105 6.1300
v -1.4212 1.0805 6.2300
v -1.4212 0.8405 6.3000
v -1.4212 0.6405 6.3800
v -1.4212 0.4305 6.4600
v -1.4112 0.2205 6.5500
v -1.4112 -0.0095 6.6000
v -1.4112 -0.2595 6.4900
v -1.4112 -0.4795 6.4100
v -1.4112 -0.7495 6.3100
v -1.4012 -0.9795 6.2300
v -1.4012 -1.2495 6.1000
v -1.4012 -1.4895 6.0300
v -1.4012 -1.7295 5.9800
v -1.3912 -1.9995 5.8700
v -1.3912 -2.2595 5.7500
v -1.3912 -2.4995 5.6700
v -1.3912 -2.7395 5.6300
v -1.3912 -2.9695 5.7200
v -1.3912 -3.1995 5.7800
v -1.3812 -3.3895 5.8600
v -1.3812 -3.5995 5.8900
v -1.3812 -3.8295 6.0100
v -1.3812 -4.0495 6.0500
v -1.3812 -4.2895 5.9600
v -1.3712 -4.5595 5.9100
v -1.3712 -4.7895 5.8400
v -1.3712 -5.0395 5.7400
v -1.3712 -5.2895 5.6600
v -1.3612 -5.5195 5.6100
v -1.3612 -5.7995 5.4900
v -1.3612 -6.0495 5.4300
v -1.3612 -6.3095 5.3300
v -1.3612 -6.5695 5.2200
v -1.3512 -6.8195 5.2000
v -1.3512 -7.0595 5.1100
v -1.3512 -7.2895 5.0200
v -1.3512 -7.5295 4.9300
v -1.3512 -7.7695 4.8800
v -1.3412 -7.9995 4.8000
v -1.3412 -8.2695 4.6900
v -1.3412 -8.4895 4.6200
v -1.3412 -8.7295 4.5600
v -1.3412 -8.9795 4.4600
v -1.3312 -9.2195 4.4000
v -1.3312 -9.4695 4.3200
v -1.3312 -9.7395 4.2100
v -1.3312 -9.9695 4.1700
v -1.3212 -10.2095 4.0800
v -1.3212 -10.4395 4.0200
v -1.3212 -10.6895 3.9300
v -1.3212 -10.9295 3.8400
v -1.3212 -11.1995 3.7700
v -1.3112 -11.4195 3.7200
v -1.3112 -11.6395 3.6200
v -1.3112 -11.9195 3.5500
v -1.3112 -12.1895 3.4800
v -1.3012 -12.4395 3.4300
v -1.6812 3.2205 5.3600
v -1.6812 3.0105 5.4400
v -1.6812 2.8005 5.5300
v -1.6812 2.6005 5.6000
v -1.6712 2.3605 5.6700
v -1.6712 2.1305 5.7500
v -1.6712 1.9305 5.8400
v -1.6712 1.7305 5.9000
v -1.6712 1.5005 6.0100
v -1.6612 1.3005 6.1100
v -1.6612 1.1005 6.2200
v -1.6612 0.8605 6.2200
v -1.6612 0.6605 6.3100
v -1.6612 0.4305 6.3800
v -1.6512 0.2005 6.4500
v -1.6512 0.0005 6.5300
v -1.6512 -0.2295 6.5900
v -1.6512 -0.4795 6.4700
v -1.6512 -0.7495 6.3900
v -1.6412 -0.9795 6.3200
v -1.6412 -1.2295 6.2300
v -1.6412 -1.4895 6.1300
v -1.6412 -1.7295 6.0400
v -1.6412 -1.9595 5.9600
v -1.6312 -2.2295 5.8100
v -1.6312 -2.4695 5.7500
v -1.6312 -2.7095 5.7300
v -1.6312 -2.9595 5.7500
v -1.6312 -3.1295 5.8600
v -1.6212 -3.3695 5.9300
v -1.6212 -3.5795 5.9900
v -1.6212 -3.8095 6.0500
v -1.6212 -4.0695 5.9600
v -1.6212 -4.3095 5.8700
v -1.6112 -4.5695 5.7700
v -1.6112 -4.8295 5.7300
v -1.6112 -5.0995 5.6100
v -1.6112 -5.3095 5.5500
v -1.6112 -5.5495 5.4900
v -1.6012 -5.7995 5.4300
v -1.6012 -6.0295 5.3400
v -1.6012 -6.2495 5.2800
v -1.6012 -6.5195 5.1700
v -1.5912 -6.7595 5.0900
v -1.5912 -6.9995 5.0200
v -1.5912 -7.2395 4.9500
v -1.5912 -7.4695 4.8600
v -1.5912 -7.7195 4.7600
v -1.5812 -7.9695 4.7200
v -1.5812 -8.2195 4.6200
v -1.5812 -8.4495 4.5400
v -1.5812 -8.6895 4.4700
v -1.5812 -8.9595 4.4000
v -1.5712 -9.1795 4.3300
v -1.5712 -9.4395 4.2300
v -1.5712 -9.6795 4.1400
v -1.5712 -9.9195 4.0700
v -1.5712 -10.1695 4.0200
v -1.5612 -10.4295 3.9300
v -1.5612 -10.6795 3.8500
v -1.5612 -10.9395 3.7800
v -1.5612 -11.1895 3.6800
v -1.5512 -11.4395 3.5900
v -1.5512 -11.6695 3.5300
v -1.5512 -11.9095 3.4800
v -1.5512 -12.1495 3.4200
v -1.9712 3.2705 5.2500
v -1.9712 3.0405 5.3000
v -1.9712 2.8605 5.4000
v -1.9612 2.6405 5.4500
v -1.9612 2.4105 5.5700
v -1.9612 2.2005 5.6100
v -1.9612 1.9905 5.7100
v -1.9612 1.7705 5.8200
v -1.9512 1.5505 5.8300
v -1.9512 1.3405 5.9700
v -1.9512 1.1105 6.0000
v -1.9512 0.8905 6.1100
v -1.9512 0.6905 6.1600
v -1.9512 0.4505 6.2700
v -1.9412 0.2305 6.3400
v -1.9412 0.0305 6.4200
v -1.9412 -0.1595 6.4900
v -1.9412 -0.4095 6.5700
v -1.9412 -0.6495 6.5300
v -1.9312 -0.8795 6.4400
v -1.9312 -1.1495 6.3600
v -1.9312 -1.3895 6.2700
v -1.9312 -1.6395 6.1700
v -1.9312 -1.8495 6.0900
v -1.9212 -2.1295 6.0100
v -1.9212 -2.3995 5.9100
v -1.9212 -2.6595 5.8000
v -1.9212 -2.8595 5.9000
v -1.9112 -3.0995 5.9600
v -1.9112 -3.3395 6.0400
v -1.9112 -3.5495 6.0600
v -1.9112 -3.7795 5.9400
v -1.9112 -4.0195 5.8700
v -1.9012 -4.2595 5.7800
v -1.9012 -4.5095 5.7100
v -1.9012 -4.7495 5.6200
v -1.9012 -4.9795 5.5400
v -1.9012 -5.2095 5.4800
v -1.8912 -5.4595 5.4100
v -1.8912 -5.6895 5.3200
v -1.8912 -5.9395 5.2700
v -1.8912 -6.1995 5.1600
v -1.8912 -6.4295 5.0900
v -1.8812 -6.6795 4.9900
v -1.8812 -6.8995 4.9400
v -1.8812 -7.1495 4.8300
v -1.8812 -7.3995 4.8000
v -1.8812 -7.6595 4.7000
v -1.8712 -7.8995 4.6300
v -1.8712 -8.1095 4.5500
v -1.8712 -8.3895 4.4600
v -1.8712 -8.6595 4.3700
v -1.8712 -8.8995 4.3100
v -1.8612 -9.1595 4.2100
v -1.8612 -9.4095 4.1100
v -1.8612 -9.6695 4.0600
v -1.8612 -9.8895 3.9800
v -1.8612 -10.1095 3.9200
v -1.8512 -10.3695 3.8300
v -1.8512 -10.6295 3.7700
v -1.8512 -10.8795 3.6900
v -1.8512 -11.1395 3.6000
v -1.8412 -11.3695 3.5200
v -1.8412 -11.6095 3.4900
v -1.8412 -11.8595 3.4600
v -2.2912 3.2605 5.1300
v -2.2912 3.0305 5.2100
v -2.2912 2.8105 5.3100
v -2.2912 2.5905 5.4000
v -2.2912 2.3805 5.4700
v -2.2912 2.1605 5.5600
v -2.2812 1.9405 5.6200
v -2.2812 1.7305 5.7200
v -2.2812 1.5105 5.7800
v -2.2812 1.2905 5.8400
v -2.2812 1.0805 5.9400
v -2.2712 0.8605 6.0200
v -2.2712 0.6505 6.0900
v -2.2712 0.4305 6.1600
v -2.2712 0.2205 6.2400
v -2.2712 0.0205 6.3200
v -2.2712 -0.2095 6.4000
v -2.2612 -0.4395 6.4800
v -2.2612 -0.6595 6.5600
v -2.2612 -0.8995 6.5100
v -2.2612 -1.1695 6.4600
v -2.2612 -1.4295 6.3500
v -2.2512 -1.6495 6.3000
v -2.2512 -1.8895 6.1800
v -2.2512 -2.1395 6.0700
v -2.2512 -2.3695 6.0000
v -2.2512 -2.5995 5.9400
v -2.2412 -2.8295 5.9600
v -2.2412 -3.0395 6.0100
v -2.2412 -3.2795 5.9900
v -2.2412 -3.5095 5.8900
v -2.2412 -3.7295 5.8500
v -2.2312 -3.9895 5.7600
v -2.2312 -4.2595 5.6700
v -2.2312 -4.4995 5.5800
v -2.2312 -4.7195 5.5100
v -2.2312 -4.9295 5.4500
v -2.2212 -5.2095 5.3800
v -2.2212 -5.4395 5.3300
v -2.2212 -5.7095 5.2100
v -2.2212 -5.9395 5.1300
v -2.2112 -6.1695 5.0800
v -2.2112 -6.4395 4.9700
v -2.2112 -6.6895 4.8900
v -2.2112 -6.9295 4.8400
v -2.2112 -7.1995 4.7400
v -2.2012 -7.4395 4.6500
v -2.2012 -7.6995 4.5800
v -2.2012 -7.9295 4.5000
v -2.2012 -8.1595 4.4600
v -2.2012 -8.3995 4.3100
v -2.1912 -8.6595 4.2800
v -2.1912 -8.9095 4.1900
v -2.1912 -9.1495 4.0900
v -2.1912 -9.4095 4.0500
v -2.1912 -9.6495 3.9600
v -2.1812 -9.9095 3.8700
v -2.1812 -10.1195 3.8100
v -2.1812 -10.3795 3.7200
v -2.1812 -10.6295 3.6500
v -2.1712 -10.8695 3.5700
v -2.1712 -11.1095 3.4900
v -2.1712 -11.3895 3.4100
v -2.5412 3.3205 5.0500
v -2.5412 3.1205 5.1000
v -2.5412 2.9105 5.1900
v -2.5312 2.6905 5.2700
v -2.5312 2.4705 5.3700
v -2.5312 2.2605 5.4300
v -2.5312 2.0305 5.5100
v -2.5312 1.8305 5.5800
v -2.5312 1.6105 5.6700
v -2.5212 1.4005 5.7400
v -2.5212 1.1805 5.8400
v -2.5212 0.9505 5.9100
v -2.5212 0.7305 6.0000
v -2.5212 0.5105 6.0900
v -2.5112 0.2805 6.1500
v -2.5112 0.0505 6.2200
v -2.5112 -0.1495 6.3200
v -2.5112 -0.3395 6.3700
v -2.5112 -0.5595 6.4500
v -2.5112 -0.7595 6.5400
v -2.5012 -0.9695 6.6100
v -2.5012 -1.1995 6.5500
v -2.5012 -1.4495 6.4500
v -2.5012 -1.6995 6.3600
v -2.5012 -1.9295 6.2800
v -2.4912 -2.1595 6.1800
v -2.4912 -2.4295 6.0800
v -2.4912 -2.6795 6.0400
v -2.4912 -2.8995 6.0500
v -2.4912 -3.1195 5.9500
v -2.4812 -3.3695 5.8700
v -2.4812 -3.6295 5.7900
v -2.4812 -3.8695 5.7000
v -2.4812 -4.1295 5.6200
v -2.4812 -4.3595 5.5600
v -2.4712 -4.5895 5.4700
v -2.4712 -4.8495 5.3900
v -2.4712 -5.1095 5.3200
v -2.4712 -5.3395 5.3400
v -2.4612 -5.6295 5.1000
v -2.4612 -5.8595 5.0700
v -2.4612 -6.1095 5.0200
v -2.4612 -6.3495 4.9400
v -2.4612 -6.5695 4.8600
v -2.4512 -6.8295 4.7600
v -2.4512 -7.0795 4.6900
v -2.4512 -7.3195 4.6100
v -2.4512 -7.5895 4.5500
v -2.4512 -7.8295 4.4700
v -2.4412 -8.0695 4.3700
v -2.4412 -8.3095 4.3100
v -2.4412 -8.5495 4.2200
v -2.4412 -8.7995 4.1400
v -2.4312 -9.0595 4.0700
v -2.4312 -9.2995 4.0000
v -2.4312 -9.5395 3.9300
v -2.4312 -9.7995 3.8200
v -2.4312 -10.0495 3.7200
v -2.4212 -10.2795 3.6600
v -2.4212 -10.5495 3.6000
v -2.4212 -10.8095 3.5100
v -2.4212 -11.0395 3.4700
v -2.7012 3.4205 4.9500
v -2.7012 3.2305 5.0200
v -2.7012 2.9905 5.1100
v -2.6912 2.7805 5.1800
v -2.6912 2.5605 5.2600
v -2.6912 2.3505 5.3500
v -2.6912 2.1205 5.4500
v -2.6912 1.8905 5.5200
v -2.6812 1.6705 5.6100
v -2.6812 1.4505 5.7000
v -2.6812 1.2505 5.7600
v -2.6812 1.0205 5.8200
v -2.6812 0.8305 5.9000
v -2.6812 0.6205 5.9800
v -2.6712 0.4305 6.0500
v -2.6712 0.1905 6.1300
v -2.6712 -0.0095 6.2100
v -2.6712 -0.2195 6.2800
v -2.6712 -0.4195 6.3500
v -2.6612 -0.6195 6.4400
v -2.6612 -0.8495 6.5200
v -2.6612 -1.0695 6.6300
v -2.6612 -1.3095 6.5400
v -2.6612 -1.5295 6.4600
v -2.6612 -1.7895 6.3500
v -2.6512 -2.0495 6.2700
v -2.6512 -2.2595 6.1900
v -2.6512 -2.5295 6.1000
v -2.6512 -2.7695 6.0400
v -2.6412 -3.0095 5.9300
v -2.6412 -3.2695 5.8700
v -2.6412 -3.5195 5.7900
v -2.6412 -3.7795 5.6800
v -2.6412 -4.0295 5.5900
v -2.6312 -4.2695 5.5200
v -2.6312 -4.5195 5.4500
v -2.6312 -4.7595 5.3600
v -2.6312 -4.9895 5.3100
v -2.6312 -5.2095 5.2500
v -2.6212 -5.7595 4.9400
v -2.6212 -5.9995 4.9800
v -2.6212 -6.2295 4.9300
v -2.6112 -6.4595 4.8300
v -2.6112 -6.7195 4.7500
v -2.6112 -6.9595 4.6700
v -2.6112 -7.1895 4.6100
v -2.6112 -7.4295 4.5300
v -2.6012 -7.6795 4.4400
v -2.6012 -7.9495 4.3600
v -2.6012 -8.1995 4.2800
v -2.6012 -8.4395 4.2200
v -2.6012 -8.6895 4.1000
v -2.5912 -8.9495 4.0500
v -2.5912 -9.2195 3.9400
v -2.5912 -9.4495 3.8800
v -2.5912 -9.6895 3.8000
v -2.5812 -9.9695 3.7000
v -2.5812 -10.2095 3.6300
v -2.5812 -10.4395 3.5800
v -2.5812 -10.6795 3.4700
v -2.5812 -10.9495 3.4200
v -2.8912 3.3205 4.9400
v -2.8912 3.0905 5.0200
v -2.8912 2.8605 5.1000
v -2.8812 2.6605 5.1500
v -2.8812 2.4805 5.2200
v -2.8812 2.2405 5.3100
v -2.8812 2.0405 5.3900
v -2.8812 1.8505 5.5000
v -2.8812 1.6405 5.5400
v -2.8712 1.4205 5.6300
v -2.8712 1.2005 5.7200
v -2.8712 0.9905 5.7700
v -2.8712 0.8105 5.8400
v -2.8712 0.5705 5.9300
v -2.8612 0.3305 6.0100
v -2.8612 0.1405 6.1000
v -2.8612 -0.0495 6.1600
v -2.8612 -0.2695 6.2300
v -2.8612 -0.4995 6.3400
v -2.8612 -0.7095 6.4100
v -2.8512 -0.9195 6.5200
v -2.8512 -1.1395 6.5100
v -2.8512 -1.3995 6.3900
v -2.8512 -1.6495 6.3100
v -2.8512 -1.8995 6.2100
v -2.8412 -2.1595 6.1500
v -2.8412 -2.4195 6.0500
v -2.8412 -2.6495 5.9700
v -2.8412 -2.9095 5.8900
v -2.8312 -3.1395 5.8200
v -2.8312 -3.3795 5.7200
v -2.8312 -3.6195 5.6400
v -2.8312 -3.8695 5.5800
v -2.8312 -4.1195 5.5100
v -2.8212 -4.3795 5.4000
v -2.8212 -4.6195 5.3500
v -2.8212 -4.8595 5.2700
v -2.8212 -5.1095 5.2000
v -2.8212 -5.3295 5.1500
v -2.8112 -5.5895 5.0100
v -2.8112 -5.8495 4.9400
v -2.8112 -6.0695 4.8700
v -2.8112 -6.3095 4.7900
v -2.8112 -6.5995 4.7200
v -2.8012 -6.8195 4.6400
v -2.8012 -7.0595 4.5700
v -2.8012 -7.3295 4.4900
v -2.8012 -7.5995 4.4100
v -2.7912 -7.8295 4.3300
v -2.7912 -8.0795 4.2100
v -2.7912 -8.3395 4.1700
v -2.7912 -8.5795 4.0700
v -2.7912 -8.8095 4.0200
v -2.7812 -9.0695 3.9300
v -2.7812 -9.3195 3.8500
v -2.7812 -9.5695 3.7600
v -2.7812 -9.8295 3.6900
v -2.7812 -10.0595 3.6100
v -2.7712 -10.2995 3.5100
v -2.7712 -10.5395 3.4600
v -2.7712 -10.7995 3.4500
v -3.1712 3.4005 4.8200
v -3.1712 3.1705 4.8900
v -3.1712 2.9605 4.9700
v -3.1712 2.7705 5.0600
v -3.1712 2.5605 5.1200
v -3.1712 2.3605 5.2000
v -3.1612 2.1205 5.2800
v -3.1612 1.9005 5.3600
v -3.1612 1.7005 5.4200
v -3.1612 1.5005 5.5200
v -3.1612 1.2805 5.6000
v -3.1612 1.0605 5.6900
v -3.1512 0.8505 5.7500
v -3.1512 0.6305 5.8300
v -3.1512 0.4205 5.9000
v -3.1512 0.2005 5.9900
v -3.1512 0.0005 6.0500
v -3.1412 -0.2195 6.1400
v -3.1412 -0.4595 6.2400
v -3.1412 -0.6895 6.3100
v -3.1412 -0.8795 6.4000
v -3.1412 -1.1195 6.4000
v -3.1312 -1.3595 6.2900
v -3.1312 -1.6095 6.2100
v -3.1312 -1.8295 6.1300
v -3.1312 -2.0695 6.0500
v -3.1312 -2.3495 5.9600
v -3.1212 -2.6095 5.8700
v -3.1212 -2.8495 5.7900
v -3.1212 -3.0695 5.7300
v -3.1212 -3.3295 5.6400
v -3.1212 -3.5595 5.5800
v -3.1112 -3.7995 5.4900
v -3.1112 -4.0595 5.4000
v -3.1112 -4.2595 5.3600
v -3.1112 -4.5595 5.2500
v -3.1112 -4.8095 5.1600
v -3.1012 -5.0395 5.0800
v -3.1012 -5.2895 5.0100
v -3.1012 -5.5395 4.9600
v -3.1012 -5.8195 4.8300
v -3.1012 -6.0395 4.7800
v -3.0912 -6.2795 4.7100
v -3.0912 -6.5495 4.6200
v -3.0912 -6.7895 4.5600
v -3.0912 -7.0195 4.4900
v -3.0812 -7.2695 4.4100
v -3.0812 -7.5395 4.3100
v -3.0812 -7.7795 4.2200
v -3.0812 -8.0295 4.1600
v -3.0812 -8.2595 4.0800
v -3.0712 -8.5295 4.0000
v -3.0712 -8.7695 3.9100
v -3.0712 -9.0295 3.8300
v -3.0712 -9.2795 3.7400
v -3.0712 -9.5295 3.6800
v -3.0612 -9.7995 3.5800
v -3.0612 -10.0595 3.5200
v -3.0612 -10.2995 3.4800
v -3.0612 -10.5495 3.3600
v -3.4512 3.3205 4.7600
v -3.4512 3.1105 4.8200
v -3.4512 2.9105 4.8900
v -3.4512 2.7005 5.0000
v -3.4512 2.4605 5.0600
v -3.4512 2.2705 5.1400
v -3.4412 2.0505 5.2100
v -3.4412 1.8305 5.2900
v -3.4412 1.6305 5.3700
v -3.4412 1.4105 5.4600
v -3.4412 1.1905 5.5400
v -3.4412 0.9605 5.6000
v -3.4312 0.7205 5.6800
v -3.4312 0.5205 5.7600
v -3.4312 0.3005 5.8600
v -3.4312 0.1005 5.9200
v -3.4312 -0.1095 6.0200
v -3.4212 -0.3095 6.0700
v -3.4212 -0.5095 6.1800
v -3.4212 -0.7595 6.2400
v -3.4212 -0.9895 6.3200
v -3.4212 -1.2295 6.2300
v -3.4112 -1.4395 6.1300
v -3.4112 -1.7095 6.0700
v -3.4112 -1.9595 5.9700
v -3.4112 -2.1895 5.8900
v -3.4112 -2.4495 5.8400
v -3.4012 -2.6695 5.7700
v -3.4012 -2.9295 5.6700
v -3.4012 -3.1795 5.6100
v -3.4012 -3.4195 5.4800
v -3.4012 -3.6695 5.4500
v -3.3912 -3.9395 5.3700
v -3.3912 -4.1895 5.3000
v -3.3912 -4.4295 5.1900
v -3.3912 -4.6795 5.1200
v -3.3812 -4.9495 5.0000
v -3.3812 -5.1695 4.9800
v -3.3812 -5.4195 4.8800
v -3.3812 -5.6695 4.8000
v -3.3812 -5.9295 4.7100
v -3.3712 -6.1695 4.6300
v -3.3712 -6.4295 4.5600
v -3.3712 -6.6595 4.5000
v -3.3712 -6.9095 4.4000
v -3.3712 -7.1495 4.3500
v -3.3612 -7.4195 4.2600
v -3.3612 -7.6495 4.1400
v -3.3612 -7.9195 4.0900
v -3.3612 -8.1795 3.9900
v -3.3612 -8.4295 3.9200
v -3.3512 -8.6995 3.8500
v -3.3512 -8.9295 3.7600
v -3.3512 -9.1695 3.7000
v -3.3512 -9.4095 3.6100
v -3.3412 -9.6395 3.5400
v -3.3412 -9.8695 3.5100
v -3.3412 -10.1195 3.4500
v -3.6712 3.4005 4.6600
v -3.6712 3.2005 4.7100
v -3.6712 2.9905 4.8000
v -3.6712 2.7505 4.9000
v -3.6712 2.5205 4.9700
v -3.6612 2.3005 5.0700
v -3.6612 2.1005 5.1400
v -3.6612 1.8705 5.2400
v -3.6612 1.6605 5.2800
v -3.6612 1.4605 5.3600
v -3.6512 1.2605 5.4300
v -3.6512 1.0305 5.5400
v -3.6512 0.8005 5.6100
v -3.6512 0.5705 5.6900
v -3.6512 0.3805 5.7600
v -3.6512 0.1805 5.8500
v -3.6412 -0.0495 5.9400
v -3.6412 -0.2595 5.9800
v -3.6412 -0.4695 6.0700
v -3.6412 -0.6895 6.1700
v -3.6412 -0.8995 6.2300
v -3.6312 -1.1495 6.1900
v -3.6312 -1.4095 6.0900
v -3.6312 -1.6395 5.9600
v -3.6312 -1.8895 5.9500
v -3.6312 -2.1495 5.8400
v -3.6212 -2.4195 5.7500
v -3.6212 -2.6495 5.6600
v -3.6212 -2.8995 5.5900
v -3.6212 -3.1495 5.5500
v -3.6112 -3.3995 5.4500
v -3.6112 -3.6195 5.3600
v -3.6112 -3.8795 5.2800
v -3.6112 -4.1495 5.1900
v -3.6112 -4.3795 5.1400
v -3.6012 -4.6295 5.0400
v -3.6012 -4.8595 4.9600
v -3.6012 -5.1295 4.9000
v -3.6012 -5.3695 4.8100
v -3.6012 -5.5995 4.7300
v -3.5912 -5.8695 4.6600
v -3.5912 -6.1395 4.5500
v -3.5912 -6.3895 4.5000
v -3.5912 -6.6395 4.4000
v -3.5812 -6.8995 4.3200
v -3.5812 -7.1395 4.2700
v -3.5812 -7.3795 4.1800
v -3.5812 -7.5995 4.1200
v -3.5812 -7.8395 4.0400
v -3.5712 -8.0895 3.9400
v -3.5712 -8.3395 3.8800
v -3.5712 -8.5595 3.7900
v -3.5712 -8.7995 3.7200
v -3.5712 -9.0295 3.6700
v -3.5612 -9.2795 3.5500
v -3.5612 -9.5395 3.5000
v -3.5612 -9.7895 3.3900
v -3.8712 3.3205 4.6100
v -3.8712 3.1105 4.6900
v -3.8712 2.9005 4.7600
v -3.8712 2.7005 4.8200
v -3.8612 2.4805 4.9100
v -3.8612 2.2505 5.0100
v -3.8612 2.0205 5.0900
v -3.8612 1.8205 5.1700
v -3.8612 1.6305 5.2500
v -3.8612 1.3905 5.3100
v -3.8512 1.1805 5.3900
v -3.8512 0.9805 5.4800
v -3.8512 0.7605 5.5700
v -3.8512 0.5605 5.6300
v -3.8512 0.3205 5.7100
v -3.8412 0.1005 5.8000
v -3.8412 -0.0995 5.8600
v -3.8412 -0.3195 5.9500
v -3.8412 -0.5395 6.0400
v -3.8412 -0.7795 6.1400
v -3.8312 -0.9795 6.1900
v -3.8312 -1.2395 6.0600
v -3.8312 -1.4995 5.9700
v -3.8312 -1.7395 5.9300
v -3.8312 -1.9595 5.8500
v -3.8212 -2.2095 5.7000
v -3.8212 -2.4895 5.6500
v -3.8212 -2.7295 5.5700
v -3.8212 -2.9795 5.4800
v -3.8212 -3.1895 5.4300
v -3.8112 -3.4695 5.3200
v -3.8112 -3.7095 5.2700
v -3.8112 -3.9695 5.2100
v -3.8112 -4.2195 5.0800
v -3.8012 -4.4795 5.0200
v -3.8012 -4.7395 4.9200
v -3.8012 -4.9895 4.8500
v -3.8012 -5.2195 4.7600
v -3.8012 -5.4795 4.6900
v -3.7912 -5.7195 4.6300
v -3.7912 -5.9495 4.5400
v -3.7912 -6.1795 4.4700
v -3.7912 -6.4095 4.4100
v -3.7912 -6.6695 4.3600
v -3.7812 -6.9095 4.2500
v -3.7812 -7.1495 4.1900
v -3.7812 -7.3695 4.1200
v -3.7812 -7.5895 4.0400
v -3.7812 -7.8695 3.9700
v -3.7712 -8.1295 3.8700
v -3.7712 -8.3595 3.7900
v -3.7712 -8.5795 3.6900
v -3.7712 -8.8395 3.6400
v -3.7612 -9.0995 3.5900
v -3.7612 -9.3195 3.5300
v -3.7612 -9.5595 3.3900
v -4.1212 3.4005 4.6500
v -4.1212 3.1905 4.7200
v -4.1212 2.9605 4.7900
v -4.1212 2.7605 4.8500
v -4.1112 2.5505 4.9300
v -4.1112 2.3305 5.0100
v -4.1112 2.1105 5.0700
v -4.1112 1.8805 5.1200
v -4.1112 1.6605 5.2200
v -4.1012 1.4605 5.2900
v -4.1012 1.2305 5.3700
v -4.1012 1.0005 5.4300
v -4.1012 0.7805 5.5100
v -4.1012 0.5705 5.5700
v -4.0912 0.3405 5.6500
v -4.0912 0.1105 5.7300
v -4.0912 -0.0895 5.7900
v -4.0912 -0.2795 5.8700
v -4.0912 -0.5295 5.9500
v -4.0912 -0.7495 6.0600
v -4.0812 -0.9595 6.1100
v -4.0812 -1.2195 5.9500
v -4.0812 -1.4495 5.9200
v -4.0812 -1.7095 5.8400
v -4.0812 -1.9395 5.7700
v -4.0712 -2.1795 5.6600
v -4.0712 -2.4595 5.5900
v -4.0712 -2.7095 5.5200
v -4.0712 -2.9695 5.4100
v -4.0612 -3.2095 5.3200
v -4.0612 -3.4795 5.2500
v -4.0612 -3.7295 5.1400
v -4.0612 -3.9595 5.0900
v -4.0612 -4.1895 5.0100
v -4.0512 -4.4195 4.9300
v -4.0512 -4.6595 4.8700
v -4.0512 -4.9195 4.7800
v -4.0512 -5.1295 4.7200
v -4.0512 -5.3795 4.6400
v -4.0412 -5.6195 4.5700
v -4.0412 -5.8595 4.4900
v -4.0412 -6.1095 4.4400
v -4.0412 -6.3595 4.3200
v -4.0312 -6.5795 4.2600
v -4.0312 -6.8395 4.2000
v -4.0312 -7.0695 4.1300
v -4.0312 -7.3295 4.0200
v -4.0312 -7.5495 3.9700
v -4.0212 -7.8195 3.8700
v -4.0212 -8.0595 3.8000
v -4.0212 -8.2895 3.7100
v -4.0212 -8.5495 3.6600
v -4.0212 -8.8195 3.5600
v -4.0112 -9.0695 3.4900
v -4.0112 -9.3095 3.4500
v -4.3812 3.2205 4.7900
v -4.3812 3.0405 4.8500
v -4.3812 2.7905 4.9300
v -4.3712 2.5605 4.9900
v -4.3712 2.3405 5.0700
v -4.3712 2.1305 5.1400
v -4.3712 1.9005 5.2100
v -4.3712 1.6805 5.3300
v -4.3612 1.4705 5.3600
v -4.3612 1.2905 5.4200
v -4.3612 1.0405 5.5000
v -4.3612 0.8105 5.5800
v -4.3612 0.6105 5.6400
v -4.3612 0.3805 5.7200
v -4.3512 0.1805 5.7800
v -4.3512 -0.0495 5.8400
v -4.3512 -0.2595 5.9200
v -4.3512 -0.4795 6.0100
v -4.3512 -0.7095 6.0600
v -4.3412 -0.9795 5.9900
v -4.3412 -1.2195 5.9100
v -4.3412 -1.4895 5.8200
v -4.3412 -1.7495 5.7200
v -4.3312 -1.9695 5.6500
v -4.3312 -2.2195 5.5700
v -4.3312 -2.4295 5.4900
v -4.3312 -2.6795 5.4200
v -4.3312 -2.9195 5.3400
v -4.3212 -3.1695 5.2500
v -4.3212 -3.4095 5.2000
v -4.3212 -3.6395 5.1100
v -4.3212 -3.4595 7.1500
v -4.3212 -3.8695 5.0500
v -4.3212 -4.1095 4.9600
v -4.3112 -4.3595 4.8800
v -4.3112 -4.6295 4.8200
v -4.3112 -4.8595 4.7000
v -4.3112 -5.1095 4.6500
v -4.3112 -5.3295 4.5800
v -4.3012 -5.5895 4.4900
v -4.3012 -5.8295 4.4200
v -4.3012 -6.0895 4.3400
v -4.3012 -6.3195 4.2500
v -4.3012 -6.5395 4.1900
v -4.2912 -6.8095 4.1100
v -4.2912 -7.0695 4.0300
v -4.2912 -7.3295 3.9800
v -4.2912 -7.5795 3.8800
v -4.2812 -7.8195 3.7700
v -4.2812 -8.0795 3.7300
v -4.2812 -8.3095 3.6300
v -4.2812 -8.5495 3.5700
v -4.2812 -8.7695 3.4900
v -4.2712 -9.0395 3.4200
v -4.6412 3.2505 4.9100
v -4.6412 3.0505 4.9700
v -4.6412 2.8405 5.0300
v -4.6312 2.6105 5.0900
v -4.6312 2.3805 5.1600
v -4.6312 2.1805 5.2200
v -4.6312 1.9505 5.3200
v -4.6312 1.7405 5.4000
v -4.6312 1.5105 5.4500
v -4.6212 1.3205 5.5100
v -4.6212 1.0905 5.6000
v -4.6212 0.8505 5.6400
v -4.6212 0.6305 5.7300
v -4.6212 0.4305 5.8100
v -4.6112 0.1905 5.8800
v -4.6112 -0.0395 5.9800
v -4.6112 -0.2495 6.0200
v -4.6112 -0.4595 6.0200
v -4.6112 -0.6995 5.9800
v -4.6012 -0.9395 5.8900
v -4.6012 -1.1795 5.8200
v -4.6012 -1.4195 5.7200
v -4.6012 -1.6495 5.6800
v -4.6012 -1.9095 5.5700
v -4.5912 -2.1395 5.5000
v -4.5912 -2.3595 5.4500
v -4.5912 -2.6095 5.3300
v -4.5912 -2.8695 5.2600
v -4.5912 -3.1195 5.2100
v -4.5812 -3.3295 5.2500
v -4.5812 -3.5695 5.1500
v -4.5812 -3.4095 7.2000
v -4.5812 -3.8495 4.9400
v -4.5812 -3.7495 6.5900
v -4.5812 -4.0895 4.8700
v -4.5712 -4.3395 4.7800
v -4.5712 -4.5595 4.7100
v -4.5712 -4.7995 4.6500
v -4.5712 -5.0595 4.5700
v -4.5712 -5.3295 4.4600
v -4.5612 -5.5695 4.4000
v -4.5612 -5.8195 4.3200
v -4.5612 -6.0695 4.2500
v -4.5612 -6.3195 4.1700
v -4.5612 -6.5595 4.1100
v -4.5512 -6.7895 4.0100
v -4.5512 -7.0395 3.9500
v -4.5512 -7.2895 3.8700
v -4.5512 -7.5495 3.7900
v -4.5512 -7.7995 3.7100
v -4.5412 -8.0395 3.6300
v -4.5412 -8.2795 3.5500
v -4.5412 -8.5395 3.4500
v -4.5412 -8.7695 3.4100
v -4.9412 3.2905 4.9800
v -4.9312 3.0805 5.0700
v -4.9312 2.8605 5.1400
v -4.9312 2.6605 5.2000
v -4.9312 2.4305 5.2800
v -4.9312 2.2005 5.3500
v -4.9312 1.9805 5.4200
v -4.9212 1.7505 5.4800
v -4.9212 1.5205 5.5400
v -4.9212 1.2905 5.6100
v -4.9212 1.0805 5.6900
v -4.9212 0.8805 5.7500
v -4.9212 0.6805 5.8300
v -4.9112 0.4605 5.9000
v -4.9112 0.2505 5.9600
v -4.9112 0.0505 6.0500
v -4.9112 -0.1695 6.0200
v -4.9112 -0.4195 5.9600
v -4.9012 -0.6595 5.8800
v -4.9012 -0.8895 5.7900
v -4.9012 -1.1495 5.6600
v -4.9012 -1.3995 5.6300
v -4.8912 -1.6495 5.5300
v -4.8912 -1.8795 5.4500
v -4.8912 -2.1095 5.4100
v -4.8912 -2.3395 5.3200
v -4.8912 -2.6195 5.2100
v -4.8812 -2.8595 5.1600
v -4.8812 -3.0895 5.0700
v -4.8812 -3.3295 4.9900
v -4.8812 -3.5895 4.9400
v -4.8812 -3.8395 4.9100
v -4.8712 -4.0795 4.8000
v -4.8712 -4.2195 5.3600
v -4.8712 -4.3495 4.6800
v -4.8712 -4.5895 4.5900
v -4.8712 -4.8595 4.5200
v -4.8712 -5.0795 4.4500
v -4.8612 -5.3095 4.3500
v -4.8612 -5.5595 4.3100
v -4.8612 -5.8195 4.2100
v -4.8612 -6.0695 4.1300
v -4.8512 -6.3295 4.0400
v -4.8512 -6.5495 3.9900
v -4.8512 -6.7995 3.9000
v -4.8512 -7.0595 3.8300
v -4.8512 -7.2795 3.7300
v -4.8412 -7.5195 3.6700
v -4.8412 -7.7895 3.5800
v -4.8412 -8.0295 3.5100
v -4.8412 -8.2695 3.4600
v -5.2512 3.3505 5.0900
v -5.2512 3.1205 5.1400
v -5.2512 2.9005 5.2400
v -5.2412 2.7005 5.2500
v -5.2412 2.4805 5.3100
v -5.2412 2.2705 5.4400
v -5.2412 2.0705 5.5100
v -5.2412 1.8805 5.5800
v -5.2412 1.6605 5.6200
v -5.2312 1.4305 5.7000
v -5.2312 1.2105 5.7700
v -5.2312 1.0205 5.8300
v -5.2312 0.8105 5.9000
v -5.2312 0.5805 5.9800
v -5.2312 0.3405 6.0300
v -5.2212 0.1305 6.0400
v -5.2212 -0.0995 5.9400
v -5.2212 -0.3395 5.8700
v -5.2212 -0.5995 5.7900
v -5.2112 -0.8295 5.7200
v -5.2112 -1.0795 5.6200
v -5.2112 -1.3195 5.5400
v -5.2112 -1.5595 5.4700
v -5.2112 -1.8095 5.3800
v -5.2012 -2.0595 5.3000
v -5.2012 -2.3195 5.2100
v -5.2012 -2.5795 5.1300
v -5.2012 -2.8295 5.0500
v -5.2012 -3.0595 4.9700
v -5.1912 -3.2795 4.8700
v -5.1912 -3.5495 4.8000
v -5.1912 -3.7795 4.7500
v -5.1912 -3.8695 5.4900
v -5.1912 -4.0295 4.6700
v -5.1912 -4.0595 5.6700
v -5.1812 -4.2695 4.5800
v -5.1812 -4.5395 4.5200
v -5.1812 -4.7895 4.4300
v -5.1812 -5.0195 4.3600
v -5.1812 -5.2595 4.2800
v -5.1712 -5.5095 4.2100
v -5.1712 -5.7495 4.1500
v -5.1712 -6.0195 4.0400
v -5.1712 -6.2195 3.9600
v -5.1712 -6.4895 3.8700
v -5.1612 -6.7495 3.8400
v -5.1612 -6.9895 3.7600
v -5.1612 -7.2495 3.6500
v -5.1612 -7.5095 3.5700
v -5.1612 -7.7695 3.5300
v -5.1512 -7.9995 3.4600
v -5.4812 3.4105 5.1400
v -5.4812 3.1905 5.2200
v -5.4812 2.9805 5.2900
v -5.4812 2.7705 5.3400
v -5.4812 2.5705 5.4300
v -5.4712 2.3605 5.5000
v -5.4712 2.1305 5.5600
v -5.4712 1.9105 5.6400
v -5.4712 1.7005 5.7000
v -5.4712 1.4905 5.7700
v -5.4612 1.2905 5.8300
v -5.4612 1.0605 5.9000
v -5.4612 0.8505 5.9700
v -5.4612 0.6305 6.0700
v -5.4612 0.4205 6.0400
v -5.4612 0.1705 5.9700
v -5.4512 -0.0995 5.8600
v -5.4512 -0.3395 5.7800
v -5.4512 -0.5895 5.7000
v -5.4512 -0.8595 5.5800
v -5.4412 -1.0995 5.5200
v -5.4412 -1.3395 5.4400
v -5.4412 -1.5595 5.3700
v -5.4412 -1.8195 5.3000
v -5.4412 -2.0595 5.2200
v -5.4312 -2.3195 5.1300
v -5.4312 -2.5695 5.0500
v -5.4312 -2.8195 4.9500
v -5.4312 -3.0595 4.9100
v -5.4312 -3.2995 4.8100
v -5.4212 -3.5495 4.7600
v -5.4212 -3.7895 4.6400
v -5.4212 -4.0195 4.6100
v -5.4212 -4.2795 4.5200
v -5.4212 -4.5195 4.4300
v -5.4112 -4.7595 4.3400
v -5.4112 -5.0295 4.2900
v -5.4112 -5.2695 4.1900
v -5.4112 -5.5195 4.0900
v -5.4012 -5.7795 4.0200
v -5.4012 -6.0395 3.9400
v -5.4012 -6.2695 3.8600
v -5.4012 -6.5195 3.8100
v -5.4012 -6.7795 3.7200
v -5.3912 -7.0095 3.6400
v -5.3912 -7.2595 3.5500
v -5.3912 -7.5095 3.5100
v -5.3912 -7.7495 3.4800
v -5.6412 3.2405 5.2500
v -5.6412 3.0405 5.3200
v -5.6312 2.8305 5.3800
v -5.6312 2.6005 5.4400
v -5.6312 2.4005 5.5200
v -5.6312 2.1705 5.5900
v -5.6312 1.9705 5.6800
v -5.6312 1.7505 5.7600
v -5.6212 1.5405 5.8100
v -5.6212 1.3105 5.9000
v -5.6212 1.0805 5.9600
v -5.6212 0.8605 6.0500
v -5.6212 0.6305 6.0600
v -5.6112 0.3805 5.9500
v -5.6112 0.1505 5.8700
v -5.6112 -0.0895 5.8200
v -5.6112 -0.3195 5.7100
v -5.6112 -0.5695 5.6300
v -5.6012 -0.8195 5.5600
v -5.6012 -1.0995 5.4600
v -5.6012 -1.3195 5.4000
v -5.6012 -1.5595 5.3200
v -5.6012 -1.8095 5.2400
v -5.5912 -2.0595 5.1500
v -5.5912 -2.2895 5.1000
v -5.5912 -2.5495 5.0100
v -5.5912 -2.7595 4.9400
v -5.5812 -3.0295 4.8500
v -5.5812 -3.2995 4.7700
v -5.5812 -3.5295 4.7000
v -5.5812 -3.7795 4.6000
v -5.5812 -4.0495 4.5000
v -5.5712 -4.2995 4.4600
v -5.5712 -4.5295 4.3800
v -5.5712 -4.7795 4.2900
v -5.5712 -5.0395 4.2000
v -5.5612 -5.2795 4.1300
v -5.5612 -5.5095 4.0600
v -5.5612 -5.7695 3.9800
v -5.5612 -6.0095 3.9100
v -5.5612 -6.2695 3.8200
v -5.5512 -6.5095 3.7600
v -5.5512 -6.7495 3.6800
v -5.5512 -7.0095 3.5700
v -5.5512 -7.2495 3.5000
v -5.5512 -7.4995 3.4500
v -5.8312 3.3605 5.3100
v -5.8312 3.1205 5.3700
v -5.8312 2.8905 5.4400
v -5.8312 2.6805 5.5000
v -5.8312 2.4605 5.5400
v -5.8212 2.2305 5.6300
v -5.8212 2.0105 5.7300
v -5.8212 1.8105 5.7900
v -5.8212 1.6305 5.8600
v -5.8212 1.3905 5.9300
v -5.8212 1.1605 6.0000
v -5.8112 0.9405 6.0600
v -5.8112 0.6905 5.9900
v -5.8112 0.4505 5.9000
v -5.8112 0.2005 5.8000
v -5.8112 -0.0395 5.7600
v -5.8012 -0.2795 5.6600
v -5.8012 -0.5195 5.5700
v -5.8012 -0.7795 5.5100
v -5.8012 -1.0195 5.4100
v -5.8012 -1.2595 5.3300
v -5.7912 -1.5195 5.2500
v -5.7912 -1.7595 5.1800
v -5.7912 -2.0195 5.0800
v -5.7912 -2.2695 5.0000
v -5.7812 -2.5195 4.9100
v -5.7812 -2.7595 4.8600
v -5.7812 -3.0195 4.7700
v -5.7812 -3.2795 4.6700
v -5.7812 -3.5095 4.6300
v -5.7712 -3.7495 4.5500
v -5.7712 -4.0095 4.4700
v -5.7712 -4.2495 4.4100
v -5.7712 -4.4795 4.3200
v -5.7712 -4.7495 4.2400
v -5.7612 -4.9795 4.1600
v -5.7612 -5.2295 4.0800
v -5.7612 -5.4695 3.9900
v -5.7612 -5.7395 3.9000
v -5.7512 -5.9995 3.8300
v -5.7512 -6.2495 3.7400
v -5.7512 -6.4895 3.7200
v -5.7512 -6.7695 3.5700
v -5.7512 -7.0295 3.5100
v -5.7412 -7.2495 3.4600
v -5.7412 -7.4695 3.4300
v -6.1212 3.3905 5.3800
v -6.1212 3.1505 5.4600
v -6.1212 2.9405 5.5600
v -6.1212 2.7505 5.6000
v -6.1212 2.5405 5.6800
v -6.1212 2.2805 5.7300
v -6.1112 2.0505 5.8000
v -6.1112 1.8605 5.8800
v -6.1112 1.6505 5.9500
v -6.1112 1.4205 6.0200
v -6.1112 1.2005 6.0600
v -6.1012 0.9705 5.9600
v -6.1012 0.7205 5.8700
v -6.1012 0.4805 5.8000
v -6.1012 0.2105 5.7000
v -6.0912 -0.0295 5.6300
v -6.0912 -0.2595 5.5800
v -6.0912 -0.5195 5.4900
v -6.0912 -0.7795 5.4000
v -6.0912 -1.0395 5.3000
v -6.0812 -1.2695 5.2300
v -6.0812 -1.5295 5.1400
v -6.0812 -1.7795 5.0900
v -6.0812 -2.0295 5.0000
v -6.0812 -2.2495 4.9200
v -6.0712 -2.4995 4.8400
v -6.0712 -2.7695 4.7200
v -6.0712 -3.0095 4.6800
v -6.0712 -3.2595 4.5800
v -6.0712 -3.4895 4.5100
v -6.0612 -3.7495 4.4500
v -6.0612 -3.9895 4.3700
v -6.0612 -4.2395 4.3000
v -6.0612 -4.4795 4.2000
v -6.0512 -4.7595 4.1200
v -6.0512 -5.0195 4.0700
v -6.0512 -5.2695 3.9900
v -6.0512 -5.4995 3.8900
v -6.0512 -5.7595 3.8000
v -6.0412 -5.9995 3.7300
v -6.0412 -6.2295 3.6600
v -6.0412 -6.4695 3.5600
v -6.0412 -6.7095 3.5100
v -6.0412 -6.9595 3.4300
v -6.4112 3.2905 5.5300
v -6.4012 3.0805 5.6000
v -6.4012 2.8605 5.6600
v -6.4012 2.6505 5.7300
v -6.4012 2.4205 5.8100
v -6.4012 2.2305 5.8800
v -6.4012 1.9905 5.9400
v -6.3912 1.7605 6.0300
v -6.3912 1.5605 6.0400
v -6.3912 1.2905 5.9700
v -6.3912 1.0505 5.8900
v -6.3912 0.7805 5.7800
v -6.3812 0.5705 5.7400
v -6.3812 0.2905 5.6200
v -6.3812 0.0405 5.5400
v -6.3812 -0.1995 5.4800
v -6.3712 -0.4395 5.3900
v -6.3712 -0.6795 5.3400
v -6.3712 -0.9395 5.2400
v -6.3712 -1.1795 5.1400
v -6.3712 -1.4295 5.0900
v -6.3612 -1.6795 5.0100
v -6.3612 -1.9195 4.9200
v -6.3612 -2.1595 4.8500
v -6.3612 -2.4195 4.7500
v -6.3612 -2.6695 4.6700
v -6.3512 -2.9195 4.6100
v -6.3512 -3.1795 4.5400
v -6.3512 -3.4395 4.4300
v -6.3512 -3.6995 4.3800
v -6.3412 -3.9295 4.2900
v -6.3412 -4.1695 4.1800
v -6.3412 -4.3995 4.1500
v -6.3412 -4.6195 4.0800
v -6.3412 -4.8695 3.9900
v -6.3312 -5.1195 3.9100
v -6.3312 -5.3695 3.8300
v -6.3312 -5.6095 3.7500
v -6.3312 -5.8395 3.6800
v -6.3312 -6.0695 3.6000
v -6.3212 -6.3295 3.4800
v -6.3212 -6.5795 3.4400
v -6.3212 -6.7895 3.4700
v -6.6112 3.2405 5.6100
v -6.6012 3.0305 5.6800
v -6.6012 2.8005 5.7400
v -6.6012 2.5705 5.8300
v -6.6012 2.3505 5.9100
v -6.6012 2.1405 5.9700
v -6.5912 1.9105 6.0400
v -6.5912 1.6705 6.0200
v -6.5912 1.4305 5.9200
v -6.5912 1.2305 5.8700
v -6.5912 0.9505 5.7600
v -6.5812 0.6805 5.6700
v -6.5812 0.4505 5.6200
v -6.5812 0.2105 5.5300
v -6.5812 -0.0395 5.4800
v -6.5812 -0.2895 5.3700
v -6.5712 -0.5195 5.3100
v -6.5712 -0.7795 5.2300
v -6.5712 -1.0395 5.1500
v -6.5712 -1.2995 5.0600
v -6.5612 -1.5595 4.9700
v -6.5612 -1.8095 4.8700
v -6.5612 -2.0695 4.7700
v -6.5612 -2.3095 4.7000
v -6.5612 -2.5295 4.6200
v -6.5512 -2.7495 4.5800
v -6.5512 -2.9995 4.5100
v -6.5512 -3.2395 4.4400
v -6.5512 -3.4995 4.3500
v -6.5512 -3.7295 4.2900
v -6.5412 -3.9695 4.1900
v -6.5412 -4.1995 4.1300
v -6.5412 -4.4395 4.0500
v -6.5412 -4.6995 3.9700
v -6.5412 -4.9495 3.8800
v -6.5312 -5.1895 3.8000
v -6.5312 -5.4395 3.7200
v -6.5312 -5.6595 3.6600
v -6.5312 -5.9195 3.5800
v -6.5212 -6.1595 3.5000
v -6.5212 -6.4195 3.4400
v -6.7812 3.3705 5.6200
v -6.7812 3.1605 5.7100
v -6.7812 2.9505 5.7600
v -6.7812 2.7405 5.8200
v -6.7712 2.5105 5.9400
v -6.7712 2.3005 5.9900
v -6.7712 2.0705 6.0600
v -6.7712 1.8505 6.0100
v -6.7712 1.6005 5.9300
v -6.7612 1.3505 5.8300
v -6.7612 1.1005 5.7600
v -6.7612 0.8505 5.6900
v -6.7612 0.5905 5.5900
v -6.7612 0.3305 5.5100
v -6.7512 0.0705 5.4300
v -6.7512 -0.1795 5.3500
v -6.7512 -0.3995 5.2700
v -6.7512 -0.6395 5.1900
v -6.7412 -0.8895 5.1200
v -6.7412 -1.1095 5.0800
v -6.7412 -1.3495 4.9500
v -6.7412 -1.6095 4.8800
v -6.7412 -1.8595 4.8000
v -6.7312 -2.0795 4.7400
v -6.7312 -2.3195 4.6500
v -6.7312 -2.5395 4.6000
v -6.7312 -2.7995 4.5000
v -6.7312 -3.0595 4.4300
v -6.7212 -3.2895 4.3500
v -6.7212 -3.5395 4.2600
v -6.7212 -3.7595 4.1900
v -6.7212 -4.0295 4.1400
v -6.7112 -4.2595 4.0300
v -6.7112 -4.5095 3.9700
v -6.7112 -4.7495 3.9000
v -6.7112 -4.9895 3.8400
v -6.7112 -5.2395 3.7300
v -6.7012 -5.4995 3.6500
v -6.7012 -5.7495 3.5700
v -6.7012 -6.0095 3.5100
v -6.7012 -6.2295 3.4700
v -7.0212 3.3705 5.7200
v -7.0212 3.1405 5.7900
v -7.0212 2.9505 5.8500
v -7.0212 2.7205 5.9500
v -7.0212 2.4805 5.9800
v -7.0112 2.2405 6.0400
v -7.0112 1.9905 5.9600
v -7.0112 1.7505 5.8600
v -7.0112 1.5005 5.8200
v -7.0112 1.2405 5.7100
v -7.0012 1.0205 5.6500
v -7.0012 0.7905 5.5800
v -7.0012 0.5705 5.4900
v -7.0012 0.3105 5.4300
v -7.0012 0.0605 5.3200
v -6.9912 -0.1695 5.2600
v -6.9912 -0.3995 5.2000
v -6.9912 -0.6495 5.1300
v -6.9912 -0.8795 5.0500
v -6.9912 -1.1195 4.9600
v -6.9812 -1.3995 4.8500
v -6.9812 -1.6195 4.7900
v -6.9812 -1.8695 4.7400
v -6.9812 -2.0995 4.6600
v -6.9712 -2.3395 4.5500
v -6.9712 -2.5895 4.4900
v -6.9712 -2.8495 4.4100
v -6.9712 -3.0795 4.3500
v -6.9712 -3.3095 4.2500
v -6.9612 -3.5695 4.1900
v -6.9612 -3.8395 4.1000
v -6.9612 -4.0895 4.0200
v -6.9612 -4.3495 3.9400
v -6.9612 -4.5795 3.8400
v -6.9512 -4.8295 3.7900
v -6.9512 -5.0795 3.6900
v -6.9512 -5.3095 3.6100
v -6.9512 -5.5395 3.5400
v -6.9412 -5.7895 3.4800
v -6.9412 -6.0695 3.4100
v -7.3112 3.2805 5.8600
v -7.3112 3.0405 5.9300
v -7.3012 2.8305 6.0200
v -7.3012 2.6405 6.0200
v -7.3012 2.3805 5.9700
v -7.3012 2.1605 5.9000
v -7.3012 1.9205 5.8000
v -7.2912 1.6805 5.7900
v -7.2912 1.4405 5.6900
v -7.2912 1.2005 5.6000
v -7.2912 0.9705 5.5200
v -7.2912 0.7305 5.4400
v -7.2812 0.4805 5.3600
v -7.2812 0.2305 5.2800
v -7.2812 -0.0195 5.2100
v -7.2812 -0.2595 5.1200
v -7.2812 -0.4795 5.0800
v -7.2712 -0.7395 4.9900
v -7.2712 -0.9695 4.9200
v -7.2712 -1.2295 4.8100
v -7.2712 -1.4595 4.7600
v -7.2612 -1.6795 4.6700
v -7.2612 -1.9495 4.6100
v -7.2612 -2.2195 4.5000
v -7.2612 -2.4495 4.4500
v -7.2612 -2.7295 4.3400
v -7.2512 -2.9595 4.2500
v -7.2512 -3.2195 4.1900
v -7.2512 -3.4395 4.1100
v -7.2512 -3.6795 4.0200
v -7.2512 -3.9195 3.9700
v -7.2412 -4.1795 3.8900
v -7.2412 -4.4395 3.8000
v -7.2412 -4.6895 3.7200
v -7.2412 -4.9195 3.6600
v -7.2412 -5.1595 3.5500
v -7.2312 -5.4095 3.5000
v -7.2312 -5.6295 3.4400
v -7.5812 3.3905 5.9300
v -7.5812 3.1705 6.0100
v -7.5812 2.9605 6.0700
v -7.5812 2.7305 5.9700
v -7.5812 2.4905 5.8900
v -7.5712 2.2305 5.8100
v -7.5712 1.9805 5.7200
v -7.5712 1.7405 5.6400
v -7.5712 1.5105 5.6000
v -7.5712 1.2805 5.5200
v -7.5612 1.0205 5.4200
v -7.5612 0.7805 5.3500
v -7.5612 0.5205 5.2700
v -7.5612 0.3005 5.2100
v -7.5612 0.0705 5.1500
v -7.5512 -0.1895 5.0800
v -7.5512 -0.4495 4.9900
v -7.5512 -0.6995 4.9000
v -7.5512 -0.9595 4.8000
v -7.5412 -1.1995 4.7200
v -7.5412 -1.4595 4.6500
v -7.5412 -1.6795 4.5700
v -7.5412 -1.9195 4.5100
v -7.5412 -2.1595 4.4400
v -7.5312 -2.4195 4.3500
v -7.5312 -2.6595 4.2400
v -7.5312 -2.9295 4.1800
v -7.5312 -3.1695 4.1200
v -7.5312 -3.4095 4.0000
v -7.5212 -3.6595 3.9700
v -7.5212 -3.8895 3.8700
v -7.5212 -4.1395 3.7900
v -7.5212 -4.3895 3.7100
v -7.5212 -4.6195 3.6400
v -7.5112 -4.8695 3.5500
v -7.5112 -5.1295 3.4600
v -7.5112 -5.3795 3.3800
v -7.8612 3.3805 5.8700
v -7.8612 3.1905 5.9700
v -7.8612 2.9805 5.9800
v -7.8612 2.7205 5.8400
v -7.8612 2.4805 5.8000
v -7.8512 2.2005 5.6900
v -7.8512 1.9805 5.6400
v -7.8512 1.7605 5.5600
v -7.8512 1.4905 5.4700
v -7.8412 1.2405 5.4000
v -7.8412 0.9705 5.3100
v -7.8412 0.7305 5.2400
v -7.8412 0.4905 5.1600
v -7.8412 0.2305 5.0800
v -7.8312 -0.0095 4.9900
v -7.8312 -0.2295 4.9100
v -7.8312 -0.4695 4.8200
v -7.8312 -0.7295 4.7700
v -7.8312 -0.9795 4.6900
v -7.8212 -1.2195 4.6100
v -7.8212 -1.4695 4.5400
v -7.8212 -1.7095 4.4600
v -7.8212 -1.9795 4.3400
v -7.8212 -2.1895 4.3000
v -7.8112 -2.4395 4.2000
v -7.8112 -2.6895 4.1500
v -7.8112 -2.9295 4.0800
v -7.8112 -3.1795 4.0000
v -7.8012 -3.4395 3.8800
v -7.8012 -3.6695 3.8600
v -7.8012 -3.9495 3.7400
v -7.8012 -4.1895 3.6800
v -7.8012 -4.4495 3.5800
v -7.7912 -4.6895 3.5100
v -7.7912 -4.9495 3.4400
v -8.1412 3.2105 5.8500
v -8.1412 2.9805 5.8700
v -8.1412 2.7205 5.7700
v -8.1312 2.4605 5.6600
v -8.1312 2.2205 5.6200
v -8.1312 1.9705 5.5500
v -8.1312 1.7505 5.4700
v -8.1212 1.5005 5.3900
v -8.1212 1.2705 5.3300
v -8.1212 1.0205 5.2300
v -8.1212 0.7705 5.1400
v -8.1212 0.5105 5.0500
v -8.1112 0.2705 5.0200
v -8.1112 0.0405 4.9400
v -8.1112 -0.2095 4.8600
v -8.1112 -0.4395 4.7800
v -8.1112 -0.6895 4.6900
v -8.1012 -0.9495 4.6000
v -8.1012 -1.1695 4.5300
v -8.1012 -1.4195 4.4700
v -8.1012 -1.6995 4.3500
v -8.1012 -1.9395 4.2800
v -8.0912 -2.1895 4.2100
v -8.0912 -2.4395 4.1400
v -8.0912 -2.6995 4.0500
v -8.0912 -2.9295 3.9700
v -8.0812 -3.1795 3.8900
v -8.0812 -3.4395 3.8000
v -8.0812 -3.6895 3.7400
v -8.0812 -3.9195 3.6700
v -8.0812 -4.1795 3.5700
v -8.0712 -4.4295 3.4900
v -8.0712 -4.6695 3.4100
v -8.3512 3.4105 5.7200
v -8.3412 3.1905 5.8200
v -8.3412 2.9705 5.8000
v -8.3412 2.7205 5.7100
v -8.3412 2.4505 5.6400
v -8.3412 2.1905 5.5200
v -8.3312 1.9505 5.4500
v -8.3312 1.7205 5.3900
v -8.3312 1.4705 5.3000
v -8.3312 1.2405 5.2500
v -8.3312 1.0105 5.1800
v -8.3212 0.7505 5.0800
v -8.3212 0.5105 5.0000
v -8.3212 0.2605 4.9100
v -8.3212 0.0105 4.8700
v -8.3212 -0.2295 4.7800
v -8.3112 -0.4995 4.6800
v -8.3112 -0.7295 4.5900
v -8.3112 -1.0095 4.5000
v -8.3112 -1.2395 4.4400
v -8.3012 -1.4995 4.3300
v -8.3012 -1.7495 4.2900
v -8.3012 -1.9795 4.2400
v -8.3012 -2.2195 4.1300
v -8.3012 -2.4795 4.0300
v -8.2912 -2.7095 3.9700
v -8.2912 -2.9695 3.9000
v -8.2912 -3.2295 3.7900
v -8.2912 -3.4595 3.7100
v -8.2812 -3.7195 3.6400
v -8.2812 -3.9495 3.5800
v -8.2812 -4.2095 3.5000
v -8.2812 -4.4595 3.4700
v -8.5112 3.3705 5.6800
v -8.5012 3.1405 5.7900
v -8.5012 2.8905 5.7000
v -8.5012 2.6505 5.5900
v -8.5012 2.4205 5.5200
v -8.5012 2.1705 5.4600
v -8.4912 1.9105 5.3900
v -8.4912 1.6705 5.3200
v -8.4912 1.4305 5.2300
v -8.4912 1.1805 5.1500
v -8.4812 0.9105 5.0800
v -8.4812 0.6505 4.9800
v -8.4812 0.4205 4.9100
v -8.4812 0.1705 4.8200
v -8.4812 -0.0995 4.7500
v -8.4712 -0.3395 4.6600
v -8.4712 -0.5595 4.6000
v -8.4712 -0.8095 4.4900
v -8.4712 -1.0595 4.4400
v -8.4712 -1.3095 4.3600
v -8.4612 -1.5495 4.2800
v -8.4612 -1.7895 4.2200
v -8.4612 -2.0395 4.1600
v -8.4612 -2.2895 4.0400
v -8.4612 -2.5495 3.9600
v -8.4512 -2.7795 3.8700
v -8.4512 -3.0495 3.8000
v -8.4512 -3.3195 3.7100
v -8.4512 -3.5695 3.6400
v -8.4412 -3.8095 3.5600
v -8.4412 -4.0595 3.5000
v -8.4412 -4.2895 3.4800
v -8.7212 3.3405 5.6000
v -8.7212 3.1505 5.7200
v -8.7212 2.9005 5.6300
v -8.7212 2.6505 5.5400
v -8.7212 2.3905 5.4500
v -8.7112 2.1405 5.3900
v -8.7112 1.8905 5.2900
v -8.7112 1.6405 5.1900
v -8.7112 1.4105 5.1500
v -8.7112 1.1605 5.0700
v -8.7012 0.9105 4.9900
v -8.7012 0.6705 4.9100
v -8.7012 0.4305 4.8200
v -8.7012 0.1605 4.7600
v -8.6912 -0.0795 4.6800
v -8.6912 -0.3195 4.6000
v -8.6912 -0.5595 4.5000
v -8.6912 -0.8195 4.4500
v -8.6912 -1.0795 4.3400
v -8.6812 -1.3295 4.2800
v -8.6812 -1.5695 4.2000
v -8.6812 -1.8495 4.1000
v -8.6812 -2.0995 4.0200
v -8.6812 -2.3295 3.9500
v -8.6712 -2.5595 3.8900
v -8.6712 -2.8095 3.8100
v -8.6712 -3.0395 3.7400
v -8.6712 -3.2795 3.6400
v -8.6712 -3.5195 3.5700
v -8.6612 -3.7495 3.5100
v -8.6612 -4.0195 3.3900
v -8.6612 -4.2295 3.4700
v -9.0312 3.2105 5.5800
v -9.0312 3.0005 5.5600
v -9.0212 2.7705 5.4600
v -9.0212 2.5005 5.3500
v -9.0212 2.2405 5.2900
v -9.0212 2.0005 5.2200
v -9.0212 1.7505 5.1500
v -9.0112 1.5405 5.0700
v -9.0112 1.2705 4.9900
v -9.0112 1.0405 4.9100
v -9.0112 0.7805 4.8200
v -9.0112 0.5305 4.7500
v -9.0012 0.2605 4.6600
v -9.0012 0.0105 4.5900
v -9.0012 -0.2495 4.5000
v -9.0012 -0.4995 4.4000
v -8.9912 -0.7395 4.3600
v -8.9912 -0.9695 4.2700
v -8.9912 -1.2095 4.1900
v -8.9912 -1.4295 4.1400
v -8.9912 -1.6795 4.0400
v -8.9812 -1.9395 3.9800
v -8.9812 -2.1695 3.9000
v -8.9812 -2.3995 3.8100
v -8.9812 -2.6295 3.7400
v -8.9812 -2.8795 3.6800
v -8.9712 -3.1295 3.5700
v -8.9712 -3.3795 3.5200
v -8.9712 -3.5895 3.4500
v -9.3112 3.3405 5.4500
v -9.3012 3.1105 5.5100
v -9.3012 2.8705 5.4000
v -9.3012 2.6105 5.3200
v -9.3012 2.3505 5.2100
v -9.3012 2.1005 5.1300
v -9.2912 1.8305 5.0500
v -9.2912 1.5805 5.0100
v -9.2912 1.3205 4.9100
v -9.2912 1.1005 4.8200
v -9.2812 0.8605 4.7600
v -9.2812 0.6205 4.7000
v -9.2812 0.3905 4.6100
v -9.2812 0.1805 4.5300
v -9.2812 -0.0995 4.4300
v -9.2712 -0.3295 4.3700
v -9.2712 -0.5595 4.2900
v -9.2712 -0.7995 4.2300
v -9.2712 -1.0295 4.1400
v -9.2712 -1.2895 4.1000
v -9.2612 -1.5495 4.0300
v -9.2612 -1.7795 3.9200
v -9.2612 -2.0095 3.8500
v -9.2612 -2.2495 3.7700
v -9.2612 -2.5095 3.6900
v -9.2512 -2.7295 3.6100
v -9.2512 -2.9895 3.5300
v -9.2512 -3.2195 3.5100
v -9.2512 -3.4495 3.4500
v -9.4812 3.3605 5.3600
v -9.4812 3.1205 5.4400
v -9.4712 2.8505 5.3400
v -9.4712 2.6105 5.2400
v -9.4712 2.3805 5.1700
v -9.4712 2.1505 5.1000
v -9.4612 1.9105 4.9900
v -9.4612 1.6805 4.9500
v -9.4612 1.4305 4.8800
v -9.4612 1.1905 4.8000
v -9.4612 0.9605 4.7400
v -9.4512 0.7205 4.6300
v -9.4512 0.4805 4.5600
v -9.4512 0.2305 4.4700
v -9.4512 -0.0195 4.4100
v -9.4512 -0.2595 4.3500
v -9.4412 -0.4995 4.2700
v -9.4412 -0.7295 4.2000
v -9.4412 -0.9695 4.1300
v -9.4412 -1.2195 4.0300
v -9.4412 -1.4795 3.9500
v -9.4312 -1.7095 3.8800
v -9.4312 -1.9395 3.8000
v -9.4312 -2.1995 3.7300
v -9.4312 -2.4495 3.6700
v -9.4212 -2.7095 3.5700
v -9.4212 -2.9395 3.5000
v -9.4212 -3.1895 3.4500
v -9.6512 3.3605 5.3000
v -9.6512 3.1105 5.3900
v -9.6412 2.8705 5.2800
v -9.6412 2.6505 5.1900
v -9.6412 2.4205 5.1200
v -9.6412 2.1705 5.0500
v -9.6412 1.9105 4.9700
v -9.6312 1.6705 4.9000
v -9.6312 1.4505 4.7900
v -9.6312 1.1905 4.7500
v -9.6312 0.9505 4.6500
v -9.6312 0.7205 4.5900
v -9.6212 0.4805 4.5000
v -9.6212 0.2205 4.4400
v -9.6212 -0.0195 4.3700
v -9.6212 -0.2395 4.2900
v -9.6112 -0.4995 4.1900
v -9.6112 -0.7595 4.1300
v -9.6112 -1.0195 4.0300
v -9.6112 -1.2695 3.9600
v -9.6112 -1.5095 3.8600
v -9.6012 -1.7695 3.7800
v -9.6012 -2.0095 3.7300
v -9.6012 -2.2395 3.6500
v -9.6012 -2.4695 3.6000
v -9.5912 -2.7295 3.5200
v -9.5912 -2.9895 3.4200
v -9.9212 3.2905 5.2600
v -9.9112 3.0605 5.2700
v -9.9112 2.8305 5.1600
v -9.9112 2.5705 5.0700
v -9.9112 2.3305 5.0000
v -9.9012 2.0605 4.9100
v -9.9012 1.8405 4.8300
v -9.9012 1.6105 4.7600
v -9.9012 1.3605 4.6600
v -9.9012 1.0905 4.6000
v -9.8912 0.8405 4.5300
v -9.8912 0.6005 4.4400
v -9.8912 0.3405 4.3500
v -9.8912 0.0905 4.2700
v -9.8912 -0.1395 4.2200
v -9.8812 -0.3695 4.1400
v -9.8812 -0.6095 4.0700
v -9.8812 -0.8695 3.9700
v -9.8812 -1.1195 3.9000
v -9.8812 -1.3695 3.8100
v -9.8712 -1.6095 3.7500
v -9.8712 -1.8395 3.7000
v -9.8712 -2.1095 3.6000
v -9.8712 -2.3395 3.5200
v -9.8612 -2.5495 3.4700
v -9.8612 -2.8295 3.4500
v -10.2112 3.2405 5.1900
v -10.2112 2.9705 5.0800
v -10.2112 2.7105 4.9900
v -10.2012 2.4605 4.9500
v -10.2012 2.2105 4.8700
v -10.2012 1.9705 4.7600
v -10.2012 1.7205 4.7100
v -10.2012 1.4905 4.6400
v -10.1912 1.2705 4.5400
v -10.1912 1.0105 4.4700
v -10.1912 0.7605 4.4100
v -10.1912 0.5005 4.3300
v -10.1812 0.2505 4.2100
v -10.1812 0.0205 4.1600
v -10.1812 -0.2195 4.1000
v -10.1812 -0.4795 3.9700
v -10.1812 -0.6795 3.9400
v -10.1712 -0.9395 3.8400
v -10.1712 -1.1995 3.7800
v -10.1712 -1.4495 3.6900
v -10.1712 -1.6995 3.6200
v -10.1712 -1.9495 3.5300
v -10.1612 -2.1795 3.4800
v -10.1612 -2.4295 3.4400
v -10.4912 3.4005 5.0000
v -10.4812 3.2005 5.1000
v -10.4812 2.9505 5.0000
v -10.4812 2.6905 4.9000
v -10.4812 2.4405 4.8300
v -10.4812 2.1905 4.7100
v -10.4712 1.9505 4.6800
v -10.4712 1.7005 4.5900
v -10.4712 1.4505 4.5100
v -10.4712 1.2205 4.4100
v -10.4712 0.9905 4.3400
v -10.4612 0.7405 4.2900
v -10.4612 0.5005 4.2200
v -10.4612 0.2605 4.1500
v -10.4612 -0.0095 4.0400
v -10.4512 -0.2395 4.0000
v -10.4512 -0.4995 3.8900
v -10.4512 -0.7395 3.8100
v -10.4512 -1.0095 3.7300
v -10.4512 -1.2395 3.6900
v -10.4412 -1.5095 3.5900
v -10.4412 -1.7295 3.5000
v -10.4412 -1.9795 3.4600
v -10.7512 3.2305 5.0100
v -10.7512 2.9705 4.8900
v -10.7412 2.7305 4.8000
v -10.7412 2.5005 4.7300
v -10.7412 2.2305 4.6700
v -10.7412 2.0105 4.6000
v -10.7412 1.7605 4.4900
v -10.7312 1.5105 4.4300
v -10.7312 1.2605 4.3500
v -10.7312 1.0005 4.2600
v -10.7312 0.7605 4.2000
v -10.7212 0.5005 4.1100
v -10.7212 0.2605 4.0500
v -10.7212 0.0105 3.9600
v -10.7212 -0.2395 3.8700
v -10.7212 -0.4595 3.8200
v -10.7112 -0.7195 3.7000
v -10.7112 -0.9795 3.6300
v -10.7112 -1.2295 3.5500
v -10.7112 -1.4595 3.5300
v -10.7112 -1.7195 3.4200
v -11.0112 3.4205 4.8600
v -11.0112 3.2105 4.9200
v -11.0012 2.9405 4.7800
v -11.0012 2.7005 4.7300
v -11.0012 2.4305 4.6300
v -11.0012 2.1905 4.5600
v -11.0012 1.9305 4.4700
v -10.9912 1.6905 4.3800
v -10.9912 1.4605 4.3200
v -10.9912 1.2105 4.2600
v -10.9912 0.9505 4.1500
v -10.9812 0.7105 4.0800
v -10.9812 0.4805 4.0200
v -10.9812 0.2005 3.9300
v -10.9812 -0.0295 3.8700
v -10.9812 -0.2695 3.7700
v -10.9712 -0.5095 3.6900
v -10.9712 -0.7595 3.6400
v -10.9712 -1.0295 3.5600
v -10.9712 -1.2695 3.4700
v -10.9612 -1.5295 3.4100
v -11.2112 3.3605 4.8500
v -11.2012 3.1205 4.8300
v -11.2012 2.8705 4.7000
v -11.2012 2.6105 4.6400
v -11.2012 2.3805 4.5400
v -11.2012 2.1305 4.4600
v -11.1912 1.8805 4.4000
v -11.1912 1.6305 4.3000
v -11.1912 1.4005 4.2300
v -11.1912 1.1505 4.1400
v -11.1912 0.9005 4.0600
v -11.1812 0.6405 4.0100
v -11.1812 0.3805 3.9000
v -11.1812 0.1305 3.8400
v -11.1812 -0.1295 3.7600
v -11.1812 -0.3695 3.7000
v -11.1712 -0.6095 3.6100
v -11.1712 -0.8495 3.5300
v -11.1712 -1.0695 3.4700
v -11.1712 -1.2995 3.4700
v -11.3712 3.3905 4.8000
v -11.3712 3.1605 4.7700
v -11.3712 2.8905 4.6400
v -11.3712 2.6605 4.5600
v -11.3612 2.4005 4.5000
v -11.3612 2.1505 4.4300
v -11.3612 1.8905 4.3500
v -11.3612 1.6305 4.2600
v -11.3612 1.3805 4.1700
v -11.3512 1.1305 4.1000
v -11.3512 0.8905 4.0100
v -11.3512 0.6605 3.9700
v -11.3512 0.4105 3.8700
v -11.3512 0.1905 3.7900
v -11.3412 -0.0395 3.7100
v -11.3412 -0.2995 3.6600
v -11.3412 -0.5395 3.5700
v -11.3412 -0.7595 3.5000
v -11.3312 -0.9795 3.4600
v -11.5912 3.1905 4.7000
v -11.5912 2.9405 4.6100
v -11.5812 2.7005 4.5000
v -11.5812 2.4705 4.4100
v -11.5812 2.2305 4.3600
v -11.5812 2.0005 4.2900
v -11.5712 1.7705 4.2100
v -11.5712 1.5205 4.1300
v -11.5712 1.2805 4.0500
v -11.5712 1.0305 4.0000
v -11.5712 0.8005 3.9100
v -11.5712 0.5905 3.8300
v -11.5612 0.3205 3.7700
v -11.5612 0.0605 3.7000
v -11.5612 -0.1895 3.5700
v -11.5612 -0.3995 3.5100
v -11.5512 -0.6395 3.4900
v -11.5512 -0.8895 3.4700
v -11.8912 3.1605 4.5800
v -11.8812 2.9205 4.4600
v -11.8812 2.7005 4.4100
v -11.8812 2.4605 4.3300
v -11.8812 2.2305 4.2400
v -11.8812 1.9505 4.1900
v -11.8712 1.7105 4.0600
v -11.8712 1.4905 4.0200
v -11.8712 1.2605 3.9300
v -11.8712 1.0005 3.8600
v -11.8712 0.7405 3.7800
v -11.8612 0.5305 3.6900
v -11.8612 0.2605 3.6500
v -11.8612 0.0105 3.5600
v -11.8612 -0.2095 3.5000
v -11.8512 -0.4595 3.3900
v -12.1412 3.3405 4.5500
v -12.1412 3.1205 4.4700
v -12.1412 2.8705 4.3500
v -12.1412 2.6305 4.2800
v -12.1412 2.3905 4.2000
v -12.1312 2.1605 4.1400
v -12.1312 1.8905 4.0500
v -12.1312 1.6505 3.9800
v -12.1312 1.4305 3.9100
v -12.1212 1.1705 3.8400
v -12.1212 0.9205 3.7500
v -12.1212 0.6605 3.6600
v -12.1212 0.4005 3.5900
v -12.1212 0.1705 3.5400
v -12.1112 -0.0695 3.5100
v -12.3112 3.4205 4.4700
v -12.3112 3.1705 4.4100
v -12.3112 2.9205 4.3100
v -12.3112 2.6505 4.2500
v -12.3012 2.3905 4.1500
v -12.3012 2.1705 4.1000
v -12.3012 1.9105 3.9900
v -12.3012 1.6705 3.9100
v -12.3012 1.4405 3.8400
v -12.2912 1.2105 3.7900
v -12.2912 0.9605 3.6900
v -12.2912 0.7005 3.6500
v -12.2912 0.4305 3.5400
v -12.2912 0.2005 3.4900
v -12.2812 -0.0095 3.4300
v -12.4912 3.3205 4.4300
v -12.4912 3.0705 4.3200
v -12.4912 2.8405 4.2400
v -12.4912 2.6105 4.1500
v -12.4912 2.3505 4.0400
v -12.4812 2.1005 3.9800
v -12.4812 1.8305 3.8900
v -12.4812 1.6105 3.8300
v -12.4812 1.3805 3.7800
v -12.4712 1.1205 3.6800
v -12.4712 0.8805 3.6400
v -12.4712 0.6505 3.5300
v -12.4712 0.4205 3.4600
v -12.4712 0.1605 3.4400
v -12.7612 3.1905 4.2600
v -12.7612 2.9405 4.1800
v -12.7612 2.7005 4.0700
v -12.7612 2.4605 4.0000
v -12.7512 2.2105 3.9400
v -12.7512 1.9705 3.8500
v -12.7512 1.7305 3.8100
v -12.7512 1.4705 3.7100
v -12.7512 1.2405 3.6400
v -12.7412 0.9705 3.5500
v -12.7412 0.7305 3.4800
v -12.7412 0.4905 3.5200
v -13.0512 3.4105 4.2200
v -13.0512 3.1805 4.1700
v -13.0512 2.9105 4.0500
v -13.0412 2.6505 3.9900
v -13.0412 2.4105 3.9000
v -13.0412 2.1905 3.8300
v -13.0412 1.9105 3.7300
v -13.0312 1.6605 3.6500
v -13.0312 1.4205 3.5900
v -13.0312 1.2105 3.5200
v -13.0312 0.9505 3.4800
v -13.3012 3.2105 4.0600
v -13.3012 2.9605 3.9800
v -13.3012 2.7305 3.9100
v -13.2912 2.4905 3.8100
v -13.2912 2.2205 3.7700
v -13.2912 1.9905 3.6800
v -13.2912 1.7205 3.6000
v -13.2812 1.5105 3.5000
v -13.2812 1.2505 3.4700
v -13.2812 1.0305 3.4700
v -13.5512 3.3505 4.0800
v -13.5412 3.0905 3.9400
v -13.5412 2.8705 3.8500
v -13.5412 2.6005 3.7500
v -13.5412 2.3405 3.6900
v -13.5412 2.0905 3.6200
v -13.5312 1.8405 3.5300
v -13.5312 1.5905 3.5000
v -13.8012 3.2205 3.9000
v -13.8012 2.9705 3.7800
v -13.8012 2.7405 3.7300
v -13.8012 2.5005 3.6400
v -13.7912 2.2505 3.5500
v -13.7912 2.0305 3.5300
v -13.7912 1.8105 3.4200
v -14.0112 3.2105 3.8000
v -14.0112 2.9605 3.7000
v -14.0012 2.7305 3.6500
v -14.0012 2.5005 3.5900
v -14.0012 2.2505 3.5000
v -14.0012 2.0005 3.4800
v -14.1812 3.4205 3.8600
v -14.1712 3.1905 3.7300
v -14.1712 2.9405 3.6700
v -14.1712 2.6805 3.5700
v -14.1712 2.4705 3.5500
v -14.1712 2.2105 3.4500
v -14.3812 3.3605 3.7400
v -14.3812 3.0805 3.6000
v -14.3812 2.8305 3.5400
v -14.3812 2.5905 3.5000
v -14.3812 2.3305 3.4900
v -14.6712 3.3505 3.6100
v -14.6712 3.1105 3.5300
v -14.6712 2.8905 3.4700
v -14.6612 2.6505 3.4500
v -14.9212 3.2605 3.5100
v -14.9212 3.0205 3.4600
v -15.1012 3.2405 3.5000
v 12.9188 3.9105 3.4300
v 12.7188 4.0705 3.4400
v 12.7188 3.8605 3.5600
v 12.7288 3.6205 3.5300
v 12.4688 4.4705 3.3300
v 12.4688 4.2605 3.4500
v 12.4688 4.0505 3.5400
v 12.4688 3.8305 3.6000
v 12.4788 3.5805 3.4900
v 12.1288 4.9405 3.4000
v 12.1288 4.6905 3.4300
v 12.1288 4.4805 3.5200
v 12.1288 4.2705 3.5800
v 12.1288 4.0805 3.6900
v 12.1388 3.8205 3.7100
v 12.1388 3.5505 3.5900
v 11.8188 5.1905 3.3400
v 11.8188 4.9605 3.4200
v 11.8188 4.7605 3.5300
v 11.8288 4.5205 3.6000
v 11.8288 4.2905 3.6700
v 11.8288 4.0905 3.7800
v 11.8288 3.9005 3.8300
v 11.8288 3.6305 3.6900
v 11.6188 5.3405 3.3900
v 11.6188 5.1505 3.4700
v 11.6188 4.9305 3.5400
v 11.6188 4.7305 3.6300
v 11.6188 4.5005 3.6800
v 11.6288 4.3005 3.7800
v 11.6288 4.0905 3.8300
v 11.6288 3.8705 3.8500
v 11.6288 3.6305 3.7500
v 11.4388 5.5205 3.3900
v 11.4388 5.3305 3.4800
v 11.4388 5.1205 3.5400
v 11.4388 4.8905 3.6500
v 11.4488 4.6505 3.7100
v 11.4488 4.4505 3.7700
v 11.4488 4.2505 3.8400
v 11.4488 4.0505 3.9300
v 11.4488 3.7905 3.8700
v 11.4588 3.5405 3.7600
v 11.1988 5.9605 3.4100
v 11.1988 5.7405 3.4000
v 11.1988 5.5205 3.4800
v 11.1988 5.3205 3.5800
v 11.1988 5.1105 3.6600
v 11.2088 4.8805 3.7300
v 11.2088 4.6605 3.7800
v 11.2088 4.4605 3.8600
v 11.2088 4.2405 3.9300
v 11.2088 4.0105 4.0400
v 11.2188 3.7405 3.9200
v 11.2188 3.4905 3.8200
v 10.9388 6.2105 3.3700
v 10.9388 6.0005 3.4200
v 10.9488 5.7705 3.5100
v 10.9488 5.5505 3.5900
v 10.9488 5.3205 3.6700
v 10.9488 5.0905 3.7400
v 10.9488 4.8805 3.8100
v 10.9588 4.6705 3.8700
v 10.9588 4.4505 3.9500
v 10.9588 4.2405 4.0400
v 10.9588 4.0405 4.1200
v 10.9588 3.7905 4.0100
v 10.9688 3.5305 3.9300
v 10.7088 6.3305 3.4500
v 10.7088 6.1105 3.5200
v 10.7088 5.9005 3.5800
v 10.7088 5.7005 3.6400
v 10.7088 5.4705 3.7100
v 10.7088 5.2405 3.7900
v 10.7188 5.0105 3.8500
v 10.7188 4.8205 3.9100
v 10.7188 4.6105 4.0100
v 10.7188 4.3605 4.0500
v 10.7188 4.1705 4.1700
v 10.7288 3.9605 4.1900
v 10.7288 3.6905 4.0500
v 10.7288 3.4605 3.9700
v 10.4588 6.7505 3.3700
v 10.4588 6.5205 3.4400
v 10.4588 6.2905 3.5200
v 10.4588 6.0905 3.5800
v 10.4588 5.9005 3.6600
v 10.4688 5.6505 3.7500
v 10.4688 5.4405 3.8100
v 10.4688 5.2305 3.8800
v 10.4688 5.0305 3.9500
v 10.4688 4.8105 4.0200
v 10.4688 4.5705 4.0900
v 10.4788 4.3605 4.1800
v 10.4788 4.1605 4.2500
v 10.4788 3.9105 4.2600
v 10.4788 3.6405 4.1100
v 10.1888 7.0305 3.3600
v 10.1888 6.8305 3.4400
v 10.1888 6.6005 3.5300
v 10.1988 6.3805 3.5900
v 10.1988 6.1705 3.7000
v 10.1988 5.9405 3.7200
v 10.1988 5.7305 3.7900
v 10.1988 5.5005 3.8800
v 10.1988 5.2805 3.9300
v 10.2088 5.0605 4.0200
v 10.2088 4.8605 4.0900
v 10.2088 4.6205 4.1700
v 10.2088 4.4005 4.2400
v 10.2088 4.2005 4.3200
v 10.2088 3.9905 4.3700
v 10.2188 3.7105 4.2000
v 10.2188 3.4505 4.1000
v 9.9588 7.3405 3.3800
v 9.9588 7.1105 3.4100
v 9.9588 6.9005 3.5000
v 9.9588 6.6705 3.5900
v 9.9688 6.4505 3.6700
v 9.9688 6.2405 3.7200
v 9.9688 6.0005 3.7800
v 9.9688 5.7805 3.8700
v 9.9688 5.5805 3.9400
v 9.9688 5.3705 4.0000
v 9.9788 5.1405 4.0900
v 9.9788 4.9105 4.1400
v 9.9788 4.7105 4.2000
v 9.9788 4.4805 4.3200
v 9.9788 4.2705 4.3700
v 9.9788 4.0505 4.4800
v 9.9888 3.8105 4.3400
v 9.9888 3.5505 4.2200
v 9.7388 7.5605 3.2700
v 9.7488 7.3805 3.4500
v 9.7488 7.1605 3.5100
v 9.7488 6.9305 3.5800
v 9.7488 6.7105 3.6500
v 9.7488 6.5005 3.7200
v 9.7488 6.2705 3.8000
v 9.7588 6.0605 3.8800
v 9.7588 5.8405 3.9200
v 9.7588 5.6505 4.0100
v 9.7588 5.4005 4.0800
v 9.7588 5.1705 4.1400
v 9.7688 4.9505 4.2200
v 9.7688 4.7405 4.3100
v 9.7688 4.5005 4.3600
v 9.7688 4.2705 4.4600
v 9.7688 4.0605 4.5200
v 9.7688 3.8205 4.3900
v 9.7788 3.5905 4.3100
v 9.4688 7.8805 3.4100
v 9.4688 7.6405 3.4700
v 9.4688 7.4205 3.5400
v 9.4688 7.2005 3.6200
v 9.4788 6.9905 3.6900
v 9.4788 6.7605 3.7400
v 9.4788 6.5205 3.8000
v 9.4788 6.3005 3.8700
v 9.4788 6.0805 3.9700
v 9.4788 5.8605 4.0300
v 9.4888 5.6305 4.1000
v 9.4888 5.4205 4.1900
v 9.4888 5.2205 4.2200
v 9.4888 5.0205 4.3000
v 9.4888 4.8005 4.3500
v 9.4988 4.5905 4.4400
v 9.4988 4.3705 4.5100
v 9.4988 4.1705 4.6100
v 9.4988 3.9305 4.5500
v 9.4988 3.6905 4.4200
v 9.4988 3.4505 4.3500
v 9.1088 8.3205 3.3100
v 9.1088 8.1005 3.4000
v 9.1088 7.9105 3.5300
v 9.1088 7.6605 3.6100
v 9.1088 7.4205 3.6500
v 9.1188 7.2005 3.7300
v 9.1188 7.0105 3.8100
v 9.1188 6.7905 3.8700
v 9.1188 6.5705 3.9200
v 9.1188 6.3705 4.0000
v 9.1188 6.1705 4.0500
v 9.1288 5.9405 4.1200
v 9.1288 5.7305 4.1900
v 9.1288 5.5205 4.2500
v 9.1288 5.3305 4.3200
v 9.1288 5.1205 4.3900
v 9.1388 4.8905 4.4600
v 9.1388 4.6605 4.5400
v 9.1388 4.4505 4.5900
v 9.1388 4.2605 4.7000
v 9.1388 4.0305 4.7200
v 9.1388 3.7605 4.6000
v 9.1488 3.5205 4.5000
v 8.7888 8.1905 3.5000
v 8.7888 7.9805 3.5900
v 8.7988 7.7705 3.6300
v 8.7988 7.5705 3.7400
v 8.7988 7.3505 3.7800
v 8.7988 7.1305 3.8600
v 8.7988 6.9305 3.9100
v 8.8088 6.7305 4.0000
v 8.8088 6.5005 4.0800
v 8.8088 6.2705 4.1500
v 8.8088 6.0705 4.2000
v 8.8088 5.8505 4.2700
v 8.8088 5.6505 4.3300
v 8.8188 5.4205 4.4100
v 8.8188 5.2105 4.4600
v 8.8188 4.9805 4.5300
v 8.8188 4.7805 4.6200
v 8.8188 4.5805 4.6800
v 8.8288 4.3505 4.7900
v 8.8288 4.1205 4.8500
v 8.8288 3.8705 4.7200
v 8.8288 3.6005 4.6200
v 8.5688 8.8905 3.3600
v 8.5788 8.6805 3.4200
v 8.5788 8.4805 3.5200
v 8.5788 8.2705 3.5900
v 8.5788 8.0405 3.6600
v 8.5788 7.8005 3.7200
v 8.5888 7.6105 3.8000
v 8.5888 7.4005 3.8600
v 8.5888 7.1905 3.9300
v 8.5888 6.9505 3.9900
v 8.5888 6.7505 4.0400
v 8.5888 6.5405 4.1200
v 8.5988 6.3205 4.1900
v 8.5988 6.1105 4.2700
v 8.5988 5.8805 4.3400
v 8.5988 5.6805 4.4100
v 8.5988 5.4305 4.4700
v 8.6088 5.2105 4.5400
v 8.6088 5.0205 4.6100
v 8.6088 4.7805 4.6800
v 8.6088 4.5705 4.7700
v 8.6088 4.3605 4.8300
v 8.6088 4.1605 4.9300
v 8.6188 3.9005 4.8200
v 8.6188 3.6305 4.6900
v 8.3788 8.9905 3.4100
v 8.3788 8.7905 3.4900
v 8.3788 8.5505 3.5500
v 8.3788 8.3505 3.6300
v 8.3888 8.1305 3.6900
v 8.3888 7.9205 3.7500
v 8.3888 7.7105 3.8400
v 8.3888 7.4805 3.9000
v 8.3888 7.2505 3.9700
v 8.3988 7.0405 4.0200
v 8.3988 6.8205 4.1100
v 8.3988 6.5905 4.1900
v 8.3988 6.3605 4.2500
v 8.3988 6.1605 4.3100
v 8.3988 5.9605 4.3700
v 8.4088 5.7405 4.4700
v 8.4088 5.5105 4.5200
v 8.4088 5.3005 4.6000
v 8.4088 5.0705 4.6600
v 8.4088 4.8605 4.7400
v 8.4188 4.6505 4.8000
v 8.4188 4.4405 4.8900
v 8.4188 4.2305 4.9800
v 8.4188 3.9905 4.9100
v 8.4188 3.7205 4.8100
v 8.4288 3.5005 4.7000
v 8.1088 9.3305 3.3700
v 8.1088 9.1205 3.4700
v 8.1188 8.9005 3.5300
v 8.1188 8.6805 3.6300
v 8.1188 8.4405 3.6900
v 8.1188 8.2205 3.7500
v 8.1188 8.0205 3.8100
v 8.1188 7.7905 3.8900
v 8.1288 7.5905 3.9600
v 8.1288 7.3605 4.0300
v 8.1288 7.1605 4.0900
v 8.1288 6.9505 4.1500
v 8.1288 6.7205 4.2400
v 8.1388 6.4805 4.3100
v 8.1388 6.2805 4.3800
v 8.1388 6.0905 4.4300
v 8.1388 5.8605 4.5100
v 8.1388 5.6305 4.5700
v 8.1388 5.4205 4.6400
v 8.1488 5.2005 4.6900
v 8.1488 4.9905 4.7900
v 8.1488 4.7605 4.8600
v 8.1488 4.5405 4.9400
v 8.1488 4.3505 5.0200
v 8.1588 4.1005 5.0600
v 8.1588 3.8305 4.9100
v 8.1588 3.5805 4.8400
v 7.8288 9.5805 3.4000
v 7.8288 9.3705 3.5000
v 7.8288 9.1505 3.5600
v 7.8288 8.9505 3.6400
v 7.8288 8.7405 3.6900
v 7.8388 8.5105 3.7600
v 7.8388 8.2805 3.8500
v 7.8388 8.0605 3.9100
v 7.8388 7.8405 3.9700
v 7.8388 7.6305 4.0100
v 7.8388 7.4305 4.1200
v 7.8488 7.2005 4.1700
v 7.8488 7.0005 4.2400
v 7.8488 6.7705 4.3100
v 7.8488 6.5705 4.3700
v 7.8488 6.3405 4.4700
v 7.8488 6.1105 4.5200
v 7.8588 5.9105 4.5900
v 7.8588 5.7005 4.6500
v 7.8588 5.4505 4.7300
v 7.8588 5.2205 4.8100
v 7.8588 5.0105 4.8700
v 7.8688 4.8105 4.9400
v 7.8688 4.5805 5.0400
v 7.8688 4.3605 5.1000
v 7.8688 4.1505 5.1600
v 7.8688 3.9005 5.0500
v 7.8788 3.6405 4.9400
v 7.5688 9.9305 3.3300
v 7.5688 9.7105 3.5000
v 7.5688 9.4905 3.5500
v 7.5688 9.2805 3.6200
v 7.5788 9.0705 3.6700
v 7.5788 8.8405 3.7600
v 7.5788 8.6305 3.8200
v 7.5788 8.4305 3.8700
v 7.5788 8.2005 3.9500
v 7.5788 7.9905 4.0200
v 7.5888 7.7805 4.0900
v 7.5888 7.5405 4.1500
v 7.5888 7.3305 4.2200
v 7.5888 7.1005 4.2900
v 7.5888 6.8705 4.3600
v 7.5988 6.6505 4.4600
v 7.5988 6.4505 4.5200
v 7.5988 6.2205 4.5800
v 7.5988 5.9905 4.6500
v 7.5988 5.7905 4.7200
v 7.5988 5.5805 4.7900
v 7.6088 5.3405 4.8500
v 7.6088 5.1205 4.9200
v 7.6088 4.9105 5.0200
v 7.6088 4.7105 5.0900
v 7.6088 4.4805 5.1400
v 7.6188 4.2605 5.2400
v 7.6188 4.0305 5.1600
v 7.6188 3.7805 5.0800
v 7.6188 3.5105 4.9600
v 7.3088 10.3405 3.2900
v 7.3088 10.1405 3.4100
v 7.3088 9.9205 3.4900
v 7.3188 9.7305 3.5400
v 7.3188 9.4905 3.6400
v 7.3188 9.2705 3.7200
v 7.3188 9.0505 3.7900
v 7.3188 8.8405 3.8600
v 7.3188 8.6205 3.9100
v 7.3288 8.3605 3.9800
v 7.3288 8.1605 4.0500
v 7.3288 7.9505 4.1300
v 7.3288 7.7105 4.1800
v 7.3288 7.5105 4.2900
v 7.3388 7.2905 4.3200
v 7.3388 7.0805 4.3900
v 7.3388 6.8805 4.4700
v 7.3388 6.6305 4.5400
v 7.3388 6.4105 4.6200
v 7.3388 6.2105 4.6700
v 7.3488 5.9805 4.7500
v 7.3488 5.7705 4.8200
v 7.3488 5.5405 4.8900
v 7.3488 5.3205 4.9500
v 7.3488 5.1005 5.0500
v 7.3588 4.8705 5.1100
v 7.3588 4.6405 5.2000
v 7.3588 4.4205 5.2600
v 7.3588 4.2205 5.3400
v 7.3588 3.9905 5.2200
v 7.3688 3.7305 5.1400
v 7.3688 3.4905 5.0300
v 7.0388 10.6405 3.3900
v 7.0388 10.4105 3.4300
v 7.0388 10.1805 3.5100
v 7.0388 9.9605 3.5700
v 7.0388 9.7405 3.6800
v 7.0488 9.5205 3.7100
v 7.0488 9.2905 3.7900
v 7.0488 9.0705 3.8500
v 7.0488 8.8805 3.9400
v 7.0488 8.6605 4.0000
v 7.0488 8.4305 4.0800
v 7.0588 8.2005 4.1400
v 7.0588 8.0005 4.2100
v 7.0588 7.7705 4.2700
v 7.0588 7.5605 4.3600
v 7.0588 7.3305 4.4100
v 7.0688 7.1205 4.5000
v 7.0688 6.9005 4.5400
v 7.0688 6.6705 4.6200
v 7.0688 6.4405 4.6700
v 7.0688 6.2305 4.7700
v 7.0788 6.0005 4.8500
v 7.0788 5.7805 4.9200
v 7.0788 5.5505 4.9600
v 7.0788 5.3505 5.0300
v 7.0788 5.1505 5.1100
v 7.0788 4.9405 5.1900
v 7.0888 4.7305 5.2600
v 7.0888 4.5105 5.3400
v 7.0888 4.3105 5.4200
v 7.0888 4.0705 5.3700
v 7.0888 3.8305 5.2700
v 7.0988 3.5905 5.1700
v 6.7988 10.9205 3.3300
v 6.7988 10.7005 3.4300
v 6.7988 10.4905 3.5000
v 6.7988 10.3105 3.5700
v 6.7988 10.0605 3.6400
v 6.8088 9.8205 3.7000
v 6.8088 9.6305 3.7700
v 6.8088 9.4005 3.8500
v 6.8088 9.2005 3.9300
v 6.8088 8.9505 3.9800
v 6.8088 8.7705 4.0600
v 6.8188 8.5305 4.1100
v 6.8188 8.3005 4.1900
v 6.8188 8.0705 4.2700
v 6.8188 7.8505 4.3500
v 6.8188 7.6305 4.4200
v 6.8288 7.3905 4.4600
v 6.8288 7.1905 4.5500
v 6.8288 6.9705 4.6000
v 6.8288 6.7605 4.6600
v 6.8288 6.5705 4.7400
v 6.8388 6.3505 4.8100
v 6.8388 6.1205 4.8700
v 6.8388 5.9105 4.9200
v 6.8388 5.7205 4.9900
v 6.8388 5.5105 5.0800
v 6.8388 5.3005 5.1400
v 6.8488 5.0705 5.2200
v 6.8488 4.8505 5.2700
v 6.8488 4.6505 5.3700
v 6.8488 4.4305 5.4400
v 6.8488 4.2305 5.5200
v 6.8488 3.9705 5.3900
v 6.8588 3.7305 5.2800
v 6.8588 3.4605 5.1900
v 6.5788 11.0805 3.3900
v 6.5888 10.8505 3.4500
v 6.5888 10.6405 3.5200
v 6.5888 10.4105 3.5800
v 6.5888 10.2305 3.6700
v 6.5888 9.9705 3.7400
v 6.5988 9.7505 3.8100
v 6.5988 9.5205 3.8800
v 6.5988 9.3005 3.9500
v 6.5988 9.0705 4.0400
v 6.5988 8.8305 4.1000
v 6.5988 8.6405 4.1800
v 6.6088 8.4305 4.2200
v 6.6088 8.2305 4.3000
v 6.6088 8.0005 4.3800
v 6.6088 7.8005 4.4300
v 6.6088 7.5805 4.4800
v 6.6188 7.3705 4.5600
v 6.6188 7.1605 4.6300
v 6.6188 6.9505 4.7100
v 6.6188 6.7705 4.7600
v 6.6188 6.5205 4.8300
v 6.6288 6.2905 4.8900
v 6.6288 6.0805 4.9500
v 6.6288 5.9005 5.0400
v 6.6288 5.6705 5.0900
v 6.6288 5.4405 5.1600
v 6.6288 5.2405 5.2500
v 6.6388 5.0105 5.3300
v 6.6388 4.8105 5.4000
v 6.6388 4.5905 5.4500
v 6.6388 4.3805 5.5700
v 6.6388 4.1405 5.5700
v 6.6488 3.8705 5.4100
v 6.6488 3.6105 5.2900
v 6.3188 11.3405 3.3600
v 6.3188 11.1205 3.4500
v 6.3288 10.8905 3.5300
v 6.3288 10.6705 3.6000
v 6.3288 10.4405 3.6900
v 6.3288 10.2005 3.7600
v 6.3288 10.0005 3.8100
v 6.3288 9.8105 3.8900
v 6.3388 9.5905 3.9600
v 6.3388 9.3705 4.0300
v 6.3388 9.1605 4.0800
v 6.3388 8.9505 4.1500
v 6.3388 8.7405 4.2200
v 6.3488 8.5205 4.2900
v 6.3488 8.3005 4.3500
v 6.3488 8.1205 4.4200
v 6.3488 7.8905 4.4900
v 6.3488 7.6605 4.5900
v 6.3488 7.4405 4.6300
v 6.3588 7.2405 4.6900
v 6.3588 7.0505 4.7700
v 6.3588 6.8105 4.8300
v 6.3588 6.6005 4.8900
v 6.3588 6.3705 4.9700
v 6.3688 6.1905 5.0200
v 6.3688 5.9605 5.1000
v 6.3688 5.7305 5.1700
v 6.3688 5.5105 5.2700
v 6.3688 5.2905 5.3200
v 6.3688 5.0705 5.4000
v 6.3788 4.8605 5.4500
v 6.3788 4.6305 5.5600
v 6.3788 4.4305 5.6300
v 6.3788 4.2205 5.6800
v 6.3788 3.9705 5.5400
v 6.3888 3.7105 5.4200
v 6.3888 3.4605 5.3400
v 5.9888 11.5705 3.3900
v 5.9888 11.3505 3.5100
v 5.9888 11.1305 3.5700
v 5.9888 10.9405 3.6600
v 5.9988 10.7105 3.7300
v 5.9988 10.5205 3.7800
v 5.9988 10.2905 3.8400
v 5.9988 10.0805 3.9200
v 5.9988 9.8905 4.0000
v 5.9988 9.6705 4.0700
v 6.0088 9.4305 4.1600
v 6.0088 9.2105 4.1900
v 6.0088 9.0205 4.2500
v 6.0088 8.8305 4.3200
v 6.0088 8.5705 4.4100
v 6.0188 8.3605 4.4500
v 6.0188 8.1405 4.5200
v 6.0188 7.9405 4.5900
v 6.0188 7.7205 4.6500
v 6.0188 7.4905 4.7200
v 6.0188 7.2705 4.7900
v 6.0288 7.0605 4.8900
v 6.0288 6.8305 4.9700
v 6.0288 6.6105 5.0300
v 6.0288 6.3805 5.0900
v 6.0288 6.2105 5.2800
v 6.0388 6.0005 5.3500
v 6.0388 5.7605 5.2800
v 6.0388 5.5405 5.3600
v 6.0388 5.3205 5.4300
v 6.0388 5.1205 5.5100
v 6.0388 4.8805 5.5800
v 6.0488 4.6705 5.6400
v 6.0488 4.4605 5.7500
v 6.0488 4.2505 5.7900
v 6.0488 4.0105 5.6400
v 6.0488 3.7405 5.5600
v 6.0588 3.5005 5.4600
v 5.6988 12.1205 3.3800
v 5.6988 11.9005 3.4300
v 5.6988 11.6905 3.5100
v 5.7088 11.5105 3.5800
v 5.7088 11.2905 3.6400
v 5.7088 11.0605 3.7200
v 5.7088 10.8205 3.7900
v 5.7088 10.6305 3.8600
v 5.7188 10.4105 3.9100
v 5.7188 10.2105 4.0100
v 5.7188 9.9705 4.0200
v 5.7188 9.7705 4.1200
v 5.7188 9.5405 4.2000
v 5.7288 9.3305 4.2200
v 5.7288 9.1205 4.3100
v 5.7288 8.9005 4.3900
v 5.7288 8.6805 4.4700
v 5.7288 8.4705 4.5500
v 5.7288 8.2305 4.6200
v 5.7388 8.0105 4.6700
v 5.7388 7.7805 4.7400
v 5.7388 7.6005 4.7900
v 5.7388 7.3805 4.8700
v 5.7388 7.1605 4.9500
v 5.7388 6.9405 5.0200
v 5.7488 6.7405 5.0800
v 5.7488 6.4905 5.1400
v 5.7488 6.2805 5.2600
v 5.7488 6.0705 5.3200
v 5.7488 5.8505 5.3900
v 5.7588 5.6505 5.4300
v 5.7588 5.4305 5.4900
v 5.7588 5.2105 5.5700
v 5.7588 5.0205 5.6300
v 5.7588 4.7805 5.7100
v 5.7588 4.5505 5.7700
v 5.7688 4.3505 5.8700
v 5.7688 4.0905 5.7700
v 5.7688 3.8305 5.6700
v 5.7688 3.5605 5.5600
v 5.5088 12.3305 3.3300
v 5.5088 12.1205 3.4300
v 5.5088 11.9205 3.5200
v 5.5088 11.7005 3.5700
v 5.5188 11.4605 3.6500
v 5.5188 11.2705 3.7400
v 5.5188 11.0505 3.8000
v 5.5188 10.8305 3.8700
v 5.5188 10.6205 3.9300
v 5.5288 10.3905 4.0200
v 5.5288 10.1805 4.0700
v 5.5288 9.9505 4.1500
v 5.5288 9.7105 4.2100
v 5.5288 9.5105 4.2800
v 5.5388 9.3005 4.3600
v 5.5388 9.0805 4.4000
v 5.5388 8.8605 4.4900
v 5.5388 8.6605 4.5400
v 5.5388 8.4505 4.6100
v 5.5388 8.2105 4.6500
v 5.5488 7.9905 4.7600
v 5.5488 7.7705 4.8100
v 5.5488 7.5705 4.8800
v 5.5488 7.3505 4.9700
v 5.5488 7.1305 5.0100
v 5.5588 6.9305 5.0800
v 5.5588 6.7005 5.1800
v 5.5588 6.5005 5.2400
v 5.5588 6.2505 5.3000
v 5.5588 6.0305 5.3700
v 5.5588 5.8505 5.4300
v 5.5688 5.6105 5.5000
v 5.5688 5.3705 5.5900
v 5.5688 5.1405 5.6600
v 5.5688 4.9505 5.7400
v 5.5688 4.7305 5.8000
v 5.5788 4.4905 5.9000
v 5.5788 4.2805 5.9400
v 5.5788 4.0405 5.7700
v 5.5788 3.8005 5.6700
v 5.5788 3.5305 5.6300
v 5.3188 12.5005 3.3900
v 5.3188 12.3105 3.4700
v 5.3188 12.0705 3.5200
v 5.3288 11.8305 3.5700
v 5.3288 11.6305 3.6700
v 5.3288 11.4005 3.7300
v 5.3288 11.1605 3.8200
v 5.3288 10.9605 3.8900
v 5.3388 10.7405 3.9600
v 5.3388 10.5405 4.0200
v 5.3388 10.3105 4.0700
v 5.3388 10.1105 4.1500
v 5.3388 9.8905 4.2200
v 5.3488 9.6605 4.2900
v 5.3488 9.4305 4.3600
v 5.3488 9.2105 4.4300
v 5.3488 9.0105 4.4900
v 5.3488 8.8005 4.5800
v 5.3488 8.5805 4.6300
v 5.3588 8.3705 4.7100
v 5.3588 8.1405 4.7900
v 5.3588 7.9405 4.8400
v 5.3588 7.7105 4.8800
v 5.3588 7.4805 4.9800
v 5.3688 7.2705 5.0600
v 5.3688 7.0505 5.1300
v 5.3688 6.8505 5.2000
v 5.3688 6.6005 5.2400
v 5.3688 6.3805 5.3300
v 5.3688 6.1705 5.4000
v 5.3788 5.9405 5.4600
v 5.3788 5.7205 5.5400
v 5.3788 5.5105 5.5800
v 5.3788 5.3005 5.6800
v 5.3788 5.0805 5.7700
v 5.3888 4.8705 5.8300
v 5.3888 4.6305 5.8900
v 5.3888 4.4405 6.0000
v 5.3888 4.1805 5.9400
v 5.3888 3.9505 5.8500
v 5.3988 3.6805 5.7300
v 5.3988 3.4305 5.6300
v 5.0588 12.9005 3.3700
v 5.0588 12.6605 3.3800
v 5.0588 12.4705 3.4900
v 5.0588 12.2405 3.5600
v 5.0688 12.0205 3.6300
v 5.0688 11.8105 3.6900
v 5.0688 11.6205 3.7700
v 5.0688 11.4005 3.8400
v 5.0688 11.1605 3.9000
v 5.0788 10.9305 3.9900
v 5.0788 10.7405 4.0500
v 5.0788 10.5305 4.1200
v 5.0788 10.2905 4.1900
v 5.0788 10.0805 4.2400
v 5.0788 9.8805 4.3000
v 5.0888 9.6605 4.3800
v 5.0888 9.4405 4.4400
v 5.0888 9.2205 4.5300
v 5.0888 8.9905 4.5800
v 5.0888 8.7905 4.6400
v 5.0988 8.5705 4.7100
v 5.0988 8.3205 4.8000
v 5.0988 8.1105 4.8900
v 5.0988 7.8905 4.9400
v 5.0988 7.6805 5.0200
v 5.1088 7.4405 5.0800
v 5.1088 7.2305 5.1700
v 5.1088 7.0405 5.2300
v 5.1088 6.8005 5.2800
v 5.1088 6.5705 5.3700
v 5.1088 6.3605 5.4300
v 5.1188 6.1505 5.4900
v 5.1188 5.9405 5.5700
v 5.1188 5.7005 5.6400
v 5.1188 5.4905 5.7000
v 5.1188 5.2905 5.7900
v 5.1188 5.0505 5.8400
v 5.1288 4.8205 5.9200
v 5.1288 4.5905 6.0000
v 5.1288 4.3805 6.1100
v 5.1288 4.1105 5.9800
v 5.1388 3.8705 5.8900
v 5.1388 3.6205 5.7700
v 4.7888 13.0105 3.4100
v 4.7888 12.7905 3.4600
v 4.7988 12.5505 3.5500
v 4.7988 12.3505 3.6200
v 4.7988 12.1405 3.7000
v 4.7988 11.9205 3.7400
v 4.7988 11.7105 3.8300
v 4.8088 11.5005 3.8600
v 4.8088 11.2805 3.9800
v 4.8088 11.0705 4.0300
v 4.8088 10.8505 4.1200
v 4.8088 10.6205 4.1800
v 4.8188 10.4105 4.2300
v 4.8188 10.1805 4.3100
v 4.8188 9.9505 4.3700
v 4.8188 9.7205 4.4500
v 4.8188 9.5205 4.5100
v 4.8188 9.3005 4.5900
v 4.8288 9.0605 4.6600
v 4.8288 8.8605 4.7400
v 4.8288 8.6505 4.8000
v 4.8288 8.4205 4.8700
v 4.8288 8.2005 4.9500
v 4.8288 7.9905 4.9900
v 4.8388 7.7805 5.0600
v 4.8388 7.5705 5.1500
v 4.8388 7.3405 5.2200
v 4.8388 7.1105 5.2300
v 4.8388 6.9105 5.3700
v 4.8488 6.6805 5.4600
v 4.8488 6.4605 5.5100
v 4.8488 6.2205 5.5900
v 4.8488 5.9905 5.6100
v 4.8488 5.7705 5.7200
v 4.8588 5.5605 5.7800
v 4.8588 5.3505 5.8500
v 4.8588 5.1405 5.9100
v 4.8588 4.9405 5.9700
v 4.8588 4.7405 6.0300
v 4.8588 4.5105 6.1200
v 4.8688 4.3005 6.1600
v 4.8688 4.0505 6.0400
v 4.8688 3.8305 5.9700
v 4.8688 3.5905 5.8700
v 4.5588 13.2605 3.4400
v 4.5588 13.0705 3.5000
v 4.5588 12.8205 3.5400
v 4.5688 12.6105 3.6200
v 4.5688 12.4005 3.7200
v 4.5688 12.1805 3.7700
v 4.5688 11.9705 3.8500
v 4.5688 11.7405 3.9100
v 4.5788 11.5005 3.9700
v 4.5788 11.2805 4.0400
v 4.5788 11.0805 4.1100
v 4.5788 10.8505 4.1900
v 4.5788 10.6205 4.2700
v 4.5788 10.4205 4.3100
v 4.5888 10.2105 4.3800
v 4.5888 9.9805 4.4800
v 4.5888 9.7505 4.5400
v 4.5888 9.5405 4.6000
v 4.5888 9.3305 4.6700
v 4.5988 9.1105 4.7300
v 4.5988 8.8805 4.8300
v 4.5988 8.6805 4.8800
v 4.5988 8.4505 4.9300
v 4.5988 8.2305 5.0200
v 4.6088 8.0005 5.0800
v 4.6088 7.7705 5.1700
v 4.6088 7.5505 5.2100
v 4.6088 7.3305 5.3300
v 4.6088 7.1105 5.3800
v 4.6088 6.9005 5.4400
v 4.6188 6.7005 5.5000
v 4.6188 6.5005 5.5700
v 4.6188 6.2805 5.6400
v 4.6188 6.0605 5.7200
v 4.6188 5.8405 5.7700
v 4.6188 5.6505 5.8400
v 4.6288 5.4405 5.9000
v 4.6288 5.2305 5.9900
v 4.6288 5.0005 6.0500
v 4.6288 4.7705 6.1100
v 4.6288 4.5805 6.1800
v 4.6388 4.3505 6.2500
v 4.6388 4.1105 6.1100
v 4.6388 3.8705 6.0200
v 4.6388 3.6305 5.9700
v 4.3288 13.7005 3.4000
v 4.3288 13.4905 3.4600
v 4.3288 13.2705 3.5200
v 4.3388 13.0305 3.5900
v 4.3388 12.8005 3.6600
v 4.3388 12.6005 3.7100
v 4.3388 12.3905 3.8100
v 4.3388 12.1505 3.8700
v 4.3488 11.9405 3.9400
v 4.3488 11.7405 4.0200
v 4.3488 11.5105 4.0700
v 4.3488 11.2805 4.1600
v 4.3488 11.0605 4.2000
v 4.3588 10.8505 4.2800
v 4.3588 10.6405 4.3400
v 4.3588 10.4105 4.3800
v 4.3588 10.2005 4.4600
v 4.3588 9.9805 4.5200
v 4.3588 9.7605 4.6300
v 4.3688 9.5505 4.6900
v 4.3688 9.3005 4.7800
v 4.3688 9.0605 4.8100
v 4.3688 8.8605 4.9100
v 4.3688 8.6505 4.9500
v 4.3788 8.4305 5.0500
v 4.3788 8.2205 5.1100
v 4.3788 8.0305 5.1600
v 4.3788 7.8105 5.2200
v 4.3788 7.5805 5.3100
v 4.3788 7.3705 5.3900
v 4.3888 7.1705 5.4500
v 4.3888 6.9705 5.5100
v 4.3888 6.7505 5.5900
v 4.3888 6.5205 5.6400
v 4.3888 6.3005 5.7100
v 4.3988 6.1105 5.7900
v 4.3988 5.8805 5.8600
v 4.3988 5.6705 5.9200
v 4.3988 5.4405 5.9700
v 4.3988 5.2505 6.0600
v 4.3988 5.0405 6.1200
v 4.4088 4.8105 6.1800
v 4.4088 4.6005 6.2700
v 4.4088 4.3805 6.3400
v 4.4088 4.1205 6.2200
v 4.4088 3.8605 6.1000
v 4.4188 3.5905 6.0100
v 4.0788 13.7605 3.4200
v 4.0888 13.5605 3.4800
v 4.0888 13.3505 3.5700
v 4.0888 13.1205 3.6400
v 4.0888 12.8905 3.7500
v 4.0888 12.7005 3.7900
v 4.0988 12.4805 3.9100
v 4.0988 12.2705 3.9500
v 4.0988 12.0205 4.0100
v 4.0988 11.8205 4.0900
v 4.0988 11.6005 4.1600
v 4.0988 11.3705 4.2200
v 4.1088 11.1505 4.3400
v 4.1088 10.9305 4.3700
v 4.1088 10.7005 4.4300
v 4.1088 10.4805 4.4900
v 4.1088 10.2505 4.5600
v 4.1188 10.0505 4.6300
v 4.1188 9.8505 4.6900
v 4.1188 9.6605 4.7500
v 4.1188 9.4205 4.8200
v 4.1188 9.2005 4.8900
v 4.1188 9.0105 4.9400
v 4.1288 8.8005 5.0200
v 4.1288 8.5805 5.0800
v 4.1288 8.3705 5.1500
v 4.1288 8.1505 5.2400
v 4.1288 7.9305 5.2800
v 4.1388 7.7105 5.3600
v 4.1388 7.5005 5.4200
v 4.1388 7.2905 5.4800
v 4.1388 7.0905 5.5500
v 4.1388 6.8805 5.6400
v 4.1388 6.6305 5.6800
v 4.1488 6.4205 5.7600
v 4.1488 6.2305 5.8300
v 4.1488 6.0105 5.8900
v 4.1488 5.7705 5.9500
v 4.1488 5.5405 6.0300
v 4.1588 5.3305 6.1200
v 4.1588 5.1405 6.1800
v 4.1588 4.8905 6.2500
v 4.1588 4.6805 6.3300
v 4.1588 4.4805 6.4300
v 4.1588 4.2505 6.3200
v 4.1688 3.9805 6.2300
v 4.1688 3.7205 6.1400
v 4.1688 3.4705 6.0600
v 3.8688 13.4105 3.4300
v 3.8688 13.1905 3.5100
v 3.8688 12.9705 3.6100
v 3.8688 12.7305 3.6800
v 3.8788 12.5205 3.7700
v 3.8788 12.2905 3.8800
v 3.8788 12.0805 3.9400
v 3.8788 11.8405 4.0200
v 3.8788 11.6405 4.1200
v 3.8788 11.4405 4.2000
v 3.8888 11.2305 4.2400
v 3.8888 11.0305 4.3300
v 3.8888 10.8105 4.3900
v 3.8888 10.6005 4.5100
v 3.8888 10.4005 4.5900
v 3.8888 10.1905 4.6500
v 3.8988 9.9905 4.7400
v 3.8988 9.7705 4.8300
v 3.8988 9.5505 4.9000
v 3.8988 9.3305 4.9600
v 3.8988 9.1105 5.0200
v 3.9088 8.9005 5.1100
v 3.9088 8.6905 5.1700
v 3.9088 8.4805 5.2200
v 3.9088 8.2505 5.2900
v 3.9088 8.0305 5.3700
v 3.9088 7.8205 5.4300
v 3.9188 7.6105 5.4900
v 3.9188 7.3905 5.5600
v 3.9188 7.1605 5.6200
v 3.9188 6.9305 5.6900
v 3.9188 6.7105 5.7700
v 3.9288 6.5105 5.8400
v 3.9288 6.2805 5.9000
v 3.9288 6.0605 5.9500
v 3.9288 5.8705 6.0500
v 3.9288 5.6605 6.0900
v 3.9388 5.4205 6.1400
v 3.9388 5.1905 6.2100
v 3.9388 4.9705 6.2800
v 3.9388 4.7605 6.3500
v 3.9388 4.5605 6.4200
v 3.9388 4.3205 6.4500
v 3.9488 4.0705 6.3300
v 3.9488 3.8605 6.2600
v 3.9488 3.5905 6.1600
v 3.6588 13.4305 3.4500
v 3.6588 13.2205 3.4400
v 3.6688 13.0205 3.5100
v 3.6688 12.8105 3.5900
v 3.6688 12.5905 3.6800
v 3.6688 12.4005 3.7700
v 3.6688 12.1805 3.8300
v 3.6788 11.9605 3.8700
v 3.6788 11.7705 3.9800
v 3.6788 11.5505 4.0600
v 3.6788 11.3605 4.1400
v 3.6788 11.1305 4.2300
v 3.6788 10.9005 4.2900
v 3.6888 10.6905 4.3500
v 3.6888 10.5105 4.4400
v 3.6888 10.2905 4.5100
v 3.6888 10.0705 4.5900
v 3.6888 9.8505 4.6600
v 3.6988 9.6305 4.7600
v 3.6988 9.4405 4.8200
v 3.6988 9.2305 4.9300
v 3.6988 8.9905 4.9900
v 3.6988 8.7705 5.0700
v 3.6988 8.5705 5.1500
v 3.7088 8.3305 5.2500
v 3.7088 8.1205 5.3200
v 3.7088 7.9005 5.4200
v 3.7088 7.7005 5.5000
v 3.7088 7.4905 5.5800
v 3.7188 7.2805 5.6500
v 3.7188 7.0605 5.7200
v 3.7188 6.8405 5.8000
v 3.7188 6.6205 5.8900
v 3.7188 6.4005 5.9700
v 3.7188 6.2005 6.0300
v 3.7288 5.9805 6.1100
v 3.7288 5.7605 6.1600
v 3.7288 5.5505 6.2200
v 3.7288 5.3205 6.3000
v 3.7288 5.1205 6.3600
v 3.7388 4.8905 6.4100
v 3.7388 4.6705 6.5300
v 3.7388 4.4605 6.6000
v 3.7388 4.2005 6.4600
v 3.7388 3.9405 6.3200
v 3.7488 3.6805 6.2700
v 3.7488 3.4505 6.2000
v 3.4188 13.1105 3.4000
v 3.4188 12.9005 3.4600
v 3.4188 12.6905 3.5400
v 3.4188 12.4705 3.6500
v 3.4188 12.2505 3.7000
v 3.4288 12.0405 3.7700
v 3.4288 11.8405 3.8400
v 3.4288 11.6205 3.9400
v 3.4288 11.4105 4.0200
v 3.4288 11.1905 4.1000
v 3.4288 10.9805 4.1700
v 3.4388 10.7705 4.2400
v 3.4388 10.5505 4.3400
v 3.4388 10.3105 4.4000
v 3.4388 10.1005 4.5100
v 3.4388 9.8805 4.5900
v 3.4488 9.6905 4.6500
v 3.4488 9.4405 4.7600
v 3.4488 9.2305 4.8100
v 3.4488 9.0305 4.8800
v 3.4488 8.8105 4.9300
v 3.4488 8.5905 5.0600
v 3.4588 8.3705 5.1100
v 3.4588 8.1505 5.2000
v 3.4588 7.9505 5.2700
v 3.4588 7.7305 5.3600
v 3.4588 7.5005 5.4400
v 3.4688 7.3105 5.4900
v 3.4688 7.1105 5.5900
v 3.4688 6.8705 5.6500
v 3.4688 6.6605 5.7500
v 3.4688 6.4505 5.8300
v 3.4688 6.2405 5.9200
v 3.4788 6.0205 6.0000
v 3.4788 5.8005 6.0700
v 3.4788 5.5705 6.1900
v 3.4788 5.3505 6.2500
v 3.4788 5.1505 6.3200
v 3.4888 4.9205 6.4100
v 3.4888 4.6905 6.4900
v 3.4888 4.5005 6.5700
v 3.4888 4.2805 6.5800
v 3.4888 4.0105 6.4600
v 3.4988 3.7505 6.3700
v 3.4988 3.5205 6.2700
v 3.1188 12.7705 3.4400
v 3.1188 12.5705 3.4900
v 3.1188 12.3505 3.5800
v 3.1288 12.1205 3.6600
v 3.1288 11.8905 3.7500
v 3.1288 11.6905 3.8300
v 3.1288 11.4505 3.9000
v 3.1288 11.2405 3.9800
v 3.1288 11.0205 4.0600
v 3.1388 10.8205 4.1200
v 3.1388 10.6105 4.2000
v 3.1388 10.4005 4.3000
v 3.1388 10.1805 4.3700
v 3.1388 9.9605 4.4500
v 3.1488 9.7305 4.5500
v 3.1488 9.5205 4.6000
v 3.1488 9.3005 4.6800
v 3.1488 9.0905 4.7600
v 3.1488 8.8905 4.8200
v 3.1488 8.6705 4.9000
v 3.1588 8.4405 5.0000
v 3.1588 8.2505 5.0800
v 3.1588 8.0405 5.1600
v 3.1588 7.8005 5.2200
v 3.1588 7.5905 5.3200
v 3.1688 7.3705 5.4000
v 3.1688 7.1705 5.4700
v 3.1688 6.9205 5.5300
v 3.1688 6.7205 5.6500
v 3.1688 6.4905 5.7000
v 3.1688 6.2705 5.7800
v 3.1788 6.0705 5.8800
v 3.1788 5.8605 5.9300
v 3.1788 5.6305 6.0200
v 3.1788 5.4305 6.1100
v 3.1788 5.2105 6.1800
v 3.1888 4.9805 6.2600
v 3.1888 4.7805 6.3300
v 3.1888 4.5705 6.4100
v 3.1888 4.3405 6.4800
v 3.1888 4.1205 6.5400
v 3.1988 3.8705 6.5100
v 3.1988 3.6105 6.4000
v 2.8788 12.6505 3.3400
v 2.8788 12.4205 3.4300
v 2.8788 12.2505 3.5400
v 2.8788 12.0405 3.6300
v 2.8888 11.8205 3.7100
v 2.8888 11.5905 3.7800
v 2.8888 11.3705 3.8400
v 2.8888 11.1305 3.9300
v 2.8888 10.9405 4.0200
v 2.8988 10.7205 4.0800
v 2.8988 10.5105 4.1700
v 2.8988 10.3105 4.2700
v 2.8988 10.0905 4.3200
v 2.8988 9.8705 4.4000
v 2.8988 9.6605 4.4600
v 2.9088 9.4305 4.5500
v 2.9088 9.2105 4.6500
v 2.9088 9.0105 4.7400
v 2.9088 8.7805 4.7900
v 2.9088 8.5605 4.8900
v 2.9188 8.3305 4.9700
v 2.9188 8.1205 5.0600
v 2.9188 7.9005 5.1300
v 2.9188 7.6805 5.1900
v 2.9188 7.4705 5.2800
v 2.9188 7.2605 5.3600
v 2.9288 7.0305 5.4400
v 2.9288 6.8205 5.5300
v 2.9288 6.6105 5.5700
v 2.9288 6.3905 5.6900
v 2.9288 6.1705 5.7400
v 2.9388 5.9605 5.8300
v 2.9388 5.7505 5.9100
v 2.9388 5.5205 5.9900
v 2.9388 5.3105 6.0600
v 2.9388 5.0805 6.1600
v 2.9388 4.8605 6.2200
v 2.9488 4.6305 6.3200
v 2.9488 4.4005 6.3900
v 2.9488 4.2205 6.4600
v 2.9488 4.0005 6.5300
v 2.9488 3.7805 6.5600
v 2.9588 3.5305 6.4700
v 2.7188 12.4605 3.3600
v 2.7188 12.2805 3.4600
v 2.7188 12.0505 3.5600
v 2.7288 11.8305 3.6200
v 2.7288 11.6405 3.6900
v 2.7288 11.4105 3.7800
v 2.7288 11.2005 3.8500
v 2.7288 10.9805 3.9500
v 2.7388 10.7505 4.0200
v 2.7388 10.5505 4.1100
v 2.7388 10.3305 4.1800
v 2.7388 10.1005 4.2900
v 2.7388 9.8705 4.3300
v 2.7488 9.6705 4.4300
v 2.7488 9.4505 4.5000
v 2.7488 9.2105 4.5900
v 2.7488 9.0105 4.6700
v 2.7488 8.8005 4.7400
v 2.7488 8.5905 4.8300
v 2.7588 8.3605 4.8900
v 2.7588 8.1505 4.9800
v 2.7588 7.9205 5.0800
v 2.7588 7.7305 5.1200
v 2.7588 7.5005 5.2300
v 2.7688 7.2805 5.2800
v 2.7688 7.0605 5.3700
v 2.7688 6.8505 5.4500
v 2.7688 6.6205 5.5500
v 2.7688 6.3905 5.6300
v 2.7788 6.1605 5.7000
v 2.7788 5.9405 5.7800
v 2.7788 5.7405 5.8500
v 2.7788 5.5205 5.9100
v 2.7788 5.3305 6.0300
v 2.7788 5.1405 6.0700
v 2.7888 4.9105 6.1300
v 2.7888 4.6805 6.2300
v 2.7888 4.4805 6.2900
v 2.7888 4.2805 6.4000
v 2.7888 4.0805 6.4600
v 2.7888 3.8705 6.5500
v 2.7988 3.6305 6.5800
v 2.5588 12.3205 3.3400
v 2.5588 12.1005 3.4400
v 2.5588 11.8905 3.5500
v 2.5588 11.6805 3.6200
v 2.5688 11.4405 3.7000
v 2.5688 11.2305 3.8000
v 2.5688 11.0205 3.8900
v 2.5688 10.8105 3.9600
v 2.5688 10.5805 4.0300
v 2.5788 10.3605 4.0900
v 2.5788 10.1505 4.1900
v 2.5788 9.9505 4.2900
v 2.5788 9.7505 4.3400
v 2.5788 9.4905 4.4400
v 2.5788 9.2805 4.4800
v 2.5888 9.0905 4.5900
v 2.5888 8.8705 4.6500
v 2.5888 8.6405 4.7500
v 2.5888 8.4105 4.8300
v 2.5888 8.1905 4.9100
v 2.5988 7.9705 4.9800
v 2.5988 7.7405 5.0700
v 2.5988 7.5105 5.1600
v 2.5988 7.3205 5.2400
v 2.5988 7.1105 5.3100
v 2.5988 6.9105 5.3800
v 2.6088 6.6805 5.4500
v 2.6088 6.4905 5.5300
v 2.6088 6.2705 5.6000
v 2.6088 6.0605 5.7100
v 2.6088 5.8505 5.7500
v 2.6188 5.6505 5.8400
v 2.6188 5.4505 5.9100
v 2.6188 5.2205 5.9900
v 2.6188 4.9905 6.0800
v 2.6188 4.7905 6.1500
v 2.6188 4.5905 6.2100
v 2.6288 4.3905 6.2900
v 2.6288 4.1505 6.4000
v 2.6288 3.9405 6.4600
v 2.6288 3.7205 6.5500
v 2.6288 3.5205 6.5800
v 2.3288 12.0305 3.4200
v 2.3288 11.8305 3.4900
v 2.3288 11.6205 3.5700
v 2.3288 11.3705 3.6800
v 2.3388 11.1705 3.7500
v 2.3388 10.9605 3.8400
v 2.3388 10.7505 3.9000
v 2.3388 10.5205 3.9800
v 2.3388 10.3105 4.0500
v 2.3488 10.1005 4.1400
v 2.3488 9.8705 4.2400
v 2.3488 9.6505 4.2900
v 2.3488 9.4105 4.4000
v 2.3488 9.2005 4.4700
v 2.3488 8.9805 4.5600
v 2.3588 8.7705 4.6200
v 2.3588 8.5505 4.7000
v 2.3588 8.3505 4.7800
v 2.3588 8.1505 4.8300
v 2.3588 7.9405 4.9300
v 2.3688 7.7005 4.9900
v 2.3688 7.5005 5.0900
v 2.3688 7.3105 5.1700
v 2.3688 7.1105 5.2500
v 2.3688 6.9005 5.3100
v 2.3688 6.6605 5.4000
v 2.3788 6.4405 5.4800
v 2.3788 6.2305 5.5700
v 2.3788 6.0405 5.6500
v 2.3788 5.8205 5.7000
v 2.3788 5.5905 5.7700
v 2.3888 5.4005 5.8500
v 2.3888 5.1805 5.9400
v 2.3888 4.9605 6.0100
v 2.3888 4.7605 6.1000
v 2.3888 4.5405 6.1500
v 2.3888 4.3105 6.2300
v 2.3988 4.0805 6.3300
v 2.3988 3.8505 6.3900
v 2.3988 3.6705 6.5000
v 2.3988 3.4405 6.5700
v 2.0988 11.9405 3.3300
v 2.0988 11.7305 3.4400
v 2.0988 11.5005 3.5600
v 2.0988 11.2805 3.6400
v 2.0988 11.0505 3.7100
v 2.1088 10.8205 3.8300
v 2.1088 10.6005 3.8900
v 2.1088 10.3905 3.9600
v 2.1088 10.1905 4.0500
v 2.1088 9.9805 4.1100
v 2.1188 9.7705 4.1900
v 2.1188 9.5705 4.2600
v 2.1188 9.3405 4.3400
v 2.1188 9.1305 4.4200
v 2.1188 8.9405 4.5100
v 2.1188 8.7305 4.5700
v 2.1288 8.5305 4.6400
v 2.1288 8.2905 4.7500
v 2.1288 8.0605 4.8100
v 2.1288 7.8605 4.8700
v 2.1288 7.6505 4.9400
v 2.1388 7.4505 5.0500
v 2.1388 7.2205 5.1100
v 2.1388 7.0305 5.1900
v 2.1388 6.8005 5.2700
v 2.1388 6.5905 5.3400
v 2.1388 6.3905 5.4200
v 2.1488 6.1505 5.5000
v 2.1488 5.9605 5.5900
v 2.1488 5.7205 5.6700
v 2.1488 5.4905 5.7700
v 2.1488 5.2805 5.8200
v 2.1588 5.0705 5.9100
v 2.1588 4.8505 5.9800
v 2.1588 4.6505 6.0600
v 2.1588 4.4505 6.1300
v 2.1588 4.2105 6.2300
v 2.1588 4.0005 6.3200
v 2.1688 3.7605 6.3600
v 2.1688 3.5705 6.4500
v 1.9088 11.8005 3.4000
v 1.9088 11.5905 3.4400
v 1.9088 11.4005 3.5400
v 1.9088 11.1805 3.6000
v 1.9088 10.9805 3.7000
v 1.9188 10.7505 3.7600
v 1.9188 10.5605 3.8300
v 1.9188 10.3505 3.9000
v 1.9188 10.1405 3.9700
v 1.9188 9.9305 4.0800
v 1.9188 9.7205 4.1500
v 1.9288 9.4905 4.2300
v 1.9288 9.2805 4.2900
v 1.9288 9.0605 4.3800
v 1.9288 8.8605 4.4400
v 1.9288 8.6505 4.5300
v 1.9388 8.4405 4.6100
v 1.9388 8.2005 4.6800
v 1.9388 8.0005 4.7900
v 1.9388 7.8005 4.8600
v 1.9388 7.5905 4.9500
v 1.9388 7.3505 5.0200
v 1.9488 7.1305 5.0800
v 1.9488 6.9005 5.1800
v 1.9488 6.7005 5.2500
v 1.9488 6.4705 5.3400
v 1.9488 6.2605 5.4200
v 1.9488 6.0605 5.4700
v 1.9588 5.8605 5.5300
v 1.9588 5.6305 5.6300
v 1.9588 5.4005 5.7200
v 1.9588 5.1905 5.8100
v 1.9588 4.9705 5.8400
v 1.9688 4.7705 5.9400
v 1.9688 4.5405 6.0400
v 1.9688 4.3405 6.1100
v 1.9688 4.1405 6.1800
v 1.9688 3.9105 6.2400
v 1.9788 3.7005 6.3400
v 1.9788 3.4905 6.4000
v 1.7188 11.6605 3.3200
v 1.7188 11.4305 3.4500
v 1.7188 11.2005 3.5300
v 1.7288 10.9805 3.6200
v 1.7288 10.8005 3.6900
v 1.7288 10.5805 3.7700
v 1.7288 10.3705 3.8600
v 1.7288 10.1505 3.9300
v 1.7288 9.9505 3.9900
v 1.7388 9.7205 4.0900
v 1.7388 9.5005 4.1700
v 1.7388 9.3005 4.2400
v 1.7388 9.0905 4.3100
v 1.7388 8.8505 4.4000
v 1.7488 8.6205 4.4600
v 1.7488 8.4105 4.5500
v 1.7488 8.2005 4.6400
v 1.7488 7.9805 4.7200
v 1.7488 7.7605 4.7900
v 1.7588 7.5605 4.8800
v 1.7588 7.3605 4.9400
v 1.7588 7.1405 5.0200
v 1.7588 6.9005 5.0900
v 1.7588 6.6805 5.2000
v 1.7588 6.4905 5.2600
v 1.7688 6.2805 5.3100
v 1.7688 6.0505 5.4200
v 1.7688 5.8405 5.4800
v 1.7688 5.6405 5.5800
v 1.7688 5.4305 5.6800
v 1.7788 5.2205 5.7300
v 1.7788 4.9905 5.8100
v 1.7788 4.7605 5.8800
v 1.7788 4.5605 5.9700
v 1.7788 4.3305 6.0700
v 1.7788 4.1105 6.1400
v 1.7888 3.8805 6.2100
v 1.7888 3.7005 6.3100
v 1.7888 3.4605 6.3700
v 1.5088 11.4805 3.3300
v 1.5088 11.2505 3.4400
v 1.5088 11.0605 3.5400
v 1.5088 10.8605 3.6000
v 1.5188 10.6305 3.7000
v 1.5188 10.4005 3.7600
v 1.5188 10.1905 3.8800
v 1.5188 9.9805 3.9400
v 1.5188 9.7505 4.0100
v 1.5188 9.5205 4.0800
v 1.5288 9.3205 4.1500
v 1.5288 9.1305 4.2400
v 1.5288 8.9205 4.3200
v 1.5288 8.6905 4.4100
v 1.5288 8.4605 4.4900
v 1.5388 8.2405 4.5500
v 1.5388 8.0305 4.6300
v 1.5388 7.8205 4.7200
v 1.5388 7.5905 4.7700
v 1.5388 7.4005 4.8600
v 1.5488 7.1905 4.9300
v 1.5488 6.9605 5.0100
v 1.5488 6.7505 5.0800
v 1.5488 6.5405 5.1800
v 1.5488 6.3105 5.2700
v 1.5488 6.1105 5.3500
v 1.5588 5.8705 5.4100
v 1.5588 5.6605 5.5200
v 1.5588 5.4405 5.5900
v 1.5588 5.2205 5.6600
v 1.5588 5.0005 5.7400
v 1.5688 4.7705 5.8300
v 1.5688 4.5705 5.8900
v 1.5688 4.3605 5.9800
v 1.5688 4.1305 6.0500
v 1.5688 3.9205 6.1400
v 1.5688 3.7105 6.2200
v 1.5788 3.4905 6.2700
v 1.3088 11.3305 3.3100
v 1.3088 11.1105 3.4400
v 1.3088 10.9105 3.5400
v 1.3088 10.7005 3.6100
v 1.3088 10.5005 3.6800
v 1.3188 10.2605 3.7700
v 1.3188 10.0405 3.8500
v 1.3188 9.8105 3.9200
v 1.3188 9.6205 4.0000
v 1.3188 9.4005 4.0600
v 1.3188 9.1805 4.1400
v 1.3288 8.9705 4.2300
v 1.3288 8.7805 4.3100
v 1.3288 8.5505 4.3700
v 1.3288 8.3405 4.4700
v 1.3288 8.1105 4.5600
v 1.3388 7.8905 4.6100
v 1.3388 7.7005 4.7100
v 1.3388 7.4505 4.7800
v 1.3388 7.2205 4.8500
v 1.3388 7.0205 4.9600
v 1.3388 6.8005 5.0200
v 1.3488 6.5705 5.0900
v 1.3488 6.3605 5.1900
v 1.3488 6.1605 5.2300
v 1.3488 5.9505 5.3300
v 1.3488 5.7305 5.4300
v 1.3588 5.5105 5.5300
v 1.3588 5.2805 5.5700
v 1.3588 5.0705 5.6600
v 1.3588 4.8605 5.7100
v 1.3588 4.6305 5.8000
v 1.3588 4.4205 5.8800
v 1.3688 4.2005 5.9600
v 1.3688 3.9905 6.0500
v 1.3688 3.7505 6.1300
v 1.3688 3.5305 6.2100
v 1.1088 11.0505 3.4100
v 1.1088 10.8305 3.5000
v 1.1188 10.6205 3.5600
v 1.1188 10.4305 3.6500
v 1.1188 10.2005 3.7100
v 1.1188 9.9905 3.8100
v 1.1188 9.7705 3.8700
v 1.1288 9.5505 3.9600
v 1.1288 9.3305 4.0100
v 1.1288 9.1105 4.1200
v 1.1288 8.8905 4.2000
v 1.1288 8.6805 4.2700
v 1.1288 8.4605 4.3500
v 1.1388 8.2305 4.4400
v 1.1388 8.0005 4.5000
v 1.1388 7.8105 4.5600
v 1.1388 7.5905 4.6600
v 1.1388 7.3605 4.7600
v 1.1488 7.1405 4.8200
v 1.1488 6.9505 4.9000
v 1.1488 6.7305 5.0000
v 1.1488 6.5105 5.0600
v 1.1488 6.2805 5.1500
v 1.1488 6.0905 5.2100
v 1.1588 5.8605 5.2900
v 1.1588 5.6305 5.4000
v 1.1588 5.4205 5.4800
v 1.1588 5.1905 5.5700
v 1.1588 4.9605 5.6400
v 1.1688 4.7405 5.7200
v 1.1688 4.5405 5.7900
v 1.1688 4.3105 5.8400
v 1.1688 4.1305 5.9300
v 1.1688 3.9105 6.0300
v 1.1688 3.7005 6.0900
v 1.1788 3.4805 6.1600
v 0.8588 10.8005 3.3500
v 0.8588 10.5805 3.4700
v 0.8588 10.3605 3.5700
v 0.8588 10.1605 3.6700
v 0.8688 9.9305 3.7300
v 0.8688 9.7105 3.8000
v 0.8688 9.4805 3.8800
v 0.8688 9.2605 3.9800
v 0.8688 9.0705 4.0400
v 0.8688 8.8705 4.1100
v 0.8788 8.6205 4.2000
v 0.8788 8.4005 4.3000
v 0.8788 8.2005 4.3500
v 0.8788 7.9905 4.4300
v 0.8788 7.7605 4.5200
v 0.8888 7.5305 4.5800
v 0.8888 7.3405 4.6600
v 0.8888 7.1205 4.7500
v 0.8888 6.8805 4.8300
v 0.8888 6.6605 4.9100
v 0.8888 6.4405 4.9900
v 0.8988 6.2205 5.1100
v 0.8988 5.9905 5.1500
v 0.8988 5.7805 5.2700
v 0.8988 5.5805 5.3200
v 0.8988 5.3805 5.3600
v 0.9088 5.1605 5.4700
v 0.9088 4.9505 5.5600
v 0.9088 4.7405 5.6400
v 0.9088 4.5405 5.7100
v 0.9088 4.3305 5.7900
v 0.9088 4.1105 5.8600
v 0.9188 3.9105 5.9200
v 0.9188 3.7005 6.0100
v 0.9188 3.4705 6.1100
v 0.5388 10.5105 3.4200
v 0.5388 10.3005 3.4900
v 0.5388 10.0905 3.5800
v 0.5388 9.8605 3.6600
v 0.5488 9.6505 3.7300
v 0.5488 9.4305 3.8100
v 0.5488 9.2305 3.8900
v 0.5488 9.0005 3.9600
v 0.5488 8.7905 4.0300
v 0.5488 8.5605 4.1200
v 0.5588 8.3405 4.2300
v 0.5588 8.1205 4.3000
v 0.5588 7.9005 4.3500
v 0.5588 7.6505 4.4300
v 0.5588 7.4505 4.5400
v 0.5688 7.2405 4.6100
v 0.5688 7.0305 4.6900
v 0.5688 6.8305 4.7600
v 0.5688 6.6105 4.8400
v 0.5688 6.4305 4.9000
v 0.5688 6.1905 4.9800
v 0.5788 5.9805 5.0400
v 0.5788 5.7705 5.1500
v 0.5788 5.5805 5.2300
v 0.5788 5.3805 5.2900
v 0.5788 5.1505 5.4000
v 0.5888 4.9205 5.4700
v 0.5888 4.7205 5.5300
v 0.5888 4.5105 5.6000
v 0.5888 4.3005 5.6800
v 0.5888 4.0805 5.7600
v 0.5888 3.8605 5.8300
v 0.5988 3.6505 5.9300
v 0.5988 3.4605 5.9800
v 0.2788 10.4105 3.3500
v 0.2788 10.1905 3.4300
v 0.2788 9.9705 3.5300
v 0.2788 9.7505 3.6200
v 0.2888 9.5305 3.7100
v 0.2888 9.2905 3.7700
v 0.2888 9.0705 3.8600
v 0.2888 8.8605 3.9400
v 0.2888 8.6505 3.9900
v 0.2988 8.4605 4.0900
v 0.2988 8.2505 4.1700
v 0.2988 8.0305 4.2300
v 0.2988 7.8205 4.3200
v 0.2988 7.6105 4.3600
v 0.2988 7.4105 4.4900
v 0.3088 7.2005 4.5700
v 0.3088 6.9905 4.6200
v 0.3088 6.7805 4.7000
v 0.3088 6.5405 4.7700
v 0.3088 6.3305 4.8400
v 0.3188 6.1305 4.9400
v 0.3188 5.9405 5.0200
v 0.3188 5.7005 5.1100
v 0.3188 5.5005 5.1900
v 0.3188 5.2805 5.2700
v 0.3188 5.0705 5.3400
v 0.3288 4.8705 5.4000
v 0.3288 4.6405 5.4800
v 0.3288 4.4205 5.5400
v 0.3288 4.2105 5.6600
v 0.3288 3.9705 5.7200
v 0.3388 3.7605 5.7800
v 0.3388 3.5505 5.8800
v 0.1188 10.0405 3.4200
v 0.1188 9.8305 3.5400
v 0.1188 9.6405 3.6200
v 0.1188 9.4405 3.6800
v 0.1188 9.2005 3.7700
v 0.1288 9.0005 3.8500
v 0.1288 8.7905 3.9100
v 0.1288 8.5905 3.9900
v 0.1288 8.3805 4.0500
v 0.1288 8.1505 4.1500
v 0.1388 7.9205 4.2100
v 0.1388 7.7305 4.3000
v 0.1388 7.5205 4.3800
v 0.1388 7.3105 4.4600
v 0.1388 7.0805 4.5100
v 0.1388 6.8905 4.5800
v 0.1488 6.6605 4.6900
v 0.1488 6.4505 4.7600
v 0.1488 6.2405 4.8400
v 0.1488 6.0205 4.9200
v 0.1488 5.8105 5.0000
v 0.1588 5.5705 5.0800
v 0.1588 5.3505 5.1800
v 0.1588 5.1405 5.2400
v 0.1588 4.9405 5.3400
v 0.1588 4.7105 5.4000
v 0.1688 4.5005 5.4600
v 0.1688 4.2905 5.5400
v 0.1688 4.0805 5.6300
v 0.1688 3.8505 5.7300
v 0.1688 3.6205 5.7900
v -0.0612 9.9605 3.4100
v -0.0512 9.7605 3.4900
v -0.0512 9.5205 3.5900
v -0.0512 9.3005 3.6600
v -0.0512 9.0905 3.7500
v -0.0512 8.9005 3.8100
v -0.0512 8.6805 3.8900
v -0.0412 8.4405 3.9600
v -0.0412 8.2505 4.0600
v -0.0412 8.0405 4.1300
v -0.0412 7.8305 4.2100
v -0.0412 7.6105 4.2700
v -0.0312 7.3905 4.3800
v -0.0312 7.1805 4.4400
v -0.0312 6.9505 4.5200
v -0.0312 6.7105 4.6100
v -0.0312 6.5105 4.6900
v -0.0312 6.2905 4.7600
v -0.0212 6.0905 4.8400
v -0.0212 5.8705 4.9000
v -0.0212 5.6705 4.9800
v -0.0212 5.4705 5.0700
v -0.0212 5.2405 5.1700
v -0.0112 4.9905 5.2400
v -0.0112 4.7905 5.3100
v -0.0112 4.6005 5.3900
v -0.0112 4.3805 5.4700
v -0.0112 4.1605 5.5500
v -0.0112 3.9505 5.6200
v -0.0012 3.7305 5.6900
v -0.0012 3.5305 5.7700
v -0.3212 9.8405 3.3400
v -0.3112 9.6305 3.4500
v -0.3112 9.4005 3.5400
v -0.3112 9.2105 3.6300
v -0.3112 9.0005 3.7100
v -0.3112 8.7705 3.8100
v -0.3012 8.5305 3.8500
v -0.3012 8.3005 3.9400
v -0.3012 8.1105 4.0100
v -0.3012 7.8805 4.0900
v -0.3012 7.6705 4.1700
v -0.2912 7.4605 4.2800
v -0.2912 7.2705 4.3400
v -0.2912 7.0405 4.4200
v -0.2912 6.8105 4.5000
v -0.2912 6.5805 4.5800
v -0.2912 6.3805 4.6600
v -0.2812 6.1705 4.7400
v -0.2812 5.9505 4.8100
v -0.2812 5.7405 4.8800
v -0.2812 5.5405 4.9700
v -0.2812 5.3205 5.0500
v -0.2812 5.1105 5.1300
v -0.2712 4.8905 5.2200
v -0.2712 4.6705 5.2900
v -0.2712 4.4705 5.3400
v -0.2712 4.2305 5.4300
v -0.2712 4.0205 5.5400
v -0.2612 3.7805 5.6000
v -0.2612 3.5805 5.6700
v -0.5912 9.5305 3.4100
v -0.5912 9.2905 3.5000
v -0.5912 9.0805 3.5900
v -0.5812 8.8805 3.6700
v -0.5812 8.6805 3.7300
v -0.5812 8.4505 3.8200
v -0.5812 8.2205 3.9000
v -0.5812 7.9805 3.9600
v -0.5812 7.8105 4.0600
v -0.5712 7.5905 4.1300
v -0.5712 7.3505 4.2200
v -0.5712 7.1505 4.2800
v -0.5712 6.9305 4.3600
v -0.5712 6.7205 4.4500
v -0.5612 6.5205 4.5200
v -0.5612 6.3005 4.6200
v -0.5612 6.0605 4.6700
v -0.5612 5.8605 4.7700
v -0.5612 5.6405 4.8300
v -0.5612 5.4105 4.9100
v -0.5512 5.1805 5.0000
v -0.5512 4.9805 5.0600
v -0.5512 4.7605 5.1600
v -0.5512 4.5305 5.2400
v -0.5512 4.3205 5.3100
v -0.5412 4.1205 5.3900
v -0.5412 3.9005 5.4800
v -0.5412 3.6605 5.5500
v -0.5412 3.4605 5.6300
v -0.8112 9.3005 3.4000
v -0.8112 9.0905 3.5200
v -0.8112 8.8605 3.5900
v -0.8012 8.6605 3.6600
v -0.8012 8.4605 3.7400
v -0.8012 8.2205 3.8100
v -0.8012 8.0305 3.9000
v -0.8012 7.8005 3.9900
v -0.7912 7.5705 4.0400
v -0.7912 7.3705 4.1300
v -0.7912 7.1305 4.2000
v -0.7912 6.9105 4.2900
v -0.7912 6.7005 4.3800
v -0.7912 6.4905 4.4600
v -0.7812 6.2605 4.5400
v -0.7812 6.0305 4.6100
v -0.7812 5.8405 4.6900
v -0.7812 5.6305 4.7600
v -0.7812 5.4005 4.8600
v -0.7712 5.1705 4.9400
v -0.7712 4.9905 5.0000
v -0.7712 4.7505 5.0900
v -0.7712 4.5405 5.1700
v -0.7712 4.3105 5.2500
v -0.7712 4.1105 5.3200
v -0.7612 3.8905 5.4000
v -0.7612 3.6605 5.4800
v -0.7612 3.4305 5.5500
v -1.0112 9.2205 3.4200
v -1.0112 9.0205 3.4400
v -1.0112 8.8005 3.5500
v -1.0012 8.5705 3.6500
v -1.0012 8.3405 3.7100
v -1.0012 8.1405 3.8100
v -1.0012 7.9205 3.8700
v -1.0012 7.6805 3.9600
v -0.9912 7.4805 4.0200
v -0.9912 7.2805 4.1000
v -0.9912 7.0705 4.1700
v -0.9912 6.8305 4.2800
v -0.9912 6.6205 4.3600
v -0.9812 6.4005 4.4300
v -0.9812 6.2005 4.4900
v -0.9812 5.9605 4.5800
v -0.9812 5.7505 4.6300
v -0.9812 5.5305 4.7300
v -0.9812 5.3105 4.8100
v -0.9712 5.0805 4.9000
v -0.9712 4.8505 4.9900
v -0.9712 4.6405 5.0600
v -0.9712 4.4205 5.1500
v -0.9712 4.2005 5.2200
v -0.9612 3.9805 5.2700
v -0.9612 3.7905 5.3700
v -0.9612 3.6005 5.4700
v -1.2512 9.0005 3.3800
v -1.2412 8.7905 3.4600
v -1.2412 8.5805 3.5400
v -1.2412 8.3605 3.6400
v -1.2412 8.1505 3.7200
v -1.2412 7.9305 3.7900
v -1.2412 7.7005 3.8600
v -1.2312 7.4905 3.9400
v -1.2312 7.2705 4.0100
v -1.2312 7.0705 4.1100
v -1.2312 6.8405 4.1600
v -1.2312 6.6205 4.2800
v -1.2212 6.4005 4.3500
v -1.2212 6.1705 4.4300
v -1.2212 5.9405 4.5000
v -1.2212 5.7105 4.5700
v -1.2212 5.5105 4.6600
v -1.2112 5.3105 4.7700
v -1.2112 5.0905 4.8100
v -1.2112 4.8905 4.9000
v -1.2112 4.6905 4.9600
v -1.2112 4.4705 5.0400
v -1.2112 4.2705 5.1200
v -1.2012 4.0605 5.1900
v -1.2012 3.8405 5.2600
v -1.2012 3.6705 5.4100
v -1.2012 3.4505 5.5000
v -1.4912 8.7905 3.3600
v -1.4912 8.5705 3.4700
v -1.4812 8.3505 3.5500
v -1.4812 8.1205 3.6500
v -1.4812 7.9205 3.7300
v -1.4812 7.6705 3.8000
v -1.4812 7.4505 3.8900
v -1.4712 7.2405 3.9500
v -1.4712 7.0605 4.0500
v -1.4712 6.8405 4.1200
v -1.4712 6.6205 4.1600
v -1.4712 6.4305 4.2700
v -1.4712 6.2205 4.3600
v -1.4612 5.9905 4.4300
v -1.4612 5.7905 4.4700
v -1.4612 5.5705 4.5600
v -1.4612 5.3805 4.6400
v -1.4612 5.1605 4.7200
v -1.4512 4.9205 4.7900
v -1.4512 4.7205 4.8800
v -1.4512 4.5105 4.9300
v -1.4512 4.3005 5.0400
v -1.4512 4.0905 5.1300
v -1.4512 3.8805 5.2000
v -1.4412 3.6505 5.2500
v -1.4412 3.4405 5.3300
v -1.7312 8.5505 3.3700
v -1.7212 8.3505 3.4600
v -1.7212 8.1405 3.5500
v -1.7212 7.9305 3.6500
v -1.7212 7.7105 3.7300
v -1.7212 7.4905 3.7900
v -1.7112 7.2905 3.8600
v -1.7112 7.0805 3.9500
v -1.7112 6.8805 4.0000
v -1.7112 6.6605 4.0800
v -1.7112 6.4305 4.1800
v -1.7112 6.2205 4.2300
v -1.7012 6.0405 4.3200
v -1.7012 5.8205 4.3900
v -1.7012 5.5905 4.4800
v -1.7012 5.3805 4.5500
v -1.7012 5.1705 4.6400
v -1.6912 4.9505 4.7200
v -1.6912 4.7505 4.7800
v -1.6912 4.5105 4.8700
v -1.6912 4.3205 4.9600
v -1.6912 4.0805 5.0300
v -1.6912 3.8505 5.1200
v -1.6812 3.6405 5.2100
v -1.6812 3.4305 5.2600
v -2.0112 8.2205 3.4000
v -2.0112 7.9905 3.4900
v -2.0112 7.7805 3.5900
v -2.0112 7.5805 3.6800
v -2.0012 7.3905 3.7400
v -2.0012 7.1505 3.8200
v -2.0012 6.9405 3.9000
v -2.0012 6.7205 3.9800
v -2.0012 6.5205 4.0500
v -1.9912 6.3105 4.1200
v -1.9912 6.0905 4.2000
v -1.9912 5.8505 4.3000
v -1.9912 5.6305 4.3700
v -1.9912 5.4305 4.4500
v -1.9812 5.2005 4.5100
v -1.9812 4.9705 4.6100
v -1.9812 4.7705 4.6700
v -1.9812 4.5905 4.7700
v -1.9812 4.3605 4.8000
v -1.9812 4.1305 4.9100
v -1.9712 3.9105 4.9800
v -1.9712 3.6905 5.0700
v -1.9712 3.4905 5.1500
v -2.3412 8.0105 3.3900
v -2.3312 7.7805 3.4900
v -2.3312 7.5605 3.5500
v -2.3312 7.3505 3.6700
v -2.3312 7.1205 3.7200
v -2.3312 6.9005 3.8000
v -2.3212 6.6905 3.8800
v -2.3212 6.4805 3.9600
v -2.3212 6.2805 4.0300
v -2.3212 6.0705 4.1200
v -2.3212 5.8405 4.2000
v -2.3112 5.6305 4.2800
v -2.3112 5.4105 4.3500
v -2.3112 5.1805 4.4100
v -2.3112 4.9805 4.5200
v -2.3112 4.7505 4.5600
v -2.3112 4.5605 4.6500
v -2.3012 4.3505 4.7500
v -2.3012 4.1205 4.8200
v -2.3012 3.9205 4.9000
v -2.3012 3.7005 4.9900
v -2.3012 3.4705 5.0600
v -2.5812 7.8805 3.3400
v -2.5812 7.6605 3.4100
v -2.5712 7.4605 3.5200
v -2.5712 7.2305 3.6000
v -2.5712 7.0205 3.6800
v -2.5712 6.8105 3.8000
v -2.5712 6.5905 3.8600
v -2.5712 6.3805 3.9300
v -2.5612 6.1605 3.9900
v -2.5612 5.9405 4.0800
v -2.5612 5.7405 4.1600
v -2.5612 5.5105 4.2300
v -2.5612 5.3205 4.3100
v -2.5612 5.0805 4.4000
v -2.5512 4.8505 4.4700
v -2.5512 4.6505 4.5600
v -2.5512 4.4205 4.6300
v -2.5512 4.1905 4.6900
v -2.5512 3.9805 4.7800
v -2.5412 3.7605 4.8800
v -2.5412 3.5405 4.9600
v -2.7312 7.5305 3.3900
v -2.7312 7.3305 3.5300
v -2.7312 7.1205 3.5900
v -2.7312 6.9205 3.6600
v -2.7312 6.7105 3.7600
v -2.7212 6.4705 3.8300
v -2.7212 6.2405 3.9300
v -2.7212 6.0405 3.9900
v -2.7212 5.8305 4.1000
v -2.7212 5.5805 4.1400
v -2.7212 5.3705 4.2400
v -2.7112 5.1605 4.3100
v -2.7112 4.9405 4.4000
v -2.7112 4.7105 4.4500
v -2.7112 4.5005 4.5600
v -2.7112 4.2905 4.6200
v -2.7012 4.0905 4.7100
v -2.7012 3.8505 4.8000
v -2.7012 3.6505 4.8700
v -2.9212 7.4705 3.4000
v -2.9212 7.2505 3.4700
v -2.9212 7.0505 3.5600
v -2.9212 6.7905 3.6600
v -2.9212 6.5805 3.7400
v -2.9212 6.3705 3.8200
v -2.9112 6.1405 3.8800
v -2.9112 5.9305 3.9800
v -2.9112 5.7305 4.0500
v -2.9112 5.4905 4.1000
v -2.9112 5.2805 4.2100
v -2.9012 5.0905 4.2900
v -2.9012 4.8305 4.3200
v -2.9012 4.6405 4.4300
v -2.9012 4.4305 4.5200
v -2.9012 4.2205 4.6000
v -2.9012 3.9805 4.6800
v -2.8912 3.7605 4.7600
v -2.8912 3.5405 4.8500
v -3.2112 7.2905 3.4100
v -3.2112 7.0805 3.4400
v -3.2012 6.8405 3.5500
v -3.2012 6.6305 3.6500
v -3.2012 6.4105 3.7100
v -3.2012 6.2205 3.7700
v -3.2012 5.9705 3.8600
v -3.1912 5.7605 3.9400
v -3.1912 5.5405 4.0200
v -3.1912 5.3205 4.1100
v -3.1912 5.1005 4.1800
v -3.1912 4.8705 4.2900
v -3.1812 4.6405 4.3300
v -3.1812 4.4305 4.4400
v -3.1812 4.2205 4.5100
v -3.1812 3.9905 4.5500
v -3.1812 3.7905 4.6500
v -3.1812 3.6005 4.7400
v -3.4912 6.9605 3.4500
v -3.4812 6.7405 3.5000
v -3.4812 6.5205 3.6100
v -3.4812 6.2905 3.6900
v -3.4812 6.0605 3.7500
v -3.4812 5.8305 3.8200
v -3.4712 5.6405 3.9200
v -3.4712 5.4305 3.9900
v -3.4712 5.2105 4.0300
v -3.4712 5.0105 4.1300
v -3.4712 4.8205 4.1900
v -3.4712 4.5905 4.2800
v -3.4612 4.3805 4.3500
v -3.4612 4.1605 4.4300
v -3.4612 3.9805 4.4900
v -3.4612 3.7605 4.5800
v -3.4612 3.5405 4.6700
v -3.7012 6.7805 3.3800
v -3.7012 6.6005 3.5100
v -3.7012 6.3805 3.5700
v -3.7012 6.1505 3.6500
v -3.6912 5.9405 3.7200
v -3.6912 5.7605 3.8000
v -3.6912 5.5305 3.8500
v -3.6912 5.3205 3.9400
v -3.6912 5.0905 4.0300
v -3.6912 4.8805 4.0900
v -3.6812 4.6805 4.1800
v -3.6812 4.4605 4.2900
v -3.6812 4.2605 4.3400
v -3.6812 4.0305 4.4000
v -3.6812 3.8305 4.4900
v -3.6712 3.6005 4.5800
v -3.9112 7.2405 3.4300
v -3.9012 7.0105 3.4000
v -3.9012 6.8005 3.5000
v -3.9012 6.5705 3.5800
v -3.9012 6.3505 3.6500
v -3.9012 6.1505 3.7200
v -3.8912 5.9505 3.7700
v -3.8912 5.7205 3.8400
v -3.8912 5.4905 3.9100
v -3.8912 5.3005 3.9900
v -3.8912 5.0905 4.0400
v -3.8812 4.8505 4.0800
v -3.8812 4.6505 4.1700
v -3.8812 4.4205 4.2300
v -3.8812 4.2305 4.3200
v -3.8812 3.9705 4.3800
v -3.8812 3.7405 4.4400
v -3.8712 3.5405 4.5200
v -4.1512 7.3305 3.4300
v -4.1512 7.1105 3.4700
v -4.1512 6.9005 3.5500
v -4.1512 6.6605 3.6100
v -4.1512 6.4605 3.6900
v -4.1412 6.2605 3.7400
v -4.1412 6.0205 3.8300
v -4.1412 5.8005 3.9100
v -4.1412 5.5705 3.9700
v -4.1412 5.3505 4.0200
v -4.1412 5.1405 4.1000
v -4.1312 4.9005 4.1800
v -4.1312 4.7005 4.2500
v -4.1312 4.4905 4.3200
v -4.1312 4.3005 4.3600
v -4.1312 4.0505 4.4500
v -4.1212 3.8205 4.5100
v -4.1212 3.6105 4.5900
v -4.4212 7.5905 3.4200
v -4.4112 7.3605 3.4900
v -4.4112 7.1305 3.5600
v -4.4112 6.9005 3.6400
v -4.4112 6.7105 3.7100
v -4.4112 6.4705 3.7700
v -4.4112 6.2605 3.8400
v -4.4012 6.0605 3.9000
v -4.4012 5.8505 3.9600
v -4.4012 5.6305 4.0400
v -4.4012 5.4005 4.1000
v -4.4012 5.1705 4.1800
v -4.3912 4.9805 4.2500
v -4.3912 4.7705 4.3300
v -4.3912 4.5205 4.3500
v -4.3912 4.3205 4.4500
v -4.3912 4.1105 4.4900
v -4.3912 3.8905 4.5800
v -4.3812 3.6805 4.6500
v -4.3812 3.4505 4.7400
v -4.6812 8.0305 3.3000
v -4.6812 7.8305 3.4100
v -4.6812 7.6305 3.5100
v -4.6712 7.4105 3.5700
v -4.6712 7.2005 3.6600
v -4.6712 6.9605 3.7100
v -4.6712 6.7605 3.8000
v -4.6712 6.5405 3.8500
v -4.6712 6.3205 3.9100
v -4.6612 6.1005 3.9800
v -4.6612 5.8905 4.0500
v -4.6612 5.6805 4.1100
v -4.6612 5.4505 4.1800
v -4.6612 5.2505 4.2400
v -4.6512 5.0205 4.3200
v -4.6512 4.7905 4.4000
v -4.6512 4.5805 4.4300
v -4.6512 4.3605 4.5400
v -4.6512 4.1305 4.5900
v -4.6512 3.9105 4.6700
v -4.6412 3.6905 4.7300
v -4.6412 3.4705 4.8000
v -4.9812 8.3205 3.3800
v -4.9812 8.0905 3.4600
v -4.9812 7.8905 3.5400
v -4.9712 7.6605 3.6000
v -4.9712 7.4505 3.6700
v -4.9712 7.2505 3.7400
v -4.9712 7.0505 3.8200
v -4.9712 6.8205 3.8800
v -4.9612 6.5905 3.9200
v -4.9612 6.3905 4.0200
v -4.9612 6.1505 4.0500
v -4.9612 5.9405 4.1400
v -4.9612 5.7105 4.2100
v -4.9612 5.5005 4.2900
v -4.9512 5.2705 4.3500
v -4.9512 5.0405 4.4200
v -4.9512 4.8205 4.5100
v -4.9512 4.6005 4.5800
v -4.9512 4.4005 4.6400
v -4.9412 4.2005 4.6900
v -4.9412 3.9505 4.8100
v -4.9412 3.7205 4.8500
v -4.9412 3.5305 4.9100
v -5.3012 8.6305 3.4000
v -5.2912 8.4005 3.4600
v -5.2912 8.2005 3.5500
v -5.2912 7.9705 3.6000
v -5.2912 7.7405 3.6900
v -5.2912 7.5305 3.7700
v -5.2812 7.3305 3.8400
v -5.2812 7.1105 3.9100
v -5.2812 6.8705 3.9600
v -5.2812 6.6405 4.0300
v -5.2812 6.4305 4.0900
v -5.2712 6.2205 4.1800
v -5.2712 5.9905 4.2400
v -5.2712 5.7805 4.3200
v -5.2712 5.5605 4.3700
v -5.2712 5.3505 4.4400
v -5.2712 5.1205 4.5000
v -5.2612 4.8905 4.5800
v -5.2612 4.7005 4.6500
v -5.2612 4.4705 4.7000
v -5.2612 4.2705 4.8100
v -5.2612 4.0305 4.8600
v -5.2512 3.8105 4.9600
v -5.2512 3.6005 4.9900
v -5.5312 8.8605 3.4000
v -5.5312 8.6405 3.4700
v -5.5312 8.4105 3.5500
v -5.5212 8.2105 3.6400
v -5.5212 8.0005 3.7100
v -5.5212 7.7705 3.7700
v -5.5212 7.5505 3.8400
v -5.5212 7.3405 3.9100
v -5.5112 7.1305 3.9800
v -5.5112 6.9005 4.0400
v -5.5112 6.6905 4.1200
v -5.5112 6.4505 4.1700
v -5.5112 6.2505 4.2300
v -5.5112 6.0205 4.3200
v -5.5012 5.8205 4.4000
v -5.5012 5.5905 4.4600
v -5.5012 5.3605 4.5200
v -5.5012 5.1205 4.6000
v -5.5012 4.9105 4.6600
v -5.4912 4.6705 4.7500
v -5.4912 4.4405 4.8100
v -5.4912 4.2405 4.8700
v -5.4912 4.0405 4.9400
v -5.4912 3.8305 5.0100
v -5.4912 3.6205 5.0700
v -5.6912 9.0705 3.3800
v -5.6912 8.8805 3.4700
v -5.6812 8.6605 3.5500
v -5.6812 8.4405 3.6100
v -5.6812 8.2205 3.6900
v -5.6812 7.9905 3.7500
v -5.6812 7.8005 3.8300
v -5.6812 7.5705 3.8900
v -5.6712 7.3505 3.9500
v -5.6712 7.1205 4.0200
v -5.6712 6.9005 4.1000
v -5.6712 6.6805 4.1900
v -5.6712 6.4405 4.2300
v -5.6612 6.2205 4.3000
v -5.6612 6.0005 4.3400
v -5.6612 5.7905 4.4100
v -5.6612 5.5705 4.4900
v -5.6612 5.3705 4.5700
v -5.6512 5.1605 4.6300
v -5.6512 4.9705 4.7200
v -5.6512 4.7305 4.7700
v -5.6512 4.5205 4.8300
v -5.6512 4.3305 4.9000
v -5.6512 4.1105 4.9500
v -5.6412 3.9005 5.0400
v -5.6412 3.6805 5.1300
v -5.6412 3.4405 5.1800
v -5.8912 9.3905 3.4200
v -5.8812 9.1505 3.4400
v -5.8812 8.9805 3.5300
v -5.8812 8.7305 3.6000
v -5.8812 8.5005 3.6800
v -5.8812 8.2705 3.7200
v -5.8712 8.0605 3.8200
v -5.8712 7.8205 3.8800
v -5.8712 7.5905 3.9700
v -5.8712 7.3905 4.0300
v -5.8712 7.1905 4.0900
v -5.8712 6.9805 4.1500
v -5.8612 6.7605 4.2300
v -5.8612 6.5505 4.2800
v -5.8612 6.3305 4.3500
v -5.8612 6.1305 4.4200
v -5.8612 5.9105 4.4900
v -5.8512 5.7005 4.5300
v -5.8512 5.5005 4.6000
v -5.8512 5.2805 4.6600
v -5.8512 5.0605 4.7800
v -5.8512 4.8305 4.8100
v -5.8512 4.6405 4.8900
v -5.8412 4.4305 4.9400
v -5.8412 4.2205 5.0200
v -5.8412 3.9905 5.0800
v -5.8412 3.7605 5.1700
v -5.8412 3.5705 5.2300
v -6.1812 9.6205 3.4300
v -6.1812 9.3805 3.4900
v -6.1712 9.1605 3.5500
v -6.1712 8.9505 3.6200
v -6.1712 8.7405 3.7100
v -6.1712 8.5205 3.7800
v -6.1712 8.3205 3.8100
v -6.1712 8.1305 3.8800
v -6.1612 7.9105 3.9700
v -6.1612 7.6805 4.0200
v -6.1612 7.4605 4.0900
v -6.1612 7.2705 4.1600
v -6.1612 7.0705 4.2400
v -6.1512 6.8405 4.2900
v -6.1512 6.6105 4.3600
v -6.1512 6.3905 4.4200
v -6.1512 6.1905 4.4900
v -6.1512 5.9705 4.5500
v -6.1412 5.7705 4.6400
v -6.1412 5.5505 4.7000
v -6.1412 5.3405 4.7800
v -6.1412 5.1205 4.8300
v -6.1412 4.9005 4.9000
v -6.1412 4.7005 4.9700
v -6.1312 4.4805 5.0500
v -6.1312 4.2405 5.1100
v -6.1312 4.0105 5.1900
v -6.1312 3.8005 5.2700
v -6.1312 3.5905 5.3100
v -6.4612 9.9605 3.3200
v -6.4612 9.7705 3.4600
v -6.4612 9.5905 3.5400
v -6.4612 9.3405 3.6100
v -6.4612 9.1305 3.6700
v -6.4512 8.9205 3.7300
v -6.4512 8.7305 3.8000
v -6.4512 8.5205 3.8800
v -6.4512 8.2805 3.9400
v -6.4512 8.0605 4.0200
v -6.4512 7.8405 4.0800
v -6.4412 7.6405 4.1500
v -6.4412 7.4205 4.1900
v -6.4412 7.1905 4.2800
v -6.4412 6.9905 4.3400
v -6.4412 6.7805 4.4200
v -6.4312 6.5605 4.4700
v -6.4312 6.3505 4.5500
v -6.4312 6.1205 4.6100
v -6.4312 5.9005 4.7100
v -6.4312 5.6705 4.7500
v -6.4212 5.4405 4.8200
v -6.4212 5.2305 4.9100
v -6.4212 5.0105 4.9800
v -6.4212 4.8105 5.0300
v -6.4212 4.5905 5.1000
v -6.4212 4.3805 5.1700
v -6.4112 4.1705 5.2400
v -6.4112 3.9405 5.3000
v -6.4112 3.7005 5.3800
v -6.4112 3.5005 5.4600
v -6.6712 10.4205 3.5300
v -6.6712 10.1705 3.4200
v -6.6612 9.9605 3.4700
v -6.6612 9.7605 3.5600
v -6.6612 9.5205 3.6200
v -6.6612 9.3105 3.7000
v -6.6612 9.1005 3.7900
v -6.6512 8.8905 3.8300
v -6.6512 8.6605 3.8900
v -6.6512 8.4605 3.9400
v -6.6512 8.2305 4.0500
v -6.6512 8.0105 4.0900
v -6.6412 7.8205 4.1700
v -6.6412 7.6005 4.2400
v -6.6412 7.3605 4.3100
v -6.6412 7.1305 4.3600
v -6.6412 6.9105 4.4400
v -6.6412 6.7105 4.5200
v -6.6312 6.4705 4.5700
v -6.6312 6.2605 4.6500
v -6.6312 6.0805 4.6800
v -6.6312 5.8605 4.8000
v -6.6312 5.6305 4.8600
v -6.6212 5.3905 4.9300
v -6.6212 5.1605 4.9600
v -6.6212 4.9705 5.0500
v -6.6212 4.7605 5.1200
v -6.6212 4.5405 5.1700
v -6.6112 4.3205 5.2600
v -6.6112 4.1205 5.3100
v -6.6112 3.9005 5.3900
v -6.6112 3.6805 5.4500
v -6.6112 3.4705 5.5400
v -6.8412 10.3605 3.4300
v -6.8412 10.1605 3.4900
v -6.8412 9.9305 3.5500
v -6.8412 9.7105 3.6300
v -6.8312 9.5105 3.7100
v -6.8312 9.3005 3.7800
v -6.8312 9.0605 3.8400
v -6.8312 8.8305 3.9000
v -6.8312 8.6005 3.9700
v -6.8212 8.4005 4.0500
v -6.8212 8.1805 4.1100
v -6.8212 7.9605 4.1700
v -6.8212 7.7505 4.2400
v -6.8212 7.5505 4.3300
v -6.8112 7.3305 4.3700
v -6.8112 7.1205 4.4400
v -6.8112 6.8705 4.5200
v -6.8112 6.6605 4.6200
v -6.8112 6.4505 4.6500
v -6.8112 6.2305 4.7300
v -6.8012 6.0205 4.8000
v -6.8012 5.8005 4.8600
v -6.8012 5.5805 4.9300
v -6.8012 5.3805 4.9900
v -6.8012 5.1505 5.0600
v -6.7912 4.9205 5.1400
v -6.7912 4.7205 5.2000
v -6.7912 4.5105 5.2600
v -6.7912 4.2605 5.3300
v -6.7912 4.0305 5.4100
v -6.7812 3.8205 5.4900
v -6.7812 3.6105 5.5400
v -7.0912 10.5505 3.4600
v -7.0812 10.3205 3.5200
v -7.0812 10.1105 3.6100
v -7.0812 9.9005 3.6800
v -7.0812 9.6605 3.7600
v -7.0812 9.4605 3.8200
v -7.0712 9.2605 3.8700
v -7.0712 9.0505 3.9500
v -7.0712 8.8205 4.0300
v -7.0712 8.5805 4.0700
v -7.0712 8.3705 4.1400
v -7.0712 8.1705 4.2200
v -7.0612 7.9705 4.2700
v -7.0612 7.7205 4.3500
v -7.0612 7.5205 4.4100
v -7.0612 7.3205 4.4800
v -7.0612 7.0905 4.5500
v -7.0512 6.8705 4.6100
v -7.0512 6.6405 4.6800
v -7.0512 6.4305 4.7500
v -7.0512 6.2205 4.8100
v -7.0512 5.9905 4.8900
v -7.0412 5.7605 4.9500
v -7.0412 5.5505 5.0200
v -7.0412 5.3405 5.0800
v -7.0412 5.1005 5.1600
v -7.0412 4.8705 5.2300
v -7.0412 4.6705 5.3000
v -7.0312 4.4605 5.3600
v -7.0312 4.2305 5.4400
v -7.0312 4.0005 5.5000
v -7.0312 3.8105 5.5800
v -7.0312 3.5805 5.6400
v -7.3712 10.5105 3.5000
v -7.3712 10.2705 3.5500
v -7.3712 10.0405 3.6400
v -7.3612 9.8105 3.7200
v -7.3612 9.6205 3.7900
v -7.3612 9.4105 3.8900
v -7.3612 9.1905 3.9800
v -7.3612 8.9905 4.0400
v -7.3512 8.7905 4.1200
v -7.3512 8.5505 4.2200
v -7.3512 8.3405 4.2700
v -7.3512 8.1305 4.3500
v -7.3512 7.9005 4.4500
v -7.3412 7.6805 4.4700
v -7.3412 7.4605 4.5700
v -7.3412 7.2305 4.6200
v -7.3412 7.0105 4.6900
v -7.3412 6.7905 4.7700
v -7.3312 6.5605 4.8200
v -7.3312 6.3405 4.8900
v -7.3312 6.1405 4.9700
v -7.3312 5.9305 5.0100
v -7.3312 5.7005 5.0900
v -7.3312 5.4705 5.1700
v -7.3212 5.2605 5.2100
v -7.3212 5.0605 5.2800
v -7.3212 4.8405 5.3600
v -7.3212 4.6005 5.4100
v -7.3212 4.4005 5.5100
v -7.3212 4.1805 5.5500
v -7.3112 3.9405 5.6400
v -7.3112 3.7105 5.7000
v -7.3112 3.4905 5.7800
v -7.6412 10.3205 3.4000
v -7.6412 10.1005 3.5300
v -7.6412 9.8905 3.5800
v -7.6412 9.6805 3.6700
v -7.6412 9.4405 3.7600
v -7.6312 9.2305 3.8300
v -7.6312 9.0205 3.8900
v -7.6312 8.7905 3.9900
v -7.6312 8.5705 4.0800
v -7.6312 8.3605 4.1600
v -7.6212 8.1205 4.2000
v -7.6212 7.9105 4.3300
v -7.6212 7.7005 4.4000
v -7.6212 7.4905 4.4700
v -7.6212 7.2705 4.5300
v -7.6112 7.0505 4.6400
v -7.6112 6.8505 4.7000
v -7.6112 6.6205 4.8000
v -7.6112 6.4005 4.8600
v -7.6112 6.1905 4.9500
v -7.6112 5.9905 5.0300
v -7.6012 5.7505 5.1000
v -7.6012 5.5305 5.1800
v -7.6012 5.3105 5.2700
v -7.6012 5.1005 5.3600
v -7.6012 4.8605 5.4700
v -7.5912 4.6405 5.5500
v -7.5912 4.4305 5.6300
v -7.5912 4.2405 5.6700
v -7.5912 4.0105 5.7700
v -7.5912 3.8005 5.8100
v -7.5912 3.5905 5.8900
v -7.9212 10.0505 3.4100
v -7.9212 9.8505 3.5100
v -7.9212 9.6105 3.6000
v -7.9112 9.3905 3.6800
v -7.9112 9.2105 3.7300
v -7.9112 8.9805 3.8300
v -7.9112 8.7505 3.9100
v -7.9112 8.5305 3.9900
v -7.9112 8.3305 4.0700
v -7.9012 8.1105 4.1500
v -7.9012 7.8905 4.2300
v -7.9012 7.6705 4.3100
v -7.9012 7.4705 4.3700
v -7.9012 7.2505 4.4500
v -7.8912 7.0205 4.5400
v -7.8912 6.7805 4.6100
v -7.8912 6.5805 4.6900
v -7.8912 6.3405 4.7900
v -7.8912 6.1105 4.8600
v -7.8912 5.9005 4.9300
v -7.8812 5.7105 5.0100
v -7.8812 5.5105 5.0900
v -7.8812 5.2905 5.1500
v -7.8812 5.0905 5.2500
v -7.8812 4.8505 5.2900
v -7.8712 4.6705 5.4100
v -7.8712 4.4605 5.4800
v -7.8712 4.2405 5.5400
v -7.8712 4.0405 5.6000
v -7.8712 3.8205 5.7200
v -7.8612 3.6005 5.7700
v -8.2012 9.8705 3.4300
v -8.1912 9.6205 3.5100
v -8.1912 9.4205 3.6100
v -8.1912 9.2105 3.6700
v -8.1912 9.0105 3.7400
v -8.1912 8.7605 3.8300
v -8.1912 8.5405 3.9100
v -8.1812 8.3105 3.9700
v -8.1812 8.0905 4.0700
v -8.1812 7.8705 4.1600
v -8.1812 7.6405 4.2200
v -8.1812 7.4505 4.3000
v -8.1712 7.2305 4.3900
v -8.1712 7.0205 4.4500
v -8.1712 6.8105 4.5100
v -8.1712 6.6305 4.6100
v -8.1712 6.3905 4.6700
v -8.1712 6.1905 4.7600
v -8.1612 5.9705 4.8200
v -8.1612 5.7805 4.9100
v -8.1612 5.5705 4.9800
v -8.1612 5.3505 5.0600
v -8.1612 5.1105 5.1500
v -8.1512 4.9105 5.2200
v -8.1512 4.7205 5.2900
v -8.1512 4.5005 5.3600
v -8.1512 4.2805 5.4400
v -8.1512 4.0705 5.5300
v -8.1412 3.8605 5.6100
v -8.1412 3.6405 5.6900
v -8.1412 3.4405 5.7500
v -8.4012 9.8305 3.4100
v -8.4012 9.5905 3.4500
v -8.4012 9.3605 3.5500
v -8.4012 9.1305 3.6000
v -8.3912 8.9305 3.6900
v -8.3912 8.7305 3.7800
v -8.3912 8.5205 3.8400
v -8.3912 8.3105 3.9200
v -8.3912 8.1105 4.0100
v -8.3812 7.8805 4.0800
v -8.3812 7.6805 4.1600
v -8.3812 7.4705 4.2000
v -8.3812 7.2605 4.3100
v -8.3812 7.0505 4.3700
v -8.3812 6.8405 4.4600
v -8.3712 6.6105 4.5600
v -8.3712 6.4005 4.6100
v -8.3712 6.1905 4.6800
v -8.3712 6.0005 4.7800
v -8.3712 5.7605 4.8500
v -8.3712 5.5605 4.9200
v -8.3612 5.3505 5.0100
v -8.3612 5.1305 5.0700
v -8.3612 4.9205 5.1300
v -8.3612 4.6905 5.2200
v -8.3512 4.4705 5.3000
v -8.3512 4.2605 5.3900
v -8.3512 4.0205 5.4600
v -8.3512 3.8205 5.5400
v -8.3512 3.6105 5.6200
v -8.5612 9.5805 3.4200
v -8.5612 9.3405 3.4900
v -8.5512 9.1405 3.5800
v -8.5512 8.9305 3.6600
v -8.5512 8.7305 3.7000
v -8.5512 8.5205 3.7700
v -8.5512 8.2905 3.8800
v -8.5512 8.0705 3.9500
v -8.5412 7.8705 4.0500
v -8.5412 7.6505 4.0800
v -8.5412 7.4505 4.1800
v -8.5412 7.2305 4.2600
v -8.5412 7.0205 4.3100
v -8.5312 6.8005 4.4100
v -8.5312 6.5905 4.4800
v -8.5312 6.3905 4.5700
v -8.5312 6.1605 4.6600
v -8.5312 5.9405 4.7200
v -8.5312 5.7005 4.8000
v -8.5212 5.4905 4.8900
v -8.5212 5.2705 4.9600
v -8.5212 5.0605 5.0800
v -8.5212 4.8405 5.1300
v -8.5212 4.6305 5.2100
v -8.5212 4.4205 5.2600
v -8.5112 4.2105 5.3400
v -8.5112 3.9905 5.4400
v -8.5112 3.7505 5.5300
v -8.5112 3.5405 5.5800
v -8.7812 9.3605 3.4200
v -8.7712 9.1705 3.5000
v -8.7712 8.9705 3.5600
v -8.7712 8.7405 3.6600
v -8.7712 8.5205 3.7200
v -8.7712 8.3005 3.8200
v -8.7612 8.1205 3.8700
v -8.7612 7.9105 3.9700
v -8.7612 7.6505 4.0300
v -8.7612 7.4405 4.1100
v -8.7612 7.2305 4.1800
v -8.7612 7.0005 4.2600
v -8.7512 6.7805 4.3400
v -8.7512 6.5605 4.4500
v -8.7512 6.3705 4.4900
v -8.7512 6.1505 4.5700
v -8.7512 5.9505 4.6600
v -8.7412 5.7205 4.7400
v -8.7412 5.5005 4.8000
v -8.7412 5.2705 4.9100
v -8.7412 5.0705 4.9900
v -8.7412 4.8505 5.0500
v -8.7412 4.6405 5.1000
v -8.7312 4.4405 5.2000
v -8.7312 4.2105 5.2500
v -8.7312 4.0005 5.3700
v -8.7312 3.8005 5.4200
v -8.7312 3.5705 5.5000
v -9.0812 9.0705 3.4100
v -9.0812 8.8405 3.5100
v -9.0712 8.6205 3.5900
v -9.0712 8.3905 3.6900
v -9.0712 8.2105 3.7500
v -9.0712 7.9805 3.8500
v -9.0712 7.7505 3.9000
v -9.0712 7.5505 3.9800
v -9.0612 7.3605 4.0600
v -9.0612 7.1305 4.1400
v -9.0612 6.9005 4.2100
v -9.0612 6.6705 4.2900
v -9.0612 6.4705 4.3700
v -9.0612 6.2705 4.4400
v -9.0512 6.0405 4.5300
v -9.0512 5.8305 4.6000
v -9.0512 5.6205 4.6700
v -9.0512 5.4105 4.7600
v -9.0512 5.1905 4.8200
v -9.0412 4.9605 4.9000
v -9.0412 4.7505 5.0000
v -9.0412 4.5505 5.0600
v -9.0412 4.3205 5.1400
v -9.0412 4.0905 5.2300
v -9.0312 3.8605 5.3200
v -9.0312 3.6805 5.3800
v -9.0312 3.4405 5.4600
v -9.3512 8.9605 3.4300
v -9.3512 8.7405 3.4700
v -9.3512 8.5205 3.5300
v -9.3512 8.2905 3.6400
v -9.3512 8.0805 3.7100
v -9.3412 7.8705 3.7700
v -9.3412 7.6505 3.8600
v -9.3412 7.4505 3.9500
v -9.3412 7.2305 4.0000
v -9.3412 7.0105 4.1200
v -9.3412 6.8305 4.1700
v -9.3312 6.5805 4.2400
v -9.3312 6.3505 4.3100
v -9.3312 6.1505 4.4000
v -9.3312 5.9305 4.4600
v -9.3312 5.7005 4.5700
v -9.3212 5.4605 4.6300
v -9.3212 5.2705 4.7100
v -9.3212 5.0505 4.8000
v -9.3212 4.8305 4.9000
v -9.3212 4.6205 4.9400
v -9.3112 4.4205 5.0300
v -9.3112 4.1805 5.0800
v -9.3112 3.9705 5.1900
v -9.3112 3.7605 5.2600
v -9.3112 3.5405 5.3400
v -9.5212 8.7905 3.4200
v -9.5212 8.5905 3.4500
v -9.5212 8.3605 3.5500
v -9.5212 8.1405 3.6000
v -9.5212 7.9305 3.7100
v -9.5112 7.7105 3.7900
v -9.5112 7.4905 3.8600
v -9.5112 7.2705 3.9600
v -9.5112 7.0505 4.0400
v -9.5112 6.8305 4.1000
v -9.5112 6.6105 4.1600
v -9.5012 6.3805 4.2600
v -9.5012 6.1505 4.3300
v -9.5012 5.9705 4.4300
v -9.5012 5.7505 4.4700
v -9.5012 5.5105 4.5500
v -9.4912 5.3005 4.6600
v -9.4912 5.0905 4.7000
v -9.4912 4.8805 4.8100
v -9.4912 4.6605 4.8700
v -9.4912 4.4305 4.9500
v -9.4812 4.2405 5.0300
v -9.4812 4.0205 5.0900
v -9.4812 3.7905 5.2000
v -9.4812 3.5605 5.2800
v -9.6912 8.5205 3.4100
v -9.6912 8.3105 3.5300
v -9.6912 8.1105 3.5800
v -9.6912 7.8805 3.6600
v -9.6812 7.6505 3.7500
v -9.6812 7.4405 3.8300
v -9.6812 7.2505 3.8700
v -9.6812 7.0205 3.9800
v -9.6812 6.7905 4.0600
v -9.6812 6.5905 4.1400
v -9.6712 6.3605 4.2100
v -9.6712 6.1605 4.2900
v -9.6712 5.9205 4.3400
v -9.6712 5.7105 4.4400
v -9.6712 5.5005 4.5300
v -9.6612 5.2705 4.5900
v -9.6612 5.0605 4.6900
v -9.6612 4.8205 4.7500
v -9.6612 4.6105 4.8600
v -9.6612 4.3805 4.9400
v -9.6512 4.1605 4.9800
v -9.6512 3.9505 5.0500
v -9.6512 3.7505 5.1500
v -9.6512 3.5605 5.2400
v -9.9612 8.4205 3.3800
v -9.9612 8.2305 3.4600
v -9.9512 8.0005 3.5400
v -9.9512 7.7805 3.6100
v -9.9512 7.5505 3.6900
v -9.9512 7.3705 3.7900
v -9.9512 7.1605 3.8500
v -9.9512 6.9005 3.9200
v -9.9412 6.6705 4.0100
v -9.9412 6.4705 4.0900
v -9.9412 6.2405 4.1800
v -9.9412 6.0005 4.2500
v -9.9412 5.8005 4.3300
v -9.9312 5.5905 4.3900
v -9.9312 5.4105 4.4700
v -9.9312 5.1905 4.5700
v -9.9312 4.9805 4.6100
v -9.9312 4.7505 4.6800
v -9.9312 4.5505 4.7700
v -9.9212 4.3505 4.8300
v -9.9212 4.1405 4.9300
v -9.9212 3.9305 5.0000
v -9.9212 3.7105 5.0900
v -9.9212 3.4805 5.1600
v -10.2512 8.1005 3.3800
v -10.2512 7.8905 3.5200
v -10.2512 7.6705 3.5600
v -10.2512 7.4405 3.6800
v -10.2412 7.2305 3.7200
v -10.2412 7.0205 3.7900
v -10.2412 6.8205 3.9000
v -10.2412 6.6205 3.9500
v -10.2412 6.4005 4.0400
v -10.2412 6.1905 4.1300
v -10.2312 5.9805 4.1700
v -10.2312 5.7605 4.2300
v -10.2312 5.5605 4.3100
v -10.2312 5.3605 4.4100
v -10.2312 5.1305 4.4700
v -10.2212 4.9205 4.5600
v -10.2212 4.7005 4.6300
v -10.2212 4.5005 4.7000
v -10.2212 4.2905 4.7700
v -10.2212 4.0705 4.8600
v -10.2212 3.8605 4.9400
v -10.2112 3.6305 5.0100
v -10.2112 3.4305 5.1000
v -10.5212 7.9005 3.3800
v -10.5212 7.6905 3.4500
v -10.5212 7.4905 3.5600
v -10.5212 7.2805 3.6300
v -10.5212 7.0705 3.6900
v -10.5112 6.8605 3.7500
v -10.5112 6.6205 3.8700
v -10.5112 6.4205 3.9300
v -10.5112 6.2005 4.0100
v -10.5112 6.0005 4.0700
v -10.5112 5.7805 4.1600
v -10.5012 5.5605 4.2200
v -10.5012 5.3405 4.3000
v -10.5012 5.1405 4.3800
v -10.5012 4.9405 4.4200
v -10.5012 4.7105 4.5500
v -10.4912 4.4805 4.6100
v -10.4912 4.2605 4.7000
v -10.4912 4.0405 4.8000
v -10.4912 3.8305 4.8600
v -10.4912 3.6005 4.9300
v -10.7912 7.7405 3.3700
v -10.7812 7.5205 3.4200
v -10.7812 7.3405 3.4900
v -10.7812 7.1005 3.5900
v -10.7812 6.8905 3.6700
v -10.7812 6.6605 3.7400
v -10.7812 6.4805 3.8400
v -10.7712 6.2505 3.8900
v -10.7712 6.0305 3.9800
v -10.7712 5.8005 4.0500
v -10.7712 5.5905 4.1400
v -10.7712 5.3705 4.2200
v -10.7612 5.1505 4.3200
v -10.7612 4.9205 4.3800
v -10.7612 4.7305 4.4300
v -10.7612 4.5405 4.5200
v -10.7612 4.3105 4.6000
v -10.7612 4.0705 4.6700
v -10.7512 3.8605 4.7600
v -10.7512 3.6405 4.8400
v -10.7512 3.4505 4.9000
v -11.0412 7.5305 3.4000
v -11.0412 7.3005 3.4200
v -11.0412 7.0705 3.5300
v -11.0412 6.8605 3.6100
v -11.0412 6.6405 3.6900
v -11.0312 6.4305 3.7500
v -11.0312 6.2505 3.8200
v -11.0312 6.0105 3.9200
v -11.0312 5.7905 4.0100
v -11.0312 5.5905 4.0700
v -11.0212 5.3505 4.1400
v -11.0212 5.1305 4.2200
v -11.0212 4.9305 4.2800
v -11.0212 4.7105 4.3800
v -11.0212 4.5105 4.4500
v -11.0212 4.2905 4.5400
v -11.0112 4.0705 4.6100
v -11.0112 3.8705 4.6900
v -11.0112 3.6505 4.7600
v -11.2412 7.2505 3.4300
v -11.2412 7.0305 3.4700
v -11.2412 6.8105 3.5600
v -11.2312 6.5905 3.6600
v -11.2312 6.3905 3.7100
v -11.2312 6.1605 3.8000
v -11.2312 5.9605 3.8900
v -11.2312 5.7505 3.9300
v -11.2312 5.5305 4.0100
v -11.2212 5.3205 4.1100
v -11.2212 5.1105 4.2000
v -11.2212 4.8705 4.2500
v -11.2212 4.6605 4.3300
v -11.2212 4.4305 4.4100
v -11.2112 4.2105 4.4900
v -11.2112 3.9905 4.5800
v -11.2112 3.7805 4.6400
v -11.2112 3.5505 4.7200
v -11.4012 7.0705 3.4200
v -11.4012 6.8505 3.4900
v -11.4012 6.6505 3.5500
v -11.4012 6.4205 3.6700
v -11.4012 6.1905 3.7300
v -11.3912 5.9905 3.7900
v -11.3912 5.7705 3.8700
v -11.3912 5.5405 3.9700
v -11.3912 5.3105 4.0500
v -11.3912 5.1105 4.1100
v -11.3912 4.8905 4.2100
v -11.3812 4.6705 4.2900
v -11.3812 4.4605 4.3600
v -11.3812 4.2505 4.4200
v -11.3812 4.0405 4.5100
v -11.3812 3.8005 4.6000
v -11.3712 3.6005 4.6700
v -11.6212 6.9105 3.3600
v -11.6212 6.7105 3.4600
v -11.6212 6.4905 3.5500
v -11.6112 6.2805 3.6200
v -11.6112 6.0605 3.6900
v -11.6112 5.8505 3.7900
v -11.6112 5.6305 3.8800
v -11.6112 5.4105 3.9500
v -11.6012 5.2005 4.0100
v -11.6012 4.9705 4.1100
v -11.6012 4.7605 4.1800
v -11.6012 4.5505 4.2600
v -11.6012 4.3405 4.3200
v -11.6012 4.1005 4.4100
v -11.5912 3.8805 4.4700
v -11.5912 3.6705 4.5800
v -11.5912 3.4405 4.6500
v -11.9212 6.6405 3.4200
v -11.9112 6.4305 3.4700
v -11.9112 6.2205 3.5600
v -11.9112 5.9905 3.6400
v -11.9112 5.7805 3.7200
v -11.9112 5.5605 3.8000
v -11.9012 5.3505 3.8700
v -11.9012 5.1105 3.9600
v -11.9012 4.8805 4.0300
v -11.9012 4.6605 4.1100
v -11.9012 4.4505 4.1900
v -11.9012 4.2205 4.2500
v -11.8912 4.0105 4.3500
v -11.8912 3.8105 4.4100
v -11.8912 3.6205 4.4900
v -11.8912 3.4305 4.6000
v -12.1712 6.3105 3.4200
v -12.1712 6.0905 3.5200
v -12.1612 5.8705 3.6000
v -12.1612 5.6605 3.6800
v -12.1612 5.4505 3.7600
v -12.1612 5.2405 3.8400
v -12.1612 5.0405 3.9100
v -12.1612 4.8405 3.9700
v -12.1512 4.6005 4.0600
v -12.1512 4.4005 4.1400
v -12.1512 4.1905 4.2100
v -12.1512 4.0005 4.2700
v -12.1512 3.7805 4.3300
v -12.1412 3.5605 4.4400
v -12.3412 6.3605 3.3500
v -12.3412 6.1705 3.4300
v -12.3312 5.9705 3.4800
v -12.3312 5.7605 3.5900
v -12.3312 5.5505 3.6700
v -12.3312 5.3305 3.7500
v -12.3312 5.1205 3.8300
v -12.3312 4.8905 3.8900
v -12.3212 4.6905 3.9900
v -12.3212 4.4805 4.0400
v -12.3212 4.2505 4.1300
v -12.3212 4.0605 4.2200
v -12.3212 3.8205 4.2700
v -12.3112 3.6105 4.3600
v -12.5212 6.1205 3.3500
v -12.5212 5.9105 3.4600
v -12.5112 5.7105 3.5500
v -12.5112 5.5005 3.6400
v -12.5112 5.2905 3.6900
v -12.5112 5.0605 3.7700
v -12.5112 4.8405 3.8500
v -12.5112 4.6505 3.9200
v -12.5012 4.4305 4.0000
v -12.5012 4.2105 4.0900
v -12.5012 3.9705 4.1800
v -12.5012 3.7505 4.2600
v -12.5012 3.5505 4.3300
v -12.7812 5.7905 3.4100
v -12.7812 5.5705 3.5000
v -12.7812 5.3605 3.6000
v -12.7812 5.1705 3.7000
v -12.7812 4.9205 3.7500
v -12.7812 4.7105 3.8200
v -12.7712 4.5305 3.9100
v -12.7712 4.3105 4.0000
v -12.7712 4.0705 4.0700
v -12.7712 3.8505 4.1300
v -12.7712 3.6405 4.2100
v -12.7612 3.4405 4.3100
v -13.0712 5.5605 3.4100
v -13.0712 5.3405 3.4800
v -13.0612 5.1505 3.5800
v -13.0612 4.9305 3.6800
v -13.0612 4.7105 3.7800
v -13.0612 4.5005 3.8200
v -13.0612 4.2905 3.9100
v -13.0612 4.0705 3.9700
v -13.0512 3.8605 4.0700
v -13.0512 3.6305 4.1300
v -13.3212 5.4105 3.3600
v -13.3212 5.2205 3.4700
v -13.3112 5.0005 3.5700
v -13.3112 4.7605 3.6400
v -13.3112 4.5505 3.7100
v -13.3112 4.3305 3.7900
v -13.3112 4.1105 3.8700
v -13.3012 3.8805 3.9500
v -13.3012 3.6705 4.0200
v -13.3012 3.4805 4.1400
v -13.5612 5.0705 3.4200
v -13.5612 4.8605 3.5300
v -13.5612 4.6705 3.6000
v -13.5612 4.4705 3.6900
v -13.5512 4.2105 3.7700
v -13.5512 3.9905 3.8500
v -13.5512 3.7905 3.9000
v -13.5512 3.5705 4.0200
v -13.8212 5.0005 3.3500
v -13.8112 4.8105 3.4400
v -13.8112 4.5805 3.5500
v -13.8112 4.3905 3.6300
v -13.8112 4.1405 3.7000
v -13.8112 3.9205 3.7800
v -13.8112 3.7205 3.8600
v -13.8012 3.4805 3.9800
v -14.0212 4.6905 3.3900
v -14.0212 4.4905 3.5000
v -14.0212 4.3105 3.6000
v -14.0212 4.0905 3.6700
v -14.0112 3.8705 3.7400
v -14.0112 3.6605 3.8000
v -14.0112 3.4605 3.9100
v -14.1912 4.6805 3.3200
v -14.1912 4.4705 3.4400
v -14.1912 4.2805 3.5200
v -14.1812 4.0805 3.6200
v -14.1812 3.8505 3.6800
v -14.1812 3.6205 3.7900
v -14.3912 4.4105 3.3700
v -14.3912 4.1905 3.4500
v -14.3912 3.9905 3.5700
v -14.3912 3.7805 3.6400
v -14.3912 3.5805 3.7400
v -14.6812 4.2205 3.3900
v -14.6812 4.0005 3.4700
v -14.6712 3.8005 3.5300
v -14.6712 3.5905 3.6800
v -14.9312 3.9005 3.3700
v -14.9312 3.7005 3.4900
v -14.9312 3.5105 3.6100
v -15.1112 3.7005 3.4800
v -15.1012 3.4805 3.5600
v -15.3012 3.5405 3.4100
v -15.1812 3.2305 3.4000
v -15.0112 3.1705 3.3800
v -15.0112 3.3905 3.5200
v -14.7312 2.8805 3.4200
v -14.7312 3.0905 3.4700
v -14.7312 3.3305 3.6000
v -14.4412 2.4805 3.3500
v -14.4512 2.7105 3.4700
v -14.4512 2.9405 3.5400
v -14.4512 3.1705 3.6200
v -14.4512 3.3805 3.7200
v -14.2212 2.1305 3.3200
v -14.2212 2.3805 3.4000
v -14.2312 2.5805 3.5100
v -14.2312 2.7905 3.6000
v -14.2312 3.0105 3.6500
v -14.2312 3.2005 3.7500
v -14.2312 3.4205 3.8400
v -14.0412 2.0305 3.3800
v -14.0412 2.2405 3.4800
v -14.0412 2.4505 3.5500
v -14.0412 2.6505 3.6100
v -14.0512 2.8605 3.6800
v -14.0512 3.1005 3.7600
v -14.0512 3.3405 3.8300
v -13.8412 1.9605 3.4300
v -13.8412 2.1705 3.5100
v -13.8412 2.3805 3.6100
v -13.8412 2.6205 3.6500
v -13.8412 2.8305 3.7300
v -13.8512 3.0305 3.8000
v -13.8512 3.2805 3.8700
v -13.6412 1.4705 3.2900
v -13.6412 1.6705 3.3900
v -13.6512 1.8905 3.5000
v -13.6512 2.1105 3.5800
v -13.6512 2.3305 3.6600
v -13.6512 2.5705 3.7300
v -13.6512 2.8005 3.7900
v -13.6612 3.0105 3.8700
v -13.6612 3.2405 3.9400
v -13.4612 1.2605 3.3500
v -13.4612 1.4705 3.4100
v -13.4612 1.7005 3.5000
v -13.4612 1.9105 3.5800
v -13.4712 2.1205 3.6600
v -13.4712 2.3305 3.7200
v -13.4712 2.5605 3.7700
v -13.4712 2.7905 3.8500
v -13.4712 3.0205 3.9300
v -13.4812 3.2205 4.0000
v -13.2212 0.8805 3.4000
v -13.2212 1.1005 3.3900
v -13.2212 1.3705 3.4700
v -13.2212 1.5905 3.5500
v -13.2312 1.7905 3.6300
v -13.2312 1.9805 3.6900
v -13.2312 2.2505 3.7600
v -13.2312 2.4605 3.8400
v -13.2312 2.6605 3.9000
v -13.2412 2.8705 3.9700
v -13.2412 3.1005 4.0400
v -13.2412 3.3305 4.1700
v -12.9312 0.7405 3.3900
v -12.9312 0.9605 3.4400
v -12.9312 1.1705 3.5200
v -12.9312 1.4005 3.6200
v -12.9412 1.6005 3.6900
v -12.9412 1.8205 3.7400
v -12.9412 2.0705 3.8200
v -12.9412 2.2705 3.8900
v -12.9412 2.5105 3.9800
v -12.9512 2.7305 4.0300
v -12.9512 2.9705 4.1000
v -12.9512 3.1805 4.1700
v -12.9512 3.4105 4.2700
v -12.7112 0.5105 3.3600
v -12.7112 0.7405 3.4700
v -12.7112 0.9705 3.5500
v -12.7112 1.2005 3.6200
v -12.7112 1.4005 3.7000
v -12.7212 1.6405 3.7800
v -12.7212 1.8905 3.8400
v -12.7212 2.0805 3.8800
v -12.7212 2.2905 3.9600
v -12.7212 2.5305 4.0400
v -12.7212 2.7405 4.1400
v -12.7312 2.9705 4.1900
v -12.7312 3.1905 4.2600
v -12.7312 3.4105 4.3300
v -12.5612 0.2805 3.3200
v -12.5612 0.4805 3.4100
v -12.5612 0.6905 3.5200
v -12.5612 0.9205 3.5600
v -12.5612 1.1305 3.6600
v -12.5712 1.3605 3.7200
v -12.5712 1.5905 3.8100
v -12.5712 1.7905 3.8800
v -12.5712 2.0105 3.9200
v -12.5812 2.2405 4.0100
v -12.5812 2.4805 4.0800
v -12.5812 2.7105 4.1300
v -12.5812 2.9205 4.2200
v -12.5812 3.1705 4.2800
v -12.5912 3.4005 4.4100
v -12.3712 0.1105 3.4000
v -12.3712 0.3405 3.4400
v -12.3712 0.5605 3.5300
v -12.3712 0.7605 3.6100
v -12.3812 1.0005 3.6800
v -12.3812 1.2405 3.7700
v -12.3812 1.4705 3.8400
v -12.3812 1.6905 3.9000
v -12.3812 1.9105 3.9900
v -12.3912 2.1605 4.0400
v -12.3912 2.3705 4.0800
v -12.3912 2.5805 4.1600
v -12.3912 2.7705 4.2700
v -12.3912 3.0005 4.3100
v -12.4012 3.2105 4.4000
v -12.0712 -0.2495 3.3500
v -12.0712 -0.0095 3.4200
v -12.0812 0.2205 3.5200
v -12.0812 0.4505 3.6100
v -12.0812 0.6505 3.6800
v -12.0812 0.8505 3.7500
v -12.0812 1.0705 3.8000
v -12.0912 1.2805 3.8700
v -12.0912 1.5005 3.9300
v -12.0912 1.7105 4.0000
v -12.0912 1.9105 4.0800
v -12.0912 2.1405 4.1500
v -12.1012 2.3605 4.1900
v -12.1012 2.5605 4.2900
v -12.1012 2.7805 4.3300
v -12.1012 3.0405 4.4200
v -12.1012 3.2305 4.5100
v -11.7812 -0.6495 3.3000
v -11.7812 -0.4395 3.4000
v -11.7812 -0.2195 3.4700
v -11.7812 -0.0095 3.5800
v -11.7812 0.2105 3.6300
v -11.7912 0.4005 3.7400
v -11.7912 0.6305 3.7900
v -11.7912 0.8405 3.8400
v -11.7912 1.0505 3.9000
v -11.7912 1.2705 3.9600
v -11.8012 1.5105 4.0500
v -11.8012 1.7205 4.1200
v -11.8012 1.9305 4.1900
v -11.8012 2.1305 4.2600
v -11.8012 2.3705 4.3300
v -11.8112 2.5905 4.3900
v -11.8112 2.8105 4.4600
v -11.8112 3.0105 4.5200
v -11.8112 3.2305 4.6200
v -11.5612 -0.7995 3.4100
v -11.5612 -0.3795 3.5100
v -11.5612 -0.1495 3.6000
v -11.5712 0.0805 3.6800
v -11.5712 0.2705 3.7500
v -11.5712 0.5005 3.7800
v -11.5712 0.7105 3.8900
v -11.5712 0.9505 3.9600
v -11.5812 1.1505 4.0200
v -11.5812 1.3805 4.1000
v -11.5812 1.6005 4.1400
v -11.5812 1.8005 4.2300
v -11.5812 2.0405 4.2800
v -11.5912 2.2505 4.3600
v -11.5912 2.4905 4.4500
v -11.5912 2.7205 4.5200
v -11.5912 2.9305 4.5900
v -11.5912 3.1505 4.6800
v -11.6012 3.3805 4.7100
v -11.3812 -1.0395 3.3600
v -11.3812 -0.8395 3.4600
v -11.3812 -0.6095 3.5400
v -11.3812 -0.3795 3.5900
v -11.3912 -0.1595 3.6600
v -11.3912 0.0505 3.7300
v -11.3912 0.2805 3.7900
v -11.3912 0.4905 3.8900
v -11.3912 0.7105 3.9600
v -11.4012 0.9505 4.0300
v -11.4012 1.1805 4.1000
v -11.4012 1.4105 4.1400
v -11.4012 1.6305 4.2300
v -11.4012 1.8305 4.3200
v -11.4012 2.0505 4.3600
v -11.4112 2.2705 4.4200
v -11.4112 2.4905 4.5000
v -11.4112 2.7105 4.5700
v -11.4112 2.9505 4.6500
v -11.4112 3.1605 4.7200
v -11.4212 3.3805 4.7500
v -11.1712 -1.2395 3.3600
v -11.1712 -1.0395 3.4700
v -11.1712 -0.7895 3.5500
v -11.1812 -0.5495 3.6100
v -11.1812 -0.3295 3.6900
v -11.1812 -0.1195 3.7100
v -11.1812 0.1105 3.8200
v -11.1812 0.3205 3.8900
v -11.1912 0.5405 3.9500
v -11.1912 0.7305 4.0200
v -11.1912 0.9705 4.1000
v -11.1912 1.2105 4.1700
v -11.1912 1.4405 4.2700
v -11.2012 1.6305 4.3200
v -11.2012 1.8505 4.3500
v -11.2012 2.0805 4.4600
v -11.2012 2.3105 4.5000
v -11.2012 2.5005 4.6000
v -11.2112 2.7305 4.6500
v -11.2112 2.9405 4.7100
v -11.2112 3.1905 4.8100
v -10.9512 -1.5995 3.3200
v -10.9612 -1.3895 3.4000
v -10.9612 -1.1795 3.5000
v -10.9612 -0.9695 3.5700
v -10.9612 -0.7295 3.6200
v -10.9612 -0.5095 3.7100
v -10.9712 -0.2695 3.7800
v -10.9712 -0.0495 3.8400
v -10.9712 0.1505 3.9000
v -10.9712 0.3805 3.9800
v -10.9712 0.5905 4.0600
v -10.9712 0.8005 4.1000
v -10.9812 1.0005 4.1800
v -10.9812 1.2405 4.2400
v -10.9812 1.4705 4.3200
v -10.9812 1.7005 4.4000
v -10.9812 1.8905 4.4700
v -10.9912 2.1305 4.5400
v -10.9912 2.3605 4.6000
v -10.9912 2.6005 4.6600
v -10.9912 2.8205 4.7400
v -10.9912 3.0405 4.8100
v -11.0012 3.2705 4.8900
v -10.7412 -1.8295 3.3800
v -10.7412 -1.6095 3.4300
v -10.7412 -1.3895 3.4900
v -10.7412 -1.1595 3.5900
v -10.7412 -0.9495 3.6700
v -10.7512 -0.7395 3.7100
v -10.7512 -0.5195 3.8000
v -10.7512 -0.2995 3.8700
v -10.7512 -0.0695 3.9100
v -10.7512 0.1705 4.0000
v -10.7612 0.3705 4.0400
v -10.7612 0.5905 4.1600
v -10.7612 0.8405 4.2100
v -10.7612 1.0605 4.2800
v -10.7612 1.2605 4.3400
v -10.7612 1.5005 4.4300
v -10.7712 1.7405 4.5000
v -10.7712 1.9505 4.5500
v -10.7712 2.1405 4.6100
v -10.7712 2.3905 4.7000
v -10.7712 2.6305 4.7800
v -10.7812 2.8205 4.8200
v -10.7812 3.0505 4.9200
v -10.7812 3.2705 4.9500
v -10.4812 -1.9695 3.3800
v -10.4812 -1.7495 3.4600
v -10.4912 -1.5095 3.5600
v -10.4912 -1.2995 3.6300
v -10.4912 -1.0895 3.6900
v -10.4912 -0.8595 3.7700
v -10.4912 -0.6195 3.8500
v -10.5012 -0.3895 3.9200
v -10.5012 -0.1895 3.9700
v -10.5012 0.0505 4.0400
v -10.5012 0.2805 4.1200
v -10.5012 0.4905 4.2000
v -10.5112 0.6905 4.2500
v -10.5112 0.9205 4.3200
v -10.5112 1.1605 4.4000
v -10.5112 1.3805 4.4600
v -10.5112 1.6005 4.5300
v -10.5112 1.8105 4.5900
v -10.5212 2.0505 4.6500
v -10.5212 2.2505 4.7500
v -10.5212 2.4805 4.8200
v -10.5212 2.7005 4.9000
v -10.5212 2.9205 4.9800
v -10.5312 3.1805 5.0600
v -10.5312 3.4205 5.0000
v -10.1912 -2.3695 3.3500
v -10.2012 -2.1595 3.4500
v -10.2012 -1.9195 3.5100
v -10.2012 -1.7095 3.6000
v -10.2012 -1.4695 3.6700
v -10.2012 -1.2495 3.7200
v -10.2112 -1.0495 3.8100
v -10.2112 -0.8295 3.9000
v -10.2112 -0.5995 3.9600
v -10.2112 -0.3695 4.0300
v -10.2112 -0.1695 4.0800
v -10.2212 0.0705 4.1500
v -10.2212 0.2905 4.2300
v -10.2212 0.5205 4.3100
v -10.2212 0.7205 4.3700
v -10.2212 0.9505 4.4400
v -10.2312 1.1905 4.5100
v -10.2312 1.4205 4.5800
v -10.2312 1.6405 4.6500
v -10.2312 1.8805 4.7500
v -10.2312 2.1205 4.8100
v -10.2412 2.3205 4.8700
v -10.2412 2.5305 4.9200
v -10.2412 2.7405 5.0000
v -10.2412 2.9405 5.0600
v -10.2412 3.1705 5.1700
v -10.2512 3.4205 5.0700
v -9.9712 -2.6495 3.3800
v -9.9712 -2.4395 3.4200
v -9.9812 -2.1995 3.5000
v -9.9812 -1.9695 3.5800
v -9.9812 -1.7595 3.6500
v -9.9812 -1.5395 3.7200
v -9.9812 -1.3195 3.8000
v -9.9912 -1.0895 3.8700
v -9.9912 -0.8795 3.9300
v -9.9912 -0.6495 3.9900
v -9.9912 -0.4195 4.0900
v -9.9912 -0.1895 4.1700
v -9.9912 0.0305 4.2200
v -10.0012 0.2705 4.2900
v -10.0012 0.5005 4.3700
v -10.0012 0.7205 4.4500
v -10.0012 0.9305 4.5100
v -10.0012 1.1205 4.5800
v -10.0112 1.3405 4.6300
v -10.0112 1.5505 4.7200
v -10.0112 1.7905 4.7800
v -10.0112 2.0005 4.8400
v -10.0112 2.2005 4.9200
v -10.0212 2.4205 4.9600
v -10.0212 2.6305 5.0300
v -10.0212 2.8605 5.1200
v -10.0212 3.0805 5.2100
v -10.0212 3.3205 5.2100
v -9.8112 -2.8195 3.3200
v -9.8112 -2.6395 3.4400
v -9.8112 -2.3895 3.5200
v -9.8112 -2.1495 3.6000
v -9.8112 -1.9295 3.6800
v -9.8212 -1.7095 3.7300
v -9.8212 -1.4695 3.8000
v -9.8212 -1.2295 3.8800
v -9.8212 -1.0395 3.9400
v -9.8212 -0.8095 4.0100
v -9.8212 -0.6195 4.1100
v -9.8312 -0.3895 4.1500
v -9.8312 -0.1895 4.2100
v -9.8312 0.0305 4.2800
v -9.8312 0.2605 4.3500
v -9.8312 0.4705 4.4200
v -9.8412 0.6805 4.4900
v -9.8412 0.9005 4.5500
v -9.8412 1.1105 4.6300
v -9.8412 1.3405 4.7100
v -9.8412 1.5505 4.7700
v -9.8512 1.7705 4.8400
v -9.8512 1.9805 4.9100
v -9.8512 2.2105 4.9700
v -9.8512 2.4305 5.0200
v -9.8512 2.6605 5.0900
v -9.8512 2.8605 5.1500
v -9.8612 3.0605 5.2600
v -9.8612 3.3105 5.2900
v -9.5912 -2.9595 3.3700
v -9.5912 -2.7395 3.5000
v -9.5912 -2.5195 3.5500
v -9.5912 -2.3095 3.6300
v -9.6012 -2.1195 3.6700
v -9.6012 -1.8895 3.7600
v -9.6012 -1.6795 3.8400
v -9.6012 -1.4395 3.8900
v -9.6012 -1.2495 3.9800
v -9.6012 -1.0295 4.0000
v -9.6112 -0.7895 4.0700
v -9.6112 -0.5995 4.1700
v -9.6112 -0.3895 4.2400
v -9.6112 -0.1495 4.3000
v -9.6112 0.0605 4.3600
v -9.6212 0.2805 4.4500
v -9.6212 0.4905 4.5000
v -9.6212 0.7105 4.5700
v -9.6212 0.9305 4.6500
v -9.6212 1.1705 4.7100
v -9.6312 1.3705 4.7900
v -9.6312 1.5605 4.8300
v -9.6312 1.8105 4.9300
v -9.6312 2.0505 5.0000
v -9.6312 2.2805 5.0600
v -9.6312 2.5005 5.1500
v -9.6412 2.7105 5.2000
v -9.6412 2.9505 5.2900
v -9.6412 3.1605 5.3800
v -9.6412 3.3905 5.3000
v -9.2712 -3.3495 3.3900
v -9.2712 -3.1195 3.4600
v -9.2712 -2.9095 3.5300
v -9.2712 -2.6995 3.6300
v -9.2812 -2.4895 3.6900
v -9.2812 -2.2795 3.7400
v -9.2812 -2.0595 3.8500
v -9.2812 -1.8095 3.8900
v -9.2812 -1.5995 3.9500
v -9.2812 -1.3995 4.0000
v -9.2912 -1.1995 4.1200
v -9.2912 -0.9495 4.1500
v -9.2912 -0.7395 4.2100
v -9.2912 -0.5195 4.3200
v -9.2912 -0.3095 4.3600
v -9.3012 -0.1095 4.4400
v -9.3012 0.1405 4.5000
v -9.3012 0.3605 4.5900
v -9.3012 0.5905 4.6700
v -9.3012 0.8305 4.7300
v -9.3112 1.0505 4.7900
v -9.3112 1.2705 4.8900
v -9.3112 1.4705 4.9600
v -9.3112 1.6805 5.0000
v -9.3112 1.9005 5.0800
v -9.3112 2.1305 5.1500
v -9.3212 2.3505 5.2200
v -9.3212 2.5905 5.2900
v -9.3212 2.8105 5.3300
v -9.3212 3.0205 5.4500
v -9.3212 3.2505 5.4600
v -8.9712 -3.6795 3.4000
v -8.9712 -3.4495 3.4800
v -8.9712 -3.2195 3.5500
v -8.9712 -3.0095 3.6300
v -8.9812 -2.7995 3.7000
v -8.9812 -2.5895 3.7400
v -8.9812 -2.3495 3.8200
v -8.9812 -2.1395 3.9000
v -8.9812 -1.9195 3.9600
v -8.9812 -1.7195 4.0300
v -8.9912 -1.4895 4.1000
v -8.9912 -1.2595 4.1700
v -8.9912 -1.0495 4.2200
v -8.9912 -0.8095 4.3200
v -8.9912 -0.5795 4.4100
v -9.0012 -0.3495 4.4600
v -9.0012 -0.1395 4.5100
v -9.0012 0.0705 4.5900
v -9.0012 0.2905 4.6700
v -9.0012 0.5005 4.7400
v -9.0112 0.7305 4.7900
v -9.0112 0.9505 4.8800
v -9.0112 1.1905 4.9600
v -9.0112 1.3905 5.0100
v -9.0112 1.5905 5.1000
v -9.0212 1.8305 5.1800
v -9.0212 2.0405 5.2200
v -9.0212 2.2605 5.3100
v -9.0212 2.4905 5.3300
v -9.0212 2.7005 5.4300
v -9.0212 2.9305 5.4900
v -9.0312 3.1505 5.6200
v -9.0312 3.4005 5.4900
v -8.7712 -3.8595 3.4100
v -8.7712 -3.6395 3.4800
v -8.7712 -3.4295 3.5400
v -8.7712 -3.2095 3.6200
v -8.7712 -2.9695 3.6800
v -8.7812 -2.7595 3.7900
v -8.7812 -2.5295 3.8400
v -8.7812 -2.2895 3.9400
v -8.7812 -2.0795 4.0000
v -8.7812 -1.8595 4.0600
v -8.7912 -1.6495 4.1000
v -8.7912 -1.4295 4.1900
v -8.7912 -1.2295 4.2600
v -8.7912 -0.9995 4.3100
v -8.7912 -0.7695 4.4000
v -8.8012 -0.5395 4.4800
v -8.8012 -0.3195 4.5500
v -8.8012 -0.1095 4.6100
v -8.8012 0.1005 4.6900
v -8.8012 0.3205 4.7500
v -8.8112 0.5505 4.8000
v -8.8112 0.7605 4.9000
v -8.8112 0.9605 4.9600
v -8.8112 1.2105 5.0200
v -8.8112 1.4405 5.1200
v -8.8112 1.6605 5.1800
v -8.8212 1.8705 5.2500
v -8.8212 2.1105 5.3000
v -8.8212 2.3505 5.3800
v -8.8212 2.5505 5.4300
v -8.8212 2.7905 5.5300
v -8.8312 3.0105 5.6200
v -8.8312 3.2405 5.6200
v -8.6112 -4.1295 3.3800
v -8.6112 -3.8895 3.4400
v -8.6212 -3.6695 3.5300
v -8.6212 -3.4495 3.6000
v -8.6212 -3.2395 3.6800
v -8.6212 -3.0195 3.7200
v -8.6212 -2.7995 3.8300
v -8.6312 -2.5895 3.8800
v -8.6312 -2.3595 3.9400
v -8.6312 -2.1495 4.0400
v -8.6312 -1.8995 4.0900
v -8.6312 -1.6895 4.1600
v -8.6312 -1.4795 4.2400
v -8.6412 -1.2695 4.3200
v -8.6412 -1.0595 4.3700
v -8.6412 -0.8195 4.4400
v -8.6412 -0.5895 4.4900
v -8.6412 -0.4095 4.5900
v -8.6512 -0.1695 4.6500
v -8.6512 0.0705 4.7200
v -8.6512 0.2705 4.8100
v -8.6512 0.4905 4.8800
v -8.6512 0.7105 4.9500
v -8.6612 0.9705 5.0000
v -8.6612 1.1905 5.0900
v -8.6612 1.4005 5.1500
v -8.6612 1.6205 5.2300
v -8.6612 1.8505 5.2800
v -8.6712 2.0605 5.3600
v -8.6712 2.2905 5.4400
v -8.6712 2.5205 5.5000
v -8.6712 2.7305 5.5800
v -8.6712 2.9705 5.6300
v -8.6812 3.1805 5.7100
v -8.4112 -4.2595 3.3700
v -8.4212 -4.0595 3.4700
v -8.4212 -3.8295 3.5600
v -8.4212 -3.5995 3.6200
v -8.4212 -3.3695 3.6900
v -8.4212 -3.1695 3.7600
v -8.4312 -2.9595 3.8700
v -8.4312 -2.7095 3.9100
v -8.4312 -2.4995 3.9800
v -8.4312 -2.3095 4.0600
v -8.4312 -2.0795 4.1500
v -8.4312 -1.8695 4.1600
v -8.4412 -1.6295 4.2600
v -8.4412 -1.3995 4.3300
v -8.4412 -1.1895 4.3800
v -8.4412 -0.9595 4.4800
v -8.4412 -0.7195 4.5500
v -8.4512 -0.4995 4.6100
v -8.4512 -0.2895 4.6700
v -8.4512 -0.0695 4.7700
v -8.4512 0.1705 4.8500
v -8.4512 0.3905 4.8900
v -8.4612 0.5905 4.9700
v -8.4612 0.8205 5.0500
v -8.4612 1.0605 5.1200
v -8.4612 1.2605 5.1700
v -8.4612 1.4905 5.2500
v -8.4712 1.7105 5.3000
v -8.4712 1.9305 5.4000
v -8.4712 2.1505 5.4500
v -8.4712 2.3705 5.5200
v -8.4712 2.6105 5.6100
v -8.4812 2.8405 5.6700
v -8.4812 3.0605 5.7800
v -8.4812 3.3105 5.7100
v -8.1912 -4.6595 3.3400
v -8.2012 -4.4595 3.4100
v -8.2012 -4.2195 3.5100
v -8.2012 -4.0095 3.5700
v -8.2012 -3.7995 3.6400
v -8.2012 -3.5795 3.7000
v -8.2012 -3.3595 3.7900
v -8.2112 -3.1295 3.8600
v -8.2112 -2.8995 3.9300
v -8.2112 -2.6995 4.0000
v -8.2112 -2.4695 4.0900
v -8.2212 -2.2295 4.1500
v -8.2212 -1.9995 4.2200
v -8.2212 -1.7995 4.2700
v -8.2212 -1.5695 4.3600
v -8.2212 -1.3295 4.4500
v -8.2212 -1.1295 4.5000
v -8.2312 -0.9095 4.5500
v -8.2312 -0.6795 4.6400
v -8.2312 -0.4395 4.6900
v -8.2312 -0.2395 4.7900
v -8.2312 -0.0095 4.8500
v -8.2412 0.2005 4.9100
v -8.2412 0.4305 4.9800
v -8.2412 0.6405 5.0500
v -8.2412 0.8805 5.1400
v -8.2412 1.1005 5.2200
v -8.2512 1.3405 5.2800
v -8.2512 1.5705 5.3600
v -8.2512 1.8005 5.4200
v -8.2512 2.0205 5.4900
v -8.2512 2.2405 5.5700
v -8.2612 2.4605 5.6100
v -8.2612 2.6605 5.7000
v -8.2612 2.8605 5.7700
v -8.2612 3.0805 5.8400
v -8.2612 3.3505 5.7500
v -7.9712 -4.9295 3.3100
v -7.9712 -4.6895 3.4000
v -7.9812 -4.5095 3.5100
v -7.9812 -4.2695 3.5700
v -7.9812 -4.0395 3.6600
v -7.9812 -3.8095 3.7100
v -7.9812 -3.5995 3.7800
v -7.9812 -3.3695 3.8800
v -7.9912 -3.1395 3.9400
v -7.9912 -2.9395 3.9900
v -7.9912 -2.7195 4.0600
v -7.9912 -2.4895 4.1600
v -7.9912 -2.2495 4.2100
v -8.0012 -2.0495 4.2900
v -8.0012 -1.8195 4.3500
v -8.0012 -1.5995 4.4300
v -8.0012 -1.3695 4.5100
v -8.0012 -1.1795 4.5600
v -8.0112 -0.9295 4.6500
v -8.0112 -0.7095 4.7100
v -8.0112 -0.4795 4.7900
v -8.0112 -0.2395 4.8600
v -8.0112 -0.0295 4.9400
v -8.0212 0.2105 5.0000
v -8.0212 0.4305 5.0600
v -8.0212 0.6405 5.1500
v -8.0212 0.8405 5.2200
v -8.0212 1.0505 5.2600
v -8.0212 1.2705 5.3200
v -8.0312 1.5005 5.4300
v -8.0312 1.7105 5.4800
v -8.0312 1.9105 5.5400
v -8.0312 2.1305 5.6000
v -8.0312 2.3405 5.6700
v -8.0412 2.5805 5.7400
v -8.0412 2.7805 5.8200
v -8.0412 3.0105 5.9000
v -8.0412 3.2405 5.8700
v -7.7212 -5.1095 3.3700
v -7.7212 -4.8695 3.4400
v -7.7212 -4.6295 3.5500
v -7.7312 -4.4195 3.6200
v -7.7312 -4.2095 3.6700
v -7.7312 -3.9895 3.7600
v -7.7312 -3.7495 3.8500
v -7.7312 -3.5295 3.8900
v -7.7412 -3.3195 3.9800
v -7.7412 -3.1095 4.0300
v -7.7412 -2.8795 4.1200
v -7.7412 -2.6595 4.1700
v -7.7412 -2.4295 4.2500
v -7.7412 -2.2095 4.3200
v -7.7512 -1.9795 4.4000
v -7.7512 -1.7395 4.5000
v -7.7512 -1.5095 4.5500
v -7.7512 -1.2995 4.6500
v -7.7512 -1.0695 4.6900
v -7.7612 -0.8695 4.7800
v -7.7612 -0.6395 4.8400
v -7.7612 -0.4495 4.8900
v -7.7612 -0.2295 4.9600
v -7.7612 0.0005 5.0400
v -7.7612 0.2205 5.0900
v -7.7712 0.4205 5.1600
v -7.7712 0.6105 5.2200
v -7.7712 0.8505 5.2900
v -7.7712 1.0805 5.3900
v -7.7712 1.3005 5.4600
v -7.7812 1.5105 5.5100
v -7.7812 1.7205 5.6000
v -7.7812 1.9405 5.6500
v -7.7812 2.1605 5.7500
v -7.7812 2.3805 5.7600
v -7.7812 2.5905 5.8700
v -7.7912 2.8205 5.9500
v -7.7912 3.0205 6.0400
v -7.7912 3.2705 5.9700
v -7.4412 -5.5495 3.3500
v -7.4512 -5.3195 3.4100
v -7.4512 -5.1295 3.4900
v -7.4512 -4.8995 3.5800
v -7.4512 -4.6895 3.6600
v -7.4512 -4.4495 3.7100
v -7.4612 -4.2395 3.8000
v -7.4612 -4.0095 3.8500
v -7.4612 -3.7695 3.9400
v -7.4612 -3.5395 4.0000
v -7.4612 -3.3195 4.0800
v -7.4712 -3.0895 4.1300
v -7.4712 -2.8695 4.2300
v -7.4712 -2.6395 4.2900
v -7.4712 -2.4395 4.3700
v -7.4712 -2.2295 4.3900
v -7.4712 -2.0195 4.4900
v -7.4812 -1.7995 4.5500
v -7.4812 -1.5695 4.6100
v -7.4812 -1.3695 4.7000
v -7.4812 -1.1595 4.7900
v -7.4812 -0.9395 4.8400
v -7.4912 -0.7295 4.8900
v -7.4912 -0.5095 4.9800
v -7.4912 -0.2695 5.0500
v -7.4912 -0.0595 5.1100
v -7.4912 0.1605 5.1700
v -7.4912 0.3505 5.2500
v -7.5012 0.5805 5.3200
v -7.5012 0.7905 5.3900
v -7.5012 1.0405 5.4600
v -7.5012 1.2405 5.5500
v -7.5012 1.4405 5.6100
v -7.5112 1.6805 5.6700
v -7.5112 1.9205 5.7400
v -7.5112 2.1405 5.8100
v -7.5112 2.3505 5.8900
v -7.5112 2.5805 5.9500
v -7.5212 2.8205 6.0300
v -7.5212 3.0405 6.0200
v -7.5212 3.2805 5.9400
v -7.2412 -5.7195 3.3600
v -7.2412 -5.4895 3.4500
v -7.2412 -5.2595 3.5400
v -7.2412 -5.0195 3.6000
v -7.2412 -4.8095 3.6600
v -7.2512 -4.5795 3.7600
v -7.2512 -4.3395 3.8500
v -7.2512 -4.1195 3.9000
v -7.2512 -3.9195 3.9600
v -7.2512 -3.7095 4.0200
v -7.2612 -3.4895 4.0800
v -7.2612 -3.2895 4.1600
v -7.2612 -3.0495 4.2300
v -7.2612 -2.8695 4.3100
v -7.2612 -2.6395 4.3700
v -7.2612 -2.4195 4.4400
v -7.2712 -2.2095 4.5000
v -7.2712 -1.9995 4.5700
v -7.2712 -1.7595 4.6600
v -7.2712 -1.5395 4.7200
v -7.2712 -1.3395 4.8000
v -7.2812 -1.1195 4.8400
v -7.2812 -0.8895 4.9200
v -7.2812 -0.6795 5.0100
v -7.2812 -0.4495 5.0700
v -7.2812 -0.2395 5.1300
v -7.2812 -0.0295 5.1900
v -7.2912 0.2005 5.2600
v -7.2912 0.4405 5.3300
v -7.2912 0.6705 5.4300
v -7.2912 0.9005 5.4900
v -7.2912 1.1005 5.5600
v -7.3012 1.3505 5.6300
v -7.3012 1.5505 5.7200
v -7.3012 1.7505 5.7800
v -7.3012 1.9705 5.8400
v -7.3012 2.2105 5.9000
v -7.3112 2.4305 5.9900
v -7.3112 2.6605 6.0500
v -7.3112 2.8905 5.9700
v -7.3112 3.1405 5.9200
v -7.3112 3.4205 5.7800
v -7.0812 -5.9595 3.2700
v -7.0812 -5.7695 3.3800
v -7.0812 -5.5595 3.4800
v -7.0812 -5.3495 3.5700
v -7.0812 -5.1395 3.6300
v -7.0812 -4.9295 3.6900
v -7.0912 -4.7295 3.7800
v -7.0912 -4.4795 3.8300
v -7.0912 -4.2795 3.9100
v -7.0912 -4.0595 3.9600
v -7.0912 -3.8695 4.0300
v -7.1012 -3.6295 4.1200
v -7.1012 -3.3895 4.1800
v -7.1012 -3.1695 4.2400
v -7.1012 -2.9895 4.2900
v -7.1012 -2.7595 4.3800
v -7.1012 -2.5295 4.4400
v -7.1112 -2.3195 4.5300
v -7.1112 -2.0995 4.6000
v -7.1112 -1.8895 4.6700
v -7.1112 -1.6695 4.7300
v -7.1112 -1.4395 4.8200
v -7.1212 -1.2095 4.8800
v -7.1212 -0.9895 4.9300
v -7.1212 -0.7595 5.0200
v -7.1212 -0.5395 5.1000
v -7.1212 -0.2995 5.1700
v -7.1312 -0.0995 5.2500
v -7.1312 0.1005 5.2900
v -7.1312 0.3305 5.3800
v -7.1312 0.5605 5.4400
v -7.1312 0.7705 5.5100
v -7.1412 1.0005 5.5900
v -7.1412 1.2205 5.6600
v -7.1412 1.4305 5.7300
v -7.1412 1.6605 5.7900
v -7.1412 1.8605 5.8800
v -7.1412 2.0705 5.9500
v -7.1512 2.3105 6.0200
v -7.1512 2.5105 6.0200
v -7.1512 2.7705 5.9400
v -7.1512 3.0505 5.8600
v -7.1612 3.3005 5.7900
v -6.8612 -6.0595 3.3900
v -6.8612 -5.8695 3.4700
v -6.8612 -5.6195 3.5100
v -6.8612 -5.4195 3.6200
v -6.8612 -5.2095 3.7000
v -6.8612 -4.9695 3.7400
v -6.8712 -4.7495 3.8500
v -6.8712 -4.5395 3.9000
v -6.8712 -4.3395 3.9600
v -6.8712 -4.1095 4.0400
v -6.8712 -3.8995 4.1100
v -6.8812 -3.6595 4.1800
v -6.8812 -3.4595 4.2500
v -6.8812 -3.2595 4.2900
v -6.8812 -3.0195 4.3700
v -6.8812 -2.7795 4.4600
v -6.8812 -2.5495 4.5100
v -6.8912 -2.3295 4.6000
v -6.8912 -2.1295 4.6900
v -6.8912 -1.8895 4.7400
v -6.8912 -1.6695 4.8200
v -6.8912 -1.4795 4.8700
v -6.9012 -1.2595 4.9600
v -6.9012 -1.0295 5.0000
v -6.9012 -0.7995 5.1000
v -6.9012 -0.5795 5.1700
v -6.9012 -0.3695 5.2400
v -6.9112 -0.1595 5.2900
v -6.9112 0.0905 5.3900
v -6.9112 0.3005 5.4300
v -6.9112 0.5105 5.4900
v -6.9112 0.7305 5.6100
v -6.9212 0.9505 5.6600
v -6.9212 1.1705 5.7500
v -6.9212 1.4005 5.8200
v -6.9212 1.6105 5.8800
v -6.9212 1.8505 5.9500
v -6.9212 2.0705 6.0500
v -6.9312 2.3005 6.0400
v -6.9312 2.5605 5.9400
v -6.9312 2.8305 5.8700
v -6.9312 3.0905 5.7600
v -6.9412 3.3205 5.7000
v -6.5312 -6.4795 3.3500
v -6.5312 -6.2795 3.4300
v -6.5312 -6.0895 3.5200
v -6.5312 -5.8695 3.5900
v -6.5412 -5.6295 3.6700
v -6.5412 -5.4295 3.7400
v -6.5412 -5.2195 3.8300
v -6.5412 -5.0195 3.8700
v -6.5412 -4.7795 3.9500
v -6.5412 -4.5395 4.0100
v -6.5512 -4.3195 4.1000
v -6.5512 -4.1095 4.1600
v -6.5512 -3.8595 4.2200
v -6.5512 -3.6395 4.3000
v -6.5512 -3.4095 4.3600
v -6.5612 -3.2095 4.4200
v -6.5612 -2.9895 4.5100
v -6.5612 -2.7795 4.5900
v -6.5612 -2.5595 4.6500
v -6.5612 -2.3295 4.7000
v -6.5712 -2.0895 4.7900
v -6.5712 -1.8795 4.8500
v -6.5712 -1.6695 4.9300
v -6.5712 -1.4495 4.9900
v -6.5712 -1.2295 5.0800
v -6.5812 -1.0095 5.1600
v -6.5812 -0.7895 5.2200
v -6.5812 -0.5795 5.2900
v -6.5812 -0.3495 5.3500
v -6.5812 -0.1295 5.4300
v -6.5912 0.0905 5.5000
v -6.5912 0.3205 5.5500
v -6.5912 0.5405 5.6600
v -6.5912 0.7705 5.7200
v -6.5912 1.0005 5.7900
v -6.5912 1.2205 5.8600
v -6.6012 1.4305 5.9300
v -6.6012 1.6505 5.9900
v -6.6012 1.8805 6.0400
v -6.6012 2.1405 5.9700
v -6.6012 2.3905 5.9000
v -6.6112 2.6405 5.7800
v -6.6112 2.9105 5.7000
v -6.6112 3.1505 5.6500
v -6.6112 3.4105 5.5200
v -6.2412 -6.8795 3.3300
v -6.2412 -6.6495 3.3900
v -6.2412 -6.4495 3.4900
v -6.2412 -6.2195 3.5500
v -6.2412 -5.9995 3.6400
v -6.2412 -5.7795 3.7300
v -6.2512 -5.5495 3.8000
v -6.2512 -5.3195 3.8800
v -6.2512 -5.0995 3.9500
v -6.2512 -4.8695 4.0100
v -6.2512 -4.6595 4.0900
v -6.2612 -4.4495 4.1300
v -6.2612 -4.2395 4.2200
v -6.2612 -3.9995 4.2900
v -6.2612 -3.7895 4.3700
v -6.2612 -3.5595 4.4500
v -6.2712 -3.3495 4.5000
v -6.2712 -3.1495 4.5600
v -6.2712 -2.9095 4.6500
v -6.2712 -2.6895 4.7000
v -6.2712 -2.4695 4.7800
v -6.2712 -2.2395 4.8400
v -6.2812 -2.0495 4.9300
v -6.2812 -1.8195 4.9900
v -6.2812 -1.5695 5.0600
v -6.2812 -1.3695 5.1500
v -6.2812 -1.1395 5.1900
v -6.2912 -0.9095 5.2700
v -6.2912 -0.6795 5.3500
v -6.2912 -0.4595 5.4300
v -6.2912 -0.2595 5.4800
v -6.2912 -0.0195 5.5600
v -6.3012 0.2005 5.6200
v -6.3012 0.4105 5.7000
v -6.3012 0.6505 5.7800
v -6.3012 0.8705 5.8400
v -6.3012 1.0805 5.9300
v -6.3112 1.3005 6.0200
v -6.3112 1.5205 6.0500
v -6.3112 1.7805 5.9500
v -6.3112 2.0305 5.8900
v -6.3112 2.3005 5.8100
v -6.3212 2.5605 5.7400
v -6.3212 2.8205 5.6200
v -6.3212 3.0905 5.5400
v -6.3212 3.3605 5.4400
v -6.0512 -7.1095 3.3300
v -6.0612 -6.8695 3.4200
v -6.0612 -6.6695 3.5000
v -6.0612 -6.4495 3.5600
v -6.0612 -6.2295 3.6500
v -6.0612 -6.0095 3.7000
v -6.0712 -5.8195 3.7900
v -6.0712 -5.5895 3.8500
v -6.0712 -5.3595 3.9200
v -6.0712 -5.1195 4.0100
v -6.0712 -4.9295 4.0700
v -6.0712 -4.7195 4.1400
v -6.0812 -4.4695 4.2200
v -6.0812 -4.2595 4.2800
v -6.0812 -4.0495 4.3400
v -6.0812 -3.8195 4.4100
v -6.0812 -3.6195 4.5000
v -6.0912 -3.3795 4.5600
v -6.0912 -3.1495 4.6400
v -6.0912 -2.9495 4.6800
v -6.0912 -2.7095 4.7500
v -6.0912 -2.4695 4.8400
v -6.1012 -2.2595 4.9100
v -6.1012 -2.0295 4.9900
v -6.1012 -1.8095 5.0700
v -6.1012 -1.5695 5.1300
v -6.1012 -1.3795 5.1800
v -6.1112 -1.1595 5.2700
v -6.1112 -0.9195 5.3300
v -6.1112 -0.6995 5.4300
v -6.1112 -0.4895 5.4900
v -6.1112 -0.2495 5.5600
v -6.1112 -0.0495 5.6100
v -6.1212 0.1905 5.7100
v -6.1212 0.4005 5.7600
v -6.1212 0.6305 5.8400
v -6.1212 0.8505 5.9100
v -6.1212 1.0905 5.9900
v -6.1312 1.3205 6.0700
v -6.1312 1.5805 5.9700
v -6.1312 1.8205 5.8900
v -6.1312 2.0805 5.8100
v -6.1412 2.3405 5.7400
v -6.1412 2.5805 5.6600
v -6.1412 2.7905 5.5700
v -6.1412 3.0505 5.5000
v -6.1412 3.3205 5.4200
v -5.9112 -7.1395 3.3600
v -5.9112 -6.9295 3.4300
v -5.9212 -6.6895 3.5700
v -5.9212 -6.4695 3.6200
v -5.9212 -6.2695 3.6900
v -5.9212 -6.0595 3.7800
v -5.9212 -5.8295 3.8300
v -5.9212 -5.6095 3.9100
v -5.9312 -5.3895 3.9900
v -5.9312 -5.1895 4.0300
v -5.9312 -4.9495 4.1200
v -5.9312 -4.7095 4.2000
v -5.9312 -4.5095 4.2600
v -5.9412 -4.2895 4.3400
v -5.9412 -4.0595 4.4200
v -5.9412 -3.8195 4.4700
v -5.9412 -3.5995 4.5300
v -5.9412 -3.3895 4.6100
v -5.9512 -3.1495 4.6900
v -5.9512 -2.9295 4.7600
v -5.9512 -2.7095 4.7800
v -5.9512 -2.4895 4.8900
v -5.9512 -2.2695 4.9700
v -5.9612 -2.0395 5.0400
v -5.9612 -1.8095 5.1000
v -5.9612 -1.6095 5.1600
v -5.9612 -1.3895 5.2500
v -5.9612 -1.1695 5.3300
v -5.9712 -0.9395 5.3700
v -5.9712 -0.6995 5.4800
v -5.9712 -0.4895 5.5400
v -5.9712 -0.2395 5.6000
v -5.9712 -0.0095 5.6900
v -5.9712 0.2105 5.7600
v -5.9812 0.4205 5.8200
v -5.9812 0.6205 5.9000
v -5.9812 0.8505 5.9600
v -5.9812 1.0605 6.0200
v -5.9812 1.2805 6.0400
v -5.9912 1.5205 5.9300
v -5.9912 1.7905 5.8500
v -5.9912 2.0505 5.7700
v -5.9912 2.2705 5.6900
v -5.9912 2.4905 5.6100
v -6.0012 2.7905 5.5200
v -6.0012 3.0505 5.4400
v -6.0012 3.2905 5.3600
v -5.7112 -7.3595 3.4300
v -5.7112 -7.1295 3.4700
v -5.7112 -6.9195 3.5500
v -5.7212 -6.6795 3.6400
v -5.7212 -6.4395 3.7000
v -5.7212 -6.2495 3.7600
v -5.7212 -6.0295 3.8500
v -5.7212 -5.7695 3.9100
v -5.7212 -5.5395 3.9600
v -5.7312 -5.3395 4.0500
v -5.7312 -5.1095 4.1400
v -5.7312 -4.8795 4.2000
v -5.7312 -4.6695 4.2800
v -5.7312 -4.4595 4.3500
v -5.7412 -4.2295 4.4000
v -5.7412 -3.9895 4.4400
v -5.7412 -3.7795 4.5500
v -5.7412 -3.5495 4.6300
v -5.7412 -3.3395 4.6800
v -5.7512 -3.1295 4.7500
v -5.7512 -2.8895 4.8200
v -5.7512 -2.6595 4.9100
v -5.7512 -2.4495 4.9700
v -5.7512 -2.2095 5.0300
v -5.7612 -1.9795 5.1200
v -5.7612 -1.7495 5.2000
v -5.7612 -1.5195 5.2600
v -5.7612 -1.3295 5.3300
v -5.7612 -1.0995 5.4100
v -5.7712 -0.8795 5.4700
v -5.7712 -0.6895 5.5500
v -5.7712 -0.4895 5.5900
v -5.7712 -0.2395 5.6800
v -5.7712 -0.0295 5.7700
v -5.7712 0.1805 5.7900
v -5.7812 0.3805 5.9000
v -5.7812 0.6005 5.9600
v -5.7812 0.8305 6.0400
v -5.7812 1.0805 6.0300
v -5.7812 1.3105 5.9400
v -5.7912 1.5605 5.8400
v -5.7912 1.8005 5.7800
v -5.7912 2.0805 5.6800
v -5.7912 2.3005 5.6300
v -5.7912 2.5505 5.5300
v -5.8012 2.8305 5.4400
v -5.8012 3.0705 5.3700
v -5.8012 3.3205 5.2700
v -5.4812 -7.7795 3.3000
v -5.4912 -7.6095 3.4000
v -5.4912 -7.3595 3.5000
v -5.4912 -7.1195 3.5700
v -5.4912 -6.8995 3.6500
v -5.4912 -6.6895 3.7200
v -5.5012 -6.4495 3.7900
v -5.5012 -6.2095 3.8500
v -5.5012 -6.0195 3.9200
v -5.5012 -5.7895 3.9900
v -5.5012 -5.5695 4.0400
v -5.5012 -5.3395 4.1400
v -5.5112 -5.1295 4.1900
v -5.5112 -4.8995 4.2700
v -5.5112 -4.6895 4.3400
v -5.5112 -4.4595 4.4300
v -5.5112 -4.2395 4.4700
v -5.5212 -4.0095 4.5500
v -5.5212 -3.7895 4.6300
v -5.5212 -3.5595 4.7000
v -5.5212 -3.3195 4.7700
v -5.5212 -3.0895 4.8500
v -5.5312 -2.8695 4.9000
v -5.5312 -2.6595 4.9800
v -5.5312 -2.4395 5.0500
v -5.5312 -2.2295 5.1100
v -5.5312 -2.0195 5.1900
v -5.5412 -1.8195 5.2600
v -5.5412 -1.5895 5.3400
v -5.5412 -1.3695 5.4000
v -5.5412 -1.1895 5.4700
v -5.5412 -0.9595 5.5100
v -5.5412 -0.7495 5.6100
v -5.5512 -0.5195 5.6800
v -5.5512 -0.2795 5.7500
v -5.5512 -0.0895 5.8000
v -5.5512 0.1305 5.8900
v -5.5512 0.3505 5.9600
v -5.5612 0.5505 6.0400
v -5.5612 0.8005 6.0300
v -5.5612 1.0705 5.9300
v -5.5612 1.3205 5.8500
v -5.5612 1.5505 5.8000
v -5.5712 1.8105 5.7200
v -5.5712 2.0705 5.6100
v -5.5712 2.3505 5.5200
v -5.5712 2.6005 5.4700
v -5.5712 2.8405 5.3800
v -5.5812 3.1105 5.2900
v -5.5812 3.3605 5.2000
v -5.2712 -7.9695 3.2700
v -5.2712 -7.7595 3.4000
v -5.2812 -7.5695 3.5100
v -5.2812 -7.3495 3.5700
v -5.2812 -7.1095 3.6400
v -5.2812 -6.8795 3.7100
v -5.2812 -6.6895 3.7800
v -5.2812 -6.4395 3.8500
v -5.2912 -6.2195 3.9300
v -5.2912 -5.9995 4.0100
v -5.2912 -5.8095 4.0600
v -5.2912 -5.5695 4.1500
v -5.2912 -5.3295 4.2000
v -5.3012 -5.0995 4.2800
v -5.3012 -4.8695 4.3400
v -5.3012 -4.6495 4.4400
v -5.3012 -4.4095 4.5100
v -5.3012 -4.1995 4.5600
v -5.3112 -4.0095 4.6500
v -5.3112 -3.7895 4.7100
v -5.3112 -3.5695 4.7800
v -5.3112 -3.3495 4.8400
v -5.3112 -3.1295 4.9200
v -5.3212 -2.9195 4.9600
v -5.3212 -2.7095 5.0500
v -5.3212 -2.4995 5.1100
v -5.3212 -2.2895 5.1500
v -5.3212 -2.0595 5.2600
v -5.3212 -1.8395 5.3400
v -5.3312 -1.6095 5.3800
v -5.3312 -1.4195 5.4800
v -5.3312 -1.1895 5.5400
v -5.3312 -0.9595 5.5900
v -5.3312 -0.7495 5.6700
v -5.3412 -0.5195 5.7600
v -5.3412 -0.3095 5.8300
v -5.3412 -0.1095 5.8900
v -5.3412 0.1305 5.9400
v -5.3412 0.3505 6.0300
v -5.3512 0.6105 6.0200
v -5.3512 0.8705 5.9200
v -5.3512 1.1105 5.8400
v -5.3512 1.3805 5.7600
v -5.3512 1.6205 5.6900
v -5.3612 1.8705 5.5900
v -5.3612 2.1005 5.5200
v -5.3612 2.3705 5.4500
v -5.3612 2.6405 5.3500
v -5.3712 2.9005 5.2400
v -5.3712 3.1305 5.1700
v -5.3712 3.3905 5.1300
v -5.0412 -8.1095 3.3800
v -5.0412 -7.9195 3.4800
v -5.0512 -7.6695 3.5600
v -5.0512 -7.4595 3.6300
v -5.0512 -7.2395 3.7000
v -5.0512 -7.0095 3.7700
v -5.0512 -6.7695 3.8600
v -5.0612 -6.5395 3.9000
v -5.0612 -6.3095 3.9800
v -5.0612 -6.0895 4.0500
v -5.0612 -5.8695 4.1300
v -5.0612 -5.6595 4.2000
v -5.0712 -5.4495 4.2600
v -5.0712 -5.2495 4.3300
v -5.0712 -5.0295 4.4000
v -5.0712 -4.7895 4.4500
v -5.0712 -4.5795 4.5400
v -5.0712 -4.3895 4.6200
v -5.0812 -4.1695 4.6700
v -5.0812 -4.1495 5.6000
v -5.0812 -3.9595 4.7200
v -5.0812 -3.7295 4.8200
v -5.0812 -3.4995 4.8800
v -5.0812 -3.2895 4.9400
v -5.0912 -3.0795 5.0000
v -5.0912 -2.8695 5.1100
v -5.0912 -2.6395 5.1500
v -5.0912 -2.4495 5.2200
v -5.0912 -2.1895 5.2900
v -5.1012 -1.9795 5.3500
v -5.1012 -1.7795 5.4500
v -5.1012 -1.5695 5.5200
v -5.1012 -1.3395 5.6000
v -5.1012 -1.0895 5.6500
v -5.1112 -0.8595 5.7400
v -5.1112 -0.6495 5.7700
v -5.1112 -0.4195 5.8700
v -5.1112 -0.1895 5.9200
v -5.1112 0.0005 6.0400
v -5.1112 0.2005 6.0700
v -5.1212 0.4805 5.9700
v -5.1212 0.7505 5.8800
v -5.1212 1.0305 5.7900
v -5.1212 1.2505 5.7100
v -5.1312 1.4805 5.6600
v -5.1312 1.7505 5.5500
v -5.1312 2.0005 5.4900
v -5.1312 2.2505 5.3900
v -5.1312 2.5005 5.3000
v -5.1412 2.7505 5.2500
v -5.1412 3.0205 5.1400
v -5.1412 3.2805 5.0700
v -4.7912 -8.3995 3.4200
v -4.7912 -8.1895 3.4900
v -4.7912 -7.9395 3.5500
v -4.8012 -7.6995 3.6300
v -4.8012 -7.4995 3.7000
v -4.8012 -7.2995 3.7600
v -4.8012 -7.0695 3.8200
v -4.8012 -6.8695 3.8900
v -4.8112 -6.6495 3.9500
v -4.8112 -6.4295 4.0400
v -4.8112 -6.2195 4.1000
v -4.8112 -6.0095 4.1600
v -4.8112 -5.7995 4.2300
v -4.8112 -5.5795 4.3100
v -4.8212 -5.3595 4.3700
v -4.8212 -5.1495 4.4500
v -4.8212 -4.9095 4.5100
v -4.8212 -4.6895 4.5600
v -4.8212 -4.4895 4.6400
v -4.8312 -4.2695 4.7200
v -4.8312 -4.0595 4.8100
v -4.8312 -3.8195 4.8700
v -4.8312 -3.6195 4.9500
v -4.8312 -3.4095 4.9900
v -4.8312 -3.4795 6.5000
v -4.8312 -3.2895 6.8200
v -4.8412 -2.9295 5.1200
v -4.8412 -2.7195 5.2200
v -4.8412 -2.4895 5.2800
v -4.8412 -2.2795 5.3600
v -4.8412 -2.0395 5.4300
v -4.8512 -1.8295 5.4800
v -4.8512 -1.6295 5.5900
v -4.8512 -1.4095 5.6200
v -4.8512 -1.1895 5.7400
v -4.8512 -0.9495 5.7700
v -4.8612 -0.7195 5.8600
v -4.8612 -0.5195 5.9300
v -4.8612 -0.2995 6.0200
v -4.8612 -0.0595 6.0500
v -4.8612 0.1705 5.9700
v -4.8712 0.4205 5.8700
v -4.8712 0.6805 5.8100
v -4.8712 0.9305 5.7000
v -4.8712 1.1805 5.6400
v -4.8712 1.4305 5.5600
v -4.8812 1.6705 5.4900
v -4.8812 1.9605 5.4100
v -4.8812 2.2205 5.3100
v -4.8812 2.4605 5.2500
v -4.8912 2.7305 5.1400
v -4.8912 3.0005 5.0600
v -4.8912 3.2605 4.9700
v -4.5912 -8.6595 3.3700
v -4.5912 -8.4495 3.4400
v -4.5912 -8.2095 3.5500
v -4.5912 -8.0095 3.6000
v -4.6012 -7.7895 3.6900
v -4.6012 -7.5895 3.7400
v -4.6012 -7.3695 3.8100
v -4.6012 -7.1395 3.9000
v -4.6012 -6.9095 3.9300
v -4.6012 -6.7095 4.0000
v -4.6112 -6.4895 4.1000
v -4.6112 -6.2695 4.1600
v -4.6112 -6.0495 4.2300
v -4.6112 -5.8495 4.2800
v -4.6112 -5.5995 4.3600
v -4.6212 -5.3895 4.4200
v -4.6212 -5.1795 4.4900
v -4.6212 -4.9495 4.5400
v -4.6212 -4.7395 4.6400
v -4.6212 -4.4995 4.7200
v -4.6312 -4.2695 4.7800
v -4.6312 -4.0595 4.8500
v -4.6312 -3.8295 4.9200
v -4.6312 -3.6295 5.0100
v -4.6312 -3.4295 5.1100
v -4.6312 -3.4995 6.5200
v -4.6312 -3.3095 6.8000
v -4.6412 -3.1595 7.2200
v -4.6412 -2.7395 5.2900
v -4.6412 -2.5095 5.3500
v -4.6412 -2.2995 5.4300
v -4.6412 -2.0895 5.4700
v -4.6512 -1.8595 5.5600
v -4.6512 -1.6495 5.6400
v -4.6512 -1.4295 5.7100
v -4.6512 -1.2195 5.7700
v -4.6512 -0.9995 5.8500
v -4.6612 -0.7695 5.9200
v -4.6612 -0.5495 6.0000
v -4.6612 -0.3295 6.0400
v -4.6612 -0.0795 5.9800
v -4.6612 0.1905 5.9000
v -4.6712 0.4605 5.8000
v -4.6712 0.7005 5.7200
v -4.6712 0.9605 5.6400
v -4.6712 1.2305 5.5700
v -4.6812 1.4705 5.4500
v -4.6812 1.7205 5.3900
v -4.6812 1.9705 5.3400
v -4.6812 2.2505 5.2200
v -4.6812 2.4805 5.1600
v -4.6912 2.7505 5.0600
v -4.6912 2.9805 4.9800
v -4.6912 3.2505 4.9200
v -4.4112 -8.8695 3.3600
v -4.4112 -8.6495 3.4500
v -4.4112 -8.4195 3.5400
v -4.4112 -8.2095 3.5900
v -4.4212 -7.9995 3.6700
v -4.4212 -7.7995 3.7500
v -4.4212 -7.5695 3.8300
v -4.4212 -7.3595 3.9000
v -4.4212 -7.1195 3.9600
v -4.4212 -6.9195 4.0200
v -4.4312 -6.7195 4.0900
v -4.4312 -6.4695 4.1500
v -4.4312 -6.2395 4.2200
v -4.4312 -6.0195 4.3100
v -4.4312 -5.7895 4.3500
v -4.4412 -5.5795 4.4400
v -4.4412 -5.3295 4.5200
v -4.4412 -5.1295 4.5800
v -4.4412 -4.9195 4.6300
v -4.4412 -4.7095 4.7000
v -4.4512 -4.4695 4.8000
v -4.4512 -4.2595 4.8500
v -4.4512 -4.0295 4.9400
v -4.4512 -3.8195 5.0100
v -4.4512 -3.5995 5.0800
v -4.4512 -3.3995 5.2500
v -4.4512 -3.4695 6.6300
v -4.4612 -3.2895 6.8700
v -4.4612 -2.9495 5.2500
v -4.4612 -2.7195 5.3600
v -4.4612 -2.5095 5.4100
v -4.4612 -2.2895 5.4800
v -4.4712 -2.0595 5.5700
v -4.4712 -1.8495 5.6300
v -4.4712 -1.6295 5.7200
v -4.4712 -1.3895 5.7800
v -4.4712 -1.1695 5.8700
v -4.4812 -0.9495 5.9200
v -4.4812 -0.7295 6.0300
v -4.4812 -0.4795 6.0300
v -4.4812 -0.2595 5.9500
v -4.4812 0.0005 5.8700
v -4.4912 0.2705 5.8100
v -4.4912 0.5105 5.7100
v -4.4912 0.7705 5.6300
v -4.4912 1.0305 5.5600
v -4.5012 1.2805 5.4900
v -4.5012 1.5305 5.4000
v -4.5012 1.7805 5.3200
v -4.5012 2.0505 5.2300
v -4.5012 2.3205 5.1500
v -4.5112 2.5905 5.0800
v -4.5112 2.8405 4.9500
v -4.5112 3.1205 4.8900
v -4.5112 3.3705 4.8200
v -4.1612 -9.1995 3.3400
v -4.1612 -8.9695 3.4100
v -4.1612 -8.7695 3.5400
v -4.1712 -8.5295 3.6000
v -4.1712 -8.3395 3.6600
v -4.1712 -8.1195 3.7200
v -4.1712 -7.8895 3.8000
v -4.1712 -7.6495 3.8600
v -4.1812 -7.4295 3.9500
v -4.1812 -7.2295 4.0300
v -4.1812 -6.9895 4.1100
v -4.1812 -6.7595 4.1800
v -4.1812 -6.5495 4.2200
v -4.1812 -6.3495 4.2600
v -4.1912 -6.1295 4.3700
v -4.1912 -5.8895 4.4300
v -4.1912 -5.6695 4.5000
v -4.1912 -5.4595 4.5800
v -4.1912 -5.2195 4.6500
v -4.2012 -4.9995 4.7000
v -4.2012 -4.7795 4.7800
v -4.2012 -4.5795 4.8500
v -4.2012 -4.3595 4.9200
v -4.2012 -4.1395 4.9800
v -4.2112 -3.9195 5.0600
v -4.2112 -3.6995 5.1400
v -4.2112 -3.4695 5.1900
v -4.2112 -3.2695 5.2900
v -4.2112 -3.3595 6.9300
v -4.2112 -3.0295 5.3600
v -4.2212 -2.7995 5.4100
v -4.2212 -2.5795 5.5000
v -4.2212 -2.3695 5.5600
v -4.2212 -2.1195 5.6400
v -4.2212 -1.8995 5.7000
v -4.2212 -1.7095 5.7600
v -4.2312 -1.4995 5.8500
v -4.2312 -1.2395 5.9200
v -4.2312 -1.0095 5.9900
v -4.2312 -0.8295 6.0700
v -4.2312 -0.5495 5.9800
v -4.2412 -0.2995 5.9000
v -4.2412 -0.0395 5.8300
v -4.2412 0.2005 5.7200
v -4.2412 0.4605 5.6600
v -4.2412 0.7305 5.5900
v -4.2512 1.0005 5.4700
v -4.2512 1.2605 5.3900
v -4.2512 1.5205 5.3100
v -4.2512 1.7905 5.2200
v -4.2612 2.0305 5.1700
v -4.2612 2.2705 5.0800
v -4.2612 2.5105 5.0000
v -4.2612 2.7605 4.9300
v -4.2612 3.0005 4.8200
v -4.2712 3.2705 4.7600
v -3.8312 -9.6095 3.3300
v -3.8312 -9.3795 3.3800
v -3.8312 -9.1695 3.5200
v -3.8312 -8.9495 3.6100
v -3.8412 -8.6895 3.6600
v -3.8412 -8.4895 3.7300
v -3.8412 -8.2695 3.8000
v -3.8412 -8.0595 3.8600
v -3.8412 -7.8195 3.9300
v -3.8512 -7.6195 4.0000
v -3.8512 -7.4095 4.0700
v -3.8512 -7.1695 4.1400
v -3.8512 -6.9295 4.2300
v -3.8512 -6.7195 4.2700
v -3.8512 -6.5195 4.3500
v -3.8612 -6.2895 4.4300
v -3.8612 -6.0695 4.4900
v -3.8612 -5.8695 4.5700
v -3.8612 -5.6395 4.6300
v -3.8612 -5.4295 4.6800
v -3.8712 -5.1895 4.7700
v -3.8712 -4.9595 4.8300
v -3.8712 -4.7495 4.9100
v -3.8712 -4.5395 4.9700
v -3.8712 -4.2795 5.0400
v -3.8812 -4.0495 5.1200
v -3.8812 -3.8595 5.2000
v -3.8812 -3.6295 5.2600
v -3.8812 -3.3895 5.3300
v -3.8812 -3.1695 5.3900
v -3.8912 -2.9695 5.4700
v -3.8912 -2.7595 5.5500
v -3.8912 -2.5195 5.6400
v -3.8912 -2.2995 5.6900
v -3.8912 -2.0695 5.7700
v -3.9012 -1.8695 5.8200
v -3.9012 -1.6495 5.9200
v -3.9012 -1.4295 5.9800
v -3.9012 -1.1995 6.0700
v -3.9012 -0.9795 6.1600
v -3.9012 -0.7195 6.0900
v -3.9112 -0.4395 5.9900
v -3.9112 -0.1695 5.9000
v -3.9112 0.0805 5.7800
v -3.9112 0.3205 5.7100
v -3.9212 0.5805 5.6300
v -3.9212 0.8205 5.5400
v -3.9212 1.0705 5.4200
v -3.9212 1.3105 5.3200
v -3.9212 1.5805 5.2200
v -3.9312 1.8305 5.1600
v -3.9312 2.0605 5.0700
v -3.9312 2.3105 4.9700
v -3.9312 2.5405 4.8900
v -3.9412 2.8305 4.7500
v -3.9412 3.1005 4.6900
v -3.9412 3.3305 4.5900
v -3.5412 -9.9395 3.3100
v -3.5412 -9.7495 3.3800
v -3.5512 -9.5395 3.5000
v -3.5512 -9.3295 3.5700
v -3.5512 -9.0895 3.6300
v -3.5512 -8.8795 3.7100
v -3.5512 -8.6495 3.7900
v -3.5612 -8.4195 3.8500
v -3.5612 -8.2195 3.9100
v -3.5612 -7.9795 3.9800
v -3.5612 -7.7795 4.0500
v -3.5612 -7.5695 4.1300
v -3.5712 -7.3295 4.1900
v -3.5712 -7.1495 4.2500
v -3.5712 -6.9095 4.3300
v -3.5712 -6.6695 4.3900
v -3.5712 -6.4495 4.4600
v -3.5812 -6.2195 4.5200
v -3.5812 -6.0195 4.6300
v -3.5812 -5.7695 4.6800
v -3.5812 -5.5595 4.7600
v -3.5812 -5.3195 4.8300
v -3.5812 -5.1095 4.9100
v -3.5912 -4.8995 4.9900
v -3.5912 -4.6795 5.0200
v -3.5912 -4.4395 5.1000
v -3.5912 -4.2195 5.1900
v -3.5912 -4.0095 5.2200
v -3.6012 -3.7695 5.3000
v -3.6012 -3.5595 5.3800
v -3.6012 -3.3395 5.4800
v -3.6012 -3.1295 5.5200
v -3.6012 -2.8895 5.5900
v -3.6112 -2.6595 5.6700
v -3.6112 -2.4395 5.7500
v -3.6112 -2.2195 5.8100
v -3.6112 -1.9795 5.9000
v -3.6112 -1.7495 5.9700
v -3.6212 -1.5495 6.0500
v -3.6212 -1.3495 6.1100
v -3.6212 -1.1195 6.1900
v -3.6212 -0.9095 6.2700
v -3.6212 -0.6895 6.1500
v -3.6212 -0.4095 6.0300
v -3.6312 -0.1595 5.9700
v -3.6312 0.0905 5.8700
v -3.6312 0.3305 5.7900
v -3.6312 0.5705 5.7100
v -3.6412 0.8405 5.6100
v -3.6412 1.1205 5.5100
v -3.6412 1.3505 5.4000
v -3.6412 1.6105 5.3200
v -3.6412 1.8505 5.2300
v -3.6512 2.1205 5.1500
v -3.6512 2.3505 5.0500
v -3.6512 2.6305 4.9400
v -3.6512 2.8805 4.8200
v -3.6612 3.1205 4.7600
v -3.6612 3.3905 4.6500
v -3.3612 -10.1495 3.3600
v -3.3712 -9.9595 3.4100
v -3.3712 -9.7395 3.5100
v -3.3712 -9.5095 3.5700
v -3.3712 -9.2895 3.6700
v -3.3712 -9.0895 3.7200
v -3.3812 -8.8495 3.7800
v -3.3812 -8.6495 3.8500
v -3.3812 -8.4095 3.9200
v -3.3812 -8.1795 3.9900
v -3.3812 -7.9695 4.0700
v -3.3812 -7.7395 4.1500
v -3.3912 -7.5095 4.1900
v -3.3912 -7.2695 4.2500
v -3.3912 -7.0695 4.3500
v -3.3912 -6.8395 4.4200
v -3.3912 -6.6095 4.4900
v -3.4012 -6.3895 4.5400
v -3.4012 -6.1995 4.6200
v -3.4012 -5.9795 4.6900
v -3.4012 -5.7295 4.7800
v -3.4012 -5.5195 4.8200
v -3.4112 -5.2995 4.9300
v -3.4112 -5.0995 4.9700
v -3.4112 -4.8495 5.0600
v -3.4112 -4.6295 5.1200
v -3.4112 -4.3995 5.1800
v -3.4112 -4.1995 5.2700
v -3.4212 -3.9595 5.3400
v -3.4212 -3.7195 5.4100
v -3.4212 -3.4795 5.4700
v -3.4212 -3.2595 5.5300
v -3.4312 -3.0595 5.6200
v -3.4312 -2.8395 5.7000
v -3.4312 -2.6195 5.7500
v -3.4312 -2.4195 5.8400
v -3.4312 -2.2195 5.8900
v -3.4312 -1.9695 5.9600
v -3.4412 -1.7595 6.0400
v -3.4412 -1.5495 6.1000
v -3.4412 -1.3595 6.1600
v -3.4412 -1.1495 6.2500
v -3.4412 -0.9195 6.3500
v -3.4512 -0.6495 6.1900
v -3.4512 -0.3895 6.1000
v -3.4512 -0.1595 6.0400
v -3.4512 0.1105 5.9100
v -3.4512 0.3705 5.8300
v -3.4612 0.6005 5.7300
v -3.4612 0.8705 5.6300
v -3.4612 1.1205 5.5700
v -3.4612 1.3705 5.4600
v -3.4712 1.6405 5.3200
v -3.4712 1.9005 5.2500
v -3.4712 2.1805 5.1500
v -3.4712 2.4305 5.0600
v -3.4712 2.6805 4.9600
v -3.4812 2.9405 4.8800
v -3.4812 3.2005 4.7700
v -3.2112 -10.2695 3.4000
v -3.2112 -10.0395 3.4300
v -3.2212 -9.8095 3.5400
v -3.2212 -9.5795 3.5900
v -3.2212 -9.3595 3.6700
v -3.2212 -9.1395 3.7500
v -3.2212 -8.9095 3.8200
v -3.2312 -8.6895 3.8700
v -3.2312 -8.4595 3.9500
v -3.2312 -8.2395 4.0300
v -3.2312 -8.0395 4.0800
v -3.2312 -7.8095 4.1600
v -3.2412 -7.5795 4.2300
v -3.2412 -7.3595 4.3100
v -3.2412 -7.1595 4.3600
v -3.2412 -6.8995 4.4600
v -3.2412 -6.6895 4.5300
v -3.2512 -6.4795 4.6000
v -3.2512 -6.2695 4.6400
v -3.2512 -6.0195 4.7200
v -3.2512 -5.7895 4.8000
v -3.2512 -5.5595 4.8700
v -3.2612 -5.3495 4.9400
v -3.2612 -5.0995 5.0200
v -3.2612 -4.8695 5.1000
v -3.2612 -4.6595 5.1500
v -3.2612 -4.4595 5.2400
v -3.2612 -4.2295 5.3000
v -3.2712 -4.0195 5.3700
v -3.2712 -3.8195 5.4400
v -3.2712 -3.5895 5.4700
v -3.2712 -3.3795 5.5600
v -3.2712 -3.1695 5.6400
v -3.2812 -2.9495 5.7000
v -3.2812 -2.7495 5.7500
v -3.2812 -2.5195 5.8600
v -3.2812 -2.2995 5.9200
v -3.2812 -2.0695 5.9700
v -3.2812 -1.8795 6.0700
v -3.2912 -1.6695 6.1100
v -3.2912 -1.4395 6.1900
v -3.2912 -1.2195 6.2500
v -3.2912 -0.9995 6.3700
v -3.2912 -0.7695 6.3100
v -3.3012 -0.5295 6.1700
v -3.3012 -0.2395 6.1100
v -3.3012 0.0205 6.0100
v -3.3012 0.2805 5.8800
v -3.3112 0.5605 5.7600
v -3.3112 0.8205 5.7100
v -3.3112 1.0805 5.5900
v -3.3112 1.3005 5.5300
v -3.3112 1.5505 5.4600
v -3.3212 1.8105 5.3400
v -3.3212 2.0705 5.2600
v -3.3212 2.3305 5.1400
v -3.3212 2.6005 5.0400
v -3.3212 2.8505 4.9800
v -3.3312 3.1005 4.8900
v -3.3312 3.3605 4.7600
v -3.0012 -10.4695 3.3500
v -3.0012 -10.2695 3.4300
v -3.0012 -10.0395 3.5300
v -3.0012 -9.8095 3.5800
v -3.0012 -9.5995 3.6600
v -3.0112 -9.3895 3.7400
v -3.0112 -9.1795 3.8200
v -3.0112 -8.9595 3.8900
v -3.0112 -8.7195 3.9700
v -3.0112 -8.4895 4.0200
v -3.0212 -8.2895 4.1100
v -3.0212 -8.0595 4.1800
v -3.0212 -7.8395 4.2400
v -3.0212 -7.6095 4.3100
v -3.0212 -7.3895 4.4000
v -3.0312 -7.1595 4.4800
v -3.0312 -6.9195 4.5100
v -3.0312 -6.6895 4.6000
v -3.0312 -6.4695 4.6900
v -3.0312 -6.2595 4.7500
v -3.0312 -6.0395 4.8100
v -3.0412 -5.8195 4.8300
v -3.0412 -5.6195 4.9500
v -3.0412 -5.4195 4.9900
v -3.0412 -5.1795 5.0800
v -3.0412 -4.9695 5.1400
v -3.0512 -4.7595 5.1900
v -3.0512 -4.5595 5.2800
v -3.0512 -4.3395 5.3300
v -3.0512 -4.1095 5.4300
v -3.0512 -3.8695 5.5000
v -3.0612 -3.6795 5.5700
v -3.0612 -3.4595 5.6100
v -3.0612 -3.2395 5.7000
v -3.0612 -3.0095 5.7500
v -3.0612 -2.7995 5.8400
v -3.0612 -2.5995 5.9100
v -3.0712 -2.3595 5.9700
v -3.0712 -2.1495 6.0500
v -3.0712 -1.9195 6.1300
v -3.0712 -1.6995 6.1900
v -3.0712 -1.4595 6.2500
v -3.0812 -1.2295 6.3700
v -3.0812 -1.0295 6.4400
v -3.0812 -0.7995 6.3500
v -3.0812 -0.5495 6.2700
v -3.0812 -0.2695 6.1700
v -3.0912 -0.0195 6.0400
v -3.0912 0.2205 5.9800
v -3.0912 0.5005 5.9000
v -3.0912 0.7705 5.7800
v -3.0912 1.0205 5.7200
v -3.1012 1.2505 5.6000
v -3.1012 1.5205 5.4900
v -3.1012 1.7705 5.4500
v -3.1012 2.0205 5.3500
v -3.1112 2.2705 5.2500
v -3.1112 2.5205 5.1500
v -3.1112 2.7905 5.0500
v -3.1112 3.0605 4.9500
v -3.1112 3.3105 4.8700
v -2.7712 -10.6795 3.4000
v -2.7712 -10.4495 3.5000
v -2.7712 -10.2395 3.5600
v -2.7712 -9.9995 3.6300
v -2.7712 -9.7895 3.7000
v -2.7712 -9.5695 3.7700
v -2.7812 -9.3495 3.8300
v -2.7812 -9.1195 3.9000
v -2.7812 -8.8895 3.9700
v -2.7812 -8.6595 4.0400
v -2.7812 -8.4295 4.1300
v -2.7912 -8.1995 4.2100
v -2.7912 -7.9795 4.2800
v -2.7912 -7.7695 4.3300
v -2.7912 -7.5595 4.3900
v -2.7912 -7.3395 4.4900
v -2.8012 -7.1395 4.5300
v -2.8012 -6.9295 4.6100
v -2.8012 -6.6895 4.6800
v -2.8012 -6.4795 4.7500
v -2.8012 -6.2595 4.8000
v -2.8012 -6.0795 4.8600
v -2.8112 -5.8495 4.9400
v -2.8112 -5.6195 5.0300
v -2.8112 -5.3895 5.0900
v -2.8112 -5.1795 5.1600
v -2.8112 -4.9795 5.2300
v -2.8212 -4.7595 5.3200
v -2.8212 -4.5195 5.3500
v -2.8212 -4.3395 5.4300
v -2.8212 -4.0995 5.5300
v -2.8212 -3.8795 5.5600
v -2.8312 -3.6495 5.6300
v -2.8312 -3.4495 5.7300
v -2.8312 -3.2195 5.7600
v -2.8312 -2.9695 5.8300
v -2.8312 -2.7395 5.9400
v -2.8412 -2.5395 5.9900
v -2.8412 -2.3195 6.0800
v -2.8412 -2.0895 6.1300
v -2.8412 -1.8895 6.2000
v -2.8412 -1.6795 6.3100
v -2.8412 -1.4495 6.3600
v -2.8512 -1.2195 6.4300
v -2.8512 -0.9895 6.5100
v -2.8512 -0.7395 6.4200
v -2.8512 -0.5095 6.3300
v -2.8512 -0.2395 6.2100
v -2.8612 0.0105 6.1300
v -2.8612 0.2505 6.0600
v -2.8612 0.5205 5.9600
v -2.8612 0.7605 5.8800
v -2.8712 1.0205 5.7800
v -2.8712 1.3005 5.6900
v -2.8712 1.5405 5.5900
v -2.8712 1.8005 5.4900
v -2.8712 2.0705 5.3900
v -2.8812 2.3505 5.2900
v -2.8812 2.5905 5.2100
v -2.8812 2.8505 5.1100
v -2.8812 3.1205 4.9900
v -2.8912 3.3805 4.8900
v -2.5512 -10.9995 3.3400
v -2.5512 -10.7895 3.4500
v -2.5512 -10.5695 3.5100
v -2.5612 -10.3395 3.5900
v -2.5612 -10.1095 3.6600
v -2.5612 -9.8795 3.7400
v -2.5612 -9.6495 3.8300
v -2.5612 -9.4195 3.8800
v -2.5712 -9.1995 3.9500
v -2.5712 -8.9995 4.0000
v -2.5712 -8.7895 4.0900
v -2.5712 -8.5795 4.1600
v -2.5712 -8.3595 4.2100
v -2.5712 -8.1395 4.3100
v -2.5812 -7.9095 4.3600
v -2.5812 -7.7195 4.4200
v -2.5812 -7.4995 4.5000
v -2.5812 -7.2895 4.5700
v -2.5812 -7.0795 4.6200
v -2.5812 -6.8295 4.7000
v -2.5912 -6.6195 4.7800
v -2.5912 -6.3995 4.8500
v -2.5912 -6.1995 4.9400
v -2.5912 -5.9795 4.9700
v -2.5912 -5.7695 5.1100
v -2.6012 -5.5195 5.1200
v -2.6012 -5.3095 5.2100
v -2.6012 -5.0995 5.2400
v -2.6012 -4.8795 5.3300
v -2.6012 -4.6395 5.4200
v -2.6112 -4.4295 5.4700
v -2.6112 -4.1995 5.5400
v -2.6112 -3.9895 5.6100
v -2.6112 -3.7495 5.7100
v -2.6112 -3.5395 5.7600
v -2.6212 -3.3495 5.8400
v -2.6212 -3.1195 5.9100
v -2.6212 -2.8895 5.9900
v -2.6212 -2.6695 6.0600
v -2.6212 -2.4395 6.1300
v -2.6212 -2.2295 6.2200
v -2.6312 -2.0195 6.2700
v -2.6312 -1.7895 6.3800
v -2.6312 -1.5795 6.4300
v -2.6312 -1.3695 6.4900
v -2.6312 -1.1495 6.6200
v -2.6412 -0.9095 6.5800
v -2.6412 -0.6295 6.4300
v -2.6412 -0.3795 6.3500
v -2.6412 -0.1395 6.2700
v -2.6412 0.1405 6.1400
v -2.6512 0.4005 6.0600
v -2.6512 0.6505 5.9400
v -2.6512 0.9105 5.8500
v -2.6512 1.1705 5.7900
v -2.6612 1.4405 5.7000
v -2.6612 1.6905 5.5700
v -2.6612 1.9305 5.5000
v -2.6612 2.2005 5.4100
v -2.6612 2.4705 5.3200
v -2.6712 2.7005 5.2100
v -2.6712 2.9805 5.1200
v -2.6712 3.2305 5.0200
v -2.3312 -11.3495 3.3500
v -2.3312 -11.1195 3.3900
v -2.3312 -10.8995 3.4600
v -2.3312 -10.6895 3.5700
v -2.3312 -10.4795 3.6400
v -2.3412 -10.2795 3.7100
v -2.3412 -10.0695 3.7600
v -2.3412 -9.8295 3.8200
v -2.3412 -9.6195 3.9000
v -2.3412 -9.4195 3.9700
v -2.3412 -9.2095 4.0400
v -2.3512 -8.9895 4.1200
v -2.3512 -8.7695 4.1800
v -2.3512 -8.5295 4.2600
v -2.3512 -8.3195 4.3400
v -2.3512 -8.1395 4.4000
v -2.3612 -7.8995 4.4500
v -2.3612 -7.6695 4.5300
v -2.3612 -7.4695 4.6000
v -2.3612 -7.2395 4.6800
v -2.3612 -7.0195 4.7300
v -2.3612 -6.7995 4.7900
v -2.3712 -6.5795 4.8700
v -2.3712 -6.3595 4.9500
v -2.3712 -6.1195 5.0200
v -2.3712 -5.8895 5.1200
v -2.3712 -5.6895 5.1900
v -2.3812 -5.4695 5.2700
v -2.3812 -5.2495 5.3000
v -2.3812 -5.0295 5.3700
v -2.3812 -4.8195 5.4300
v -2.3812 -4.6095 5.5000
v -2.3912 -4.3695 5.5600
v -2.3912 -4.1295 5.6400
v -2.3912 -3.9195 5.7200
v -2.3912 -3.7195 5.7900
v -2.3912 -3.4895 5.8800
v -2.4012 -3.2695 5.9200
v -2.4012 -3.0595 5.9900
v -2.4012 -2.8295 6.0500
v -2.4012 -2.6095 5.9900
v -2.4012 -2.3595 6.0700
v -2.4112 -2.1195 6.1600
v -2.4112 -1.9195 6.2300
v -2.4112 -1.7195 6.3000
v -2.4112 -1.4795 6.3800
v -2.4112 -1.2295 6.4700
v -2.4112 -1.0295 6.5500
v -2.4212 -0.8195 6.5900
v -2.4212 -0.5295 6.4700
v -2.4212 -0.2695 6.3800
v -2.4212 -0.0395 6.3200
v -2.4312 0.2305 6.1800
v -2.4312 0.4905 6.1300
v -2.4312 0.7405 6.0100
v -2.4312 1.0105 5.9200
v -2.4312 1.2505 5.8100
v -2.4412 1.4905 5.7400
v -2.4412 1.7705 5.6200
v -2.4412 2.0405 5.5400
v -2.4412 2.3005 5.4400
v -2.4512 2.5605 5.3700
v -2.4512 2.8405 5.2200
v -2.4512 3.1105 5.1600
v -2.4512 3.3705 5.0300
v -2.0812 -11.5895 3.2800
v -2.0812 -11.3895 3.4000
v -2.0812 -11.1795 3.4700
v -2.0812 -10.9595 3.5500
v -2.0912 -10.7495 3.6400
v -2.0912 -10.5195 3.6800
v -2.0912 -10.3295 3.7600
v -2.0912 -10.0995 3.8400
v -2.0912 -9.8595 3.9100
v -2.0912 -9.6395 3.9600
v -2.1012 -9.4495 4.0500
v -2.1012 -9.2295 4.1000
v -2.1012 -8.9995 4.1800
v -2.1012 -8.7895 4.2600
v -2.1012 -8.5595 4.3200
v -2.1112 -8.3595 4.3900
v -2.1112 -8.1395 4.4400
v -2.1112 -7.9095 4.5300
v -2.1112 -7.6795 4.6000
v -2.1112 -7.4595 4.6800
v -2.1212 -7.2295 4.7500
v -2.1212 -7.0195 4.8300
v -2.1212 -6.7795 4.9100
v -2.1212 -6.5695 4.9600
v -2.1212 -6.3795 5.0100
v -2.1212 -6.1495 5.1200
v -2.1312 -5.9195 5.1900
v -2.1312 -5.6995 5.2500
v -2.1312 -5.4695 5.3000
v -2.1312 -5.2595 5.3700
v -2.1312 -5.0395 5.4500
v -2.1412 -4.8195 5.5300
v -2.1412 -4.6095 5.5800
v -2.1412 -4.4195 5.6300
v -2.1412 -4.1595 5.7300
v -2.1412 -3.9595 5.8100
v -2.1512 -3.7395 5.8900
v -2.1512 -3.4995 5.9400
v -2.1512 -3.2895 6.0300
v -2.1512 -3.0395 6.0000
v -2.1512 -2.7895 5.9600
v -2.1612 -2.5395 5.9200
v -2.1612 -2.3295 5.9900
v -2.1612 -2.0895 6.0700
v -2.1612 -1.8695 6.1600
v -2.1612 -1.6595 6.2000
v -2.1612 -1.4495 6.3200
v -2.1712 -1.2195 6.3800
v -2.1712 -0.9995 6.4700
v -2.1712 -0.7895 6.5400
v -2.1712 -0.5595 6.5700
v -2.1712 -0.2895 6.4500
v -2.1812 -0.0295 6.3800
v -2.1812 0.2205 6.2400
v -2.1812 0.4805 6.1800
v -2.1812 0.7505 6.0800
v -2.1912 1.0205 5.9800
v -2.1912 1.2605 5.9100
v -2.1912 1.5405 5.8100
v -2.1912 1.8105 5.7300
v -2.2012 2.0705 5.5900
v -2.2012 2.3005 5.5300
v -2.2012 2.5505 5.4400
v -2.2012 2.8005 5.3400
v -2.2012 3.0505 5.2500
v -2.2112 3.3005 5.1600
v -1.8712 -11.6595 3.3700
v -1.8812 -11.4495 3.4500
v -1.8812 -11.2395 3.5700
v -1.8812 -11.0295 3.6100
v -1.8812 -10.7995 3.6800
v -1.8812 -10.5895 3.7500
v -1.8812 -10.3595 3.8400
v -1.8912 -10.1495 3.8900
v -1.8912 -9.9295 3.9500
v -1.8912 -9.7095 4.0300
v -1.8912 -9.4795 4.0900
v -1.8912 -9.2495 4.1800
v -1.9012 -9.0295 4.2500
v -1.9012 -8.8195 4.3500
v -1.9012 -8.5695 4.3600
v -1.9012 -8.3595 4.4400
v -1.9012 -8.1695 4.5200
v -1.9112 -7.9495 4.6000
v -1.9112 -7.7195 4.6700
v -1.9112 -7.4895 4.7600
v -1.9112 -7.2695 4.8100
v -1.9112 -7.0495 4.8800
v -1.9212 -6.8395 4.9400
v -1.9212 -6.6095 5.0200
v -1.9212 -6.3995 5.1000
v -1.9212 -6.1895 5.1600
v -1.9212 -5.9695 5.2500
v -1.9212 -5.7395 5.3100
v -1.9312 -5.5195 5.3900
v -1.9312 -5.2995 5.4300
v -1.9312 -5.0795 5.5200
v -1.9312 -4.8495 5.5800
v -1.9312 -4.6195 5.6600
v -1.9412 -4.3795 5.7300
v -1.9412 -4.1995 5.8000
v -1.9412 -3.9495 5.8800
v -1.9412 -3.7095 5.9300
v -1.9412 -3.5095 6.0200
v -1.9512 -3.2995 6.0100
v -1.9512 -3.0195 5.9400
v -1.9512 -2.7495 5.8300
v -1.9512 -2.5395 5.8500
v -1.9512 -2.3095 5.9400
v -1.9612 -2.0995 5.9900
v -1.9612 -1.8695 6.0900
v -1.9612 -1.6495 6.1700
v -1.9612 -1.4295 6.2600
v -1.9612 -1.2095 6.3200
v -1.9712 -0.9795 6.4300
v -1.9712 -0.7495 6.5100
v -1.9712 -0.5195 6.5800
v -1.9712 -0.2695 6.5200
v -1.9712 -0.0095 6.4200
v -1.9812 0.2305 6.3500
v -1.9812 0.4605 6.2800
v -1.9812 0.7205 6.1700
v -1.9812 0.9505 6.0800
v -1.9812 1.2205 6.0100
v -1.9912 1.9605 5.6900
v -1.9912 2.2105 5.6400
v -1.9912 2.4705 5.5400
v -2.0012 2.7205 5.4100
v -2.0012 2.9805 5.3300
v -2.0012 3.2305 5.2200
v -1.6912 -11.8495 3.3800
v -1.7012 -11.6495 3.4800
v -1.7012 -11.4395 3.5600
v -1.7012 -11.1995 3.6300
v -1.7012 -10.9695 3.6900
v -1.7012 -10.7495 3.7800
v -1.7112 -10.5195 3.8500
v -1.7112 -10.2995 3.9100
v -1.7112 -10.0795 4.0000
v -1.7112 -9.8595 4.0500
v -1.7112 -9.6595 4.1100
v -1.7112 -9.4395 4.1600
v -1.7212 -9.1995 4.2500
v -1.7212 -8.9995 4.3400
v -1.7212 -8.7595 4.4100
v -1.7212 -8.5495 4.4800
v -1.7212 -8.3295 4.5300
v -1.7312 -8.0995 4.6200
v -1.7312 -7.8995 4.6900
v -1.7312 -7.6895 4.7700
v -1.7312 -7.4395 4.8000
v -1.7312 -7.2295 4.8700
v -1.7312 -7.0195 4.9700
v -1.7412 -6.7795 5.0300
v -1.7412 -6.5695 5.1100
v -1.7412 -6.3395 5.1700
v -1.7412 -6.1295 5.2500
v -1.7512 -5.8895 5.3300
v -1.7512 -5.6695 5.4000
v -1.7512 -5.4295 5.4700
v -1.7512 -5.2195 5.5600
v -1.7512 -5.0095 5.6200
v -1.7512 -4.7895 5.6600
v -1.7612 -4.5495 5.7200
v -1.7612 -4.3395 5.8300
v -1.7612 -4.1295 5.8900
v -1.7612 -3.8895 5.9700
v -1.7612 -3.6695 6.0200
v -1.7712 -3.4395 5.9800
v -1.7712 -3.1995 5.9100
v -1.7712 -2.9295 5.8500
v -1.7712 -2.6695 5.7800
v -1.7712 -2.4295 5.8500
v -1.7812 -2.2195 5.9200
v -1.7812 -1.9795 5.9800
v -1.7812 -1.7495 6.0700
v -1.7812 -1.5395 6.1400
v -1.7812 -1.3295 6.2100
v -1.7912 -1.1295 6.3100
v -1.7912 -0.9195 6.3800
v -1.7912 -0.6995 6.4600
v -1.7912 -0.4895 6.5400
v -1.7912 -0.2695 6.5700
v -1.7912 -0.0195 6.4700
v -1.8012 0.2305 6.3600
v -1.8012 0.4705 6.3000
v -1.8012 0.7205 6.2200
v -1.8012 0.9905 6.1900
v -1.8112 1.7405 5.7400
v -1.8112 2.0005 5.7500
v -1.8112 2.2505 5.6700
v -1.8212 2.5005 5.5300
v -1.8212 2.7605 5.4500
v -1.8212 2.9905 5.3900
v -1.8212 3.2705 5.2800
v -1.4612 -12.1995 3.3600
v -1.4612 -11.9895 3.4400
v -1.4612 -11.7695 3.5400
v -1.4612 -11.5195 3.6100
v -1.4612 -11.3095 3.6900
v -1.4612 -11.1095 3.7300
v -1.4712 -10.8895 3.8000
v -1.4712 -10.6595 3.8800
v -1.4712 -10.4395 3.9600
v -1.4712 -10.2195 4.0400
v -1.4712 -9.9995 4.0900
v -1.4812 -9.7795 4.1500
v -1.4812 -9.5395 4.2300
v -1.4812 -9.3495 4.2900
v -1.4812 -9.1295 4.3600
v -1.4812 -8.8895 4.4300
v -1.4812 -8.6895 4.5000
v -1.4912 -8.4695 4.5800
v -1.4912 -8.2495 4.6400
v -1.4912 -8.0195 4.7000
v -1.4912 -7.7995 4.8300
v -1.4912 -7.5795 4.8500
v -1.5012 -7.3395 4.9500
v -1.5012 -7.1295 5.0300
v -1.5012 -6.8895 5.0900
v -1.5012 -6.6695 5.1500
v -1.5012 -6.4795 5.2200
v -1.5112 -6.2395 5.2900
v -1.5112 -5.9995 5.3500
v -1.5112 -5.7895 5.4400
v -1.5112 -5.5795 5.5000
v -1.5112 -5.3495 5.5900
v -1.5212 -5.1195 5.6500
v -1.5212 -4.8995 5.7300
v -1.5212 -4.6995 5.7800
v -1.5212 -4.4695 5.8600
v -1.5212 -4.2295 5.9300
v -1.5212 -4.0095 6.0300
v -1.5312 -3.7695 6.0100
v -1.5312 -3.4995 5.9400
v -1.5312 -3.2295 5.8400
v -1.5312 -2.9995 5.7700
v -1.5312 -2.7595 5.7200
v -1.5412 -2.5395 5.6900
v -1.5412 -2.3095 5.7500
v -1.5412 -2.1095 5.8600
v -1.5412 -1.8995 5.9400
v -1.5412 -1.6895 6.0200
v -1.5512 -1.4795 6.0900
v -1.5512 -1.2595 6.1600
v -1.5512 -1.0595 6.2500
v -1.5512 -0.8395 6.3200
v -1.5512 -0.6095 6.4100
v -1.5612 -0.3895 6.5000
v -1.5612 -0.1795 6.5700
v -1.5612 0.0305 6.5700
v -1.5612 0.3005 6.4400
v -1.5612 0.5605 6.3600
v -1.5712 0.8305 6.2700
v -1.5712 1.0405 6.2300
v -1.5712 1.2805 6.2000
v -1.5712 1.5805 5.9700
v -1.5712 1.8505 5.8900
v -1.5812 2.1105 5.7900
v -1.5812 2.3705 5.7000
v -1.5812 2.6205 5.6300
v -1.5812 2.9005 5.5000
v -1.5912 3.1305 5.4100
v -1.5912 3.3705 5.3100
v -1.1412 -12.5795 3.3500
v -1.1412 -12.3595 3.4500
v -1.1412 -12.1395 3.5100
v -1.1412 -11.9095 3.6200
v -1.1512 -11.6695 3.6500
v -1.1512 -11.4795 3.7300
v -1.1512 -11.2595 3.8200
v -1.1512 -11.0395 3.8500
v -1.1512 -10.8295 3.9400
v -1.1512 -10.5895 4.0000
v -1.1612 -10.3795 4.0800
v -1.1612 -10.1595 4.1400
v -1.1612 -9.9295 4.2100
v -1.1612 -9.7095 4.2900
v -1.1612 -9.4895 4.3700
v -1.1712 -9.2595 4.4200
v -1.1712 -9.0195 4.5100
v -1.1712 -8.7995 4.5600
v -1.1712 -8.5895 4.6600
v -1.1712 -8.3595 4.7100
v -1.1812 -8.1495 4.8000
v -1.1812 -7.9295 4.8700
v -1.1812 -7.7095 4.9400
v -1.1812 -7.4895 5.0100
v -1.1812 -7.2895 5.0900
v -1.1812 -7.0295 5.1400
v -1.1912 -6.8295 5.2300
v -1.1912 -6.5995 5.2800
v -1.1912 -6.3995 5.3300
v -1.1912 -6.1595 5.4500
v -1.1912 -5.9295 5.5100
v -1.2012 -5.7095 5.5900
v -1.2012 -5.4895 5.6500
v -1.2012 -5.2395 5.7400
v -1.2012 -5.0095 5.8300
v -1.2012 -4.8195 5.8700
v -1.2112 -4.5895 5.9200
v -1.2112 -4.3795 6.0200
v -1.2112 -4.1595 6.0300
v -1.2112 -3.9195 5.9500
v -1.2112 -3.6695 5.8800
v -1.2212 -3.4195 5.8000
v -1.2212 -3.1695 5.7100
v -1.2212 -2.9295 5.6400
v -1.2212 -2.6995 5.5700
v -1.2212 -2.4595 5.6200
v -1.2312 -2.2395 5.7100
v -1.2312 -2.0195 5.7800
v -1.2312 -1.8195 5.8400
v -1.2312 -1.6095 5.9500
v -1.2312 -1.3695 6.0200
v -1.2312 -1.1695 6.1000
v -1.2412 -0.9495 6.1800
v -1.2412 -0.7695 6.2500
v -1.2412 -0.5295 6.3400
v -1.2412 -0.2995 6.4300
v -1.2412 -0.0795 6.4900
v -1.2512 0.1505 6.5700
v -1.2512 0.4105 6.5300
v -1.2512 0.6605 6.4000
v -1.2512 0.9205 6.3100
v -1.2512 1.1605 6.2200
v -1.2612 1.4105 6.1200
v -1.2612 1.6505 6.0600
v -1.2612 1.9205 5.9600
v -1.2612 2.1805 5.8600
v -1.2712 2.4505 5.7500
v -1.2712 2.7005 5.6900
v -1.2712 2.9505 5.5900
v -1.2712 3.2005 5.4800
v -1.2712 3.4205 5.4500
v -0.8612 -12.9095 3.3300
v -0.8712 -12.7095 3.4500
v -0.8712 -12.4995 3.5100
v -0.8712 -12.2595 3.5800
v -0.8712 -12.0595 3.6600
v -0.8712 -11.8395 3.7300
v -0.8712 -11.6095 3.8000
v -0.8812 -11.3895 3.8500
v -0.8812 -11.1595 3.9300
v -0.8812 -10.9295 4.0000
v -0.8812 -10.6995 4.0700
v -0.8812 -10.4895 4.1300
v -0.8912 -10.2595 4.2100
v -0.8912 -10.0295 4.2800
v -0.8912 -9.8195 4.3300
v -0.8912 -9.6095 4.4300
v -0.8912 -9.3695 4.5000
v -0.9012 -9.1695 4.5600
v -0.9012 -8.9395 4.6300
v -0.9012 -8.7095 4.7200
v -0.9012 -8.4895 4.7900
v -0.9012 -8.2695 4.8600
v -0.9012 -8.0695 4.9400
v -0.9112 -7.8395 4.9800
v -0.9112 -7.5995 5.0600
v -0.9112 -7.3695 5.1300
v -0.9112 -7.1495 5.2200
v -0.9112 -6.9095 5.2700
v -0.9212 -6.6795 5.3600
v -0.9212 -6.4595 5.4200
v -0.9212 -6.4695 6.5000
v -0.9212 -6.2695 5.5600
v -0.9212 -6.2595 6.5600
v -0.9212 -6.0395 6.5800
v -0.9212 -5.8695 5.7700
v -0.9312 -5.6295 5.6900
v -0.9312 -5.3995 5.7700
v -0.9312 -5.1995 5.8300
v -0.9312 -4.9795 5.9300
v -0.9312 -4.7495 5.9500
v -0.9312 -4.5595 6.0700
v -0.9412 -4.3095 5.9700
v -0.9412 -4.0295 5.8900
v -0.9412 -3.7795 5.8200
v -0.9412 -3.5395 5.7400
v -0.9512 -3.3095 5.6700
v -0.9512 -3.0495 5.5800
v -0.9512 -2.7995 5.5100
v -0.9512 -2.5595 5.5200
v -0.9512 -2.3695 5.5700
v -0.9612 -2.1395 5.6400
v -0.9612 -1.9095 5.7400
v -0.9612 -1.6895 5.8400
v -0.9612 -1.4795 5.9100
v -0.9612 -1.2295 5.9900
v -0.9612 -1.0195 6.0700
v -0.9712 -0.7895 6.1500
v -0.9712 -0.6095 6.2200
v -0.9712 -0.3895 6.3100
v -0.9712 -0.1595 6.3800
v -0.9712 0.0605 6.4600
v -0.9812 0.2705 6.5400
v -0.9812 0.5205 6.5600
v -0.9812 0.7805 6.4400
v -0.9812 1.0305 6.3600
v -0.9812 1.2805 6.2700
v -0.9912 1.5205 6.1900
v -0.9912 1.7605 6.1200
v -0.9912 2.0405 5.9800
v -0.9912 2.2805 5.9100
v -0.9912 2.5605 5.7900
v -1.0012 2.8205 5.7200
v -1.0012 3.0605 5.6400
v -1.0012 3.3205 5.5500
v -0.6912 -13.0995 3.3200
v -0.6912 -12.8795 3.4400
v -0.7012 -12.6495 3.5200
v -0.7012 -12.4195 3.6000
v -0.7012 -12.2095 3.6900
v -0.7012 -11.9895 3.7500
v -0.7012 -11.7495 3.8000
v -0.7112 -11.5495 3.8800
v -0.7112 -11.3195 3.9500
v -0.7112 -11.0895 4.0200
v -0.7112 -10.8795 4.0800
v -0.7112 -10.6595 4.1500
v -0.7212 -10.4295 4.2300
v -0.7212 -10.2295 4.2900
v -0.7212 -9.9895 4.3400
v -0.7212 -9.7795 4.4300
v -0.7212 -9.5395 4.5000
v -0.7212 -9.3195 4.5600
v -0.7312 -9.1095 4.6400
v -0.7312 -8.8695 4.7100
v -0.7312 -8.6195 4.7900
v -0.7312 -8.3995 4.8500
v -0.7312 -8.2095 4.9200
v -0.7412 -7.9795 4.9800
v -0.7412 -7.7695 5.0700
v -0.7412 -7.5595 5.1300
v -0.7412 -7.3495 5.2000
v -0.7412 -7.1295 5.3000
v -0.7412 -6.9195 5.3600
v -0.7512 -6.6995 5.4300
v -0.7512 -6.6695 6.3100
v -0.7512 -6.4995 5.5200
v -0.7512 -6.4995 6.5500
v -0.7512 -6.2695 6.6400
v -0.7512 -5.9995 6.5600
v -0.7612 -5.6195 5.7800
v -0.7612 -5.4095 5.8700
v -0.7612 -5.1995 5.9200
v -0.7612 -4.9595 5.9700
v -0.7612 -4.7395 6.0200
v -0.7712 -4.5095 5.9900
v -0.7712 -4.2595 5.8900
v -0.7712 -4.0095 5.8100
v -0.7712 -3.7595 5.7700
v -0.7712 -3.4895 5.6400
v -0.7812 -3.2395 5.5700
v -0.7812 -2.9495 5.4500
v -0.7812 -2.7195 5.4400
v -0.7812 -2.4995 5.4800
v -0.7812 -2.2695 5.5300
v -0.7912 -2.0695 5.6300
v -0.7912 -1.8495 5.7000
v -0.7912 -1.6295 5.7900
v -0.7912 -1.4195 5.8800
v -0.7912 -1.1895 5.9400
v -0.8012 -0.9595 6.0300
v -0.8012 -0.7495 6.1100
v -0.8012 -0.5495 6.2100
v -0.8012 -0.3295 6.2800
v -0.8012 -0.1195 6.3600
v -0.8112 0.1105 6.4300
v -0.8112 0.3005 6.4900
v -0.8112 0.5405 6.5800
v -0.8112 0.8005 6.5300
v -0.8112 1.0505 6.4300
v -0.8212 1.3205 6.3100
v -0.8212 1.5805 6.2100
v -0.8212 1.8605 6.1200
v -0.8212 2.1005 6.0300
v -0.8312 2.3705 5.9500
v -0.8312 2.6305 5.8300
v -0.8312 2.8705 5.7600
v -0.8312 3.1205 5.6400
v -0.8312 3.3805 5.5900
v -0.5512 -13.2395 3.3600
v -0.5512 -13.0395 3.4600
v -0.5512 -12.8095 3.5400
v -0.5512 -12.5895 3.6000
v -0.5512 -12.3695 3.6900
v -0.5612 -12.1495 3.7200
v -0.5612 -11.9195 3.8200
v -0.5612 -11.6895 3.9000
v -0.5612 -11.4895 3.9400
v -0.5612 -11.2595 4.0100
v -0.5712 -11.0595 4.0600
v -0.5712 -10.7995 4.1600
v -0.5712 -10.5795 4.2300
v -0.5712 -10.3695 4.2800
v -0.5712 -10.1195 4.3900
v -0.5812 -9.8695 4.4600
v -0.5812 -9.6395 4.5000
v -0.5812 -9.4495 4.5600
v -0.5812 -9.2395 4.6500
v -0.5812 -9.0195 4.7300
v -0.5912 -8.8095 4.8100
v -0.5912 -8.6195 4.8600
v -0.5912 -8.3895 4.9500
v -0.5912 -8.1595 5.0100
v -0.5912 -7.9595 5.0700
v -0.5912 -7.7595 5.1500
v -0.6012 -7.5495 5.2200
v -0.6012 -7.3095 5.2900
v -0.6012 -7.0695 5.3400
v -0.6012 -6.8795 5.4300
v -0.6012 -6.6695 5.5000
v -0.6012 -6.5895 6.2000
v -0.6112 -6.4595 5.5800
v -0.6112 -6.4395 6.6900
v -0.6112 -6.2095 6.6500
v -0.6112 -5.9395 6.5200
v -0.6112 -5.5695 5.8300
v -0.6112 -5.3695 5.9100
v -0.6212 -5.1295 5.9800
v -0.6212 -4.8995 6.0500
v -0.6212 -4.6395 5.9600
v -0.6212 -4.3595 5.8600
v -0.6212 -4.1195 5.7800
v -0.6312 -3.8695 5.7200
v -0.6312 -3.6495 5.6500
v -0.6312 -3.3795 5.5600
v -0.6312 -3.1395 5.4800
v -0.6412 -2.8895 5.4300
v -0.6412 -2.6395 5.3800
v -0.6412 -2.4195 5.4700
v -0.6412 -2.1695 5.5100
v -0.6412 -1.9795 5.6100
v -0.6412 -1.7595 5.7100
v -0.6512 -1.5395 5.7800
v -0.6512 -1.3295 5.8400
v -0.6512 -1.1095 5.9400
v -0.6512 -0.9095 6.0200
v -0.6512 -0.6895 6.0900
v -0.6612 -0.4295 6.1800
v -0.6612 -0.2295 6.2700
v -0.6612 -0.0095 6.3200
v -0.6612 0.2105 6.4200
v -0.6612 0.4605 6.4900
v -0.6712 0.6705 6.5700
v -0.6712 0.9105 6.5300
v -0.6712 1.1805 6.4300
v -0.6712 1.4405 6.3200
v -0.6712 1.6905 6.2200
v -0.6812 1.9405 6.1300
v -0.6812 2.1805 6.0400
v -0.6812 2.4605 5.9500
v -0.6812 2.7305 5.8500
v -0.6912 2.9605 5.7700
v -0.6912 3.2305 5.6800
v -0.3312 -13.3995 3.3900
v -0.3312 -13.1895 3.4600
v -0.3412 -12.9595 3.5500
v -0.3412 -12.7495 3.6300
v -0.3412 -12.5195 3.6800
v -0.3412 -12.2995 3.7700
v -0.3412 -12.0695 3.8500
v -0.3512 -11.8195 3.9100
v -0.3512 -11.5895 3.9900
v -0.3512 -11.3795 4.0700
v -0.3512 -11.1595 4.1200
v -0.3512 -10.9395 4.1800
v -0.3612 -10.7395 4.2800
v -0.3612 -10.5295 4.3400
v -0.3612 -10.3195 4.3800
v -0.3612 -10.0895 4.4600
v -0.3612 -9.8695 4.5200
v -0.3612 -9.6695 4.5900
v -0.3712 -9.4595 4.6600
v -0.3712 -9.2395 4.7300
v -0.3712 -9.0095 4.7900
v -0.3712 -8.7895 4.8800
v -0.3712 -8.5795 4.9600
v -0.3812 -8.3695 5.0100
v -0.3812 -8.1495 5.0800
v -0.3812 -7.9195 5.1400
v -0.3812 -7.7295 5.2200
v -0.3812 -7.5095 5.3000
v -0.3812 -7.2695 5.3700
v -0.3912 -7.0595 5.4400
v -0.3912 -6.8295 5.5000
v -0.3912 -6.6095 5.5900
v -0.3912 -6.3795 5.6900
v -0.3912 -6.3195 6.6200
v -0.3912 -6.1495 5.8200
v -0.3912 -6.0595 6.3700
v -0.4012 -5.9495 5.8600
v -0.4012 -5.7195 5.8800
v -0.4012 -5.4995 5.9400
v -0.4012 -5.2895 6.0200
v -0.4012 -5.0695 6.0500
v -0.4112 -4.8195 5.9400
v -0.4112 -4.5395 5.8500
v -0.4112 -4.2795 5.7700
v -0.4112 -4.0295 5.7200
v -0.4112 -3.8095 5.6200
v -0.4212 -3.5595 5.5900
v -0.4212 -3.2895 5.4800
v -0.4212 -3.0495 5.3900
v -0.4212 -2.7995 5.2800
v -0.4212 -2.5795 5.3400
v -0.4312 -2.3395 5.4100
v -0.4312 -2.1095 5.4900
v -0.4312 -1.9095 5.5700
v -0.4312 -1.6795 5.6300
v -0.4312 -1.4495 5.7300
v -0.4412 -1.2195 5.8300
v -0.4412 -1.0195 5.9100
v -0.4412 -0.7995 5.9800
v -0.4412 -0.5595 6.0600
v -0.4412 -0.3495 6.1500
v -0.4412 -0.1395 6.2200
v -0.4512 0.0705 6.3000
v -0.4512 0.3005 6.4000
v -0.4512 0.5205 6.4700
v -0.4512 0.7505 6.5500
v -0.4512 0.9505 6.5700
v -0.4612 1.2205 6.4900
v -0.4612 1.4905 6.3700
v -0.4612 1.7505 6.3000
v -0.4612 2.0205 6.1800
v -0.4712 2.2605 6.0600
v -0.4712 2.5605 5.9800
v -0.4712 2.8205 5.8900
v -0.4712 3.0705 5.7800
v -0.4712 3.3205 5.7100
v -0.1012 -13.6695 3.4000
v -0.1012 -13.4195 3.4600
v -0.1012 -13.1995 3.5500
v -0.1012 -12.9895 3.6200
v -0.1112 -12.7695 3.7000
v -0.1112 -12.5595 3.7800
v -0.1112 -12.3395 3.8300
v -0.1112 -12.1295 3.8900
v -0.1112 -11.9095 3.9500
v -0.1112 -11.6795 4.0200
v -0.1212 -11.4695 4.1300
v -0.1212 -11.2695 4.1500
v -0.1212 -11.0495 4.2400
v -0.1212 -10.8395 4.3000
v -0.1212 -10.5995 4.3700
v -0.1312 -10.3895 4.4700
v -0.1312 -10.1595 4.5100
v -0.1312 -9.9695 4.5900
v -0.1312 -9.7395 4.6300
v -0.1312 -9.5195 4.7200
v -0.1312 -9.3095 4.8100
v -0.1412 -9.0795 4.8500
v -0.1412 -8.8695 4.9300
v -0.1412 -8.6595 5.0000
v -0.1412 -8.4195 5.0500
v -0.1412 -8.2095 5.1400
v -0.1512 -7.9695 5.2400
v -0.1512 -7.7295 5.2800
v -0.1512 -7.5195 5.3600
v -0.1512 -7.3195 5.4200
v -0.1512 -7.0895 5.5100
v -0.1612 -6.8695 5.5900
v -0.1612 -6.6595 5.6300
v -0.1612 -6.4395 5.7200
v -0.1612 -6.2095 5.8000
v -0.1612 -5.9695 5.8700
v -0.1612 -5.7595 5.9200
v -0.1712 -5.5795 6.0200
v -0.1712 -5.3195 6.0200
v -0.1712 -5.0695 5.9600
v -0.1712 -4.8295 5.8600
v -0.1812 -4.5595 5.8100
v -0.1812 -4.3295 5.7100
v -0.1812 -4.0595 5.6100
v -0.1812 -3.8095 5.5600
v -0.1812 -3.5695 5.5800
v -0.1912 -3.2995 5.4000
v -0.1912 -3.0295 5.2800
v -0.1912 -2.7695 5.2400
v -0.1912 -2.5495 5.2600
v -0.1912 -2.3295 5.3500
v -0.2012 -2.1195 5.5000
v -0.2012 -1.8895 5.5200
v -0.2012 -1.6795 5.5700
v -0.2012 -1.4595 5.6700
v -0.2012 -1.2295 5.7300
v -0.2112 -1.0195 5.8300
v -0.2112 -0.7995 5.9300
v -0.2112 -0.5995 5.9700
v -0.2112 -0.3595 6.0700
v -0.2112 -0.1595 6.1500
v -0.2112 0.0805 6.2200
v -0.2212 0.3005 6.3200
v -0.2212 0.5205 6.3900
v -0.2212 0.7505 6.4800
v -0.2212 0.9805 6.5600
v -0.2212 1.2305 6.5500
v -0.2312 1.4705 6.4600
v -0.2312 1.7205 6.3700
v -0.2312 1.9605 6.2800
v -0.2312 2.2205 6.1500
v -0.2312 2.4505 6.1000
v -0.2412 2.7205 5.9800
v -0.2412 2.9705 5.9000
v -0.2412 3.2105 5.8100
v 0.1088 -14.0095 3.3400
v 0.1088 -13.7995 3.4200
v 0.1088 -13.5895 3.5100
v 0.1088 -13.3895 3.6000
v 0.1088 -13.1595 3.6700
v 0.0988 -12.9395 3.7200
v 0.0988 -12.7395 3.8000
v 0.0988 -12.5195 3.8500
v 0.0988 -12.3095 3.9200
v 0.0988 -12.0795 4.0000
v 0.0988 -11.8595 4.0700
v 0.0888 -11.6395 4.1400
v 0.0888 -11.4195 4.2000
v 0.0888 -11.1995 4.2600
v 0.0888 -10.9895 4.3200
v 0.0888 -10.7795 4.4000
v 0.0788 -10.5495 4.4800
v 0.0788 -10.3295 4.5300
v 0.0788 -10.1295 4.6100
v 0.0788 -9.8995 4.6600
v 0.0788 -9.6695 4.7600
v 0.0688 -9.4295 4.8200
v 0.0688 -9.2095 4.9000
v 0.0688 -8.9995 4.9700
v 0.0688 -8.7595 5.0200
v 0.0688 -8.5595 5.1000
v 0.0688 -8.3495 5.1700
v 0.0588 -8.1595 5.2400
v 0.0588 -7.9095 5.3000
v 0.0588 -7.6695 5.3900
v 0.0588 -7.4295 5.4400
v 0.0588 -7.2595 5.5300
v 0.0488 -7.0295 5.6000
v 0.0488 -6.7995 5.6900
v 0.0488 -6.5895 5.7400
v 0.0488 -6.3995 5.8100
v 0.0488 -6.1595 5.8900
v 0.0488 -5.9495 5.9500
v 0.0388 -5.7095 6.0200
v 0.0388 -5.4795 6.0100
v 0.0388 -5.2295 5.9200
v 0.0388 -4.9595 5.8500
v 0.0288 -4.7095 5.7600
v 0.0288 -4.4495 5.6800
v 0.0288 -4.1895 5.5900
v 0.0288 -3.9195 5.5100
v 0.0288 -3.6595 5.4700
v 0.0188 -3.4395 5.3500
v 0.0188 -3.1795 5.2600
v 0.0188 -2.9095 5.1900
v 0.0188 -2.6595 5.1500
v 0.0188 -2.4695 5.2300
v 0.0088 -2.2295 5.3000
v 0.0088 -2.0495 5.4800
v 0.0088 -1.7995 5.4800
v 0.0088 -1.5795 5.5500
v 0.0088 -1.3595 5.6200
v -0.0012 -1.1295 5.7000
v -0.0012 -0.9095 5.8100
v -0.0012 -0.6695 5.8800
v -0.0012 -0.4495 5.9800
v -0.0012 -0.2195 6.0400
v -0.0112 -0.0095 6.1400
v -0.0112 0.2005 6.1900
v -0.0112 0.4005 6.2900
v -0.0112 0.6105 6.3600
v -0.0112 0.8205 6.4400
v -0.0112 1.0505 6.5100
v -0.0212 1.2505 6.6100
v -0.0212 1.4905 6.5000
v -0.0212 1.7405 6.4300
v -0.0212 1.9905 6.3200
v -0.0312 2.2505 6.2400
v -0.0312 2.5205 6.1200
v -0.0312 2.7605 6.0500
v -0.0312 3.0305 5.9200
v -0.0312 3.2605 5.8400
v 0.3388 -14.2295 3.3500
v 0.3388 -14.0295 3.4700
v 0.3288 -13.7895 3.5300
v 0.3288 -13.5595 3.6100
v 0.3288 -13.3595 3.6900
v 0.3288 -13.1495 3.7500
v 0.3288 -12.9495 3.8100
v 0.3188 -12.6895 3.8800
v 0.3188 -12.4895 3.9600
v 0.3188 -12.2695 4.0300
v 0.3188 -12.0495 4.1000
v 0.3188 -11.8295 4.1600
v 0.3188 -11.5995 4.2400
v 0.3088 -11.3795 4.2700
v 0.3088 -11.1495 4.3700
v 0.3088 -10.9095 4.4400
v 0.3088 -10.6995 4.5100
v 0.3088 -10.4895 4.5800
v 0.2988 -10.2595 4.6600
v 0.2988 -10.0595 4.7200
v 0.2988 -9.8395 4.7900
v 0.2988 -9.6295 4.8500
v 0.2988 -9.3895 4.9300
v 0.2888 -9.1495 4.9900
v 0.2888 -8.9395 5.0700
v 0.2888 -8.7295 5.1200
v 0.2888 -8.5295 5.2000
v 0.2888 -8.2995 5.2800
v 0.2888 -8.0695 5.3300
v 0.2788 -7.8595 5.4300
v 0.2788 -7.6595 5.4700
v 0.2788 -7.4195 5.5700
v 0.2788 -7.1695 5.6200
v 0.2788 -6.9795 5.7100
v 0.2688 -6.7595 5.7700
v 0.2688 -6.5295 5.8500
v 0.2688 -6.2895 5.9500
v 0.2688 -6.0795 6.0000
v 0.2688 -5.8495 6.0200
v 0.2588 -5.5895 5.9600
v 0.2588 -5.3395 5.8600
v 0.2588 -5.0995 5.8000
v 0.2588 -4.8495 5.7400
v 0.2588 -4.5895 5.6500
v 0.2488 -4.3295 5.5800
v 0.2488 -4.0695 5.5000
v 0.2488 -3.8295 5.3700
v 0.2488 -3.5795 5.3200
v 0.2488 -3.3195 5.2200
v 0.2388 -3.0495 5.1200
v 0.2388 -2.7995 5.0500
v 0.2388 -2.5695 5.1200
v 0.2388 -2.3395 5.2000
v 0.2288 -2.1095 5.2700
v 0.2288 -1.8695 5.3500
v 0.2288 -1.6795 5.4300
v 0.2288 -1.4595 5.5000
v 0.2288 -1.2495 5.5900
v 0.2188 -1.0395 5.6700
v 0.2188 -0.8395 5.7400
v 0.2188 -0.6095 5.8300
v 0.2188 -0.4095 5.9200
v 0.2188 -0.1995 6.0000
v 0.2188 0.0005 6.0700
v 0.2088 0.1905 6.1500
v 0.2088 0.4505 6.2100
v 0.2088 0.6805 6.3100
v 0.2088 0.8705 6.4000
v 0.2088 1.0805 6.4500
v 0.2088 1.2805 6.5100
v 0.1988 1.5405 6.6100
v 0.1988 1.7805 6.4800
v 0.1988 2.0305 6.3700
v 0.1988 2.3005 6.2500
v 0.1888 2.5405 6.2000
v 0.1888 2.8105 6.1100
v 0.1888 3.0605 6.0200
v 0.1888 3.3305 5.9100
v 0.5988 -14.6195 3.3300
v 0.5988 -14.4095 3.4100
v 0.5988 -14.1995 3.5000
v 0.5888 -13.9795 3.5700
v 0.5888 -13.7395 3.6500
v 0.5888 -13.5395 3.7000
v 0.5888 -13.3395 3.7700
v 0.5888 -13.1095 3.8600
v 0.5888 -12.8695 3.9200
v 0.5788 -12.6395 4.0100
v 0.5788 -12.4095 4.0700
v 0.5788 -12.2095 4.1400
v 0.5788 -11.9795 4.1800
v 0.5788 -11.7495 4.2400
v 0.5688 -11.5495 4.3300
v 0.5688 -11.3495 4.4000
v 0.5688 -11.1095 4.4700
v 0.5688 -10.8595 4.5300
v 0.5688 -10.6395 4.6200
v 0.5588 -10.4495 4.6700
v 0.5588 -10.2295 4.7400
v 0.5588 -9.9895 4.8200
v 0.5588 -9.7795 4.9000
v 0.5588 -9.5795 4.9700
v 0.5588 -9.3595 5.0100
v 0.5488 -9.1295 5.1000
v 0.5488 -8.8995 5.1800
v 0.5488 -8.6895 5.2500
v 0.5488 -8.4695 5.3200
v 0.5488 -8.2395 5.3800
v 0.5388 -7.9995 5.4600
v 0.5388 -7.7895 5.5500
v 0.5388 -7.5695 5.6000
v 0.5388 -7.3295 5.6500
v 0.5388 -7.0995 5.7400
v 0.5288 -6.8995 5.8200
v 0.5288 -6.6995 5.8800
v 0.5288 -6.4595 5.9700
v 0.5288 -6.2195 6.0200
v 0.5288 -5.9995 5.9900
v 0.5188 -5.7395 5.9100
v 0.5188 -5.4895 5.8300
v 0.5188 -5.2295 5.7700
v 0.5188 -4.9695 5.6400
v 0.5188 -4.7395 5.5900
v 0.5088 -4.4695 5.5100
v 0.5088 -4.2095 5.4200
v 0.5088 -3.9395 5.3300
v 0.5088 -3.6795 5.2600
v 0.4988 -3.4095 5.1600
v 0.4988 -3.1595 5.0800
v 0.4988 -2.9195 4.9800
v 0.4988 -2.6995 4.9900
v 0.4988 -2.5195 5.0500
v 0.4888 -2.2795 5.1400
v 0.4888 -2.0495 5.2100
v 0.4888 -1.8495 5.2700
v 0.4888 -1.6495 5.3700
v 0.4888 -1.4295 5.4600
v 0.4888 -1.2195 5.5100
v 0.4788 -0.9895 5.6200
v 0.4788 -0.7795 5.6700
v 0.4788 -0.5595 5.7800
v 0.4788 -0.3495 5.8300
v 0.4788 -0.1395 5.9300
v 0.4688 0.0705 6.0100
v 0.4688 0.2805 6.0700
v 0.4688 0.5205 6.1500
v 0.4688 0.7305 6.2500
v 0.4688 0.9205 6.3200
v 0.4688 1.1605 6.4000
v 0.4588 1.3905 6.4900
v 0.4588 1.6205 6.5700
v 0.4588 1.8705 6.5000
v 0.4588 2.0905 6.4400
v 0.4488 2.3805 6.3400
v 0.4488 2.6405 6.2500
v 0.4488 2.8705 6.1400
v 0.4488 3.0905 6.0600
v 0.4488 3.3805 5.9700
v 0.8288 -14.6995 3.3700
v 0.8288 -14.4795 3.4900
v 0.8288 -14.2495 3.5700
v 0.8188 -14.0195 3.6400
v 0.8188 -13.8095 3.6900
v 0.8188 -13.5795 3.7700
v 0.8188 -13.3595 3.8400
v 0.8188 -13.1495 3.9400
v 0.8188 -12.9495 3.9800
v 0.8088 -12.7195 4.0400
v 0.8088 -12.4795 4.1300
v 0.8088 -12.2495 4.2000
v 0.8088 -12.0395 4.2500
v 0.8088 -11.8495 4.3400
v 0.8088 -11.5995 4.3900
v 0.7988 -11.3895 4.4700
v 0.7988 -11.1795 4.5200
v 0.7988 -10.9595 4.6000
v 0.7988 -10.7395 4.6600
v 0.7988 -10.4995 4.7200
v 0.7888 -10.2795 4.8200
v 0.7888 -10.0895 4.8800
v 0.7888 -9.8395 4.9600
v 0.7888 -9.5995 5.0200
v 0.7888 -9.3895 5.1100
v 0.7788 -9.1795 5.1700
v 0.7788 -8.9395 5.2300
v 0.7788 -8.6995 5.2900
v 0.7788 -8.5095 5.3800
v 0.7788 -8.2895 5.4600
v 0.7688 -8.0695 5.5000
v 0.7688 -7.8295 5.5900
v 0.7688 -7.6095 5.6500
v 0.7688 -7.4095 5.7400
v 0.7688 -7.1795 5.8100
v 0.7588 -6.9395 5.8700
v 0.7588 -6.7395 5.9400
v 0.7588 -6.5095 6.0300
v 0.7588 -6.2695 5.9900
v 0.7588 -5.9895 5.8800
v 0.7488 -5.7195 5.8300
v 0.7488 -5.4695 5.7600
v 0.7488 -5.2195 5.6900
v 0.7488 -4.9795 5.5900
v 0.7488 -4.7295 5.5100
v 0.7388 -4.4895 5.4400
v 0.7388 -4.2695 5.3600
v 0.7388 -4.0095 5.2600
v 0.7388 -3.7395 5.2100
v 0.7288 -3.4995 5.1300
v 0.7288 -3.2795 5.0500
v 0.7288 -3.0295 4.9400
v 0.7288 -2.7695 4.8700
v 0.7288 -2.5395 4.9700
v 0.7288 -2.3395 5.0400
v 0.7188 -2.1195 5.1200
v 0.7188 -1.8995 5.1900
v 0.7188 -1.6895 5.2800
v 0.7188 -1.4695 5.3800
v 0.7188 -1.2695 5.4400
v 0.7088 -1.0395 5.5200
v 0.7088 -0.8195 5.5900
v 0.7088 -0.6295 5.6700
v 0.7088 -0.3895 5.7600
v 0.7088 -0.1795 5.8500
v 0.6988 0.0605 5.9200
v 0.6988 0.2905 6.0000
v 0.6988 0.5005 6.0800
v 0.6988 0.7305 6.1800
v 0.6988 0.9405 6.2400
v 0.6988 1.1505 6.3200
v 0.6888 1.3505 6.4000
v 0.6888 1.5705 6.4900
v 0.6888 1.8105 6.5800
v 0.6888 2.0605 6.5600
v 0.6788 2.3105 6.4200
v 0.6788 2.5505 6.3300
v 0.6788 2.8205 6.2400
v 0.6788 3.0705 6.1600
v 0.6788 3.3105 6.0500
v 1.0388 -14.9695 3.1800
v 1.0388 -14.8295 3.4500
v 1.0388 -14.5995 3.5300
v 1.0288 -14.3895 3.6000
v 1.0288 -14.1595 3.6800
v 1.0288 -13.9295 3.7500
v 1.0288 -13.7095 3.8200
v 1.0288 -13.4895 3.9100
v 1.0188 -13.2695 3.9600
v 1.0188 -13.0495 4.0400
v 1.0188 -12.8495 4.0900
v 1.0188 -12.6295 4.1400
v 1.0188 -12.3995 4.2300
v 1.0188 -12.1995 4.3100
v 1.0088 -11.9595 4.3500
v 1.0088 -11.7395 4.4700
v 1.0088 -11.5195 4.5000
v 1.0088 -11.2895 4.5600
v 1.0088 -11.0695 4.6600
v 0.9988 -10.8295 4.7100
v 0.9988 -10.6095 4.7800
v 0.9988 -10.3795 4.8500
v 0.9988 -10.1595 4.9100
v 0.9988 -9.9595 5.0000
v 0.9888 -9.7395 5.0800
v 0.9888 -9.5095 5.1200
v 0.9888 -9.2795 5.2000
v 0.9888 -9.0695 5.2700
v 0.9888 -8.8395 5.3400
v 0.9788 -8.6395 5.4000
v 0.9788 -8.3995 5.4800
v 0.9788 -8.1995 5.5300
v 0.9788 -7.9695 5.6000
v 0.9788 -7.7295 5.7100
v 0.9788 -7.4995 5.7800
v 0.9688 -7.2995 5.8700
v 0.9688 -7.0495 5.9300
v 0.9688 -6.8095 6.0200
v 0.9688 -6.5995 6.0400
v 0.9688 -6.3695 5.9500
v 0.9588 -6.1195 5.8700
v 0.9588 -5.8795 5.7900
v 0.9588 -5.6295 5.7200
v 0.9588 -5.3795 5.6500
v 0.9488 -5.1395 5.5600
v 0.9488 -4.8895 5.5200
v 0.9488 -4.6495 5.4200
v 0.9488 -4.4295 5.3200
v 0.9488 -4.1595 5.2400
v 0.9388 -3.8795 5.1700
v 0.9388 -3.6395 5.1000
v 0.9388 -3.3995 5.0000
v 0.9388 -3.1595 4.9100
v 0.9388 -2.8895 4.8100
v 0.9288 -2.6695 4.8600
v 0.9288 -2.4495 4.9400
v 0.9288 -2.2395 5.0100
v 0.9288 -2.0395 5.0900
v 0.9288 -1.8095 5.1800
v 0.9188 -1.5795 5.2500
v 0.9188 -1.3495 5.3500
v 0.9188 -1.1295 5.4300
v 0.9188 -0.9095 5.5100
v 0.9188 -0.6795 5.5800
v 0.9188 -0.4795 5.6800
v 0.9088 -0.2795 5.7500
v 0.9088 -0.0595 5.8400
v 0.9088 0.1705 5.8800
v 0.9088 0.4005 5.9700
v 0.9088 0.6205 6.0600
v 0.8988 0.8305 6.1400
v 0.8988 1.0505 6.2000
v 0.8988 1.2805 6.2900
v 0.8988 1.4705 6.3700
v 0.8988 1.6805 6.4600
v 0.8988 1.9005 6.5600
v 0.8888 2.1405 6.5500
v 0.8888 2.3905 6.4700
v 0.8888 2.6605 6.3300
v 0.8888 2.9105 6.2600
v 0.8788 3.1805 6.1800
v 0.8788 3.4205 6.0800
v 1.2988 -15.2495 3.4300
v 1.2988 -15.0595 3.5100
v 1.2988 -14.8195 3.5800
v 1.2988 -14.5995 3.6600
v 1.2888 -14.3795 3.7100
v 1.2888 -14.1995 3.7900
v 1.2888 -13.9395 3.8600
v 1.2888 -13.7195 3.9100
v 1.2888 -13.4995 3.9700
v 1.2888 -13.2795 4.0400
v 1.2788 -13.0595 4.1200
v 1.2788 -12.8095 4.1800
v 1.2788 -12.5995 4.2600
v 1.2788 -12.3795 4.3300
v 1.2788 -12.1595 4.3900
v 1.2688 -11.9295 4.4800
v 1.2688 -11.6995 4.5200
v 1.2688 -11.4995 4.5800
v 1.2688 -11.2795 4.6600
v 1.2688 -11.0395 4.7500
v 1.2588 -10.8095 4.8100
v 1.2588 -10.6095 4.8700
v 1.2588 -10.3795 4.9400
v 1.2588 -10.1695 5.0000
v 1.2588 -9.9395 5.1200
v 1.2488 -9.7195 5.1500
v 1.2488 -9.4995 5.2400
v 1.2488 -9.2595 5.2800
v 1.2488 -9.0295 5.3800
v 1.2488 -8.8095 5.4400
v 1.2488 -8.5995 5.5200
v 1.2388 -8.3495 5.5900
v 1.2388 -8.1295 5.6500
v 1.2388 -7.9395 5.7300
v 1.2388 -7.7295 5.7800
v 1.2388 -7.5095 5.8800
v 1.2288 -7.2995 5.9400
v 1.2288 -7.0695 6.0200
v 1.2288 -6.8495 6.0300
v 1.2288 -6.6195 5.9500
v 1.2288 -6.3595 5.8600
v 1.2188 -6.1295 5.8100
v 1.2188 -5.8695 5.7000
v 1.2188 -5.5995 5.5900
v 1.2188 -5.3695 5.5300
v 1.2188 -5.1095 5.4400
v 1.2088 -4.8795 5.3900
v 1.2088 -4.6295 5.3000
v 1.2088 -4.3795 5.2100
v 1.2088 -4.1095 5.1400
v 1.1988 -3.8795 5.0600
v 1.1988 -3.6295 4.9800
v 1.1988 -3.3595 4.8700
v 1.1988 -3.0995 4.8300
v 1.1988 -2.8395 4.7500
v 1.1888 -2.6295 4.7800
v 1.1888 -2.3995 4.8700
v 1.1888 -2.1695 4.9600
v 1.1888 -1.9595 5.0100
v 1.1888 -1.7695 5.1000
v 1.1788 -1.5495 5.1700
v 1.1788 -1.3195 5.2700
v 1.1788 -1.0895 5.3800
v 1.1788 -0.8695 5.4200
v 1.1788 -0.6695 5.5100
v 1.1688 -0.4395 5.5800
v 1.1688 -0.2095 5.6600
v 1.1688 -0.0095 5.7300
v 1.1688 0.1805 5.8400
v 1.1688 0.4305 5.9000
v 1.1688 0.6505 5.9700
v 1.1588 0.8605 6.0600
v 1.1588 1.0705 6.1400
v 1.1588 1.2905 6.2100
v 1.1588 1.5305 6.2900
v 1.1588 1.7505 6.3800
v 1.1488 1.9705 6.4800
v 1.1488 2.1905 6.5600
v 1.1488 2.4405 6.5400
v 1.1488 2.7005 6.4400
v 1.1488 2.9505 6.3200
v 1.1388 3.1905 6.2500
v 1.6388 -15.3295 3.4000
v 1.6288 -15.0995 3.4500
v 1.6288 -14.8595 3.5500
v 1.6288 -14.6595 3.6400
v 1.6288 -14.4295 3.7100
v 1.6288 -14.2195 3.7900
v 1.6188 -13.9895 3.9000
v 1.6188 -13.7695 4.0000
v 1.6188 -13.5495 4.0700
v 1.6188 -13.3095 4.1200
v 1.6188 -13.0995 4.2000
v 1.6088 -12.8795 4.2700
v 1.6088 -12.6595 4.3800
v 1.6088 -12.4495 4.4500
v 1.6088 -12.2395 4.5200
v 1.6088 -12.0095 4.6000
v 1.5988 -11.7995 4.6800
v 1.5988 -11.5695 4.7400
v 1.5988 -11.3595 4.8100
v 1.5988 -11.1195 4.8700
v 1.5988 -10.8895 4.9300
v 1.5988 -10.6595 5.0100
v 1.5888 -10.4395 5.1000
v 1.5888 -10.1995 5.1700
v 1.5888 -9.9695 5.2200
v 1.5888 -9.7695 5.2900
v 1.5888 -9.5495 5.3600
v 1.5788 -9.3295 5.3900
v 1.5788 -9.1195 5.4800
v 1.5788 -8.9195 5.5500
v 1.5788 -8.6995 5.5900
v 1.5788 -8.4695 5.6500
v 1.5788 -8.2595 5.7600
v 1.5688 -8.0595 5.8100
v 1.5688 -7.8595 5.9100
v 1.5688 -7.6195 5.9500
v 1.5688 -7.3795 6.0400
v 1.5688 -7.1495 6.0100
v 1.5588 -6.9095 5.8700
v 1.5588 -6.6695 5.8200
v 1.5588 -6.3995 5.7200
v 1.5588 -6.1595 5.6800
v 1.5488 -5.9095 5.5900
v 1.5488 -5.6695 5.5100
v 1.5488 -5.4295 5.4400
v 1.5488 -5.1495 5.3400
v 1.5488 -4.8995 5.2500
v 1.5388 -4.6495 5.1900
v 1.5388 -4.3795 5.1100
v 1.5388 -4.1295 5.0400
v 1.5388 -3.8595 4.9500
v 1.5388 -3.6395 4.8900
v 1.5288 -3.3795 4.8000
v 1.5288 -3.1395 4.7100
v 1.5288 -2.8695 4.6200
v 1.5288 -2.6495 4.6700
v 1.5288 -2.4195 4.7500
v 1.5188 -2.2095 4.8400
v 1.5188 -1.9995 4.9000
v 1.5188 -1.7795 4.9800
v 1.5188 -1.5895 5.0800
v 1.5188 -1.3595 5.1400
v 1.5088 -1.1295 5.2300
v 1.5088 -0.9295 5.3000
v 1.5088 -0.6995 5.3800
v 1.5088 -0.4595 5.4600
v 1.5088 -0.2495 5.5500
v 1.5088 -0.0395 5.6400
v 1.4988 0.1905 5.7100
v 1.4988 0.4205 5.8100
v 1.4988 0.6305 5.8800
v 1.4988 0.8505 5.9700
v 1.4888 1.0705 6.0400
v 1.4888 1.2905 6.1300
v 1.4888 1.5105 6.1700
v 1.4888 1.7305 6.2800
v 1.4888 1.9505 6.3500
v 1.4888 2.1505 6.4400
v 1.4788 2.3905 6.5300
v 1.4788 2.6105 6.5900
v 1.4788 2.8705 6.4600
v 1.4788 3.1005 6.3900
v 1.4688 3.3805 6.2800
v 1.9088 -14.9395 3.4000
v 1.8988 -14.7395 3.5200
v 1.8988 -14.5095 3.5800
v 1.8988 -14.2995 3.6600
v 1.8988 -14.0795 3.7400
v 1.8988 -13.8595 3.8300
v 1.8888 -13.6495 3.9100
v 1.8888 -13.4095 3.9800
v 1.8888 -13.1995 4.0400
v 1.8888 -12.9995 4.1500
v 1.8888 -12.7695 4.2100
v 1.8788 -12.5395 4.3100
v 1.8788 -12.3295 4.4000
v 1.8788 -12.1095 4.4700
v 1.8788 -11.8695 4.5500
v 1.8788 -11.6395 4.6300
v 1.8688 -11.4095 4.7200
v 1.8688 -11.2195 4.7900
v 1.8688 -10.9895 4.8700
v 1.8688 -10.7795 4.9500
v 1.8688 -10.5795 5.0300
v 1.8688 -10.3795 5.1100
v 1.8588 -10.1395 5.1900
v 1.8588 -9.9295 5.2900
v 1.8588 -9.7195 5.3600
v 1.8588 -9.5095 5.4400
v 1.8588 -9.3095 5.5100
v 1.8488 -9.0795 5.5800
v 1.8488 -8.8595 5.6900
v 1.8488 -8.6395 5.7700
v 1.8488 -8.4295 5.8300
v 1.8488 -8.2295 5.8800
v 1.8488 -7.9895 5.9600
v 1.8388 -7.7895 6.0500
v 1.8388 -7.5295 6.0100
v 1.8388 -7.3095 5.9300
v 1.8388 -7.0495 5.8500
v 1.8288 -6.7895 5.7800
v 1.8288 -6.5395 5.7100
v 1.8288 -6.2895 5.6100
v 1.8288 -6.0095 5.5300
v 1.8288 -5.7595 5.4500
v 1.8188 -5.4995 5.3500
v 1.8188 -5.2795 5.2800
v 1.8188 -5.0295 5.2000
v 1.8188 -4.7795 5.1500
v 1.8088 -4.5095 5.0400
v 1.8088 -4.2495 4.9500
v 1.8088 -4.0095 4.9100
v 1.8088 -3.7495 4.8100
v 1.8088 -3.5095 4.7300
v 1.7988 -3.2695 4.6500
v 1.7988 -3.0095 4.5600
v 1.7988 -2.7695 4.5300
v 1.7988 -2.5495 4.6400
v 1.7988 -2.3495 4.7000
v 1.7888 -2.1195 4.7600
v 1.7888 -1.8895 4.8700
v 1.7888 -1.6795 4.9300
v 1.7888 -1.4495 5.0200
v 1.7888 -1.2195 5.1000
v 1.7788 -0.9895 5.1800
v 1.7788 -0.7795 5.2400
v 1.7788 -0.5495 5.3500
v 1.7788 -0.3295 5.4400
v 1.7788 -0.1295 5.5200
v 1.7788 0.0905 5.5800
v 1.7688 0.3205 5.6800
v 1.7688 0.5405 5.7400
v 1.7688 0.7505 5.8300
v 1.7688 0.9805 5.9300
v 1.7688 1.2005 6.0000
v 1.7588 1.4205 6.0700
v 1.7588 1.6205 6.1500
v 1.7588 1.8605 6.2500
v 1.7588 2.0805 6.3100
v 1.7588 2.3105 6.4100
v 1.7488 2.5405 6.4800
v 1.7488 2.7705 6.5600
v 1.7488 3.0205 6.5300
v 1.7488 3.2505 6.4200
v 2.0688 -14.9295 3.3200
v 2.0688 -14.7095 3.4400
v 2.0688 -14.4795 3.5400
v 2.0688 -14.2695 3.6100
v 2.0588 -14.0495 3.7000
v 2.0588 -13.8195 3.7700
v 2.0588 -13.5895 3.8600
v 2.0588 -13.3595 3.9600
v 2.0588 -13.1395 4.0200
v 2.0488 -12.9095 4.1200
v 2.0488 -12.6995 4.1900
v 2.0488 -12.4895 4.2600
v 2.0488 -12.2795 4.3300
v 2.0488 -12.0795 4.4200
v 2.0488 -11.8695 4.4900
v 2.0388 -11.6395 4.5700
v 2.0388 -11.4295 4.6600
v 2.0388 -11.2295 4.7400
v 2.0388 -11.0095 4.8200
v 2.0388 -10.7995 4.8700
v 2.0288 -10.5695 4.9600
v 2.0288 -10.3595 5.0400
v 2.0288 -10.1395 5.1400
v 2.0288 -9.9295 5.2100
v 2.0288 -9.7195 5.2700
v 2.0288 -9.5095 5.3600
v 2.0188 -9.3095 5.4400
v 2.0188 -9.0595 5.5100
v 2.0188 -8.8595 5.5900
v 2.0188 -8.6495 5.6700
v 2.0188 -8.4195 5.7800
v 2.0088 -8.1895 5.8400
v 2.0088 -7.9595 5.9400
v 2.0088 -7.7295 6.0500
v 2.0088 -7.4895 5.9400
v 2.0088 -7.2195 5.8100
v 1.9988 -6.9795 5.7500
v 1.9988 -6.7595 5.6900
v 1.9988 -6.4995 5.5900
v 1.9988 -6.2395 5.5300
v 1.9888 -5.9695 5.4400
v 1.9888 -5.7095 5.3800
v 1.9888 -5.4895 5.2900
v 1.9888 -5.2195 5.2000
v 1.9888 -4.9595 5.1300
v 1.9788 -4.7195 5.0500
v 1.9788 -4.4995 4.9700
v 1.9788 -4.2295 4.9000
v 1.9788 -3.9895 4.8200
v 1.9788 -3.7295 4.7700
v 1.9688 -3.4695 4.6400
v 1.9688 -3.2095 4.5600
v 1.9688 -2.9495 4.5000
v 1.9688 -2.7095 4.5100
v 1.9688 -2.4895 4.5900
v 1.9588 -2.2695 4.6800
v 1.9588 -2.0495 4.7600
v 1.9588 -1.8095 4.8400
v 1.9588 -1.5995 4.9300
v 1.9588 -1.3995 5.0100
v 1.9488 -1.1695 5.0600
v 1.9488 -0.9395 5.1600
v 1.9488 -0.7295 5.2300
v 1.9488 -0.4995 5.3100
v 1.9488 -0.2995 5.3700
v 1.9388 -0.0695 5.5000
v 1.9388 0.1405 5.5500
v 1.9388 0.3605 5.6400
v 1.9388 0.5805 5.7200
v 1.9388 0.8305 5.8000
v 1.9288 1.0505 5.8700
v 1.9288 1.2805 6.0000
v 1.9288 1.5005 6.0500
v 1.9288 1.7105 6.1300
v 1.9288 1.9305 6.2100
v 1.9288 2.1305 6.2800
v 1.9188 2.3205 6.3700
v 1.9188 2.5505 6.4500
v 1.9188 2.7805 6.5300
v 1.9188 3.0005 6.5700
v 1.9188 3.2405 6.4800
v 2.2288 -14.6795 3.3500
v 2.2288 -14.4695 3.4800
v 2.2288 -14.2795 3.5700
v 2.2288 -14.0695 3.6300
v 2.2188 -13.8495 3.7300
v 2.2188 -13.6395 3.7900
v 2.2188 -13.4395 3.8700
v 2.2188 -13.2095 3.9600
v 2.2188 -12.9995 4.0300
v 2.2188 -12.7795 4.1000
v 2.2088 -12.5895 4.1800
v 2.2088 -12.3895 4.2500
v 2.2088 -12.1395 4.3400
v 2.2088 -11.9195 4.4400
v 2.2088 -11.7095 4.5000
v 2.1988 -11.5095 4.5700
v 2.1988 -11.3095 4.6300
v 2.1988 -11.0495 4.7200
v 2.1988 -10.8495 4.8000
v 2.1988 -10.6395 4.9000
v 2.1988 -10.4195 4.9900
v 2.1888 -10.2095 5.0500
v 2.1888 -9.9795 5.1400
v 2.1888 -9.7595 5.2200
v 2.1888 -9.5295 5.2800
v 2.1888 -9.2895 5.3700
v 2.1788 -9.0795 5.4300
v 2.1788 -8.8695 5.5400
v 2.1788 -8.6595 5.5800
v 2.1788 -8.4495 5.6800
v 2.1788 -8.2395 5.7400
v 2.1688 -8.0095 5.8400
v 2.1688 -7.8195 5.9400
v 2.1688 -7.5295 5.9100
v 2.1688 -7.2895 5.8200
v 2.1688 -7.0495 5.7300
v 2.1588 -6.7895 5.6500
v 2.1588 -6.5595 5.5900
v 2.1588 -6.2995 5.5000
v 2.1588 -6.0295 5.4100
v 2.1588 -5.8095 5.3100
v 2.1488 -5.5495 5.2700
v 2.1488 -5.2695 5.1800
v 2.1488 -5.0195 5.0900
v 2.1488 -4.7795 5.0000
v 2.1388 -4.5195 4.9300
v 2.1388 -4.2495 4.8500
v 2.1388 -4.0095 4.7900
v 2.1388 -3.7495 4.6600
v 2.1388 -3.4895 4.6200
v 2.1288 -3.2295 4.5200
v 2.1288 -2.9895 4.4500
v 2.1288 -2.7395 4.4400
v 2.1288 -2.5195 4.5300
v 2.1288 -2.3195 4.6300
v 2.1188 -2.0795 4.6800
v 2.1188 -1.8695 4.7700
v 2.1188 -1.6795 4.8600
v 2.1188 -1.4395 4.9200
v 2.1188 -1.2195 5.0200
v 2.1088 -0.9795 5.0800
v 2.1088 -0.7695 5.1600
v 2.1088 -0.5295 5.2300
v 2.1088 -0.2995 5.3600
v 2.1088 -0.0695 5.4100
v 2.0988 0.1205 5.5100
v 2.0988 0.3505 5.5400
v 2.0988 0.5505 5.6600
v 2.0988 0.7805 5.7100
v 2.0988 0.9705 5.8000
v 2.0988 1.1805 5.8800
v 2.0888 1.4105 5.9600
v 2.0888 1.6305 6.0300
v 2.0888 1.8305 6.1300
v 2.0888 2.0105 6.1800
v 2.0888 2.2605 6.2800
v 2.0788 2.5005 6.3700
v 2.0788 2.7005 6.4500
v 2.0788 2.8805 6.5300
v 2.0788 3.1105 6.5900
v 2.0788 3.3905 6.4900
v 2.4688 -14.5195 3.3000
v 2.4688 -14.3295 3.4500
v 2.4688 -14.1395 3.5400
v 2.4688 -13.8995 3.6300
v 2.4688 -13.6695 3.7000
v 2.4688 -13.4595 3.7900
v 2.4588 -13.2695 3.8400
v 2.4588 -13.0295 3.9500
v 2.4588 -12.8195 4.0000
v 2.4588 -12.5895 4.0800
v 2.4588 -12.3995 4.1600
v 2.4488 -12.1595 4.2600
v 2.4488 -11.9395 4.3200
v 2.4488 -11.7395 4.4100
v 2.4488 -11.5295 4.5000
v 2.4488 -11.2895 4.5900
v 2.4388 -11.0495 4.6400
v 2.4388 -10.8195 4.7200
v 2.4388 -10.6195 4.8000
v 2.4388 -10.3995 4.8900
v 2.4388 -10.1895 5.0300
v 2.4388 -9.9995 5.1700
v 2.4288 -9.7795 5.1200
v 2.4288 -9.5495 5.2100
v 2.4288 -9.3195 5.2900
v 2.4288 -9.0895 5.4000
v 2.4288 -8.8895 5.4500
v 2.4188 -8.6795 5.5300
v 2.4188 -8.4395 5.6200
v 2.4188 -8.2395 5.7000
v 2.4188 -8.0295 5.7700
v 2.4188 -7.8295 5.8600
v 2.4088 -7.5695 5.8100
v 2.4088 -7.2995 5.7300
v 2.4088 -7.0395 5.6300
v 2.4088 -6.8195 5.5700
v 2.4088 -6.5395 5.4600
v 2.3988 -6.2695 5.4100
v 2.3988 -6.0195 5.3100
v 2.3988 -5.7695 5.2100
v 2.3988 -5.5195 5.1500
v 2.3988 -5.2495 5.0500
v 2.3888 -4.9995 4.9900
v 2.3888 -4.7695 4.9000
v 2.3888 -4.5295 4.8400
v 2.3888 -4.2495 4.7600
v 2.3788 -3.9895 4.6300
v 2.3788 -3.7395 4.6000
v 2.3788 -3.5095 4.5000
v 2.3788 -3.2495 4.4500
v 2.3788 -2.9895 4.3500
v 2.3688 -2.7595 4.3700
v 2.3688 -2.5295 4.4400
v 2.3688 -2.2895 4.5300
v 2.3688 -2.0595 4.6100
v 2.3688 -1.8595 4.6900
v 2.3588 -1.6295 4.7800
v 2.3588 -1.4095 4.8600
v 2.3588 -1.1895 4.9300
v 2.3588 -0.9895 5.0000
v 2.3588 -0.7895 5.0900
v 2.3588 -0.5695 5.1600
v 2.3488 -0.3395 5.2400
v 2.3488 -0.1195 5.3000
v 2.3488 0.0605 5.4000
v 2.3488 0.2805 5.4900
v 2.3488 0.5005 5.5500
v 2.3488 0.7205 5.6500
v 2.3388 0.9405 5.7300
v 2.3388 1.1405 5.8000
v 2.3388 1.3705 5.8700
v 2.3388 1.5705 5.9600
v 2.3388 1.7905 6.0500
v 2.3288 1.9905 6.1300
v 2.3288 2.2205 6.1800
v 2.3288 2.4505 6.2600
v 2.3288 2.6605 6.3400
v 2.3288 2.8705 6.4400
v 2.3188 3.0805 6.5100
v 2.3188 3.3405 6.5900
v 2.7388 -14.3495 3.3900
v 2.7388 -14.1295 3.4700
v 2.7388 -13.9195 3.5300
v 2.7288 -13.6995 3.6100
v 2.7288 -13.4895 3.7000
v 2.7288 -13.2795 3.7600
v 2.7288 -13.0595 3.8500
v 2.7288 -12.8295 3.9300
v 2.7188 -12.5895 4.0300
v 2.7188 -12.3595 4.1200
v 2.7188 -12.1595 4.1900
v 2.7188 -11.9395 4.2300
v 2.7188 -11.7195 4.3500
v 2.7088 -11.5095 4.4200
v 2.7088 -11.2895 4.4900
v 2.7088 -11.0895 4.5800
v 2.7088 -10.8395 4.6500
v 2.7088 -10.6095 4.7300
v 2.7088 -10.4095 4.7900
v 2.6988 -10.2095 4.8600
v 2.6988 -9.9695 4.9700
v 2.6988 -9.7595 5.0600
v 2.6988 -9.5395 5.1200
v 2.6988 -9.3195 5.1900
v 2.6888 -9.1195 5.2600
v 2.6888 -8.8895 5.3700
v 2.6888 -8.6595 5.4400
v 2.6888 -8.4595 5.5300
v 2.6888 -8.2195 5.5900
v 2.6788 -7.9895 5.7100
v 2.6788 -7.7695 5.8100
v 2.6788 -7.5495 5.7100
v 2.6788 -7.2695 5.6300
v 2.6788 -6.9995 5.5200
v 2.6688 -6.7595 5.4700
v 2.6688 -6.5395 5.4100
v 2.6688 -6.2495 5.2700
v 2.6688 -5.9895 5.2200
v 2.6688 -5.7495 5.1600
v 2.6588 -5.4795 5.0400
v 2.6588 -5.2495 4.9900
v 2.6588 -4.9695 4.8800
v 2.6588 -4.7395 4.8200
v 2.6588 -4.4795 4.7400
v 2.6488 -4.2195 4.6600
v 2.6488 -3.9595 4.5700
v 2.6488 -3.6795 4.4900
v 2.6488 -3.4195 4.4100
v 2.6388 -3.1595 4.3400
v 2.6388 -2.9195 4.2400
v 2.6388 -2.6995 4.2900
v 2.6388 -2.4895 4.3700
v 2.6388 -2.2895 4.4700
v 2.6388 -2.0895 4.5000
v 2.6288 -1.8495 4.6100
v 2.6288 -1.6395 4.7000
v 2.6288 -1.4395 4.7600
v 2.6288 -1.2195 4.8400
v 2.6288 -1.0095 4.9000
v 2.6188 -0.7895 5.0000
v 2.6188 -0.5695 5.0900
v 2.6188 -0.3595 5.1600
v 2.6188 -0.1495 5.2100
v 2.6188 0.0505 5.3300
v 2.6088 0.2905 5.4100
v 2.6088 0.4805 5.4600
v 2.6088 0.7205 5.5600
v 2.6088 0.9405 5.6300
v 2.6088 1.1505 5.7100
v 2.6088 1.3805 5.7900
v 2.5988 1.6005 5.8800
v 2.5988 1.8305 5.9600
v 2.5988 2.0605 6.0400
v 2.5988 2.2505 6.1000
v 2.5988 2.4805 6.1900
v 2.5888 2.7105 6.2900
v 2.5888 2.9105 6.3700
v 2.5888 3.1305 6.4300
v 2.5888 3.3405 6.5100
v 2.9688 -14.0895 3.4100
v 2.9688 -13.8795 3.4500
v 2.9688 -13.6495 3.5300
v 2.9688 -13.4495 3.6400
v 2.9688 -13.2295 3.7200
v 2.9688 -13.0195 3.7800
v 2.9588 -12.7995 3.8700
v 2.9588 -12.5595 3.9400
v 2.9588 -12.3495 4.0400
v 2.9588 -12.1295 4.0900
v 2.9588 -11.9195 4.1700
v 2.9488 -11.6895 4.2700
v 2.9488 -11.4895 4.3800
v 2.9488 -11.2695 4.4100
v 2.9488 -11.0595 4.4700
v 2.9488 -10.8295 4.5700
v 2.9488 -10.6095 4.6400
v 2.9388 -10.3795 4.7100
v 2.9388 -10.1995 4.8000
v 2.9388 -9.9495 4.8900
v 2.9388 -9.7095 4.9600
v 2.9388 -9.4895 5.0500
v 2.9288 -9.2795 5.1300
v 2.9288 -9.0595 5.2300
v 2.9288 -8.8195 5.3100
v 2.9288 -8.6295 5.3900
v 2.9288 -8.4095 5.4600
v 2.9188 -8.1895 5.5500
v 2.9188 -7.9595 5.6300
v 2.9188 -7.7495 5.7100
v 2.9188 -7.4795 5.5900
v 2.9188 -7.2495 5.5100
v 2.9188 -6.9795 5.4100
v 2.9088 -6.7395 5.3600
v 2.9088 -6.4795 5.2900
v 2.9088 -6.2195 5.2000
v 2.9088 -5.9595 5.1100
v 2.8988 -5.6895 5.0300
v 2.8988 -5.4195 4.9400
v 2.8988 -5.1795 4.8700
v 2.8988 -4.9295 4.7700
v 2.8988 -4.6795 4.7200
v 2.8888 -4.4395 4.6300
v 2.8888 -4.2395 4.5700
v 2.8888 -3.9695 4.5000
v 2.8888 -3.6995 4.4100
v 2.8788 -3.4595 4.3200
v 2.8788 -3.2395 4.2400
v 2.8788 -2.9895 4.1800
v 2.8788 -2.7595 4.2100
v 2.8788 -2.5295 4.2800
v 2.8788 -2.3195 4.3600
v 2.8688 -2.0995 4.4500
v 2.8688 -1.8795 4.4900
v 2.8688 -1.6795 4.6100
v 2.8688 -1.4695 4.6700
v 2.8688 -1.2495 4.7600
v 2.8588 -1.0195 4.8300
v 2.8588 -0.8095 4.9100
v 2.8588 -0.6095 4.9900
v 2.8588 -0.3695 5.0800
v 2.8588 -0.1495 5.1800
v 2.8488 0.0905 5.2400
v 2.8488 0.3105 5.3400
v 2.8488 0.5305 5.3900
v 2.8488 0.7505 5.4800
v 2.8488 0.9605 5.5500
v 2.8488 1.1705 5.6400
v 2.8388 1.3705 5.7200
v 2.8388 1.6005 5.8000
v 2.8388 1.8305 5.8700
v 2.8388 2.0705 5.9500
v 2.8388 2.2705 6.0500
v 2.8288 2.4605 6.1000
v 2.8288 2.7005 6.1900
v 2.8288 2.9105 6.2900
v 2.8288 3.1105 6.3400
v 2.8288 3.3505 6.4300
v 3.2088 -13.8295 3.3200
v 3.2088 -13.6195 3.4700
v 3.2088 -13.4095 3.5400
v 3.1988 -13.2295 3.6300
v 3.1988 -12.9795 3.7200
v 3.1988 -12.7595 3.8100
v 3.1988 -12.5495 3.8800
v 3.1988 -12.3495 3.9300
v 3.1888 -12.1195 4.0300
v 3.1888 -11.8895 4.1200
v 3.1888 -11.6695 4.1800
v 3.1888 -11.4695 4.2900
v 3.1888 -11.2295 4.3400
v 3.1788 -10.9895 4.4200
v 3.1788 -10.7595 4.5000
v 3.1788 -10.5595 4.5800
v 3.1788 -10.3295 4.6600
v 3.1788 -10.1095 4.7600
v 3.1688 -9.8895 4.8300
v 3.1688 -9.6895 4.8800
v 3.1688 -9.4595 4.9800
v 3.1688 -9.2395 5.0900
v 3.1688 -9.0395 5.2100
v 3.1688 -8.8095 5.2500
v 3.1588 -8.6095 5.3200
v 3.1588 -8.3595 5.4100
v 3.1588 -8.1395 5.4700
v 3.1588 -7.9395 5.5900
v 3.1588 -7.7095 5.6300
v 3.1488 -7.4295 5.4800
v 3.1488 -7.1495 5.4100
v 3.1488 -6.8995 5.3200
v 3.1488 -6.6395 5.2300
v 3.1488 -6.3795 5.1500
v 3.1388 -6.1395 5.0700
v 3.1388 -5.9095 5.0000
v 3.1388 -5.6695 4.9300
v 3.1388 -5.4295 4.8800
v 3.1288 -5.1495 4.7900
v 3.1288 -4.9095 4.7100
v 3.1288 -4.6995 4.6500
v 3.1288 -4.4395 4.5700
v 3.1288 -4.1895 4.4800
v 3.1188 -3.9195 4.3800
v 3.1188 -3.6695 4.2900
v 3.1188 -3.4295 4.2400
v 3.1188 -3.1895 4.1600
v 3.1188 -2.9395 4.1000
v 3.1088 -2.7095 4.1300
v 3.1088 -2.5095 4.2200
v 3.1088 -2.2795 4.3000
v 3.1088 -2.0595 4.3900
v 3.1088 -1.8595 4.4500
v 3.1088 -1.6395 4.5400
v 3.0988 -1.4095 4.6300
v 3.0988 -1.1795 4.7200
v 3.0988 -0.9395 4.7800
v 3.0988 -0.7395 4.8800
v 3.0988 -0.5195 4.9700
v 3.0888 -0.2995 5.0200
v 3.0888 -0.0895 5.1000
v 3.0888 0.1105 5.1800
v 3.0888 0.3405 5.2600
v 3.0888 0.5705 5.3200
v 3.0788 0.7905 5.4500
v 3.0788 1.0005 5.5200
v 3.0788 1.2105 5.5500
v 3.0788 1.4405 5.6700
v 3.0788 1.6505 5.7200
v 3.0688 1.8605 5.8400
v 3.0688 2.0705 5.9000
v 3.0688 2.3005 5.9600
v 3.0688 2.5305 6.0300
v 3.0688 2.7505 6.1400
v 3.0688 2.9505 6.2300
v 3.0588 3.1805 6.2900
v 3.0588 3.4105 6.3800
v 3.4588 -13.6695 3.4500
v 3.4588 -13.4295 3.4800
v 3.4588 -13.1995 3.5400
v 3.4588 -12.9995 3.6600
v 3.4588 -12.7595 3.7200
v 3.4488 -12.5395 3.8000
v 3.4488 -12.3295 3.8800
v 3.4488 -12.1095 3.9700
v 3.4488 -11.8695 4.0600
v 3.4488 -11.6395 4.1100
v 3.4388 -11.4495 4.1900
v 3.4388 -11.2295 4.2800
v 3.4388 -10.9995 4.3600
v 3.4388 -10.7595 4.4500
v 3.4388 -10.5595 4.5100
v 3.4288 -10.3295 4.6000
v 3.4288 -10.1395 4.6800
v 3.4288 -9.8995 4.7500
v 3.4288 -9.6995 4.8300
v 3.4288 -9.4795 4.9100
v 3.4288 -9.2495 5.0300
v 3.4188 -9.0295 5.1800
v 3.4188 -8.7895 5.1600
v 3.4188 -8.5595 5.2300
v 3.4188 -8.3195 5.3400
v 3.4188 -8.1095 5.4100
v 3.4088 -7.9195 5.5100
v 3.4088 -7.6995 5.5100
v 3.4088 -7.4395 5.4000
v 3.4088 -7.1895 5.3200
v 3.4088 -6.9395 5.2400
v 3.3988 -6.6995 5.1800
v 3.3988 -6.4595 5.0900
v 3.3988 -6.2095 5.0200
v 3.3988 -5.9695 4.9400
v 3.3988 -5.7195 4.8500
v 3.3888 -5.4495 4.7900
v 3.3888 -5.2095 4.6900
v 3.3888 -4.9695 4.6300
v 3.3888 -4.7295 4.5400
v 3.3788 -4.4795 4.4700
v 3.3788 -4.2295 4.4000
v 3.3788 -3.9595 4.3000
v 3.3788 -3.7195 4.2400
v 3.3788 -3.4895 4.1500
v 3.3688 -3.2195 4.0800
v 3.3688 -2.9495 4.0100
v 3.3688 -2.7295 4.0600
v 3.3688 -2.5095 4.1500
v 3.3688 -2.2895 4.2200
v 3.3588 -2.0595 4.3000
v 3.3588 -1.8495 4.3700
v 3.3588 -1.6595 4.4300
v 3.3588 -1.4495 4.5200
v 3.3588 -1.2095 4.6300
v 3.3488 -0.9695 4.6800
v 3.3488 -0.7595 4.7700
v 3.3488 -0.5495 4.8700
v 3.3488 -0.3295 4.9300
v 3.3488 -0.0995 5.0200
v 3.3488 0.1005 5.0900
v 3.3388 0.3005 5.1600
v 3.3388 0.5405 5.2400
v 3.3388 0.7505 5.3200
v 3.3388 0.9705 5.4100
v 3.3388 1.2005 5.4900
v 3.3288 1.4105 5.5800
v 3.3288 1.6305 5.6700
v 3.3288 1.8605 5.7300
v 3.3288 2.0805 5.8300
v 3.3288 2.2905 5.8800
v 3.3188 2.5305 5.9900
v 3.3188 2.7605 6.0600
v 3.3188 2.9605 6.1300
v 3.3188 3.1605 6.2200
v 3.3188 3.4005 6.2900
v 3.6888 -13.4095 3.3600
v 3.6888 -13.1995 3.5100
v 3.6788 -12.9795 3.5600
v 3.6788 -12.7795 3.6400
v 3.6788 -12.5495 3.7300
v 3.6788 -12.3195 3.8300
v 3.6788 -12.1095 3.8900
v 3.6688 -11.8995 3.9600
v 3.6688 -11.6695 4.0400
v 3.6688 -11.4295 4.1200
v 3.6688 -11.2495 4.1900
v 3.6688 -11.0095 4.2800
v 3.6588 -10.7795 4.3600
v 3.6588 -10.5495 4.4200
v 3.6588 -10.3195 4.5100
v 3.6588 -10.0995 4.6100
v 3.6588 -9.8695 4.7000
v 3.6488 -9.6595 4.7600
v 3.6488 -9.4495 4.8500
v 3.6488 -9.2595 5.0000
v 3.6488 -9.0595 5.0800
v 3.6488 -8.8295 5.0800
v 3.6488 -8.5895 5.1600
v 3.6388 -8.3795 5.2400
v 3.6388 -8.1895 5.3200
v 3.6388 -7.9695 5.3800
v 3.6388 -7.7595 5.4600
v 3.6388 -7.4995 5.3500
v 3.6288 -7.2295 5.2400
v 3.6288 -6.9795 5.1500
v 3.6288 -6.7395 5.1100
v 3.6288 -6.5095 5.0400
v 3.6288 -6.2495 4.9500
v 3.6188 -6.0095 4.8500
v 3.6188 -5.7395 4.7800
v 3.6188 -5.4895 4.6900
v 3.6188 -5.2595 4.6300
v 3.6188 -4.9995 4.5300
v 3.6088 -4.7295 4.4700
v 3.6088 -4.4695 4.4100
v 3.6088 -4.2295 4.3200
v 3.6088 -3.9795 4.2100
v 3.5988 -3.6995 4.1400
v 3.5988 -3.4695 4.0800
v 3.5988 -3.2295 4.0100
v 3.5988 -3.0095 3.9300
v 3.5988 -2.7595 3.9900
v 3.5888 -2.5195 4.0700
v 3.5888 -2.3095 4.1500
v 3.5888 -2.0895 4.2300
v 3.5888 -1.8895 4.3300
v 3.5888 -1.6495 4.3800
v 3.5788 -1.4295 4.4400
v 3.5788 -1.2495 4.5300
v 3.5788 -1.0195 4.6200
v 3.5788 -0.7795 4.6900
v 3.5788 -0.5695 4.7600
v 3.5788 -0.3295 4.8600
v 3.5688 -0.1395 4.9400
v 3.5688 0.1005 5.0200
v 3.5688 0.3205 5.1100
v 3.5688 0.5405 5.2100
v 3.5688 0.7505 5.2800
v 3.5588 0.9905 5.3400
v 3.5588 1.2205 5.4200
v 3.5588 1.4005 5.5200
v 3.5588 1.6205 5.5900
v 3.5588 1.8605 5.6700
v 3.5588 2.0805 5.7500
v 3.5488 2.3005 5.8400
v 3.5488 2.5205 5.9200
v 3.5488 2.7305 5.9900
v 3.5488 2.9605 6.0400
v 3.5488 3.1605 6.1600
v 3.5388 3.3905 6.2300
v 3.8888 -13.1795 3.4200
v 3.8888 -12.9695 3.5200
v 3.8888 -12.7495 3.5800
v 3.8788 -12.5095 3.6600
v 3.8788 -12.2795 3.7500
v 3.8788 -12.0495 3.8400
v 3.8788 -11.8495 3.9100
v 3.8788 -11.6095 4.0000
v 3.8688 -11.3795 4.0800
v 3.8688 -11.1795 4.1500
v 3.8688 -10.9695 4.2400
v 3.8688 -10.7495 4.3100
v 3.8688 -10.5395 4.3700
v 3.8688 -10.3295 4.4700
v 3.8588 -10.1095 4.5300
v 3.8588 -9.9095 4.6100
v 3.8588 -9.6895 4.7000
v 3.8588 -9.4795 4.7900
v 3.8588 -9.2795 4.8100
v 3.8488 -9.0495 4.9700
v 3.8488 -8.8095 5.0200
v 3.8488 -8.6095 5.0800
v 3.8488 -8.4195 5.1600
v 3.8488 -8.1995 5.2400
v 3.8488 -7.9795 5.3500
v 3.8388 -7.7495 5.3800
v 3.8388 -7.4795 5.2600
v 3.8388 -7.2295 5.1800
v 3.8388 -6.9995 5.1100
v 3.8388 -6.7295 5.0300
v 3.8288 -6.4795 4.9200
v 3.8288 -6.2195 4.8500
v 3.8288 -5.9595 4.7700
v 3.8288 -5.6995 4.6900
v 3.8188 -5.4495 4.6000
v 3.8188 -5.1995 4.5500
v 3.8188 -4.9595 4.4800
v 3.8188 -4.7295 4.3900
v 3.8188 -4.4595 4.3000
v 3.8088 -4.1995 4.2200
v 3.8088 -3.9395 4.1500
v 3.8088 -3.6995 4.0900
v 3.8088 -3.4595 4.0000
v 3.8088 -3.1795 3.9200
v 3.7988 -2.9495 3.8500
v 3.7988 -2.7495 3.9400
v 3.7988 -2.4995 4.0000
v 3.7988 -2.2995 4.0800
v 3.7988 -2.0895 4.1700
v 3.7888 -1.8595 4.2700
v 3.7888 -1.6395 4.3200
v 3.7888 -1.4095 4.4100
v 3.7888 -1.1795 4.5000
v 3.7888 -0.9695 4.5800
v 3.7788 -0.7495 4.6400
v 3.7788 -0.5195 4.7300
v 3.7788 -0.2995 4.8200
v 3.7788 -0.0895 4.9000
v 3.7788 0.1305 4.9400
v 3.7788 0.3505 5.0800
v 3.7688 0.5805 5.1200
v 3.7688 0.7705 5.2200
v 3.7688 1.0105 5.3000
v 3.7688 1.2305 5.3600
v 3.7688 1.4605 5.4600
v 3.7588 1.6505 5.5300
v 3.7588 1.8805 5.6200
v 3.7588 2.1205 5.7000
v 3.7588 2.3505 5.7700
v 3.7588 2.5505 5.8700
v 3.7488 2.8105 5.9100
v 3.7488 3.0305 6.0400
v 3.7488 3.2405 6.1000
v 4.1388 -12.9695 3.4500
v 4.1288 -12.7195 3.5400
v 4.1288 -12.5095 3.6000
v 4.1288 -12.3095 3.6700
v 4.1288 -12.1095 3.7300
v 4.1288 -11.8895 3.8100
v 4.1288 -11.6695 3.8700
v 4.1188 -11.4495 3.9800
v 4.1188 -11.2395 4.0400
v 4.1188 -11.0295 4.1100
v 4.1188 -10.8195 4.1900
v 4.1188 -10.5995 4.2600
v 4.1088 -10.3895 4.3500
v 4.1088 -10.1595 4.4400
v 4.1088 -9.9495 4.5100
v 4.1088 -9.7395 4.5900
v 4.1088 -9.5295 4.6700
v 4.1088 -9.3195 4.7600
v 4.0988 -9.0995 4.8200
v 4.0988 -8.8595 4.8900
v 4.0988 -8.6595 5.0000
v 4.0988 -8.4595 5.0400
v 4.0988 -8.2295 5.1600
v 4.0888 -7.9895 5.2400
v 4.0888 -7.7695 5.3000
v 4.0888 -7.4995 5.1600
v 4.0888 -7.2495 5.1100
v 4.0888 -6.9895 5.0200
v 4.0788 -6.7395 4.9300
v 4.0788 -6.5095 4.8200
v 4.0788 -6.2595 4.7500
v 4.0788 -5.9895 4.7000
v 4.0788 -5.7395 4.6500
v 4.0688 -5.4795 4.5600
v 4.0688 -5.2295 4.4600
v 4.0688 -4.9795 4.3800
v 4.0688 -4.7295 4.3300
v 4.0588 -4.4895 4.2100
v 4.0588 -4.2495 4.1600
v 4.0588 -3.9895 4.0600
v 4.0588 -3.7295 3.9900
v 4.0588 -3.4795 3.9100
v 4.0488 -3.2095 3.8300
v 4.0488 -2.9895 3.7900
v 4.0488 -2.7295 3.8700
v 4.0488 -2.5095 3.9000
v 4.0488 -2.2895 4.0100
v 4.0388 -2.0795 4.0700
v 4.0388 -1.8395 4.1700
v 4.0388 -1.6195 4.2500
v 4.0388 -1.4295 4.3200
v 4.0388 -1.1995 4.4100
v 4.0288 -0.9595 4.4800
v 4.0288 -0.7395 4.5600
v 4.0288 -0.5495 4.6500
v 4.0288 -0.3095 4.7400
v 4.0288 -0.0895 4.8100
v 4.0188 0.1405 4.8800
v 4.0188 0.3405 4.9600
v 4.0188 0.5705 5.0300
v 4.0188 0.8005 5.1400
v 4.0188 1.0305 5.2300
v 4.0188 1.2405 5.3000
v 4.0088 1.4805 5.3600
v 4.0088 1.7105 5.4500
v 4.0088 1.9205 5.5300
v 4.0088 2.1205 5.6200
v 4.0088 2.3205 5.6900
v 3.9988 2.5405 5.7700
v 3.9988 2.7405 5.8600
v 3.9988 2.9805 5.9000
v 3.9988 3.1705 6.0400
v 3.9988 3.3705 6.1000
v 4.4388 -12.6695 3.4200
v 4.4288 -12.4595 3.5300
v 4.4288 -12.2495 3.5800
v 4.4288 -12.0595 3.6700
v 4.4288 -11.8195 3.7400
v 4.4288 -11.5795 3.8400
v 4.4188 -11.3795 3.9000
v 4.4188 -11.1895 3.9800
v 4.4188 -10.9795 4.0400
v 4.4188 -10.7195 4.1300
v 4.4188 -10.5195 4.1900
v 4.4188 -10.3195 4.2900
v 4.4088 -10.0895 4.3600
v 4.4088 -9.8795 4.4400
v 4.4088 -9.6495 4.5200
v 4.4088 -9.4295 4.6000
v 4.4088 -9.1995 4.6800
v 4.3988 -8.9595 4.7800
v 4.3988 -8.7495 4.8500
v 4.3988 -8.5395 4.9300
v 4.3988 -8.3195 5.0100
v 4.3988 -8.1195 5.0900
v 4.3888 -7.8995 5.1700
v 4.3888 -7.6495 5.1100
v 4.3888 -7.3995 5.0500
v 4.3888 -7.1195 4.9500
v 4.3888 -6.8795 4.8700
v 4.3788 -6.6395 4.8000
v 4.3788 -6.3795 4.7000
v 4.3788 -6.1495 4.6200
v 4.3788 -5.8895 4.5400
v 4.3788 -5.6295 4.4700
v 4.3688 -5.3995 4.4000
v 4.3688 -5.1395 4.3300
v 4.3688 -4.8695 4.2400
v 4.3688 -4.6295 4.1600
v 4.3588 -4.3695 4.0600
v 4.3588 -4.1095 3.9900
v 4.3588 -3.8295 3.9100
v 4.3588 -3.5995 3.8600
v 4.3588 -3.3495 3.7700
v 4.3488 -3.0695 3.6500
v 4.3488 -2.8595 3.7200
v 4.3488 -2.6295 3.7700
v 4.3488 -2.4095 3.8600
v 4.3488 -2.1895 3.9600
v 4.3388 -1.9895 4.0000
v 4.3388 -1.7495 4.1100
v 4.3388 -1.5395 4.1700
v 4.3388 -1.3195 4.2600
v 4.3388 -1.1095 4.3500
v 4.3288 -0.8795 4.4500
v 4.3288 -0.6495 4.5200
v 4.3288 -0.4395 4.5900
v 4.3288 -0.1895 4.6700
v 4.3288 0.0405 4.7500
v 4.3188 0.2705 4.8200
v 4.3188 0.4605 4.9100
v 4.3188 0.6805 4.9800
v 4.3188 0.8905 5.0600
v 4.3188 1.1005 5.1500
v 4.3188 1.2905 5.2200
v 4.3088 1.5305 5.3000
v 4.3088 1.7505 5.3700
v 4.3088 1.9505 5.4700
v 4.3088 2.1605 5.5400
v 4.3088 2.3705 5.5800
v 4.3088 2.5905 5.7100
v 4.2988 2.8305 5.7800
v 4.2988 3.0305 5.8500
v 4.2988 3.2305 5.9100
v 4.6788 -12.5895 3.3800
v 4.6788 -12.3695 3.4900
v 4.6688 -12.1595 3.5500
v 4.6688 -11.9495 3.6400
v 4.6688 -11.7295 3.7200
v 4.6688 -11.5195 3.7800
v 4.6688 -11.2795 3.8400
v 4.6588 -11.0595 3.9500
v 4.6588 -10.8295 4.0400
v 4.6588 -10.6095 4.1200
v 4.6588 -10.3995 4.1800
v 4.6588 -10.1695 4.2700
v 4.6588 -9.9595 4.3400
v 4.6488 -9.7595 4.4100
v 4.6488 -9.5495 4.4800
v 4.6488 -9.3195 4.5600
v 4.6488 -9.0895 4.6700
v 4.6488 -8.8695 4.7500
v 4.6388 -8.6495 4.7800
v 4.6388 -8.4395 4.8900
v 4.6388 -8.2195 4.9800
v 4.6388 -8.0195 5.0600
v 4.6388 -7.8195 5.1000
v 4.6288 -7.5295 4.9900
v 4.6288 -7.2895 4.9200
v 4.6288 -7.0495 4.8300
v 4.6288 -6.7695 4.7600
v 4.6288 -6.5195 4.6500
v 4.6188 -6.2595 4.5700
v 4.6188 -5.9895 4.4900
v 4.6188 -5.7395 4.4400
v 4.6188 -5.4895 4.3300
v 4.6088 -5.2295 4.2700
v 4.6088 -4.9795 4.1900
v 4.6088 -4.7395 4.1400
v 4.6088 -4.4895 4.0300
v 4.6088 -4.2195 3.9600
v 4.5988 -3.9595 3.8900
v 4.5988 -3.7295 3.8300
v 4.5988 -3.4595 3.7100
v 4.5988 -3.2095 3.6400
v 4.5988 -2.9595 3.6000
v 4.5888 -2.7695 3.6900
v 4.5888 -2.5195 3.7400
v 4.5888 -2.2995 3.8300
v 4.5888 -2.0595 3.9100
v 4.5888 -1.8495 3.9900
v 4.5788 -1.6095 4.0600
v 4.5788 -1.3695 4.1600
v 4.5788 -1.1695 4.2600
v 4.5788 -0.9695 4.3200
v 4.5788 -0.7495 4.4000
v 4.5788 -0.5395 4.4600
v 4.5688 -0.3395 4.5400
v 4.5688 -0.1195 4.6500
v 4.5688 0.0905 4.7000
v 4.5688 0.3105 4.7900
v 4.5688 0.5105 4.8600
v 4.5588 0.7105 4.9200
v 4.5588 0.9505 5.0100
v 4.5588 1.1805 5.1100
v 4.5588 1.3905 5.1800
v 4.5588 1.6005 5.2500
v 4.5588 1.8105 5.3400
v 4.5488 2.0405 5.3900
v 4.5488 2.2505 5.4800
v 4.5488 2.4805 5.5600
v 4.5488 2.6905 5.6300
v 4.5488 2.8805 5.7400
v 4.5388 3.1305 5.7800
v 4.5388 3.3605 5.8500
v 4.8188 -12.5395 3.3300
v 4.8188 -12.3095 3.4300
v 4.8188 -12.0695 3.5100
v 4.8188 -11.8895 3.6100
v 4.8188 -11.6595 3.6800
v 4.8188 -11.4495 3.7600
v 4.8088 -11.2395 3.8400
v 4.8088 -11.0195 3.9200
v 4.8088 -10.8195 3.9900
v 4.8088 -10.5795 4.0700
v 4.8088 -10.3495 4.1500
v 4.7988 -10.1295 4.2400
v 4.7988 -9.9395 4.2900
v 4.7988 -9.7095 4.3900
v 4.7988 -9.4795 4.4500
v 4.7988 -9.2895 4.5600
v 4.7888 -9.0595 4.6200
v 4.7888 -8.8595 4.6900
v 4.7888 -8.6295 4.7800
v 4.7888 -8.3995 4.8600
v 4.7888 -8.1995 4.9500
v 4.7888 -7.9695 5.0600
v 4.7788 -7.7095 5.0100
v 4.7788 -7.4495 4.9100
v 4.7788 -7.2195 4.8200
v 4.7788 -6.9495 4.7400
v 4.7688 -6.6795 4.6400
v 4.7688 -6.4395 4.6100
v 4.7688 -6.1895 4.5000
v 4.7688 -5.9395 4.4200
v 4.7688 -5.6595 4.3100
v 4.7588 -5.4195 4.2600
v 4.7588 -5.1595 4.2000
v 4.7588 -4.9195 4.1100
v 4.7588 -4.6695 4.0400
v 4.7488 -4.4195 3.9800
v 4.7488 -4.1595 3.8700
v 4.7488 -3.8995 3.8000
v 4.7488 -3.6395 3.7100
v 4.7488 -3.3595 3.6300
v 4.7388 -3.0995 3.5500
v 4.7388 -2.8795 3.5800
v 4.7388 -2.6695 3.6700
v 4.7388 -2.4495 3.7500
v 4.7388 -2.2395 3.8200
v 4.7288 -2.0295 3.8900
v 4.7288 -1.8195 3.9900
v 4.7288 -1.5995 4.0500
v 4.7288 -1.3795 4.1300
v 4.7288 -1.1895 4.2000
v 4.7288 -0.9695 4.2900
v 4.7188 -0.7595 4.3500
v 4.7188 -0.5195 4.4400
v 4.7188 -0.2995 4.5100
v 4.7188 -0.0895 4.5800
v 4.7188 0.1105 4.6900
v 4.7088 0.3305 4.7200
v 4.7088 0.5605 4.8200
v 4.7088 0.7705 4.8900
v 4.7088 0.9805 4.9600
v 4.7088 1.2005 5.0500
v 4.6988 1.4105 5.1100
v 4.6988 1.6405 5.2200
v 4.6988 1.8705 5.2800
v 4.6988 2.1005 5.3600
v 4.6988 2.3205 5.4700
v 4.6988 2.5205 5.5300
v 4.6888 2.7705 5.5800
v 4.6888 2.9605 5.6800
v 4.6888 3.1805 5.7600
v 4.6888 3.3905 5.8200
v 4.9688 -12.4095 3.2500
v 4.9688 -12.1995 3.4300
v 4.9688 -11.9895 3.5300
v 4.9688 -11.7695 3.5800
v 4.9688 -11.5295 3.6800
v 4.9688 -11.3295 3.7500
v 4.9588 -11.1095 3.8200
v 4.9588 -10.9195 3.9100
v 4.9588 -10.6795 3.9800
v 4.9588 -10.4495 4.0500
v 4.9588 -10.2595 4.1500
v 4.9488 -10.0495 4.2200
v 4.9488 -9.7895 4.3000
v 4.9488 -9.5695 4.3900
v 4.9488 -9.3595 4.4600
v 4.9488 -9.1195 4.5300
v 4.9388 -8.8895 4.6200
v 4.9388 -8.6795 4.7100
v 4.9388 -8.4595 4.7900
v 4.9388 -8.2495 4.8600
v 4.9388 -8.0295 4.9600
v 4.9288 -7.8095 5.0100
v 4.9288 -7.5495 4.9000
v 4.9288 -7.2895 4.8000
v 4.9288 -7.0595 4.7300
v 4.9288 -6.7795 4.6200
v 4.9188 -6.5295 4.5600
v 4.9188 -6.2695 4.4800
v 4.9188 -6.0395 4.4100
v 4.9188 -5.7695 4.3200
v 4.9188 -5.5095 4.2500
v 4.9088 -5.2595 4.1600
v 4.9088 -4.9995 4.0900
v 4.9088 -4.7195 4.0000
v 4.9088 -4.4595 3.9100
v 4.8988 -4.2295 3.8300
v 4.8988 -3.9995 3.7300
v 4.8988 -3.7295 3.6900
v 4.8988 -3.4895 3.6400
v 4.8988 -3.2595 3.5400
v 4.8888 -2.9995 3.4600
v 4.8888 -2.7895 3.5800
v 4.8888 -2.5795 3.6600
v 4.8888 -2.3695 3.7300
v 4.8888 -2.1895 3.7900
v 4.8788 -1.9295 3.8700
v 4.8788 -1.6995 3.9600
v 4.8788 -1.4895 4.0200
v 4.8788 -1.3095 4.1300
v 4.8788 -1.0895 4.1800
v 4.8788 -0.8495 4.2800
v 4.8688 -0.6295 4.3400
v 4.8688 -0.4195 4.4200
v 4.8688 -0.1995 4.5000
v 4.8688 -0.0095 4.5900
v 4.8688 0.2405 4.6600
v 4.8588 0.4605 4.7500
v 4.8588 0.6705 4.8100
v 4.8588 0.9205 4.8900
v 4.8588 1.1405 4.9800
v 4.8588 1.3505 5.0700
v 4.8588 1.5405 5.1500
v 4.8488 1.7605 5.2400
v 4.8488 1.9905 5.2900
v 4.8488 2.2105 5.3600
v 4.8488 2.4205 5.4400
v 4.8488 2.6605 5.5300
v 4.8388 2.8805 5.6000
v 4.8388 3.0805 5.6900
v 4.8388 3.3005 5.7700
v 5.2088 -11.9895 3.3900
v 5.2088 -11.7895 3.4900
v 5.1988 -11.5495 3.6000
v 5.1988 -11.3295 3.6900
v 5.1988 -11.1295 3.7500
v 5.1988 -10.8895 3.8400
v 5.1988 -10.6595 3.9300
v 5.1888 -10.4295 4.0000
v 5.1888 -10.2295 4.0700
v 5.1888 -9.9995 4.1500
v 5.1888 -9.7695 4.2500
v 5.1888 -9.5595 4.3200
v 5.1888 -9.3495 4.3800
v 5.1788 -9.1195 4.4500
v 5.1788 -8.8895 4.5600
v 5.1788 -8.6795 4.6300
v 5.1788 -8.4595 4.7000
v 5.1788 -8.2495 4.7800
v 5.1688 -8.0295 4.8900
v 5.1688 -7.8195 4.9400
v 5.1688 -7.5495 4.8100
v 5.1688 -7.2895 4.7200
v 5.1688 -7.0195 4.6400
v 5.1588 -6.7495 4.5300
v 5.1588 -6.4895 4.4700
v 5.1588 -6.2395 4.4000
v 5.1588 -6.0095 4.3000
v 5.1488 -5.7395 4.2600
v 5.1488 -5.5095 4.1500
v 5.1488 -5.2695 4.0800
v 5.1488 -5.0395 4.0100
v 5.1488 -4.7695 3.9400
v 5.1388 -4.5195 3.8700
v 5.1388 -4.2795 3.7500
v 5.1388 -4.0695 3.7200
v 5.1388 -3.7995 3.6500
v 5.1388 -3.5395 3.5500
v 5.1288 -3.2695 3.3900
v 5.1288 -3.0195 3.2900
v 5.1288 -2.8195 3.4400
v 5.1288 -2.6095 3.5600
v 5.1288 -2.3895 3.6500
v 5.1188 -2.1995 3.7200
v 5.1188 -1.9595 3.8200
v 5.1188 -1.7395 3.8800
v 5.1188 -1.5395 3.9600
v 5.1188 -1.3295 4.0400
v 5.1088 -1.0795 4.1100
v 5.1088 -0.8495 4.2000
v 5.1088 -0.6195 4.2800
v 5.1088 -0.4195 4.3500
v 5.1088 -0.1895 4.4400
v 5.1088 0.0305 4.4800
v 5.0988 0.2305 4.5900
v 5.0988 0.4405 4.6500
v 5.0988 0.6605 4.7400
v 5.0988 0.9005 4.8100
v 5.0988 1.1305 4.9200
v 5.0888 1.3405 4.9900
v 5.0888 1.5305 5.0800
v 5.0888 1.7605 5.1600
v 5.0888 1.9805 5.2500
v 5.0888 2.1905 5.3100
v 5.0888 2.4105 5.3600
v 5.0788 2.6205 5.4300
v 5.0788 2.8605 5.5400
v 5.0788 3.0805 5.6200
v 5.0788 3.2805 5.6800
v 5.4688 -11.9295 3.3600
v 5.4688 -11.7395 3.4300
v 5.4688 -11.4995 3.5300
v 5.4588 -11.2695 3.6000
v 5.4588 -11.0495 3.6900
v 5.4588 -10.8495 3.7700
v 5.4588 -10.6295 3.8600
v 5.4588 -10.3895 3.9300
v 5.4488 -10.1795 4.0100
v 5.4488 -9.9495 4.0900
v 5.4488 -9.7495 4.1400
v 5.4488 -9.5295 4.2500
v 5.4488 -9.3195 4.3200
v 5.4488 -9.0795 4.4200
v 5.4388 -8.8495 4.4800
v 5.4388 -8.6295 4.5600
v 5.4388 -8.3895 4.6500
v 5.4388 -8.1595 4.7300
v 5.4388 -7.9495 4.8500
v 5.4288 -7.7095 4.7800
v 5.4288 -7.4595 4.6900
v 5.4288 -7.2195 4.6100
v 5.4288 -6.9895 4.5400
v 5.4288 -6.7595 4.4600
v 5.4188 -6.4795 4.3600
v 5.4188 -6.2395 4.3400
v 5.4188 -6.0195 4.1900
v 5.4188 -5.7595 4.1300
v 5.4188 -5.5195 4.0800
v 5.4088 -5.2495 3.9800
v 5.4088 -5.0095 3.9100
v 5.4088 -4.7595 3.8500
v 5.4088 -4.4995 3.7600
v 5.3988 -4.2695 3.6900
v 5.3988 -4.0095 3.6000
v 5.3988 -3.7595 3.5500
v 5.3988 -3.4795 3.3300
v 5.3988 -3.2295 3.2400
v 5.3888 -2.9995 3.2300
v 5.3888 -2.7595 3.2500
v 5.3888 -2.5695 3.4700
v 5.3888 -2.3395 3.5700
v 5.3888 -2.1195 3.6600
v 5.3788 -1.9095 3.7300
v 5.3788 -1.6795 3.8100
v 5.3788 -1.4695 3.8900
v 5.3788 -1.2495 3.9800
v 5.3788 -1.0395 4.0200
v 5.3788 -0.8195 4.1000
v 5.3688 -0.5995 4.2000
v 5.3688 -0.3595 4.2800
v 5.3688 -0.1595 4.3600
v 5.3688 0.0305 4.4200
v 5.3688 0.2905 4.5000
v 5.3588 0.5005 4.6100
v 5.3588 0.7105 4.6700
v 5.3588 0.9305 4.7500
v 5.3588 1.1305 4.8300
v 5.3588 1.3605 4.9200
v 5.3588 1.5905 5.0700
v 5.3488 1.8005 5.0700
v 5.3488 2.0305 5.1400
v 5.3488 2.2605 5.2300
v 5.3488 2.4905 5.3200
v 5.3488 2.6805 5.3800
v 5.3388 2.9205 5.4700
v 5.3388 3.1505 5.5600
v 5.3388 3.3605 5.6500
v 5.6988 -11.5695 3.4100
v 5.6988 -11.3395 3.5100
v 5.6988 -11.1295 3.5900
v 5.6988 -10.9095 3.6700
v 5.6888 -10.6795 3.7500
v 5.6888 -10.4495 3.8400
v 5.6888 -10.2295 3.9400
v 5.6888 -9.9895 4.0000
v 5.6888 -9.7595 4.0800
v 5.6788 -9.5395 4.1400
v 5.6788 -9.3395 4.2300
v 5.6788 -9.1495 4.3200
v 5.6788 -8.9295 4.3800
v 5.6788 -8.7195 4.4400
v 5.6688 -8.4895 4.5400
v 5.6688 -8.2795 4.6500
v 5.6688 -8.0695 4.7000
v 5.6688 -7.8695 4.7900
v 5.6688 -7.6095 4.6200
v 5.6588 -7.3395 4.5400
v 5.6588 -7.0895 4.4600
v 5.6588 -6.8495 4.4200
v 5.6588 -6.6095 4.3200
v 5.6588 -6.3495 4.2400
v 5.6488 -6.0895 4.1700
v 5.6488 -5.8595 4.0800
v 5.6488 -5.6095 4.0000
v 5.6488 -5.3495 3.9000
v 5.6488 -5.1195 3.8700
v 5.6388 -4.8495 3.7800
v 5.6388 -4.5995 3.7000
v 5.6388 -4.3395 3.6000
v 5.6388 -4.0695 3.5500
v 5.6388 -3.8095 3.3300
v 5.6288 -3.5395 3.2200
v 5.6288 -3.2995 3.2100
v 5.6288 -3.0795 3.1900
v 5.6288 -2.8395 3.1900
v 5.6288 -2.6195 3.2000
v 5.6188 -2.3995 3.3900
v 5.6188 -2.1995 3.5500
v 5.6188 -1.9995 3.6300
v 5.6188 -1.7795 3.7000
v 5.6188 -1.5495 3.7700
v 5.6088 -1.3295 3.8500
v 5.6088 -1.1395 3.9300
v 5.6088 -0.9095 4.0100
v 5.6088 -0.6995 4.1000
v 5.6088 -0.4595 4.2000
v 5.5988 -0.2295 4.2600
v 5.5988 -0.0295 4.3300
v 5.5988 0.1905 4.4400
v 5.5988 0.4305 4.4900
v 5.5988 0.6505 4.5800
v 5.5988 0.8705 4.6600
v 5.5888 1.1005 4.7000
v 5.5888 1.3405 4.7500
v 5.5888 1.5405 4.9000
v 5.5888 1.7605 4.9200
v 5.5888 1.9705 5.0400
v 5.5788 2.2005 5.1200
v 5.5788 2.4105 5.2100
v 5.5788 2.6405 5.2800
v 5.5788 2.8305 5.3700
v 5.5788 3.0805 5.4300
v 5.5688 3.2805 5.5400
v 5.9188 -11.4595 3.4200
v 5.9188 -11.2295 3.4700
v 5.9188 -11.0195 3.5700
v 5.9188 -10.7895 3.6600
v 5.9188 -10.5795 3.7100
v 5.9088 -10.3795 3.8000
v 5.9088 -10.1795 3.8400
v 5.9088 -9.9495 3.9300
v 5.9088 -9.7195 3.9900
v 5.9088 -9.5195 4.1000
v 5.9088 -9.3095 4.1600
v 5.8988 -9.1195 4.2400
v 5.8988 -8.8895 4.3300
v 5.8988 -8.6595 4.4200
v 5.8988 -8.4495 4.4900
v 5.8988 -8.2495 4.5700
v 5.8888 -8.0295 4.6800
v 5.8888 -7.7895 4.6500
v 5.8888 -7.5295 4.5300
v 5.8888 -7.2995 4.4300
v 5.8888 -7.0195 4.3900
v 5.8788 -6.7695 4.3000
v 5.8788 -6.5395 4.2400
v 5.8788 -6.2995 4.1400
v 5.8788 -6.0095 4.0500
v 5.8788 -5.7495 3.9900
v 5.8688 -5.4895 3.9100
v 5.8688 -5.2595 3.8200
v 5.8688 -4.9895 3.7200
v 5.8688 -4.7395 3.6600
v 5.8588 -4.4995 3.5900
v 5.8588 -4.2595 3.5200
v 5.8588 -3.9695 3.2800
v 5.8588 -3.6995 3.2200
v 5.8588 -3.4495 3.2200
v 5.8488 -3.2295 3.1900
v 5.8488 -2.9995 3.1800
v 5.8488 -2.7495 3.1700
v 5.8488 -2.5195 3.1500
v 5.8488 -2.2995 3.2000
v 5.8388 -2.1295 3.4800
v 5.8388 -1.9195 3.5900
v 5.8388 -1.6895 3.6800
v 5.8388 -1.4595 3.7600
v 5.8388 -1.2595 3.8100
v 5.8388 -1.0495 3.9100
v 5.8288 -0.7895 3.9600
v 5.8288 -0.5595 4.0600
v 5.8288 -0.3495 4.1400
v 5.8288 -0.1395 4.2200
v 5.8288 0.1105 4.3000
v 5.8188 0.3105 4.3900
v 5.8188 0.5305 4.4400
v 5.8188 0.7505 4.5300
v 5.8188 0.9905 4.6200
v 5.8188 1.1905 4.6900
v 5.8088 1.4205 4.7500
v 5.8088 1.6205 4.8500
v 5.8088 1.8605 4.9100
v 5.8088 2.0705 5.0100
v 5.8088 2.2805 5.0900
v 5.7988 2.5105 5.1800
v 5.7988 2.7505 5.2400
v 5.7988 2.9805 5.3200
v 5.7988 3.2005 5.4200
v 5.7988 3.4205 5.5200
v 6.1688 -11.3395 3.3500
v 6.1688 -11.1395 3.4000
v 6.1688 -10.9195 3.5100
v 6.1588 -10.7095 3.5700
v 6.1588 -10.4995 3.6700
v 6.1588 -10.2795 3.7400
v 6.1588 -10.0395 3.8000
v 6.1588 -9.8495 3.9100
v 6.1488 -9.6295 3.9800
v 6.1488 -9.4295 4.0500
v 6.1488 -9.2195 4.1300
v 6.1488 -8.9895 4.2200
v 6.1488 -8.7495 4.2800
v 6.1388 -8.5495 4.3700
v 6.1388 -8.3495 4.4600
v 6.1388 -8.1095 4.5300
v 6.1388 -7.8695 4.6000
v 6.1388 -7.5995 4.4600
v 6.1388 -7.3695 4.4000
v 6.1288 -7.1095 4.3100
v 6.1288 -6.8395 4.2400
v 6.1288 -6.5995 4.1500
v 6.1288 -6.3895 4.1000
v 6.1188 -6.1395 4.0200
v 6.1188 -5.8595 3.9400
v 6.1188 -5.5995 3.8500
v 6.1188 -5.3495 3.7600
v 6.1188 -5.0995 3.6900
v 6.1088 -4.8495 3.6200
v 6.1088 -4.5795 3.5500
v 6.1088 -4.3295 3.3500
v 6.1088 -4.0795 3.2300
v 6.1088 -3.8295 3.2200
v 6.0988 -3.6095 3.2100
v 6.0988 -3.3595 3.1600
v 6.0988 -3.1095 3.1600
v 6.0988 -2.8895 3.1500
v 6.0988 -2.6195 3.1600
v 6.0888 -2.3695 3.1200
v 6.0888 -2.1395 3.1600
v 6.0888 -1.9595 3.3800
v 6.0888 -1.7495 3.5700
v 6.0888 -1.5195 3.6500
v 6.0788 -1.3195 3.7200
v 6.0788 -1.1095 3.7900
v 6.0788 -0.8695 3.8800
v 6.0788 -0.6395 3.9700
v 6.0788 -0.4395 4.0200
v 6.0688 -0.2095 4.1200
v 6.0688 0.0005 4.2000
v 6.0688 0.2305 4.2800
v 6.0688 0.4405 4.3400
v 6.0688 0.6505 4.4100
v 6.0688 0.9005 4.5000
v 6.0588 1.1305 4.5900
v 6.0588 1.3505 4.6700
v 6.0588 1.5805 4.7300
v 6.0588 1.8105 4.8200
v 6.0588 2.0205 4.9300
v 6.0488 2.2105 5.0100
v 6.0488 2.4205 5.0700
v 6.0488 2.6405 5.1400
v 6.0488 2.8605 5.2000
v 6.0488 3.0705 5.3200
v 6.0488 3.2705 5.3600
v 6.3988 -11.1895 3.3500
v 6.3888 -10.9695 3.3900
v 6.3888 -10.7495 3.4800
v 6.3888 -10.5395 3.5600
v 6.3888 -10.3295 3.6800
v 6.3888 -10.1095 3.7500
v 6.3888 -9.8995 3.8100
v 6.3788 -9.6795 3.9000
v 6.3788 -9.4395 3.9800
v 6.3788 -9.2095 4.0600
v 6.3788 -8.9895 4.1500
v 6.3788 -8.7695 4.2100
v 6.3688 -8.5495 4.3100
v 6.3688 -8.3495 4.3900
v 6.3688 -8.1395 4.4900
v 6.3688 -7.9295 4.5300
v 6.3688 -7.6595 4.4200
v 6.3588 -7.3895 4.3300
v 6.3588 -7.1495 4.2500
v 6.3588 -6.9095 4.1700
v 6.3588 -6.6495 4.1200
v 6.3588 -6.3895 4.0300
v 6.3488 -6.1695 3.9500
v 6.3488 -5.9095 3.8400
v 6.3488 -5.6595 3.7900
v 6.3488 -5.4095 3.6900
v 6.3488 -5.1495 3.6400
v 6.3388 -4.8895 3.5600
v 6.3388 -4.6195 3.3900
v 6.3388 -4.3395 3.2300
v 6.3388 -4.0895 3.2200
v 6.3288 -3.8495 3.2000
v 6.3288 -3.6195 3.1800
v 6.3288 -3.3695 3.1700
v 6.3288 -3.1195 3.1400
v 6.3288 -2.8895 3.1500
v 6.3188 -2.6595 3.1300
v 6.3188 -2.3995 3.1000
v 6.3188 -2.1495 3.0900
v 6.3188 -1.9295 3.1200
v 6.3188 -1.7695 3.4500
v 6.3188 -1.5595 3.5700
v 6.3088 -1.3295 3.6500
v 6.3088 -1.1195 3.7100
v 6.3088 -0.9095 3.8000
v 6.3088 -0.6595 3.8800
v 6.3088 -0.4295 3.9500
v 6.2988 -0.2195 4.0200
v 6.2988 0.0105 4.1400
v 6.2988 0.2505 4.2000
v 6.2988 0.4605 4.2800
v 6.2988 0.6605 4.3500
v 6.2888 0.8705 4.4500
v 6.2888 1.0805 4.5000
v 6.2888 1.2905 4.5800
v 6.2888 1.5205 4.6400
v 6.2888 1.7305 4.7300
v 6.2888 1.9405 4.7800
v 6.2788 2.1505 4.8700
v 6.2788 2.3505 4.9500
v 6.2788 2.5905 5.0600
v 6.2788 2.8005 5.1200
v 6.2788 3.0305 5.1900
v 6.2788 3.2305 5.2900
v 6.6088 -10.8795 3.3600
v 6.5988 -10.6395 3.4600
v 6.5988 -10.4295 3.5200
v 6.5988 -10.2095 3.6400
v 6.5988 -10.0195 3.7000
v 6.5988 -9.7895 3.7800
v 6.5888 -9.5795 3.8500
v 6.5888 -9.3495 3.9400
v 6.5888 -9.1195 4.0200
v 6.5888 -8.9095 4.1200
v 6.5888 -8.6895 4.1800
v 6.5888 -8.4695 4.2400
v 6.5788 -8.2495 4.3400
v 6.5788 -8.0595 4.4600
v 6.5788 -7.8095 4.3700
v 6.5788 -7.5395 4.3000
v 6.5688 -7.2995 4.2100
v 6.5688 -7.0395 4.1400
v 6.5688 -6.7795 4.0400
v 6.5688 -6.5395 3.9900
v 6.5688 -6.2595 3.8600
v 6.5588 -6.0095 3.8200
v 6.5588 -5.7595 3.7300
v 6.5588 -5.5095 3.6700
v 6.5588 -5.2495 3.6100
v 6.5588 -4.9695 3.4700
v 6.5488 -4.7095 3.2800
v 6.5488 -4.4695 3.2200
v 6.5488 -4.2195 3.1900
v 6.5488 -3.9795 3.1900
v 6.5388 -3.7495 3.1800
v 6.5388 -3.5095 3.1600
v 6.5388 -3.2595 3.1300
v 6.5388 -3.0195 3.1400
v 6.5388 -2.7895 3.1000
v 6.5288 -2.5395 3.0800
v 6.5288 -2.2895 3.0900
v 6.5288 -2.0595 3.0600
v 6.5288 -1.8095 3.0600
v 6.5288 -1.6195 3.3700
v 6.5288 -1.3995 3.5300
v 6.5188 -1.2095 3.6100
v 6.5188 -0.9895 3.6800
v 6.5188 -0.7895 3.7800
v 6.5188 -0.5695 3.8300
v 6.5188 -0.3595 3.9200
v 6.5088 -0.1195 4.0100
v 6.5088 0.0805 4.0700
v 6.5088 0.2805 4.1800
v 6.5088 0.5005 4.2400
v 6.5088 0.6905 4.2900
v 6.5088 0.9305 4.3700
v 6.4988 1.1605 4.4600
v 6.4988 1.3705 4.5300
v 6.4988 1.5905 4.6200
v 6.4988 1.7905 4.6700
v 6.4988 2.0205 4.7500
v 6.4888 2.2205 4.8300
v 6.4888 2.4605 4.9100
v 6.4888 2.6605 5.0200
v 6.4888 2.8705 5.0700
v 6.4888 3.1105 5.1300
v 6.4888 3.3305 5.2400
v 6.8588 -10.7095 3.4100
v 6.8588 -10.4595 3.4100
v 6.8488 -10.2695 3.5100
v 6.8488 -10.0395 3.6200
v 6.8488 -9.8295 3.7000
v 6.8488 -9.5995 3.7700
v 6.8488 -9.3995 3.8400
v 6.8388 -9.1895 3.9300
v 6.8388 -8.9595 4.0200
v 6.8388 -8.7395 4.0800
v 6.8388 -8.5295 4.1500
v 6.8388 -8.2995 4.2600
v 6.8288 -8.0895 4.3400
v 6.8288 -7.8295 4.3200
v 6.8288 -7.5695 4.2000
v 6.8288 -7.3095 4.1400
v 6.8288 -7.0895 4.0600
v 6.8188 -6.7995 3.9700
v 6.8188 -6.5395 3.8800
v 6.8188 -6.3095 3.8400
v 6.8188 -6.0695 3.7300
v 6.8188 -5.7895 3.6600
v 6.8088 -5.5395 3.5800
v 6.8088 -5.3195 3.5100
v 6.8088 -5.0095 3.3000
v 6.8088 -4.7595 3.2300
v 6.8088 -4.5095 3.2000
v 6.7988 -4.2995 3.1900
v 6.7988 -4.0295 3.1700
v 6.7988 -3.7795 3.1500
v 6.7988 -3.5295 3.1500
v 6.7988 -3.2995 3.1300
v 6.7888 -3.0295 3.1200
v 6.7888 -2.7795 3.0800
v 6.7888 -2.5595 3.1000
v 6.7888 -2.3295 3.0300
v 6.7788 -2.1095 3.0600
v 6.7788 -1.8795 3.0400
v 6.7788 -1.6395 3.0400
v 6.7788 -1.4095 3.1100
v 6.7788 -1.2695 3.4800
v 6.7788 -1.0895 3.5700
v 6.7688 -0.8595 3.6600
v 6.7688 -0.6495 3.7300
v 6.7688 -0.4395 3.8300
v 6.7688 -0.1895 3.8700
v 6.7688 0.0105 3.9600
v 6.7688 0.2205 4.0300
v 6.7588 0.4305 4.1200
v 6.7588 0.6405 4.1800
v 6.7588 0.8705 4.2900
v 6.7588 1.1005 4.3600
v 6.7588 1.3105 4.4200
v 6.7488 1.5005 4.4900
v 6.7488 1.7505 4.5900
v 6.7488 1.9905 4.6500
v 6.7488 2.1905 4.7600
v 6.7488 2.4205 4.8500
v 6.7388 2.6505 4.8900
v 6.7388 2.8705 5.0000
v 6.7388 3.0605 5.0800
v 6.7388 3.2705 5.1500
v 7.1488 -10.2995 3.3700
v 7.1488 -10.0695 3.4900
v 7.1488 -9.8495 3.5900
v 7.1388 -9.6195 3.6600
v 7.1388 -9.4095 3.7400
v 7.1388 -9.1795 3.8500
v 7.1388 -8.9695 3.9100
v 7.1388 -8.7395 4.0000
v 7.1288 -8.5295 4.0900
v 7.1288 -8.2995 4.1500
v 7.1288 -8.0995 4.2600
v 7.1288 -7.8395 4.2400
v 7.1288 -7.5895 4.1200
v 7.1188 -7.3395 4.0300
v 7.1188 -7.0795 3.9400
v 7.1188 -6.8195 3.8700
v 7.1188 -6.5695 3.7900
v 7.1188 -6.3395 3.7200
v 7.1088 -6.0695 3.6100
v 7.1088 -5.7895 3.5400
v 7.1088 -5.5295 3.4100
v 7.1088 -5.2495 3.2500
v 7.0988 -4.9995 3.2200
v 7.0988 -4.7495 3.2200
v 7.0988 -4.5095 3.1800
v 7.0988 -4.2995 3.1800
v 7.0988 -4.0895 3.1600
v 7.0888 -3.8295 3.1400
v 7.0888 -3.6095 3.1400
v 7.0888 -3.3595 3.1100
v 7.0888 -3.1595 3.0900
v 7.0888 -2.8995 3.0800
v 7.0788 -2.6695 3.0600
v 7.0788 -2.4595 3.0500
v 7.0788 -2.2195 3.0400
v 7.0788 -1.9495 3.0200
v 7.0788 -1.7195 3.0200
v 7.0688 -1.4995 2.9900
v 7.0688 -1.2895 3.0000
v 7.0688 -1.1095 3.3900
v 7.0688 -0.9195 3.5300
v 7.0688 -0.6795 3.6100
v 7.0688 -0.4795 3.7000
v 7.0588 -0.2795 3.8000
v 7.0588 -0.0495 3.8600
v 7.0588 0.1905 3.9500
v 7.0588 0.4105 4.0000
v 7.0588 0.6405 4.1100
v 7.0488 0.8405 4.1500
v 7.0488 1.0905 4.2400
v 7.0488 1.2905 4.2900
v 7.0488 1.4705 4.4000
v 7.0488 1.7105 4.4800
v 7.0388 1.9405 4.5700
v 7.0388 2.1605 4.6300
v 7.0388 2.3705 4.7200
v 7.0388 2.6005 4.8000
v 7.0388 2.8105 4.8800
v 7.0388 3.0205 4.9700
v 7.0288 3.2305 5.0600
v 7.3688 -10.2795 3.3200
v 7.3688 -10.0495 3.4100
v 7.3688 -9.8395 3.5400
v 7.3588 -9.6195 3.5800
v 7.3588 -9.4095 3.6700
v 7.3588 -9.1795 3.7500
v 7.3588 -8.9795 3.8400
v 7.3588 -8.7595 3.9200
v 7.3588 -8.5195 4.0100
v 7.3488 -8.3095 4.0900
v 7.3488 -8.0995 4.2000
v 7.3488 -7.8595 4.1300
v 7.3488 -7.5895 4.0100
v 7.3388 -7.3295 3.9500
v 7.3388 -7.0595 3.8700
v 7.3388 -6.7995 3.7900
v 7.3388 -6.5395 3.6900
v 7.3388 -6.2895 3.6100
v 7.3288 -6.0395 3.5300
v 7.3288 -5.7995 3.4500
v 7.3288 -5.5195 3.2400
v 7.3288 -5.2795 3.2100
v 7.3288 -5.0595 3.2000
v 7.3188 -4.8195 3.1700
v 7.3188 -4.5895 3.1900
v 7.3188 -4.3595 3.1400
v 7.3188 -4.1195 3.1300
v 7.3188 -3.9095 3.1300
v 7.3088 -3.6595 3.1300
v 7.3088 -3.4095 3.1100
v 7.3088 -3.1695 3.0900
v 7.3088 -2.9495 3.0700
v 7.3088 -2.7295 3.0400
v 7.2988 -2.4695 3.0500
v 7.2988 -2.2395 3.0200
v 7.2988 -1.9895 3.0100
v 7.2988 -1.7695 2.9900
v 7.2988 -1.5395 2.9800
v 7.2888 -1.2795 2.9600
v 7.2888 -1.0495 3.0000
v 7.2888 -0.8995 3.4200
v 7.2888 -0.6795 3.5700
v 7.2888 -0.4595 3.6300
v 7.2888 -0.2495 3.7000
v 7.2788 -0.0395 3.8200
v 7.2788 0.1805 3.8700
v 7.2788 0.4005 3.9500
v 7.2788 0.6105 4.0300
v 7.2788 0.8505 4.1200
v 7.2688 1.0805 4.1900
v 7.2688 1.2905 4.2500
v 7.2688 1.5105 4.3400
v 7.2688 1.7105 4.4100
v 7.2688 1.9305 4.4900
v 7.2588 2.1405 4.5700
v 7.2588 2.3805 4.6600
v 7.2588 2.5805 4.7500
v 7.2588 2.8105 4.8100
v 7.2588 3.0505 4.8800
v 7.2488 3.2505 4.9800
v 7.4888 -10.1095 3.3300
v 7.4888 -9.9095 3.4100
v 7.4888 -9.7095 3.5600
v 7.4788 -9.4795 3.6200
v 7.4788 -9.2495 3.7000
v 7.4788 -9.0295 3.7500
v 7.4788 -8.7995 3.8600
v 7.4788 -8.5695 3.9400
v 7.4788 -8.3395 4.0300
v 7.4688 -8.1295 4.1300
v 7.4688 -7.8995 4.1300
v 7.4688 -7.6395 4.0000
v 7.4688 -7.3895 3.9000
v 7.4688 -7.1695 3.8700
v 7.4588 -6.9395 3.7800
v 7.4588 -6.6395 3.6800
v 7.4588 -6.4195 3.6300
v 7.4588 -6.1595 3.5200
v 7.4488 -5.9195 3.4200
v 7.4488 -5.6695 3.2400
v 7.4488 -5.4095 3.2300
v 7.4488 -5.1595 3.2100
v 7.4488 -4.9395 3.2000
v 7.4388 -4.7095 3.1700
v 7.4388 -4.4695 3.1500
v 7.4388 -4.2195 3.1400
v 7.4388 -3.9895 3.1300
v 7.4388 -3.7495 3.1100
v 7.4288 -3.5095 3.0800
v 7.4288 -3.2795 3.0800
v 7.4288 -3.0395 3.0600
v 7.4288 -2.7995 3.0400
v 7.4288 -2.5495 3.0400
v 7.4188 -2.2895 3.0300
v 7.4188 -2.0595 3.0000
v 7.4188 -1.8295 2.9900
v 7.4188 -1.5895 2.9800
v 7.4188 -1.3495 2.9600
v 7.4088 -1.1195 2.9400
v 7.4088 -0.9295 3.0300
v 7.4088 -0.7595 3.4900
v 7.4088 -0.5295 3.5900
v 7.4088 -0.3295 3.6500
v 7.3988 -0.1095 3.7300
v 7.3988 0.1105 3.8200
v 7.3988 0.3305 3.8800
v 7.3988 0.5405 3.9700
v 7.3988 0.7705 4.0400
v 7.3988 0.9705 4.1200
v 7.3888 1.2005 4.2000
v 7.3888 1.4305 4.2800
v 7.3888 1.6505 4.3400
v 7.3888 1.8605 4.4400
v 7.3888 2.1105 4.5100
v 7.3788 2.3205 4.5800
v 7.3788 2.5405 4.7000
v 7.3788 2.7605 4.7500
v 7.3788 2.9905 4.8700
v 7.3788 3.2005 4.9400
v 7.3688 3.4105 5.0100
v 7.6288 -9.9995 3.2800
v 7.6188 -9.7695 3.4400
v 7.6188 -9.5395 3.5400
v 7.6188 -9.3495 3.6100
v 7.6188 -9.1295 3.6900
v 7.6188 -8.9195 3.7700
v 7.6088 -8.7195 3.8400
v 7.6088 -8.5095 3.9100
v 7.6088 -8.2995 3.9900
v 7.6088 -8.0695 4.1000
v 7.6088 -7.8295 4.0200
v 7.5988 -7.5995 3.9700
v 7.5988 -7.3595 3.8800
v 7.5988 -7.0895 3.8000
v 7.5988 -6.8195 3.7200
v 7.5988 -6.5795 3.6100
v 7.5888 -6.3495 3.5500
v 7.5888 -6.0895 3.4100
v 7.5888 -5.7995 3.2500
v 7.5888 -5.5695 3.2200
v 7.5888 -5.3295 3.2000
v 7.5788 -5.0995 3.1800
v 7.5788 -4.8795 3.1600
v 7.5788 -4.6195 3.1400
v 7.5788 -4.3795 3.1400
v 7.5688 -4.1295 3.1200
v 7.5688 -3.8795 3.1100
v 7.5688 -3.6295 3.0900
v 7.5688 -3.4095 3.0700
v 7.5688 -3.1895 3.0600
v 7.5588 -2.9295 3.0300
v 7.5588 -2.6995 3.0400
v 7.5588 -2.4495 3.0000
v 7.5588 -2.2295 3.0000
v 7.5588 -1.9495 2.9700
v 7.5488 -1.7195 2.9800
v 7.5488 -1.4995 2.9700
v 7.5488 -1.2695 2.9300
v 7.5488 -1.0195 2.9300
v 7.5488 -0.7995 2.9600
v 7.5488 -0.6695 3.4800
v 7.5388 -0.4695 3.5300
v 7.5388 -0.2495 3.6500
v 7.5388 -0.0095 3.7200
v 7.5388 0.2105 3.7800
v 7.5388 0.4305 3.8800
v 7.5288 0.6605 3.9400
v 7.5288 0.8905 4.0300
v 7.5288 1.1105 4.1000
v 7.5288 1.3305 4.1900
v 7.5288 1.5505 4.2700
v 7.5188 1.7505 4.3600
v 7.5188 1.9805 4.4300
v 7.5188 2.2005 4.5100
v 7.5188 2.4105 4.5900
v 7.5188 2.6405 4.6500
v 7.5188 2.8705 4.7600
v 7.5088 3.0705 4.8200
v 7.5088 3.2905 4.9100
v 7.8688 -9.7595 3.3200
v 7.8688 -9.5595 3.4300
v 7.8688 -9.3695 3.5300
v 7.8588 -9.1795 3.6300
v 7.8588 -8.9195 3.7000
v 7.8588 -8.6895 3.7700
v 7.8588 -8.4995 3.8600
v 7.8588 -8.3095 3.9500
v 7.8488 -8.0895 4.0400
v 7.8488 -7.8095 3.9200
v 7.8488 -7.5695 3.8500
v 7.8488 -7.3295 3.7700
v 7.8488 -7.0595 3.6700
v 7.8388 -6.8095 3.6100
v 7.8388 -6.5495 3.5200
v 7.8388 -6.2995 3.3200
v 7.8388 -6.0095 3.2200
v 7.8288 -5.7595 3.2200
v 7.8288 -5.5295 3.1800
v 7.8288 -5.2895 3.1800
v 7.8288 -5.0495 3.1300
v 7.8288 -4.8195 3.1600
v 7.8188 -4.5995 3.1300
v 7.8188 -4.3495 3.1100
v 7.8188 -4.0995 3.1000
v 7.8188 -3.8495 3.0800
v 7.8188 -3.6095 3.0800
v 7.8088 -3.3895 3.0500
v 7.8088 -3.1395 3.0400
v 7.8088 -2.9195 3.0200
v 7.8088 -2.6795 3.0100
v 7.8088 -2.4395 2.9900
v 7.7988 -2.2195 2.9800
v 7.7988 -1.9695 2.9700
v 7.7988 -1.7095 2.9700
v 7.7988 -1.4895 2.9400
v 7.7988 -1.2495 2.9200
v 7.7888 -1.0095 2.9200
v 7.7888 -0.7395 2.9100
v 7.7888 -0.6195 3.3900
v 7.7888 -0.4195 3.5000
v 7.7888 -0.1695 3.5900
v 7.7788 0.0405 3.6700
v 7.7788 0.2505 3.7400
v 7.7788 0.4705 3.8200
v 7.7788 0.7005 3.9000
v 7.7788 0.9105 3.9700
v 7.7788 1.1405 4.0500
v 7.7688 1.3505 4.1200
v 7.7688 1.5705 4.2100
v 7.7688 1.7805 4.2800
v 7.7688 2.0205 4.3700
v 7.7688 2.2405 4.4600
v 7.7588 2.4605 4.5500
v 7.7588 2.7005 4.6100
v 7.7588 2.9305 4.6900
v 7.7588 3.1505 4.7900
v 7.7588 3.3605 4.8700
v 8.1388 -9.5995 3.3500
v 8.1288 -9.3895 3.4300
v 8.1288 -9.1595 3.5200
v 8.1288 -8.9495 3.6000
v 8.1288 -8.7295 3.6800
v 8.1288 -8.5095 3.7700
v 8.1288 -8.3195 3.8700
v 8.1188 -8.0995 3.9600
v 8.1188 -7.8195 3.8400
v 8.1188 -7.5595 3.7700
v 8.1188 -7.2895 3.6600
v 8.1088 -7.0495 3.5900
v 8.1088 -6.7895 3.5000
v 8.1088 -6.5095 3.3000
v 8.1088 -6.2795 3.2200
v 8.1088 -6.0495 3.2100
v 8.0988 -5.7995 3.1700
v 8.0988 -5.5495 3.1600
v 8.0988 -5.2995 3.1500
v 8.0988 -5.0695 3.1500
v 8.0988 -4.8495 3.1200
v 8.0888 -4.5895 3.1100
v 8.0888 -4.3695 3.1000
v 8.0888 -4.1295 3.0900
v 8.0888 -3.8795 3.0500
v 8.0888 -3.6695 3.0400
v 8.0788 -3.4095 3.0300
v 8.0788 -3.1595 3.0100
v 8.0788 -2.9395 3.0000
v 8.0788 -2.6995 2.9900
v 8.0788 -2.4295 2.9600
v 8.0688 -2.1995 2.9600
v 8.0688 -1.9695 2.9500
v 8.0688 -1.7195 2.9200
v 8.0688 -1.4595 2.9100
v 8.0688 -1.2295 2.9200
v 8.0588 -0.9995 2.8700
v 8.0588 -0.3995 3.4100
v 8.0588 -0.1695 3.5100
v 8.0488 0.0205 3.5900
v 8.0488 0.2605 3.6400
v 8.0488 0.4705 3.7500
v 8.0488 0.6905 3.7900
v 8.0488 0.9205 3.9100
v 8.0488 1.1505 3.9900
v 8.0388 1.3905 4.0300
v 8.0388 1.5905 4.1300
v 8.0388 1.8405 4.2100
v 8.0388 2.0505 4.3100
v 8.0388 2.2605 4.3700
v 8.0288 2.4605 4.4400
v 8.0288 2.6805 4.5300
v 8.0288 2.8805 4.6100
v 8.0288 3.1105 4.7000
v 8.0288 3.3105 4.7800
v 8.3488 -9.3695 3.3500
v 8.3488 -9.1395 3.4300
v 8.3488 -8.9295 3.5400
v 8.3488 -8.7195 3.6100
v 8.3388 -8.4795 3.6900
v 8.3388 -8.2795 3.8100
v 8.3388 -8.0695 3.8500
v 8.3388 -7.8295 3.7400
v 8.3388 -7.5495 3.6500
v 8.3288 -7.2895 3.5800
v 8.3288 -7.0295 3.5100
v 8.3288 -6.7695 3.2800
v 8.3288 -6.5195 3.2200
v 8.3288 -6.2695 3.2300
v 8.3188 -6.0395 3.1800
v 8.3188 -5.8195 3.1800
v 8.3188 -5.5695 3.1700
v 8.3188 -5.3395 3.1300
v 8.3188 -5.1095 3.1200
v 8.3088 -4.8495 3.1200
v 8.3088 -4.6095 3.0900
v 8.3088 -4.3695 3.1000
v 8.3088 -4.1095 3.0600
v 8.3088 -3.8695 3.0500
v 8.2988 -3.6395 3.0200
v 8.2988 -3.3895 3.0300
v 8.2988 -3.1295 2.9900
v 8.2988 -2.9195 3.0000
v 8.2888 -2.6895 2.9900
v 8.2888 -2.4395 2.9600
v 8.2888 -2.1895 2.9400
v 8.2888 -1.9595 2.9400
v 8.2888 -1.7195 2.9000
v 8.2788 -1.4895 2.9200
v 8.2788 -1.2395 2.9300
v 8.2688 -0.1295 3.4100
v 8.2688 0.0805 3.5200
v 8.2688 0.3205 3.6100
v 8.2688 0.5305 3.6400
v 8.2688 0.7105 3.7400
v 8.2588 0.9405 3.8100
v 8.2588 1.1505 3.9000
v 8.2588 1.3605 3.9800
v 8.2588 1.5805 4.0500
v 8.2588 1.7805 4.1500
v 8.2488 2.0005 4.2000
v 8.2488 2.2105 4.2900
v 8.2488 2.4105 4.3600
v 8.2488 2.6505 4.4300
v 8.2488 2.8705 4.5300
v 8.2488 3.0905 4.6100
v 8.2388 3.2905 4.6900
v 8.5488 -9.2595 3.3300
v 8.5388 -9.0095 3.4100
v 8.5388 -8.7895 3.5000
v 8.5388 -8.5795 3.5900
v 8.5388 -8.3995 3.6700
v 8.5388 -8.1595 3.7800
v 8.5288 -7.9095 3.7100
v 8.5288 -7.6795 3.6500
v 8.5288 -7.4195 3.5600
v 8.5288 -7.1795 3.4400
v 8.5188 -6.8795 3.2600
v 8.5188 -6.6195 3.2000
v 8.5188 -6.3995 3.2000
v 8.5188 -6.1495 3.2000
v 8.5188 -5.8995 3.1600
v 8.5088 -5.6495 3.1600
v 8.5088 -5.4195 3.1000
v 8.5088 -5.1695 3.1100
v 8.5088 -4.9095 3.1100
v 8.5088 -4.6795 3.0700
v 8.4988 -4.4595 3.0500
v 8.4988 -4.2295 3.0600
v 8.4988 -3.9695 3.0300
v 8.4988 -3.7295 3.0400
v 8.4988 -3.4795 3.0000
v 8.4888 -3.2695 3.0100
v 8.4888 -3.0095 2.9900
v 8.4888 -2.7795 2.9700
v 8.4888 -2.5295 2.9400
v 8.4888 -2.2895 2.9300
v 8.4788 -2.0395 2.9100
v 8.4788 -1.7695 2.9000
v 8.4788 -1.5295 2.8900
v 8.4688 -0.0095 3.3800
v 8.4588 0.2005 3.4800
v 8.4588 0.3905 3.5700
v 8.4588 0.6005 3.6500
v 8.4588 0.8105 3.7000
v 8.4588 1.0505 3.8100
v 8.4588 1.2805 3.8800
v 8.4488 1.4805 3.9500
v 8.4488 1.6905 4.0300
v 8.4488 1.9105 4.1100
v 8.4488 2.1405 4.1800
v 8.4488 2.3305 4.2800
v 8.4388 2.5605 4.3500
v 8.4388 2.7805 4.4300
v 8.4388 2.9905 4.5100
v 8.4388 3.2005 4.5700
v 8.7588 -8.9895 3.3400
v 8.7588 -8.7695 3.4500
v 8.7588 -8.5495 3.5600
v 8.7588 -8.3395 3.6400
v 8.7588 -8.1295 3.7100
v 8.7488 -7.8495 3.5900
v 8.7488 -7.5895 3.5300
v 8.7488 -7.3195 3.4000
v 8.7488 -7.0695 3.2100
v 8.7388 -6.7995 3.1900
v 8.7388 -6.5495 3.1800
v 8.7388 -6.3395 3.1600
v 8.7388 -6.1195 3.1500
v 8.7388 -5.8595 3.1500
v 8.7288 -5.6095 3.1400
v 8.7288 -5.3795 3.1100
v 8.7288 -5.1395 3.0800
v 8.7288 -4.8895 3.0900
v 8.7288 -4.6395 3.0500
v 8.7188 -4.4395 3.0400
v 8.7188 -4.1695 3.0500
v 8.7188 -3.9095 3.0100
v 8.7188 -3.6595 2.9800
v 8.7188 -3.4395 3.0000
v 8.7088 -3.1695 2.9800
v 8.7088 -2.9195 2.9400
v 8.7088 -2.6995 2.9500
v 8.7088 -2.4695 2.9200
v 8.7088 -2.2595 2.9300
v 8.6988 -2.0195 2.9000
v 8.6988 -1.7795 2.9100
v 8.6888 0.2005 3.4200
v 8.6788 0.3905 3.5100
v 8.6788 0.6105 3.5800
v 8.6788 0.8305 3.6700
v 8.6788 1.0605 3.7500
v 8.6788 1.2705 3.8200
v 8.6688 1.4805 3.8800
v 8.6688 1.6905 3.9600
v 8.6688 1.9405 4.0500
v 8.6688 2.1605 4.1400
v 8.6688 2.3805 4.2100
v 8.6588 2.6005 4.2800
v 8.6588 2.8305 4.3800
v 8.6588 3.0505 4.4300
v 8.6588 3.2505 4.5300
v 8.9788 -8.7495 3.3500
v 8.9788 -8.5195 3.4700
v 8.9788 -8.3095 3.5800
v 8.9688 -8.0895 3.6400
v 8.9688 -7.8395 3.5300
v 8.9688 -7.5895 3.5100
v 8.9688 -7.3095 3.3700
v 8.9588 -7.0595 3.1900
v 8.9588 -6.8195 3.1900
v 8.9588 -6.5895 3.1800
v 8.9588 -6.3295 3.1700
v 8.9588 -6.0995 3.1500
v 8.9588 -5.8595 3.1200
v 8.9488 -5.6095 3.1200
v 8.9488 -5.3595 3.0900
v 8.9488 -5.0995 3.0800
v 8.9488 -4.8695 3.0600
v 8.9388 -4.6095 3.0500
v 8.9388 -4.3695 3.0300
v 8.9388 -4.1395 3.0100
v 8.9388 -3.9395 3.0200
v 8.9388 -3.6895 2.9900
v 8.9388 -3.4695 2.9900
v 8.9288 -3.2195 2.9600
v 8.9288 -2.9995 2.9500
v 8.9288 -2.7695 2.9300
v 8.9288 -2.5295 2.9400
v 8.9188 -2.2995 2.9200
v 8.9188 -2.0795 2.9100
v 8.8988 0.4205 3.3900
v 8.8988 0.6305 3.5000
v 8.8988 0.8705 3.6000
v 8.8988 1.0805 3.6700
v 8.8888 1.3105 3.7500
v 8.8888 1.5105 3.8300
v 8.8888 1.7305 3.9100
v 8.8888 1.9305 3.9700
v 8.8888 2.1605 4.0800
v 8.8788 2.4005 4.1400
v 8.8788 2.6205 4.2400
v 8.8788 2.8305 4.3100
v 8.8788 3.0405 4.3800
v 8.8788 3.2705 4.4500
v 9.1988 -8.6495 3.3300
v 9.1888 -8.4195 3.3700
v 9.1888 -8.2295 3.5500
v 9.1888 -7.9895 3.5500
v 9.1888 -7.7195 3.4400
v 9.1788 -6.9295 3.1600
v 9.1788 -6.6895 3.1700
v 9.1788 -6.4395 3.1800
v 9.1788 -6.1995 3.1500
v 9.1688 -5.9795 3.1200
v 9.1688 -5.7595 3.1100
v 9.1688 -5.5195 3.0800
v 9.1688 -5.2895 3.0600
v 9.1688 -5.0395 3.0500
v 9.1588 -4.8295 3.0300
v 9.1588 -4.5995 3.0400
v 9.1588 -4.3595 3.0200
v 9.1588 -4.1295 3.0000
v 9.1588 -3.8995 2.9800
v 9.1488 -3.6395 2.9600
v 9.1488 -3.4095 2.9400
v 9.1488 -3.1795 2.9400
v 9.1488 -2.9795 2.9200
v 9.1488 -2.7095 2.9100
v 9.1388 -2.4695 2.9100
v 9.1388 -2.2195 2.8900
v 9.1188 0.4905 3.4100
v 9.1188 0.7305 3.4500
v 9.1188 0.9605 3.5500
v 9.1088 1.1605 3.6200
v 9.1088 1.3705 3.7200
v 9.1088 1.6005 3.7900
v 9.1088 1.8105 3.8600
v 9.1088 2.0005 3.9600
v 9.1088 2.2505 4.0200
v 9.0988 2.4605 4.1100
v 9.0988 2.6605 4.1800
v 9.0988 2.8905 4.2800
v 9.0988 3.1105 4.3400
v 9.0988 3.3405 4.4400
v 9.4488 -8.3795 3.4500
v 9.4488 -8.1395 3.5500
v 9.4388 -6.6795 3.1300
v 9.4388 -6.4395 3.1400
v 9.4288 -6.2095 3.1200
v 9.4288 -5.9795 3.1100
v 9.4288 -5.7395 3.0900
v 9.4288 -5.5195 3.0600
v 9.4288 -5.2795 3.0800
v 9.4188 -5.0395 3.0500
v 9.4188 -4.7795 3.0100
v 9.4188 -4.5695 3.0100
v 9.4188 -4.3595 2.9900
v 9.4188 -4.0795 2.9700
v 9.4088 -3.8595 2.9600
v 9.4088 -3.6095 2.9400
v 9.4088 -3.3795 2.9400
v 9.4088 -3.1595 2.9300
v 9.4088 -2.8995 2.9100
v 9.3988 -2.6495 2.8800
v 9.3788 0.7705 3.3800
v 9.3688 0.9905 3.4700
v 9.3688 1.2005 3.5700
v 9.3688 1.4205 3.6400
v 9.3688 1.6505 3.7300
v 9.3688 1.8605 3.8100
v 9.3588 2.1005 3.8800
v 9.3588 2.3205 3.9700
v 9.3588 2.5405 4.0500
v 9.3588 2.7605 4.1300
v 9.3588 3.0005 4.2000
v 9.3588 3.2105 4.2900
v 9.3488 3.4205 4.3700
v 9.7288 -6.5195 3.0900
v 9.7288 -6.3095 3.0900
v 9.7188 -6.0795 3.0800
v 9.7188 -5.8295 3.0900
v 9.7188 -5.5995 3.0700
v 9.7188 -5.3595 3.0400
v 9.7188 -5.1395 3.0000
v 9.7088 -4.8895 3.0000
v 9.7088 -4.6395 2.9900
v 9.7088 -4.4095 2.9700
v 9.7088 -4.1595 2.9600
v 9.7088 -3.8895 2.9500
v 9.6988 -3.6695 2.9300
v 9.6988 -3.4295 2.9200
v 9.6988 -3.1995 2.8800
v 9.6988 -2.9695 2.8900
v 9.6988 -2.7495 2.9300
v 9.6588 0.9705 3.3400
v 9.6588 1.1805 3.4400
v 9.6588 1.4005 3.5400
v 9.6588 1.6305 3.6100
v 9.6588 1.8205 3.7100
v 9.6588 2.0605 3.8000
v 9.6488 2.2705 3.8700
v 9.6488 2.4805 3.9400
v 9.6488 2.7105 4.0100
v 9.6488 2.9505 4.1100
v 9.6488 3.1505 4.1800
v 9.6388 3.3605 4.2600
v 9.9388 -6.1995 3.0600
v 9.9288 -5.9495 3.0700
v 9.9288 -5.6995 3.0600
v 9.9288 -5.4395 3.0300
v 9.9288 -5.2295 3.0100
v 9.9288 -4.9695 2.9800
v 9.9188 -4.7295 2.9800
v 9.9188 -4.5095 2.9700
v 9.9188 -4.2895 2.9400
v 9.9188 -4.0295 2.9300
v 9.9188 -3.7795 2.9100
v 9.9088 -3.5295 2.8900
v 9.9088 -3.3095 2.9000
v 9.9088 -3.0695 2.8700
v 9.8788 1.1205 3.2800
v 9.8688 1.3205 3.4200
v 9.8688 1.5405 3.5100
v 9.8688 1.7405 3.6000
v 9.8688 1.9605 3.6900
v 9.8688 2.1905 3.7700
v 9.8588 2.4205 3.8400
v 9.8588 2.6405 3.9300
v 9.8588 2.8705 4.0200
v 9.8588 3.1005 4.1000
v 9.8588 3.3405 4.1900
v 10.0588 -6.2595 3.0100
v 10.0488 -6.0495 3.0400
v 10.0488 -5.8095 3.0300
v 10.0488 -5.5595 3.0300
v 10.0488 -5.2995 3.0000
v 10.0488 -5.0695 3.0000
v 10.0388 -4.8595 2.9700
v 10.0388 -4.6095 2.9600
v 10.0388 -4.3695 2.9500
v 10.0388 -4.1395 2.9400
v 10.0388 -3.8995 2.9000
v 10.0288 -3.6795 2.9000
v 10.0288 -3.4195 2.8700
v 10.0288 -3.1695 2.8900
v 9.9888 1.2505 3.3500
v 9.9888 1.4905 3.4400
v 9.9888 1.7105 3.5400
v 9.9888 1.9305 3.6300
v 9.9888 2.1405 3.7100
v 9.9788 2.3405 3.8100
v 9.9788 2.5605 3.8600
v 9.9788 2.7605 3.9300
v 9.9788 2.9605 4.0200
v 9.9788 3.2005 4.0800
v 9.9688 3.4005 4.1900
v 10.1988 -6.1095 2.9800
v 10.1988 -5.8995 3.0200
v 10.1988 -5.6595 3.0100
v 10.1988 -5.4195 3.0200
v 10.1988 -5.1995 2.9800
v 10.1888 -4.9395 2.9700
v 10.1888 -4.6795 2.9400
v 10.1888 -4.4595 2.9400
v 10.1888 -4.2195 2.9300
v 10.1888 -3.9695 2.9200
v 10.1788 -3.7195 2.9100
v 10.1788 -3.4895 2.8800
v 10.1388 1.4005 3.2700
v 10.1388 1.5805 3.4400
v 10.1388 1.8205 3.5200
v 10.1388 2.0305 3.6200
v 10.1288 2.2405 3.7100
v 10.1288 2.4305 3.7700
v 10.1288 2.6405 3.8400
v 10.1288 2.8905 3.9400
v 10.1288 3.1205 4.0100
v 10.1188 3.3205 4.0800
v 10.4588 -5.9095 2.9300
v 10.4588 -5.6695 2.9600
v 10.4488 -5.4595 2.9800
v 10.4488 -5.2195 2.9900
v 10.4488 -4.9695 2.9300
v 10.4488 -4.7195 2.9400
v 10.4488 -4.4995 2.9300
v 10.4388 -4.2595 2.9000
v 10.4388 -4.0095 2.8900
v 10.4388 -3.7795 2.8800
v 10.3988 1.5305 3.3600
v 10.3888 1.7405 3.4100
v 10.3888 1.9605 3.5100
v 10.3888 2.1805 3.5600
v 10.3888 2.3805 3.6300
v 10.3888 2.6105 3.7400
v 10.3788 2.8005 3.8300
v 10.3788 3.0305 3.9000
v 10.3788 3.2505 3.9900
v 10.7188 -5.7695 2.8800
v 10.7188 -5.5395 2.9600
v 10.7188 -5.3195 2.9300
v 10.7188 -5.0595 2.9600
v 10.7188 -4.8395 2.9400
v 10.7088 -4.5895 2.9200
v 10.7088 -4.3595 2.9200
v 10.7088 -4.1295 2.9100
v 10.6588 1.8705 3.3800
v 10.6588 2.1005 3.4600
v 10.6588 2.3205 3.5800
v 10.6488 2.5405 3.6500
v 10.6488 2.7405 3.7100
v 10.6488 2.9805 3.8100
v 10.6488 3.2005 3.8800
v 10.6488 3.4105 3.9500
v 10.9288 -5.5195 2.9300
v 10.9288 -5.2695 2.9400
v 10.9188 -5.0395 2.9200
v 10.9188 -4.7695 2.9100
v 10.9188 -4.5495 2.8900
v 10.9188 -4.3195 2.8700
v 10.8588 2.1005 3.3700
v 10.8588 2.3305 3.4900
v 10.8588 2.5505 3.5800
v 10.8588 2.7705 3.6600
v 10.8588 2.9605 3.7100
v 10.8588 3.2005 3.8400
v 10.8488 3.4105 3.8800
v 11.1088 -5.2595 2.9100
v 11.1088 -5.0295 2.9200
v 11.1088 -4.7895 2.9200
v 11.1088 -4.5495 2.9100
v 11.0488 2.1505 3.3900
v 11.0488 2.3605 3.4300
v 11.0488 2.5805 3.5300
v 11.0488 2.7905 3.6100
v 11.0388 3.0305 3.6900
v 11.0388 3.2505 3.7600
v 11.3388 -5.1295 2.8500
v 11.3388 -4.8895 2.8400
v 11.3288 -4.6695 2.8700
v 11.2788 2.3205 3.3500
v 11.2688 2.5305 3.4700
v 11.2688 2.7405 3.5300
v 11.2688 2.9805 3.6100
v 11.2688 3.2005 3.6800
v 11.2688 3.3905 3.7500
v 11.4988 2.6305 3.3700
v 11.4988 2.8505 3.4700
v 11.4888 3.0505 3.5400
v 11.4888 3.2905 3.6600
v 11.7088 2.7805 3.3500
v 11.7088 3.0005 3.5000
v 11.7088 3.2405 3.5500
v 11.9488 3.1305 3.4400
v 11.9488 3.3605 3.5200
v 12.2288 3.2205 3.3900
v 12.2288 3.4205 3.4600
v -15.3412 3.5005 3.4700
v -15.1812 3.4705 3.4800
v -15.1912 3.7405 3.4200
v -15.0112 3.6305 3.5700
v -15.0112 3.8705 3.4500
v -14.7412 3.5405 3.6800
v -14.7412 3.8005 3.5500
v -14.7412 4.0405 3.4700
v -14.4512 3.6405 3.7100
v -14.4612 3.9205 3.5700
v -14.4612 4.1505 3.5300
v -14.4612 4.3805 3.4700
v -14.2412 3.6905 3.7300
v -14.2412 3.9305 3.6300
v -14.2412 4.1905 3.5400
v -14.2412 4.6505 3.4600
v -14.0512 3.5405 3.8800
v -14.0512 3.7905 3.7400
v -14.0612 4.0405 3.6600
v -14.0612 4.3205 3.5500
v -14.0612 4.5605 3.4900
v -14.0612 4.7905 3.5200
v -13.8512 3.4805 3.9600
v -13.8512 3.7205 3.8400
v -13.8512 4.0005 3.7200
v -13.8612 4.3005 3.6200
v -13.8612 4.5505 3.5500
v -13.8612 4.7805 3.4600
v -13.6612 3.4505 4.0100
v -13.6612 3.7005 3.9200
v -13.6612 3.9505 3.8100
v -13.6712 4.2005 3.7400
v -13.6712 4.4705 3.6100
v -13.6712 4.7505 3.5500
v -13.6712 4.9905 3.4900
v -13.4812 3.4305 4.0900
v -13.4812 3.7105 3.9600
v -13.4812 3.9605 3.8900
v -13.4812 4.2005 3.7700
v -13.4912 4.4605 3.6900
v -13.4912 4.7205 3.5700
v -13.4912 4.9905 3.5000
v -13.4912 5.2305 3.4300
v -13.2412 3.5805 4.1000
v -13.2412 3.8205 4.0000
v -13.2512 4.0805 3.9000
v -13.2512 4.3705 3.8100
v -13.2512 4.6405 3.7000
v -13.2512 4.8605 3.6000
v -13.2612 5.1405 3.5100
v -13.2612 5.3905 3.5200
v -12.9512 3.6705 4.1600
v -12.9612 3.9205 4.0400
v -12.9612 4.1705 3.9700
v -12.9612 4.4405 3.8600
v -12.9612 4.6905 3.7900
v -12.9612 4.9305 3.6800
v -12.9712 5.2205 3.5800
v -12.9712 5.4705 3.4900
v -12.9712 5.7105 3.4500
v -12.7312 3.6905 4.1900
v -12.7412 3.9305 4.1200
v -12.7412 4.1905 4.0200
v -12.7412 4.4605 3.9300
v -12.7412 4.7305 3.8300
v -12.7412 5.0005 3.7400
v -12.7512 5.2605 3.6400
v -12.7512 5.5305 3.5300
v -12.7512 5.7705 3.4800
v -12.5912 3.6805 4.2600
v -12.5912 3.9205 4.1400
v -12.5912 4.1505 4.0900
v -12.5912 4.4005 3.9700
v -12.6012 4.6405 3.9200
v -12.6012 4.9005 3.8200
v -12.6012 5.1505 3.7200
v -12.6012 5.4005 3.6200
v -12.6112 5.6505 3.5400
v -12.6112 5.8905 3.4800
v -12.6112 6.1205 3.4700
v -12.4012 3.4505 4.4300
v -12.4012 3.6905 4.3000
v -12.4012 3.9405 4.2100
v -12.4012 4.2005 4.1100
v -12.4112 4.4305 4.0600
v -12.4112 4.6805 3.9400
v -12.4112 4.9705 3.8400
v -12.4112 5.2305 3.7500
v -12.4212 5.4705 3.6900
v -12.4212 5.7005 3.5700
v -12.4212 5.9705 3.4900
v -12.4212 6.2205 3.4600
v -12.1012 3.4505 4.5000
v -12.1112 3.7005 4.3900
v -12.1112 3.9805 4.3000
v -12.1112 4.2205 4.1900
v -12.1112 4.4905 4.1100
v -12.1212 4.7305 3.9900
v -12.1212 4.9605 3.9500
v -12.1212 5.2605 3.8500
v -12.1212 5.5205 3.7300
v -12.1312 5.7805 3.6200
v -12.1312 6.0405 3.5500
v -12.1312 6.3005 3.4700
v -12.1312 6.5205 3.5700
v -11.8112 3.4905 4.5700
v -11.8212 3.7605 4.4600
v -11.8212 4.0005 4.3800
v -11.8212 4.2805 4.3100
v -11.8212 4.5405 4.1900
v -11.8212 4.8105 4.0700
v -11.8312 5.0505 3.9900
v -11.8312 5.2905 3.9000
v -11.8312 5.5405 3.8400
v -11.8312 5.8005 3.7300
v -11.8312 6.0605 3.6100
v -11.8412 6.3405 3.5600
v -11.8412 6.5705 3.5100
v -11.6012 3.6305 4.5900
v -11.6012 3.8605 4.4700
v -11.6012 4.1405 4.4100
v -11.6012 4.4105 4.2900
v -11.6112 4.6805 4.2100
v -11.6112 4.9305 4.1200
v -11.6112 5.1805 3.9900
v -11.6112 5.4405 3.9500
v -11.6212 5.6905 3.8400
v -11.6212 5.9405 3.7700
v -11.6212 6.1905 3.6800
v -11.6212 6.4405 3.5600
v -11.6212 6.7005 3.5200
v -11.6312 6.9605 3.4300
v -11.4212 3.6505 4.6200
v -11.4212 3.8805 4.5500
v -11.4212 4.1505 4.4700
v -11.4312 4.4005 4.3700
v -11.4312 4.6505 4.2600
v -11.4312 4.9005 4.1600
v -11.4312 5.1905 4.0900
v -11.4312 5.4405 3.9800
v -11.4412 5.6905 3.9000
v -11.4412 5.9405 3.8000
v -11.4412 6.2405 3.7200
v -11.4412 6.4905 3.6100
v -11.4512 6.7305 3.5400
v -11.4512 7.0005 3.4800
v -11.2112 3.4305 4.7900
v -11.2112 3.6705 4.6700
v -11.2212 3.9405 4.5700
v -11.2212 4.2205 4.4900
v -11.2212 4.4605 4.4200
v -11.2212 4.7105 4.3000
v -11.2312 4.9805 4.2000
v -11.2312 5.2605 4.1100
v -11.2312 5.5105 4.0200
v -11.2312 5.7205 3.9500
v -11.2312 6.0005 3.8500
v -11.2412 6.2905 3.7400
v -11.2412 6.5205 3.6700
v -11.2412 6.7805 3.5500
v -11.2412 7.0105 3.5200
v -11.2512 7.3005 3.4600
v -11.0012 3.5205 4.8000
v -11.0012 3.7605 4.7300
v -11.0012 4.0205 4.6100
v -11.0112 4.2805 4.5300
v -11.0112 4.5305 4.4500
v -11.0112 4.8105 4.3300
v -11.0112 5.0405 4.2700
v -11.0112 5.3205 4.1500
v -11.0212 5.5705 4.0400
v -11.0212 5.8205 3.9700
v -11.0212 6.1005 3.8800
v -11.0212 6.3605 3.7800
v -11.0212 6.6405 3.6800
v -11.0312 6.9105 3.5900
v -11.0312 7.1805 3.5000
v -11.0312 7.3905 3.5000
v -10.7812 3.5505 4.8600
v -10.7812 3.7705 4.7700
v -10.7912 4.0305 4.6800
v -10.7912 4.3105 4.6000
v -10.7912 4.5905 4.4700
v -10.7912 4.8505 4.3700
v -10.8012 5.1105 4.3000
v -10.8012 5.3805 4.1900
v -10.8012 5.6305 4.1200
v -10.8012 5.8805 4.0400
v -10.8012 6.1205 3.9400
v -10.8112 6.3505 3.8900
v -10.8112 6.6105 3.7800
v -10.8112 6.8905 3.6500
v -10.8112 7.1305 3.5700
v -10.8212 7.3705 3.5200
v -10.8212 7.6105 3.4300
v -10.5312 3.6805 4.9000
v -10.5312 3.9405 4.8200
v -10.5412 4.1905 4.6900
v -10.5412 4.4205 4.6400
v -10.5412 4.6505 4.5500
v -10.5412 4.9205 4.4500
v -10.5412 5.2005 4.3600
v -10.5512 5.4305 4.2700
v -10.5512 5.6705 4.1700
v -10.5512 5.9305 4.0900
v -10.5512 6.1805 4.0100
v -10.5512 6.4405 3.9000
v -10.5612 6.7105 3.7500
v -10.5612 6.9505 3.7300
v -10.5612 7.2005 3.6400
v -10.5612 7.4505 3.5600
v -10.5712 7.7005 3.4900
v -10.2512 3.6605 5.0000
v -10.2512 3.9205 4.9000
v -10.2512 4.1705 4.8100
v -10.2512 4.4005 4.7300
v -10.2612 4.6605 4.6300
v -10.2612 4.9405 4.5300
v -10.2612 5.2005 4.4100
v -10.2612 5.4305 4.3600
v -10.2612 5.6605 4.2800
v -10.2712 5.9305 4.1900
v -10.2712 6.1805 4.1000
v -10.2712 6.4505 4.0100
v -10.2712 6.7005 3.9000
v -10.2812 6.9405 3.8100
v -10.2812 7.2005 3.7000
v -10.2812 7.4805 3.6200
v -10.2812 7.7405 3.5400
v -10.2912 8.0005 3.4700
v -10.0312 3.5705 5.0800
v -10.0312 3.8205 5.0000
v -10.0312 4.0805 4.8800
v -10.0312 4.3205 4.8300
v -10.0412 4.5905 4.7200
v -10.0412 4.8405 4.6500
v -10.0412 5.0805 4.5500
v -10.0412 5.3505 4.4500
v -10.0412 5.6205 4.3600
v -10.0512 5.8905 4.2700
v -10.0512 6.1405 4.1400
v -10.0512 6.4005 4.0600
v -10.0512 6.6605 3.9800
v -10.0512 6.9105 3.8800
v -10.0612 7.1405 3.7900
v -10.0612 7.3905 3.7400
v -10.0612 7.6805 3.6000
v -10.0612 7.9305 3.5200
v -10.0712 8.1905 3.4900
v -9.8612 3.5905 5.1200
v -9.8612 3.8305 5.0300
v -9.8712 4.1105 4.9600
v -9.8712 4.3705 4.8400
v -9.8712 4.6405 4.7500
v -9.8712 4.8805 4.6700
v -9.8712 5.1105 4.5700
v -9.8812 5.3705 4.4900
v -9.8812 5.6405 4.4100
v -9.8812 5.9005 4.3000
v -9.8812 6.1705 4.1900
v -9.8912 6.4205 4.1100
v -9.8912 6.6705 4.0400
v -9.8912 6.9405 3.9000
v -9.8912 7.1605 3.8500
v -9.8912 7.4205 3.7500
v -9.9012 7.7005 3.6600
v -9.9012 7.9505 3.5900
v -9.9012 8.2105 3.4900
v -9.6412 3.6205 5.1800
v -9.6512 3.9105 5.0900
v -9.6512 4.1805 5.0000
v -9.6512 4.4405 4.8900
v -9.6512 4.6805 4.8200
v -9.6612 4.9205 4.7400
v -9.6612 5.2105 4.6400
v -9.6612 5.4405 4.5500
v -9.6612 5.6805 4.4600
v -9.6612 5.9405 4.3700
v -9.6712 6.2105 4.2600
v -9.6712 6.4705 4.1800
v -9.6712 6.7405 4.0700
v -9.6712 6.9805 3.9900
v -9.6812 7.2605 3.9000
v -9.6812 7.5105 3.8200
v -9.6812 7.7805 3.7100
v -9.6812 8.0105 3.6200
v -9.6912 8.3105 3.5400
v -9.6912 8.5605 3.4900
v -9.3312 3.4905 5.3200
v -9.3312 3.7505 5.2500
v -9.3312 4.0105 5.1700
v -9.3312 4.2605 5.0400
v -9.3412 4.5205 4.9500
v -9.3412 4.7905 4.8700
v -9.3412 5.0405 4.8000
v -9.3412 5.3105 4.6800
v -9.3412 5.5605 4.5800
v -9.3512 5.8305 4.5200
v -9.3512 6.0805 4.4200
v -9.3512 6.3605 4.3100
v -9.3512 6.6105 4.2000
v -9.3612 6.8505 4.1300
v -9.3612 7.1205 4.0400
v -9.3612 7.3905 3.9400
v -9.3612 7.6405 3.8500
v -9.3612 7.8905 3.7400
v -9.3712 8.1605 3.6900
v -9.3712 8.4205 3.5600
v -9.3712 8.6605 3.5100
v -9.3712 8.9005 3.4700
v -9.0312 3.6705 5.3700
v -9.0312 3.9305 5.2800
v -9.0412 4.2105 5.1900
v -9.0412 4.4605 5.1100
v -9.0412 4.7005 4.9800
v -9.0412 4.9705 4.9200
v -9.0412 5.2405 4.8200
v -9.0512 5.4805 4.7300
v -9.0512 5.7305 4.6300
v -9.0512 5.9905 4.5400
v -9.0512 6.2505 4.4700
v -9.0612 6.5205 4.3600
v -9.0612 6.7505 4.2700
v -9.0612 7.0405 4.1700
v -9.0612 7.2805 4.1000
v -9.0612 7.5605 3.9800
v -9.0712 7.8205 3.8500
v -9.0712 8.0905 3.7600
v -9.0712 8.3505 3.7100
v -9.0712 8.6205 3.6100
v -9.0812 8.9005 3.5100
v -9.0812 9.1205 3.4900
v -8.8312 3.5005 5.5100
v -8.8312 3.7505 5.4200
v -8.8412 4.0105 5.3000
v -8.8412 4.2805 5.2000
v -8.8412 4.5405 5.1400
v -8.8412 4.7805 5.0300
v -8.8412 5.0405 4.9400
v -8.8512 5.3005 4.8300
v -8.8512 5.5605 4.7700
v -8.8512 5.8205 4.6600
v -8.8512 6.0905 4.5500
v -8.8612 6.3605 4.4600
v -8.8612 6.6305 4.3600
v -8.8612 6.9005 4.2700
v -8.8612 7.1205 4.1900
v -8.8612 7.4005 4.0600
v -8.8712 7.6405 4.0100
v -8.8712 7.8805 3.9100
v -8.8712 8.1205 3.8400
v -8.8712 8.3805 3.7300
v -8.8812 8.6305 3.6700
v -8.8812 8.8905 3.5700
v -8.8812 9.1305 3.4900
v -8.8812 9.3605 3.4000
v -8.6812 3.4405 5.6000
v -8.6812 3.6905 5.4900
v -8.6812 3.9705 5.3700
v -8.6812 4.2205 5.3100
v -8.6912 4.4905 5.1800
v -8.6912 4.7605 5.1100
v -8.6912 5.0305 5.0100
v -8.6912 5.3005 4.9000
v -8.7012 5.5405 4.8200
v -8.7012 5.7905 4.7100
v -8.7012 6.0405 4.6200
v -8.7012 6.2905 4.5500
v -8.7012 6.5205 4.4800
v -8.7112 6.7605 4.3700
v -8.7112 7.0505 4.2800
v -8.7112 7.2905 4.2000
v -8.7112 7.5305 4.1000
v -8.7212 7.7605 3.9900
v -8.7212 8.0505 3.9100
v -8.7212 8.3205 3.8300
v -8.7212 8.5605 3.7400
v -8.7212 8.7905 3.6400
v -8.7312 9.0505 3.5500
v -8.4812 3.5905 5.5700
v -8.4812 3.8505 5.4900
v -8.4912 4.0905 5.3900
v -8.4912 4.3405 5.2900
v -8.4912 4.5705 5.2100
v -8.4912 4.8105 5.1400
v -8.5012 5.0905 5.0400
v -8.5012 5.3305 4.9600
v -8.5012 5.5705 4.8500
v -8.5012 5.8305 4.7700
v -8.5012 6.0705 4.6800
v -8.5112 6.3405 4.5600
v -8.5112 6.5905 4.4900
v -8.5112 6.8505 4.4100
v -8.5112 7.1005 4.2900
v -8.5112 7.3505 4.2400
v -8.5212 7.6105 4.1100
v -8.5212 7.8605 4.0200
v -8.5212 8.1305 3.9400
v -8.5212 8.3705 3.8700
v -8.5312 8.6105 3.7900
v -8.5312 8.8605 3.6800
v -8.5312 9.1505 3.5900
v -8.5312 9.4105 3.5300
v -8.2612 3.5905 5.6500
v -8.2712 3.8305 5.5700
v -8.2712 4.0805 5.4700
v -8.2712 4.3305 5.3700
v -8.2712 4.6005 5.2700
v -8.2812 4.8605 5.1800
v -8.2812 5.1005 5.1100
v -8.2812 5.3505 5.0100
v -8.2812 5.6005 4.9100
v -8.2812 5.8705 4.8200
v -8.2912 6.1105 4.7200
v -8.2912 6.3705 4.6400
v -8.2912 6.6205 4.5600
v -8.2912 6.8705 4.4700
v -8.3012 7.1305 4.3800
v -8.3012 7.4005 4.2700
v -8.3012 7.6805 4.1800
v -8.3012 7.9405 4.0800
v -8.3012 8.1805 4.0000
v -8.3112 8.4505 3.9000
v -8.3112 8.7005 3.8100
v -8.3112 8.9505 3.7200
v -8.3112 9.1905 3.6200
v -8.3212 9.4605 3.5400
v -8.3212 9.7205 3.5100
v -8.0412 3.4805 5.7600
v -8.0512 3.7605 5.6500
v -8.0512 4.0005 5.5800
v -8.0512 4.2705 5.4900
v -8.0512 4.5205 5.3500
v -8.0512 4.7505 5.2800
v -8.0612 5.0305 5.1800
v -8.0612 5.3105 5.0700
v -8.0612 5.5705 5.0100
v -8.0612 5.8205 4.9100
v -8.0612 6.0805 4.8200
v -8.0712 6.3405 4.7400
v -8.0712 6.6005 4.6300
v -8.0712 6.8505 4.5400
v -8.0712 7.0905 4.4500
v -8.0812 7.3505 4.3800
v -8.0812 7.6405 4.2400
v -8.0812 7.9005 4.1500
v -8.0812 8.1305 4.0700
v -8.0812 8.3705 3.9900
v -8.0912 8.6505 3.8800
v -8.0912 8.9005 3.8100
v -8.0912 9.1405 3.7100
v -8.0912 9.4105 3.6000
v -8.1012 9.6705 3.5200
v -8.1012 9.9205 3.4900
v -7.7912 3.5405 5.8400
v -7.8012 3.8205 5.7700
v -7.8012 4.1005 5.6300
v -7.8012 4.3205 5.5600
v -7.8012 4.5905 5.4500
v -7.8012 4.8605 5.3500
v -7.8112 5.1005 5.3100
v -7.8112 5.3505 5.1600
v -7.8112 5.6005 5.0900
v -7.8112 5.8905 4.9800
v -7.8212 6.1705 4.8600
v -7.8212 6.3905 4.7800
v -7.8212 6.6405 4.7000
v -7.8212 6.9005 4.6200
v -7.8212 7.1705 4.5100
v -7.8312 7.4005 4.4400
v -7.8312 7.6605 4.3400
v -7.8312 7.9105 4.2500
v -7.8312 8.1905 4.1400
v -7.8412 8.4605 4.0700
v -7.8412 8.7005 3.9600
v -7.8412 8.9605 3.8800
v -7.8412 9.2505 3.7800
v -7.8412 9.5105 3.6800
v -7.8512 9.7505 3.5800
v -7.8512 10.0105 3.5000
v -7.8512 10.2905 3.4100
v -7.5212 3.5205 5.8600
v -7.5312 3.7905 5.8100
v -7.5312 4.0505 5.7100
v -7.5312 4.3005 5.6400
v -7.5312 4.5605 5.5400
v -7.5312 4.8105 5.4800
v -7.5412 5.0805 5.3800
v -7.5412 5.3105 5.2800
v -7.5412 5.5405 5.2100
v -7.5412 5.8305 5.1200
v -7.5412 6.0705 5.0400
v -7.5512 6.3405 4.9100
v -7.5512 6.6005 4.8400
v -7.5512 6.8605 4.7100
v -7.5512 7.1305 4.6100
v -7.5612 7.3905 4.5400
v -7.5612 7.6605 4.4100
v -7.5612 7.9105 4.3400
v -7.5612 8.1905 4.2200
v -7.5712 8.4505 4.1200
v -7.5712 8.7005 4.0400
v -7.5712 8.9405 3.9600
v -7.5712 9.2105 3.8300
v -7.5712 9.4905 3.7400
v -7.5812 9.7205 3.6800
v -7.5812 9.9805 3.5900
v -7.5812 10.2405 3.5000
v -7.5812 10.5105 3.3900
v -7.3212 3.6605 5.7300
v -7.3212 3.8905 5.6600
v -7.3212 4.1505 5.5900
v -7.3212 4.4005 5.5000
v -7.3212 4.6505 5.4200
v -7.3312 4.9105 5.3500
v -7.3312 5.1705 5.2900
v -7.3312 5.4305 5.2200
v -7.3312 5.6705 5.1300
v -7.3412 5.9605 5.0300
v -7.3412 6.2005 4.9700
v -7.3412 6.4705 4.8800
v -7.3412 6.7205 4.7800
v -7.3512 6.9705 4.7400
v -7.3512 7.2105 4.6600
v -7.3512 7.4905 4.5400
v -7.3512 7.7405 4.4800
v -7.3512 7.9705 4.3900
v -7.3612 8.2605 4.3300
v -7.3612 8.5105 4.2200
v -7.3612 8.7805 4.1400
v -7.3612 9.0205 4.0200
v -7.3712 9.3105 3.8800
v -7.3712 9.5705 3.8300
v -7.3712 9.8405 3.7300
v -7.3712 10.1105 3.6100
v -7.3712 10.3805 3.5100
v -7.3812 10.6605 3.3700
v -7.1612 3.5405 5.7100
v -7.1612 3.8205 5.5900
v -7.1612 4.0905 5.5100
v -7.1612 4.3405 5.4300
v -7.1712 4.6005 5.3600
v -7.1712 4.8505 5.3000
v -7.1712 5.0805 5.2400
v -7.1712 5.3505 5.1200
v -7.1812 5.6105 5.0500
v -7.1812 5.8805 4.9300
v -7.1812 6.1105 4.8800
v -7.1812 6.3805 4.8100
v -7.1812 6.6105 4.7400
v -7.1912 6.8805 4.6700
v -7.1912 7.1205 4.5900
v -7.1912 7.4005 4.4900
v -7.1912 7.6505 4.4300
v -7.1912 7.9205 4.3500
v -7.2012 8.1705 4.2700
v -7.2012 8.4405 4.2000
v -7.2012 8.7205 4.1100
v -7.2012 8.9305 4.0500
v -7.2112 9.1905 3.9600
v -7.2112 9.4405 3.8700
v -7.2112 9.6905 3.8100
v -7.2112 9.9205 3.7200
v -7.2112 10.1905 3.6600
v -7.2212 10.4305 3.5800
v -7.2212 10.6705 3.5400
v -6.9412 3.5705 5.6200
v -6.9412 3.8505 5.5200
v -6.9412 4.1205 5.4400
v -6.9412 4.3405 5.3800
v -6.9512 4.6005 5.2800
v -6.9512 4.8605 5.2200
v -6.9512 5.1205 5.1200
v -6.9512 5.3705 5.0400
v -6.9512 5.6205 4.9700
v -6.9612 5.9105 4.8400
v -6.9612 6.1705 4.7900
v -6.9612 6.4105 4.7100
v -6.9612 6.6905 4.6000
v -6.9712 6.9605 4.5200
v -6.9712 7.2105 4.4800
v -6.9712 7.4305 4.4100
v -6.9712 7.6705 4.3500
v -6.9712 7.9305 4.2600
v -6.9812 8.1805 4.1600
v -6.9812 8.4305 4.1000
v -6.9812 8.6705 4.0200
v -6.9812 8.9205 3.9100
v -6.9812 9.1605 3.8500
v -6.9912 9.4105 3.7800
v -6.9912 9.6705 3.6900
v -6.9912 9.9305 3.6400
v -6.9912 10.1705 3.5400
v -7.0012 10.4205 3.5400
v -7.0012 10.6205 3.5400
v -6.6212 3.6505 5.4600
v -6.6212 3.9305 5.3900
v -6.6212 4.1905 5.2900
v -6.6212 4.4405 5.2400
v -6.6212 4.7205 5.1200
v -6.6312 4.9905 5.0500
v -6.6312 5.2505 4.9700
v -6.6312 5.4805 4.8900
v -6.6312 5.7305 4.8000
v -6.6312 5.9805 4.7300
v -6.6412 6.2205 4.6400
v -6.6412 6.4605 4.5700
v -6.6412 6.7205 4.5000
v -6.6412 6.9805 4.4200
v -6.6512 7.2205 4.3300
v -6.6512 7.4705 4.2500
v -6.6512 7.7005 4.1900
v -6.6512 7.9605 4.1300
v -6.6512 8.2305 4.0400
v -6.6612 8.4805 3.9500
v -6.6612 8.7205 3.8700
v -6.6612 8.9705 3.8000
v -6.6612 9.2405 3.7200
v -6.6612 9.4905 3.6000
v -6.6712 9.7405 3.5400
v -6.6712 9.9805 3.4800
v -6.6712 10.2105 3.4700
v -6.3312 3.6205 5.3900
v -6.3312 3.8505 5.3200
v -6.3312 4.0905 5.2300
v -6.3312 4.3505 5.1400
v -6.3312 4.5905 5.0800
v -6.3412 4.8305 4.9900
v -6.3412 5.0805 4.9100
v -6.3412 5.3405 4.8200
v -6.3412 5.5905 4.7500
v -6.3412 5.8105 4.6600
v -6.3512 6.0605 4.5900
v -6.3512 6.3305 4.5300
v -6.3512 6.6105 4.4300
v -6.3512 6.8205 4.3600
v -6.3612 7.0805 4.3000
v -6.3612 7.3105 4.2400
v -6.3612 7.5905 4.1200
v -6.3612 7.8305 4.0600
v -6.3612 8.0805 3.9900
v -6.3712 8.3305 3.9100
v -6.3712 8.5905 3.8200
v -6.3712 8.8505 3.7400
v -6.3712 9.1105 3.6300
v -6.3712 9.3705 3.5700
v -6.3812 9.6405 3.5000
v -6.3812 9.8905 3.4500
v -6.1512 3.5705 5.3500
v -6.1512 3.8105 5.2600
v -6.1512 4.0405 5.1900
v -6.1512 4.3005 5.0900
v -6.1512 4.5605 5.0000
v -6.1612 4.8205 4.9700
v -6.1612 5.0605 4.8800
v -6.1612 5.3205 4.7700
v -6.1612 5.5505 4.7100
v -6.1712 5.8305 4.6000
v -6.1712 6.0605 4.5300
v -6.1712 6.3205 4.4700
v -6.1712 6.5705 4.3400
v -6.1712 6.8305 4.2900
v -6.1812 7.0805 4.2300
v -6.1812 7.3505 4.1400
v -6.1812 7.6205 4.0500
v -6.1812 7.8805 3.9600
v -6.1912 8.1105 3.9000
v -6.1912 8.3705 3.8300
v -6.1912 8.6205 3.7400
v -6.1912 8.8705 3.6800
v -6.1912 9.1205 3.5600
v -6.2012 9.3705 3.5200
v -6.2012 9.6405 3.4700
v -6.0012 3.5305 5.3000
v -6.0112 3.7705 5.2300
v -6.0112 4.0405 5.1500
v -6.0112 4.2805 5.0600
v -6.0112 4.5505 4.9200
v -6.0112 4.7905 4.8900
v -6.0212 5.0405 4.7800
v -6.0212 5.3105 4.7200
v -6.0212 5.5505 4.6400
v -6.0212 5.8305 4.5800
v -6.0312 6.1005 4.4700
v -6.0312 6.3405 4.4100
v -6.0312 6.6005 4.3100
v -6.0312 6.8305 4.2200
v -6.0312 7.1005 4.1500
v -6.0412 7.3405 4.0700
v -6.0412 7.6005 3.9800
v -6.0412 7.8405 3.9200
v -6.0412 8.1305 3.8300
v -6.0412 8.3705 3.7600
v -6.0512 8.6205 3.6800
v -6.0512 8.8705 3.5900
v -6.0512 9.1005 3.5300
v -6.0512 9.3505 3.5200
v -5.8012 3.5605 5.1900
v -5.8112 3.8505 5.1300
v -5.8112 4.1305 5.0100
v -5.8112 4.3705 4.9300
v -5.8112 4.6405 4.8500
v -5.8112 4.8805 4.7900
v -5.8212 5.1205 4.7200
v -5.8212 5.3705 4.6000
v -5.8212 5.6205 4.5500
v -5.8212 5.8905 4.4600
v -5.8312 6.1605 4.3800
v -5.8312 6.4005 4.2900
v -5.8312 6.6305 4.2500
v -5.8312 6.8905 4.1400
v -5.8312 7.1505 4.0900
v -5.8412 7.3905 4.0100
v -5.8412 7.6505 3.9100
v -5.8412 7.8805 3.8500
v -5.8412 8.1605 3.7700
v -5.8512 8.4405 3.6500
v -5.8512 8.6605 3.6200
v -5.8512 8.9405 3.5200
v -5.8512 9.1805 3.4800
v -5.5812 3.5905 5.1300
v -5.5812 3.8305 5.0600
v -5.5912 4.1005 4.9700
v -5.5912 4.3705 4.9000
v -5.5912 4.6305 4.7700
v -5.5912 4.8705 4.7100
v -5.6012 5.1105 4.6500
v -5.6012 5.3905 4.5700
v -5.6012 5.6405 4.4900
v -5.6012 5.8705 4.3900
v -5.6012 6.1305 4.3100
v -5.6112 6.3805 4.2600
v -5.6112 6.6405 4.1700
v -5.6112 6.9105 4.0900
v -5.6112 7.1505 4.0100
v -5.6112 7.4105 3.9300
v -5.6212 7.6905 3.8500
v -5.6212 7.9505 3.7700
v -5.6212 8.1705 3.6900
v -5.6212 8.4505 3.6000
v -5.6312 8.7205 3.5000
v -5.6312 8.9705 3.4600
v -5.3712 3.6505 5.0300
v -5.3712 3.8905 4.9500
v -5.3812 4.1305 4.8900
v -5.3812 4.4105 4.7700
v -5.3812 4.6505 4.7100
v -5.3812 4.8905 4.6100
v -5.3912 5.1705 4.5200
v -5.3912 5.4205 4.4600
v -5.3912 5.6905 4.3700
v -5.3912 5.9305 4.3000
v -5.3912 6.2005 4.2200
v -5.4012 6.4505 4.1300
v -5.4012 6.7205 4.0400
v -5.4012 6.9605 3.9900
v -5.4012 7.2105 3.9000
v -5.4112 7.4705 3.8200
v -5.4112 7.7405 3.7400
v -5.4112 8.0005 3.6600
v -5.4112 8.2405 3.5600
v -5.4112 8.5005 3.4900
v -5.4212 8.7505 3.4700
v -5.1412 3.5105 4.9700
v -5.1412 3.7705 4.9000
v -5.1512 4.0505 4.8400
v -5.1512 4.3205 4.7300
v -5.1512 4.5405 4.6500
v -5.1512 4.8205 4.5500
v -5.1612 5.0905 4.4900
v -5.1612 5.3305 4.4100
v -5.1612 5.5505 4.3100
v -5.1612 5.8305 4.2300
v -5.1712 6.1105 4.1700
v -5.1712 6.3505 4.0700
v -5.1712 6.5905 4.0000
v -5.1712 6.8405 3.9600
v -5.1712 7.1305 3.8100
v -5.1812 7.3605 3.7900
v -5.1812 7.6205 3.6700
v -5.1812 7.8805 3.5900
v -5.1812 8.1505 3.5200
v -5.1912 8.4205 3.4700
v -4.8912 3.4805 4.9000
v -4.9012 3.7405 4.8200
v -4.9012 4.0205 4.7200
v -4.9012 4.2805 4.6400
v -4.9012 4.5105 4.5600
v -4.9012 4.7805 4.4700
v -4.9112 5.0305 4.4200
v -4.9112 5.3005 4.3300
v -4.9112 5.5305 4.2700
v -4.9112 5.8005 4.1400
v -4.9212 6.0605 4.0800
v -4.9212 6.3405 3.9900
v -4.9212 6.5905 3.9200
v -4.9212 6.8505 3.8600
v -4.9212 7.1305 3.7500
v -4.9312 7.3705 3.7000
v -4.9312 7.6105 3.5800
v -4.9312 7.8405 3.5200
v -4.9312 8.0905 3.4600
v -4.9412 8.3305 3.4600
v -4.6912 3.4905 4.8400
v -4.7012 3.7605 4.7400
v -4.7012 4.0205 4.6800
v -4.7012 4.2905 4.5800
v -4.7012 4.5605 4.4900
v -4.7012 4.8205 4.4000
v -4.7112 5.0805 4.3500
v -4.7112 5.3205 4.2700
v -4.7112 5.5705 4.1800
v -4.7112 5.8005 4.1100
v -4.7212 6.0505 4.0100
v -4.7212 6.2905 3.9600
v -4.7212 6.5605 3.8700
v -4.7212 6.8105 3.7800
v -4.7212 7.0405 3.7200
v -4.7312 7.2805 3.6300
v -4.7312 7.5405 3.5500
v -4.7312 7.8005 3.4900
v -4.7312 8.0605 3.4100
v -4.5212 3.6205 4.7500
v -4.5212 3.8605 4.6500
v -4.5212 4.1005 4.5700
v -4.5212 4.3505 4.5100
v -4.5212 4.5805 4.4300
v -4.5312 4.8605 4.3200
v -4.5312 5.1005 4.2400
v -4.5312 5.3405 4.1800
v -4.5312 5.5805 4.1100
v -4.5312 5.8205 4.0400
v -4.5412 6.0805 3.9700
v -4.5412 6.3605 3.8600
v -4.5412 6.6105 3.7800
v -4.5412 6.8505 3.7100
v -4.5512 7.0805 3.6300
v -4.5512 7.3405 3.5600
v -4.5512 7.6005 3.5000
v -4.5512 7.8505 3.4700
v -4.2712 3.5105 4.6500
v -4.2712 3.7405 4.6000
v -4.2712 3.9905 4.5600
v -4.2812 4.2405 4.4300
v -4.2812 4.5005 4.3400
v -4.2812 4.7505 4.2500
v -4.2812 5.0105 4.2200
v -4.2812 5.2505 4.1100
v -4.2912 5.4905 4.0400
v -4.2912 5.7305 3.9900
v -4.2912 6.0005 3.8800
v -4.2912 6.2705 3.7900
v -4.2912 6.4905 3.7400
v -4.3012 6.7505 3.6400
v -4.3012 7.0205 3.5700
v -4.3012 7.2805 3.4900
v -3.9412 3.5505 4.4900
v -3.9412 3.8305 4.4500
v -3.9512 4.0905 4.4000
v -3.9512 4.3305 4.3000
v -3.9512 4.5905 4.2000
v -3.9512 4.8305 4.1400
v -3.9512 5.0805 4.0700
v -3.9612 5.3405 3.9800
v -3.9612 5.5805 3.8600
v -3.9612 5.8505 3.8100
v -3.9612 6.1405 3.7200
v -3.9712 6.3705 3.6600
v -3.9712 6.6405 3.5500
v -3.9712 6.8905 3.4800
v -3.9712 7.1305 3.4300
v -3.6612 3.6605 4.5800
v -3.6612 3.9305 4.4800
v -3.6612 4.1905 4.3800
v -3.6712 4.4405 4.2900
v -3.6712 4.7105 4.2000
v -3.6712 4.9405 4.1000
v -3.6712 5.1805 4.0100
v -3.6812 5.4405 3.9200
v -3.6812 5.7005 3.8400
v -3.6812 5.9805 3.7200
v -3.6812 6.2405 3.6300
v -3.6812 6.4905 3.5500
v -3.6912 6.7305 3.4700
v -3.6912 6.9605 3.4400
v -3.4812 3.4405 4.6900
v -3.4812 3.6905 4.6100
v -3.4912 3.9605 4.4900
v -3.4912 4.2205 4.4200
v -3.4912 4.5005 4.3300
v -3.4912 4.7405 4.1900
v -3.4912 4.9805 4.1000
v -3.5012 5.2405 4.0300
v -3.5012 5.5005 3.9200
v -3.5012 5.7505 3.8400
v -3.5012 6.0005 3.7700
v -3.5012 6.2405 3.6800
v -3.5112 6.5205 3.5800
v -3.5112 6.7805 3.5000
v -3.5112 7.0205 3.4200
v -3.3312 3.6105 4.6400
v -3.3312 3.8505 4.6100
v -3.3412 4.1305 4.4900
v -3.3412 4.3705 4.4100
v -3.3412 4.6405 4.2700
v -3.3412 4.8905 4.2100
v -3.3512 5.1605 4.1100
v -3.3512 5.4305 4.0200
v -3.3512 5.6905 3.9100
v -3.3512 5.9605 3.8400
v -3.3512 6.2205 3.7300
v -3.3612 6.4805 3.6300
v -3.3612 6.7305 3.5300
v -3.3612 6.9605 3.4800
v -3.1212 3.5605 4.7500
v -3.1212 3.8505 4.6700
v -3.1212 4.1105 4.5800
v -3.1212 4.3605 4.4700
v -3.1312 4.6205 4.4000
v -3.1312 4.9005 4.2700
v -3.1312 5.1405 4.1800
v -3.1312 5.3805 4.0900
v -3.1312 5.6405 3.9900
v -3.1412 5.9105 3.8900
v -3.1412 6.1605 3.8300
v -3.1412 6.4405 3.7200
v -3.1412 6.6705 3.6400
v -3.1512 6.9305 3.5400
v -3.1512 7.1805 3.4800
v -2.8912 3.6005 4.8100
v -2.8912 3.8805 4.7400
v -2.8912 4.1505 4.6100
v -2.8912 4.4005 4.5100
v -2.9012 4.6405 4.4600
v -2.9012 4.9005 4.3300
v -2.9012 5.1705 4.2500
v -2.9012 5.4205 4.1600
v -2.9112 5.6905 4.0600
v -2.9112 5.9505 3.9600
v -2.9112 6.2105 3.8800
v -2.9112 6.4905 3.7600
v -2.9112 6.7605 3.6700
v -2.9212 7.0205 3.5800
v -2.9212 7.2705 3.5100
v -2.9212 7.4905 3.5100
v -2.6712 3.4905 4.9200
v -2.6812 3.7405 4.8600
v -2.6812 4.0005 4.7100
v -2.6812 4.2805 4.6200
v -2.6812 4.5505 4.5500
v -2.6812 4.8005 4.4300
v -2.6912 5.0705 4.3300
v -2.6912 5.3505 4.2300
v -2.6912 5.6005 4.1400
v -2.6912 5.8305 4.0700
v -2.7012 6.0805 3.9900
v -2.7012 6.3205 3.9000
v -2.7012 6.5705 3.8200
v -2.7012 6.8405 3.7200
v -2.7012 7.0805 3.6400
v -2.7112 7.3205 3.5300
v -2.4512 3.6205 4.9400
v -2.4612 3.8705 4.8600
v -2.4612 4.1205 4.7600
v -2.4612 4.3505 4.6900
v -2.4612 4.5805 4.6200
v -2.4612 4.8705 4.5000
v -2.4712 5.1205 4.4100
v -2.4712 5.3605 4.3000
v -2.4712 5.6105 4.1800
v -2.4712 5.8205 4.1500
v -2.4812 6.1305 4.0400
v -2.4812 6.4005 3.9100
v -2.4812 6.6205 3.8700
v -2.4812 6.8805 3.7700
v -2.4812 7.1305 3.6900
v -2.4912 7.3905 3.6200
v -2.4912 7.6205 3.5100
v -2.4912 7.8905 3.4500
v -2.2112 3.5505 5.0400
v -2.2112 3.8005 4.9800
v -2.2112 4.0505 4.8800
v -2.2112 4.3005 4.7700
v -2.2212 4.5605 4.6900
v -2.2212 4.8305 4.6000
v -2.2212 5.0905 4.5000
v -2.2212 5.3305 4.4300
v -2.2312 5.5505 4.3100
v -2.2312 5.8405 4.2200
v -2.2312 6.0905 4.1500
v -2.2312 6.3505 4.0400
v -2.2312 6.5905 3.9400
v -2.2412 6.8305 3.8600
v -2.2412 7.1205 3.7400
v -2.2412 7.3805 3.6800
v -2.2412 7.6405 3.5600
v -2.2512 7.9105 3.4700
v -2.2512 8.1505 3.4500
v -2.0012 3.4805 5.1300
v -2.0112 3.7205 5.0600
v -2.0112 3.9905 4.9500
v -2.0112 4.2605 4.8700
v -2.0112 4.5105 4.7600
v -2.0112 4.7405 4.6800
v -2.0212 5.0105 4.6000
v -2.0212 5.2805 4.5000
v -2.0212 5.5505 4.4000
v -2.0212 5.8205 4.3100
v -2.0312 6.0705 4.2100
v -2.0312 6.3405 4.0900
v -2.0312 6.5905 4.0000
v -2.0312 6.8205 3.9400
v -2.0312 7.0705 3.8400
v -2.0412 7.3405 3.7300
v -2.0412 7.6105 3.6700
v -2.0412 7.8905 3.5200
v -2.0412 8.1105 3.5000
v -2.0512 8.3305 3.4700
v -1.8212 3.5405 5.1900
v -1.8312 3.8005 5.0900
v -1.8312 4.0605 5.0000
v -1.8312 4.3105 4.9100
v -1.8312 4.6005 4.7900
v -1.8412 4.8405 4.6700
v -1.8412 5.0705 4.6100
v -1.8412 5.3205 4.5300
v -1.8412 5.6005 4.4300
v -1.8512 5.8605 4.3300
v -1.8512 6.1205 4.2300
v -1.8512 6.3705 4.1400
v -1.8512 6.6105 4.0500
v -1.8512 6.8805 3.9500
v -1.8612 7.1305 3.8600
v -1.8612 7.3805 3.7600
v -1.8612 7.6505 3.6700
v -1.8612 7.8905 3.5700
v -1.8612 8.1505 3.5200
v -1.8712 8.4205 3.4300
v -1.5912 3.6205 5.2400
v -1.5912 3.9005 5.1300
v -1.5912 4.1605 5.0500
v -1.6012 4.4305 4.9300
v -1.6012 4.6705 4.8700
v -1.6012 4.9205 4.7800
v -1.6012 5.2005 4.6600
v -1.6112 5.4405 4.5700
v -1.6112 5.6805 4.4800
v -1.6112 5.9605 4.4000
v -1.6112 6.2005 4.3100
v -1.6112 6.4605 4.2000
v -1.6212 6.7205 4.1100
v -1.6212 6.9705 4.0300
v -1.6212 7.2605 3.9100
v -1.6212 7.5105 3.8000
v -1.6312 7.7805 3.7100
v -1.6312 8.0205 3.6500
v -1.6312 8.2905 3.5600
v -1.6312 8.5405 3.5100
v -1.2812 3.6905 5.2700
v -1.2812 3.9705 5.2200
v -1.2812 4.2105 5.1200
v -1.2812 4.4705 5.0400
v -1.2812 4.7505 4.9300
v -1.2912 4.9905 4.8400
v -1.2912 5.2505 4.7400
v -1.2912 5.5205 4.6300
v -1.2912 5.7905 4.5600
v -1.3012 6.0305 4.4700
v -1.3012 6.3005 4.3600
v -1.3012 6.5505 4.2700
v -1.3012 6.8105 4.1700
v -1.3012 7.0705 4.0800
v -1.3112 7.3405 3.9300
v -1.3112 7.5805 3.8900
v -1.3112 7.8405 3.7800
v -1.3112 8.1105 3.7000
v -1.3212 8.3605 3.5800
v -1.3212 8.6105 3.5400
v -1.3212 8.8305 3.4700
v -1.0012 3.5805 5.4600
v -1.0112 3.8605 5.3400
v -1.0112 4.1105 5.2600
v -1.0112 4.4005 5.1000
v -1.0112 4.6405 5.0400
v -1.0112 4.8905 4.9500
v -1.0212 5.1405 4.8700
v -1.0212 5.4105 4.7800
v -1.0212 5.6805 4.6700
v -1.0212 5.9105 4.5800
v -1.0312 6.1805 4.4800
v -1.0312 6.4305 4.3900
v -1.0312 6.7005 4.3000
v -1.0312 6.9305 4.2100
v -1.0312 7.2205 4.1200
v -1.0412 7.5005 3.9900
v -1.0412 7.7705 3.9000
v -1.0412 8.0105 3.8200
v -1.0412 8.2905 3.7400
v -1.0512 8.5705 3.6300
v -1.0512 8.8105 3.5200
v -1.0512 9.0305 3.4700
v -0.8412 3.6505 5.4600
v -0.8412 3.9005 5.3600
v -0.8412 4.1605 5.2800
v -0.8412 4.4105 5.1900
v -0.8412 4.6805 5.0900
v -0.8512 4.9305 4.9900
v -0.8512 5.1905 4.9100
v -0.8512 5.4605 4.7900
v -0.8512 5.7205 4.7200
v -0.8612 5.9805 4.6200
v -0.8612 6.2705 4.5100
v -0.8612 6.5305 4.4200
v -0.8612 6.7805 4.3600
v -0.8612 7.0105 4.2500
v -0.8712 7.2805 4.1400
v -0.8712 7.5205 4.0300
v -0.8712 7.7505 3.9700
v -0.8712 8.0105 3.8600
v -0.8812 8.2805 3.7700
v -0.8812 8.5205 3.7000
v -0.8812 8.7405 3.6100
v -0.8812 9.0005 3.5300
v -0.8812 9.2705 3.4400
v -0.6912 3.4805 5.5700
v -0.6912 3.7705 5.4800
v -0.6912 4.0305 5.3700
v -0.7012 4.2905 5.2700
v -0.7012 4.5605 5.1700
v -0.7012 4.8405 5.0900
v -0.7012 5.0905 4.9800
v -0.7112 5.3205 4.8800
v -0.7112 5.5705 4.8100
v -0.7112 5.8405 4.7200
v -0.7112 6.0805 4.6000
v -0.7112 6.3105 4.5300
v -0.7212 6.5805 4.4500
v -0.7212 6.8405 4.3700
v -0.7212 7.0905 4.2600
v -0.7212 7.3305 4.1800
v -0.7212 7.5705 4.1000
v -0.7312 7.8405 3.9800
v -0.7312 8.1205 3.9000
v -0.7312 8.3705 3.8000
v -0.7312 8.6005 3.7200
v -0.7412 8.8505 3.6200
v -0.7412 9.1205 3.5500
v -0.7412 9.3705 3.5000
v -0.4812 3.5805 5.5900
v -0.4812 3.8205 5.5300
v -0.4812 4.0605 5.4100
v -0.4812 4.3005 5.3400
v -0.4912 4.5705 5.2500
v -0.4912 4.8305 5.1500
v -0.4912 5.0705 5.0500
v -0.4912 5.3005 4.9600
v -0.4912 5.5605 4.8900
v -0.5012 5.8405 4.8000
v -0.5012 6.1005 4.7000
v -0.5012 6.3305 4.6200
v -0.5012 6.5705 4.4700
v -0.5012 6.8305 4.4100
v -0.5112 7.1005 4.3300
v -0.5112 7.3505 4.2200
v -0.5112 7.5905 4.1300
v -0.5112 7.8705 4.0400
v -0.5212 8.1205 3.9300
v -0.5212 8.3705 3.8600
v -0.5212 8.6305 3.7200
v -0.5212 8.9205 3.6600
v -0.5312 9.1905 3.5600
v -0.5312 9.4205 3.5400
v -0.5312 9.6405 3.5300
v -0.2412 3.4605 5.7100
v -0.2512 3.6905 5.6000
v -0.2512 3.9705 5.5300
v -0.2512 4.2405 5.4500
v -0.2512 4.4905 5.3400
v -0.2512 4.7105 5.2700
v -0.2612 4.9705 5.1900
v -0.2612 5.2405 5.0700
v -0.2612 5.4905 5.0000
v -0.2612 5.7405 4.8900
v -0.2712 6.0005 4.7800
v -0.2712 6.2505 4.7000
v -0.2712 6.5305 4.6200
v -0.2712 6.7705 4.4800
v -0.2712 7.0505 4.4000
v -0.2812 7.3205 4.3100
v -0.2812 7.5605 4.2200
v -0.2812 7.8305 4.1500
v -0.2812 8.0805 4.0400
v -0.2912 8.3305 3.9300
v -0.2912 8.5805 3.8600
v -0.2912 8.8405 3.7600
v -0.2912 9.1005 3.6700
v -0.2912 9.3805 3.5600
v -0.3012 9.6205 3.5200
v -0.3012 9.8505 3.4700
v -0.0412 3.5205 5.7400
v -0.0412 3.7605 5.6600
v -0.0412 4.0405 5.5800
v -0.0412 4.2805 5.5000
v -0.0412 4.5105 5.3800
v -0.0512 4.7905 5.3200
v -0.0512 5.0605 5.2200
v -0.0512 5.3405 5.1100
v -0.0512 5.6005 5.0000
v -0.0612 5.8305 4.9300
v -0.0612 6.1005 4.8300
v -0.0612 6.3605 4.7400
v -0.0612 6.6005 4.6600
v -0.0612 6.8405 4.5500
v -0.0712 7.1105 4.4400
v -0.0712 7.3905 4.3600
v -0.0712 7.6605 4.2500
v -0.0712 7.9005 4.1700
v -0.0812 8.1505 4.0600
v -0.0812 8.4205 3.9900
v -0.0812 8.6605 3.8900
v -0.0812 8.9105 3.8100
v -0.0812 9.1705 3.7100
v -0.0912 9.4205 3.6300
v -0.0912 9.6805 3.5400
v -0.0912 9.9505 3.4900
v 0.1888 3.6105 5.7800
v 0.1788 3.8505 5.7400
v 0.1788 4.1105 5.6200
v 0.1788 4.3605 5.5100
v 0.1788 4.6105 5.4400
v 0.1688 4.8505 5.3600
v 0.1688 5.1205 5.2600
v 0.1688 5.3805 5.1600
v 0.1688 5.6505 5.0900
v 0.1688 5.9005 4.9900
v 0.1588 6.1405 4.9000
v 0.1588 6.4105 4.7900
v 0.1588 6.6605 4.6900
v 0.1588 6.9105 4.6200
v 0.1488 7.1905 4.5300
v 0.1488 7.4205 4.3900
v 0.1488 7.7005 4.3000
v 0.1488 7.9705 4.2300
v 0.1488 8.2105 4.1400
v 0.1388 8.4705 4.0500
v 0.1388 8.7305 3.9600
v 0.1388 9.0105 3.8500
v 0.1388 9.2605 3.7400
v 0.1288 9.5305 3.6500
v 0.1288 9.8005 3.5500
v 0.1288 10.0405 3.5100
v 0.1288 10.2605 3.5500
v 0.4388 3.6605 5.8700
v 0.4388 3.9205 5.8000
v 0.4388 4.1605 5.6800
v 0.4388 4.4105 5.5800
v 0.4288 4.6805 5.5300
v 0.4288 4.9405 5.3800
v 0.4288 5.1705 5.3100
v 0.4288 5.4205 5.2200
v 0.4288 5.6905 5.1400
v 0.4188 5.9505 5.0300
v 0.4188 6.2105 4.9400
v 0.4188 6.4705 4.8300
v 0.4188 6.7505 4.7400
v 0.4088 7.0205 4.6300
v 0.4088 7.2805 4.5100
v 0.4088 7.5205 4.4400
v 0.4088 7.8005 4.3600
v 0.4088 8.0605 4.2700
v 0.3988 8.3005 4.1700
v 0.3988 8.5505 4.0700
v 0.3988 8.8205 3.9800
v 0.3988 9.0905 3.9000
v 0.3888 9.3305 3.8100
v 0.3888 9.5905 3.7000
v 0.3888 9.8205 3.6300
v 0.3888 10.1105 3.5100
v 0.3888 10.3605 3.4500
v 0.6688 3.5705 5.9900
v 0.6688 3.8205 5.8500
v 0.6688 4.0805 5.8000
v 0.6688 4.3505 5.7000
v 0.6688 4.5805 5.5900
v 0.6588 4.8705 5.4900
v 0.6588 5.1405 5.4000
v 0.6588 5.4005 5.3400
v 0.6588 5.6205 5.2300
v 0.6488 5.9105 5.1000
v 0.6488 6.1805 5.0300
v 0.6488 6.4205 4.9400
v 0.6488 6.6805 4.8200
v 0.6488 6.9505 4.7200
v 0.6388 7.2205 4.6300
v 0.6388 7.4605 4.5600
v 0.6388 7.7305 4.4500
v 0.6388 7.9805 4.3500
v 0.6288 8.2405 4.2800
v 0.6288 8.4805 4.1700
v 0.6288 8.7605 4.0900
v 0.6288 9.0305 3.9700
v 0.6288 9.3005 3.9000
v 0.6188 9.5705 3.8000
v 0.6188 9.8305 3.7000
v 0.6188 10.1005 3.5900
v 0.6188 10.3505 3.5200
v 0.6088 10.5905 3.4600
v 0.8788 3.7105 5.9500
v 0.8788 3.9605 5.9000
v 0.8688 4.2305 5.8000
v 0.8688 4.4805 5.6900
v 0.8688 4.7305 5.6100
v 0.8688 4.9905 5.5200
v 0.8688 5.2405 5.4400
v 0.8588 5.4905 5.3300
v 0.8588 5.7505 5.2400
v 0.8588 6.0205 5.1800
v 0.8588 6.2605 5.0700
v 0.8488 6.5305 4.9400
v 0.8488 6.7805 4.8600
v 0.8488 7.0605 4.7300
v 0.8488 7.3305 4.6500
v 0.8488 7.5605 4.6000
v 0.8388 7.8505 4.4500
v 0.8388 8.1105 4.4000
v 0.8388 8.3805 4.2900
v 0.8388 8.6305 4.2000
v 0.8288 8.8805 4.0800
v 0.8288 9.1205 4.0100
v 0.8288 9.3805 3.9100
v 0.8288 9.6205 3.8400
v 0.8288 9.8905 3.7200
v 0.8188 10.1205 3.6400
v 0.8188 10.3705 3.5700
v 0.8188 10.8605 3.4700
v 1.1388 3.4605 6.1500
v 1.1388 3.7405 6.0400
v 1.1388 3.9705 5.9800
v 1.1288 4.2505 5.8700
v 1.1288 4.4905 5.7900
v 1.1288 4.7705 5.6700
v 1.1288 5.0005 5.6200
v 1.1288 5.2505 5.4800
v 1.1188 5.5405 5.3800
v 1.1188 5.8105 5.3200
v 1.1188 6.0605 5.2100
v 1.1188 6.3405 5.1100
v 1.1088 6.6105 5.0100
v 1.1088 6.8705 4.8900
v 1.1088 7.0905 4.8400
v 1.1088 7.3405 4.7200
v 1.1088 7.6005 4.6300
v 1.0988 7.8505 4.5500
v 1.0988 8.1105 4.4700
v 1.0988 8.3505 4.3800
v 1.0988 8.6005 4.2900
v 1.0888 8.8505 4.1900
v 1.0888 9.1105 4.1100
v 1.0888 9.3505 4.0000
v 1.0888 9.6205 3.9300
v 1.0888 9.8805 3.8200
v 1.0788 10.1405 3.7300
v 1.0788 10.3705 3.6500
v 1.0788 10.6405 3.5100
v 1.0788 10.8705 3.4500
v 1.4688 3.6505 6.1800
v 1.4688 3.9105 6.1100
v 1.4688 4.1805 5.9900
v 1.4688 4.4505 5.9200
v 1.4588 4.7205 5.7800
v 1.4588 4.9505 5.7200
v 1.4588 5.1905 5.6400
v 1.4588 5.4505 5.5400
v 1.4588 5.7005 5.4600
v 1.4488 5.9505 5.3400
v 1.4488 6.2105 5.2500
v 1.4488 6.4605 5.1500
v 1.4488 6.7205 5.0700
v 1.4388 6.9505 5.0100
v 1.4388 7.1805 4.8900
v 1.4388 7.4405 4.7800
v 1.4388 7.7405 4.7200
v 1.4388 7.9805 4.6200
v 1.4288 8.2205 4.5200
v 1.4288 8.4705 4.4400
v 1.4288 8.7505 4.3600
v 1.4288 8.9905 4.2600
v 1.4288 9.2405 4.1600
v 1.4188 9.4805 4.0700
v 1.4188 9.7505 3.9700
v 1.4188 10.0205 3.8900
v 1.4188 10.2905 3.7800
v 1.4088 10.5305 3.6700
v 1.4088 10.8305 3.5900
v 1.4088 11.0805 3.5100
v 1.4088 11.3405 3.3800
v 1.7488 3.5105 6.3300
v 1.7388 3.7605 6.2700
v 1.7388 4.0205 6.1400
v 1.7388 4.2605 6.0600
v 1.7388 4.5105 5.9500
v 1.7388 4.7605 5.8800
v 1.7288 5.0005 5.8100
v 1.7288 5.2505 5.7100
v 1.7288 5.4805 5.6000
v 1.7288 5.7605 5.5000
v 1.7288 6.0305 5.4200
v 1.7188 6.2805 5.3300
v 1.7188 6.5205 5.2600
v 1.7188 6.7705 5.1400
v 1.7188 7.0405 5.0500
v 1.7088 7.3005 4.9400
v 1.7088 7.5605 4.8700
v 1.7088 7.8005 4.7500
v 1.7088 8.0605 4.6500
v 1.6988 8.3205 4.5900
v 1.6988 8.5905 4.4800
v 1.6988 8.8405 4.3800
v 1.6988 9.1305 4.2700
v 1.6988 9.3705 4.1900
v 1.6888 9.6205 4.1000
v 1.6888 9.8705 4.0200
v 1.6888 10.1205 3.9300
v 1.6888 10.3805 3.8400
v 1.6888 10.6505 3.7500
v 1.6788 10.9105 3.6500
v 1.6788 11.1805 3.5600
v 1.6788 11.4205 3.4900
v 1.9088 3.4805 6.4000
v 1.9088 3.7305 6.3000
v 1.9088 4.0005 6.2200
v 1.9088 4.2605 6.1400
v 1.9088 4.5005 6.0000
v 1.8988 4.7605 5.9000
v 1.8988 5.0005 5.8300
v 1.8988 5.2605 5.7400
v 1.8988 5.5105 5.6600
v 1.8888 5.7705 5.5400
v 1.8888 6.0205 5.4700
v 1.8888 6.2805 5.3500
v 1.8888 6.5205 5.2700
v 1.8888 6.8105 5.1600
v 1.8788 7.0805 5.0800
v 1.8788 7.3305 4.9800
v 1.8788 7.5805 4.9000
v 1.8788 7.8505 4.7700
v 1.8688 8.1105 4.7000
v 1.8688 8.3405 4.6100
v 1.8688 8.6005 4.5200
v 1.8688 8.8705 4.4200
v 1.8688 9.1505 4.3400
v 1.8588 9.4105 4.2200
v 1.8588 9.6505 4.1500
v 1.8588 9.8905 4.0600
v 1.8588 10.1705 3.9500
v 1.8488 10.4105 3.8900
v 1.8488 10.6605 3.7800
v 1.8488 10.9305 3.6600
v 1.8488 11.1705 3.5800
v 1.8488 11.4505 3.4900
v 1.8388 11.7105 3.4400
v 2.0688 3.6305 6.4100
v 2.0688 3.8805 6.3000
v 2.0688 4.1405 6.2300
v 2.0688 4.3905 6.1200
v 2.0688 4.6605 6.0200
v 2.0588 4.9205 5.9200
v 2.0588 5.1705 5.8300
v 2.0588 5.4605 5.7500
v 2.0588 5.7105 5.6400
v 2.0488 5.9605 5.5700
v 2.0488 6.2205 5.4200
v 2.0488 6.4705 5.3600
v 2.0488 6.7205 5.2700
v 2.0488 6.9805 5.2100
v 2.0388 7.2505 5.0700
v 2.0388 7.5105 4.9800
v 2.0388 7.7605 4.9000
v 2.0388 8.0005 4.8100
v 2.0388 8.2705 4.7100
v 2.0288 8.5105 4.6200
v 2.0288 8.7705 4.5100
v 2.0288 9.0405 4.4400
v 2.0288 9.2705 4.3500
v 2.0188 9.5505 4.2300
v 2.0188 9.8205 4.1300
v 2.0188 10.0705 4.0400
v 2.0188 10.3205 3.9600
v 2.0188 10.6005 3.8700
v 2.0088 10.8805 3.7700
v 2.0088 11.1205 3.7100
v 2.0088 11.3805 3.5900
v 2.0088 11.6405 3.4900
v 1.9988 11.8805 3.5000
v 2.3188 3.6105 6.4600
v 2.3188 3.8505 6.3700
v 2.3188 4.1105 6.3000
v 2.3088 4.3605 6.2100
v 2.3088 4.6105 6.1200
v 2.3088 4.8505 6.0300
v 2.3088 5.1105 5.9400
v 2.3088 5.3905 5.8200
v 2.2988 5.6505 5.7500
v 2.2988 5.9005 5.6300
v 2.2988 6.1405 5.5600
v 2.2988 6.4005 5.4500
v 2.2888 6.6705 5.3700
v 2.2888 6.9105 5.2800
v 2.2888 7.1705 5.1500
v 2.2888 7.4005 5.1000
v 2.2888 7.7005 4.9700
v 2.2788 7.9605 4.8900
v 2.2788 8.2005 4.8100
v 2.2788 8.4605 4.7100
v 2.2788 8.7505 4.6200
v 2.2688 9.0105 4.5500
v 2.2688 9.2505 4.4300
v 2.2688 9.5205 4.2900
v 2.2688 9.8005 4.2400
v 2.2688 10.0505 4.1200
v 2.2588 10.2905 4.0100
v 2.2588 10.5505 3.9400
v 2.2588 10.8405 3.8500
v 2.2588 11.0805 3.7800
v 2.2488 11.3305 3.6700
v 2.2488 11.5805 3.5600
v 2.2488 11.8505 3.5100
v 2.2488 12.0905 3.4500
v 2.5888 3.5805 6.5800
v 2.5788 3.8405 6.5000
v 2.5788 4.0805 6.3800
v 2.5788 4.3305 6.2900
v 2.5788 4.6005 6.2000
v 2.5788 4.8505 6.1000
v 2.5688 5.0905 6.0100
v 2.5688 5.3705 5.9100
v 2.5688 5.6105 5.8100
v 2.5688 5.8805 5.7300
v 2.5688 6.1505 5.6400
v 2.5588 6.3705 5.5500
v 2.5588 6.6505 5.4600
v 2.5588 6.9205 5.3600
v 2.5588 7.1905 5.2600
v 2.5488 7.4505 5.1600
v 2.5488 7.7105 5.0800
v 2.5488 7.9805 4.9700
v 2.5488 8.2205 4.8900
v 2.5488 8.4705 4.7800
v 2.5388 8.7305 4.7000
v 2.5388 9.0205 4.6000
v 2.5388 9.2505 4.5100
v 2.5388 9.5205 4.4300
v 2.5288 9.7605 4.3300
v 2.5288 10.0405 4.2200
v 2.5288 10.2905 4.1300
v 2.5288 10.5605 4.0400
v 2.5288 10.8305 3.9200
v 2.5188 11.0905 3.8400
v 2.5188 11.3605 3.7500
v 2.5188 11.6405 3.6200
v 2.5188 11.9005 3.5600
v 2.5088 12.1305 3.4700
v 2.5088 12.3605 3.5000
v 2.8288 3.5505 6.5000
v 2.8188 3.7805 6.5800
v 2.8188 4.0405 6.4700
v 2.8188 4.2905 6.4100
v 2.8188 4.5605 6.2800
v 2.8088 4.8305 6.2000
v 2.8088 5.0905 6.0900
v 2.8088 5.3405 6.0000
v 2.8088 5.6105 5.8900
v 2.8088 5.8805 5.8200
v 2.7988 6.1305 5.7200
v 2.7988 6.3605 5.6600
v 2.7988 6.6405 5.5200
v 2.7988 6.9005 5.4400
v 2.7988 7.1505 5.3500
v 2.7888 7.4205 5.2600
v 2.7888 7.6505 5.1600
v 2.7888 7.9305 5.0600
v 2.7888 8.1805 4.9800
v 2.7788 8.4205 4.8800
v 2.7788 8.7105 4.7900
v 2.7788 8.9805 4.6900
v 2.7788 9.2505 4.6000
v 2.7788 9.5205 4.4900
v 2.7688 9.7705 4.4100
v 2.7688 10.0305 4.2900
v 2.7688 10.2805 4.2100
v 2.7688 10.5105 4.1100
v 2.7688 10.7805 4.0300
v 2.7588 11.0205 3.9200
v 2.7588 11.2905 3.8400
v 2.7588 11.5305 3.7800
v 2.7588 11.7905 3.6500
v 2.7488 12.0205 3.5700
v 2.7488 12.2805 3.4800
v 2.7488 12.5405 3.4100
v 3.0588 3.6405 6.4700
v 3.0588 3.8405 6.5400
v 3.0588 4.0905 6.5600
v 3.0488 4.3605 6.4600
v 3.0488 4.6105 6.3600
v 3.0488 4.8405 6.2700
v 3.0488 5.1105 6.1900
v 3.0488 5.3905 6.0600
v 3.0388 5.6305 6.0000
v 3.0388 5.8905 5.8700
v 3.0388 6.1405 5.8100
v 3.0388 6.4205 5.6900
v 3.0288 6.6705 5.6100
v 3.0288 6.9305 5.5000
v 3.0288 7.1905 5.4300
v 3.0288 7.4705 5.3300
v 3.0288 7.7505 5.2000
v 3.0188 8.0005 5.1100
v 3.0188 8.2605 5.0200
v 3.0188 8.5205 4.9300
v 3.0188 8.7805 4.8400
v 3.0088 9.0105 4.7600
v 3.0088 9.2505 4.6700
v 3.0088 9.5005 4.5700
v 3.0088 9.7705 4.4900
v 3.0088 10.0305 4.3400
v 2.9988 10.2605 4.2800
v 2.9988 10.5105 4.1900
v 2.9988 10.7605 4.1100
v 2.9988 11.0305 4.0000
v 2.9988 11.2905 3.9100
v 2.9888 11.5305 3.8000
v 2.9888 11.7805 3.7400
v 2.9888 12.0405 3.6500
v 2.9888 12.3105 3.5600
v 2.9888 12.5105 3.5200
v 3.3188 3.6205 6.3800
v 3.3088 3.8305 6.4500
v 3.3088 4.0505 6.5400
v 3.3088 4.2905 6.5600
v 3.3088 4.5505 6.4800
v 3.3088 4.7905 6.3700
v 3.2988 5.0605 6.3000
v 3.2988 5.3505 6.1500
v 3.2988 5.6005 6.1000
v 3.2988 5.8605 5.9900
v 3.2888 6.1205 5.9000
v 3.2888 6.4005 5.8000
v 3.2888 6.6605 5.7000
v 3.2888 6.8905 5.6200
v 3.2888 7.1305 5.5200
v 3.2788 7.3805 5.4300
v 3.2788 7.6405 5.3300
v 3.2788 7.8905 5.2500
v 3.2788 8.1405 5.1700
v 3.2788 8.3905 5.0500
v 3.2688 8.6405 4.9900
v 3.2688 8.8805 4.8900
v 3.2688 9.1505 4.7900
v 3.2688 9.4205 4.6800
v 3.2588 9.6705 4.5900
v 3.2588 9.9205 4.5000
v 3.2588 10.1705 4.4000
v 3.2588 10.4005 4.3200
v 3.2588 10.6705 4.2300
v 3.2488 10.9505 4.1100
v 3.2488 11.2005 4.0100
v 3.2488 11.4205 3.9300
v 3.2488 11.7105 3.8500
v 3.2388 11.9805 3.7600
v 3.2388 12.2405 3.6600
v 3.2388 12.5005 3.5700
v 3.2388 12.7405 3.4600
v 3.2388 13.0105 3.4500
v 3.5388 3.6205 6.3100
v 3.5388 3.8605 6.3900
v 3.5388 4.0805 6.4600
v 3.5388 4.3005 6.5600
v 3.5288 4.5405 6.6000
v 3.5288 4.8005 6.4600
v 3.5288 5.0405 6.3800
v 3.5288 5.2905 6.2900
v 3.5288 5.5305 6.2000
v 3.5188 5.7705 6.1300
v 3.5188 6.0505 6.0300
v 3.5188 6.2905 5.9200
v 3.5188 6.5205 5.8200
v 3.5088 6.7905 5.6900
v 3.5088 7.0305 5.6500
v 3.5088 7.3005 5.5500
v 3.5088 7.5705 5.4100
v 3.5088 7.8105 5.3600
v 3.4988 8.0605 5.2600
v 3.4988 8.3105 5.1700
v 3.4988 8.5705 5.0600
v 3.4988 8.8105 4.9700
v 3.4988 9.0905 4.8600
v 3.4888 9.3405 4.8000
v 3.4888 9.5705 4.7100
v 3.4888 9.8305 4.6000
v 3.4888 10.1105 4.5200
v 3.4788 10.3805 4.4300
v 3.4788 10.6405 4.3000
v 3.4788 10.8905 4.2400
v 3.4788 11.1605 4.1300
v 3.4788 11.4105 4.0300
v 3.4688 11.6505 3.9500
v 3.4688 11.8905 3.8700
v 3.4688 12.1805 3.7500
v 3.4688 12.4505 3.6600
v 3.4688 12.7105 3.5500
v 3.4588 12.9605 3.4700
v 3.4588 13.1905 3.4800
v 3.7488 3.4305 6.2300
v 3.7488 3.6505 6.2500
v 3.7488 3.8705 6.3300
v 3.7388 4.0705 6.4100
v 3.7388 4.3005 6.4800
v 3.7388 4.5005 6.6000
v 3.7388 4.7605 6.4600
v 3.7388 4.9905 6.3900
v 3.7288 5.2405 6.3100
v 3.7288 5.4905 6.2600
v 3.7288 5.7605 6.1800
v 3.7288 6.0105 6.0900
v 3.7288 6.2505 5.9600
v 3.7188 6.4905 5.9300
v 3.7188 6.7605 5.8300
v 3.7188 7.0105 5.7300
v 3.7188 7.2805 5.6500
v 3.7088 7.5205 5.5400
v 3.7088 7.7605 5.4500
v 3.7088 8.0405 5.3400
v 3.7088 8.3005 5.2600
v 3.7088 8.5805 5.1400
v 3.6988 8.8405 5.0300
v 3.6988 9.1005 4.9200
v 3.6988 9.3505 4.8400
v 3.6988 9.6005 4.7900
v 3.6888 9.8405 4.6800
v 3.6888 10.0905 4.6000
v 3.6888 10.3705 4.4700
v 3.6888 10.6405 4.3700
v 3.6888 10.9005 4.2800
v 3.6788 11.1605 4.1600
v 3.6788 11.4105 4.0900
v 3.6788 11.6705 3.9900
v 3.6788 11.9105 3.9200
v 3.6788 12.1505 3.8300
v 3.6688 12.4305 3.7500
v 3.6688 12.6905 3.6200
v 3.6688 12.9505 3.5500
v 3.6688 13.2205 3.4800
v 3.9988 3.6105 6.1400
v 3.9888 3.8105 6.2200
v 3.9888 4.0305 6.3300
v 3.9888 4.2705 6.3800
v 3.9888 4.4705 6.4800
v 3.9888 4.7305 6.3600
v 3.9788 4.9705 6.2800
v 3.9788 5.2205 6.1600
v 3.9788 5.4905 6.1100
v 3.9788 5.7505 6.0400
v 3.9788 5.9805 5.9700
v 3.9688 6.2105 5.8700
v 3.9688 6.4805 5.8400
v 3.9688 6.7605 5.7400
v 3.9688 7.0105 5.6400
v 3.9588 7.2705 5.5300
v 3.9588 7.5205 5.5100
v 3.9588 7.8005 5.4100
v 3.9588 8.0405 5.3200
v 3.9588 8.2505 5.2700
v 3.9488 8.5205 5.2100
v 3.9488 8.7905 5.1200
v 3.9488 9.0505 5.0300
v 3.9488 9.3005 4.9800
v 3.9488 9.5505 4.8800
v 3.9388 9.8005 4.8100
v 3.9388 10.0705 4.7200
v 3.9388 10.3005 4.6400
v 3.9388 10.5405 4.5400
v 3.9288 10.8305 4.4500
v 3.9288 11.0905 4.3500
v 3.9288 11.3405 4.2400
v 3.9288 11.6005 4.1800
v 3.9288 11.8505 4.0500
v 3.9188 12.1405 3.9600
v 3.9188 12.4005 3.8500
v 3.9188 12.6605 3.7700
v 3.9188 12.9205 3.6800
v 3.9188 13.1905 3.5800
v 3.9088 13.4605 3.4800
v 4.2988 3.4305 6.0000
v 4.2988 3.6805 6.0700
v 4.2888 3.8905 6.1500
v 4.2888 4.1105 6.2300
v 4.2888 4.3105 6.3500
v 4.2888 4.5405 6.3500
v 4.2888 4.8305 6.2100
v 4.2788 5.0805 6.1400
v 4.2788 5.3505 6.0200
v 4.2788 5.6205 5.9800
v 4.2788 5.8705 5.8500
v 4.2788 6.1005 5.8100
v 4.2688 6.3605 5.7000
v 4.2688 6.6105 5.6800
v 4.2688 6.8505 5.6100
v 4.2688 7.1105 5.4800
v 4.2688 7.3705 5.4200
v 4.2588 7.6305 5.3400
v 4.2588 7.8905 5.2500
v 4.2588 8.1205 5.1700
v 4.2588 8.3805 5.0900
v 4.2488 8.6305 5.0100
v 4.2488 8.8705 4.9500
v 4.2488 9.1405 4.8600
v 4.2488 9.3805 4.7700
v 4.2488 9.6505 4.7000
v 4.2388 9.9305 4.6100
v 4.2388 10.1605 4.5200
v 4.2388 10.4205 4.4300
v 4.2388 10.6805 4.3400
v 4.2288 10.9605 4.2700
v 4.2288 11.2105 4.1900
v 4.2288 11.4505 4.1100
v 4.2288 11.7305 4.0300
v 4.2288 11.9905 3.9500
v 4.2188 12.2305 3.9000
v 4.2188 12.4805 3.8100
v 4.2188 12.7605 3.7500
v 4.2188 13.0005 3.6600
v 4.2188 13.2705 3.5900
v 4.2088 13.4905 3.5500
v 4.5388 3.5805 5.9300
v 4.5388 3.8005 6.0300
v 4.5388 4.0205 6.1200
v 4.5288 4.2405 6.2100
v 4.5288 4.4405 6.2800
v 4.5288 4.6905 6.1700
v 4.5288 4.9405 6.0900
v 4.5288 5.2005 6.0400
v 4.5188 5.4705 5.9300
v 4.5188 5.7305 5.8100
v 4.5188 5.9805 5.7600
v 4.5188 6.2205 5.7100
v 4.5088 6.4905 5.6000
v 4.5088 6.7205 5.5500
v 4.5088 6.9805 5.4500
v 4.5088 7.2505 5.3900
v 4.5088 7.4905 5.2800
v 4.4988 7.7405 5.2100
v 4.4988 8.0105 5.1100
v 4.4988 8.2605 5.0500
v 4.4988 8.5205 4.9700
v 4.4988 8.7805 4.9000
v 4.4888 9.0505 4.8000
v 4.4888 9.3005 4.7200
v 4.4888 9.5605 4.6600
v 4.4888 9.8205 4.5600
v 4.4788 10.0705 4.4600
v 4.4788 10.3205 4.3800
v 4.4788 10.5905 4.2800
v 4.4788 10.8505 4.2400
v 4.4788 11.0805 4.1400
v 4.4688 11.3605 4.0500
v 4.4688 11.6105 3.9900
v 4.4688 11.8405 3.9100
v 4.4688 12.1005 3.8200
v 4.4688 12.3705 3.7500
v 4.4588 12.6405 3.6700
v 4.4588 12.9105 3.5600
v 4.4588 13.1605 3.5200
v 4.4588 13.4105 3.5400
v 4.6888 3.5905 5.9300
v 4.6788 3.8305 6.0000
v 4.6788 4.0705 6.1000
v 4.6788 4.2805 6.2100
v 4.6788 4.4905 6.1800
v 4.6788 4.7505 6.1200
v 4.6688 5.0205 6.0200
v 4.6688 5.2605 5.9400
v 4.6688 5.5005 5.8400
v 4.6688 5.7505 5.7700
v 4.6688 6.0205 5.7000
v 4.6588 6.2905 5.6000
v 4.6588 6.5305 5.5700
v 4.6588 6.8005 5.4400
v 4.6588 7.0605 5.3600
v 4.6488 7.3305 5.2800
v 4.6488 7.5705 5.2200
v 4.6488 7.8305 5.1300
v 4.6488 8.1005 5.0600
v 4.6488 8.3505 4.9500
v 4.6388 8.6005 4.8700
v 4.6388 8.8605 4.7800
v 4.6388 9.1105 4.7200
v 4.6388 9.3705 4.6500
v 4.6388 9.6305 4.5500
v 4.6288 9.8805 4.4700
v 4.6288 10.1305 4.3800
v 4.6288 10.3805 4.3000
v 4.6288 10.6605 4.2200
v 4.6188 10.9105 4.1500
v 4.6188 11.1605 4.0700
v 4.6188 11.4505 3.9700
v 4.6188 11.7205 3.8900
v 4.6188 11.9605 3.8100
v 4.6088 12.2105 3.7400
v 4.6088 12.4705 3.6200
v 4.6088 12.7105 3.5800
v 4.6088 12.9505 3.5200
v 4.5988 13.1805 3.5000
v 4.8388 3.5105 5.8300
v 4.8388 3.7305 5.9200
v 4.8288 3.9605 5.9800
v 4.8288 4.1605 6.1100
v 4.8288 4.3805 6.2200
v 4.8288 4.6405 6.0800
v 4.8288 4.9005 6.0000
v 4.8188 5.1605 5.9100
v 4.8188 5.4205 5.8300
v 4.8188 5.6805 5.7500
v 4.8188 5.9305 5.7200
v 4.8088 6.2005 5.6100
v 4.8088 6.4605 5.5100
v 4.8088 6.7105 5.4400
v 4.8088 6.9505 5.3600
v 4.8088 7.2105 5.2600
v 4.7988 7.4705 5.1900
v 4.7988 7.7205 5.1200
v 4.7988 8.0005 5.0100
v 4.7988 8.2305 4.9400
v 4.7988 8.4905 4.8300
v 4.7888 8.7405 4.7800
v 4.7888 9.0205 4.6800
v 4.7888 9.2805 4.6300
v 4.7888 9.5305 4.5100
v 4.7788 9.8005 4.4500
v 4.7788 10.0705 4.3800
v 4.7788 10.3305 4.3000
v 4.7788 10.5705 4.2100
v 4.7788 10.8205 4.1300
v 4.7688 11.0505 4.0600
v 4.7688 11.3105 3.9900
v 4.7688 11.5505 3.8900
v 4.7688 11.8105 3.8200
v 4.7688 12.0505 3.7500
v 4.7588 12.3205 3.6600
v 4.7588 12.5605 3.5700
v 4.7588 12.7805 3.5000
v 4.7588 13.0505 3.5200
v 5.0788 3.5105 5.7500
v 5.0688 3.7505 5.8600
v 5.0688 3.9805 5.9400
v 5.0688 4.1805 6.0200
v 5.0688 4.3805 6.1100
v 5.0688 4.6805 5.9800
v 5.0588 4.9405 5.9000
v 5.0588 5.1605 5.8500
v 5.0588 5.4205 5.7700
v 5.0588 5.6905 5.6800
v 5.0588 5.9505 5.5600
v 5.0488 6.2105 5.4800
v 5.0488 6.4305 5.4100
v 5.0488 6.7005 5.3500
v 5.0488 6.9605 5.2900
v 5.0388 7.2205 5.2000
v 5.0388 7.4705 5.0900
v 5.0388 7.7505 5.0200
v 5.0388 8.0205 4.9300
v 5.0388 8.2805 4.8000
v 5.0288 8.5205 4.7700
v 5.0288 8.7905 4.6800
v 5.0288 9.0405 4.6000
v 5.0288 9.2805 4.5400
v 5.0188 9.5205 4.4600
v 5.0188 9.7605 4.3700
v 5.0188 10.0305 4.3000
v 5.0188 10.2705 4.2400
v 5.0188 10.5205 4.1300
v 5.0088 10.7705 4.0600
v 5.0088 10.9905 3.9700
v 5.0088 11.2905 3.8700
v 5.0088 11.5405 3.8300
v 5.0088 11.7805 3.7300
v 4.9988 12.0405 3.6300
v 4.9988 12.2805 3.5700
v 4.9988 12.5405 3.4900
v 4.9988 12.7705 3.4800
v 5.3388 3.5505 5.7200
v 5.3388 3.8005 5.7800
v 5.3288 4.0205 5.8900
v 5.3288 4.2305 5.9700
v 5.3288 4.4805 6.0100
v 5.3288 4.7105 5.9100
v 5.3288 4.9905 5.7800
v 5.3188 5.2305 5.7000
v 5.3188 5.5005 5.6300
v 5.3188 5.7605 5.5500
v 5.3188 6.0305 5.4500
v 5.3188 6.3005 5.3700
v 5.3088 6.5605 5.3000
v 5.3088 6.8105 5.2300
v 5.3088 7.0705 5.1200
v 5.3088 7.3105 5.0700
v 5.2988 7.5605 4.9800
v 5.2988 7.7905 4.9000
v 5.2988 8.0405 4.8200
v 5.2988 8.3105 4.7300
v 5.2988 8.5605 4.6400
v 5.2888 8.8005 4.5700
v 5.2888 9.0305 4.5000
v 5.2888 9.2805 4.4300
v 5.2888 9.5505 4.3500
v 5.2888 9.7905 4.2500
v 5.2788 10.0405 4.1700
v 5.2788 10.3005 4.1200
v 5.2788 10.5505 4.0100
v 5.2788 10.8105 3.9600
v 5.2788 11.0405 3.8800
v 5.2688 11.3105 3.7900
v 5.2688 11.5605 3.7200
v 5.2688 11.8005 3.6300
v 5.2688 12.0605 3.5700
v 5.2588 12.3205 3.4900
v 5.2588 12.5705 3.4800
v 5.5688 3.5105 5.6300
v 5.5688 3.7405 5.6900
v 5.5688 3.9705 5.7700
v 5.5688 4.1905 5.8700
v 5.5588 4.4305 5.9300
v 5.5588 4.6905 5.8000
v 5.5588 4.9305 5.7500
v 5.5588 5.1905 5.6400
v 5.5588 5.4305 5.5500
v 5.5588 5.6505 5.4800
v 5.5488 5.9005 5.4200
v 5.5488 6.1705 5.3200
v 5.5488 6.4205 5.2500
v 5.5488 6.6605 5.2000
v 5.5388 6.9105 5.0700
v 5.5388 7.1505 5.0300
v 5.5388 7.4105 4.9500
v 5.5388 7.6805 4.8700
v 5.5388 7.9005 4.7900
v 5.5288 8.1605 4.6900
v 5.5288 8.4005 4.6200
v 5.5288 8.6605 4.5100
v 5.5288 8.9205 4.4600
v 5.5188 9.1705 4.3700
v 5.5188 9.4305 4.3000
v 5.5188 9.6705 4.2300
v 5.5188 9.9305 4.1400
v 5.5188 10.1905 4.0400
v 5.5088 10.4605 3.9600
v 5.5088 10.7205 3.8700
v 5.5088 10.9805 3.7800
v 5.5088 11.2405 3.7300
v 5.5088 11.4805 3.6600
v 5.4988 11.7305 3.5900
v 5.4988 11.9805 3.4900
v 5.4988 12.2205 3.4300
v 5.7988 3.6405 5.5800
v 5.7888 3.8605 5.6700
v 5.7888 4.0505 5.7500
v 5.7888 4.2405 5.8400
v 5.7888 4.4805 5.8100
v 5.7888 4.7705 5.6900
v 5.7788 5.0105 5.6400
v 5.7788 5.2405 5.5600
v 5.7788 5.4605 5.4700
v 5.7788 5.7305 5.4100
v 5.7788 5.9805 5.3600
v 5.7688 6.2505 5.2300
v 5.7688 6.4905 5.1400
v 5.7688 6.7505 5.0600
v 5.7688 7.0005 4.9900
v 5.7588 7.2505 4.9200
v 5.7588 7.4905 4.8400
v 5.7588 7.7505 4.7500
v 5.7588 8.0105 4.6700
v 5.7588 8.2505 4.5800
v 5.7488 8.5105 4.5100
v 5.7488 8.7605 4.4400
v 5.7488 9.0605 4.3300
v 5.7488 9.3205 4.2700
v 5.7388 9.5305 4.1900
v 5.7388 9.8205 4.0900
v 5.7388 10.0705 4.0200
v 5.7388 10.3105 3.9400
v 5.7388 10.5505 3.8700
v 5.7288 10.8205 3.7500
v 5.7288 11.0905 3.7000
v 5.7288 11.3605 3.6000
v 5.7288 11.5805 3.5400
v 5.7288 11.8205 3.5000
v 6.0388 3.4905 5.4500
v 6.0388 3.7005 5.5500
v 6.0388 3.9105 5.6300
v 6.0388 4.1205 5.7300
v 6.0388 4.3505 5.8100
v 6.0288 4.6205 5.6600
v 6.0288 4.8605 5.5900
v 6.0288 5.1005 5.5000
v 6.0288 5.3705 5.4100
v 6.0288 5.6105 5.3400
v 6.0188 5.8705 5.2700
v 6.0188 6.0805 5.3000
v 6.0188 6.3605 5.0700
v 6.0188 6.6305 4.9900
v 6.0088 6.9005 4.9100
v 6.0088 7.1605 4.8200
v 6.0088 7.4105 4.7700
v 6.0088 7.6705 4.6700
v 6.0088 7.9305 4.6100
v 5.9988 8.1805 4.5300
v 5.9988 8.4105 4.4200
v 5.9988 8.6605 4.3600
v 5.9988 8.9405 4.2800
v 5.9988 9.2005 4.2200
v 5.9888 9.4505 4.1400
v 5.9888 9.6905 4.0400
v 5.9888 9.9405 3.9800
v 5.9888 10.2105 3.8800
v 5.9788 10.4605 3.7900
v 5.9788 10.6905 3.7000
v 5.9788 10.9505 3.6200
v 5.9788 11.2105 3.5600
v 5.9788 11.4705 3.4900
v 5.9688 11.7405 3.4000
v 6.2688 3.4405 5.3800
v 6.2688 3.6505 5.4300
v 6.2688 3.8705 5.5300
v 6.2688 4.1005 5.6400
v 6.2688 4.3005 5.7200
v 6.2588 4.5305 5.6000
v 6.2588 4.8105 5.5200
v 6.2588 5.0905 5.4300
v 6.2588 5.3605 5.3400
v 6.2488 5.6205 5.2500
v 6.2488 5.8505 5.1900
v 6.2488 6.1205 5.1100
v 6.2488 6.3705 4.9500
v 6.2488 6.5905 4.9200
v 6.2388 6.8405 4.8900
v 6.2388 7.1105 4.8200
v 6.2388 7.3805 4.7200
v 6.2388 7.6305 4.6200
v 6.2388 7.8805 4.5300
v 6.2288 8.1305 4.4700
v 6.2288 8.3905 4.3800
v 6.2288 8.6405 4.3100
v 6.2288 8.8805 4.2300
v 6.2188 9.1405 4.1400
v 6.2188 9.3905 4.0700
v 6.2188 9.6605 3.9900
v 6.2188 9.9105 3.9100
v 6.2188 10.1505 3.8200
v 6.2088 10.4305 3.7700
v 6.2088 10.7005 3.6600
v 6.2088 10.9405 3.5900
v 6.2088 11.1905 3.5100
v 6.2088 11.4705 3.4700
v 6.4788 3.5505 5.3400
v 6.4788 3.7705 5.4200
v 6.4788 3.9805 5.5200
v 6.4788 4.2105 5.6000
v 6.4788 4.4305 5.6100
v 6.4688 4.6705 5.4800
v 6.4688 4.9305 5.4100
v 6.4688 5.1905 5.3300
v 6.4688 5.4705 5.2200
v 6.4688 5.7205 5.1100
v 6.4588 5.9705 5.0500
v 6.4588 6.2305 4.9400
v 6.4588 6.4905 4.8900
v 6.4588 6.7105 4.8400
v 6.4488 6.9605 4.7400
v 6.4488 7.2305 4.6700
v 6.4488 7.4705 4.6000
v 6.4488 7.7205 4.4800
v 6.4488 7.9905 4.4400
v 6.4388 8.2405 4.3400
v 6.4388 8.5105 4.2600
v 6.4388 8.7605 4.1800
v 6.4388 9.0405 4.0900
v 6.4388 9.2805 4.0300
v 6.4288 9.5605 3.9400
v 6.4288 9.8205 3.8500
v 6.4288 10.0605 3.7500
v 6.4288 10.3005 3.7000
v 6.4188 10.5705 3.6000
v 6.4188 10.8505 3.5100
v 6.4188 11.0805 3.4400
v 6.4188 11.3305 3.4300
v 6.7388 3.4905 5.2300
v 6.7388 3.7305 5.3300
v 6.7288 3.9505 5.4100
v 6.7288 4.1605 5.4900
v 6.7288 4.3905 5.5100
v 6.7288 4.6405 5.4100
v 6.7288 4.9105 5.3500
v 6.7188 5.1505 5.2200
v 6.7188 5.4005 5.1500
v 6.7188 5.6705 5.0400
v 6.7188 5.9105 5.0100
v 6.7088 6.1605 4.9000
v 6.7088 6.4205 4.8300
v 6.7088 6.6705 4.7500
v 6.7088 6.9505 4.6400
v 6.7088 7.2005 4.5800
v 6.6988 7.4505 4.5000
v 6.6988 7.7205 4.4500
v 6.6988 7.9805 4.3600
v 6.6988 8.2405 4.2500
v 6.6988 8.4905 4.1700
v 6.6888 8.7405 4.1100
v 6.6888 9.0105 4.0000
v 6.6888 9.2705 3.9400
v 6.6888 9.5005 3.8600
v 6.6888 9.7605 3.7700
v 6.6788 10.0405 3.6800
v 6.6788 10.3005 3.6000
v 6.6788 10.5205 3.5400
v 6.6788 10.7805 3.4500
v 6.6688 11.0605 3.4100
v 7.0288 3.4405 5.1300
v 7.0288 3.6805 5.1900
v 7.0288 3.8805 5.3000
v 7.0288 4.1005 5.3900
v 7.0188 4.3405 5.4400
v 7.0188 4.5905 5.3100
v 7.0188 4.8705 5.2300
v 7.0188 5.1205 5.1400
v 7.0188 5.3805 5.0700
v 7.0088 5.6405 4.9500
v 7.0088 5.9005 4.8700
v 7.0088 6.1605 4.7800
v 7.0088 6.4005 4.7300
v 7.0088 6.6505 4.6200
v 6.9988 6.9205 4.5600
v 6.9988 7.1905 4.4600
v 6.9988 7.4305 4.3900
v 6.9988 7.6805 4.3200
v 6.9988 7.9405 4.2500
v 6.9888 8.2005 4.1800
v 6.9888 8.4405 4.0700
v 6.9888 8.7105 3.9800
v 6.9888 8.9805 3.9200
v 6.9788 9.2405 3.8300
v 6.9788 9.4805 3.7400
v 6.9788 9.7805 3.6400
v 6.9788 10.0405 3.5800
v 6.9688 10.2905 3.5200
v 6.9688 10.5105 3.4600
v 7.2488 3.4605 5.0500
v 7.2488 3.6905 5.1300
v 7.2488 3.9305 5.2800
v 7.2488 4.1305 5.3500
v 7.2488 4.3605 5.3500
v 7.2388 4.6405 5.2200
v 7.2388 4.9005 5.1300
v 7.2388 5.1505 5.0400
v 7.2388 5.4005 4.9700
v 7.2288 5.6705 4.9000
v 7.2288 5.9205 4.7800
v 7.2288 6.1805 4.7200
v 7.2288 6.4105 4.6500
v 7.2288 6.6905 4.5600
v 7.2188 6.9305 4.4800
v 7.2188 7.2005 4.3900
v 7.2188 7.4605 4.3200
v 7.2188 7.7305 4.2500
v 7.2088 7.9905 4.1600
v 7.2088 8.2505 4.0600
v 7.2088 8.5205 4.0100
v 7.2088 8.7605 3.9000
v 7.2088 9.0105 3.8400
v 7.1988 9.2605 3.7400
v 7.1988 9.5005 3.6700
v 7.1988 9.7405 3.6000
v 7.1988 9.9905 3.5300
v 7.1988 10.2405 3.4600
v 7.3688 3.6205 5.0700
v 7.3688 3.8605 5.1700
v 7.3688 4.0705 5.2700
v 7.3688 4.2905 5.3500
v 7.3588 4.5405 5.2500
v 7.3588 4.8005 5.1300
v 7.3588 5.0605 5.0400
v 7.3588 5.3205 4.9300
v 7.3588 5.5605 4.8600
v 7.3488 5.8505 4.7600
v 7.3488 6.1105 4.7100
v 7.3488 6.3905 4.6000
v 7.3488 6.6405 4.5300
v 7.3488 6.8805 4.4400
v 7.3388 7.1305 4.4100
v 7.3388 7.3605 4.2900
v 7.3388 7.6205 4.2400
v 7.3388 7.8405 4.1600
v 7.3288 8.1105 4.0800
v 7.3288 8.3605 4.0100
v 7.3288 8.6005 3.9200
v 7.3288 8.8405 3.8500
v 7.3288 9.0905 3.7500
v 7.3188 9.3605 3.6700
v 7.3188 9.6305 3.6000
v 7.3188 9.8505 3.5300
v 7.3188 10.1005 3.4800
v 7.5088 3.5105 4.9700
v 7.5088 3.7505 5.0600
v 7.5088 3.9605 5.1800
v 7.4988 4.1705 5.2800
v 7.4988 4.4305 5.2300
v 7.4988 4.7105 5.1200
v 7.4988 4.9705 5.0200
v 7.4988 5.2105 4.9400
v 7.4888 5.4605 4.8400
v 7.4888 5.7105 4.7800
v 7.4888 5.9505 4.7100
v 7.4888 6.1905 4.6200
v 7.4788 6.4305 4.5400
v 7.4788 6.7005 4.4700
v 7.4788 6.9505 4.3900
v 7.4788 7.1805 4.3100
v 7.4788 7.4205 4.2300
v 7.4688 7.6805 4.1500
v 7.4688 7.9705 4.0700
v 7.4688 8.2105 3.9900
v 7.4688 8.4405 3.9100
v 7.4688 8.6705 3.8300
v 7.4588 8.9605 3.7700
v 7.4588 9.2005 3.7000
v 7.4588 9.4605 3.5800
v 7.4588 9.6905 3.5300
v 7.4588 9.9505 3.4800
v 7.7488 3.5605 4.9400
v 7.7488 3.7805 5.0300
v 7.7488 3.9805 5.1000
v 7.7488 4.1805 5.2000
v 7.7488 4.4505 5.0800
v 7.7388 4.7105 5.0100
v 7.7388 4.9505 4.9300
v 7.7388 5.1805 4.8500
v 7.7388 5.4305 4.7400
v 7.7388 5.7005 4.7000
v 7.7288 5.9605 4.6300
v 7.7288 6.2005 4.5500
v 7.7288 6.4505 4.4500
v 7.7288 6.7105 4.3600
v 7.7288 6.9805 4.2800
v 7.7188 7.2105 4.1900
v 7.7188 7.4605 4.1300
v 7.7188 7.7105 4.0600
v 7.7188 7.9605 3.9600
v 7.7188 8.2305 3.8600
v 7.7088 8.4705 3.8400
v 7.7088 8.7505 3.7200
v 7.7088 9.0205 3.6500
v 7.7088 9.2605 3.5800
v 7.6988 9.5205 3.5300
v 7.6988 9.7605 3.4700
v 8.0188 3.5305 4.8400
v 8.0188 3.7305 4.9200
v 8.0188 3.9405 5.0100
v 8.0188 4.1705 5.1200
v 8.0188 4.4305 5.0400
v 8.0088 4.6705 4.9500
v 8.0088 4.9205 4.8500
v 8.0088 5.1605 4.8000
v 8.0088 5.4205 4.7100
v 8.0088 5.6705 4.6100
v 7.9988 5.9205 4.5500
v 7.9988 6.1705 4.4700
v 7.9988 6.4305 4.3700
v 7.9988 6.6605 4.2800
v 7.9988 6.9505 4.1700
v 7.9888 7.2205 4.1300
v 7.9888 7.4905 4.0400
v 7.9888 7.7005 3.9600
v 7.9888 7.9905 3.8900
v 7.9888 8.2305 3.8000
v 7.9788 8.4705 3.7300
v 7.9788 8.7005 3.6600
v 7.9788 8.9805 3.5600
v 7.9788 9.2505 3.4800
v 7.9688 9.5105 3.4300
v 8.2388 3.5105 4.7800
v 8.2388 3.7205 4.8600
v 8.2388 3.9405 4.9300
v 8.2388 4.1605 5.0200
v 8.2288 4.4005 4.9800
v 8.2288 4.6505 4.8700
v 8.2288 4.9205 4.7800
v 8.2288 5.1705 4.7000
v 8.2288 5.4505 4.5900
v 8.2188 5.7105 4.5200
v 8.2188 5.9605 4.4200
v 8.2188 6.2205 4.3800
v 8.2188 6.4705 4.2800
v 8.2088 6.7005 4.2200
v 8.2088 6.9405 4.1400
v 8.2088 7.2105 4.0300
v 8.2088 7.4905 3.9600
v 8.2088 7.7505 3.8800
v 8.1988 7.9805 3.8000
v 8.1988 8.2305 3.7200
v 8.1988 8.5105 3.6000
v 8.1988 8.7205 3.5700
v 8.1988 8.9805 3.5100
v 8.1888 9.2205 3.5200
v 8.4388 3.4405 4.6700
v 8.4288 3.6805 4.7700
v 8.4288 3.9105 4.8500
v 8.4288 4.0905 4.9700
v 8.4288 4.3605 4.9100
v 8.4288 4.6105 4.8300
v 8.4188 4.8505 4.7400
v 8.4188 5.0905 4.6400
v 8.4188 5.3505 4.5600
v 8.4188 5.6405 4.4400
v 8.4188 5.8905 4.4000
v 8.4088 6.1305 4.3100
v 8.4088 6.3605 4.2400
v 8.4088 6.6305 4.1500
v 8.4088 6.9005 4.0700
v 8.3988 7.1305 3.9900
v 8.3988 7.3905 3.9000
v 8.3988 7.6305 3.8500
v 8.3988 7.9005 3.7700
v 8.3988 8.1805 3.6600
v 8.3888 8.4005 3.6100
v 8.3888 8.6605 3.5100
v 8.3888 8.9405 3.4800
v 8.6588 3.4305 4.6200
v 8.6588 3.6905 4.6900
v 8.6488 3.9205 4.7600
v 8.6488 4.1105 4.9000
v 8.6488 4.3605 4.8100
v 8.6488 4.6305 4.7200
v 8.6488 4.8805 4.6500
v 8.6388 5.1205 4.5700
v 8.6388 5.3505 4.4700
v 8.6388 5.6305 4.3900
v 8.6388 5.8805 4.3100
v 8.6288 6.1505 4.2300
v 8.6288 6.3905 4.1300
v 8.6288 6.6505 4.0700
v 8.6288 6.9305 3.9800
v 8.6288 7.1805 3.8800
v 8.6188 7.4405 3.8100
v 8.6188 7.6805 3.7300
v 8.6188 7.9505 3.6700
v 8.6188 8.2205 3.5800
v 8.6088 8.4505 3.5200
v 8.6088 8.6905 3.4700
v 8.8788 3.4805 4.5500
v 8.8688 3.6805 4.6100
v 8.8688 3.9105 4.7200
v 8.8688 4.1205 4.8300
v 8.8688 4.3805 4.7400
v 8.8688 4.6405 4.6600
v 8.8588 4.8805 4.5800
v 8.8588 5.1505 4.4900
v 8.8588 5.4205 4.4000
v 8.8588 5.6805 4.3100
v 8.8488 5.9305 4.2500
v 8.8488 6.1905 4.1400
v 8.8488 6.4605 4.0800
v 8.8488 6.7105 3.9700
v 8.8488 6.9305 3.9100
v 8.8388 7.2205 3.8300
v 8.8388 7.4705 3.7500
v 8.8388 7.7105 3.6900
v 8.8388 7.9705 3.5800
v 8.8388 8.2205 3.5100
v 8.8288 8.4805 3.4700
v 9.0888 3.5505 4.5100
v 9.0888 3.7905 4.6000
v 9.0888 3.9905 4.7100
v 9.0888 4.2405 4.7300
v 9.0888 4.5205 4.6200
v 9.0788 4.7605 4.4900
v 9.0788 5.0005 4.4500
v 9.0788 5.2705 4.3500
v 9.0788 5.5405 4.2800
v 9.0788 5.7705 4.2100
v 9.0688 6.0405 4.0900
v 9.0688 6.2805 4.0400
v 9.0688 6.5405 3.9400
v 9.0688 6.7905 3.8800
v 9.0588 7.0505 3.8000
v 9.0588 7.3205 3.7200
v 9.0588 7.5905 3.6200
v 9.0588 7.8305 3.5400
v 9.0588 8.1005 3.4800
v 9.3488 3.6105 4.4300
v 9.3488 3.8605 4.5600
v 9.3488 4.0705 4.6600
v 9.3488 4.2905 4.5800
v 9.3388 4.5805 4.4900
v 9.3388 4.8305 4.4300
v 9.3388 5.0905 4.3500
v 9.3388 5.3205 4.2500
v 9.3388 5.6005 4.1700
v 9.3288 5.8705 4.1000
v 9.3288 6.1305 4.0000
v 9.3288 6.3905 3.9100
v 9.3288 6.6705 3.8100
v 9.3188 6.9305 3.7600
v 9.3188 7.1805 3.6500
v 9.3188 7.4005 3.5900
v 9.3188 7.6505 3.5200
v 9.3188 7.8905 3.4800
v 9.6388 3.5805 4.3400
v 9.6388 3.8105 4.4400
v 9.6388 4.0305 4.5600
v 9.6388 4.2805 4.5000
v 9.6288 4.5505 4.4000
v 9.6288 4.8305 4.2900
v 9.6288 5.1005 4.2100
v 9.6288 5.3205 4.1200
v 9.6288 5.5805 4.0500
v 9.6188 5.8105 3.9800
v 9.6188 6.0605 3.9200
v 9.6188 6.3005 3.8300
v 9.6188 6.5605 3.7600
v 9.6188 6.8105 3.6700
v 9.6088 7.0705 3.5900
v 9.6088 7.2905 3.5500
v 9.6088 7.5205 3.4900
v 9.8488 3.5505 4.2700
v 9.8488 3.7505 4.3400
v 9.8488 3.9605 4.4600
v 9.8488 4.1805 4.4500
v 9.8488 4.4305 4.3600
v 9.8388 4.6505 4.2900
v 9.8388 4.9405 4.2100
v 9.8388 5.1905 4.1200
v 9.8388 5.4405 4.0300
v 9.8388 5.6705 3.9800
v 9.8288 5.9105 3.8900
v 9.8288 6.1805 3.8100
v 9.8288 6.4405 3.7500
v 9.8288 6.6905 3.6100
v 9.8288 6.9305 3.5600
v 9.8188 7.1705 3.5000
v 9.8188 7.4305 3.4800
v 9.9688 3.6205 4.2600
v 9.9688 3.8205 4.3300
v 9.9688 4.0305 4.4200
v 9.9688 4.2905 4.3900
v 9.9588 4.5605 4.2800
v 9.9588 4.7905 4.1900
v 9.9588 5.0405 4.1200
v 9.9588 5.3005 4.0200
v 9.9588 5.5505 3.9500
v 9.9488 5.7805 3.8800
v 9.9488 6.0505 3.8000
v 9.9488 6.3005 3.7200
v 9.9488 6.5505 3.6100
v 9.9488 6.8005 3.5600
v 9.9388 7.0605 3.5100
v 10.1188 3.5305 4.1700
v 10.1188 3.7305 4.2400
v 10.1188 3.9605 4.3700
v 10.1188 4.1805 4.3900
v 10.1188 4.4405 4.2400
v 10.1088 4.7005 4.1600
v 10.1088 4.9405 4.0900
v 10.1088 5.2105 4.0000
v 10.1088 5.4505 3.9100
v 10.0988 5.7505 3.8300
v 10.0988 6.0205 3.7400
v 10.0988 6.2505 3.6800
v 10.0988 6.4905 3.5800
v 10.0988 6.7505 3.5400
v 10.0888 7.0005 3.4900
v 10.3788 3.4705 4.0800
v 10.3788 3.7005 4.1700
v 10.3788 3.9405 4.2600
v 10.3688 4.1405 4.3000
v 10.3688 4.4005 4.1400
v 10.3688 4.6705 4.0900
v 10.3688 4.9205 4.0100
v 10.3588 5.1705 3.9000
v 10.3588 5.4205 3.8500
v 10.3588 5.6905 3.7600
v 10.3588 5.9605 3.6800
v 10.3588 6.2005 3.6300
v 10.3488 6.4305 3.5000
v 10.3488 6.6805 3.4300
v 10.6388 3.6205 4.0300
v 10.6388 3.8105 4.1400
v 10.6388 4.0505 4.2600
v 10.6388 4.3305 4.1100
v 10.6388 4.5905 4.0200
v 10.6288 4.8205 3.9700
v 10.6288 5.0805 3.8700
v 10.6288 5.3405 3.7900
v 10.6288 5.5805 3.7100
v 10.6288 5.8405 3.6200
v 10.6188 6.0805 3.5500
v 10.6188 6.3505 3.4700
v 10.6188 6.6105 3.4500
v 10.8488 3.6205 3.9700
v 10.8488 3.8405 4.0800
v 10.8488 4.0505 4.1300
v 10.8488 4.3305 4.0300
v 10.8388 4.6005 3.9100
v 10.8388 4.8105 3.8500
v 10.8388 5.0905 3.7800
v 10.8388 5.3605 3.7100
v 10.8288 5.6405 3.6000
v 10.8288 5.8505 3.5200
v 10.8288 6.1205 3.5000
v 11.0388 3.4305 3.8500
v 11.0388 3.6805 3.9400
v 11.0388 3.9105 4.0600
v 11.0288 4.1505 4.0500
v 11.0288 4.4005 3.9500
v 11.0288 4.6605 3.8400
v 11.0288 4.9405 3.7700
v 11.0288 5.1805 3.7000
v 11.0188 5.4205 3.6000
v 11.0188 5.6605 3.5200
v 11.0188 5.9505 3.4800
v 11.2588 3.6205 3.8300
v 11.2588 3.8505 3.9500
v 11.2588 4.0805 4.0000
v 11.2588 4.3105 3.8900
v 11.2588 4.5705 3.7700
v 11.2488 4.8405 3.7300
v 11.2488 5.1105 3.6000
v 11.2488 5.3305 3.5500
v 11.2488 5.5905 3.5000
v 11.2488 5.8505 3.4900
v 11.4888 3.5005 3.7000
v 11.4888 3.7005 3.8100
v 11.4888 3.9405 3.9100
v 11.4888 4.2005 3.8500
v 11.4788 4.4805 3.7700
v 11.4788 4.7305 3.6600
v 11.4788 5.0105 3.5700
v 11.4788 5.2605 3.4900
v 11.4688 5.4905 3.4300
v 11.6988 3.4705 3.6600
v 11.6988 3.6605 3.7200
v 11.6988 3.8705 3.8300
v 11.6988 4.1105 3.8400
v 11.6988 4.3605 3.7300
v 11.6888 4.6105 3.6300
v 11.6888 4.8705 3.5400
v 11.6888 5.1105 3.4800
v 11.6888 5.3305 3.5400
v 11.9488 3.5705 3.6000
v 11.9488 3.7705 3.6900
v 11.9488 4.0005 3.7500
v 11.9388 4.2205 3.6700
v 11.9388 4.4905 3.5800
v 11.9388 4.7605 3.5300
v 11.9388 5.0005 3.4700
v 12.2288 3.6505 3.5500
v 12.2288 3.8705 3.6800
v 12.2188 4.1005 3.6300
v 12.2188 4.3505 3.5200
v 12.2188 4.6105 3.5000
v 12.4388 3.4805 3.3800
v 12.4388 3.6905 3.5100
v 12.4288 3.9105 3.6100
v 12.4288 4.1505 3.5600
v 12.4288 4.4205 3.4600
v 12.5688 3.5305 3.4000
v 12.5688 3.7705 3.5300
v 12.5688 4.0005 3.5800
v 12.5688 4.2805 3.4500
v 12.7488 3.6705 3.3900
v 12.7488 3.8805 3.5300
v 12.7488 4.1305 3.4700
f 3684 4709 8153
f 14303 14332 5992
f 14332 6086 5992
f 13 14 5127
f 4709 8319 8153
f 14332 14361 6086
f 13555 206 13515
f 8113 8102 8153
f 8134 8113 8153
f 8785 4709 8868
f 8785 8708 4709
f 23 13555 14
f 13555 23 68
f 13556 13555 68
f 11637 2284 12310
f 5130 13 5127
f 5992 5993 5945
f 6087 6086 15478
f 6087 15518 6086
f 5994 15557 5995
f 15557 6042 5995
f 14361 15439 6086
f 15329 15439 14361
f 6221 15439 15329
f 6086 15439 15478
f 7460 14361 14332
f 13911 13897 7937
f 5123 8102 8113
f 9979 3684 2444
f 10907 9979 2444
f 2822 10907 2673
f 13750 20 13
f 20 13750 58
f 12519 12381 12784
f 12381 2284 12784
f 2284 12381 12310
f 11637 11395 2284
f 16422 5136 5170
f 5136 16446 5127
f 5131 16446 5136
f 5130 13765 13
f 5993 15558 5994
f 6086 15558 5992
f 15558 5993 5992
f 5948 5949 15637
f 6087 6088 15518
f 6088 6087 15478
f 15556 5996 5995
f 6042 15556 5995
f 15556 6042 6089
f 5655 5656 15927
f 5136 16372 5170
f 6546 14361 7395
f 15764 5803 5802
f 7231 14569 14784
f 14361 7428 7395
f 13898 13928 7898
f 7935 13928 13898
f 13928 7935 7917
f 13960 7878 7898
f 5123 5125 8102
f 8101 13769 13767
f 13769 8092 13782
f 8120 5114 8113
f 11067 10907 2444
f 8785 8746 8708
f 4848 8319 4709
f 89 13556 68
f 89 140 13556
f 11716 11871 11794
f 11871 11716 11637
f 11557 11395 11637
f 10813 10737 2839
f 10893 2689 10892
f 7999 13898 7898
f 7999 13871 13898
f 13846 7999 7898
f 8143 8134 8153
f 11689 1926 1927
f 11688 11689 1927
f 10810 10811 10734
f 10966 2617 2618
f 10887 2616 2693
f 2616 10887 2617
f 6924 6897 7307
f 6924 7307 7280
f 14899 14923 6831
f 7413 14373 7381
f 5136 5143 16429
f 16422 5143 5136
f 16434 5131 5136
f 5160 16402 5161
f 16402 5160 5172
f 124 13699 13631
f 99 13699 124
f 13699 99 57
f 13750 29 58
f 29 57 58
f 15598 5994 5995
f 15598 5948 5947
f 15639 5813 5945
f 5856 5813 15717
f 5813 5730 5690
f 5772 5730 5771
f 5730 15792 5771
f 15792 5730 5813
f 5951 15635 5950
f 15635 5951 5952
f 6040 15557 5994
f 15558 6040 5994
f 15518 6040 6086
f 6040 15558 6086
f 15596 5997 5950
f 5949 15596 5950
f 15596 5996 5997
f 15597 5949 5948
f 5996 15597 5995
f 15596 15597 5996
f 15597 15596 5949
f 15597 15598 5995
f 15598 15597 5948
f 6042 15517 6089
f 6088 15517 6042
f 15557 6041 6042
f 6041 6088 6042
f 6088 6041 15518
f 6041 6040 15518
f 6040 6041 15557
f 5996 6043 5997
f 15556 6043 5996
f 6043 15556 6089
f 15891 5658 15925
f 5813 15992 5545
f 5657 15891 15925
f 15858 5656 5655
f 5658 15924 15925
f 15924 5658 15890
f 15791 5772 5771
f 5690 5691 15896
f 5691 15862 15896
f 5278 5279 5259
f 16280 5279 5278
f 5590 15984 5589
f 15770 5839 5840
f 6034 15524 6081
f 15524 6034 6033
f 15536 6066 6067
f 6025 6072 15531
f 15770 15769 5797
f 15769 15770 5840
f 6178 15439 6221
f 15870 15836 5722
f 15800 5763 5722
f 16372 5241 5209
f 5241 5224 5209
f 5241 5278 5259
f 5241 5242 5224
f 16372 5182 5170
f 16135 16134 5417
f 5803 15802 5802
f 5570 5571 16001
f 15970 5571 5570
f 5571 15970 5607
f 5444 16110 16109
f 16110 5444 5443
f 7232 7231 14528
f 14569 14764 14784
f 7020 14764 14569
f 7309 14461 14485
f 7309 14485 7280
f 7308 7309 7280
f 7307 14486 7280
f 14486 7308 7280
f 7400 14384 7367
f 14384 7368 7367
f 14462 7309 7308
f 14461 14462 7338
f 7309 14462 14461
f 7460 14360 14361
f 14360 7428 14361
f 7429 7428 14359
f 14414 7307 7395
f 7335 14414 14439
f 14414 7335 7307
f 14412 7366 7367
f 13960 13943 13959
f 7879 13960 13959
f 7879 7878 13960
f 7878 7879 13977
f 13911 7953 13897
f 7952 7953 13911
f 7952 13912 13898
f 13912 7935 13898
f 7877 7856 7809
f 5119 5123 8113
f 5119 8108 5123
f 5114 5119 8113
f 8100 8104 8098
f 8092 13771 8096
f 13771 8092 13769
f 8087 8082 13782
f 5107 8129 8122
f 8121 5107 8122
f 8121 5114 8120
f 5107 8121 8120
f 11231 2364 2284
f 11231 2363 2364
f 2364 2443 2444
f 2363 2443 2364
f 9615 9558 3684
f 3624 9854 3684
f 9979 3624 3684
f 3624 9979 9916
f 10048 10114 3372
f 3440 9979 10044
f 10045 3440 10044
f 3440 3439 9979
f 2967 2822 2895
f 2967 10453 2822
f 10529 10530 3036
f 9979 3377 10044
f 12386 12316 1261
f 1401 11637 12310
f 1401 11871 11637
f 4544 8746 8785
f 8746 4544 4543
f 9005 4341 4342
f 8569 8603 4707
f 4677 8602 4709
f 4643 4609 8675
f 8708 8671 4709
f 9828 9890 3591
f 3901 9569 9570
f 3843 3787 9630
f 2590 10995 10996
f 13474 13517 13475
f 13519 202 13478
f 13 13748 14
f 21 13748 13
f 20 13749 13
f 13749 21 13
f 168 13558 13557
f 169 168 13557
f 202 169 13557
f 13519 169 202
f 140 169 13556
f 89 113 140
f 113 89 13642
f 12719 12519 12784
f 12719 1001 12519
f 1001 12719 12653
f 1610 11872 11871
f 1610 1401 1539
f 1401 1610 11871
f 11557 11476 11395
f 11477 11476 11557
f 23 49 68
f 13492 13532 13533
f 13532 13492 13491
f 13604 124 13631
f 151 13604 13631
f 2691 2765 10812
f 2765 2691 10890
f 10892 10891 2613
f 2689 10891 10892
f 10736 2840 10812
f 2765 10736 10812
f 10736 10813 2839
f 10736 2765 10813
f 2840 10735 10812
f 10811 10735 10734
f 10735 2841 10734
f 10584 2986 2914
f 10815 10893 2688
f 516 13153 13033
f 13153 13093 13033
f 13153 516 13154
f 12867 793 794
f 2766 2691 10812
f 10735 2766 10812
f 2766 10735 10811
f 2692 2766 10811
f 2616 2615 2692
f 2538 11049 11050
f 2538 10970 10969
f 10970 2538 11050
f 10971 10972 2613
f 2537 10970 11050
f 11051 2537 11050
f 2537 10971 10970
f 10971 2537 11051
f 2206 2285 11312
f 2285 2206 11313
f 2445 11230 2365
f 6582 2285 11313
f 2445 11148 11066
f 13787 8082 8075
f 8082 13787 13782
f 8039 13816 8040
f 13816 8041 8040
f 8041 13816 8050
f 13883 7955 13896
f 7955 13883 13895
f 5087 8143 8153
f 8169 5062 8183
f 5062 8169 8168
f 11280 2317 2238
f 2308 2387 11206
f 11838 1641 1640
f 11835 1716 1644
f 1715 11835 11836
f 1714 1715 11836
f 1715 1714 11759
f 1715 1716 11835
f 2012 11599 11600
f 11441 11360 2162
f 1709 1710 11840
f 1710 1709 11763
f 1934 11603 2009
f 11525 11445 2081
f 11760 1714 1713
f 11682 1934 1860
f 2767 2692 10811
f 10810 2767 10811
f 2768 10887 2693
f 2541 2540 10966
f 2466 11125 11208
f 2465 11209 11210
f 11209 2466 11208
f 2464 11128 11046
f 2462 2382 11213
f 11292 2304 2305
f 6830 14900 6831
f 14900 6858 14876
f 14529 6924 7280
f 7255 14529 7280
f 14529 7231 14784
f 6924 14529 14784
f 6924 14845 6897
f 14844 14845 6924
f 6859 14900 14876
f 6859 14899 6831
f 14900 6859 6831
f 6887 6859 14876
f 14902 6856 14901
f 6856 14902 14878
f 6983 14797 14777
f 14797 6983 14796
f 14877 6885 6858
f 9554 3861 3860
f 7186 7020 14569
f 7186 14606 7020
f 7121 14645 7139
f 5137 16434 5136
f 16434 5137 5138
f 16443 16446 5131
f 16433 16434 5138
f 16401 5173 5174
f 5173 16401 16402
f 5173 16402 5172
f 16248 5319 5318
f 5319 16266 5318
f 57 77 58
f 99 77 57
f 13605 151 13631
f 151 13605 220
f 29 41 57
f 41 13716 57
f 56 55 13701
f 13716 56 57
f 5993 15599 5945
f 15599 5993 5994
f 15598 15599 5994
f 15754 5814 15755
f 5814 5813 15755
f 5814 15792 5813
f 5860 5859 15714
f 15753 5859 5860
f 15636 5949 5950
f 15635 15636 5950
f 15677 5856 15717
f 5813 5857 15755
f 5856 5857 5813
f 15674 5860 15714
f 5860 15674 15713
f 15553 6046 6000
f 15552 6046 6047
f 6046 15552 6000
f 15553 5999 6045
f 5999 15553 6000
f 5948 15638 5947
f 6043 15555 5997
f 5618 15958 5582
f 5654 5655 15927
f 5657 15926 5656
f 5656 15926 15927
f 5618 15926 15925
f 15926 5657 15925
f 15926 5617 15927
f 5617 15926 5618
f 15892 5657 5656
f 15858 15892 5656
f 5659 15924 15890
f 5513 16049 5480
f 5512 5480 5545
f 5512 5513 5480
f 5546 5512 5545
f 15924 15923 5621
f 15923 5622 5621
f 5659 15923 15924
f 5622 15955 5621
f 5859 5815 15754
f 5815 5859 15753
f 5815 15753 5816
f 15791 5815 5816
f 5815 5814 15754
f 5814 5815 15792
f 15792 5815 5771
f 5815 15791 5771
f 15752 5860 15713
f 15752 5817 5816
f 15753 15752 5816
f 15752 15753 5860
f 5730 15828 5690
f 15828 5730 5772
f 15895 15861 5693
f 15929 15895 5653
f 15825 5775 15788
f 15825 5734 5693
f 15861 15825 5693
f 5775 15789 15788
f 16170 5404 5405
f 16195 16170 5377
f 16170 16195 5404
f 16062 16035 5497
f 5636 5635 15911
f 5632 5631 15915
f 16281 16280 5278
f 5241 5299 5278
f 5299 5241 16372
f 5299 16372 5136
f 5480 5299 5545
f 5299 5813 5545
f 5813 5299 5136
f 5344 5395 16178
f 5395 5344 16154
f 5344 5480 16154
f 5344 5299 5480
f 15914 5632 15915
f 5633 15914 15913
f 15914 5633 5632
f 15978 5596 5597
f 5623 15955 5622
f 15770 5796 5795
f 5796 5755 5754
f 5796 15770 5797
f 5839 15771 5838
f 15771 15770 5795
f 15771 5839 15770
f 5984 5983 15567
f 5983 5984 15608
f 15724 5894 5850
f 5893 15724 5892
f 15724 5893 5894
f 5894 15723 5850
f 15520 6084 6131
f 6128 15484 15444
f 15484 6128 6081
f 6242 6243 15383
f 15733 5839 5838
f 5839 15733 5840
f 6210 6211 15411
f 6118 15493 6163
f 6072 6118 15492
f 5798 5756 5797
f 15769 5798 5797
f 5890 15688 15648
f 15688 15727 5889
f 15688 5890 15727
f 6745 14997 6714
f 14997 6745 6776
f 6745 6775 6776
f 14998 6775 6745
f 6135 15438 15437
f 6134 15438 6135
f 6178 15438 15439
f 15438 6134 15439
f 15871 15836 5681
f 15905 15871 5681
f 15835 15870 5722
f 15836 5682 5681
f 15870 5682 15836
f 5233 5234 16352
f 16292 5266 5265
f 5266 16310 5265
f 5186 16392 16380
f 16392 5185 16380
f 5185 16392 5172
f 16392 5173 5172
f 5173 16392 5186
f 5182 16394 5170
f 16134 5418 5417
f 5418 16134 16133
f 5505 16082 16083
f 5576 5575 15966
f 15912 5673 15911
f 5635 15912 15911
f 15802 5720 15838
f 15872 5720 15837
f 5720 15872 15838
f 15902 5646 15903
f 5644 15937 5643
f 15937 15938 5643
f 15938 15937 5607
f 5606 15970 5570
f 15970 5606 5607
f 5606 15938 5607
f 16082 5473 16083
f 16110 5473 16109
f 16031 16032 5534
f 15938 5605 15939
f 5606 5605 15938
f 14508 7255 7280
f 14544 7237 7238
f 7262 7237 14524
f 7231 14549 14569
f 7232 14549 7231
f 14549 7232 7233
f 6998 14764 7020
f 14764 6998 14763
f 6998 6999 14763
f 14606 14711 7020
f 7079 14711 14606
f 7021 14745 7020
f 14745 6998 7020
f 6998 14745 6999
f 7335 14463 7307
f 14463 7335 7336
f 14463 14462 7308
f 14463 14486 7307
f 14486 14463 7308
f 7337 14463 7336
f 14463 7337 14462
f 14387 7430 7397
f 14387 7429 7430
f 7428 14388 7395
f 7429 14388 7428
f 7430 7398 7397
f 14386 7399 7366
f 14414 14413 14439
f 14412 14413 7366
f 14413 7335 14439
f 14413 14412 7335
f 13943 7900 13959
f 13944 13960 7898
f 13928 13944 7898
f 7969 7953 7952
f 13871 7969 13898
f 7969 7952 13898
f 7970 7969 13871
f 7879 7859 13977
f 13977 7859 7858
f 14459 7311 14460
f 14331 7460 14332
f 14331 14360 7460
f 7856 7833 7809
f 7786 7785 7809
f 14034 7786 7809
f 7878 13961 7898
f 13961 7877 7898
f 14098 7734 7707
f 7760 7734 7809
f 7734 7877 7809
f 14075 7735 7760
f 7734 7620 7877
f 7877 7620 7898
f 8114 5119 5114
f 8114 8121 8122
f 8121 8114 5114
f 5119 8114 8108
f 8114 8115 8108
f 13772 8107 5120
f 8107 13772 8098
f 8107 5121 5120
f 8107 8106 5121
f 8043 13813 8044
f 13768 8101 13767
f 8102 13768 13767
f 5126 13768 8102
f 8100 13768 8104
f 13768 5126 8104
f 13770 8100 8098
f 13774 8092 8096
f 13774 8093 8092
f 8094 13776 8093
f 8086 8119 5109
f 8070 13792 8077
f 13781 8088 8089
f 8083 8082 8087
f 8088 8083 8087
f 8083 8088 13781
f 8129 5106 8122
f 8128 5107 8120
f 8127 5102 8136
f 5101 8127 8136
f 8045 13812 8046
f 13812 8045 8044
f 8055 13811 8046
f 13812 8055 8046
f 8055 13812 8054
f 13804 8055 8054
f 5055 8176 8175
f 13811 8047 8046
f 11397 11477 2127
f 10908 2672 2673
f 2672 10908 10909
f 10907 10908 2673
f 2597 10908 10907
f 10908 2597 10988
f 2361 2362 11233
f 2361 11151 2362
f 11232 2362 2363
f 11231 11232 2363
f 11232 2283 11233
f 2362 11232 11233
f 2283 11232 2284
f 11232 11231 2284
f 11149 11067 2444
f 2443 11149 2444
f 10259 3228 3227
f 3910 9502 9558
f 9559 3910 9558
f 9615 9674 9675
f 9674 9615 3684
f 9733 9674 3684
f 10470 3095 10395
f 3023 10470 10469
f 9793 9855 3622
f 3563 3624 9916
f 3563 9917 3624
f 10046 3440 10045
f 3440 10046 3439
f 10178 3373 10113
f 10111 10045 10044
f 10837 10759 2816
f 10530 10455 3036
f 2822 10752 2895
f 10529 2965 10604
f 2965 10603 10604
f 3037 2965 10529
f 10603 10681 10604
f 10455 3035 10456
f 3035 10455 10530
f 3178 10382 3177
f 10605 2964 10604
f 10530 2964 10605
f 2964 10529 10604
f 2964 10530 10529
f 10682 10605 10604
f 10759 10682 2816
f 10115 10048 3372
f 3305 10246 10247
f 13033 12911 12784
f 12466 1182 12398
f 1177 12472 1111
f 2799 10779 10778
f 10777 2799 10778
f 2648 2647 2724
f 2723 2647 2646
f 11093 11012 11011
f 11012 11094 11013
f 2341 2421 2342
f 11093 2499 11176
f 2499 11093 11011
f 2499 2419 11176
f 10858 2723 2646
f 1128 1127 12455
f 1127 12524 1126
f 1746 11804 11805
f 1603 11880 11879
f 1329 12173 12172
f 1330 1329 12172
f 2035 11498 2110
f 11871 11795 11794
f 11795 1754 11794
f 8746 4579 8708
f 8747 4579 8746
f 4542 8746 4543
f 4542 8747 8746
f 8870 4507 8869
f 4424 4382 4423
f 9101 9054 4297
f 9054 9007 4297
f 8569 8536 4709
f 4848 8342 8319
f 4708 8603 8569
f 8602 4708 4709
f 4708 8569 4709
f 4643 8638 8637
f 8638 4643 8675
f 8674 4609 4643
f 8674 4644 8673
f 8674 4643 8637
f 4644 8674 8637
f 4576 4577 8749
f 4577 4576 8711
f 10089 10154 10155
f 10154 10089 10088
f 9576 9575 3839
f 3782 9576 3839
f 3782 3838 9576
f 3838 9577 9576
f 3853 3854 3797
f 9502 4018 9558
f 9569 3845 9570
f 3845 9569 3846
f 3902 9569 3901
f 3903 3902 9510
f 3786 3843 9630
f 3843 3786 9572
f 3898 9573 3897
f 3900 3901 9570
f 9514 3954 9513
f 9514 3898 9515
f 3954 9514 9515
f 2589 10916 10915
f 2589 2590 10996
f 2590 2589 10915
f 10916 2666 10915
f 2666 10916 10836
f 2666 10836 2743
f 2356 2435 2436
f 2662 10919 10920
f 10919 2662 2663
f 10916 10917 2665
f 2672 10829 2673
f 10829 2672 2748
f 10829 2822 2673
f 10829 2748 2822
f 297 13428 13429
f 249 13474 13429
f 13428 249 13429
f 249 13428 13473
f 13474 248 13429
f 248 13474 13475
f 13474 13516 13517
f 206 13516 13515
f 13516 13473 13515
f 13516 249 13473
f 249 13516 13474
f 13556 205 13555
f 13516 205 13517
f 13555 205 206
f 205 13516 206
f 13517 13518 13475
f 344 13382 13330
f 13747 23 14
f 30 20 58
f 13728 30 13729
f 30 13728 31
f 13740 13749 20
f 30 13740 20
f 13740 30 31
f 13588 169 140
f 169 13588 168
f 13588 13589 168
f 169 203 13556
f 203 169 13519
f 167 13558 168
f 13589 167 168
f 13558 167 13559
f 139 113 13642
f 113 139 140
f 139 13588 140
f 13588 139 13589
f 12587 12653 1000
f 12587 1001 12653
f 1001 1065 12519
f 1198 12381 12519
f 12381 12311 12310
f 1198 12311 12381
f 12311 1198 12382
f 11716 1903 11637
f 1903 1977 11637
f 1977 1903 11638
f 11476 11396 11395
f 11396 11315 11395
f 11315 11396 2204
f 35 13725 13724
f 35 49 23
f 49 35 13724
f 972 1036 973
f 1036 1037 973
f 13349 377 13348
f 376 377 13349
f 376 13296 13295
f 377 376 13295
f 13492 230 13491
f 230 13447 277
f 230 13492 13447
f 158 13568 13567
f 159 158 13567
f 13568 190 13567
f 13532 190 13568
f 13540 151 220
f 13599 13598 129
f 13492 229 13447
f 229 13492 13533
f 10491 10492 3075
f 10220 3335 10219
f 2986 10583 2914
f 2915 10583 10582
f 10583 10658 2914
f 10583 2915 10658
f 2690 2765 10890
f 2765 2690 10813
f 2764 10891 2689
f 2764 2689 10814
f 2690 2764 10813
f 2764 2690 10891
f 10737 2764 10814
f 2764 10737 10813
f 10735 10659 2841
f 10658 10659 2914
f 2841 10659 10658
f 10661 10736 2839
f 10736 10661 2840
f 10599 10598 2898
f 10598 10599 2970
f 10893 2763 2689
f 10815 2763 10893
f 2689 2763 10814
f 2763 10738 10814
f 10738 2763 10815
f 2242 2243 11357
f 2243 11356 11357
f 3476 3477 10009
f 9818 9819 3661
f 9819 9818 3600
f 9757 9818 3661
f 12976 687 688
f 13093 13034 13033
f 12804 12803 794
f 793 12804 794
f 12803 857 12802
f 856 857 12803
f 916 12741 12676
f 12610 916 12676
f 858 857 12738
f 857 858 12802
f 13446 230 277
f 666 12996 665
f 12995 666 667
f 732 731 12869
f 731 12870 12869
f 12806 12807 852
f 915 12677 12611
f 1159 1160 1094
f 1095 1161 12486
f 12681 972 973
f 910 12681 973
f 12681 910 12746
f 847 12681 12746
f 12546 1040 1039
f 910 12680 12746
f 12680 848 12746
f 1368 12200 12201
f 1947 1873 11671
f 1947 11592 2022
f 2612 10892 2613
f 10972 2612 2613
f 2612 10893 10892
f 10893 2612 2688
f 10889 2766 2692
f 2766 10889 2691
f 2615 10889 2692
f 10889 2615 2691
f 2615 10968 10969
f 10968 2615 2616
f 11130 2462 11213
f 2382 2302 11213
f 11296 2302 11295
f 2223 2222 11295
f 11376 2222 2223
f 2222 11296 11295
f 2762 10815 2688
f 10894 2762 2688
f 2762 10894 10816
f 10816 10740 2836
f 11132 11051 11050
f 11132 2460 11051
f 11132 11214 2460
f 2222 2221 11296
f 2141 11380 11461
f 2221 11379 2220
f 6837 14918 6836
f 6779 6748 14969
f 2206 6545 11313
f 6545 6582 11313
f 11230 2446 2366
f 2286 11230 2366
f 2285 2286 11312
f 2286 2285 2365
f 11230 2286 2365
f 14940 14966 6812
f 14966 14941 6812
f 10983 2524 10984
f 10748 10673 2900
f 2829 10672 10671
f 10672 10748 2900
f 2830 10822 2756
f 8039 8038 13817
f 13817 8038 8048
f 13842 13832 8018
f 13842 8029 13832
f 8052 8043 13814
f 8043 8052 13813
f 8081 13788 13782
f 13787 8081 13782
f 8067 13800 13801
f 13800 8068 8060
f 8066 8067 13801
f 13846 8066 8048
f 13782 8066 13846
f 13788 8066 13782
f 13815 8041 8050
f 13808 13815 8050
f 8031 13822 8032
f 8041 13823 8040
f 8029 13823 13832
f 13832 13823 8030
f 13823 8031 8030
f 13823 13822 8031
f 13808 8058 13801
f 8058 8066 13801
f 8049 8039 13817
f 8049 13816 8039
f 8049 13817 8048
f 8049 13808 8050
f 13816 8049 8050
f 13868 8002 7988
f 8002 8003 7988
f 7973 13868 7988
f 13870 7970 13871
f 4879 8410 4854
f 8222 5009 5025
f 5087 5086 8143
f 8145 5085 5084
f 8147 5083 5082
f 8135 5102 8134
f 5095 8135 8134
f 5102 8135 8136
f 8135 5094 8136
f 8145 8135 5095
f 8135 8145 5094
f 5062 8198 8183
f 8169 5075 8168
f 8182 5062 8168
f 5063 8182 8168
f 8182 5063 8197
f 8198 8182 8197
f 8182 8198 5062
f 8165 5077 8153
f 5033 5034 5018
f 5033 8231 5017
f 8231 5033 5018
f 5033 8213 5034
f 5081 8148 5082
f 8148 8147 5082
f 5099 5106 8129
f 5099 8129 8138
f 5097 8140 8141
f 8189 5055 8175
f 5070 5069 8162
f 2243 2322 11275
f 2322 2243 2242
f 2164 2163 11358
f 2241 2242 11358
f 2163 2241 11358
f 2318 11197 2398
f 11197 2318 2317
f 2397 11197 2317
f 2475 11116 2476
f 2476 11034 11115
f 11116 11034 2476
f 2553 11034 2552
f 11034 11116 2552
f 2235 11281 2236
f 11610 1926 11611
f 1926 11610 1927
f 11610 11609 1927
f 11610 2001 11609
f 2231 2232 2154
f 2387 11207 11206
f 11125 11207 11208
f 11207 2387 11208
f 2388 2308 11206
f 2309 2388 11205
f 2388 2309 2308
f 2315 2314 2394
f 1712 11838 1711
f 11834 1716 1717
f 11834 1645 1644
f 1716 11834 1644
f 1715 11758 1716
f 11363 2235 2236
f 2317 11279 2238
f 2318 11279 2317
f 2239 11279 2318
f 2239 2240 2162
f 11360 2239 2162
f 2239 11360 2238
f 11279 2239 2238
f 1861 11680 1862
f 11680 1861 1935
f 1936 11680 1935
f 11680 1863 1862
f 1937 11601 11600
f 11601 1937 1936
f 11601 1936 1935
f 11606 11607 2004
f 1780 1854 11765
f 11766 1780 11765
f 1854 1780 11688
f 1637 1638 11916
f 1638 1637 11840
f 1637 1709 11840
f 1709 1637 11841
f 1636 11842 11841
f 1637 1636 11841
f 1707 11766 11765
f 11842 1707 11765
f 1707 11842 11843
f 11363 11364 2235
f 11364 11363 2158
f 11839 1710 1711
f 11839 1638 11840
f 1710 11839 11840
f 11838 11839 1711
f 1708 1709 11841
f 1708 11842 11765
f 11842 1708 11841
f 1784 1710 11763
f 11683 1858 1932
f 1858 11684 1932
f 1861 11681 1935
f 11681 1934 1935
f 1934 11681 1860
f 11602 1934 2009
f 1934 11602 1935
f 11603 2008 2009
f 2008 11523 2009
f 11525 2080 11445
f 11445 2080 2156
f 1714 1787 11759
f 11760 1787 1714
f 1787 11760 1860
f 1787 1861 11759
f 11681 1787 1860
f 1787 11681 1861
f 10888 2767 2693
f 2767 10888 2692
f 2616 10888 2693
f 10888 2616 2692
f 2541 10965 2542
f 10965 10966 2618
f 10965 2541 10966
f 10967 2616 2617
f 10966 10967 2617
f 2540 10967 10966
f 10967 10968 2616
f 11047 2541 11046
f 11047 2540 2541
f 11128 11047 11046
f 2463 11047 11128
f 11047 2463 11129
f 2541 11045 11046
f 11045 2541 2542
f 2385 2305 11210
f 11209 2385 11210
f 11126 11209 2465
f 11209 11126 2466
f 11045 11126 2465
f 11127 2465 11210
f 2464 11127 11210
f 11127 11045 2465
f 11127 2464 11046
f 11045 11127 11046
f 2464 11211 11128
f 11211 2463 11128
f 2463 11211 2383
f 11211 2304 2383
f 11292 11293 2304
f 2387 2307 11208
f 11290 2307 11289
f 2307 2308 11289
f 2308 2307 2387
f 2227 11290 11289
f 2228 2227 11289
f 2227 2228 11371
f 11372 2227 11371
f 11293 2225 2224
f 2225 11293 11292
f 7231 7256 14528
f 14529 7256 7231
f 6902 6901 14842
f 14844 6898 14845
f 14845 6898 6897
f 6925 14844 6924
f 14802 14803 6976
f 14802 6977 14801
f 6928 6902 14842
f 15122 6594 6629
f 6790 6791 14984
f 6783 6784 14965
f 14810 6967 6968
f 14810 6943 6942
f 14809 14810 6968
f 14810 14809 6943
f 6887 14875 6859
f 14899 14875 6860
f 6859 14875 14899
f 14854 6887 14876
f 6828 14902 14901
f 14902 6855 14878
f 6855 6883 14878
f 6883 6855 14879
f 14879 6855 14903
f 6882 14858 6908
f 14737 7030 14736
f 7072 14701 14686
f 14749 14769 14750
f 6967 14790 6968
f 7011 7012 14752
f 14792 14793 6988
f 14811 6940 14812
f 6967 14811 6966
f 14810 14811 6967
f 14797 6959 14798
f 14900 6857 6858
f 6857 14877 6858
f 6857 14900 14901
f 6856 6857 14901
f 6857 6856 14878
f 3322 3256 3255
f 3321 3322 3255
f 10038 3384 3383
f 3508 3446 3445
f 3382 10039 3383
f 10039 10038 3383
f 10038 10039 3446
f 3446 10039 3445
f 10039 3382 3445
f 3442 10042 3441
f 3382 10040 3445
f 3863 3862 9552
f 9790 3688 9789
f 3862 9610 3861
f 9611 9610 3804
f 3861 9611 3860
f 9610 9611 3861
f 3442 3443 10042
f 14616 7155 14617
f 14705 7066 14691
f 7049 7067 7068
f 14704 7049 7068
f 14675 7086 14676
f 7067 14690 7068
f 14690 7086 7068
f 14705 14690 7067
f 14690 14705 14691
f 7065 7084 14691
f 7084 7065 14692
f 7117 7101 14663
f 14373 7445 7446
f 7445 14373 7413
f 14544 14543 7214
f 7263 14522 7238
f 7248 7247 14514
f 7104 14645 7121
f 9914 9853 3626
f 16413 5151 16422
f 16413 5160 5161
f 5151 16413 5161
f 5151 5152 16422
f 16413 16404 5160
f 16394 16404 5170
f 16404 16394 5171
f 16404 16422 5170
f 16404 16413 16422
f 5160 16403 5172
f 16404 16403 5160
f 16403 16404 5171
f 16393 5185 5172
f 16403 16393 5172
f 16393 16403 5171
f 16428 5136 16429
f 16428 5137 5136
f 16434 16439 5131
f 16433 16439 16434
f 16439 16443 5131
f 16433 5139 16432
f 5139 16433 5138
f 16401 5162 16402
f 5162 16401 16411
f 5152 5162 16411
f 5187 16391 5186
f 5173 16391 5174
f 16391 5173 5186
f 16391 16390 5174
f 16390 16391 5187
f 16379 5186 16380
f 16379 5187 5186
f 16366 5200 5216
f 16379 5200 16366
f 5200 16379 16380
f 16376 16388 5190
f 5221 5222 16362
f 16276 5284 5283
f 16234 16212 5333
f 16204 16205 5367
f 16226 16204 5342
f 16205 16204 5341
f 16204 16226 5341
f 16136 16137 5443
f 5444 16136 5443
f 16136 5444 16135
f 5416 16136 16135
f 16136 5415 16137
f 5415 5416 16161
f 5415 16136 5416
f 5442 16137 16138
f 16137 5442 5443
f 16247 16226 16246
f 16248 16247 5319
f 16385 5193 16373
f 5193 16374 16373
f 175 13549 13548
f 16346 5223 16347
f 5223 5222 16347
f 16346 5239 5240
f 5239 16346 16347
f 5255 5256 16334
f 16318 5256 16302
f 5256 5255 16302
f 75 13681 13658
f 13680 75 13658
f 100 77 99
f 77 78 58
f 13678 100 13654
f 100 13678 77
f 78 13678 13677
f 13678 78 77
f 13605 13541 220
f 147 13579 148
f 13608 147 148
f 13731 28 13742
f 13730 41 29
f 13730 13731 40
f 13730 28 13731
f 13634 13633 13658
f 118 13612 13611
f 13638 116 117
f 56 13717 55
f 41 13717 13716
f 13717 56 13716
f 13717 13730 40
f 13730 13717 41
f 56 13700 57
f 13700 13699 57
f 13700 75 13699
f 13700 56 13701
f 13700 13681 75
f 13684 73 72
f 13719 53 54
f 53 13719 13720
f 54 13702 55
f 55 13702 13701
f 15639 5946 5947
f 5946 15598 5947
f 5946 15599 15598
f 5946 15639 5945
f 15599 5946 5945
f 5858 5859 15754
f 5859 5858 15715
f 5858 15754 15755
f 5857 5858 15755
f 15675 15636 15635
f 5859 15675 15714
f 15675 5859 15715
f 15789 5819 15788
f 5905 15635 5952
f 5905 15674 15635
f 15674 5905 15713
f 15552 6001 6000
f 6001 15593 6000
f 15593 6001 15592
f 5999 15554 6045
f 15554 6091 6045
f 5998 15554 5999
f 15554 5998 6044
f 15555 5998 5997
f 5998 15555 6044
f 15594 5999 6000
f 15594 15593 5952
f 15593 15594 6000
f 5951 15594 5952
f 15551 6001 15552
f 6141 15471 6140
f 15260 15294 15329
f 15294 15293 6348
f 15438 6179 15437
f 6179 15438 6178
f 6179 6178 6221
f 15401 6179 6221
f 15365 6221 15329
f 6264 15365 15329
f 6222 15365 6264
f 6222 15401 6221
f 15365 6222 6221
f 6046 6093 6047
f 6092 6091 15474
f 6091 6092 6045
f 15555 6090 6044
f 6090 15555 6043
f 15434 15435 6182
f 15400 6222 6223
f 6222 15400 15401
f 5900 15639 5947
f 15638 5900 5947
f 5900 15638 15678
f 5900 15678 15717
f 5813 5900 15717
f 15639 5900 5813
f 5901 5948 15637
f 5901 15638 5948
f 15677 5901 15637
f 15638 5901 15678
f 15678 5901 15717
f 5901 15677 15717
f 5657 15857 15891
f 15892 15857 5657
f 15959 5618 5582
f 15959 5617 5618
f 15960 15959 5580
f 5617 15959 15960
f 5654 15893 5655
f 15893 5654 15859
f 15893 15859 5695
f 15858 15893 5695
f 15893 15858 5655
f 15894 5694 15859
f 5654 15894 15859
f 5554 5590 15983
f 5590 5554 15984
f 16016 5519 5518
f 15854 15888 5660
f 15888 15854 5701
f 16049 5481 5480
f 16020 16049 5513
f 15955 15956 5621
f 15958 5583 5582
f 5451 5452 16128
f 16047 16046 16074
f 16101 16102 16074
f 5452 16102 16101
f 16102 5452 5451
f 16075 16102 16103
f 16129 5451 16128
f 15922 15888 5661
f 15923 15922 5622
f 15888 15922 5660
f 15922 15923 5660
f 15922 5623 5622
f 15887 15922 5661
f 15922 15887 5662
f 16017 16016 5518
f 15895 15860 5653
f 15860 15894 5653
f 15894 15860 5694
f 15860 15895 5693
f 5734 15860 5693
f 15861 5652 15896
f 15895 5652 15861
f 5652 15929 15896
f 5652 15895 15929
f 15825 5733 5775
f 5733 15825 15861
f 15827 5691 5690
f 15827 5732 5691
f 5818 15789 5817
f 5818 15752 15751
f 15752 5818 5817
f 5819 5818 15751
f 5818 5819 15789
f 5404 16145 5405
f 5351 16195 5377
f 16195 5351 5376
f 16171 16195 5376
f 16195 16171 5404
f 16037 5495 16064
f 5494 16037 16064
f 5463 16119 5462
f 16119 5463 16118
f 5463 5464 16118
f 16091 5495 16063
f 16091 5464 5463
f 16038 16065 5493
f 16037 16065 16038
f 16065 16037 5494
f 16092 5494 16064
f 5495 16092 16064
f 16092 5463 5462
f 16091 16092 5495
f 16092 16091 5463
f 5564 5565 16006
f 5565 5564 15975
f 5531 5530 16006
f 16035 5530 5531
f 15910 5636 15911
f 5636 15944 5635
f 15943 15944 5636
f 5307 16257 5308
f 16257 16236 5308
f 5279 16298 5259
f 16315 5241 5259
f 16281 5302 16280
f 5670 15914 15915
f 15914 5670 15880
f 5631 15947 5595
f 15947 5631 5632
f 15947 5596 5595
f 5630 15916 15915
f 5631 5630 15915
f 5558 5524 16012
f 5524 5558 16011
f 5369 5344 16178
f 5344 16244 5299
f 5558 5559 16011
f 5559 5558 15980
f 5559 15980 5595
f 5671 15914 15880
f 5671 15879 15913
f 15914 5671 15913
f 15977 15976 5563
f 15976 5564 5563
f 5562 5563 16008
f 5562 15977 5563
f 5633 15946 5632
f 15946 15947 5632
f 15947 15946 5596
f 5596 15946 5597
f 15946 15945 5597
f 15945 15946 5633
f 5561 5562 16008
f 5562 5561 15977
f 15977 5561 5597
f 5561 15978 5597
f 5629 5630 15949
f 5630 5629 15916
f 15950 5629 15949
f 5629 15950 5628
f 5756 15807 5797
f 15807 5796 5797
f 5796 15807 5755
f 5796 15808 5795
f 15808 5796 5754
f 15808 5754 5713
f 15425 15464 15426
f 15665 5870 5915
f 6346 6304 15296
f 6346 15295 6305
f 6263 6262 6305
f 6262 6263 15366
f 6304 6262 6261
f 15295 6347 6305
f 6084 15481 6131
f 15481 15441 6131
f 15368 6218 15369
f 6218 6219 15404
f 6219 6218 15368
f 6173 6128 15444
f 15442 6174 15404
f 15442 15482 6129
f 6260 15368 15369
f 15368 6260 6261
f 6259 6260 15369
f 15332 6304 6261
f 6260 15332 6261
f 15298 6343 6383
f 6302 6343 15298
f 6421 15266 6381
f 6384 15298 6383
f 15264 6384 6383
f 5984 15607 15608
f 5936 15648 15608
f 15607 5936 15608
f 15686 5892 5891
f 15647 15686 5891
f 15565 15566 6033
f 6034 15565 6033
f 15606 5939 5938
f 15645 5939 15605
f 5939 5986 15605
f 5986 5939 15606
f 5940 15645 15605
f 5940 15604 15644
f 5939 15685 5938
f 15685 5939 15645
f 15685 15645 5894
f 5893 15685 5894
f 15561 6038 15560
f 15758 15720 5854
f 15525 15524 6033
f 6079 6078 6125
f 15525 6078 6079
f 15603 15604 5988
f 15604 5987 5988
f 5987 15564 5988
f 5987 5940 15605
f 5940 5987 15604
f 5986 5987 15605
f 15565 5987 5986
f 15564 5987 6034
f 5987 15565 6034
f 6035 6034 6081
f 6035 15564 6034
f 6171 15446 15408
f 6171 15407 15445
f 15407 6215 6216
f 15406 15407 6216
f 15407 6171 15408
f 6218 6217 15369
f 6217 6216 15369
f 6217 15406 6216
f 6242 15347 6243
f 15347 6284 6285
f 6284 15347 6242
f 6282 6323 15314
f 6282 6324 15349
f 6324 6282 15314
f 6324 15314 6365
f 15348 6284 6242
f 6239 15387 6238
f 6195 15387 6196
f 6241 15348 6242
f 6065 6111 15498
f 15459 6111 15499
f 15536 15537 6066
f 15537 6065 6066
f 6066 6113 6067
f 6113 15496 6067
f 15734 15733 5838
f 5837 15734 5838
f 15618 15657 5924
f 15449 6122 6121
f 6167 15449 6121
f 6211 15410 15411
f 15410 6167 15411
f 6166 6167 6121
f 6167 6166 15411
f 15451 6164 6165
f 15455 6160 6161
f 6164 15452 6163
f 6118 15452 15492
f 15452 6118 6163
f 6161 15454 6116
f 15415 15454 6161
f 6118 6071 15493
f 6071 6117 15493
f 6071 6118 6072
f 6071 6072 6025
f 15532 6071 6025
f 5801 15765 5802
f 15765 5801 5845
f 5846 15765 5845
f 15765 15764 5802
f 15765 5846 15764
f 15687 5890 15648
f 5936 15687 15648
f 15726 15687 5891
f 5890 15687 15726
f 15687 15647 5891
f 15687 5936 15647
f 6072 6073 15531
f 6027 6073 15530
f 14924 6830 6831
f 6743 14999 6773
f 14945 14920 6807
f 2896 2897 10675
f 2897 10599 2898
f 10674 2897 2898
f 2897 10674 10675
f 6918 14828 6919
f 14828 6918 6917
f 14807 6970 6971
f 6916 14829 6917
f 6943 14829 6942
f 14829 6916 6942
f 6890 6863 14873
f 6940 6914 14832
f 6680 15052 6679
f 15052 15080 15053
f 15051 6680 6681
f 15052 15051 15079
f 15051 15052 6680
f 15024 6680 6679
f 6680 15024 6681
f 6502 15168 6540
f 15168 6502 6501
f 6420 6459 6460
f 6459 6420 15235
f 6378 6419 15268
f 6419 6420 15268
f 6420 6419 15235
f 15439 6133 15478
f 6133 6088 15478
f 6134 15476 6089
f 15476 6134 6135
f 15476 15475 6090
f 15348 6325 6284
f 6671 6670 15032
f 6602 15116 6637
f 6187 6186 15395
f 6187 6188 15430
f 5680 15872 15837
f 15871 5680 15837
f 5680 15906 15872
f 5680 15871 15905
f 15906 5680 15905
f 5763 5723 5722
f 5723 15835 5722
f 15904 15905 5681
f 5682 15904 5681
f 15905 15904 5643
f 15904 5644 5643
f 15904 5682 15870
f 5847 5846 15727
f 5847 5890 15726
f 5890 5847 15727
f 5846 5847 15764
f 5804 5803 15764
f 5804 15801 5803
f 5804 15763 15800
f 5892 15725 5891
f 15724 15725 5892
f 15800 5805 5763
f 15763 5805 15800
f 5721 15871 15837
f 15871 5721 15836
f 6085 15520 6131
f 12585 12584 1003
f 12584 12516 1069
f 16314 16330 5242
f 5241 16314 5242
f 16314 5261 16313
f 16330 16314 16313
f 16293 16292 5265
f 5264 16328 16312
f 16328 5264 16311
f 16311 5264 5265
f 5264 16293 5265
f 5261 5262 16313
f 5226 16358 16359
f 5224 5225 5209
f 5225 16359 5209
f 5225 5226 16359
f 5226 5225 16344
f 16312 16329 16313
f 16358 5210 16359
f 5210 16372 5209
f 16359 5210 5209
f 5210 16371 16372
f 5234 16336 5235
f 16336 16321 5253
f 16322 16337 5233
f 16337 5234 5233
f 16337 16336 5234
f 16337 16321 16336
f 16275 5307 5308
f 16276 16275 5284
f 16275 16276 5307
f 16255 5310 16274
f 5310 16255 16234
f 5286 5287 16292
f 16293 5286 16292
f 5267 5266 16292
f 16393 16381 5185
f 16341 5247 5248
f 16354 16353 5216
f 16353 5233 16352
f 15963 15962 5578
f 15964 15963 5578
f 5577 15964 5578
f 16158 5418 16133
f 5445 16134 16135
f 5445 5444 16109
f 5444 5445 16135
f 16081 5475 16082
f 16054 16081 16082
f 5476 16081 16053
f 16081 5476 5475
f 5506 16054 16082
f 16026 16054 5540
f 5541 16026 5540
f 5575 15997 5540
f 15997 5541 5540
f 15997 5575 5576
f 15879 5672 15913
f 5672 15912 15913
f 5673 15877 15911
f 15877 5674 15911
f 15877 15842 5674
f 15841 5716 5717
f 5716 15805 5717
f 5798 15806 5756
f 5720 5761 15837
f 5761 5720 15802
f 5761 5721 15837
f 5721 5761 15801
f 5761 15802 5803
f 15801 5761 5803
f 15906 5679 15872
f 15872 5679 15838
f 15901 15900 5648
f 5473 5474 16109
f 5474 5473 16082
f 5474 5475 16109
f 5475 5474 16082
f 5473 5472 16083
f 5472 5473 16110
f 16056 16029 16028
f 16056 5504 16029
f 5505 16056 16028
f 16056 5505 16083
f 5535 5570 16001
f 5504 5503 16029
f 5569 15971 5570
f 15971 5606 5570
f 15971 5605 5606
f 16003 5569 5534
f 5569 16003 5568
f 16032 16003 5534
f 5533 16003 16032
f 16003 5567 5568
f 5567 16003 5533
f 7317 14478 7288
f 14478 7289 7288
f 7262 14501 7263
f 7289 14501 7288
f 14501 7262 7288
f 14523 7262 7263
f 7262 14523 7237
f 14523 7263 7238
f 7237 14523 7238
f 7262 14502 7288
f 7261 14502 14524
f 14502 7262 14524
f 7287 14502 7261
f 14502 7287 7288
f 14481 7285 7313
f 7285 14504 7259
f 14526 7258 7259
f 7041 7021 7020
f 14711 7041 7020
f 14666 7080 7079
f 7062 7080 14694
f 14782 6976 14763
f 6977 14782 14763
f 14782 14802 6976
f 14802 14782 6977
f 14438 7337 7336
f 7337 14438 14412
f 7335 14438 7336
f 14412 14438 7335
f 14411 7337 14412
f 7368 14411 7367
f 14411 14412 7367
f 14387 7396 7429
f 7396 14388 7429
f 7364 14387 7397
f 7364 7396 14387
f 7396 7364 14388
f 7364 14414 7395
f 14388 7364 7395
f 7366 14385 7367
f 7399 14385 7366
f 14385 7400 7367
f 14385 7399 7432
f 7365 14413 14414
f 7364 7365 14414
f 14413 7365 7366
f 7398 7365 7397
f 7365 7364 7397
f 7365 14386 7366
f 7365 7398 14386
f 7918 13943 7917
f 7918 7900 13943
f 7935 7918 7917
f 7899 13943 13960
f 13944 7899 13960
f 13943 7899 7917
f 7899 13928 7917
f 7899 13944 13928
f 7953 13884 13897
f 7969 13884 7953
f 13884 7954 13897
f 13884 7969 7970
f 13883 13884 7970
f 7954 13884 13896
f 13884 13883 13896
f 14034 7787 7786
f 7787 14034 7811
f 7340 14459 14460
f 14458 14459 7341
f 14458 7312 14459
f 14185 7601 7600
f 7631 14185 7600
f 7508 14318 14319
f 7493 14332 14303
f 7493 14331 14332
f 14358 7429 14359
f 7429 14358 7430
f 14331 7461 14360
f 7428 7461 14359
f 14360 7461 7428
f 7787 14033 14052
f 14033 7787 7811
f 7857 13995 7856
f 13995 7857 7835
f 13995 7835 14013
f 14054 7760 7809
f 7785 14054 7809
f 7833 14015 7809
f 7877 13978 7856
f 13978 7857 7856
f 13961 13978 7877
f 13978 13961 7878
f 7857 13978 7858
f 13978 13977 7858
f 13978 7878 13977
f 14275 14247 7526
f 14275 7493 14303
f 7735 14076 7760
f 14076 7734 7760
f 7708 14076 7735
f 7708 7709 14119
f 7709 14075 7736
f 14075 7709 7735
f 7709 7708 7735
f 8115 5118 8108
f 5113 8114 8122
f 8114 5113 8115
f 5106 5113 8122
f 8118 8119 5115
f 8119 8118 5109
f 5121 8111 5120
f 8111 8112 5120
f 8111 8110 5116
f 8110 8111 5121
f 8112 8111 5115
f 8118 8111 5116
f 8111 8118 5115
f 13783 8086 5109
f 8086 13783 8079
f 8132 5097 8141
f 8116 5111 5117
f 8116 5118 8115
f 8106 5122 5121
f 5122 8110 5121
f 8104 5124 8098
f 5124 8107 8098
f 5126 5124 8104
f 8106 5124 5125
f 8107 5124 8106
f 13821 8043 8044
f 13822 13821 8032
f 13821 13822 8043
f 13770 8099 8100
f 8099 13768 8100
f 8099 13771 13769
f 8099 13769 8101
f 13768 8099 8101
f 13772 8097 8098
f 8097 13770 8098
f 13771 8097 8096
f 8099 8097 13771
f 8097 8099 13770
f 8090 8094 13775
f 8094 8090 13776
f 8085 8090 13779
f 13776 8090 8089
f 8094 8095 13775
f 8095 8112 13775
f 8095 13772 5120
f 8112 8095 5120
f 13784 8085 13779
f 13784 8086 8079
f 8086 13784 13779
f 13790 13784 8079
f 8083 8084 8077
f 8084 8083 13781
f 8084 13781 8089
f 8086 8091 8119
f 8119 8091 5115
f 8091 8086 13779
f 8112 8091 13775
f 8091 8112 5115
f 8091 8090 13775
f 8090 8091 13779
f 13793 13787 8075
f 8071 13796 13797
f 13791 8070 8077
f 13791 8071 13797
f 8070 13791 13797
f 13778 8088 8087
f 8092 13778 13782
f 13778 8087 13782
f 8076 13792 8075
f 13792 8076 8077
f 5100 8129 5107
f 8128 5100 5107
f 8129 5100 8138
f 8128 5108 5101
f 5108 8127 5101
f 5108 8128 8120
f 8127 5108 5102
f 5102 5108 8134
f 8134 5108 8113
f 5108 8120 8113
f 2052 11477 11557
f 11155 2517 11072
f 11397 11316 2204
f 2360 2359 2439
f 2439 2359 11154
f 2361 2440 11152
f 2440 2361 2360
f 2441 2361 11152
f 2441 11151 2361
f 11149 11150 11067
f 11150 2443 2363
f 11150 11149 2443
f 10336 10335 3154
f 10703 2871 10626
f 10551 10552 3017
f 10551 3017 10476
f 2871 10627 10626
f 10627 2871 10704
f 10553 3015 10478
f 10330 3226 3227
f 3226 10330 10331
f 3225 3226 10331
f 10329 3228 10328
f 3228 10329 3227
f 10329 10330 3227
f 10330 10329 3159
f 3092 10473 10474
f 3854 9618 3797
f 3555 9925 9990
f 3493 3555 9990
f 9799 3678 9738
f 10324 10323 3164
f 3094 10397 3164
f 10471 10470 3022
f 10471 3095 10470
f 10397 10472 3093
f 10472 10397 3094
f 10471 10472 3094
f 10396 3094 3164
f 10471 10396 3095
f 10396 10471 3094
f 10780 2871 10703
f 10704 10780 10781
f 2871 10780 10704
f 10546 10471 3022
f 10473 3019 10474
f 10470 10545 3022
f 3023 10545 10470
f 3742 9674 9733
f 9674 3742 9675
f 9794 9793 3622
f 9793 3623 9855
f 9854 3623 3684
f 3623 9793 3684
f 3438 9981 3439
f 9981 9980 3439
f 3439 9980 9979
f 10112 10046 10045
f 3431 10055 10056
f 2741 10837 2665
f 10837 2741 10759
f 2742 10837 2816
f 10837 2742 2665
f 2742 10916 2665
f 10916 2742 10836
f 10839 2740 2663
f 2814 2740 10839
f 10380 3179 10379
f 10453 3110 10379
f 10754 10678 2894
f 10528 2965 3037
f 10528 10453 3038
f 10528 3037 10453
f 2965 10528 10603
f 10528 2966 10603
f 2892 10681 10603
f 2966 10527 2967
f 10453 10527 3038
f 2967 10527 10453
f 10527 10528 3038
f 10528 10527 2966
f 10678 10601 2894
f 10381 10382 3178
f 10455 10381 3109
f 10381 10380 3109
f 10380 10381 3179
f 10381 3178 10308
f 3179 10381 10308
f 3244 10311 10312
f 10382 10383 3177
f 10684 2889 10760
f 10683 10759 10760
f 2889 10683 10760
f 10606 10683 2889
f 10681 2891 10604
f 2891 10682 10604
f 10320 3167 10321
f 3167 10320 3168
f 10545 10544 2951
f 10544 10545 3023
f 10544 3023 10469
f 10544 10619 2951
f 10619 10544 2952
f 10468 10394 3097
f 10389 10390 3170
f 3167 3166 10321
f 3166 3167 10394
f 3096 10394 10469
f 3096 10470 10395
f 10470 3096 10469
f 3166 3096 10395
f 3096 3166 10394
f 3367 10186 10121
f 10185 10186 3367
f 3235 10250 3236
f 10320 3235 3236
f 3235 10320 10321
f 10250 10249 3236
f 10249 3237 3236
f 3437 3438 10048
f 3438 9982 9981
f 3437 9982 3438
f 10181 3305 3304
f 10180 10115 3372
f 10115 10180 3371
f 10180 10181 3371
f 10181 10180 3305
f 10248 3305 10247
f 3305 10248 3304
f 10248 10249 3304
f 10249 10248 3237
f 3238 10248 10247
f 10248 3238 3237
f 10246 3238 10247
f 3168 10319 3169
f 10320 10319 3168
f 3237 10319 3236
f 10319 10320 3236
f 10309 3178 3177
f 3178 10309 10308
f 10240 3245 3244
f 10175 3310 3309
f 10241 10240 3244
f 3310 10242 3309
f 12983 622 681
f 622 12984 681
f 12984 622 13044
f 685 684 12919
f 12328 12258 1250
f 1318 1319 12256
f 12399 12328 12398
f 1182 12399 12398
f 12467 1182 12466
f 12399 12329 12328
f 12258 12329 1249
f 12329 12258 12328
f 12468 12467 1116
f 12467 12468 1182
f 1313 1314 12261
f 12190 1314 12191
f 1314 1313 12191
f 1380 12190 12191
f 1176 1177 1111
f 11170 2424 11171
f 2344 2424 2345
f 11254 2343 2264
f 2343 11254 2342
f 2343 11253 2264
f 11253 2343 2344
f 2343 2423 2344
f 2424 2423 11171
f 2423 2424 2344
f 2423 11172 11171
f 11172 2503 11171
f 11581 1958 1957
f 11582 11581 1957
f 2725 2799 10777
f 2725 2649 2648
f 2798 2799 2724
f 2799 2798 10779
f 2798 10780 10779
f 2647 10857 2724
f 10857 2647 2723
f 10857 2798 2724
f 2798 10857 2723
f 2646 10937 10938
f 2647 10937 2646
f 11745 1731 1730
f 2498 11093 11176
f 2498 11012 11093
f 2498 11094 11012
f 11094 2497 11013
f 2262 11338 2261
f 11174 2341 2420
f 11174 2421 2341
f 2421 2422 2342
f 2422 2343 2342
f 2422 2423 2343
f 2423 2422 11172
f 11175 2419 2499
f 2340 11257 11258
f 11175 2340 2419
f 2340 11175 2420
f 2341 2340 2420
f 11257 2340 2341
f 11259 2339 11258
f 2419 2339 11176
f 2339 2340 11258
f 2340 2339 2419
f 11259 2259 11260
f 11342 2259 11341
f 2722 10858 2646
f 2659 10844 2735
f 2661 10922 2660
f 10923 2659 2660
f 10922 10923 2660
f 10923 10922 2583
f 10923 2583 2582
f 10924 10923 2582
f 10923 10924 2659
f 12312 12311 12382
f 1131 1198 12519
f 1128 12454 1129
f 12454 1128 12455
f 12458 1125 12526
f 12654 12720 936
f 12456 1127 1126
f 1127 12456 12455
f 1193 12454 12455
f 12454 1193 12386
f 12173 12174 1395
f 12316 12245 1261
f 11880 1675 11879
f 12096 1469 1401
f 1400 12096 1401
f 1400 1468 12096
f 1400 1399 12097
f 1468 1400 12097
f 12101 1464 1533
f 1464 12101 1395
f 1463 12102 1395
f 12102 1464 1395
f 1532 12102 1463
f 12102 1532 1464
f 11955 1532 11956
f 11954 1603 11879
f 11955 11954 1533
f 11954 11955 1603
f 12171 1330 12172
f 1602 11880 1603
f 1602 11955 11956
f 11955 1602 1603
f 1602 11881 11880
f 11881 1602 11882
f 11807 11806 1672
f 11806 11807 1744
f 11495 2037 11496
f 2038 2037 11495
f 11578 11498 2035
f 11497 2035 2110
f 11497 2036 2035
f 2036 11497 11496
f 11498 11418 2110
f 11418 11417 2110
f 11872 1682 11871
f 1682 11795 11871
f 1681 1682 11872
f 1755 11716 11794
f 1754 1755 11794
f 4544 8786 4543
f 8786 4544 8785
f 4542 8748 8747
f 8748 4542 4541
f 4577 8748 8749
f 8748 4541 8749
f 8788 4542 4543
f 8869 8826 8868
f 4507 8826 8869
f 8826 8785 8868
f 8826 4507 8785
f 8961 4382 4424
f 8916 4424 4423
f 8916 8915 4424
f 8915 8916 4465
f 9005 9006 4341
f 9053 9006 9005
f 9006 9053 4297
f 9007 9006 4297
f 9006 4340 4341
f 4340 9006 9007
f 9007 9055 9008
f 9288 4068 9289
f 4120 9288 9289
f 4462 4463 8918
f 4500 8877 8878
f 4339 9007 9008
f 4339 4340 9007
f 8961 4339 4382
f 4339 8961 4340
f 4422 8918 4423
f 4381 4422 4423
f 9208 4150 4149
f 9305 4053 4052
f 8616 8617 4695
f 8651 8617 8616
f 4663 8617 8651
f 8617 4663 8652
f 8582 8616 4695
f 4795 4822 4848
f 4822 8446 4848
f 8446 4822 8475
f 4820 8477 4792
f 8393 4870 8422
f 4872 8342 4848
f 8636 4644 8637
f 4677 8636 8602
f 8638 4676 8637
f 4676 8638 8603
f 4708 4676 8603
f 4676 4708 8602
f 8636 4676 8602
f 4676 8636 8637
f 8603 4675 4707
f 8638 4675 8603
f 4610 8674 8673
f 4611 4610 8673
f 4610 4611 8711
f 8674 8712 4609
f 4610 8712 8674
f 4576 8712 8711
f 8712 4610 8711
f 4612 8671 8708
f 8709 4612 8708
f 4644 4645 8673
f 8636 4645 4644
f 4645 8636 4677
f 4645 4677 4709
f 8671 4645 4709
f 8710 4577 8711
f 4611 8710 8711
f 8710 4612 8709
f 4612 8710 4611
f 8684 4600 4634
f 8647 8684 4634
f 8684 8647 4635
f 8683 4635 4636
f 8684 8683 4601
f 8683 8684 4635
f 4762 8510 8542
f 3709 9770 9771
f 9829 9828 3591
f 9891 9829 3591
f 3336 3335 10155
f 10154 3336 10155
f 3335 3336 10219
f 3336 10218 10219
f 10218 3336 10154
f 10218 10153 3337
f 10153 10218 10154
f 3947 9465 3948
f 9521 3947 3948
f 3947 9521 9522
f 3946 3947 9522
f 9465 9410 4003
f 9100 9101 4297
f 9053 9100 4297
f 4002 9410 9465
f 9410 4002 9411
f 3778 9639 9699
f 3532 3593 9952
f 9574 9573 3841
f 9573 9574 3897
f 3953 3954 9515
f 3782 9635 3838
f 9811 3667 9750
f 9632 9691 9692
f 9632 3784 3841
f 3784 9632 9692
f 3725 9694 3783
f 9464 9465 4003
f 9465 9464 3948
f 9464 3949 3948
f 3949 9464 9463
f 9303 9302 4055
f 3895 9577 3894
f 9577 3895 9576
f 9758 9757 3661
f 9819 9758 3661
f 9758 9819 3660
f 9758 9759 9699
f 9759 9758 3660
f 9639 3720 9699
f 3720 9758 9699
f 9758 3720 9757
f 9756 3721 9697
f 3721 9756 9757
f 10067 3420 10001
f 10004 3482 10003
f 10002 3419 10003
f 10002 3420 3419
f 3420 10002 10001
f 9453 9398 4014
f 9452 9453 4014
f 9454 4012 9399
f 9398 9397 4014
f 4068 9342 9289
f 9342 4067 9289
f 9342 9397 4067
f 3848 9565 3849
f 9624 3848 3849
f 4069 9288 9340
f 3853 9560 3854
f 3854 9560 9559
f 9560 3910 9559
f 3964 4018 9502
f 9871 3609 3547
f 9871 9809 3609
f 9807 9868 9869
f 3610 9807 9869
f 9807 3610 3671
f 3844 3845 3788
f 3845 3844 9570
f 3844 3787 3843
f 3842 3898 9572
f 3842 9573 3898
f 3842 9632 3841
f 9573 3842 3841
f 3900 9512 3901
f 9512 3900 9513
f 3898 3899 9572
f 9514 3899 3898
f 3900 3899 9513
f 3899 9514 9513
f 9454 9455 4012
f 9455 3957 3956
f 9455 9454 3957
f 9457 9402 4010
f 9402 9401 4010
f 9456 9457 4010
f 9401 9456 4010
f 9512 9456 3956
f 9456 9455 3956
f 4009 9402 9457
f 9746 3671 9747
f 9687 9746 9747
f 9746 9687 3731
f 9746 9807 3671
f 9807 9746 3672
f 9746 9745 3672
f 9745 9746 3731
f 9628 9688 3788
f 9748 9688 9747
f 3729 9688 9748
f 10914 2590 10915
f 2435 2434 11159
f 10918 10919 2663
f 10919 10918 2587
f 10918 10998 2587
f 2588 10917 10916
f 2588 10918 10917
f 10918 2588 10998
f 10919 2586 10920
f 2596 10908 10988
f 10989 2596 10988
f 10908 2596 10909
f 2596 10989 10909
f 13167 13168 13108
f 12867 734 733
f 12987 12988 676
f 13473 250 13515
f 13428 250 13473
f 248 13430 13429
f 13430 248 295
f 13382 13430 295
f 205 204 13517
f 204 13518 13517
f 204 205 13556
f 203 204 13556
f 204 203 13518
f 13477 13519 13478
f 13477 246 13519
f 13278 452 453
f 13277 13278 453
f 395 13278 13332
f 13278 451 452
f 451 13278 13279
f 13278 395 13279
f 13382 13331 13330
f 13748 22 14
f 22 13747 14
f 13727 32 31
f 13728 13727 31
f 13479 202 13520
f 202 13479 13478
f 13435 289 290
f 13558 200 13557
f 200 201 13557
f 202 201 13520
f 201 202 13557
f 203 13476 13518
f 246 13476 13519
f 13476 203 13519
f 13431 13476 246
f 13562 13563 195
f 167 166 13559
f 166 13560 13559
f 85 86 13691
f 86 85 13670
f 12452 1130 1129
f 1130 1131 12519
f 12587 1064 1001
f 1064 12587 1000
f 12239 1401 12310
f 1465 12099 12100
f 1465 12101 1533
f 12101 1465 12100
f 1976 1977 11638
f 11797 1681 1680
f 1752 11797 1680
f 11947 1610 1539
f 1610 11947 11872
f 11947 1609 11872
f 1681 11873 1680
f 11873 1681 11872
f 1609 11873 11872
f 11949 1538 12023
f 2128 11396 11476
f 11477 2128 11476
f 11397 2128 11477
f 2128 11397 2204
f 11396 2128 2204
f 11315 2205 11395
f 11314 2205 11315
f 11395 2205 2284
f 2205 2283 2284
f 2205 11314 2283
f 2282 11314 11315
f 2283 2282 11233
f 11314 2282 2283
f 48 49 13724
f 67 13689 68
f 13737 35 23
f 35 13737 13725
f 1036 12549 1037
f 722 12940 721
f 12878 722 721
f 720 12879 721
f 12879 12878 721
f 13399 325 277
f 325 13399 13348
f 13447 276 277
f 276 13399 277
f 13399 324 13348
f 324 13349 13348
f 324 13400 13349
f 324 276 13400
f 276 324 13399
f 13296 13297 432
f 433 13296 432
f 13296 433 13295
f 13540 182 151
f 182 13540 13499
f 13600 156 13599
f 488 489 13238
f 487 13181 488
f 13239 487 488
f 13239 488 13238
f 13239 433 432
f 433 13239 13238
f 13181 13182 544
f 13182 13181 487
f 10952 2555 2554
f 2555 11032 2554
f 11031 11032 2555
f 2322 2401 2402
f 2401 2322 2321
f 10417 10491 3075
f 10205 3283 10272
f 3282 10205 10272
f 3216 3215 10272
f 10492 10418 3075
f 3280 10275 3279
f 10147 10148 10081
f 10508 10583 2986
f 10437 10510 3056
f 2614 2690 10890
f 10970 2614 10969
f 2691 2614 10890
f 2614 10971 2613
f 10971 2614 10970
f 10891 2614 2613
f 2690 2614 10891
f 2614 2615 10969
f 2615 2614 2691
f 2913 10584 2914
f 10659 2913 2914
f 10435 3057 10436
f 3057 10437 10436
f 10437 3057 10510
f 3116 3045 10448
f 10369 3189 3190
f 3253 10302 3252
f 10444 10443 3049
f 10739 10816 2836
f 2762 10739 10815
f 10739 2762 10816
f 2912 2911 10586
f 10740 10665 2836
f 10438 3126 3127
f 10437 10438 3127
f 10438 10437 3056
f 2635 10948 10949
f 2403 2323 2402
f 2323 2322 2402
f 2322 2323 11275
f 11027 11109 11028
f 2489 11186 11187
f 10939 2645 10938
f 2645 2646 10938
f 2722 2645 10859
f 2645 2722 2646
f 10939 2568 10940
f 2567 11021 2566
f 11103 11021 2490
f 11186 11103 2490
f 11103 11186 2489
f 10010 3476 10009
f 3476 10010 10011
f 3411 10012 10011
f 10007 3479 10006
f 3479 10007 3478
f 9880 3540 3600
f 9818 9880 3600
f 3540 9943 3478
f 13034 631 13033
f 631 13034 12974
f 631 12973 13033
f 12973 631 12974
f 13034 630 12974
f 632 12911 13033
f 12973 632 13033
f 632 691 12911
f 691 632 12973
f 12804 12740 855
f 854 12740 12804
f 916 854 12741
f 795 12803 12802
f 12803 795 794
f 12739 12674 918
f 12674 12739 855
f 12739 12804 855
f 12804 12739 12803
f 12739 856 12803
f 12672 921 12737
f 858 12672 12737
f 920 12672 12738
f 12672 858 12738
f 921 984 12671
f 984 12539 1048
f 1046 1111 12540
f 1046 12541 1111
f 982 1045 12541
f 1046 982 12541
f 982 1046 12607
f 1045 982 12608
f 196 13562 195
f 196 13561 13562
f 12995 12994 609
f 670 12933 12932
f 12933 670 669
f 492 13234 13235
f 788 787 12809
f 12933 12934 729
f 12934 12933 669
f 12870 730 729
f 12933 730 12932
f 730 12933 729
f 730 731 12932
f 730 12870 731
f 12807 790 12808
f 790 12807 12869
f 12870 790 12869
f 854 12805 12741
f 12805 12804 793
f 12805 854 12804
f 12741 853 12676
f 12805 853 12741
f 853 12805 12806
f 978 12610 12676
f 915 978 12676
f 978 915 12611
f 12419 1160 1159
f 1161 1162 12486
f 1160 12487 1094
f 12487 1095 1094
f 1161 12487 1160
f 1095 12487 1161
f 1225 12279 12350
f 1292 12210 12209
f 1292 1225 12280
f 1225 1292 12279
f 12278 1293 1294
f 1293 1292 12209
f 1292 1293 12279
f 12488 1159 1094
f 12488 12420 1159
f 1162 12347 12417
f 1299 1298 12203
f 1297 1298 12275
f 1297 1296 12205
f 12276 1297 12275
f 1296 1297 12276
f 12203 12204 1365
f 1298 12204 12203
f 12204 1297 12205
f 1297 12204 1298
f 1503 11985 12059
f 1503 1573 11985
f 787 12810 12809
f 12810 787 786
f 848 12810 12746
f 12055 11981 1508
f 11981 11982 1578
f 1040 976 1039
f 12680 12745 848
f 12745 12810 848
f 12745 849 12809
f 12810 12745 12809
f 12745 12679 849
f 12679 12680 912
f 12679 12745 12680
f 851 12807 12808
f 12744 851 12808
f 1369 1368 12129
f 1369 12200 1368
f 12200 1369 1370
f 12342 12271 1235
f 1166 12413 12481
f 1166 12482 12414
f 974 1037 12548
f 1802 1875 1876
f 1949 1875 11669
f 11747 1875 1802
f 1803 11745 1730
f 1870 1869 11673
f 1725 11750 1798
f 11052 2535 10972
f 10971 2536 10972
f 2536 11052 10972
f 2536 10971 11051
f 11052 2536 11051
f 11048 11130 11049
f 11048 11047 11129
f 11047 11048 2540
f 2462 11048 11129
f 11130 11048 2462
f 2303 2302 2382
f 2304 2303 2383
f 11293 2303 2304
f 10822 2682 2756
f 2528 2529 11060
f 1692 11860 1691
f 11860 1692 11859
f 11781 1693 1766
f 1692 1693 11859
f 1545 11940 11939
f 11622 1991 11621
f 2145 2222 11376
f 11052 2459 11134
f 2459 2458 11134
f 2458 2459 11217
f 11218 2298 2297
f 2532 11056 11057
f 2532 11055 11056
f 2458 2378 11218
f 2378 2458 11217
f 2378 2298 11218
f 2298 2378 11217
f 2457 11136 11054
f 11055 11136 2456
f 11136 11055 11054
f 11136 11219 2456
f 11219 11136 2457
f 11135 2457 11054
f 11135 2458 11218
f 2457 11135 11218
f 11055 2533 11054
f 2533 2532 10976
f 2532 2533 11055
f 11131 11132 11050
f 11049 11131 11050
f 11130 11131 11049
f 11214 11215 2460
f 11215 2459 2460
f 2302 2381 11213
f 11301 2296 2297
f 2141 11381 11380
f 2142 11380 2220
f 11379 2142 2220
f 11380 2142 11461
f 2143 2221 11378
f 2143 11379 2221
f 14941 14915 6812
f 14915 14940 6812
f 14919 6808 6807
f 14918 14919 6836
f 6808 14919 14918
f 14997 6746 6714
f 6746 6715 6714
f 6746 14997 6776
f 2377 2457 11218
f 2377 11219 2457
f 2377 11218 2297
f 11219 2377 2297
f 11220 11137 2456
f 2455 11137 11220
f 11137 2455 11056
f 11137 11055 2456
f 11055 11137 11056
f 11056 11138 11057
f 2455 11138 11056
f 2131 11392 11473
f 2131 2208 11392
f 11392 2209 11391
f 2208 2209 11392
f 2207 2206 11312
f 2522 11065 11066
f 2523 10985 10984
f 2524 2523 10984
f 2522 2523 11065
f 2523 2522 10985
f 11065 2523 11064
f 2523 2524 11064
f 10985 2600 10984
f 6751 2674 14992
f 2674 6751 6782
f 2446 11147 11065
f 11147 2445 11066
f 11065 11147 11066
f 11147 11230 2445
f 11147 2446 11230
f 15135 6541 6540
f 6541 15134 6542
f 15134 6541 6579
f 15136 6577 6540
f 6577 15135 6540
f 6505 6543 15164
f 6545 15132 6582
f 15132 6581 6582
f 2674 6720 14992
f 6719 6751 14992
f 6720 6719 14992
f 6749 6780 6750
f 10982 2602 2603
f 2602 10982 10983
f 2899 10674 2898
f 2899 10673 10674
f 10598 2899 2898
f 10673 2899 2900
f 10751 2824 10827
f 10674 2825 10675
f 3381 10040 3382
f 10524 10599 2969
f 10599 10524 2970
f 10450 3041 3112
f 3041 10524 2969
f 10524 3041 10450
f 10524 3042 2970
f 3042 10524 10450
f 7018 14747 7017
f 10042 10043 3441
f 14747 14748 7017
f 14748 14747 14767
f 14749 14748 14768
f 10823 2754 2829
f 10823 2830 2756
f 2754 10747 2829
f 10747 10672 2829
f 10825 10748 2753
f 10672 2901 10671
f 10596 2901 2900
f 2901 10672 2900
f 10822 10745 2831
f 2830 10745 10822
f 13841 13832 8030
f 13832 13841 8018
f 13831 8031 8032
f 13841 13831 8019
f 8031 13831 8030
f 13831 13841 8030
f 8205 8189 8204
f 8238 5011 5027
f 13854 13842 8018
f 13842 13854 8017
f 8016 13855 8003
f 13855 13843 8017
f 13843 13855 8016
f 13825 8038 8039
f 13824 8039 8040
f 13823 13824 8040
f 13824 13823 8029
f 13825 13824 8028
f 13824 13825 8039
f 13833 8029 13842
f 13833 13843 8028
f 13824 13833 8028
f 13833 13824 8029
f 13833 13842 8017
f 13843 13833 8017
f 8068 13799 8060
f 13799 8061 8060
f 8061 13806 8060
f 8059 13800 8060
f 8059 13808 13801
f 13800 8059 13801
f 13815 8042 8041
f 8042 13823 8041
f 13823 8042 13822
f 8043 8042 13814
f 13822 8042 8043
f 13809 8058 13808
f 8049 13809 13808
f 13809 8049 8048
f 8066 13809 8048
f 8058 13809 8066
f 13858 7999 13846
f 7987 7973 7972
f 7973 7987 13868
f 7987 8002 13868
f 8002 7987 8001
f 8002 13856 8003
f 8016 13856 8015
f 13856 8016 8003
f 13856 8014 8015
f 8014 13856 8002
f 8005 13854 8018
f 7973 13881 7972
f 13881 13882 7972
f 13882 13881 13894
f 7955 7938 13896
f 13882 7956 13895
f 7956 13882 13894
f 7956 7939 13895
f 7971 13883 7970
f 13870 7971 7970
f 13883 7971 13895
f 7971 13882 13895
f 13882 7971 7972
f 7999 7985 13871
f 7985 13870 13871
f 4962 8314 4942
f 8410 8383 4880
f 8383 8410 4879
f 5085 8156 5084
f 8156 5085 8155
f 5075 8156 8155
f 8143 8144 8134
f 8144 5095 8134
f 5085 8144 8155
f 8144 8145 5095
f 8145 8144 5085
f 8144 5086 8155
f 5086 8144 8143
f 8156 8157 5084
f 8146 5083 8147
f 8146 8147 5093
f 8146 8157 5083
f 8146 5093 8136
f 5094 8146 8136
f 8157 8146 5084
f 8146 8145 5084
f 8145 8146 5094
f 5072 5073 8171
f 8154 5087 8153
f 5077 8154 8153
f 8154 5086 5087
f 8167 5063 8168
f 8212 5035 5034
f 5035 5019 5034
f 8213 5049 5034
f 5049 8212 5034
f 8212 5049 8197
f 5049 8198 8197
f 8198 5049 5048
f 5049 8213 5048
f 5034 8230 5018
f 5019 8230 5034
f 8231 8230 5001
f 8230 8231 5018
f 5002 8230 5019
f 8230 5002 5001
f 5066 8165 8153
f 8147 5092 5093
f 8148 5092 8147
f 8149 8148 5081
f 8149 5092 8148
f 8139 8140 5098
f 8140 8139 5091
f 8139 5099 8138
f 5092 8139 8138
f 8139 8149 5091
f 8149 8139 5092
f 8161 5070 8162
f 5080 8161 8162
f 8160 8161 5081
f 8161 8160 5070
f 8161 8149 5081
f 8149 8161 5080
f 8150 8140 5091
f 8149 8150 5091
f 8150 8149 5080
f 8150 5080 8162
f 5056 8189 8175
f 8189 5056 8204
f 5069 8163 8162
f 8897 8896 4443
f 8723 8724 4599
f 8654 8690 4628
f 4723 8586 8587
f 4558 8731 4559
f 8731 8730 4559
f 4558 8732 8731
f 8470 8499 4800
f 4941 8338 4920
f 4962 8293 4980
f 8293 8272 4980
f 8293 4941 4961
f 4798 8472 8501
f 8472 4798 8502
f 4721 8555 8589
f 8594 8595 4716
f 8595 8594 8629
f 8595 8596 4715
f 8528 8560 4716
f 8560 8594 4716
f 1867 1793 11676
f 2016 2015 11517
f 2015 2016 11597
f 2015 1940 11598
f 1940 2015 11597
f 1941 2016 11596
f 2016 1941 11597
f 1941 1867 11676
f 1940 1941 11676
f 1941 1940 11597
f 1650 11906 1649
f 1796 1870 11751
f 1870 1796 1869
f 11356 2166 11357
f 2166 2089 11357
f 2013 11598 11599
f 2012 2013 11599
f 11906 11907 1649
f 1437 1369 12129
f 2089 11438 11357
f 11440 2163 2087
f 11520 11440 2087
f 2240 11359 2162
f 11359 11440 2162
f 11440 11359 2163
f 2241 11359 2240
f 11359 2241 2163
f 2163 11439 2087
f 11439 2163 2164
f 11276 2241 2321
f 2241 11276 2242
f 2322 11276 2321
f 11276 2322 2242
f 2399 11196 2479
f 2237 11280 2238
f 2160 11361 11442
f 11361 2237 2238
f 2237 11361 2160
f 10212 3277 3276
f 3277 10212 10211
f 3278 3277 10211
f 3277 3278 10277
f 3212 10275 3213
f 3277 10278 3276
f 3345 10145 10079
f 11198 2397 2317
f 2396 11198 2317
f 11198 2396 2476
f 11198 2476 11115
f 2316 11281 2315
f 11281 2316 2236
f 11280 2316 2317
f 2316 2396 2317
f 2316 2237 2236
f 2237 2316 11280
f 2395 2315 2394
f 11200 2395 2394
f 2395 2316 2315
f 2395 11200 2475
f 11610 2000 2001
f 2000 11610 11611
f 11531 2000 11532
f 2389 2309 11205
f 2309 2389 2310
f 11286 2309 2310
f 11286 2231 2230
f 2309 11287 2308
f 11287 11286 2230
f 11286 11287 2309
f 2310 2390 2311
f 2469 2389 11205
f 11448 11367 2154
f 11367 2231 2154
f 11285 2310 2311
f 2232 11285 2311
f 2231 11285 2232
f 11285 11286 2310
f 11286 11285 2231
f 2228 11370 11371
f 11451 11370 2151
f 2388 2468 11205
f 2468 2469 11205
f 2468 2388 11206
f 2466 11044 11125
f 11044 11043 11125
f 11043 11044 2543
f 11126 11044 2466
f 11044 11045 2542
f 11044 11126 11045
f 11116 11035 2552
f 2627 10876 2628
f 11909 11910 1645
f 1573 11910 11985
f 1645 11910 1644
f 1865 11755 1791
f 1718 11755 1719
f 11755 1718 1791
f 1718 11756 1791
f 1716 11757 1717
f 1864 1865 1791
f 11756 1864 1791
f 11837 1642 1641
f 11837 1712 1713
f 1714 11837 1713
f 11838 11837 1641
f 1712 11837 11838
f 11837 1714 11836
f 1642 11837 11836
f 1643 1642 11836
f 1643 11835 1644
f 11835 1643 11836
f 1786 11760 1713
f 1712 1786 1713
f 11682 1786 1859
f 11760 1786 1860
f 1786 11682 1860
f 1642 11913 1641
f 11986 1572 1573
f 1501 11986 12060
f 11915 1567 11916
f 1501 1432 12061
f 1432 1501 12133
f 1363 1432 12133
f 1432 1363 12134
f 1861 1788 11759
f 1788 1715 11759
f 1788 11758 1715
f 1788 1861 1862
f 11758 1788 1862
f 11362 2160 11443
f 2237 11362 2236
f 11362 2237 2160
f 11363 2159 2158
f 2159 11362 11443
f 2159 11363 2236
f 11362 2159 2236
f 2085 11522 11442
f 2086 11440 11520
f 2086 11441 2162
f 11440 2086 2162
f 1930 11685 1929
f 11607 1930 1929
f 1930 11607 11606
f 1930 11684 11685
f 11528 11608 2002
f 11608 11609 2002
f 11688 1853 11689
f 1780 1853 11688
f 2157 11364 2158
f 11445 2157 2081
f 2157 11445 2156
f 11364 2157 2156
f 11282 2314 2315
f 11282 11281 2235
f 11281 11282 2315
f 2077 2078 11528
f 2078 2077 11448
f 2078 2003 11528
f 11607 2003 2004
f 2003 11608 11528
f 11608 2003 11607
f 11527 2079 2004
f 11527 2078 2079
f 2003 11527 2004
f 11527 2003 2078
f 2155 11446 2079
f 2080 11446 2156
f 11446 11365 2156
f 11365 11446 2155
f 2232 11366 2154
f 2155 11366 2232
f 2078 11447 2079
f 11447 2155 2079
f 11447 11366 2155
f 11366 11447 2154
f 11447 11448 2154
f 11447 2078 11448
f 11284 2232 2311
f 2312 11284 2311
f 11609 11529 2002
f 2001 11529 11609
f 2077 11529 2076
f 11529 11528 2002
f 11529 2077 11528
f 2075 11451 2151
f 11451 2075 11531
f 2075 2000 11531
f 1709 1783 11763
f 1783 1782 1856
f 1782 1855 1856
f 1855 11685 1856
f 1929 1855 11686
f 11685 1855 1929
f 1781 1708 11765
f 1781 1855 1782
f 1854 1781 11765
f 1781 1854 11686
f 1855 1781 11686
f 1710 11762 1711
f 1784 11762 1710
f 11762 1784 1858
f 1784 1857 1858
f 1857 11684 1858
f 1857 1784 11763
f 1783 1857 11763
f 1857 1783 1856
f 11685 1857 1856
f 11684 1857 11685
f 2010 11601 1935
f 11602 2010 1935
f 2010 11522 2085
f 2010 11602 2009
f 11522 2010 2009
f 2083 2082 11443
f 2082 2159 11443
f 2082 2083 11523
f 2005 2080 11525
f 2005 11606 2004
f 10965 10964 2542
f 10964 11044 2542
f 11044 10964 2543
f 10809 2767 10810
f 2767 10809 2693
f 10809 2768 2693
f 2306 2307 11290
f 2306 2385 11209
f 2385 2306 2305
f 2384 2464 11210
f 2384 11211 2464
f 11211 2384 2304
f 2305 2384 11210
f 2304 2384 2305
f 7283 7312 7284
f 7283 7282 7311
f 6901 14863 6875
f 14863 6901 6902
f 6901 14843 14842
f 6925 14843 14844
f 14803 14783 6976
f 14783 14764 14763
f 6976 14783 14763
f 6975 14804 14784
f 6975 14803 14804
f 6975 14783 14803
f 14764 6975 14784
f 14783 6975 14764
f 6958 6957 14798
f 6959 6958 14798
f 6958 6959 14817
f 6958 14818 6957
f 6907 14837 6908
f 14858 6907 6908
f 6906 14859 6880
f 6906 6907 14859
f 14803 6953 6952
f 14802 6953 14803
f 6953 14822 6952
f 6928 6953 14821
f 14822 6953 6928
f 6929 6928 14821
f 6903 6904 14861
f 6904 6905 14861
f 6930 14819 6931
f 14819 6956 6957
f 6954 6929 14821
f 6954 14802 14801
f 6953 6954 14821
f 6954 6953 14802
f 6902 14841 6903
f 6928 14841 6902
f 14841 6929 6903
f 6929 14841 6928
f 14982 14957 6793
f 14957 14983 6792
f 6905 6879 14861
f 6879 6878 14861
f 6821 14908 14907
f 14908 6821 6820
f 15092 15093 15065
f 15036 6665 15037
f 6665 15036 6666
f 15064 15092 15065
f 15092 15064 6631
f 15064 15091 6631
f 15091 15064 6665
f 6696 15038 15039
f 6661 15067 6660
f 6693 15041 6692
f 6724 6693 6692
f 14864 6901 6875
f 6874 14887 6873
f 6846 14910 6818
f 14911 6846 6818
f 14887 6846 14911
f 6846 14887 6874
f 6846 14886 14910
f 14886 6846 6874
f 14886 14864 6875
f 14864 14886 6874
f 14983 14958 6792
f 6791 14958 14984
f 14938 14964 6784
f 14936 6787 6815
f 6641 15083 15055
f 6824 6825 14929
f 6824 14905 6825
f 14905 6824 14906
f 14905 6853 6825
f 6944 14809 14808
f 14809 6944 6943
f 6944 14829 6943
f 6944 14828 6917
f 14829 6944 6917
f 6886 14854 14876
f 6858 6886 14876
f 14854 6913 6887
f 6914 6913 14832
f 14925 14926 6828
f 7006 14738 7007
f 14738 14739 7028
f 14739 14738 7006
f 7066 14706 14691
f 14706 7065 14691
f 7045 14725 14708
f 14733 14734 7033
f 7012 14734 14733
f 7011 14734 7012
f 14734 7032 7033
f 14734 7011 14735
f 7032 14734 14735
f 7012 14751 14752
f 14700 7054 7072
f 7055 14700 7074
f 7054 14700 14716
f 14700 7055 14716
f 14732 7035 14716
f 7035 7054 14716
f 7054 14717 7072
f 7035 14717 7054
f 14770 14751 14750
f 14751 14770 6991
f 7011 7010 14735
f 14735 7010 14736
f 7086 14689 7068
f 14689 14704 7068
f 14689 14675 7087
f 14675 14689 7086
f 7069 14689 7087
f 14704 14689 7069
f 7050 14704 7069
f 14703 14688 7070
f 14688 14687 7070
f 14687 14688 7088
f 14688 7069 7087
f 14688 14703 7069
f 6993 14749 14768
f 6993 14769 14749
f 6993 14789 14769
f 14789 14809 6968
f 14790 14789 6968
f 14789 14790 6991
f 14790 6990 6991
f 6990 14751 6991
f 6939 6940 14832
f 6940 6939 14812
f 6913 6912 14832
f 6912 6913 14854
f 6912 6939 14832
f 6886 6912 14854
f 6965 14793 14792
f 6965 14792 6966
f 14811 6965 6966
f 6965 14811 14812
f 6963 6938 14814
f 14756 7006 7007
f 14755 14756 7007
f 14837 6934 6908
f 14682 14697 7076
f 7039 7058 14713
f 7058 7039 7038
f 14712 7059 7078
f 7059 7039 14713
f 3564 9853 9914
f 9553 3862 3861
f 3862 9553 9552
f 9554 9553 3861
f 3182 3181 10305
f 3182 10304 3183
f 3257 3256 3323
f 10297 3258 3259
f 9785 3634 3633
f 3634 9846 3633
f 3635 9846 3634
f 3251 10234 3252
f 10234 3251 10235
f 10235 3251 3250
f 3447 10038 3446
f 9975 3508 3445
f 3508 9974 3446
f 3447 9974 3509
f 9974 3447 3446
f 3385 10103 3384
f 10038 10037 3384
f 10037 3385 3384
f 3443 3444 10041
f 3381 3444 10040
f 10040 3444 3445
f 9551 3863 9552
f 3863 9551 3864
f 9609 9610 3862
f 3863 9609 3862
f 9977 3442 3505
f 9977 3443 3442
f 3508 3568 9911
f 9975 3568 3508
f 9914 3565 3505
f 3506 9977 3505
f 9977 3506 3443
f 3444 3506 9976
f 3506 3444 3443
f 3807 3750 3806
f 3751 3807 3808
f 3628 9790 9789
f 3628 3627 9790
f 3627 3628 9851
f 14226 14227 7581
f 14396 14422 7355
f 14447 14448 7355
f 14422 14447 7355
f 14447 14422 7356
f 14447 7356 14446
f 14423 14396 7355
f 7327 14470 14446
f 14470 14447 14446
f 14447 14470 7326
f 14449 7323 14450
f 7323 7322 14450
f 7322 7323 7294
f 14474 7322 7294
f 7322 14451 14450
f 14449 7352 14424
f 7352 14449 14450
f 14451 7351 14450
f 14373 7414 7381
f 7414 14373 7446
f 7383 7382 14371
f 7382 7383 14399
f 7414 7382 7381
f 7382 7414 14372
f 7447 7414 7446
f 7414 7447 14372
f 8599 8600 8566
f 7485 7484 14311
f 14310 7485 14311
f 7387 14367 7420
f 14549 7208 14569
f 7209 14548 14547
f 7208 14548 7209
f 14548 14549 7233
f 14548 7208 14549
f 14588 7186 14569
f 7235 14546 14547
f 7237 7236 14524
f 7235 7236 14546
f 7236 7235 14525
f 7261 7236 14525
f 7236 7261 14524
f 14622 7168 14621
f 7115 14649 14664
f 7098 7115 14664
f 7115 7098 14650
f 14649 7133 7134
f 7115 7133 14649
f 7133 7115 14650
f 14622 7149 7148
f 7149 14622 14621
f 7130 14666 7079
f 7130 7166 7148
f 7130 7079 14606
f 7166 7130 14606
f 7130 14651 14666
f 14651 7130 7131
f 14602 7169 14603
f 7169 7168 14603
f 7168 7169 14621
f 7191 14602 14603
f 7186 7187 14606
f 14587 7211 14566
f 14546 7211 14547
f 14581 14561 7218
f 14561 14581 14582
f 7119 7137 14646
f 14631 7137 7155
f 7155 7154 14617
f 7153 7154 14633
f 7048 14705 7067
f 7049 7048 7067
f 14705 7048 7066
f 14721 7048 7049
f 7086 7085 14676
f 14690 7085 7086
f 7085 14690 14691
f 7084 7085 14691
f 7101 14662 14676
f 7101 14677 14663
f 14677 7100 14663
f 14677 7101 14676
f 7100 14677 14678
f 7085 14677 14676
f 14677 7085 7084
f 7083 7084 14692
f 7083 14677 7084
f 14677 7083 14678
f 14651 7097 14666
f 14633 7135 7134
f 7135 14648 7134
f 14648 7135 7117
f 14648 7117 14663
f 7100 14648 14663
f 14634 14633 7134
f 14634 7153 14633
f 7133 14634 7134
f 7100 7099 14664
f 7099 7100 14678
f 7099 14678 14679
f 7099 7098 14664
f 7098 7099 14679
f 6999 14762 14763
f 14762 6977 14763
f 14797 6982 14777
f 6982 14797 14798
f 7005 14739 7006
f 14678 7082 14679
f 14693 7082 14692
f 7082 7083 14692
f 7083 7082 14678
f 14693 7064 14708
f 7064 14693 14692
f 7064 7045 14708
f 7082 7081 14679
f 7081 7082 14693
f 7080 14695 7079
f 14695 7080 7062
f 7044 14725 7024
f 7445 14374 7444
f 7292 14476 7320
f 7316 14455 7317
f 14455 14430 7346
f 14430 14455 7345
f 14455 14456 7345
f 14456 14455 7316
f 7409 7377 7376
f 7215 14563 7214
f 14543 7215 7214
f 7215 14562 14563
f 7264 14522 7263
f 14522 7239 7238
f 7239 14544 7238
f 7239 14543 14544
f 7247 14515 14514
f 14515 7272 14514
f 7246 14515 7247
f 7272 14515 7271
f 7299 14470 7327
f 7248 14536 7247
f 14515 14516 7271
f 14516 14515 7246
f 7249 7248 14514
f 14659 7104 7121
f 7104 14660 14645
f 4072 9337 9338
f 4123 4122 9235
f 4122 4123 9286
f 4215 9186 7306
f 14464 4215 7306
f 14487 14464 7306
f 9611 3859 3860
f 7129 14652 7113
f 16421 5143 16422
f 5152 16421 16422
f 16438 16433 16432
f 13763 1 13764
f 1 13763 13765
f 16442 16437 5134
f 16441 16442 5134
f 16442 16441 5129
f 16445 16442 5129
f 5139 5140 16432
f 5140 5139 16426
f 16402 16412 5161
f 5162 16412 16402
f 16412 5162 5152
f 16412 5151 5161
f 16412 5152 5151
f 5188 16390 5187
f 16379 5188 5187
f 5189 5188 16378
f 16365 5201 16366
f 5201 16379 16366
f 5188 5201 16378
f 5201 5188 16379
f 5205 5221 16362
f 5221 5205 16363
f 5189 16377 5190
f 16377 16376 5190
f 16377 5189 16378
f 5203 16377 16378
f 5205 5204 16363
f 5204 5205 16376
f 16377 5204 16376
f 5204 16377 5203
f 16364 5203 16365
f 5204 16364 16363
f 16364 5204 5203
f 16364 5218 5219
f 5218 16364 16365
f 5202 5203 16378
f 5203 5202 16365
f 5201 5202 16378
f 5202 5201 16365
f 5220 5221 16363
f 5220 16364 5219
f 16364 5220 16363
f 5221 5220 16349
f 5218 16351 5219
f 16351 5234 5235
f 5234 16351 16352
f 16351 5218 16352
f 5217 16365 16366
f 5217 5218 16365
f 5218 5217 16352
f 5217 16353 16352
f 5217 16366 5216
f 16353 5217 5216
f 5440 16139 16140
f 16165 5410 16140
f 16165 16189 5383
f 16165 16164 16189
f 5237 5236 16334
f 16302 16319 5274
f 5255 16319 16302
f 16162 5415 16161
f 5391 16158 16182
f 16227 16247 16248
f 16228 16227 16248
f 16226 16227 5341
f 16247 16227 16226
f 5320 16247 16246
f 5275 16318 16302
f 5275 16302 5274
f 16265 5320 16264
f 16265 16266 5319
f 16247 16265 5319
f 5320 16265 16247
f 16283 16282 5277
f 13616 16282 5298
f 5147 5156 16417
f 16401 5163 16411
f 5155 16419 5164
f 16374 16386 5192
f 5193 16386 16374
f 16386 5193 16385
f 5181 16395 16385
f 16384 24 13746
f 13760 4 7
f 13763 4 13765
f 15 13746 13745
f 13754 15 13745
f 15 16384 13746
f 13744 16 13745
f 16 13754 13745
f 5393 16203 5367
f 16204 16203 5342
f 16203 16204 5367
f 5478 16079 16078
f 16079 5478 5477
f 16181 5393 5367
f 16156 5420 16131
f 16181 16156 5393
f 13551 13511 13550
f 13511 13551 13512
f 13552 172 13585
f 172 13584 13585
f 13584 172 13551
f 172 13552 13512
f 13551 172 13512
f 13584 13583 143
f 13580 147 146
f 147 13580 13579
f 13687 13688 13665
f 13721 51 13706
f 5239 16331 5240
f 16331 5239 16332
f 16331 13688 5240
f 5238 5237 16334
f 5237 5238 16349
f 16299 16300 5277
f 13682 13659 13681
f 75 76 13699
f 13680 76 75
f 76 13680 13679
f 13547 175 13548
f 13547 13580 175
f 13579 13578 148
f 13578 149 148
f 13575 13541 13605
f 97 13680 13658
f 13633 97 13658
f 13680 97 13679
f 13607 13608 148
f 149 13607 148
f 13607 149 13606
f 13609 147 13608
f 13609 13634 120
f 147 13609 146
f 13741 19 13742
f 28 13741 13742
f 13741 29 13750
f 19 13741 13750
f 13741 13730 29
f 13730 13741 28
f 26 13744 13745
f 26 13743 13744
f 13743 26 13733
f 8 12 13750
f 8 13750 13
f 13765 8 13
f 4 8 13765
f 8 4 13760
f 71 13705 13686
f 92 71 13686
f 13636 118 13611
f 119 13636 13611
f 13609 13610 146
f 13610 13609 120
f 13610 119 13611
f 13581 13580 146
f 13580 13581 175
f 175 13581 13549
f 13581 145 13582
f 145 13610 13611
f 13610 145 146
f 145 13581 146
f 116 13613 117
f 13613 13612 117
f 13612 13613 143
f 13613 142 143
f 13584 142 13585
f 142 13584 143
f 13684 13683 73
f 13682 13683 13660
f 13683 13682 73
f 13731 13718 40
f 13718 13719 54
f 13718 54 55
f 13718 13717 40
f 13717 13718 55
f 13702 13703 73
f 13703 13702 54
f 73 13703 72
f 15674 5904 15635
f 5904 15675 15635
f 5904 15674 15714
f 15675 5904 15714
f 15716 15676 15715
f 5858 15716 15715
f 15716 5858 5857
f 15677 15716 5856
f 15716 5857 5856
f 15675 5903 15636
f 5903 15676 15636
f 5903 15675 15715
f 15676 5903 15715
f 6006 6005 15548
f 15549 6005 6004
f 5959 5960 15628
f 6053 6006 15548
f 6053 6100 6054
f 6050 6004 15550
f 6050 15549 6004
f 6052 6053 15548
f 15469 6099 6098
f 6052 6099 6053
f 5819 5820 15788
f 5820 5819 15750
f 15634 5905 5952
f 5905 15634 5906
f 5905 15673 15713
f 15673 5905 5906
f 5953 15593 15592
f 15634 5953 5906
f 15593 5953 5952
f 5953 15634 5952
f 15595 5998 5999
f 15595 15594 5951
f 15594 15595 5999
f 15595 5951 5950
f 5997 15595 5950
f 5998 15595 5997
f 15471 6142 15470
f 6142 15471 6141
f 6186 6185 15395
f 6546 6469 14361
f 6469 15329 14361
f 6469 15260 15329
f 6183 15434 6182
f 15293 6349 6348
f 6389 15294 15260
f 6389 15293 15294
f 15398 6183 6182
f 6183 15398 15397
f 15362 6225 6267
f 6309 15362 6267
f 6309 6349 15326
f 15472 15512 6094
f 15512 15472 6095
f 15471 15472 6140
f 15472 15471 6095
f 6093 6138 15473
f 6138 15435 15473
f 15435 6138 15436
f 6094 15513 15473
f 15513 6093 15473
f 15513 6094 6047
f 6093 15513 6047
f 6090 15515 6044
f 15515 15554 6044
f 15554 15515 6091
f 15515 15475 6091
f 15475 15515 6090
f 15516 6043 6089
f 15516 6090 6043
f 15476 15516 6089
f 15516 15476 6090
f 6091 6137 15474
f 15475 6137 6091
f 6137 6138 15474
f 6138 6137 15436
f 6136 6135 15437
f 6136 6137 15475
f 6136 15476 6135
f 15476 6136 15475
f 15436 6136 15437
f 6137 6136 15436
f 6224 15399 6223
f 15399 15400 6223
f 6225 15399 6224
f 15399 15398 6182
f 15399 6225 15398
f 15400 6180 15401
f 6179 6180 15437
f 6180 6179 15401
f 6180 15436 15437
f 15857 5738 15821
f 5581 15959 5582
f 15992 5581 5545
f 5581 15992 5580
f 15959 5581 5580
f 15928 15929 5653
f 15894 15928 5653
f 15928 15894 5654
f 15928 5654 15927
f 5555 5554 15983
f 5554 5555 5520
f 5556 5555 15983
f 16015 5554 5520
f 5519 16015 5520
f 5456 16097 5457
f 16097 5456 16098
f 16126 5455 16125
f 5455 5456 16125
f 5456 5455 16098
f 5524 5523 16012
f 15889 15854 5660
f 15923 15889 5660
f 15889 15923 5659
f 5481 16076 16103
f 16020 5514 16049
f 5549 5514 16020
f 5619 5618 15925
f 5619 15958 5618
f 5619 5583 15958
f 5583 5619 15957
f 5584 15957 15956
f 5583 5584 15989
f 5584 5583 15957
f 15924 5620 15925
f 5620 5619 15925
f 5619 5620 15957
f 15957 5620 15956
f 5620 15924 5621
f 15956 5620 5621
f 16021 16020 5513
f 5512 16021 5513
f 16021 5512 5546
f 5547 16021 5546
f 5548 5547 15989
f 5549 5548 15989
f 5548 5549 16020
f 15990 5583 15989
f 5547 15990 15989
f 5583 15990 5582
f 15990 5546 5582
f 15990 5547 5546
f 16153 16154 5423
f 16153 5395 16154
f 16178 16153 5396
f 5395 16153 16178
f 5426 5427 16151
f 5427 5426 16125
f 5424 16153 5423
f 16102 5483 16074
f 5483 16102 16075
f 5483 16047 16074
f 16047 5483 16075
f 16129 5450 5451
f 5481 5450 5480
f 5450 5481 16103
f 5480 5450 16154
f 5450 16129 16154
f 16129 5422 16154
f 5422 16129 16128
f 16154 5422 5423
f 5422 16128 5423
f 16047 5517 16046
f 16046 5517 5518
f 5517 16017 5518
f 5733 15826 5775
f 5691 15826 15862
f 5732 15826 5691
f 5692 5733 15861
f 15862 5692 15896
f 5692 15861 15896
f 15826 5692 15862
f 5692 15826 5733
f 15828 5731 5690
f 5731 15827 5690
f 15789 15790 5817
f 15791 15790 5772
f 15790 15791 5816
f 5817 15790 5816
f 15827 5774 5732
f 5774 15826 5732
f 5774 15790 15789
f 5774 15789 5775
f 15826 5774 5775
f 5351 16218 5376
f 16120 5461 5462
f 16119 16120 5462
f 5461 16120 16121
f 5527 16037 16038
f 5527 5561 16008
f 16065 16093 5493
f 5461 16093 5462
f 16093 16065 5494
f 16093 16092 5462
f 16092 16093 5494
f 16005 5531 16006
f 5565 16005 16006
f 5531 16005 5532
f 5601 5565 15975
f 5601 15943 15942
f 5529 5530 16035
f 5438 5439 16140
f 5439 5440 16140
f 5410 16141 16140
f 16141 5438 16140
f 16031 5501 16032
f 16035 16034 5497
f 16034 16035 5531
f 16034 5531 5532
f 16034 5499 16061
f 5674 15876 15911
f 15876 15910 15911
f 15876 15842 15841
f 15842 15876 5674
f 16004 5567 5533
f 5600 15976 5599
f 15944 5600 5599
f 15943 5600 15944
f 5600 5601 15975
f 5601 5600 15943
f 5564 5600 15975
f 15976 5600 5564
f 15943 5637 15942
f 15910 5637 5636
f 5637 15943 5636
f 16238 5329 16237
f 5329 16238 5328
f 5357 16213 5382
f 16139 5441 16138
f 5441 16139 5440
f 5441 5442 16138
f 5441 16112 5442
f 16112 5470 5471
f 5470 16085 5471
f 5409 5408 16142
f 16141 5409 16142
f 16166 5409 5410
f 5409 16141 5410
f 16240 5303 16261
f 5302 5303 16280
f 5303 5302 16261
f 16263 16242 5301
f 16242 16262 5301
f 16262 16281 5301
f 16262 5302 16281
f 15948 5630 5631
f 15948 5631 5595
f 5630 15948 15949
f 5557 5558 16012
f 5557 5556 15982
f 15948 5593 15949
f 5458 16123 5457
f 5427 16150 16151
f 16150 5427 5428
f 5559 5560 16010
f 15978 5560 5596
f 5561 5560 15978
f 16010 5560 5526
f 15844 5672 15879
f 15844 15808 5713
f 5794 15771 5795
f 15771 5794 5838
f 15658 15618 5924
f 5670 15846 15880
f 5598 15977 5597
f 15945 5598 5597
f 15976 5598 5599
f 5598 15976 15977
f 5598 15944 5599
f 15944 5598 5635
f 5598 15945 5635
f 5634 5633 15913
f 5634 15945 5633
f 15912 5634 15913
f 5634 15912 5635
f 15945 5634 5635
f 15917 5629 5628
f 15916 15917 5667
f 5629 15917 15916
f 5591 5556 15983
f 5556 5591 15982
f 5590 5591 15983
f 15922 15921 5623
f 15921 5624 5623
f 15921 15922 5662
f 15917 15883 5667
f 15853 15887 5661
f 15888 15853 5661
f 15853 15888 5701
f 5960 5913 15628
f 15627 5913 5960
f 15464 6149 15426
f 6150 15464 15425
f 15464 6150 6105
f 15703 5872 5871
f 15703 5917 15663
f 15782 5827 5783
f 5870 5827 15744
f 5827 5870 15743
f 5827 15743 5828
f 15745 5869 15744
f 15664 15703 5871
f 15703 15664 5917
f 6017 6063 15538
f 5967 5968 15621
f 5826 15745 15744
f 5827 5826 15744
f 5826 5827 15782
f 15440 6176 15402
f 15441 6176 6131
f 6176 15440 6131
f 6219 15403 15404
f 15403 6176 15441
f 6176 15403 15402
f 15403 6220 15402
f 15403 6219 6220
f 15331 6346 6305
f 6346 15331 6304
f 6262 15331 6305
f 15331 6262 6304
f 15367 6262 15366
f 6262 15367 6261
f 15367 15368 6261
f 15367 6219 15368
f 15330 6263 6305
f 6347 15330 6305
f 6388 6347 15295
f 15440 15480 6131
f 15480 15440 6132
f 15480 6085 6131
f 6085 15480 6132
f 6174 15405 15404
f 15405 6218 15404
f 15405 6217 6218
f 6217 15405 15406
f 6173 15405 6174
f 15405 6173 15406
f 15443 15483 6128
f 6173 15443 6128
f 15443 6173 6174
f 15483 15443 6129
f 15443 15442 6129
f 15442 15443 6174
f 15481 6130 15441
f 15442 6130 15482
f 6130 15481 6084
f 6083 6130 6084
f 6130 6083 15482
f 15482 6083 6129
f 6175 15442 15404
f 15403 6175 15404
f 6175 15403 15441
f 6130 6175 15441
f 6175 6130 15442
f 15267 6421 6381
f 15267 6420 6421
f 6214 15407 15408
f 15407 6214 6215
f 6213 6214 15408
f 6259 15333 6260
f 6303 15332 6260
f 6303 15333 6302
f 15333 6303 6260
f 6343 15299 6383
f 15299 6343 6342
f 15265 15266 6423
f 15266 6422 6423
f 6422 15232 6423
f 6422 6421 15233
f 6422 15266 6421
f 6341 6342 6300
f 6341 15299 6342
f 6424 15232 6463
f 15232 6424 6423
f 6424 15265 6423
f 15264 6424 6425
f 6424 15264 6383
f 15265 6424 6383
f 15263 15264 6425
f 15263 6384 15264
f 6346 6387 15295
f 6387 6346 15296
f 6386 6387 15296
f 6387 6388 15295
f 6388 6387 15261
f 5983 6030 15567
f 6030 6031 15567
f 6027 6028 15570
f 6028 6027 15530
f 5985 5986 15606
f 5985 15606 5938
f 15607 5985 5938
f 15566 5985 5984
f 5985 15607 5984
f 5985 15565 5986
f 15565 5985 15566
f 5936 5937 15647
f 5937 5936 15607
f 5937 15686 15647
f 5895 15684 15644
f 15684 5940 15644
f 15684 15723 5894
f 15723 15684 5895
f 15645 15684 5894
f 5940 15684 15645
f 15559 5991 15560
f 15681 5897 15642
f 15720 5897 15681
f 6037 15520 6038
f 15561 6037 6038
f 15520 6037 6084
f 6037 15561 15562
f 15561 5989 15562
f 5853 15720 15758
f 12516 1133 1134
f 1133 12516 12517
f 12518 1133 12517
f 12449 1133 12450
f 1133 12448 1134
f 12448 1133 12449
f 12237 12236 1268
f 6215 15370 6216
f 15370 6258 6259
f 6216 15370 15369
f 15370 6259 15369
f 15525 6080 15524
f 6080 15525 6079
f 15524 6080 6081
f 6032 6031 15526
f 6078 6032 15526
f 6032 6078 15525
f 15566 6032 6033
f 6032 15525 6033
f 6031 6032 15567
f 6032 5984 15567
f 6032 15566 5984
f 5897 15682 15642
f 15683 5895 15644
f 15683 15722 5895
f 15722 15683 5896
f 15604 5941 15644
f 15603 5941 15604
f 5941 15683 15644
f 15483 6082 6128
f 6082 15483 6129
f 6036 6037 15562
f 15564 15563 5988
f 6035 15563 15564
f 6036 15563 6035
f 15563 6036 15562
f 5989 15563 15562
f 15563 15603 5988
f 15563 5989 15603
f 6171 15486 15446
f 15446 15486 6125
f 15486 6079 6125
f 6172 15407 15406
f 15407 6172 15445
f 6172 6173 15444
f 6173 6172 15406
f 15304 6377 6336
f 6335 15304 6336
f 15177 6490 6528
f 6282 15350 6323
f 15386 15387 6239
f 15387 15386 6196
f 15386 6197 6196
f 6197 15386 15385
f 6241 15384 15385
f 15384 6241 6242
f 15384 6200 6199
f 15384 6242 15383
f 6200 15384 15383
f 6283 6241 15349
f 6241 6283 15348
f 6283 6325 15348
f 6324 6283 15349
f 6325 6283 6324
f 6198 6197 15385
f 6198 15384 6199
f 15384 6198 15385
f 15500 6063 6062
f 6063 15500 6109
f 6063 15539 6062
f 6017 15539 6063
f 6110 6063 6109
f 6110 6109 6155
f 15459 6110 6155
f 6110 15459 15499
f 6015 15540 6062
f 15503 6059 6105
f 6198 15422 6197
f 6064 6111 6065
f 6064 15537 15538
f 15537 6064 6065
f 6111 6064 15499
f 6064 6110 15499
f 6063 6064 15538
f 6110 6064 6063
f 6019 15537 15536
f 6019 15577 15578
f 6200 15420 6199
f 15420 15459 6155
f 15420 15419 6157
f 15419 15420 6200
f 6065 6112 6066
f 6112 6065 15498
f 15733 5883 5840
f 15694 5883 15733
f 15577 5971 15578
f 15340 6294 6252
f 6294 15339 6252
f 6335 6294 15340
f 15339 6294 6336
f 6294 6335 6336
f 15490 15450 6121
f 15450 6166 6121
f 6166 15450 6165
f 6169 15447 15488
f 15447 6124 15488
f 15448 6169 15488
f 6119 15451 15491
f 6073 6119 15491
f 15451 6119 6164
f 6119 6072 15492
f 6119 6073 6072
f 15452 6119 15492
f 6119 15452 6164
f 6286 15347 6285
f 15347 6286 6243
f 15416 15415 6161
f 15416 6160 15417
f 6160 15416 6161
f 15495 6114 15455
f 15495 6161 6116
f 15495 15455 6161
f 6068 15495 15534
f 15495 6068 6114
f 5841 15769 5840
f 5799 5843 15767
f 5843 5844 15767
f 5801 15766 5845
f 15766 5844 5845
f 5844 15728 5845
f 15727 15728 5889
f 15454 15494 6116
f 15494 15454 6117
f 15493 15453 6163
f 6117 15453 15493
f 15805 5758 5717
f 5799 5758 15805
f 5758 5799 15767
f 6073 6026 15531
f 6027 6026 6073
f 6026 6027 15571
f 6026 6025 15531
f 15025 15024 6679
f 15052 6678 6679
f 6678 15052 15053
f 6678 15025 6679
f 15025 6678 15026
f 6677 6678 15053
f 6678 6677 15026
f 6775 14971 6776
f 14970 6777 6807
f 6777 14945 6807
f 6777 14971 14945
f 14971 6777 6776
f 6777 6746 6776
f 14948 6803 14923
f 6743 6774 6744
f 14825 6921 6947
f 10378 6923 14825
f 6918 14850 6917
f 14850 6890 6917
f 6890 14850 6891
f 14811 6941 6940
f 6941 14810 6942
f 6941 14811 14810
f 6641 15111 6607
f 6536 6537 15170
f 6575 15108 6611
f 6500 15168 6501
f 6645 15052 15079
f 15052 6645 15080
f 6645 15109 15080
f 6684 6683 15021
f 6682 6683 15049
f 15023 6682 6681
f 6715 15023 6714
f 15023 15024 6714
f 15024 15023 6681
f 15200 6502 6463
f 6502 15200 6501
f 15200 6500 6501
f 6502 15199 6463
f 6464 15199 6503
f 6539 15136 6540
f 15168 6539 6540
f 15234 6420 6460
f 6420 15234 6421
f 6459 15202 6460
f 6498 6536 15170
f 6498 15202 6459
f 6134 15477 15439
f 15477 6133 15439
f 6133 15477 6088
f 15477 15517 6088
f 15517 15477 6089
f 15477 6134 6089
f 6593 15123 6594
f 6594 15123 6629
f 6231 6232 15393
f 15290 15289 6353
f 15279 6366 6365
f 6366 15313 6365
f 15313 6324 6365
f 15313 6325 6324
f 15059 6670 6671
f 15059 15086 6637
f 15086 15059 6671
f 15147 6564 6565
f 15062 6633 15090
f 6408 6409 15277
f 15430 6145 15468
f 6145 6100 15468
f 6100 6145 15467
f 6145 15429 15467
f 6188 15429 15430
f 15429 6145 15430
f 5851 15722 5852
f 5851 15723 5895
f 15722 5851 5895
f 15835 5683 15870
f 15869 5683 15835
f 5683 15904 15870
f 5683 15869 15903
f 15904 5683 15903
f 5684 15902 15903
f 15869 5684 15903
f 5848 5847 15726
f 5848 15725 15763
f 5847 5848 15764
f 5848 15726 5891
f 15725 5848 5891
f 5848 5804 15764
f 5804 5848 15763
f 5762 5804 15800
f 5804 5762 15801
f 15836 5762 5722
f 5762 15800 5722
f 5721 5762 15836
f 5762 5721 15801
f 11633 11632 1907
f 15520 15519 6038
f 6085 15519 15520
f 1402 6085 6132
f 12303 1205 12373
f 1067 12518 12517
f 1067 12585 12586
f 1066 1067 12586
f 1067 1066 12518
f 12516 1068 12517
f 1068 12516 12584
f 1068 12584 12585
f 1068 1067 12517
f 1067 1068 12585
f 5811 15757 5855
f 15757 15758 5854
f 15757 5810 15758
f 16328 5245 16343
f 5245 16328 16311
f 5245 16342 16343
f 5284 16294 5283
f 16294 16295 5283
f 16293 16294 5284
f 5264 16294 16293
f 16295 5282 5283
f 5243 16330 16313
f 16329 5243 16313
f 5225 5243 16344
f 5243 16329 16344
f 16329 5244 16344
f 5244 5226 16344
f 16328 5244 16312
f 5244 16329 16312
f 5244 16328 16343
f 5226 5244 16343
f 16342 5227 16343
f 5227 5226 16343
f 5226 5227 16358
f 5266 16326 16310
f 16341 16326 5247
f 16326 16341 16342
f 5211 5210 16358
f 5210 5211 16371
f 16306 16305 16322
f 16305 16306 5270
f 5271 16305 5270
f 5272 16305 5271
f 16305 5272 16321
f 5252 16337 16322
f 16337 5252 16321
f 16305 5252 16322
f 5252 16305 16321
f 5230 5231 16355
f 5231 16354 16355
f 5309 16255 16274
f 5309 16275 5308
f 16275 5309 16274
f 5285 16275 16274
f 5286 5285 16274
f 5285 5286 16293
f 5285 16293 5284
f 16275 5285 5284
f 5289 16289 16290
f 5289 16272 16271
f 16269 16268 5292
f 16270 5290 16271
f 5290 5289 16271
f 5289 5290 16289
f 16272 16273 5311
f 16273 5310 5311
f 5310 16273 16274
f 16273 5286 16274
f 5286 16273 5287
f 16272 5312 16271
f 5312 16272 5311
f 16253 5312 5311
f 5310 16254 5311
f 16254 5310 16234
f 16254 16234 5333
f 16254 16253 5311
f 5287 16291 16292
f 16291 5267 16292
f 5247 16325 5248
f 16308 16307 16324
f 16308 16325 5267
f 16370 5211 5212
f 5211 16370 16371
f 5213 16370 5212
f 16370 5213 16369
f 5197 16370 16369
f 16381 5184 16382
f 5184 16381 16393
f 5184 16394 16382
f 16394 5184 5171
f 5184 16393 5171
f 5215 16354 5216
f 16340 16341 5248
f 16340 5231 5230
f 16356 5230 16355
f 5213 16356 16355
f 16356 5213 5212
f 5419 16158 16133
f 16107 5476 5477
f 5505 16055 16082
f 16055 5506 16082
f 16055 5505 16028
f 16029 5538 16028
f 5538 16029 5537
f 5575 15967 15966
f 15937 5608 5607
f 5507 16026 16053
f 16026 5507 16054
f 16081 5507 16053
f 5507 16081 16054
f 16080 16079 5477
f 16080 5476 16053
f 5476 16080 5477
f 15841 15875 5676
f 15875 15841 5717
f 15909 15910 5676
f 15875 15909 5676
f 15909 15875 5677
f 15912 15878 5673
f 5672 15878 15912
f 15878 15844 5713
f 15844 15878 5672
f 5714 15842 15877
f 15842 5715 15841
f 5715 5716 15841
f 5715 15806 5716
f 15806 5715 5756
f 5715 15807 5756
f 15807 5715 5755
f 5715 5714 5755
f 5714 5715 15842
f 5716 5757 15805
f 15806 5757 5716
f 5757 15806 5798
f 5799 5757 5798
f 5757 5799 15805
f 5642 5641 15906
f 5642 15906 15905
f 5642 15938 15939
f 5641 5642 15939
f 5642 15905 5643
f 15938 5642 5643
f 5679 15873 15838
f 15965 5576 15966
f 15965 5577 5576
f 5577 15965 15964
f 15965 5612 15964
f 5611 15965 15966
f 15965 5611 5612
f 5613 15963 15964
f 5611 15933 5612
f 15933 15934 5648
f 15933 5611 15934
f 15901 5647 15902
f 15902 5647 5646
f 5647 15934 5646
f 15934 5647 5648
f 5647 15901 5648
f 5472 16111 5471
f 16111 16112 5471
f 16112 16111 5442
f 5442 16111 5443
f 16111 16110 5443
f 16111 5472 16110
f 16002 16031 5534
f 16002 5535 16031
f 5569 16002 5534
f 16002 5569 5570
f 5535 16002 5570
f 5503 16030 16029
f 16084 5472 5471
f 16056 16084 5504
f 5472 16084 16083
f 16084 16056 16083
f 14564 7213 7214
f 7213 14544 7214
f 7211 7212 14566
f 7212 7211 14546
f 7212 14586 14566
f 7212 14565 14586
f 7315 14456 7316
f 7287 14479 7288
f 14479 7317 7288
f 14479 7316 7317
f 14479 7315 7316
f 7315 14479 7287
f 14481 14457 7314
f 14457 14456 7314
f 14457 14481 7313
f 14458 14457 7313
f 14480 7315 7287
f 14456 14480 7314
f 7315 14480 14456
f 7285 7286 14504
f 7286 7285 14481
f 7286 14481 7314
f 14480 7286 7314
f 14527 14526 7233
f 14527 7258 14526
f 7232 14527 7233
f 7285 14505 7284
f 14505 7285 7259
f 14505 7258 7284
f 7258 14505 7259
f 14744 14745 7021
f 14745 14744 6999
f 14695 14710 7079
f 14437 14411 7338
f 14411 14437 7337
f 14462 14437 7338
f 7337 14437 14462
f 7901 7902 13941
f 13927 13942 7900
f 7918 13927 7900
f 13912 13927 7935
f 13927 7918 7935
f 7859 13994 7858
f 7836 13994 7859
f 13994 7857 7858
f 7857 13994 7835
f 7835 13994 14013
f 13994 7836 14013
f 7813 14012 7814
f 7836 14012 14013
f 14012 7813 14013
f 7813 14031 14050
f 14031 7790 14050
f 14031 7813 7814
f 14031 14049 7790
f 14049 7767 7790
f 7767 14049 7791
f 14074 7762 7737
f 7762 7785 7786
f 14459 14434 7341
f 7340 14434 14459
f 14411 14410 7338
f 7312 14482 7284
f 7285 14482 7313
f 14482 7285 7284
f 14482 14458 7313
f 14458 14482 7312
f 14459 14483 7311
f 7312 14483 14459
f 14483 7283 7311
f 7283 14483 7312
f 14380 7438 7406
f 14407 14406 14432
f 7376 7375 7408
f 7375 14406 7374
f 14318 7475 14319
f 7472 7473 14350
f 7440 7439 14350
f 7438 7439 7406
f 7407 7439 7440
f 7536 14238 7537
f 7569 7568 14212
f 14246 14247 7558
f 14206 7575 7574
f 14206 7576 7575
f 7570 14211 7600
f 14211 7570 7569
f 14211 7569 14212
f 7601 14210 7600
f 14210 7570 7600
f 7599 7631 7600
f 7599 14186 7631
f 14211 7599 7600
f 14289 7509 14262
f 14289 14261 7510
f 14345 7445 7444
f 7477 14345 7444
f 7445 14345 7446
f 7509 14317 14318
f 14289 14317 7509
f 14317 14289 7510
f 14290 7540 14262
f 7509 14290 14262
f 14290 7509 14318
f 7508 14290 14318
f 7540 7539 14236
f 14265 7536 7537
f 14261 14288 7510
f 14260 14288 14261
f 14288 14317 7510
f 7543 14260 14261
f 7541 14289 14262
f 14289 7541 14261
f 7540 7541 14262
f 7570 7571 14236
f 14210 7571 7570
f 14358 7431 7430
f 7399 7431 7432
f 7431 7399 14386
f 7431 7398 7430
f 7398 7431 14386
f 14330 14331 7494
f 14330 7461 14331
f 7734 14097 7707
f 14076 14097 7734
f 14097 14076 7708
f 7739 7765 7740
f 14032 14051 7812
f 14032 7812 14013
f 7813 14032 14013
f 14015 14014 7811
f 14014 14015 7833
f 14014 14033 7811
f 14033 14014 7812
f 7812 14014 14013
f 7761 14075 7760
f 14054 7761 7760
f 14075 7761 7736
f 7761 14054 7785
f 7762 7761 7785
f 7761 14074 7736
f 7761 7762 14074
f 14034 7810 7811
f 7810 14015 7811
f 7810 14034 7809
f 14015 7810 7809
f 14275 14302 7493
f 14331 14302 7494
f 7493 14302 14331
f 14302 14275 7526
f 14302 14274 7494
f 14274 14302 7526
f 8109 5122 5123
f 8108 8109 5123
f 5118 8109 8108
f 8109 8116 5117
f 8116 8109 5118
f 8110 8109 5117
f 5122 8109 8110
f 8117 8118 5116
f 8110 8117 5116
f 8117 5111 8125
f 5111 8117 5117
f 8117 8110 5117
f 8126 5103 8133
f 8132 5103 8125
f 8080 8126 8133
f 8080 13783 5109
f 8126 8080 5109
f 8132 5104 5097
f 5111 5104 8125
f 5104 8132 8125
f 5113 8123 8115
f 8123 5113 5106
f 8105 8106 5125
f 8105 5122 8106
f 8105 5125 5123
f 5122 8105 5123
f 5124 8103 5125
f 8103 5124 5126
f 5125 8103 8102
f 8103 5126 8102
f 13840 13831 8032
f 8019 13840 8020
f 13831 13840 8019
f 13819 8045 8046
f 13773 8095 8094
f 8097 13773 8096
f 13773 8097 13772
f 8095 13773 13772
f 13773 8094 8093
f 13773 13774 8096
f 13774 13773 8093
f 13784 8078 8085
f 13791 8078 8071
f 8078 13790 8071
f 8078 13784 13790
f 13780 8084 8089
f 8090 13780 8089
f 13780 8090 8085
f 13794 13793 8068
f 13794 13800 8067
f 13800 13794 8068
f 13794 8066 13788
f 8066 13794 8067
f 8056 8047 13811
f 8055 8056 13811
f 13777 13778 8092
f 13778 13777 8088
f 8093 13777 8092
f 8088 13777 8089
f 13777 13776 8089
f 13776 13777 8093
f 13786 8083 8077
f 8076 13786 8077
f 8083 13786 8082
f 8082 13786 8075
f 13786 8076 8075
f 8137 8128 5101
f 8137 5100 8128
f 5093 8137 8136
f 8137 5101 8136
f 5100 8137 8138
f 8137 5092 8138
f 5092 8137 5093
f 8177 8176 5055
f 5067 8177 8047
f 11477 11478 2127
f 2052 11478 11477
f 11558 2052 11557
f 11558 11557 11637
f 1977 11558 11637
f 2359 11237 2358
f 11237 11238 2358
f 11317 2202 2279
f 11236 2359 2360
f 11237 11236 2279
f 11236 11237 2359
f 2597 10987 10988
f 10987 11069 10988
f 11067 10987 10907
f 10987 2597 10907
f 11068 10987 11067
f 10987 11068 11069
f 2280 11317 2279
f 11236 2280 2279
f 2280 2281 11316
f 2281 2282 11315
f 2281 11315 2204
f 11316 2281 2204
f 2203 11316 11397
f 2203 11397 2127
f 2280 2203 11317
f 2203 2280 11316
f 11155 2438 2358
f 2438 2359 2358
f 2359 2438 11154
f 11153 2360 2439
f 11153 2440 2360
f 11153 2439 11154
f 11151 2442 2362
f 2362 2442 2363
f 2442 11150 2363
f 11150 2442 11067
f 10196 3291 10197
f 2932 10565 10641
f 10566 10565 2932
f 3149 10340 10339
f 3008 3080 10487
f 3080 3008 3079
f 3008 3007 3079
f 3008 10562 2935
f 3007 3008 2935
f 2796 10705 10781
f 2722 2796 10781
f 2796 2722 10859
f 2948 10623 2947
f 10622 2948 10547
f 10622 10623 2948
f 10551 2945 10552
f 10627 2945 10626
f 2945 10627 10552
f 2870 10627 10704
f 2870 10704 10781
f 10705 2870 10781
f 2870 10705 10628
f 10627 2870 10628
f 3016 10553 10478
f 10627 2944 10552
f 2944 3016 10552
f 3016 2944 10553
f 2944 10627 10628
f 10553 2944 10628
f 3015 2943 10554
f 10553 2943 3015
f 2943 10553 10628
f 10406 3156 3086
f 3156 10333 3157
f 10333 3156 10334
f 3088 10403 10478
f 10402 10403 3159
f 10262 3225 3224
f 10332 3225 10331
f 3225 10332 3224
f 10332 10333 3224
f 10333 10332 3157
f 10475 3091 10474
f 3091 10401 10400
f 3091 10475 10401
f 2946 2945 10551
f 3160 10329 10328
f 10402 3160 10401
f 10329 3160 3159
f 3160 10402 3159
f 3228 3229 10328
f 10473 10398 3093
f 3092 10398 10473
f 9615 3799 9558
f 9676 9735 3740
f 9798 9737 3680
f 3549 9933 9869
f 9868 3549 9869
f 3549 9868 9932
f 3486 3485 3547
f 9868 3550 9932
f 9801 9740 3677
f 9621 9681 3794
f 3851 9621 3794
f 9681 3735 3794
f 3614 9864 3553
f 9803 3614 9865
f 3614 9803 9802
f 9864 3614 9802
f 3491 9993 9994
f 9995 3489 9930
f 3490 9995 9930
f 9995 3490 9994
f 3426 9995 9994
f 3678 9739 9738
f 9739 9679 9738
f 9740 9739 3677
f 9739 9740 9680
f 3020 10472 10547
f 3020 10473 3093
f 10472 3020 3093
f 2800 10777 10700
f 10776 2800 10700
f 2800 10776 2726
f 10779 10702 10778
f 10702 2873 10778
f 10701 10777 10778
f 2873 10701 10778
f 10697 2803 10774
f 10697 10619 2878
f 10776 10699 2801
f 2876 10699 10621
f 10699 10622 10621
f 10472 3021 10547
f 3021 10472 10471
f 10546 3021 10471
f 10549 10475 10474
f 3019 10549 10474
f 9794 3683 9793
f 3683 9733 3684
f 9793 3683 3684
f 3683 3682 9733
f 3683 9794 3682
f 3562 9982 3500
f 3562 3623 9854
f 3624 3562 9854
f 9917 3562 3624
f 10047 3438 3439
f 10047 10046 10113
f 10046 10047 3439
f 3373 10047 10113
f 10047 3373 10114
f 10047 10114 10048
f 3438 10047 10048
f 3502 9980 9981
f 9979 3502 9916
f 9980 3502 9979
f 3308 10177 3309
f 10177 3308 10178
f 3308 3307 10178
f 10111 3375 10045
f 3375 10112 10045
f 10112 3375 10177
f 3374 10112 10177
f 3374 10178 10113
f 3374 10177 10178
f 10046 3374 10113
f 10112 3374 10046
f 10536 10461 3031
f 3239 3238 10246
f 3238 3239 10317
f 10054 3367 10121
f 10055 10054 10121
f 9794 9795 3682
f 2741 2664 10838
f 10918 2664 10917
f 10917 2664 2665
f 2664 2741 2665
f 2664 2740 10838
f 2740 2664 2663
f 2664 10918 2663
f 10759 2815 10760
f 2741 2815 10759
f 2815 2741 10838
f 2740 2815 10838
f 2815 2740 2814
f 2814 2739 10762
f 2739 2814 10839
f 2739 10839 2663
f 2662 2739 2663
f 10840 2739 2662
f 3037 10454 10453
f 10454 3110 10453
f 3110 10454 10379
f 10454 10380 10379
f 10380 10454 3109
f 10454 10455 3109
f 10455 10454 3036
f 10454 10529 3036
f 10454 3037 10529
f 10677 10754 2894
f 10601 10677 2894
f 10677 2967 2895
f 10677 10601 2967
f 10755 10678 10754
f 2819 10756 10679
f 10757 2817 10681
f 10836 2817 2743
f 2817 10757 2743
f 2966 10602 10603
f 10602 2892 10603
f 2892 10602 10679
f 10602 2966 2967
f 10601 10602 2967
f 10680 10757 10681
f 2892 10680 10681
f 10680 2892 10679
f 10756 10680 10679
f 10382 3108 10456
f 10381 3108 10382
f 3108 10455 10456
f 3108 10381 10455
f 10383 3176 3177
f 10458 10457 3034
f 10457 10458 10383
f 2888 10685 10608
f 10606 2963 10605
f 2963 10530 10605
f 2890 10682 10759
f 10683 2890 10759
f 10682 2890 10605
f 2890 10606 10605
f 2890 10683 10606
f 10682 10758 2816
f 2891 10758 10682
f 10758 2891 10681
f 2817 10758 10681
f 10758 2817 10836
f 10758 2742 2816
f 2742 10758 10836
f 10394 10393 3097
f 3167 10393 10394
f 10393 3167 3168
f 10463 3029 10538
f 10613 10612 2883
f 10542 10468 3025
f 10391 3169 3170
f 10390 10391 3170
f 10464 10463 10538
f 3165 3166 10395
f 3095 3165 10395
f 10396 3165 3095
f 10323 3165 3164
f 3165 10396 3164
f 10122 3365 10056
f 10055 10122 10056
f 3233 10324 3232
f 3233 10323 10324
f 3303 10250 10183
f 3303 10249 10250
f 10249 3303 3304
f 10250 3302 10183
f 3302 10184 10183
f 10184 3368 10183
f 9855 3561 3622
f 3623 3561 9855
f 10116 10115 3371
f 9982 3501 9981
f 3563 3501 9917
f 3501 3562 9917
f 3562 3501 9982
f 3501 3563 9916
f 3502 3501 9916
f 3501 3502 9981
f 10182 10181 3304
f 10181 10182 3370
f 3303 10182 3304
f 10182 3303 10183
f 10179 10180 3372
f 10114 10179 3372
f 3307 10179 10178
f 3373 10179 10114
f 10179 3373 10178
f 3305 3306 10246
f 10180 3306 3305
f 10179 3306 10180
f 3306 10179 3307
f 10318 10317 3170
f 10318 3238 10317
f 3169 10318 3170
f 3238 10318 3237
f 10319 10318 3169
f 10318 10319 3237
f 10310 10309 3177
f 10309 10310 3245
f 3176 10310 3177
f 10310 3176 10311
f 3245 10310 3244
f 10310 10311 3244
f 10309 3246 10308
f 3246 10309 3245
f 3179 3246 10379
f 3246 3179 10308
f 3377 3246 3312
f 3246 10453 10379
f 2822 3246 10907
f 10453 3246 2822
f 3246 9979 10907
f 3246 3377 9979
f 10239 10240 3312
f 10240 10239 3245
f 3246 10239 3312
f 10239 3246 3245
f 10174 10175 3377
f 10175 10174 3310
f 10174 10241 3310
f 10174 3377 3312
f 3377 10110 10044
f 10175 10110 3377
f 10242 3243 3242
f 3243 3244 10312
f 3243 10241 3244
f 10241 3243 3310
f 3243 10242 3310
f 12736 859 12671
f 859 921 12671
f 921 859 12737
f 859 12801 12737
f 12801 858 12737
f 12802 12801 797
f 858 12801 12802
f 12984 680 681
f 680 12924 681
f 12924 12923 681
f 13042 13043 623
f 13043 12983 623
f 12983 13043 622
f 13043 565 13044
f 622 13043 13044
f 13213 515 13212
f 516 515 13154
f 13212 515 516
f 12849 12848 12911
f 12911 12848 12784
f 12848 812 12784
f 745 685 12919
f 745 12918 685
f 12596 1056 993
f 687 12916 688
f 12465 12464 1119
f 1252 12325 12396
f 12325 1252 12254
f 1319 12185 12184
f 1318 12185 1319
f 12258 12257 1250
f 12257 12258 1317
f 1318 12257 1317
f 12257 12256 1250
f 12257 1318 12256
f 12258 1316 1317
f 988 1052 12601
f 1051 988 12602
f 12533 12465 1119
f 12467 12535 1116
f 12535 1051 1116
f 988 12535 1052
f 1051 12535 988
f 1117 12467 12466
f 12535 1117 1052
f 1117 12535 12467
f 12331 1248 12401
f 1314 12260 12261
f 12260 1248 12331
f 12260 12190 1315
f 12260 1314 12190
f 922 12736 12671
f 12736 922 860
f 1052 989 12601
f 12665 12664 12730
f 12664 12665 928
f 12664 928 12663
f 1180 12331 12401
f 12192 1379 12191
f 1379 1380 12191
f 1379 12120 1448
f 1380 1379 1448
f 1313 1312 12191
f 1312 12192 12191
f 1312 1313 12262
f 1379 1378 12120
f 1378 1379 12192
f 12190 12189 1315
f 1312 1311 12192
f 1311 1378 12192
f 1177 12405 12334
f 1176 12405 1177
f 12405 1243 12334
f 12539 1113 1048
f 1111 1112 12540
f 12472 1112 1111
f 1112 1113 12539
f 1113 1112 12471
f 2583 11004 2582
f 11004 11005 2582
f 11497 2111 11496
f 10617 10618 2952
f 10618 10696 2878
f 10618 10619 2952
f 10619 10618 2878
f 2879 10618 10617
f 10696 2879 10695
f 10618 2879 10696
f 10930 10931 2653
f 11009 11090 2501
f 10926 10927 2656
f 2504 11170 11171
f 2503 2504 11171
f 2346 2425 11168
f 2425 2346 2345
f 11169 2424 11170
f 11169 2425 2345
f 2424 11169 2345
f 2504 11169 11170
f 11169 2504 2505
f 11169 2505 11168
f 2425 11169 11168
f 2263 11254 2264
f 2262 2263 11337
f 11254 2263 2342
f 2504 11088 11087
f 11088 2504 2503
f 2502 2503 11172
f 11581 11580 1958
f 11580 1959 1958
f 2108 11499 2033
f 11499 2108 11419
f 11580 2032 2033
f 2032 11580 11581
f 1883 11660 11738
f 1958 11660 1957
f 11660 1883 1957
f 1883 11661 1957
f 11739 1808 1882
f 1664 11892 1663
f 1734 11741 11740
f 1880 1806 11664
f 1806 1880 11741
f 11663 1880 11664
f 1806 1879 11664
f 11743 1879 1806
f 1879 1953 11664
f 1953 1879 11665
f 1592 1522 11968
f 12186 1318 1317
f 12186 12185 1318
f 1382 12117 1383
f 12120 1516 1448
f 11973 1587 11898
f 11893 11894 1663
f 11893 1592 11968
f 11892 11893 1663
f 1592 11893 11892
f 2574 11012 11013
f 2650 10933 10934
f 10933 2650 2651
f 2802 10698 10774
f 10698 2876 10621
f 2649 10855 2726
f 2725 10855 2649
f 10855 2800 2726
f 10855 2725 10777
f 2800 10855 10777
f 2799 10856 2724
f 2725 10856 2799
f 10856 2648 2724
f 10856 2725 2648
f 2649 10935 2648
f 10935 2649 10934
f 2572 10935 10934
f 2797 2798 2723
f 2798 2797 10780
f 10858 2797 2723
f 10780 2797 10781
f 2797 2722 10781
f 2722 2797 10858
f 2571 10935 2572
f 1658 11823 1730
f 11823 1729 1730
f 1729 11747 1802
f 1731 1804 11744
f 1804 1731 11745
f 11821 11820 1660
f 2418 2498 11176
f 2339 2418 11176
f 11256 2262 2261
f 11257 11256 2261
f 11256 11257 2341
f 11173 11174 2501
f 11174 11173 2421
f 11090 11173 2501
f 2502 11173 11090
f 11173 2502 11172
f 2422 11173 11172
f 11173 2422 2421
f 2500 11174 2420
f 11175 2500 2420
f 2029 11585 11505
f 2258 11342 11343
f 2259 2258 11260
f 2258 2259 11342
f 2257 2258 11343
f 2258 2257 11261
f 11261 2257 2336
f 2257 11262 2336
f 2959 10536 3031
f 11006 11005 11087
f 11088 11006 11087
f 11006 11088 11007
f 10924 2581 10925
f 2581 11006 10925
f 11006 2581 11005
f 11005 2581 2582
f 2581 10924 2582
f 11002 2507 11084
f 2507 11002 11083
f 12243 1330 12242
f 1330 12243 1329
f 12245 12244 1261
f 12243 12244 1329
f 1194 12454 12386
f 12593 1059 996
f 1124 12458 12526
f 1190 1191 12458
f 12653 937 1000
f 12719 937 12653
f 12654 937 12719
f 874 12719 12784
f 12720 874 12784
f 874 12654 12719
f 874 12720 12654
f 812 12785 12784
f 12785 12720 12784
f 12589 12523 1063
f 12523 12524 1127
f 999 12654 936
f 12589 999 936
f 999 12589 1063
f 1059 12592 996
f 12592 1059 12526
f 12592 12657 996
f 12657 12592 934
f 12524 12525 1126
f 12525 12457 1126
f 12457 12525 1125
f 12457 12456 1126
f 12457 1125 12458
f 1191 12457 12458
f 1193 1192 12388
f 12456 1192 12455
f 1192 1193 12455
f 12387 1193 12388
f 12387 12316 12386
f 1193 12387 12386
f 1328 12173 1329
f 1328 12174 12173
f 12244 1328 1329
f 1328 12244 12245
f 12389 1192 1191
f 12319 12389 1191
f 1607 11876 11875
f 12168 1400 1401
f 12239 12168 1401
f 12168 12239 1333
f 1400 12168 1399
f 1396 12101 12100
f 12173 1396 12172
f 1396 12173 1395
f 12101 1396 1395
f 12029 11955 1533
f 12029 1532 11955
f 1464 12029 1533
f 1532 12029 1464
f 1330 1331 12242
f 12171 1331 1330
f 1397 12171 12172
f 1396 1397 12172
f 1397 1396 12100
f 12099 1397 12100
f 1397 12099 1398
f 12171 1397 1398
f 1394 1463 1395
f 12174 1394 1395
f 1599 11884 11959
f 1674 11881 11805
f 11881 1674 11880
f 11804 1674 11805
f 1675 1674 11804
f 1674 1675 11880
f 1673 11882 1672
f 11806 1673 1672
f 1673 11881 11882
f 11881 1673 11805
f 1673 11806 11805
f 1745 11806 1744
f 11806 1745 11805
f 1745 1746 11805
f 1745 11728 1746
f 11644 1898 1824
f 1897 11644 1824
f 1897 1971 11644
f 2046 11564 11565
f 11247 2270 2269
f 1890 11652 1817
f 11573 2038 11493
f 11573 11574 2038
f 11338 2185 11419
f 11418 2185 11337
f 2185 11418 11419
f 2185 2262 11337
f 2262 2185 11338
f 11579 11580 2033
f 11580 11579 1959
f 1959 11579 1960
f 11579 11578 1960
f 11418 2109 11419
f 2109 11499 11419
f 2109 11418 11498
f 11796 1682 1681
f 11796 11797 1753
f 11797 11796 1681
f 1682 11796 11795
f 1754 11796 1753
f 11795 11796 1754
f 2123 11401 11481
f 11482 2123 11481
f 11403 11484 11404
f 1755 1829 11716
f 1829 1902 11638
f 1829 1903 11716
f 1903 1829 11638
f 11718 1828 1754
f 1828 1755 1754
f 4506 8786 8785
f 8786 4506 8828
f 4506 8871 8828
f 8871 4506 8870
f 8872 8871 4466
f 8872 4505 8828
f 8871 8872 8828
f 8915 8872 4466
f 8872 8915 4465
f 8748 4578 8747
f 4578 8709 8708
f 4578 8710 8709
f 4579 4578 8708
f 4578 4579 8747
f 4578 8748 4577
f 8710 4578 4577
f 8788 8829 4504
f 8872 8829 4505
f 4542 8789 4541
f 8788 8789 4542
f 8831 8789 4503
f 8789 8790 4541
f 8789 8831 8790
f 8913 4468 4427
f 4468 8869 8868
f 8871 4467 4466
f 4467 8871 8870
f 4467 4468 8913
f 4467 8870 8869
f 4468 4467 8869
f 8959 4341 8960
f 8961 4383 4340
f 4341 4383 8960
f 4340 4383 4341
f 4383 8961 4424
f 8917 8916 4423
f 8918 8917 4423
f 4463 8917 8918
f 4296 9054 9101
f 9054 4296 9007
f 4296 9055 9007
f 4460 8921 8922
f 4421 4420 8920
f 4420 8921 8920
f 4461 4462 8920
f 8921 4461 8920
f 4460 4461 8921
f 8876 8877 4501
f 8832 8876 4501
f 8876 4461 8877
f 4461 8876 4462
f 4460 8879 8878
f 8879 4460 8922
f 4339 8962 4382
f 4382 8962 4423
f 8962 4381 4423
f 8962 4338 4381
f 8962 4339 4338
f 8919 4422 4421
f 8919 4421 8920
f 4462 8919 8920
f 8919 4462 8918
f 4422 8919 8918
f 9017 4331 9016
f 8970 4331 8971
f 4331 8970 4374
f 8968 4375 4417
f 4418 8968 4417
f 4196 9208 4149
f 4288 9017 9016
f 9312 9366 9313
f 4101 4102 9309
f 4102 4101 9256
f 4101 9257 9256
f 9310 9363 4048
f 9306 9305 4052
f 9308 4102 4103
f 4102 9308 9309
f 8798 8840 4494
f 4533 4532 8758
f 4534 8756 8755
f 4533 8756 4534
f 8722 8684 4601
f 8684 8722 4600
f 4600 8722 8723
f 4532 8759 8758
f 8843 4492 8801
f 4492 8802 8801
f 8753 8752 4537
f 8796 8795 4497
f 8795 8837 4497
f 4860 8432 8433
f 8405 4860 8433
f 8306 8329 4949
f 8352 4930 4908
f 4930 8352 8328
f 4909 4931 8326
f 4931 4909 8327
f 5010 5009 8222
f 8367 8342 8366
f 4869 8393 8422
f 8345 4914 8370
f 4936 4914 8345
f 4600 8685 4634
f 8685 8723 4599
f 8685 4600 8723
f 4664 8651 8616
f 8650 4664 8616
f 8582 4696 8616
f 8583 8582 4695
f 8583 8549 8582
f 8582 4727 8548
f 8549 4727 8582
f 8536 4767 4709
f 4767 4848 4709
f 4795 4767 8505
f 4767 4795 4848
f 4766 4795 8505
f 8570 8569 4707
f 8570 8536 8569
f 4820 4847 8477
f 8478 4820 4792
f 8479 8449 4819
f 8392 4870 8393
f 4870 8392 4871
f 4539 8792 8751
f 8750 4576 8749
f 4576 8750 8751
f 8750 4539 8751
f 8750 8791 4539
f 8832 8791 8790
f 8791 8832 4501
f 4575 4576 8751
f 4575 8712 4576
f 8752 4575 8751
f 8672 4611 8673
f 4645 8672 8673
f 8672 4645 8671
f 4612 8672 8671
f 8672 4612 4611
f 8607 8642 8608
f 4667 8647 4634
f 8647 4667 8612
f 8647 4668 4635
f 4668 8647 8612
f 4791 8510 4762
f 8479 4791 4790
f 4791 8479 4819
f 8478 4791 4819
f 8510 4791 4792
f 4791 8478 4792
f 4732 4762 8542
f 4732 8543 4762
f 8543 8511 4762
f 4791 8511 4790
f 8511 4791 4762
f 8643 8609 8608
f 3408 3407 10015
f 10014 10015 3472
f 3408 10014 3409
f 10014 3408 10015
f 9949 10014 3472
f 3473 10014 9949
f 9830 9892 9831
f 9892 3589 9831
f 10147 3342 10148
f 3342 10147 10212
f 10148 10082 10081
f 10015 10016 3471
f 3407 10016 10015
f 3589 9893 9831
f 9893 9832 9831
f 9893 3588 9832
f 9832 3650 9831
f 9770 3650 9771
f 3650 9832 9771
f 3709 9711 9770
f 9580 3892 9579
f 9521 3892 9522
f 3892 3891 9522
f 3891 3892 9580
f 3892 9521 3893
f 9579 3892 3893
f 9635 3781 3838
f 4156 9200 9251
f 9356 9410 9411
f 4298 9053 9005
f 4298 9100 9053
f 4000 9413 9412
f 9413 4000 9468
f 4000 9467 9468
f 4001 9467 9412
f 9467 4000 9412
f 9467 9466 3946
f 9466 9467 4001
f 9466 3947 3946
f 9466 4001 9411
f 4002 9466 9411
f 3947 9466 9465
f 9466 4002 9465
f 3831 3830 9585
f 9524 9523 3890
f 9523 3891 3890
f 9523 3946 9522
f 3891 9523 9522
f 3889 9524 3890
f 9121 4232 9122
f 4278 9121 9122
f 4281 9072 9025
f 9024 4281 9025
f 4285 9114 9115
f 4284 4285 9115
f 4285 9068 9067
f 4285 4284 9068
f 9884 9947 3536
f 9884 3597 9947
f 9885 9884 3536
f 9884 9885 3596
f 10016 3533 3471
f 9760 9700 9759
f 3834 3835 3778
f 3835 9639 3778
f 9639 3835 3779
f 3835 3836 3779
f 3835 9580 9579
f 3836 3835 9579
f 9312 4047 9366
f 3988 9424 9479
f 3880 3881 9592
f 3881 3880 9535
f 3533 9888 3594
f 3593 9888 9952
f 9888 3533 9952
f 9574 3840 9575
f 3840 3783 3839
f 9575 3840 3839
f 3840 9574 3841
f 9749 3669 9810
f 3669 9749 9748
f 3669 9809 9810
f 9809 3669 9748
f 9689 3729 9748
f 9749 9689 9748
f 3787 9689 9630
f 9689 3728 9630
f 3728 9689 9749
f 9749 3668 9750
f 3668 9811 9750
f 3668 9749 9810
f 9811 3668 9810
f 3726 3784 9692
f 3667 9751 9750
f 3726 9751 9752
f 9691 9751 9692
f 9751 3726 9692
f 3666 9751 3667
f 9751 3666 9752
f 9694 9634 3783
f 9634 9694 3782
f 3783 9634 3839
f 9634 3782 3839
f 3724 9635 3782
f 9694 3724 3782
f 3666 3665 9752
f 3893 9520 3894
f 3949 9520 3948
f 9520 9521 3948
f 9521 9520 3893
f 9409 9464 4003
f 9463 9408 4005
f 9408 9409 9354
f 9353 9408 9354
f 9200 4157 9251
f 9100 4251 9101
f 4107 4108 9303
f 4108 9302 9303
f 4108 4107 9251
f 3951 9517 9518
f 3950 3951 9518
f 3951 3950 9461
f 3896 3895 9518
f 9517 3896 9518
f 3896 9575 9576
f 3895 3896 9576
f 3896 9517 3897
f 9574 3896 3897
f 3896 9574 9575
f 3836 9638 3779
f 9698 9639 3779
f 9698 3720 9639
f 9638 9698 3779
f 9698 9638 3721
f 3720 9698 9757
f 9698 3721 9757
f 3722 9756 9697
f 9696 3722 3780
f 3663 9817 9756
f 9754 9755 3723
f 9755 9696 3723
f 9755 3722 9696
f 9755 3663 9756
f 3722 9755 9756
f 3416 10007 10006
f 3416 3417 10072
f 3417 3416 10006
f 10340 3218 10339
f 10000 3421 10001
f 3421 10067 10001
f 3543 9875 9938
f 3543 3482 9939
f 3482 3543 9938
f 3666 9812 9813
f 9812 3666 3667
f 9812 3667 9811
f 9398 4013 9399
f 4013 9398 9453
f 4013 9454 9399
f 9454 4013 9453
f 9451 9452 4014
f 9509 3903 9510
f 3903 9509 3904
f 9511 3902 3901
f 3957 9511 3956
f 9511 9512 3956
f 9512 9511 3901
f 3902 9511 9510
f 9511 3957 9510
f 9623 3793 9683
f 9625 3847 3848
f 9625 3733 9685
f 9568 3847 3846
f 9568 3902 3903
f 9569 9568 3846
f 3902 9568 9569
f 3847 9566 3848
f 9566 9565 3848
f 3910 3909 9502
f 9560 3909 3910
f 9678 9737 9738
f 9737 9678 3739
f 9618 9678 3797
f 9678 9618 3739
f 9619 3853 3797
f 3964 9447 4018
f 9447 9448 4018
f 4018 9393 9340
f 9448 9393 4018
f 3485 9935 3547
f 9935 3485 3546
f 3670 9748 9747
f 3670 9809 9748
f 9809 3670 3609
f 9809 3608 9810
f 9871 3608 9809
f 3608 9935 3546
f 3608 9871 3547
f 9935 3608 3547
f 9806 9807 3672
f 9807 9806 9868
f 9745 9806 3672
f 9806 9745 3673
f 3786 9631 9572
f 9631 3842 9572
f 9571 3843 9572
f 3899 9571 9572
f 9571 3899 3900
f 9571 3900 9570
f 3844 9571 9570
f 9571 3844 3843
f 3955 9512 9513
f 3955 9456 9512
f 9456 3955 9457
f 3954 3955 9513
f 3955 3954 9457
f 3953 9458 3954
f 3954 9458 9457
f 9458 4009 9457
f 4009 9458 9403
f 9458 3953 9459
f 9627 9687 9628
f 9627 3845 3846
f 9687 9627 3731
f 9627 9628 3788
f 3845 9627 3788
f 9686 9745 3731
f 9629 9688 3729
f 9629 9689 3787
f 9689 9629 3729
f 9688 9629 3788
f 9629 3844 3788
f 3844 9629 3787
f 9687 3730 9628
f 3730 9688 9628
f 3730 9687 9747
f 9688 3730 9747
f 2667 10914 10915
f 2666 2667 10915
f 2590 2591 10995
f 10914 2591 2590
f 2591 10914 10913
f 10989 2595 10909
f 2595 10910 10909
f 11160 2513 11159
f 2434 11160 11159
f 11158 2435 11159
f 2435 11157 2436
f 11158 11157 2435
f 2352 2353 11243
f 2352 2351 11162
f 11242 2353 2354
f 11242 2275 2274
f 2353 11242 11243
f 11242 2274 11243
f 2434 2355 2354
f 2355 2434 2435
f 2355 2435 2356
f 2274 11323 2197
f 2275 11323 2274
f 2197 11323 11404
f 11323 11403 11404
f 11401 11321 2200
f 11321 11401 2123
f 2047 2046 11484
f 2046 2047 11564
f 1898 1972 11643
f 1972 1898 11644
f 11564 1972 11565
f 1972 1971 11565
f 1971 1972 11644
f 2431 2351 11163
f 2351 2431 11162
f 2351 11244 11245
f 11244 2272 11245
f 2352 11244 2351
f 11244 2352 11243
f 2505 2506 11168
f 2506 2505 11085
f 2506 11085 11084
f 2507 2506 11084
f 11167 2506 2507
f 11250 11249 2268
f 11249 2269 2268
f 2518 11155 11072
f 2518 2438 11155
f 2518 11071 11154
f 2438 2518 11154
f 452 13221 453
f 13221 13220 453
f 451 13221 452
f 13221 451 13222
f 507 13221 13222
f 563 13164 13165
f 620 12985 13045
f 12985 621 13045
f 13045 621 13044
f 621 12984 13044
f 13050 13051 614
f 13049 13050 615
f 13168 13169 13109
f 12986 620 619
f 13047 560 13048
f 450 451 13279
f 451 450 13222
f 391 338 13336
f 390 391 13336
f 13224 13225 503
f 672 673 614
f 559 13049 13048
f 13049 559 13108
f 560 559 13048
f 559 13167 13108
f 559 560 13167
f 616 615 12989
f 616 13049 615
f 13049 616 13048
f 12988 616 12989
f 675 12988 12989
f 676 675 12928
f 12988 675 676
f 13337 336 13389
f 336 13337 13388
f 13337 337 13388
f 337 13337 13336
f 13337 390 13336
f 13381 297 13429
f 13381 344 13330
f 13329 13381 13330
f 511 13218 510
f 13430 296 13429
f 296 13430 13382
f 296 13382 344
f 296 13381 13429
f 13381 296 344
f 244 245 13478
f 245 13477 13478
f 245 244 13433
f 292 245 13433
f 13331 13383 13332
f 395 13333 13279
f 13331 397 13330
f 397 13276 13330
f 13276 397 13277
f 13278 396 13332
f 396 13331 13332
f 396 13278 13277
f 397 396 13277
f 396 397 13331
f 13739 13748 21
f 13739 22 13748
f 13749 13739 21
f 13740 13739 13749
f 32 13739 31
f 13739 13740 31
f 243 244 13478
f 13479 243 13478
f 13434 243 290
f 13387 289 337
f 13387 337 13336
f 338 13387 13336
f 13387 338 290
f 289 13387 290
f 13481 13521 13522
f 13521 200 13522
f 13521 201 200
f 201 13521 13520
f 13518 247 13475
f 13476 247 13518
f 247 13476 13431
f 247 13431 295
f 247 248 13475
f 248 247 295
f 163 13563 13562
f 13566 159 13567
f 139 138 13589
f 13560 165 13561
f 166 165 13560
f 89 13667 13642
f 13667 112 13642
f 13598 130 129
f 43 13728 13729
f 85 13692 84
f 13692 85 13691
f 13647 13671 84
f 13671 85 84
f 85 13671 13670
f 12520 1065 1001
f 1064 12520 1001
f 1065 12520 12519
f 12520 1130 12519
f 1130 12520 1129
f 1063 12521 1000
f 12521 1064 1000
f 12521 1128 1129
f 12520 12521 1129
f 12521 12520 1064
f 1332 12169 1333
f 12169 12168 1333
f 12168 12169 1399
f 12239 12240 1333
f 12240 1332 1333
f 12240 12239 12310
f 12099 12098 1398
f 1399 12098 12097
f 12098 1399 1398
f 1534 11954 11953
f 12098 1467 12097
f 12025 1468 12097
f 1902 11639 11638
f 11639 1976 11638
f 11948 11947 1539
f 11947 11948 1609
f 12022 11948 1539
f 11948 12022 1538
f 11949 11948 1538
f 1469 12095 1401
f 1401 12095 1539
f 12095 12022 1539
f 12022 12095 1538
f 1538 12095 12023
f 12095 1469 12023
f 11874 11873 1609
f 11873 11874 1680
f 48 13709 49
f 13690 67 66
f 13690 66 13691
f 13689 13690 87
f 67 13690 13689
f 86 13690 13691
f 13690 86 87
f 33 13739 32
f 13727 33 32
f 12420 1158 12350
f 12488 1158 12420
f 1095 12555 1094
f 1083 12499 12567
f 12499 1083 12500
f 1084 12499 12498
f 12499 1084 12567
f 1084 1019 12567
f 1150 12497 12498
f 1150 12429 12497
f 1150 12430 12429
f 12429 1151 12497
f 963 1027 12623
f 12691 898 12625
f 12693 12692 12758
f 12626 12692 12627
f 716 12883 12882
f 716 12944 12945
f 775 774 12821
f 774 775 12883
f 660 13002 659
f 12681 909 972
f 908 12683 12617
f 1035 971 12617
f 909 971 972
f 971 909 12682
f 971 908 12617
f 908 971 12682
f 12616 1036 972
f 12616 1035 1036
f 971 12616 972
f 12616 971 1035
f 1034 1035 12617
f 1035 12550 1036
f 658 12943 659
f 12944 12943 658
f 12943 719 659
f 719 12943 718
f 967 968 904
f 1032 968 1031
f 968 1032 12619
f 12554 1096 1031
f 1162 1096 12486
f 1096 1095 12486
f 1096 12554 1095
f 12346 1163 12417
f 1163 12346 12416
f 1163 1162 12417
f 782 12813 12876
f 12813 783 12876
f 845 12813 844
f 12877 782 12876
f 782 12877 781
f 12877 12878 781
f 12877 722 12878
f 12684 12750 906
f 12878 780 781
f 12879 780 12878
f 780 12879 779
f 12816 780 779
f 13239 13240 487
f 373 13352 13353
f 434 433 13238
f 433 434 13295
f 13604 13603 124
f 13603 125 124
f 152 13604 151
f 152 13603 13604
f 13630 99 124
f 125 13630 124
f 100 13629 13654
f 154 13572 13571
f 187 13570 13571
f 188 13570 187
f 13569 13570 188
f 13570 13569 156
f 101 13678 13654
f 13678 101 13677
f 128 13600 13599
f 128 13599 129
f 13406 13354 318
f 12693 12759 12694
f 478 13248 13249
f 13307 419 364
f 491 492 13235
f 13060 604 13059
f 13060 13000 604
f 13354 372 13353
f 372 373 13353
f 370 13301 13355
f 13300 372 13354
f 13184 484 13125
f 13062 601 13002
f 10638 10637 2863
f 2862 10791 10715
f 10643 2858 10718
f 2858 10643 2931
f 10794 2858 10717
f 10794 2709 2783
f 10794 2783 10718
f 2858 10794 10718
f 11032 11033 2554
f 11033 2553 2554
f 11034 11033 11115
f 11033 11034 2553
f 11197 2478 2398
f 2478 11196 2398
f 2401 11194 2481
f 2558 10950 10949
f 10950 2558 2557
f 3221 10337 3220
f 10413 3080 3079
f 3283 10271 10272
f 10271 3216 10272
f 10342 10341 3147
f 10341 10342 3216
f 3215 10342 10343
f 10342 3215 3216
f 10491 3004 10492
f 3004 10566 10492
f 10565 3004 10491
f 3004 10565 10566
f 10007 10008 3478
f 10008 3540 3478
f 3540 10008 3477
f 3477 10008 10009
f 10008 3414 10009
f 3145 3146 10418
f 10417 3146 3147
f 3146 10417 3075
f 10418 3146 3075
f 3146 10342 3147
f 10342 3146 10343
f 3145 10419 10420
f 10419 3145 10418
f 10275 10274 3213
f 10274 10275 3280
f 10146 10147 10081
f 9948 9885 3536
f 3129 10435 10436
f 10218 3270 10219
f 3270 3271 10284
f 3271 3270 10218
f 10285 3270 10284
f 10221 3334 10220
f 10508 3058 10434
f 3058 3129 10434
f 3129 3058 10435
f 10583 2987 10582
f 10508 2987 10583
f 10660 10735 2840
f 10661 10660 2840
f 10660 10659 10735
f 10660 2913 10659
f 10660 10661 2912
f 2913 10660 2912
f 10585 2913 2912
f 10585 2912 10586
f 2984 10585 10586
f 10510 10511 3056
f 10511 10438 3056
f 10511 10585 2984
f 2902 2830 10671
f 10519 3047 10445
f 10519 2975 3047
f 10519 2976 10594
f 2975 10519 10594
f 10373 3184 3185
f 10447 3045 3116
f 3045 10521 10448
f 10447 10521 3045
f 2974 10521 3046
f 10521 10447 3046
f 10522 3044 2973
f 3044 10521 2973
f 10521 3044 10448
f 3044 3043 10449
f 3043 3044 10522
f 3120 3189 10369
f 3120 10444 10445
f 3321 10232 3320
f 10232 3321 3255
f 3047 3118 10445
f 2906 10668 2905
f 10668 10669 2905
f 10669 10668 2832
f 10518 10444 3049
f 10592 2906 2905
f 2977 10592 2905
f 2837 10738 10815
f 10739 2837 10815
f 2911 10587 10586
f 2838 10737 10814
f 10738 2838 10814
f 3193 10295 3194
f 3123 3052 10442
f 2980 3052 10515
f 10589 10665 2908
f 10665 10666 2908
f 2907 10666 10667
f 3125 10365 3126
f 10366 3193 3194
f 10365 10366 3194
f 10366 10365 3125
f 2636 2635 10869
f 2635 2636 10948
f 2634 2635 10949
f 10950 2634 10949
f 10870 2634 2710
f 2635 2711 10869
f 2711 2712 10869
f 2711 2634 10870
f 2634 2711 2635
f 11192 2404 2403
f 11111 2482 2481
f 11186 2409 11187
f 2409 11186 2330
f 2023 2024 11590
f 1948 2023 11590
f 1949 1948 11590
f 1948 1949 11669
f 1950 1875 1949
f 1950 1949 11590
f 2024 1950 11590
f 11511 2097 11430
f 11511 2023 2022
f 2097 11511 2022
f 1868 1942 11674
f 1942 1941 11596
f 2251 2174 11350
f 2252 2251 11268
f 11104 2489 11187
f 2567 10941 10940
f 10941 2567 2566
f 2568 11020 10940
f 11020 2567 10940
f 2567 11020 11021
f 11021 11022 2566
f 11103 11022 11021
f 11022 11103 2489
f 11104 11022 2489
f 11022 11104 11023
f 3539 9881 3600
f 9881 9819 3600
f 9944 3540 3477
f 3539 9944 3477
f 3540 9944 3600
f 9944 3539 3600
f 3413 10010 10009
f 3414 3413 10009
f 3413 3414 10075
f 3412 3411 10011
f 10010 3412 10011
f 3413 3412 10010
f 3599 9881 3539
f 9881 3599 9819
f 9945 3477 3476
f 9945 3539 3477
f 9945 3599 3539
f 3475 3476 10011
f 3475 9946 3476
f 10012 3475 10011
f 3409 3410 10079
f 3603 9816 9815
f 9755 9816 3663
f 9877 3603 9815
f 3479 9941 10006
f 9941 3479 9942
f 9877 9941 3603
f 9943 3541 3478
f 3541 3479 3478
f 3479 3541 9942
f 12976 12977 687
f 514 13213 13214
f 514 515 13213
f 13035 630 13034
f 630 12975 12974
f 12975 689 12974
f 689 12975 688
f 12975 12976 688
f 12976 12975 629
f 12975 13035 629
f 13035 12975 630
f 690 12973 12974
f 689 690 12974
f 690 689 12914
f 690 691 12973
f 690 12912 691
f 1107 1106 12476
f 12338 1172 12409
f 1045 1110 12541
f 796 795 12802
f 795 796 12865
f 796 12802 797
f 12864 796 797
f 795 12866 794
f 12866 795 12865
f 12866 12867 794
f 12866 734 12867
f 981 12609 1044
f 918 981 12608
f 12674 981 918
f 979 916 12610
f 917 12674 855
f 12740 917 855
f 984 1047 12539
f 1112 1047 12540
f 1047 1112 12539
f 1047 1046 12540
f 919 12607 920
f 919 982 12607
f 919 918 12608
f 982 919 12608
f 13485 13440 237
f 438 439 13290
f 13291 438 13290
f 610 12994 669
f 608 13056 12996
f 666 608 12996
f 608 666 12995
f 13056 608 13055
f 608 12995 609
f 13055 608 609
f 492 493 13234
f 493 492 13176
f 492 13177 13176
f 491 13177 492
f 12996 607 665
f 607 12997 665
f 13056 607 12996
f 605 13058 13059
f 605 12998 13058
f 604 605 13059
f 12998 606 13058
f 606 12998 12997
f 12938 664 663
f 664 12998 663
f 12997 664 665
f 12998 664 12997
f 790 789 12808
f 789 790 12870
f 789 12871 788
f 12871 12870 729
f 12871 789 12870
f 788 12872 787
f 787 12872 786
f 12871 12872 788
f 12994 668 669
f 668 12934 669
f 668 12995 667
f 668 12994 12995
f 785 12811 786
f 12811 12810 786
f 12811 847 12746
f 12810 12811 12746
f 12931 731 732
f 12868 732 12869
f 732 12868 733
f 12868 12867 733
f 12867 12868 793
f 12742 12806 852
f 12742 853 12806
f 12677 12742 852
f 915 12742 12677
f 12742 915 12676
f 853 12742 12676
f 12420 12349 1159
f 12349 12419 1159
f 1225 12351 12280
f 12351 1225 12350
f 1291 1292 12280
f 1292 1291 12210
f 12281 1291 12280
f 1291 12281 1290
f 12345 1164 12416
f 1229 12347 12276
f 1229 12346 12417
f 12347 1229 12417
f 1231 12345 12416
f 12346 1231 12416
f 1298 1231 12275
f 12418 1161 1160
f 12418 1162 1161
f 12418 12347 1162
f 12418 12419 12348
f 12419 12418 1160
f 12347 12277 12276
f 12274 1299 1232
f 1299 12274 1298
f 12274 1231 1298
f 12345 12274 1232
f 1231 12274 12345
f 1435 12131 12059
f 1368 1436 12129
f 1436 1437 12129
f 1366 12131 1435
f 1366 12203 1365
f 12131 1366 1365
f 1433 1501 12060
f 1501 1433 12133
f 1507 11981 12055
f 11981 1507 11982
f 11982 1507 12056
f 1507 1438 12056
f 12197 12198 1372
f 12677 977 12611
f 12614 975 912
f 975 12679 912
f 1105 1040 12546
f 12679 850 849
f 850 12679 12744
f 849 850 12809
f 850 12808 12809
f 850 12744 12808
f 12807 12743 852
f 851 12743 12807
f 12743 12677 852
f 12678 12743 851
f 12678 851 12744
f 12269 1303 1304
f 1303 12199 1304
f 12199 12200 1370
f 12199 1303 12200
f 1233 1166 12414
f 1037 12615 973
f 974 12615 1037
f 12615 910 973
f 1104 1105 12546
f 1104 12546 1039
f 12547 1104 1039
f 12480 1102 12481
f 1102 12480 12548
f 1037 1102 12548
f 12549 1102 1037
f 1103 12480 12479
f 1104 1103 12479
f 1103 1104 12547
f 12480 1103 12548
f 12480 1168 12479
f 1515 11975 1586
f 11975 1514 1584
f 11672 1946 11671
f 1946 1947 11671
f 1946 11592 1947
f 1871 1870 11673
f 1871 11672 1798
f 11750 1871 1798
f 1658 1657 11823
f 1657 1656 11824
f 1654 11902 1653
f 11902 11977 1582
f 11977 11902 1583
f 1873 1872 11671
f 1799 1872 1873
f 1872 11672 11671
f 11672 1872 1798
f 1872 1799 1798
f 1875 1801 11669
f 1801 1875 11747
f 1800 1799 1873
f 11825 1727 11824
f 11825 1654 1726
f 1727 11825 1726
f 11828 1724 11827
f 1724 1725 11827
f 1725 1724 11750
f 11827 11826 1653
f 1725 11826 11827
f 11826 1654 1653
f 1654 11826 1726
f 11826 1725 1726
f 1725 11749 1726
f 11749 1800 1726
f 1800 11749 1799
f 1799 11749 1798
f 11749 1725 1798
f 1581 1511 11979
f 11978 1511 1581
f 1511 12124 1442
f 1580 1581 11979
f 1580 11904 1581
f 11904 11903 1581
f 11903 11902 1582
f 11902 11903 1653
f 11978 11903 1582
f 11903 11978 1581
f 1652 11827 1653
f 11903 1652 1653
f 1652 11903 11904
f 1652 11828 11827
f 11828 1652 1651
f 1652 11904 1651
f 1509 12054 11980
f 10973 2612 10972
f 2535 10973 10972
f 2539 11048 11049
f 10968 2539 10969
f 10967 2539 10968
f 2539 2538 10969
f 2538 2539 11049
f 2539 10967 2540
f 11048 2539 2540
f 2303 11212 2383
f 11212 2303 2382
f 2463 11212 11129
f 11212 2463 2383
f 11212 2462 11129
f 11212 2382 2462
f 2302 11294 11295
f 2303 11294 2302
f 11294 2223 11295
f 2223 11294 2224
f 11294 11293 2224
f 11294 2303 11293
f 10977 2532 11057
f 2532 10977 10976
f 2607 10899 2683
f 10900 2682 2605
f 2681 10900 2605
f 2682 10900 2756
f 10900 2681 2756
f 2604 2681 2605
f 2680 2604 2603
f 2529 11059 11060
f 11058 11059 2530
f 11623 11622 1915
f 2376 2296 11220
f 2376 11220 2456
f 11219 2376 2456
f 2376 11219 2297
f 2296 2376 2297
f 11860 11861 1691
f 11861 1690 1691
f 1840 11781 1766
f 1693 11782 1766
f 11782 1693 1692
f 11939 1617 1618
f 1617 11863 1618
f 11940 1617 11939
f 1616 1617 11940
f 11863 1617 11864
f 1617 1616 11864
f 1545 12015 11940
f 11938 11939 1618
f 12014 1545 11939
f 1991 11541 11540
f 1990 1991 11622
f 11623 1990 11622
f 1992 11620 11621
f 1991 1992 11621
f 1992 1991 11540
f 1992 11540 2067
f 1341 12228 12229
f 11620 1917 11621
f 11622 1916 1915
f 1916 11622 11621
f 1917 1916 11621
f 11459 2143 11378
f 2143 11459 2067
f 11373 2148 2225
f 11375 2223 2224
f 11375 11376 2223
f 2145 11377 2222
f 11377 2221 2222
f 2460 11133 11051
f 2459 11133 2460
f 11133 11052 11051
f 11133 2459 11052
f 11053 11135 11054
f 11053 10973 2535
f 11053 11052 11134
f 11053 2535 11052
f 2458 11053 11134
f 11135 11053 2458
f 2461 11214 11132
f 11131 2461 11132
f 2461 2381 11214
f 2381 2461 11213
f 2461 11130 11213
f 2461 11131 11130
f 2459 11216 11217
f 11215 11216 2459
f 11300 11301 2297
f 2298 11300 2297
f 11300 11299 2218
f 11299 11300 2298
f 11381 11382 2218
f 11382 11381 2141
f 11382 2141 11462
f 11540 11460 2067
f 11460 2142 11379
f 11460 2143 2067
f 2143 11460 11379
f 14872 6890 6891
f 6890 14872 6863
f 6837 6838 14918
f 14915 6841 14940
f 6841 14915 6840
f 14944 14970 6807
f 6808 14944 6807
f 6808 14943 14969
f 14943 6779 14969
f 14920 6835 6807
f 6835 14919 6807
f 14919 6835 6836
f 14946 14921 14920
f 14944 6778 14970
f 6748 6778 14969
f 14995 6778 6748
f 6778 6808 14969
f 6778 14944 6808
f 6715 6747 6716
f 6747 14995 6716
f 6747 6777 14970
f 6778 6747 14970
f 6747 6778 14995
f 11059 11141 11060
f 2132 11392 11391
f 11392 2132 11473
f 2522 10986 10985
f 15166 6541 6542
f 6541 15166 6503
f 2285 6618 2365
f 6582 6618 2285
f 6652 15103 6651
f 6686 15047 6685
f 15046 15047 6686
f 15075 15047 6651
f 6580 15134 6579
f 15134 6580 6542
f 6544 15132 6545
f 6543 6544 15164
f 15132 6544 6581
f 14994 6748 6779
f 6749 14994 6779
f 14993 6750 6751
f 6719 14993 6751
f 14993 6749 6750
f 15019 6719 6720
f 15019 6686 6685
f 14943 14968 6779
f 14968 14943 6810
f 14968 6749 6779
f 14968 6780 6749
f 14942 14968 6810
f 14968 14942 6780
f 14941 14967 6811
f 14967 14942 6811
f 14942 14967 6780
f 14966 14967 14941
f 6780 14967 6750
f 2602 10902 2603
f 2679 10902 2602
f 10902 2680 2603
f 10902 2754 2680
f 2971 2899 10598
f 2971 3043 10522
f 14966 2749 6782
f 2749 2674 6782
f 2749 14940 2823
f 2749 14966 14940
f 2825 10749 10826
f 2824 10750 10827
f 10750 2824 10675
f 2825 10750 10675
f 2679 10903 2753
f 10903 10825 2753
f 10825 10903 2678
f 10903 2679 2602
f 3380 3381 10107
f 3444 3380 10041
f 3380 3444 3381
f 3317 10234 10235
f 10170 3317 10235
f 10106 10171 10107
f 3381 10106 10107
f 10106 3381 3382
f 3041 10451 3112
f 14766 14765 6996
f 14787 6972 6971
f 14806 6972 14805
f 6972 14806 6971
f 6946 14806 6947
f 14806 14807 6971
f 14806 6946 14807
f 10236 10235 3250
f 14765 6997 6996
f 6997 14785 6996
f 6972 6973 14805
f 14748 6994 14768
f 6994 14748 14767
f 14787 6994 14767
f 10746 10823 2829
f 10823 10746 2830
f 10746 2829 10671
f 2830 10746 10671
f 2754 2755 2680
f 10823 2755 2754
f 2681 2755 2756
f 2755 10823 2756
f 10672 2828 10748
f 10747 2828 10672
f 8189 8190 5055
f 8205 8190 8189
f 5042 8205 8204
f 5012 8238 5027
f 4996 4995 8237
f 4995 5012 8237
f 5012 4995 8238
f 8012 8025 13847
f 13826 8026 13846
f 13826 13846 8048
f 8038 13826 8048
f 13825 13826 8038
f 13844 8016 8015
f 13793 8069 8068
f 8069 13799 8068
f 13792 8069 8075
f 8069 13793 8075
f 8069 13798 13799
f 13798 8070 13797
f 8063 13798 13797
f 8070 13798 13792
f 13798 8069 13792
f 8052 8053 13813
f 13806 8053 8052
f 13812 8053 8054
f 8053 13812 8044
f 13813 8053 8044
f 13807 8059 8060
f 13806 13807 8060
f 13807 13806 8052
f 8051 13815 13808
f 8059 8051 13808
f 13807 8051 8059
f 8042 8051 13814
f 8051 8042 13815
f 8051 8052 13814
f 8051 13807 8052
f 13857 8002 8001
f 13857 8014 8002
f 8026 13845 13846
f 13845 8014 13846
f 8014 13845 8015
f 13845 13844 8015
f 13863 7979 7978
f 7979 13876 7978
f 13908 7956 13894
f 13909 7938 7955
f 13909 7955 13895
f 7939 13909 13895
f 13910 7954 13896
f 7938 13910 13896
f 13897 13910 7937
f 7954 13910 13897
f 13924 7939 7922
f 13924 13909 7939
f 13909 13924 7938
f 13910 13925 7937
f 13925 13910 7938
f 7971 13869 7972
f 13869 7987 7972
f 7987 13869 8001
f 4775 8496 4776
f 8496 4775 4803
f 8314 8292 4963
f 8292 8314 4962
f 8292 4981 4963
f 8292 4962 4980
f 8382 8409 4880
f 8436 8437 4856
f 8437 8409 4856
f 8435 4857 8407
f 4857 8435 8436
f 4855 8410 4880
f 8409 4855 4880
f 8437 4855 8409
f 4949 4928 8307
f 8329 4928 4949
f 4987 8286 8265
f 8167 8181 5063
f 5063 8181 8197
f 8282 4971 8261
f 4990 8282 8261
f 8282 8260 4972
f 8282 4990 8260
f 5074 5075 8169
f 5074 8156 5075
f 5074 8157 8156
f 8157 5074 5073
f 5083 8158 5082
f 5072 8158 5073
f 8157 8158 5083
f 8158 8157 5073
f 8158 8159 5082
f 8159 8158 5072
f 8172 8171 5059
f 8172 5072 8171
f 5075 5076 8168
f 5076 8167 8168
f 5076 5075 8155
f 5086 5076 8155
f 8154 5076 5086
f 5076 8154 5077
f 8167 5076 5077
f 8232 8231 5001
f 5000 8232 5001
f 8231 8232 5017
f 8232 5000 8233
f 8250 8251 5001
f 8251 5000 5001
f 8253 4998 4999
f 8272 8253 4980
f 4998 8253 8254
f 8253 8272 8254
f 5073 8170 8171
f 5074 8170 5073
f 8170 5074 8169
f 8185 8201 5059
f 8201 8185 8200
f 8171 8185 5059
f 8202 8201 5045
f 8187 8202 8203
f 8202 5045 8217
f 5032 5033 5017
f 5016 5032 5017
f 5047 8215 8200
f 8249 8250 5001
f 5002 8249 5001
f 8248 8249 5002
f 5054 8192 8153
f 8192 5066 8153
f 8130 8139 5098
f 8139 8130 5099
f 5099 8130 5106
f 8130 8123 5106
f 8151 5089 8141
f 8151 8152 5089
f 4997 4996 8236
f 4997 4998 8254
f 8275 8296 4977
f 8257 8275 4977
f 8273 4960 8274
f 4960 8273 8294
f 5057 8187 8203
f 5068 5067 8164
f 8176 5068 8175
f 5068 5069 8175
f 5068 8163 5069
f 5078 5068 8164
f 5068 5078 8163
f 8151 5078 8152
f 5078 8151 8163
f 8941 4402 4401
f 4403 8938 4404
f 8939 8938 4403
f 8941 4442 4443
f 8897 4442 8898
f 4442 8897 4443
f 8772 8733 4557
f 8733 8732 4557
f 8732 8733 4591
f 8896 8853 4484
f 8899 8855 8898
f 4442 8899 8898
f 8899 4442 4441
f 4362 4403 4404
f 4446 8894 8893
f 8846 4489 8804
f 4490 8846 8804
f 8890 8847 4489
f 8846 8890 4489
f 8891 8890 4449
f 8890 8891 8847
f 4664 4631 8651
f 4631 8650 4632
f 4631 4664 8650
f 8690 8691 4628
f 8728 4595 4596
f 4595 8689 4596
f 8689 4595 8690
f 4595 8728 8729
f 4595 8691 8690
f 4560 8768 4559
f 8730 4560 4559
f 4560 8730 8729
f 4524 8767 8766
f 8768 8767 4524
f 4560 8767 8768
f 8653 4661 8619
f 4661 8690 8654
f 8585 8586 4724
f 8586 8552 4724
f 8552 8586 4723
f 4661 4693 8619
f 4693 8585 8619
f 8768 8769 4559
f 8769 8768 4523
f 8810 8769 4523
f 8769 8810 4522
f 4593 8730 8731
f 4623 4656 8696
f 4621 8662 4654
f 8624 8623 4657
f 4656 8659 8696
f 8659 8624 4657
f 8732 4592 8731
f 4592 4593 8731
f 8600 4711 8566
f 4711 4741 8566
f 4711 8534 4741
f 4679 8634 8635
f 4679 8600 8634
f 4614 8669 8706
f 4580 4614 8706
f 4581 4580 8706
f 7894 13963 7874
f 13963 7894 7895
f 7934 7951 4958
f 8318 4939 4918
f 13913 4938 4917
f 13913 7934 4958
f 4938 13913 4958
f 4938 8341 4917
f 8341 8318 4918
f 8318 8341 4938
f 4877 8412 4852
f 8412 4877 8385
f 4878 8412 8385
f 8412 4878 4853
f 8499 4772 4800
f 4772 8531 8532
f 4771 4772 8532
f 4772 4773 8531
f 4773 4772 8499
f 4851 8442 8443
f 8441 8470 4826
f 8441 8442 4852
f 8442 8441 4826
f 8412 8441 4852
f 8441 4853 8440
f 8441 8412 4853
f 8315 8338 4941
f 8315 4962 4942
f 8315 8293 4962
f 8293 8315 4941
f 8535 4710 4739
f 4769 4797 8502
f 8503 4797 4769
f 4772 8500 4800
f 8500 4772 4771
f 8500 8470 4800
f 4770 4771 8533
f 4771 4770 8501
f 4770 4798 8501
f 4770 8533 4741
f 4798 4770 8502
f 8534 4770 4741
f 4770 4769 8502
f 4770 8534 4769
f 8472 8471 8501
f 8471 8442 4826
f 8470 8471 4826
f 8500 8471 8470
f 8555 8588 8589
f 4751 8555 4721
f 4751 4780 8522
f 4779 4750 8524
f 8460 8490 8461
f 8429 8428 4838
f 4747 4718 8559
f 4747 8527 4776
f 8527 4747 8559
f 8662 8628 4654
f 4749 8557 8525
f 8625 4687 8591
f 8595 8561 4716
f 8561 8595 4715
f 8529 8561 4715
f 4684 8595 8629
f 8595 4684 8596
f 4745 4775 8528
f 4745 8561 8529
f 4745 8529 4774
f 4775 4745 4774
f 4745 8528 4716
f 8561 4745 4716
f 8410 8438 4854
f 4855 8438 8410
f 8467 8438 4830
f 8438 8437 4830
f 8438 4855 8437
f 11993 12067 1564
f 11993 1564 11918
f 1564 11919 11918
f 11992 1495 12066
f 11917 1637 11916
f 1566 11917 11916
f 11992 11917 1566
f 1636 11917 11918
f 11917 1636 1637
f 12208 12207 1294
f 1293 12208 1294
f 12208 1293 12209
f 1359 12208 12209
f 1495 1426 12066
f 1426 12139 1425
f 1428 1427 1496
f 1427 1426 1495
f 1426 1427 12138
f 12138 1427 1359
f 1358 12210 1357
f 1358 1426 12138
f 12210 1358 12209
f 12139 1358 1357
f 1426 1358 12139
f 1358 1359 12209
f 1358 12138 1359
f 1795 1722 1721
f 1869 1795 11674
f 1795 1868 11674
f 1794 1793 1867
f 1720 1794 1721
f 1794 1720 1793
f 2014 2015 11598
f 2013 2014 11598
f 1941 11675 1867
f 11675 1794 1867
f 1794 11675 1868
f 11675 1942 1868
f 1942 11675 1941
f 11981 1579 1508
f 1579 11981 1578
f 11906 1579 1578
f 1579 12054 1508
f 12054 1579 11980
f 1722 11829 1721
f 1650 11829 1651
f 11829 11828 1651
f 11828 11829 1722
f 2015 2090 11517
f 1576 11982 11983
f 11832 1718 1719
f 1577 11906 1578
f 1577 11907 11906
f 11982 1577 1578
f 1576 1577 11982
f 1577 1576 11907
f 1506 1437 12057
f 1506 12057 11983
f 1438 1506 12056
f 1437 1506 1438
f 1506 11982 12056
f 11982 1506 11983
f 12128 1437 1438
f 1437 12128 1369
f 1369 12128 1370
f 11438 2165 11357
f 2242 2165 11358
f 2165 2242 11357
f 2165 2164 11358
f 2165 11438 2164
f 11277 2241 2240
f 2320 11277 2240
f 2241 11277 2321
f 11277 2320 2321
f 2320 2319 2399
f 2319 11196 2399
f 2319 2318 2398
f 11196 2319 2398
f 2161 2085 11442
f 11361 2161 11442
f 2085 2161 11441
f 2161 11360 11441
f 11360 2161 2238
f 2161 11361 2238
f 2857 10643 10718
f 10643 2857 10644
f 2857 10719 10644
f 10719 2856 10644
f 2928 2856 10645
f 2856 2928 10644
f 10210 3278 10211
f 3345 10210 10145
f 3278 10210 3279
f 10275 10276 3279
f 3212 10276 10275
f 10276 3278 3279
f 3278 10276 10277
f 11199 2395 2475
f 11199 2475 2476
f 2396 11199 2476
f 2316 11199 2396
f 2395 11199 2316
f 11372 11452 2149
f 11452 11372 11371
f 2229 11370 2228
f 11370 2229 2151
f 2229 11287 2230
f 2389 11204 2310
f 11204 2390 2310
f 2390 11204 2470
f 2469 11204 2389
f 2391 2312 2311
f 11203 2390 2470
f 2391 11203 2471
f 2390 11203 2311
f 11203 2391 2311
f 11039 11120 2470
f 11120 11203 2470
f 11203 11120 2471
f 2471 11120 11038
f 11120 11039 11038
f 11039 11121 11040
f 11121 11039 2470
f 11204 11121 2470
f 11121 11204 2469
f 11121 11122 11040
f 11122 11121 2469
f 11122 2468 11123
f 2468 11122 2469
f 2468 11124 11123
f 11123 11124 11042
f 11043 11124 11125
f 11124 11043 11042
f 11043 2544 11042
f 11041 11123 11042
f 11122 11041 11040
f 11041 11122 11123
f 2768 2694 10887
f 10657 2915 10582
f 2916 10657 10582
f 2915 10657 10658
f 10657 2842 10658
f 2313 2312 2392
f 11201 2313 2392
f 2703 2627 2626
f 2627 2703 10876
f 2703 10799 2778
f 10876 2703 2778
f 10958 10959 2624
f 10958 2547 10959
f 10956 10957 2626
f 2627 10956 2626
f 10955 2627 2628
f 10955 10956 2627
f 11910 1574 11985
f 1574 11910 11909
f 11984 1574 11909
f 1575 11984 11909
f 1575 1576 11983
f 11832 11833 1718
f 11833 11834 1717
f 11834 11833 1645
f 11756 11833 1717
f 11833 11756 1718
f 1790 11756 1717
f 11757 1790 1717
f 1790 11757 1863
f 1790 1864 11756
f 11758 1789 1716
f 1789 11757 1716
f 1789 11758 1862
f 1863 1789 1862
f 11757 1789 1863
f 1937 11679 1936
f 11679 1790 1863
f 1790 11679 1864
f 11679 11680 1936
f 11680 11679 1863
f 1864 11678 1865
f 11678 11679 1937
f 11679 11678 1864
f 1643 11912 1642
f 11912 11913 1642
f 11912 1572 1571
f 1785 11762 1858
f 1786 1785 1859
f 11762 1785 1711
f 1785 11683 1859
f 11683 1785 1858
f 11988 1570 1571
f 1503 1502 1573
f 1502 11986 1573
f 11986 1502 12060
f 1502 1433 12060
f 1433 1502 12132
f 11987 11986 1501
f 11987 1501 12061
f 1572 11987 1571
f 11986 11987 1572
f 11987 11988 1571
f 11915 1639 1640
f 11839 1639 1638
f 1638 1639 11916
f 1639 11915 11916
f 11913 11914 1641
f 1641 11914 1640
f 11914 11989 1568
f 11914 11915 1640
f 11915 11914 1568
f 1497 1428 1496
f 1428 1497 12064
f 11991 1497 1496
f 1497 11991 1567
f 11991 1566 11916
f 1567 11991 11916
f 11990 11915 1568
f 11990 1567 11915
f 11990 1497 1567
f 1497 11990 12064
f 12207 1295 1294
f 1295 12277 1294
f 1295 1296 12276
f 12277 1295 12276
f 1363 1362 12134
f 1296 1362 12205
f 1362 1363 12205
f 11522 2084 11442
f 2083 2084 11523
f 11523 2084 2009
f 2084 11522 2009
f 2084 2083 11443
f 2160 2084 11443
f 2084 2160 11442
f 1931 1930 11606
f 1930 1931 11684
f 1931 2005 11605
f 2005 1931 11606
f 1931 11605 1932
f 11684 1931 1932
f 11609 1928 1927
f 11608 1928 11609
f 1928 1929 11686
f 1928 11607 1929
f 1928 11608 11607
f 11450 2075 2151
f 11530 11529 2001
f 11529 11530 2076
f 2000 11530 2001
f 2075 11530 2000
f 11530 11450 2076
f 11450 11530 2075
f 2077 11449 11448
f 11449 2077 2076
f 11450 11449 2076
f 11764 1783 1709
f 1783 11764 1782
f 1708 11764 1709
f 1781 11764 1708
f 11764 1781 1782
f 11521 2010 2085
f 11521 2085 11441
f 2086 11521 11441
f 11605 11604 1932
f 11604 2008 11603
f 11604 2007 2008
f 2159 11444 2158
f 2082 11444 2159
f 2157 11444 2081
f 11444 2157 2158
f 2008 11524 11523
f 11524 2082 11523
f 2007 11524 2008
f 11444 11524 2081
f 11524 11444 2082
f 2005 11526 2080
f 11446 11526 2079
f 11526 11446 2080
f 2079 11526 2004
f 11526 2005 2004
f 2619 10965 2618
f 2619 10964 10965
f 10733 10809 10810
f 10809 10733 2842
f 10733 10810 10734
f 2841 10733 10734
f 10733 2841 10658
f 2842 10733 10658
f 10809 10808 2768
f 10808 2694 2768
f 10808 2769 2694
f 2307 2386 11208
f 2306 2386 2307
f 2386 11209 11208
f 2386 2306 11209
f 11291 11292 2305
f 2306 11291 2305
f 11291 2306 11290
f 7282 14506 7256
f 14506 7282 7283
f 14506 7283 7284
f 14507 7282 7256
f 14507 14529 7255
f 14507 7256 14529
f 7310 14461 14460
f 14461 7310 14485
f 6876 14863 6902
f 14843 6899 14844
f 6899 6898 14844
f 14824 6925 6924
f 6926 14843 6925
f 14824 6926 6925
f 6926 14824 14823
f 14818 6932 6957
f 14819 6932 6931
f 6932 14819 6957
f 14838 6905 6931
f 14838 6906 6905
f 6932 14838 6931
f 6907 14838 14837
f 6906 14838 6907
f 6927 14823 6952
f 14822 6927 6952
f 6927 6926 14823
f 6927 6928 14842
f 6927 14822 6928
f 14843 6927 14842
f 6926 6927 14843
f 6904 14839 6905
f 14839 6904 6930
f 6905 14839 6931
f 14839 6930 6931
f 14840 6929 6930
f 6904 14840 6930
f 6929 14840 6903
f 14840 6904 6903
f 6929 14820 6930
f 6954 14820 6929
f 14819 14820 6956
f 14820 14819 6930
f 14981 6794 14955
f 6795 14981 14955
f 15033 6669 6668
f 6669 6670 15060
f 6670 6669 15032
f 6669 15033 15032
f 14932 14957 6792
f 6821 14932 6820
f 14957 14932 6793
f 14958 14932 6792
f 14932 14931 6793
f 14931 14932 6821
f 6762 14957 14982
f 14957 6762 14983
f 14983 6762 6731
f 15035 15062 6666
f 15036 15035 6666
f 6822 6821 14907
f 6822 14931 6821
f 6794 14930 14955
f 14931 14930 6794
f 14930 6795 14955
f 14930 6824 14929
f 6795 14930 14929
f 14860 6879 6905
f 14860 6906 6880
f 6906 14860 6905
f 6879 14882 6878
f 14882 14860 6880
f 14860 14882 6879
f 14909 6848 6820
f 6848 14908 6820
f 14883 6850 14884
f 6630 15122 6629
f 15093 6630 6629
f 6630 15093 15092
f 6630 15092 6631
f 15066 15093 15094
f 15067 15066 15094
f 15009 6699 6730
f 6699 15035 15036
f 6664 15064 15065
f 6664 15038 15037
f 6665 6664 15037
f 15064 6664 6665
f 15091 15063 6632
f 6632 15063 15090
f 15063 6665 6666
f 15063 15091 6665
f 15063 15062 15090
f 15062 15063 6666
f 6697 15038 6696
f 15038 6697 15037
f 6725 6694 6693
f 6728 6697 6696
f 6728 6758 14986
f 6727 6695 6726
f 6695 6696 15039
f 6724 15014 6693
f 15014 6725 6693
f 15014 6724 6755
f 6725 15014 6755
f 15010 6698 6729
f 6697 6698 15037
f 6698 6697 6729
f 6698 15036 15037
f 6698 6699 15036
f 6698 15010 6730
f 6699 6698 6730
f 6900 14864 6874
f 6900 6899 14843
f 6900 14843 6901
f 14864 6900 6901
f 14910 14934 6818
f 6819 14934 14910
f 14934 6819 6790
f 14959 14934 6790
f 14933 14909 6820
f 14933 6819 14909
f 14933 14958 6791
f 14933 6791 6790
f 6819 14933 6790
f 14932 14933 6820
f 14933 14932 14958
f 14886 6847 14910
f 6847 6819 14910
f 6819 6847 14909
f 6847 6848 14909
f 6847 14886 6875
f 14958 6761 14984
f 6761 14958 14983
f 6761 6730 14984
f 6761 15009 6730
f 6761 14983 6731
f 15009 6761 6731
f 6760 14985 14959
f 6760 6790 14984
f 6760 14959 6790
f 6760 15010 6729
f 6730 6760 14984
f 15010 6760 6730
f 6787 14937 6815
f 14937 14913 6815
f 6813 14914 14938
f 14987 6756 6787
f 6758 14987 14986
f 14935 14911 6818
f 14913 14912 6815
f 15114 6603 6638
f 6603 15114 6568
f 15058 15086 6671
f 15086 15058 6638
f 6603 15115 6638
f 15115 15086 6638
f 15086 15115 6637
f 15115 6602 6637
f 6853 14904 6825
f 14881 6853 14905
f 14859 14881 6880
f 14828 6945 6919
f 6944 6945 14828
f 6946 6945 14807
f 6945 6944 14808
f 6970 6945 14808
f 14807 6945 6970
f 6829 6828 14901
f 6829 14925 6828
f 14924 6829 6830
f 14925 6829 14924
f 6799 14926 14951
f 6799 14927 14926
f 14927 6799 14952
f 6803 6802 14923
f 14949 6802 6803
f 14923 6802 6831
f 6802 14924 6831
f 7013 7014 14750
f 14751 7013 14750
f 7014 7013 14732
f 7013 7012 14733
f 7013 14751 7012
f 7035 7013 14733
f 7013 7035 14732
f 14701 7071 14686
f 7071 14687 14686
f 7053 7071 14701
f 7071 7053 14718
f 7053 14701 7072
f 14717 7053 7072
f 14718 7053 7033
f 14753 7010 7011
f 14753 7011 14752
f 7089 14687 7088
f 14673 7089 7088
f 14672 7089 14673
f 7090 7089 14672
f 14687 7089 14686
f 7089 7090 14686
f 14673 14674 7105
f 14674 14659 7105
f 14659 14674 7104
f 14674 14673 7088
f 14674 14688 7087
f 14688 14674 7088
f 14674 14660 7104
f 14675 14674 7087
f 14720 7049 14704
f 7050 14720 14704
f 14720 14721 7049
f 14721 14720 7030
f 7030 14720 14736
f 7051 14703 7070
f 14703 7051 7069
f 7051 7050 7069
f 6969 6970 14808
f 14809 6969 14808
f 14789 6969 14809
f 14789 6992 14769
f 14769 6992 14750
f 6992 14770 14750
f 14770 6992 6991
f 6992 14789 6991
f 14791 14790 6967
f 14791 6990 14790
f 14791 6967 6966
f 14792 14791 6966
f 14791 14792 6989
f 14751 14771 14752
f 6990 14771 14751
f 14771 6989 14752
f 14771 14791 6989
f 14791 14771 6990
f 6939 14833 6938
f 6912 14833 6939
f 14855 6912 6886
f 6885 14855 6858
f 14855 6886 6858
f 14813 6939 6938
f 6963 14813 6938
f 6963 14794 14793
f 6983 14776 14796
f 14793 14773 6988
f 14737 7008 7007
f 7008 14755 7007
f 6938 6937 14814
f 14833 6937 6938
f 6937 14815 14814
f 14815 6937 6936
f 14877 6884 6885
f 6884 14856 6885
f 6857 6884 14877
f 6884 6857 14878
f 6883 6884 14878
f 14856 6884 6883
f 14857 6882 6908
f 6909 14857 6908
f 14857 14879 6882
f 14857 6883 14879
f 14857 14856 6883
f 14857 6909 14856
f 14836 6909 6908
f 6934 14836 6908
f 7039 14729 7038
f 14729 7018 7017
f 14729 7039 7018
f 14698 7056 7075
f 7036 14732 14716
f 7055 7036 14716
f 7056 7036 7055
f 7036 7056 14715
f 14682 7077 14697
f 7077 7059 14713
f 7058 7077 14713
f 7077 7058 14697
f 14714 7058 7038
f 14697 14714 7076
f 7058 14714 14697
f 7040 7059 14712
f 7059 7040 7039
f 7040 14712 3441
f 10043 7040 3441
f 7019 7040 10043
f 3503 14712 7078
f 14712 3503 3441
f 4023 4024 9388
f 4025 4024 9334
f 3915 9553 9554
f 3971 9496 9441
f 3971 3972 9495
f 9553 3916 9552
f 3915 3916 9553
f 9496 3916 9497
f 3916 3915 9497
f 3970 9496 9497
f 9441 3970 9388
f 9496 3970 9441
f 8855 4481 8814
f 8899 4481 8855
f 8860 8818 4477
f 8860 8903 8904
f 8903 8860 4477
f 4441 8943 4440
f 8986 4359 4401
f 4311 9039 4310
f 9039 9038 4268
f 9038 9039 4311
f 9040 4309 4310
f 9039 9040 4310
f 3182 10376 3181
f 3113 10376 3182
f 3113 3042 10450
f 3113 10450 3112
f 10376 3113 3112
f 3257 10299 3256
f 3188 10299 3189
f 3189 10299 3190
f 3256 10299 3255
f 10299 3188 3255
f 10298 3257 3258
f 10297 10298 3258
f 10299 10298 3190
f 10298 10299 3257
f 3191 10368 3190
f 10298 3191 3190
f 3191 10298 10297
f 3693 3692 9726
f 3693 3694 9785
f 3694 3693 9726
f 3694 3752 9725
f 3752 3694 9726
f 9845 3574 9907
f 3635 9845 9846
f 3754 9724 9664
f 3630 9849 9911
f 9788 9849 3630
f 3571 9847 9909
f 9906 3514 3574
f 3514 9906 3575
f 10165 3324 10099
f 3258 10230 3259
f 10230 3324 10165
f 10101 3387 3388
f 10100 10101 3388
f 3386 3385 10036
f 3387 3386 10036
f 3388 10035 10034
f 3387 10035 3388
f 3450 10035 10036
f 10035 3387 10036
f 3389 3388 10034
f 3389 10100 3388
f 10100 3389 10099
f 10302 10303 3252
f 10303 3251 3252
f 3184 10303 3185
f 10303 10302 3185
f 3183 10303 3184
f 10304 10303 3183
f 10303 10304 3250
f 3251 10303 3250
f 3319 10168 3320
f 10168 10103 3320
f 10234 10233 3252
f 10233 3253 3252
f 10233 10232 3253
f 10233 3319 3320
f 10232 10233 3320
f 3510 3571 9909
f 10102 10103 3385
f 3386 10102 3385
f 10102 3321 3320
f 10103 10102 3320
f 3321 10102 3322
f 10102 10101 3322
f 3447 3448 10038
f 3448 10037 10038
f 3385 3449 10036
f 10037 3449 3385
f 9971 3449 3512
f 3448 3449 10037
f 3449 3450 10036
f 3449 9971 3450
f 3917 9551 9552
f 3916 3917 9552
f 3917 3916 9496
f 3917 3971 9495
f 3971 3917 9496
f 4080 9330 9331
f 3507 3568 9975
f 3507 3444 9976
f 3507 9975 3445
f 3444 3507 3445
f 9852 9914 3626
f 9852 3565 9914
f 3506 3567 9976
f 3567 3507 9976
f 9609 9608 3806
f 9608 3807 3806
f 9608 9609 3863
f 9608 3863 3864
f 3807 9608 3808
f 9607 9608 3864
f 9608 9607 3808
f 3751 9666 9726
f 9666 3752 9726
f 9666 3751 3808
f 3752 9666 3808
f 9850 3630 9911
f 3568 9850 9911
f 9850 3567 9851
f 3691 9727 9787
f 7551 14253 14254
f 14253 14281 14254
f 14282 14255 14254
f 14227 7549 14228
f 4580 8707 4614
f 7619 8745 14195
f 7619 4580 8745
f 7619 8707 4580
f 14250 7555 14249
f 14277 14250 14249
f 13980 7852 7874
f 13963 13980 7874
f 7854 13998 7853
f 13997 8445 7832
f 13997 13998 7854
f 13998 13997 7831
f 8474 8504 7832
f 14471 14447 7326
f 7324 14449 14448
f 14449 7324 7323
f 14516 7270 7271
f 14449 7353 14448
f 7353 14449 14424
f 14497 14474 7294
f 14497 7293 14474
f 7268 14497 7294
f 7293 14497 7267
f 7321 7322 14474
f 7321 14451 7322
f 7293 7321 14474
f 14341 7450 7449
f 14426 14451 7350
f 14426 7351 14451
f 7352 14425 14399
f 14425 7351 14399
f 14425 7352 14450
f 7351 14425 14450
f 7382 7415 14371
f 7415 7382 14372
f 7447 7415 14372
f 7351 14400 14399
f 14400 7382 14399
f 14426 14400 7351
f 7382 14400 7381
f 14400 14426 7350
f 14427 14400 7350
f 4742 8565 8533
f 4742 4771 8532
f 4771 4742 8533
f 8598 8599 8565
f 4712 8599 8566
f 8599 4712 8565
f 4741 4712 8566
f 8533 4712 4741
f 8565 4712 8533
f 7485 14339 7484
f 14339 7485 14338
f 7387 14395 7386
f 14395 14396 7386
f 14422 14395 7356
f 14395 14422 14396
f 7488 14336 7455
f 14337 7488 7455
f 9044 9091 4261
f 7391 7424 7392
f 14548 7234 14547
f 7234 7235 14547
f 14526 7234 7233
f 7234 14548 7233
f 7234 14526 14525
f 7235 7234 14525
f 14588 14567 14587
f 14567 7211 14587
f 7213 14585 14565
f 7190 14585 14564
f 14585 7213 14564
f 14604 14585 7190
f 14604 7190 14603
f 7168 14604 14603
f 7150 7149 14621
f 7169 7150 14621
f 7130 14637 7131
f 7149 14637 7148
f 14637 7130 7148
f 7191 14583 14602
f 14583 7191 14563
f 14583 14562 14582
f 14562 14583 14563
f 7190 14584 14603
f 14584 7191 14603
f 14584 7190 14564
f 14584 14564 7214
f 14563 14584 7214
f 7191 14584 14563
f 7170 7169 14602
f 14601 7170 14602
f 7170 7171 14619
f 7171 7170 14601
f 14605 7166 14606
f 14542 7215 14543
f 14540 14560 7218
f 14560 14540 7219
f 14539 14540 7243
f 14540 14539 7219
f 14580 14560 7219
f 14581 14580 7195
f 14580 14581 7218
f 14560 14580 7218
f 7220 14538 7221
f 14538 7220 14539
f 14600 7172 7171
f 14600 7171 14601
f 7193 14600 14601
f 14618 7172 7173
f 14618 7173 14617
f 7154 14618 14617
f 14618 7154 7153
f 7171 14618 14619
f 7172 14618 7171
f 7156 7155 14616
f 7156 14631 7155
f 14645 7138 7139
f 14631 7138 7137
f 7137 14632 7155
f 14632 7154 7155
f 7048 14722 7066
f 14721 7029 7048
f 14737 7029 7030
f 7029 14721 7030
f 7029 14737 7007
f 14738 7029 7007
f 7029 14722 7048
f 7029 14738 7028
f 14722 7029 7028
f 7117 14647 7101
f 14647 14662 7101
f 14662 14647 7118
f 7102 14675 14676
f 14662 7102 14676
f 7119 7102 7118
f 7102 14662 7118
f 14680 7080 14666
f 7097 14680 14666
f 7080 14680 14694
f 14680 7081 14694
f 7081 14680 14679
f 7116 14648 7100
f 14649 7116 14664
f 7116 7100 14664
f 7116 14649 7134
f 14648 7116 7134
f 7152 7133 14635
f 7152 14634 7133
f 7152 14635 7151
f 14619 7152 7151
f 14634 7152 7153
f 14618 7152 14619
f 7152 14618 7153
f 6978 14800 14801
f 14800 14799 6956
f 6980 14799 14800
f 6956 14799 6957
f 6957 14799 14798
f 14799 6981 14798
f 7045 14724 7026
f 14724 7046 7026
f 7064 14724 7045
f 14723 7046 7065
f 6982 14758 14777
f 14758 6982 14759
f 14758 6983 14777
f 7046 14707 7065
f 7065 14707 14692
f 14707 7064 14692
f 14724 14707 7046
f 14707 14724 7064
f 14725 7025 7024
f 7025 14741 7024
f 7025 7045 7026
f 7045 7025 14725
f 14760 7003 14759
f 14709 7062 14694
f 14725 7063 14708
f 7044 7063 14725
f 14709 7063 7044
f 7063 14709 14694
f 7081 7063 14694
f 7063 14693 14708
f 7063 7081 14693
f 14317 7476 14318
f 7476 14317 7477
f 7476 7475 14318
f 7475 7476 14347
f 14376 7409 7442
f 7377 14376 7410
f 14376 7377 7409
f 7379 14401 14402
f 14401 14400 14427
f 14374 7411 7444
f 7411 14374 7379
f 7412 7445 7413
f 7412 14374 7445
f 14374 7412 7379
f 14499 7266 7265
f 7266 14499 7292
f 7289 7318 7290
f 14478 7318 7289
f 7377 14404 7376
f 7376 14404 7345
f 14404 14430 7345
f 14430 14404 7346
f 14404 14403 7346
f 14403 14404 7377
f 7264 14500 7265
f 14500 7289 7290
f 14500 7264 7263
f 14501 14500 7263
f 14500 14501 7289
f 7274 14492 7300
f 7299 7298 14470
f 14470 7298 7326
f 7298 7272 7271
f 7222 7223 14556
f 14536 7223 7222
f 7223 7224 14556
f 14537 14536 7222
f 14537 7222 7221
f 14537 7246 7247
f 14536 14537 7247
f 14538 14537 7221
f 14537 14538 7246
f 7244 14538 14539
f 14518 7244 7243
f 7244 14539 7243
f 7245 14516 7246
f 14538 7245 7246
f 7270 7245 14517
f 7245 7270 14516
f 7245 7244 14517
f 7244 7245 14538
f 7274 14513 14514
f 14513 7249 14514
f 7249 14535 7248
f 14535 14536 7248
f 7223 14535 7224
f 14535 7223 14536
f 14660 7120 14645
f 7120 7138 14645
f 7137 7120 14646
f 7138 7120 7137
f 14684 7093 7075
f 14698 14683 7076
f 14683 14698 7075
f 7093 14683 7075
f 9339 4071 9338
f 4071 4072 9338
f 4122 4169 9235
f 4070 9339 14530
f 7254 4070 14530
f 4071 4070 9286
f 4070 4071 9339
f 9389 4023 9388
f 4074 4073 9284
f 4073 9337 4072
f 9337 4022 9390
f 9389 4022 4023
f 4022 3968 9390
f 4022 9443 3968
f 4022 9389 9443
f 4123 9285 9286
f 9285 4071 9286
f 4071 9285 4072
f 9285 4073 4072
f 9234 9285 4123
f 4215 9138 9186
f 9091 9138 4261
f 7334 4215 14464
f 14509 7278 7279
f 7278 14509 14510
f 14487 7305 14464
f 7305 14487 7279
f 3687 3688 9790
f 9791 9852 3626
f 9852 9791 3627
f 3687 9791 9731
f 3627 9791 9790
f 9791 3687 9790
f 9555 9554 3860
f 3859 9555 3860
f 9555 3859 3858
f 3803 3859 9611
f 3803 9670 3746
f 3803 9611 3804
f 3747 3803 3804
f 9670 3803 3747
f 3968 9444 9390
f 4021 9337 9390
f 9337 4021 9338
f 9444 4021 9390
f 3857 9614 3856
f 7146 14638 7128
f 7129 7146 7147
f 14638 7146 7129
f 3856 7165 14607
f 7165 14608 14607
f 14608 7165 7164
f 14657 7124 7108
f 7106 14673 7105
f 7106 14672 14673
f 5132 16439 16433
f 16438 5132 16433
f 16439 5132 16443
f 5132 16438 16443
f 16437 5133 16432
f 5133 16438 16432
f 16442 5133 16437
f 16438 5133 16443
f 5133 16442 16443
f 16444 16441 5130
f 16441 16444 5129
f 16444 16445 5129
f 16444 5130 5127
f 16445 16444 5127
f 16441 16440 5130
f 16440 13765 5130
f 16440 16435 13765
f 16436 16441 5134
f 16430 13766 16435
f 16435 13766 13765
f 13766 1 13765
f 5128 16442 16445
f 16446 5128 5127
f 5128 16445 5127
f 16443 5128 16446
f 16442 5128 16443
f 5157 5156 16408
f 5156 5157 16417
f 5168 16407 16396
f 5168 16395 16406
f 16407 5167 16396
f 5167 5157 16408
f 5157 5167 16407
f 5206 16375 16362
f 16375 5205 16362
f 16375 16374 5192
f 16375 5206 16374
f 16139 5411 16140
f 5411 16165 16140
f 16165 5411 16164
f 5412 16139 16138
f 5411 5412 16164
f 5412 5411 16139
f 16233 16254 5333
f 16254 16233 16253
f 16212 5359 5333
f 16335 5236 5235
f 16319 16335 5254
f 16335 16319 5255
f 16335 5255 16334
f 5236 16335 16334
f 16350 5220 5219
f 5236 16350 5235
f 16350 5236 5237
f 16351 16350 5219
f 16350 16351 5235
f 16350 5237 16349
f 5220 16350 16349
f 16320 16336 5253
f 16335 16320 5254
f 16336 16320 5235
f 16320 16335 5235
f 16303 16319 5254
f 16320 16303 5254
f 16303 16320 5273
f 16319 16303 5274
f 16303 5273 5274
f 16268 5293 5292
f 5317 16248 5318
f 5317 16228 16248
f 5413 5412 16138
f 5415 5414 16137
f 16162 5414 5415
f 16137 5414 16138
f 5414 5413 16138
f 16208 5337 5362
f 16231 5337 16251
f 16206 5340 5339
f 5340 16228 5339
f 16227 5340 5341
f 5340 16227 16228
f 5366 16205 5341
f 5366 5340 16206
f 5340 5366 5341
f 16205 5366 16182
f 5366 5391 16182
f 16158 16159 5418
f 5391 16159 16158
f 16183 16159 5391
f 16159 16183 5390
f 5418 16159 5417
f 5363 5338 16208
f 16229 5338 5339
f 16160 16135 5417
f 16160 5416 16135
f 16159 16160 5417
f 16160 16159 5390
f 5364 16206 5339
f 5276 16283 5277
f 16300 5276 5277
f 16317 5276 16300
f 16265 5296 16266
f 5296 5295 16266
f 5297 16282 16283
f 5297 16265 16264
f 5297 16264 5298
f 16282 5297 5298
f 5296 5297 16283
f 5297 5296 16265
f 16389 5189 5190
f 16388 16389 5190
f 16389 5188 5189
f 5188 16389 16390
f 5178 16387 16397
f 16419 5154 5164
f 16427 5147 16426
f 16427 5139 5138
f 5139 16427 16426
f 5137 16427 5138
f 16428 16427 5137
f 5178 16398 16388
f 5147 16418 5156
f 16418 5155 5156
f 5179 16386 16396
f 5167 5179 16396
f 5179 5167 16397
f 16387 5179 16397
f 5179 16387 5192
f 16386 5179 5192
f 16374 5207 16373
f 5207 16360 16373
f 5223 16361 5222
f 16360 16361 5223
f 5207 16361 16360
f 5222 16361 16362
f 16361 5206 16362
f 5206 16361 16374
f 16361 5207 16374
f 16395 5180 16385
f 5180 16386 16385
f 16386 5180 16396
f 5180 5168 16396
f 5168 5180 16395
f 5194 5181 16385
f 5194 16384 5181
f 5194 16385 16373
f 13755 15 13754
f 16384 13755 5181
f 15 13755 16384
f 8 13756 12
f 3 4 13763
f 3 13763 13764
f 2 3 13764
f 3 2 13762
f 13375 13376 350
f 254 13424 301
f 13375 13424 13425
f 13424 13375 301
f 16203 16225 5342
f 16225 16226 5342
f 16226 16225 16246
f 13552 13513 13512
f 5420 16132 16131
f 16132 5448 16131
f 16132 5419 16133
f 5448 16106 16105
f 5478 16106 5477
f 16106 5478 16105
f 16106 16107 5477
f 5478 16104 16105
f 5394 16180 16155
f 16156 16180 5393
f 16180 16156 16155
f 16180 5394 5368
f 16180 16203 5393
f 16203 16180 5368
f 16156 16157 5420
f 16157 16156 16181
f 16157 16132 5420
f 16132 16157 5419
f 5419 16157 16158
f 12971 633 12972
f 12909 12908 694
f 13145 13204 13205
f 477 478 13249
f 13314 412 13313
f 13511 13510 13550
f 13510 13549 13550
f 210 255 13468
f 210 13469 255
f 210 13511 13512
f 173 13584 13551
f 173 13583 13584
f 173 13551 13550
f 13583 173 13582
f 144 13583 13582
f 145 144 13582
f 144 13612 143
f 13583 144 143
f 13612 144 13611
f 144 145 13611
f 13375 13374 301
f 13374 13375 350
f 13707 16346 5240
f 51 13707 13706
f 13705 70 13686
f 13706 70 13705
f 52 13706 13705
f 52 13721 13706
f 13721 52 13720
f 52 53 13720
f 53 52 13705
f 26 13734 13733
f 5238 16348 16349
f 16348 5221 16349
f 5221 16348 5222
f 5222 16348 16347
f 16348 5239 16347
f 16348 5238 5239
f 5256 16333 16334
f 16333 5238 16334
f 16333 5256 16318
f 16317 16333 16318
f 5239 16333 16332
f 5238 16333 5239
f 16316 16299 5258
f 16299 16316 16300
f 16316 16331 16332
f 16331 16316 5258
f 74 13702 73
f 13682 74 73
f 13702 74 13701
f 74 13682 13681
f 74 13700 13701
f 13700 74 13681
f 13681 96 13658
f 13659 96 13681
f 96 13634 13658
f 95 13682 13660
f 95 13659 13682
f 13580 176 13579
f 13547 176 13580
f 13541 13502 13501
f 178 13545 13544
f 178 13578 13545
f 13656 13632 13631
f 13656 76 13679
f 13699 13656 13631
f 76 13656 13699
f 13632 123 13631
f 123 13605 13631
f 123 13606 13605
f 13657 97 13633
f 97 13657 13679
f 122 13607 13606
f 123 122 13606
f 122 123 13632
f 122 13657 13633
f 13657 122 13632
f 122 13633 13608
f 13607 122 13608
f 121 13609 13608
f 13609 121 13634
f 13633 121 13608
f 13634 121 13633
f 12 13751 13750
f 13662 13663 13638
f 13704 53 13705
f 71 13704 13705
f 13704 71 72
f 13703 13704 72
f 53 13704 54
f 13704 13703 54
f 13661 13684 93
f 13636 13661 118
f 13661 13683 13684
f 13581 174 13549
f 174 13581 13582
f 13549 174 13550
f 174 173 13550
f 173 174 13582
f 13641 13640 13665
f 13640 13641 115
f 142 141 13585
f 141 13616 5298
f 115 13614 116
f 13614 13613 116
f 13614 142 13613
f 5902 15716 15677
f 15716 5902 15676
f 5902 15677 15637
f 15676 5902 15636
f 5949 5902 15637
f 15636 5902 5949
f 15629 5959 15628
f 5911 15629 15668
f 15629 15630 5957
f 15547 6053 6054
f 6007 15547 6054
f 6053 15547 6006
f 15547 6007 6006
f 5959 15587 5960
f 6008 15587 6007
f 6007 15588 6006
f 15588 6005 6006
f 15588 15587 5959
f 15587 15588 6007
f 6187 15431 6186
f 15431 6187 15430
f 6100 15508 15468
f 15508 6099 15468
f 6053 15508 6100
f 6099 15508 6053
f 6099 6144 15468
f 6144 6099 15469
f 6144 15430 15468
f 6144 15431 15430
f 15431 6144 15469
f 5865 15748 5821
f 5738 5780 15821
f 5865 5866 15748
f 15630 5956 5957
f 5956 5909 15631
f 5909 5956 15630
f 6004 6003 15550
f 6003 6049 15550
f 5955 5956 15631
f 5956 5955 15591
f 15433 6141 6140
f 15434 15433 6140
f 6230 6231 15393
f 6312 15324 6353
f 6508 6469 6546
f 15258 6392 6391
f 6392 6432 15257
f 6432 6392 15258
f 6350 6349 15293
f 6349 6350 15326
f 6350 6310 15326
f 6310 6350 6351
f 6469 6429 15260
f 6430 15258 6391
f 15259 6430 6391
f 6306 6264 15329
f 6265 6306 6307
f 6306 6265 6264
f 15294 15328 15329
f 15328 15294 6348
f 15328 6306 15329
f 6306 15328 6307
f 6225 15363 6267
f 15363 6225 6224
f 6349 15327 6348
f 15327 15328 6348
f 15328 15327 6307
f 6309 15327 6349
f 6309 6268 15362
f 6268 6309 15326
f 6310 6268 15326
f 6048 15512 6095
f 6049 6048 6095
f 6048 6049 15551
f 6048 15552 6047
f 6048 15551 15552
f 6094 6048 6047
f 15512 6048 6094
f 6139 6094 15473
f 6139 15472 6094
f 15435 6139 15473
f 6139 15435 15434
f 6139 15434 6140
f 15472 6139 6140
f 15514 6138 6093
f 15514 6093 6046
f 15514 6092 15474
f 6138 15514 15474
f 15553 15514 6046
f 15514 15553 6045
f 6092 15514 6045
f 15399 6181 15400
f 6180 6181 15436
f 6181 6180 15400
f 6181 15435 15436
f 15435 6181 6182
f 6181 15399 6182
f 5697 5738 15857
f 5697 15892 15858
f 5697 15857 15892
f 5546 15991 5582
f 15991 5581 5582
f 15991 5546 5545
f 5581 15991 5545
f 15961 15960 5580
f 15992 15961 5580
f 15961 5813 5690
f 15961 15992 5813
f 15961 5690 15896
f 15929 15961 15896
f 5519 16045 5518
f 16045 16046 5518
f 5453 5452 16101
f 16124 5427 16125
f 5456 16124 16125
f 16124 5456 5457
f 5427 16124 5428
f 16123 16124 5457
f 16124 16123 5428
f 5455 16071 16098
f 5488 16071 5487
f 16071 5488 16098
f 16071 5486 5487
f 5486 16099 16072
f 16099 16071 5455
f 16071 16099 5486
f 5460 5461 16121
f 16070 16097 16098
f 5488 16070 16098
f 16097 16070 16069
f 16070 16042 16069
f 16070 5488 16042
f 16013 5521 5556
f 16013 5557 16012
f 5557 16013 5556
f 16014 5555 5556
f 5521 16014 5556
f 5555 16014 5520
f 16014 5521 5520
f 5521 16043 5520
f 16043 5488 5487
f 5488 16043 16042
f 16043 5521 16042
f 16047 16048 5515
f 16048 16047 16075
f 16048 16076 5481
f 16048 5481 16049
f 5514 16048 16049
f 5585 15956 15955
f 5585 5584 15956
f 16019 5514 5549
f 16048 16019 5515
f 16019 16048 5514
f 5425 16126 16125
f 5426 5425 16125
f 5425 5424 16126
f 5623 15954 15955
f 5624 15954 5623
f 15954 5624 15953
f 5587 15954 15953
f 5516 16047 5515
f 5516 5517 16047
f 16017 5552 16016
f 5773 5774 15827
f 5774 5773 15790
f 5731 5773 15827
f 5773 5731 15828
f 5773 15828 5772
f 15790 5773 5772
f 5329 5354 16215
f 5354 16193 5379
f 16217 5327 16239
f 16238 5327 5328
f 16170 16194 5377
f 5378 16194 16170
f 5354 5353 16193
f 16193 5353 5378
f 5352 5351 5377
f 5352 16217 5351
f 16194 5352 5377
f 5352 16194 5378
f 5353 5352 5378
f 5352 5353 16217
f 16218 5326 16240
f 5326 16218 5351
f 5326 16217 16239
f 16217 5326 5351
f 16171 16146 5404
f 16146 16145 5404
f 16149 16150 5428
f 16150 16149 5399
f 16062 16090 16063
f 16090 16091 16063
f 16091 16090 5464
f 5466 16089 5467
f 16089 16062 5497
f 16089 16090 16062
f 5566 16005 5565
f 16004 5566 5567
f 16005 5566 5532
f 5566 16004 5532
f 5564 16007 5563
f 16007 5564 16006
f 5530 16007 16006
f 5529 16007 5530
f 5496 16062 16063
f 16062 5496 16035
f 5495 5496 16063
f 16037 16036 5495
f 16036 5496 5495
f 16036 5529 16035
f 5496 16036 16035
f 16114 5439 5438
f 16115 16114 5438
f 5501 16059 16032
f 16058 5501 16031
f 5470 16058 16085
f 16141 5437 5438
f 5437 16115 5438
f 5437 16141 16142
f 16034 5498 5497
f 5498 16034 16061
f 5498 16089 5497
f 16089 5498 16061
f 16033 16034 5532
f 16033 5499 16034
f 16033 16060 5499
f 16004 16033 5532
f 16033 16004 5533
f 16033 5533 16032
f 16060 16033 16032
f 15910 5675 5676
f 15876 5675 15910
f 5675 15841 5676
f 5675 15876 15841
f 5330 16214 16236
f 5330 16257 16237
f 16257 5330 16236
f 5329 5330 16237
f 5330 5329 16215
f 16168 5407 5408
f 5355 5330 16215
f 5330 5355 16214
f 5355 16191 16214
f 16191 5355 5380
f 5358 5357 5383
f 5357 5358 16212
f 16189 5358 5383
f 5358 5359 16212
f 5357 16190 5383
f 16190 5357 5382
f 16190 16165 5383
f 16165 16190 5410
f 16166 16190 5382
f 16190 16166 5410
f 5464 16117 16118
f 16117 5435 16118
f 16145 16144 5405
f 5408 16143 16142
f 5407 16143 5408
f 16144 16143 5407
f 16143 16144 5435
f 16113 5470 16112
f 16113 5441 5440
f 5441 16113 16112
f 5470 16113 5469
f 5439 16113 5440
f 16113 16114 5469
f 16114 16113 5439
f 5280 16297 16298
f 16297 5280 5281
f 5280 16298 5279
f 5280 5279 16280
f 16297 5260 16298
f 16298 5260 5259
f 5260 16315 5259
f 5260 16297 5261
f 16314 5260 5261
f 16315 5260 5241
f 5260 16314 5241
f 16260 5326 16239
f 16260 5303 16240
f 5326 16260 16240
f 16281 5300 5301
f 5300 16263 5301
f 16263 5300 5299
f 5300 16281 5278
f 5299 5300 5278
f 16263 16243 16242
f 16244 16243 5299
f 16243 16263 5299
f 5558 15981 15980
f 5557 15981 5558
f 5594 5593 15948
f 15980 5594 5595
f 5594 15948 5595
f 15981 5594 15980
f 5594 15981 5593
f 16177 16178 5396
f 16177 5369 16178
f 16122 5460 16121
f 15979 5559 5595
f 15979 5560 5559
f 5596 15979 5595
f 5560 15979 5596
f 5560 16009 5526
f 16009 5560 5561
f 5527 16009 5561
f 16009 16038 5526
f 16009 5527 16038
f 15844 5753 15808
f 15808 5753 5795
f 5671 15845 15879
f 15772 5794 5752
f 15772 5837 5838
f 5794 15772 5838
f 5880 15697 15657
f 5879 15697 5880
f 15657 15697 5924
f 15697 15658 5924
f 15658 15697 5878
f 15697 5879 5878
f 15918 15917 5628
f 5666 15918 15884
f 5666 15883 15917
f 15918 5666 15917
f 15952 5590 5589
f 15953 15952 5589
f 15853 15852 15887
f 15887 15852 5662
f 5830 15740 5831
f 5873 15703 15663
f 15703 5873 5872
f 5742 15818 5701
f 5743 5785 15817
f 5742 5784 15818
f 5784 5743 15818
f 5913 5912 15628
f 5912 15629 15628
f 15629 5912 15668
f 15463 15425 6151
f 15463 6150 15425
f 15463 15503 6105
f 6150 15463 6105
f 15507 6100 15467
f 6101 15507 15467
f 6100 15507 6054
f 15507 6101 6054
f 15781 5827 5828
f 5827 15781 5783
f 5784 15781 5828
f 15781 5742 5783
f 15781 5784 5742
f 15705 5870 15744
f 5869 15705 15744
f 5870 15705 5915
f 5917 5918 15663
f 15664 15624 5917
f 15624 5918 5917
f 5918 15624 15623
f 15704 15664 5871
f 15665 15704 5870
f 15743 15704 5871
f 5870 15704 15743
f 15700 15660 5876
f 15581 6015 15580
f 15581 5968 5967
f 5968 15581 15580
f 5780 5781 15821
f 15889 5700 15854
f 5698 15857 15821
f 15857 5698 15891
f 15196 6505 15164
f 6505 15196 6466
f 6427 6428 15261
f 6428 6427 15228
f 6428 6388 15261
f 6507 6545 2206
f 6388 11715 6347
f 15409 6213 15408
f 6377 6337 6336
f 6256 6255 6298
f 6301 15333 6259
f 6301 6343 6302
f 15333 6301 6302
f 6343 6301 6342
f 6344 6302 15298
f 6344 6303 6302
f 6384 6344 15298
f 6344 15297 6303
f 15332 6345 6304
f 6303 6345 15332
f 15297 6345 6303
f 6304 6345 15296
f 6345 6386 15296
f 6382 6341 15300
f 6341 6382 15299
f 15265 6382 15266
f 15299 6382 6383
f 6382 15265 6383
f 15266 6382 6381
f 6382 15300 6381
f 6380 15267 6381
f 15301 6380 6381
f 6420 6380 15268
f 15267 6380 6420
f 15231 6424 6463
f 15199 15231 6463
f 15231 15199 6464
f 15231 6464 6425
f 6424 15231 6425
f 6426 15263 6425
f 5982 5983 15608
f 15728 15689 5889
f 15528 6030 6029
f 15528 6076 6030
f 6076 15528 6122
f 6030 15527 6031
f 6076 15527 6030
f 15569 6028 6029
f 6028 15569 15570
f 6028 15529 6029
f 5937 15646 15686
f 15646 15607 5938
f 15646 5937 15607
f 15685 15646 5938
f 15646 15685 5893
f 15646 5893 5892
f 15686 15646 5892
f 1266 12309 15600
f 5991 1266 15600
f 1266 5991 15559
f 12238 1266 15559
f 12309 1266 12308
f 15521 6083 6084
f 6037 15521 6084
f 15521 6036 6083
f 6036 15521 6037
f 15682 5942 15642
f 5942 15602 15642
f 5989 15602 15603
f 15602 5942 15603
f 15722 15721 5852
f 15721 15722 5896
f 15682 15721 5896
f 15721 15682 5897
f 15721 5897 15720
f 5853 15721 15720
f 12516 12515 1069
f 12515 1135 12514
f 12379 12309 12308
f 1200 12379 12308
f 12380 12379 12450
f 12379 12449 12450
f 12379 1200 12449
f 12377 12307 12306
f 12307 1268 12306
f 1200 12378 12449
f 12378 12448 12449
f 12378 1200 12308
f 12307 12378 12308
f 12237 1267 12238
f 1266 1267 12308
f 1267 1266 12238
f 1267 12237 1268
f 1267 12307 12308
f 12307 1267 1268
f 6126 6080 6079
f 6080 6126 15485
f 15486 6126 6079
f 15485 6126 15445
f 6126 6171 15445
f 6126 15486 6171
f 6080 6127 6081
f 6127 6080 15485
f 6127 15484 6081
f 15484 6127 15444
f 6127 6172 15444
f 6127 15485 15445
f 6172 6127 15445
f 6078 15487 6125
f 6124 15487 6078
f 15447 15487 6124
f 15523 6035 6081
f 6128 15523 6081
f 6082 15523 6128
f 15375 15376 6252
f 6293 6335 15340
f 6293 15341 6334
f 15306 6375 6334
f 15178 6527 6528
f 6490 15178 6528
f 15178 6490 15210
f 6529 15177 6528
f 15176 6529 6530
f 15273 6414 15272
f 15239 6414 6453
f 15388 6195 6194
f 6195 15388 15387
f 15389 15388 6194
f 15388 15389 6236
f 6323 6364 15314
f 15314 6364 6365
f 6364 15280 6365
f 6364 6405 15280
f 6405 6364 15281
f 6240 15350 6282
f 6240 6282 15349
f 15350 6240 6239
f 6241 6240 15349
f 6240 6241 15385
f 6240 15386 6239
f 15386 6240 15385
f 15500 6108 6109
f 6108 15501 15461
f 6108 15500 6062
f 15540 6108 6062
f 15501 6108 15540
f 6016 15539 6017
f 6015 6016 15580
f 6016 6015 6062
f 15539 6016 6062
f 6060 15541 6013
f 6106 6059 15503
f 6060 6106 15502
f 6106 6060 6059
f 6106 15463 6151
f 15463 6106 15503
f 6152 6153 15461
f 15421 15422 6198
f 15421 6198 6199
f 15421 15420 6155
f 15420 15421 6199
f 6108 15460 6109
f 15460 6108 15461
f 6109 15460 6155
f 15423 6195 6196
f 15423 6153 6152
f 6153 15423 15422
f 6197 15423 6196
f 15422 15423 6197
f 6018 6019 15578
f 6019 6018 15537
f 15537 6018 15538
f 6018 6017 15538
f 15420 6156 15459
f 6156 6111 15459
f 6201 6200 15383
f 6201 15419 6200
f 6113 15456 15496
f 15456 6114 15496
f 15497 6113 6066
f 6112 15497 6066
f 5972 5971 15577
f 5971 5972 15618
f 6068 15535 6114
f 15496 15535 6067
f 6114 15535 15496
f 6020 6019 15536
f 6019 6020 15577
f 6020 15536 6067
f 15535 6020 6067
f 15494 15533 6116
f 6120 15451 6165
f 15450 6120 6165
f 15451 6120 15491
f 6120 15450 15490
f 6120 6073 15491
f 6073 6120 15530
f 6170 15446 6125
f 15487 6170 6125
f 6170 15487 15447
f 15446 6170 15408
f 6170 15409 15408
f 6170 15447 6169
f 15409 6170 6169
f 6168 15448 15449
f 6168 15449 6167
f 15410 6168 6167
f 15409 6168 15410
f 15448 6168 6169
f 6168 15409 6169
f 15312 6366 6367
f 15312 15313 6366
f 15313 15312 6325
f 15311 15312 6367
f 15311 6369 6328
f 6409 6369 15277
f 6370 6369 15276
f 15344 6246 6288
f 6330 15344 6288
f 15344 6330 6289
f 6246 6203 15381
f 6204 15416 15417
f 6203 6204 15417
f 6207 15378 15377
f 5883 15732 5840
f 15732 5841 5840
f 5843 15729 5844
f 15729 15728 5844
f 5886 5842 5885
f 5800 5758 15767
f 5758 5800 15804
f 5844 5800 15767
f 15766 5800 5844
f 15651 5933 15690
f 5933 5980 15610
f 5980 5933 15611
f 6162 15454 15415
f 15454 6162 6117
f 6162 15453 6117
f 15803 5759 5801
f 5759 15766 5801
f 5800 5759 15804
f 5759 5800 15766
f 5760 5801 5802
f 5760 15803 5801
f 15802 5760 5802
f 5760 15802 15838
f 15025 6713 15024
f 15024 6713 6714
f 6713 6745 6714
f 6713 14998 6745
f 6712 15025 15026
f 6712 14999 6743
f 6712 6743 6744
f 14999 6712 6711
f 6712 15026 6711
f 6712 6713 15025
f 14998 6712 6744
f 6713 6712 14998
f 15026 15027 6711
f 6677 15027 15026
f 14945 6806 14920
f 6806 14946 14920
f 14971 6806 14945
f 6806 14971 6775
f 14946 6806 6775
f 14948 14973 6773
f 6774 14973 14947
f 14973 6743 6773
f 14973 6774 6743
f 14972 6774 14947
f 14972 14946 6775
f 6774 14972 6744
f 14972 14998 6744
f 14972 6775 14998
f 6923 6922 14825
f 14846 6922 6923
f 6922 6921 14825
f 6921 6922 14847
f 6948 10378 14825
f 6948 14825 6947
f 14806 6948 6947
f 6948 14806 14805
f 6945 14827 6919
f 14827 6945 6946
f 14875 6888 6860
f 14852 6888 6914
f 14851 6916 6917
f 6890 14851 6917
f 14851 6890 14873
f 14831 6914 6940
f 6941 14831 6940
f 6576 6575 6611
f 6612 6576 6611
f 6576 6577 15136
f 6576 6612 6577
f 6537 15138 6538
f 15138 6575 6538
f 15138 6537 6574
f 6575 15138 6574
f 6537 15169 15170
f 15169 6537 6538
f 6500 15169 15168
f 6539 15169 6538
f 15169 6539 15168
f 15200 15201 6500
f 6573 15139 15140
f 15139 6573 6574
f 6537 15139 6574
f 15139 6537 6536
f 6573 6609 6574
f 6609 15109 6574
f 6610 6645 15108
f 6645 6610 15109
f 6575 6610 15108
f 6610 6575 6574
f 15109 6610 6574
f 15048 6683 6684
f 15048 15076 15049
f 6683 15048 15049
f 15048 15047 15075
f 15048 6684 6685
f 15047 15048 6685
f 15022 6683 6682
f 15023 15022 6682
f 6683 15022 15021
f 15022 6715 6716
f 15022 15023 6715
f 6682 15050 6681
f 15050 6682 15049
f 15051 6646 15079
f 6646 6645 15079
f 6645 6646 15108
f 15108 6646 6611
f 15232 6462 6463
f 6462 15200 6463
f 6462 6422 15233
f 6422 6462 15232
f 15199 15167 6503
f 15167 15199 6502
f 15167 6541 6503
f 15167 6502 6540
f 6541 15167 6540
f 6464 15230 6425
f 15230 6426 6425
f 15198 6464 6503
f 15166 15198 6503
f 15198 15230 6464
f 15230 15198 6465
f 15169 6499 15170
f 6499 15169 6500
f 6499 6498 15170
f 6498 6499 15202
f 15202 6499 6460
f 6499 15201 6460
f 15201 6499 6500
f 15203 6498 6459
f 15203 6459 15235
f 6498 15171 6536
f 15171 15203 6497
f 15203 15171 6498
f 6419 6458 15235
f 15236 6458 6419
f 6458 15203 15235
f 15203 6458 6497
f 6418 15236 6419
f 6418 6377 15270
f 6558 15152 15153
f 6558 6593 6594
f 15123 6628 6629
f 6628 15093 6629
f 15093 6628 15094
f 6232 15392 15393
f 6149 6148 15426
f 6148 6149 15465
f 6148 15466 6147
f 6273 6230 6272
f 6230 6273 6231
f 15323 6312 6353
f 15018 6721 15017
f 6721 15018 6752
f 15018 14991 6752
f 14991 15018 14965
f 15018 6783 14965
f 6783 15018 7395
f 15018 6688 7395
f 15280 6406 6365
f 6406 15279 6365
f 6405 6406 15280
f 6406 6405 15247
f 6406 6407 15279
f 6636 15088 15060
f 6670 15087 15060
f 15059 15087 6670
f 15087 6636 15060
f 15087 15059 6637
f 15116 15087 6637
f 6636 15087 15116
f 6526 15147 6527
f 15179 6526 6527
f 6563 6526 15148
f 6526 6525 15148
f 6526 6563 6564
f 15147 6526 6564
f 15088 15061 15060
f 6669 15061 6668
f 15061 6669 15060
f 15244 6408 6448
f 15244 6409 6408
f 6410 6409 15243
f 6450 6410 15243
f 6369 6410 15276
f 6410 6369 6409
f 15428 15429 6190
f 5849 5805 15763
f 5849 15762 5805
f 15725 5849 15763
f 5849 15725 15724
f 5849 15724 5850
f 15762 5849 5850
f 1690 1764 1691
f 11706 1764 1837
f 1689 1762 11786
f 1763 1689 11786
f 1689 1763 1690
f 1689 11863 11864
f 1688 1689 11864
f 1759 11712 1833
f 15440 6177 6132
f 6177 12021 6132
f 6177 15440 15402
f 11870 1611 6220
f 11870 6220 15366
f 6263 11870 15366
f 6220 11946 15402
f 1611 11946 6220
f 11946 6177 15402
f 6177 11946 12021
f 11945 11946 1611
f 12164 1472 1404
f 12167 15519 6085
f 1402 12167 6085
f 12167 1402 12166
f 12161 1337 12162
f 12234 1337 12233
f 1406 12161 12162
f 1203 12304 12375
f 12376 1203 12375
f 1203 12376 12305
f 12304 1271 12303
f 1271 1272 12303
f 1337 1336 12162
f 1336 1337 12234
f 12302 1205 12303
f 1272 12302 12303
f 12446 12376 12375
f 12376 12446 1135
f 1135 12446 12514
f 12445 12374 1137
f 12374 12303 12373
f 12374 12445 12375
f 1066 15718 12518
f 5899 15718 5855
f 15718 1066 5855
f 12582 1070 1005
f 1071 1070 12514
f 1070 12582 1069
f 1070 12515 12514
f 12515 1070 1069
f 12583 12584 1069
f 12582 12583 1069
f 12584 12583 1003
f 12513 1071 12514
f 12513 12445 1137
f 5898 15681 15641
f 15680 5898 15641
f 5898 15720 15681
f 15719 5899 5855
f 15719 15680 5899
f 15719 5898 15680
f 15719 15757 5854
f 15757 15719 5855
f 15720 15719 5854
f 5898 15719 15720
f 15897 12847 5651
f 15756 15793 5811
f 15756 5811 5855
f 15756 1066 12586
f 1066 15756 5855
f 15794 15757 5811
f 1212 12365 12366
f 1148 12499 12500
f 12223 12222 1280
f 12220 12221 1348
f 12222 12221 1281
f 1413 12154 1481
f 5245 16327 16342
f 16327 5245 16311
f 16327 16311 5265
f 16310 16327 5265
f 16294 5263 16295
f 5263 5262 16295
f 5263 5264 16312
f 5263 16294 5264
f 5263 16312 16313
f 5262 5263 16313
f 5262 16296 16295
f 16296 5282 16295
f 16296 5262 5261
f 5282 16296 5281
f 16297 16296 5261
f 16296 16297 5281
f 5243 16345 16330
f 5242 16345 5224
f 16330 16345 5242
f 16345 5225 5224
f 16345 5243 5225
f 5211 16357 5212
f 5227 16357 16358
f 16357 5211 16358
f 16357 16356 5212
f 5272 16287 16286
f 5293 16287 5292
f 16287 5293 16286
f 16287 5272 5271
f 5273 16304 16286
f 16304 5272 16286
f 16320 16304 5273
f 16304 16320 5253
f 16321 16304 5253
f 5272 16304 16321
f 5232 16353 16354
f 5231 5232 16354
f 16353 5232 5233
f 16236 16256 5308
f 16256 5309 5308
f 5288 5289 16290
f 5289 5288 16272
f 16291 5288 16290
f 5288 16291 5287
f 16273 5288 5287
f 5288 16273 16272
f 16306 5269 5270
f 5269 16289 5270
f 16289 5269 16290
f 16269 5316 16268
f 5316 5317 16268
f 16289 16288 5270
f 5290 16288 16289
f 16288 5271 5270
f 16288 16287 5271
f 16309 16325 5247
f 16325 16309 5267
f 5267 16309 5266
f 16326 16309 5247
f 16309 16326 5266
f 16308 5268 16307
f 5269 5268 16290
f 5268 5269 16307
f 5268 16291 16290
f 16291 5268 5267
f 5268 16308 5267
f 5249 16308 16324
f 16308 5249 16325
f 16325 5249 5248
f 5249 16340 5248
f 16340 5249 5231
f 5183 5197 16382
f 5183 16383 5197
f 16394 5183 16382
f 5183 16394 5182
f 16383 5183 5182
f 5196 16370 5197
f 16383 5196 5197
f 16370 5196 16371
f 16367 5200 16380
f 5200 16367 5216
f 16367 5215 5216
f 16354 5214 16355
f 5215 5214 16354
f 5214 5213 16355
f 5213 5214 16369
f 5229 16340 5230
f 16340 5229 16341
f 16356 5229 5230
f 5577 15996 5576
f 15996 15997 5576
f 15997 15996 5541
f 15996 5542 5541
f 5509 16025 16024
f 16025 5542 16024
f 16025 16026 5541
f 5542 16025 5541
f 16134 5446 16133
f 5445 5446 16134
f 16107 5446 5476
f 16027 16055 16028
f 16055 16027 5506
f 16054 16027 5540
f 5506 16027 16054
f 5542 15995 16024
f 15995 15996 5577
f 15996 15995 5542
f 15995 5577 5578
f 15994 15995 5578
f 5510 16050 16078
f 16023 15994 5544
f 16023 16050 5510
f 16079 16051 16078
f 16051 5510 16078
f 5509 16051 16079
f 16051 5509 16024
f 16023 16051 16024
f 16051 16023 5510
f 5538 5539 16028
f 5539 16027 16028
f 5574 15967 5575
f 15967 5574 5573
f 15934 15935 5646
f 5644 15936 15937
f 15936 5608 15937
f 5572 15968 5573
f 15968 5572 5608
f 16000 5538 5537
f 16000 5572 5538
f 5572 16000 5571
f 5571 16000 16001
f 15969 5571 5607
f 15969 5572 5571
f 5608 15969 5607
f 5572 15969 5608
f 16052 5509 16079
f 16080 16052 16079
f 16052 16025 5509
f 15971 5604 5605
f 5605 5604 15939
f 5567 15972 5568
f 5603 15972 5567
f 5604 15972 5603
f 15972 5569 5568
f 15972 15971 5569
f 15972 5604 15971
f 15843 15877 5673
f 15843 5714 15877
f 15843 15878 5713
f 15878 15843 5673
f 5754 15843 5713
f 5755 15843 5754
f 5714 15843 5755
f 15908 5640 5639
f 15908 15909 5677
f 15909 15908 5639
f 5640 15940 5639
f 15940 15941 5639
f 15941 15940 5603
f 15940 5604 5603
f 5604 15940 15939
f 15940 5641 15939
f 15940 5640 5641
f 15907 15873 5679
f 5640 15907 5641
f 15873 15907 5678
f 5641 15907 15906
f 15907 5679 15906
f 15907 15908 5678
f 15908 15907 5640
f 5611 5610 15934
f 5610 15935 15934
f 15967 5610 15966
f 5610 5611 15966
f 15963 5614 15962
f 5536 5535 16001
f 5536 16030 5535
f 16029 5536 5537
f 16030 5536 16029
f 16057 5503 5504
f 16084 16057 5504
f 16085 16057 5471
f 16057 16084 5471
f 7236 14545 14546
f 14545 7212 14546
f 14545 7236 7237
f 14545 7237 14544
f 7213 14545 14544
f 14545 7213 14565
f 7212 14545 14565
f 7286 7260 14504
f 14504 7260 7259
f 7260 7261 14525
f 14526 7260 14525
f 7260 14526 7259
f 14762 7000 14761
f 14743 7000 14744
f 7000 14762 6999
f 14744 7000 6999
f 14741 14742 7024
f 7003 14742 14741
f 7060 7041 14711
f 7060 14711 7079
f 14710 7060 7079
f 7061 14695 7062
f 7061 14710 14695
f 7060 7042 7041
f 7042 7060 14710
f 7061 7042 14710
f 7401 7368 14384
f 7919 7901 13942
f 13927 7919 13942
f 7763 7787 14052
f 7762 7763 7737
f 7787 7763 7786
f 7763 7762 7786
f 7713 7739 7740
f 7742 7767 14069
f 7790 7766 14050
f 7767 7766 7790
f 14112 14111 7691
f 7716 7742 14069
f 7682 7654 14144
f 14434 14408 7341
f 14433 14408 14407
f 14408 14409 7371
f 14409 14434 7340
f 14409 14408 14434
f 7369 14411 7368
f 7369 14410 14411
f 7373 14380 7406
f 7373 14406 14407
f 14406 7373 7374
f 14433 7343 14458
f 14457 7343 14432
f 7343 14457 14458
f 7343 14407 14432
f 7343 14433 14407
f 7342 14458 7341
f 7342 14433 14458
f 14408 7342 7341
f 7342 14408 14433
f 14405 7376 7345
f 14405 7375 7376
f 7375 14405 14406
f 7433 14356 7466
f 14355 7433 7466
f 14356 7433 7432
f 7400 7433 14384
f 7433 14385 7432
f 14385 7433 7400
f 14351 7472 14350
f 7439 14351 14350
f 14351 7439 7438
f 7439 14379 7406
f 7407 14379 7439
f 14379 7407 7374
f 14379 7373 7406
f 7373 14379 7374
f 14378 7407 7440
f 14378 7441 7408
f 7441 14378 7440
f 7375 14378 7408
f 14378 7375 7374
f 7407 14378 7374
f 14349 7441 7440
f 7473 14349 14350
f 14349 7440 14350
f 7409 14377 7442
f 14377 7441 7442
f 7441 14377 7408
f 14377 7376 7408
f 14377 7409 7376
f 7502 14323 14324
f 7536 7567 14238
f 7567 7568 14238
f 7568 7567 14212
f 14142 14165 7655
f 7629 7628 7657
f 7535 7503 14267
f 7467 14355 7466
f 7620 7589 14247
f 14207 14206 7574
f 7573 14207 7574
f 14206 7605 7606
f 14207 7605 14206
f 7576 14205 7577
f 14205 14206 7606
f 14205 7576 14206
f 7576 14231 7575
f 14231 7546 7545
f 14230 7576 7577
f 14230 7547 7546
f 14231 14230 7546
f 14230 14231 7576
f 14230 7577 7578
f 7547 14230 7578
f 7546 14258 7545
f 14258 14286 7545
f 14162 7630 7659
f 7629 7630 14186
f 14186 7630 7631
f 7630 14162 7631
f 7598 14211 14212
f 7598 7599 14211
f 7599 7598 14186
f 7598 7629 14186
f 7597 7598 14212
f 7480 7479 14315
f 7478 14345 7477
f 14317 7478 7477
f 14237 7570 14236
f 7539 14237 14236
f 7570 14237 7569
f 14237 7568 7569
f 7568 14237 14238
f 14263 7539 7540
f 14290 14263 7540
f 14263 14290 7508
f 14292 14265 14264
f 7543 7544 14260
f 7544 14287 14260
f 14234 7541 7572
f 7541 14235 7572
f 14235 7571 7572
f 14235 7541 7540
f 14235 7540 14236
f 7571 14235 14236
f 14209 14210 7601
f 14209 7571 14210
f 7571 14209 7572
f 14274 14301 7494
f 14301 14330 7494
f 14330 14301 7495
f 14246 7527 14247
f 7527 14301 14274
f 14247 7527 7526
f 7527 14274 7526
f 14356 7465 7466
f 14329 14330 7495
f 14121 14098 7707
f 7652 14145 7653
f 14194 7589 7620
f 14120 7682 14144
f 14097 14120 7707
f 14120 14121 7707
f 14120 14097 7708
f 14120 7708 14119
f 7682 14120 14119
f 14144 14167 7653
f 7654 14167 14144
f 7595 14215 7594
f 14242 7532 14243
f 7562 14242 14243
f 7562 14218 14217
f 14216 14191 7594
f 14215 14216 7594
f 7564 14216 14215
f 14214 7595 7596
f 14189 7627 7596
f 7595 14189 7596
f 7626 14189 7595
f 14165 7626 7655
f 7626 14165 7627
f 14189 7626 7627
f 7764 7763 14052
f 7765 7764 14051
f 14032 7789 14051
f 7789 7765 14051
f 7789 7813 14050
f 7789 14032 7813
f 7766 7789 14050
f 7789 7766 7765
f 13995 7834 7856
f 7834 13995 14013
f 14014 7834 14013
f 14142 14118 7684
f 14118 14142 7683
f 14118 7683 14119
f 5110 8117 8125
f 8117 5110 8118
f 5103 5110 8125
f 5110 5103 8126
f 8118 5110 5109
f 5110 8126 5109
f 5103 5096 8133
f 5096 5103 8132
f 5096 8132 8141
f 5112 8116 8115
f 8123 5112 8115
f 5104 8131 5097
f 8140 8131 5098
f 8131 8140 5097
f 8116 8124 5111
f 8124 5104 5111
f 5112 8124 8116
f 8124 8131 5104
f 13820 13821 8044
f 13820 8033 13821
f 8045 13820 8044
f 13819 13820 8045
f 13821 13830 8032
f 8033 13830 13821
f 13830 13840 8032
f 8078 13785 8085
f 13785 13780 8085
f 13780 13785 8084
f 8084 13785 8077
f 13785 13791 8077
f 13785 8078 13791
f 13793 8074 13787
f 13794 8074 13793
f 8074 13794 13788
f 8081 8074 13788
f 8074 8081 13787
f 8072 8073 13796
f 13790 8072 8071
f 8072 13796 8071
f 13802 5078 8164
f 5078 13802 8152
f 13789 13790 8079
f 13783 13789 8079
f 13789 8072 13790
f 8072 13789 8073
f 8080 13789 13783
f 13789 8080 8133
f 8073 13789 8133
f 13810 5067 8047
f 8056 13810 8047
f 8064 8055 13804
f 13796 8064 13797
f 8064 8063 13797
f 8063 8064 13804
f 8177 13818 8047
f 8047 13818 8046
f 13818 13819 8046
f 11558 11559 2052
f 11559 11558 1977
f 1976 11559 1977
f 2125 2201 11399
f 11479 2125 11399
f 2125 11479 11480
f 2357 2356 2436
f 11238 2357 2358
f 2277 2357 11238
f 2278 11238 11237
f 2278 11237 2279
f 2278 2277 11238
f 2278 2201 11319
f 2202 11318 2279
f 11318 2278 2279
f 2278 11318 2201
f 2201 11318 11399
f 11318 2202 11399
f 11398 2202 11317
f 11478 11398 2127
f 11398 2203 2127
f 2203 11398 11317
f 11068 2521 11069
f 11069 2521 11152
f 2521 2441 11152
f 2441 2521 11151
f 2521 11068 11067
f 2442 2521 11067
f 2521 2442 11151
f 2361 11234 2360
f 2281 11234 2282
f 11234 2361 11233
f 2282 11234 11233
f 11235 2281 2280
f 11235 11236 2360
f 11235 2280 11236
f 11234 11235 2360
f 11235 11234 2281
f 11070 10989 10988
f 10335 3223 10334
f 10333 3223 3224
f 3223 10333 10334
f 3289 10264 10265
f 10198 3289 10199
f 3289 3288 10199
f 3288 3289 10265
f 10131 3357 10065
f 3357 10132 10065
f 10196 3357 10131
f 10132 3357 10197
f 3357 10196 10197
f 3356 10132 10197
f 10198 3356 10197
f 3356 10198 10133
f 10192 3361 10127
f 10193 3361 10192
f 10193 10194 3360
f 10194 10193 3293
f 9995 9996 3489
f 3487 3549 9932
f 3549 3487 9933
f 10407 3084 3154
f 10266 3288 10265
f 3221 10266 10265
f 10266 3221 3220
f 10267 10266 3220
f 10563 3007 2935
f 10565 2933 10641
f 10789 2715 2789
f 2863 10789 2789
f 10404 3087 3157
f 2795 10860 2720
f 2949 10622 10547
f 10622 2949 10621
f 2949 10546 10621
f 3021 2949 10547
f 2949 3021 10546
f 10629 2943 10628
f 2943 10629 10554
f 3156 3155 10334
f 10406 3155 3156
f 3085 3155 10406
f 3155 3085 10407
f 3155 10335 10334
f 3155 10407 3154
f 10335 3155 3154
f 10404 3158 3088
f 3158 10403 3088
f 3158 10332 10331
f 10330 3158 10331
f 3158 10404 3157
f 10332 3158 3157
f 3158 10330 3159
f 10403 3158 3159
f 10402 3090 10476
f 3090 10402 10401
f 3090 10475 10476
f 10475 3090 10401
f 10477 3016 10478
f 10403 10477 10478
f 10552 10477 3017
f 3016 10477 10552
f 3017 10477 10476
f 10262 10261 3225
f 3225 10261 3226
f 10550 2946 10551
f 10550 10551 10476
f 10550 10549 2946
f 10702 10625 2873
f 3297 10190 10189
f 10256 3229 10257
f 3297 10256 10257
f 10188 3298 10189
f 3298 3297 10189
f 10256 3298 10255
f 3298 10256 3297
f 3364 10189 10124
f 3364 10188 10189
f 10057 3430 10056
f 3431 3430 9990
f 3430 3431 10056
f 9618 9617 3739
f 3742 9734 9675
f 3682 9734 9733
f 9734 3742 9733
f 3741 9735 9676
f 3799 3741 9676
f 9734 3741 9675
f 3741 9734 9735
f 3741 9615 9675
f 3741 3799 9615
f 9735 9736 3740
f 9737 9736 3680
f 9736 9737 3739
f 3679 9799 9738
f 9737 3679 9738
f 3679 9798 9799
f 3679 9737 9798
f 3548 9870 3610
f 9933 3548 9869
f 3548 3610 9869
f 3487 3548 9933
f 3548 3487 3486
f 3485 9999 10000
f 3486 9999 3485
f 9862 3617 3555
f 9925 3617 9861
f 3617 9925 3555
f 3617 9799 9861
f 3616 9863 9801
f 9739 9800 3677
f 9800 9739 3678
f 3616 9800 9862
f 9800 3617 9862
f 9800 9801 3677
f 9800 3616 9801
f 9800 3678 9799
f 3617 9800 9799
f 9740 3736 9680
f 3736 9740 9681
f 9621 3736 9681
f 3734 9742 9743
f 3674 9742 3675
f 9742 3674 9743
f 3676 9801 9802
f 3676 9740 9801
f 9740 9741 9681
f 9741 3735 9681
f 3676 9741 9740
f 9741 9742 3735
f 9742 9741 3675
f 9741 3676 9802
f 9741 9803 3675
f 9803 9741 9802
f 9622 3851 3794
f 9682 3734 9683
f 3793 9682 9683
f 9682 9742 3734
f 9742 9682 3735
f 9622 9682 3793
f 3735 9682 3794
f 9682 9622 3794
f 3614 3552 9865
f 3490 9929 9994
f 9929 3491 9994
f 9929 3552 3491
f 3491 9992 9993
f 3492 9992 3491
f 3427 3426 9994
f 9993 3427 9994
f 9925 3494 9990
f 3432 10054 10055
f 3737 9739 9680
f 9739 3737 9679
f 2872 10702 10779
f 2872 10780 10703
f 10780 2872 10779
f 2872 10625 10702
f 10625 2872 10626
f 2872 10703 10626
f 10777 2874 10700
f 10701 2874 10777
f 2874 10623 10700
f 10619 10620 2951
f 10697 10620 10619
f 10620 10545 2951
f 10620 10698 10621
f 2875 10776 10700
f 2875 10699 10776
f 10699 2875 10622
f 10623 2875 10700
f 10622 2875 10623
f 10548 10549 3019
f 10548 3019 10473
f 3020 10548 10473
f 2948 10548 10547
f 10548 3020 10547
f 10548 2948 2947
f 10549 10548 2947
f 10243 3308 3309
f 10242 10243 3309
f 10243 10242 3242
f 10176 3375 10111
f 10176 10175 3309
f 10177 10176 3309
f 3375 10176 10177
f 10313 3243 10312
f 3243 10313 3242
f 3030 10536 10537
f 3030 10461 10536
f 10245 3239 10246
f 3306 10245 10246
f 10245 3306 3307
f 10182 10118 3370
f 9795 3681 3682
f 3681 9734 3682
f 9734 3681 9735
f 3681 9736 9735
f 2739 2813 10762
f 2813 2739 10840
f 2746 2669 10832
f 2820 10755 10754
f 2820 2746 10832
f 10602 2893 10679
f 2893 10602 10601
f 2893 10601 10678
f 10755 2893 10678
f 2893 2819 10679
f 2893 10755 2819
f 10680 2818 10757
f 2818 10680 10756
f 3107 10383 10382
f 3107 10457 10383
f 3107 10382 10456
f 10457 3107 10456
f 3106 10458 10384
f 10458 3106 10383
f 3176 3106 10384
f 3106 3176 10383
f 10533 2961 10534
f 10459 10533 10534
f 10458 10459 10384
f 3175 10385 3174
f 10311 3175 10312
f 3175 3176 10384
f 3176 3175 10311
f 10761 2888 10684
f 10761 10684 10760
f 2888 10761 10685
f 2815 10761 10760
f 10761 2815 2814
f 10761 2814 10762
f 10685 10761 10762
f 2888 10607 10684
f 10684 10607 2889
f 10607 10606 2889
f 10606 10607 2962
f 10607 10533 2962
f 10533 10607 2961
f 2961 10607 10608
f 10607 2888 10608
f 10531 3035 10530
f 2963 10531 10530
f 10457 10531 3034
f 3035 10531 10456
f 10531 10457 10456
f 10531 10606 2962
f 10531 2963 10606
f 10392 10393 3168
f 10392 3168 3169
f 10393 10392 3097
f 10391 10392 3169
f 10392 10391 3098
f 3029 2957 10538
f 2957 10613 10538
f 10613 2957 10612
f 2957 3029 10537
f 2956 10539 10538
f 10613 2956 10538
f 10539 2956 10614
f 2956 10613 10614
f 10543 10542 2952
f 10543 10544 10469
f 10544 10543 2952
f 10539 3028 10538
f 3028 10464 10538
f 3026 10467 3098
f 10467 10468 3097
f 10468 10467 3025
f 10392 10467 3097
f 10467 10392 3098
f 3099 10391 10390
f 10391 10466 3098
f 10466 3026 3098
f 3099 10466 10391
f 10541 10542 3025
f 10467 10541 3025
f 10541 10467 3026
f 10186 3366 10121
f 3366 10055 10121
f 3366 10122 10055
f 3234 3235 10321
f 3233 3234 10323
f 10253 3233 3232
f 3368 10120 10053
f 10054 10120 3367
f 10120 10054 10053
f 10120 10185 3367
f 10120 10184 10185
f 10120 3368 10184
f 10052 10119 10053
f 10119 3368 10053
f 3368 10119 10183
f 9918 3562 3500
f 3561 9918 3500
f 3562 9918 3623
f 9918 3561 3623
f 3621 3559 9857
f 9795 3621 9857
f 3621 9795 9794
f 9984 9985 3499
f 9982 9983 3500
f 9983 9982 3437
f 9984 9983 3436
f 9983 9984 3499
f 9983 3561 3500
f 10115 10049 10048
f 10049 3437 10048
f 10116 10049 10115
f 10049 9983 3437
f 9983 10049 3436
f 10241 3311 10240
f 10174 3311 10241
f 10240 3311 3312
f 3311 10174 3312
f 3376 10110 10175
f 3376 10176 10111
f 10176 3376 10175
f 3376 10111 10044
f 10110 3376 10044
f 12981 682 683
f 682 12983 681
f 12923 682 681
f 682 12923 12922
f 680 679 12924
f 679 680 12984
f 621 679 12984
f 679 621 12985
f 12856 745 12857
f 745 12856 12918
f 12856 746 12918
f 12793 12792 805
f 12792 12793 866
f 12856 12793 805
f 866 12793 12730
f 12793 12794 12730
f 12923 741 12922
f 12735 12799 860
f 12800 12736 860
f 12799 12800 860
f 12800 859 12736
f 12800 12801 859
f 12920 684 683
f 742 741 12860
f 741 742 12922
f 12794 865 12730
f 865 12665 12730
f 12859 742 12860
f 742 12859 743
f 509 13162 13161
f 566 13043 13042
f 13162 566 13161
f 13160 511 510
f 511 13160 13159
f 13161 13160 510
f 567 13160 13161
f 568 13099 13159
f 994 12660 931
f 935 998 12590
f 998 935 12656
f 997 12656 934
f 12592 997 934
f 997 12592 12591
f 998 997 12591
f 997 998 12656
f 12722 12657 934
f 12656 12722 934
f 12661 930 993
f 930 12596 993
f 12596 930 12662
f 12462 12461 1122
f 12462 12463 1186
f 1056 1057 993
f 12529 1057 1056
f 12917 746 747
f 12917 12916 687
f 12916 12917 747
f 746 12917 12918
f 12325 1185 12396
f 1185 12464 12396
f 1185 12463 12464
f 12397 1184 12465
f 12464 1184 12396
f 1184 12464 12465
f 1183 12465 12466
f 1183 12466 12398
f 1183 12397 12465
f 1319 12255 12256
f 12255 1319 12254
f 1252 12255 12254
f 12255 1251 12256
f 1385 12186 1384
f 12186 1385 12185
f 12185 1385 12184
f 1316 12187 1317
f 1384 12187 1383
f 12187 12186 1317
f 12186 12187 1384
f 12188 1382 1383
f 12187 12188 1383
f 12188 12187 1316
f 12188 12189 1382
f 12188 1316 1315
f 12189 12188 1315
f 12465 1118 12466
f 12533 1118 12465
f 12534 989 1052
f 989 12534 12600
f 12534 1118 12533
f 1117 12534 1052
f 12534 1117 12466
f 1118 12534 12466
f 1316 12259 1315
f 12259 12260 1315
f 12260 12259 1248
f 12259 12258 1249
f 12259 1316 12258
f 12329 12330 1249
f 12330 12259 1249
f 12259 12330 1248
f 1248 12330 12401
f 12260 1247 12261
f 1247 12260 12331
f 922 12670 860
f 12670 12735 860
f 12735 12670 923
f 12670 12604 923
f 984 12605 12671
f 12605 922 12671
f 12605 984 1048
f 928 927 12599
f 12665 927 928
f 12666 927 12665
f 927 12666 12600
f 12729 866 12730
f 12664 12729 12730
f 12729 12664 12663
f 1313 1246 12262
f 1246 1313 12261
f 1247 1246 12261
f 1246 1247 12332
f 12403 12332 1179
f 12403 1179 12471
f 1244 12404 12334
f 12333 12404 1244
f 12404 1177 12334
f 12332 12402 1179
f 1247 12402 12332
f 1180 12402 12331
f 12402 1247 12331
f 1115 12468 1116
f 1377 12121 1378
f 12121 1377 1446
f 12119 1380 1448
f 12189 1381 1382
f 1381 12118 1382
f 1381 12189 12190
f 1380 1381 12190
f 12119 1381 1380
f 12263 1311 1312
f 12263 1312 12262
f 12263 12333 1244
f 12263 12264 1311
f 12265 12264 1242
f 12264 12263 1244
f 12264 1244 12334
f 1243 12264 12334
f 12335 12405 1176
f 1242 12335 12406
f 12405 12335 1243
f 12335 12264 1243
f 12264 12335 1242
f 1115 12536 1050
f 1051 12536 1116
f 12536 1115 1116
f 12603 986 1050
f 986 12604 1050
f 12604 986 923
f 11003 11004 2583
f 11004 11003 11085
f 11085 11003 11084
f 11003 11002 11084
f 2505 11086 11085
f 11086 11004 11085
f 11004 11086 11005
f 11005 11086 11087
f 11086 2504 11087
f 2504 11086 2505
f 2266 2267 11332
f 2267 2346 11250
f 2267 11250 2268
f 11331 2267 2268
f 11253 2265 2264
f 2267 2190 11332
f 2190 2267 11331
f 2111 11415 11496
f 11494 2038 11495
f 2038 11494 11493
f 2265 11333 11334
f 11333 2265 2266
f 2265 11335 2264
f 11335 2265 11334
f 11415 11335 11334
f 10931 2576 11011
f 10930 2576 10931
f 2576 11010 11011
f 2576 10930 11010
f 10773 2729 2803
f 10696 10773 2878
f 10773 10697 2878
f 10697 10773 2803
f 10930 2654 10929
f 2654 10930 2653
f 2654 10928 10929
f 10773 2804 2729
f 2804 10773 10696
f 11009 2577 10929
f 2577 11009 11010
f 2577 10930 10929
f 10930 2577 11010
f 10928 2578 10929
f 2578 11009 10929
f 10927 2580 11007
f 2580 10927 10926
f 2580 11006 11007
f 2580 10926 10925
f 11006 2580 10925
f 2426 2346 11168
f 2506 2426 11168
f 2426 2506 11167
f 11251 2266 2345
f 2346 11251 2345
f 11251 2267 2266
f 2267 11251 2346
f 2263 11255 2342
f 11255 2263 2262
f 11256 11255 2262
f 11255 2341 2342
f 11255 11256 2341
f 11089 11088 2503
f 2502 11089 2503
f 11088 11089 11007
f 11089 2502 11090
f 11500 2108 2033
f 2032 11500 2033
f 11500 2032 2107
f 2184 11338 11419
f 2108 2184 11419
f 11338 2184 2261
f 2032 11501 2107
f 11501 11502 2106
f 11582 2031 11581
f 2031 2032 11581
f 2031 11582 11583
f 2031 11501 2032
f 11501 2031 11502
f 2260 11257 2261
f 11257 2260 11258
f 2260 11259 11258
f 2260 2259 11259
f 11421 2183 2107
f 11421 11501 2106
f 11501 11421 2107
f 2182 11421 2106
f 1956 11661 1882
f 11582 1956 11583
f 1956 11582 1957
f 11661 1956 1957
f 1809 11661 1883
f 1809 1883 11738
f 1809 11739 1882
f 11661 1809 1882
f 1736 1809 11738
f 1809 1736 11739
f 1735 1734 11740
f 1808 1735 11740
f 1735 1808 11739
f 11894 1662 1663
f 1881 1808 11740
f 1880 1807 11741
f 1807 1880 11663
f 1881 1807 11663
f 11741 1807 11740
f 1807 1881 11740
f 1951 11666 11667
f 1732 1731 11744
f 11820 1732 11819
f 11821 1732 11820
f 1732 11821 1731
f 1879 1805 11665
f 1805 1879 11743
f 1805 1732 11744
f 1732 1805 11743
f 1953 1954 11664
f 1954 1953 11585
f 1954 11663 11664
f 11666 1952 11665
f 1952 1953 11665
f 1952 11588 11587
f 1952 1951 11588
f 1951 1952 11666
f 1522 12042 11968
f 12042 1521 11968
f 12042 1522 1453
f 1521 12042 1453
f 12118 1450 1382
f 1450 12117 1382
f 12047 12119 1448
f 11972 12047 11973
f 1447 1516 12120
f 1378 1447 12120
f 12121 1447 1378
f 1515 1447 1446
f 1447 12121 1446
f 1587 11974 1586
f 11974 1587 1516
f 11974 1515 1586
f 1590 11895 11894
f 11895 1662 11894
f 11014 2573 11013
f 2573 2574 11013
f 2573 2572 10934
f 2572 2573 11014
f 10933 2573 10934
f 2574 2573 10933
f 2574 2575 11012
f 11012 2575 11011
f 2575 10931 11011
f 10932 10933 2651
f 10932 2574 10933
f 10932 2575 2574
f 2575 10932 10931
f 10776 10854 2726
f 10854 10776 2801
f 10854 2650 10934
f 10854 2649 2726
f 2649 10854 10934
f 2727 10852 2651
f 10852 2727 2802
f 2729 10851 2803
f 10851 2729 2653
f 2728 2802 10774
f 2728 10852 2802
f 2803 2728 10774
f 10851 2728 2803
f 10935 10936 2648
f 2571 10936 10935
f 10936 2647 2648
f 10936 10937 2647
f 10936 2571 10937
f 11426 11506 2102
f 11746 1803 1730
f 1729 11746 1730
f 11746 1729 1802
f 11746 1802 1876
f 1803 11746 1876
f 1728 1729 11823
f 1728 1657 11824
f 1657 1728 11823
f 1729 1728 11747
f 1728 1801 11747
f 1727 1728 11824
f 1801 1728 1727
f 1877 1804 11745
f 1803 1877 11745
f 11666 1877 11667
f 11667 1877 1876
f 1877 1803 1876
f 11972 1589 11971
f 1589 11972 11896
f 11895 1589 11896
f 11896 11897 1660
f 11972 11897 11896
f 11897 11821 1660
f 1731 11822 1730
f 11821 11822 1731
f 11822 1658 1730
f 11178 11095 2497
f 11095 11014 11013
f 2497 11095 11013
f 11095 2496 11014
f 2496 11095 11178
f 2258 2337 11260
f 2337 2258 11261
f 2337 11261 2336
f 2338 11259 11260
f 2337 2338 11260
f 2338 2339 11259
f 2338 2418 2339
f 2417 11178 2497
f 2417 2337 11178
f 2417 2338 2337
f 11092 11175 2499
f 11092 2500 11175
f 2500 11092 11010
f 11092 2499 11011
f 11010 11092 11011
f 11009 11091 11010
f 11091 2500 11010
f 11091 11009 2501
f 11174 11091 2501
f 2500 11091 11174
f 2030 2031 11583
f 2180 2257 11343
f 11344 2180 11425
f 2180 11344 2257
f 2661 10841 2662
f 2958 10611 10612
f 2958 2957 10537
f 2957 2958 10612
f 10536 2958 10537
f 2959 2958 10536
f 2960 2961 10608
f 2961 2960 10534
f 10843 2659 2735
f 2810 10843 2735
f 2659 10843 2660
f 10766 2810 2735
f 10926 2657 10925
f 2657 10926 2656
f 10846 2657 2656
f 2657 2658 10925
f 2658 10924 10925
f 2658 10844 2659
f 10924 2658 2659
f 10922 2584 2583
f 2584 11003 2583
f 11003 2584 11002
f 11002 11001 11083
f 11001 2508 11083
f 2584 11001 11002
f 1262 12243 12314
f 1262 12244 12243
f 12385 1262 12314
f 12453 12452 1129
f 12385 12453 1194
f 12454 12453 1129
f 1194 12453 12454
f 12453 1195 12452
f 1195 12453 12385
f 1195 12385 12314
f 1196 12451 12452
f 12451 1130 12452
f 1130 12451 1131
f 1058 12527 995
f 12527 12593 995
f 12593 12527 1059
f 1059 12527 12526
f 12527 1124 12526
f 12594 1058 995
f 1058 12594 994
f 12594 12660 994
f 12321 12391 1189
f 1062 12589 12590
f 1062 12523 12589
f 12523 1062 12524
f 998 1062 12590
f 1062 998 12524
f 12523 12522 1063
f 12521 12522 1128
f 12522 12521 1063
f 1128 12522 1127
f 12522 12523 1127
f 999 12588 12654
f 937 12588 1000
f 12588 937 12654
f 12588 1063 1000
f 12588 999 1063
f 1061 12525 12524
f 12525 1061 12591
f 998 1061 12524
f 1061 998 12591
f 12592 1060 12591
f 1060 12525 12591
f 1060 12592 12526
f 1125 1060 12526
f 12525 1060 1125
f 1959 11659 1958
f 1813 1886 1887
f 1813 1740 1739
f 1190 12390 1191
f 12390 12319 1191
f 12317 12387 12388
f 1192 12318 12388
f 12389 12318 1192
f 12318 12317 12388
f 12317 12318 1259
f 1823 1897 1824
f 11954 1604 11953
f 1604 11878 11953
f 1604 11954 11879
f 11878 1604 11879
f 11803 1675 11804
f 11878 1605 11953
f 1535 1605 11952
f 1605 1535 11953
f 1821 11725 1748
f 1331 12170 1332
f 12170 12169 1332
f 12170 12171 1398
f 12170 1331 12171
f 1399 12170 1398
f 12169 12170 1399
f 12312 1264 12311
f 1264 12313 12242
f 12313 1264 12312
f 12175 1394 12174
f 1328 12175 12174
f 12176 12175 1327
f 12175 12245 1327
f 12175 1328 12245
f 1394 12103 1463
f 12103 1394 1462
f 12103 1531 1463
f 12030 1532 1463
f 1531 12030 1463
f 1532 12030 11956
f 1671 11807 1672
f 11807 1671 11808
f 11808 1671 1670
f 1671 11884 1670
f 1529 12033 1460
f 1529 1599 11959
f 12033 1529 11959
f 11882 11883 1672
f 11883 1671 1672
f 1671 11883 11884
f 12030 11957 11956
f 11957 12030 1531
f 11957 1602 11956
f 12032 12033 11959
f 1740 11811 1739
f 11813 1666 11814
f 1666 1665 11814
f 1743 11807 11808
f 11807 1743 1744
f 1743 11730 1744
f 1971 11566 11565
f 11566 2046 11565
f 2046 11566 2045
f 1898 1825 11721
f 1825 1898 11643
f 1825 1752 11721
f 11798 1752 1680
f 1752 11798 11721
f 11798 1751 11721
f 1751 11722 11721
f 11722 1898 11721
f 1898 11722 1824
f 11722 1750 1824
f 11722 1751 1750
f 11484 2121 11404
f 2121 11405 11404
f 11324 2274 2197
f 11324 2197 11404
f 11405 11324 11404
f 11567 2044 2045
f 11567 11566 1970
f 11566 11567 2045
f 11408 2193 2194
f 2193 11327 2194
f 11327 2193 11328
f 11575 11574 1963
f 11574 11575 2038
f 11575 2037 2038
f 11578 1961 1960
f 11576 2036 11496
f 2037 11576 11496
f 11575 11576 2037
f 11576 11575 1962
f 11653 1889 1963
f 1742 1743 11808
f 1890 1964 11652
f 1964 1890 11653
f 11573 1964 11574
f 1964 11653 1963
f 11574 1964 1963
f 2114 2039 11493
f 2039 11573 11493
f 11573 2039 11572
f 2039 2040 11572
f 11499 2034 2033
f 2034 11579 2033
f 2034 2109 11498
f 2109 2034 11499
f 11578 2034 11498
f 11579 2034 11578
f 2124 11480 11481
f 11401 2124 11481
f 2124 11401 2200
f 11483 11482 2048
f 11483 2047 11484
f 11480 2050 11481
f 2050 11561 11481
f 11561 2050 11560
f 11479 2050 11480
f 11482 2049 2048
f 2049 11482 11481
f 11561 2049 11481
f 1827 11718 1754
f 11717 1829 1755
f 1828 11717 1755
f 1829 11717 1902
f 11717 1828 1902
f 4507 8827 8785
f 8827 4506 8785
f 8827 4507 8870
f 4506 8827 8870
f 8787 8788 4543
f 8787 8829 8788
f 8829 8787 4505
f 8786 8787 4543
f 8787 8786 8828
f 4505 8787 8828
f 8873 8872 4465
f 8873 8829 8872
f 8829 8873 4504
f 8916 8873 4465
f 4427 8912 4428
f 4468 8912 4427
f 4428 8912 8911
f 8912 4469 8911
f 4469 8912 8868
f 8912 4468 8868
f 4467 8914 4466
f 8914 4467 8913
f 8914 8915 4466
f 8874 8917 4463
f 8874 8831 4503
f 8965 4420 4421
f 8876 8875 4462
f 4462 8875 4463
f 8875 8874 4463
f 8874 8875 8831
f 8835 4500 8878
f 8879 8835 8878
f 4418 8923 8922
f 8923 4418 4417
f 4422 8964 4421
f 4380 8964 4422
f 8964 4380 4337
f 8963 4422 4381
f 8963 4380 4422
f 4338 8963 4381
f 8963 4338 4337
f 4380 8963 4337
f 9102 9150 4249
f 9150 9102 4250
f 4296 9102 9055
f 9102 9101 4250
f 9102 4296 9101
f 9150 4203 4249
f 4203 9151 4249
f 9151 4203 9201
f 4203 9150 9200
f 4156 4203 9200
f 4203 4156 9201
f 9056 9009 9008
f 9009 4339 9008
f 4339 9009 4338
f 4155 4202 9201
f 4202 9151 9201
f 8970 4416 4374
f 4416 8969 4374
f 4375 8969 4417
f 8969 4416 4417
f 4332 9015 9016
f 4332 8969 4375
f 8969 4332 4374
f 4331 4332 9016
f 4332 4331 4374
f 9064 4287 9017
f 4288 9064 9017
f 4243 9158 9110
f 4197 9158 4243
f 4196 9158 9208
f 9158 4197 9208
f 9314 4097 9313
f 9209 4196 4149
f 4195 9209 4148
f 4150 9259 4149
f 9259 4150 9258
f 9419 9363 9417
f 4151 9257 9258
f 4150 4151 9258
f 4199 9206 4198
f 9156 4199 4198
f 9257 4100 9258
f 9310 4100 9309
f 4100 4101 9309
f 4101 4100 9257
f 9311 9310 4048
f 4047 9311 4048
f 9311 4047 9312
f 4053 9359 4052
f 9413 9359 4053
f 3999 9413 9468
f 9357 9303 4055
f 9357 4054 9303
f 9356 9357 4055
f 9357 9356 9411
f 9357 4001 9412
f 4001 9357 9411
f 9413 9358 9412
f 9358 9413 4053
f 9358 9357 9412
f 9357 9358 4054
f 9305 9358 4053
f 4054 9358 9305
f 9304 9305 4106
f 9304 4054 9305
f 4054 9304 9303
f 4107 9304 4106
f 9304 4107 9303
f 4051 9307 4052
f 9307 9306 4052
f 9308 9307 4051
f 4049 9310 9309
f 4050 9308 4051
f 9308 4050 9309
f 4050 4049 9309
f 8842 8800 4493
f 8800 8842 8801
f 8842 8843 8801
f 8840 8884 4494
f 8799 8798 4494
f 8799 8800 4532
f 8756 4571 8755
f 4571 4572 8755
f 4572 4571 8716
f 8719 4569 8720
f 8759 4569 8758
f 8722 4566 8723
f 8762 4566 8761
f 8802 4530 8801
f 4530 8802 8761
f 4531 8800 8801
f 4530 4531 8801
f 8800 4531 4532
f 4531 8759 4532
f 8760 4530 8761
f 4531 8760 8759
f 8760 4531 4530
f 4565 8724 8723
f 4566 4565 8723
f 4565 4566 8762
f 8724 4565 8763
f 4565 8762 8763
f 8844 8802 4492
f 4529 8762 8761
f 8802 4529 8761
f 4574 8752 8753
f 8794 8753 4537
f 8794 4536 8753
f 4536 8794 8795
f 8796 4535 8795
f 4535 4536 8795
f 4535 4534 8755
f 4535 8796 4534
f 4498 8837 8795
f 4498 8794 8836
f 8794 4498 8795
f 4833 8434 8433
f 4887 4909 8374
f 8405 8404 4860
f 8404 8403 4860
f 4907 8377 8378
f 8352 8377 4907
f 4834 8432 8461
f 8432 4834 8433
f 4859 8434 8406
f 8434 4859 8433
f 4859 8405 8433
f 4909 8351 8327
f 4930 8351 4908
f 8351 4930 8327
f 8350 4909 8326
f 4909 8350 8374
f 4887 4888 8401
f 4888 4887 8374
f 8400 4864 8428
f 8427 4864 8399
f 4864 8427 8428
f 4969 8306 4949
f 4969 4949 8307
f 8352 4929 8328
f 4929 8352 4907
f 4929 8329 8306
f 8353 4907 8378
f 8353 4929 4907
f 4929 8353 8329
f 8353 4928 8329
f 4929 4950 8328
f 4950 4929 8306
f 4930 4951 8327
f 8321 4936 8345
f 8346 4934 8322
f 4890 4865 8399
f 4865 8427 8399
f 5009 8240 8241
f 5010 8240 5009
f 4992 8240 4993
f 4991 8260 8241
f 8454 8484 4814
f 4817 8480 4790
f 4914 4892 8370
f 8423 4869 8422
f 8423 4842 8424
f 4842 8423 8452
f 4892 8395 8396
f 8423 8395 4869
f 8427 4839 8428
f 4842 8453 8424
f 8453 8484 8454
f 4865 8426 8427
f 8425 8426 4866
f 8426 8425 8454
f 4633 8685 4599
f 4699 8613 8579
f 4667 4699 8612
f 4699 4667 8613
f 8510 4733 8542
f 4737 8537 8571
f 8538 4737 8572
f 4737 8571 8572
f 4737 4766 8505
f 4766 4737 8538
f 4767 4737 8505
f 8537 4737 4767
f 4738 8570 8571
f 8537 4738 8571
f 8570 4738 8536
f 4738 4767 8536
f 4738 8537 4767
f 4847 8447 8477
f 8446 8447 4848
f 8448 4847 4820
f 8478 8448 4820
f 8419 8448 4846
f 8448 8419 4847
f 8448 8478 4819
f 8448 8449 4846
f 8449 8448 4819
f 8449 8420 4846
f 8420 8419 4846
f 8451 8450 4817
f 8450 8480 4817
f 4895 8392 8393
f 4894 4895 8393
f 4895 8367 8366
f 4895 4894 8367
f 8835 8793 4500
f 8752 8793 4537
f 4540 8750 8749
f 4540 8791 8750
f 8791 4540 8790
f 4541 4540 8749
f 8790 4540 4541
f 8833 8792 4539
f 8791 8833 4539
f 8833 8791 4501
f 8792 8833 4500
f 8877 8833 4501
f 8833 8877 4500
f 4573 4574 8753
f 4574 4573 8714
f 4763 4733 8510
f 8681 8680 4604
f 4671 4638 8643
f 4671 8643 8608
f 8642 4671 8608
f 4671 8642 4639
f 8648 4667 4634
f 8648 4633 4666
f 8613 8648 4666
f 4667 8648 8613
f 8685 8648 4634
f 4633 8648 8685
f 4635 8646 4636
f 4668 8646 4635
f 8646 4668 8611
f 8682 8683 4636
f 8682 4602 8683
f 8683 8721 4601
f 4602 8721 8683
f 8721 4602 8720
f 8721 8722 4601
f 4570 4571 8756
f 4570 4569 8719
f 4732 8577 8543
f 8646 4669 4636
f 4669 8646 8611
f 8609 8610 4702
f 8610 8575 4702
f 8575 8610 4701
f 4701 8610 8611
f 8610 4669 8611
f 3590 9892 9830
f 9829 3590 9830
f 9891 3590 9829
f 9892 3590 9955
f 9833 3588 9894
f 3588 9833 9832
f 9652 3823 3767
f 3644 3583 9838
f 9964 3520 3581
f 3458 9964 3459
f 3520 3458 3457
f 3458 3520 9964
f 10217 10218 3337
f 10217 3271 10218
f 10087 10154 10088
f 10087 10153 10154
f 3529 9892 9955
f 3467 3529 9955
f 9892 3529 3589
f 10022 10021 3402
f 10021 3465 3466
f 10022 3465 10021
f 9581 3891 9580
f 3835 9581 9580
f 9581 3835 3834
f 9581 3834 3890
f 3891 9581 3890
f 9578 9579 3893
f 9578 3836 9579
f 9578 3893 3894
f 9577 9578 3894
f 9636 9696 3780
f 9696 9636 3723
f 9636 3781 3723
f 9252 4107 4106
f 9252 4155 9201
f 4156 9252 9201
f 4107 9252 9251
f 9252 4156 9251
f 9302 4056 4055
f 4056 9356 4055
f 9301 4056 9302
f 9356 4056 9410
f 9237 9288 4120
f 9237 4018 9340
f 9288 9237 9340
f 4709 9187 8868
f 3684 9187 4709
f 9558 9187 3684
f 4018 9187 9558
f 9237 9187 4018
f 9297 4113 9296
f 9350 9297 9296
f 9297 9350 4060
f 9642 9702 3775
f 3831 3774 3830
f 3774 9644 3830
f 3886 3887 9585
f 3830 3886 9585
f 9527 3886 9528
f 3886 9527 3887
f 9477 3937 9533
f 3937 9477 9476
f 3992 9475 9476
f 3992 9366 3993
f 9475 3992 3993
f 3945 9523 9524
f 9467 3945 9468
f 3945 9467 3946
f 9523 3945 3946
f 9582 3889 3890
f 3834 9582 3890
f 9583 9582 3833
f 9582 9583 3889
f 9527 9526 3887
f 4185 9171 4231
f 4137 9272 9273
f 4229 9173 9174
f 4087 9272 9271
f 9324 4087 9271
f 9324 9323 9377
f 9325 4087 9324
f 4232 9169 4186
f 4187 9169 4233
f 9169 9121 4233
f 9121 9169 4232
f 9170 4232 4186
f 9170 4185 4231
f 9122 9170 4231
f 4232 9170 9122
f 9220 9170 4186
f 9170 9220 4185
f 9027 9026 4279
f 9121 9074 4279
f 9074 9121 4278
f 9074 9027 4279
f 9027 9074 4278
f 8890 8933 4449
f 4410 4409 8932
f 4409 8933 8932
f 4408 4409 8978
f 4409 4408 8933
f 9114 9162 9115
f 9121 9120 4233
f 9120 9121 4279
f 4324 9024 9025
f 4324 4325 9024
f 8927 4455 8926
f 4414 8927 8926
f 8841 8885 4493
f 8800 8841 4493
f 8799 8841 8800
f 8841 8799 4494
f 8884 8841 4494
f 8841 8884 8885
f 4330 9019 4329
f 4331 4373 8971
f 4330 4373 4331
f 9020 4328 4329
f 9020 9019 9067
f 9019 9020 4329
f 4328 9020 9021
f 9020 9068 9021
f 9068 9020 9067
f 9884 9822 3597
f 9822 9823 3658
f 9822 9884 3596
f 9823 9822 3596
f 9946 3598 9882
f 3537 3475 9947
f 3475 3537 9946
f 3597 3537 9947
f 9883 3537 3597
f 3537 3598 9946
f 3598 3537 9883
f 3653 9827 9828
f 9475 3938 9476
f 3938 3937 9476
f 3533 3470 9952
f 3470 3533 10016
f 3470 3532 9952
f 10015 9950 3472
f 9950 9949 3472
f 9950 10015 3471
f 9951 3533 3594
f 3533 9951 3471
f 9951 9950 3471
f 9950 9951 3534
f 9950 9886 9949
f 9886 9950 3534
f 9759 3719 9699
f 9700 3719 9759
f 9701 9760 3718
f 9760 9701 9700
f 9702 9701 3718
f 9701 9702 9642
f 9582 3777 3833
f 3777 9582 3834
f 9477 3991 9476
f 9367 4045 9314
f 9366 4046 9313
f 4046 9314 9313
f 4046 9367 9314
f 3988 9425 9424
f 9371 9425 9426
f 9424 3989 9479
f 3989 9478 9479
f 9478 3935 9479
f 3935 3934 9479
f 3934 3935 9535
f 3989 9423 9478
f 9423 3989 9424
f 9480 3988 9479
f 3934 9480 9479
f 9480 9425 3988
f 3880 9536 9535
f 9536 3934 9535
f 3592 9890 9828
f 9827 3592 9828
f 3592 3531 9890
f 9827 9826 3593
f 9826 9888 3593
f 9826 9765 3655
f 9888 9826 3594
f 9825 9826 3655
f 9826 9825 3594
f 10019 3467 3468
f 3338 10086 10085
f 10086 10087 3402
f 10087 10086 10153
f 9954 3531 3468
f 9890 9954 3591
f 3531 9954 9890
f 9690 9749 9750
f 9690 3728 9749
f 9690 9631 3786
f 9690 3786 9630
f 3728 9690 9630
f 9693 3725 3783
f 9693 9752 3725
f 9693 3726 9752
f 9751 3727 9750
f 3727 9751 9691
f 3727 9690 9750
f 9631 3727 9691
f 9690 3727 9631
f 3724 9695 9635
f 3781 9695 3723
f 9695 3781 9635
f 9695 9754 3723
f 9695 3724 9754
f 9753 9694 3725
f 9752 9753 3725
f 3665 9753 9752
f 9753 3724 9694
f 3724 9753 9754
f 9754 9753 9815
f 9753 3665 9815
f 9814 3666 9813
f 9814 3665 3666
f 9876 9814 9813
f 3665 9814 9815
f 9814 9877 9815
f 9877 9814 9876
f 9461 9462 4005
f 3950 9462 9461
f 9462 9463 4005
f 9462 3949 9463
f 9462 3950 3949
f 3950 9519 3949
f 9520 9519 3894
f 9519 9520 3949
f 9519 3895 3894
f 3895 9519 9518
f 9519 3950 9518
f 4004 9408 9463
f 9408 4004 9409
f 9464 4004 9463
f 9409 4004 9464
f 4006 9407 9406
f 9408 9407 4005
f 9353 9407 9408
f 9407 9461 4005
f 9407 4006 9461
f 9101 9149 4250
f 4251 9149 9101
f 9199 9250 4157
f 4157 9250 9251
f 9250 4108 9251
f 9405 4007 9406
f 9517 9516 3897
f 9516 3953 9515
f 3898 9516 9515
f 9516 3898 3897
f 9637 3836 3780
f 9637 9638 3836
f 9637 3722 9697
f 3722 9637 3780
f 3721 9637 9697
f 9638 9637 3721
f 3601 9880 9818
f 9817 3601 9818
f 3601 9817 9879
f 3541 3601 9879
f 3601 3541 9943
f 9880 3601 3540
f 3601 9943 3540
f 9817 3662 9756
f 3662 9817 9818
f 9756 3662 9757
f 3662 9818 9757
f 10073 3416 10072
f 3417 10071 10072
f 10271 3284 10270
f 3284 10271 3283
f 10071 10138 10072
f 3218 3219 10339
f 3219 10338 10339
f 10338 3219 3220
f 3219 10267 3220
f 10267 3219 10268
f 3288 10200 10199
f 10134 10067 10133
f 10200 10201 3353
f 3353 10201 10137
f 10201 10202 10137
f 3422 9999 10065
f 9999 3422 10000
f 10066 3356 10133
f 3356 10066 10132
f 10067 10066 10133
f 3421 10066 10067
f 10132 10066 10065
f 10066 3422 10065
f 10066 3421 10000
f 3422 10066 10000
f 3605 3543 9876
f 3543 3605 9875
f 3605 9876 9813
f 9812 3605 9813
f 3605 9874 9875
f 9874 3605 9812
f 9452 3958 9453
f 3958 9509 9510
f 3957 3958 9510
f 3958 9454 9453
f 9454 3958 3957
f 9509 9508 3904
f 9507 9508 3960
f 9508 3905 3904
f 3905 9508 9507
f 3792 9623 9683
f 3792 9624 3849
f 9623 3792 3849
f 9624 3791 3848
f 3791 9625 3848
f 3733 3791 9624
f 3791 3733 9625
f 9744 3733 9743
f 3674 9744 9743
f 3733 9744 9685
f 9745 9744 3673
f 9684 3733 9624
f 9684 3792 9683
f 3792 9684 9624
f 3734 9684 9683
f 9684 3734 9743
f 3733 9684 9743
f 9567 9566 3847
f 9567 9568 3903
f 9568 9567 3847
f 9566 9567 3904
f 9567 3903 3904
f 9503 3964 9502
f 3909 9503 9502
f 9561 9560 3853
f 9561 3909 9560
f 9679 3738 9738
f 3738 9678 9738
f 9678 3738 3797
f 3738 9619 3797
f 9619 3738 9679
f 9619 3796 3853
f 3796 9561 3853
f 9561 3796 3852
f 3796 9619 9679
f 3737 3796 9679
f 9447 3963 9448
f 3963 9503 9504
f 3963 9447 3964
f 9503 3963 3964
f 9563 9562 3851
f 9562 9563 3907
f 4016 9395 9340
f 3671 9808 9747
f 9808 3670 9747
f 3610 9808 3671
f 9870 9808 3610
f 9808 9870 3609
f 3670 9808 3609
f 9872 3608 3546
f 3608 9872 9810
f 3842 3785 9632
f 9631 3785 3842
f 3785 9691 9632
f 3785 9631 9691
f 9686 3732 9745
f 9744 3732 9685
f 3732 9744 9745
f 9627 3789 3731
f 3789 9686 3731
f 3847 3789 3846
f 3789 9627 3846
f 10835 2666 2743
f 10835 2667 2666
f 10757 10835 2743
f 2818 10835 10757
f 2595 10990 10910
f 10990 2518 11072
f 2518 10990 11071
f 11071 10990 10989
f 10990 2595 10989
f 11161 11078 2513
f 11160 11161 2513
f 2433 2434 2354
f 2433 11160 2434
f 2353 2433 2354
f 11161 2433 2353
f 2433 11161 11160
f 2515 11158 11159
f 2515 11157 11158
f 11076 11077 10995
f 10995 11077 10996
f 11077 11078 10996
f 11078 11077 2513
f 11076 10994 11075
f 10994 10993 11075
f 10993 10994 2591
f 2591 10994 10995
f 10994 11076 10995
f 11078 10997 10996
f 2588 10997 10998
f 10997 11079 10998
f 10997 2589 10996
f 2589 10997 10916
f 10997 2588 10916
f 2355 11241 2354
f 11241 11242 2354
f 11242 11241 2275
f 2276 11322 2275
f 11322 2276 11321
f 2276 2277 11321
f 1972 1973 11643
f 1973 1972 11564
f 11248 11247 2269
f 11248 2349 11247
f 11249 11248 2269
f 2350 2351 11245
f 2351 2350 11163
f 2350 2349 2429
f 11164 2350 2429
f 2586 10999 11000
f 10999 11081 11000
f 10999 10919 2587
f 10999 2586 10919
f 10998 10999 2587
f 2511 11079 11162
f 2431 2511 11162
f 2511 2431 11163
f 11079 2511 10998
f 2509 11164 2429
f 11164 2509 11081
f 11081 2509 11000
f 13164 506 13165
f 506 505 13165
f 506 507 13222
f 506 13164 507
f 564 13045 13044
f 13105 563 13165
f 562 13105 13165
f 13050 558 13109
f 558 13050 13049
f 558 13049 13108
f 558 13168 13109
f 13168 558 13108
f 13226 502 13225
f 13225 502 503
f 502 13167 503
f 13167 502 13168
f 677 12987 676
f 12927 677 676
f 12987 677 619
f 677 12986 619
f 736 676 12928
f 736 12927 676
f 677 737 12926
f 737 677 12927
f 737 738 12926
f 737 12864 738
f 736 737 12927
f 737 736 12865
f 796 737 12865
f 737 796 12864
f 618 13047 13048
f 618 12988 12987
f 618 12987 619
f 13047 618 619
f 13047 13106 561
f 13106 13166 561
f 13106 562 13165
f 505 13106 13165
f 13166 13106 505
f 678 738 12925
f 738 678 12926
f 679 678 12925
f 678 677 12926
f 677 678 12986
f 678 679 12985
f 620 678 12985
f 12986 678 620
f 13107 13047 561
f 13107 560 13047
f 13166 13107 561
f 560 13107 13167
f 13107 13166 13167
f 13224 448 13225
f 448 449 13281
f 449 448 13224
f 504 13224 503
f 13224 504 505
f 504 13166 505
f 674 675 12989
f 12930 732 733
f 12930 673 672
f 12930 12931 732
f 12931 12930 672
f 616 617 13048
f 617 616 12988
f 617 618 13048
f 618 617 12988
f 511 13217 13218
f 398 13329 13330
f 13276 398 13330
f 13275 398 13276
f 398 13275 13329
f 454 13277 453
f 454 13276 13277
f 13220 454 453
f 454 13275 13276
f 13427 13428 297
f 13427 250 13428
f 13377 13033 12784
f 391 13335 338
f 13431 294 295
f 294 13383 295
f 343 13382 295
f 13383 343 295
f 343 13331 13382
f 343 13383 13331
f 340 292 13433
f 13333 394 13279
f 242 243 13479
f 242 13435 290
f 243 242 290
f 241 13436 13435
f 13436 241 13481
f 242 241 13435
f 288 13436 13437
f 336 288 13389
f 288 336 13388
f 337 288 13388
f 289 288 337
f 288 289 13435
f 13436 288 13435
f 190 191 13567
f 191 13566 13567
f 86 13669 87
f 13561 164 13562
f 164 163 13562
f 165 164 13561
f 164 165 13592
f 13593 13592 135
f 164 13593 163
f 13593 164 13592
f 13560 198 13559
f 196 197 13561
f 198 197 13524
f 197 13560 13561
f 197 198 13560
f 13590 166 167
f 13590 167 13589
f 138 13590 13589
f 13590 13618 137
f 13618 13590 138
f 112 13617 13642
f 13617 139 13642
f 13617 138 139
f 13591 165 166
f 13591 13590 137
f 13590 13591 166
f 165 13591 13592
f 13669 13668 87
f 80 13675 81
f 13697 60 59
f 62 13713 61
f 13713 62 13712
f 13695 62 61
f 13672 13647 84
f 13672 107 13647
f 62 63 13712
f 63 13711 13712
f 13711 63 64
f 13712 13711 45
f 13711 46 45
f 13621 108 13647
f 108 13671 13647
f 12241 1331 1332
f 12240 12241 1332
f 1331 12241 12242
f 12241 1264 12242
f 1264 12241 12311
f 1535 12027 11953
f 12027 1534 11953
f 12028 1465 1533
f 12028 1534 1465
f 11954 12028 1533
f 1534 12028 11954
f 12026 1535 11952
f 12026 1467 1535
f 1469 1537 12023
f 1975 11561 11560
f 1976 1975 11560
f 11639 1975 1976
f 1608 11874 1609
f 11948 1608 1609
f 1608 11948 11949
f 11874 1608 11875
f 13709 13708 49
f 49 13708 68
f 13708 67 68
f 13710 13709 48
f 13710 13711 64
f 13709 13710 66
f 22 13738 13747
f 13739 13738 22
f 33 13738 13739
f 13747 13738 23
f 13738 13737 23
f 13737 34 13725
f 13738 34 13737
f 34 13738 33
f 12491 12490 1091
f 12559 12491 1091
f 12211 1356 1357
f 12210 12211 1357
f 12211 1291 1290
f 1291 12211 12210
f 1493 12067 1425
f 12067 1493 1564
f 12141 1356 1355
f 12215 1354 12214
f 12751 12686 904
f 12686 12751 841
f 12686 967 904
f 1150 1149 12430
f 1148 1149 12499
f 1149 1148 12431
f 12499 1149 12498
f 1149 1150 12498
f 12430 12359 12429
f 12359 1218 12429
f 12359 12430 1217
f 1218 12358 12429
f 12358 1151 12429
f 12497 1085 12498
f 1086 1085 12497
f 12555 12556 1094
f 1029 12556 12555
f 899 12691 12625
f 898 12757 12692
f 12757 898 12691
f 12692 897 12627
f 12693 897 12692
f 898 961 12625
f 961 898 12692
f 12626 961 12692
f 774 12822 12821
f 777 12881 12882
f 12757 836 12821
f 836 12757 12691
f 837 12756 12690
f 12756 899 12690
f 899 12756 12691
f 12756 836 12691
f 12819 12820 837
f 12820 12756 837
f 12756 12820 836
f 12820 775 12821
f 836 12820 12821
f 602 13062 13002
f 602 660 13001
f 660 602 13002
f 660 661 13001
f 661 13000 13001
f 12940 661 721
f 909 12747 12682
f 12682 12747 846
f 12747 12681 847
f 12747 909 12681
f 12747 12811 846
f 12811 12747 847
f 969 1032 1033
f 1032 969 12619
f 12619 969 906
f 969 12684 906
f 908 12748 12683
f 12748 845 12683
f 12748 12682 846
f 12748 908 12682
f 1101 12549 1036
f 12550 1101 1036
f 1101 1166 12481
f 1166 1101 12482
f 1102 1101 12481
f 1101 1102 12549
f 1101 1100 12482
f 1100 1101 12550
f 1034 12551 1035
f 12551 12550 1035
f 12551 1098 1099
f 1100 12551 1099
f 12551 1100 12550
f 12551 1034 1033
f 717 12943 12944
f 12943 717 718
f 717 716 12882
f 716 717 12944
f 12881 717 12882
f 718 717 12881
f 12942 660 659
f 719 12942 659
f 12942 719 720
f 12880 718 12881
f 12880 719 718
f 12879 12880 779
f 12880 12879 720
f 719 12880 720
f 968 12620 1031
f 12620 968 967
f 12750 905 906
f 905 12619 906
f 905 968 12619
f 12553 1032 1031
f 1032 12553 1097
f 1096 12553 1031
f 12553 1096 1097
f 1032 12552 1033
f 12552 1032 1097
f 1098 12552 1097
f 12552 12551 1033
f 12551 12552 1098
f 1096 12485 1097
f 12485 1096 1162
f 1163 12485 1162
f 13000 662 604
f 662 12939 663
f 662 661 12940
f 661 662 13000
f 722 662 12940
f 12939 662 722
f 723 12939 722
f 12877 723 722
f 723 12877 12876
f 723 12938 663
f 12939 723 663
f 843 12750 12684
f 12750 843 842
f 12815 12816 841
f 12751 12815 841
f 780 12815 781
f 12815 780 12816
f 12815 12751 842
f 13184 485 484
f 485 13184 13183
f 13242 429 428
f 485 13242 484
f 429 13242 13241
f 13242 485 13241
f 13297 431 432
f 13298 431 13297
f 486 13240 13241
f 485 486 13241
f 486 485 13183
f 13123 486 13183
f 486 13123 13182
f 486 13182 487
f 13240 486 487
f 374 13298 13297
f 13298 374 373
f 374 13352 373
f 434 13294 13295
f 13294 377 13295
f 13294 434 435
f 153 152 13573
f 152 153 13603
f 153 13573 13572
f 154 153 13572
f 13539 182 13499
f 13539 183 182
f 182 13574 151
f 183 13574 182
f 13574 152 151
f 152 13574 13573
f 13655 100 99
f 13655 13629 100
f 13630 13655 99
f 13655 13630 125
f 13629 13655 125
f 13629 13628 13654
f 13628 101 13654
f 126 13629 125
f 126 13628 13629
f 188 13534 13533
f 13534 188 187
f 13535 13534 187
f 189 188 13533
f 189 13569 188
f 13569 189 13568
f 13532 189 13533
f 189 13532 13568
f 157 13569 13568
f 158 157 13568
f 156 157 13599
f 13569 157 156
f 157 158 13598
f 13599 157 13598
f 13300 427 428
f 427 13300 13301
f 427 13301 426
f 13244 427 426
f 482 13127 13186
f 483 482 13186
f 482 483 13244
f 13069 13128 537
f 12944 657 12945
f 657 12944 658
f 657 656 12945
f 13066 13067 597
f 596 13067 13068
f 12884 774 12883
f 425 13245 426
f 482 13245 481
f 13245 13244 426
f 13245 482 13244
f 13246 480 481
f 13245 13246 481
f 13246 13245 425
f 13246 425 422
f 480 13246 13247
f 425 13303 422
f 13304 13303 368
f 13540 13500 13499
f 13500 13540 220
f 221 13500 220
f 13455 221 220
f 317 13407 13355
f 13354 317 13355
f 13406 317 13354
f 954 12634 12699
f 12434 12502 1146
f 12502 12434 1147
f 12701 827 12767
f 12766 12701 890
f 12700 12766 890
f 12766 12700 828
f 12766 827 12701
f 12698 893 12763
f 12565 12631 1020
f 12887 772 12886
f 12825 12887 771
f 12762 894 12696
f 894 12630 12696
f 12630 894 957
f 894 12631 957
f 893 12697 12763
f 12697 894 12762
f 12631 12697 893
f 894 12697 12631
f 772 12885 12886
f 13014 591 590
f 13248 479 13247
f 13189 479 13190
f 479 478 13190
f 478 479 13248
f 479 480 13247
f 479 13189 480
f 13248 421 13249
f 13306 421 13305
f 13356 13357 369
f 13407 13356 13355
f 13356 370 13355
f 13455 267 268
f 13457 13541 13501
f 13457 265 13541
f 13250 477 13249
f 423 13248 13247
f 423 13304 13305
f 421 423 13305
f 423 421 13248
f 13357 13358 368
f 365 13359 364
f 13306 365 364
f 365 13306 13305
f 434 13237 435
f 489 13237 13238
f 13237 434 13238
f 602 13061 13062
f 13347 325 13348
f 380 13347 379
f 13293 436 13292
f 380 13293 13292
f 13293 380 379
f 436 13293 435
f 13293 13294 435
f 372 13299 373
f 13299 13298 373
f 13300 13299 372
f 429 13299 428
f 13299 13300 428
f 13301 13302 426
f 370 13302 13301
f 13302 425 426
f 13302 13356 369
f 13356 13302 370
f 13303 13302 369
f 13302 13303 425
f 13301 371 13355
f 13300 371 13301
f 371 13354 13355
f 371 13300 13354
f 13184 13124 13183
f 13122 13062 544
f 13182 13122 544
f 13123 13122 13182
f 10713 10638 2863
f 10713 2863 2789
f 10790 10713 2789
f 2714 10790 2789
f 2788 2714 10868
f 2714 2788 10790
f 2633 10871 2710
f 2634 2633 2710
f 2633 2634 10950
f 2709 2633 2632
f 2633 2709 10871
f 10951 2633 10950
f 2633 10951 2632
f 10951 10952 2632
f 10952 10951 2555
f 10791 2787 10715
f 2711 2786 2712
f 2859 10793 10717
f 10793 2859 10716
f 10796 2856 10719
f 2553 10953 2554
f 10953 10952 2554
f 2780 10874 2705
f 11113 11032 11031
f 11113 2478 11032
f 11113 11031 2479
f 11196 11113 2479
f 2478 11113 11196
f 2477 11197 2397
f 11033 2477 11115
f 2477 11198 11115
f 11198 2477 2397
f 11195 2399 2479
f 2558 11030 2557
f 10413 3151 10412
f 3151 10338 3220
f 10337 3151 3220
f 10271 3217 3216
f 3217 10341 3216
f 3217 10271 10270
f 3218 3217 10270
f 3217 3218 10340
f 10341 3217 10340
f 2929 10643 10644
f 2928 2929 10644
f 2858 10642 10717
f 10642 2859 10717
f 10642 2858 2931
f 10566 10642 2931
f 10642 10566 2932
f 10642 2932 10641
f 2859 10642 10641
f 2860 2859 10641
f 2859 2860 10716
f 10205 3349 10140
f 10142 10207 3347
f 10206 10205 3282
f 10206 3349 10205
f 3349 10206 10141
f 10493 3002 3001
f 3002 10568 3001
f 3003 10566 2931
f 10567 3003 2931
f 10566 3003 10492
f 3003 10493 10492
f 3003 3002 10493
f 3002 3003 10567
f 3144 3145 10420
f 3144 10345 3145
f 3074 3073 10420
f 10419 3074 10420
f 3073 3074 10493
f 10493 3074 10492
f 3074 10418 10492
f 3074 10419 10418
f 3281 10274 3280
f 10206 3281 10207
f 3214 10345 3213
f 10274 3214 3213
f 10080 3409 10079
f 10145 10080 10079
f 10080 10146 10081
f 3343 10146 10211
f 10146 3343 10147
f 10212 3343 10211
f 10147 3343 10212
f 9948 10013 3473
f 3410 10013 10012
f 10013 3410 3409
f 10014 10013 3409
f 10013 10014 3473
f 3128 3129 10436
f 10437 3128 10436
f 3128 10437 3127
f 10361 3128 10362
f 3128 10361 3129
f 2845 2918 10654
f 2918 2845 10655
f 3129 3130 10434
f 3130 10359 10433
f 10358 10359 3200
f 10156 3334 10091
f 3335 10156 10155
f 10220 10156 3335
f 3334 10156 10220
f 3267 10222 10221
f 10158 10222 10223
f 10159 10224 3331
f 10224 3265 10291
f 3265 10224 10223
f 10292 3196 10293
f 10159 10094 10093
f 10094 10159 3331
f 10092 10158 10093
f 3332 10158 10223
f 10224 3332 10223
f 3332 10224 10159
f 3332 10159 10093
f 10158 3332 10093
f 3583 9900 9838
f 10292 3197 3196
f 3197 10292 10291
f 3197 10363 3196
f 10363 3197 10362
f 10363 3128 3127
f 3128 10363 10362
f 3196 3195 10293
f 3195 10294 10293
f 10294 3195 3194
f 3195 10365 3194
f 3393 10030 3394
f 10095 3394 3395
f 10094 10095 3395
f 10095 10094 3330
f 10509 10508 2986
f 10509 3058 10508
f 3058 10509 10435
f 10509 3057 10435
f 3057 10509 10510
f 10584 10509 2986
f 10510 10509 10584
f 3059 10508 10434
f 3059 2987 10508
f 3130 3059 10434
f 3059 3130 10433
f 2913 2985 10584
f 10585 2985 2913
f 2985 10510 10584
f 2985 10511 10510
f 10511 2985 10585
f 10512 10511 2984
f 10511 10512 10438
f 10512 2984 10586
f 10670 10669 2831
f 2902 10670 2830
f 10745 10670 2831
f 10670 10745 2830
f 10669 10744 2831
f 10744 10669 2832
f 10744 10821 2831
f 10821 10744 2832
f 10593 2977 2905
f 10518 10593 2976
f 10593 10518 2977
f 10520 2974 3046
f 10520 2975 2974
f 2975 10520 3047
f 10595 2975 10594
f 2975 10595 2974
f 10595 10596 2973
f 10595 2901 10596
f 10521 10595 2973
f 10595 10521 2974
f 2901 10595 10671
f 10595 2902 10671
f 10374 3183 3184
f 3115 3116 10448
f 3115 10373 3116
f 3044 3115 10448
f 10373 3115 3184
f 3115 10374 3184
f 3115 3044 10449
f 3118 3119 10445
f 3119 3118 10371
f 3119 3120 10445
f 3188 3119 10371
f 10446 3118 3047
f 10446 10520 3046
f 10520 10446 3047
f 10447 3117 3046
f 3117 10446 3046
f 10446 3117 3118
f 3117 10447 3116
f 3187 3188 10371
f 3118 3187 10371
f 10444 3048 10445
f 10518 3048 10444
f 3048 10519 10445
f 10519 3048 2976
f 3048 10518 2976
f 10592 2978 2906
f 10517 2978 3049
f 2978 10518 3049
f 10518 2978 2977
f 2978 10592 2977
f 3121 10443 10444
f 3121 10369 3190
f 10368 3121 3190
f 3121 3120 10369
f 3120 3121 10444
f 3050 3051 10517
f 3051 3050 10443
f 3050 10517 3049
f 10443 3050 3049
f 3051 2979 10517
f 3122 3051 10443
f 3121 3122 10443
f 3122 3121 10368
f 3051 3122 10442
f 3122 3123 10442
f 3191 3122 10368
f 10664 2837 10739
f 10664 10739 2836
f 10665 10664 2836
f 2838 10662 10737
f 10737 10662 2839
f 10662 10661 2839
f 10661 10662 2912
f 10662 2911 2912
f 10227 3261 10228
f 3261 10294 3194
f 10295 3261 3194
f 10590 2980 10515
f 10590 10589 2908
f 10666 10590 2908
f 2907 10590 10666
f 10666 10741 10667
f 10438 3055 3126
f 10512 3055 10438
f 10589 10514 10588
f 10514 3053 10440
f 2713 2636 10869
f 2636 2713 10868
f 2712 2713 10869
f 2787 2713 2712
f 2713 2787 10791
f 2713 2788 10868
f 2788 2713 10791
f 11027 2484 11109
f 11108 2484 11027
f 2404 2484 11191
f 11191 2484 2485
f 2484 11108 2485
f 2484 2404 11192
f 10947 2560 10948
f 2560 10947 11027
f 2560 11027 11028
f 11193 2403 2402
f 11193 11192 2403
f 2401 11193 2402
f 11193 2401 2481
f 2482 11193 2481
f 2484 2483 11109
f 2483 2484 11192
f 11109 2483 11028
f 11193 2483 11192
f 2483 11193 2482
f 2559 2558 10949
f 10948 2559 10949
f 2559 2560 11028
f 2560 2559 10948
f 11030 11029 11111
f 11029 11030 2558
f 2559 11029 2558
f 11029 2559 11028
f 11186 2410 2330
f 2410 11186 2490
f 11185 2410 2490
f 11510 2024 2023
f 2023 11591 2022
f 1948 11591 2023
f 11591 1947 2022
f 11591 1948 1947
f 1874 1948 11669
f 1801 1874 11669
f 1800 1874 1801
f 11588 2026 11587
f 11506 2027 2102
f 2026 2027 11587
f 11668 11667 1876
f 1875 11668 1876
f 1950 11668 1875
f 11668 1951 11667
f 1951 11668 1950
f 2168 11355 2245
f 2017 1942 11596
f 2016 2017 11596
f 2331 2410 11185
f 2330 2331 11268
f 2410 2331 2330
f 2644 10860 2645
f 10860 2644 2720
f 10941 2644 10940
f 2644 10941 2643
f 2645 2721 10859
f 10860 2721 2645
f 2721 2796 10859
f 2795 2721 10860
f 11021 11102 2490
f 11020 11102 11021
f 2491 11102 11020
f 11102 11185 2490
f 11102 2491 11185
f 11025 2562 2563
f 2562 11025 11107
f 11107 11025 2486
f 2561 11108 11027
f 10947 2561 11027
f 10946 2561 10947
f 2561 10946 2562
f 11026 11107 2485
f 11026 2562 11107
f 11108 11026 2485
f 2561 11026 11108
f 11026 2561 2562
f 9946 3538 3476
f 3538 9945 3476
f 3538 9946 9882
f 3599 3538 9882
f 9945 3538 3599
f 3475 3474 9947
f 3474 3475 10012
f 9947 3474 3536
f 3474 9948 3536
f 10013 3474 10012
f 3474 10013 9948
f 3664 9754 9815
f 9816 3664 9815
f 3664 9755 9754
f 3664 9816 9755
f 9878 9816 3603
f 9878 9941 9942
f 9941 9878 3603
f 9941 3480 10006
f 12918 686 685
f 12917 686 12918
f 12977 686 687
f 686 12917 687
f 628 12976 629
f 628 12977 12976
f 12977 628 627
f 12979 684 685
f 568 13040 13099
f 13040 569 13099
f 569 13158 13099
f 13099 13158 13159
f 511 13158 512
f 13158 511 13159
f 13039 626 627
f 13039 13040 626
f 13040 13039 569
f 13158 13157 512
f 573 13035 13034
f 13153 573 13093
f 573 13034 13093
f 13095 572 13154
f 691 751 12911
f 12912 751 691
f 751 12849 12911
f 12913 690 12914
f 12912 12913 750
f 690 12913 12912
f 808 12851 12852
f 12853 808 12852
f 748 12853 12852
f 748 12916 747
f 12853 748 747
f 1173 12475 12476
f 12475 1107 12476
f 1043 979 12610
f 979 1043 12609
f 1043 12543 1044
f 12609 1043 1044
f 1105 12545 1040
f 12545 1105 1106
f 12408 1173 12476
f 1172 12408 12476
f 12408 1172 12338
f 12124 1374 1442
f 1374 12195 12196
f 12542 1110 1045
f 12542 981 1044
f 12542 1045 12608
f 981 12542 12608
f 12541 12473 1111
f 1110 12473 12541
f 12473 1176 1111
f 917 980 12674
f 980 981 12674
f 981 980 12609
f 980 979 12609
f 854 12675 12740
f 12675 917 12740
f 12675 854 916
f 979 12675 916
f 980 12675 979
f 12675 980 917
f 12607 983 920
f 1046 983 12607
f 1047 983 1046
f 983 12672 920
f 12673 12739 918
f 919 12673 918
f 12739 12673 856
f 12673 857 856
f 857 12673 12738
f 12673 920 12738
f 12673 919 920
f 282 13394 331
f 13441 282 331
f 13526 13527 13486
f 13526 196 195
f 13527 13526 195
f 240 13481 13522
f 13482 240 13522
f 240 13436 13481
f 13436 240 13437
f 240 13482 13437
f 13344 382 13290
f 13345 382 13344
f 382 13291 13290
f 13346 13345 327
f 13397 13346 327
f 13346 13347 380
f 328 13345 13344
f 328 13396 327
f 13345 328 327
f 279 13397 327
f 13396 279 327
f 13056 13115 551
f 13115 13056 13055
f 13233 439 438
f 13233 438 13234
f 493 13233 13234
f 439 13289 13290
f 13289 439 440
f 438 437 13234
f 13291 437 438
f 437 13291 13292
f 436 437 13292
f 13234 437 13235
f 437 436 13235
f 381 380 13292
f 13291 381 13292
f 381 13346 380
f 13346 381 13345
f 381 382 13345
f 382 381 13291
f 13052 613 13051
f 613 13052 612
f 671 670 12932
f 671 12931 672
f 731 671 12932
f 12931 671 731
f 550 13116 13176
f 13116 13056 551
f 13117 550 13176
f 13177 13117 13176
f 12999 605 604
f 12999 662 663
f 662 12999 604
f 12998 12999 663
f 605 12999 12998
f 607 13057 12997
f 13057 606 12997
f 606 13057 13058
f 13057 13117 13058
f 13117 13057 550
f 13057 607 13056
f 13116 13057 13056
f 13057 13116 550
f 728 12871 729
f 728 12872 12871
f 12934 728 729
f 12873 785 786
f 12872 12873 786
f 725 12874 726
f 12873 12874 785
f 12874 12873 726
f 724 723 12876
f 723 724 12938
f 12936 726 666
f 12936 725 726
f 12936 666 665
f 725 12936 665
f 12805 792 12806
f 792 12805 793
f 12868 792 793
f 791 12868 12869
f 12807 791 12869
f 12806 791 12807
f 792 791 12806
f 791 792 12868
f 12419 1227 12348
f 12349 1227 12419
f 1227 12349 12278
f 1227 12277 12348
f 1227 12278 1294
f 12277 1227 1294
f 1226 12420 12350
f 1226 12349 12420
f 12279 1226 12350
f 12349 1226 12278
f 1226 1293 12278
f 1293 1226 12279
f 1224 12281 12280
f 12351 1224 12280
f 1224 12351 12422
f 1158 12421 12350
f 12421 12351 12350
f 1098 12483 1099
f 12483 1100 1099
f 1100 12483 12482
f 12415 12345 1232
f 12415 1164 12345
f 12415 12483 1164
f 1231 1230 12275
f 1230 1231 12346
f 1229 1230 12346
f 1230 12276 12275
f 1230 1229 12276
f 12277 1228 12348
f 1228 12277 12347
f 1228 12418 12348
f 12418 1228 12347
f 1434 1502 1503
f 1502 1434 12132
f 1434 1503 12059
f 12131 1434 12059
f 12132 1434 1365
f 1434 12131 1365
f 1367 1368 12201
f 1367 1366 1435
f 1364 1433 12132
f 12204 1364 1365
f 1364 12132 1365
f 1433 1364 12133
f 1364 1363 12133
f 1364 12204 12205
f 1363 1364 12205
f 12198 1371 1372
f 12127 1371 1370
f 1371 12199 1370
f 1371 12198 1304
f 12199 1371 1304
f 12269 12268 1238
f 1307 1306 12196
f 1306 12197 12196
f 1306 1307 12267
f 975 12613 12679
f 976 12613 1039
f 12613 975 1039
f 1171 12339 12409
f 914 977 12677
f 12743 914 12677
f 12678 914 12743
f 12342 1234 12271
f 1234 1301 12271
f 1234 12342 12413
f 1166 12343 12413
f 1233 12343 1166
f 12343 1234 12413
f 12344 1233 12414
f 12344 12415 1232
f 1299 12273 1232
f 12273 12344 1232
f 12344 12273 1233
f 911 12615 974
f 12680 911 912
f 911 12680 910
f 12615 911 910
f 911 12614 912
f 911 974 12614
f 1237 12269 1238
f 12339 1237 1238
f 12269 12270 1303
f 1237 12270 12269
f 12271 12270 1235
f 12270 1237 12340
f 1236 12270 12340
f 12270 12341 1235
f 12270 1236 12341
f 1103 1038 12548
f 1038 1103 12547
f 1038 974 12548
f 974 1038 12614
f 1038 975 12614
f 1038 12547 1039
f 975 1038 1039
f 12342 1167 12413
f 12413 1167 12481
f 1167 12480 12481
f 1167 1168 12480
f 12341 12412 1235
f 1168 12412 12341
f 12412 12342 1235
f 12412 1167 12342
f 1167 12412 1168
f 1168 1169 12479
f 12049 1515 1446
f 1514 12049 1446
f 12049 11975 1515
f 12049 1514 11975
f 1445 1514 1446
f 1513 1445 1444
f 1513 11977 1583
f 11899 1657 1658
f 11899 1658 11898
f 1587 11899 11898
f 11899 1587 1586
f 1585 11975 1584
f 11975 1585 1586
f 1585 11899 1586
f 11748 1727 1726
f 1800 11748 1726
f 11748 1801 1727
f 11748 1800 1801
f 11902 11901 1583
f 1724 1723 11751
f 1723 1724 11828
f 1723 1796 11751
f 1723 11828 1722
f 1797 1724 11751
f 1724 1797 11750
f 1870 1797 11751
f 1871 1797 1870
f 1797 1871 11750
f 1511 1510 11979
f 1510 1511 1442
f 1511 1443 12124
f 1512 11978 1582
f 11977 1512 1582
f 1443 1512 1444
f 1374 12125 1442
f 12125 1510 1442
f 12054 1440 1508
f 1440 12054 1509
f 1440 1371 12127
f 2612 2611 2688
f 10973 2611 2612
f 2611 10894 2688
f 11058 2531 11057
f 2531 10977 11057
f 11146 11065 11064
f 2447 11146 11064
f 11146 2446 11065
f 11059 10979 2530
f 10979 11059 2529
f 10981 2528 2527
f 2604 10981 2603
f 10980 2604 2605
f 2528 10980 2529
f 10981 10980 2528
f 10980 10981 2604
f 10979 10980 2605
f 10980 10979 2529
f 11703 1914 1915
f 11302 2295 2296
f 11301 11302 2296
f 1546 11938 12013
f 11938 1546 11939
f 1546 12014 11939
f 1340 1339 12159
f 1341 1340 12158
f 1340 12229 12230
f 1340 1341 12229
f 1341 1409 12157
f 1409 1341 12158
f 12154 1412 1481
f 11542 11541 1991
f 1990 11542 1991
f 11542 2064 11462
f 11539 1992 2067
f 1992 11539 1993
f 11459 11539 2067
f 11933 1550 11934
f 1693 11858 11859
f 11858 1621 11859
f 11858 1693 11781
f 11699 11620 1918
f 11699 1917 11620
f 1767 1840 11703
f 1840 1767 11781
f 11857 1695 11856
f 1768 1695 11780
f 1695 1696 11856
f 2147 11375 2224
f 2146 11456 11376
f 11375 2146 11376
f 2147 2146 11375
f 2221 2144 11378
f 11377 2144 2221
f 2144 11459 11378
f 2686 2760 10818
f 2760 2686 10896
f 2609 2686 2610
f 2686 2609 10896
f 10894 2687 10816
f 2687 2761 10816
f 2687 2611 2610
f 2611 2687 10894
f 11380 2219 2220
f 11381 2219 11380
f 2219 11381 2218
f 11299 2219 2218
f 2609 2685 10896
f 2685 2760 10896
f 10975 2533 10976
f 2609 10975 10976
f 10975 2609 2610
f 2685 10819 2760
f 2534 11053 11054
f 11053 2534 10973
f 2299 2298 11217
f 2299 11299 2298
f 2380 11215 11214
f 2380 2300 11215
f 2221 11297 11296
f 11297 2221 2220
f 2379 11216 11215
f 2300 2379 11215
f 2299 2379 2300
f 11216 2379 11217
f 2379 2299 11217
f 11382 2217 2218
f 2217 11300 2218
f 11300 2217 11301
f 2217 11382 11383
f 2140 11382 11462
f 11382 2140 11383
f 11541 2066 11540
f 2066 11460 11540
f 2066 11541 11461
f 2142 2066 11461
f 11460 2066 2142
f 14870 6865 6893
f 6865 14871 6893
f 6864 14872 6891
f 6865 6864 14871
f 14849 6919 6893
f 14849 6918 6919
f 14849 14850 6918
f 6920 6921 14847
f 6894 6920 14847
f 6920 14827 6946
f 14827 6920 6919
f 14940 10676 2823
f 6841 10676 14940
f 10676 6841 2896
f 10676 10751 2823
f 10751 10676 2824
f 10676 2896 10675
f 2824 10676 10675
f 6809 6808 14918
f 6809 14943 6808
f 14943 6809 6810
f 14922 14948 14923
f 6805 14921 14946
f 6805 14972 14947
f 14972 6805 14946
f 14922 6805 14947
f 6805 14922 14921
f 6777 14996 6746
f 6747 14996 6777
f 6746 14996 6715
f 14996 6747 6715
f 2452 11142 11060
f 11141 2452 11060
f 1983 11550 11630
f 1983 1982 11551
f 11550 1984 11630
f 1984 11629 11630
f 1763 11707 1837
f 11629 1909 11630
f 1762 1835 11708
f 1835 1909 11708
f 1909 1835 11709
f 11709 1835 1761
f 2132 11472 11473
f 11472 2132 11391
f 11552 1982 11632
f 11471 11552 2056
f 11472 11471 2056
f 11471 11472 11391
f 11469 2135 2059
f 2135 11469 11388
f 11228 2447 2448
f 11311 2209 2208
f 2207 11311 2208
f 11311 2207 11312
f 2286 11311 11312
f 2287 11311 2286
f 10750 2751 10827
f 2751 2825 10826
f 2751 10750 2825
f 2677 2751 10826
f 2751 2677 10904
f 2676 10904 2600
f 10905 2676 2600
f 2676 2751 10904
f 2598 6720 2674
f 2598 10986 6720
f 10986 2598 10985
f 6687 2522 11066
f 6687 10986 2522
f 11148 6687 11066
f 15046 6687 11148
f 6687 15046 6686
f 15019 6687 6686
f 10986 6687 6720
f 6687 15019 6720
f 6504 15166 6542
f 15198 6504 6465
f 6504 15198 15166
f 15107 6612 6611
f 6646 15107 6611
f 15107 6646 6647
f 6615 6580 6579
f 6580 6615 15104
f 6541 6578 6579
f 6578 6541 15135
f 6577 6578 15135
f 6653 15046 11148
f 6653 11148 2445
f 6581 6617 6582
f 15103 6617 6581
f 6617 6618 6582
f 6617 15103 6652
f 15074 15047 15046
f 15074 6653 6652
f 6653 15074 15046
f 15074 6652 6651
f 15047 15074 6651
f 6580 6616 6581
f 6616 6580 15104
f 6616 15103 6581
f 6616 15104 6651
f 15103 6616 6651
f 15133 6580 6581
f 6544 15133 6581
f 15133 6544 6543
f 15133 6543 6542
f 6580 15133 6542
f 14994 6717 6748
f 15022 6717 15021
f 6717 15022 6716
f 14995 6717 6716
f 6717 14995 6748
f 14993 6718 6749
f 6718 14994 6749
f 6718 14993 6719
f 6717 6718 15021
f 6718 6717 14994
f 14942 14916 6811
f 14916 14941 6811
f 14916 14915 14941
f 14915 14916 6840
f 6750 6781 6751
f 14967 6781 6750
f 6751 6781 6782
f 6781 14966 6782
f 6781 14967 14966
f 10982 2525 10983
f 2525 2524 10983
f 2524 2525 11064
f 2525 11063 11064
f 11063 11145 11064
f 11145 11063 2448
f 11145 2447 11064
f 2447 11145 2448
f 2526 10982 2603
f 2526 2525 10982
f 2525 2526 11063
f 10981 2526 2603
f 2526 10981 2527
f 2972 2971 10522
f 2972 10596 2900
f 10596 2972 2973
f 2972 10522 2973
f 2899 10597 2900
f 2971 10597 2899
f 10597 2972 2900
f 2972 10597 2971
f 10523 10598 2970
f 10523 2971 10598
f 3042 10523 2970
f 2971 10523 3043
f 10523 3042 10449
f 3043 10523 10449
f 10751 10828 2823
f 10828 2749 2823
f 10828 2675 2749
f 10749 2752 10826
f 2752 10749 10825
f 2752 10825 2678
f 2752 2677 10826
f 2677 2752 2678
f 10748 2827 10673
f 10825 2827 10748
f 10749 2827 10825
f 2826 2825 10674
f 2826 10749 2825
f 10673 2826 10674
f 2827 2826 10673
f 2826 2827 10749
f 10105 3317 10170
f 10105 10106 3382
f 10106 10105 10170
f 10105 10169 3317
f 10105 3382 3383
f 10106 3316 10171
f 3316 10106 10170
f 3316 10170 10235
f 10236 3316 10235
f 3316 10236 10171
f 10451 3111 3112
f 10378 3111 6923
f 14747 6995 14767
f 14766 6995 14747
f 6995 14787 14767
f 3248 3249 10305
f 3249 3182 10305
f 3249 10304 3182
f 10304 3249 3250
f 3249 10236 3250
f 3379 3380 10107
f 10108 3379 10107
f 3380 3379 10041
f 3443 3379 10042
f 3379 3443 10041
f 10172 10108 10107
f 3378 10043 10042
f 3379 3378 10042
f 3378 3379 10108
f 3378 7019 10043
f 6997 10238 14785
f 10306 3181 3180
f 3247 10306 3180
f 10306 3247 3248
f 3181 10306 10305
f 10306 3248 10305
f 10307 3247 3180
f 7019 14746 7018
f 14766 14746 14765
f 14746 14747 7018
f 14746 14766 14747
f 2755 10901 2680
f 10901 2755 2681
f 10901 2604 2680
f 2604 10901 2681
f 10824 10747 2754
f 10824 2828 10747
f 10824 2679 2753
f 10748 10824 2753
f 2828 10824 10748
f 10902 10824 2754
f 10824 10902 2679
f 8205 8221 5041
f 5042 8221 8205
f 8221 5042 5027
f 8035 13837 13828
f 13819 8035 13828
f 8035 13827 13836
f 13837 8035 13836
f 8035 13818 13827
f 13818 8035 13819
f 13859 5026 5011
f 5026 13859 7998
f 5011 5026 5027
f 5026 8221 5027
f 5026 13847 5041
f 8221 5026 5041
f 8012 5026 7998
f 5026 8012 13847
f 8191 8177 5055
f 8190 8191 5055
f 13848 8012 8011
f 8012 13848 8025
f 8276 8257 4977
f 8276 13872 8257
f 13872 8276 7968
f 13872 7968 13885
f 13834 13843 8016
f 13844 13834 8016
f 13843 13834 8028
f 13834 13825 8028
f 8053 13805 8054
f 13805 8053 13806
f 13805 13804 8054
f 13805 8063 13804
f 8013 13858 13846
f 8014 8013 13846
f 13857 8013 8014
f 13835 13845 8026
f 13845 13835 13844
f 8007 13852 8008
f 13852 8019 8020
f 13853 8005 8018
f 13841 13853 8018
f 13853 13841 8019
f 13906 13892 7959
f 7944 7945 13919
f 7927 7944 13919
f 7974 7973 7988
f 13855 8004 8003
f 8004 7989 8003
f 13854 8004 8017
f 8004 13855 8017
f 8005 8004 13854
f 7957 13908 13894
f 7957 13881 13893
f 13881 7957 13894
f 7939 7940 7922
f 7956 7940 7939
f 13908 7940 7956
f 7910 13935 13919
f 13935 7927 13919
f 7927 13935 7909
f 13920 7927 7909
f 7944 13920 13905
f 13920 7944 7927
f 13935 13951 7909
f 7904 13924 7922
f 13924 7904 13940
f 13938 7905 7923
f 13958 7901 13941
f 7901 13958 13942
f 7900 13958 13959
f 13942 13958 7900
f 13976 7879 13959
f 13976 7859 7879
f 7921 13924 13940
f 13924 7921 7938
f 7921 13925 7938
f 7986 7971 13870
f 7986 13869 7971
f 7985 7986 13870
f 13869 7986 8001
f 4806 8494 8464
f 8495 4777 4776
f 4808 8490 4780
f 8491 4808 4780
f 8490 4808 8461
f 4808 8491 8461
f 8413 4877 4852
f 4877 8413 4876
f 8442 8413 4852
f 4851 8413 8442
f 8387 8386 4876
f 8386 4877 4876
f 8386 8387 4899
f 4877 8386 8385
f 8271 8292 4980
f 8292 8271 4981
f 8253 8271 4980
f 8408 8436 4856
f 8408 4857 8436
f 8466 8496 4803
f 8437 8466 4830
f 8466 8467 4830
f 8467 8466 4803
f 8465 4805 8495
f 4805 4777 8495
f 4777 4805 8494
f 8494 4805 8464
f 4805 8465 8464
f 4832 8435 8434
f 8434 4858 8406
f 8435 4858 8434
f 4858 8435 8407
f 4883 4858 8407
f 4858 4883 8406
f 4884 4859 8406
f 4859 4884 8405
f 8331 4926 4947
f 4926 8355 8356
f 8355 4926 8331
f 4928 8330 8307
f 8308 8331 4947
f 4967 8308 4947
f 8308 4967 8286
f 8229 5002 5019
f 8229 5035 5020
f 5035 8229 5019
f 5003 8229 5020
f 5003 8248 5002
f 8229 5003 5002
f 5003 8247 8248
f 8247 5003 5004
f 5008 8243 5007
f 8242 5009 8241
f 8242 5008 5009
f 8260 8242 8241
f 4990 8242 8260
f 8242 4990 8261
f 8243 8242 8261
f 8242 8243 5008
f 5040 8222 5025
f 5040 5054 8222
f 5009 8223 5025
f 5008 8223 5009
f 8223 5040 5025
f 5040 8223 5024
f 8224 5008 5007
f 8224 8223 5008
f 8223 8224 5024
f 8192 8208 5053
f 8208 8192 5054
f 5057 8173 8187
f 5058 8202 8187
f 8173 5058 8187
f 5058 8173 8172
f 5032 8216 8215
f 5045 8216 8217
f 8201 8216 5045
f 8251 8252 5000
f 8233 8252 4999
f 5000 8252 8233
f 8271 8252 4981
f 8252 8253 4999
f 8252 8271 8253
f 8170 5061 8184
f 5061 8169 8183
f 5061 8170 8169
f 5060 8184 8200
f 8185 5060 8200
f 5060 8185 8171
f 8170 5060 8171
f 5060 8170 8184
f 8202 5044 8203
f 5044 8219 8203
f 5047 8214 8215
f 5032 8214 5033
f 8214 5032 8215
f 8213 8214 5048
f 8214 8213 5033
f 8199 8198 5048
f 8214 8199 5048
f 8199 8214 5047
f 8198 8199 8183
f 8199 5061 8183
f 5061 8199 8184
f 8184 8199 8200
f 8199 5047 8200
f 5050 5035 8212
f 5050 8211 5035
f 5035 5036 5020
f 8211 5036 5035
f 5021 5036 5037
f 8193 8192 5053
f 8192 8193 5066
f 5036 8210 5037
f 5066 5065 8165
f 8166 8167 5077
f 8166 5077 8165
f 5079 8150 8162
f 5079 8151 8150
f 8163 5079 8162
f 8151 5079 8163
f 8150 5090 8140
f 8151 5090 8150
f 8140 5090 8141
f 5090 8151 8141
f 5030 8235 5029
f 5015 8235 5030
f 4997 8235 4998
f 4998 8234 4999
f 8234 8233 4999
f 8235 8234 4998
f 8234 8235 5015
f 8234 5016 8233
f 8234 5015 5016
f 5043 8204 8203
f 8219 5043 8203
f 5013 5029 8236
f 5013 8219 5029
f 5013 4996 8237
f 4996 5013 8236
f 8273 4979 8294
f 8293 4979 8272
f 8272 4979 8254
f 4979 8273 8254
f 8294 4979 4961
f 4979 8293 4961
f 4997 8255 4996
f 8255 8273 8274
f 8255 4997 8254
f 8273 8255 8254
f 8256 4995 4996
f 8256 4978 8275
f 4995 8256 8257
f 8256 8275 8257
f 4978 8256 8274
f 8256 8255 8274
f 8255 8256 4996
f 5056 8188 8204
f 8204 8188 8203
f 8188 5057 8203
f 8895 8896 4484
f 8895 8851 8894
f 8896 4444 4443
f 4444 8939 4443
f 8895 4444 8896
f 8939 4444 8938
f 4402 8940 4403
f 8940 8939 4403
f 8939 8940 4443
f 8940 8941 4443
f 8940 4402 8941
f 8942 8941 4401
f 8942 4442 8941
f 4442 8942 4441
f 8942 8943 4441
f 8855 4482 8898
f 4482 8897 8898
f 8897 4482 8854
f 4521 8770 4522
f 8770 8769 4522
f 8770 4558 4559
f 8769 8770 4559
f 8897 4483 8896
f 4483 8853 8896
f 4483 8897 8854
f 8811 4521 4522
f 8853 8811 4484
f 4483 8811 8853
f 8811 8810 4484
f 8810 8811 4522
f 8901 8900 4440
f 8900 4441 4440
f 8900 8899 4441
f 4319 4320 9030
f 4319 4362 4320
f 9031 4319 9030
f 8768 8809 4523
f 8809 8768 4524
f 8809 8810 4523
f 8809 8851 8810
f 8894 8850 8893
f 4364 8982 4405
f 4405 4363 4404
f 8982 4363 4405
f 4363 8982 4320
f 8936 4446 8893
f 4446 4445 8894
f 4445 8895 8894
f 4444 4445 8938
f 4445 4444 8895
f 8889 8846 4490
f 8889 8890 8846
f 4527 8763 8804
f 8724 8686 4599
f 4598 8686 8724
f 8686 4633 4599
f 8725 4598 8724
f 4598 8725 4597
f 8687 4631 4632
f 8686 8687 4632
f 8687 8686 4598
f 8687 4598 4597
f 8688 4663 8651
f 4631 8688 8651
f 8688 8687 4597
f 8687 8688 4631
f 8688 4597 4596
f 8689 8688 4596
f 8727 8728 4596
f 4597 8727 4596
f 4594 4595 8729
f 4595 4594 8691
f 8730 4594 8729
f 4593 4594 8730
f 8728 4561 8729
f 4561 4560 8729
f 4561 8767 4560
f 8767 4561 8766
f 8727 4561 8728
f 4561 4562 8766
f 4561 8727 4562
f 4661 4629 8690
f 4629 4661 8653
f 4629 8689 8690
f 4694 8618 8619
f 8618 8617 8652
f 8617 8618 4695
f 8618 8583 4695
f 8618 4694 8583
f 8585 8620 8586
f 4693 8620 8585
f 8620 4661 8654
f 8620 4693 4661
f 8460 4809 8490
f 4809 4781 8490
f 4780 4781 8522
f 8490 4781 4780
f 8584 4694 8619
f 8585 8584 8619
f 4694 8584 8583
f 8584 8550 8583
f 4753 8552 4723
f 8552 4753 4724
f 4627 8655 4628
f 4623 8697 4622
f 8698 4621 4622
f 4621 8699 8662
f 4659 8657 8622
f 8659 4624 8696
f 4624 8659 4657
f 4624 4590 8696
f 8694 8732 4591
f 8694 4592 8732
f 4625 8694 4591
f 4592 8694 4626
f 8694 8657 4626
f 8657 8694 4625
f 8567 4711 8600
f 8668 8633 4649
f 4647 8669 4614
f 8634 4647 8635
f 8669 4647 8634
f 4580 8744 8745
f 4581 8744 4580
f 8744 4581 8743
f 7875 13963 7895
f 13962 7875 7895
f 7875 13980 13963
f 13980 7875 7853
f 7896 7876 13962
f 7914 7894 13932
f 7949 7965 7966
f 13900 7949 7966
f 13886 13900 7966
f 13900 13886 7950
f 7951 8297 4958
f 8297 7951 7968
f 8276 8297 7968
f 8297 8276 4977
f 8296 8297 4977
f 7950 13914 7933
f 13914 7951 7934
f 7916 13914 7934
f 13914 13930 7933
f 13930 13914 7916
f 8318 4959 4939
f 8297 4959 4958
f 4959 8297 8296
f 8384 4878 8385
f 4900 8384 8385
f 8384 4900 8360
f 8411 4879 4854
f 4878 8411 4853
f 8411 8384 4879
f 8384 8411 4878
f 4853 8411 8440
f 8529 4744 4774
f 4744 4773 4774
f 4744 8529 4715
f 4876 8414 4875
f 8414 8415 4875
f 8413 8414 4876
f 8414 8413 4851
f 8415 8414 8443
f 8414 4851 8443
f 4827 8441 8440
f 8441 4827 8470
f 4874 8389 4875
f 8389 4874 4873
f 8444 4850 8443
f 4850 8415 8443
f 8388 4876 4875
f 8388 8387 4876
f 8389 8388 4875
f 4939 8340 4918
f 8317 8340 4939
f 8340 8317 4919
f 8363 8339 4920
f 8339 8363 4919
f 8388 4898 8387
f 4898 8388 8363
f 4898 8363 4920
f 8417 7876 4873
f 4874 8417 4873
f 4823 8445 8444
f 8445 4823 7832
f 4823 8474 7832
f 4824 8444 8443
f 4824 4823 8444
f 4799 4771 8501
f 4799 8500 4771
f 8471 4799 8501
f 4799 8471 8500
f 8442 4825 8443
f 8471 4825 8442
f 4825 8471 8472
f 4825 4824 8443
f 4824 4825 8472
f 8588 4722 8587
f 4690 8588 8622
f 4690 8623 8589
f 8588 4690 8589
f 8523 4779 4780
f 4779 8523 4750
f 4751 8523 4780
f 4750 8523 4721
f 8523 4751 4721
f 8492 4779 4807
f 8432 4835 8461
f 4835 8460 8461
f 8429 4837 8430
f 4863 8400 8428
f 8429 4863 8428
f 4863 8429 8401
f 4888 4863 8401
f 4863 4888 8400
f 4748 4777 8525
f 4687 8592 8591
f 4746 8560 8528
f 4775 4746 8528
f 4746 4775 4776
f 8527 4746 4776
f 4717 8527 8559
f 8560 4717 8594
f 4746 4717 8560
f 4717 4746 8527
f 8594 4685 8629
f 4685 8628 8629
f 8556 4750 4721
f 4750 8556 8524
f 8556 4721 8589
f 8590 8556 8589
f 8661 4655 4622
f 8661 4621 4654
f 4621 8661 4622
f 4623 8660 4656
f 8660 8625 4656
f 8660 4623 4622
f 4655 8660 4622
f 4584 8701 8740
f 8596 8597 4714
f 8597 8563 4714
f 4684 8630 8596
f 8630 4684 8629
f 8863 8822 8821
f 8497 8467 4803
f 8497 4802 8467
f 4775 8497 4803
f 8497 4775 4774
f 4802 8497 4774
f 4773 8498 4774
f 8498 4802 4774
f 1494 11993 12066
f 11993 1494 12067
f 1426 1494 12066
f 12067 1494 1425
f 1494 1426 1425
f 11767 1780 11766
f 11767 1853 1780
f 1852 1926 11689
f 11993 1565 12066
f 1565 11992 12066
f 1565 11917 11992
f 1565 11993 11918
f 11917 1565 11918
f 1427 12065 1496
f 12065 1427 1495
f 11992 12065 1495
f 12065 11992 1566
f 12065 11991 1496
f 11991 12065 1566
f 1359 12137 1428
f 12137 1427 1428
f 1427 12137 1359
f 1416 12149 1348
f 1420 1488 12073
f 1795 11752 1722
f 11752 1723 1722
f 1723 11752 1796
f 1796 11752 1869
f 11752 1795 1869
f 1795 11753 1868
f 11753 1794 1868
f 11753 1795 1721
f 1794 11753 1721
f 11830 1720 1721
f 11830 1650 1649
f 11829 11830 1721
f 11830 11829 1650
f 11754 1720 1719
f 1720 11754 1793
f 2014 11518 2015
f 2090 11518 2089
f 11518 2090 2015
f 11518 11438 2089
f 1940 1939 11598
f 11677 1939 1940
f 1939 11677 1865
f 11598 1939 11599
f 1866 1940 11676
f 1866 11677 1940
f 1793 1866 11676
f 11754 1866 1793
f 1650 11905 11906
f 11905 1579 11906
f 11905 1650 1651
f 11904 11905 1651
f 1579 11905 11980
f 11905 1580 11980
f 1580 11905 11904
f 2166 11437 2089
f 11437 2090 2089
f 11437 2166 11356
f 2167 11437 11356
f 1576 11908 11907
f 1575 11908 1576
f 11908 1575 11909
f 1439 12128 1438
f 1439 12127 1370
f 12128 1439 1370
f 1439 1507 12055
f 1507 1439 1438
f 1439 12055 1508
f 1440 1439 1508
f 1439 1440 12127
f 11278 2320 2240
f 11278 2319 2320
f 2239 11278 2240
f 11278 2239 2318
f 2319 11278 2318
f 2857 10795 10719
f 2783 10795 10718
f 10795 2857 10718
f 2708 10795 2783
f 2856 10720 10645
f 10720 10796 2781
f 10796 10720 2856
f 10494 10493 3001
f 10494 3073 10493
f 10799 10722 2778
f 10146 3344 10211
f 3344 10210 10211
f 10210 3344 10145
f 3344 10080 10145
f 10080 3344 10146
f 10207 10208 3347
f 10208 3281 3280
f 3281 10208 10207
f 10078 3345 10079
f 3410 10078 10079
f 10078 10012 3411
f 10078 3410 10012
f 3412 10077 3411
f 10077 10078 3411
f 3203 10355 10356
f 3203 10285 10284
f 10355 3134 10356
f 3063 3134 10429
f 3134 10355 10354
f 3204 3203 10284
f 2150 11452 11371
f 11370 2150 11371
f 2150 11370 11451
f 11287 11288 2308
f 2229 11288 11287
f 11288 2229 2228
f 2308 11288 11289
f 11288 2228 11289
f 11202 2391 2471
f 2312 11202 2392
f 2391 11202 2312
f 2467 2468 11206
f 2467 11124 2468
f 11207 2467 11206
f 2467 11207 11125
f 11124 2467 11125
f 10963 11043 2543
f 10963 2544 11043
f 10964 10963 2543
f 2619 10963 10964
f 3134 3135 10429
f 3135 3134 10354
f 3064 10502 10429
f 3135 3064 10429
f 3064 3135 10428
f 10577 10503 10502
f 10502 10503 10429
f 10503 3063 10429
f 2992 10577 10502
f 10576 2992 10502
f 2920 10576 10652
f 10653 2920 10652
f 2920 10653 10577
f 2992 2920 10577
f 2920 2992 10576
f 10576 2921 10652
f 2921 10651 10652
f 10651 10650 2849
f 2924 10573 2996
f 10573 2924 2923
f 2924 10649 2923
f 10649 10650 2923
f 10650 10649 2850
f 10572 2924 2996
f 10724 10649 2851
f 10649 10724 2850
f 10959 2623 2624
f 2623 2700 2624
f 10960 2623 10959
f 2774 10803 10802
f 2545 11041 11042
f 10960 2545 10961
f 10887 10886 2617
f 2694 10886 10887
f 2617 10886 2618
f 10581 2916 10582
f 2988 10581 10582
f 2393 2313 11201
f 2393 11200 2394
f 2314 2393 2394
f 2313 2393 2314
f 2393 2473 11200
f 2473 2393 11201
f 11284 2233 2232
f 2233 2155 2232
f 2233 11365 2155
f 11200 2474 2475
f 2473 2474 11200
f 2703 2777 10799
f 2777 10723 10799
f 10875 2779 2705
f 2779 2780 2705
f 10958 2548 2547
f 11039 2548 11038
f 2547 2548 11039
f 2548 10958 10957
f 10957 2625 2626
f 10958 2625 10957
f 2625 10958 2624
f 2701 2625 2624
f 2625 2701 10878
f 10878 2701 2776
f 11035 2551 2552
f 2551 10955 2552
f 2551 11035 11036
f 1646 11909 1645
f 11833 1646 1645
f 1646 11833 11832
f 1938 11678 1937
f 1939 1938 11599
f 11678 1938 1865
f 1938 1939 1865
f 11912 11911 1572
f 11911 11912 1643
f 11911 1643 1644
f 1572 11911 1573
f 11910 11911 1644
f 11911 11910 1573
f 11761 1786 1712
f 11761 1785 1786
f 11761 1712 1711
f 1785 11761 1711
f 1360 1361 12207
f 12208 1360 12207
f 1360 1359 1428
f 1360 12208 1359
f 1500 11987 12061
f 11987 1500 11988
f 1432 1500 12061
f 1362 1430 12134
f 11989 1498 1568
f 1498 1429 12064
f 11990 1498 12064
f 1498 11990 1568
f 1498 1430 1429
f 1570 1569 11913
f 1569 11914 11913
f 11914 1569 11989
f 1569 1570 11988
f 1499 1569 11988
f 1569 1499 11989
f 1295 12206 1296
f 12206 1362 1296
f 1362 12206 1361
f 1361 12206 12207
f 12206 1295 12207
f 1854 11687 11686
f 11687 1928 11686
f 11687 1854 11688
f 11687 11688 1927
f 1928 11687 1927
f 11368 11369 2230
f 11369 2229 2230
f 2229 11369 2151
f 11369 11450 2151
f 11449 2153 11448
f 2153 11449 11368
f 2153 11367 11448
f 11367 2153 2231
f 2231 2153 2230
f 2153 11368 2230
f 2010 2011 11601
f 11521 2011 2010
f 2011 2012 11600
f 11601 2011 11600
f 2011 11520 2012
f 2011 2086 11520
f 2011 11521 2086
f 1933 11604 11603
f 1934 1933 11603
f 11682 1933 1934
f 1933 11682 1859
f 11683 1933 1859
f 1933 11683 1932
f 11604 1933 1932
f 2006 11604 11605
f 11604 2006 2007
f 2005 2006 11605
f 2006 2005 11525
f 2006 11524 2007
f 2006 11525 2081
f 11524 2006 2081
f 10807 2695 2769
f 2695 10807 2770
f 2226 11372 2149
f 11373 2226 2149
f 2226 2227 11372
f 11291 2226 11292
f 2227 2226 11290
f 2226 11291 11290
f 2226 2225 11292
f 2226 11373 2225
f 7256 7257 14528
f 14506 7257 7256
f 7257 7232 14528
f 7257 14527 7232
f 14527 7257 7258
f 7258 7257 7284
f 7257 14506 7284
f 14508 7281 7255
f 7281 14507 7255
f 14485 7281 7280
f 7281 14508 7280
f 7310 7281 14485
f 14507 7281 7282
f 7281 7310 7282
f 7311 14484 14460
f 14484 7310 14460
f 7282 14484 7311
f 7310 14484 7282
f 6849 6876 14884
f 14908 6849 14907
f 6849 6850 14907
f 6850 6849 14884
f 6876 14862 14884
f 14862 6902 6903
f 14862 6876 6902
f 6898 14866 6897
f 14824 6951 14823
f 14803 6951 14804
f 6951 14803 6952
f 14823 6951 6952
f 6950 14824 6924
f 6950 6924 14784
f 14804 6950 14784
f 6951 6950 14804
f 6950 6951 14824
f 6933 6932 14818
f 14838 6933 14837
f 6933 14838 6932
f 6933 6934 14837
f 6934 6933 14817
f 6933 6958 14817
f 6933 14818 6958
f 6955 6954 14801
f 6955 14820 6954
f 14800 6955 14801
f 6955 14800 6956
f 14820 6955 6956
f 14981 14956 6794
f 14956 14982 6793
f 14931 14956 6793
f 14956 14931 6794
f 6796 6795 14929
f 6795 6796 14954
f 6825 6796 14929
f 6796 6797 14954
f 14904 14928 6825
f 14928 14904 6826
f 14928 6796 6825
f 6796 14928 6797
f 14927 14928 6826
f 14981 6765 6764
f 6795 6765 14981
f 15007 6733 6764
f 6733 15007 6702
f 6732 6762 14982
f 6762 6732 6731
f 15035 6667 15062
f 15061 6667 6668
f 6667 15061 15062
f 6701 6733 6702
f 6733 6701 15008
f 6701 6667 15035
f 14906 6823 14907
f 6823 6822 14907
f 6824 6823 14906
f 14930 6823 6824
f 6852 14905 14906
f 14882 6852 14906
f 6852 14881 14905
f 6852 14882 6880
f 14881 6852 6880
f 6851 14882 14906
f 6851 6850 14883
f 6851 14883 6878
f 14882 6851 6878
f 6851 14906 14907
f 6850 6851 14907
f 15038 6662 15039
f 6662 6661 15039
f 6663 6664 15065
f 6664 6663 15038
f 15093 6663 15065
f 15066 6663 15093
f 6662 6663 15066
f 6663 6662 15038
f 6699 6700 15035
f 6732 6700 6731
f 6700 15009 6731
f 6700 6699 15009
f 6700 6732 15008
f 6701 6700 15008
f 6700 6701 15035
f 15013 6694 6725
f 15013 6756 6726
f 6756 15013 6725
f 6695 15013 6726
f 15013 6695 6694
f 15040 15041 6693
f 6694 15040 6693
f 15041 15040 6660
f 15040 6661 6660
f 6661 15040 15039
f 15040 6695 15039
f 6695 15040 6694
f 6724 14989 6755
f 6754 14989 6724
f 14989 14963 6755
f 14989 6754 14964
f 6754 14990 14964
f 6784 14990 14965
f 14964 14990 6784
f 6697 15011 6729
f 6728 15011 6697
f 15012 6727 6758
f 6728 15012 6758
f 15012 6728 6696
f 6695 15012 6696
f 15012 6695 6727
f 6900 14865 6899
f 14865 6874 6873
f 14865 6900 6874
f 6872 14865 6873
f 14866 14865 6872
f 6899 14865 6898
f 14865 14866 6898
f 14937 6814 14913
f 14914 6814 14938
f 6814 14937 14938
f 14938 6785 14964
f 6785 14989 14964
f 14989 6785 14963
f 14937 6785 14938
f 6756 14962 6787
f 14962 14937 6787
f 6756 6757 6726
f 14987 6757 6756
f 6757 6727 6726
f 6727 6757 6758
f 6757 14987 6758
f 14934 6789 6818
f 6789 14935 6818
f 6789 14934 14959
f 14985 6789 14959
f 6816 14936 6815
f 14912 6816 6815
f 14888 6872 6873
f 15114 6604 6568
f 15058 15085 6638
f 15085 15114 6638
f 15031 6671 15032
f 6826 6854 14903
f 14904 6854 6826
f 6854 14879 14903
f 14879 6854 6882
f 14977 6799 14951
f 6799 14977 14952
f 6827 6826 14903
f 6827 14927 6826
f 6828 6827 14902
f 14926 6827 6828
f 14927 6827 14926
f 6855 6827 14903
f 6827 6855 14902
f 6798 14927 14952
f 15083 6675 15055
f 6742 14999 6711
f 15000 6742 6711
f 14999 6742 6773
f 14950 6800 14925
f 14926 6800 14951
f 6800 14926 14925
f 6801 14925 14924
f 6801 14950 14925
f 6802 6801 14924
f 6801 6802 14949
f 14975 6801 14949
f 6801 14975 14950
f 7052 7071 14718
f 7052 7051 7070
f 7032 7052 7033
f 7052 14718 7033
f 14687 14702 7070
f 7071 14702 14687
f 14702 7052 7070
f 7052 14702 7071
f 7034 14733 7033
f 7053 7034 7033
f 7034 7053 14717
f 7034 7035 14733
f 7034 14717 7035
f 6989 14772 14752
f 14772 14753 14752
f 14753 14772 6988
f 14772 14792 6988
f 14792 14772 6989
f 7031 14720 7050
f 7051 7031 7050
f 7031 7032 14735
f 7031 14735 14736
f 14720 7031 14736
f 14788 14789 6993
f 14788 6969 14789
f 6969 14788 6970
f 14788 6993 14768
f 6994 14788 14768
f 14788 6994 14787
f 6970 14788 6971
f 14788 14787 6971
f 6911 14833 6912
f 14855 6911 6912
f 14856 6911 6885
f 6911 14855 6885
f 6939 6964 14812
f 14813 6964 6939
f 6964 6965 14812
f 6965 6964 14793
f 6964 6963 14793
f 6964 14813 6963
f 14755 14775 14756
f 14775 14776 14756
f 14757 7005 7006
f 14756 14757 7006
f 14776 14757 14756
f 14757 14758 7005
f 14757 14776 6983
f 14758 14757 6983
f 14753 14754 7010
f 14754 14753 6988
f 14773 14754 6988
f 14754 6987 14755
f 6987 14754 14773
f 14794 6987 14793
f 6987 14773 14793
f 6959 14816 14817
f 14816 6934 14817
f 14699 7055 7074
f 14699 7056 7055
f 7056 14699 7075
f 14699 14684 7075
f 14684 14699 7074
f 14730 7037 7038
f 14730 14729 7017
f 14729 14730 7038
f 7037 14731 14715
f 14731 7036 14715
f 14730 14731 7037
f 14731 7014 14732
f 7036 14731 14732
f 14696 14681 7078
f 14681 14696 7077
f 7059 14696 7078
f 7077 14696 7059
f 7037 7057 7038
f 7057 14714 7038
f 7057 7037 14715
f 7057 7056 14698
f 7056 7057 14715
f 7057 14698 7076
f 14714 7057 7076
f 7039 14728 7018
f 7040 14728 7039
f 14728 7019 7018
f 14728 7040 7019
f 9915 3503 7078
f 3503 9915 3564
f 3564 9915 9853
f 9915 3625 9853
f 14681 9915 7078
f 3625 9915 14681
f 3504 3564 9914
f 3504 3503 3564
f 3504 9914 3505
f 9387 9441 9388
f 9441 9387 9440
f 4022 9336 4023
f 9336 4022 9337
f 9336 4073 4074
f 4073 9336 9337
f 9389 3969 9443
f 4398 4397 8945
f 4398 4399 4357
f 8856 4481 8899
f 8856 8900 4480
f 8900 8856 8899
f 4481 8856 8814
f 4516 8818 4515
f 4479 8901 8858
f 4518 4519 8814
f 8943 8944 4440
f 4399 8944 8943
f 8944 4398 8945
f 4398 8944 4399
f 8818 8859 4477
f 8859 8903 4477
f 4476 8860 8904
f 4397 8946 8945
f 8902 8859 4478
f 8859 8902 8903
f 8858 8902 4478
f 8901 8902 8858
f 4402 4360 4401
f 4360 8986 4401
f 4360 4402 8985
f 4351 4309 4308
f 4351 8994 4309
f 8993 4311 4310
f 4395 8993 4394
f 4396 8946 4397
f 4434 4433 8907
f 9040 9041 4309
f 4309 9041 4308
f 4264 9041 9088
f 4079 4080 9331
f 9332 4079 9331
f 4078 9281 9280
f 4079 4078 9280
f 4078 4079 9332
f 10375 3182 3183
f 10375 3113 3182
f 3192 10297 3259
f 3192 3191 10297
f 3573 9908 9846
f 3573 9845 9907
f 9845 3573 9846
f 3512 3573 9907
f 9908 3573 3512
f 9784 3694 9725
f 9784 3635 3634
f 9785 9784 3634
f 3694 9784 9785
f 3696 9724 3754
f 9848 3631 9787
f 3631 9788 9787
f 3631 9849 9788
f 9910 3631 9848
f 9848 3632 3571
f 3632 9847 3571
f 3632 9848 9787
f 9847 3632 3633
f 9971 3513 3450
f 3574 3513 9907
f 3513 3512 9907
f 3513 9971 3512
f 10100 10166 3323
f 10166 10100 10099
f 3324 10166 10099
f 3257 10231 3258
f 10231 10230 3258
f 10230 10231 3324
f 10231 10166 3324
f 10231 3257 3323
f 10166 10231 3323
f 3452 3389 10034
f 3389 3452 10033
f 10101 10167 3322
f 3256 10167 3323
f 10167 3256 3322
f 10167 10100 3323
f 10167 10101 10100
f 9973 3447 3509
f 9973 3448 3447
f 3448 9973 3510
f 3510 3570 3571
f 3570 9848 3571
f 3570 9910 9848
f 9973 3570 3510
f 9910 3570 3509
f 3570 9973 3509
f 9847 3572 9909
f 9908 3572 9846
f 9846 3572 3633
f 3572 9847 3633
f 4183 9173 9172
f 9173 4182 9174
f 4183 4182 9173
f 9330 9329 4030
f 9329 4083 9328
f 4081 9330 4080
f 9275 4083 9276
f 9384 4028 9331
f 4028 9332 9331
f 4029 9330 4030
f 9330 4029 9331
f 4029 9384 9331
f 3752 9665 9725
f 9665 3753 9725
f 3689 9788 9789
f 3689 9729 9788
f 3689 9670 3747
f 9729 3689 3747
f 9852 3566 3565
f 3566 3627 9851
f 3566 9852 3627
f 3565 3566 3505
f 9850 3629 3630
f 9788 3629 9789
f 3629 9788 3630
f 3629 3628 9789
f 3628 3629 9851
f 3629 9850 9851
f 9912 9850 3568
f 9850 9912 3567
f 3507 9912 3568
f 3567 9912 3507
f 9667 9727 3750
f 9727 9667 3692
f 3807 9667 3750
f 9667 3807 3751
f 9667 3751 9726
f 3692 9667 9726
f 7550 14227 14226
f 7551 7550 14226
f 7550 7551 14254
f 7550 7549 14227
f 14255 7550 14254
f 7549 7550 14255
f 7519 14281 14253
f 7518 14281 14310
f 14282 7518 14310
f 14281 7518 14254
f 7518 14282 14254
f 7582 14226 7581
f 7826 14021 14002
f 7580 14202 7581
f 14227 7580 7581
f 7580 14227 14228
f 14202 14203 7610
f 14286 14314 14315
f 14314 7480 14315
f 7547 14257 7546
f 14257 14258 7546
f 7548 7549 14255
f 7549 7548 14228
f 7482 14313 14312
f 14313 7482 14342
f 7482 7449 14342
f 7482 14341 7449
f 7484 7483 14311
f 7483 14312 14311
f 7483 7482 14312
f 7482 7483 14341
f 8601 4679 8635
f 8567 8601 4710
f 4679 8601 8600
f 8601 8567 8600
f 14127 7702 7674
f 7588 14222 7587
f 14222 7588 14221
f 14223 14222 7555
f 4430 4431 8953
f 8745 4545 14195
f 4545 7588 14195
f 7588 4545 14221
f 14276 14248 7525
f 14248 8867 7525
f 7852 13981 7874
f 13981 7873 7874
f 13967 7871 7870
f 7871 13984 7870
f 4768 8535 4739
f 8535 4768 4769
f 4768 8503 4769
f 14016 13997 7832
f 13997 14016 7831
f 4796 8474 8503
f 4796 8504 8474
f 4768 4796 8503
f 4796 4768 8504
f 7330 7329 14444
f 14445 7328 14446
f 14445 7329 7328
f 14445 7358 14444
f 7329 14445 14444
f 7297 14471 7326
f 7298 7297 7326
f 7325 7297 7296
f 7297 7325 14471
f 14447 7325 14448
f 14471 7325 14447
f 7323 14473 7294
f 7324 14473 7323
f 7353 7354 14448
f 7354 7353 14423
f 14448 7354 7355
f 7354 14423 7355
f 14475 7293 7292
f 14475 7321 7293
f 14475 7292 7320
f 14451 14475 7320
f 7321 14475 14451
f 14423 14397 14396
f 7353 14397 14423
f 7450 14370 7449
f 14370 7384 7383
f 7448 7415 7447
f 7415 7448 14371
f 7449 7448 14342
f 8597 8564 8563
f 8564 8597 8598
f 8564 4742 8532
f 8667 4649 8632
f 8667 4617 8704
f 8703 4583 8704
f 4617 8703 8704
f 8633 4680 8599
f 8600 4680 8634
f 8599 4680 8600
f 8598 4681 8599
f 4681 8633 8599
f 4681 8598 8632
f 4649 4681 8632
f 8633 4681 4649
f 7357 14445 14446
f 14223 7554 14224
f 7554 7555 14250
f 7554 14223 7555
f 14336 7489 14335
f 14280 7519 14253
f 7421 7454 14366
f 7454 14337 7455
f 7388 7387 7420
f 7421 7388 7420
f 14393 7388 7389
f 7388 14366 7389
f 7388 7421 14366
f 14513 7275 14512
f 7275 14513 7274
f 14491 7274 7300
f 14491 7275 7274
f 14490 7301 7302
f 7301 14467 7302
f 14467 7301 7330
f 7275 7301 14490
f 14491 7301 7275
f 7276 14490 7302
f 7275 7276 14512
f 7276 7275 14490
f 4262 9138 9091
f 14415 7363 14389
f 14415 14389 7394
f 9044 14415 7394
f 14415 9044 4261
f 7424 14363 7392
f 14366 7422 7389
f 7422 7454 7455
f 7454 7422 14366
f 14336 7456 7455
f 7456 14336 14335
f 14391 7391 7392
f 7391 14364 7424
f 14364 7391 7423
f 7456 14364 7423
f 7391 7390 7423
f 7390 14393 7389
f 14568 14567 14588
f 14568 14588 14569
f 7208 14568 14569
f 14568 7208 7209
f 7167 14622 7148
f 7166 7167 7148
f 7167 7168 14622
f 7167 14604 7168
f 14605 7167 7166
f 7167 14605 14604
f 7114 7132 14650
f 7132 14651 7131
f 7132 7114 14651
f 7132 7133 14650
f 7133 7132 14635
f 7150 14636 7149
f 14636 14637 7149
f 14637 14636 7131
f 14636 7132 7131
f 14636 7150 7151
f 14635 14636 7151
f 7132 14636 14635
f 14665 7097 14651
f 7114 14665 14651
f 14665 14680 7097
f 7098 14665 14650
f 14665 7114 14650
f 14665 7098 14679
f 14680 14665 14679
f 7192 14601 14602
f 14583 7192 14602
f 7192 14583 14582
f 7193 7192 14582
f 7192 7193 14601
f 14620 7150 7169
f 7170 14620 7169
f 7150 14620 7151
f 14620 14619 7151
f 14620 7170 14619
f 7189 14605 14586
f 14605 7189 14604
f 14604 7189 14585
f 14565 7189 14586
f 14585 7189 14565
f 14605 7188 14586
f 14586 7188 14566
f 7188 14587 14566
f 7188 7187 14587
f 7187 7188 14606
f 7188 14605 14606
f 7266 14520 7265
f 14520 7266 7267
f 7266 14498 7267
f 14498 7266 7292
f 14498 7293 7267
f 7293 14498 7292
f 7215 7216 14562
f 14542 7216 7215
f 7239 7240 14543
f 7240 14542 14543
f 14542 7240 7241
f 7240 14520 7241
f 7217 7216 14542
f 7216 7217 14562
f 14562 7217 14582
f 7217 14561 14582
f 14540 7242 7243
f 7220 14578 7197
f 14578 14597 7197
f 14597 14578 7198
f 7175 14597 7176
f 7194 14600 7193
f 14581 7194 14582
f 7194 7193 14582
f 7194 14581 7195
f 7175 14615 14616
f 14615 7156 14616
f 14615 7175 7176
f 14630 7138 14631
f 7138 14630 7139
f 7154 7136 14633
f 14632 7136 7154
f 7136 7135 14633
f 14647 7136 7118
f 7136 7119 7118
f 7135 7136 7117
f 7136 14647 7117
f 7136 7137 7119
f 7136 14632 7137
f 14661 7119 14646
f 14661 7102 7119
f 7102 14661 14675
f 14781 14762 14761
f 6978 14781 14761
f 14762 14781 6977
f 6977 14781 14801
f 14781 6978 14801
f 6979 6978 14761
f 6978 6979 14800
f 14778 6982 14798
f 6981 14778 14798
f 6982 14778 14759
f 14778 6981 14759
f 14760 14779 6980
f 14779 14799 6980
f 14799 14779 6981
f 14779 14760 14759
f 6981 14779 14759
f 14706 7047 7065
f 7047 14723 7065
f 7047 14706 7066
f 14722 7047 7066
f 7047 14722 7028
f 14723 7047 7028
f 14739 7027 7028
f 7027 14723 7028
f 14723 7027 7046
f 7027 14739 7026
f 7046 7027 7026
f 7004 14758 14759
f 7003 7004 14759
f 7004 7003 14741
f 14758 7004 7005
f 14346 7477 7444
f 14346 7476 7477
f 14452 14476 7319
f 14476 14452 7320
f 14452 14451 7320
f 14451 14452 7350
f 14452 14427 7350
f 14401 14428 14402
f 14428 7348 7347
f 7380 14401 7379
f 7412 7380 7379
f 7380 7412 7413
f 7380 7413 7381
f 14400 7380 7381
f 14401 7380 14400
f 7291 14476 7292
f 14499 7291 7292
f 14476 7291 7319
f 7319 7291 7290
f 7291 14500 7290
f 7291 14499 7265
f 14500 7291 7265
f 14477 7319 7290
f 7318 14477 7290
f 14454 14478 7317
f 14454 7318 14478
f 7347 14454 7346
f 14455 14454 7317
f 14454 14455 7346
f 7378 7379 14402
f 14403 7378 14402
f 7378 7411 7379
f 7378 7377 7410
f 7378 14403 7377
f 7273 7274 14514
f 7273 14492 7274
f 7272 7273 14514
f 14492 7273 7299
f 14469 14492 7299
f 14469 7299 7327
f 14469 7328 7300
f 14492 14469 7300
f 14469 7327 14446
f 7328 14469 14446
f 7298 14493 7272
f 14493 7298 7299
f 14493 7273 7272
f 7273 14493 7299
f 14659 14644 7105
f 14644 7106 7105
f 7106 14644 7122
f 14644 14659 7121
f 14644 7121 7139
f 7126 14655 7109
f 14655 14670 7109
f 14669 14683 7093
f 14670 14669 7093
f 14669 14655 7110
f 14669 14670 14655
f 9236 4169 4122
f 9186 9236 7306
f 4169 9236 9186
f 4216 4169 9186
f 4169 4216 9185
f 9138 4216 9186
f 9287 4122 9286
f 4070 9287 9286
f 9287 14509 7279
f 9287 4070 7254
f 14509 9287 7254
f 4169 4170 9235
f 4170 4169 9185
f 4170 4123 9235
f 4170 9234 4123
f 9184 9136 4218
f 9136 4264 9088
f 14440 14415 4261
f 14415 14440 7363
f 7334 14440 4215
f 9138 14440 4261
f 14440 9138 4215
f 14441 14440 7334
f 14441 7362 7363
f 14440 14441 7363
f 7253 14509 7254
f 14509 7253 14510
f 14510 7253 7252
f 7278 14488 7279
f 14488 7305 7279
f 14488 7278 7304
f 7305 14488 7304
f 9555 3914 9554
f 3914 3915 9554
f 3915 3914 9497
f 9443 9498 3968
f 3969 9498 9443
f 9498 3969 9497
f 3914 9498 9497
f 14608 7184 14607
f 4021 9391 9338
f 9445 9391 4021
f 9391 9445 3966
f 3965 9446 3966
f 7112 14667 14668
f 7112 14654 7128
f 14654 7112 14668
f 14652 9673 3685
f 9557 3857 3856
f 9557 3856 14607
f 3801 3745 9672
f 14570 14551 14550
f 14551 7206 14571
f 14551 14570 7206
f 14531 7254 14530
f 7229 14531 14530
f 14531 7253 7254
f 7146 14623 7147
f 7165 14623 7146
f 14623 7165 3856
f 14623 9614 7147
f 9614 14623 3856
f 14609 7164 7163
f 14609 14608 7164
f 7142 14628 14627
f 7123 14657 7107
f 7124 14656 7108
f 14670 14656 7109
f 14672 14658 7107
f 7106 14658 14672
f 14658 7106 7122
f 14630 14629 7139
f 14629 14630 7158
f 14628 7160 14627
f 5135 16440 16441
f 16436 5135 16441
f 16440 5135 16435
f 5135 16430 16435
f 5135 16436 16430
f 5157 16416 16417
f 5142 13766 16430
f 1 5142 13764
f 13766 5142 1
f 5141 5142 16430
f 5142 5141 16424
f 16425 5140 16426
f 16425 5141 5140
f 5141 16425 16424
f 16387 5191 5192
f 5191 16375 5192
f 16376 5191 16388
f 5205 5191 16376
f 16375 5191 5205
f 5191 5178 16388
f 5178 5191 16387
f 5334 16211 5335
f 5334 16233 5333
f 5359 5334 5333
f 5334 5359 16211
f 5359 16188 16211
f 5337 16209 5362
f 16209 5337 16231
f 16209 16186 5362
f 16186 16209 5361
f 5365 5366 16206
f 5366 5365 5391
f 5365 16183 5391
f 16183 5365 5390
f 5364 5365 16206
f 5365 5364 5390
f 16230 5337 16208
f 5338 16230 16208
f 5337 16230 16251
f 16184 16160 5390
f 16160 16184 5389
f 5364 16184 5390
f 16184 5364 5389
f 5416 5388 16161
f 16160 5388 5416
f 5389 16207 5363
f 5364 16207 5389
f 16207 5364 5339
f 5338 16207 5339
f 16207 5338 5363
f 5275 16301 16318
f 16301 16317 16318
f 16301 5276 16317
f 16285 5275 5274
f 5273 16285 5274
f 16285 5273 16286
f 5294 5293 16268
f 16285 5294 5295
f 5293 5294 16286
f 5294 16285 16286
f 5177 16389 16388
f 16398 5177 16388
f 5177 5165 16399
f 5165 5177 16398
f 5176 5177 16399
f 5177 5176 16389
f 5176 16399 5164
f 16400 5176 5164
f 5175 5163 16401
f 5175 16400 5163
f 5175 16401 5174
f 16390 5175 5174
f 16389 5175 16390
f 5176 5175 16389
f 5175 5176 16400
f 5154 16410 5164
f 16410 16400 5164
f 16400 16410 5163
f 5143 5144 16429
f 16421 5144 5143
f 5144 16428 16429
f 5163 5153 16411
f 16410 5153 5163
f 5153 16410 5154
f 5153 5144 16421
f 5153 5152 16411
f 5153 16421 5152
f 5145 5154 16419
f 5144 5145 16428
f 16409 5155 5164
f 16399 16409 5164
f 5165 16409 16399
f 5155 16409 5156
f 16409 5165 5156
f 5156 5166 16408
f 5165 5166 5156
f 5166 5165 16398
f 5166 16398 5178
f 5166 5178 16397
f 5166 5167 16408
f 5167 5166 16397
f 5146 5145 16419
f 5155 5146 16419
f 16418 5146 5155
f 16427 5146 5147
f 5146 16418 5147
f 5146 16427 16428
f 5145 5146 16428
f 2 5 13762
f 16 13753 13754
f 13753 10 13754
f 6 3 13762
f 300 13375 13425
f 300 13376 13375
f 13376 13324 350
f 13324 13323 350
f 13423 13469 254
f 13423 254 301
f 255 13423 302
f 13469 13423 255
f 13423 13374 302
f 13374 13423 301
f 13513 209 13512
f 209 210 13512
f 210 209 13469
f 13469 209 254
f 13424 253 13425
f 5343 16224 16225
f 5343 16203 5368
f 5343 16225 16203
f 13553 13513 13552
f 5320 5321 16264
f 13554 16224 13514
f 13553 13554 13514
f 13554 13553 170
f 16106 5447 16107
f 5446 5447 16133
f 5447 5446 16107
f 5447 16106 5448
f 5447 16132 16133
f 16132 5447 5448
f 13323 13322 350
f 13322 13374 350
f 13374 13322 351
f 16104 5449 16105
f 5448 5449 16131
f 5449 5448 16105
f 5479 5478 16078
f 5479 16104 5478
f 16104 5479 13269
f 5479 460 13269
f 5392 16157 16181
f 5392 16181 5367
f 16158 5392 16182
f 16157 5392 16158
f 16205 5392 5367
f 5392 16205 16182
f 12972 5579 15962
f 633 5579 12972
f 15962 5579 5578
f 5579 15994 5578
f 12971 693 694
f 693 12909 694
f 693 12971 12972
f 12847 12910 5651
f 693 12910 12909
f 12846 12847 12782
f 12783 12718 875
f 12783 15897 5689
f 12908 695 694
f 412 413 13313
f 470 471 13257
f 13201 469 468
f 13141 13201 526
f 586 13019 13018
f 13078 586 13018
f 13015 13014 590
f 13075 13015 590
f 589 13015 13075
f 13015 589 13016
f 469 13259 468
f 358 13314 13313
f 13365 358 13313
f 358 357 13314
f 359 13365 13313
f 13510 13509 13549
f 13549 13509 13548
f 211 13510 13511
f 210 211 13511
f 211 210 13468
f 13467 211 13468
f 211 13467 212
f 13509 211 212
f 211 13509 13510
f 460 13268 13269
f 255 13422 13468
f 13422 255 302
f 13707 69 13706
f 69 70 13706
f 70 69 13687
f 13687 69 13688
f 13688 69 5240
f 69 13707 5240
f 50 13707 51
f 13707 50 16346
f 50 5223 16346
f 50 16360 5223
f 50 13723 16360
f 16360 5208 16373
f 13723 5208 16360
f 13734 37 13733
f 37 13721 13720
f 25 26 13745
f 25 13734 26
f 37 36 13721
f 36 37 13734
f 16333 5257 16332
f 5257 16333 16317
f 5257 16316 16332
f 5257 16317 16300
f 16316 5257 16300
f 114 13641 16299
f 114 16299 5277
f 13641 114 115
f 16299 13666 5258
f 13641 13666 16299
f 13666 16331 5258
f 16331 13666 13688
f 95 13635 13659
f 13634 13635 120
f 96 13635 13634
f 13635 96 13659
f 13635 13610 120
f 13610 13635 119
f 13635 13636 119
f 13636 13635 13660
f 13635 95 13660
f 411 13259 412
f 411 412 13314
f 13507 213 13464
f 177 13506 13545
f 177 13578 13579
f 13578 177 13545
f 13545 13505 13544
f 218 13502 13503
f 13575 181 13541
f 181 13502 13541
f 262 13415 309
f 13415 13365 309
f 263 13413 13459
f 13413 263 310
f 218 263 13459
f 150 13575 13605
f 150 13576 13575
f 13606 150 13605
f 149 150 13606
f 13577 149 13578
f 178 13577 13578
f 13577 150 149
f 150 13577 13576
f 13577 178 13544
f 13576 180 13575
f 13656 98 13632
f 98 13657 13632
f 98 13656 13679
f 13657 98 13679
f 27 13743 13733
f 13732 27 13733
f 13743 27 13742
f 27 13731 13742
f 27 13732 13731
f 38 13732 13733
f 38 37 13720
f 37 38 13733
f 13719 38 13720
f 13732 38 13719
f 13732 39 13731
f 39 13732 13719
f 39 13718 13731
f 13718 39 13719
f 18 13743 13742
f 19 18 13742
f 18 19 13750
f 13751 18 13750
f 13685 13663 13662
f 13685 13662 93
f 13685 71 92
f 13663 13685 92
f 71 13685 72
f 13685 13684 72
f 13684 13685 93
f 13637 13661 93
f 13661 13637 118
f 13662 13637 93
f 13637 13662 13638
f 13637 13638 117
f 13612 13637 117
f 118 13637 13612
f 13683 94 13660
f 13661 94 13683
f 94 13636 13660
f 94 13661 13636
f 13664 92 13686
f 13639 115 116
f 13639 13640 115
f 13639 13664 13640
f 13664 13639 92
f 13639 13663 92
f 13639 116 13638
f 13663 13639 13638
f 13587 141 5298
f 16264 13587 5298
f 5321 13587 16264
f 13587 13554 170
f 13554 13587 5321
f 141 13586 13585
f 13586 13587 170
f 13587 13586 141
f 13615 13614 115
f 141 13615 13616
f 13615 141 142
f 13614 13615 142
f 13615 114 13616
f 114 13615 115
f 5958 15629 5957
f 15629 5958 5959
f 5958 15588 5959
f 15630 15669 5910
f 15629 15669 15630
f 15669 15629 5911
f 5961 15627 5960
f 15587 5961 5960
f 5961 5914 15627
f 15546 6007 6054
f 15546 6008 6007
f 6008 15546 6055
f 6101 15546 6054
f 15546 6101 6055
f 6096 15510 6050
f 6096 6050 15550
f 6049 6096 15550
f 6096 15471 15470
f 15510 6096 15470
f 6051 6052 15548
f 6005 6051 15548
f 6051 6005 15549
f 6050 6097 15549
f 15510 6097 6050
f 6097 6051 15549
f 6097 15510 15470
f 6142 6143 15470
f 6143 15431 15469
f 6143 6097 15470
f 6143 15469 6098
f 6097 6143 6098
f 5820 5776 15788
f 15787 5776 5820
f 5776 15825 15788
f 15825 5776 5734
f 15749 5865 5821
f 15787 15749 5821
f 15749 15787 5820
f 15746 5868 15745
f 5825 15746 15745
f 5825 5826 15783
f 5826 5825 15745
f 15708 5911 15668
f 15708 15669 5911
f 15669 15708 5866
f 15670 15630 5910
f 15670 5909 15630
f 15590 6003 6004
f 5956 15590 5957
f 15590 5956 15591
f 6003 15590 15591
f 6049 6002 15551
f 6003 6002 6049
f 6002 6003 15591
f 6001 6002 15592
f 15551 6002 6001
f 6002 5955 15592
f 5955 6002 15591
f 15633 15673 5906
f 5953 15633 5906
f 15752 5861 15751
f 5861 15752 15713
f 15673 5861 15713
f 5908 15672 15632
f 5908 5955 15631
f 5955 5908 15632
f 15433 6184 6185
f 6184 6183 15397
f 6183 6184 15434
f 6184 15433 15434
f 15432 15433 6185
f 15432 6185 6186
f 15432 6142 6141
f 15433 15432 6141
f 15431 15432 6186
f 15432 6143 6142
f 6143 15432 15431
f 6228 6229 15395
f 6230 15394 6229
f 15394 6187 15395
f 6229 15394 15395
f 15394 6188 6187
f 6188 15394 15393
f 15394 6230 15393
f 6352 15324 6311
f 6352 15290 6353
f 15324 6352 6353
f 6271 15358 6229
f 6230 15358 6272
f 15358 6230 6229
f 6469 15194 6470
f 6508 15194 6469
f 15194 6508 6509
f 15162 6508 6546
f 6508 15162 6509
f 6431 6432 15258
f 6430 6431 15258
f 15325 6310 6351
f 15325 6352 6311
f 6352 15325 6351
f 6269 15325 6311
f 6310 15325 6269
f 6390 6350 15293
f 6390 15259 6391
f 6390 6389 15260
f 6389 6390 15293
f 6429 6390 15260
f 6390 6429 15259
f 15227 6429 6469
f 6430 15227 6469
f 6429 15227 15259
f 15227 6430 15259
f 6222 15364 6223
f 15364 6222 6264
f 6265 15364 6264
f 15327 6308 6307
f 15363 6308 6267
f 6308 6309 6267
f 6308 15327 6309
f 6227 15361 6269
f 15361 6310 6269
f 15361 6268 6310
f 6226 6225 15362
f 6268 6226 15362
f 6225 6226 15398
f 15398 6226 15397
f 15361 6226 6268
f 6226 6227 15397
f 6226 15361 6227
f 5696 5697 15858
f 5696 15858 5695
f 15823 5696 5695
f 5736 15823 5695
f 15859 5736 5695
f 15961 5616 15960
f 5616 15928 15927
f 5617 5616 15927
f 5616 5617 15960
f 15928 5615 15929
f 5615 15961 15929
f 5616 5615 15928
f 5615 5616 15961
f 16044 16045 5519
f 16045 16044 16072
f 16044 5486 16072
f 16044 5519 5520
f 5486 16044 5487
f 16044 16043 5487
f 16043 16044 5520
f 16045 16073 16046
f 5424 16127 16126
f 16127 5424 5423
f 16128 16127 5423
f 5452 16127 16128
f 5453 16127 5452
f 16127 5454 16126
f 5454 16127 5453
f 5454 5455 16126
f 5454 16099 5455
f 5460 16094 5461
f 16093 16094 5493
f 16094 16093 5461
f 5559 5525 16011
f 5525 5559 16010
f 5525 5524 16011
f 5490 16096 16069
f 16096 16097 16069
f 16096 5458 5457
f 16097 16096 5457
f 16041 5490 16069
f 16042 16041 16069
f 16041 16068 5490
f 16068 5491 16095
f 16096 16068 16095
f 16068 16096 5490
f 5521 5522 16042
f 16013 5522 5521
f 5522 16041 16042
f 16041 5522 5523
f 5523 5522 16012
f 5522 16013 16012
f 5482 16048 16075
f 16048 5482 16076
f 5482 16075 16103
f 16076 5482 16103
f 5585 15988 5584
f 15988 5549 15989
f 5584 15988 15989
f 5425 16152 5424
f 16153 16152 5396
f 5424 16152 16153
f 16152 5426 16151
f 16152 5425 5426
f 15954 5586 15955
f 5586 15954 5587
f 5586 5585 15955
f 5552 5553 16016
f 5554 5553 15984
f 15984 5553 5589
f 16015 5553 5554
f 5553 5519 16016
f 5553 16015 5519
f 5588 5587 15953
f 5588 15953 5589
f 5354 16192 16215
f 16192 5355 16215
f 5355 16192 5380
f 16192 5354 5379
f 16168 16192 5379
f 16192 16168 5380
f 16216 5353 5354
f 16216 5329 5328
f 16216 5354 5329
f 5327 16216 5328
f 16216 5327 16217
f 5353 16216 16217
f 5325 16218 16240
f 5325 16240 16261
f 16120 5431 16121
f 5399 16174 5372
f 16198 5347 5372
f 16174 16198 5372
f 16198 16174 5373
f 5348 16198 5373
f 16196 16171 5376
f 5349 5375 16219
f 5374 5348 5373
f 5499 16088 16061
f 16088 16089 16061
f 16089 16088 5467
f 16060 16088 5499
f 16088 16060 16087
f 5601 15974 5565
f 15974 5566 5565
f 5528 16007 5529
f 16036 5528 5529
f 5563 5528 16008
f 16007 5528 5563
f 5528 16036 16037
f 5528 5527 16008
f 5527 5528 16037
f 5468 16115 5467
f 5468 16114 16115
f 16088 5468 5467
f 5468 16088 16087
f 5468 16087 5469
f 16114 5468 5469
f 5502 16058 16031
f 5535 5502 16031
f 16030 5502 5535
f 5502 16030 5503
f 16057 5502 5503
f 16058 5502 16085
f 5502 16057 16085
f 16058 16086 5501
f 16086 16058 5470
f 16086 5470 5469
f 16086 16059 5501
f 16087 16086 5469
f 16059 16086 16087
f 5500 16059 16087
f 16060 5500 16087
f 16059 5500 16032
f 5500 16060 16032
f 16167 16168 5408
f 16168 16167 5380
f 5409 16167 5408
f 16167 5409 16166
f 16213 5356 5382
f 5356 16191 5382
f 16191 5356 16214
f 5381 16166 5382
f 16191 5381 5382
f 5381 16167 16166
f 5381 16191 5380
f 16167 5381 5380
f 5384 5358 16189
f 5358 5384 5359
f 5384 16188 5359
f 16164 5384 16189
f 16188 5384 16164
f 5465 16089 5466
f 16089 5465 16090
f 16090 5465 5464
f 5465 16117 5464
f 5436 5437 16142
f 16143 5436 16142
f 16117 5436 5435
f 5436 16143 5435
f 16168 16169 5407
f 16169 16193 5378
f 16193 16169 5379
f 16169 16168 5379
f 16169 16170 5405
f 16169 5378 16170
f 5435 5434 16118
f 16144 5434 5435
f 5434 16119 16118
f 16119 5434 5433
f 5434 16145 5433
f 5434 16144 16145
f 5280 16279 5281
f 5303 16279 16280
f 16279 5280 16280
f 15882 15916 5667
f 15882 5668 15916
f 15916 5669 15915
f 5668 5669 15916
f 15981 5592 5593
f 5592 5557 15982
f 5592 15981 5557
f 5591 5592 15982
f 5592 5591 15950
f 5592 15950 15949
f 5593 5592 15949
f 16177 16176 5370
f 16176 16200 5370
f 16177 16201 5369
f 16201 16177 5370
f 5369 16201 5344
f 16201 5370 5344
f 16175 5399 5372
f 16222 16243 16244
f 5370 5345 5344
f 16200 5345 5370
f 16096 5459 5458
f 5459 16096 16095
f 5460 5459 16095
f 16122 5459 5460
f 5429 16149 5428
f 16122 5429 16123
f 16123 5429 5428
f 15809 5794 5795
f 5753 15809 5795
f 5794 15809 5752
f 15809 15845 5752
f 15845 5711 5752
f 5711 15810 5752
f 15810 5711 15846
f 15846 5711 15880
f 5711 5671 15880
f 5711 15845 5671
f 5712 5753 15844
f 5712 15844 15879
f 15845 5712 15879
f 5712 15809 5753
f 15809 5712 15845
f 5793 15772 5752
f 15810 5793 5752
f 5837 5793 15773
f 15772 5793 5837
f 5793 5751 15773
f 5793 15810 5751
f 15810 5710 5751
f 5710 15810 15846
f 15812 5709 5708
f 15951 5591 5590
f 5591 15951 15950
f 15848 5707 5708
f 5707 15848 15883
f 15883 15848 5667
f 15848 15882 5667
f 5666 15849 15883
f 15849 5707 15883
f 15849 15884 5706
f 15849 5666 15884
f 5663 15921 5662
f 15852 5663 5662
f 5663 15852 15886
f 5663 15920 15921
f 15885 5665 15919
f 15918 5665 15884
f 5665 15918 15919
f 15884 15850 5706
f 5665 15850 15884
f 5703 15852 15853
f 5875 5874 15701
f 5874 5875 15740
f 5873 15742 5872
f 15742 5829 5828
f 5872 15742 5871
f 15743 15742 5828
f 15742 15743 5871
f 5829 15741 5830
f 5874 15741 5873
f 15741 15742 5873
f 15742 15741 5829
f 15741 15740 5830
f 15741 5874 15740
f 5786 15779 5830
f 15779 5786 5785
f 15779 5829 5830
f 5829 15779 5785
f 15778 5830 5831
f 15778 5786 5830
f 5785 5744 15817
f 5786 5744 5785
f 15816 5744 5786
f 5744 5703 15817
f 5743 5702 15818
f 5702 15853 5701
f 15818 5702 5701
f 5702 5743 15817
f 5703 5702 15817
f 5702 5703 15853
f 5743 15780 5785
f 5784 15780 5743
f 15780 5829 5785
f 5829 15780 5828
f 15780 5784 5828
f 15666 15705 5869
f 5914 15666 5869
f 15705 15666 5915
f 5920 5967 15621
f 5920 15622 5967
f 15622 5966 5967
f 5966 15581 5967
f 15582 5966 5965
f 5966 15623 5965
f 5966 15622 15623
f 5874 15662 15701
f 15662 5920 15701
f 6149 6104 15465
f 6104 6149 15464
f 6057 15543 6011
f 15543 6012 6011
f 6012 15543 6059
f 15623 5964 5965
f 15624 5964 15623
f 15625 15665 5915
f 15544 6057 6011
f 6010 15544 6011
f 15739 5875 15700
f 15739 15700 5876
f 5831 15739 5832
f 15738 15739 5876
f 15740 15739 5831
f 5875 15739 15740
f 5968 5921 15621
f 5921 15660 15700
f 15658 5923 15618
f 15581 6014 6015
f 15541 6014 6013
f 6014 15582 6013
f 6014 5966 15582
f 5966 6014 15581
f 5781 5739 15821
f 5739 5698 15821
f 5782 5741 5740
f 5782 5781 15783
f 5782 15782 5783
f 5741 5782 5783
f 5826 5782 15783
f 5782 5826 15782
f 5742 15819 5783
f 15819 5741 5783
f 15819 5742 5701
f 15854 15819 5701
f 5700 15819 15854
f 5741 15819 5700
f 6427 6467 15228
f 15196 6467 6466
f 11636 6428 1978
f 6428 11636 6388
f 6428 11556 1978
f 6506 15196 15164
f 6544 6506 15164
f 6341 6299 15300
f 6256 6299 6257
f 6214 15371 6215
f 15371 15370 6215
f 15371 6256 6257
f 15370 15371 6258
f 15371 6257 6258
f 6213 15372 6214
f 15372 15371 6214
f 15371 15372 6256
f 6255 15372 6213
f 15372 6255 6256
f 15303 6377 6378
f 15303 6337 6377
f 6295 15339 6336
f 6337 6295 6336
f 6212 15410 6211
f 6212 15409 15410
f 15409 6212 6213
f 6258 15334 6259
f 15334 6301 6259
f 15334 6258 6300
f 6342 15334 6300
f 6301 15334 6342
f 6345 6385 6386
f 6385 6345 15297
f 15263 6385 6384
f 6385 6344 6384
f 6385 15297 6344
f 15229 6426 6466
f 6426 15229 6427
f 6467 15229 6466
f 15229 6467 6427
f 15262 6426 6427
f 15262 6387 6386
f 6426 15262 15263
f 6387 15262 15261
f 15262 6427 15261
f 6385 15262 6386
f 15262 6385 15263
f 6030 15568 6029
f 15568 15569 6029
f 15569 15568 5982
f 15568 6030 5983
f 5982 15568 5983
f 15649 15688 5889
f 15689 15649 5889
f 6123 6076 6122
f 6123 15448 15488
f 15527 6123 15488
f 6123 15527 6076
f 15449 6123 6122
f 15448 6123 15449
f 6031 6077 15526
f 15527 6077 6031
f 6077 6078 15526
f 6077 6124 6078
f 6124 6077 15488
f 6077 15527 15488
f 5981 15569 5982
f 5980 5981 15610
f 15569 5981 15570
f 5981 5980 15570
f 6074 6028 15530
f 6074 15529 6028
f 6074 6120 15490
f 6120 6074 15530
f 6074 15490 6121
f 6075 15528 6029
f 15529 6075 6029
f 15528 6075 6122
f 6122 6075 6121
f 6075 6074 6121
f 6074 6075 15529
f 12380 15640 15600
f 15680 15640 5899
f 12309 1199 15600
f 1199 12380 15600
f 12379 1199 12309
f 1199 12379 12380
f 15643 5941 15603
f 5942 15643 15603
f 15643 5942 15682
f 15643 15682 5896
f 15683 15643 5896
f 5941 15643 15683
f 5991 15601 15560
f 15601 5991 15600
f 5990 5989 15561
f 5990 15602 5989
f 5990 15601 15602
f 5990 15561 15560
f 15601 5990 15560
f 12305 1202 12306
f 12376 1202 12305
f 1202 12377 12306
f 12447 12516 1134
f 12447 12515 12516
f 12515 12447 1135
f 12448 12447 1134
f 12447 12448 12377
f 1202 12447 12377
f 12447 12376 1135
f 12447 1202 12376
f 12448 1201 12377
f 12378 1201 12448
f 1201 12307 12377
f 1201 12378 12307
f 15522 15523 6082
f 6036 15522 6083
f 15522 6036 6035
f 15523 15522 6035
f 6083 15522 6129
f 15522 6082 6129
f 15412 6166 6165
f 6166 15412 15411
f 15414 6164 6163
f 15453 15414 6163
f 15414 6162 15415
f 6162 15414 15453
f 6292 15306 6334
f 15341 6292 6334
f 6250 6292 15341
f 15305 6293 6334
f 6293 15305 6335
f 6375 15305 6334
f 6375 6374 15272
f 6374 6375 15306
f 6374 15273 15272
f 6414 15240 6453
f 6412 15274 6371
f 6529 6491 15177
f 6491 6529 15176
f 15242 6450 15210
f 15242 6410 6450
f 6489 15179 6527
f 15178 6489 6527
f 6489 15178 15210
f 6492 15176 6530
f 6533 6532 15142
f 6569 6604 15113
f 6532 6569 15142
f 6569 6532 15143
f 6569 15143 6568
f 6604 6569 6568
f 15115 6567 6602
f 6567 15115 6603
f 6567 6603 6568
f 15144 6567 6568
f 6567 6566 6602
f 15172 6535 6497
f 6535 15171 6497
f 15171 6535 6536
f 15139 6535 15140
f 6535 15139 6536
f 6414 6415 15272
f 6415 6414 15239
f 6455 6415 15239
f 6415 6455 15238
f 6416 6415 15238
f 6415 6416 15272
f 15389 6192 15390
f 6235 15389 15390
f 6277 6235 15354
f 15389 6235 6236
f 6364 6363 15281
f 15350 6281 6323
f 6281 15350 6239
f 6403 15282 6402
f 15282 6403 15281
f 6361 15316 6321
f 6152 15462 6151
f 15462 6106 6151
f 6106 15462 15502
f 6107 6152 15461
f 15501 6107 15461
f 6107 15462 6152
f 15462 6107 15502
f 6107 6060 15502
f 15542 6060 6013
f 6060 15542 6059
f 6012 15542 6013
f 15542 6012 6059
f 6153 6154 15461
f 6154 15460 15461
f 6154 6153 15422
f 15421 6154 15422
f 6154 15421 6155
f 15460 6154 6155
f 15423 15424 6195
f 15424 15423 6152
f 15424 6152 6151
f 6195 15424 6194
f 15425 15424 6151
f 15424 15425 6194
f 15458 15420 6157
f 15458 6156 15420
f 15458 6112 15498
f 6112 15458 6157
f 6111 15458 15498
f 6156 15458 6111
f 6243 15382 15383
f 15382 6201 15383
f 6201 15418 15419
f 6114 6159 15455
f 15456 6159 6114
f 6159 6160 15455
f 6160 6159 15417
f 6159 15418 15417
f 15418 6159 15456
f 15618 15617 15657
f 5972 15617 15618
f 15617 5972 5973
f 15616 15617 5973
f 15533 6069 6116
f 6069 15495 6116
f 15495 6069 15534
f 6071 6070 6117
f 6070 6071 15532
f 6070 15494 6117
f 6070 15533 15494
f 5975 15575 15574
f 15575 6022 15574
f 6022 6068 15534
f 6021 6020 15535
f 6021 6022 15575
f 6021 15535 6068
f 6022 6021 6068
f 15572 15573 6025
f 6026 15572 6025
f 5978 15572 15571
f 15572 6026 15571
f 6024 15573 15574
f 6024 6070 15532
f 6070 6024 15533
f 6024 15532 6025
f 15573 6024 6025
f 15573 5976 15574
f 5976 5975 15574
f 6327 15311 6328
f 6327 6286 6285
f 15311 6327 15312
f 6246 15345 6288
f 15345 6329 6288
f 6329 15345 6328
f 15345 6287 6328
f 6369 6368 15277
f 6368 6369 15311
f 6368 6367 15277
f 6368 15311 6367
f 15211 6450 15243
f 6450 15211 15210
f 15211 6489 15210
f 6331 15343 6289
f 6330 6331 6289
f 6370 15309 6329
f 6329 15309 6288
f 15309 6330 6288
f 6330 15309 6371
f 15309 6370 6371
f 15310 6370 6329
f 6370 15310 6369
f 15310 6329 6328
f 6369 15310 6328
f 15344 6247 6246
f 6247 15344 6289
f 15343 6247 6289
f 6248 15378 15379
f 6247 6248 15379
f 6248 6247 15343
f 6205 6204 15379
f 15416 6205 15415
f 6204 6205 15416
f 5885 15692 15652
f 15768 5799 5798
f 15768 5798 15769
f 15768 5843 5799
f 15768 5842 5843
f 15731 5842 5841
f 5842 15731 5885
f 5887 15651 15690
f 15691 5885 15652
f 15691 5886 5885
f 15691 5887 5886
f 5887 15691 15651
f 5842 15730 5843
f 5886 15730 5842
f 5887 15730 5886
f 15730 15729 5843
f 15730 5887 15729
f 5931 15691 15652
f 15691 5931 15651
f 5888 5887 15690
f 5888 15689 15728
f 15729 5888 15728
f 5887 5888 15729
f 5933 5932 15611
f 5932 5933 15651
f 5931 5932 15651
f 5759 5718 15804
f 15054 6677 15053
f 15080 6644 15053
f 15109 6644 15080
f 6609 6644 15109
f 6710 15000 6711
f 15027 6710 6711
f 14973 6804 14947
f 6804 14973 14948
f 6804 14922 14947
f 14922 6804 14948
f 6922 6895 14847
f 6895 6922 14846
f 14874 6888 14852
f 6888 14874 6860
f 14853 14875 6887
f 14853 6888 14875
f 6913 14853 6887
f 14853 6913 6914
f 6888 14853 6914
f 14896 6835 14920
f 6835 14896 6863
f 6863 14896 14873
f 14896 6862 14873
f 6916 14830 6942
f 14830 6941 6942
f 6575 15137 6538
f 6576 15137 6575
f 15137 6539 6538
f 6539 15137 15136
f 15137 6576 15136
f 6461 15234 6460
f 15201 6461 6460
f 6421 6461 15233
f 15234 6461 6421
f 6461 6462 15233
f 6461 15201 15200
f 6462 6461 15200
f 6643 15110 6608
f 15110 6573 6608
f 15110 6609 6573
f 15110 6644 6609
f 15050 15078 6681
f 15078 15051 6681
f 15078 6646 15051
f 6646 15078 6647
f 15204 6458 15236
f 6458 15204 6497
f 15204 15172 6497
f 15172 15204 6496
f 6377 15269 6378
f 6418 15269 6377
f 15269 6419 6378
f 15269 6418 6419
f 6557 6558 15153
f 6558 6557 6593
f 6557 6592 6593
f 6405 6404 15247
f 6404 6444 15247
f 6404 6405 15281
f 6403 6404 15281
f 6483 6521 15183
f 6521 6483 15184
f 6484 6483 15183
f 6487 15211 6448
f 6487 6526 15179
f 15091 15120 6631
f 15120 15091 6632
f 6524 6486 15181
f 6486 6524 6525
f 6562 6563 15148
f 6563 6562 6598
f 6525 6562 15148
f 6627 6628 15123
f 6628 6627 15094
f 6627 15067 15094
f 6659 15041 6660
f 6689 15018 15017
f 6688 6689 15045
f 15018 6689 6688
f 15097 15069 6625
f 15097 15070 15069
f 15070 15097 6624
f 6399 15285 6398
f 15188 6478 15220
f 6516 6478 15188
f 15429 6189 6190
f 6189 15392 6190
f 15392 6189 15393
f 6189 6188 15393
f 6189 15429 6188
f 15356 6232 6274
f 6316 15356 6274
f 6192 6191 15390
f 6191 15428 6190
f 6102 6148 15465
f 6148 6102 15466
f 6273 15357 6231
f 6232 15357 6274
f 15357 6232 6231
f 6314 6273 6272
f 6477 15188 15220
f 15323 6354 15322
f 15289 6354 6353
f 6354 15323 6353
f 6511 15161 6548
f 15101 6688 15073
f 15101 6583 6546
f 15101 6546 7395
f 6688 15101 7395
f 6584 6549 6548
f 6723 14990 6754
f 6721 6722 15017
f 6722 6721 6752
f 15278 6407 6408
f 6367 15278 15277
f 15278 6408 15277
f 6366 15278 6367
f 15279 15278 6366
f 6407 15278 15279
f 6407 15245 6408
f 6408 15245 6448
f 15245 6447 6448
f 15245 6446 6447
f 6446 15245 6407
f 15089 15088 6634
f 15089 15061 15088
f 15061 15089 15062
f 15089 6633 15062
f 6633 15089 6634
f 15088 6635 6634
f 6635 15117 6634
f 6636 6635 15088
f 15117 6635 6636
f 6563 6599 6564
f 6599 6563 6598
f 6601 6636 15116
f 6601 15117 6636
f 6601 6566 6565
f 6601 15116 6602
f 6566 6601 6602
f 15429 6146 15467
f 15428 6146 15429
f 6146 15428 6147
f 15466 6146 6147
f 6146 6101 15467
f 6146 15466 6101
f 15865 15831 15830
f 15830 15831 15795
f 5685 15901 15902
f 5685 15867 15901
f 15867 5686 15901
f 15900 5686 15866
f 15901 5686 15900
f 5686 15832 15866
f 5686 15867 15832
f 15834 15869 15835
f 15834 5684 15869
f 5685 15833 15867
f 15760 5851 5852
f 11783 1692 1691
f 11783 11782 1692
f 11783 1765 11782
f 1839 1765 11705
f 1765 1839 11782
f 11782 1839 1766
f 1765 1838 11705
f 1763 11785 1690
f 11785 1764 1690
f 11785 1763 1837
f 1764 11785 1837
f 1764 11784 1691
f 11784 11783 1691
f 11783 11784 1765
f 11784 1838 1765
f 11784 1764 11706
f 1838 11784 11706
f 1689 11862 11863
f 11862 1689 1690
f 11863 11862 1618
f 11862 11861 1618
f 11861 11862 1690
f 1758 1831 11713
f 11791 1758 11790
f 11711 11712 1907
f 11712 11711 1833
f 11710 11711 1907
f 1906 11633 1907
f 11712 1906 1907
f 1906 11634 11633
f 1906 11712 11713
f 11865 1688 11864
f 1688 11865 1687
f 1616 11865 11864
f 1832 1759 11790
f 1759 1832 11712
f 1758 1832 11790
f 11712 1832 11713
f 1832 1758 11713
f 1760 11788 1687
f 1688 11788 1761
f 11788 1688 1687
f 11789 1760 1687
f 11789 1759 1833
f 1760 11789 1833
f 1831 1905 11713
f 11634 1905 11635
f 1905 1906 11713
f 1906 1905 11634
f 1402 12094 12166
f 12094 1470 12166
f 15330 11793 6263
f 12094 12020 1470
f 1757 11793 1830
f 11946 1540 12021
f 1540 11946 11945
f 12020 1540 11945
f 1540 12094 12021
f 1540 12020 12094
f 1405 1406 12162
f 1472 12091 1404
f 12091 1473 1404
f 12167 6039 15519
f 15519 6039 6038
f 6038 6039 15560
f 6039 15559 15560
f 1270 1203 12305
f 1203 1270 12304
f 1270 1271 12304
f 1270 12234 12233
f 1271 1270 12233
f 12231 12302 1272
f 12231 1340 12230
f 1340 12231 1339
f 1406 12160 12161
f 12232 1271 12233
f 1271 12232 1272
f 12232 12231 1272
f 12231 12232 1339
f 12445 1136 12375
f 1136 12446 12375
f 12446 1136 12514
f 1136 12513 12514
f 12513 1136 12445
f 1204 12304 12303
f 12374 1204 12303
f 12304 1204 12375
f 1204 12374 12375
f 1132 12380 12450
f 15718 1132 12518
f 1133 1132 12450
f 1132 1133 12518
f 1070 12581 1005
f 12581 1070 1071
f 5687 15900 15866
f 15831 5687 15866
f 5687 15831 15865
f 5812 15756 12586
f 15756 5812 15793
f 12652 5812 12586
f 5812 12652 15793
f 15793 5770 5811
f 5770 15794 5811
f 15794 5770 5729
f 5770 12718 5729
f 12718 5770 15793
f 5728 15830 15795
f 15757 5769 5810
f 15794 5769 15757
f 5810 5769 15795
f 5769 5728 15795
f 5728 5769 15794
f 1346 12222 12223
f 1346 12223 1345
f 12295 1278 1279
f 12295 1212 12366
f 1278 12224 1279
f 12223 12224 1345
f 12224 12223 1279
f 12225 1278 1277
f 12224 12225 1345
f 12225 12224 1278
f 12365 12436 12366
f 12436 1144 12366
f 12436 12504 1144
f 12433 1148 1147
f 1212 12294 12365
f 12294 12223 1280
f 12223 12294 1279
f 12294 12295 1279
f 12295 12294 1212
f 12364 12435 12365
f 12294 12364 12365
f 12364 12294 1213
f 12435 12364 1146
f 12364 12434 1146
f 1214 12291 12362
f 12433 1214 12362
f 12150 1416 1348
f 12290 1283 12289
f 1216 12290 12289
f 12291 1215 12362
f 1215 12291 12290
f 12291 1282 12290
f 1283 1282 12220
f 1282 1283 12290
f 1282 12221 12220
f 12221 1282 1281
f 1282 12291 1281
f 12152 1346 1345
f 1346 12152 1414
f 1483 12079 1415
f 1482 12152 1413
f 1696 11855 11856
f 5246 16326 16342
f 16327 5246 16342
f 16326 5246 16310
f 5246 16327 16310
f 5251 16306 16322
f 5251 16322 5233
f 16307 5250 16324
f 5309 16235 16255
f 16256 16235 5309
f 16249 5316 16229
f 5316 16249 5317
f 5317 16249 16228
f 16249 16229 5339
f 16228 16249 5339
f 5315 16270 16251
f 5315 16269 16270
f 16230 5315 16251
f 16287 5291 5292
f 16288 5291 16287
f 5291 16269 5292
f 16269 5291 16270
f 5291 5290 16270
f 5291 16288 5290
f 5312 5313 16271
f 5313 5312 16253
f 5313 16232 16252
f 16232 5313 16253
f 16233 16232 16253
f 16232 5334 5335
f 5334 16232 16233
f 5196 5195 16371
f 5195 5196 16383
f 5195 16383 5182
f 5195 5182 16372
f 16371 5195 16372
f 5214 5198 16369
f 5198 16381 16382
f 5197 5198 16382
f 5198 5197 16369
f 16357 5228 16356
f 5228 5229 16356
f 5229 5228 16341
f 16341 5228 16342
f 5228 5227 16342
f 5228 16357 5227
f 16108 5446 5445
f 5475 16108 16109
f 16108 5445 16109
f 5476 16108 5475
f 5446 16108 5476
f 5543 15995 15994
f 16023 5543 15994
f 15995 5543 16024
f 5543 16023 16024
f 15999 5539 5538
f 15999 5572 5573
f 5572 15999 5538
f 5574 15999 5573
f 15999 5574 5539
f 5574 15998 5539
f 16027 15998 5540
f 5539 15998 16027
f 15998 5575 5540
f 15998 5574 5575
f 5645 15936 5644
f 5645 15904 15903
f 15904 5645 5644
f 15936 5645 15935
f 5646 5645 15903
f 15935 5645 5646
f 5609 15936 15935
f 15936 5609 5608
f 5609 15968 5608
f 5609 5610 15967
f 5610 5609 15935
f 5609 15967 5573
f 15968 5609 5573
f 16052 5508 16025
f 16026 5508 16053
f 16025 5508 16026
f 5508 16080 16053
f 5508 16052 16080
f 5638 15909 5639
f 15941 5638 5639
f 5638 15941 15942
f 5637 5638 15942
f 5638 5637 15910
f 15909 5638 15910
f 15900 5649 5648
f 15899 5649 15900
f 5687 15899 15900
f 15899 5687 15865
f 12910 15930 5651
f 14503 7287 7261
f 7260 14503 7261
f 14503 7260 7286
f 14503 14480 7287
f 14503 7286 14480
f 7002 7003 14760
f 7002 14742 7003
f 7042 7022 7041
f 7022 14743 14744
f 7041 7022 7021
f 7022 14744 7021
f 14742 7023 7024
f 14380 7437 7438
f 7437 14351 7438
f 7467 7434 14355
f 7434 7433 14355
f 7434 7401 14384
f 7433 7434 14384
f 7901 13926 7902
f 7919 13926 7901
f 13926 13911 7937
f 7936 13927 13912
f 7936 7919 13927
f 7936 7952 13911
f 7936 13912 7952
f 13926 7936 13911
f 7936 13926 7919
f 7714 7713 7740
f 14114 7714 7715
f 14114 7688 14115
f 14162 7660 7631
f 7633 14160 7662
f 7765 14071 7740
f 7766 14071 7765
f 7742 14070 7767
f 14070 7766 7767
f 14070 7742 7715
f 7769 7768 14048
f 7768 7792 14048
f 7767 7768 14069
f 7768 7767 7791
f 7792 7768 7791
f 14160 14137 7662
f 7719 14088 7745
f 14088 7718 7745
f 7718 14088 14111
f 14110 14088 7719
f 14088 14110 14111
f 14091 7716 14113
f 14114 14091 14113
f 14091 14114 7715
f 7742 14091 7715
f 7716 14091 7742
f 7716 14090 14113
f 14090 14112 14113
f 14112 14090 7717
f 7634 14183 7633
f 14183 7634 14182
f 7683 14143 14119
f 14143 7682 14119
f 7682 14143 7654
f 14143 14142 7655
f 14142 14143 7683
f 7372 14408 7371
f 7373 7372 14380
f 14408 7372 14407
f 7372 7373 14407
f 7370 7403 7371
f 14409 7370 7371
f 7369 7370 14410
f 7370 7369 7402
f 14461 7339 14460
f 7370 7339 14410
f 7339 7370 14409
f 7369 14383 7402
f 7434 14383 7401
f 7401 14383 7368
f 14383 7369 7368
f 7402 14383 7435
f 14383 7434 7435
f 14456 14431 7345
f 14431 14405 7345
f 7503 14322 14323
f 7441 14348 7442
f 14348 14347 7442
f 14348 7475 14347
f 14295 7503 14323
f 7502 14295 14323
f 7503 14295 14267
f 14295 7502 14267
f 7656 14165 14142
f 14165 7656 7627
f 7627 14188 7596
f 7628 14188 7627
f 14188 7597 7596
f 14188 7628 7597
f 14239 7567 7536
f 7535 14239 7536
f 14266 7535 7536
f 7535 14266 7503
f 14266 7536 7504
f 14326 7467 7466
f 14354 7468 7435
f 7434 14354 7435
f 14354 7434 7467
f 7605 7604 14182
f 7604 7605 14207
f 14205 14204 7577
f 7577 14204 7578
f 14204 14203 7578
f 14258 7513 14286
f 7513 14314 14286
f 7512 14286 14315
f 14287 7512 14315
f 14187 7598 7597
f 7598 14187 7629
f 7628 14187 7597
f 14187 7628 7629
f 7630 14163 7659
f 14163 7658 7659
f 14163 7630 7629
f 14163 7629 7657
f 7658 14163 7657
f 14344 7478 7479
f 14344 7447 7446
f 14345 14344 7446
f 7478 14344 14345
f 14344 7479 7480
f 14288 14316 14317
f 14316 7478 14317
f 14316 14287 14315
f 7479 14316 14315
f 7478 14316 7479
f 7538 7539 14264
f 7538 14237 7539
f 7538 14265 7537
f 14265 7538 14264
f 14238 7538 7537
f 14237 7538 14238
f 7507 7508 14319
f 7507 14263 7508
f 7536 14293 7504
f 14265 14293 7536
f 14293 14322 7504
f 14232 7544 7543
f 7575 14232 7574
f 14231 14232 7575
f 14232 14231 7545
f 7544 14232 7545
f 7541 7542 14261
f 14234 7542 7541
f 7542 7543 14261
f 7542 14234 7573
f 14357 14358 7463
f 14357 7431 14358
f 7431 14357 7432
f 14357 14356 7432
f 14357 7465 14356
f 7462 14329 7463
f 14329 7462 14330
f 7462 14358 14359
f 14358 7462 7463
f 7461 7462 14359
f 14330 7462 7461
f 14329 14328 7463
f 7624 7623 7653
f 7624 14191 7623
f 14167 7624 7653
f 14121 14122 14098
f 14122 7734 14098
f 14122 7620 7734
f 7680 14121 14145
f 7652 7680 14145
f 14122 7680 7679
f 7680 14122 14121
f 7681 14120 14144
f 14145 7681 7653
f 7681 14144 7653
f 14121 7681 14145
f 14120 7681 14121
f 14218 7592 14217
f 14326 7499 14297
f 7564 14241 14242
f 14216 7563 14217
f 7563 7562 14217
f 7562 7563 14242
f 7563 7564 14242
f 7564 7563 14216
f 7593 14216 14217
f 14216 7593 14191
f 7592 7593 14217
f 7593 7592 14192
f 7623 7593 14192
f 14191 7593 7623
f 14213 14214 7596
f 7597 14213 7596
f 14213 7597 14212
f 7567 14213 14212
f 14190 7595 7594
f 14190 7626 7595
f 14191 14190 7594
f 7626 14166 7655
f 14166 14143 7655
f 14143 14166 7654
f 14072 7765 7739
f 14072 7764 7765
f 7788 7764 14052
f 7764 7788 14051
f 14033 7788 14052
f 7788 14033 7812
f 14051 7788 7812
f 13996 14014 7833
f 13996 7834 14014
f 13996 7833 7856
f 7834 13996 7856
f 14118 14117 7684
f 14116 7713 14115
f 14117 14116 7686
f 14118 7710 14095
f 7710 7709 7736
f 7709 7710 14119
f 7710 14118 14119
f 14074 7710 7736
f 7710 14074 7737
f 14095 7710 7737
f 5105 5112 8123
f 5105 8124 5112
f 8124 5105 8131
f 8131 5105 5098
f 5105 8130 5098
f 8130 5105 8123
f 8034 13837 13838
f 13837 8034 13828
f 8034 13819 13828
f 8034 13820 13819
f 13840 8021 8020
f 8073 13795 13796
f 13795 8073 8133
f 8057 13810 8056
f 8057 13802 8164
f 5067 8057 8164
f 13810 8057 5067
f 13803 8056 8055
f 8064 13803 8055
f 13803 8064 13796
f 2051 11479 11478
f 2051 11478 2052
f 11559 2051 2052
f 2050 2051 11560
f 2051 2050 11479
f 2051 1976 11560
f 2051 11559 1976
f 2201 11400 11319
f 2125 11400 2201
f 11319 11400 2200
f 11400 2124 2200
f 11400 2125 11480
f 2124 11400 11480
f 2437 11155 2358
f 2357 2437 2358
f 11155 2437 2517
f 11321 11320 2200
f 2277 11320 11321
f 11320 11319 2200
f 11320 2278 11319
f 2278 11320 2277
f 2202 2126 11399
f 11398 2126 2202
f 2126 11479 11399
f 11479 2126 11478
f 2126 11398 11478
f 2520 11069 11152
f 2440 2520 11152
f 11069 2520 10988
f 2520 11070 10988
f 11153 2520 2440
f 11070 2520 11153
f 2519 11153 11154
f 2519 11070 11153
f 11071 2519 11154
f 2519 11071 10989
f 11070 2519 10989
f 3222 3223 10335
f 3223 3222 10264
f 10264 3222 10265
f 3222 10335 10336
f 3222 3221 10265
f 3221 3222 10336
f 3223 10263 3224
f 10263 10262 3224
f 10262 10263 3291
f 10263 3223 10264
f 3294 10193 10192
f 3294 3295 10259
f 3295 3294 10192
f 10193 3294 3293
f 10128 10193 3360
f 10193 10128 3361
f 10258 3228 10259
f 3295 10258 10259
f 10196 3358 10195
f 3358 10196 10131
f 10194 10129 3360
f 9996 9931 3489
f 3489 9931 9930
f 9931 3612 9930
f 9867 9931 3550
f 9931 9867 3612
f 9997 3487 9932
f 3009 3008 10487
f 3008 3009 10562
f 3009 2937 10562
f 2937 3009 10561
f 3082 3010 10487
f 3010 3082 10486
f 3010 3009 10487
f 3009 3010 10561
f 3081 3082 10487
f 3082 3081 10412
f 3080 3081 10487
f 10413 3081 3080
f 3081 10413 10412
f 2860 2861 10716
f 10564 2933 10565
f 10490 3077 10489
f 10338 3150 10339
f 3150 3149 10339
f 3150 10414 3149
f 3150 10413 3079
f 10414 3150 3079
f 3151 3150 10338
f 3150 3151 10413
f 3007 10488 3079
f 10488 10414 3079
f 10563 10488 3007
f 10712 10789 2863
f 10789 10712 2864
f 10637 10712 2863
f 10712 10637 2864
f 10636 2937 10635
f 2937 10636 10637
f 2864 10636 10635
f 10637 10636 2864
f 2937 2936 10562
f 2936 2937 10637
f 10638 2936 10637
f 10562 2936 2935
f 2936 10638 2935
f 3087 10405 3157
f 3156 10405 3086
f 10405 3156 3157
f 10479 3015 10554
f 10479 3087 10404
f 10479 10404 3088
f 3015 10479 10478
f 10479 3088 10478
f 2796 10782 10705
f 2721 10782 2796
f 10782 2721 2795
f 10782 10706 10705
f 10705 10706 10628
f 10706 10629 10628
f 2868 10707 10784
f 3085 10482 10407
f 10481 10406 3086
f 10481 3085 10406
f 10481 10482 3085
f 3089 10402 10476
f 10477 3089 10476
f 10402 3089 10403
f 3089 10477 10403
f 3292 10261 10262
f 3292 10262 3291
f 10194 3292 10195
f 3292 10196 10195
f 10196 3292 3291
f 3292 10194 3293
f 10261 3292 3293
f 10475 3018 10476
f 3018 10550 10476
f 10549 3018 10475
f 10550 3018 10549
f 10191 3295 10192
f 10191 10192 10127
f 10256 3230 3229
f 3230 10256 10255
f 10253 3299 3300
f 10188 10123 3365
f 3364 10123 10188
f 10123 3364 10057
f 3365 10123 10056
f 10123 10057 10056
f 9677 9617 3740
f 9617 9677 3739
f 9736 9677 3740
f 9677 9736 3739
f 3799 3855 9558
f 3855 9559 9558
f 3855 3854 9559
f 9934 3486 3547
f 9934 3548 3486
f 3609 9934 3547
f 9870 9934 3609
f 3548 9934 9870
f 9999 3423 10065
f 9801 3615 9802
f 9863 3615 9801
f 3615 9864 9802
f 9864 3615 3553
f 9927 3492 3553
f 3615 9927 3553
f 9927 3615 9863
f 9926 9862 3555
f 9926 3616 9862
f 3493 9926 3555
f 3552 9928 3491
f 3492 9928 3553
f 9928 3492 3491
f 9928 3614 3553
f 9928 3552 3614
f 10058 9992 3429
f 10057 10058 3429
f 10125 10058 10124
f 10058 10125 10059
f 10058 3364 10124
f 3364 10058 10057
f 9992 3428 9993
f 3428 3427 9993
f 3427 3428 10059
f 3428 10058 10059
f 10058 3428 9992
f 9991 3492 3493
f 9991 9992 3492
f 9992 9991 3429
f 9991 10057 3429
f 9991 3430 10057
f 9991 3493 9990
f 3430 9991 9990
f 3619 9860 9798
f 9989 3431 9990
f 3494 9989 9990
f 3431 9989 10055
f 9989 3432 10055
f 10054 3433 10053
f 3432 3433 10054
f 3433 10052 10053
f 10624 2874 10701
f 10624 10701 2873
f 10623 10624 2947
f 2874 10624 10623
f 10625 10624 2873
f 10624 10625 2946
f 10624 10549 2947
f 10549 10624 2946
f 2877 10620 10697
f 10620 2877 10698
f 2877 10697 10774
f 10698 2877 10774
f 10620 2950 10545
f 2950 10546 3022
f 10545 2950 3022
f 10546 2950 10621
f 2950 10620 10621
f 3173 3174 10386
f 3101 10464 10389
f 10464 3101 10463
f 3171 10389 3170
f 10317 3171 3170
f 3171 3101 10389
f 3239 3171 10317
f 10245 3240 3239
f 3369 10182 10183
f 3369 10118 10182
f 10119 3369 10183
f 10118 3369 10052
f 3369 10119 10052
f 9796 9795 9857
f 9796 3681 9795
f 2669 10912 10913
f 2748 10830 2822
f 10459 3105 10384
f 3105 10459 10385
f 3105 3175 10384
f 3175 3105 10385
f 10459 10460 10385
f 3033 10459 10458
f 10459 3033 10533
f 10531 10532 3034
f 10532 10531 2962
f 10533 10532 2962
f 3033 10532 10533
f 10532 10458 3034
f 10532 3033 10458
f 10767 10691 2883
f 10768 10691 10767
f 10613 10691 10614
f 10691 10613 2883
f 2808 10768 10767
f 10542 3024 10468
f 10543 3024 10542
f 3024 10543 10469
f 10394 3024 10469
f 10468 3024 10394
f 10465 10539 3027
f 10465 3028 10539
f 10465 3099 10390
f 3028 10465 10464
f 10466 10465 3027
f 10465 10466 3099
f 10617 10616 2880
f 3166 10322 10321
f 10322 3234 10321
f 3234 10322 10323
f 10322 3165 10323
f 3165 10322 3166
f 3234 10251 3235
f 3235 10251 10250
f 10251 3302 10250
f 3560 9919 3499
f 9919 9983 3499
f 9983 9919 3561
f 3561 9919 3622
f 9919 3560 3622
f 3560 9856 3622
f 9856 3560 3621
f 9856 9794 3622
f 9856 3621 9794
f 3498 9985 9986
f 9985 3498 3499
f 10118 10051 3370
f 10051 10118 10052
f 10050 10049 10116
f 10049 10050 3436
f 12982 12981 624
f 12982 682 12981
f 12982 13042 623
f 13042 12982 624
f 12983 12982 623
f 682 12982 12983
f 804 12856 12857
f 12793 804 12794
f 804 12793 12856
f 12855 12856 805
f 12856 12855 746
f 12792 12855 805
f 806 12855 12792
f 746 12855 747
f 741 12861 12860
f 12801 798 797
f 12800 798 12801
f 684 744 12919
f 12920 744 684
f 744 745 12919
f 745 744 12857
f 744 12920 743
f 12921 742 743
f 12921 12920 683
f 12920 12921 743
f 742 12921 12922
f 682 12921 683
f 12921 682 12922
f 12735 861 12799
f 861 12735 923
f 865 12731 12665
f 12666 12731 864
f 12731 12666 12665
f 12859 12858 743
f 744 12858 12857
f 12858 744 743
f 13221 508 13220
f 508 509 13220
f 509 508 13162
f 508 13221 507
f 13101 567 13161
f 566 13101 13161
f 567 13101 13042
f 13101 566 13042
f 13043 13102 565
f 566 13102 13043
f 13102 13162 565
f 13102 566 13162
f 13100 13160 567
f 13160 13100 13159
f 13100 568 13159
f 12655 935 12590
f 12589 12655 12590
f 12655 12589 936
f 12720 12655 936
f 12728 12792 866
f 12728 867 12792
f 12729 12728 866
f 12728 12729 12663
f 867 12728 12662
f 12726 12661 931
f 12660 12726 931
f 12727 930 12661
f 12727 867 12662
f 930 12727 12662
f 867 12727 12792
f 12394 12462 1186
f 1254 12253 12252
f 12324 12394 1186
f 12394 12324 1254
f 12324 12253 1254
f 12461 12460 1122
f 12530 12529 1056
f 12463 1120 12464
f 12464 1120 1119
f 991 928 12599
f 928 991 12663
f 991 12598 12663
f 12533 1054 12599
f 1054 991 12599
f 991 1054 12598
f 12598 12597 12663
f 12597 12598 1055
f 1057 12595 993
f 12595 1057 994
f 12595 994 931
f 12661 12595 931
f 12595 12661 993
f 12528 1057 12529
f 12528 12529 1122
f 12528 1058 994
f 1057 12528 994
f 12460 12528 1122
f 12791 806 12792
f 12727 12791 12792
f 1386 12183 12184
f 1386 1385 12113
f 1385 1386 12184
f 12463 12395 1186
f 1185 12395 12463
f 12395 1185 12325
f 12395 12324 1186
f 12256 12327 1250
f 1251 12327 12256
f 12327 12328 1250
f 12328 12327 12398
f 12327 1183 12398
f 1183 12327 12397
f 12326 1184 12397
f 12327 12326 12397
f 12326 12327 1251
f 12326 1252 12396
f 1184 12326 12396
f 12326 12255 1252
f 12326 1251 12255
f 12114 1385 1384
f 12114 1453 12113
f 1385 12114 12113
f 12534 1053 12600
f 1053 12534 12533
f 1053 12533 12599
f 12330 1181 12401
f 12605 985 922
f 985 12670 922
f 12670 985 12604
f 985 1049 12604
f 985 12605 1048
f 1049 985 1048
f 927 990 12599
f 990 927 12600
f 990 1053 12599
f 1053 990 12600
f 863 12797 12733
f 1245 1246 12332
f 12403 1245 12332
f 1245 12403 12333
f 1246 1245 12262
f 1245 12263 12262
f 12263 1245 12333
f 12403 1178 12333
f 1178 12404 12333
f 1178 12403 12471
f 1112 1178 12471
f 1178 1112 12472
f 1178 12472 1177
f 12404 1178 1177
f 12402 12470 1179
f 12470 12402 1180
f 1179 12470 12471
f 12195 12194 1309
f 12408 12337 1173
f 12264 1310 1311
f 12194 1310 1309
f 1310 12265 1309
f 1310 12264 12265
f 2266 11252 2345
f 2265 11252 2266
f 11252 2344 2345
f 11252 11253 2344
f 11252 2265 11253
f 2190 11413 11332
f 11413 2190 2114
f 11413 2114 11493
f 2112 11494 11495
f 11494 2112 11414
f 2112 11495 11496
f 11415 2112 11496
f 2188 11415 11334
f 11333 2188 11334
f 2188 11333 11414
f 2112 2188 11414
f 2188 2112 11415
f 11333 2189 11414
f 11413 2189 11332
f 2189 2266 11332
f 2189 11333 2266
f 11417 11416 2110
f 11416 11415 2111
f 11416 11335 11415
f 11416 11497 2110
f 11416 2111 11497
f 2263 11336 11337
f 11336 2263 2264
f 10850 2654 2653
f 2729 10850 2653
f 2804 10850 2729
f 2654 2655 10928
f 2655 10927 10928
f 10927 2655 2656
f 10927 2579 10928
f 2579 2578 10928
f 2579 10927 11007
f 2346 2347 11250
f 2426 2347 2346
f 2347 2426 11167
f 2347 11249 11250
f 11420 11500 2107
f 11500 11420 2108
f 11420 2184 2108
f 2183 11420 2107
f 11340 2182 11341
f 2259 11340 11341
f 2260 11340 2259
f 11421 11340 2183
f 11340 11421 2182
f 1737 11737 11814
f 11817 1664 1663
f 1735 11817 1734
f 1808 11662 1882
f 1881 11662 1808
f 11662 1956 1882
f 1956 11662 11583
f 1732 1733 11819
f 1733 1732 11743
f 1878 11666 11665
f 1805 1878 11665
f 1878 1805 11744
f 1804 1878 11744
f 1878 1877 11666
f 1877 1878 1804
f 11584 2030 11583
f 2029 11584 11585
f 11584 1954 11585
f 1953 11586 11585
f 11586 2027 11506
f 2027 11586 11587
f 11586 1952 11587
f 1952 11586 1953
f 11969 12043 1520
f 11969 1590 11894
f 12043 11969 1521
f 1451 12044 1520
f 1452 1521 1453
f 1452 12043 1521
f 12043 1452 1520
f 1452 1451 1520
f 12044 11970 1520
f 11970 11969 1520
f 11969 11970 1590
f 1589 11970 11971
f 11970 11895 1590
f 11970 1589 11895
f 1519 1451 12117
f 1451 1519 12044
f 11970 1519 11971
f 1519 11970 12044
f 1516 1517 1448
f 1517 12047 1448
f 1587 1517 1516
f 1517 1587 11973
f 12047 1517 11973
f 12047 1449 12119
f 1381 1449 12118
f 1449 1381 12119
f 12048 1447 1515
f 1447 12048 1516
f 11974 12048 1515
f 12048 11974 1516
f 1661 11895 11896
f 11820 1661 1660
f 1661 11896 1660
f 1661 11820 11819
f 1662 1661 11819
f 11895 1661 1662
f 2650 10853 2651
f 10853 2727 2651
f 10854 10853 2650
f 10853 10854 2801
f 2727 10853 2801
f 10775 2727 2801
f 2727 10775 2802
f 10699 10775 2801
f 10775 10699 2876
f 10698 10775 2876
f 10775 10698 2802
f 2652 2728 10851
f 10931 2652 2653
f 2652 10851 2653
f 10932 2652 10931
f 2652 10932 2651
f 10852 2652 2651
f 2728 2652 10852
f 2569 10939 10938
f 2332 11266 2253
f 11266 2254 2253
f 2254 11266 11265
f 11266 2333 11265
f 2333 2332 2412
f 2333 11266 2332
f 2178 11427 11346
f 2178 11426 2102
f 11427 2178 2102
f 2103 11426 11425
f 11426 2103 11506
f 2103 11425 11505
f 1588 11972 11973
f 1588 11897 11972
f 1588 11973 11898
f 11897 1588 11898
f 11897 1659 11821
f 1659 11822 11821
f 1659 11897 11898
f 1658 1659 11898
f 11822 1659 1658
f 11262 2335 2336
f 11263 2335 11262
f 2338 11177 2418
f 2417 11177 2338
f 11177 2417 2497
f 11177 2497 11094
f 2498 11177 11094
f 2418 11177 2498
f 2257 2256 11262
f 11344 2256 2257
f 2256 11263 11262
f 2738 10841 2812
f 2738 2813 10840
f 2738 10840 2662
f 10841 2738 2662
f 2887 10685 10762
f 10685 2887 10608
f 10535 2959 3031
f 2960 10535 10534
f 10460 10535 3031
f 2809 10766 2735
f 10844 2809 2735
f 10690 10767 2883
f 10612 10690 2883
f 10690 2809 10767
f 2809 10690 10766
f 2811 10765 10688
f 10765 2885 10688
f 10841 2737 2812
f 2737 10841 2661
f 10845 2658 2657
f 2658 10845 10844
f 10845 2809 10844
f 2809 10845 10767
f 11001 2585 11000
f 2586 2585 10920
f 2585 2586 11000
f 2585 11001 2584
f 12315 1262 12385
f 12315 12386 1261
f 12244 12315 1261
f 1262 12315 12244
f 12315 1194 12386
f 12315 12385 1194
f 12384 1196 12452
f 1195 12384 12452
f 12384 1195 12314
f 12384 12313 1196
f 1197 12312 12382
f 12451 1197 1131
f 1198 1197 12382
f 1131 1197 1198
f 12243 1263 12314
f 1263 12384 12314
f 12384 1263 12313
f 1263 12243 12242
f 12313 1263 12242
f 1394 12104 1462
f 12392 12321 1189
f 12460 12392 1189
f 12321 12250 1257
f 12250 12321 1256
f 12105 12106 1460
f 12106 12105 1392
f 12320 12321 1257
f 12320 12391 12321
f 12319 12320 1257
f 12390 12320 12319
f 12391 12320 1190
f 12320 12390 1190
f 811 12848 12849
f 12848 811 812
f 1884 11660 1958
f 11659 1884 1958
f 1884 11659 1811
f 11737 1884 1811
f 11658 11657 1886
f 11658 1959 1960
f 11657 11658 1960
f 11658 11659 1959
f 11735 1812 1886
f 1813 11735 1886
f 1812 11735 1739
f 11735 1813 1739
f 12387 1260 12316
f 12317 1260 12387
f 1260 12245 12316
f 12246 1259 12247
f 12246 12317 1259
f 12246 1260 12317
f 12245 12246 1327
f 1260 12246 12245
f 1258 12389 12319
f 1258 12318 12389
f 12318 1258 1259
f 12247 1258 12248
f 1259 1258 12247
f 1823 11645 1897
f 1897 11645 1971
f 11566 11645 1970
f 11645 11566 1971
f 1821 1894 11647
f 11801 11802 1748
f 11726 1894 1821
f 11876 1678 11875
f 1750 11723 1824
f 11723 1823 1824
f 11725 1822 1748
f 1537 11951 1607
f 1607 11951 11876
f 11951 1606 11876
f 11877 1605 11878
f 1606 11877 11876
f 1605 11877 11952
f 11877 1606 11952
f 1600 11883 11958
f 1600 12032 11959
f 12032 1600 11958
f 11884 1600 11959
f 11883 1600 11884
f 1601 11957 11958
f 1601 11883 11882
f 11883 1601 11958
f 1602 1601 11882
f 11957 1601 1602
f 12031 11957 1531
f 11957 12031 11958
f 12031 12103 1462
f 12103 12031 1531
f 11884 11885 1670
f 11885 11884 1599
f 12034 1529 1460
f 12106 12034 1460
f 11737 1738 11814
f 1738 11813 11814
f 1738 11737 1811
f 11811 11812 1739
f 11812 1738 1739
f 1738 11812 11813
f 11966 11891 1594
f 1593 11891 11966
f 11891 1593 11892
f 1664 11891 11892
f 1665 11891 1664
f 1964 1965 11652
f 1965 11572 1966
f 11651 1965 1966
f 1965 11573 11572
f 1965 1964 11573
f 11652 1891 1817
f 1965 1891 11652
f 1891 1965 11651
f 1678 1679 11875
f 1679 11874 11875
f 11874 1679 1680
f 1679 11798 1680
f 2121 11485 11405
f 2046 11485 11484
f 11485 2121 11484
f 11485 2046 2045
f 11486 11485 2045
f 2044 11487 2045
f 11487 11486 2045
f 2274 2273 11243
f 11324 2273 2274
f 2273 11244 11243
f 11568 2043 2044
f 11567 1969 2044
f 1969 11568 2044
f 11656 11657 1960
f 1961 11656 1960
f 11577 11578 2035
f 11577 1961 11578
f 2036 11577 2035
f 11576 11577 2036
f 11577 11576 1961
f 1813 11734 1740
f 11734 1814 1740
f 11734 1813 1887
f 1814 11734 1887
f 11654 1889 1815
f 1889 11654 1963
f 11654 11575 1963
f 11575 11654 1962
f 11809 11808 1670
f 11809 1742 11808
f 1816 1890 1817
f 1890 1816 11653
f 1816 1889 11653
f 2041 11571 2040
f 11572 11571 1966
f 2040 11571 11572
f 11492 2039 2114
f 2039 11492 2040
f 11403 2122 11484
f 2122 11483 11484
f 11562 11561 1974
f 11562 2049 11561
f 2049 11562 2048
f 1973 11562 1974
f 8917 4464 8916
f 4464 8873 8916
f 8874 4464 8917
f 4464 8874 8873
f 4426 8914 8913
f 4426 8913 4427
f 8958 4426 4427
f 4384 8958 4342
f 4341 4384 4342
f 8959 4384 4341
f 4426 4384 8959
f 4384 4426 8958
f 4385 8958 4427
f 4385 4343 4342
f 8958 4385 4342
f 8873 8830 4504
f 8874 8830 8873
f 8830 8874 4503
f 8830 8788 4504
f 8789 8830 4503
f 8830 8789 8788
f 4336 8964 4337
f 9014 9062 9015
f 4418 4376 8968
f 4502 8876 8832
f 4502 8875 8876
f 8875 4502 8831
f 8831 4502 8790
f 4502 8832 8790
f 4499 8879 8836
f 4499 8835 8879
f 8794 4499 8836
f 4499 8793 8835
f 4499 8794 4537
f 8793 4499 4537
f 4459 8879 8922
f 8923 4459 8922
f 8924 8923 4417
f 4416 8924 4417
f 4379 8965 4421
f 8964 4379 4421
f 4379 4336 8965
f 4336 4379 8964
f 9103 9102 4249
f 9151 9103 4249
f 9254 9203 4154
f 9203 9254 4153
f 9202 4202 4155
f 9254 9255 4153
f 4102 9255 4103
f 9255 4102 9256
f 9306 4105 9305
f 9109 4243 9110
f 8924 8925 4457
f 8925 8924 4416
f 4415 4414 8926
f 8925 4415 8926
f 4415 8925 4416
f 4415 8970 8971
f 4415 4416 8970
f 4373 4415 8971
f 4415 4373 4414
f 9063 4288 9016
f 4288 9063 9110
f 9207 4197 4198
f 9206 9207 4198
f 9207 4150 9208
f 4197 9207 9208
f 9207 4151 4150
f 4151 9207 9206
f 9158 4242 9110
f 4242 9158 4196
f 9261 9314 4096
f 9261 4097 9314
f 9260 9209 4149
f 9209 9260 4148
f 9259 9260 4149
f 9260 9261 4148
f 9261 9260 4097
f 4194 4147 9211
f 4194 4240 9160
f 9161 4194 9211
f 4240 4194 9161
f 9210 4195 4148
f 9261 9210 4148
f 9210 9261 4147
f 4194 9210 4147
f 4195 9210 9160
f 9210 4194 9160
f 9366 9420 3993
f 4047 9420 9366
f 4152 9255 9256
f 9255 4152 4153
f 9257 4152 9256
f 4151 4152 9257
f 4152 4151 9206
f 4245 9156 9108
f 4245 4199 9156
f 9311 4099 9310
f 4100 4099 9258
f 4099 4100 9310
f 4099 9259 9258
f 4099 9311 9312
f 3999 9414 9413
f 9417 9364 9418
f 9363 9364 9417
f 9310 9364 9363
f 4049 9364 9310
f 9416 3995 9418
f 9473 3995 9471
f 9416 9362 9361
f 9362 4050 9361
f 4050 9362 4049
f 9362 9364 4049
f 9362 9416 9418
f 9364 9362 9418
f 4456 8925 8926
f 4456 8882 4457
f 8925 4456 4457
f 8882 8881 4457
f 8837 8881 4497
f 4456 8883 8882
f 8884 8883 4455
f 8883 8884 8840
f 4455 8883 8926
f 8883 4456 8926
f 8717 4605 8716
f 4571 8717 8716
f 4491 8844 8888
f 8844 4491 8802
f 4491 4529 8802
f 4529 4528 8762
f 8763 4528 8804
f 8762 4528 8763
f 4608 8713 8714
f 8713 4574 8714
f 4609 8713 8675
f 8713 4608 8675
f 8712 8713 4609
f 4575 8713 8712
f 8713 4575 8752
f 4574 8713 8752
f 8431 8432 4860
f 8403 8431 4860
f 8431 4835 8432
f 4835 8431 8460
f 8431 4861 8430
f 4861 8431 8403
f 8377 4885 8378
f 4885 4884 8378
f 8404 4885 8403
f 8403 4885 4886
f 8376 8352 4908
f 8376 8377 8352
f 8351 8376 4908
f 4885 8376 4886
f 8376 4885 8377
f 8462 8492 4807
f 8462 4833 8433
f 4834 8462 8433
f 8492 8462 8491
f 8491 8462 8461
f 8462 4834 8461
f 4887 8375 4909
f 8375 8351 4909
f 8375 8376 8351
f 8376 8375 4886
f 8350 4910 8374
f 4864 4889 8399
f 4889 4864 8400
f 8285 4969 8307
f 8264 8285 4987
f 4906 8353 8378
f 8353 4906 4928
f 8330 4906 8354
f 4906 8330 4928
f 8285 4988 4969
f 4988 8285 8264
f 4988 8264 8245
f 4969 8284 8306
f 4988 8284 4969
f 8305 4951 4930
f 8305 4930 8328
f 4950 8305 8328
f 4951 8305 4971
f 8304 4931 8327
f 4951 8304 8327
f 8304 8282 4972
f 8282 8304 4971
f 8304 4951 4971
f 4935 8321 8345
f 4935 8346 8322
f 8346 4935 8345
f 4913 8371 8346
f 4913 8345 8370
f 4913 8346 8345
f 8371 8398 4890
f 8398 4865 4890
f 8426 8398 4866
f 8398 8426 4865
f 4912 8371 4890
f 8371 4912 8346
f 8240 8239 4993
f 8239 8240 5010
f 8239 5010 8222
f 5054 8239 8222
f 8239 5054 8153
f 8319 8239 8153
f 4994 8239 8319
f 4935 4956 8321
f 8259 4991 8241
f 8240 8259 8241
f 8259 8240 4992
f 8279 4992 4993
f 4730 8545 8579
f 8481 8451 4817
f 4760 8545 4730
f 8397 8425 4866
f 4892 8397 8370
f 8397 4892 8396
f 8423 4843 8452
f 8451 4843 8422
f 4843 8423 8422
f 8395 8369 4893
f 8369 8395 4892
f 8369 4892 4914
f 8396 4868 8424
f 8395 4868 8396
f 4868 8423 8424
f 4868 8395 8423
f 4869 8394 8393
f 8394 4894 8393
f 4894 8394 4893
f 8394 8395 4893
f 8395 8394 4869
f 8343 4937 8319
f 4937 8343 4915
f 8425 4841 8454
f 4841 8453 8454
f 4841 8425 8424
f 8453 4841 8424
f 4815 4842 8452
f 4815 8453 4842
f 8455 4839 8427
f 8455 8456 4839
f 8485 8455 4814
f 8455 8454 4814
f 4698 8613 4666
f 8613 4698 8579
f 4698 8580 8579
f 8650 4665 4632
f 8546 4730 8579
f 8580 8546 8579
f 4756 4727 8549
f 4756 8516 4727
f 4786 8485 4814
f 8484 4786 4814
f 4756 4786 8516
f 4812 8456 8486
f 4764 8540 4734
f 4735 8574 8540
f 8575 8574 4702
f 8540 8574 4734
f 8574 8575 4734
f 8574 8609 4702
f 8575 8541 4734
f 4733 8541 8575
f 8541 4763 4734
f 4763 8541 4733
f 8447 8418 4848
f 8418 8447 4847
f 8418 4872 4848
f 8418 8419 4872
f 8419 8418 4847
f 8419 8391 4872
f 8420 8391 8419
f 8391 8420 4871
f 8392 8391 4871
f 4895 8391 8392
f 8391 4895 8366
f 8342 8391 8366
f 4872 8391 8342
f 4844 8451 8422
f 4844 8450 8451
f 4845 8420 8449
f 8450 4845 8449
f 8450 4818 8480
f 4818 8479 4790
f 8480 4818 4790
f 4818 8449 8479
f 4818 8450 8449
f 4642 4675 8638
f 4642 8639 4675
f 4642 8638 8675
f 4608 4642 8675
f 8604 8570 4707
f 8604 8639 4674
f 4675 8604 4707
f 8639 8604 4675
f 8570 4706 8571
f 4706 8605 8571
f 8604 4706 8570
f 8605 4706 4674
f 4706 8604 4674
f 8571 4705 8572
f 8605 4705 8571
f 4538 8792 4500
f 8793 4538 4500
f 8792 4538 8751
f 4538 8752 8751
f 4538 8793 8752
f 4535 8754 4536
f 4536 8754 8753
f 8754 4573 8753
f 4572 8754 8755
f 8754 4535 8755
f 8509 8510 4792
f 8509 4763 8510
f 8679 8680 4638
f 8679 4671 4639
f 4671 8679 4638
f 8679 4605 4604
f 8680 8679 4604
f 4602 4603 8720
f 8682 4603 4602
f 4603 8682 8681
f 4603 8719 8720
f 4603 8681 4604
f 8719 4603 4604
f 8721 4567 8722
f 4567 4566 8722
f 4566 4567 8761
f 4567 8760 8761
f 4569 8757 8758
f 4570 8757 4569
f 8757 4533 8758
f 8757 8756 4533
f 8757 4570 8756
f 8577 4700 8612
f 4700 4668 8612
f 4668 4700 8611
f 8576 8577 4732
f 8576 4732 8542
f 8576 4700 8577
f 4733 8576 8542
f 8576 4701 8611
f 4700 8576 8611
f 8576 8575 4701
f 8576 4733 8575
f 4637 8682 4636
f 8682 4637 8681
f 4637 8680 8681
f 8680 4637 4638
f 10017 10016 3407
f 3406 10017 3407
f 10017 3470 10016
f 10018 10019 3468
f 10018 10017 3406
f 10082 10083 3407
f 10083 3406 3407
f 9832 3649 9771
f 9833 3649 9832
f 3766 3823 9652
f 3708 3766 9652
f 9536 3879 9537
f 3879 9536 3880
f 3823 3824 3767
f 3765 3707 9714
f 9712 3708 9652
f 9712 9652 3767
f 9711 9712 3767
f 9712 9711 3709
f 9712 3709 9771
f 3708 9712 9771
f 3875 3876 9598
f 3822 3766 9653
f 3766 3822 3823
f 3765 3822 9653
f 3822 3765 3821
f 9777 3644 9838
f 9431 3982 9377
f 9486 9431 3983
f 9431 9486 3982
f 9378 9325 9324
f 9321 4091 9320
f 3987 9427 9426
f 3987 9480 9481
f 9425 3987 9426
f 9480 3987 9425
f 9319 4040 9320
f 10028 3458 3459
f 3460 10028 3459
f 3394 10029 3395
f 10029 10028 3395
f 10028 10029 3458
f 3458 10029 3457
f 10029 10030 3457
f 10030 10029 3394
f 10152 10217 3337
f 10217 10152 3338
f 10152 10086 3338
f 10153 10152 3337
f 10086 10152 10153
f 10215 10150 3340
f 3342 10213 10148
f 3275 10213 3276
f 10213 10212 3276
f 10213 3342 10212
f 9956 3529 3467
f 3529 9956 3589
f 10020 10021 3466
f 9956 10020 3466
f 10020 9956 3467
f 10021 10020 3402
f 10019 10020 3467
f 10023 10024 3464
f 3465 10023 3464
f 10023 3465 10022
f 3836 3837 3780
f 9578 3837 3836
f 3837 9636 3780
f 9636 3837 3781
f 3837 9578 9577
f 3837 9577 3838
f 3781 3837 3838
f 9410 9355 4003
f 4056 9355 9410
f 9355 9409 4003
f 9354 9355 4057
f 9409 9355 9354
f 9355 9301 4057
f 9355 4056 9301
f 4119 4120 9289
f 4119 9237 4120
f 9237 4119 9238
f 9344 9398 9399
f 9397 9343 4067
f 9343 9397 9398
f 9344 9343 9398
f 9343 9344 4066
f 4260 9139 4259
f 4214 9139 4260
f 9188 4214 4260
f 9187 9188 4260
f 8957 4427 4428
f 8957 4385 4427
f 4385 8957 4343
f 9187 9045 8868
f 9045 9187 4260
f 9823 9761 3658
f 9761 9702 3718
f 9760 9761 3718
f 9761 9760 3658
f 3774 3716 9644
f 3941 9471 9470
f 3941 9527 9528
f 3996 9417 9418
f 3995 3996 9418
f 3996 3995 9473
f 3939 9475 3993
f 3939 3938 9475
f 3889 9525 9524
f 9525 3945 9524
f 3832 9642 3775
f 3832 9583 3833
f 9583 3888 3889
f 3888 9525 3889
f 9525 3888 9526
f 9526 3888 3887
f 9171 4184 9172
f 4184 4183 9172
f 4184 9171 4185
f 4277 9123 9077
f 9171 9123 4231
f 9123 9122 4231
f 9123 4277 9122
f 9221 4137 9222
f 4184 9221 9222
f 9221 4184 4185
f 9075 4278 9122
f 4277 9075 9122
f 9027 9075 9028
f 9075 9027 4278
f 4320 9029 9030
f 9029 9077 9030
f 9376 9431 9377
f 9376 9430 3983
f 9431 9376 3983
f 4088 9324 9271
f 4088 9323 9324
f 9325 4086 4087
f 9272 4086 9273
f 4087 4086 9272
f 9027 4322 9026
f 4322 4364 8981
f 4322 9027 9028
f 8843 8886 4492
f 8885 8886 4493
f 8886 8842 4493
f 8842 8886 8843
f 4369 8976 4411
f 8976 4410 4411
f 4410 8976 4368
f 8931 8930 4411
f 4410 8931 4411
f 8931 4410 8932
f 4325 8977 4368
f 8977 4410 4368
f 8977 4409 4410
f 4239 9162 9114
f 9262 9261 4096
f 9261 9262 4147
f 4147 9262 9211
f 9262 4146 9211
f 9072 4280 9025
f 4280 9026 9025
f 4284 9069 9068
f 9024 9071 4281
f 9026 4323 9025
f 4323 4324 9025
f 4322 4323 9026
f 4140 9219 4187
f 9169 9219 4186
f 9219 9169 4187
f 9168 4187 4233
f 9120 9168 4233
f 4140 9218 9269
f 9218 4140 4187
f 9168 9218 4187
f 9113 4240 9161
f 9113 4239 9114
f 4239 9113 9161
f 8928 4414 4413
f 8928 8927 4414
f 8973 4372 4329
f 4328 4371 4329
f 4371 8973 4329
f 8973 4371 4413
f 9018 9019 4330
f 4286 9018 9065
f 9018 4286 9019
f 9018 4287 9065
f 4287 9018 9017
f 9018 4331 9017
f 9018 4330 4331
f 9821 9759 3660
f 9821 3598 9883
f 9821 9883 3597
f 9822 9821 3597
f 3651 9830 9831
f 3652 3651 9768
f 9829 3652 9828
f 3652 9829 9830
f 3651 3652 9830
f 9707 9767 3712
f 9767 9768 3712
f 9767 3652 9768
f 9767 3653 9828
f 3652 9767 9828
f 9586 3886 3830
f 3886 9586 3885
f 3827 3828 3771
f 3828 9646 3771
f 9646 3828 3772
f 9644 3773 3830
f 3535 9886 3596
f 9886 3535 9949
f 9885 3535 3596
f 9948 3535 9885
f 3535 3473 9949
f 3535 9948 3473
f 9823 9824 3657
f 9824 9825 3656
f 9824 9823 3596
f 9886 9824 3596
f 9825 9887 3594
f 9887 9951 3594
f 9951 9887 3534
f 9640 3834 3778
f 9640 3777 3834
f 9640 3778 9699
f 3719 9640 9699
f 9640 3719 9700
f 3777 9640 9700
f 3777 9641 3833
f 9701 9641 9700
f 9641 3777 9700
f 9421 3991 9367
f 3992 9421 9366
f 9421 3992 9476
f 3991 9421 9476
f 9421 4046 9366
f 4046 9421 9367
f 9534 3881 9535
f 3935 9534 9535
f 9478 3990 9477
f 9423 3990 9478
f 9648 3827 3771
f 9648 9707 3712
f 3933 9480 3934
f 9536 3933 3934
f 3933 9536 9537
f 9480 3933 9481
f 3932 3933 9537
f 3933 3932 9481
f 9765 9764 3655
f 9764 9825 3655
f 9825 9764 3656
f 9764 9705 3715
f 9705 9764 9765
f 9705 9646 3772
f 9889 9827 3593
f 9889 3592 9827
f 9889 3593 3532
f 3654 9826 9827
f 9826 3654 9765
f 3530 9891 3591
f 9954 3530 3591
f 3590 3530 9955
f 3530 3590 9891
f 3467 3530 3468
f 3530 3467 9955
f 3530 9954 3468
f 3483 3482 9938
f 3482 3483 10003
f 3483 10002 10003
f 9936 9872 3546
f 3544 3483 9938
f 3483 3544 9937
f 9875 3544 9938
f 9874 3544 9875
f 9937 3606 9873
f 9873 3606 9811
f 3544 3606 9937
f 3606 3544 9874
f 3606 9812 9811
f 3606 9874 9812
f 3726 9633 3784
f 9693 9633 3726
f 9633 9693 3783
f 3840 9633 3783
f 3784 9633 3841
f 9633 3840 3841
f 9351 9405 9406
f 9350 9351 4060
f 9351 9350 9405
f 9352 9407 9353
f 4059 9352 9353
f 9407 9352 9406
f 9352 9351 9406
f 9351 9352 4059
f 9298 9297 4060
f 9351 9298 4060
f 9298 9351 4059
f 9301 9300 4057
f 9300 9354 4057
f 9052 4298 9005
f 4204 9149 9199
f 4204 4157 9200
f 4204 9199 4157
f 9149 4204 4250
f 4204 9150 4250
f 9150 4204 9200
f 9250 4109 4108
f 4109 9250 9249
f 4109 9300 9301
f 9460 3951 9461
f 4006 9460 9461
f 9460 4006 9406
f 4007 9460 9406
f 9460 4007 9459
f 9350 9404 9405
f 9404 4007 9405
f 4007 9404 9459
f 9404 9349 9403
f 3416 3415 10007
f 10073 3415 3416
f 3415 10008 10007
f 3284 10204 10203
f 10204 10205 10140
f 10205 10204 3283
f 10204 3284 3283
f 10070 3353 10137
f 10071 10070 10137
f 10070 10071 3417
f 10202 3352 10137
f 3352 10202 10138
f 3352 10071 10137
f 3352 10138 10071
f 3219 10269 10268
f 10269 3219 3218
f 10269 3218 10270
f 10067 10068 3420
f 10134 10068 10067
f 3420 10068 3419
f 10068 10069 3419
f 10069 10068 10135
f 10068 10134 10135
f 3354 10134 10199
f 10134 3354 10135
f 10200 3354 10199
f 10198 3355 10133
f 3355 10134 10133
f 3355 10198 10199
f 10134 3355 10199
f 10201 3286 10202
f 10269 3286 10268
f 3286 10267 10268
f 3287 10201 10200
f 3287 10200 3288
f 3286 3287 10267
f 3287 3286 10201
f 10266 3287 3288
f 3287 10266 10267
f 3959 3958 9452
f 3958 3959 9509
f 3959 9508 9509
f 9451 3959 9452
f 3959 9451 3960
f 9508 3959 3960
f 3795 9562 3852
f 3795 9621 3851
f 9562 3795 3851
f 3736 3795 9680
f 3795 3736 9621
f 3963 3962 9448
f 3962 3963 9504
f 3962 9449 9448
f 3908 3907 9504
f 3908 9562 3907
f 9503 3908 9504
f 3908 9561 3852
f 9562 3908 3852
f 3908 9503 3909
f 9561 3908 3909
f 3850 9623 3849
f 9623 3850 3793
f 3850 9622 3793
f 9622 3850 3851
f 3850 9563 3851
f 3907 3906 9506
f 9563 3906 3907
f 3906 9507 9506
f 3906 3905 9507
f 4017 9393 9448
f 9449 4017 9448
f 3961 9507 3960
f 9507 3961 9506
f 3961 3962 9506
f 3962 3961 9449
f 9288 9341 4068
f 4069 9341 9288
f 9341 4069 9340
f 9395 9341 9340
f 9396 9451 4014
f 9396 9342 4068
f 9397 9396 4014
f 9342 9396 9397
f 9341 9396 4068
f 9396 9341 9395
f 9396 4015 9451
f 4015 9396 9395
f 3611 3550 9868
f 3611 9867 3550
f 9806 3611 9868
f 9867 3611 9806
f 3612 3551 9930
f 9866 3551 3612
f 3551 3490 9930
f 3551 9929 3490
f 3552 3613 9865
f 9929 3613 3552
f 3551 3613 9929
f 3613 3551 9866
f 9744 9805 3673
f 9805 9744 3674
f 9805 9866 3612
f 9867 9805 3612
f 9805 9806 3673
f 9805 9867 9806
f 9455 9400 4012
f 9625 3790 3847
f 3790 9625 9685
f 3732 3790 9685
f 2744 10756 2819
f 10834 2744 2819
f 2744 2818 10756
f 2744 10835 2818
f 10835 2744 2667
f 2744 10834 2667
f 10833 10834 2819
f 2592 2591 10913
f 2592 10993 2591
f 10912 2592 10913
f 2515 11074 11157
f 10993 11074 11075
f 11074 2515 11075
f 10990 2594 10910
f 11161 2512 11078
f 2512 10997 11078
f 10997 2512 11079
f 11079 2512 11162
f 2352 2432 2353
f 2432 11161 2353
f 2432 2352 11162
f 2512 2432 11162
f 2432 2512 11161
f 2514 11076 11075
f 2515 2514 11075
f 2514 2515 11159
f 2513 2514 11159
f 11077 2514 2513
f 2514 11077 11076
f 11323 2198 11403
f 2198 11322 11403
f 2198 11323 2275
f 11322 2198 2275
f 11240 2276 2275
f 11241 11240 2275
f 11240 11241 2355
f 11240 2355 2356
f 2276 11240 2356
f 11239 2276 2356
f 2276 11239 2277
f 2357 11239 2356
f 2277 11239 2357
f 2047 11563 11564
f 11563 1973 11564
f 11563 11483 2048
f 11483 11563 2047
f 11562 11563 2048
f 11563 11562 1973
f 2510 11164 11081
f 10999 2510 11081
f 2349 11165 2429
f 11165 2509 2429
f 2350 2430 11163
f 2430 2350 11164
f 2430 2510 11163
f 2510 2430 11164
f 2272 2271 11245
f 11327 2271 2272
f 2270 2271 11328
f 2271 11327 11328
f 13104 13164 563
f 13104 564 13164
f 13104 563 13045
f 564 13104 13045
f 13282 391 390
f 13282 390 13283
f 446 13282 13283
f 391 13282 13281
f 13282 448 13281
f 735 12866 12865
f 736 735 12865
f 735 736 12928
f 734 735 12928
f 12866 735 734
f 13046 13047 619
f 13046 13106 13047
f 13106 13046 562
f 620 13046 619
f 13046 13105 562
f 13046 620 13045
f 563 13046 13045
f 13105 13046 563
f 449 13223 450
f 506 13223 505
f 13223 13224 505
f 13223 449 13224
f 450 13223 13222
f 13223 506 13222
f 674 12990 673
f 673 12990 614
f 615 12990 12989
f 12990 674 12989
f 12990 13050 614
f 13050 12990 615
f 675 12929 12928
f 674 12929 675
f 12929 734 12928
f 734 12929 733
f 12929 12930 733
f 13394 13342 331
f 384 13342 13343
f 13482 239 13437
f 496 13174 13173
f 13174 496 495
f 441 13288 440
f 13288 13289 440
f 13289 13288 384
f 13227 501 13226
f 501 502 13226
f 501 13169 13168
f 502 501 13168
f 13284 445 13283
f 445 446 13283
f 446 445 13226
f 445 13227 13226
f 13216 511 512
f 13216 13217 511
f 509 13219 13220
f 13219 454 13220
f 13219 13161 510
f 13219 509 13161
f 13218 13219 510
f 454 13219 13218
f 455 454 13218
f 454 455 13275
f 13217 455 13218
f 13275 455 13274
f 298 13379 347
f 346 13379 298
f 13328 13274 400
f 13328 13379 346
f 13380 346 298
f 13380 13427 297
f 13427 13380 298
f 13328 13380 13329
f 13380 13328 346
f 13426 13427 298
f 13426 298 347
f 13213 459 13214
f 459 13213 13212
f 13274 13273 400
f 13379 13327 347
f 13273 13327 400
f 13327 13378 347
f 13378 13327 13326
f 13327 13328 400
f 13328 13327 13379
f 13326 402 13325
f 13377 348 13325
f 348 13326 13325
f 13378 348 13377
f 348 13378 13326
f 392 391 13281
f 392 13335 391
f 293 294 13431
f 293 13431 246
f 339 13335 13334
f 13335 339 338
f 338 339 290
f 449 13280 13281
f 13280 449 450
f 13280 450 13279
f 394 13280 13279
f 13480 13479 13520
f 13480 242 13479
f 13521 13480 13520
f 13480 241 242
f 13480 13521 13481
f 241 13480 13481
f 191 192 13566
f 13531 191 190
f 13531 13532 13491
f 13531 190 13532
f 13619 13644 110
f 13644 13669 110
f 13644 13619 137
f 13668 13644 111
f 13644 13668 13669
f 13618 13644 137
f 13644 13618 111
f 13620 13621 135
f 13523 13524 13483
f 13523 198 13524
f 13523 13482 13522
f 239 13523 13483
f 13523 239 13482
f 13618 13643 111
f 13643 13668 111
f 13643 13618 138
f 13667 13643 112
f 13668 13643 13667
f 13643 13617 112
f 13617 13643 138
f 13591 136 13592
f 13619 136 137
f 136 13591 137
f 13592 136 135
f 136 13620 135
f 88 13689 87
f 13668 88 87
f 88 13668 13667
f 88 13667 89
f 88 89 68
f 13689 88 68
f 13597 130 13598
f 158 13597 13598
f 159 13597 158
f 131 13625 130
f 13597 131 130
f 13675 104 13650
f 104 13625 13650
f 42 43 13729
f 42 30 58
f 30 42 13729
f 60 13696 61
f 13695 13696 81
f 13696 13695 61
f 13696 80 81
f 13696 13697 80
f 13696 60 13697
f 13713 13714 61
f 13714 13713 43
f 13714 60 61
f 42 13714 43
f 43 44 13728
f 13713 44 43
f 44 13727 13728
f 13727 44 45
f 44 13712 45
f 44 13713 13712
f 82 13695 81
f 63 13693 64
f 13692 13693 84
f 13693 13692 64
f 13649 13623 106
f 107 13622 13647
f 13621 134 135
f 134 13593 135
f 134 13621 13647
f 13622 134 13647
f 13596 13597 159
f 13596 131 13597
f 13646 108 13621
f 13620 13646 13621
f 13646 13620 109
f 108 13646 13671
f 13671 13646 13670
f 13646 109 13670
f 12241 1265 12311
f 1265 12241 12240
f 12311 1265 12310
f 1265 12240 12310
f 12027 1466 1534
f 1465 1466 12099
f 1534 1466 1465
f 1466 12027 1535
f 1466 12098 12099
f 1467 1466 1535
f 1466 1467 12098
f 1536 12026 11952
f 1606 1536 11952
f 12026 1536 1467
f 1536 11951 12025
f 11951 1536 1606
f 1467 1536 12097
f 1536 12025 12097
f 11640 1975 11639
f 11640 11641 1974
f 11561 11640 1974
f 1975 11640 11561
f 11950 1537 1607
f 11950 1607 11875
f 1608 11950 11875
f 11950 1608 11949
f 11950 11949 12023
f 1537 11950 12023
f 47 13710 48
f 46 47 13725
f 13711 47 46
f 13710 47 13711
f 66 65 13691
f 13710 65 66
f 65 13692 13691
f 13692 65 64
f 65 13710 64
f 13726 46 13725
f 34 13726 13725
f 13726 34 33
f 46 13726 45
f 13726 13727 45
f 13726 33 13727
f 12490 1092 1091
f 1090 12492 12491
f 12559 1090 12491
f 12492 1090 12560
f 12559 1026 12625
f 12139 12140 1425
f 12140 1493 1425
f 1356 12140 1357
f 12140 12139 1357
f 1423 12141 1355
f 12141 1423 12069
f 12686 966 967
f 12217 1351 1352
f 12216 12217 1352
f 12217 12216 1285
f 12357 1219 12286
f 12357 12358 1219
f 12287 12358 1218
f 1219 12287 12286
f 12358 12287 1219
f 12565 12566 1085
f 12566 1084 12498
f 1085 12566 12498
f 1084 12566 1019
f 12566 12565 1020
f 1027 1028 12623
f 1028 12556 1029
f 12622 1028 1029
f 12630 895 12696
f 895 12630 958
f 12695 896 12694
f 12628 896 959
f 896 12693 12694
f 896 12628 12693
f 1025 961 12626
f 1025 12626 12560
f 1025 12559 12625
f 961 1025 12625
f 1090 1025 12560
f 1025 1090 12559
f 12425 12424 1155
f 12424 12425 12354
f 12425 1154 12355
f 1024 12561 12560
f 1024 12626 12627
f 12626 1024 12560
f 1024 12628 12561
f 1089 12492 12560
f 12561 1089 12560
f 835 12757 12821
f 12822 835 12821
f 835 12822 12758
f 12692 835 12758
f 12757 835 12692
f 12759 834 12823
f 834 12822 12823
f 12822 834 12758
f 834 12693 12758
f 834 12759 12693
f 12820 776 775
f 12883 776 12882
f 775 776 12883
f 776 12820 12819
f 776 777 12882
f 777 776 12819
f 12755 12819 837
f 12755 837 12690
f 900 12755 12690
f 12818 777 12819
f 964 901 12623
f 1028 964 12623
f 964 1028 12622
f 12941 661 660
f 12941 12942 720
f 12942 12941 660
f 12941 720 721
f 661 12941 721
f 907 12749 12684
f 843 12749 844
f 12749 843 12684
f 12749 907 12683
f 12749 845 844
f 845 12749 12683
f 12683 970 12617
f 907 970 12683
f 970 1034 12617
f 12748 12812 845
f 12813 12812 783
f 12812 12813 845
f 12812 12748 846
f 12811 12812 846
f 12812 12811 785
f 968 12685 904
f 905 12685 968
f 12685 12751 904
f 12751 12685 842
f 12685 12750 842
f 12685 905 12750
f 12484 12485 1163
f 12484 1098 1097
f 12485 12484 1097
f 12484 1163 12416
f 1164 12484 12416
f 12484 12483 1098
f 12483 12484 1164
f 12813 12814 844
f 12814 843 844
f 12814 12813 782
f 12814 782 781
f 12815 12814 781
f 843 12814 842
f 12814 12815 842
f 431 430 13240
f 13240 430 13241
f 430 431 13298
f 430 429 13241
f 430 13299 429
f 13299 430 13298
f 378 13347 13348
f 13347 378 379
f 377 378 13348
f 13294 378 377
f 13602 153 154
f 13602 126 125
f 13603 13602 125
f 153 13602 13603
f 13601 13602 154
f 13602 13601 126
f 270 13406 318
f 270 13454 13406
f 13454 270 13453
f 13454 13500 221
f 13600 155 156
f 13601 155 13600
f 155 13570 156
f 13570 155 13571
f 155 154 13571
f 155 13601 154
f 126 127 13628
f 13601 127 126
f 127 13601 13600
f 128 127 13600
f 13627 127 128
f 13572 186 13571
f 186 187 13571
f 186 13535 187
f 13538 13574 183
f 13539 13538 183
f 13493 229 13533
f 13534 13493 13533
f 13653 13627 102
f 13653 102 13677
f 101 13653 13677
f 13628 13653 101
f 127 13653 13628
f 13653 127 13627
f 13185 483 13186
f 484 13185 13125
f 483 13185 484
f 13243 483 484
f 13243 13242 428
f 13242 13243 484
f 483 13243 13244
f 427 13243 428
f 13243 427 13244
f 13127 539 13186
f 539 13127 13068
f 13067 539 13068
f 13187 482 481
f 482 13187 13127
f 480 13188 481
f 13188 13187 481
f 13187 13188 13128
f 13128 13188 537
f 13189 13188 480
f 13130 13189 13190
f 13006 13066 597
f 13066 13006 598
f 656 12946 12945
f 13063 13123 543
f 13063 13122 13123
f 13063 601 13062
f 13122 13063 13062
f 13002 13003 659
f 601 13003 13002
f 13003 658 659
f 13003 600 658
f 13063 13003 601
f 13003 13063 600
f 13303 366 368
f 366 13303 369
f 366 13357 368
f 13357 366 369
f 13303 424 422
f 424 13303 13304
f 13246 424 13247
f 424 13246 422
f 424 423 13247
f 423 424 13304
f 891 954 12699
f 891 12700 954
f 829 891 12699
f 12764 829 12699
f 12566 12632 1019
f 12632 12566 1020
f 591 649 13013
f 13014 649 591
f 12639 1014 950
f 1014 12639 1013
f 12826 12825 771
f 12887 12888 771
f 12888 12887 12950
f 12888 12826 771
f 13008 596 13068
f 712 12887 12886
f 12887 712 12950
f 712 12949 12950
f 895 12761 12696
f 12761 895 12695
f 833 12759 12823
f 12761 833 12825
f 773 772 12823
f 773 12885 772
f 12822 773 12823
f 773 12822 774
f 12884 773 774
f 12885 773 12884
f 13073 591 13013
f 13133 13192 13193
f 13131 13072 13071
f 13072 592 13071
f 13072 13131 534
f 13073 13072 534
f 13072 13012 592
f 13072 13073 13013
f 13012 13072 13013
f 12949 652 12950
f 12950 652 651
f 13356 13408 13357
f 268 316 13407
f 267 316 268
f 13408 316 267
f 316 13356 13407
f 316 13408 13356
f 13359 266 364
f 266 13359 13409
f 13541 266 220
f 265 266 13541
f 219 13457 13501
f 13502 219 13501
f 219 218 13459
f 218 219 13502
f 418 419 13307
f 418 13252 419
f 420 13250 13249
f 421 420 13249
f 420 421 13306
f 13250 420 419
f 419 420 364
f 420 13306 364
f 13252 13251 419
f 13251 13250 419
f 314 13358 13357
f 13359 314 13409
f 13358 314 13359
f 13304 367 13305
f 367 365 13305
f 367 13304 368
f 13358 367 368
f 367 13358 13359
f 365 367 13359
f 13237 13236 435
f 13236 436 435
f 13236 491 13235
f 436 13236 13235
f 13060 603 13000
f 13061 603 13060
f 13000 603 13001
f 603 602 13001
f 603 13061 602
f 13120 13179 489
f 13061 545 13062
f 13064 13063 543
f 13063 13064 600
f 13066 541 13125
f 541 13184 13125
f 541 13124 13184
f 10638 10714 2862
f 10713 10714 10638
f 10714 10713 10790
f 2788 10714 10790
f 10714 10791 2862
f 10714 2788 10791
f 2638 10946 10947
f 2714 2637 10868
f 2637 2636 10868
f 2637 2638 10947
f 2636 2637 10948
f 2637 10947 10948
f 2556 10950 2557
f 2556 10951 10950
f 11030 2556 2557
f 2556 11030 11031
f 2556 11031 2555
f 10951 2556 2555
f 2784 10794 10717
f 10793 2784 10717
f 2709 2784 10871
f 10794 2784 2709
f 10871 2784 2710
f 2784 10793 2710
f 2785 10793 10716
f 2785 2786 2711
f 2785 2711 10870
f 2785 10870 2710
f 10793 2785 2710
f 10953 2631 10952
f 2708 2631 10873
f 10952 2631 2632
f 2631 2708 2632
f 10796 2707 2781
f 10954 10953 2553
f 10954 2553 2552
f 10955 10954 2552
f 10954 10955 2628
f 2709 10872 2783
f 10872 2708 2783
f 10872 2709 2632
f 2708 10872 2632
f 11114 2478 11197
f 2477 11114 11197
f 2478 11114 11032
f 11114 11033 11032
f 11114 2477 11033
f 2400 11195 11194
f 2320 2400 2321
f 2400 2320 2399
f 11195 2400 2399
f 2480 11030 11111
f 2480 11111 2481
f 11194 2480 2481
f 11195 2480 11194
f 2929 2930 10643
f 2930 2929 10568
f 3002 2930 10568
f 2930 3002 10567
f 10643 2930 2931
f 2930 10567 2931
f 10076 3412 3413
f 10076 3413 10075
f 10076 10077 3412
f 10076 10142 3347
f 10077 10076 3347
f 10206 3348 10141
f 10141 3348 10075
f 10142 3348 10207
f 3348 10206 10207
f 3348 10076 10075
f 10076 3348 10142
f 10345 10344 3145
f 3214 10344 10345
f 3146 10344 10343
f 10344 3146 3145
f 10344 3215 10343
f 10344 3214 3215
f 3281 10273 10274
f 10273 3214 10274
f 3214 10273 3215
f 10273 3282 10272
f 3215 10273 10272
f 10273 10206 3282
f 10273 3281 10206
f 10655 10730 2844
f 2845 10730 10655
f 10730 10807 2844
f 10807 10730 2770
f 10730 10806 2770
f 10806 10730 2845
f 10729 2845 10654
f 10806 10729 2771
f 10729 10806 2845
f 10656 10655 2844
f 10656 2917 10655
f 10656 10657 2916
f 10656 2843 10657
f 10361 10360 3129
f 10360 3130 3129
f 3130 10360 10359
f 10359 3131 10433
f 10358 3131 10359
f 10433 3131 3060
f 3131 10432 3060
f 3131 10358 3132
f 10432 3131 3132
f 3133 10431 3132
f 3134 3133 10356
f 3061 10432 3132
f 10431 3061 3132
f 3201 10358 3200
f 10286 3269 10285
f 3270 3269 10219
f 10285 3269 3270
f 3269 10220 10219
f 3334 10157 10091
f 10157 3334 10221
f 10222 10157 10221
f 10160 10094 3331
f 10094 10160 3330
f 10226 10227 3329
f 10026 3397 10027
f 10092 3397 10026
f 3397 10092 10093
f 3460 3523 9962
f 3523 3584 9962
f 3461 10026 10027
f 3461 3460 9962
f 3460 3461 10027
f 3521 9964 3581
f 9964 3521 3459
f 9837 3644 3645
f 3644 9837 3583
f 10090 10156 10091
f 10090 10089 10155
f 10156 10090 10155
f 9960 9896 3526
f 3586 9960 3525
f 9896 9960 3586
f 10092 3398 10091
f 3398 10092 10026
f 10365 10364 3126
f 3195 10364 10365
f 10364 3195 3196
f 10363 10364 3196
f 3126 10364 3127
f 10364 10363 3127
f 3328 10227 10228
f 10164 10098 10097
f 10098 10165 10099
f 10096 3393 3394
f 10096 10095 3329
f 10095 10096 3394
f 3393 10096 10097
f 10507 2988 10582
f 2987 10507 10582
f 3059 10507 2987
f 10507 3059 10433
f 10507 10433 3060
f 2988 10507 3060
f 10820 2758 2832
f 2758 10821 2832
f 2684 2758 10820
f 10821 2758 2683
f 2757 10822 2831
f 10821 2757 2831
f 2757 2682 10822
f 2757 10899 2682
f 10899 2757 2683
f 2757 10821 2683
f 10898 2607 2683
f 2758 10898 2683
f 10898 2758 2684
f 10670 2903 10669
f 2903 10670 2902
f 2903 10595 10594
f 10595 2903 2902
f 10669 2904 2905
f 2904 10593 2905
f 2904 2903 10594
f 2903 2904 10669
f 2976 2904 10594
f 10593 2904 2976
f 10370 3188 3189
f 10370 3119 3188
f 3120 10370 3189
f 3119 10370 3120
f 3188 10300 3255
f 3187 10300 3188
f 3117 10372 3118
f 10372 3187 3118
f 10372 10373 3185
f 10373 10372 3116
f 10372 3117 3116
f 10668 10743 2832
f 2833 10743 10668
f 10743 10820 2832
f 10819 10743 2833
f 2979 10516 2980
f 10516 2979 3051
f 10516 3051 10442
f 3052 10516 10442
f 10516 3052 2980
f 10591 2979 2980
f 10590 10591 2980
f 10591 10590 2907
f 2906 10591 10667
f 10591 2907 10667
f 2978 10591 2906
f 10591 2978 10517
f 2979 10591 10517
f 10589 2909 10665
f 2909 10664 10665
f 2909 10589 10588
f 10664 2909 10588
f 2837 10663 10738
f 10664 10663 2837
f 10662 10663 2911
f 10663 10587 2911
f 10663 2838 10738
f 10663 10662 2838
f 3261 3262 10294
f 3262 3261 10227
f 10294 3262 10293
f 10741 10817 10818
f 10817 2686 10818
f 2686 10817 2761
f 10817 10740 10816
f 2761 10817 10816
f 2835 10666 10665
f 2835 10665 10740
f 2835 10741 10666
f 10817 2835 10740
f 2835 10817 10741
f 2981 10514 10589
f 2981 10590 10515
f 10590 2981 10589
f 3053 2981 10515
f 2981 3053 10514
f 3053 3124 10440
f 3124 10366 3125
f 10440 3124 3125
f 10366 3124 3123
f 2483 11110 11028
f 11110 2483 2482
f 11110 11029 11028
f 11110 2482 11111
f 11029 11110 11111
f 11511 2098 2023
f 2098 11510 2023
f 2098 11511 11430
f 1874 11670 1948
f 11670 1873 1947
f 1948 11670 1947
f 11670 1800 1873
f 11670 1874 1800
f 11589 1950 2024
f 11589 1951 1950
f 1951 11589 11588
f 11589 2026 11588
f 2027 11507 2102
f 11507 11427 2102
f 11427 11507 2101
f 11507 11508 2101
f 11507 2027 2026
f 11508 11507 2026
f 2177 11427 2101
f 2177 2254 11346
f 11427 2177 11346
f 11107 11190 2485
f 11190 11107 2486
f 2324 2323 2403
f 2404 2324 2403
f 2091 2016 11517
f 2090 2091 11517
f 11267 2331 2332
f 11267 2332 2253
f 2252 11267 2253
f 11267 2252 11268
f 2331 11267 11268
f 11104 2488 11023
f 2488 11105 11023
f 2488 11104 11187
f 2332 11184 2412
f 11019 11020 2568
f 11019 2568 10939
f 2569 11019 10939
f 11025 11106 2486
f 11106 11189 2486
f 9878 3602 9816
f 3602 9817 3663
f 9816 3602 3663
f 9817 3602 9879
f 3602 3541 9879
f 3541 3602 9942
f 3602 9878 9942
f 3417 10005 10004
f 10005 3417 10006
f 3480 10005 10006
f 3482 3481 9939
f 3481 3482 10004
f 10005 3481 10004
f 3481 10005 3480
f 3542 9941 9877
f 3542 3480 9941
f 3542 9877 9876
f 3542 3543 9939
f 3543 3542 9876
f 12978 12977 627
f 12978 686 12977
f 686 12978 685
f 12978 12979 685
f 13036 628 629
f 13036 572 13095
f 13035 13036 629
f 572 13036 13035
f 12980 12979 626
f 12980 13040 625
f 13040 12980 626
f 12979 12980 684
f 684 12980 683
f 12981 12980 625
f 12980 12981 683
f 13039 13098 569
f 13098 13158 569
f 13098 13157 13158
f 13098 570 13157
f 13157 513 512
f 573 13094 13035
f 13094 572 13035
f 572 13094 13154
f 13094 13153 13154
f 13094 573 13153
f 748 749 12914
f 749 748 12852
f 12851 749 12852
f 749 12913 12914
f 749 12851 750
f 12913 749 750
f 12915 748 12914
f 12915 689 688
f 689 12915 12914
f 12916 12915 688
f 748 12915 12916
f 1107 1108 12543
f 12475 1108 1107
f 977 1041 12611
f 1041 977 1040
f 12545 1041 1040
f 12544 1107 12543
f 1043 12544 12543
f 1107 12544 1106
f 12544 12545 1106
f 1375 1374 12124
f 1374 1375 12195
f 1443 1375 12124
f 1375 12194 12195
f 1110 1109 12474
f 12542 1109 1110
f 1109 12475 12474
f 1109 1108 12475
f 1109 12542 1044
f 12543 1109 1044
f 1108 1109 12543
f 1175 1110 12474
f 1175 12473 1110
f 1175 12474 12406
f 12473 1175 1176
f 12335 1175 12406
f 1175 12335 1176
f 12606 1047 984
f 12606 983 1047
f 12606 984 921
f 12672 12606 921
f 983 12606 12672
f 13395 281 13443
f 283 332 13440
f 283 13441 331
f 235 13441 13486
f 13441 235 282
f 13527 235 13486
f 13487 235 13527
f 13528 13487 13527
f 13487 13528 13488
f 236 13526 13486
f 13526 236 13485
f 13441 236 13486
f 283 236 13441
f 13485 236 13440
f 236 283 13440
f 13525 13526 13485
f 13525 13485 237
f 13525 197 196
f 13526 13525 196
f 13484 13525 237
f 197 13525 13524
f 13525 13484 13524
f 280 13395 13443
f 13395 280 13396
f 13346 326 13347
f 326 13346 13397
f 278 326 13397
f 329 13395 13396
f 328 329 13396
f 329 328 13344
f 329 13344 13343
f 13445 278 13397
f 279 13445 13397
f 13233 13232 439
f 439 13232 440
f 494 13233 493
f 494 493 13176
f 13232 494 495
f 494 13232 13233
f 383 384 13343
f 383 13289 384
f 13344 383 13343
f 383 13344 13290
f 13289 383 13290
f 13054 13055 609
f 12994 13054 609
f 610 13054 12994
f 13054 13053 553
f 13052 13053 612
f 13053 611 612
f 611 13053 610
f 13053 13054 610
f 12993 610 669
f 12993 611 610
f 670 12993 669
f 612 12993 670
f 611 12993 612
f 12991 672 614
f 13051 12991 614
f 613 12991 13051
f 12991 671 672
f 671 12991 613
f 12992 613 612
f 12992 671 613
f 12992 612 670
f 671 12992 670
f 13178 13177 491
f 13178 13118 13177
f 549 13117 13177
f 13118 549 13177
f 13117 549 13058
f 549 13118 13058
f 12873 727 726
f 668 727 12934
f 727 728 12934
f 728 727 12872
f 727 12873 12872
f 12875 12874 725
f 724 12875 725
f 783 12875 12876
f 12875 724 12876
f 12937 725 665
f 12937 724 725
f 724 12937 12938
f 664 12937 665
f 12937 664 12938
f 12351 1157 12422
f 12421 1157 12351
f 1157 12490 12422
f 12058 1505 1436
f 1505 12058 11984
f 1575 1505 11984
f 12057 1505 11983
f 1505 1575 11983
f 1504 1435 12059
f 11985 1504 12059
f 1574 1504 11985
f 1504 1574 11984
f 12058 1504 11984
f 12130 1367 1435
f 1504 12130 1435
f 12130 1436 1368
f 1367 12130 1368
f 12130 12058 1436
f 12130 1504 12058
f 1239 12338 12409
f 12339 1239 12409
f 12338 1239 12267
f 1239 12339 1238
f 12268 1239 1238
f 1239 1306 12267
f 1306 1239 12268
f 1305 1306 12268
f 12198 1305 1304
f 12197 1305 12198
f 1306 1305 12197
f 1305 12269 1304
f 1305 12268 12269
f 12613 913 12679
f 12679 913 12744
f 913 12678 12744
f 12678 913 976
f 913 12613 976
f 1105 12477 1106
f 1171 12477 1105
f 12477 1171 12409
f 1172 12477 12409
f 1106 12477 12476
f 12477 1172 12476
f 12612 12678 976
f 12612 914 12678
f 914 12612 977
f 12612 976 1040
f 977 12612 1040
f 1234 12272 1301
f 12272 12343 1233
f 12343 12272 1234
f 1165 12344 12414
f 12344 1165 12415
f 12415 1165 12483
f 12482 1165 12414
f 12483 1165 12482
f 1367 12202 1366
f 1366 12202 12203
f 1301 12202 12201
f 12202 1367 12201
f 1171 12410 12339
f 12410 1237 12339
f 1237 12410 12340
f 1303 1302 12200
f 12270 1302 1303
f 1302 12270 12271
f 12200 1302 12201
f 1302 1301 12201
f 1301 1302 12271
f 12411 1168 12341
f 12411 1169 1168
f 1236 12411 12341
f 12411 1236 12340
f 1445 12050 1514
f 1513 12050 1445
f 11976 1513 1583
f 11901 11976 1583
f 11976 11901 1584
f 11976 12050 1513
f 1514 11976 1584
f 12050 11976 1514
f 1942 1943 11674
f 1943 1944 11673
f 1943 1869 11674
f 1869 1943 11673
f 11899 11900 1657
f 1585 11900 11899
f 1657 11900 1656
f 11900 1585 1584
f 11901 11900 1584
f 11900 11901 1656
f 11825 1655 1654
f 1655 11902 1654
f 1655 11901 11902
f 11901 1655 1656
f 12053 1441 1509
f 1510 12053 11979
f 12053 12125 1441
f 12125 12053 1510
f 12053 1509 11980
f 12053 1580 11979
f 1580 12053 11980
f 12052 1511 11978
f 1512 12052 11978
f 12052 1443 1511
f 12052 1512 1443
f 12051 1513 1444
f 1512 12051 1444
f 1513 12051 11977
f 12051 1512 11977
f 1373 1374 12196
f 1373 12125 1374
f 12197 1373 12196
f 1373 12197 1372
f 1441 1373 1372
f 12125 1373 1441
f 12126 1441 1372
f 1371 12126 1372
f 1440 12126 1371
f 1441 12126 1509
f 12126 1440 1509
f 2528 11061 2527
f 11061 2528 11060
f 11142 11061 11060
f 2606 10899 2607
f 10899 2606 2682
f 2682 2606 2605
f 2606 10979 2605
f 10979 10978 2530
f 10978 2606 2607
f 2606 10978 10979
f 10978 11058 2530
f 10978 2531 11058
f 10977 10978 2607
f 2531 10978 10977
f 11543 11544 2064
f 11542 11543 2064
f 11543 11542 1990
f 11544 2063 2064
f 1986 1987 11627
f 1838 1912 11705
f 1912 11706 11627
f 1912 1838 11706
f 1987 11545 1988
f 2063 11545 11464
f 11545 11544 1988
f 11545 2063 11544
f 11544 11624 1988
f 11624 11623 1915
f 1914 11624 1915
f 1619 11861 11860
f 11861 1619 1618
f 1619 11938 1618
f 1619 11937 11938
f 11938 1547 12013
f 11937 1547 11938
f 12088 1475 12014
f 1475 12015 1545
f 12014 1475 1545
f 12015 1475 12089
f 1475 1406 12089
f 1475 12160 1406
f 1408 1340 12159
f 1340 1408 12158
f 1476 1408 12159
f 1408 1476 12087
f 1476 12088 12014
f 1546 1476 12014
f 1476 1546 12013
f 12087 1476 12013
f 12086 1409 12158
f 1408 12086 12158
f 12086 1408 12087
f 12086 12087 12013
f 1547 12086 12013
f 12228 12227 1276
f 12155 1412 12154
f 1343 12155 12154
f 1209 12297 12368
f 1277 12297 1276
f 12228 1275 12229
f 1275 12228 1276
f 11541 2065 11461
f 11542 2065 11541
f 2065 11542 11462
f 2065 2141 11461
f 2141 2065 11462
f 1845 1919 11697
f 1622 11933 11934
f 1622 11858 11857
f 1621 1622 11934
f 11858 1622 1621
f 1623 11857 11856
f 1623 1622 11857
f 1622 1623 11933
f 11778 1696 1769
f 11699 11700 1917
f 11700 1916 1917
f 1842 11700 1769
f 1768 11701 1842
f 11700 11701 1916
f 11701 11700 1842
f 1694 1767 11780
f 1694 1695 11857
f 1695 1694 11780
f 1767 1694 11781
f 1694 11858 11781
f 11858 1694 11857
f 11779 1842 1769
f 11779 1768 1842
f 11779 1695 1768
f 1696 11779 1769
f 1695 11779 1696
f 2225 11374 2224
f 11374 2147 2224
f 2148 11374 2225
f 11458 11377 2145
f 11458 2144 11377
f 2144 11458 11459
f 10895 2686 2761
f 2687 10895 2761
f 2686 10895 2610
f 10895 2687 2610
f 2684 2759 10897
f 2759 2684 10820
f 2759 2685 10897
f 2759 10819 2685
f 10743 2759 10820
f 2759 10743 10819
f 10742 10819 2833
f 10742 10741 10818
f 2760 10742 10818
f 10819 10742 2760
f 10974 2611 10973
f 2534 10974 10973
f 2611 10974 2610
f 10974 10975 2610
f 10975 10974 2533
f 2533 10974 11054
f 10974 2534 11054
f 11298 2299 2300
f 11298 11297 2220
f 11297 11298 2300
f 2219 11298 2220
f 11298 2219 11299
f 2299 11298 11299
f 11297 2301 11296
f 2301 11297 2300
f 2301 2302 11296
f 2301 2381 2302
f 2381 2301 11214
f 2301 2380 11214
f 2380 2301 2300
f 6894 6866 14870
f 14895 6835 6863
f 6835 14895 6836
f 14872 14895 6863
f 6864 14895 14872
f 14871 6892 6893
f 6892 14849 6893
f 6892 6864 6891
f 6864 6892 14871
f 14850 6892 6891
f 14849 6892 14850
f 14848 6920 6894
f 14848 14870 6893
f 14848 6894 14870
f 6919 14848 6893
f 6920 14848 6919
f 6921 14826 6947
f 6920 14826 6921
f 14826 6946 6947
f 14826 6920 6946
f 6840 14892 6868
f 14892 14868 6868
f 14916 14892 6840
f 6841 10600 2896
f 10600 2897 2896
f 10599 10600 2969
f 2897 10600 10599
f 3039 14846 6923
f 10600 6869 10526
f 6838 14917 14918
f 14917 6809 14918
f 6809 14917 6810
f 14917 14942 6810
f 14917 14916 14942
f 6832 14899 6860
f 14899 6832 14923
f 6832 14922 14923
f 14921 6833 14897
f 14922 6833 14921
f 11302 11303 2295
f 11221 11138 2455
f 11139 11058 11057
f 1983 2058 11550
f 2058 11469 11550
f 11470 2058 11551
f 2058 1983 11551
f 2135 11468 2059
f 11468 2135 11387
f 2213 11386 11387
f 11386 2213 2214
f 1909 1910 11708
f 1910 1909 11629
f 11548 2060 11547
f 1986 11548 11547
f 11548 1986 1985
f 11548 11468 2060
f 11468 11548 2059
f 11549 1984 11550
f 11549 11469 2059
f 11469 11549 11550
f 11548 11549 2059
f 11549 11548 1985
f 11549 1985 11629
f 1984 11549 11629
f 1836 11707 1763
f 1836 1763 11786
f 1910 1836 11708
f 1836 1910 11707
f 1836 1762 11708
f 1762 1836 11786
f 1835 11787 1761
f 11787 1835 1762
f 11787 1688 1761
f 1689 11787 1762
f 1688 11787 1689
f 1834 11709 1761
f 1834 11710 11709
f 11788 1834 1761
f 1834 11788 1760
f 1834 11711 11710
f 1834 1760 1833
f 11711 1834 1833
f 11710 1908 11709
f 1909 1908 11630
f 1908 1909 11709
f 11632 1908 1907
f 1908 11710 1907
f 11552 11553 2056
f 11472 11553 11473
f 11553 11472 2056
f 11469 2134 11388
f 2134 11389 11388
f 11389 2134 11470
f 2134 2058 11470
f 2058 2134 11469
f 11471 2133 11470
f 2133 11389 11470
f 11389 2133 11390
f 11390 2133 11391
f 2133 11471 11391
f 11471 2057 11552
f 1982 2057 11551
f 11552 2057 1982
f 2057 11470 11551
f 2057 11471 11470
f 2446 11229 2366
f 11146 11229 2446
f 11229 11146 2447
f 11229 2286 2366
f 11229 2287 2286
f 2677 2601 10904
f 2601 10983 10984
f 2601 2677 2678
f 2600 2601 10984
f 10904 2601 2600
f 2601 2602 10983
f 2601 10903 2602
f 10903 2601 2678
f 15197 6505 6466
f 6504 15197 6465
f 15197 15230 6465
f 6426 15197 6466
f 15230 15197 6426
f 6650 15105 15076
f 6650 6615 15105
f 15048 6650 15076
f 6650 15048 15075
f 6615 6650 15104
f 15104 6650 6651
f 6650 15075 6651
f 6648 15107 6647
f 15078 6648 6647
f 6648 15078 15050
f 15105 6649 15076
f 15076 6649 15049
f 15106 6614 6578
f 6578 6614 6579
f 6614 6649 15105
f 6649 6614 15106
f 6614 6615 6579
f 6615 6614 15105
f 6617 15102 6618
f 6618 15102 2365
f 6653 15102 6652
f 15102 6617 6652
f 15102 2445 2365
f 15102 6653 2445
f 15020 6718 6719
f 15020 15019 6685
f 15019 15020 6719
f 6684 15020 6685
f 15020 6684 15021
f 6718 15020 15021
f 11063 11144 2448
f 2750 10751 10827
f 2750 10828 10751
f 2750 2675 10828
f 2675 2750 10905
f 2750 2676 10905
f 2751 2750 10827
f 2676 2750 2751
f 2749 10906 2674
f 2675 10906 2749
f 10906 2598 2674
f 10906 2675 2598
f 2598 2599 10985
f 2675 2599 2598
f 2599 2675 10905
f 2599 2600 10985
f 2599 10905 2600
f 3317 3318 10234
f 10169 3318 3317
f 3318 10233 10234
f 10233 3318 3319
f 3318 10169 3319
f 3384 10104 3383
f 10104 10105 3383
f 10105 10104 10169
f 10104 10168 3319
f 10169 10104 3319
f 10103 10104 3384
f 10168 10104 10103
f 10377 10378 3180
f 10377 3111 10378
f 3181 10377 3180
f 10376 10377 3181
f 10377 10376 3112
f 3111 10377 3112
f 14787 14786 6972
f 6995 14786 14787
f 14786 6973 6972
f 14786 14766 6996
f 14786 6995 14766
f 14785 14786 6996
f 6973 14786 14785
f 10236 3315 10171
f 10171 3315 10107
f 3315 10172 10107
f 10108 3314 10173
f 10172 3314 10108
f 3314 10238 10173
f 10109 10108 10173
f 10109 3378 10108
f 3378 10109 7019
f 14746 10109 14765
f 10109 14746 7019
f 10238 3313 10173
f 3313 10238 6997
f 3313 6997 14765
f 10109 3313 14765
f 3313 10109 10173
f 6974 10238 3247
f 10307 6974 3247
f 10238 6974 14785
f 6974 6973 14785
f 6973 6974 14805
f 6974 10307 14805
f 6948 6949 10378
f 10378 6949 3180
f 6949 10307 3180
f 6949 6948 14805
f 10307 6949 14805
f 13837 8023 13838
f 8023 8022 13838
f 8023 13850 8022
f 13847 8206 5041
f 8025 8206 13847
f 8206 8205 5041
f 8206 8190 8205
f 8206 8191 8190
f 13818 8036 13827
f 13827 8036 13836
f 8036 13818 8177
f 8024 13837 13836
f 8025 8024 13836
f 13848 8024 8025
f 8024 8023 13837
f 8023 8024 13849
f 13849 8024 8011
f 8024 13848 8011
f 13860 8012 7998
f 13872 7984 8257
f 7984 4995 8257
f 4995 7984 8238
f 7984 5011 8238
f 7984 13859 5011
f 8062 13806 8061
f 8062 13805 13806
f 13799 8062 8061
f 13798 8062 13799
f 8062 13798 8063
f 13805 8062 8063
f 8027 13834 13844
f 13835 8027 13844
f 8027 13826 13825
f 13834 8027 13825
f 13826 8027 8026
f 8027 13835 8026
f 7993 13864 8007
f 7993 8007 8008
f 13863 7993 8008
f 7993 13863 7978
f 13864 7993 7978
f 13877 7977 7978
f 7977 13864 7978
f 13878 7977 13877
f 13853 8006 8005
f 8006 13853 8019
f 13852 8006 8019
f 8006 13852 8007
f 13906 7943 7926
f 7943 13920 7926
f 13920 7943 13905
f 7943 13906 7959
f 13921 13906 7926
f 7908 13921 7926
f 7958 13907 13893
f 13907 7957 13893
f 7962 13890 13877
f 13878 13890 7961
f 13890 13878 13877
f 13889 13876 7963
f 13889 7962 13877
f 13876 13889 7978
f 13889 13877 7978
f 13904 7944 7961
f 7944 13904 7945
f 13890 13904 7961
f 13904 13890 7962
f 13867 7974 7988
f 8003 13867 7988
f 7989 13867 8003
f 13880 13892 7958
f 13880 7958 13893
f 13892 13880 7959
f 13881 13880 13893
f 13891 13878 7961
f 7944 13891 7961
f 13891 7944 13905
f 7940 13923 7922
f 13923 7940 7923
f 7905 13923 7923
f 7889 7888 13952
f 13968 7888 7889
f 7890 7910 13950
f 7890 13935 7910
f 7890 13951 13935
f 13967 7890 13950
f 7889 7890 13967
f 13951 7890 7889
f 13936 13920 7909
f 13951 13936 7909
f 13936 7908 7926
f 13920 13936 7926
f 13936 13951 7889
f 13936 7889 13952
f 7908 13936 13952
f 13939 7905 13955
f 7904 13939 13955
f 13939 7904 7922
f 13923 13939 7922
f 13939 13923 7905
f 7924 13938 7923
f 13937 7908 13952
f 13937 13921 7908
f 7905 7885 13955
f 7880 13976 13959
f 13958 7880 13959
f 7880 13958 7881
f 7882 13958 13941
f 13958 7882 7881
f 7885 13972 13955
f 13975 7880 7881
f 7903 7921 13940
f 7921 7903 13925
f 13925 7903 7902
f 7902 7903 13941
f 8000 7986 7985
f 13858 8000 7999
f 8000 7985 7999
f 7986 8000 8001
f 8000 13857 8001
f 8013 8000 13858
f 8000 8013 13857
f 8463 4806 8464
f 4832 8463 8464
f 4833 8463 8434
f 8463 4832 8434
f 8463 8462 4807
f 8462 8463 4833
f 4806 4778 8494
f 4778 4777 8494
f 4777 4778 8525
f 4749 4778 8524
f 4778 4749 8525
f 4778 4779 8524
f 8314 8337 4942
f 4881 8408 4856
f 8409 4881 4856
f 8382 4881 8409
f 8408 4881 8381
f 4804 8466 8465
f 4804 8465 8495
f 8466 4804 8496
f 4804 8495 4776
f 8496 4804 4776
f 4831 8437 8436
f 8466 4831 8465
f 4831 8466 8437
f 8435 4831 8436
f 4832 4831 8435
f 8355 4904 8356
f 4904 8355 8380
f 4857 4882 8407
f 4882 4883 8407
f 4882 8380 4883
f 4904 4882 8381
f 4882 4904 8380
f 4882 8408 8381
f 8408 4882 4857
f 4905 8355 8331
f 8380 4905 4883
f 8355 4905 8380
f 4927 8330 8354
f 4905 4927 8354
f 4927 4905 8331
f 8308 4927 8331
f 8330 4948 8307
f 4927 4948 8330
f 4948 4927 8308
f 4926 8309 4947
f 8309 4967 4947
f 4943 8314 4963
f 8313 4943 4963
f 4904 8357 8356
f 8286 4986 8265
f 4967 4986 8286
f 4986 8247 8265
f 5039 5040 5024
f 5039 8208 5054
f 8224 5039 5024
f 8225 8224 5007
f 8209 8193 5053
f 8246 5005 8245
f 8264 8246 8245
f 8246 8264 4987
f 5005 8246 5004
f 8246 4987 8265
f 8247 8246 8265
f 8246 8247 5004
f 8228 5021 5004
f 8228 5003 5020
f 5003 8228 5004
f 5036 8228 5020
f 8228 5036 5021
f 8227 5021 5037
f 5005 8227 8226
f 8227 5005 5004
f 5021 8227 5004
f 8173 8174 5070
f 8174 8173 5057
f 8174 5069 5070
f 5069 8174 8175
f 8174 5056 8175
f 8174 8188 5056
f 8188 8174 5057
f 8160 5071 5070
f 5071 8173 5070
f 8173 5071 8172
f 8172 5071 5072
f 8159 5071 8160
f 5071 8159 5072
f 8186 8172 5059
f 8186 5058 8172
f 8201 8186 5059
f 8202 8186 8201
f 5058 8186 8202
f 5031 5032 5016
f 5031 8216 5032
f 5031 5015 5030
f 5015 5031 5016
f 5031 5030 8217
f 8216 5031 8217
f 5046 8201 8200
f 5046 8216 8201
f 8215 5046 8200
f 8216 5046 8215
f 8252 8270 4981
f 8270 8252 8251
f 8219 8218 5029
f 5044 8218 8219
f 8218 5030 5029
f 5030 8218 8217
f 8218 8202 8217
f 8218 5044 8202
f 8196 8212 8197
f 8196 5050 8212
f 8181 8196 8197
f 8193 8178 5066
f 8178 5065 5066
f 5065 8178 8179
f 8178 8194 8179
f 8194 8178 8193
f 5029 5014 8236
f 8235 5014 5029
f 5014 4997 8236
f 5014 8235 4997
f 5028 5013 8237
f 5028 5012 5027
f 5012 5028 8237
f 5013 5028 8219
f 5028 5043 8219
f 8295 4959 8296
f 8275 8295 8296
f 4978 8295 8275
f 4960 8295 8274
f 8295 4978 8274
f 8317 8295 4960
f 8295 8317 4939
f 4959 8295 4939
f 8316 8294 4961
f 8316 4960 8294
f 4941 8316 4961
f 8316 4941 4920
f 8339 8316 4920
f 8852 8895 4484
f 8895 8852 8851
f 8810 8852 4484
f 8851 8852 8810
f 4520 8771 4521
f 8771 8770 4521
f 8771 8772 4557
f 8771 4520 8772
f 8770 8771 4558
f 8732 8771 4557
f 8771 8732 4558
f 8813 4519 8772
f 4520 8813 8772
f 4519 8813 8814
f 8813 8855 8814
f 8813 4482 8855
f 4482 8813 8854
f 8812 4520 4521
f 8812 4483 8854
f 8813 8812 8854
f 8812 8813 4520
f 8811 8812 4521
f 8812 8811 4483
f 4319 8984 4362
f 4362 8984 4403
f 8809 4485 8851
f 8850 4485 8809
f 8851 4485 8894
f 4485 8850 8894
f 4364 4321 8982
f 9029 4321 9028
f 4321 4322 9028
f 4322 4321 4364
f 8982 4321 4320
f 4321 9029 4320
f 8983 4362 4404
f 4363 8983 4404
f 4362 8983 4320
f 8983 4363 4320
f 4447 8936 8893
f 8936 4447 8935
f 8937 8936 4405
f 8936 8937 4446
f 8937 4405 4404
f 8938 8937 4404
f 4445 8937 8938
f 8937 4445 4446
f 8936 4406 4405
f 4364 4406 8981
f 4406 4364 4405
f 4406 8936 8935
f 4406 4407 8980
f 4407 4406 8935
f 4450 8933 8890
f 8889 4450 8890
f 8933 4450 8932
f 4527 8805 4526
f 8847 8805 4489
f 4489 8805 8804
f 8805 4527 8804
f 8806 8805 8847
f 8805 8806 4526
f 8807 8806 8848
f 8806 8807 4526
f 4564 8724 8763
f 4564 8725 8724
f 4663 4630 8652
f 8688 4630 4663
f 4630 8688 8689
f 4629 4630 8689
f 4662 8618 8652
f 4662 4629 8653
f 4662 8653 8619
f 8618 4662 8619
f 4630 4662 8652
f 4662 4630 4629
f 8551 8585 4724
f 4659 8621 8655
f 4811 8457 8487
f 8457 4812 8487
f 4812 8457 8456
f 8456 8457 4839
f 8428 8457 4838
f 4839 8457 8428
f 8489 4781 4809
f 4781 4752 8522
f 4811 4783 8488
f 4783 4811 8487
f 8693 4592 4626
f 4592 8693 4593
f 8656 4659 8655
f 4627 8656 8655
f 8657 8656 4626
f 8656 8657 4659
f 8656 8693 4626
f 8693 8656 4627
f 4589 4623 8696
f 4589 8697 4623
f 8697 4588 4622
f 4588 8698 4622
f 4589 4588 8697
f 8739 8738 4552
f 8738 4553 4552
f 4689 8590 8589
f 8590 4689 8624
f 8623 4689 8589
f 8624 4689 8623
f 4688 8590 8624
f 8625 4688 4656
f 4688 8625 8591
f 8590 4688 8591
f 4688 8659 4656
f 8659 4688 8624
f 8658 4624 4657
f 8623 8658 4657
f 4711 4740 8534
f 8567 4740 4711
f 8534 4740 4769
f 4740 8535 4769
f 8535 4740 4710
f 4740 8567 4710
f 4616 8668 4649
f 4616 8667 8704
f 8667 4616 4649
f 8669 4615 8706
f 4615 4581 8706
f 8744 4546 8745
f 4546 4545 8745
f 13979 7875 13962
f 7876 13979 13962
f 13979 7854 7853
f 7875 13979 7853
f 13979 8417 7854
f 8417 13979 7876
f 13946 13962 7895
f 13946 7896 13962
f 13946 13930 7916
f 7896 13946 7916
f 13945 7896 7916
f 13945 7876 7896
f 13876 13888 7963
f 7915 13946 7895
f 13946 7915 13930
f 13930 7915 7933
f 13888 13875 7964
f 13875 13876 7979
f 13875 13888 13876
f 7965 13874 7966
f 13874 13886 7966
f 7968 13899 13885
f 7951 13899 7968
f 13899 13914 7950
f 13914 13899 7951
f 4744 8562 4714
f 8562 4744 4715
f 8562 8596 4714
f 8596 8562 4715
f 8530 4744 4714
f 4773 8530 8531
f 4744 8530 4773
f 8388 4897 8363
f 4897 8388 8389
f 8363 4897 4919
f 8317 4940 4919
f 4940 8339 4919
f 4940 8316 8339
f 4940 8317 4960
f 8316 4940 4960
f 8387 8362 4899
f 4898 8362 8387
f 8362 8338 4899
f 8338 8362 4920
f 8362 4898 4920
f 7855 13997 7854
f 8417 7855 7854
f 13997 7855 8445
f 4850 8416 8415
f 8416 4850 8444
f 8415 8416 4875
f 8416 4874 4875
f 8473 4797 8503
f 8474 8473 8503
f 4797 8473 8502
f 4823 8473 8474
f 4824 8473 4823
f 8473 8472 8502
f 8473 4824 8472
f 8554 8588 8555
f 8554 4722 8588
f 4751 8554 8555
f 8554 4751 8522
f 4752 8554 8522
f 8554 4752 4722
f 8553 4723 8587
f 4722 8553 8587
f 4752 8553 4722
f 4690 4658 8623
f 4658 8658 8623
f 8657 4658 8622
f 4658 4690 8622
f 4658 8657 4625
f 8658 4658 4625
f 8458 4811 8488
f 8458 8457 4811
f 8457 8458 4838
f 8458 8429 4838
f 8458 4837 8429
f 8526 4718 4747
f 4748 8526 4777
f 8526 4747 4776
f 4777 8526 4776
f 4719 8557 8591
f 8592 4719 8591
f 8557 4719 8525
f 4719 4748 8525
f 8626 8592 4687
f 8661 8626 4655
f 8626 8660 4655
f 8625 8626 4687
f 8660 8626 8625
f 4718 8593 8559
f 8592 8593 4718
f 8593 4685 8594
f 8593 4717 8559
f 4717 8593 8594
f 4653 8628 8662
f 8699 4653 8662
f 8628 4653 8629
f 4653 8663 8629
f 4619 8701 4618
f 4749 4720 8557
f 4720 8556 8590
f 4720 4749 8524
f 8556 4720 8524
f 8557 4720 8591
f 4720 8590 8591
f 4585 4619 8700
f 4619 4585 8701
f 8701 4585 8740
f 4585 8739 8740
f 8701 8702 4618
f 4584 8702 8701
f 8702 8703 4617
f 8702 4584 4583
f 8703 8702 4583
f 8702 8666 4618
f 8666 8702 4617
f 8741 4584 8740
f 4584 8741 4583
f 8822 4512 8821
f 4512 8780 8821
f 4511 4512 8822
f 4582 8742 8743
f 8741 8742 4583
f 4583 8742 8704
f 8742 4582 8704
f 4682 8597 8631
f 8598 4682 8632
f 8597 4682 8598
f 8630 4683 8596
f 4683 8597 8596
f 8597 4683 8631
f 8665 4619 4618
f 8820 8862 8821
f 8862 8820 4475
f 4801 4773 8499
f 4801 8498 4773
f 4802 8468 8467
f 8498 8468 4802
f 11842 1635 11843
f 1636 1635 11842
f 1635 1636 11918
f 11919 1635 11918
f 11844 1634 11845
f 1635 11844 11843
f 11844 1635 1634
f 1779 1852 11689
f 1853 1779 11689
f 11767 1779 1853
f 1287 12215 12214
f 1287 12285 12286
f 12285 1220 12286
f 1220 12357 12286
f 12357 1220 12356
f 12356 1220 12355
f 1220 12285 12355
f 1289 12212 1290
f 12212 12211 1290
f 12211 12212 1356
f 1356 12212 1355
f 1288 1287 12214
f 1557 12075 1486
f 12075 1557 12001
f 1486 1418 12148
f 1418 12147 12148
f 12075 1418 1486
f 1418 12075 12147
f 1488 1419 12074
f 12076 1486 12148
f 1485 1417 12149
f 1417 12076 12148
f 12076 1417 1485
f 1353 12216 1352
f 12216 1353 12215
f 1354 1353 12143
f 12215 1353 1354
f 1351 12145 1352
f 11831 11830 1649
f 11830 11831 1720
f 1720 11831 1719
f 11831 11832 1719
f 11519 2014 2013
f 11519 11518 2014
f 11439 11519 2087
f 11519 2013 2012
f 11519 11520 2087
f 11520 11519 2012
f 1792 1866 11754
f 11755 1792 1719
f 1792 11754 1719
f 1866 1792 11677
f 1792 11755 1865
f 11677 1792 1865
f 2782 10796 10719
f 10795 2782 10719
f 2782 2707 10796
f 2707 2782 10873
f 2782 2708 10873
f 2782 10795 2708
f 10797 2779 10721
f 2779 10797 2780
f 2780 10797 2781
f 10797 10720 2781
f 10276 3211 10277
f 3211 10276 3212
f 10569 10494 3001
f 10569 2929 2928
f 10568 10569 3001
f 2929 10569 10568
f 2927 2928 10645
f 2927 10569 2928
f 10648 10723 2851
f 10649 10648 2851
f 10648 10649 2924
f 10723 2852 10799
f 2852 10722 10799
f 10648 2852 10723
f 10208 10143 3347
f 10143 10208 3346
f 10143 10077 3347
f 10208 10209 3346
f 10209 3280 3279
f 10209 10208 3280
f 10210 10209 3279
f 10209 10210 3345
f 10078 10144 3345
f 10144 10209 3345
f 10209 10144 3346
f 10144 10143 3346
f 3271 10283 10284
f 10283 3204 10284
f 10283 3271 3272
f 3204 10283 3205
f 2074 2150 11451
f 2150 2074 11452
f 11452 2074 11532
f 2074 11531 11532
f 2074 11451 11531
f 10962 2621 10961
f 2545 10962 10961
f 10963 10962 2544
f 2544 10962 11042
f 10962 2545 11042
f 10962 2620 2621
f 2620 10962 10963
f 2620 10963 2619
f 10353 3135 10354
f 3204 10353 10354
f 10353 3204 3205
f 10353 3205 10352
f 10501 3064 10428
f 10501 10576 10502
f 3064 10501 10502
f 10426 3138 3066
f 2622 10960 10961
f 2622 2623 10960
f 2919 10653 10654
f 10653 2919 10577
f 2698 2621 10882
f 2621 2698 10961
f 2698 2622 10961
f 2622 2698 10881
f 2773 10727 10803
f 10727 2773 10804
f 2698 2773 10881
f 2773 2698 10804
f 10804 10805 10728
f 10729 10805 2771
f 10727 2847 10652
f 2847 10653 10652
f 10653 2847 10728
f 2847 10804 10728
f 2847 10727 10804
f 10651 2848 10652
f 2848 10727 10652
f 10727 2848 10803
f 3067 10499 3066
f 10499 2994 3066
f 2994 10499 10574
f 10279 3275 3276
f 10279 3209 3208
f 10278 3209 3276
f 3209 10279 3276
f 10425 3138 3139
f 3068 10425 3139
f 10425 3068 3067
f 10425 3067 3066
f 3138 10425 3066
f 10650 10725 2849
f 10725 10650 2850
f 2849 10725 10802
f 2994 2922 10575
f 2922 2994 10574
f 2922 2921 10575
f 2922 10574 2923
f 10650 2922 2923
f 2921 2922 10651
f 2922 10650 10651
f 2545 2546 11041
f 2546 2545 10960
f 11041 2546 11040
f 2546 10960 10959
f 2547 2546 10959
f 2546 11039 11040
f 2546 2547 11039
f 2843 10731 10808
f 10808 10731 2769
f 10731 10656 2844
f 10656 10731 2843
f 10807 10731 2844
f 10731 10807 2769
f 10732 10809 2842
f 10657 10732 2842
f 2843 10732 10657
f 10732 10808 10809
f 10732 2843 10808
f 11283 2233 11284
f 11282 11283 2314
f 11283 2313 2314
f 2474 11117 2475
f 11117 11116 2475
f 11117 11035 11116
f 11035 11117 11036
f 11118 11037 11036
f 11117 11118 11036
f 11037 2550 11036
f 2550 2551 11036
f 10955 2550 10956
f 2551 2550 10955
f 10956 2549 10957
f 2549 11037 11038
f 2550 2549 10956
f 2549 2550 11037
f 2548 2549 11038
f 2549 2548 10957
f 2702 10878 2776
f 2625 2702 2626
f 2702 2625 10878
f 10800 10724 2851
f 10724 10800 2776
f 10723 10800 2851
f 2777 10800 10723
f 10800 2702 2776
f 2702 10800 2777
f 10722 10798 2778
f 2854 10798 10722
f 2779 10798 10721
f 10798 2854 10721
f 2701 2775 2776
f 2775 2774 10802
f 2774 2775 2700
f 12136 1429 1361
f 1360 12136 1361
f 12136 1360 1428
f 12136 1428 12064
f 1429 12136 12064
f 12062 1499 11988
f 1500 12062 11988
f 1429 12135 1361
f 1430 12135 1429
f 12135 1362 1361
f 12135 1430 1362
f 1499 12063 11989
f 12063 1498 11989
f 1430 12063 1499
f 1498 12063 1430
f 2152 11449 11450
f 11369 2152 11450
f 11449 2152 11368
f 2152 11369 11368
f 10885 2619 2618
f 10885 2695 2619
f 10886 10885 2618
f 10885 10886 2694
f 2769 10885 2694
f 2695 10885 2769
f 10884 2695 2770
f 2695 10884 2619
f 6849 14885 6876
f 6876 14885 14863
f 6848 14885 14908
f 14885 6849 14908
f 14863 14885 6875
f 14885 6847 6875
f 6847 14885 6848
f 6877 6903 14861
f 6877 14862 6903
f 6877 14883 14884
f 14862 6877 14884
f 6878 6877 14861
f 14883 6877 6878
f 14956 6763 14982
f 6763 14956 14981
f 6763 14981 6764
f 6733 6763 6764
f 6763 6733 15008
f 6763 6732 14982
f 6732 6763 15008
f 14954 14979 6766
f 6797 14979 14954
f 14980 14954 6766
f 14980 6795 14954
f 14980 6765 6795
f 15007 6734 6702
f 6734 15007 6764
f 6765 6734 6764
f 15006 6734 6765
f 15033 6703 15032
f 6703 6734 15006
f 6703 15033 6702
f 6734 6703 6702
f 6667 15034 6668
f 6701 15034 6667
f 15034 6701 6702
f 15034 15033 6668
f 15033 15034 6702
f 6753 14991 14965
f 14990 6753 14965
f 14991 6753 6752
f 6753 6722 6752
f 6722 6753 15016
f 6753 6723 15016
f 6723 6753 14990
f 6759 15011 6728
f 14985 6759 14986
f 6759 6728 14986
f 15011 6759 6729
f 6759 6760 6729
f 6760 6759 14985
f 6842 14890 14913
f 14890 6842 14914
f 6814 6842 14913
f 6842 6814 14914
f 6870 14890 14914
f 7307 6870 7395
f 6897 6870 7307
f 6786 6785 14937
f 6785 6786 14963
f 14962 6786 14937
f 14963 6786 6755
f 14987 14961 14986
f 14961 6788 14986
f 14961 14987 6787
f 14936 14961 6787
f 6788 14961 14936
f 14960 6788 14935
f 6789 14960 14935
f 6788 14960 14986
f 14960 14985 14986
f 14960 6789 14985
f 14890 6843 14913
f 6843 14912 14913
f 6843 14889 14912
f 6870 6843 14890
f 6817 6816 14912
f 14935 6817 14911
f 6816 6817 14936
f 6817 6788 14936
f 6788 6817 14935
f 14888 6845 14912
f 6817 6845 14911
f 6845 6817 14912
f 6845 14887 14911
f 14887 6845 6873
f 6845 14888 6873
f 14889 6844 14912
f 6844 14888 14912
f 6844 14889 6872
f 14888 6844 6872
f 6534 15172 6496
f 6535 6534 15140
f 6534 6535 15172
f 15112 6641 6607
f 6571 15112 6607
f 15112 6571 6606
f 6640 15112 6606
f 6640 15083 6641
f 15112 6640 6641
f 15057 15085 15058
f 6639 6640 15113
f 6640 6639 15084
f 6604 6639 15113
f 6639 15057 15084
f 15057 6639 15085
f 6639 6604 15114
f 15085 6639 15114
f 15057 6672 6673
f 6672 15057 15058
f 6672 15058 6671
f 15031 6672 6671
f 14880 14858 6882
f 6854 14880 6882
f 14880 14904 6853
f 14880 6854 14904
f 6708 6739 15002
f 6739 6708 6707
f 14977 6768 14952
f 6798 14953 14927
f 14928 14953 6797
f 14953 14928 14927
f 14953 14979 6797
f 14979 14953 6767
f 14978 6798 14952
f 6768 14978 14952
f 14953 14978 6767
f 14978 14953 6798
f 6767 14978 6737
f 14978 6768 6737
f 6708 15029 6707
f 15028 6708 6709
f 15028 15029 6708
f 15029 15028 6675
f 6710 15028 6709
f 15028 6710 15027
f 14974 14949 6803
f 14974 14948 6773
f 14948 14974 6803
f 6742 14974 6773
f 6739 6770 15002
f 14719 7052 7032
f 7052 14719 7051
f 7031 14719 7032
f 14719 7031 7051
f 14834 6937 14833
f 6911 14834 14833
f 6937 14834 6936
f 14795 6961 14796
f 7010 7009 14736
f 14754 7009 7010
f 7009 14737 14736
f 7009 7008 14737
f 7008 7009 14755
f 7009 14754 14755
f 6935 14815 6936
f 6935 14816 14815
f 6935 6936 14835
f 6909 6935 14835
f 14836 6935 6909
f 6935 14836 6934
f 14816 6935 6934
f 14815 6960 6961
f 14816 6960 14815
f 6961 6960 14796
f 6960 14797 14796
f 6960 6959 14797
f 6960 14816 6959
f 14748 7016 7017
f 7016 14730 7017
f 7016 14748 14749
f 7095 7077 14682
f 7095 14681 7077
f 14667 7095 14668
f 14652 9792 7113
f 9792 14667 7113
f 14667 9792 3625
f 9792 14652 3685
f 9792 9791 3626
f 9853 9792 3626
f 3625 9792 9853
f 9732 9792 3685
f 9792 9732 9791
f 3503 9978 3441
f 3504 9978 3503
f 9978 3442 3441
f 3442 9978 3505
f 9978 3504 3505
f 4024 9335 9334
f 9335 4076 9334
f 9335 4024 4023
f 9336 9335 4023
f 9442 3970 9497
f 3969 9442 9497
f 3970 9442 9388
f 9442 9389 9388
f 9442 3969 9389
f 8990 4398 4357
f 4397 8990 8991
f 4398 8990 4397
f 4312 9038 4311
f 9037 9036 4270
f 4400 4399 8943
f 8942 4400 8943
f 4400 8942 4401
f 4359 8987 4401
f 8987 4400 4401
f 4517 4516 8775
f 4516 8776 8775
f 8776 4553 8775
f 8856 8815 8814
f 8815 4518 8814
f 8815 8856 4480
f 8774 4517 8775
f 4517 8774 4518
f 4439 8944 8945
f 8902 4439 8945
f 4439 8902 8901
f 4439 8901 4440
f 8944 4439 4440
f 4516 8817 8818
f 8817 8859 8818
f 8859 8817 4478
f 8817 8858 4478
f 4517 8817 4516
f 4438 8946 8903
f 8902 4438 8903
f 8946 4438 8945
f 4438 8902 8945
f 9084 9037 4270
f 9131 9084 4270
f 9037 9084 9038
f 4275 9079 9031
f 4227 4181 9176
f 4182 4228 9174
f 4274 9127 9080
f 9128 4227 9176
f 4227 9128 9127
f 9079 9032 9031
f 4274 9032 9079
f 4127 4126 9232
f 9281 4129 9280
f 8995 4351 4308
f 8950 4433 4434
f 4352 8993 4310
f 4309 4352 4310
f 8994 4352 4309
f 4352 8994 4394
f 8993 4352 4394
f 8993 4354 4311
f 4354 4312 4311
f 4354 8993 4395
f 4396 4354 4395
f 8903 4437 8904
f 8946 4437 8903
f 4435 8949 4434
f 8949 8950 4434
f 8906 4434 8907
f 8906 4435 4434
f 4433 8908 8907
f 4127 9283 4126
f 9283 4125 4126
f 4125 4074 9284
f 4125 9283 4074
f 9183 4172 4218
f 9087 9040 4266
f 9087 9041 9040
f 9135 9183 4218
f 9136 9135 4218
f 9135 9136 9088
f 9089 9136 4263
f 9136 9089 4264
f 4131 9227 4132
f 9333 9332 4027
f 9333 4078 9332
f 9333 4025 9334
f 10374 3114 3183
f 3114 10375 3183
f 3114 3115 10449
f 3115 3114 10374
f 10375 3114 3113
f 3042 3114 10449
f 3113 3114 3042
f 10296 3192 3259
f 3192 10296 3193
f 10367 3122 3191
f 3122 10367 3123
f 3192 10367 3191
f 10367 10366 3123
f 3695 9784 9725
f 3753 3695 9725
f 3695 3753 9664
f 9724 3695 9664
f 3696 9783 9724
f 9783 3695 9724
f 9784 9783 3635
f 3695 9783 9784
f 3631 3569 9849
f 3569 3631 9910
f 9849 3569 9911
f 3569 3508 9911
f 3569 9974 3508
f 9974 3569 3509
f 3569 9910 3509
f 9786 3632 9787
f 9727 9786 9787
f 9786 9727 3692
f 3632 9786 3633
f 3693 9786 3692
f 9786 9785 3633
f 9786 3693 9785
f 3451 10035 3450
f 3513 3451 3450
f 10035 3451 10034
f 3451 3452 10034
f 3452 3451 3514
f 3454 9968 3516
f 9968 9905 3516
f 9905 3577 3516
f 3572 3511 9909
f 3449 3511 3512
f 3511 9908 3512
f 3511 3572 9908
f 4181 4180 9176
f 9226 4180 4181
f 4132 4133 9277
f 4133 4180 9226
f 9227 4133 4132
f 4180 4133 9227
f 4137 9223 9222
f 9223 4137 4136
f 9223 4184 9222
f 4184 9223 4183
f 4134 9226 4181
f 4134 4133 9226
f 9276 4082 9277
f 4082 4081 9277
f 4083 4082 9276
f 9329 4082 4083
f 4082 9329 9330
f 4081 4082 9330
f 9278 4132 9277
f 4081 9278 9277
f 9278 4081 4080
f 4131 9278 4080
f 9278 4131 4132
f 4083 4084 9328
f 9275 4084 4083
f 4084 9327 9328
f 9332 9385 4027
f 4028 9385 9332
f 9383 4029 4030
f 9382 9383 4030
f 3972 9494 9495
f 4031 9329 9328
f 9329 4031 4030
f 4031 9382 4030
f 3689 9730 9670
f 9730 3688 3746
f 9670 9730 3746
f 3688 9730 9789
f 9730 3689 9789
f 9669 9729 3747
f 9669 3747 3804
f 9788 3690 9787
f 9729 3690 9788
f 9669 3690 9729
f 3690 9669 3748
f 3567 9913 9851
f 9913 3566 9851
f 9913 3567 3506
f 9913 3506 3505
f 3566 9913 3505
f 7488 7487 14308
f 14337 7487 7488
f 7487 7454 14338
f 7454 7487 14337
f 14281 14309 14310
f 7519 14309 14281
f 7487 14309 14308
f 14309 14280 14308
f 14280 14309 7519
f 14282 7517 14255
f 7517 14283 14255
f 14283 7517 14311
f 7517 14310 14311
f 7517 14282 14310
f 14201 7582 7581
f 7582 14201 7612
f 14202 14201 7581
f 7643 7671 7672
f 14200 7582 7612
f 14128 14104 7701
f 14081 14104 7727
f 14022 14021 7801
f 7751 7777 7752
f 14060 7778 7779
f 14060 14081 7727
f 7746 7719 7745
f 14179 7638 14155
f 14133 7666 7694
f 7666 14133 14156
f 14203 7609 7610
f 14313 14285 7514
f 14314 14285 14313
f 7513 14285 14314
f 14285 7513 14258
f 14285 14257 7514
f 14257 14285 14258
f 7481 14313 14342
f 7481 14314 14313
f 14314 7481 7480
f 7448 7481 14342
f 14283 14256 14255
f 14256 7548 14255
f 7548 14256 7547
f 14256 14284 7547
f 7548 14229 14228
f 14229 7547 7578
f 14229 7548 7547
f 14340 7450 14341
f 7483 14340 14341
f 14340 7483 7484
f 14340 14339 7452
f 14339 14340 7484
f 4678 8601 8635
f 8601 4678 14099
f 4710 8568 4739
f 8568 7733 4739
f 8601 8568 4710
f 8568 8601 14099
f 7733 8568 14099
f 7703 14126 7702
f 14126 14149 7674
f 7702 14126 7674
f 7616 14197 14198
f 7555 7556 14249
f 14222 7556 7555
f 7585 14223 14224
f 7585 7584 14198
f 7584 7585 14224
f 4510 8783 8782
f 4510 4509 8783
f 4509 4510 8824
f 4545 4508 14221
f 4508 4509 8825
f 8867 4508 8825
f 4508 8867 14248
f 14277 7524 14305
f 7524 14277 14249
f 14276 7524 14249
f 8910 4431 4430
f 13982 7851 14000
f 7873 7851 13982
f 7851 7873 13981
f 13964 7894 7874
f 7873 13964 7874
f 7872 7873 13982
f 7872 13983 7871
f 7891 13967 13950
f 7891 7871 13967
f 7328 14468 7300
f 7329 14468 7328
f 14468 14491 7300
f 14468 7301 14491
f 14468 7329 7330
f 7301 14468 7330
f 14494 7298 7271
f 14494 7297 7298
f 7297 14494 7296
f 7270 14494 7271
f 14494 7270 7296
f 14472 7325 7296
f 14472 7324 14448
f 7325 14472 14448
f 7295 14473 7324
f 14472 7295 7324
f 14367 7419 7452
f 7419 14368 7452
f 7387 7419 14367
f 7419 7387 7386
f 14368 7419 7386
f 14398 7353 14424
f 14398 14397 7353
f 14397 14398 7384
f 7384 14398 7383
f 7352 14398 14424
f 14398 7352 14399
f 7383 14398 14399
f 14370 7416 7449
f 7448 7416 14371
f 7416 7448 7449
f 7416 7383 14371
f 7416 14370 7383
f 14343 7448 7447
f 14344 14343 7447
f 14343 14344 7480
f 7481 14343 7480
f 14343 7481 7448
f 4742 4713 8565
f 8564 4713 4742
f 4713 8598 8565
f 4713 8564 8598
f 8564 4743 8563
f 8563 4743 4714
f 8531 4743 8532
f 4743 8564 8532
f 4743 8530 4714
f 8530 4743 8531
f 14394 14395 7387
f 14394 7357 14395
f 7388 14394 7387
f 14394 14393 7358
f 14394 7388 14393
f 14395 14421 7356
f 7357 14421 14395
f 7356 14421 14446
f 14421 7357 14446
f 14443 7359 14418
f 14443 14467 7330
f 14443 7330 14444
f 7359 14443 14444
f 7358 14419 14444
f 14419 7359 14444
f 14393 14419 7358
f 7359 14419 14393
f 14277 7523 14250
f 7523 14278 14250
f 7523 14277 14305
f 14278 7522 14250
f 7520 14279 14308
f 14280 7520 14308
f 7520 14252 14279
f 14252 7520 14280
f 7454 7453 14338
f 14367 7453 7420
f 7453 7421 7420
f 7453 7454 7421
f 7453 14367 7452
f 14339 7453 7452
f 7453 14339 14338
f 4431 8952 8953
f 4305 9044 7394
f 8998 4305 7394
f 4305 8998 4348
f 14389 7393 7394
f 14363 7457 7458
f 7457 14334 7458
f 7457 14363 7424
f 7457 7456 14335
f 14364 7457 7424
f 7457 14364 7456
f 7490 7457 14335
f 7457 7490 14334
f 7492 7491 14305
f 7491 7490 14305
f 7490 7491 14334
f 14304 14276 7525
f 7492 14304 4430
f 14304 7524 14276
f 14304 8910 4430
f 14304 7492 14305
f 7524 14304 14305
f 8867 14304 7525
f 8910 14304 8867
f 14365 7422 7455
f 7456 14365 7455
f 14365 7456 7423
f 7390 14365 7423
f 7422 14365 7389
f 14365 7390 7389
f 14390 14391 7392
f 7393 14390 7392
f 14390 7393 14389
f 14392 7390 7391
f 14391 14392 7391
f 7359 14392 14418
f 14392 7359 14393
f 7390 14392 14393
f 7210 14568 7209
f 14568 7210 14567
f 7210 7209 14547
f 7211 7210 14547
f 14567 7210 7211
f 14521 7240 7239
f 14521 7264 7265
f 14520 14521 7265
f 7240 14521 14520
f 7264 14521 14522
f 14521 7239 14522
f 14519 14520 7267
f 14520 14519 7241
f 14519 7242 7241
f 14497 14519 7267
f 14519 14497 7268
f 7242 14519 7243
f 14519 14518 7243
f 14518 14519 7268
f 7242 14541 7241
f 14541 14542 7241
f 14541 7217 14542
f 14541 7242 14540
f 14541 14540 7218
f 14561 14541 7218
f 7217 14541 14561
f 7196 14580 7219
f 14580 7196 7195
f 14539 14559 7219
f 7220 14559 14539
f 14559 7196 7219
f 7196 14559 14579
f 14559 7220 7197
f 14579 14559 7197
f 14558 14577 7198
f 14578 14558 7198
f 14558 7220 7221
f 14558 14578 7220
f 14557 7222 14556
f 14576 14557 14556
f 14558 14557 14577
f 7222 14557 7221
f 14557 14558 7221
f 7199 14576 14595
f 7199 14557 14576
f 14557 7199 14577
f 14630 7157 7158
f 14615 7157 7156
f 7103 14661 14646
f 7120 7103 14646
f 7103 7120 14660
f 14661 7103 14675
f 7103 14674 14675
f 14674 7103 14660
f 14780 6979 14761
f 14760 14780 14761
f 14780 14760 6980
f 14780 6980 14800
f 6979 14780 14800
f 7025 14740 14741
f 14740 7004 14741
f 14740 7025 7026
f 7004 14740 7005
f 14739 14740 7026
f 7005 14740 14739
f 7476 7443 14347
f 14346 7443 7476
f 14376 7443 7410
f 7443 14346 7444
f 14347 7443 7442
f 7443 14376 7442
f 14453 14452 7319
f 14477 14453 7319
f 14453 14477 7318
f 14454 14453 7318
f 7348 14453 7347
f 14453 14454 7347
f 14429 14428 7347
f 14429 7347 7346
f 14403 14429 7346
f 14429 14403 14402
f 14428 14429 14402
f 14375 7378 7410
f 7378 14375 7411
f 7443 14375 7410
f 7411 14375 7444
f 14375 7443 7444
f 14671 14657 7108
f 14656 14671 7108
f 14671 14656 14670
f 14671 14672 7107
f 14657 14671 7107
f 14671 7090 14672
f 14671 7091 7090
f 7090 14685 14686
f 7091 14685 7090
f 14685 7072 14686
f 14685 14700 7072
f 14700 14685 7074
f 14684 7092 7093
f 7092 14670 7093
f 7092 14685 7091
f 14671 7092 7091
f 7092 14671 14670
f 7092 14684 7074
f 14685 7092 7074
f 14669 7094 14683
f 7094 7095 14682
f 7095 7094 14668
f 7094 14682 7076
f 14683 7094 7076
f 7111 14654 14668
f 7094 7111 14668
f 7111 7094 14669
f 14654 7111 7110
f 7111 14669 7110
f 4262 9137 9138
f 9137 4216 9138
f 4216 9137 9185
f 9136 9137 4263
f 4121 9236 4122
f 9287 4121 4122
f 4121 9287 7279
f 14487 4121 7279
f 4121 14487 7306
f 9236 4121 7306
f 4217 4170 9185
f 9137 4217 9185
f 4217 9136 9184
f 4217 9137 9136
f 4170 4171 9234
f 4171 4217 9184
f 4217 4171 4170
f 4171 9184 4218
f 4172 4171 4218
f 7333 14441 7334
f 7333 7334 14464
f 7305 7333 14464
f 9556 9555 3858
f 3857 9556 3858
f 9557 9556 3857
f 3967 4021 9444
f 3967 9445 4021
f 3913 3914 9555
f 3913 9498 3914
f 9556 3913 9555
f 3913 9556 3912
f 7184 7185 14607
f 7185 9557 14607
f 9392 4020 9446
f 9446 4020 3966
f 4020 9391 3966
f 9391 4020 9338
f 4020 9339 9338
f 3965 9500 9501
f 9500 3965 3966
f 7207 14570 9446
f 3965 7207 9446
f 7207 3965 9501
f 14570 7207 7206
f 14653 7129 7113
f 14653 14638 7129
f 14667 14653 7113
f 7112 14653 14667
f 14638 14653 7128
f 14653 7112 7128
f 9791 3686 9731
f 9732 3686 9791
f 3686 9732 9672
f 3686 3745 9731
f 3745 3686 9672
f 7129 3743 14652
f 3743 9673 14652
f 3743 7129 7147
f 3802 3803 3746
f 3801 3802 3745
f 3857 9613 9614
f 9613 3857 3858
f 3802 9613 3858
f 9613 3802 3801
f 3744 3801 9672
f 9732 3744 9672
f 3744 9732 3685
f 9673 3744 3685
f 14551 7230 14550
f 7230 14551 7229
f 7230 7229 14530
f 7253 14532 7252
f 14531 14532 7253
f 7276 7251 14512
f 14532 7251 7252
f 7251 14532 14533
f 7250 14513 14512
f 14513 7250 7249
f 7251 7250 14512
f 7250 7251 14533
f 7165 14624 7164
f 14624 7165 7146
f 7164 14624 7163
f 14624 7145 7163
f 14624 7146 7128
f 7145 14624 7128
f 7127 14654 7110
f 7183 7184 14608
f 14609 7183 14608
f 7142 7125 7124
f 7125 14656 7124
f 14657 14642 7124
f 7123 14642 14657
f 14642 7142 7124
f 14643 14658 7122
f 14643 7123 7107
f 14658 14643 7107
f 7140 14643 7122
f 14629 7140 7139
f 7140 14644 7139
f 14644 7140 7122
f 14535 7225 7224
f 14576 7200 14595
f 7200 14594 14595
f 7200 14576 14556
f 7200 14575 14594
f 14575 7200 14556
f 5158 5168 16406
f 5168 5158 16407
f 5158 5157 16407
f 5158 16416 5157
f 5158 16415 16416
f 16431 5141 16430
f 16437 16431 5134
f 16431 16437 16432
f 16431 16436 5134
f 16436 16431 16430
f 5140 16431 16432
f 5141 16431 5140
f 5148 16425 16426
f 5147 5148 16426
f 5148 5147 16417
f 16425 5149 16424
f 5148 5149 16425
f 16416 5149 16417
f 5149 5148 16417
f 5336 16209 16231
f 16209 5336 5361
f 5336 16232 5335
f 16252 5336 16231
f 16232 5336 16252
f 5387 16162 16161
f 5387 16186 16162
f 5388 5387 16161
f 16186 5387 5362
f 5387 5388 5362
f 16163 5414 16162
f 5414 16163 5413
f 5413 16163 5412
f 5412 16163 16164
f 16211 5360 5335
f 16185 16160 5389
f 16185 5388 16160
f 16185 5389 5363
f 16185 5363 16208
f 16185 16208 5362
f 5388 16185 5362
f 16285 16284 5275
f 16284 16285 5295
f 5296 16284 5295
f 16284 5296 16283
f 5276 16284 16283
f 16284 16301 5275
f 16301 16284 5276
f 5294 16267 5295
f 16266 16267 5318
f 5295 16267 16266
f 16267 5317 5318
f 5317 16267 16268
f 16267 5294 16268
f 5153 16420 5144
f 16420 5145 5144
f 16420 5153 5154
f 5145 16420 5154
f 13756 13752 12
f 13752 13751 12
f 13752 18 13751
f 13758 13759 10
f 13759 13758 6
f 5 13759 13762
f 13759 6 13762
f 16405 13759 5
f 4 13761 7
f 13761 13758 7
f 13758 13761 6
f 3 13761 4
f 6 13761 3
f 349 13376 16155
f 349 13324 13376
f 209 13470 254
f 13470 209 13513
f 13470 13424 254
f 13470 253 13424
f 171 13552 13585
f 171 13553 13552
f 13586 171 13585
f 13553 171 170
f 171 13586 170
f 13554 16245 16224
f 16245 13554 5321
f 16224 16245 16225
f 16225 16245 16246
f 16245 5320 16246
f 16245 5321 5320
f 5421 349 16155
f 5421 16156 16131
f 16156 5421 16155
f 403 16104 13269
f 403 5449 16104
f 16050 16077 16078
f 16077 5479 16078
f 16077 16050 5511
f 12970 12971 694
f 695 12970 694
f 12970 634 12971
f 634 633 12971
f 634 13032 633
f 692 12972 15962
f 692 15930 12910
f 692 693 12972
f 692 12910 693
f 5614 692 15962
f 15930 692 5614
f 12910 752 12909
f 752 12910 12847
f 752 12846 12909
f 12846 752 12847
f 12847 813 12782
f 813 12783 12782
f 15897 813 12847
f 12783 813 15897
f 15863 12783 5689
f 12783 15863 12718
f 12718 15863 5729
f 15864 15863 5689
f 12717 12783 875
f 12783 12717 12782
f 12717 876 12782
f 1002 12585 1003
f 12585 1002 12586
f 1002 12652 12586
f 12652 938 15793
f 938 12718 15793
f 12718 938 875
f 938 12717 875
f 12907 695 12908
f 466 13203 467
f 13203 466 13204
f 13204 466 13205
f 465 13206 13205
f 466 465 13205
f 13134 532 13075
f 13194 13134 13193
f 13251 13194 13193
f 13194 532 13134
f 533 13133 13193
f 13134 533 13193
f 472 473 13255
f 413 13312 13313
f 13312 359 13313
f 471 13256 13257
f 415 13256 13255
f 13256 472 13255
f 470 13199 471
f 467 13202 468
f 13203 13202 467
f 13202 13201 468
f 527 13081 13140
f 527 13141 13081
f 13200 470 469
f 13201 13200 469
f 13141 13200 13201
f 527 13200 13141
f 13200 527 13140
f 13199 13200 13140
f 13200 13199 470
f 473 13254 13255
f 474 13254 473
f 585 13019 586
f 708 709 12954
f 648 13015 13016
f 13015 648 13014
f 649 648 12954
f 648 649 13014
f 13258 413 412
f 13259 13258 412
f 13258 13259 469
f 470 13258 469
f 413 13258 13257
f 13258 470 13257
f 359 13364 13365
f 13364 360 13363
f 13312 13364 359
f 360 13364 13312
f 13413 13364 13363
f 13364 13413 310
f 13508 13509 212
f 13509 13508 13548
f 13508 13547 13548
f 13508 13507 13547
f 13507 13508 213
f 256 13467 13468
f 13422 256 13468
f 256 13422 303
f 256 257 13467
f 405 13322 13323
f 461 13268 460
f 353 352 13320
f 407 13320 406
f 13420 257 304
f 258 13420 305
f 13420 258 257
f 13736 5194 16373
f 5208 13736 16373
f 16384 13736 24
f 5194 13736 16384
f 13736 5208 13723
f 36 13736 13723
f 13735 25 24
f 13736 13735 24
f 13735 13736 36
f 25 13735 13734
f 13735 36 13734
f 13721 13722 51
f 36 13722 13721
f 13722 36 13723
f 13722 50 51
f 50 13722 13723
f 90 13641 13665
f 90 13666 13641
f 13688 90 13665
f 13666 90 13688
f 213 13465 13464
f 13465 258 13464
f 13508 13465 213
f 13465 13508 212
f 13419 258 305
f 13419 306 258
f 307 13367 13416
f 307 13368 13367
f 13368 307 13417
f 13366 13367 357
f 358 13366 357
f 13366 358 13365
f 13415 13366 13365
f 13315 357 356
f 357 13315 13314
f 13315 411 13314
f 13260 467 468
f 13259 13260 468
f 411 13260 13259
f 214 13507 13464
f 13463 214 13464
f 214 13463 13506
f 13546 176 13547
f 13507 13546 13547
f 176 13546 13579
f 13546 177 13579
f 177 13546 13506
f 13546 214 13506
f 214 13546 13507
f 13461 13415 262
f 259 13463 13464
f 13463 259 13417
f 258 259 13464
f 306 259 258
f 13463 215 13506
f 13506 215 13545
f 215 13505 13545
f 13460 263 218
f 13542 181 13575
f 180 13542 13575
f 181 13542 13502
f 13502 13542 13503
f 13542 180 13503
f 180 13543 13503
f 13504 13543 13544
f 13543 13504 13503
f 91 13664 13686
f 70 91 13686
f 91 70 13687
f 91 13687 13665
f 13640 91 13665
f 13664 91 13640
f 15588 15589 6005
f 5958 15589 15588
f 15589 5958 5957
f 6005 15589 6004
f 15590 15589 5957
f 15589 15590 6004
f 15709 5866 5865
f 15709 15669 5866
f 15669 15709 5910
f 15709 15670 5910
f 15670 15709 5865
f 15511 6049 6095
f 15511 6096 6049
f 15471 15511 6095
f 6096 15511 15471
f 15509 6097 6098
f 6097 15509 6051
f 6051 15509 6052
f 6099 15509 6098
f 15509 6099 6052
f 5863 5820 15750
f 5863 15749 5820
f 15706 5914 5869
f 15706 5869 15745
f 5868 15706 15745
f 5779 5780 5738
f 5823 5779 15785
f 15707 5868 15746
f 5912 15707 15668
f 15707 5912 5913
f 5822 5823 15785
f 15748 5822 5821
f 5822 15786 5821
f 15708 15747 5866
f 5822 15747 5823
f 5866 15747 15748
f 15747 5822 15748
f 5823 15747 15746
f 5824 5823 15746
f 5824 5825 15783
f 5825 5824 15746
f 15749 5864 5865
f 5864 15670 5865
f 5863 5864 15749
f 15672 5907 15632
f 5907 15672 15673
f 15633 5907 15673
f 5955 5954 15592
f 5954 5955 15632
f 5954 5953 15592
f 5954 15633 5953
f 5907 5954 15632
f 5954 5907 15633
f 5862 5819 15751
f 5819 5862 15750
f 15672 15712 15673
f 15712 5861 15673
f 5862 15712 15672
f 5861 15712 15751
f 15712 5862 15751
f 6184 15396 6185
f 6228 15396 6227
f 6227 15396 15397
f 15396 6184 15397
f 6185 15396 15395
f 15396 6228 15395
f 15359 6271 6229
f 6228 15359 6229
f 6271 15359 6312
f 15360 6227 6269
f 15360 6228 6227
f 15360 6269 6311
f 15291 6352 6351
f 6392 15291 6391
f 15291 6392 15290
f 6352 15291 15290
f 15194 6471 6470
f 6471 6431 6470
f 6431 15226 6470
f 15226 6431 6430
f 15226 6469 6470
f 15226 6430 6469
f 15292 6390 6391
f 6390 15292 6350
f 6350 15292 6351
f 15291 15292 6391
f 15292 15291 6351
f 6308 6266 6307
f 6266 6308 15363
f 6266 6265 6307
f 6266 15364 6265
f 15364 6266 6223
f 6266 6224 6223
f 6266 15363 6224
f 5737 5696 15823
f 5779 5737 15785
f 5694 15824 15859
f 15824 5736 15859
f 15824 5776 15787
f 5484 16073 16101
f 16073 5484 16046
f 5484 16101 16074
f 16046 5484 16074
f 16100 5454 5453
f 16100 5453 16101
f 16073 16100 16101
f 16099 16100 16072
f 5454 16100 16099
f 5491 16067 16095
f 16067 5460 16095
f 16067 16094 5460
f 5525 16040 5524
f 16068 16040 5491
f 16040 16067 5491
f 16040 5523 5524
f 16040 16041 5523
f 16040 16068 16041
f 5551 5552 16017
f 5517 5551 16017
f 5516 5551 5517
f 15985 5553 5552
f 5553 15985 5589
f 15985 5588 5589
f 5325 5350 16218
f 5350 5325 16219
f 16218 5350 5376
f 5350 16196 5376
f 5375 5350 16219
f 16196 5350 5375
f 16241 5325 16261
f 5302 16241 16261
f 16262 16241 5302
f 5325 16241 16219
f 5432 5431 16120
f 5431 5432 16146
f 5432 16119 5433
f 5432 16120 16119
f 16145 5432 5433
f 16146 5432 16145
f 5403 16146 16171
f 16196 5403 16171
f 5430 16122 16121
f 5431 5430 16121
f 5430 5429 16122
f 16149 5400 5399
f 5400 16174 5399
f 5400 16149 5401
f 16174 5400 5401
f 16221 16222 5347
f 16198 16221 5347
f 5348 16221 16198
f 5323 5348 16220
f 16173 5374 5373
f 16173 16174 5401
f 16174 16173 5373
f 5402 16173 5401
f 5349 16197 5375
f 16197 5349 16220
f 5348 16197 16220
f 5374 16197 5348
f 5602 15941 5603
f 15974 5602 5566
f 15941 5602 15942
f 5602 5601 15942
f 5602 15974 5601
f 5436 16116 5437
f 5437 16116 16115
f 16116 5465 5466
f 16116 5466 5467
f 16115 16116 5467
f 5465 16116 16117
f 16116 5436 16117
f 5406 16144 5407
f 16169 5406 5407
f 16144 5406 5405
f 5406 16169 5405
f 16277 16276 5283
f 5282 16277 5283
f 5327 16259 16239
f 16259 5327 16238
f 16257 16258 16237
f 16258 16257 5307
f 16258 16238 16237
f 16258 16259 16238
f 16259 16258 5305
f 15881 5669 5668
f 15881 5710 15846
f 15881 15846 5670
f 15881 5670 15915
f 5669 15881 15915
f 5836 5837 15773
f 5836 15735 5837
f 5836 5879 5880
f 15735 5836 5880
f 5834 5835 15775
f 5397 16152 16151
f 5397 16176 16177
f 5397 16177 5396
f 16152 5397 5396
f 16199 16175 5372
f 5347 16199 5372
f 16222 16199 5347
f 5346 16199 16222
f 16223 16244 5344
f 5345 16223 5344
f 5346 16223 5345
f 16223 16222 16244
f 16223 5346 16222
f 5710 15811 5751
f 15811 5710 5709
f 5707 15813 5708
f 5836 15774 5835
f 15918 5627 15919
f 5627 15918 5628
f 15950 5627 5628
f 15951 5627 15950
f 15952 5626 5590
f 5626 15951 5590
f 5626 15920 15919
f 5627 5626 15919
f 5626 5627 15951
f 5625 15952 15953
f 5624 5625 15953
f 5625 5626 15952
f 5626 5625 15920
f 15851 5664 15886
f 5664 15851 15885
f 5664 15885 15919
f 15920 5664 15919
f 5703 5704 15852
f 15852 5704 15886
f 5704 15851 15886
f 15851 5704 5745
f 5704 15816 5745
f 5744 5704 5703
f 5704 5744 15816
f 15777 5831 5832
f 15777 15778 5831
f 15777 5789 5788
f 15661 5875 15701
f 5920 15661 15701
f 5875 15661 15700
f 15661 5921 15700
f 15661 5920 15621
f 5921 15661 15621
f 5920 5919 15622
f 15662 5919 5920
f 15622 5919 15623
f 5919 5918 15623
f 5919 15662 5918
f 15702 5874 5873
f 15702 15662 5874
f 15662 15702 5918
f 15702 5873 15663
f 5918 15702 15663
f 6104 15505 15465
f 15505 6104 6057
f 15504 15464 6105
f 15504 6104 15464
f 6104 6058 6057
f 6058 15543 6057
f 15504 6058 6104
f 6058 15504 6105
f 6059 6058 6105
f 15543 6058 6059
f 6012 15584 6011
f 15584 6010 6011
f 5964 15583 5965
f 15583 6012 6013
f 15583 15584 6012
f 15584 15583 5964
f 15582 15583 6013
f 15583 15582 5965
f 5916 15624 15664
f 5916 15625 15624
f 15625 5916 15665
f 5916 15704 15665
f 15704 5916 15664
f 5962 15625 5915
f 15739 5833 5832
f 5833 15739 15738
f 5833 15777 5832
f 5834 5833 15738
f 15620 5921 5968
f 5921 15620 15660
f 5971 5970 15578
f 5970 5971 15618
f 15820 5782 5740
f 5782 15820 5781
f 15820 5739 5781
f 5699 15820 5740
f 15855 5699 5740
f 5741 15855 5740
f 15855 5741 5700
f 15855 15889 5659
f 15855 5700 15889
f 15855 5659 15890
f 5699 15855 15890
f 15195 6467 15196
f 6506 15195 15196
f 1904 11715 6388
f 11636 1904 6388
f 11715 1904 1830
f 1905 1904 11635
f 1979 11636 1978
f 1904 1979 11635
f 1979 1904 11636
f 11553 2055 11473
f 11556 2053 1978
f 2053 1979 1978
f 1979 2053 11555
f 15335 6341 6300
f 15335 6299 6341
f 6299 15335 6257
f 6258 15335 6300
f 6257 15335 6258
f 15301 6340 6298
f 6299 6340 15300
f 15300 6340 6381
f 6340 15301 6381
f 6295 6253 15339
f 15339 6253 6252
f 6253 15375 6252
f 6339 6380 15301
f 6339 15302 6380
f 6339 15301 6298
f 6297 6339 6298
f 15302 6339 6297
f 6380 6379 15268
f 15302 6379 6380
f 6379 6378 15268
f 6379 15303 6378
f 6338 15302 6297
f 15303 6338 6337
f 6379 6338 15303
f 6338 6379 15302
f 15688 5935 15648
f 15649 5935 15688
f 15648 5935 15608
f 5935 5982 15608
f 5888 15650 15689
f 15650 5933 15610
f 5933 15650 15690
f 15650 5888 15690
f 15609 5981 5982
f 5935 15609 5982
f 15609 5935 15649
f 15640 15679 5899
f 15679 15640 12380
f 1132 15679 12380
f 15679 15718 5899
f 15679 1132 15718
f 5943 15601 15641
f 15601 5943 15602
f 15602 5943 15642
f 5943 15681 15642
f 15681 5943 15641
f 15640 5944 15600
f 5944 15601 15600
f 15601 5944 15641
f 5944 15680 15641
f 5944 15640 15680
f 6208 6207 15377
f 15376 6208 15377
f 6209 6210 15411
f 15412 6209 15411
f 6209 15375 6210
f 6209 15376 15375
f 6209 6208 15376
f 6208 6209 15412
f 15307 6333 6332
f 6292 6333 15306
f 6333 6374 15306
f 6374 6333 15307
f 6251 6293 15340
f 6293 6251 15341
f 6251 6250 15341
f 6251 15340 6252
f 15376 6251 6252
f 6376 15305 6375
f 15305 6376 6335
f 6335 6376 15304
f 6377 6376 15270
f 6376 6377 15304
f 6374 6373 15273
f 6373 6374 15307
f 15274 6413 15273
f 6413 6414 15273
f 6413 15240 6414
f 6413 15274 6412
f 15208 6491 15176
f 15208 6492 6453
f 6492 15208 15176
f 15240 15208 6453
f 15209 6490 15177
f 6491 15209 15177
f 6410 6411 15276
f 15242 6411 6410
f 6492 15207 6453
f 6531 6492 6530
f 15144 6531 6530
f 6532 6531 15143
f 15143 6531 6568
f 6531 15144 6568
f 15174 6532 6533
f 15174 6495 6494
f 6605 6569 15113
f 6640 6605 15113
f 6605 6640 6606
f 15146 6529 6528
f 6566 15146 6565
f 6527 15146 6528
f 15146 15147 6565
f 15147 15146 6527
f 6455 6456 15238
f 6456 6416 15238
f 15286 6397 6398
f 15286 6358 6357
f 15285 15286 6398
f 6358 15286 15285
f 6435 6436 6396
f 6397 15253 6398
f 6237 15388 6236
f 15352 6237 6236
f 15387 6237 6238
f 15388 6237 15387
f 6278 15352 6236
f 6279 6237 15352
f 6192 6193 15426
f 6193 6192 15389
f 6193 15425 15426
f 15425 6193 6194
f 6193 15389 6194
f 6363 15315 6322
f 6281 15315 6323
f 15315 6281 6322
f 15315 6364 6323
f 15315 6363 6364
f 15351 6239 6238
f 15351 6281 6239
f 6281 15351 6322
f 15317 6361 6321
f 15317 6360 6361
f 6362 15282 15281
f 6363 6362 15281
f 6362 6361 15282
f 6362 15316 6361
f 6362 6363 6322
f 15316 6362 6322
f 6061 15501 15540
f 6061 6107 15501
f 6061 6014 15541
f 6060 6061 15541
f 6107 6061 6060
f 6061 15540 6015
f 6014 6061 6015
f 6286 6244 6243
f 6244 15382 6243
f 15418 6158 15419
f 6158 15418 15456
f 6158 15456 6113
f 15382 6202 6201
f 6202 15418 6201
f 6202 6244 15381
f 6244 6202 15382
f 6203 6202 15381
f 6202 6203 15417
f 15418 6202 15417
f 15617 5925 15657
f 5925 15617 15656
f 15617 5926 15656
f 15616 5926 15617
f 5926 15695 15656
f 5882 15694 15733
f 15734 5882 15733
f 15695 5882 15734
f 15695 5881 15656
f 5881 15695 15734
f 5881 15734 5837
f 15735 5881 5837
f 5974 5975 15615
f 5975 5974 15575
f 15575 5974 5973
f 5974 15616 5973
f 6021 15576 6020
f 5972 15576 5973
f 15576 15575 5973
f 15576 6021 15575
f 15576 5972 15577
f 6020 15576 15577
f 6023 6024 15574
f 6024 6023 15533
f 6022 6023 15574
f 6023 6069 15533
f 6069 6023 15534
f 6023 6022 15534
f 6326 6327 6285
f 6327 6326 15312
f 6284 6326 6285
f 6325 6326 6284
f 15312 6326 6325
f 6449 15244 6448
f 15211 6449 6448
f 6449 15211 15243
f 6409 6449 15243
f 15244 6449 6409
f 15308 15307 6332
f 6331 15308 6332
f 15308 6330 6371
f 15308 6331 6330
f 6247 15380 6246
f 15380 6203 6246
f 15380 6204 6203
f 6204 15380 15379
f 15380 6247 15379
f 6206 15378 6207
f 15414 6206 6207
f 15378 6206 15379
f 6206 6205 15379
f 6206 15414 15415
f 6205 6206 15415
f 15612 5932 5931
f 5718 15840 15804
f 5758 15840 5717
f 15840 5758 15804
f 15840 15875 5717
f 15875 15840 5677
f 15908 15874 5678
f 15874 15908 5677
f 15840 15874 5677
f 15874 15840 5718
f 15839 15873 5678
f 15874 15839 5678
f 15839 15874 5718
f 15839 5759 15803
f 15839 5718 5759
f 15081 15054 15053
f 15054 15081 6643
f 6644 15081 15053
f 15081 15110 6643
f 15110 15081 6644
f 15082 15054 6643
f 6676 15027 6677
f 15054 6676 6677
f 6676 15028 15027
f 6676 15082 15055
f 15082 6676 15054
f 6675 6676 15055
f 15028 6676 6675
f 6896 6895 14846
f 6895 6896 14868
f 3039 6896 14846
f 6896 3039 10526
f 6896 6869 14868
f 6869 6896 10526
f 14869 6866 6894
f 14869 6894 14847
f 6895 14869 14847
f 14869 6895 14868
f 14892 14869 14868
f 14869 14892 6867
f 6861 6862 14897
f 6861 14874 6862
f 6833 6861 14897
f 6889 14874 14852
f 6889 14851 14873
f 6862 6889 14873
f 14874 6889 6862
f 6834 14921 14897
f 6862 6834 14897
f 14896 6834 6862
f 14921 6834 14920
f 6834 14896 14920
f 6915 14831 6941
f 14830 6915 6941
f 6915 14852 6914
f 14831 6915 6914
f 6915 14830 6916
f 6915 6889 14852
f 14851 6915 6916
f 6889 6915 14851
f 6404 15248 6444
f 15248 6404 6403
f 6483 15215 6444
f 15215 6483 6484
f 6444 15215 15247
f 6488 6487 15179
f 6487 6488 15211
f 6489 6488 15179
f 15211 6488 6489
f 15212 6487 6448
f 6447 15212 6448
f 6486 15212 6447
f 15180 6486 6525
f 6526 15180 6525
f 6487 15180 6526
f 15180 15212 6486
f 15212 15180 6487
f 6446 15213 6447
f 6486 15213 15181
f 15213 6486 6447
f 15182 15214 6484
f 15121 6630 6631
f 6597 15120 6632
f 6562 6597 6598
f 15120 6597 6561
f 6597 6562 6561
f 6524 15149 6525
f 15149 6562 6525
f 15149 6524 6561
f 6562 15149 6561
f 6556 6557 15153
f 6557 6556 6592
f 6592 15124 6593
f 15067 15068 6660
f 15068 6659 6660
f 15097 15126 6624
f 15126 6589 6624
f 6590 15126 6625
f 15126 15097 6625
f 6688 6654 15073
f 6654 6688 15045
f 6478 6439 15220
f 15152 6520 15153
f 6521 6520 15152
f 6520 6521 15184
f 15356 6233 6232
f 6233 15392 6232
f 15428 15427 6147
f 6191 15427 15428
f 15427 6148 6147
f 15427 6191 6192
f 6148 15427 15426
f 15427 6192 15426
f 15466 15506 6101
f 6102 15506 15466
f 6101 15506 6055
f 6056 15506 6102
f 6056 15544 6010
f 6009 6056 6010
f 15544 6056 6057
f 6313 6314 6272
f 15358 6313 6272
f 6313 15358 6271
f 6313 6271 6312
f 15323 6313 6312
f 15190 6476 6475
f 6477 6515 15188
f 6515 6516 15188
f 15255 6435 6396
f 6435 15255 15223
f 6393 6392 15257
f 6392 6393 15290
f 6393 15289 15290
f 6432 6433 15257
f 6433 6393 15257
f 6393 6433 15256
f 6354 6355 15322
f 6355 6354 15288
f 6316 15321 6357
f 15321 6356 6357
f 15321 6316 6274
f 15287 15288 6396
f 6397 15287 6396
f 15287 6355 15288
f 6355 15287 6356
f 6356 15287 6357
f 15287 15286 6357
f 15286 15287 6397
f 6512 6549 15159
f 6512 15191 6511
f 15160 6511 6548
f 6549 15160 6548
f 15160 6512 6511
f 6512 15160 6549
f 6549 6550 15159
f 6550 15158 15159
f 6510 6511 15192
f 6510 15161 6511
f 6472 6510 15192
f 15161 6510 6509
f 6583 6547 6546
f 6547 15162 6546
f 6547 6583 6548
f 15161 6547 6548
f 15162 6547 6509
f 6547 15161 6509
f 6583 15131 6548
f 15131 6584 6548
f 15101 15131 6583
f 15015 6754 6724
f 15015 6723 6754
f 15015 6724 6692
f 6723 15015 6692
f 15117 15118 6634
f 15118 6633 6634
f 6633 15118 6598
f 15118 6599 6598
f 6599 6600 6564
f 6564 6600 6565
f 6600 15118 15117
f 15118 6600 6599
f 6600 6601 6565
f 6601 6600 15117
f 15832 5727 15866
f 5727 15831 15866
f 5684 15868 15902
f 15868 5685 15902
f 15868 15833 5685
f 15833 15868 5725
f 15834 15868 5684
f 15868 15834 5725
f 5723 5724 15835
f 5724 15834 15835
f 15834 5724 5725
f 15867 5726 15832
f 15833 5726 15867
f 5726 5767 15832
f 5726 15797 5767
f 1840 11704 11703
f 11704 1914 11703
f 11704 1840 1766
f 1839 11704 1766
f 1686 11789 1687
f 1759 1686 11790
f 11789 1686 1759
f 1685 11791 11790
f 1686 1685 11790
f 1685 1686 11867
f 1613 11943 11944
f 15479 1402 6132
f 15479 12094 1402
f 12021 15479 6132
f 12094 15479 12021
f 12164 1403 1472
f 1335 1403 12164
f 1403 12165 1471
f 12165 12237 12166
f 12237 12165 12236
f 12165 1335 12236
f 12165 1403 1335
f 1683 11870 6263
f 11793 1683 6263
f 1757 1683 11793
f 1756 15330 6347
f 1756 11793 15330
f 11715 1756 6347
f 1756 11715 1830
f 11793 1756 1830
f 12020 12093 1470
f 12165 12093 1471
f 1470 12093 12166
f 12093 12165 12166
f 1541 11945 11944
f 1541 12020 11945
f 1336 12163 12162
f 12163 1405 12162
f 1335 12163 1336
f 1473 12163 1404
f 1405 12163 1473
f 12163 12164 1404
f 12163 1335 12164
f 12090 1405 1473
f 12016 12090 1473
f 11941 1616 11940
f 1334 6039 12167
f 1334 12167 12166
f 1334 12238 15559
f 6039 1334 15559
f 12237 1334 12166
f 1334 12237 12238
f 1335 12235 12236
f 12235 1335 1336
f 12235 1336 12234
f 1270 12235 12234
f 1273 12231 12230
f 12231 1273 12302
f 1339 1407 12159
f 12160 1407 1339
f 1407 1476 12159
f 1476 1407 12088
f 1407 1475 12088
f 1475 1407 12160
f 1338 12160 1339
f 12232 1338 1339
f 12160 1338 12161
f 1338 12232 12233
f 1337 1338 12233
f 1338 1337 12161
f 12583 12650 1003
f 12650 939 1003
f 941 12582 1005
f 12512 12513 1137
f 15829 15794 5729
f 15829 5728 15794
f 5728 15829 15864
f 15863 15829 5729
f 15829 15863 15864
f 12151 1346 1414
f 12151 1483 1415
f 1483 12151 1414
f 12295 12296 1278
f 1278 12296 1277
f 12296 12297 1277
f 1344 1343 12154
f 12225 1344 1345
f 12435 1145 12365
f 1145 12436 12365
f 12436 1145 12504
f 12432 12433 12362
f 12433 12432 1148
f 1215 12432 12362
f 1148 12432 12431
f 12293 12294 1280
f 12294 12293 1213
f 12222 12293 1280
f 12293 12222 1281
f 12364 12363 12434
f 12363 12364 1213
f 12363 1214 12433
f 12293 12363 1213
f 12434 12363 1147
f 12363 12433 1147
f 12217 12218 1351
f 12219 1283 12220
f 12360 12289 1217
f 12360 1216 12289
f 1216 12360 12431
f 12430 12360 1217
f 12360 1149 12431
f 1149 12360 12430
f 12002 1557 1486
f 12076 12002 1486
f 11930 1553 11931
f 11853 1626 11854
f 12079 1484 1415
f 1484 12150 1415
f 12150 1484 1416
f 12080 1483 1414
f 12152 12080 1414
f 1482 12080 12152
f 12081 1413 1481
f 12081 1482 1413
f 11855 1624 11856
f 12005 12079 1483
f 1553 12005 1483
f 12005 1484 12079
f 12005 11930 1554
f 11930 12005 1553
f 5250 16339 16324
f 16339 5249 16324
f 5249 16339 5231
f 16339 5232 5231
f 5232 16338 5233
f 16338 5251 5233
f 16339 16338 5232
f 16338 16339 5250
f 16255 5332 16234
f 16235 5332 16255
f 5332 16235 16213
f 5357 5332 16213
f 5332 16212 16234
f 5332 5357 16212
f 5331 16256 16236
f 5331 16235 16256
f 16214 5331 16236
f 5356 5331 16214
f 5331 5356 16213
f 16235 5331 16213
f 16250 5316 16269
f 5315 16250 16269
f 16250 5315 16230
f 16250 16230 5338
f 16250 5338 16229
f 5316 16250 16229
f 5314 5313 16252
f 16270 5314 16251
f 5314 16270 16271
f 5313 5314 16271
f 5314 16231 16251
f 5314 16252 16231
f 5199 16367 16380
f 16367 5199 5215
f 5185 5199 16380
f 16381 5199 5185
f 15931 15899 5650
f 15899 15931 5649
f 5613 15931 15963
f 15931 5614 15963
f 15931 15930 5614
f 15930 15931 5650
f 15899 15898 5650
f 15898 15864 5689
f 15897 15898 5689
f 15898 15897 5651
f 15930 15898 5651
f 15898 15930 5650
f 7001 14760 14761
f 7001 7002 14760
f 7000 7001 14761
f 7001 7000 14743
f 7002 7001 14742
f 7023 7001 14743
f 7001 7023 14742
f 7022 14727 14743
f 14727 7023 14743
f 14727 7022 7042
f 7404 7437 14380
f 7404 7372 7371
f 7372 7404 14380
f 14322 7470 14323
f 7920 13925 7902
f 13926 7920 7902
f 13925 7920 7937
f 7920 13926 7937
f 7713 14092 14115
f 7714 14092 7713
f 14092 14114 14115
f 14114 14092 7714
f 14140 7658 7686
f 14116 14140 7686
f 7658 14140 7659
f 14140 7687 7659
f 7687 14140 14115
f 14140 14116 14115
f 14139 7660 14162
f 14139 14162 7659
f 7687 14139 7659
f 7660 14139 7688
f 7688 14139 14115
f 14139 7687 14115
f 14138 7660 7688
f 14114 14138 7688
f 7632 14185 7631
f 7601 7632 14184
f 14185 7632 7601
f 7632 7633 14184
f 7632 14160 7633
f 7741 14071 7766
f 14070 7741 7766
f 14071 7741 7740
f 7741 7714 7740
f 7714 7741 7715
f 7741 14070 7715
f 14067 7744 7769
f 7718 14067 7745
f 7744 14089 7717
f 14089 14112 7717
f 14089 14067 7718
f 14067 14089 7744
f 14089 14111 14112
f 14089 7718 14111
f 14112 7690 14113
f 7690 14137 14113
f 7690 14112 7691
f 14137 7690 7662
f 7743 7744 7717
f 14090 7743 7717
f 7768 7743 14069
f 7743 7716 14069
f 7743 14090 7716
f 7633 7602 14184
f 14183 7602 7633
f 7602 7601 14184
f 7602 14209 7601
f 14158 7635 7663
f 7635 7634 7663
f 7634 7635 14182
f 7635 7636 14182
f 7636 7635 14158
f 14382 7370 7402
f 7370 14382 7403
f 14382 7402 7435
f 7436 14382 7435
f 14382 7436 7403
f 14435 14409 7340
f 14435 7339 14409
f 14435 7340 14460
f 7339 14435 14460
f 14436 14461 7338
f 14436 7339 14461
f 14410 14436 7338
f 7339 14436 14410
f 7344 14457 14432
f 14406 7344 14432
f 14457 7344 14456
f 7344 14431 14456
f 14405 7344 14406
f 14431 7344 14405
f 14354 14325 7468
f 14325 14354 7467
f 7468 14325 14324
f 7500 14325 14297
f 14325 14326 14297
f 14326 14325 7467
f 14351 7471 7472
f 7471 14322 7472
f 7470 7471 14351
f 7471 7470 14322
f 14349 7474 7441
f 7474 14348 7441
f 7474 14349 7473
f 7475 7474 14319
f 14348 7474 7475
f 7628 14164 7657
f 14164 7628 7627
f 7656 14164 7627
f 7566 7535 14240
f 7566 14239 7535
f 14213 7566 14214
f 14239 7566 7567
f 7566 14213 7567
f 14294 14266 7504
f 14266 14294 7503
f 14322 14294 7504
f 14294 14322 7503
f 14219 14194 7590
f 14194 14219 7589
f 14218 14219 7590
f 7530 7561 14243
f 7561 7562 14243
f 7562 7561 14218
f 7528 7527 14246
f 14181 7605 14182
f 7636 14181 14182
f 7605 14181 7606
f 7607 14204 14205
f 7607 7638 14179
f 7607 14205 7606
f 14259 7544 7545
f 14286 14259 7545
f 7512 14259 14286
f 7544 14259 14287
f 14259 7512 14287
f 7511 14316 14288
f 14316 7511 14287
f 7511 14288 14260
f 14287 7511 14260
f 7506 14292 14264
f 14292 7505 14265
f 7505 14293 14265
f 7542 14233 7543
f 14233 7542 7573
f 14233 7573 7574
f 14232 14233 7574
f 14233 14232 7543
f 7464 14357 7463
f 14328 7464 7463
f 14357 7464 7465
f 7651 14169 7679
f 7680 7651 7679
f 7651 7680 7652
f 14194 7621 7590
f 7621 14194 7620
f 7592 7591 14192
f 7591 7592 14218
f 7591 14218 7590
f 14270 7532 14297
f 7499 14270 14297
f 14298 7499 14326
f 14298 14270 7499
f 7565 7564 14215
f 7565 14241 7564
f 14241 7565 14240
f 7565 7566 14240
f 7566 7565 14214
f 7565 14215 7595
f 14214 7565 7595
f 14190 7625 7626
f 7625 14166 7626
f 14166 7625 7654
f 7625 14167 7654
f 7625 7624 14167
f 7624 7625 14191
f 7625 14190 14191
f 7763 14073 7737
f 7738 14072 7739
f 14072 7738 7764
f 7764 7738 7763
f 7738 14073 7763
f 14117 7685 7684
f 7685 14142 7684
f 14164 7685 7657
f 7685 7656 14142
f 7685 14164 7656
f 7711 14118 14095
f 7711 14117 14118
f 14117 7711 14094
f 7711 14095 7737
f 14073 7711 7737
f 7711 7738 14094
f 7738 7711 14073
f 7712 14117 14094
f 7712 14116 14117
f 7712 7738 7739
f 7738 7712 14094
f 13820 13829 8033
f 8034 13829 13820
f 13829 8034 13838
f 8008 13851 8009
f 13851 13850 8009
f 8021 13851 8020
f 13850 13851 8022
f 13851 8021 8022
f 13851 13852 8020
f 13852 13851 8008
f 8021 13839 8022
f 8022 13839 13838
f 13839 13830 8033
f 13839 13829 13838
f 13829 13839 8033
f 13830 13839 13840
f 13839 8021 13840
f 5096 8142 8133
f 8142 13795 8133
f 8152 8142 5089
f 5089 8142 8141
f 8142 5096 8141
f 8065 13795 13802
f 8057 8065 13802
f 13795 8065 13796
f 8065 13803 13796
f 8065 8057 8056
f 13803 8065 8056
f 11156 2357 2436
f 11156 2437 2357
f 11157 11156 2436
f 2437 11156 2517
f 3291 3290 10197
f 10263 3290 3291
f 3290 10263 10264
f 3290 10198 10197
f 3290 3289 10198
f 3289 3290 10264
f 10260 3294 10259
f 10260 10259 3227
f 3226 10260 3227
f 3294 10260 3293
f 10261 10260 3226
f 10260 10261 3293
f 3361 10061 10127
f 10128 10061 3361
f 10062 10061 10128
f 10062 10128 3360
f 10129 10062 3360
f 3488 9997 9932
f 9997 3488 9996
f 3550 3488 9932
f 9931 3488 3550
f 3488 9931 9996
f 3153 3221 10336
f 3153 10337 3221
f 3082 10411 10486
f 10411 3153 10410
f 10411 3083 10486
f 3083 10411 10410
f 2861 10792 10716
f 10792 2785 10716
f 2785 10792 2786
f 10792 2861 10715
f 2787 10792 10715
f 10792 2787 2712
f 2786 10792 2712
f 3005 10564 10565
f 3005 10565 10491
f 10490 3005 10491
f 3005 10490 10489
f 10564 3005 10489
f 3006 10564 10489
f 10564 3006 10563
f 10488 3006 10489
f 3006 10488 10563
f 2934 10564 10563
f 3077 10415 10489
f 10416 10415 3077
f 10416 3077 10490
f 10480 10405 3087
f 10479 10480 3087
f 10405 10480 3086
f 10480 10481 3086
f 10481 10480 10555
f 10862 10861 2643
f 2644 10861 2720
f 10861 2644 2643
f 10941 10942 2643
f 10942 10941 2566
f 11022 10942 2566
f 11105 11024 11023
f 11024 2564 11023
f 11024 11106 11025
f 11024 11025 2563
f 2564 11024 2563
f 10707 2794 10784
f 10861 2794 2720
f 2794 10861 10862
f 2794 2719 10784
f 2794 10862 2719
f 10783 10782 2795
f 10783 10706 10782
f 10783 2795 2720
f 2794 10783 2720
f 10783 2794 10707
f 10707 10630 10629
f 2868 10630 10707
f 10630 2868 10631
f 3296 10191 10190
f 3296 3297 10257
f 3296 10190 3297
f 10258 3296 10257
f 3296 10258 3295
f 10191 3296 3295
f 10189 3363 10124
f 3363 10125 10124
f 10190 3363 10189
f 10125 3363 10190
f 10061 10060 10127
f 10060 3427 10059
f 3427 10060 3426
f 10060 10061 3426
f 10254 3298 10188
f 3299 10254 10188
f 3298 10254 10255
f 10254 10253 3232
f 10254 3299 10253
f 10187 10188 3365
f 10187 3299 10188
f 10122 10187 3365
f 10187 3366 10186
f 3366 10187 10122
f 3300 10187 10186
f 3299 10187 3300
f 9616 3855 3799
f 9616 3799 9676
f 9616 9676 3740
f 9617 9616 3740
f 3423 9998 3424
f 9998 9997 3424
f 9997 9998 3487
f 3487 9998 3486
f 9998 9999 3486
f 9998 3423 9999
f 3423 10064 10065
f 10064 10131 10065
f 10064 3358 10131
f 10064 3423 3424
f 3554 9926 3493
f 3492 3554 3493
f 9927 3554 3492
f 3554 9927 9863
f 3616 3554 9863
f 9926 3554 3616
f 3618 3556 9861
f 9799 3618 9861
f 9798 3618 9799
f 9860 3618 9798
f 3556 9923 3495
f 9923 3618 9860
f 3618 9923 3556
f 9924 9925 9861
f 3556 9924 9861
f 9924 3494 9925
f 9924 3556 3495
f 9989 9924 3495
f 9924 9989 3494
f 3173 10314 3174
f 10314 10313 3174
f 10313 10314 3242
f 10314 3173 10315
f 10316 3240 10315
f 10316 3171 3239
f 3240 10316 3239
f 10243 10244 3308
f 3308 10244 3307
f 10244 10245 3307
f 10244 3240 10245
f 9797 9798 3680
f 9797 3619 9798
f 9796 9797 3681
f 9797 9858 3619
f 9858 9797 9796
f 9736 9797 3680
f 3681 9797 9736
f 2670 10912 2669
f 2746 2670 2669
f 2820 10831 2746
f 2821 10831 2820
f 10831 2670 2746
f 2747 2821 10752
f 2747 10752 2822
f 10830 2747 2822
f 2747 10831 2821
f 10831 2747 2670
f 10753 2820 10754
f 10753 2821 2820
f 10753 10677 2895
f 10677 10753 10754
f 10752 10753 2895
f 2821 10753 10752
f 10460 3104 10385
f 3174 3104 10386
f 10385 3104 3174
f 3104 10461 10386
f 10461 3104 3031
f 3104 10460 3031
f 2882 10768 10692
f 2882 10691 10768
f 2882 10692 10614
f 10691 2882 10614
f 10771 10694 10770
f 10694 10771 10695
f 2879 10694 10695
f 10694 10617 2880
f 10694 2879 10617
f 2806 10771 10770
f 10771 2805 10695
f 2733 10846 2656
f 10847 2733 2656
f 2733 2808 10846
f 2808 2733 10768
f 3100 10465 10390
f 10465 3100 10464
f 3100 10390 10389
f 10464 3100 10389
f 2953 10616 10617
f 2953 10617 2952
f 10542 2953 2952
f 10541 2953 10542
f 10616 2953 10541
f 10616 10693 2880
f 10693 10694 2880
f 10694 10693 10770
f 10692 10615 10614
f 10251 3301 3302
f 10184 3301 10185
f 3302 3301 10184
f 3301 10186 10185
f 3301 3300 10186
f 9920 3498 3559
f 3621 9920 3559
f 3560 9920 3621
f 9920 3560 3499
f 3498 9920 3499
f 3434 10051 10052
f 9985 3434 9986
f 3434 3433 9986
f 3433 3434 10052
f 9984 3435 9985
f 3435 3434 9985
f 3434 3435 10051
f 3435 10050 10051
f 3435 9984 3436
f 10050 3435 3436
f 10051 10117 3370
f 10050 10117 10051
f 10117 10050 10116
f 10117 10181 3370
f 10181 10117 3371
f 10117 10116 3371
f 12855 12854 747
f 12854 12855 806
f 12854 12853 747
f 12791 12854 806
f 798 12863 797
f 12863 12864 797
f 12864 12863 738
f 799 12800 12799
f 799 798 12800
f 799 12863 798
f 12863 799 12862
f 12862 800 12861
f 800 799 12799
f 799 800 12862
f 740 12861 741
f 740 12862 12861
f 740 12923 12924
f 740 741 12923
f 861 12798 12799
f 12798 800 12799
f 800 12798 12861
f 988 925 12602
f 925 12668 12602
f 925 988 12601
f 12668 925 12733
f 12668 924 12602
f 12734 12798 861
f 12734 924 12668
f 863 12796 12797
f 508 13163 13162
f 13163 508 507
f 13164 13163 507
f 564 13163 13164
f 13041 12981 625
f 12981 13041 624
f 13040 13041 625
f 13041 13100 567
f 13041 13040 568
f 13100 13041 568
f 13041 13042 624
f 13041 567 13042
f 12722 12721 872
f 12655 12721 935
f 935 12721 12656
f 12721 12722 12656
f 12786 12721 12785
f 12721 12786 872
f 12726 869 12790
f 12725 869 12660
f 869 12726 12660
f 12726 868 12661
f 868 12727 12661
f 868 12791 12727
f 868 12726 12790
f 12791 868 12790
f 12323 12394 1254
f 12393 12323 1255
f 12323 12252 1255
f 12323 1254 12252
f 1320 12253 12254
f 12183 1320 12184
f 1319 1320 12254
f 1320 1319 12184
f 1253 12325 12254
f 12253 1253 12254
f 12324 1253 12253
f 1253 12395 12325
f 12395 1253 12324
f 1123 12528 12460
f 1123 12527 1058
f 12528 1123 1058
f 1121 12463 12462
f 12530 1121 12529
f 1121 1120 12463
f 1121 12462 1122
f 12529 1121 1122
f 12531 12530 1056
f 12531 1121 12530
f 1121 12531 1120
f 12531 12597 1055
f 12598 12532 1055
f 1054 12532 12598
f 1120 12532 1119
f 12532 12533 1119
f 12532 1054 12533
f 12532 12531 1055
f 12531 12532 1120
f 12597 929 12663
f 929 12728 12663
f 12728 929 12662
f 1115 12469 12468
f 12469 1181 12468
f 1181 12469 12401
f 12469 1180 12401
f 12469 12470 1180
f 12470 12469 1115
f 12468 12400 1182
f 1181 12400 12468
f 12400 12399 1182
f 12400 12329 12399
f 12400 12330 12329
f 12400 1181 12330
f 1113 12538 1048
f 12538 1049 1048
f 12537 1115 1050
f 12538 12537 1049
f 12604 12537 1050
f 1049 12537 12604
f 1445 12122 1444
f 1377 12122 1446
f 12122 1445 1446
f 1308 1307 12196
f 12195 1308 12196
f 12265 1308 1309
f 1308 12195 1309
f 1307 1240 12267
f 1240 12338 12267
f 1240 12408 12338
f 1240 12337 12408
f 12337 12407 1173
f 12407 12475 1173
f 12193 12194 1377
f 12193 1310 12194
f 1310 12193 1311
f 1311 12193 1378
f 12193 1377 1378
f 2113 11494 11414
f 2189 2113 11414
f 2113 2189 11413
f 11494 2113 11493
f 2113 11413 11493
f 11416 2187 11335
f 11335 2187 2264
f 2187 11336 2264
f 11336 2187 11417
f 2187 11416 11417
f 11418 2186 11417
f 2186 11418 11337
f 2186 11336 11417
f 11336 2186 11337
f 2654 2730 10849
f 10850 2730 2654
f 2730 10850 2804
f 2730 2805 10849
f 2655 2731 10848
f 2805 2731 10849
f 2731 2654 10849
f 2731 2655 2654
f 2731 2805 10771
f 2731 2806 10848
f 2806 2731 10771
f 2732 10847 2656
f 2655 2732 2656
f 2732 2655 10848
f 2806 2732 10848
f 2732 2806 10770
f 11089 11008 11007
f 11008 2579 11007
f 11008 11089 11090
f 2579 11008 2578
f 11009 11008 11090
f 2578 11008 11009
f 11165 2428 2508
f 11339 11420 2183
f 11420 11339 2184
f 2184 11339 2261
f 11339 2260 2261
f 11340 11339 2183
f 11339 11340 2260
f 11422 2182 2106
f 11502 11422 2106
f 2105 11422 11502
f 11503 2105 11502
f 11424 2180 11343
f 2180 11424 11425
f 1810 1737 11738
f 1737 1810 11737
f 1810 1884 11737
f 11660 1810 11738
f 1884 1810 11660
f 11815 1665 1664
f 11815 1736 11738
f 1737 11815 11738
f 1665 11815 11814
f 11815 1737 11814
f 11817 11816 1664
f 11816 11817 1735
f 11816 11815 1664
f 11815 11816 1736
f 1736 11816 11739
f 11816 1735 11739
f 11817 11818 1734
f 11818 1662 11819
f 1662 11818 1663
f 11818 11817 1663
f 1733 11818 11819
f 11818 1733 1734
f 11742 1806 11741
f 1734 11742 11741
f 1733 11742 1734
f 11742 11743 1806
f 11742 1733 11743
f 1954 1955 11663
f 11584 1955 1954
f 1955 1881 11663
f 1955 11662 1881
f 11662 1955 11583
f 1955 11584 11583
f 11586 2028 11585
f 2028 11586 11506
f 11585 2028 11505
f 2028 2103 11505
f 2103 2028 11506
f 1521 1591 11968
f 11969 1591 1521
f 1591 11893 11968
f 11893 1591 11894
f 1591 11969 11894
f 12114 12115 1453
f 12115 1452 1453
f 12115 12114 1384
f 12115 1384 1383
f 1450 12045 12117
f 12045 1519 12117
f 1519 12045 11971
f 12046 12047 11972
f 12046 1449 12047
f 1449 12046 12118
f 12046 1450 12118
f 10937 2570 10938
f 2570 2569 10938
f 2571 2570 10937
f 11017 2570 2571
f 11182 2334 2413
f 2334 2333 2413
f 2333 2334 11265
f 2334 2335 11263
f 11183 2333 2412
f 2333 11183 2413
f 2255 2178 11346
f 2256 2255 11263
f 2254 2255 11346
f 2255 2254 11265
f 2178 11345 11426
f 2255 11345 2178
f 11345 2255 2256
f 11017 11098 11099
f 11015 2572 11014
f 11179 2496 11178
f 10763 2738 2812
f 2738 10763 2813
f 2886 10763 2812
f 10763 2886 10686
f 2813 10763 10762
f 10763 2887 10762
f 2887 10763 10686
f 10764 2811 10688
f 10764 2886 2812
f 2737 10764 2812
f 10764 2737 2811
f 2885 10610 10688
f 10610 2885 10611
f 2958 10610 10611
f 10610 2958 2959
f 2886 10609 10686
f 10609 2887 10686
f 10610 10609 2886
f 10609 2960 10608
f 2887 10609 10608
f 10609 10610 2959
f 10535 10609 2959
f 10609 10535 2960
f 10535 3032 10534
f 3032 10535 10460
f 3032 10459 10534
f 3032 10460 10459
f 2884 10690 10612
f 10611 2884 10612
f 10690 2884 10766
f 2736 10765 2811
f 2736 10843 2810
f 10765 2736 2810
f 10843 2736 2660
f 10842 2661 2660
f 10842 2737 2661
f 2736 10842 2660
f 2737 10842 2811
f 10842 2736 2811
f 2808 2734 10846
f 2734 2657 10846
f 2734 10845 2657
f 2734 2808 10767
f 10845 2734 10767
f 2585 10921 10920
f 10921 2662 10920
f 10921 2661 2662
f 10921 2585 2584
f 10921 10922 2661
f 10921 2584 10922
f 12383 12451 1196
f 12383 1197 12451
f 1197 12383 12312
f 12383 12313 12312
f 12313 12383 1196
f 1326 12247 12248
f 1326 12177 12176
f 1326 12246 12247
f 1326 12176 1327
f 12246 1326 1327
f 12105 1393 1392
f 1393 12177 1392
f 12177 1393 12176
f 12104 1393 12105
f 1393 12104 1394
f 12175 1393 1394
f 1393 12175 12176
f 12104 1461 12032
f 1461 12104 12105
f 12032 1461 12033
f 12033 1461 1460
f 1461 12105 1460
f 1188 12392 12460
f 1188 12461 12393
f 1188 12460 12461
f 12181 1322 12182
f 1388 12181 12182
f 811 12787 12786
f 12786 12787 872
f 751 12850 12849
f 12851 12850 750
f 12850 12912 750
f 12850 751 12912
f 808 12789 12851
f 12789 808 12790
f 869 12789 12790
f 12789 869 12725
f 1812 1885 1886
f 1885 11658 1886
f 11659 1885 1811
f 11658 1885 11659
f 1968 1969 11647
f 1969 1968 11568
f 1967 11649 1966
f 1892 1819 11728
f 11728 1819 1746
f 1747 11804 1746
f 1747 11803 11804
f 11802 1747 1748
f 1747 11802 11803
f 1747 1821 1748
f 1747 11726 1821
f 1895 1822 11725
f 1895 1821 11647
f 1895 11725 1821
f 11723 11724 1823
f 1822 11724 1748
f 11951 12024 12025
f 12024 11951 1537
f 12025 12024 1468
f 1468 12024 12096
f 12024 1469 12096
f 12024 1537 1469
f 1677 1678 11876
f 11877 1677 11876
f 1677 11801 11800
f 1678 1677 11800
f 1677 11802 11801
f 1530 12032 11958
f 12031 1530 11958
f 1530 12031 1462
f 12104 1530 1462
f 1530 12104 12032
f 11960 11885 1599
f 11885 11960 1598
f 1529 11960 1599
f 12034 11960 1529
f 11890 1595 1594
f 11891 11890 1594
f 11890 1665 1666
f 11890 11891 1665
f 11889 11890 1666
f 11890 11889 1595
f 11889 11963 1595
f 11736 1738 1811
f 1885 11736 1811
f 11736 1885 1812
f 11736 1812 1739
f 1738 11736 1739
f 1668 11812 11811
f 1669 1668 11811
f 11967 1593 11966
f 1592 11967 1522
f 11967 12041 1522
f 11967 1592 11892
f 1593 11967 11892
f 1891 11729 1817
f 11729 11730 1817
f 11730 11729 1744
f 11729 1745 1744
f 1825 11720 1752
f 11720 11797 1752
f 11797 11720 1753
f 11720 1826 1753
f 1826 11642 1900
f 11642 11641 1900
f 11641 11642 1974
f 11642 1973 1974
f 1826 11719 1753
f 11719 1754 1753
f 11719 1827 1754
f 1827 11719 1900
f 11719 1826 1900
f 11798 11799 1751
f 1679 11799 11798
f 1751 11799 1750
f 1750 11799 11800
f 11799 1678 11800
f 11799 1679 1678
f 11485 2120 11405
f 2120 11485 11486
f 11244 11325 2272
f 2273 11325 11244
f 11408 11488 11489
f 11488 2043 11489
f 2043 11488 2044
f 11488 11487 2044
f 11488 11407 11487
f 11656 11655 1887
f 11655 1814 1887
f 11654 11655 1962
f 11655 11656 1961
f 11655 11576 1962
f 11576 11655 1961
f 1814 11733 1740
f 11809 11732 1742
f 1889 11732 1815
f 1816 11732 1889
f 1669 11810 1670
f 11810 11809 1670
f 11810 11811 1740
f 11810 1669 11811
f 1742 11731 1743
f 1743 11731 11730
f 11732 11731 1742
f 11731 11732 1816
f 11730 11731 1817
f 11731 1816 1817
f 11570 11571 2041
f 11490 11570 2041
f 11570 1967 1966
f 11571 11570 1966
f 11409 2193 11408
f 2193 11409 11328
f 11412 2190 11331
f 2190 11412 2114
f 11412 11492 2114
f 2269 11330 2268
f 11330 11331 2268
f 2270 11329 2269
f 11329 2270 11328
f 11329 11330 2269
f 11330 11329 11411
f 11491 11490 2041
f 11491 2041 2040
f 11492 11491 2040
f 11322 11402 11403
f 11402 2122 11403
f 2122 11402 11483
f 11482 11402 2123
f 11483 11402 11482
f 4425 8959 8960
f 4425 4426 8959
f 8915 4425 4424
f 8914 4425 8915
f 4426 4425 8914
f 4383 4425 8960
f 4425 4383 4424
f 9011 4336 4337
f 9014 4290 9062
f 9109 4290 9108
f 4290 9109 9062
f 4333 9014 9015
f 4376 4333 8968
f 4333 4375 8968
f 4332 4333 9015
f 4333 4332 4375
f 8880 4459 8923
f 4459 8880 8879
f 4498 8880 8837
f 8880 8881 8837
f 8879 8880 8836
f 8880 4498 8836
f 4295 9103 9056
f 9055 4295 9008
f 4295 9056 9008
f 9102 4295 9055
f 9103 4295 9102
f 4294 9009 9056
f 4294 9057 9009
f 9057 4294 9105
f 9058 9105 4293
f 9058 9057 9105
f 9011 9058 4293
f 9305 9253 4106
f 4105 9253 9305
f 9253 9252 4106
f 9252 9253 4155
f 9202 9253 4154
f 9253 9202 4155
f 9253 9254 4154
f 9253 4105 9254
f 4105 4104 9254
f 9307 4104 9306
f 4104 4105 9306
f 9255 4104 4103
f 4104 9255 9254
f 4104 9308 4103
f 4104 9307 9308
f 9156 4244 9108
f 4244 9109 9108
f 4289 9109 9110
f 9109 4289 9062
f 9063 4289 9110
f 9062 4289 9015
f 9015 4289 9016
f 4289 9063 9016
f 4241 4195 9160
f 4098 9260 9259
f 4098 4099 9312
f 4099 4098 9259
f 4098 9312 9313
f 4097 4098 9313
f 9260 4098 4097
f 9420 9365 9419
f 9363 9365 4048
f 9419 9365 9363
f 9365 4047 4048
f 9365 9420 4047
f 4199 9205 9206
f 9205 4152 9206
f 9360 4050 4051
f 4050 9360 9361
f 9360 4051 4052
f 9359 9360 4052
f 9415 9416 9361
f 9415 9360 9414
f 9360 9415 9361
f 8796 8797 4534
f 4496 8797 8796
f 4533 8797 8798
f 8797 4533 4534
f 8883 8839 8882
f 8839 4496 8882
f 8839 8797 4496
f 8838 8796 4497
f 8838 4496 8796
f 8881 8838 4497
f 8838 8881 8882
f 4496 8838 8882
f 4605 8718 4604
f 8717 8718 4605
f 8718 8719 4604
f 8718 4570 8719
f 4570 8718 4571
f 8718 8717 4571
f 8845 4491 8888
f 8889 8845 8888
f 8845 8889 4490
f 8803 4490 8804
f 4528 8803 8804
f 8803 8845 4490
f 8803 4528 4529
f 4491 8803 4529
f 8845 8803 4491
f 4861 8402 8430
f 8402 8375 4887
f 8375 8402 4886
f 8402 8403 4886
f 8402 4861 8403
f 4888 8373 8400
f 8373 4889 8400
f 4889 8373 4911
f 8373 8349 4911
f 8373 4910 8349
f 8373 4888 8374
f 4910 8373 8374
f 4968 8286 4987
f 8285 4968 4987
f 4968 8308 8286
f 4968 4948 8308
f 4968 8285 8307
f 4948 4968 8307
f 4970 4950 8306
f 8284 4970 8306
f 4970 8305 4950
f 4989 4970 8284
f 4891 4913 8370
f 4913 4891 8371
f 8397 4891 8370
f 4891 8397 4866
f 8398 4891 4866
f 4891 8398 8371
f 8372 4912 4890
f 8372 4890 8399
f 4889 8372 8399
f 4912 8372 8348
f 8348 8372 4911
f 8372 4889 4911
f 8347 8348 8323
f 8347 4912 8348
f 4934 8347 8323
f 8347 4934 8346
f 4912 8347 8346
f 8239 8258 4993
f 8258 8239 4994
f 8321 8298 4936
f 4956 8298 8321
f 8299 4935 8322
f 8299 4956 4935
f 4910 8325 8349
f 4933 8325 4932
f 8325 4910 8350
f 8325 8350 8326
f 4932 8325 8326
f 4933 4954 8323
f 4954 4933 8301
f 8324 8348 4911
f 8349 8324 4911
f 8348 8324 8323
f 8324 4933 8323
f 8325 8324 8349
f 8324 8325 4933
f 4699 8578 8612
f 8578 8577 8612
f 8578 4699 8579
f 8545 8578 8579
f 4816 8481 4788
f 4843 4816 8452
f 8481 4816 8451
f 4816 4843 8451
f 8481 4789 4788
f 4789 8481 4817
f 4789 4817 4790
f 8512 4789 4790
f 4789 8512 4760
f 4867 8397 8396
f 8397 4867 8425
f 4867 8396 8424
f 8425 4867 8424
f 8369 8368 4893
f 8368 8369 4915
f 8343 8368 4915
f 8368 4894 4893
f 4894 8368 8367
f 8367 4916 8342
f 8342 4916 8319
f 4916 8343 8319
f 8368 4916 8367
f 4916 8368 8343
f 8344 4937 4915
f 8344 8320 4937
f 8344 8369 4914
f 8369 8344 4915
f 8344 4914 4936
f 8320 8344 4936
f 8456 4813 8486
f 4813 8455 8485
f 8455 4813 8456
f 8453 8483 8484
f 4815 8483 8453
f 4840 8426 8454
f 8455 4840 8454
f 8426 4840 8427
f 4840 8455 8427
f 4758 4728 8515
f 4728 4758 8547
f 8580 8581 8547
f 4697 8581 8580
f 8581 4728 8547
f 8581 4696 8582
f 8581 8582 8548
f 4728 8581 8548
f 4696 8615 8616
f 8615 8650 8616
f 8581 8615 4696
f 8615 8581 4697
f 8615 4665 8650
f 8615 4697 4665
f 4697 8614 4665
f 8614 4698 4666
f 4698 8614 8580
f 8614 4697 8580
f 4729 8580 8547
f 4729 8546 8580
f 4758 4729 8547
f 4729 4758 8514
f 4786 4757 8516
f 4757 4728 8548
f 4728 4757 8515
f 4727 4757 8548
f 8516 4757 4727
f 4822 4794 8475
f 4794 4822 4795
f 4736 4766 8538
f 4736 8538 8572
f 8539 8573 4735
f 8573 8574 4735
f 8573 4736 8572
f 4736 8573 8539
f 4845 8421 8420
f 8421 4870 4871
f 8420 8421 4871
f 4870 8421 8422
f 8421 4844 8422
f 4844 8421 8450
f 8421 4845 8450
f 8676 4608 8714
f 8676 4642 4608
f 4642 8676 8639
f 4573 8715 8714
f 8715 4572 8716
f 8715 8754 4572
f 8754 8715 4573
f 4605 4606 8716
f 4606 8715 8716
f 8715 4606 8677
f 4705 8606 8572
f 8606 4705 8605
f 4568 4567 8721
f 4568 8721 8720
f 8760 4568 8759
f 4567 4568 8760
f 4569 4568 8720
f 4568 4569 8759
f 4669 8645 4636
f 8645 4637 4636
f 8610 8645 4669
f 4638 4670 8643
f 4637 4670 4638
f 4670 8609 8643
f 4670 8610 8609
f 10019 3405 3404
f 10018 3405 10019
f 3405 10018 3406
f 10083 3405 3406
f 3531 3469 3468
f 3469 10018 3468
f 10018 3469 10017
f 3470 3469 3532
f 10017 3469 3470
f 3341 10082 10148
f 3341 10083 10082
f 10213 3341 10148
f 9775 9715 9774
f 9715 9775 3705
f 9959 9895 3527
f 3527 9895 9894
f 9895 9833 9894
f 9834 9896 3586
f 9833 9834 3648
f 3766 9713 9653
f 9713 3766 3708
f 9713 3765 9653
f 9713 3707 3765
f 9593 3879 3880
f 9593 3824 3823
f 9593 3880 9592
f 3824 9593 9592
f 9776 9775 3645
f 3644 9776 3645
f 9777 9776 3644
f 9716 9776 3704
f 9775 9716 3705
f 9776 9716 9775
f 3875 9541 3876
f 3932 9482 9481
f 3820 9596 3821
f 9540 3877 3876
f 9541 9540 3876
f 9540 9541 3930
f 9538 3932 9537
f 3879 9538 9537
f 9538 3879 3878
f 3879 9594 3878
f 3822 9594 3823
f 9594 9593 3823
f 9593 9594 3879
f 9595 3822 3821
f 9596 9595 3821
f 9594 9595 3878
f 9595 9594 3822
f 9595 3877 3878
f 9595 9596 3877
f 9776 9717 3704
f 9717 9776 9777
f 9841 9840 3579
f 9839 9840 3642
f 9840 9839 3580
f 3643 9839 3642
f 3643 9777 9838
f 9901 9839 3581
f 9839 9901 3580
f 3520 9901 3581
f 3580 9901 3520
f 3818 3762 3761
f 9841 3639 3640
f 3639 3578 9842
f 3578 3639 9841
f 9778 3643 3642
f 3643 9778 9777
f 9486 9487 3982
f 9487 9488 3980
f 9378 4035 9325
f 4036 9324 9377
f 4036 9378 9324
f 4091 9268 9267
f 4039 9321 9320
f 4039 4040 9374
f 4040 4039 9320
f 4088 4089 9323
f 9373 9428 9374
f 4040 9373 9374
f 9428 9373 9427
f 10094 3396 10093
f 3396 3397 10093
f 3397 3396 10027
f 3396 10094 3395
f 10028 3396 3395
f 3396 3460 10027
f 3396 10028 3460
f 10216 10215 3272
f 10216 10217 3338
f 3271 10216 3272
f 10217 10216 3271
f 10151 3338 10085
f 10151 10216 3338
f 10216 10151 10215
f 10282 10283 3272
f 10283 10282 3205
f 3528 9893 3589
f 9956 3528 3589
f 3528 9956 3466
f 3588 3528 9894
f 9893 3528 3588
f 3403 10086 3402
f 10020 3403 3402
f 10086 3403 10085
f 10085 3403 3404
f 10089 3400 10088
f 10023 3400 10024
f 10090 3400 10089
f 4168 9188 9187
f 4168 9237 9238
f 4168 9187 9237
f 4119 9239 9238
f 9239 4168 9238
f 4168 9239 9188
f 4061 9350 9296
f 4061 9404 9350
f 9404 4061 9349
f 4344 4386 8956
f 8956 4386 4428
f 4386 8957 4428
f 8957 4386 4343
f 4386 4344 4343
f 4344 4345 9002
f 4469 4429 8911
f 8954 4429 4469
f 4429 4428 8911
f 4429 8956 4428
f 9045 4347 8868
f 4347 4469 8868
f 4347 8954 4469
f 9762 9823 3657
f 9762 9761 9823
f 9643 3831 3775
f 9643 3774 3831
f 3942 9473 9471
f 3941 3942 9471
f 3942 3941 9528
f 3940 3942 9528
f 3994 9420 9419
f 3945 3944 9468
f 9525 3944 3945
f 3944 9525 9526
f 3831 9584 3775
f 9584 3832 3775
f 9584 3831 9585
f 3887 9584 9585
f 3888 9584 3887
f 3832 9584 9583
f 9584 3888 9583
f 4230 9171 9172
f 4230 9123 9171
f 4230 9124 9123
f 9124 4230 4229
f 9173 4230 9172
f 4229 4230 9173
f 4137 4138 9272
f 9221 4138 4137
f 9272 4138 9271
f 4138 9220 9271
f 9220 4138 4185
f 4138 9221 4185
f 9076 4277 9077
f 9029 9076 9077
f 9076 9029 9028
f 9075 9076 9028
f 9076 9075 4277
f 9380 4034 9379
f 9323 4037 9377
f 4037 9376 9377
f 4365 4322 8981
f 4406 4365 8981
f 4365 4406 8980
f 4323 4365 8980
f 4365 4323 4322
f 8886 8887 4492
f 8844 8887 8888
f 8887 8844 4492
f 8975 4369 4411
f 4451 8931 8932
f 4451 8889 8888
f 4450 4451 8932
f 4451 4450 8889
f 4409 4367 8978
f 8977 4367 4409
f 4367 8977 4325
f 4367 4324 8978
f 4367 4325 4324
f 4407 8934 4408
f 8891 8934 4448
f 8934 8891 4449
f 8933 8934 4449
f 4408 8934 8933
f 8934 8935 4448
f 8934 4407 8935
f 4239 4193 9162
f 4146 4193 9211
f 4193 9161 9211
f 4193 4239 9161
f 9369 9423 9424
f 9423 9369 9368
f 9369 4044 9368
f 9266 4092 9267
f 4092 4091 9267
f 4092 9319 9320
f 4091 4092 9320
f 4143 9215 4144
f 9266 4143 4144
f 4143 9266 9267
f 4093 4092 9266
f 9026 9073 4279
f 4280 9073 9026
f 9073 9120 4279
f 9073 4280 9120
f 9117 4237 4236
f 4237 9164 4236
f 4326 4325 4368
f 8976 4326 4368
f 4326 8976 4369
f 4324 4366 8978
f 4323 4366 4324
f 4366 4408 8978
f 9270 4088 9271
f 9270 9219 4140
f 9270 4089 4088
f 9270 4140 9269
f 4089 9270 9269
f 4190 4191 9215
f 4191 4190 9164
f 4188 4189 9217
f 4188 4235 4189
f 9066 4285 9067
f 4285 9066 9114
f 9019 9066 9067
f 4286 9066 9019
f 9066 9113 9114
f 9113 9066 4286
f 8884 4454 8885
f 4454 8884 4455
f 8927 4454 4455
f 8928 4454 8927
f 8929 8928 4413
f 8929 4454 8928
f 8972 4372 4414
f 4373 8972 4414
f 8972 4373 4330
f 4370 8974 4328
f 8974 4371 4328
f 4371 8974 4413
f 3659 9821 9822
f 9760 3659 3658
f 3659 9822 3658
f 3659 9760 9759
f 9821 3659 9759
f 9820 9821 3660
f 9820 3599 9882
f 3598 9820 9882
f 9821 9820 3598
f 9819 9820 3660
f 3599 9820 9819
f 3651 9769 9768
f 9769 3651 9831
f 3650 9769 9831
f 9769 3650 9770
f 9651 9711 3767
f 3824 9651 3767
f 9647 3713 9707
f 9647 9648 3771
f 9648 9647 9707
f 3713 9647 9706
f 9646 9647 3771
f 9647 9646 9706
f 3713 9766 9707
f 9766 9767 9707
f 9767 9766 3653
f 3653 9766 9827
f 9766 3654 9827
f 3654 9766 9765
f 9765 9766 9706
f 9766 3713 9706
f 9586 9587 3885
f 9588 9587 3828
f 3595 9824 9886
f 9824 3595 9825
f 3595 9887 9825
f 3595 9886 3534
f 9887 3595 3534
f 3776 9701 9642
f 3776 9641 9701
f 9641 3776 3833
f 3776 3832 3833
f 3832 3776 9642
f 3936 3935 9478
f 3936 9534 3935
f 3936 9478 9477
f 3936 9477 9533
f 9534 3936 9533
f 9422 3991 9477
f 3990 9422 9477
f 4045 9422 9368
f 9422 9423 9368
f 9422 3990 9423
f 3991 9422 9367
f 9422 4045 9367
f 9704 9764 3715
f 3716 9704 9644
f 9704 3773 9644
f 3773 9704 3715
f 3714 9765 9706
f 3714 9705 9765
f 9646 3714 9706
f 9705 3714 9646
f 9645 3773 3715
f 9705 9645 3715
f 9645 9705 3772
f 9645 9586 3830
f 3773 9645 3830
f 3484 3483 9937
f 10002 3484 10001
f 3483 3484 10002
f 3484 10000 10001
f 3484 3485 10000
f 3485 3484 3546
f 3484 9936 3546
f 3545 9937 9873
f 3545 3484 9937
f 3484 3545 9936
f 9936 3607 9872
f 9872 3607 9810
f 3607 3545 9873
f 3545 3607 9936
f 3607 9811 9810
f 3607 9873 9811
f 9298 4112 9297
f 4112 4113 9297
f 9299 9298 4059
f 4158 9198 9249
f 9250 4158 9249
f 4158 9250 9199
f 4205 9149 4251
f 9149 4205 9199
f 4205 4158 9199
f 4158 4205 9198
f 4058 9353 9354
f 9300 4058 9354
f 9299 4058 9300
f 4058 4059 9353
f 4058 9299 4059
f 9146 4208 4207
f 4160 4161 9246
f 9195 4161 4160
f 4208 4254 9145
f 4254 4208 9146
f 4344 9003 4343
f 9003 4344 9002
f 3951 3952 9517
f 9460 3952 3951
f 3952 9516 9517
f 3952 9460 9459
f 3953 3952 9459
f 9516 3952 3953
f 9458 4008 9403
f 4008 9404 9403
f 4008 9458 9459
f 9404 4008 9459
f 10008 10074 3414
f 3415 10074 10008
f 3349 10074 10140
f 10074 10073 10140
f 10074 3415 10073
f 3414 10074 10075
f 10074 10141 10075
f 10074 3349 10141
f 10139 10073 10072
f 10204 10139 10203
f 10070 10136 3353
f 10136 10070 10069
f 10136 10069 10135
f 3354 10136 10135
f 10136 10200 3353
f 10136 3354 10200
f 10069 3418 3419
f 10070 3418 10069
f 3419 3418 10003
f 3418 10004 10003
f 3418 3417 10004
f 3418 10070 3417
f 10202 3285 10203
f 3285 10269 10270
f 3286 3285 10202
f 3285 3286 10269
f 3284 3285 10270
f 3285 3284 10203
f 3796 9620 3852
f 9620 3795 3852
f 3795 9620 9680
f 9620 3737 9680
f 9620 3796 3737
f 9505 3907 9506
f 3962 9505 9506
f 3907 9505 9504
f 9505 3962 9504
f 3850 9564 9563
f 9564 3906 9563
f 9564 3850 3849
f 9565 9564 3849
f 3905 9564 9565
f 3906 9564 3905
f 9394 9449 4016
f 9394 4017 9449
f 9394 4016 9340
f 9393 9394 9340
f 4017 9394 9393
f 9449 9450 4016
f 3961 9450 9449
f 9450 3961 3960
f 9451 9450 3960
f 4015 9450 9451
f 9450 9395 4016
f 9450 4015 9395
f 9804 9805 3674
f 9805 9804 9866
f 9804 3613 9866
f 9803 9804 3675
f 9804 3674 3675
f 9804 9803 9865
f 3613 9804 9865
f 9092 4260 4259
f 9092 9045 4260
f 9139 4213 4259
f 4212 4165 9191
f 4165 4212 9190
f 9240 9239 4118
f 3789 9626 9686
f 9626 3732 9686
f 9626 3790 3732
f 9626 3789 3847
f 3790 9626 3847
f 2668 2669 10913
f 2668 10833 2669
f 10833 2668 10834
f 10914 2668 10913
f 2667 2668 10914
f 10834 2668 2667
f 2669 2745 10832
f 10833 2745 2669
f 2745 2820 10832
f 2820 2745 10755
f 10755 2745 2819
f 2745 10833 2819
f 10992 11074 10993
f 2592 10992 10993
f 10992 10912 2593
f 10992 2592 10912
f 10991 10990 11072
f 10991 2594 10990
f 2517 10991 11072
f 2594 10991 2593
f 10991 10992 2593
f 11080 2511 11163
f 2510 11080 11163
f 2511 11080 10998
f 11080 10999 10998
f 11080 2510 10999
f 11082 11165 2508
f 11165 11082 2509
f 11001 11082 2508
f 11082 11001 11000
f 2509 11082 11000
f 11246 2350 11245
f 2271 11246 11245
f 11246 2271 2270
f 11246 2270 11247
f 2349 11246 11247
f 2350 11246 2349
f 447 13282 446
f 447 13226 13225
f 447 446 13226
f 448 447 13225
f 13282 447 448
f 13342 330 13343
f 330 13342 13394
f 330 329 13343
f 329 330 13395
f 281 330 13394
f 330 281 13395
f 13340 13286 387
f 13338 13337 13389
f 335 13338 13389
f 13390 13338 335
f 13439 13484 237
f 13438 239 13483
f 239 13438 13437
f 13231 441 440
f 496 13231 495
f 13232 13231 440
f 13231 13232 495
f 444 445 13284
f 445 444 13227
f 385 13342 384
f 13288 385 384
f 13342 385 13341
f 501 500 13169
f 500 501 13227
f 444 500 13227
f 557 13050 13109
f 13169 557 13109
f 500 557 13169
f 13111 13052 13051
f 556 13111 13051
f 13275 399 13329
f 399 13328 13329
f 399 13275 13274
f 13328 399 13274
f 13381 345 297
f 345 13380 297
f 345 13381 13329
f 13380 345 13329
f 299 13378 13377
f 299 13377 13515
f 13378 299 347
f 299 13426 347
f 250 13472 13515
f 13427 13472 250
f 459 458 13214
f 458 459 13271
f 13270 459 13212
f 13270 13377 13325
f 459 13270 13271
f 13270 13212 516
f 402 13270 13325
f 13270 402 13271
f 13270 516 13033
f 13377 13270 13033
f 13272 13273 457
f 402 13272 13271
f 458 13272 457
f 13272 458 13271
f 456 13273 13274
f 13216 456 13217
f 456 13216 457
f 13273 456 457
f 455 456 13274
f 456 455 13217
f 13432 245 292
f 245 13432 13477
f 13477 13432 246
f 13432 293 246
f 341 13432 292
f 13432 341 293
f 294 342 13383
f 13383 342 13332
f 340 13386 13334
f 13386 339 13334
f 13386 13434 290
f 339 13386 290
f 393 394 13334
f 393 13280 394
f 13335 393 13334
f 392 393 13335
f 393 392 13281
f 13280 393 13281
f 192 13529 193
f 13528 13529 13488
f 13529 13528 193
f 13529 13530 13489
f 13530 13529 192
f 13530 192 191
f 13531 13530 191
f 13620 13645 109
f 109 13645 13670
f 136 13645 13620
f 13669 13645 110
f 13645 13619 110
f 13645 136 13619
f 13645 86 13670
f 13645 13669 86
f 198 199 13559
f 13523 199 198
f 199 13558 13559
f 199 200 13558
f 200 199 13522
f 199 13523 13522
f 13652 13676 102
f 13627 13652 102
f 13697 79 80
f 79 13676 80
f 79 78 13677
f 102 79 13677
f 13676 79 102
f 13625 13624 13650
f 131 13624 13625
f 13624 105 13650
f 13624 13649 105
f 13624 13623 13649
f 13714 13715 60
f 13715 13714 42
f 60 13715 59
f 59 13715 58
f 13715 42 58
f 13649 13674 105
f 13674 82 81
f 105 13674 13650
f 13675 13674 81
f 13674 13675 13650
f 83 13672 84
f 13693 83 84
f 163 162 13563
f 162 13564 13563
f 13564 13565 193
f 192 13565 13566
f 13565 192 193
f 13648 13622 107
f 13672 13648 107
f 13623 13648 106
f 13648 83 106
f 83 13648 13672
f 133 134 13622
f 133 13648 13623
f 13648 133 13622
f 1901 1828 11718
f 1827 1901 11718
f 1901 11640 11639
f 11640 1901 11641
f 1828 1901 1902
f 1901 11639 1902
f 1901 1827 1900
f 11641 1901 1900
f 1093 12488 1094
f 12556 1093 1094
f 12557 1028 1027
f 1028 12557 12556
f 1092 12557 1091
f 12557 1093 12556
f 1093 12557 1092
f 12424 12423 1155
f 12423 12492 1155
f 12281 12282 1290
f 1223 12282 12281
f 12282 1289 1290
f 1222 12424 12354
f 1026 962 12625
f 899 962 12690
f 962 899 12625
f 963 12624 1027
f 12624 1026 1027
f 12624 962 1026
f 962 12624 12690
f 12624 900 12690
f 900 12624 963
f 12141 1424 1356
f 1424 12140 1356
f 1424 12141 12069
f 12140 1424 1493
f 1421 1490 12143
f 1354 12142 1355
f 12142 1423 1355
f 12070 12142 1491
f 1423 12142 12070
f 1423 1492 12069
f 1492 1423 12070
f 1492 11995 12069
f 12216 1286 1285
f 12287 1286 12286
f 1286 12287 1285
f 1286 12216 12215
f 1286 1287 12286
f 1287 1286 12215
f 1029 1030 12621
f 1030 966 12621
f 1030 1029 12555
f 966 1030 967
f 12554 1030 1095
f 1030 12555 1095
f 1030 12620 967
f 1030 12554 1031
f 12620 1030 1031
f 12427 12357 12356
f 12630 1022 958
f 12563 12564 1086
f 12564 1085 1086
f 12564 12565 1085
f 12494 1087 12495
f 1087 12494 1088
f 1087 12563 1086
f 897 960 12627
f 960 1024 12627
f 1024 960 12628
f 960 897 12693
f 12628 960 12693
f 1023 12628 959
f 12628 1023 12561
f 12493 12561 1088
f 12493 1089 12561
f 12494 12493 1088
f 12493 12494 1154
f 12425 12493 1154
f 12493 12425 1155
f 12492 12493 1155
f 1089 12493 12492
f 12689 12755 900
f 901 12689 12623
f 12754 12689 901
f 12689 963 12623
f 12689 900 963
f 777 778 12881
f 12818 778 777
f 778 12880 12881
f 12687 965 12621
f 965 1029 12621
f 965 12622 1029
f 966 903 12621
f 903 12687 12621
f 903 966 12686
f 12817 12816 779
f 12880 12817 779
f 778 12817 12880
f 12817 778 12818
f 839 12818 12754
f 839 12817 12818
f 12817 839 12753
f 903 12752 12687
f 12816 12752 841
f 12752 12686 841
f 12752 903 12686
f 1034 12618 1033
f 970 12618 1034
f 12618 969 1033
f 969 12618 12684
f 12618 907 12684
f 12618 970 907
f 269 317 13406
f 13454 269 13406
f 269 268 13407
f 317 269 13407
f 269 13455 268
f 13455 269 221
f 269 13454 221
f 222 13454 13453
f 13500 222 13499
f 13454 222 13500
f 186 13495 13535
f 13498 13538 13539
f 13498 13539 13499
f 375 374 13297
f 376 375 13296
f 375 13297 13296
f 13400 323 13349
f 13066 540 13067
f 540 13185 13186
f 540 13066 13125
f 13185 540 13125
f 13187 538 13127
f 538 13187 13128
f 13127 538 13068
f 538 13069 13068
f 538 13128 13069
f 535 13131 13071
f 13130 535 13071
f 13131 535 13190
f 535 13130 13190
f 593 13070 13071
f 13070 13130 13071
f 13070 13069 537
f 12946 655 12947
f 655 12946 656
f 655 13006 597
f 13006 655 656
f 714 12946 12947
f 714 12885 12884
f 13005 599 598
f 599 13005 657
f 13006 13005 598
f 13005 656 657
f 13005 13006 656
f 13004 657 658
f 13004 599 657
f 600 13004 658
f 13064 13004 600
f 13004 13064 599
f 891 12765 12700
f 12765 891 829
f 12700 12765 828
f 12764 12828 829
f 768 12891 12892
f 12891 708 12892
f 708 12891 709
f 709 12891 12890
f 12891 768 12890
f 12768 12769 12703
f 12769 12768 826
f 826 12768 12767
f 12769 12833 825
f 12701 953 890
f 1082 12501 12500
f 12501 1148 12500
f 1148 12501 1147
f 12501 12502 1147
f 830 12698 12763
f 830 12828 12764
f 830 12763 12827
f 12828 830 12827
f 892 12764 12699
f 892 12632 12698
f 830 892 12698
f 892 830 12764
f 12698 956 893
f 12632 956 12698
f 956 12631 893
f 12631 956 1020
f 956 12632 1020
f 710 709 12890
f 12889 710 12890
f 709 12953 12954
f 12953 649 12954
f 710 12953 709
f 12953 710 12952
f 12951 12950 651
f 12952 12951 651
f 710 12951 12952
f 12572 1014 1013
f 12572 1078 1079
f 1080 12571 1079
f 12571 12572 1079
f 12572 12571 1014
f 887 12639 950
f 12639 949 1013
f 12505 12504 1079
f 1078 12505 1079
f 12504 12505 1144
f 1077 1078 12574
f 831 12826 12827
f 12826 831 12762
f 12763 831 12827
f 12697 831 12763
f 831 12697 12762
f 770 12888 12889
f 12888 770 12826
f 770 12889 12827
f 12826 770 12827
f 712 12948 12949
f 832 12762 12696
f 12761 832 12696
f 832 12826 12762
f 12826 832 12825
f 832 12761 12825
f 772 12824 12823
f 12824 833 12823
f 833 12824 12825
f 12887 12824 772
f 12825 12824 12887
f 12760 12761 12695
f 12760 833 12761
f 12760 12695 12694
f 12759 12760 12694
f 833 12760 12759
f 13192 13191 477
f 13131 13191 534
f 477 13191 478
f 478 13191 13190
f 13191 13131 13190
f 13132 13192 13133
f 13132 13073 534
f 13073 13132 13133
f 13191 13132 534
f 13132 13191 13192
f 13250 476 477
f 476 13192 477
f 13192 476 13193
f 476 13251 13193
f 13251 476 13250
f 652 13010 651
f 13010 13070 593
f 266 13456 220
f 13456 266 267
f 13456 13455 220
f 13456 267 13455
f 474 13196 13195
f 13196 474 473
f 418 13308 417
f 363 13308 13307
f 13308 418 13307
f 13253 418 417
f 13254 13253 417
f 13253 13254 474
f 418 13253 13252
f 266 13410 364
f 13410 266 265
f 13408 315 13357
f 315 314 13357
f 314 315 13409
f 315 266 13409
f 315 13408 267
f 266 315 267
f 490 13236 13237
f 490 13237 489
f 13179 490 489
f 13236 490 491
f 490 13178 491
f 546 13061 13060
f 13120 546 13060
f 546 545 13061
f 13121 13181 544
f 13062 13121 544
f 545 13121 13062
f 13180 13120 489
f 13180 489 488
f 13180 546 13120
f 546 13180 545
f 13181 13180 488
f 13121 13180 13181
f 13180 13121 545
f 13123 542 543
f 542 13064 543
f 542 13123 13183
f 13124 542 13183
f 10867 2637 2714
f 2637 10867 2638
f 2638 10867 2715
f 2715 10867 2789
f 10867 2714 2789
f 2707 2706 2781
f 2706 2780 2781
f 2706 10874 2780
f 10954 2630 10953
f 2630 2631 10953
f 2706 2630 10874
f 2630 2706 2707
f 2631 2630 10873
f 2630 2707 10873
f 10874 2629 2705
f 2629 10875 2705
f 2630 2629 10874
f 2629 2630 10954
f 10875 2629 2628
f 2629 10954 2628
f 11112 11195 2479
f 11112 2480 11195
f 11031 11112 2479
f 11030 11112 11031
f 2480 11112 11030
f 10656 10580 2917
f 2989 10580 10581
f 10581 10580 2916
f 10580 10656 2916
f 3265 10290 10291
f 10430 3134 3063
f 10430 3133 3134
f 10503 10430 3063
f 10504 10430 10503
f 2918 10578 10654
f 10578 2919 10654
f 2919 10578 10577
f 10358 10357 3132
f 3201 10357 10358
f 3133 10357 10356
f 10357 3133 3132
f 3201 10287 10286
f 3333 10222 10158
f 3333 10157 10222
f 10092 3333 10158
f 3333 10092 10091
f 10157 3333 10091
f 10161 10226 3329
f 10226 10161 3330
f 10095 10161 3329
f 10161 10095 3330
f 10225 10226 3330
f 10160 10225 3330
f 10224 10225 3331
f 10225 10160 3331
f 3263 10292 10293
f 10226 3263 10227
f 3262 3263 10293
f 3263 3262 10227
f 3523 9899 3584
f 9837 9899 3583
f 9899 9837 3584
f 3522 9900 3583
f 9899 3522 3583
f 3522 9899 3523
f 3521 3522 3459
f 3522 3521 9900
f 3524 3461 9962
f 3461 3524 9961
f 3524 3585 9961
f 3582 3521 3581
f 3521 3582 9900
f 9839 3582 3581
f 3643 3582 9839
f 9900 3582 9838
f 3582 3643 9838
f 9897 3586 3525
f 9961 9897 3525
f 3585 9897 9961
f 9836 9837 3645
f 9837 9836 3584
f 9775 9836 3645
f 9959 9958 3464
f 9958 9959 3527
f 9958 3465 3464
f 9959 3463 3526
f 3463 9960 3526
f 10024 3463 3464
f 3463 9959 3464
f 3400 3399 10024
f 3399 3400 10090
f 3399 10090 10091
f 3398 3399 10091
f 3328 10163 10097
f 10163 10164 10097
f 10163 3326 10164
f 10227 10162 3329
f 3328 10162 10227
f 10162 10096 3329
f 10162 3328 10097
f 10096 10162 10097
f 3260 10296 3259
f 3261 3260 10228
f 3260 3261 10295
f 3260 10295 3193
f 10296 3260 3193
f 3326 3325 10164
f 10098 3325 10165
f 3325 10098 10164
f 3325 10230 10165
f 3454 9967 3455
f 9967 3518 3455
f 3518 9967 3578
f 3390 10098 10099
f 3389 3390 10099
f 3390 3389 10033
f 3393 3456 10030
f 10031 3456 3393
f 10030 3456 3457
f 3456 10031 3455
f 3392 3393 10097
f 3392 10031 3393
f 10032 3454 3455
f 10031 10032 3455
f 3454 10032 10033
f 10032 3390 10033
f 2608 10977 2607
f 10898 2608 2607
f 10977 2608 10976
f 2608 2684 10897
f 2608 10898 2684
f 2608 2609 10976
f 2685 2608 10897
f 2608 2685 2609
f 3254 10232 3255
f 10300 3254 3255
f 10232 3254 3253
f 3254 10301 3253
f 3254 10300 3187
f 10301 3254 3187
f 3186 10301 3187
f 10372 3186 3187
f 3186 10372 3185
f 10302 3186 3185
f 3253 3186 10302
f 10301 3186 3253
f 10587 2910 10588
f 10663 2910 10587
f 2910 10664 10588
f 2910 10663 10664
f 2983 3055 10512
f 2983 10513 3055
f 10513 2983 10587
f 10587 2983 10586
f 2983 10512 10586
f 2982 10587 10588
f 2982 10513 10587
f 10514 2982 10588
f 10513 2982 10514
f 10513 10439 3055
f 10439 3125 3126
f 3055 10439 3126
f 10441 3052 3123
f 3124 10441 3123
f 10441 3124 3053
f 3052 10441 10515
f 10441 3053 10515
f 2250 2251 11350
f 2173 2250 11350
f 11512 2097 2022
f 11512 2096 2097
f 2173 11432 2172
f 2408 2488 11187
f 2324 11274 2323
f 11516 2017 2016
f 2091 11516 2016
f 11355 11436 2167
f 11436 11437 2167
f 2168 11436 11355
f 2491 2411 11185
f 11184 2411 2491
f 2411 2331 11185
f 2331 2411 2332
f 2411 11184 2332
f 11101 2491 11020
f 11019 11101 11020
f 11101 11184 2491
f 11100 11101 11019
f 11106 2487 11189
f 2487 11024 11105
f 11024 2487 11106
f 9940 3481 3480
f 3542 9940 3480
f 3481 9940 9939
f 9940 3542 9939
f 13096 13036 13095
f 13038 13039 627
f 13038 13098 13039
f 13038 570 13098
f 13156 513 13157
f 13156 514 13214
f 513 13156 13214
f 13215 13216 512
f 513 13215 512
f 13216 13215 457
f 13215 458 457
f 13215 513 13214
f 458 13215 13214
f 12657 933 996
f 12658 933 12657
f 933 12593 996
f 978 1042 12610
f 1042 1043 12610
f 1042 12544 1043
f 1042 978 12611
f 1041 1042 12611
f 12123 1443 1444
f 12123 1375 1443
f 281 234 13443
f 234 13488 13443
f 234 13487 13488
f 13393 283 331
f 283 13393 332
f 332 13393 13341
f 13342 13393 331
f 13393 13342 13341
f 235 13442 282
f 13442 235 13487
f 234 13442 13487
f 13442 234 281
f 13442 13394 282
f 13442 281 13394
f 194 13564 193
f 13528 194 193
f 13563 194 195
f 13564 194 13563
f 194 13527 195
f 194 13528 13527
f 13444 279 13396
f 280 13444 13396
f 325 13398 277
f 13398 13446 277
f 13347 13398 325
f 326 13398 13347
f 13398 278 13446
f 13398 326 278
f 232 13445 279
f 13444 232 279
f 232 13444 13489
f 232 13490 13445
f 13490 13531 13491
f 13490 13530 13531
f 13530 13490 13489
f 13490 232 13489
f 13115 13175 551
f 13175 13116 551
f 13174 13175 13115
f 13116 13175 13176
f 13175 494 13176
f 13175 13174 495
f 494 13175 495
f 13054 13114 13055
f 13114 13054 553
f 13174 13114 13173
f 13114 553 13173
f 13113 13053 554
f 13053 13113 553
f 553 13113 13173
f 13119 490 13179
f 490 13119 13178
f 727 12935 726
f 666 12935 667
f 726 12935 666
f 12935 668 667
f 12935 727 668
f 12875 784 12874
f 12874 784 785
f 784 12812 785
f 12812 784 783
f 784 12875 783
f 12273 1300 1233
f 1300 12272 1233
f 1300 12273 1299
f 12272 1300 1301
f 1300 12202 1301
f 1300 1299 12203
f 12202 1300 12203
f 12410 1170 12340
f 1170 12411 12340
f 12411 1170 1169
f 11227 2370 2369
f 2063 11463 2064
f 2064 11463 11462
f 11463 2140 11462
f 11463 2063 11464
f 11463 11464 11383
f 2140 11463 11383
f 1987 11626 11627
f 11626 1912 11627
f 11543 1989 11544
f 1989 11624 11544
f 11624 1989 11623
f 1989 1990 11623
f 1989 11543 1990
f 11936 1548 11937
f 12012 1547 11937
f 1548 12012 11937
f 1409 12085 12157
f 12009 12083 1479
f 1480 12083 12009
f 12082 1480 12009
f 1412 12082 1481
f 1480 12082 1412
f 1411 1480 1412
f 12155 1411 1412
f 1411 12083 1480
f 12083 1411 1479
f 12299 12298 1208
f 12297 12298 1276
f 12298 12297 1209
f 12298 1275 1276
f 1275 12298 12299
f 12297 1210 12368
f 1210 12367 12438
f 12368 1210 12438
f 1210 12296 12367
f 12296 1210 12297
f 1205 12372 12373
f 1772 1845 11697
f 1919 11698 1918
f 11698 1919 1845
f 11698 1845 1771
f 1846 11697 1920
f 11696 1846 1920
f 1772 1846 11775
f 1846 1772 11697
f 11619 1919 1918
f 11620 11619 1918
f 1992 11619 11620
f 11619 1992 1993
f 11697 11618 1920
f 1919 11618 11697
f 11618 11617 1920
f 11618 11619 1993
f 11619 11618 1919
f 1995 11617 11537
f 1921 11696 1920
f 11617 1921 1920
f 11855 1697 11854
f 1697 11855 1696
f 1697 11853 11854
f 11778 1697 1696
f 1697 11778 1770
f 1844 1770 11699
f 1844 11698 1771
f 1844 11699 1918
f 11698 1844 1918
f 11778 1843 1770
f 1770 1843 11699
f 1843 11700 11699
f 1843 11778 1769
f 11700 1843 1769
f 11702 11701 1768
f 2069 11458 2145
f 11458 2069 11538
f 2068 11539 11459
f 11458 2068 11459
f 2068 11458 11538
f 11539 2068 1993
f 2068 11538 1993
f 2834 10742 2833
f 2834 2906 10667
f 10741 2834 10667
f 10742 2834 10741
f 2834 10668 2906
f 2834 2833 10668
f 14894 6866 6838
f 14894 6838 6837
f 14894 6865 14870
f 6866 14894 14870
f 6866 14893 6838
f 14893 14917 6838
f 14893 14869 6867
f 14869 14893 6866
f 10525 3041 2969
f 10525 10451 3041
f 3111 10452 6923
f 10452 3039 6923
f 3039 10452 10526
f 14891 6840 6868
f 14891 6841 6840
f 14868 14891 6868
f 6869 14891 14868
f 14891 10600 6841
f 14891 6869 10600
f 6832 14898 14922
f 14898 6833 14922
f 14898 6832 6860
f 14898 6861 6833
f 14874 14898 6860
f 6861 14898 14874
f 11303 2294 2295
f 2216 11303 11302
f 2216 2217 11383
f 2375 2455 11220
f 2375 11221 2455
f 11221 2375 2295
f 2296 2375 11220
f 2295 2375 2296
f 11139 2454 11222
f 11221 2454 11138
f 11138 2454 11057
f 2454 11139 11057
f 2453 11139 11222
f 2293 2373 11222
f 2294 2293 11222
f 11224 2452 11141
f 11386 2136 11387
f 2136 11468 11387
f 11468 2136 2060
f 1910 1911 11707
f 11706 1911 11627
f 1911 11706 1837
f 11707 1911 1837
f 11631 1983 11630
f 1908 11631 11630
f 1983 11631 1982
f 1982 11631 11632
f 11631 1908 11632
f 1981 11553 11552
f 11633 1981 11632
f 1981 11552 11632
f 11634 1981 11633
f 2368 11227 2369
f 2289 2368 2369
f 2368 11228 2448
f 11227 2368 2448
f 2209 2210 11391
f 2210 11390 11391
f 11228 2367 2447
f 2367 11229 2447
f 11229 2367 2287
f 2368 2367 11228
f 15197 15165 6505
f 15165 15197 6504
f 15165 6543 6505
f 6543 15165 6542
f 15165 6504 6542
f 6648 6613 15107
f 6613 6648 15106
f 15107 6613 6612
f 6612 6613 6577
f 6613 6578 6577
f 6613 15106 6578
f 6648 15077 15106
f 15077 6649 15106
f 6649 15077 15049
f 15077 15050 15049
f 15077 6648 15050
f 2449 11227 2448
f 11144 2449 2448
f 2449 11144 2450
f 3314 10237 10238
f 3247 10237 3248
f 10238 10237 3247
f 10237 3315 10236
f 3315 10237 10172
f 10237 3314 10172
f 10237 3249 3248
f 3249 10237 10236
f 8036 8037 13836
f 8037 8025 13836
f 8191 8037 8177
f 8037 8036 8177
f 8037 8206 8025
f 8206 8037 8191
f 7994 8008 8009
f 7994 13863 8008
f 13863 7994 7979
f 7994 13862 7979
f 13862 13861 7981
f 7942 13907 7958
f 13892 7942 7958
f 13906 7942 13892
f 13921 7942 13906
f 13907 7942 13922
f 7960 7943 7959
f 7943 7960 13905
f 7960 13891 13905
f 13880 13879 7959
f 13879 7960 7959
f 7960 13879 13891
f 13891 13879 13878
f 7990 8004 8005
f 8004 7990 7989
f 7990 13866 7989
f 7869 13967 7870
f 13984 7869 7870
f 7869 7889 13967
f 7869 13968 7889
f 7888 7868 13969
f 13968 7868 7888
f 7869 7868 13968
f 7868 7867 13969
f 7941 13907 13922
f 7924 7941 13922
f 7957 7941 13908
f 13907 7941 7957
f 7941 7924 7923
f 7940 7941 7923
f 7941 7940 13908
f 7904 13956 13940
f 13956 7903 13940
f 7903 13956 7883
f 7883 13956 13973
f 13957 7882 13941
f 13957 7883 7882
f 7903 13957 13941
f 13957 7903 7883
f 13972 7863 13973
f 14008 7842 14007
f 7841 7842 14008
f 13990 7841 14008
f 7840 13990 14008
f 13990 7863 7841
f 14009 7840 14008
f 14030 7792 7791
f 14049 14030 7791
f 7815 14030 7814
f 14030 14031 7814
f 14030 14049 14031
f 7861 13975 7881
f 13976 13993 7859
f 13993 7836 7859
f 8493 8463 4807
f 8463 8493 4806
f 4779 8493 4807
f 4778 8493 4779
f 8493 4778 4806
f 4921 8315 4942
f 8337 4921 4942
f 8315 4921 8338
f 8338 4921 4899
f 8361 8337 4900
f 8386 8361 8385
f 8361 8386 4899
f 8361 4900 8385
f 4921 8361 4899
f 8361 4921 8337
f 8379 4905 8354
f 4905 8379 4883
f 4906 8379 8354
f 4883 8379 8406
f 8379 4884 8406
f 4884 8379 8378
f 8379 4906 8378
f 4966 4946 8310
f 8309 4946 4966
f 8267 4984 8249
f 8267 8248 4985
f 8267 8249 8248
f 8249 8268 8250
f 4984 8268 8249
f 4900 4922 8360
f 8337 4922 4900
f 4922 8337 8314
f 4943 4922 8314
f 8332 4926 8356
f 8332 8309 4926
f 8332 4946 8309
f 8383 4902 4880
f 4902 8382 4880
f 8359 4902 8383
f 8357 8333 8356
f 4901 8384 8360
f 8384 4901 4879
f 4901 8383 4879
f 4901 8359 8383
f 8311 4965 8310
f 4986 8266 8247
f 8248 8266 4985
f 8247 8266 8248
f 5040 8207 5054
f 8207 5039 5054
f 5039 8207 5040
f 8225 5006 8226
f 5005 5006 8245
f 5006 5005 8226
f 5039 5038 8208
f 8208 5038 5053
f 5038 8209 5053
f 8210 5052 5037
f 5052 8209 5037
f 8194 5052 8210
f 8209 5052 8193
f 5052 8194 8193
f 5022 8227 5037
f 8227 5022 8226
f 8209 5022 5037
f 5038 5022 8209
f 5022 8225 8226
f 5022 5038 8225
f 8180 8196 8181
f 5050 8195 8211
f 8196 8195 5050
f 8180 8195 8196
f 8194 8195 8179
f 8195 8180 8179
f 5042 8220 5027
f 8220 5028 5027
f 5028 8220 5043
f 8220 5042 8204
f 5043 8220 8204
f 4402 4361 8985
f 4361 4402 4403
f 8984 4361 4403
f 4361 8984 4319
f 8892 4447 8893
f 8892 8891 4448
f 8892 8848 8891
f 8935 8892 4448
f 4447 8892 8935
f 4488 8806 8847
f 8806 4488 8848
f 8891 4488 8847
f 8848 4488 8891
f 8808 8809 4524
f 8808 8850 8809
f 4564 4563 8725
f 8584 4725 8550
f 8550 4725 4755
f 4725 8584 8585
f 8551 4725 8585
f 8620 4692 8586
f 8586 4692 8587
f 4692 8621 8587
f 8621 4691 8587
f 4691 8588 8587
f 8588 4691 8622
f 4691 4659 8622
f 4691 8621 4659
f 8489 4782 4781
f 4783 4782 8488
f 8459 4809 8460
f 8459 8489 4809
f 4837 8459 8430
f 8458 8459 4837
f 4812 4784 8487
f 4784 4783 8487
f 4784 4812 8486
f 4754 4725 8551
f 4753 4754 4724
f 4754 8551 4724
f 8693 8692 4593
f 8692 8693 4627
f 8692 4594 4593
f 4594 8692 8691
f 8691 8692 4628
f 8692 4627 4628
f 4586 8738 8739
f 4586 4585 8700
f 4585 4586 8739
f 8738 8737 4553
f 4553 8737 8736
f 8737 4588 8736
f 8695 8658 4625
f 8658 8695 4624
f 8695 4625 4591
f 4624 8695 4590
f 8733 8695 4591
f 4590 8695 8733
f 4648 4615 8669
f 4615 4648 8668
f 4648 8669 8634
f 4680 4648 8634
f 8668 4648 8633
f 4648 4680 8633
f 4616 8705 8668
f 8705 4615 8668
f 4582 8705 8704
f 8705 4616 8704
f 4615 8705 4581
f 4581 8705 8743
f 8705 4582 8743
f 4546 4547 8783
f 4547 4546 8744
f 8783 4547 8782
f 4547 8743 8782
f 4547 8744 8743
f 13929 13945 7916
f 13929 7916 7934
f 13929 13913 4917
f 13913 13929 7934
f 7897 13929 4917
f 13929 7897 13945
f 13945 7897 7876
f 7928 7910 13919
f 7945 7928 13919
f 13918 7928 7945
f 7946 13918 7945
f 13904 7946 7945
f 7911 7929 13933
f 13918 7929 7911
f 7929 7912 13933
f 7912 7929 13917
f 7946 7929 13918
f 13901 7948 7964
f 13901 7965 7949
f 13902 13888 7964
f 7948 13902 7964
f 13888 13902 7963
f 13900 13915 7949
f 13915 7932 7949
f 13915 13900 7950
f 13915 7950 7933
f 7915 13915 7933
f 13915 7915 7932
f 7894 13947 7895
f 13947 7915 7895
f 7914 13947 7894
f 7980 13862 7981
f 13874 7980 7981
f 7980 13874 13875
f 13862 7980 7979
f 7980 13875 7979
f 13887 13874 7965
f 13874 13887 13875
f 13875 13887 7964
f 13887 13901 7964
f 13901 13887 7965
f 13874 13873 13886
f 8364 4896 4918
f 8340 8364 4918
f 8364 8389 4896
f 8364 4897 8389
f 8364 8340 4919
f 4897 8364 4919
f 4849 8417 4874
f 8416 4849 4874
f 4849 7855 8417
f 7855 4849 8445
f 8445 4849 8444
f 4849 8416 8444
f 8558 8592 4718
f 8558 4719 8592
f 4719 8558 4748
f 8526 8558 4718
f 8558 8526 4748
f 4685 4686 8628
f 8593 4686 4685
f 8626 4686 8592
f 4686 8593 8592
f 4620 4653 8699
f 4653 4620 8663
f 4620 4586 8700
f 4586 4620 8699
f 4619 4620 8700
f 8664 8665 8630
f 8665 8664 4619
f 8664 4620 4619
f 8820 8861 4475
f 8861 4476 8904
f 4514 8778 4515
f 4514 8779 8778
f 8779 4514 8820
f 8779 4551 8778
f 8739 4551 8740
f 4551 8739 4552
f 8778 4551 4552
f 4513 8820 8821
f 4513 8779 8820
f 8780 4513 8821
f 8779 4513 8780
f 4550 8779 8780
f 8741 4550 8780
f 4550 8741 8740
f 4551 4550 8740
f 4550 4551 8779
f 4512 8781 8780
f 8781 4511 8782
f 8781 4512 4511
f 4549 8741 8780
f 4549 8742 8741
f 8781 4549 8780
f 8666 4650 8631
f 4650 4682 8631
f 4682 4650 8632
f 4650 8667 8632
f 8667 4650 4617
f 4650 8666 4617
f 4651 8666 8631
f 4683 4651 8631
f 8666 4651 4618
f 4651 8665 4618
f 4651 4683 8630
f 8665 4651 8630
f 4829 8438 8467
f 8468 4829 8467
f 4801 8469 8498
f 8469 4801 8499
f 8469 4827 8440
f 8470 8469 8499
f 4827 8469 8470
f 8439 8411 4854
f 8411 8439 8440
f 8438 8439 4854
f 4829 8439 8438
f 8439 4829 8468
f 11920 1635 11919
f 1635 11920 1634
f 1634 11920 11921
f 11994 11919 1564
f 1493 11994 1564
f 1705 11844 11845
f 11844 1706 11843
f 1706 11767 11766
f 1706 1705 11767
f 1705 1706 11844
f 1706 1707 11843
f 1707 1706 11766
f 1561 11922 11921
f 12000 1558 11925
f 12000 1488 12074
f 1558 12000 12074
f 11846 1632 11847
f 11848 1703 11847
f 1221 12425 12355
f 12425 1221 12354
f 12213 1288 12214
f 12213 1354 1355
f 1354 12213 12214
f 1288 12213 1289
f 12212 12213 1355
f 12213 12212 1289
f 1487 12075 12001
f 1487 1558 12074
f 1558 1487 12001
f 1419 1487 12074
f 12075 1487 12147
f 1487 1419 12147
f 12146 12145 1351
f 12145 12146 1420
f 1420 12146 1488
f 12146 1419 1488
f 12003 12076 1485
f 12003 11928 1556
f 12003 1555 11928
f 12002 12003 1556
f 12003 12002 12076
f 1555 11929 11928
f 11930 11929 1554
f 11929 11930 1626
f 12144 12145 1420
f 12145 12144 1352
f 12144 1353 1352
f 12144 1421 12143
f 1353 12144 12143
f 11831 1647 11832
f 1647 1646 11832
f 1647 11908 11909
f 1646 1647 11909
f 11518 2088 11438
f 11519 2088 11518
f 2088 11519 11439
f 11438 2088 2164
f 2088 11439 2164
f 2855 10797 10721
f 10797 2855 10720
f 10720 2855 10645
f 2854 2855 10721
f 3211 3210 10277
f 3210 3277 10277
f 3210 10278 3277
f 3210 3209 10278
f 3143 3144 10420
f 2927 10570 10569
f 2854 2853 10647
f 2853 2854 10722
f 2853 2852 10647
f 2852 2853 10722
f 10646 2927 10645
f 2855 10646 10645
f 10646 2855 2854
f 2927 10646 2926
f 2926 10646 10647
f 10646 2854 10647
f 2852 2925 10647
f 2925 2852 10648
f 10572 2925 2924
f 2925 10648 2924
f 3135 3136 10428
f 10353 3136 3135
f 3136 10353 10352
f 10501 2993 10576
f 2921 2993 10575
f 2993 2921 10576
f 3137 3136 10352
f 10426 3137 3138
f 10351 3137 10352
f 3137 10351 3138
f 10426 10500 3065
f 2994 10500 3066
f 10500 10426 3066
f 10500 10501 3065
f 10500 2993 10501
f 10500 2994 10575
f 2993 10500 10575
f 2699 2622 10881
f 2622 2699 2623
f 2773 2699 10881
f 2699 2773 10803
f 10805 2846 10728
f 2846 10805 10729
f 2846 10729 10654
f 10653 2846 10654
f 2846 10653 10728
f 10805 2772 10882
f 2772 10805 10804
f 2772 2698 10882
f 2698 2772 10804
f 10726 10651 2849
f 10726 2848 10651
f 10726 2849 10802
f 10803 10726 10802
f 2848 10726 10803
f 10498 10572 2996
f 3067 10498 2996
f 3068 10498 3067
f 10499 2995 10574
f 10574 2995 2923
f 2995 10573 2923
f 10573 2995 2996
f 2995 3067 2996
f 2995 10499 3067
f 3209 10350 3208
f 3138 10350 3139
f 10351 10350 3138
f 10505 3061 10431
f 10580 10505 2990
f 10505 10580 2989
f 10505 10504 2990
f 10504 10505 10431
f 3061 10506 10432
f 10432 10506 3060
f 10505 10506 3061
f 10506 10505 2989
f 10506 2988 3060
f 10506 10581 2988
f 10506 2989 10581
f 2233 2234 11365
f 11283 2234 2233
f 2234 11364 2156
f 11365 2234 2156
f 11364 2234 2235
f 2234 11282 2235
f 2234 11283 11282
f 11118 11119 11037
f 11119 2471 11038
f 11037 11119 11038
f 10877 2703 2626
f 2702 10877 2626
f 10877 2777 2703
f 10877 2702 2777
f 2704 10798 2779
f 2704 2779 10875
f 2704 10876 2778
f 10798 2704 2778
f 10876 2704 2628
f 2704 10875 2628
f 2775 10879 2700
f 10879 2775 2701
f 2700 10879 2624
f 10879 2701 2624
f 10725 10801 10802
f 10801 2775 10802
f 10801 10725 2850
f 10724 10801 2850
f 10801 10724 2776
f 2775 10801 2776
f 1431 12062 1500
f 1431 1432 12134
f 1431 1500 1432
f 1430 1431 12134
f 1431 1430 1499
f 12062 1431 1499
f 2696 2620 2619
f 10884 2696 2619
f 10806 2696 2770
f 2696 10884 2770
f 15005 6735 6766
f 6735 14980 6766
f 6735 6703 15006
f 6735 15006 6765
f 14980 6735 6765
f 6705 15031 15032
f 6783 14939 6784
f 14939 6783 7395
f 6870 14939 7395
f 6813 14939 14914
f 14939 6870 14914
f 14939 14938 6784
f 14939 6813 14938
f 14867 6870 6897
f 14866 14867 6897
f 14988 14962 6756
f 14988 6786 14962
f 6786 14988 6755
f 14988 6725 6755
f 14988 6756 6725
f 6534 15173 6533
f 15174 15173 6495
f 15173 15174 6533
f 6495 15173 6496
f 15173 6534 6496
f 6534 15141 15140
f 15141 6534 6533
f 6674 15029 6675
f 6674 15057 6673
f 15029 6674 6673
f 6706 6672 15031
f 6705 6706 15031
f 14880 6881 14858
f 6907 6881 14859
f 6881 6907 14858
f 6881 14880 6853
f 6881 14881 14859
f 14881 6881 6853
f 6738 6768 14977
f 6768 6738 6737
f 6772 14975 14949
f 14974 6772 14949
f 6772 6742 15000
f 6772 14974 6742
f 14976 6800 14950
f 6800 14976 14951
f 6769 6770 6739
f 6769 14976 6770
f 6769 14977 14951
f 14976 6769 14951
f 6770 6740 15002
f 6740 15001 6709
f 6740 6708 15002
f 6708 6740 6709
f 6910 6911 14856
f 6910 14834 6911
f 6910 6909 14835
f 6909 6910 14856
f 6936 6910 14835
f 14834 6910 6936
f 6987 14774 14755
f 14774 14775 14755
f 14774 6986 14775
f 14774 6987 14794
f 6986 14774 14794
f 14795 6985 14794
f 6985 6986 14794
f 6986 6985 14775
f 14795 6962 6961
f 14815 6962 14814
f 6962 14815 6961
f 6962 14795 14794
f 6962 6963 14814
f 6962 14794 6963
f 14776 6984 14796
f 6984 14795 14796
f 6984 6985 14795
f 14775 6984 14776
f 6985 6984 14775
f 7015 7016 14749
f 14731 7015 7014
f 7015 14749 14750
f 7014 7015 14750
f 7095 7096 14681
f 7096 7095 14667
f 7096 3625 14681
f 7096 14667 3625
f 4313 9037 9038
f 4312 4313 9038
f 9036 9083 4270
f 4399 8989 4357
f 4316 8987 4359
f 8816 4479 8858
f 8817 8816 8858
f 8816 8817 4517
f 8816 4517 4518
f 8815 8816 4518
f 4553 8777 4552
f 8776 8777 4553
f 8778 8777 4515
f 8777 8778 4552
f 8777 4516 4515
f 8777 8776 4516
f 8857 8815 4480
f 8900 8857 4480
f 8816 8857 4479
f 8857 8816 8815
f 8857 8900 8901
f 4479 8857 8901
f 4519 8773 8772
f 4518 8773 4519
f 8774 8773 4518
f 4554 8774 8775
f 4554 4553 8736
f 4553 4554 8775
f 9084 4269 9038
f 4269 9084 9131
f 9078 9031 9030
f 9078 4275 9031
f 4227 9175 4181
f 9175 4227 9127
f 4228 9175 9127
f 9126 4274 9079
f 4228 9126 9174
f 9126 4228 9127
f 4274 9126 9127
f 4275 9126 9079
f 9127 4273 9080
f 9128 4273 9127
f 9035 4272 9082
f 4272 9035 9034
f 9032 4318 9031
f 4361 4318 8985
f 4318 4360 8985
f 4318 9032 4360
f 4318 4319 9031
f 4318 4361 4319
f 4360 4317 8986
f 9032 4317 4360
f 8986 4317 4359
f 4317 4316 4359
f 9033 4274 9080
f 9033 9032 4274
f 9033 4317 9032
f 4317 9033 4316
f 4273 9033 9080
f 4316 9033 9034
f 9033 4273 9034
f 4222 4223 9180
f 4223 9131 9179
f 4076 9282 9281
f 9282 9283 4127
f 8995 4393 4351
f 8994 4393 4394
f 4351 4393 8994
f 4393 8949 4394
f 8949 4393 8950
f 8992 4354 4396
f 4354 8992 4312
f 4396 8947 8946
f 8947 4437 8946
f 8947 4436 8904
f 4437 8947 8904
f 8906 8905 4435
f 8861 8905 4475
f 8905 8862 4475
f 8905 8906 8862
f 4436 8905 8904
f 8905 8861 8904
f 8906 4474 8862
f 4474 8863 8821
f 8862 4474 8821
f 8863 4474 8907
f 4474 8906 8907
f 8910 8909 4431
f 8864 4511 8822
f 9283 4075 4074
f 9282 4075 9283
f 9335 4075 4076
f 4075 9282 4076
f 4124 4125 9284
f 9234 4124 9285
f 4073 4124 9284
f 9285 4124 4073
f 4171 4124 9234
f 4126 4173 9232
f 4125 4173 4126
f 4173 4172 9183
f 4265 9135 9088
f 9135 4265 9087
f 9041 4265 9088
f 9087 4265 9041
f 4129 4130 9280
f 9131 4224 9179
f 4079 9279 4080
f 9279 4131 4080
f 9279 4130 4131
f 9279 4079 9280
f 4130 9279 9280
f 4026 9387 4025
f 9333 4026 4025
f 9387 4026 9440
f 4077 9333 9334
f 4076 4077 9334
f 4077 4076 9281
f 4078 4077 9281
f 9333 4077 4078
f 3451 9970 3514
f 9970 3451 3513
f 3514 9970 3574
f 9970 3513 3574
f 3452 3453 10033
f 3453 3454 10033
f 3453 9968 3454
f 9968 3515 9905
f 3515 3576 9905
f 3453 3515 9968
f 3576 3515 3575
f 3518 9903 3579
f 9903 3518 3578
f 9903 9841 3579
f 9903 3578 9841
f 3456 3519 3457
f 9972 3448 3510
f 9972 3510 9909
f 3511 9972 9909
f 9972 3449 3448
f 9972 3511 3449
f 4134 4135 9276
f 4135 9275 9276
f 9274 9275 4136
f 9274 4084 9275
f 4086 9274 9273
f 9274 4137 9273
f 4137 9274 4136
f 3973 3972 9440
f 3973 9494 3972
f 3810 3754 9664
f 3753 3810 9664
f 9435 9434 3978
f 9434 9435 9381
f 9327 4033 9328
f 4034 4033 9327
f 4033 4034 9380
f 9434 4033 9380
f 4033 9434 9381
f 9669 3805 3748
f 3805 9668 3748
f 9610 3805 3804
f 3805 9669 3804
f 3805 9609 3806
f 9609 3805 9610
f 3750 3749 3806
f 3749 3805 3806
f 3805 3749 9668
f 9727 3749 3750
f 3749 9727 3691
f 9668 3749 3691
f 9728 3691 9787
f 3690 9728 9787
f 9728 9668 3691
f 9668 9728 3748
f 9728 3690 3748
f 7486 7485 14310
f 14309 7486 14310
f 7485 7486 14338
f 7486 7487 14338
f 7486 14309 7487
f 14284 7516 14312
f 14312 7516 14311
f 7516 14283 14311
f 7516 14256 14283
f 14256 7516 14284
f 7515 14257 7547
f 14284 7515 7547
f 14257 7515 7514
f 7515 14313 7514
f 14313 7515 14312
f 7515 14284 14312
f 14201 7611 7612
f 7611 14202 7610
f 7611 14201 14202
f 14177 7641 7642
f 14177 7611 7610
f 7641 14177 7640
f 7609 14177 7610
f 7670 7641 14153
f 7641 7670 7642
f 14200 7583 7582
f 14226 7583 14225
f 7582 7583 14226
f 7583 7584 14225
f 7673 14128 7701
f 14127 7673 7701
f 14151 7643 7672
f 14151 7673 7644
f 14128 14151 7672
f 7673 14151 14128
f 7613 14200 7612
f 14104 7726 7727
f 14082 7726 14105
f 7726 14104 14105
f 7726 14082 7752
f 14020 7827 14038
f 7803 14020 14038
f 7778 7802 7779
f 7802 14021 7826
f 14020 7802 7826
f 13999 13981 7852
f 13980 13999 7852
f 7851 13999 14000
f 13999 7851 13981
f 13999 13980 7853
f 13998 13999 7853
f 7827 14019 14038
f 7830 13999 13998
f 14021 7825 14002
f 14022 7825 14021
f 13985 7868 7869
f 7777 14061 7752
f 14061 7777 7778
f 7819 14008 14007
f 14026 7819 14007
f 7819 14027 14008
f 7820 14026 14007
f 14006 7820 14007
f 7671 14129 7672
f 14129 7699 14105
f 7699 7698 14105
f 7698 14106 14105
f 7697 7669 14131
f 7641 7669 14153
f 7669 7641 7640
f 7639 7668 7640
f 7639 14179 14155
f 7668 7639 14155
f 14108 14132 7695
f 14132 7668 14155
f 7638 7667 14155
f 7667 7638 14156
f 14133 7667 14156
f 7667 14133 7695
f 7667 14132 14155
f 14132 7667 7695
f 14204 7608 14203
f 7608 7609 14203
f 7608 7607 14179
f 7607 7608 14204
f 7639 7608 14179
f 14203 7579 7578
f 7579 14229 7578
f 14229 7579 14228
f 7579 7580 14228
f 7580 7579 14202
f 7579 14203 14202
f 14368 7451 7452
f 7451 14340 7452
f 14340 7451 7450
f 7451 14369 7450
f 4678 14123 14099
f 4647 8670 8635
f 8670 4678 8635
f 8670 4647 4614
f 14077 7733 14099
f 7619 4613 8707
f 14170 4613 7619
f 8707 4613 4614
f 4613 8670 4614
f 7588 7618 14195
f 7618 7619 14195
f 7618 14170 7619
f 7677 14147 7705
f 7675 7646 14149
f 14126 7675 14149
f 7614 7615 14198
f 14173 7615 7614
f 7615 7616 14198
f 7615 14173 7646
f 7613 14174 7614
f 14174 7613 7644
f 7646 7645 14149
f 14173 7645 7646
f 14149 7645 7674
f 7645 14173 7614
f 14174 7645 7614
f 4508 7557 14221
f 7557 4508 14248
f 7557 14222 14221
f 7557 7556 14222
f 7556 7557 14249
f 7557 14276 14249
f 7557 14248 14276
f 7585 7586 14223
f 7586 14197 7587
f 14197 7586 14198
f 7586 7585 14198
f 14222 7586 7587
f 14223 7586 14222
f 4508 8784 4509
f 8784 4546 8783
f 4509 8784 8783
f 4546 8784 4545
f 8784 4508 4545
f 4470 8867 8825
f 4470 8910 8867
f 13948 7913 13932
f 7913 13948 7912
f 7894 13948 13932
f 7850 13982 14000
f 7850 7872 13982
f 7850 13983 7872
f 7871 7849 13984
f 13983 7849 7871
f 7850 7849 13983
f 13966 7872 7871
f 7891 13966 7871
f 14495 14472 7296
f 14495 7295 14472
f 7270 14495 7296
f 14473 14496 7294
f 7295 14496 14473
f 14496 7268 7294
f 7417 14370 7450
f 14369 7417 7450
f 14370 7417 7384
f 7417 14369 7384
f 7385 14397 7384
f 14369 7385 7384
f 14397 7385 14396
f 14396 7385 7386
f 14420 14394 7358
f 14394 14420 7357
f 14445 14420 7358
f 7357 14420 14445
f 14416 14390 14389
f 7363 14416 14389
f 7362 14416 7363
f 14251 7522 14279
f 14251 7554 14250
f 7522 14251 14250
f 7551 7552 14253
f 7552 14280 14253
f 7552 14252 14280
f 7552 14226 14225
f 7552 7551 14226
f 7522 14307 14279
f 14307 7488 14308
f 14279 14307 14308
f 14307 14336 7488
f 14307 7489 14336
f 7303 7276 7302
f 14443 7331 14467
f 14467 7331 7302
f 7331 7303 7302
f 7303 7331 14466
f 9042 4307 4308
f 9089 9042 4264
f 9042 9089 4263
f 9041 9042 4308
f 9042 9041 4264
f 4350 8995 4308
f 4307 4350 4308
f 9043 9042 4263
f 9042 9043 4307
f 4305 9043 9044
f 9044 9043 9091
f 9043 4262 9091
f 8998 4389 4348
f 14363 7425 7392
f 7425 7393 7392
f 7425 14363 7458
f 7427 8998 7394
f 7427 4389 8998
f 14306 7523 14305
f 7490 14306 14305
f 7523 14306 14278
f 14306 7522 14278
f 7489 14306 14335
f 14306 7490 14335
f 14307 14306 7489
f 14306 14307 7522
f 7196 14599 7195
f 7172 14599 7173
f 14600 14599 7172
f 14599 7194 7195
f 7194 14599 14600
f 7174 14616 14617
f 7173 7174 14617
f 7174 7175 14616
f 14599 7174 7173
f 14596 7177 7176
f 7177 14596 14595
f 14596 7199 14595
f 14597 14596 7176
f 14596 14597 7198
f 14577 14596 7198
f 7199 14596 14577
f 7157 14614 7158
f 7177 14614 7176
f 14614 14615 7176
f 14614 7157 14615
f 14428 7349 7348
f 14453 7349 14452
f 7349 14453 7348
f 14452 7349 14427
f 7349 14401 14427
f 7349 14428 14401
f 7303 7332 7304
f 7332 7303 14466
f 9499 3913 3912
f 3913 9499 9498
f 9499 9500 3966
f 9500 9499 3912
f 9445 9499 3966
f 3967 9499 9445
f 9499 3967 9444
f 9499 9444 3968
f 9498 9499 3968
f 4020 4019 9339
f 4019 4020 9392
f 4019 9392 14550
f 7230 4019 14550
f 9339 4019 14530
f 4019 7230 14530
f 3911 9500 3912
f 9556 3911 3912
f 3911 9556 9557
f 9500 3911 9501
f 3911 7185 9501
f 7185 3911 9557
f 7185 14589 9501
f 14589 7207 9501
f 14589 7185 7184
f 7207 14589 7206
f 9671 3802 3746
f 3802 9671 3745
f 3745 9671 9731
f 9671 3687 9731
f 3688 9671 3746
f 3687 9671 3688
f 3859 9612 3858
f 9612 3802 3858
f 3803 9612 3859
f 3802 9612 3803
f 3744 3800 3801
f 9614 3800 7147
f 3800 3743 7147
f 3743 3800 9673
f 3800 3744 9673
f 7228 14551 14571
f 14551 7228 7229
f 7228 14531 7229
f 7228 14532 14531
f 14532 7228 14552
f 7228 14572 14552
f 7251 14511 7252
f 14511 7251 7276
f 14612 14611 7160
f 7182 7181 14591
f 7183 7182 14591
f 7182 7183 14609
f 14654 14639 7128
f 7127 14639 14654
f 14639 7145 7128
f 14639 7127 7145
f 7144 14640 7126
f 14640 7144 7127
f 14640 14655 7126
f 14655 14640 7110
f 14640 7127 7110
f 7127 14625 7145
f 7144 14625 7127
f 7145 14625 7163
f 14625 7162 7163
f 14625 7144 14626
f 7162 14625 14626
f 7144 7143 14626
f 7143 7144 7126
f 7143 7142 14627
f 7143 7125 7142
f 14643 7141 7123
f 7140 7141 14643
f 7142 7141 14628
f 7141 14629 14628
f 7141 7140 14629
f 14642 7141 7142
f 7141 14642 7123
f 14629 7159 14628
f 7159 14629 7158
f 7159 7160 14628
f 7159 14612 7160
f 14534 7250 14533
f 7250 14534 7249
f 14534 14535 7249
f 14534 7225 14535
f 7201 14575 14574
f 14575 7201 14594
f 14555 7225 14574
f 14575 14555 14574
f 7225 14555 7224
f 7224 14555 14556
f 14555 14575 14556
f 16414 5 2
f 16414 16405 5
f 5149 5150 16424
f 5150 16414 2
f 16414 5150 16415
f 5386 16163 16162
f 16163 5386 16187
f 16186 5386 16162
f 5386 16186 5361
f 5360 5385 16187
f 5385 16163 16187
f 16188 5385 16211
f 5385 5360 16211
f 5385 16188 16164
f 16163 5385 16164
f 5360 16210 5335
f 16210 5336 5335
f 5336 16210 5361
f 16210 5360 16187
f 16210 5386 5361
f 5386 16210 16187
f 16395 5169 16406
f 5169 16395 5181
f 13755 5169 5181
f 16405 5169 13755
f 11 13752 13756
f 11 13756 8
f 13752 11 13753
f 17 16 13744
f 13743 17 13744
f 17 13753 16
f 17 13752 13753
f 18 17 13743
f 13752 17 18
f 10 9 13754
f 13759 9 10
f 9 13755 13754
f 9 16405 13755
f 9 13759 16405
f 13470 208 253
f 208 13470 13513
f 208 13553 13514
f 13553 208 13513
f 5394 16202 5368
f 16202 5343 5368
f 5343 16202 16224
f 252 16179 300
f 300 16179 13376
f 16179 16202 5394
f 16202 16179 252
f 16179 5394 16155
f 13376 16179 16155
f 403 404 13324
f 13324 404 13323
f 13268 404 13269
f 404 403 13269
f 404 405 13323
f 16130 403 13324
f 349 16130 13324
f 5421 16130 349
f 403 16130 5449
f 5449 16130 16131
f 16130 5421 16131
f 634 635 13030
f 635 634 12970
f 16022 16023 5544
f 16050 16022 5511
f 16023 16022 16050
f 15994 15993 5544
f 5579 15993 15994
f 15993 16022 5544
f 16022 15993 574
f 574 15993 13032
f 15993 5579 633
f 13032 15993 633
f 13092 574 13032
f 13092 16022 574
f 634 13031 13032
f 13031 634 13030
f 753 12908 12909
f 12846 753 12909
f 12781 12845 12846
f 12845 753 12846
f 753 12845 12908
f 814 12846 12782
f 814 12781 12846
f 1002 12651 12652
f 12651 938 12652
f 939 12651 1003
f 12651 1002 1003
f 12651 939 876
f 12717 12651 876
f 938 12651 12717
f 12906 12907 755
f 12907 12906 695
f 13135 13194 13195
f 13194 13135 532
f 475 13251 13252
f 475 13194 13251
f 13194 475 13195
f 475 474 13195
f 13253 475 13252
f 475 13253 474
f 13074 13134 13075
f 13074 533 13134
f 13074 13075 590
f 533 13074 13133
f 591 13074 590
f 13073 13074 591
f 13074 13073 13133
f 472 13197 473
f 13196 13197 13137
f 13197 13196 473
f 414 13256 415
f 13256 414 13257
f 414 413 13257
f 414 13312 413
f 13019 13020 644
f 585 13020 13019
f 528 13199 13140
f 12956 646 12957
f 646 13017 13018
f 708 12893 12892
f 12766 12830 827
f 12830 12766 828
f 12830 12893 766
f 12894 12893 707
f 12893 12894 766
f 647 648 13016
f 647 646 12956
f 647 12956 707
f 13017 647 13016
f 646 647 13017
f 13077 530 13078
f 13078 530 13137
f 530 13196 13137
f 588 13077 13017
f 588 13017 13016
f 13017 587 13018
f 587 13078 13018
f 13077 587 13017
f 587 13077 13078
f 311 13413 13363
f 13413 311 13459
f 13421 256 303
f 257 13421 304
f 256 13421 257
f 13148 13149 519
f 13210 461 460
f 461 13267 13268
f 13267 404 13268
f 404 13267 405
f 352 13373 351
f 13374 13373 302
f 13373 13374 351
f 13373 13422 302
f 13422 13373 303
f 13321 352 351
f 13322 13321 351
f 13320 13321 406
f 352 13321 13320
f 13321 405 406
f 405 13321 13322
f 13265 407 406
f 13466 13465 212
f 13467 13466 212
f 257 13466 13467
f 13418 13368 13417
f 13368 13418 306
f 259 13418 13417
f 13418 259 306
f 13419 13369 306
f 13369 13368 306
f 13368 13369 356
f 13369 355 356
f 13367 308 13416
f 13366 308 13367
f 308 13366 13415
f 13262 410 409
f 13262 465 466
f 13316 13315 356
f 355 13316 356
f 410 13261 411
f 13261 13260 411
f 13260 13261 467
f 13262 13261 410
f 13261 466 467
f 13261 13262 466
f 215 13462 13505
f 13505 216 13544
f 216 13504 13544
f 13462 216 13505
f 13504 216 13461
f 13504 217 13503
f 217 13504 13461
f 217 13461 262
f 13460 217 262
f 217 218 13503
f 217 13460 218
f 263 13414 310
f 13460 13414 263
f 13414 13460 262
f 13414 262 309
f 13365 13414 309
f 13364 13414 13365
f 13414 13364 310
f 13543 179 13544
f 179 13577 13544
f 13577 179 13576
f 179 180 13576
f 179 13543 180
f 6009 15586 6008
f 15586 15587 6008
f 15586 5961 15587
f 15586 5962 5961
f 15667 15706 5868
f 15667 15707 5913
f 15707 15667 5868
f 15706 15667 5914
f 15667 5913 15627
f 5914 15667 15627
f 5778 5737 15823
f 5737 5778 15785
f 5736 5778 15823
f 15786 5778 5736
f 5778 5822 15785
f 5822 5778 15786
f 5779 15784 5780
f 15784 5779 5823
f 5824 15784 5823
f 15784 5824 15783
f 5867 15747 15708
f 5867 15708 15668
f 15707 5867 15668
f 5867 15707 15746
f 15747 5867 15746
f 15670 15710 5909
f 5864 15710 15670
f 15710 5864 5863
f 15711 5863 15750
f 5862 15711 15750
f 15711 5862 15672
f 5908 15711 15672
f 6270 15360 6311
f 15359 6270 6312
f 6270 15359 6228
f 15360 6270 6228
f 15324 6270 6311
f 6270 15324 6312
f 15193 15194 6509
f 15193 6471 15194
f 6510 15193 6509
f 6471 15193 6472
f 15193 6510 6472
f 15225 6471 6472
f 15225 6433 6432
f 6433 15225 6472
f 6431 15225 6432
f 6471 15225 6431
f 15822 5779 5738
f 15822 5737 5779
f 5696 15822 5697
f 5697 15822 5738
f 5737 15822 5696
f 5735 15824 5694
f 5735 15860 5734
f 15860 5735 5694
f 5776 5735 5734
f 15824 5735 5776
f 5777 15824 15787
f 5777 15787 5821
f 15786 5777 5821
f 5777 15786 5736
f 15824 5777 5736
f 5485 16045 16072
f 16100 5485 16072
f 5485 16073 16045
f 5485 16100 16073
f 16067 5492 16094
f 16039 16040 5525
f 16040 16039 16067
f 16039 5492 16067
f 16039 16010 5526
f 16039 5525 16010
f 16038 16039 5526
f 15987 5586 5587
f 5586 15987 5585
f 5324 16262 16242
f 5324 16241 16262
f 5323 5324 16242
f 5324 5349 16219
f 16241 5324 16219
f 5349 5324 16220
f 5324 5323 16220
f 5403 16172 5402
f 16197 16172 5375
f 16172 16196 5375
f 16172 5403 16196
f 16172 16173 5402
f 16173 16172 5374
f 16172 16197 5374
f 16147 5431 16146
f 5403 16147 16146
f 16147 5403 5402
f 16147 5430 5431
f 16148 5402 5401
f 5430 16148 5429
f 16148 16147 5402
f 16147 16148 5430
f 16149 16148 5401
f 5429 16148 16149
f 16243 5322 16242
f 5322 5323 16242
f 16222 5322 16243
f 16221 5322 16222
f 5322 16221 5348
f 5323 5322 5348
f 15973 5603 5567
f 15973 5602 5603
f 5566 15973 5567
f 5602 15973 5566
f 16277 16278 5305
f 16279 16278 5281
f 16278 5282 5281
f 16278 16277 5282
f 5306 16277 5305
f 16258 5306 5305
f 16277 5306 16276
f 16276 5306 5307
f 5306 16258 5307
f 5710 15847 5709
f 15881 15847 5710
f 15847 15881 5668
f 15882 15847 5668
f 15848 15847 15882
f 5709 15847 5708
f 15847 15848 5708
f 5836 15736 5879
f 15736 5836 5835
f 5879 15736 5878
f 15736 5835 5878
f 5835 15737 5878
f 5834 15737 5835
f 15737 5834 15738
f 5877 15737 15738
f 5398 5397 16151
f 5397 5398 16176
f 5398 16175 16176
f 16150 5398 16151
f 5398 16150 5399
f 16175 5398 5399
f 5371 5345 16200
f 5371 5346 5345
f 5346 5371 16199
f 16199 5371 16175
f 16176 5371 16200
f 16175 5371 16176
f 15812 5750 5709
f 5750 15811 5709
f 5749 15812 5708
f 15813 5749 5708
f 5747 15849 5706
f 15850 5747 5706
f 5746 5747 15850
f 5792 5836 15773
f 5792 15774 5836
f 5751 5792 15773
f 15811 5792 5751
f 5750 5792 15811
f 15815 15851 5745
f 5746 15815 5788
f 5705 5746 15850
f 15851 5705 15885
f 15815 5705 15851
f 5705 15815 5746
f 5705 5665 15885
f 5705 15850 5665
f 6103 6102 15465
f 15505 6103 15465
f 6103 6056 6102
f 6103 15505 6057
f 6056 6103 6057
f 5963 15584 5964
f 5963 5964 15624
f 15625 5963 15624
f 5962 5963 15625
f 15584 5963 6010
f 15626 5962 5915
f 5962 15626 5961
f 15666 15626 5915
f 5961 15626 5914
f 15626 15666 5914
f 15776 5834 15775
f 15776 5833 5834
f 15777 15776 5789
f 5833 15776 15777
f 5969 5968 15580
f 5969 15620 5968
f 15698 15658 5878
f 15698 5923 15658
f 15737 15698 5878
f 15698 15737 5877
f 15660 15699 5876
f 15699 15738 5876
f 15699 5877 15738
f 15820 15856 5739
f 15856 15820 5699
f 5739 15856 5698
f 15856 5658 15891
f 5698 15856 15891
f 5658 15856 15890
f 15856 5699 15890
f 15195 15163 6507
f 15163 15195 6506
f 6507 15163 6545
f 15163 6544 6545
f 15163 6506 6544
f 6467 6468 15228
f 15195 6468 6467
f 6468 6428 15228
f 6468 11556 6428
f 6468 2053 11556
f 2053 6468 15195
f 1904 11714 1830
f 11714 1757 1830
f 1757 11714 1831
f 11714 1905 1831
f 11714 1904 1905
f 11554 2055 11553
f 11393 2207 2208
f 2131 11393 2208
f 2130 11393 2131
f 11475 15195 6507
f 11475 2053 15195
f 2053 11475 11555
f 6340 15336 6298
f 15336 6340 6299
f 15336 6256 6298
f 15336 6299 6256
f 5934 15609 15649
f 5934 15650 15610
f 5981 5934 15610
f 15609 5934 5981
f 5934 15649 15689
f 15650 5934 15689
f 15413 15412 6165
f 15413 6208 15412
f 6164 15413 6165
f 6208 15413 6207
f 15414 15413 6164
f 15413 15414 6207
f 6291 6333 6292
f 6333 6291 6332
f 6291 15342 6332
f 6290 6248 15343
f 6290 15342 6248
f 15342 6290 6332
f 6290 6331 6332
f 6331 6290 15343
f 15271 6376 6375
f 15271 6375 15272
f 6416 15271 15272
f 6372 15274 15273
f 6373 6372 15273
f 15274 6372 6371
f 6372 15308 6371
f 6372 6373 15307
f 15308 6372 15307
f 6411 6451 6412
f 6451 6411 15242
f 6451 15242 15210
f 6490 6451 15210
f 15209 6451 6490
f 15208 6452 6491
f 6452 15209 6491
f 6413 6452 15240
f 6452 15208 15240
f 15275 6370 15276
f 6411 15275 15276
f 6370 15275 6371
f 15275 6412 6371
f 15275 6411 6412
f 6454 6455 15239
f 6454 15239 6453
f 15207 6454 6453
f 6531 15175 6492
f 15175 6531 6532
f 15174 15175 6532
f 6569 6570 15142
f 6605 6570 6569
f 6570 6605 6606
f 6571 6570 6606
f 15141 6570 6571
f 6570 6533 15142
f 6570 15141 6533
f 15146 15145 6529
f 15145 15146 6566
f 15145 6566 6567
f 6529 15145 6530
f 15145 15144 6530
f 15145 6567 15144
f 15205 6495 6496
f 15205 6456 6495
f 6418 15237 15236
f 15205 15237 6456
f 6456 15237 6416
f 6318 6277 15354
f 6276 6318 15354
f 6317 6276 15355
f 15319 6317 6358
f 6317 6318 6276
f 6318 6317 15319
f 6436 15222 6475
f 15222 6436 6435
f 6477 15221 6476
f 6476 15221 6475
f 15221 6436 6475
f 6319 15353 6277
f 6278 15353 6319
f 15353 6235 6277
f 6235 15353 6236
f 15353 6278 6236
f 6280 15351 6238
f 6280 6279 6321
f 15316 6280 6321
f 6280 15316 6322
f 15351 6280 6322
f 6279 6320 6321
f 6320 15317 6321
f 6320 6279 15352
f 6278 6320 15352
f 6320 6278 6319
f 6360 6320 6319
f 6320 6360 15317
f 15346 6244 6286
f 6287 15346 6328
f 15346 6327 6328
f 6327 15346 6286
f 6244 6245 15381
f 15345 6245 6287
f 6245 15346 6287
f 15346 6245 6244
f 6245 6246 15381
f 6245 15345 6246
f 15457 6112 6157
f 15419 15457 6157
f 6158 15457 15419
f 15457 15497 6112
f 15497 15457 6113
f 15457 6158 6113
f 5926 15655 15695
f 15655 5882 15695
f 5882 15655 15694
f 15696 15735 5880
f 15696 5881 15735
f 5881 15696 15656
f 15696 5925 15656
f 15696 5880 15657
f 5925 15696 15657
f 5884 15692 5885
f 15731 5884 5885
f 15732 5884 5841
f 5884 15731 5841
f 5975 5928 15615
f 15655 5928 15694
f 15692 5930 15652
f 5930 5931 15652
f 5930 15612 5931
f 5932 5979 15611
f 15612 5979 5932
f 5979 5980 15611
f 5979 5978 15571
f 5979 15612 5978
f 5980 5979 15570
f 5979 6027 15570
f 6027 5979 15571
f 15873 5719 15838
f 15839 5719 15873
f 5719 5760 15838
f 5760 5719 15803
f 5719 15839 15803
f 6642 6641 15055
f 15082 6642 15055
f 6642 15111 6641
f 6642 15082 6643
f 15111 6642 6608
f 6642 6643 6608
f 6523 6524 15181
f 6444 6443 15216
f 15248 6443 6444
f 6443 15248 6403
f 6443 6442 15216
f 15213 6485 15181
f 6485 6523 15181
f 6523 6485 15182
f 6485 15214 15182
f 6485 15213 6446
f 15214 6485 6446
f 6445 15215 6484
f 15214 6445 6484
f 15215 6445 15247
f 15246 15214 6446
f 15246 6407 6406
f 15246 6446 6407
f 15246 6445 15214
f 15246 6406 15247
f 6445 15246 15247
f 15120 6596 6631
f 6596 15121 6631
f 6596 15120 6561
f 6630 6595 15122
f 15121 6595 6630
f 15119 6597 6632
f 6597 15119 6598
f 15119 6632 15090
f 6633 15119 15090
f 15119 6633 6598
f 15124 6626 6627
f 6554 15155 6517
f 6554 15126 6590
f 15126 6554 6589
f 6555 6554 6590
f 6554 6555 15155
f 6555 6556 15154
f 6690 6689 15017
f 6722 6690 15017
f 15041 15042 6692
f 6659 15042 15041
f 15070 6658 15069
f 6657 6658 15070
f 6658 6659 15069
f 6658 15042 6659
f 6439 15252 15220
f 15252 6439 6399
f 15252 6399 6398
f 6479 15187 6517
f 15187 6516 6517
f 15187 6478 6516
f 6441 6480 15217
f 6481 6442 15217
f 6481 6520 15184
f 6442 6481 15216
f 6233 6275 15355
f 6275 6233 15356
f 6275 15356 6316
f 6275 6317 15355
f 15392 15391 6190
f 6233 15391 15392
f 15391 6191 6190
f 15545 6056 6009
f 15545 6008 6055
f 15545 6009 6008
f 15506 15545 6055
f 6056 15545 15506
f 15158 6513 15159
f 6513 6512 15159
f 6474 15190 6475
f 15222 6474 6475
f 6512 6474 15191
f 6513 6474 6512
f 6474 6513 15190
f 15191 6474 15223
f 6474 6435 15223
f 6474 15222 6435
f 15189 6477 6476
f 15189 6515 6477
f 6393 6394 15289
f 6394 6393 15256
f 15255 6434 15223
f 6434 6394 15256
f 6394 6434 15255
f 15224 6472 15192
f 15224 6433 6472
f 6433 15224 15256
f 15224 6434 15256
f 6315 15321 6274
f 6315 6314 15322
f 6355 6315 15322
f 6314 6315 6273
f 6315 6355 6356
f 15321 6315 6356
f 15357 6315 6274
f 6315 15357 6273
f 6585 6550 6549
f 6585 6584 15130
f 6584 6585 6549
f 6584 6619 15130
f 15131 6619 6584
f 6619 15131 15101
f 6619 15101 15073
f 5809 15796 5767
f 5767 15796 15832
f 15796 5727 15832
f 15762 15799 5805
f 15797 5808 5767
f 11870 11869 1611
f 1683 11869 11870
f 12019 1541 11944
f 12093 12019 1471
f 12019 12093 12020
f 1541 12019 12020
f 1474 12090 12016
f 1474 12015 12089
f 1474 12016 12015
f 12090 1474 1405
f 1406 1474 12089
f 1405 1474 1406
f 1544 11941 11940
f 12015 1544 11940
f 12016 1544 12015
f 1543 1544 12016
f 1544 1543 11941
f 1615 11865 1616
f 11941 1615 1616
f 1269 12305 12306
f 12235 1269 12236
f 1269 1270 12305
f 1269 12235 1270
f 1268 1269 12306
f 12236 1269 1268
f 1274 1273 12230
f 12229 1274 12230
f 1275 1274 12229
f 1274 1275 12299
f 12781 877 12715
f 877 940 12715
f 877 12650 940
f 1004 12650 12583
f 12650 1004 940
f 1004 12583 12582
f 941 1004 12582
f 878 941 12714
f 878 12780 12715
f 12780 878 12714
f 12513 1072 1071
f 12512 1072 12513
f 12370 12299 1208
f 12370 1207 12299
f 1346 1347 12222
f 12151 1347 1346
f 1347 12221 12222
f 12150 1347 1415
f 1347 12151 1415
f 12221 1347 1348
f 1347 12150 1348
f 12296 1211 12367
f 1211 12295 12366
f 1211 12296 12295
f 1413 12153 12154
f 12153 1344 12154
f 1344 12153 1345
f 12153 12152 1345
f 12152 12153 1413
f 1344 12226 1343
f 12226 12227 1343
f 12226 12225 1277
f 12226 1344 12225
f 12226 1277 1276
f 12227 12226 1276
f 1145 12503 12504
f 12504 12503 1079
f 12503 1080 1079
f 12503 1145 12435
f 12503 12435 1146
f 12502 12503 1146
f 1080 12503 12502
f 12361 1216 12431
f 12432 12361 12431
f 12361 12432 1215
f 1216 12361 12290
f 12361 1215 12290
f 12292 12293 1281
f 12291 12292 1281
f 1214 12292 12291
f 12363 12292 1214
f 12292 12363 12293
f 12289 12288 1217
f 12288 12359 1217
f 12359 12288 1218
f 12288 12287 1218
f 12287 12288 1285
f 12219 1350 12218
f 1419 1350 12147
f 12146 1350 1419
f 12218 1350 1351
f 1350 12146 1351
f 1284 12219 12218
f 1284 12288 12289
f 1283 1284 12289
f 12219 1284 1283
f 12288 1284 1285
f 1284 12217 1285
f 1284 12218 12217
f 1557 11926 12001
f 1558 11926 11925
f 11926 1558 12001
f 1625 11930 11931
f 1625 11855 11854
f 1626 1625 11854
f 11930 1625 1626
f 1624 1625 11931
f 1625 1624 11855
f 11929 1627 11928
f 1627 11929 1626
f 11929 12004 1554
f 12004 11929 1555
f 12004 12005 1554
f 12005 12004 1484
f 1484 12077 1416
f 12077 12149 1416
f 12077 1485 12149
f 12004 12077 1484
f 12077 12004 1555
f 12077 12003 1485
f 12003 12077 1555
f 12007 12081 1481
f 12081 12007 1482
f 16338 16323 5251
f 16323 16338 5250
f 5251 16323 16306
f 16323 5250 16307
f 16323 5269 16306
f 5269 16323 16307
f 5198 16368 16381
f 16368 5199 16381
f 16368 5198 5214
f 16368 5214 5215
f 5199 16368 5215
f 15932 15931 5613
f 15931 15932 5649
f 5612 15932 15964
f 15932 5613 15964
f 15933 15932 5612
f 15898 5688 15864
f 5688 15898 15899
f 5688 15899 15865
f 5688 15865 15830
f 5728 5688 15830
f 5688 5728 15864
f 14727 7043 7023
f 7043 7061 7062
f 14709 7043 7062
f 7043 7042 7061
f 7043 14727 7042
f 7403 14381 7371
f 14381 7404 7371
f 7436 14381 7403
f 7404 14381 7437
f 14381 7436 7437
f 7437 14352 14351
f 14352 7470 14351
f 7436 14352 7437
f 7468 14353 7435
f 14353 7436 7435
f 14353 7468 14324
f 14353 14352 7436
f 14137 7689 14113
f 7689 14114 14113
f 7689 14138 14114
f 7632 7661 14160
f 7689 7661 14138
f 7661 14137 14160
f 7661 7689 14137
f 7770 14067 7769
f 14067 7770 7745
f 7770 7771 7745
f 7690 14159 7662
f 7634 14159 7663
f 14159 7633 7662
f 14159 7634 7633
f 7720 14110 7719
f 7720 14087 14110
f 7746 7720 7719
f 14110 14109 7694
f 14087 14109 14110
f 14109 14133 7694
f 14133 14109 7695
f 14109 14108 7695
f 14068 7768 7769
f 14068 7743 7768
f 7744 14068 7769
f 7743 14068 7744
f 14134 14110 7694
f 7666 14134 7694
f 14134 7666 14157
f 7636 7665 14157
f 7665 7636 14158
f 7665 14134 14157
f 14110 7692 14111
f 14208 14207 7573
f 14208 14234 7572
f 14234 14208 7573
f 14209 14208 7572
f 7602 14208 14209
f 7533 7532 14242
f 14241 7533 14242
f 7502 7534 14267
f 14268 7534 7502
f 7535 7534 14240
f 7534 7535 14267
f 7534 14241 14240
f 7534 7533 14241
f 7533 7534 14268
f 14291 7507 14319
f 14291 7506 14264
f 7539 14291 14264
f 14263 14291 7539
f 7507 14291 14263
f 7559 14219 14245
f 7559 14246 7558
f 7559 7528 14246
f 7528 7559 14245
f 14219 7560 14245
f 7560 14219 14218
f 7561 7560 14218
f 7528 14273 7527
f 14301 14273 7495
f 7527 14273 14301
f 7666 7637 14157
f 7637 7636 14157
f 7637 14181 7636
f 14181 7637 7606
f 7638 7637 14156
f 7637 7666 14156
f 7505 14321 14293
f 14322 14321 7472
f 14293 14321 14322
f 7472 14321 7473
f 14321 7505 14292
f 14168 7651 7652
f 7623 14168 7653
f 14168 7652 7653
f 7651 7622 14169
f 7591 7622 14192
f 7622 7623 14192
f 7622 14168 7623
f 14168 7622 7651
f 7650 7621 7620
f 14122 7650 7620
f 7650 14122 7679
f 14169 7650 7679
f 7621 7650 14169
f 7621 14193 7590
f 14193 7591 7590
f 14193 7622 7591
f 14193 7621 14169
f 7622 14193 14169
f 7531 7530 14243
f 7531 14270 7530
f 7532 7531 14243
f 14270 7531 7532
f 7464 14327 7465
f 14327 7464 14328
f 14327 14298 14326
f 7465 14327 7466
f 14327 14326 7466
f 7685 14141 7657
f 14141 7658 7657
f 7658 14141 7686
f 14141 14117 7686
f 14141 7685 14117
f 14116 14093 7713
f 7712 14093 14116
f 7713 14093 7739
f 14093 7712 7739
f 13802 5088 8152
f 5088 8142 8152
f 13795 5088 13802
f 8142 5088 13795
f 11074 2516 11157
f 2516 11156 11157
f 10992 2516 11074
f 3425 9995 3426
f 3425 9996 9995
f 10061 3425 3426
f 10062 3425 10061
f 10063 10062 10129
f 10063 10064 3424
f 3153 3152 10337
f 3151 3152 10412
f 3152 3151 10337
f 10411 3152 3153
f 3152 3082 10412
f 3152 10411 3082
f 10408 10485 3083
f 10408 10336 3154
f 10408 3153 10336
f 3153 10408 10410
f 10408 3083 10410
f 10560 3011 10559
f 3011 10485 10559
f 3011 10560 10561
f 3083 3011 10486
f 10485 3011 3083
f 3011 3010 10486
f 3010 3011 10561
f 10483 10485 3084
f 10483 3084 10407
f 10482 10483 10407
f 3012 10483 10482
f 10483 3012 10485
f 2939 10632 10633
f 2939 10560 10559
f 10634 2939 10633
f 10708 2868 10784
f 2868 10708 10631
f 2938 10634 10635
f 2937 2938 10635
f 2938 2937 10561
f 2938 2939 10634
f 10560 2938 10561
f 2939 2938 10560
f 10944 2564 2563
f 10564 10640 2933
f 2934 10640 10564
f 2933 10640 10641
f 2861 10640 10715
f 10640 2860 10641
f 10640 2861 2860
f 10639 2862 10715
f 10640 10639 10715
f 10639 10640 2934
f 10638 10639 2935
f 10639 10638 2862
f 10639 10563 2935
f 10639 2934 10563
f 10414 3078 3149
f 3078 10415 3149
f 10488 3078 10414
f 3078 10488 10489
f 10415 3078 10489
f 10341 3148 3147
f 3148 10416 3147
f 10416 3148 10415
f 3148 10341 10340
f 3149 3148 10340
f 10415 3148 3149
f 3076 10417 3147
f 10416 3076 3147
f 3076 10416 10490
f 10417 3076 10491
f 3076 10490 10491
f 10480 3014 10555
f 3014 10479 10554
f 3014 10480 10479
f 2642 10862 2643
f 10942 2642 2643
f 10862 2642 2719
f 2565 11022 11023
f 2565 10942 11022
f 10783 2869 10706
f 2869 10783 10707
f 10706 2869 10629
f 2869 10707 10629
f 2942 10630 10555
f 10630 2942 10629
f 10629 2942 10554
f 2942 3014 10554
f 3014 2942 10555
f 3013 10481 10555
f 10556 3013 10555
f 10481 3013 10482
f 3013 10556 10482
f 2941 10630 10631
f 10556 2941 10631
f 10630 2941 10555
f 2941 10556 10555
f 3362 10191 10127
f 10060 3362 10127
f 10125 10126 10059
f 10126 10060 10059
f 10126 3362 10060
f 10126 10125 10190
f 10191 10126 10190
f 3362 10126 10191
f 10399 10398 3092
f 10399 3162 10398
f 10399 3091 10400
f 10399 3092 10474
f 3091 10399 10474
f 10324 10325 3232
f 10401 3161 10400
f 3161 10399 10400
f 3161 3160 10328
f 3160 3161 10401
f 3798 9616 9617
f 9616 3798 3855
f 3855 3798 3854
f 3798 9618 3854
f 3798 9617 9618
f 10064 10130 3358
f 3358 10130 10195
f 10063 10130 10064
f 3557 9923 9860
f 3497 3498 9986
f 3557 3496 9923
f 3241 10243 3242
f 10314 3241 3242
f 3241 10244 10243
f 3241 10314 10315
f 3240 3241 10315
f 10244 3241 3240
f 3103 3173 10386
f 3103 10387 3173
f 10461 3103 10386
f 3030 3103 10461
f 3559 3620 9857
f 3620 9796 9857
f 3620 9858 9796
f 10912 10911 2593
f 2670 10911 10912
f 10911 2594 2593
f 2594 10911 10910
f 10911 2670 10910
f 2670 2671 10910
f 2747 2671 2670
f 2671 2747 10830
f 10910 2671 10909
f 2671 10830 2748
f 2671 2672 10909
f 2672 2671 2748
f 2807 2733 10847
f 2807 2732 10770
f 2732 2807 10847
f 2733 2807 10768
f 10615 2955 10614
f 2955 10539 10614
f 2881 10615 10692
f 2881 10693 10616
f 10615 2881 10616
f 10693 2881 10770
f 10252 10251 3234
f 10252 3301 10251
f 10252 3234 3233
f 3301 10252 3300
f 10252 10253 3300
f 10253 10252 3233
f 12854 807 12853
f 807 12854 12791
f 807 12791 12790
f 808 807 12790
f 807 808 12853
f 740 739 12862
f 739 12863 12862
f 739 740 12924
f 738 739 12925
f 12863 739 738
f 739 679 12925
f 679 739 12924
f 801 12798 12797
f 801 12859 12860
f 12861 801 12860
f 12798 801 12861
f 12667 925 12601
f 12667 863 12733
f 925 12667 12733
f 924 987 12602
f 987 924 12603
f 987 1051 12602
f 987 12536 1051
f 987 12603 1050
f 12536 987 1050
f 924 12669 12603
f 986 12669 923
f 12669 986 12603
f 12669 861 923
f 12669 12734 861
f 12734 12669 924
f 862 12668 12733
f 862 12734 12668
f 12734 862 12798
f 12797 862 12733
f 12798 862 12797
f 802 12858 12859
f 12796 802 12797
f 801 802 12859
f 802 801 12797
f 12796 12732 864
f 12732 12796 863
f 12732 12666 864
f 12667 12732 863
f 12795 12796 864
f 12731 12795 864
f 12795 865 12794
f 12795 12731 865
f 12795 804 12857
f 804 12795 12794
f 13103 13163 564
f 565 13103 13044
f 13103 564 13044
f 13162 13103 565
f 13163 13103 13162
f 873 12655 12720
f 873 12721 12655
f 12785 873 12720
f 12721 873 12785
f 1187 12323 12393
f 12323 1187 12394
f 12461 1187 12393
f 1187 12461 12462
f 12394 1187 12462
f 1321 1320 12183
f 1320 1321 12253
f 1321 12183 12182
f 12253 1321 12252
f 1321 1322 12252
f 1322 1321 12182
f 12527 12459 1124
f 1123 12459 12527
f 12391 12459 1189
f 12459 12460 1189
f 12459 1123 12460
f 1124 12459 12458
f 12459 1190 12458
f 12459 12391 1190
f 992 12596 12662
f 929 992 12662
f 992 929 12597
f 12596 992 1056
f 992 12531 1056
f 12531 992 12597
f 12041 1454 1522
f 1453 1454 12113
f 1522 1454 1453
f 12112 1386 12113
f 1454 12112 12113
f 1114 12537 12538
f 1114 12538 1113
f 1114 12470 1115
f 12537 1114 1115
f 1114 1113 12471
f 12470 1114 12471
f 12474 1174 12406
f 12475 1174 12474
f 12407 1174 12475
f 1241 12407 12337
f 1241 1308 12265
f 10772 2730 2804
f 2730 10772 2805
f 2805 10772 10695
f 10772 10696 10695
f 10772 2804 10696
f 2427 2347 11167
f 2427 11167 2507
f 2348 11165 2349
f 2348 2428 11165
f 11248 2348 2349
f 2348 11248 11249
f 2347 2348 11249
f 2427 2348 2347
f 11423 11422 2105
f 11503 11423 2105
f 11504 11503 2030
f 11504 11584 2029
f 11584 11504 2030
f 11504 2029 11505
f 11504 11423 11503
f 12116 12115 1383
f 12117 12116 1383
f 1451 12116 12117
f 1452 12116 1451
f 12115 12116 1452
f 1518 11972 11971
f 1518 12046 11972
f 12045 1518 11971
f 1518 12045 1450
f 12046 1518 1450
f 2570 11018 2569
f 11100 11018 11099
f 11018 11017 11099
f 11018 2570 11017
f 11018 11019 2569
f 11018 11100 11019
f 11264 2334 11263
f 2255 11264 11263
f 2334 11264 11265
f 11264 2255 11265
f 11426 2179 11425
f 11345 2179 11426
f 2179 11344 11425
f 2179 2256 11344
f 2179 11345 2256
f 11098 11016 11097
f 11016 11015 11097
f 11016 11017 2571
f 11016 11098 11017
f 11016 2571 2572
f 11015 11016 2572
f 2496 11096 11014
f 11096 11015 11014
f 11179 11096 2496
f 2416 2337 2336
f 2337 2416 11178
f 2416 11179 11178
f 10610 10687 10688
f 10687 10610 2886
f 10687 10764 10688
f 10764 10687 2886
f 2885 10689 10611
f 10689 2884 10611
f 10765 10689 2885
f 10689 10765 2810
f 10766 10689 2810
f 2884 10689 10766
f 1188 12322 12392
f 12322 12393 1255
f 12322 1188 12393
f 12321 12322 1256
f 12392 12322 12321
f 12179 1323 12180
f 1323 12181 12180
f 1323 1322 12181
f 12183 1387 12182
f 1387 1388 12182
f 1387 12112 1455
f 1386 1387 12183
f 12112 1387 1386
f 12110 12109 1388
f 1388 1389 12181
f 12109 1389 1388
f 12181 1389 12180
f 1459 12034 12106
f 1323 1324 12250
f 1324 1323 12179
f 12178 1324 12179
f 12177 12178 1392
f 809 12850 12851
f 12850 809 12788
f 12789 809 12851
f 809 12789 12788
f 12787 810 12788
f 810 12850 12788
f 12850 810 12849
f 810 811 12849
f 810 12787 811
f 1968 11648 1967
f 11648 11649 1967
f 11649 11648 1894
f 1894 11648 11647
f 11648 1968 11647
f 11569 2043 11568
f 1968 11569 11568
f 2043 11569 11489
f 11569 1968 1967
f 11570 11569 1967
f 11650 1819 1892
f 1819 11650 1893
f 11650 11651 1966
f 11651 11650 1892
f 11649 11650 1966
f 11650 11649 1893
f 1819 11727 1746
f 11727 1819 1893
f 1895 11646 1822
f 11646 11567 1970
f 11646 1969 11567
f 1969 11646 11647
f 11646 1895 11647
f 11801 1749 11800
f 1749 11724 11723
f 1749 11801 1748
f 11724 1749 1748
f 1749 1750 11800
f 1749 11723 1750
f 1677 1676 11802
f 1676 11877 11878
f 1676 1677 11877
f 1675 1676 11879
f 1676 11878 11879
f 11803 1676 1675
f 11802 1676 11803
f 11886 11885 1598
f 11885 11886 1670
f 11886 1669 1670
f 11960 1528 1598
f 1528 11960 12034
f 1459 1528 12034
f 11813 1667 1666
f 1667 11889 1666
f 11812 1667 11813
f 1668 1667 11812
f 11887 1597 11962
f 11887 11886 1597
f 11887 1668 1669
f 11886 11887 1669
f 1745 1818 11728
f 11729 1818 1745
f 1818 1892 11728
f 1818 11651 1892
f 1818 1891 11651
f 1818 11729 1891
f 1973 1899 11643
f 11642 1899 1973
f 1899 1825 11643
f 1899 11720 1825
f 11720 1899 1826
f 1899 11642 1826
f 2196 2273 11324
f 2196 11325 2273
f 2196 11324 11405
f 2120 2196 11405
f 11325 11326 2272
f 11326 11407 2194
f 11327 11326 2194
f 11326 11327 2272
f 11406 2120 11486
f 11406 2196 2120
f 2196 11406 11325
f 2118 11488 11408
f 11488 2118 11407
f 2118 11408 2194
f 11407 2118 2194
f 11655 1888 1814
f 1888 11733 1814
f 11733 1888 1815
f 1888 11654 1815
f 1888 11655 11654
f 11733 1741 1740
f 1741 11810 1740
f 11810 1741 11809
f 1741 11733 1815
f 11732 1741 1815
f 1741 11732 11809
f 2117 11408 11489
f 2117 11409 11408
f 11412 2191 11411
f 2191 11330 11411
f 2191 11412 11331
f 11330 2191 11331
f 11409 2192 11328
f 2192 11329 11328
f 11329 2192 11411
f 11491 2115 11411
f 2115 11491 11492
f 2115 11412 11411
f 11412 2115 11492
f 2199 11322 11321
f 2199 11402 11322
f 2199 11321 2123
f 11402 2199 2123
f 9059 9011 4293
f 9107 4245 9108
f 9061 4290 9014
f 4290 9061 9108
f 8967 4376 4418
f 4420 4419 8921
f 8921 4419 8922
f 4419 4418 8922
f 4419 8967 4418
f 8967 4419 4377
f 8965 4378 4420
f 8924 4458 8923
f 4458 8880 8923
f 8880 4458 8881
f 4458 8924 4457
f 8881 4458 4457
f 9103 9104 9056
f 9104 4294 9056
f 9104 9151 4248
f 9104 9103 9151
f 9105 9104 4248
f 4294 9104 9105
f 9058 9010 9057
f 9010 9058 9011
f 9010 9011 4337
f 9057 9010 9009
f 4338 9010 4337
f 9009 9010 4338
f 4247 9105 4248
f 4247 4201 9153
f 9153 4201 9203
f 9203 4201 4154
f 4201 9202 4154
f 9109 9157 4243
f 4244 9157 9109
f 9157 4197 4243
f 4197 9157 4198
f 9157 9156 4198
f 9157 4244 9156
f 4287 9112 9065
f 9112 4241 9160
f 9112 4286 9065
f 9112 9113 4286
f 4240 9112 9160
f 9113 9112 4240
f 3997 9415 9414
f 4495 8883 8840
f 4495 8839 8883
f 8797 4495 8798
f 8798 4495 8840
f 8839 4495 8797
f 4862 4887 8401
f 4862 8402 4887
f 8402 4862 8430
f 8429 4862 8401
f 4862 8429 8430
f 8263 8284 4988
f 8263 4989 8284
f 8263 4988 8245
f 8243 8244 5007
f 8244 8225 5007
f 8244 5006 8225
f 8263 8244 4989
f 5006 8244 8245
f 8244 8263 8245
f 8262 8243 8261
f 4971 8262 8261
f 8262 8244 8243
f 8244 8262 4989
f 4975 8279 4993
f 8258 4975 4993
f 4975 4954 8279
f 4957 8320 4936
f 8298 4957 4936
f 8320 4957 4937
f 4937 4957 8319
f 4957 4994 8319
f 8299 4976 4956
f 4973 8281 4991
f 8260 8281 4972
f 4991 8281 8260
f 8259 8280 4991
f 8280 4973 4991
f 8280 8259 4992
f 4952 4932 8326
f 8281 4952 4972
f 4952 8281 4973
f 8482 4815 8452
f 4816 8482 8452
f 8482 4816 4788
f 4789 8513 4788
f 8513 4789 4760
f 8513 4760 4730
f 4760 8544 8545
f 8512 8544 4760
f 8544 8578 8545
f 4757 4787 8515
f 4787 4757 4786
f 4787 4758 8515
f 4787 4786 8484
f 8483 4787 8484
f 4787 8483 4815
f 8514 4787 4788
f 4758 4787 8514
f 4787 8482 4788
f 8482 4787 4815
f 8649 8614 4666
f 8614 8649 4665
f 4633 8649 4666
f 8686 8649 4633
f 8649 8686 4632
f 4665 8649 4632
f 4726 8550 4755
f 8517 4726 4755
f 8583 4726 8549
f 8550 4726 8583
f 4726 4756 8549
f 4726 8517 4756
f 4813 4785 8486
f 4785 4784 8486
f 4785 4813 8485
f 4785 8517 4755
f 4784 4785 4755
f 4786 4785 8485
f 4785 4786 4756
f 8517 4785 4756
f 8477 4793 4792
f 4793 8509 4792
f 8509 4793 4763
f 4765 4736 8539
f 4765 8539 4735
f 8573 4703 8574
f 8609 4703 8608
f 8574 4703 8609
f 4703 8607 8608
f 4703 8573 8607
f 4704 8573 8572
f 8573 4704 8607
f 8606 4704 8572
f 4704 8606 8607
f 8639 4641 4674
f 8676 4641 8639
f 4607 8715 8677
f 4641 4607 8677
f 4607 4641 8676
f 4607 8676 8714
f 8715 4607 8714
f 8645 8644 4637
f 8644 4670 4637
f 8644 8645 8610
f 4670 8644 8610
f 10084 10083 3340
f 10084 3405 10083
f 10150 10084 3340
f 3405 10084 3404
f 10084 10085 3404
f 10084 10150 10085
f 3469 9953 3532
f 9953 3469 3531
f 3592 9953 3531
f 9953 9889 3532
f 9889 9953 3592
f 10083 10149 3340
f 3341 10149 10083
f 9654 3765 9714
f 3765 9654 3821
f 9655 9715 3705
f 3820 9655 3763
f 9896 3587 3526
f 3587 9959 3526
f 3587 9895 9959
f 9834 3587 9896
f 9895 3587 9833
f 3587 9834 9833
f 9713 9773 3707
f 9834 9773 3648
f 9773 9834 3647
f 9773 3647 9774
f 9714 9773 9774
f 3707 9773 9714
f 3819 3820 3763
f 3762 3819 3763
f 3819 3818 9598
f 3818 3819 3762
f 9657 3762 3763
f 9717 9657 3704
f 3762 9657 3761
f 9657 9717 3761
f 3985 9482 9483
f 9482 3985 9428
f 9430 9485 3983
f 3984 9485 9430
f 9485 9486 3983
f 3986 9428 9427
f 3986 9482 9428
f 9482 3986 9481
f 3986 3987 9481
f 3987 3986 9427
f 9597 9596 3820
f 3819 9597 3820
f 3876 9597 9598
f 9597 3819 9598
f 9540 9539 3877
f 9538 9539 3932
f 3877 9539 3878
f 9539 9538 3878
f 9717 3703 3761
f 3703 9777 9718
f 3703 9717 9777
f 9840 9902 3579
f 9902 9840 3580
f 9902 3519 3579
f 3519 9902 3580
f 9779 3641 3640
f 9840 3641 3642
f 3641 9778 3642
f 9778 3641 9779
f 3875 3874 9542
f 3874 3875 9598
f 3818 3874 9598
f 3760 9658 9718
f 9658 3703 9718
f 3703 9658 3761
f 3817 9658 3760
f 3817 3818 3761
f 9658 3817 3761
f 9601 3871 3872
f 3872 3871 9544
f 3871 9545 9544
f 3871 3870 9545
f 3639 9780 3640
f 9780 9779 3640
f 9780 9781 9721
f 9781 9780 3639
f 9781 3639 9842
f 3701 9778 9779
f 9777 3702 9718
f 9778 3702 9777
f 3702 3760 9718
f 9487 3926 9488
f 9488 3925 9489
f 3925 3924 9489
f 3924 3925 9545
f 3926 3925 9488
f 9545 3925 9544
f 3925 3926 9544
f 3981 9487 3980
f 3926 3927 9544
f 3927 3926 9487
f 9321 4090 4091
f 4090 9268 4091
f 9268 4090 9269
f 4090 4089 9269
f 9218 4141 9269
f 9268 4141 9217
f 4141 9268 9269
f 4141 4188 9217
f 4188 4141 9218
f 9376 4038 9430
f 9427 9372 9426
f 9373 9372 9427
f 9372 9371 9426
f 9372 9373 4040
f 10215 3339 10150
f 10151 3339 10215
f 10150 3339 10085
f 3339 10151 10085
f 10214 10215 3340
f 10149 10214 3340
f 10214 10149 3341
f 10214 3341 10213
f 10214 10213 3275
f 3274 10214 3275
f 10280 3274 3275
f 10279 10280 3275
f 10280 10279 3208
f 3205 3206 10352
f 10282 3206 3205
f 3206 10351 10352
f 3465 9957 3466
f 9957 3528 3466
f 9958 9957 3465
f 9957 9958 3527
f 9957 3527 9894
f 3528 9957 9894
f 3400 3401 10088
f 3401 3400 10023
f 3401 10023 10022
f 3401 10087 10088
f 10087 3401 3402
f 3401 10022 3402
f 9290 9291 4118
f 9290 9239 4119
f 9239 9290 4118
f 9343 9290 4067
f 9290 9343 4066
f 9291 9290 4066
f 4067 9290 9289
f 9290 4119 9289
f 9293 9292 4064
f 4114 9295 9296
f 9295 4061 9296
f 4061 9295 9349
f 9402 9347 9401
f 4063 9347 9402
f 9347 9346 9401
f 9346 9347 4064
f 9347 9293 4064
f 9293 9347 4063
f 4388 4345 8955
f 4388 4429 8954
f 4429 4388 8955
f 4347 4346 8954
f 4346 4347 9000
f 4346 4388 8954
f 4388 4346 4345
f 4387 4345 4344
f 4345 4387 8955
f 4387 4344 8956
f 4429 4387 8956
f 4387 4429 8955
f 4303 9047 9000
f 9047 4302 9000
f 4347 8999 9000
f 4303 8999 9046
f 8999 4303 9000
f 8999 4347 9045
f 9703 9762 3716
f 9702 9703 3775
f 9703 9643 3775
f 9703 3716 3774
f 9643 9703 3774
f 9762 9763 3716
f 9763 9704 3716
f 9763 9824 3656
f 9764 9763 3656
f 9704 9763 9764
f 9824 9763 3657
f 9763 9762 3657
f 3940 9529 3939
f 9474 3940 3939
f 9474 3939 3993
f 9420 9474 3993
f 3994 9474 9420
f 3997 9469 9470
f 9469 3999 9468
f 3944 9469 9468
f 9469 9414 3999
f 9469 3997 9414
f 9123 4276 9077
f 9124 4276 9123
f 9078 4276 9124
f 9077 4276 9030
f 4276 9078 9030
f 9125 9124 4229
f 9125 9126 4275
f 9078 9125 4275
f 9125 9078 9124
f 9125 4229 9174
f 9126 9125 9174
f 9326 4086 9325
f 4035 9326 9325
f 9326 4034 9327
f 9326 4035 9379
f 4034 9326 9379
f 3979 9489 3978
f 9434 3979 3978
f 3979 9488 9489
f 9488 3979 3980
f 3979 9434 3980
f 8931 4452 8930
f 8887 4452 8888
f 4452 4451 8888
f 4451 4452 8931
f 9162 9212 4192
f 4193 9212 9162
f 9212 4145 4192
f 9212 4193 4146
f 9425 9370 9424
f 9370 9371 4042
f 9370 9425 9371
f 9369 9316 4044
f 4095 9316 4094
f 9213 4145 4144
f 4145 9213 4192
f 9213 4191 4192
f 9315 9262 4096
f 9315 4095 9262
f 9314 9315 4096
f 4044 9315 9368
f 9316 9315 4044
f 9315 9316 4095
f 9315 4045 9368
f 4045 9315 9314
f 9371 9318 4042
f 4092 9318 9319
f 4093 9318 4092
f 9116 4237 9117
f 9116 4284 9115
f 9116 9069 4284
f 4191 9163 4192
f 4237 9163 9164
f 9163 4191 9164
f 9116 9163 4237
f 4325 9023 9024
f 4326 9023 4325
f 9068 9022 9021
f 9069 9022 9068
f 9022 9023 4326
f 8979 4407 4408
f 4366 8979 4408
f 4407 8979 8980
f 8979 4323 8980
f 8979 4366 4323
f 4139 9270 9271
f 9270 4139 9219
f 9220 4139 9271
f 4139 9220 4186
f 9219 4139 4186
f 9165 4190 4189
f 9164 9165 4236
f 4190 9165 9164
f 4143 9216 9215
f 9216 4190 9215
f 4190 9216 4189
f 4189 9216 9217
f 9071 9118 4281
f 9118 9117 4236
f 9119 9072 4281
f 9118 9119 4281
f 9119 9118 4235
f 9119 4280 9072
f 4280 9119 9120
f 4412 8929 4413
f 8974 4412 4413
f 8930 4412 4411
f 8929 4412 8930
f 4412 8974 4370
f 4412 8975 4411
f 8975 4412 4370
f 3710 9769 9770
f 9711 3710 9770
f 3881 3825 9592
f 9591 3825 3881
f 9534 3882 3881
f 3882 9591 3881
f 3882 9534 9533
f 9589 3828 3827
f 9589 9588 3828
f 9768 9708 3712
f 9708 9648 3712
f 3829 9587 9586
f 9645 3829 9586
f 3829 9645 3772
f 3828 3829 3772
f 9587 3829 3828
f 4110 9299 9300
f 9248 4110 9249
f 4110 4109 9249
f 4109 4110 9300
f 9299 4111 9298
f 4111 4110 9248
f 4110 4111 9299
f 4159 9248 9249
f 9198 4159 9249
f 4159 4160 9248
f 4159 9197 4160
f 9196 9197 4207
f 9197 9196 4160
f 9196 9195 4160
f 4208 9196 4207
f 9196 4208 9195
f 9147 9146 4207
f 9197 9147 4207
f 9146 9147 4253
f 4161 9245 9246
f 9245 4112 9246
f 4112 9245 4113
f 9098 9051 4300
f 9098 9146 4253
f 9098 4254 9146
f 9098 4299 9051
f 9003 9004 4343
f 9004 9003 9051
f 4299 9004 9051
f 4343 9004 4342
f 9004 9005 4342
f 9004 9052 9005
f 9004 4299 9052
f 9051 9050 4300
f 9003 9050 9051
f 9050 9003 9002
f 9049 9050 9002
f 4301 9050 9049
f 10138 3351 10072
f 3351 10139 10072
f 10139 3351 10203
f 3351 10202 10203
f 10202 3351 10138
f 10073 3350 10140
f 10139 3350 10073
f 3350 10204 10140
f 3350 10139 10204
f 9092 4304 9045
f 8999 4304 9046
f 4304 8999 9045
f 9140 4213 9190
f 9140 4212 4258
f 4212 9140 9190
f 4213 9140 4259
f 9140 9092 4259
f 9092 9140 4258
f 4165 9242 9191
f 4213 4166 9190
f 9240 4167 9239
f 9188 4167 4214
f 9239 4167 9188
f 9346 4011 9401
f 4011 9346 9400
f 4011 9400 9455
f 9456 4011 9455
f 4011 9456 9401
f 9346 9345 9400
f 4012 9345 9399
f 9400 9345 4012
f 9345 9344 9399
f 386 13340 13341
f 13340 386 13286
f 13439 333 285
f 13338 388 13284
f 389 13284 13283
f 389 13338 13284
f 13338 389 13337
f 390 389 13283
f 13337 389 390
f 13440 284 237
f 284 13439 237
f 284 333 13439
f 332 284 13440
f 238 13439 285
f 13438 238 285
f 238 13438 13483
f 13439 238 13484
f 13524 238 13483
f 13484 238 13524
f 286 285 334
f 286 13438 285
f 13390 286 334
f 13230 442 441
f 13231 13230 441
f 13230 13231 496
f 13286 13285 387
f 13285 444 13284
f 388 13285 13284
f 13228 500 444
f 13287 13288 441
f 13287 385 13288
f 442 13287 441
f 13287 442 13286
f 386 13287 13286
f 385 13287 13341
f 13287 386 13341
f 13110 556 13051
f 13050 13110 13051
f 557 13110 13050
f 13111 555 13052
f 251 299 13515
f 299 251 13426
f 13472 251 13515
f 13426 251 13427
f 251 13472 13427
f 13272 401 13273
f 13327 401 13326
f 401 13327 13273
f 401 402 13326
f 401 13272 402
f 340 13385 292
f 13385 341 292
f 341 13385 13333
f 13385 340 13334
f 394 13385 13334
f 13385 394 13333
f 13384 341 13333
f 342 13384 13332
f 341 13384 293
f 13384 395 13332
f 13384 13333 395
f 293 13384 294
f 13384 342 294
f 13386 291 13434
f 244 291 13433
f 291 340 13433
f 291 13386 340
f 243 291 244
f 291 243 13434
f 13652 103 13676
f 103 13675 80
f 13676 103 80
f 78 13698 58
f 79 13698 78
f 13698 79 13697
f 13698 59 58
f 13698 13697 59
f 13596 132 131
f 132 13624 131
f 13624 132 13623
f 132 13596 13595
f 133 132 13595
f 132 133 13623
f 13673 13674 13649
f 13674 13673 82
f 13673 13649 106
f 83 13673 106
f 13673 83 82
f 13694 13693 63
f 13694 83 13693
f 13694 63 62
f 83 13694 82
f 13695 13694 62
f 82 13694 13695
f 162 13594 13595
f 13594 133 13595
f 133 13594 134
f 134 13594 13593
f 13593 13594 163
f 13594 162 163
f 161 13565 13564
f 161 162 13595
f 162 161 13564
f 13565 160 13566
f 13566 160 159
f 160 13596 159
f 161 160 13565
f 13596 160 13595
f 160 161 13595
f 12489 1093 1092
f 12489 12421 1158
f 12489 1158 12488
f 1093 12489 12488
f 12489 1157 12421
f 12489 1092 12490
f 1157 12489 12490
f 1026 12558 1027
f 12558 12557 1027
f 12557 12558 1091
f 12558 12559 1091
f 12558 1026 12559
f 12352 12423 1223
f 12352 1224 12422
f 1224 12352 12281
f 12352 1223 12281
f 12353 12423 12424
f 12423 12353 1223
f 1222 12353 12424
f 12353 12282 1223
f 12353 1222 12282
f 12490 1156 12422
f 1156 12490 12491
f 1156 12352 12422
f 12352 1156 12423
f 12492 1156 12491
f 12423 1156 12492
f 12282 12283 1289
f 1222 12283 12282
f 12283 1288 1289
f 12283 1222 12354
f 1221 12283 12354
f 12068 1424 12069
f 1424 12068 1493
f 11995 12068 12069
f 12068 11994 1493
f 1490 12071 12143
f 1422 1354 12143
f 1422 12142 1354
f 12142 1422 1491
f 12071 1422 12143
f 1422 12071 1491
f 11996 1492 12070
f 11996 12070 1491
f 11996 1561 11921
f 1153 12494 12495
f 12427 1153 12495
f 1153 12427 12356
f 12358 12428 1151
f 12357 12428 12358
f 1022 12629 958
f 12629 895 958
f 12629 1023 959
f 1023 12629 1022
f 895 12629 12695
f 12629 896 12695
f 896 12629 959
f 1022 1021 12563
f 1021 12564 12563
f 1021 1022 12630
f 1021 12630 957
f 12631 1021 957
f 1021 12631 12565
f 12564 1021 12565
f 12561 12562 1088
f 1023 12562 12561
f 12562 1087 1088
f 1087 12562 12563
f 12562 1022 12563
f 12562 1023 1022
f 838 12689 12754
f 12689 838 12755
f 12755 838 12819
f 838 12818 12819
f 12818 838 12754
f 839 12688 12753
f 12688 12754 901
f 12688 839 12754
f 964 12688 901
f 12688 964 12622
f 840 12817 12753
f 840 12753 12687
f 12752 840 12687
f 12817 840 12816
f 840 12752 12816
f 13405 13354 13353
f 13354 13405 318
f 13405 270 318
f 13573 185 13572
f 13574 184 13573
f 13538 184 13574
f 184 185 13573
f 185 184 13537
f 13536 13537 13496
f 13495 13536 13496
f 13536 185 13537
f 13536 13495 186
f 13536 186 13572
f 185 13536 13572
f 13494 13534 13535
f 13494 13493 13534
f 226 13495 13496
f 223 13498 13499
f 222 223 13499
f 223 222 13453
f 270 13452 13453
f 13452 223 13453
f 13350 375 376
f 13350 376 13349
f 323 13350 13349
f 13126 539 13067
f 540 13126 13067
f 539 13126 13186
f 13126 540 13186
f 13130 536 13189
f 13070 536 13130
f 13007 655 597
f 13067 13007 597
f 596 13007 13067
f 715 714 12884
f 714 715 12946
f 715 12884 12883
f 716 715 12883
f 715 716 12945
f 12946 715 12945
f 12829 12765 829
f 12828 12829 829
f 12829 12828 768
f 12829 768 12892
f 12765 12829 828
f 12829 12830 828
f 768 769 12890
f 12828 769 768
f 769 12828 12827
f 12889 769 12827
f 769 12889 12890
f 705 12896 12895
f 12896 705 704
f 12832 12769 826
f 12832 12833 12769
f 1017 12634 954
f 12635 12700 890
f 953 12635 890
f 12700 12635 954
f 12635 1017 954
f 1017 12635 953
f 955 892 12699
f 12632 955 1019
f 892 955 12632
f 649 650 13013
f 12953 650 649
f 650 12953 12952
f 650 13012 13013
f 650 12952 651
f 13012 650 651
f 12888 711 12889
f 711 710 12889
f 711 12951 710
f 711 12888 12950
f 12951 711 12950
f 12573 12572 1013
f 12572 12573 1078
f 1078 12573 12574
f 12570 1080 12502
f 12570 12571 1080
f 12571 1015 1014
f 12570 1015 12571
f 12704 887 950
f 12769 12704 12703
f 12704 12769 825
f 12505 12437 1144
f 1211 12437 12367
f 1144 12437 12366
f 12437 1211 12366
f 12506 12505 1078
f 1077 12506 1078
f 12960 12959 644
f 12959 12960 704
f 12960 703 704
f 13082 13141 526
f 13141 13082 13081
f 13201 13142 526
f 13202 13142 13201
f 13142 13082 526
f 13082 13142 13083
f 13143 13202 13203
f 653 652 12949
f 12948 653 12949
f 713 712 12886
f 713 12948 712
f 12885 713 12886
f 714 713 12885
f 713 714 12947
f 12948 713 12947
f 13010 13011 651
f 13011 13010 593
f 13011 13012 651
f 13012 13011 592
f 592 13011 13071
f 13011 593 13071
f 13309 13308 363
f 13308 13309 417
f 13360 363 13307
f 13360 13307 364
f 13410 13360 364
f 360 13311 13363
f 13311 361 13363
f 13311 414 415
f 13311 360 13312
f 414 13311 13312
f 13064 13065 599
f 542 13065 13064
f 13065 542 13124
f 541 13065 13124
f 599 13065 598
f 13065 13066 598
f 13065 541 13066
f 3198 10360 10361
f 10290 3198 10291
f 3198 3197 10291
f 3198 10361 10362
f 3197 3198 10362
f 3266 3265 10223
f 3266 10290 3265
f 10222 3266 10223
f 3133 3062 10431
f 10430 3062 3133
f 3062 10504 10431
f 3062 10430 10504
f 10504 10579 2990
f 10578 10579 10504
f 10579 10578 2918
f 10579 10580 2990
f 10580 10579 2917
f 10579 2918 10655
f 2917 10579 10655
f 2991 10504 10503
f 2991 10578 10504
f 2991 10503 10577
f 10578 2991 10577
f 10357 3202 10356
f 3202 10286 10285
f 3202 3201 10286
f 3202 10357 3201
f 3202 3203 10356
f 3203 3202 10285
f 3269 3268 10220
f 3268 10221 10220
f 3268 3269 10286
f 10287 3268 10286
f 3268 3267 10221
f 3268 10287 10288
f 3268 10288 3267
f 10225 3264 10226
f 3263 3264 10292
f 3264 3263 10226
f 10292 3264 10291
f 3264 10224 10291
f 3264 10225 10224
f 9963 3460 3459
f 3522 9963 3459
f 9963 3523 3460
f 9963 3522 3523
f 3584 9898 9962
f 9898 3524 9962
f 3524 9898 3585
f 9836 9898 3584
f 9898 9836 3585
f 3646 9775 9774
f 3646 9836 9775
f 10025 3463 10024
f 3399 10025 10024
f 10025 3399 3398
f 10025 3398 10026
f 3326 3327 10228
f 10163 3327 3326
f 3327 3328 10228
f 3327 10163 3328
f 10229 3326 10228
f 3260 10229 10228
f 3325 10229 10230
f 10229 3325 3326
f 10230 10229 3259
f 10229 3260 3259
f 3517 3454 3516
f 3517 9967 3454
f 9967 3517 3578
f 3518 9966 3455
f 9966 3456 3455
f 9966 3519 3456
f 9966 3518 3579
f 3519 9966 3579
f 3390 3391 10098
f 10032 3391 3390
f 10098 3391 10097
f 3391 3392 10097
f 3392 3391 10031
f 3391 10032 10031
f 3054 10440 3125
f 10439 3054 3125
f 3054 10439 10513
f 3054 10514 10440
f 3054 10513 10514
f 2175 2098 11430
f 11269 2330 11268
f 2251 11269 11268
f 2250 11269 2251
f 11351 2173 2172
f 11351 2250 2173
f 11592 2021 2022
f 2021 11512 2022
f 1946 2021 11592
f 11431 11432 2173
f 11432 11431 2096
f 2096 11431 2097
f 11431 2173 11350
f 2174 11431 11350
f 2097 11431 11430
f 11431 2174 11430
f 2487 2407 11189
f 11432 2171 2172
f 2325 2404 11191
f 2325 2324 2404
f 2246 2325 11272
f 11189 2406 2486
f 2406 11190 2486
f 2244 2243 11275
f 2323 2244 11275
f 11274 2244 2323
f 2244 11356 2243
f 2244 2167 11356
f 2244 11355 2167
f 11355 2244 2245
f 2244 11274 2245
f 2018 11595 2017
f 2017 11595 1942
f 11595 1943 1942
f 11515 2018 2017
f 11183 2493 2413
f 2493 11182 2413
f 2493 11100 11099
f 2493 11181 11182
f 11100 2492 11101
f 11184 2492 2412
f 11101 2492 11184
f 2492 11183 2412
f 2492 2493 11183
f 2493 2492 11100
f 13155 13096 13095
f 13155 13095 13154
f 515 13155 13154
f 514 13155 515
f 13156 13155 514
f 13036 13037 628
f 13096 13037 13036
f 628 13037 627
f 13037 13038 627
f 571 13037 13096
f 13155 571 13096
f 571 13155 13156
f 12659 933 12658
f 12593 12659 995
f 933 12659 12593
f 12724 12659 12658
f 870 12789 12725
f 12659 870 12725
f 870 12659 12724
f 12789 870 12788
f 870 12724 12788
f 12787 12723 872
f 12723 12722 872
f 12722 12723 12657
f 12723 12658 12657
f 1375 1376 12194
f 12123 1376 1375
f 12194 1376 1377
f 1376 12122 1377
f 12122 1376 1444
f 1376 12123 1444
f 13444 233 13489
f 13529 233 13488
f 233 13529 13489
f 233 13444 280
f 13488 233 13443
f 233 280 13443
f 13445 231 278
f 13490 231 13445
f 278 231 13446
f 231 13490 13491
f 230 231 13491
f 13446 231 230
f 552 13115 13055
f 13114 552 13055
f 552 13174 13115
f 552 13114 13174
f 13178 548 13118
f 13119 548 13178
f 548 13119 13059
f 13058 548 13059
f 13118 548 13058
f 547 13060 13059
f 13119 547 13059
f 547 13120 13060
f 13120 547 13179
f 547 13119 13179
f 12478 12410 1171
f 12478 1170 12410
f 12478 1171 1105
f 1104 12478 1105
f 12478 1104 12479
f 2370 11225 2371
f 11225 11224 2371
f 2452 11225 11142
f 11224 11225 2452
f 2526 11062 11063
f 11062 11144 11063
f 11062 2526 2527
f 11144 11062 2450
f 11062 11143 2450
f 11061 11062 2527
f 11143 11062 11061
f 2290 2289 2369
f 2370 2290 2369
f 2289 2290 11309
f 2291 2370 2371
f 2291 2290 2370
f 2212 11307 11306
f 2212 2135 11388
f 11389 2212 11388
f 2213 2212 11306
f 2135 2212 11387
f 2212 2213 11387
f 11704 1913 1914
f 1913 1839 11705
f 1913 11704 1839
f 1912 1913 11705
f 11626 1913 1912
f 1620 11860 11859
f 1621 1620 11859
f 1620 1619 11860
f 1619 1620 11937
f 1620 11936 11937
f 11935 1621 11934
f 1550 11935 11934
f 11935 1620 1621
f 1620 11935 11936
f 12085 1478 12157
f 12085 1477 12012
f 1477 12086 1547
f 12012 1477 1547
f 12086 1477 1409
f 1477 12085 1409
f 1411 12156 1479
f 12156 1411 12155
f 12298 12369 1208
f 12369 12298 1209
f 1274 12301 1273
f 1273 12301 12302
f 1845 11776 1771
f 1772 11776 1845
f 11538 1994 1993
f 1994 11618 1993
f 1994 2069 11537
f 2069 1994 11538
f 11617 1994 11537
f 11618 1994 11617
f 2070 11536 11537
f 11536 1995 11537
f 1995 11536 1996
f 11536 2071 1996
f 2071 11536 2070
f 1995 11616 11617
f 11616 1921 11617
f 11616 1995 1996
f 2146 11455 11456
f 11455 2146 2147
f 11455 2070 11456
f 11455 2071 2070
f 2073 11452 11532
f 11533 2073 11532
f 11452 2073 2149
f 1697 1698 11853
f 11776 1698 1771
f 11702 1841 1915
f 1841 11703 1915
f 1841 1767 11703
f 1767 1841 11780
f 1841 1768 11780
f 1841 11702 1768
f 11457 2069 2145
f 11457 2145 11376
f 11456 11457 11376
f 2070 11457 11456
f 11457 2070 11537
f 2069 11457 11537
f 14917 6839 14916
f 14893 6839 14917
f 6839 14893 6867
f 14892 6839 6867
f 6839 14892 14916
f 10600 2968 2969
f 2968 10525 2969
f 2968 10600 10526
f 10452 2968 10526
f 10525 3040 10451
f 3040 3111 10451
f 3040 10452 3111
f 2968 3040 10525
f 3040 2968 10452
f 11304 2294 11303
f 11304 2293 2294
f 2374 2294 11222
f 2454 2374 11222
f 2374 2454 11221
f 2374 11221 2295
f 2294 2374 2295
f 2373 11223 11222
f 11223 2453 11222
f 2453 11223 11141
f 11223 11224 11141
f 11140 11141 11059
f 11140 2453 11141
f 11140 11059 11058
f 11139 11140 11058
f 2453 11140 11139
f 2213 11305 2214
f 11305 11304 2214
f 11304 11305 2293
f 11305 2213 11306
f 2136 11467 2060
f 11467 2136 11386
f 2060 11467 11547
f 11546 1986 11547
f 1986 11546 1987
f 11546 11545 1987
f 11628 1911 1910
f 1985 11628 11629
f 11628 1910 11629
f 1986 11628 1985
f 11628 1986 11627
f 1911 11628 11627
f 2288 2368 2289
f 11311 2288 2209
f 2288 11311 2287
f 2367 2288 2287
f 2288 2367 2368
f 13850 8010 8009
f 8023 8010 13850
f 8010 8023 13849
f 8010 13849 8011
f 8012 7997 8011
f 13860 7997 8012
f 7992 13865 8006
f 13864 7992 8007
f 7992 8006 8007
f 7977 7992 13864
f 13865 7992 7977
f 8006 7991 8005
f 13865 7991 8006
f 7991 7990 8005
f 7990 7991 13866
f 7942 7925 13922
f 7925 7942 13921
f 13937 7925 13921
f 13879 7976 13878
f 7991 7976 13866
f 7976 7991 13865
f 7976 7977 13878
f 7976 13865 7977
f 7975 13880 7974
f 7975 13879 13880
f 7975 13867 7989
f 13867 7975 7974
f 13866 7975 7989
f 7976 7975 13866
f 7975 7976 13879
f 13987 7867 7845
f 7866 13987 7844
f 7867 13987 13970
f 13987 7866 13970
f 14006 14005 7821
f 7844 14005 14006
f 13987 14005 7844
f 14005 13987 7845
f 7887 13937 13952
f 7887 13953 13937
f 7888 7887 13952
f 7887 7888 13969
f 7867 7887 13969
f 7887 7867 13970
f 13953 7887 13970
f 7906 7924 13922
f 7924 7906 13938
f 13938 13954 7905
f 13954 7885 7905
f 7885 13954 13971
f 7884 7904 13955
f 7884 13956 7904
f 13972 7884 13955
f 7884 13972 13973
f 13956 7884 13973
f 7863 7862 13973
f 7862 13990 7840
f 13990 7862 7863
f 7862 7883 13973
f 7883 7862 7882
f 7865 7885 13971
f 7865 13972 7885
f 7864 7863 13972
f 7865 7864 13972
f 7863 7864 7841
f 7843 14006 14007
f 7842 7843 14007
f 14027 7818 14008
f 7818 14009 14008
f 7794 7818 14027
f 14028 7818 7794
f 7837 14011 14012
f 7837 14012 7836
f 13993 7837 7836
f 7837 7838 14011
f 7838 7837 13993
f 7860 13993 13976
f 7880 7860 13976
f 13975 7860 7880
f 7860 7838 13993
f 8267 8288 4984
f 4966 8288 4985
f 8288 8267 4985
f 8288 4966 8310
f 4965 8288 8310
f 4902 4903 8382
f 4903 4881 8382
f 4881 4903 8381
f 4903 4904 8381
f 4903 8357 4904
f 8357 8358 8334
f 8358 4902 8359
f 4903 8358 8357
f 8358 4903 4902
f 4924 8357 8334
f 4924 8333 8357
f 4946 4925 8310
f 8332 4925 4946
f 4925 8332 8356
f 8333 4925 8356
f 8336 4943 8313
f 8336 4922 4943
f 4922 8336 8360
f 8336 4901 8360
f 4901 8336 8359
f 4964 4944 8313
f 8287 4986 4967
f 8287 8266 4986
f 8266 8287 4985
f 8287 4966 4985
f 8287 8309 4966
f 8309 8287 4967
f 5023 5039 8224
f 5023 5038 5039
f 8225 5023 8224
f 5038 5023 8225
f 5064 8181 8167
f 5064 8180 8181
f 8166 5064 8167
f 5064 5065 8179
f 8180 5064 8179
f 8195 5051 8211
f 5051 5036 8211
f 5051 8210 5036
f 5051 8194 8210
f 5051 8195 8194
f 8849 8808 8807
f 8849 8892 8893
f 8808 4525 8807
f 4525 4524 8766
f 4525 8808 4524
f 8807 4525 4526
f 4525 8765 4526
f 4562 8765 8766
f 8765 4525 8766
f 8764 4527 4526
f 8765 8764 4526
f 8764 8765 4563
f 8764 4563 4564
f 4527 8764 8763
f 8764 4564 8763
f 8726 8727 4597
f 8725 8726 4597
f 4563 8726 8725
f 8727 8726 4562
f 8726 8765 4562
f 8765 8726 4563
f 8621 4660 8655
f 4692 4660 8621
f 4660 4692 8620
f 4660 8620 8654
f 4660 8654 4628
f 8655 4660 4628
f 8521 4752 4781
f 4782 8521 4781
f 8521 4782 4753
f 8521 8553 4752
f 8521 4753 4723
f 8553 8521 4723
f 4782 8520 4753
f 8520 4782 4783
f 8459 4836 8430
f 4836 8459 8460
f 4836 8431 8430
f 8431 4836 8460
f 8459 4810 8489
f 4782 4810 8488
f 4810 4782 8489
f 4810 8458 8488
f 4810 8459 8458
f 4725 8518 4755
f 4754 8518 4725
f 8518 4784 4755
f 8518 4754 4784
f 4784 8519 4783
f 4754 8519 4784
f 8519 8520 4783
f 8519 4754 4753
f 8520 8519 4753
f 8698 4587 4621
f 4587 8699 4621
f 4588 4587 8698
f 8737 4587 4588
f 4587 8737 8738
f 4587 4586 8699
f 4586 4587 8738
f 8341 8365 4917
f 8365 7897 4917
f 4896 8365 4918
f 8365 8341 4918
f 8390 8389 4873
f 8389 8390 4896
f 7876 8390 4873
f 7897 8390 7876
f 8390 8365 4896
f 8365 8390 7897
f 13934 13918 7911
f 13934 7928 13918
f 7928 13934 7910
f 7910 13934 13950
f 13934 7891 13950
f 7891 13934 7911
f 13889 13903 7962
f 13903 13904 7962
f 13903 7946 13904
f 13903 13889 7963
f 7930 7912 13917
f 7930 7913 7912
f 7930 13902 7948
f 13931 13947 7914
f 13947 13931 7915
f 7932 13931 7914
f 7915 13931 7932
f 7967 13873 13885
f 13873 7967 13886
f 13899 7967 13885
f 13886 7967 7950
f 7967 13899 7950
f 7983 13872 13885
f 13873 7983 13885
f 7983 7984 13872
f 7983 13860 7998
f 13859 7983 7998
f 7984 7983 13859
f 7982 13874 7981
f 7982 13873 13874
f 13861 7982 7981
f 7997 7982 13861
f 7982 7997 13860
f 7983 7982 13860
f 7982 7983 13873
f 8628 8627 4654
f 4686 8627 8628
f 8627 8661 4654
f 8627 8626 8661
f 8627 4686 8626
f 4652 8630 8629
f 4652 8664 8630
f 8663 4652 8629
f 4620 4652 8663
f 8664 4652 4620
f 8819 4514 4515
f 4476 8819 8860
f 8861 8819 4476
f 8818 8819 4515
f 8860 8819 8818
f 8819 8861 8820
f 4514 8819 8820
f 8743 4548 8782
f 4548 8781 8782
f 8742 4548 8743
f 4549 4548 8742
f 4548 4549 8781
f 4828 8468 8498
f 8469 4828 8498
f 4828 8439 8468
f 4828 8469 8440
f 8439 4828 8440
f 1563 11920 11919
f 11920 1563 11995
f 11994 1563 11919
f 1563 12068 11995
f 12068 1563 11994
f 1779 11768 1852
f 11768 1779 11767
f 1705 11768 11767
f 1489 1420 12073
f 12144 1489 1421
f 1489 12144 1420
f 11997 11922 1561
f 11998 11997 1490
f 11997 12071 1490
f 12071 11997 1491
f 11997 11996 1491
f 11996 11997 1561
f 1631 11848 11847
f 1632 1631 11847
f 11922 11923 1632
f 11923 1631 1632
f 1631 11923 11924
f 1559 12000 11925
f 11924 1559 11925
f 1704 1705 11845
f 11846 1704 11845
f 11922 1633 11921
f 1633 11846 11845
f 1633 11922 1632
f 11846 1633 1632
f 1633 1634 11921
f 1634 1633 11845
f 1702 1703 11848
f 1702 11849 11772
f 11849 1702 11848
f 11908 1648 11907
f 1647 1648 11908
f 1648 1647 11831
f 11907 1648 1649
f 1648 11831 1649
f 10346 3212 3213
f 10346 3143 3212
f 3143 10346 3144
f 10345 10346 3213
f 3144 10346 10345
f 10347 3211 3212
f 3143 10347 3212
f 3072 3143 10420
f 3073 3072 10420
f 10494 3072 3073
f 10570 10571 2999
f 10571 2926 10647
f 2925 10571 10647
f 10571 2925 10572
f 10424 10498 3068
f 10424 3068 3139
f 3140 10424 3139
f 10427 10426 3065
f 10427 3137 10426
f 3137 10427 3136
f 3136 10427 10428
f 10427 10501 10428
f 10501 10427 3065
f 2623 10880 2700
f 2699 10880 2623
f 10880 2774 2700
f 2774 10880 10803
f 10880 2699 10803
f 10349 10350 3209
f 3210 10349 3209
f 10349 3140 3139
f 10350 10349 3139
f 3140 10349 3141
f 2472 11202 2471
f 11119 2472 2471
f 11202 2472 2392
f 2472 11201 2392
f 2472 2473 11201
f 2472 11118 2473
f 2472 11119 11118
f 2696 10883 2620
f 10883 10806 2771
f 10883 2696 10806
f 6703 6704 15032
f 6735 6704 6703
f 6704 6735 15005
f 6704 6705 15032
f 6705 6704 15005
f 6736 6705 15005
f 6736 6767 6737
f 6736 14979 6767
f 14979 6736 6766
f 6736 15005 6766
f 14867 6871 6870
f 6843 6871 14889
f 6871 6843 6870
f 14889 6871 6872
f 6871 14866 6872
f 6871 14867 14866
f 15141 6572 15140
f 6572 15141 6571
f 6572 6571 6607
f 15111 6572 6607
f 6572 15111 6608
f 6572 6573 15140
f 6573 6572 6608
f 15057 15056 15084
f 6674 15056 15057
f 6640 15056 15083
f 15056 6640 15084
f 15056 6675 15083
f 15056 6674 6675
f 15030 6706 6707
f 15030 15029 6673
f 15029 15030 6707
f 6672 15030 6673
f 6706 15030 6672
f 15003 6739 6707
f 6706 15003 6707
f 6738 15003 6706
f 15003 6769 6739
f 15003 6738 14977
f 6769 15003 14977
f 6741 6772 15000
f 6710 6741 15000
f 6741 6710 6709
f 15001 6741 6709
f 14976 6771 6770
f 6771 6740 6770
f 14975 6771 14950
f 6771 14976 14950
f 6740 6771 15001
f 6771 6741 15001
f 6772 6771 14975
f 6741 6771 6772
f 8990 4356 8991
f 4356 4313 8991
f 4356 8990 4357
f 9083 9130 4270
f 9130 9131 4270
f 9130 4224 9131
f 4314 9035 9036
f 8989 4314 4357
f 4314 4356 4357
f 4356 4314 4313
f 4314 9036 9037
f 4313 4314 9037
f 8988 8989 4399
f 4400 8988 4399
f 4556 8733 8772
f 8773 4556 8772
f 4555 8773 8774
f 9038 9085 4268
f 4269 9085 9038
f 9225 4228 4182
f 9225 9175 4228
f 9175 9225 4181
f 4135 9225 4182
f 9225 4134 4181
f 9225 4135 4134
f 4273 9081 9034
f 9081 4272 9034
f 9081 4273 9128
f 4272 9081 9128
f 9132 4223 4222
f 9132 9085 4269
f 9132 4269 9131
f 4223 9132 9131
f 9085 9132 4268
f 9132 9133 4268
f 9282 4128 9281
f 4128 9282 4127
f 4128 4129 9281
f 4128 9230 4129
f 4128 4175 9230
f 4223 4176 9180
f 4176 4175 9180
f 4175 4176 9230
f 4176 4223 9179
f 9230 4176 4129
f 8992 4355 4312
f 4313 4355 8991
f 4355 4313 4312
f 4355 8992 4396
f 4355 4397 8991
f 4355 4396 4397
f 8947 8948 4436
f 8948 8949 4435
f 8905 8948 4435
f 8948 8905 4436
f 8948 4395 4394
f 8949 8948 4394
f 4432 8909 8908
f 4432 4433 8951
f 4432 8908 4433
f 4432 8952 4431
f 8909 4432 4431
f 8908 4473 8907
f 8864 4473 8908
f 4473 8863 8907
f 8863 4473 8822
f 4473 8864 8822
f 4472 8864 8908
f 4124 9233 4125
f 9233 4173 4125
f 4173 9233 4172
f 9233 4171 4172
f 9233 4124 4171
f 4219 4173 9183
f 9135 4219 9183
f 9134 9133 4220
f 9134 9087 4266
f 9134 9135 9087
f 9134 4219 9135
f 4267 9039 4268
f 9133 4267 4268
f 4131 9228 9227
f 4130 9228 4131
f 4178 9178 4225
f 9178 4178 4224
f 9178 9130 4225
f 9130 9178 4224
f 9229 4130 4129
f 4176 9229 4129
f 9386 9333 4027
f 9386 4026 9333
f 4026 9386 9440
f 9906 9844 3575
f 9844 3576 3575
f 9844 9906 3574
f 9845 9844 3574
f 9723 3696 3754
f 9969 3514 3575
f 3515 9969 3575
f 9969 3452 3514
f 9969 3453 3452
f 9969 3515 3453
f 9965 3580 3520
f 9965 3519 3580
f 9965 3520 3457
f 3519 9965 3457
f 4179 4180 9227
f 4179 4178 4225
f 9177 4179 4225
f 4180 4226 9176
f 4226 9128 9176
f 4179 4226 4180
f 4226 4179 9177
f 9129 9177 4225
f 4272 9129 9082
f 9129 4226 9177
f 9130 9129 4225
f 9129 4272 9128
f 4226 9129 9128
f 9224 4135 4182
f 9224 4182 4183
f 9275 9224 4136
f 4135 9224 9275
f 9224 9223 4136
f 9223 9224 4183
f 4084 4085 9327
f 9274 4085 4084
f 4085 9326 9327
f 4085 9274 4086
f 9326 4085 4086
f 4029 9437 9384
f 9383 9437 4029
f 3865 9607 3864
f 9550 3865 3864
f 3865 9550 9549
f 9551 3918 3864
f 3918 9550 3864
f 9494 3918 9495
f 3918 3917 9495
f 3917 3918 9551
f 3812 9604 9603
f 4033 4032 9328
f 4032 4033 9381
f 4032 4031 9328
f 4031 4032 9382
f 4032 9435 9382
f 9435 4032 9381
f 7643 14176 7642
f 14176 14177 7642
f 14177 14176 7611
f 7611 14176 7612
f 7670 14152 7642
f 14152 7643 7642
f 14152 7671 7643
f 14152 14129 7671
f 14129 14152 7699
f 7583 14199 7584
f 14199 7614 14198
f 7584 14199 14198
f 14199 7583 14200
f 14199 7613 7614
f 7613 14199 14200
f 7613 14175 7644
f 14151 14175 7643
f 14175 14151 7644
f 14175 7613 7612
f 14176 14175 7612
f 14175 14176 7643
f 14103 14127 7701
f 14127 14103 7702
f 7728 14103 14081
f 14104 14103 7701
f 14103 14104 14081
f 14021 14040 7801
f 7802 14040 14021
f 14040 7802 7778
f 14040 7777 7801
f 7777 14040 7778
f 14039 14020 7803
f 14039 7802 14020
f 14039 7803 7779
f 7802 14039 7779
f 14019 7804 14038
f 7828 7827 14000
f 7828 14019 7827
f 7867 13986 7845
f 13986 7867 7868
f 7847 7869 13984
f 7847 13985 7869
f 14041 14022 7801
f 7777 14041 7801
f 14060 7753 7778
f 7753 14061 7778
f 14061 7753 7752
f 7753 7726 7752
f 7753 14060 7727
f 7726 7753 7727
f 14066 7746 7745
f 7771 14066 7745
f 7819 7795 14027
f 7795 7819 14026
f 7773 7774 14064
f 14043 7774 7798
f 7773 7748 14065
f 7748 7773 14064
f 7722 7748 14064
f 14024 14043 7798
f 7821 14024 7798
f 14005 14024 7821
f 14024 14005 7822
f 7800 7776 14042
f 7776 7777 7751
f 7776 14041 7777
f 14041 7776 7800
f 14024 7799 14043
f 7799 14024 7822
f 14025 14006 7821
f 14025 7820 14006
f 14025 7821 7798
f 7700 14128 7672
f 14129 7700 7672
f 7700 14104 14128
f 14104 7700 14105
f 7700 14129 14105
f 14063 14084 7723
f 14107 7697 14131
f 14084 14107 7723
f 7697 14107 14106
f 7725 7751 7752
f 7725 14083 7751
f 14082 7725 7752
f 7725 14082 14105
f 14106 7725 14105
f 14083 7725 14106
f 7668 14154 7640
f 14154 7669 7640
f 14154 7668 14131
f 7669 14154 14131
f 7669 14130 14153
f 14130 7669 7697
f 14130 7670 14153
f 14130 7697 14106
f 7698 14130 14106
f 14130 7698 7699
f 14152 14130 7699
f 14130 14152 7670
f 7722 14085 14108
f 14107 14085 7723
f 14085 14107 14108
f 7748 7721 14065
f 7721 14109 14087
f 7608 14178 7609
f 14178 7608 7639
f 14178 7639 7640
f 14177 14178 7640
f 14178 14177 7609
f 7418 7451 14368
f 7451 7418 14369
f 7418 7385 14369
f 7418 14368 7386
f 7385 7418 7386
f 14123 7706 14099
f 4646 14123 4678
f 8670 4646 4678
f 4613 4646 8670
f 14077 14100 7732
f 14100 14077 14099
f 7706 14100 14099
f 4613 7649 14146
f 7649 4613 14170
f 7649 7677 14146
f 14197 14196 7587
f 14196 7588 7587
f 14196 7618 7588
f 7675 14148 7646
f 14148 7675 14126
f 14172 7615 7646
f 7615 14172 7616
f 14172 14148 7647
f 14148 14172 7646
f 7645 14150 7674
f 14150 14127 7674
f 14150 7673 14127
f 7673 14150 7644
f 14150 14174 7644
f 14150 7645 14174
f 8866 8909 8910
f 4470 8866 8910
f 8909 8866 4471
f 8866 8824 4471
f 8866 4470 8825
f 4509 8866 8825
f 8866 4509 8824
f 7848 7849 14002
f 7849 7848 13984
f 7848 7847 13984
f 14001 7826 14002
f 7849 14001 14002
f 14001 14020 7826
f 14020 14001 7827
f 14001 7849 7850
f 7827 14001 14000
f 14001 7850 14000
f 7912 7892 13933
f 13948 7892 7912
f 14495 7269 7295
f 7269 14496 7295
f 7269 7270 14517
f 7269 14495 7270
f 7244 7269 14517
f 7269 7244 14518
f 7269 14518 7268
f 14496 7269 7268
f 14252 7553 14279
f 7553 14251 14279
f 7554 7553 14224
f 14251 7553 7554
f 7584 7553 14225
f 7553 7584 14224
f 7553 7552 14225
f 7552 7553 14252
f 4350 4392 8995
f 4392 4393 8995
f 4393 4392 8950
f 4433 4392 8951
f 8950 4392 4433
f 9090 9043 4263
f 9043 9090 4262
f 9137 9090 4263
f 9090 9137 4262
f 14333 4430 8953
f 4389 14333 8953
f 14333 7492 4430
f 7491 14333 14334
f 14333 7491 7492
f 7426 7425 7458
f 7425 7426 7393
f 14598 14599 7196
f 14598 7174 14599
f 14598 14579 7197
f 14598 7196 14579
f 7174 14598 7175
f 14597 14598 7197
f 14598 14597 7175
f 7333 14465 14441
f 14465 7332 14441
f 7332 14465 7304
f 14465 7305 7304
f 14465 7333 7305
f 7332 14442 14441
f 14442 7332 14466
f 14442 7331 14443
f 7331 14442 14466
f 7205 7228 14571
f 7205 14572 7228
f 14572 7205 14591
f 7204 14572 14591
f 14572 7204 14552
f 7225 14554 14574
f 14554 7203 14574
f 7203 14554 14573
f 7277 14511 7276
f 7278 7277 7304
f 7277 7278 14510
f 7277 14510 7252
f 14511 7277 7252
f 14594 14593 7179
f 7201 14593 14594
f 14610 14611 7181
f 14610 7162 14611
f 7182 14610 7181
f 7162 14610 7163
f 14610 14609 7163
f 14610 7182 14609
f 7161 7162 14626
f 7161 7143 14627
f 7143 7161 14626
f 7162 7161 14611
f 7160 7161 14627
f 14611 7161 7160
f 14641 7143 7126
f 7143 14641 7125
f 14641 7126 7109
f 14656 14641 7109
f 7125 14641 14656
f 14613 7159 7158
f 14614 14613 7158
f 14613 14614 7177
f 7159 14613 14612
f 5159 16414 16415
f 16414 5159 16405
f 5159 5169 16405
f 5169 5159 16406
f 5159 5158 16406
f 5159 16415 5158
f 16423 5142 16424
f 5150 16423 16424
f 5142 16423 13764
f 16423 2 13764
f 16423 5150 2
f 13758 13757 7
f 13757 13760 7
f 13757 13758 10
f 13757 8 13760
f 13757 11 8
f 13753 13757 10
f 11 13757 13753
f 13471 208 13514
f 208 13471 253
f 13471 16202 252
f 13471 252 300
f 13471 300 13425
f 253 13471 13425
f 12969 12970 695
f 12969 635 12970
f 16022 13152 5511
f 13092 13152 16022
f 13152 16077 5511
f 13031 575 13032
f 575 13031 13091
f 575 13092 13032
f 13092 575 13091
f 576 13031 13030
f 577 576 13030
f 576 577 13090
f 576 13090 13091
f 13031 576 13091
f 12907 12844 755
f 12844 12843 755
f 816 12714 12779
f 816 12780 12714
f 816 12844 12780
f 12843 816 12779
f 12844 816 12843
f 815 12845 12781
f 815 12781 12715
f 12780 815 12715
f 815 12844 12845
f 12844 815 12780
f 588 13076 13077
f 13076 589 13075
f 589 13076 13016
f 13076 588 13016
f 532 13076 13075
f 13135 13076 532
f 13021 13020 585
f 13080 528 13140
f 13081 13080 13140
f 585 13080 13081
f 13198 13197 472
f 13198 13256 471
f 13256 13198 472
f 13199 13198 471
f 12830 12831 827
f 12831 12830 766
f 827 12831 12767
f 12894 12831 766
f 12831 826 12767
f 12831 12832 826
f 12894 706 12895
f 705 706 12957
f 706 705 12895
f 706 12956 12957
f 12956 706 707
f 706 12894 707
f 12955 647 707
f 647 12955 648
f 12893 12955 707
f 12955 12893 708
f 12955 708 12954
f 648 12955 12954
f 13136 530 13077
f 530 13136 13196
f 311 264 13459
f 264 311 13412
f 264 219 13459
f 517 13152 13092
f 13090 13150 13091
f 13150 13090 519
f 13149 13150 519
f 405 13266 406
f 13267 13266 405
f 13266 13265 406
f 13265 13266 463
f 13147 13207 520
f 13088 13147 520
f 13373 13372 303
f 13372 13373 352
f 13372 352 353
f 13372 13421 303
f 408 13263 409
f 13263 13262 409
f 13262 13263 465
f 13420 13370 305
f 13369 13370 355
f 13370 13419 305
f 13370 13369 13419
f 408 13319 407
f 13319 353 13320
f 407 13319 13320
f 13371 13372 353
f 13371 13420 304
f 13319 13371 353
f 13371 13319 354
f 13421 13371 304
f 13372 13371 13421
f 13371 13370 13420
f 13370 13371 354
f 13318 408 409
f 13318 13319 408
f 13319 13318 354
f 13370 13318 355
f 13318 13370 354
f 13316 13317 410
f 410 13317 409
f 13317 13316 355
f 13317 13318 409
f 13318 13317 355
f 260 215 13463
f 260 13462 215
f 13462 260 13416
f 260 307 13416
f 260 13463 13417
f 307 260 13417
f 216 261 13461
f 261 216 13462
f 13461 261 13415
f 261 308 13415
f 308 261 13416
f 261 13462 13416
f 15671 15710 5863
f 15671 15711 5908
f 15711 15671 5863
f 15710 15671 5909
f 5909 15671 15631
f 15671 5908 15631
f 16066 16038 5493
f 16066 16039 16038
f 16039 16066 5492
f 16094 16066 5493
f 5492 16066 16094
f 15986 15987 5587
f 15987 15986 5551
f 5551 15986 5552
f 5588 15986 5587
f 15986 15985 5552
f 15985 15986 5588
f 5550 15987 5551
f 16019 5550 5515
f 5550 16019 5549
f 15988 5550 5549
f 5550 15988 5585
f 15987 5550 5585
f 5304 16259 5305
f 16278 5304 5305
f 5304 16260 16239
f 16259 5304 16239
f 5304 16278 16279
f 16260 5304 5303
f 5304 16279 5303
f 5791 5750 15812
f 5792 5791 15774
f 5791 5792 5750
f 5749 5791 15812
f 5835 5791 15775
f 15774 5791 5835
f 5790 5749 15813
f 5791 5790 15775
f 5790 5791 5749
f 5790 15776 15775
f 15776 5790 5789
f 5790 5748 5789
f 5748 5790 15813
f 5748 15813 5707
f 15849 5748 5707
f 5747 5748 15849
f 5787 15815 5745
f 15778 5787 5786
f 15815 5787 5788
f 15816 5787 5745
f 5787 15816 5786
f 5787 15777 5788
f 15777 5787 15778
f 5963 15585 6010
f 15585 5963 5962
f 15585 6009 6010
f 15585 15586 6009
f 15586 15585 5962
f 6016 15579 15580
f 15579 5969 15580
f 15579 6016 6017
f 5969 15579 5970
f 5970 15579 15578
f 15579 6018 15578
f 6018 15579 6017
f 15619 5969 5970
f 5923 15619 15618
f 15619 5970 15618
f 15699 15659 5877
f 15698 15659 5923
f 15659 15698 5877
f 15659 15619 5923
f 11554 11474 2055
f 2055 11474 11473
f 11474 2131 11473
f 11474 2130 2131
f 1981 1980 11553
f 1980 11554 11553
f 1980 1981 11634
f 1980 11634 11635
f 1979 1980 11635
f 1980 1979 11555
f 11554 1980 11555
f 11394 6507 2206
f 2207 11394 2206
f 11393 11394 2207
f 15374 6212 6211
f 6254 15374 6253
f 15374 6211 6210
f 15375 15374 6210
f 6253 15374 15375
f 15373 6254 6255
f 15373 6255 6213
f 6212 15373 6213
f 15374 15373 6212
f 15373 15374 6254
f 15338 6253 6295
f 15338 6254 6253
f 15338 6295 6337
f 6291 6249 15342
f 6250 6249 6292
f 6249 6291 6292
f 6249 6250 15377
f 15378 6249 15377
f 6248 6249 15378
f 15342 6249 6248
f 15241 6451 15209
f 6452 15241 15209
f 6451 15241 6412
f 15241 6413 6412
f 15241 6452 6413
f 6454 15206 6455
f 6495 15206 6494
f 6456 15206 6495
f 15206 6456 6455
f 15206 6493 6494
f 6493 15174 6494
f 6493 15175 15174
f 6493 15207 6492
f 15175 6493 6492
f 6493 6454 15207
f 6493 15206 6454
f 6457 15204 15236
f 15237 6457 15236
f 6457 15237 15205
f 15204 6457 6496
f 6457 15205 6496
f 6417 6418 15270
f 6417 15237 6418
f 15237 6417 6416
f 6417 15271 6416
f 6376 6417 15270
f 15271 6417 6376
f 15318 6318 15319
f 15318 6360 6319
f 15318 6319 6277
f 6318 15318 6277
f 15252 6438 15220
f 6438 6477 15220
f 15253 6438 6398
f 6438 15252 6398
f 15254 6397 6396
f 6436 15254 6396
f 6437 15253 6397
f 15254 6437 6397
f 6437 6438 15253
f 15221 6437 6436
f 6437 15254 6436
f 6437 15221 6477
f 6438 6437 6477
f 6399 6359 15285
f 6400 6359 6399
f 15318 6359 6360
f 6359 15318 15319
f 6359 6358 15285
f 6359 15319 6358
f 6439 15251 6399
f 15251 6400 6399
f 15250 6441 15217
f 6441 15250 6440
f 6442 15250 15217
f 5927 5974 15615
f 5974 5927 15616
f 5928 5927 15615
f 5927 5928 15655
f 5927 5926 15616
f 5927 15655 5926
f 5884 15653 15692
f 15653 5930 15692
f 15693 15732 5883
f 15693 5884 15732
f 15653 15693 5929
f 15693 15653 5884
f 15694 15654 5883
f 5928 15654 15694
f 15654 15693 5883
f 15693 15654 5929
f 5976 15614 5975
f 15614 5928 5975
f 15654 15614 5929
f 15614 15654 5928
f 15612 15613 5978
f 5930 15613 15612
f 15614 15613 5929
f 15613 15653 5929
f 15653 15613 5930
f 6522 6523 15182
f 6523 6522 15151
f 6522 15182 6484
f 6522 6484 15183
f 6521 6522 15183
f 15151 6522 6521
f 15249 6443 6403
f 6443 15249 6442
f 15249 6403 6402
f 15250 15249 6402
f 15249 15250 6442
f 15150 6523 15151
f 6524 15150 6561
f 6523 15150 6524
f 6595 6559 15122
f 15122 6559 6594
f 6559 6558 6594
f 6558 6559 15152
f 6559 6521 15152
f 6559 15151 6521
f 6560 6595 15121
f 6596 6560 15121
f 6559 6560 15151
f 6560 6559 6595
f 6560 15150 15151
f 6560 6596 6561
f 15150 6560 6561
f 6626 15096 15068
f 15069 15096 6625
f 6659 15096 15069
f 15068 15096 6659
f 15095 15068 15067
f 6627 15095 15067
f 15095 6626 15068
f 6626 15095 6627
f 6516 15156 6517
f 15156 6554 6517
f 6515 15156 6516
f 6591 6555 6590
f 6591 15124 6592
f 6556 6591 6592
f 6555 6591 6556
f 15098 15070 6624
f 6620 6619 15073
f 6619 6620 15130
f 15071 6657 15070
f 15098 15071 15070
f 6585 6586 6550
f 6586 6585 15130
f 6620 6586 15130
f 6691 6722 15016
f 6691 6690 6722
f 6723 6691 15016
f 6691 6723 6692
f 15042 6691 6692
f 15219 15187 6479
f 15219 6479 6440
f 15219 6439 6478
f 15187 15219 6478
f 15251 15219 6440
f 15219 15251 6439
f 15186 6479 6517
f 6481 6482 15216
f 6482 6481 15184
f 6483 6482 15184
f 6482 6444 15216
f 6482 6483 6444
f 6480 15185 15217
f 15185 6481 15217
f 6481 15185 6520
f 15320 6275 6316
f 6275 15320 6317
f 15320 6316 6357
f 6358 15320 6357
f 6317 15320 6358
f 6191 6234 15390
f 15391 6234 6191
f 6234 6276 15354
f 6276 6234 15355
f 6235 6234 15354
f 6234 6235 15390
f 6234 6233 15355
f 6234 15391 6233
f 15189 6514 6515
f 6514 15157 6515
f 6514 6513 15158
f 6514 6552 15157
f 6513 6514 15190
f 15190 6514 6476
f 6514 15189 6476
f 6395 6394 15255
f 15288 6395 6396
f 6395 15255 6396
f 6354 6395 15288
f 6395 6354 15289
f 6394 6395 15289
f 6473 15224 15192
f 15224 6473 6434
f 6434 6473 15223
f 6473 15191 15223
f 6511 6473 15192
f 15191 6473 6511
f 15796 5768 5727
f 15831 5768 15795
f 5727 5768 15831
f 5768 15796 5809
f 5768 5810 15795
f 5810 5768 15758
f 5768 5809 15758
f 5724 15798 5725
f 5805 5764 5763
f 15799 5764 5805
f 5764 5723 5763
f 5764 5724 5723
f 5764 15799 5724
f 15759 15760 5852
f 15759 5808 15760
f 15759 5809 5767
f 5808 15759 5767
f 15721 15759 5852
f 15759 15721 5853
f 15759 5853 15758
f 5809 15759 15758
f 12091 12017 1473
f 12017 12016 1473
f 12017 1543 12016
f 12017 12091 1472
f 1612 11945 1611
f 11869 1612 1611
f 11945 1612 11944
f 11792 1683 1757
f 11792 11869 1683
f 11792 1758 11791
f 1758 11792 1831
f 11792 1757 1831
f 11943 1542 11944
f 1542 12019 11944
f 1543 1542 11943
f 11865 11866 1687
f 1615 11866 11865
f 11866 1686 1687
f 1686 11866 11867
f 1543 11942 11941
f 11942 1615 11941
f 11942 1543 11943
f 881 12776 12711
f 12581 942 1005
f 814 12716 12781
f 12716 877 12781
f 876 12716 12782
f 12716 814 12782
f 939 12716 876
f 12650 12716 939
f 877 12716 12650
f 940 12649 12715
f 12649 878 12715
f 878 12649 941
f 1004 12649 940
f 12649 1004 941
f 12444 12512 1137
f 12444 1138 12512
f 12374 12444 1137
f 12444 12374 12373
f 1138 12444 12373
f 1138 12511 12512
f 1072 12511 1073
f 12511 1072 12512
f 12580 12581 1071
f 1072 12580 1071
f 12579 1072 1073
f 12580 12579 1007
f 12579 12580 1072
f 1349 1350 12219
f 1349 12219 12220
f 1349 12220 1348
f 12149 1349 1348
f 1349 1417 12148
f 1417 1349 12149
f 1630 11849 11848
f 1630 11924 11925
f 1631 1630 11848
f 1630 1631 11924
f 11849 1629 11850
f 1629 11926 11850
f 11926 1629 11925
f 1629 1630 11925
f 1630 1629 11849
f 11850 1628 11851
f 11926 1628 11850
f 1627 1628 11928
f 1628 1627 11851
f 1701 11849 11850
f 11849 1701 11772
f 1846 1773 11775
f 1773 1846 11696
f 12082 12008 1481
f 12008 12007 1481
f 1550 12008 12009
f 12008 12082 12009
f 11932 1624 11931
f 11932 1623 11856
f 1624 11932 11856
f 1623 11932 11933
f 1553 12006 11931
f 12007 12006 1482
f 12006 12080 1482
f 12006 1553 1483
f 12080 12006 1483
f 14726 7044 7024
f 7023 14726 7024
f 7043 14726 7023
f 14726 14709 7044
f 14726 7043 14709
f 7470 7469 14323
f 14352 7469 7470
f 14353 7469 14352
f 14323 7469 14324
f 7469 14353 14324
f 14138 14161 7660
f 7661 14161 14138
f 14161 7661 7632
f 7660 14161 7631
f 14161 7632 7631
f 14136 7690 7691
f 14136 14159 7690
f 14159 14136 7663
f 14111 14136 7691
f 7692 14136 14111
f 7720 7747 14087
f 7721 7747 14065
f 7747 7721 14087
f 7747 7720 7746
f 14066 7747 7746
f 14134 7693 14110
f 7693 7692 14110
f 7692 7693 14135
f 7693 7665 14135
f 7665 7693 14134
f 7664 7665 14158
f 7665 7664 14135
f 7664 14158 7663
f 14136 7664 7663
f 7664 7692 14135
f 7664 14136 7692
f 7603 7602 14183
f 7603 14208 7602
f 7603 14183 14182
f 7604 7603 14182
f 7603 7604 14207
f 14208 7603 14207
f 7533 14269 7532
f 7532 14269 14297
f 14269 7500 14297
f 14291 14320 7506
f 14320 7474 7473
f 7474 14320 14319
f 14320 14291 14319
f 7506 14320 14292
f 14321 14320 7473
f 14320 14321 14292
f 14220 7559 7558
f 14247 14220 7558
f 7589 14220 14247
f 14219 14220 7589
f 7559 14220 14219
f 7560 14244 14245
f 14244 7561 7530
f 14244 7560 7561
f 14300 14273 7528
f 14272 14300 7528
f 14273 14300 7495
f 14300 14329 7495
f 7529 7528 14245
f 7529 14272 7528
f 14244 7529 14245
f 7529 14244 7530
f 7637 14180 7606
f 14180 7637 7638
f 14180 7607 7606
f 7607 14180 7638
f 14299 14327 14328
f 11156 11073 2517
f 2516 11073 11156
f 11073 2516 10992
f 11073 10991 2517
f 10991 11073 10992
f 3084 10409 3154
f 10409 10408 3154
f 10485 10409 3084
f 10408 10409 10485
f 10558 2939 10559
f 2939 10558 10632
f 10485 10558 10559
f 3012 10558 10485
f 10945 10944 2563
f 2562 10945 2563
f 10946 10945 2562
f 10943 2642 10942
f 2565 10943 10942
f 10944 10943 2564
f 2564 10943 11023
f 10943 2565 11023
f 3162 3163 10398
f 3163 10397 3093
f 10398 3163 3093
f 10397 3163 3164
f 3163 10324 3164
f 3163 10325 10324
f 3231 10254 3232
f 10325 3231 3232
f 10254 3231 10255
f 3231 3230 10255
f 3229 10327 10328
f 10327 3161 10328
f 3230 10327 3229
f 10399 10327 3162
f 3161 10327 10399
f 3359 10063 10129
f 3359 10130 10063
f 3359 10129 10194
f 3359 10194 10195
f 10130 3359 10195
f 9858 9859 3619
f 9859 9858 3558
f 3619 9859 9860
f 9859 3557 9860
f 9921 3497 3558
f 9858 9921 3558
f 3498 9921 3559
f 3497 9921 3498
f 9921 3620 3559
f 3620 9921 9858
f 9987 3433 3432
f 3433 9987 9986
f 9987 3497 9986
f 9922 3496 3557
f 9922 9859 3558
f 9859 9922 3557
f 9922 9987 3496
f 3497 9922 3558
f 9987 9922 3497
f 10462 3103 3030
f 3103 10462 10387
f 10462 3102 10387
f 10462 3030 10537
f 3029 10462 10537
f 10462 3029 10463
f 3102 10462 10463
f 3101 10388 10463
f 10388 3102 10463
f 3171 10388 3101
f 10768 10769 10692
f 2807 10769 10768
f 10769 2881 10692
f 10769 2807 10770
f 2881 10769 10770
f 10539 10540 3027
f 2955 10540 10539
f 10540 10541 3026
f 10540 2955 10615
f 10540 10466 3027
f 10466 10540 3026
f 12732 926 12666
f 926 12732 12667
f 926 12667 12601
f 989 926 12601
f 926 989 12600
f 12666 926 12600
f 12795 803 12796
f 802 803 12858
f 803 802 12796
f 12858 803 12857
f 803 12795 12857
f 11965 11966 1594
f 1523 11967 11966
f 11967 1523 12041
f 1523 1454 12041
f 12336 12265 1242
f 12336 1241 12265
f 12336 1242 12406
f 1174 12336 12406
f 12336 1174 12407
f 1241 12336 12407
f 1240 12266 12337
f 12266 1241 12337
f 1241 12266 1308
f 1308 12266 1307
f 12266 1240 1307
f 11166 2507 11083
f 11166 2427 2507
f 2508 11166 11083
f 2428 11166 2508
f 2348 11166 2428
f 11166 2348 2427
f 2181 11423 11424
f 11342 2181 11343
f 2181 11424 11343
f 11423 2181 11422
f 11422 2181 2182
f 2181 11342 11341
f 2182 2181 11341
f 2104 11504 11505
f 11425 2104 11505
f 11424 2104 11425
f 11423 2104 11424
f 11504 2104 11423
f 11098 2494 11099
f 2494 2493 11099
f 2493 2494 11181
f 2494 11098 11097
f 2414 2334 11182
f 11181 2414 11182
f 2334 2414 2335
f 11015 2495 11097
f 11096 2495 11015
f 2495 11096 11179
f 12251 12250 1256
f 12251 1323 12250
f 12322 12251 1256
f 12251 12322 1255
f 1323 12251 1322
f 12252 12251 1255
f 1322 12251 12252
f 12110 1457 12109
f 12039 12111 1455
f 12111 1387 1455
f 1387 12111 1388
f 12108 1389 12109
f 12250 12249 1257
f 1324 12249 12250
f 1258 12249 12248
f 12249 12319 1257
f 12249 1258 12319
f 1325 12178 12177
f 1325 1326 12248
f 1326 1325 12177
f 12249 1325 12248
f 12178 1325 1324
f 1325 12249 1324
f 1391 12106 1392
f 12178 1391 1392
f 1391 12178 12179
f 11569 2042 11489
f 2042 11569 11570
f 2042 11570 11490
f 2042 2117 11489
f 2117 2042 11490
f 1820 1747 1746
f 11727 1820 1746
f 1747 1820 11726
f 1820 11727 1893
f 11726 1820 1894
f 1820 11649 1894
f 11649 1820 1893
f 1896 11724 1822
f 11646 1896 1822
f 11724 1896 1823
f 1896 11645 1823
f 11645 1896 1970
f 1896 11646 1970
f 1528 11961 1598
f 11961 11886 1598
f 11886 11961 1597
f 11887 11888 1668
f 11888 1667 1668
f 11889 11888 11963
f 1667 11888 11889
f 11407 2119 11487
f 11487 2119 11486
f 2119 11406 11486
f 2195 11326 11325
f 11406 2195 11325
f 11326 2195 11407
f 2195 2119 11407
f 2119 2195 11406
f 11410 2192 11409
f 11410 11491 11411
f 2192 11410 11411
f 4336 4335 8965
f 4335 4378 8965
f 9107 4291 9060
f 4291 9107 9108
f 9061 4291 9108
f 4419 8966 4377
f 4335 8966 4378
f 8966 4419 4420
f 4378 8966 4420
f 9151 9152 4248
f 4202 9152 9151
f 9152 4247 4248
f 9152 4201 4247
f 9202 9152 4202
f 4201 9152 9202
f 4245 9155 4199
f 9155 9154 4199
f 9107 9155 4245
f 9154 9155 9107
f 4152 9204 4153
f 9205 9204 4152
f 9204 9203 4153
f 9204 9205 4199
f 9154 9204 4199
f 9105 9106 4293
f 9106 9059 4293
f 4247 9106 9105
f 9106 4247 9153
f 9064 9111 4287
f 9111 9112 4287
f 9111 9064 4288
f 9112 9111 4241
f 9111 4288 9110
f 4242 9111 9110
f 9415 3998 9416
f 3997 3998 9415
f 3998 3997 9470
f 9471 3998 9470
f 3995 3998 9471
f 3998 3995 9416
f 8283 8262 4971
f 8262 8283 4989
f 4989 8283 4970
f 8305 8283 4971
f 4970 8283 8305
f 4934 4955 8322
f 4955 8299 8322
f 4955 4976 8299
f 8277 8298 4956
f 4976 8277 4956
f 8277 4957 8298
f 4957 8277 4994
f 8278 8258 4994
f 8278 4975 8258
f 8277 8278 4994
f 8278 8277 4976
f 8278 4955 4975
f 4955 8278 4976
f 8279 4974 4992
f 4974 8280 4992
f 4974 4954 8301
f 4954 4974 8279
f 4952 8302 4932
f 8302 4952 4973
f 4931 8303 8326
f 8303 4952 8326
f 8304 8303 4931
f 8303 8304 4972
f 4952 8303 4972
f 8546 4759 4730
f 4759 8513 4730
f 4759 4729 8514
f 4729 4759 8546
f 4759 8514 4788
f 8513 4759 4788
f 4761 8511 8543
f 4761 8544 8512
f 8511 4761 4790
f 4761 8512 4790
f 4794 8476 8475
f 4793 8476 4794
f 8476 8446 8475
f 4793 8508 4763
f 8508 4793 4764
f 4763 8508 4734
f 8508 4764 4734
f 4766 8506 4795
f 8506 4794 4795
f 8506 4765 4794
f 4736 8506 4766
f 4765 8506 4736
f 8507 4765 4735
f 8507 4735 8540
f 4764 8507 8540
f 4765 8507 4794
f 4793 8507 4764
f 8507 4793 4794
f 8606 4672 8607
f 8641 4672 8606
f 4672 8642 8607
f 8642 4672 4639
f 4672 8641 4639
f 8640 4641 8677
f 8640 8605 4674
f 4641 8640 4674
f 8641 8678 4639
f 8678 4606 4605
f 8678 8679 4639
f 8679 8678 4605
f 3706 9654 9714
f 3706 9714 9774
f 9715 3706 9774
f 9656 9655 3705
f 9655 9656 3763
f 9716 9656 3705
f 9656 9716 3704
f 9657 9656 3704
f 9656 9657 3763
f 3764 3820 3821
f 3764 9655 3820
f 9654 3764 3821
f 3706 3764 9654
f 9655 3764 9715
f 3764 3706 9715
f 9773 9772 3648
f 9772 9773 9713
f 9772 9713 3708
f 9772 9833 3648
f 9772 3649 9833
f 9772 3708 9771
f 3649 9772 9771
f 9429 3985 9483
f 9428 9429 9374
f 3985 9429 9428
f 9429 3984 9430
f 9541 3929 3930
f 3929 3875 9542
f 3929 9541 3875
f 3928 3929 9542
f 3929 3928 9486
f 9485 3929 9486
f 9484 9485 3984
f 3930 9484 9483
f 3929 9484 3930
f 9484 3929 9485
f 9484 9429 9483
f 9429 9484 3984
f 9482 3931 9483
f 3931 3930 9483
f 3931 9482 3932
f 9539 3931 3932
f 3931 9540 3930
f 3931 9539 9540
f 3816 3760 9659
f 3816 3817 3760
f 3816 9601 3872
f 3816 3815 9601
f 3813 3812 9603
f 3812 3813 3756
f 3870 9602 9603
f 9602 3813 9603
f 3813 9602 3814
f 3871 9602 3870
f 9602 3871 9601
f 3815 9602 9601
f 9602 3815 3814
f 3699 9780 9721
f 9661 3699 9721
f 9781 3698 9721
f 3638 9781 9842
f 3577 3638 9842
f 3700 3701 9779
f 3701 3700 9720
f 9780 3700 9779
f 3700 3699 9720
f 3699 3700 9780
f 3759 3816 9659
f 3759 9720 9660
f 3759 3701 9720
f 3815 3759 9660
f 3759 3815 3816
f 3701 9719 9778
f 9719 3702 9778
f 9719 3759 9659
f 3759 9719 3701
f 3760 9719 9659
f 3702 9719 3760
f 9432 3981 9378
f 3982 9432 9377
f 9487 9432 3982
f 3981 9432 9487
f 9432 4036 9377
f 4036 9432 9378
f 9433 3981 3980
f 9434 9433 3980
f 4035 9433 9379
f 9433 4035 9378
f 3981 9433 9378
f 4038 9322 9321
f 9322 4090 9321
f 4090 9322 4089
f 4089 9322 9323
f 9322 4037 9323
f 4037 9322 9376
f 9322 4038 9376
f 4039 9375 9321
f 9375 4038 9321
f 9375 4039 9374
f 9429 9375 9374
f 4038 9375 9430
f 9375 9429 9430
f 3207 10280 3208
f 10350 3207 3208
f 3207 10350 10351
f 3206 3207 10351
f 10281 3206 10282
f 10280 10281 3274
f 3207 10281 10280
f 10281 3207 3206
f 9293 9294 4116
f 9294 9293 4063
f 9295 4062 9349
f 9294 4062 9295
f 9349 4062 9403
f 9095 4302 9047
f 4346 9001 4345
f 4345 9001 9002
f 9001 4346 9000
f 9001 9049 9002
f 3717 9703 9702
f 9703 3717 9762
f 9761 3717 9702
f 9762 3717 9761
f 9530 3940 9528
f 9530 9529 3940
f 3886 9530 9528
f 9530 3886 3885
f 9529 9530 3885
f 9474 9472 3940
f 9472 3996 9473
f 9472 3994 3996
f 9472 9474 3994
f 3943 3944 9526
f 3943 9469 3944
f 9469 3943 9470
f 3943 9526 9527
f 3943 3941 9470
f 3941 3943 9527
f 8929 4453 4454
f 4453 8887 8886
f 4453 4452 8887
f 4453 8929 8930
f 4452 4453 8930
f 4453 8886 8885
f 4454 4453 8885
f 4043 9316 9369
f 4043 9369 9424
f 9370 4043 9424
f 9214 9213 4144
f 9213 9214 4191
f 9215 9214 4144
f 4191 9214 9215
f 4093 9265 4094
f 9265 9264 4094
f 9265 9266 4144
f 9265 4093 9266
f 4145 9265 4144
f 9264 9265 4145
f 9263 9264 4145
f 9263 9212 4146
f 9212 9263 4145
f 9262 9263 4146
f 4095 9263 9262
f 9263 4095 4094
f 9264 9263 4094
f 9317 4093 4094
f 9317 9318 4093
f 9318 9317 4042
f 9317 9370 4042
f 9317 4043 9370
f 9316 9317 4094
f 4043 9317 9316
f 9372 4041 9371
f 4041 9318 9371
f 9318 4041 9319
f 4041 4040 9319
f 4041 9372 4040
f 4283 9116 9117
f 9116 4283 9069
f 4283 9022 9069
f 9022 4283 9023
f 9162 4238 9115
f 4238 9116 9115
f 4238 9163 9116
f 4238 9162 4192
f 9163 4238 4192
f 4282 9071 9024
f 9023 4282 9024
f 9118 4282 9117
f 4282 9118 9071
f 9022 4327 9021
f 4327 8975 4370
f 8975 4327 4369
f 4327 4328 9021
f 4327 4370 4328
f 4327 4326 4369
f 4327 9022 4326
f 4235 9166 4189
f 9166 9165 4189
f 9165 9166 4236
f 9166 9118 4236
f 9118 9166 4235
f 4142 4143 9267
f 4142 9216 4143
f 9268 4142 9267
f 4142 9268 9217
f 9216 4142 9217
f 4234 9168 9120
f 9119 4234 9120
f 4234 9218 9168
f 4234 4188 9218
f 3710 9710 9769
f 3768 3825 9650
f 9710 3768 9650
f 3768 9710 3710
f 9651 3768 9711
f 3768 3710 9711
f 3768 9651 3824
f 3768 3824 9592
f 3825 3768 9592
f 9589 3884 9588
f 9587 3884 3885
f 9588 3884 9587
f 3826 3770 9649
f 9708 3770 9648
f 3770 9708 9649
f 9648 3770 3827
f 3770 3826 3827
f 3882 9590 9591
f 9590 3826 9591
f 9590 9589 3827
f 3826 9590 3827
f 9247 4160 9246
f 4112 9247 9246
f 4160 9247 9248
f 9247 4111 9248
f 9247 4112 9298
f 4111 9247 9298
f 9245 9244 4113
f 4113 9244 9296
f 9244 4114 9296
f 9244 9243 4114
f 9194 4161 9195
f 4208 9194 9195
f 9194 4208 9145
f 9144 9194 9145
f 4299 9099 9052
f 9147 9099 4253
f 9099 9098 4253
f 9098 9099 4299
f 4252 9099 9147
f 9052 9099 4298
f 4298 9099 9100
f 9099 4252 9100
f 9097 9098 4300
f 9098 9097 4254
f 9097 4301 9096
f 4254 9097 9145
f 9050 9097 4300
f 4301 9097 9050
f 9048 4301 9049
f 9001 9048 9049
f 4301 9048 9096
f 4302 9048 9000
f 9048 9001 9000
f 9048 9095 9096
f 9095 9048 4302
f 9242 4164 9191
f 4164 4211 9191
f 4164 9192 4211
f 9192 4164 9243
f 4164 9242 9243
f 4117 4166 9240
f 9292 4117 9291
f 9291 4117 4118
f 4117 9240 4118
f 4117 9293 4116
f 9293 4117 9292
f 9241 4165 9190
f 4166 9241 9190
f 4117 9241 4166
f 9241 4117 4116
f 9242 9241 4116
f 9241 9242 4165
f 9189 4166 4213
f 9189 9139 4214
f 9189 4213 9139
f 4167 9189 4214
f 4166 9189 9240
f 9189 4167 9240
f 9344 4065 4066
f 9345 4065 9344
f 4065 9291 4066
f 4065 9292 9291
f 9292 4065 4064
f 4065 9346 4064
f 4065 9345 9346
f 333 13392 13340
f 13392 332 13341
f 13340 13392 13341
f 13392 284 332
f 284 13392 333
f 285 13391 334
f 333 13391 285
f 13391 333 13340
f 13391 13339 334
f 13285 13339 387
f 13339 13285 388
f 13339 13390 334
f 13339 13340 387
f 13339 13391 13340
f 13339 13338 13390
f 13339 388 13338
f 287 13390 335
f 287 286 13390
f 287 335 13389
f 13438 287 13437
f 286 287 13438
f 287 288 13437
f 288 287 13389
f 13285 443 444
f 443 13228 444
f 443 13285 13286
f 442 443 13286
f 13170 13111 556
f 13110 13170 556
f 13170 557 500
f 13170 13110 557
f 555 13112 13052
f 13053 13112 554
f 13112 13053 13052
f 497 496 13173
f 497 13230 496
f 13170 499 13111
f 13228 499 500
f 499 13170 500
f 13651 104 13675
f 103 13651 13675
f 104 13651 13625
f 13625 13651 130
f 13626 103 13652
f 13626 13652 13627
f 13626 13651 103
f 13626 128 129
f 13626 13627 128
f 130 13626 129
f 13651 13626 130
f 12283 12284 1288
f 12284 12283 1221
f 1287 12284 12285
f 1288 12284 1287
f 12285 12284 12355
f 12284 1221 12355
f 1562 11920 11995
f 1492 1562 11995
f 11996 1562 1492
f 11920 1562 11921
f 1562 11996 11921
f 12494 12426 1154
f 1153 12426 12494
f 1154 12426 12355
f 12426 12356 12355
f 12426 1153 12356
f 12427 1152 12357
f 1152 12428 12357
f 1152 12427 12495
f 902 965 12687
f 12753 902 12687
f 12688 902 12753
f 965 902 12622
f 902 12688 12622
f 13402 13350 322
f 13403 320 13352
f 13403 272 320
f 13495 227 13535
f 227 13494 13535
f 226 227 13495
f 13450 226 13496
f 272 13450 13451
f 13450 227 226
f 223 224 13498
f 13452 224 223
f 224 13452 13451
f 13405 271 270
f 271 13452 270
f 13452 271 13451
f 271 272 13451
f 13350 13401 322
f 13401 13350 323
f 536 13129 13189
f 13188 13129 537
f 13129 13188 13189
f 13129 13070 537
f 13129 536 13070
f 13008 654 596
f 654 13007 596
f 654 12948 12947
f 655 654 12947
f 13007 654 655
f 653 654 13008
f 654 653 12948
f 767 12829 12892
f 12829 767 12830
f 12893 767 12892
f 12830 767 12893
f 12897 12896 704
f 12897 763 12896
f 703 12897 704
f 763 764 12896
f 12896 764 12895
f 12833 764 12834
f 764 763 12834
f 764 12832 12895
f 12832 764 12833
f 645 646 13018
f 646 645 12957
f 13019 645 13018
f 645 13019 644
f 12959 645 644
f 765 12894 12895
f 12832 765 12895
f 765 12831 12894
f 12831 765 12832
f 12568 1083 12567
f 1018 12568 12567
f 12568 1017 1082
f 12634 12568 1018
f 1017 12568 12634
f 1083 12568 12500
f 12568 1082 12500
f 12633 12634 1018
f 12633 1018 12567
f 12634 12633 12699
f 12633 955 12699
f 1019 12633 12567
f 955 12633 1019
f 12638 12704 950
f 12704 12638 12703
f 1014 12638 950
f 1015 12638 1014
f 1143 12506 12438
f 12367 1143 12438
f 12437 1143 12367
f 1143 12437 12505
f 12506 1143 12505
f 12506 1142 12438
f 1142 12368 12438
f 824 12770 12834
f 12770 12833 12834
f 12833 12770 825
f 12770 12704 825
f 887 12705 12639
f 12705 949 12639
f 12705 12770 824
f 12704 12705 887
f 12770 12705 12704
f 13020 643 644
f 643 12960 644
f 13021 643 13020
f 13142 525 13083
f 525 13143 13083
f 525 13142 13202
f 13143 525 13202
f 13144 13203 13204
f 13009 13010 652
f 653 13009 652
f 13009 653 13008
f 362 13309 363
f 13360 362 363
f 362 13360 13361
f 13254 416 13255
f 416 415 13255
f 416 13254 417
f 13309 416 417
f 13360 313 13361
f 313 13360 13410
f 313 13411 13361
f 313 13410 265
f 13411 313 265
f 13411 312 13361
f 312 264 13412
f 13457 312 265
f 312 13411 265
f 3198 3199 10360
f 3199 3198 10290
f 10359 3199 3200
f 10360 3199 10359
f 10288 10289 3267
f 10289 10222 3267
f 10289 3266 10222
f 10289 10288 3200
f 3199 10289 3200
f 3266 10289 10290
f 10289 3199 10290
f 9836 9835 3585
f 3646 9835 9836
f 9835 9897 3585
f 9897 9835 3586
f 3647 9835 9774
f 9835 3646 9774
f 9835 9834 3586
f 9834 9835 3647
f 3462 10025 10026
f 3461 3462 10026
f 3462 3461 9961
f 3462 9961 3525
f 9960 3462 3525
f 3463 3462 9960
f 10025 3462 3463
f 3577 9904 3516
f 9904 3517 3516
f 3517 9904 3578
f 3578 9904 9842
f 9904 3577 9842
f 2025 11589 2024
f 11509 2025 2024
f 11589 2025 2026
f 2025 11508 2026
f 11510 2099 2024
f 2099 11509 2024
f 11509 2099 11429
f 2098 2099 11510
f 2175 2099 2098
f 2099 2175 11429
f 2254 11347 2253
f 11347 2176 2253
f 2177 11347 2254
f 11508 11428 2101
f 11428 2177 2101
f 11428 11347 2177
f 11347 11428 2176
f 2174 11349 11430
f 11349 2175 11430
f 2175 11349 2252
f 2251 11349 2174
f 2252 11349 2251
f 11348 2176 11429
f 2175 11348 11429
f 2176 11348 2253
f 11348 2252 2253
f 11348 2175 2252
f 2329 2409 2330
f 11269 2329 2330
f 2408 2329 2328
f 2409 2329 11187
f 2329 2408 11187
f 11351 2249 2250
f 2249 11269 2250
f 2249 2329 11269
f 11593 2021 1946
f 11188 2408 2328
f 2407 11188 2328
f 11188 2407 2487
f 11188 2487 11105
f 2488 11188 11105
f 2408 11188 2488
f 2327 2407 2328
f 2407 2327 11189
f 2327 2406 11189
f 2248 2170 11353
f 11354 2168 2245
f 2246 11354 2245
f 11354 2246 2169
f 2325 2326 11272
f 2406 2326 11190
f 2327 2326 2406
f 2325 11273 2324
f 11274 11273 2245
f 11273 11274 2324
f 11273 2246 2245
f 11273 2325 2246
f 11516 2092 2017
f 2092 11515 2017
f 2092 11436 2168
f 11436 2092 2091
f 2092 11516 2091
f 13038 13097 570
f 13037 13097 13038
f 571 13097 13037
f 13097 571 13156
f 570 13097 13157
f 13097 13156 13157
f 932 12594 995
f 12659 932 995
f 12594 932 12660
f 932 12725 12660
f 932 12659 12725
f 871 12787 12788
f 871 12723 12787
f 12724 871 12788
f 871 12724 12658
f 12723 871 12658
f 11143 2451 2450
f 11225 2451 11142
f 2451 11061 11142
f 2451 11143 11061
f 11226 11225 2370
f 11226 2449 2450
f 2451 11226 2450
f 11226 2451 11225
f 11226 2370 11227
f 2449 11226 11227
f 2292 2291 2371
f 11307 2292 11306
f 2291 2292 11307
f 2292 11305 11306
f 11305 2292 2293
f 2293 2292 2373
f 11308 2291 11307
f 2291 11308 2290
f 11308 2210 11309
f 2290 11308 11309
f 2211 2212 11389
f 2212 2211 11307
f 2211 11308 11307
f 2211 11389 11390
f 2210 2211 11390
f 11308 2211 2210
f 1913 11625 1914
f 11624 11625 1988
f 11625 11624 1914
f 11625 1913 11626
f 11625 1987 1988
f 11625 11626 1987
f 11935 1549 11936
f 1549 1550 12009
f 1549 11935 1550
f 1478 1410 12157
f 1410 12156 12157
f 1410 1478 12084
f 1410 12084 1479
f 12156 1410 1479
f 1342 1341 12157
f 12156 1342 12157
f 1341 1342 12228
f 1342 12227 12228
f 12227 1342 1343
f 1342 12155 1343
f 1342 12156 12155
f 12370 12441 1207
f 12301 1206 12302
f 12302 1206 1205
f 1206 12372 1205
f 12300 12301 1274
f 1207 12300 12299
f 12300 1274 12299
f 11615 11616 1996
f 1921 11615 1922
f 11616 11615 1921
f 1997 11535 11534
f 2071 11535 1996
f 11535 11615 1996
f 11615 11535 1997
f 11455 11454 2071
f 11454 11374 2148
f 11535 11454 11534
f 11454 11535 2071
f 11374 11454 2147
f 11454 11455 2147
f 2072 11533 11534
f 11454 2072 11534
f 1698 11777 1771
f 11777 1698 1697
f 11777 1697 1770
f 11777 1844 1771
f 1844 11777 1770
f 1627 11852 11851
f 1698 11852 11853
f 11853 11852 1626
f 11852 1627 1626
f 2372 11223 2373
f 11223 2372 11224
f 2292 2372 2373
f 11224 2372 2371
f 2372 2292 2371
f 2137 11467 11386
f 11467 2137 11466
f 2137 11386 2214
f 2061 11546 11547
f 11546 2061 11466
f 11467 2061 11547
f 2061 11467 11466
f 2062 11546 11466
f 11546 2062 11545
f 11385 2137 2214
f 11385 2138 11466
f 2137 11385 11466
f 2288 11310 2209
f 11310 2288 2289
f 11310 2289 11309
f 11310 2210 2209
f 2210 11310 11309
f 7995 13861 13862
f 8010 7995 8009
f 7995 7994 8009
f 7994 7995 13862
f 13953 7907 13937
f 7906 7907 13953
f 7907 7906 13922
f 7925 7907 13922
f 7907 7925 13937
f 7906 7886 13938
f 7886 13954 13938
f 7886 7906 13953
f 7886 13953 13970
f 7866 7886 13970
f 7886 7866 13971
f 13954 7886 13971
f 7862 13974 7882
f 7882 13974 7881
f 13974 7861 7881
f 13991 7862 7840
f 13991 14009 7839
f 14009 13991 7840
f 7861 13991 7839
f 13974 13991 7861
f 13991 13974 7862
f 13989 7864 7865
f 13989 7843 7842
f 7843 13989 7865
f 13989 7842 7841
f 7864 13989 7841
f 13988 7844 14006
f 7843 13988 14006
f 13988 7866 7844
f 13988 7843 7865
f 7866 13988 13971
f 13988 7865 13971
f 7793 7769 14048
f 7818 7817 14009
f 14028 7817 7818
f 7792 14029 14048
f 14030 14029 7792
f 14029 7793 14048
f 7793 14029 14028
f 14029 14030 7815
f 14011 14029 7815
f 13992 7861 7839
f 7860 13992 7838
f 7861 13992 13975
f 13992 7860 13975
f 8288 8289 4984
f 8289 8288 4965
f 8289 8268 4984
f 8312 4965 8311
f 8312 4924 8334
f 4964 8312 4944
f 8336 4923 8359
f 4944 4923 8313
f 4923 8336 8313
f 4981 8291 4963
f 8270 8291 4981
f 8291 8313 4963
f 8291 4964 8313
f 4982 8291 8270
f 8291 4982 4964
f 4982 8270 8251
f 8892 4487 8848
f 8849 4487 8892
f 4487 8807 8848
f 4487 8849 8807
f 8850 4486 8893
f 4486 8849 8893
f 8808 4486 8850
f 8849 4486 8808
f 13916 7930 7948
f 7930 13916 7913
f 13916 13901 7949
f 13901 13916 7948
f 7947 7930 13917
f 7930 7947 13902
f 13903 7947 7946
f 13902 7947 7963
f 7947 13903 7963
f 7929 7947 13917
f 7947 7929 7946
f 11691 1851 1777
f 12072 11998 1490
f 12072 1489 11998
f 12072 1490 1421
f 1489 12072 1421
f 11923 1560 11924
f 1560 1559 11924
f 1560 11923 11922
f 11997 1560 11922
f 1560 11997 11998
f 1559 11999 12000
f 1488 11999 12073
f 12000 11999 1488
f 11999 1489 12073
f 1489 11999 11998
f 11999 1560 11998
f 1560 11999 1559
f 11769 1704 1777
f 1851 11769 1777
f 11612 2000 11611
f 1924 11612 11691
f 11533 1998 11534
f 1776 11770 1703
f 11770 1704 1703
f 1704 11770 1777
f 11692 1924 11691
f 1702 11771 1703
f 11771 1776 1703
f 10348 3210 3211
f 10349 10348 3141
f 10348 10349 3210
f 10495 10570 2999
f 3071 10495 2999
f 3070 10423 3141
f 10423 3140 3141
f 2697 10883 2771
f 2697 10805 10882
f 10805 2697 2771
f 10883 2697 2620
f 2621 2697 10882
f 2620 2697 2621
f 15004 6736 6737
f 6736 15004 6705
f 15004 6706 6705
f 6738 15004 6737
f 15004 6738 6706
f 4271 9130 9083
f 4271 9083 9036
f 9129 4271 9082
f 4271 9129 9130
f 4271 9035 9082
f 9035 4271 9036
f 4314 4315 9035
f 4315 4314 8989
f 8988 4315 8989
f 9035 4315 9034
f 4315 4316 9034
f 4316 4358 8987
f 8987 4358 4400
f 4358 8988 4400
f 4315 4358 4316
f 4358 4315 8988
f 8734 4556 8773
f 4555 8734 8773
f 8734 4590 8733
f 4556 8734 8733
f 4590 8734 8696
f 8734 4589 8696
f 4554 8735 8774
f 8735 4555 8774
f 8735 4554 8736
f 4588 8735 8736
f 8735 4588 4589
f 8734 8735 4589
f 8735 8734 4555
f 4174 4127 9232
f 4221 4222 9180
f 4175 4221 9180
f 4221 9132 4222
f 9132 4221 9133
f 8865 8909 4471
f 8824 8865 4471
f 8909 8865 8908
f 8865 4472 8908
f 4219 9182 4173
f 4174 9182 4220
f 9182 9134 4220
f 9134 9182 4219
f 4173 9182 9232
f 9182 4174 9232
f 4267 9086 9039
f 9040 9086 4266
f 9086 9040 9039
f 9086 9134 4266
f 9134 9086 9133
f 9086 4267 9133
f 4177 4176 9179
f 4177 9229 4176
f 4224 4177 9179
f 4178 4177 4224
f 9228 4177 4178
f 4177 9228 4130
f 9229 4177 4130
f 9439 9386 4027
f 9385 9439 4027
f 9439 3973 9440
f 9386 9439 9440
f 3636 9844 9845
f 3636 9845 3635
f 9783 3636 3635
f 3637 3636 9783
f 9844 3636 3637
f 9436 9383 9382
f 3973 3974 9494
f 3974 9493 9494
f 9439 3974 3973
f 3974 9439 9385
f 3869 3870 9603
f 3868 9604 3867
f 9548 3868 3867
f 3868 9548 9547
f 3869 3868 9547
f 9604 3868 9603
f 3868 3869 9603
f 3865 3809 9607
f 3809 3752 3808
f 9607 3809 3808
f 3809 9665 3752
f 9665 3809 3753
f 3809 3810 3753
f 9663 9723 3754
f 9604 3811 3867
f 3811 9605 3867
f 3811 9663 3754
f 3810 3811 3754
f 9605 3811 3810
f 3812 3811 9604
f 9663 3811 3812
f 3866 9605 3810
f 3866 3865 9549
f 9605 3866 3867
f 9548 3866 9549
f 3866 9548 3867
f 7754 14060 7779
f 14059 7754 7779
f 14060 7754 14081
f 7754 7728 14081
f 7754 14059 7728
f 14037 7804 14019
f 13999 7829 14000
f 7829 7828 14000
f 7828 7829 14019
f 7808 14035 14016
f 8504 7808 7832
f 7808 14016 7832
f 7782 14036 7783
f 7807 14035 7783
f 14036 7807 7783
f 14016 7807 7831
f 14035 7807 14016
f 7808 7784 14035
f 14035 7784 7783
f 7784 14056 7783
f 4768 7784 8504
f 7784 7808 8504
f 7758 14077 7732
f 13985 7846 7868
f 7846 13986 7868
f 14046 7795 7771
f 14046 7770 7794
f 7770 14046 7771
f 14046 7794 14027
f 7795 14046 14027
f 7774 7749 14064
f 7749 7774 14063
f 7749 7722 14064
f 7749 14085 7722
f 7749 14063 7723
f 14085 7749 7723
f 7750 14084 14063
f 7797 14025 7798
f 7774 7797 7798
f 7797 7774 7773
f 7724 14083 14106
f 14107 7724 14106
f 7724 14107 14084
f 14083 7724 7751
f 7750 7724 14084
f 7696 14107 14131
f 7668 7696 14131
f 14132 7696 7668
f 7696 14132 14108
f 14107 7696 14108
f 14086 7748 7722
f 14086 7721 7748
f 14086 7722 14108
f 14109 14086 14108
f 7721 14086 14109
f 7678 7706 14123
f 4646 7678 14123
f 7678 4613 14146
f 7678 4646 4613
f 7677 14124 14146
f 14124 7678 14146
f 7678 14124 7706
f 14124 7677 7705
f 14100 14124 7705
f 14124 14100 7706
f 14100 7731 7732
f 7731 7758 7732
f 14101 14100 7705
f 7731 14101 14078
f 14101 7731 14100
f 7618 14171 14170
f 14171 7649 14170
f 14171 14172 7647
f 7676 14147 7647
f 14148 7676 7647
f 7872 13965 7873
f 13966 13965 7872
f 7892 13965 13966
f 13949 13966 7891
f 13949 7892 13966
f 13949 7891 7911
f 13949 7911 13933
f 7892 13949 13933
f 8996 4350 4307
f 4349 8996 4307
f 9043 4306 4307
f 4306 4349 4307
f 4306 9043 4305
f 4389 4390 4348
f 8952 4390 8953
f 4390 4389 8953
f 7459 7426 7458
f 14334 7459 7458
f 14333 7459 14334
f 7427 7459 4389
f 7459 14333 4389
f 7361 14416 7362
f 14416 7361 14390
f 7206 14590 14571
f 14590 7205 14571
f 14589 14590 7206
f 14590 7183 14591
f 7205 14590 14591
f 7183 14590 7184
f 14590 14589 7184
f 14553 7227 14573
f 7227 7204 14573
f 7204 7227 14552
f 7227 14532 14552
f 14532 7227 14533
f 7227 14553 14533
f 14534 7226 7225
f 7226 14554 7225
f 7226 14534 14533
f 14553 7226 14533
f 7226 14553 14573
f 14554 7226 14573
f 14489 7303 7304
f 7277 14489 7304
f 7303 14489 7276
f 14489 7277 7276
f 14611 7180 7181
f 14593 7180 7179
f 7180 14612 7179
f 7180 14611 14612
f 7202 7201 14574
f 7202 14593 7201
f 7203 7202 14574
f 14593 7202 7203
f 7178 14594 7179
f 14612 7178 7179
f 14613 7178 14612
f 14594 7178 14595
f 7178 7177 14595
f 7178 14613 7177
f 207 13471 13514
f 13471 207 16202
f 16224 207 13514
f 16202 207 16224
f 12968 12969 695
f 635 13029 13030
f 13029 577 13030
f 13088 13089 578
f 13089 577 578
f 13089 13088 520
f 13148 13089 520
f 13089 13148 519
f 13090 13089 519
f 577 13089 13090
f 754 12844 12907
f 12844 754 12845
f 754 12907 12908
f 12845 754 12908
f 12903 12904 757
f 13082 584 13081
f 584 585 13081
f 584 13021 585
f 13198 13138 13197
f 13138 13078 13137
f 13197 13138 13137
f 13196 531 13195
f 13136 531 13196
f 531 13135 13195
f 531 13076 13135
f 13076 531 13077
f 531 13136 13077
f 219 13458 13457
f 264 13458 219
f 13458 312 13457
f 312 13458 264
f 13211 13210 460
f 517 13211 13152
f 13152 13211 16077
f 5479 13211 460
f 16077 13211 5479
f 518 13150 13210
f 13150 518 13091
f 13208 13149 13148
f 13208 13207 463
f 13207 13208 520
f 13208 13148 520
f 521 13147 13088
f 13027 637 638
f 13026 13027 638
f 13027 13026 579
f 13027 579 578
f 13264 13263 408
f 13265 13264 407
f 13264 408 407
f 16018 5516 5515
f 5550 16018 5515
f 16018 5551 5516
f 16018 5550 5551
f 5748 15814 5789
f 15814 5748 5747
f 5789 15814 5788
f 15814 5746 5788
f 15814 5747 5746
f 15659 5922 15619
f 5969 5922 15620
f 15619 5922 5969
f 15620 5922 15660
f 5922 15699 15660
f 5922 15659 15699
f 2054 11475 2130
f 11474 2054 2130
f 11475 2054 11555
f 2054 11554 11555
f 2054 11474 11554
f 2129 11475 6507
f 11394 2129 6507
f 11475 2129 2130
f 2129 11393 2130
f 2129 11394 11393
f 15338 6296 6254
f 6296 6338 6297
f 6338 6296 6337
f 6296 15338 6337
f 6359 15284 6360
f 15284 6359 6400
f 15251 6401 6400
f 6401 15284 6400
f 6401 15251 6440
f 15250 6401 6440
f 15284 6401 6360
f 6401 15250 6402
f 5977 15572 5978
f 15613 5977 5978
f 15572 5977 15573
f 5977 5976 15573
f 5977 15614 5976
f 5977 15613 15614
f 15125 6626 15124
f 6591 15125 15124
f 15125 15096 6626
f 15096 15125 6625
f 15125 6590 6625
f 15125 6591 6590
f 6623 15098 6624
f 6654 15072 15073
f 6689 15044 15045
f 6690 15044 6689
f 6550 6551 15158
f 6586 6551 6550
f 6551 6514 15158
f 6514 6551 6552
f 6691 15043 6690
f 15044 15043 6657
f 15043 15044 6690
f 15043 6658 6657
f 6658 15043 15042
f 15043 6691 15042
f 15218 15186 6480
f 15218 6441 6440
f 15218 6480 6441
f 6479 15218 6440
f 15186 15218 6479
f 6518 15185 6480
f 15186 6518 6480
f 6518 15186 6517
f 15155 6518 6517
f 6518 6555 15154
f 6555 6518 15155
f 6552 6553 15157
f 15157 6553 6515
f 6553 15156 6515
f 6554 6553 6589
f 15156 6553 6554
f 5806 15799 15762
f 5806 15762 5850
f 15798 5766 5725
f 5766 15833 5725
f 5766 5808 15797
f 5766 5726 15833
f 5766 15797 5726
f 11868 1613 11944
f 1612 11868 11944
f 1613 11868 11867
f 11868 1685 11867
f 11868 1612 11869
f 12018 12017 1472
f 12017 12018 1543
f 12018 1542 1543
f 1542 12018 12019
f 11866 1614 11867
f 1614 11942 11943
f 1614 11866 1615
f 11942 1614 1615
f 1614 1613 11867
f 1614 11943 1613
f 882 12645 12644
f 819 12775 12840
f 12776 819 12840
f 819 12776 881
f 12777 12712 12711
f 12712 12646 12711
f 12646 881 12711
f 12648 941 1005
f 942 12648 1005
f 941 12648 12714
f 12712 12713 880
f 12645 1008 12644
f 12643 883 12709
f 945 12643 12709
f 882 945 12709
f 945 882 12644
f 1009 945 12644
f 12643 945 1009
f 949 12640 1013
f 11928 11927 1556
f 1628 11927 11928
f 11927 1628 11926
f 11927 11926 1557
f 11927 12002 1556
f 12002 11927 1557
f 1773 11774 11775
f 11774 1847 11773
f 1847 11774 1773
f 1847 1773 11696
f 1921 1847 11696
f 11695 1847 1921
f 11933 1551 1550
f 1551 12008 1550
f 12008 1551 12007
f 11932 1551 11933
f 1552 12006 12007
f 1551 1552 12007
f 1552 1551 11932
f 1552 11932 11931
f 12006 1552 11931
f 7772 14066 7771
f 7772 7747 14066
f 7747 7772 14065
f 7772 7773 14065
f 7772 7796 7773
f 14296 7533 14268
f 14296 14269 7533
f 14296 7502 14324
f 14296 14268 7502
f 7496 14328 14329
f 14300 7496 14329
f 7496 14300 14272
f 14327 7498 14298
f 14299 7498 14327
f 10632 2940 10631
f 10558 2940 10632
f 2940 10556 10631
f 10632 2866 10633
f 10711 2864 10635
f 10634 10711 10635
f 2639 10945 10946
f 2638 2639 10946
f 2639 2638 2715
f 10866 2639 2715
f 10326 3163 3162
f 3163 10326 10325
f 10326 3231 10325
f 3231 10326 3230
f 10326 10327 3230
f 10327 10326 3162
f 9988 9987 3432
f 9987 9988 3496
f 9988 9989 3495
f 9989 9988 3432
f 9923 9988 3495
f 3496 9988 9923
f 10388 3172 3102
f 3173 3172 10315
f 3172 10316 10315
f 10387 3172 3173
f 3102 3172 10387
f 10316 3172 3171
f 3172 10388 3171
f 10540 2954 10541
f 2954 10540 10615
f 2954 10616 10541
f 2954 10615 10616
f 1595 11964 1594
f 11964 11965 1594
f 11963 11964 1595
f 12040 11965 12039
f 12040 12039 1455
f 11965 12040 11966
f 12040 1523 11966
f 12112 12040 1455
f 12040 12112 1454
f 1523 12040 1454
f 2494 11180 11181
f 11180 2495 11179
f 11180 2494 11097
f 2495 11180 11097
f 1457 1525 12037
f 1525 11963 12037
f 1525 1457 12110
f 1525 11964 11963
f 11964 1525 12038
f 1456 1525 12110
f 1525 1456 12038
f 1456 12110 1388
f 12111 1456 1388
f 1456 12111 12039
f 1458 12108 12109
f 12108 1458 1459
f 1389 1390 12180
f 12108 1390 1389
f 1390 12179 12180
f 1390 1391 12179
f 1458 1527 1459
f 1597 1527 11962
f 11961 1527 1597
f 11888 1596 11963
f 1596 11887 11962
f 1596 11888 11887
f 2116 11410 11409
f 2116 2117 11490
f 2117 2116 11409
f 11491 2116 11490
f 11410 2116 11491
f 9012 4335 4336
f 9011 9012 4336
f 9059 9012 9011
f 4291 9013 9060
f 9013 9012 9060
f 9012 9013 4335
f 9013 9061 9014
f 9013 4291 9061
f 4200 9204 9154
f 4200 9153 9203
f 9204 4200 9203
f 4246 9154 9107
f 9106 4246 9107
f 4246 9106 9153
f 4200 4246 9153
f 4246 4200 9154
f 9159 9111 4242
f 9111 9159 4241
f 9209 9159 4196
f 9159 4242 4196
f 4195 9159 9209
f 4241 9159 4195
f 8300 4955 4934
f 8300 4934 8323
f 4954 8300 8323
f 4975 8300 4954
f 4955 8300 4975
f 4933 4953 8301
f 4953 4974 8301
f 4953 4933 4932
f 8302 4953 4932
f 4974 4953 8280
f 8280 4953 4973
f 4953 8302 4973
f 4731 4761 8543
f 4761 4731 8544
f 8577 4731 8543
f 8578 4731 8577
f 8544 4731 8578
f 4821 8447 8446
f 8476 4821 8446
f 8447 4821 8477
f 4821 4793 8477
f 4821 8476 4793
f 4640 8640 8677
f 4640 8678 8641
f 4606 4640 8677
f 8678 4640 4606
f 9599 3873 3874
f 3873 9599 3817
f 9599 3874 3818
f 3817 9599 3818
f 3874 9543 9542
f 3873 9543 3874
f 9543 3928 9542
f 9543 3927 3928
f 3927 9543 9544
f 9543 3872 9544
f 9543 3873 3872
f 9600 3873 3817
f 3816 9600 3817
f 3873 9600 3872
f 9600 3816 3872
f 3815 3758 3814
f 3758 9661 3814
f 3758 3815 9660
f 9720 3758 9660
f 3699 3758 9720
f 3758 3699 9661
f 9661 3757 3814
f 3757 3813 3814
f 3813 3757 3756
f 3757 9662 3756
f 3757 9661 9721
f 3698 3757 9721
f 3757 3698 9662
f 9662 9722 3697
f 3698 9722 9662
f 9722 9781 3697
f 9722 3698 9781
f 3576 9843 9905
f 9843 3577 9905
f 9843 3638 3577
f 9844 9843 3576
f 9843 9844 3637
f 9781 9782 3697
f 3638 9782 9781
f 9782 9723 3697
f 9782 9843 3637
f 9843 9782 3638
f 9723 9782 3696
f 9782 9783 3696
f 9782 3637 9783
f 10214 3273 10215
f 3273 10281 10282
f 3273 10214 3274
f 10281 3273 3274
f 10215 3273 3272
f 3273 10282 3272
f 4115 9242 4116
f 9294 4115 4116
f 9242 4115 9243
f 4115 9294 9295
f 9243 4115 4114
f 4115 9295 4114
f 9348 4063 9402
f 4062 9348 9403
f 9348 9294 4063
f 9348 4062 9294
f 9348 4009 9403
f 4009 9348 9402
f 4304 9093 9046
f 9093 9092 4258
f 9093 4304 9092
f 9094 9093 4257
f 4303 9094 9047
f 9094 9095 9047
f 9095 9094 4256
f 9094 4303 9046
f 9093 9094 9046
f 9070 4283 9117
f 4282 9070 9117
f 4283 9070 9023
f 9070 4282 9023
f 9167 9119 4235
f 9167 4234 9119
f 4188 9167 4235
f 4234 9167 4188
f 9709 9710 9650
f 9710 9709 9769
f 3938 9532 3937
f 3937 9532 9533
f 3884 9531 3885
f 9531 9529 3885
f 9529 9531 3939
f 3939 9531 3938
f 9531 9532 3938
f 9532 9531 3884
f 9148 4251 9100
f 4252 9148 9100
f 9148 4205 4251
f 4210 9143 4256
f 9143 4210 9193
f 9143 9095 4256
f 9095 9143 9096
f 9142 4257 4211
f 9142 4210 4256
f 9094 9142 4256
f 9142 9094 4257
f 9192 9142 4211
f 4210 9142 9192
f 9244 4162 9193
f 4162 9244 9245
f 4162 9245 4161
f 9194 4162 4161
f 9244 4163 9243
f 4163 9244 9193
f 4163 9192 9243
f 4163 4210 9192
f 4210 4163 9193
f 4209 9194 9144
f 4209 9143 9193
f 9143 4209 9144
f 4162 4209 9193
f 4209 4162 9194
f 13112 13172 554
f 13172 13113 554
f 13113 13172 13173
f 13172 497 13173
f 12496 1152 12495
f 1087 12496 12495
f 12496 1087 1086
f 1152 12496 12428
f 12496 1086 12497
f 1151 12496 12497
f 12428 12496 1151
f 13351 13402 321
f 375 13351 374
f 13350 13351 375
f 13402 13351 13350
f 374 13351 13352
f 13351 13403 13352
f 13403 13351 321
f 13448 276 13447
f 229 13448 13447
f 13402 273 321
f 273 13403 321
f 13403 273 272
f 273 13450 272
f 13498 13497 13538
f 224 13497 13498
f 13537 13497 13496
f 13497 224 13451
f 13497 184 13538
f 184 13497 13537
f 319 271 13405
f 319 13405 13353
f 12772 12836 822
f 12958 705 12957
f 645 12958 12957
f 12958 645 12959
f 12958 12959 704
f 705 12958 704
f 12569 1017 953
f 1016 12569 953
f 1017 12569 1082
f 12569 12501 1082
f 12569 1016 12570
f 1016 952 12570
f 1011 947 12642
f 947 1011 12641
f 947 884 12642
f 1011 12575 12641
f 12575 1077 12574
f 12575 12507 1077
f 12507 12575 1076
f 12507 12506 1077
f 12507 1142 12506
f 583 13082 13083
f 703 12961 702
f 12960 12961 703
f 643 12961 12960
f 13086 523 13145
f 523 13204 13145
f 523 13144 13204
f 13070 594 13069
f 13010 594 13070
f 13009 594 13010
f 595 13009 13008
f 13069 595 13068
f 595 13008 13068
f 594 595 13069
f 595 594 13009
f 416 13310 415
f 13310 13311 415
f 13311 13310 361
f 13310 362 361
f 362 13310 13309
f 13310 416 13309
f 13362 312 13412
f 361 13362 13363
f 312 13362 13361
f 13362 311 13363
f 311 13362 13412
f 13362 362 13361
f 362 13362 361
f 2025 2100 11508
f 2100 2025 11509
f 2100 11428 11508
f 2100 11509 11429
f 2176 2100 11429
f 11428 2100 2176
f 11270 2248 2328
f 11270 2249 2248
f 2329 11270 2328
f 2249 11270 2329
f 1945 1946 11672
f 1945 11593 1946
f 1871 1945 11672
f 1945 1871 11673
f 1944 1945 11673
f 1945 2019 11593
f 2247 2248 11353
f 2247 2246 11272
f 2169 2247 11353
f 2246 2247 2169
f 11352 2170 2248
f 2170 11352 2171
f 2249 11352 2248
f 2171 11352 2172
f 11352 11351 2172
f 11352 2249 11351
f 2326 2405 11190
f 2405 2326 2325
f 2405 2325 11191
f 2405 11191 2485
f 11190 2405 2485
f 11435 2092 2168
f 11354 11435 2168
f 11435 11354 2169
f 2092 11435 11515
f 1478 12011 12084
f 12011 1478 12085
f 11936 12011 1548
f 1549 12011 11936
f 12011 12012 1548
f 12011 12085 12012
f 12442 1139 12372
f 12442 12371 1140
f 12371 12441 1140
f 12441 12371 1207
f 12371 12442 12372
f 1206 12371 12372
f 12371 1206 12301
f 12371 12300 1207
f 12300 12371 12301
f 12441 12509 1140
f 1141 12509 12441
f 12510 12442 1140
f 12509 12510 1140
f 12510 12509 1074
f 12510 1139 12442
f 12511 12510 1073
f 1139 12510 12511
f 2073 11453 2149
f 11453 11373 2149
f 11453 2073 11533
f 2072 11453 11533
f 11373 11453 2148
f 11453 11454 2148
f 11453 2072 11454
f 11852 1699 11851
f 11774 1699 11775
f 1699 11774 11851
f 1699 1772 11775
f 1699 11852 1698
f 1699 11776 1772
f 1699 1698 11776
f 2138 11465 11466
f 11465 2062 11466
f 11384 11465 2138
f 11465 11384 11464
f 11545 11465 11464
f 2062 11465 11545
f 11464 2139 11383
f 11384 2139 11464
f 2139 2216 11383
f 2139 11384 2216
f 2215 11384 2138
f 11385 2215 2138
f 2216 2215 11303
f 11384 2215 2216
f 2215 11385 2214
f 11304 2215 2214
f 2215 11304 11303
f 7995 7996 13861
f 7996 7995 8010
f 7996 8010 8011
f 7997 7996 8011
f 7996 7997 13861
f 14047 14028 7794
f 14047 7793 14028
f 7770 14047 7794
f 14047 7770 7769
f 7793 14047 7769
f 7816 7817 14028
f 14029 7816 14028
f 7817 7816 14009
f 8289 4983 8268
f 8268 4983 8250
f 4945 8312 8311
f 8312 4945 4924
f 4924 4945 8333
f 4945 4925 8333
f 4945 8311 8310
f 4925 4945 8310
f 8312 8290 4965
f 8290 8312 4964
f 8290 8289 4965
f 8290 4983 8289
f 4982 8290 4964
f 8358 8335 8334
f 8335 8312 8334
f 8335 8358 8359
f 4923 8335 8359
f 8312 8335 4944
f 8335 4923 4944
f 7932 7931 7949
f 7931 13916 7949
f 7931 7932 7914
f 7931 7914 13932
f 7913 7931 13932
f 13916 7931 7913
f 11768 11690 1852
f 1852 11690 1926
f 1704 1778 1705
f 1778 11768 1705
f 11769 1778 1704
f 1778 11769 1851
f 1778 11690 11768
f 11690 1778 1851
f 2000 1999 11532
f 11612 1999 2000
f 1999 11533 11532
f 1999 1998 11533
f 1925 11612 11611
f 11612 1925 11691
f 1925 1851 11691
f 1925 11690 1851
f 1926 1925 11611
f 11690 1925 1926
f 11614 1997 11534
f 1998 11614 11534
f 11615 11614 1922
f 11614 11615 1997
f 1850 11770 1776
f 11770 1850 1777
f 1850 11691 1777
f 1850 11692 11691
f 1775 1702 11772
f 1775 11771 1702
f 1848 1775 11772
f 10347 3142 3211
f 3142 10348 3211
f 10348 3142 3141
f 3142 10347 3143
f 3000 3072 10494
f 3000 10495 3072
f 10569 3000 10494
f 10570 3000 10569
f 10495 3000 10570
f 3072 10421 3143
f 10421 3142 3143
f 3142 10421 3071
f 10495 10421 3072
f 3071 10421 10495
f 10496 3071 2999
f 10496 2998 3070
f 10571 10496 2999
f 10496 10571 2998
f 3069 10424 3140
f 10423 3069 3140
f 10424 3069 10498
f 4174 9231 4127
f 9231 4128 4127
f 9231 4175 4128
f 9181 4221 4175
f 9231 9181 4175
f 9181 9231 4174
f 9181 4174 4220
f 9133 9181 4220
f 4221 9181 9133
f 4510 8823 8824
f 8823 8865 8824
f 4511 8823 8782
f 8823 4510 8782
f 8865 8823 4472
f 8864 8823 4511
f 4472 8823 8864
f 9435 3977 9382
f 3977 9436 9382
f 3977 9435 3978
f 3976 9437 9383
f 9436 3976 9383
f 9437 3976 9492
f 9493 3919 9494
f 3920 3919 9493
f 3919 3918 9494
f 3918 3919 9550
f 9550 3919 9549
f 3919 3920 9549
f 9438 4028 9384
f 9438 9385 4028
f 9438 3974 9385
f 3974 9438 9493
f 9548 3922 9547
f 3869 9546 3870
f 9546 3924 9545
f 3870 9546 9545
f 3755 3812 3756
f 3755 9663 3812
f 9662 3755 3756
f 3755 9662 3697
f 9723 3755 3697
f 9663 3755 9723
f 3809 9606 3810
f 9606 3866 3810
f 9606 3809 3865
f 3866 9606 3865
f 7804 7780 14038
f 7780 14059 7779
f 7803 7780 7779
f 7780 7803 14038
f 7830 14018 13999
f 14018 7829 13999
f 14037 14018 7805
f 14018 14037 14019
f 7829 14018 14019
f 7806 7782 7805
f 7782 7806 14036
f 14018 7806 7805
f 7806 14018 7830
f 7781 14037 7805
f 7782 7781 7805
f 14037 7781 7804
f 7781 7780 7804
f 14017 7807 14036
f 14017 7806 7830
f 7806 14017 14036
f 7807 14017 7831
f 14017 13998 7831
f 14017 7830 13998
f 14055 4768 4739
f 14055 7784 4768
f 7733 14055 4739
f 7757 7782 7783
f 14056 7757 7783
f 7758 7757 14056
f 7757 7731 14078
f 7731 7757 7758
f 14003 7825 14022
f 7848 14003 7847
f 7825 14003 14002
f 14003 7848 14002
f 7824 14003 14022
f 14041 7824 14022
f 7824 14041 7800
f 7846 14004 13986
f 14004 14005 7845
f 13986 14004 7845
f 14004 7846 13985
f 7824 14004 14003
f 7847 14004 13985
f 14003 14004 7847
f 14045 7795 14026
f 7796 14045 14026
f 7772 14045 7796
f 7795 14045 7771
f 14045 7772 7771
f 14062 7776 7751
f 14062 7750 7776
f 7724 14062 7751
f 14062 7724 7750
f 7775 7750 14063
f 7775 7799 14042
f 7776 7775 14042
f 7750 7775 7776
f 7774 7775 14063
f 7775 7774 14043
f 7799 7775 14043
f 7796 14044 7773
f 14044 7797 7773
f 14044 7796 14026
f 7820 14044 14026
f 14025 14044 7820
f 7797 14044 14025
f 14101 7730 14078
f 7730 7757 14078
f 14080 14103 7728
f 14103 14102 7702
f 14102 7703 7702
f 14080 14102 14103
f 14102 14080 7729
f 14102 7729 14079
f 14102 14101 7703
f 7730 14102 14079
f 14102 7730 14101
f 14147 7648 7647
f 7648 14171 7647
f 7677 7648 14147
f 7649 7648 7677
f 14171 7648 7649
f 14196 7617 7618
f 7617 14171 7618
f 7617 14196 14197
f 7616 7617 14197
f 14172 7617 7616
f 14171 7617 14172
f 14147 14125 7705
f 7676 14125 14147
f 14125 14148 14126
f 14125 7676 14148
f 7893 7892 13948
f 7893 13965 7892
f 13964 7893 7894
f 7893 13948 7894
f 7893 13964 7873
f 13965 7893 7873
f 4390 8997 4348
f 8997 4390 4349
f 4306 8997 4349
f 8997 4305 4348
f 8997 4306 4305
f 4391 8996 4349
f 4390 4391 4349
f 4391 4390 8952
f 4391 4432 8951
f 4432 4391 8952
f 4392 4391 8951
f 4391 4392 4350
f 8996 4391 4350
f 14362 7459 7427
f 7459 14362 7426
f 14362 7427 7394
f 7393 14362 7394
f 7426 14362 7393
f 14390 14417 14391
f 7361 14417 14390
f 14417 7361 14442
f 7180 14592 7181
f 7181 14592 14591
f 14592 14593 7203
f 14592 7180 14593
f 14592 7204 14591
f 14592 7203 14573
f 7204 14592 14573
f 13028 13027 578
f 13027 13028 637
f 577 13028 578
f 13029 13028 577
f 528 13139 13199
f 13139 13198 13199
f 13080 13139 528
f 13078 13079 586
f 13079 13139 13080
f 13079 585 586
f 13079 13080 585
f 13211 13151 13210
f 13151 13211 517
f 13151 518 13210
f 518 13151 13091
f 13151 13092 13091
f 13151 517 13092
f 13266 462 463
f 462 13208 463
f 462 13267 461
f 462 13266 13267
f 13087 579 13086
f 13087 521 13088
f 13087 13088 578
f 579 13087 578
f 579 580 13086
f 13026 580 579
f 580 13026 13025
f 465 464 13206
f 464 13207 13206
f 13263 464 465
f 13264 464 13263
f 13207 464 463
f 464 13265 463
f 464 13264 13265
f 15337 6296 6297
f 6296 15337 6254
f 6254 15337 6255
f 15337 6297 6298
f 6255 15337 6298
f 6360 15283 6361
f 6401 15283 6360
f 15283 6401 6402
f 15282 15283 6402
f 6361 15283 15282
f 6589 15127 6624
f 15127 6623 6624
f 6553 15127 6589
f 15099 15071 15098
f 6623 15099 15098
f 15099 6623 6622
f 15099 15072 15071
f 6655 6654 15045
f 6655 15072 6654
f 15044 6655 15045
f 15072 6655 15071
f 6551 6587 6552
f 15129 6586 6620
f 6621 15129 6620
f 15129 6551 6586
f 15129 6587 6551
f 15129 6621 6622
f 6587 15129 6622
f 6621 15100 6622
f 15100 15099 6622
f 15099 15100 15072
f 15100 6621 6620
f 15100 6620 15073
f 15072 15100 15073
f 6519 6518 15154
f 6518 6519 15185
f 6519 6556 15153
f 6556 6519 15154
f 6520 6519 15153
f 15185 6519 6520
f 5806 5765 15799
f 15799 5765 5724
f 5765 15798 5724
f 5765 15761 15798
f 15761 5765 5806
f 15761 5806 5850
f 15723 15761 5850
f 5851 15761 15723
f 1685 1684 11791
f 11868 1684 1685
f 1684 11792 11791
f 11792 1684 11869
f 1684 11868 11869
f 12092 12018 1472
f 1403 12092 1472
f 12092 1403 1471
f 12019 12092 1471
f 12018 12092 12019
f 12710 882 12709
f 820 12710 12709
f 12710 820 12775
f 819 12710 12775
f 12710 819 881
f 12645 12710 881
f 882 12710 12645
f 12841 12776 12840
f 758 12841 12840
f 12841 12903 757
f 12841 758 12903
f 817 12843 12779
f 12713 817 12779
f 1074 12577 1009
f 12577 12643 1009
f 12577 1010 12643
f 12577 12509 1075
f 12509 12577 1074
f 12576 1011 12642
f 1010 12576 12642
f 12575 12576 1076
f 12576 12575 1011
f 1076 12576 1075
f 12576 12577 1075
f 12577 12576 1010
f 944 12646 1007
f 12579 944 1007
f 944 12645 881
f 12646 944 881
f 944 1008 12645
f 1008 944 12579
f 943 12712 880
f 943 12646 12712
f 943 12580 1007
f 12646 943 1007
f 879 12648 942
f 12713 879 942
f 12648 879 12714
f 12714 879 12779
f 879 12713 12779
f 12578 1009 12644
f 1008 12578 12644
f 12578 1074 1009
f 12510 12578 1073
f 12578 12510 1074
f 12578 12579 1073
f 12578 1008 12579
f 883 946 12708
f 946 883 12643
f 884 946 12642
f 946 884 12708
f 946 1010 12642
f 1010 946 12643
f 1012 12575 12574
f 12575 1012 12641
f 12640 1012 1013
f 12573 1012 12574
f 1012 12573 1013
f 1848 1774 11695
f 1847 1774 11773
f 1774 1847 11695
f 1774 1848 11772
f 1701 1774 11772
f 1774 1701 11773
f 11694 1921 1922
f 11694 11695 1921
f 11694 1848 11695
f 1700 11850 11851
f 11774 1700 11851
f 1700 11774 11773
f 1700 1701 11850
f 1701 1700 11773
f 14269 7501 7500
f 14296 7501 14269
f 7501 14325 7500
f 14325 7501 14324
f 7501 14296 14324
f 7497 14299 14328
f 7496 7497 14328
f 14299 7497 14272
f 7497 7496 14272
f 14271 7498 14299
f 14271 7529 7530
f 7498 14271 14298
f 7529 14271 14272
f 14271 14299 14272
f 14270 14271 7530
f 14298 14271 14270
f 2940 10557 10556
f 10556 10557 10482
f 10557 3012 10482
f 10557 10558 3012
f 10557 2940 10558
f 10709 2866 10632
f 10788 10789 2864
f 10711 10788 2864
f 10788 10711 10787
f 2865 10634 10633
f 2865 10711 10634
f 10711 2865 10787
f 2719 2793 10784
f 2793 10708 10784
f 10943 2641 2642
f 2641 10943 10944
f 2791 10788 10787
f 11965 1524 12039
f 11964 1524 11965
f 1524 11964 12038
f 1524 1456 12039
f 1456 1524 12038
f 2335 2415 2336
f 2415 2416 2336
f 2414 2415 2335
f 2416 2415 11179
f 2415 11180 11179
f 2415 2414 11181
f 11180 2415 11181
f 12107 12108 1459
f 12107 1390 12108
f 1390 12107 1391
f 12107 1459 12106
f 1391 12107 12106
f 12035 11961 1528
f 12035 1527 11961
f 12035 1528 1459
f 1527 12035 1459
f 1527 12036 11962
f 12036 1527 1458
f 9012 4292 9060
f 4292 9012 9059
f 4292 9107 9060
f 9106 4292 9059
f 4292 9106 9107
f 4334 9013 9014
f 4333 4334 9014
f 4334 8967 4377
f 8966 4334 4377
f 4334 8966 4335
f 9013 4334 4335
f 4673 4640 8641
f 4640 4673 8640
f 4673 8641 8606
f 4673 8606 8605
f 8640 4673 8605
f 9141 9093 4258
f 9093 9141 4257
f 4212 9141 4258
f 9141 4212 9191
f 4211 9141 9191
f 4257 9141 4211
f 3769 9709 9650
f 9709 3769 9649
f 3825 3769 9650
f 3769 3825 9591
f 3826 3769 9591
f 3769 3826 9649
f 9769 3711 9768
f 9709 3711 9769
f 3711 9708 9768
f 9708 3711 9649
f 3711 9709 9649
f 9532 3883 9533
f 3883 3882 9533
f 3883 3884 9589
f 3883 9532 3884
f 3883 9590 3882
f 9590 3883 9589
f 4206 4252 9147
f 4206 9148 4252
f 4206 9147 9197
f 4205 4206 9198
f 9148 4206 4205
f 4206 4159 9198
f 4159 4206 9197
f 9143 4255 9096
f 4255 9143 9144
f 4255 9097 9096
f 4255 9144 9145
f 9097 4255 9145
f 13230 13229 442
f 497 13229 13230
f 13229 443 442
f 443 13229 13228
f 13494 228 13493
f 13493 228 229
f 228 13448 229
f 275 323 13400
f 276 275 13400
f 13448 275 276
f 275 13401 323
f 13497 225 13496
f 225 13497 13451
f 225 13450 13496
f 13450 225 13451
f 13404 319 13353
f 13352 13404 13353
f 320 13404 13352
f 319 13404 271
f 272 13404 320
f 271 13404 272
f 12898 12897 703
f 12898 703 702
f 12897 12898 763
f 12898 762 763
f 763 12835 12834
f 762 12835 763
f 12835 824 12834
f 12835 762 12836
f 12775 12839 12840
f 820 12839 12775
f 12839 758 12840
f 12501 1081 12502
f 12569 1081 12501
f 1081 12570 12502
f 1081 12569 12570
f 12636 1016 953
f 12636 952 1016
f 12636 953 12701
f 12702 12701 12767
f 12768 12702 12767
f 951 12638 1015
f 12439 12369 1209
f 12507 12439 1142
f 1141 12439 12507
f 12439 1209 12368
f 1142 12439 12368
f 12508 1076 1075
f 12509 12508 1075
f 12508 12509 1141
f 12508 12507 1076
f 12508 1141 12507
f 13022 584 13082
f 583 13022 13082
f 584 13022 13021
f 13143 13084 13083
f 13022 13023 641
f 13023 13022 583
f 13023 583 13083
f 640 13024 13025
f 13023 640 641
f 640 13023 13024
f 2019 11594 2018
f 1943 11594 1944
f 11594 1945 1944
f 11594 2019 1945
f 11595 11594 1943
f 11594 11595 2018
f 11514 2019 2018
f 11271 2247 11272
f 2326 11271 11272
f 11271 2326 2327
f 2247 11271 2248
f 2248 11271 2328
f 11271 2327 2328
f 12011 12010 12084
f 12010 12011 1549
f 12084 12010 1479
f 12010 12009 1479
f 12010 1549 12009
f 12443 12511 1138
f 12443 1139 12511
f 1139 12443 12372
f 12372 12443 12373
f 12443 1138 12373
f 14010 13992 7839
f 13992 14010 7838
f 14009 14010 7839
f 7816 14010 14009
f 7838 14010 14011
f 14010 14029 14011
f 14010 7816 14029
f 8269 8290 4982
f 8290 8269 4983
f 8269 4982 8251
f 8269 8251 8250
f 4983 8269 8250
f 11693 11694 1922
f 11613 11614 1998
f 1999 11613 1998
f 11692 11613 1924
f 11613 11612 1924
f 11613 1999 11612
f 10422 3142 3071
f 10422 10496 3070
f 10496 10422 3071
f 10422 3070 3141
f 3142 10422 3141
f 10498 2997 10572
f 2997 10571 10572
f 10571 2997 2998
f 9490 3977 3978
f 9489 9490 3978
f 3924 9490 9489
f 9437 3975 9384
f 3975 9438 9384
f 3975 9437 9492
f 9493 3975 9492
f 9438 3975 9493
f 3922 3921 9492
f 3921 3922 9548
f 3921 9493 9492
f 3921 3920 9493
f 3920 3921 9549
f 3921 9548 9549
f 3976 9491 9492
f 9491 3922 9492
f 3977 9491 9436
f 9491 3976 9436
f 9490 9491 3977
f 14080 7755 7729
f 7780 7755 14059
f 14059 7755 7728
f 7755 14080 7728
f 7784 7759 14056
f 14055 7759 7784
f 7759 7758 14056
f 7758 7759 14077
f 14077 7759 7733
f 7759 14055 7733
f 7730 14057 7757
f 7757 14057 7782
f 14023 14004 7824
f 14023 7800 14042
f 14023 7824 7800
f 7799 14023 14042
f 14023 7799 7822
f 7704 14101 7705
f 14125 7704 7705
f 14101 7704 7703
f 7704 14126 7703
f 7704 14125 14126
f 7360 14443 14418
f 14417 7360 14391
f 7360 14442 14443
f 7360 14417 14442
f 14392 7360 14418
f 7360 14392 14391
f 636 13028 13029
f 12968 636 12969
f 636 12968 637
f 13028 636 637
f 12969 636 635
f 636 13029 635
f 12965 639 638
f 639 13026 638
f 13026 639 13025
f 639 640 13025
f 640 639 12964
f 698 12965 638
f 698 12904 12903
f 12965 698 12903
f 12968 12967 637
f 12906 696 695
f 696 12968 695
f 696 12967 12968
f 12967 696 697
f 12843 756 755
f 756 12906 755
f 12904 756 757
f 529 13138 13198
f 13139 529 13198
f 13079 529 13139
f 13138 529 13078
f 529 13079 13078
f 13209 462 461
f 13209 13150 13149
f 13208 13209 13149
f 462 13209 13208
f 13210 13209 461
f 13150 13209 13210
f 521 13146 13206
f 13087 13146 521
f 13206 13146 13205
f 6588 6553 6552
f 6588 15127 6553
f 15127 6588 6623
f 6655 6656 15071
f 6656 6655 15044
f 15071 6656 6657
f 6656 15044 6657
f 15761 5807 15798
f 5808 5807 15760
f 15760 5807 5851
f 5807 15761 5851
f 5766 5807 5808
f 5807 5766 15798
f 12841 818 12776
f 12776 818 12711
f 818 12777 12711
f 12777 12778 12712
f 12778 12713 12712
f 12778 817 12713
f 12647 943 880
f 12713 12647 880
f 12647 12713 942
f 1012 948 12641
f 948 1012 12640
f 12706 948 12640
f 886 12706 12640
f 12705 886 949
f 886 12640 949
f 12707 947 12641
f 947 12707 884
f 12707 12772 822
f 1849 1775 1848
f 11694 1849 1848
f 11693 1849 11694
f 1775 1849 11771
f 11771 1849 1776
f 1849 11693 11692
f 1849 1850 1776
f 1850 1849 11692
f 10786 2791 10787
f 10709 10786 2866
f 10788 2790 10789
f 10789 2790 2715
f 2790 10866 2715
f 2866 10710 10633
f 10710 2865 10633
f 2865 10710 10787
f 10710 10786 10787
f 10786 10710 2866
f 10708 2867 10631
f 2867 10632 10631
f 2867 10709 10632
f 2641 10863 2642
f 10863 2641 2718
f 2642 10863 2719
f 10863 2793 2719
f 2639 2640 10945
f 10865 2640 2639
f 10945 2640 10944
f 2640 2641 10944
f 2716 2639 10866
f 2716 10865 2639
f 2790 2716 10866
f 2716 2790 10788
f 2791 2716 10788
f 10865 2716 2791
f 1526 1458 12109
f 1526 12036 1458
f 1457 1526 12109
f 1526 1457 12037
f 12036 1526 11962
f 1526 1596 11962
f 11963 1526 12037
f 1596 1526 11963
f 13172 498 497
f 498 13229 497
f 498 499 13228
f 13229 498 13228
f 13449 275 13448
f 228 13449 13448
f 275 13449 13401
f 227 13449 13494
f 13449 228 13494
f 12835 12771 824
f 886 12771 12706
f 12771 12705 824
f 12771 886 12705
f 12836 12837 822
f 761 12837 12836
f 12774 12839 820
f 12774 820 12709
f 883 12774 12709
f 12774 883 12708
f 821 12774 12708
f 12961 12962 702
f 12962 701 702
f 701 12899 702
f 12899 12898 702
f 12898 12899 762
f 762 12899 12836
f 12899 761 12836
f 12837 12900 760
f 12900 12837 761
f 12900 12901 760
f 12901 12900 701
f 12899 12900 761
f 12900 12899 701
f 12963 640 12964
f 640 12963 641
f 12963 12962 641
f 12962 12963 701
f 12702 889 12701
f 889 12636 12701
f 12636 889 952
f 888 12768 12703
f 888 12702 12768
f 12638 888 12703
f 951 888 12638
f 889 12637 952
f 12637 889 12702
f 12637 951 1015
f 888 12637 12702
f 12637 888 951
f 12637 1015 12570
f 952 12637 12570
f 12439 12440 12369
f 12440 12439 1141
f 12369 12440 1208
f 12440 12370 1208
f 12440 12441 12370
f 12440 1141 12441
f 13022 642 13021
f 642 643 13021
f 642 12961 643
f 642 12962 12961
f 642 13022 641
f 12962 642 641
f 524 13084 13143
f 13084 524 13144
f 524 13143 13203
f 13144 524 13203
f 13085 13084 13144
f 523 13085 13144
f 13085 580 13025
f 13085 523 13086
f 580 13085 13086
f 582 13023 13083
f 13023 582 13024
f 13084 582 13083
f 582 13084 13024
f 11434 2169 11353
f 2170 11434 11353
f 11433 2170 2171
f 11613 1923 11614
f 11614 1923 1922
f 1923 11693 1922
f 11693 1923 11692
f 1923 11613 11692
f 3069 10497 10498
f 10497 2997 10498
f 2997 10497 2998
f 10497 3069 10423
f 2998 10497 3070
f 10497 10423 3070
f 3922 3923 9547
f 9491 3923 3922
f 3923 9491 9490
f 3923 3869 9547
f 3923 9546 3869
f 9546 3923 3924
f 3923 9490 3924
f 7756 7730 14079
f 7756 14057 7730
f 7756 7781 7782
f 14057 7756 7782
f 7823 14023 7822
f 14023 7823 14004
f 14005 7823 7822
f 14004 7823 14005
f 12966 697 12904
f 698 12966 12904
f 12966 698 638
f 12966 12967 697
f 637 12966 638
f 12967 12966 637
f 696 12905 697
f 697 12905 12904
f 12905 756 12904
f 12905 696 12906
f 756 12905 12906
f 12842 12841 757
f 756 12842 757
f 817 12842 12843
f 12842 756 12843
f 818 12842 12777
f 12842 818 12841
f 12842 12778 12777
f 12778 12842 817
f 522 13087 13086
f 522 13146 13087
f 522 13086 13145
f 522 13145 13205
f 13146 522 13205
f 6587 15128 6552
f 15128 6588 6552
f 15128 6587 6622
f 6623 15128 6622
f 6588 15128 6623
f 1006 942 12581
f 1006 12647 942
f 12580 1006 12581
f 943 1006 12580
f 12647 1006 943
f 885 12707 12641
f 948 885 12641
f 885 948 12706
f 885 12706 12772
f 12707 885 12772
f 13171 13112 555
f 13171 555 13111
f 13171 13172 13112
f 13171 498 13172
f 499 13171 13111
f 498 13171 499
f 13450 274 227
f 274 13449 227
f 273 274 13450
f 274 273 13402
f 274 13402 322
f 13401 274 322
f 13449 274 13401
f 12706 823 12772
f 12771 823 12706
f 12772 823 12836
f 823 12835 12836
f 823 12771 12835
f 12839 759 758
f 12837 12773 822
f 12773 12837 821
f 12773 821 12708
f 884 12773 12708
f 12773 12707 822
f 12707 12773 884
f 12838 12774 821
f 12838 12837 760
f 12837 12838 821
f 12774 12838 12839
f 12838 759 12839
f 12901 12838 760
f 759 12838 12901
f 700 12901 701
f 12963 700 701
f 700 12963 12964
f 581 13085 13025
f 13085 581 13084
f 13024 581 13025
f 13084 581 13024
f 2093 11434 11514
f 11515 2093 2018
f 2093 11514 2018
f 11435 2093 11515
f 2093 11435 2169
f 11434 2093 2169
f 11434 2094 11514
f 2094 11434 2170
f 11433 2094 2170
f 11512 11513 2096
f 2021 11513 11512
f 7729 14058 14079
f 14058 7756 14079
f 7755 14058 7729
f 7756 14058 7781
f 7781 14058 7780
f 14058 7755 7780
f 2792 10785 2718
f 10785 10863 2718
f 10863 10785 2793
f 2793 10785 10708
f 10785 2867 10708
f 2867 10785 10709
f 10785 10786 10709
f 10785 2792 10786
f 2717 10865 2791
f 2717 2640 10865
f 10786 2717 2791
f 2792 2717 10786
f 12902 759 12901
f 700 12902 12901
f 758 12902 12903
f 759 12902 758
f 2095 11432 2096
f 11513 2095 2096
f 2095 2171 11432
f 2095 11433 2171
f 2095 2094 11433
f 2095 11513 2094
f 11593 2020 2021
f 2020 11513 2021
f 2019 2020 11593
f 11514 2020 2019
f 2094 2020 11514
f 11513 2020 2094
f 2640 10864 2641
f 2717 10864 2640
f 2641 10864 2718
f 10864 2792 2718
f 10864 2717 2792
f 699 700 12964
f 699 12902 700
f 639 699 12964
f 699 639 12965
f 699 12965 12903
f 12902 699 12903
f 7187 14588 14587
f 14588 7187 7186
f 5548 16021 5547
f 16021 5548 16020
f 5450 16102 5451
f 16102 5450 16103
f 6219 15367 6220
f 6220 15367 15366
f 5846 15728 15727
f 15728 5846 5845
f 12457 1192 12456
f 1192 12457 1191
f 4461 4460 8878
f 8877 4461 8878
f 3408 10082 3407
f 10082 3408 10081
f 9566 3905 9565
f 3905 9566 3904
f 789 788 12809
f 12808 789 12809
f 8159 8160 5081
f 8159 5081 5082
f 5016 8232 8233
f 8232 5016 5017
f 5068 8177 5067
f 8177 5068 8176
f 11912 1570 11913
f 1570 11912 1571
f 1639 11839 11838
f 1639 11838 1640
f 6829 14900 6830
f 14900 6829 14901
f 3972 3971 9440
f 3971 9441 9440
f 10102 3386 3387
f 10101 10102 3387
f 5536 16000 5537
f 16000 5536 16001
f 2946 10625 2945
f 2945 10625 10626
f 10313 3175 3174
f 3175 10313 10312
f 8799 4533 8798
f 4533 8799 4532
f 13166 504 13167
f 13167 504 503
f 13708 13709 66
f 67 13708 66
f 431 13240 13239
f 431 13239 432
f 3408 10080 10081
f 10080 3408 3409
f 2644 2645 10939
f 2644 10939 10940
f 4959 8318 4938
f 4959 4938 4958
f 4779 8492 4780
f 8492 8491 4780
f 3203 3204 10355
f 10355 3204 10354
f 1938 1937 11600
f 11599 1938 11600
f 6823 14930 14931
f 6822 6823 14931
f 6662 15066 15067
f 6661 6662 15067
f 9387 4024 4025
f 4024 9387 9388
f 14570 9392 9446
f 9392 14570 14550
f 24 25 13746
f 13746 25 13745
f 114 16282 13616
f 16282 114 5277
f 5459 16122 16123
f 5459 16123 5458
f 5842 15768 5841
f 5841 15768 15769
f 3229 10258 10257
f 10258 3229 3228
f 811 12786 12785
f 811 12785 812
f 11657 11656 1886
f 1886 11656 1887
f 4884 4885 8405
f 4885 8404 8405
f 4372 8973 4413
f 4414 4372 4413
f 4108 4109 9302
f 4109 9301 9302
f 12930 12929 673
f 12929 674 673
f 47 48 13724
f 13725 47 13724
f 13293 378 13294
f 378 13293 379
f 2400 11194 2401
f 2400 2401 2321
f 12979 12978 626
f 626 12978 627
f 1436 1505 1437
f 1437 1505 12057
f 1655 11825 11824
f 1656 1655 11824
f 7974 13880 7973
f 13880 13881 7973
f 14011 7815 7814
f 14012 14011 7814
f 4831 4832 8464
f 8465 4831 8464
f 10143 10144 10077
f 10077 10144 10078
f 2313 11283 2312
f 11283 11284 2312
f 11118 11117 2474
f 11118 2474 2473
f 10367 3192 3193
f 10366 10367 3193
f 4133 4134 9277
f 4134 9276 9277
f 7157 14630 14631
f 7156 7157 14631
f 13367 13368 357
f 357 13368 356
f 15920 5625 15921
f 15921 5625 5624
f 5664 15920 5663
f 5664 5663 15886
f 6250 6251 15377
f 6251 15376 15377
f 15124 6627 15123
f 15124 15123 6593
f 6314 6313 15322
f 6313 15323 15322
f 2030 11503 2031
f 2031 11503 11502
f 9414 9360 9413
f 9360 9359 9413
f 3403 10020 10019
f 3403 10019 3404
f 3996 3994 9417
f 3994 9419 9417
f 4372 8972 4329
f 8972 4330 4329
f 10287 3201 3200
f 10288 10287 3200
f 11436 2091 2090
f 11437 11436 2090
f 12544 1042 12545
f 1042 1041 12545
f 11701 11702 1916
f 1916 11702 1915
f 14895 14894 6836
f 14894 6837 6836
f 14894 6864 6865
f 14894 14895 6864
f 2217 2216 11301
f 2216 11302 11301
f 7016 7015 14730
f 7015 14731 14730
f 4075 9335 9336
f 4075 9336 4074
f 3800 9613 3801
f 9613 3800 9614
f 5150 5149 16416
f 16415 5150 16416
f 13465 13466 258
f 258 13466 257
f 13316 410 411
f 13315 13316 411
f 15784 5781 5780
f 5781 15784 15783
f 6279 6280 6237
f 6237 6280 6238
f 5649 15932 5648
f 15932 15933 5648
f 3425 9997 9996
f 9997 3425 3424
f 3425 10063 3424
f 10063 3425 10062
f 9596 9597 3877
f 3877 9597 3876
f 3641 9840 9841
f 3641 9841 3640
f 3927 9487 9486
f 3928 3927 9486
f 1170 12478 1169
f 1169 12478 12479
f 5064 8166 8165
f 5065 5064 8165
f 1703 1704 11847
f 1704 11846 11847
f 10571 10570 2927
f 10571 2927 2926
f 8948 8947 4396
f 8948 4396 4395
f 4179 9228 4178
f 9228 4179 9227
f 1350 1349 12147
f 12147 1349 12148
f 9433 9434 9380
f 9433 9380 9379
f 9472 3942 3940
f 3942 9472 9473
f 14442 7361 14441
f 14441 7361 7362
f 13147 521 13207
f 13207 521 13206
f 8967 4334 4376
f 4334 4333 4376
