ply
format ascii 1.0
element vertex 5765
property float x
property float y
property float z
element face 11440
property list uchar int vertex_indices
end_header
7.4722 8.0466 4.0000
7.4722 7.8066 4.0600
7.4722 7.5766 4.1500
7.4722 7.3466 4.2000
7.4722 7.0966 4.2600
7.4822 6.8366 4.2600
7.4822 6.6366 4.3300
7.4822 6.3966 4.3900
7.4822 6.1466 4.4500
7.4922 5.8866 4.4700
7.4922 5.7066 4.5400
7.4922 5.4166 4.5500
7.4922 5.1966 4.6400
7.4922 4.9666 4.7000
7.5022 4.7266 4.7300
7.5022 4.4966 4.8200
7.5022 4.2566 4.9000
7.5022 4.0066 4.9500
7.5122 3.7466 4.9700
7.5122 3.4466 4.8600
7.5122 3.1266 4.7600
7.5122 2.8566 4.7100
7.5222 2.5866 4.6200
7.5222 2.3266 4.5700
7.5222 2.0366 4.4800
7.5222 1.7566 4.3900
7.5322 1.5066 4.4100
7.5322 1.2366 4.3500
7.5322 0.9466 4.2100
7.5322 0.6466 4.1300
7.5422 0.3766 4.0600
7.5422 0.0966 4.0300
7.5422 -0.1934 3.9300
7.5422 -0.4834 3.8700
7.5522 -0.7434 3.8300
7.5522 -1.0334 3.7100
7.5522 -1.2934 3.7000
7.2322 7.9266 4.1000
7.2322 7.7166 4.1700
7.2422 7.4566 4.1900
7.2422 7.2266 4.3000
7.2422 6.9866 4.3200
7.2422 6.7466 4.3700
7.2522 6.5366 4.4500
7.2522 6.2666 4.4400
7.2522 6.0166 4.5100
7.2522 5.8066 4.5900
7.2522 5.5366 4.6300
7.2622 5.2966 4.7100
7.2622 5.0466 4.7400
7.2622 4.8166 4.7800
7.2622 4.5966 4.8500
7.2622 4.3766 4.8900
7.2722 4.1366 4.9300
7.2722 3.9366 5.0100
7.2722 3.6466 4.9800
7.2722 3.3966 4.9600
7.2822 3.1366 4.9100
7.2822 2.8366 4.7800
7.2822 2.5666 4.7100
7.2822 2.2666 4.6200
7.2922 1.9766 4.5700
7.2922 1.6666 4.4300
7.2922 1.3966 4.3500
7.2922 1.1166 4.2900
7.3022 0.8266 4.1900
7.3022 0.5866 4.2200
7.3022 0.2666 4.0900
7.3122 -0.0334 3.9300
7.3122 -0.2734 3.9500
7.3122 -0.5534 3.9100
7.3122 -0.8934 3.7500
7.3222 -1.1634 3.7400
7.3222 -1.4534 3.6700
7.0222 8.0766 4.1600
7.0322 7.8166 4.1800
7.0322 7.5766 4.2900
7.0322 7.3066 4.2700
7.0322 7.0766 4.3400
7.0422 6.8266 4.4000
7.0422 6.5666 4.4400
7.0422 6.3566 4.5300
7.0422 6.1266 4.5300
7.0422 5.9266 4.6500
7.0522 5.6866 4.6600
7.0522 5.4366 4.6800
7.0522 5.2066 4.7600
7.0522 4.9866 4.8000
7.0522 4.7666 4.8700
7.0622 4.4966 4.8600
7.0622 4.3066 4.9800
7.0622 4.0466 4.9800
7.0622 3.8366 5.1100
7.0722 3.5466 5.0500
7.0722 3.2866 4.9900
7.0722 2.9866 4.8300
7.0722 2.6966 4.7800
7.0822 2.4366 4.7700
7.0822 2.1266 4.6600
7.0822 1.8566 4.5400
7.0822 1.5966 4.5200
7.0922 1.2766 4.4100
7.0922 0.9766 4.3300
7.0922 0.6966 4.2500
7.0922 0.4066 4.2000
7.1022 0.1466 4.1800
7.1022 -0.1734 4.0600
7.1022 -0.4334 4.0000
7.1122 -0.7134 3.8800
7.1122 -1.0134 3.7700
7.1122 -1.3134 3.7200
7.1122 -1.5934 3.6400
6.7622 8.1366 4.1300
6.7622 7.9366 4.2500
6.7722 7.6866 4.2600
6.7722 7.4666 4.3200
6.7722 7.2566 4.3700
6.7722 6.9966 4.4000
6.7722 6.7966 4.5200
6.7822 6.5566 4.5300
6.7822 6.3266 4.5800
6.7822 6.1066 4.6200
6.7822 5.8766 4.6800
6.7922 5.6066 4.7300
6.7922 5.3766 4.7600
6.7922 5.1566 4.8000
6.7922 4.9466 4.9000
6.7922 4.7066 4.9600
6.8022 4.4566 5.0000
6.8022 4.2466 5.1200
6.8022 4.0066 5.1100
6.8122 3.4566 5.0300
6.8122 3.1766 4.9800
6.8122 2.8766 4.9200
6.8122 2.5866 4.8300
6.8222 2.3066 4.7700
6.8222 1.9966 4.6700
6.8222 1.7266 4.5800
6.8222 1.4666 4.5000
6.8322 1.1766 4.4600
6.8322 0.8766 4.3500
6.8322 0.5766 4.2600
6.8422 0.2966 4.1900
6.8422 -0.0234 4.0800
6.8422 -0.2634 4.0400
6.8422 -0.5434 4.0000
6.8522 -0.8134 3.9600
6.8522 -1.1134 3.8400
6.8522 -1.4134 3.7600
6.8522 -1.6734 3.7100
6.8622 -1.9734 3.6400
6.4822 8.0366 4.3100
6.4822 7.8066 4.2900
6.4922 7.5766 4.3800
6.4922 7.3266 4.4500
6.4922 7.0866 4.4700
6.4922 6.8566 4.5000
6.4922 6.6866 4.6300
6.5022 6.3966 4.6500
6.5022 6.1766 4.7100
6.5022 5.9066 4.6800
6.5022 5.6966 4.7300
6.5122 5.4966 4.8700
6.5122 5.2266 4.9000
6.5122 4.9766 4.9000
6.5122 4.7466 4.9800
6.5122 4.4966 5.0400
6.5222 4.2666 5.1000
6.5322 3.2666 5.0900
6.5322 2.9566 4.9900
6.5322 2.6566 4.8900
6.5322 2.3866 4.8600
6.5422 2.0966 4.7700
6.5422 1.8166 4.6700
6.5422 1.5366 4.6000
6.5422 1.2566 4.5800
6.5522 0.9666 4.4500
6.5522 0.6866 4.4000
6.5522 0.3966 4.3100
6.5622 0.1066 4.2300
6.5622 -0.2034 4.1200
6.5622 -0.4734 4.1000
6.5622 -0.7534 4.0400
6.5722 -1.0634 3.9300
6.5722 -1.3634 3.8500
6.5722 -1.6434 3.8000
6.5722 -1.9534 3.6800
6.5822 -2.1734 3.7100
6.2122 8.0466 4.3300
6.2122 7.8066 4.3800
6.2222 7.5966 4.4500
6.2222 7.3666 4.5100
6.2222 7.1066 4.5700
6.2222 6.8666 4.6200
6.2222 6.6366 4.6900
6.2322 6.3766 4.7100
6.2322 6.1466 4.7400
6.2322 5.9266 4.8000
6.2322 5.6766 4.8300
6.2422 5.4666 4.9300
6.2422 5.2166 4.9300
6.2422 4.9866 5.0100
6.2422 4.7466 5.1000
6.2422 4.4766 5.0900
6.2622 3.2466 5.1300
6.2622 2.9666 5.0500
6.2622 2.6566 4.9300
6.2622 2.3966 4.9400
6.2722 2.0766 4.8200
6.2722 1.7966 4.7300
6.2722 1.5066 4.6700
6.2722 1.1866 4.5300
6.2822 0.9066 4.4800
6.2822 0.6466 4.4700
6.2822 0.3066 4.2900
6.2822 0.0566 4.3100
6.2922 -0.2734 4.1300
6.2922 -0.5034 4.1400
6.2922 -0.7934 4.0800
6.3022 -1.1034 3.9500
6.3022 -1.4034 3.8700
6.3022 -1.6834 3.8500
6.3022 -1.9834 3.7000
6.3122 -2.2434 3.6900
5.9322 7.8866 4.4700
5.9322 7.6466 4.5000
5.9322 7.4266 4.5600
5.9322 7.2066 4.6200
5.9422 6.9666 4.6600
5.9422 6.7366 4.7100
5.9422 6.4766 4.7200
5.9422 6.2366 4.7800
5.9422 6.0066 4.9000
5.9522 5.7766 4.9600
5.9522 5.5466 4.9900
5.9522 5.3066 5.0400
5.9522 5.0766 5.0600
5.9522 4.8366 5.1300
5.9722 3.0366 5.1300
5.9722 2.7166 5.0200
5.9822 2.4666 5.0100
5.9822 2.1666 4.9200
5.9822 1.8766 4.8300
5.9822 1.5966 4.7200
5.9922 1.2966 4.6400
5.9922 1.0266 4.6100
5.9922 0.7366 4.5200
6.0022 0.4266 4.3900
6.0022 0.1566 4.3700
6.0022 -0.1534 4.2300
6.0022 -0.4034 4.2400
6.0122 -0.6434 4.2100
6.0122 -0.9934 4.1000
6.0122 -1.3034 3.9700
6.0122 -1.5834 3.9000
6.0222 -1.8734 3.8600
6.0222 -2.1834 3.8000
6.0222 -2.4734 3.7200
5.6422 7.9066 4.5500
5.6422 7.6566 4.5800
5.6422 7.4366 4.6500
5.6422 7.2166 4.7000
5.6522 6.9466 4.7300
5.6522 6.7266 4.7700
5.6522 6.5066 4.8500
5.6522 6.2966 4.9300
5.6622 6.0566 4.9500
5.6622 5.8066 5.0100
5.6622 5.5166 4.9900
5.6622 5.3266 5.1100
5.6922 2.7266 5.1400
5.6922 2.4466 5.0400
5.6922 2.1866 5.0300
5.6922 1.8966 4.9200
5.7022 1.5766 4.8100
5.7022 1.2966 4.7000
5.7022 1.0066 4.6500
5.7122 0.7266 4.5800
5.7122 0.3866 4.4400
5.7122 0.1066 4.4300
5.7122 -0.1834 4.3500
5.7222 -0.4734 4.2700
5.7222 -0.7434 4.1700
5.7222 -1.0434 4.1000
5.7222 -1.2934 4.0700
5.7322 -1.5834 3.9300
5.7322 -1.8534 3.9000
5.7322 -2.1734 3.7900
5.7322 -2.4434 3.7600
5.7422 -2.6934 3.6900
5.7422 -2.9534 3.6500
5.4322 7.9966 4.5500
5.4322 7.7566 4.5700
5.4422 7.5366 4.6600
5.4422 7.2766 4.7100
5.4422 7.0266 4.7400
5.4422 6.8166 4.8000
5.4522 6.5766 4.8600
5.4522 6.3266 4.9500
5.4522 6.0866 4.9900
5.4522 5.8566 5.0300
5.4622 5.6166 5.0800
5.4622 5.3566 5.1200
5.4822 2.5266 5.0900
5.4922 2.2266 5.0400
5.4922 1.9166 4.9100
5.4922 1.6366 4.8600
5.4922 1.3366 4.7700
5.5022 1.0466 4.6800
5.5022 0.8066 4.6800
5.5022 0.5066 4.6000
5.5022 0.2466 4.5200
5.5122 -0.0334 4.4100
5.5122 -0.3134 4.3800
5.5122 -0.6034 4.2900
5.5122 -0.8634 4.2300
5.5222 -1.1634 4.1000
5.5222 -1.4434 4.0400
5.5222 -1.7234 3.9700
5.5322 -2.0234 3.9000
5.5322 -2.2734 3.8700
5.5322 -2.5534 3.8100
5.5322 -2.8734 3.6600
5.2822 8.1166 4.5300
5.2822 7.8866 4.6100
5.2822 7.6466 4.6500
5.2922 7.4166 4.7200
5.2922 7.1666 4.8100
5.2922 6.9366 4.8100
5.2922 6.7166 4.8500
5.3022 6.4766 4.9700
5.3022 6.2166 4.9700
5.3022 6.0066 5.0400
5.3022 5.7466 5.0700
5.3322 2.3966 5.0600
5.3422 2.1166 4.9900
5.3422 1.8366 4.9300
5.3422 1.5666 4.8300
5.3422 1.2866 4.8000
5.3522 1.0166 4.7500
5.3522 0.7566 4.6900
5.3522 0.4566 4.5900
5.3522 0.1766 4.5500
5.3622 -0.1234 4.4300
5.3622 -0.3934 4.3800
5.3622 -0.6634 4.3000
5.3622 -0.9534 4.2400
5.3722 -1.2234 4.1500
5.3722 -1.5234 4.1100
5.3722 -1.8034 4.0300
5.3722 -2.0634 3.9400
5.3822 -2.3734 3.8700
5.3822 -2.6734 3.8300
5.3822 -2.9834 3.7100
5.0722 8.0266 4.6300
5.0722 7.8066 4.7400
5.0822 7.5566 4.7700
5.0822 7.3166 4.8200
5.0822 7.0966 4.8800
5.0822 6.8266 4.8900
5.0922 6.6066 4.9500
5.0922 6.3666 5.0000
5.0922 6.1366 5.1100
5.1322 2.0466 5.0600
5.1322 1.7766 4.9800
5.1322 1.5066 4.9200
5.1422 1.2166 4.8600
5.1422 0.9366 4.8000
5.1422 0.6666 4.6700
5.1422 0.3466 4.6000
5.1522 0.0866 4.6000
5.1522 -0.1834 4.5000
5.1522 -0.4534 4.4300
5.1522 -0.7734 4.3400
5.1622 -1.0834 4.2600
5.1622 -1.3934 4.1400
5.1622 -1.6434 4.1000
5.1622 -1.9534 4.0300
5.1722 -2.2634 3.9200
5.1722 -2.5234 3.8600
5.1722 -2.7834 3.7900
5.1822 -3.0734 3.7200
5.1822 -3.3434 3.7300
4.7722 7.9166 4.7400
4.7722 7.6566 4.8000
4.7822 7.4266 4.8500
4.7822 7.1966 4.9300
4.7822 6.9366 4.9600
4.7822 6.6866 4.9900
4.7922 6.4866 5.1000
4.7922 6.2466 5.1000
4.8322 2.0066 5.1300
4.8322 1.6766 5.0300
4.8322 1.3766 4.9600
4.8422 1.0866 4.8800
4.8422 0.7766 4.7500
4.8422 0.5266 4.7200
4.8422 0.2166 4.6600
4.8422 -0.0534 4.5700
4.8522 -0.3334 4.4900
4.8522 -0.6134 4.4100
4.8522 -0.9034 4.3600
4.8622 -1.1934 4.2900
4.8622 -1.5234 4.1400
4.8622 -1.7734 4.1200
4.8622 -2.0534 4.0300
4.8722 -2.3634 3.9500
4.8722 -2.6334 3.8500
4.8722 -2.8834 3.8400
4.8722 -3.2034 3.7300
4.8822 -3.5034 3.6000
4.4922 8.1266 4.7700
4.4922 7.8966 4.8000
4.4922 7.6766 4.8500
4.4922 7.4366 4.9100
4.4922 7.2166 5.0300
4.5022 6.9766 5.0200
4.5022 6.7466 5.0800
4.5522 1.6466 5.0700
4.5522 1.3966 5.0100
4.5522 1.0766 4.9300
4.5522 0.7866 4.8700
4.5622 0.5066 4.7700
4.5622 0.2166 4.7100
4.5622 -0.0534 4.6500
4.5622 -0.3534 4.5800
4.5722 -0.6334 4.4600
4.5722 -0.8834 4.4600
4.5722 -1.1934 4.3600
4.5722 -1.4734 4.2700
4.5822 -1.7634 4.2200
4.5822 -2.0634 4.1200
4.5822 -2.3334 4.0400
4.5822 -2.6334 4.0200
4.5922 -2.9234 3.9200
4.5922 -3.2334 3.8000
4.5922 -3.5134 3.7300
4.6022 -3.7934 3.7000
4.2922 7.9366 4.8800
4.2922 7.6966 4.9500
4.2922 7.4666 4.9900
4.2922 7.2366 5.0400
4.2922 7.0166 5.0900
4.3022 6.7666 5.1300
4.3422 1.6766 5.1500
4.3522 1.3966 5.1100
4.3522 1.0866 5.0000
4.3522 0.8066 4.9000
4.3522 0.5366 4.8800
4.3622 0.2166 4.7300
4.3622 -0.0434 4.7400
4.3622 -0.3534 4.6200
4.3722 -0.6334 4.5800
4.3722 -0.9434 4.4600
4.3722 -1.2034 4.4200
4.3722 -1.5234 4.3000
4.3822 -1.8234 4.2200
4.3822 -2.0934 4.1600
4.3822 -2.3534 4.1100
4.3822 -2.6734 3.9900
4.3922 -2.9834 3.9000
4.3922 -3.2534 3.8100
4.3922 -3.5434 3.7700
4.3922 -3.8234 3.7000
4.4022 -4.1434 3.5700
4.1022 8.0466 4.9100
4.1122 7.8066 4.9600
4.1122 7.5966 5.0300
4.1122 7.3766 5.0400
4.1122 7.1066 5.1100
4.1722 1.4366 5.0900
4.1722 1.1966 5.1100
4.1722 0.9166 5.0400
4.1722 0.6166 4.9500
4.1822 0.2866 4.8300
4.1822 -0.0034 4.7500
4.1822 -0.2934 4.6100
4.1822 -0.5434 4.6100
4.1922 -0.8634 4.5200
4.1922 -1.1434 4.4500
4.1922 -1.4234 4.3700
4.1922 -1.7034 4.3400
4.2022 -2.0034 4.2200
4.2022 -2.2934 4.1700
4.2022 -2.5634 4.0600
4.2122 -2.8934 3.9100
4.2122 -3.1534 3.9600
4.2122 -3.4834 3.8300
4.2122 -3.7634 3.7800
4.2222 -4.0634 3.6200
3.8622 7.9766 4.9900
3.8622 7.7466 5.0800
3.8622 7.5166 5.1300
3.8622 7.2766 5.0900
3.9222 1.0766 5.1100
3.9222 0.7966 5.0100
3.9322 0.4966 4.9900
3.9322 0.2166 4.8800
3.9322 -0.0834 4.8100
3.9322 -0.3534 4.6800
3.9422 -0.6534 4.6900
3.9422 -0.9334 4.6400
3.9422 -1.2634 4.4400
3.9522 -1.5634 4.3500
3.9522 -1.8534 4.3200
3.9522 -2.1534 4.2500
3.9522 -2.4234 4.1800
3.9622 -2.6934 4.1000
3.9622 -2.9834 4.0300
3.9622 -3.2634 3.9400
3.9622 -3.5434 3.8400
3.9722 -3.8334 3.7900
3.9722 -4.1334 3.6700
3.9722 -4.3834 3.6600
3.5922 7.9466 5.0700
3.5922 7.7166 5.1000
3.6522 1.3066 5.1500
3.6622 0.7266 5.0400
3.6622 0.4366 4.9800
3.6622 0.1066 4.8500
3.6722 -0.1534 4.8900
3.6722 -0.4334 4.7600
3.6722 -0.6934 4.7000
3.6722 -0.9434 4.6900
3.6822 -1.2334 4.6200
3.6822 -1.5434 4.4400
3.6822 -1.8334 4.3800
3.6822 -2.0934 4.3400
3.6922 -2.3734 4.2800
3.6922 -2.6534 4.1800
3.6922 -2.8934 4.1500
3.6922 -3.2134 4.0300
3.7022 -3.5234 3.9900
3.7022 -3.7934 3.9000
3.7022 -4.0834 3.7500
3.7022 -4.3434 3.7600
3.3522 7.9666 5.1400
3.4122 1.4566 5.1200
3.4222 1.1766 5.0100
3.4222 0.9266 5.0000
3.4222 0.6466 4.9000
3.4222 0.3966 4.9100
3.4322 0.0766 4.7900
3.4322 -0.1934 4.7300
3.4322 -0.4534 4.6800
3.4322 -0.7234 4.6000
3.4422 -1.0034 4.5200
3.4422 -1.2834 4.5000
3.4422 -1.5934 4.4000
3.4422 -1.8334 4.3900
3.4522 -2.1234 4.2900
3.4522 -2.3934 4.2400
3.4522 -2.6634 4.2000
3.4522 -2.9434 4.1400
3.4622 -3.2334 4.0700
3.4622 -3.5134 4.0000
3.4622 -3.7834 3.9400
3.4622 -4.0634 3.8400
3.4722 -4.3634 3.8200
3.1622 1.8066 5.1500
3.1622 1.4966 5.0200
3.1622 1.2466 4.9600
3.1722 0.9766 4.8800
3.1722 0.6966 4.8300
3.1722 0.3866 4.7600
3.1822 0.1266 4.7300
3.1822 -0.1134 4.7000
3.1822 -0.3734 4.6200
3.1822 -0.7034 4.5600
3.1922 -0.9734 4.5100
3.1922 -1.2634 4.4300
3.1922 -1.4734 4.4600
3.1922 -1.8034 4.3200
3.2022 -2.1034 4.2500
3.2022 -2.3934 4.1600
3.2022 -2.6734 4.1300
3.2022 -2.9834 4.0500
3.2122 -3.2734 3.9500
3.2122 -3.5634 3.8700
3.2122 -3.8334 3.8000
3.2122 -4.1234 3.7300
3.2222 -4.3934 3.6600
2.9022 1.9066 5.0700
2.9022 1.6366 5.0200
2.9022 1.3866 4.9900
2.9122 1.0766 4.8600
2.9122 0.8066 4.7700
2.9122 0.5166 4.7500
2.9122 0.2566 4.7000
2.9222 -0.0034 4.6600
2.9222 -0.3034 4.5600
2.9222 -0.6234 4.4600
2.9322 -0.9134 4.4000
2.9322 -1.2034 4.3500
2.9322 -1.4134 4.3600
2.9322 -1.7734 4.2200
2.9422 -2.0334 4.1800
2.9422 -2.3134 4.1000
2.9422 -2.5634 4.0900
2.9422 -2.8734 3.9500
2.9522 -3.1634 3.9200
2.9522 -3.4634 3.8200
2.9522 -3.7134 3.7800
2.9522 -3.9934 3.6900
2.9622 -4.2734 3.7100
2.7122 2.1666 5.0300
2.7122 1.9166 5.0000
2.7122 1.6466 4.9800
2.7222 1.3566 4.9200
2.7222 1.0566 4.8400
2.7222 0.7666 4.7400
2.7222 0.4766 4.6500
2.7322 0.1766 4.5700
2.7322 -0.1034 4.4900
2.7322 -0.3634 4.4800
2.7322 -0.6134 4.4300
2.7422 -0.8934 4.3900
2.7422 -1.2234 4.2400
2.7422 -1.4934 4.2600
2.7422 -1.7634 4.1300
2.7522 -2.0134 4.1500
2.7522 -2.3234 4.0800
2.7522 -2.6034 3.9900
2.7622 -2.9034 3.8600
2.7622 -3.1734 3.8500
2.7622 -3.4334 3.8000
2.7622 -3.7334 3.7200
2.7722 -4.0334 3.6700
2.5622 2.3566 5.0700
2.5722 2.0966 5.0200
2.5722 1.8166 4.9500
2.5722 1.5366 4.8600
2.5722 1.2466 4.8000
2.5822 0.9766 4.8000
2.5822 0.6766 4.7200
2.5822 0.3966 4.5800
2.5822 0.1366 4.5800
2.5922 -0.1534 4.5300
2.5922 -0.4434 4.4400
2.5922 -0.6734 4.3900
2.6022 -0.9934 4.2900
2.6022 -1.2634 4.2700
2.6022 -1.5534 4.1800
2.6022 -1.8434 4.1400
2.6122 -2.1334 4.0500
2.6122 -2.4434 3.9400
2.6122 -2.7134 3.9300
2.6122 -3.0234 3.8400
2.6222 -3.3134 3.7100
2.6222 -3.5734 3.7300
2.6222 -3.8634 3.6800
2.6222 -4.1034 3.7000
2.3622 2.6666 5.1200
2.3622 2.3766 5.1100
2.3722 2.1266 5.0700
2.3722 1.8466 4.9500
2.3722 1.5466 4.8400
2.3722 1.2566 4.7800
2.3822 1.0066 4.7500
2.3822 0.7166 4.6300
2.3822 0.4466 4.6100
2.3822 0.1066 4.4900
2.3922 -0.1934 4.3800
2.3922 -0.3934 4.4200
2.3922 -0.7034 4.3100
2.4022 -1.0434 4.2100
2.4022 -1.2934 4.2100
2.4022 -1.5634 4.1400
2.4022 -1.8634 4.0800
2.4122 -2.2034 3.9200
2.4122 -2.4634 3.9000
2.4122 -2.7034 3.8700
2.4122 -3.0134 3.7700
2.4222 -3.3034 3.7400
2.4222 -3.5734 3.6900
2.0722 2.4466 5.1500
2.0722 2.1266 5.0300
2.0722 1.8466 4.9700
2.0822 1.5666 4.9100
2.0822 1.2766 4.8500
2.0822 0.9866 4.7600
2.0822 0.6966 4.7000
2.0922 0.4066 4.6000
2.0922 0.1166 4.5700
2.0922 -0.1834 4.4700
2.1022 -0.4634 4.3800
2.1022 -0.7234 4.2900
2.1022 -1.0434 4.2200
2.1022 -1.3134 4.2000
2.1122 -1.5834 4.1100
2.1122 -1.9034 4.0100
2.1122 -2.1834 3.9500
2.1122 -2.4834 3.8700
2.1222 -2.7234 3.8400
2.1222 -2.9934 3.7800
2.1222 -3.3434 3.6600
1.8122 1.7866 5.0000
1.8122 1.4966 4.9100
1.8122 1.2466 4.9200
1.8222 0.9366 4.8400
1.8222 0.6466 4.7300
1.8222 0.3666 4.6400
1.8222 0.0766 4.6200
1.8322 -0.2134 4.5200
1.8322 -0.5034 4.4600
1.8322 -0.7434 4.4000
1.8422 -1.0934 4.2500
1.8422 -1.3634 4.2700
1.8422 -1.6534 4.2000
1.8422 -1.9634 4.1000
1.8522 -2.2534 4.0100
1.8522 -2.5634 3.9300
1.8522 -2.8434 3.8400
1.8522 -3.1334 3.7300
1.8622 -3.3834 3.6900
1.8622 -3.6534 3.6900
1.6522 1.8766 5.0900
1.6522 1.5666 5.0200
1.6522 1.2966 4.9400
1.6522 1.0066 4.8900
1.6622 0.7266 4.8100
1.6622 0.4266 4.7600
1.6622 0.1266 4.6800
1.6722 -0.1934 4.5500
1.6722 -0.4734 4.4800
1.6722 -0.7434 4.4500
1.6722 -1.0134 4.4000
1.6822 -1.2934 4.3100
1.6822 -1.5534 4.2700
1.6822 -1.8834 4.0700
1.6822 -2.1434 4.0900
1.6922 -2.4234 4.0000
1.6922 -2.7034 3.9100
1.6922 -2.9634 3.8800
1.7022 -3.2634 3.7100
1.7022 -3.5334 3.7300
1.5022 1.6666 5.1100
1.5022 1.3866 5.0400
1.5122 1.1266 4.9400
1.5122 0.8466 4.8600
1.5122 0.5666 4.8000
1.5122 0.2966 4.7500
1.5222 0.0066 4.6600
1.5222 -0.2634 4.5400
1.5222 -0.5534 4.4900
1.5222 -0.8134 4.4600
1.5322 -1.1134 4.3300
1.5322 -1.3634 4.3500
1.5322 -1.6734 4.2500
1.5322 -1.9634 4.1400
1.5422 -2.2334 4.1200
1.5422 -2.4834 4.0500
1.5422 -2.7834 3.9500
1.5422 -3.0534 3.8800
1.5522 -3.3834 3.7900
1.5522 -3.6534 3.7000
1.5522 -3.9034 3.6600
1.2622 1.6366 5.1400
1.2722 1.3666 5.0800
1.2722 1.1066 5.0400
1.2722 0.8466 4.9000
1.2722 0.5066 4.8200
1.2822 0.2166 4.7600
1.2822 -0.0234 4.7300
1.2822 -0.3234 4.6000
1.2822 -0.6134 4.5200
1.2922 -0.8834 4.5100
1.2922 -1.1634 4.4200
1.2922 -1.4634 4.3200
1.2922 -1.7234 4.3100
1.3022 -2.0034 4.2200
1.3022 -2.3034 4.1300
1.3022 -2.6134 4.0100
1.3122 -2.8934 4.0100
1.3122 -3.1934 3.9300
1.3122 -3.4734 3.8400
1.3122 -3.7734 3.7300
1.3222 -4.0434 3.7100
1.0022 1.0566 5.0600
1.0122 0.7466 4.9400
1.0122 0.4866 4.8800
1.0122 0.2166 4.8400
1.0122 -0.0834 4.7600
1.0222 -0.3834 4.6800
1.0222 -0.6534 4.6300
1.0222 -0.9534 4.6000
1.0322 -1.2834 4.3800
1.0322 -1.5434 4.3900
1.0322 -1.8334 4.2900
1.0322 -2.1034 4.2200
1.0322 -2.3634 4.1900
1.0422 -2.6634 4.1200
1.0422 -2.9734 3.9900
1.0422 -3.2734 3.9000
1.0522 -3.5634 3.8300
1.0522 -3.8434 3.7400
1.0522 -4.1234 3.7000
0.7722 1.2466 5.1500
0.7722 0.6766 4.9800
0.7822 0.4066 4.9100
0.7822 0.1466 4.8600
0.7822 -0.1634 4.7000
0.7822 -0.4134 4.7200
0.7922 -0.7234 4.6200
0.7922 -1.0334 4.5400
0.7922 -1.3034 4.4800
0.8022 -1.5634 4.4300
0.8022 -1.8534 4.3400
0.8022 -2.1434 4.3000
0.8022 -2.4134 4.2000
0.8122 -2.7034 4.1500
0.8122 -2.9634 4.0800
0.8122 -3.2934 3.9600
0.8122 -3.5834 3.8900
0.8222 -3.8634 3.8300
0.8222 -4.1834 3.6800
0.8222 -4.4634 3.6700
0.5522 0.8166 5.1400
0.5622 0.5366 5.0500
0.5622 0.2766 5.0000
0.5622 -0.0334 4.8400
0.5622 -0.3034 4.8500
0.5722 -0.5734 4.7800
0.5722 -0.8534 4.7200
0.5722 -1.1234 4.6600
0.5722 -1.4334 4.5800
0.5822 -1.7534 4.4800
0.5822 -2.0034 4.4200
0.5822 -2.3034 4.3100
0.5922 -2.6134 4.2200
0.5922 -2.9334 4.1200
0.5922 -3.1934 4.0800
0.5922 -3.4834 3.9700
0.6022 -3.7734 3.9300
0.6022 -4.0334 3.8900
0.6022 -4.3434 3.7700
0.6022 -4.6334 3.7000
0.3222 1.2766 5.0900
0.3222 1.0066 5.0300
0.3222 0.7266 4.9900
0.3322 0.4266 4.9300
0.3322 0.1766 4.9000
0.3322 -0.1334 4.8100
0.3422 -0.4434 4.6500
0.3422 -0.7334 4.6600
0.3422 -0.9934 4.6000
0.3422 -1.2534 4.5500
0.3522 -1.5634 4.5000
0.3522 -1.8534 4.4000
0.3522 -2.1034 4.3900
0.3522 -2.4234 4.2100
0.3622 -2.7034 4.2400
0.3622 -2.9734 4.1800
0.3622 -3.2434 4.1500
0.3622 -3.5434 4.0000
0.3722 -3.8434 3.9500
0.3722 -4.0934 3.9300
0.3722 -4.4034 3.8200
0.1322 1.6666 5.1500
0.1322 1.3666 5.0700
0.1422 1.0766 5.0200
0.1422 0.8066 4.9500
0.1422 0.5366 4.9100
0.1422 0.2266 4.8200
0.1522 -0.0434 4.7800
0.1522 -0.3334 4.6800
0.1522 -0.6134 4.6100
0.1522 -0.8934 4.5700
0.1622 -1.1734 4.5000
0.1622 -1.4734 4.3800
0.1622 -1.7234 4.3900
0.1622 -2.0234 4.3100
0.1722 -2.2734 4.3100
0.1722 -2.6134 4.1300
0.1722 -2.9034 4.0600
0.1722 -3.1734 4.0600
0.1822 -3.4534 4.0600
0.1822 -3.7434 3.9500
0.1822 -4.0334 3.9300
0.1922 -4.3234 3.8200
0.1922 -4.6234 3.7100
-0.0378 1.7166 5.1200
-0.0278 1.4066 5.0100
-0.0278 1.1066 4.9500
-0.0278 0.8366 4.9000
-0.0178 0.5666 4.8600
-0.0178 0.2866 4.8000
-0.0178 -0.0234 4.7000
-0.0178 -0.2634 4.6800
-0.0078 -0.5434 4.6200
-0.0078 -0.8834 4.4800
-0.0078 -1.1534 4.4900
-0.0078 -1.4434 4.4100
0.0022 -1.7634 4.3100
0.0022 -2.0634 4.2200
0.0022 -2.3034 4.2200
0.0022 -2.5934 4.1300
0.0122 -2.8434 4.0900
0.0122 -3.1434 3.9600
0.0122 -3.3934 3.9400
0.0222 -3.6934 3.8700
0.0222 -3.9534 3.8500
0.0222 -4.2034 3.8100
0.0222 -4.4934 3.7000
0.0322 -4.7434 3.7100
-0.2778 2.3666 5.1400
-0.2778 2.1366 5.1200
-0.2678 1.8266 5.1000
-0.2678 1.5466 5.0100
-0.2678 1.2466 4.9300
-0.2678 0.9966 4.9200
-0.2578 0.6666 4.7800
-0.2578 0.3566 4.7100
-0.2578 0.0866 4.6900
-0.2478 -0.1934 4.6100
-0.2478 -0.4734 4.5600
-0.2478 -0.7434 4.5000
-0.2478 -1.0234 4.4300
-0.2478 -1.2734 4.3900
-0.2378 -1.5234 4.3500
-0.2378 -1.8334 4.3000
-0.2378 -2.1134 4.2200
-0.2378 -2.3834 4.1300
-0.2278 -2.6534 4.0600
-0.2278 -2.9134 4.0300
-0.2278 -3.2534 3.8800
-0.2178 -3.5234 3.8400
-0.2178 -3.7634 3.8100
-0.2178 -4.0234 3.8300
-0.2178 -4.3234 3.7200
-0.2078 -4.6334 3.5900
-0.6078 2.3166 5.1000
-0.6078 2.0166 5.0100
-0.6078 1.7466 5.0200
-0.6078 1.4466 4.8900
-0.5978 1.1466 4.7700
-0.5978 0.8866 4.6700
-0.5978 0.6466 4.7200
-0.5978 0.3666 4.6300
-0.5878 0.0566 4.5400
-0.5878 -0.1834 4.5100
-0.5878 -0.4834 4.3800
-0.5878 -0.7334 4.3900
-0.5778 -0.9834 4.3700
-0.5778 -1.2934 4.2600
-0.5778 -1.5734 4.2100
-0.5778 -1.8334 4.1400
-0.5678 -2.1234 4.0800
-0.5678 -2.3734 4.0600
-0.5678 -2.6834 3.9400
-0.5578 -2.9534 3.8700
-0.5578 -3.2634 3.8200
-0.5578 -3.5134 3.7800
-0.5578 -3.7834 3.7200
-0.5578 -4.0934 3.5800
-0.9078 2.6066 5.0900
-0.9078 2.3366 5.0500
-0.9078 2.0166 4.9100
-0.9078 1.7766 4.8900
-0.8978 1.4966 4.8100
-0.8978 1.2466 4.7800
-0.8978 0.9566 4.6800
-0.8978 0.6966 4.6600
-0.8878 0.3766 4.5600
-0.8878 0.1066 4.5000
-0.8878 -0.1634 4.4500
-0.8878 -0.4634 4.3400
-0.8778 -0.7334 4.3000
-0.8778 -0.9734 4.3100
-0.8778 -1.2734 4.2500
-0.8778 -1.5434 4.1500
-0.8678 -1.8134 4.0900
-0.8678 -2.0934 4.0600
-0.8678 -2.4234 3.9100
-0.8678 -2.6934 3.9000
-0.8578 -2.9834 3.8500
-0.8578 -3.2634 3.7400
-0.8578 -3.5634 3.6800
-0.8478 -3.8234 3.6400
-1.1178 2.9666 5.0800
-1.1078 2.6666 5.0200
-1.1078 2.3866 4.9900
-1.1078 2.1166 4.9200
-1.1078 1.8166 4.7800
-1.0978 1.5766 4.7900
-1.0978 1.2966 4.7500
-1.0978 0.9966 4.6000
-1.0978 0.7366 4.6400
-1.0878 0.4366 4.4900
-1.0878 0.1866 4.4800
-1.0878 -0.1034 4.4200
-1.0778 -0.4134 4.3500
-1.0778 -0.7034 4.2800
-1.0778 -0.9734 4.2500
-1.0778 -1.2734 4.1400
-1.0678 -1.5534 4.1000
-1.0678 -1.8234 4.0400
-1.0678 -2.0934 3.9700
-1.0678 -2.3734 3.9400
-1.0578 -2.6634 3.8500
-1.0578 -2.9534 3.7500
-1.0578 -3.2434 3.6800
-1.0578 -3.5034 3.6900
-1.3078 3.2866 5.1300
-1.3078 3.0066 5.1100
-1.3078 2.6966 5.0200
-1.3078 2.4266 4.9700
-1.2978 2.1966 4.9600
-1.2978 1.8866 4.8300
-1.2978 1.5666 4.7400
-1.2978 1.2766 4.7000
-1.2878 0.9666 4.5700
-1.2878 0.7166 4.5000
-1.2878 0.3966 4.4500
-1.2778 0.1366 4.4000
-1.2778 -0.1334 4.3100
-1.2778 -0.3834 4.2500
-1.2778 -0.6734 4.2700
-1.2678 -0.9834 4.1700
-1.2678 -1.2634 4.1100
-1.2678 -1.5234 4.0600
-1.2678 -1.8134 3.9700
-1.2578 -2.1034 3.9400
-1.2578 -2.3734 3.8700
-1.2578 -2.6534 3.7600
-1.2578 -2.9334 3.7400
-1.2478 -3.2034 3.6900
-1.5978 3.3566 5.0200
-1.5978 3.0866 5.0000
-1.5978 2.8266 4.9800
-1.5878 2.5266 4.8900
-1.5878 2.2666 4.8200
-1.5878 1.9966 4.7600
-1.5878 1.7266 4.7200
-1.5778 1.4166 4.6100
-1.5778 1.1266 4.5400
-1.5778 0.8666 4.5400
-1.5678 0.5666 4.3900
-1.5678 0.2966 4.3500
-1.5678 0.0066 4.3100
-1.5678 -0.2434 4.2800
-1.5578 -0.5234 4.1900
-1.5578 -0.8134 4.1300
-1.5578 -1.0934 4.0800
-1.5578 -1.3934 3.9900
-1.5478 -1.6634 3.9200
-1.5478 -1.9434 3.8800
-1.5478 -2.2334 3.8300
-1.5478 -2.5334 3.7500
-1.5378 -2.8034 3.6800
-1.9478 7.6166 5.1300
-1.9178 4.0466 5.1400
-1.9178 3.7866 5.0900
-1.9078 3.4966 4.9900
-1.9078 3.1866 4.9200
-1.9078 2.9366 4.8900
-1.8978 2.6266 4.8000
-1.8978 2.3866 4.8300
-1.8978 2.0866 4.7100
-1.8978 1.8166 4.6500
-1.8978 1.5366 4.5700
-1.8878 1.2766 4.5100
-1.8878 0.9666 4.4500
-1.8878 0.6966 4.3900
-1.8778 0.4066 4.3000
-1.8778 0.1166 4.2600
-1.8778 -0.1634 4.1700
-1.8778 -0.4434 4.1200
-1.8678 -0.7234 4.1000
-1.8678 -1.0334 4.0000
-1.8678 -1.2834 4.0000
-1.8678 -1.6034 3.8700
-1.8578 -1.8934 3.7800
-1.8578 -2.1734 3.7200
-1.8578 -2.4534 3.6500
-1.8578 -2.6934 3.7100
-2.2278 7.3866 5.1100
-2.1978 4.0266 5.0800
-2.1878 3.7366 5.0300
-2.1878 3.4766 4.9900
-2.1878 3.1966 4.9200
-2.1778 2.8966 4.8400
-2.1778 2.6066 4.7200
-2.1778 2.3166 4.6500
-2.1778 2.0266 4.6100
-2.1678 1.7666 4.5500
-2.1678 1.4766 4.4800
-2.1678 1.1766 4.4100
-2.1678 0.8966 4.3800
-2.1578 0.6566 4.3100
-2.1578 0.3166 4.2000
-2.1578 0.0266 4.1500
-2.1578 -0.2334 4.1200
-2.1478 -0.4934 4.0500
-2.1478 -0.7834 4.0000
-2.1478 -1.0834 3.9300
-2.1478 -1.3634 3.8300
-2.1378 -1.6534 3.8000
-2.1378 -1.9234 3.7200
-2.1378 -2.2034 3.7100
-2.4778 7.2466 5.0800
-2.4578 4.4566 5.1500
-2.4578 4.1666 5.0300
-2.4478 3.8666 5.0000
-2.4478 3.6066 4.9900
-2.4478 3.3066 4.8900
-2.4478 3.0266 4.8000
-2.4378 2.7466 4.7800
-2.4378 2.3966 4.5700
-2.4378 2.1566 4.5800
-2.4278 1.8866 4.5100
-2.4278 1.6066 4.4600
-2.4278 1.3066 4.4000
-2.4278 1.0066 4.2800
-2.4178 0.7766 4.2800
-2.4178 0.4566 4.2200
-2.4178 0.1666 4.1300
-2.4178 -0.1034 4.1000
-2.4078 -0.3434 4.0200
-2.4078 -0.6834 3.9300
-2.4078 -0.9834 3.8500
-2.4078 -1.2634 3.7800
-2.3978 -1.5434 3.7000
-2.3978 -1.8634 3.6700
-2.7378 6.9066 5.1200
-2.7178 4.8266 5.1200
-2.7178 4.5366 5.0400
-2.7078 4.2866 5.0500
-2.7078 3.9666 4.9100
-2.7078 3.7266 4.9000
-2.6978 3.4166 4.7900
-2.6978 3.1466 4.7800
-2.6978 2.8366 4.6400
-2.6978 2.5266 4.5600
-2.6878 2.2766 4.4900
-2.6878 1.9866 4.4200
-2.6878 1.7366 4.4400
-2.6878 1.4366 4.3500
-2.6778 1.1466 4.2800
-2.6778 0.8566 4.1700
-2.6778 0.5566 4.1700
-2.6778 0.2666 4.1000
-2.6678 -0.0334 4.0000
-2.6678 -0.2934 3.9600
-2.6678 -0.5534 3.9200
-2.6678 -0.8334 3.8500
-2.6578 -1.1134 3.7600
-2.6578 -1.3534 3.7100
-2.6578 -1.6434 3.6900
-2.9478 6.6866 5.1400
-2.9278 4.9066 5.1200
-2.9278 4.6166 5.0500
-2.9178 4.3066 4.9800
-2.9178 4.0466 4.9000
-2.9178 3.7666 4.8400
-2.9178 3.4866 4.7700
-2.9078 3.1866 4.7000
-2.9078 2.8866 4.6100
-2.9078 2.6266 4.5500
-2.9078 2.3166 4.5100
-2.8978 2.0466 4.5300
-2.8978 1.7166 4.3700
-2.8978 1.4566 4.3000
-2.8878 1.2066 4.2800
-2.8878 0.9366 4.2400
-2.8878 0.6566 4.1300
-2.8878 0.3866 4.0700
-2.8878 0.0866 4.0000
-2.8778 -0.2034 3.9100
-2.8778 -0.4834 3.8300
-2.8778 -0.7034 3.8500
-2.8678 -1.0034 3.7200
-2.8678 -1.2834 3.7000
-2.8678 -1.5734 3.6400
-3.1278 6.4766 5.1100
-3.1178 5.4766 5.1500
-3.1178 4.8966 5.0000
-3.1178 4.6066 4.9800
-3.1078 4.3166 4.9200
-3.1078 4.0066 4.8300
-3.1078 3.7566 4.7900
-3.1078 3.4666 4.7200
-3.0978 3.2066 4.7000
-3.0978 2.9366 4.5700
-3.0978 2.6566 4.5400
-3.0978 2.3966 4.4600
-3.0878 2.1166 4.4300
-3.0878 1.8166 4.3200
-3.0878 1.5666 4.3100
-3.0878 1.2966 4.2100
-3.0778 1.0166 4.1600
-3.0778 0.7266 4.1100
-3.0778 0.4166 4.0000
-3.0778 0.1666 3.9800
-3.0678 -0.1034 3.9500
-3.0678 -0.3634 3.8700
-3.0678 -0.6834 3.7400
-3.0678 -0.9434 3.6400
-3.0578 -1.2234 3.6500
-3.3778 6.3266 5.1500
-3.3678 5.4966 5.1100
-3.3578 4.4166 4.8600
-3.3578 4.1666 4.8300
-3.3578 3.8566 4.7400
-3.3478 3.5766 4.6400
-3.3478 3.3366 4.6600
-3.3478 3.0766 4.5800
-3.3478 2.7866 4.4900
-3.3378 2.4866 4.4400
-3.3378 2.1966 4.3700
-3.3378 1.9266 4.2700
-3.3378 1.6866 4.2700
-3.3278 1.3866 4.1700
-3.3278 1.0766 4.0900
-3.3278 0.8366 4.0700
-3.3178 0.5466 3.9700
-3.3178 0.2566 3.8900
-3.3178 -0.0234 3.8300
-3.3178 -0.2934 3.8200
-3.3078 -0.5734 3.7400
-3.3078 -0.8834 3.6600
-3.6878 6.1066 5.1200
-3.6878 5.8666 5.1400
-3.6878 5.6066 5.1500
-3.6778 4.1866 4.6900
-3.6678 3.9366 4.6900
-3.6678 3.6266 4.5600
-3.6678 3.3566 4.5200
-3.6678 3.1066 4.4900
-3.6578 2.8166 4.3800
-3.6578 2.5266 4.3600
-3.6578 2.2466 4.3100
-3.6578 1.9766 4.2400
-3.6478 1.7166 4.1900
-3.6478 1.3866 4.0400
-3.6478 1.1066 4.0300
-3.6478 0.8366 4.0000
-3.6378 0.5166 3.8500
-3.6378 0.2566 3.8100
-3.6378 -0.0334 3.8000
-3.6278 -0.3134 3.7000
-3.6278 -0.5534 3.6400
-3.9578 5.6066 5.0000
-3.9578 5.3666 5.0000
-3.9478 4.2066 4.6600
-3.9378 3.9366 4.6000
-3.9378 3.6866 4.5700
-3.9378 3.4166 4.5100
-3.9378 3.0966 4.4300
-3.9278 2.7966 4.3700
-3.9278 2.5166 4.2800
-3.9278 2.2466 4.2100
-3.9178 1.9466 4.1500
-3.9178 1.6566 4.0800
-3.9178 1.4066 4.0200
-3.9178 1.1666 4.0300
-3.9078 0.8566 3.9400
-3.9078 0.5266 3.7900
-3.9078 0.2666 3.7600
-3.9078 -0.0134 3.7100
-3.8978 -0.2934 3.6500
-4.1378 5.4866 4.9100
-4.1278 5.1966 4.8400
-4.1278 4.8966 4.7600
-4.1278 4.6066 4.7100
-4.1278 4.3166 4.5900
-4.1178 4.0366 4.5400
-4.1178 3.7866 4.5500
-4.1178 3.5366 4.5000
-4.1178 3.2166 4.3600
-4.1078 2.9366 4.3100
-4.1078 2.6566 4.3100
-4.1078 2.3466 4.1700
-4.1078 2.0966 4.1300
-4.0978 1.8166 4.0600
-4.0978 1.5166 4.0000
-4.0978 1.2566 3.9300
-4.0978 0.9866 3.8800
-4.0878 0.6866 3.8300
-4.0878 0.4266 3.7800
-4.0878 0.1166 3.6500
-4.0778 -0.1434 3.7000
-4.3278 5.3966 4.8400
-4.3278 5.1166 4.7500
-4.3278 4.8266 4.7300
-4.3278 4.5266 4.6500
-4.3178 4.2366 4.5600
-4.3178 3.9966 4.5200
-4.3178 3.6866 4.3900
-4.3178 3.4066 4.4100
-4.3078 3.1566 4.3700
-4.3078 2.9066 4.2800
-4.3078 2.5666 4.1500
-4.3078 2.3166 4.1900
-4.2978 2.0266 4.1100
-4.2978 1.7366 3.9800
-4.2978 1.4566 3.9400
-4.2878 1.1666 3.9100
-4.2878 0.8466 3.7700
-4.2878 0.5866 3.7200
-4.2878 0.3066 3.6300
-4.2778 0.0466 3.7000
-4.6178 5.3266 4.7100
-4.6178 5.0666 4.6800
-4.6178 4.7866 4.5800
-4.6178 4.5066 4.5700
-4.6078 4.2566 4.5200
-4.6078 3.9766 4.4700
-4.6078 3.6666 4.3900
-4.6078 3.3966 4.3200
-4.5978 3.0966 4.2400
-4.5978 2.8066 4.1600
-4.5978 2.4866 4.0700
-4.5978 2.2466 4.0700
-4.5878 1.9566 3.9900
-4.5878 1.6766 3.9500
-4.5878 1.3766 3.8300
-4.5878 1.1366 3.8200
-4.5778 0.8066 3.6700
-4.5778 0.5566 3.6800
-4.9278 4.8266 4.5100
-4.9278 4.5466 4.5000
-4.9178 4.2366 4.4000
-4.9178 3.9766 4.3700
-4.9178 3.6766 4.2900
-4.9178 3.4266 4.2600
-4.9078 3.1466 4.1900
-4.9078 2.8466 4.1300
-4.9078 2.5666 4.1000
-4.9078 2.2566 3.9300
-4.8978 1.9666 3.9000
-4.8978 1.6866 3.7900
-4.8978 1.4266 3.7800
-4.8978 1.1766 3.7600
-4.8878 0.8666 3.6500
-5.1978 4.7066 4.4600
-5.1878 4.4166 4.4000
-5.1878 4.1566 4.3700
-5.1878 3.8366 4.2400
-5.1878 3.5766 4.1600
-5.1778 3.2766 4.1000
-5.1778 3.0066 4.0200
-5.1778 2.7166 3.9900
-5.1678 2.4666 3.9600
-5.1678 2.1366 3.8900
-5.1678 1.8666 3.8600
-5.1678 1.5466 3.6900
-5.1578 1.2766 3.7100
-5.1578 1.0566 3.7500
-5.0678 -8.9734 3.5800
-5.4078 4.3766 4.3200
-5.4078 4.1066 4.2600
-5.4078 3.8166 4.2200
-5.4078 3.5166 4.1300
-5.3978 3.2166 4.0800
-5.3978 2.9466 4.0200
-5.3978 2.6966 3.9600
-5.3978 2.4266 3.8900
-5.3878 2.1366 3.8300
-5.3878 1.8666 3.7400
-5.3878 1.5966 3.6700
-5.3878 1.3466 3.6600
-5.2878 -8.9834 3.6500
-5.2878 -9.2134 3.6900
-5.6478 4.2566 4.2100
-5.6378 4.0066 4.1700
-5.6378 3.7266 4.1100
-5.6378 3.4466 4.0300
-5.6378 3.1866 4.0300
-5.6278 2.8966 3.8700
-5.6278 2.6366 3.8600
-5.6278 2.3566 3.8100
-5.6278 2.0366 3.7000
-5.6178 1.7766 3.6700
-5.6178 1.5366 3.6200
-5.5278 -8.5434 3.6200
-5.5278 -8.8034 3.6600
-5.5178 -9.0134 3.7300
-5.5178 -9.2834 3.7300
-5.8478 3.8966 4.1100
-5.8478 3.6166 4.0400
-5.8478 3.3566 4.0300
-5.8478 3.0866 3.9900
-5.8378 2.7866 3.8500
-5.8378 2.5066 3.7800
-5.8378 2.2266 3.7300
-5.8278 1.9566 3.7100
-5.8278 1.7166 3.7200
-5.7378 -8.4134 3.6500
-5.7378 -8.6634 3.6800
-5.7378 -8.9034 3.7600
-5.7278 -9.1734 3.7800
-6.0578 3.6266 4.0000
-6.0478 3.3766 4.0000
-6.0478 3.0366 3.8400
-6.0478 2.7466 3.7600
-6.0378 2.4666 3.7500
-6.0378 2.1766 3.6400
-5.9478 -8.1834 3.6300
-5.9378 -8.4534 3.5700
-5.9378 -8.6534 3.7000
-5.9378 -8.8434 3.8200
-5.9378 -9.1034 3.8600
-5.9378 -9.3034 3.9400
-6.3178 3.5266 3.8700
-6.3178 3.2366 3.8100
-6.3078 2.9766 3.7800
-6.3078 2.6966 3.6500
-6.3078 2.4566 3.6800
-6.2178 -7.7034 3.5800
-6.2078 -7.9334 3.6300
-6.2078 -8.1434 3.7000
-6.2078 -8.3834 3.7200
-6.2078 -8.5934 3.8200
-6.2078 -8.8434 3.9100
-6.1978 -9.1134 3.8700
-6.1978 -9.2834 4.0400
-6.6378 2.9766 3.7000
-6.6378 2.7166 3.6500
-6.5878 -2.7334 3.6100
-6.5878 -2.9734 3.6700
-6.5478 -7.5934 3.6600
-6.5378 -7.8234 3.7300
-6.5378 -8.0334 3.8100
-6.5378 -8.2934 3.8000
-6.5378 -8.5134 3.8800
-6.5378 -8.7534 3.9800
-6.5278 -8.9834 4.0200
-6.5278 -9.2034 4.0500
-6.8578 -2.4834 3.6100
-6.8578 -2.6934 3.7500
-6.8578 -2.9834 3.6700
-6.8178 -7.0534 3.6200
-6.8178 -7.2934 3.6300
-6.8178 -7.5234 3.6800
-6.8078 -7.7334 3.8000
-6.8078 -7.9834 3.8500
-6.8078 -8.2634 3.8600
-6.8078 -8.4834 3.9400
-6.7978 -8.7334 3.9600
-6.7978 -8.9734 4.0200
-6.7978 -9.1734 4.1500
-7.0478 -1.9934 3.5800
-7.0478 -2.2734 3.5700
-7.0478 -2.4934 3.6600
-7.0378 -2.7134 3.7100
-7.0378 -3.1534 3.8300
-6.9978 -6.8634 3.6600
-6.9978 -7.1034 3.6500
-6.9978 -7.3234 3.7700
-6.9978 -7.5434 3.7600
-6.9978 -7.7934 3.8300
-6.9878 -8.0134 3.8900
-6.9878 -8.2534 3.9400
-6.9878 -8.4834 4.0800
-6.9878 -8.7534 4.0600
-6.9878 -8.9434 4.2000
-6.9778 -9.1934 4.2000
-7.2578 -2.0634 3.6400
-7.2578 -2.5334 3.7100
-7.2578 -2.7434 3.7500
-7.2478 -2.9834 3.8600
-7.2478 -3.1834 3.9900
-7.2178 -6.6934 3.6000
-7.2078 -7.1934 3.6700
-7.2078 -7.3834 3.8400
-7.2078 -7.6234 3.8600
-7.2078 -7.8634 3.9200
-7.2078 -8.0734 3.9900
-7.1978 -8.3134 4.0500
-7.1978 -8.5934 4.0300
-7.1978 -8.7934 4.1400
-7.1978 -9.0334 4.2200
-7.1978 -9.2434 4.3300
-7.5778 -1.8134 3.5900
-7.5778 -2.0234 3.6500
-7.5778 -2.2434 3.7700
-7.5778 -2.5034 3.8000
-7.5678 -2.7134 3.9300
-7.5678 -2.9734 3.9500
-7.5678 -3.5434 3.8400
-7.5678 -3.8034 3.8100
-7.5378 -5.9434 3.5600
-7.5378 -6.1834 3.5900
-7.5378 -6.4334 3.6500
-7.5378 -6.6634 3.7000
-7.5378 -6.9134 3.7300
-7.5278 -7.1034 3.8500
-7.5278 -7.3834 3.8300
-7.5278 -7.6134 3.9100
-7.5278 -7.8234 4.0300
-7.5278 -8.0534 4.1100
-7.5178 -8.3134 4.1400
-7.5178 -8.5534 4.2300
-7.5178 -8.7734 4.3000
-7.5178 -9.0034 4.3800
-7.5078 -9.2934 4.3000
-7.8978 -1.2134 3.6000
-7.8978 -1.4934 3.6300
-7.8878 -1.7534 3.6200
-7.8878 -1.9734 3.7600
-7.8878 -2.4134 3.8600
-7.8778 -2.8734 4.0100
-7.8778 -3.1134 4.0700
-7.8478 -5.8834 3.5800
-7.8478 -6.1434 3.5800
-7.8478 -6.3934 3.6200
-7.8478 -6.5734 3.8100
-7.8478 -6.8334 3.8400
-7.8378 -7.0934 3.8300
-7.8378 -7.2834 4.0000
-7.8378 -7.5334 4.0300
-7.8378 -7.7834 4.0400
-7.8378 -7.9934 4.1500
-7.8278 -8.2434 4.2100
-7.8278 -8.4634 4.3000
-7.8278 -8.7034 4.3100
-7.8278 -8.9634 4.3800
-7.8278 -9.1634 4.4900
-8.1378 -1.1834 3.6400
-8.1378 -1.4034 3.7500
-8.1378 -1.6534 3.8200
-8.1278 -1.8734 3.8800
-8.1278 -2.1234 3.8900
-8.1278 -2.3634 3.9200
-8.1278 -2.5834 3.9900
-8.1278 -2.8034 4.0600
-8.1178 -3.0534 4.1100
-8.0978 -5.8434 3.7100
-8.0978 -6.0934 3.7100
-8.0878 -6.2834 3.8000
-8.0878 -6.5634 3.8000
-8.0878 -6.7834 3.9100
-8.0878 -7.0334 3.9200
-8.0878 -7.2234 4.0800
-8.0878 -7.1934 4.8000
-8.0778 -7.3734 5.0100
-8.0778 -7.9434 4.2100
-8.0778 -8.2234 4.2200
-8.0678 -8.4634 4.3000
-8.0678 -8.6934 4.3900
-8.0678 -8.9234 4.5000
-8.0678 -9.1734 4.5000
-8.3478 -0.4734 3.5600
-8.3478 -0.7134 3.5900
-8.3478 -0.9334 3.6500
-8.3478 -1.1834 3.6600
-8.3478 -1.4134 3.7800
-8.3378 -1.6334 3.8100
-8.3378 -1.8534 3.9300
-8.3378 -2.3334 4.0500
-8.3278 -2.5634 4.1300
-8.3278 -2.7934 4.1700
-8.3278 -3.3034 4.2500
-8.3178 -3.6234 4.1100
-8.3078 -4.8134 3.7200
-8.3078 -5.3434 3.6200
-8.3078 -5.6434 3.5900
-8.2978 -5.8534 3.7000
-8.2978 -6.0834 3.7400
-8.2978 -6.3034 3.8300
-8.2978 -6.5434 3.9300
-8.2878 -6.9934 4.1100
-8.2878 -7.0834 4.5400
-8.2878 -7.1934 4.9800
-8.2878 -7.4334 5.0700
-8.2878 -7.6634 5.0800
-8.2778 -8.2134 4.3000
-8.2778 -8.4234 4.4300
-8.2778 -8.6634 4.4700
-8.2678 -9.1334 4.5500
-8.2678 -9.3334 4.6900
-8.5778 -0.5134 3.5800
-8.5778 -0.7434 3.6300
-8.5678 -0.9734 3.7000
-8.5678 -1.2234 3.7300
-8.5678 -1.4534 3.8900
-8.5678 -1.6934 3.9000
-8.5578 -1.9434 3.8900
-8.5578 -2.2034 3.9500
-8.5578 -2.3834 4.1300
-8.5578 -2.6134 4.1600
-8.5578 -2.8434 4.2600
-8.5278 -5.4634 3.6000
-8.5278 -5.9334 3.7700
-8.5178 -6.1534 3.8700
-8.5178 -6.4034 3.8900
-8.5178 -6.6134 3.9700
-8.5178 -6.8234 4.0600
-8.5178 -6.8934 4.4900
-8.5178 -6.9534 4.9700
-8.5178 -7.1834 5.0500
-8.5078 -7.4334 5.0800
-8.5078 -7.9634 4.3500
-8.5078 -8.1734 4.4000
-8.4978 -8.3934 4.5400
-8.4978 -8.6334 4.6100
-8.4978 -8.9134 4.5700
-8.4978 -9.1134 4.6500
-8.4978 -9.3634 4.6600
-8.7878 -0.1634 3.5900
-8.7878 -0.4134 3.6300
-8.7778 -0.6134 3.7400
-8.7778 -0.8734 3.7200
-8.7778 -1.1134 3.7700
-8.7778 -1.3034 3.9400
-8.7678 -1.5834 3.8800
-8.7678 -1.7934 4.0600
-8.7678 -2.0234 4.0900
-8.7678 -2.4934 4.2100
-8.7578 -2.7534 4.2500
-8.7578 -3.0034 4.3100
-8.7578 -3.2334 4.3700
-8.7378 -5.2934 3.7200
-8.7378 -5.5334 3.7100
-8.7378 -5.7434 3.8400
-8.7278 -5.9934 3.8600
-8.7278 -6.2334 3.8800
-8.7278 -6.4334 4.0100
-8.7278 -6.6334 4.1100
-8.7278 -6.7634 4.4500
-8.7278 -6.8234 5.0000
-8.7178 -7.0534 5.0600
-8.7178 -7.2934 5.0500
-8.7178 -7.7934 4.4300
-8.7078 -8.1034 4.3400
-8.7078 -8.2934 4.4500
-8.7078 -8.4934 4.5600
-8.7078 -8.7334 4.6200
-8.7078 -8.9934 4.6200
-8.6978 -9.2334 4.7100
-8.9878 0.0266 3.5600
-8.9878 -0.1834 3.7100
-8.9778 -0.4234 3.7300
-8.9778 -0.6934 3.7500
-8.9778 -0.8934 3.8000
-8.9778 -1.1534 3.8400
-8.9678 -1.3734 3.9600
-8.9678 -1.6234 4.0400
-8.9678 -1.8734 4.0900
-8.9678 -2.3534 4.1900
-8.9578 -2.5934 4.2200
-8.9578 -3.0234 4.3800
-8.9478 -3.8634 4.1500
-8.9478 -4.4334 3.9900
-8.9378 -5.2634 3.7900
-8.9378 -5.5234 3.8200
-8.9278 -5.7334 3.8900
-8.9278 -5.9634 3.9600
-8.9278 -6.1934 4.0000
-8.9278 -6.4434 4.0500
-8.9278 -6.6534 4.1200
-8.9178 -6.7334 4.5900
-8.9178 -6.8734 4.8900
-8.9178 -7.0434 5.0500
-8.9178 -7.6034 4.3300
-8.9178 -7.8434 4.4100
-8.9078 -8.0534 4.5300
-8.9078 -8.3034 4.6000
-8.9078 -8.5034 4.7300
-8.9078 -8.7934 4.6700
-8.8978 -9.0434 4.6600
-8.8978 -9.2334 4.8300
-9.2278 -0.1234 3.7600
-9.2278 -0.3834 3.8000
-9.2278 -0.6434 3.8300
-9.2278 -0.8834 3.8900
-9.2278 -1.0934 3.9200
-9.2178 -1.3334 4.0100
-9.2178 -1.5534 4.0800
-9.2178 -1.9734 4.2100
-9.2178 -2.2334 4.2600
-9.2078 -2.4334 4.4100
-9.2078 -2.6734 4.4100
-9.2078 -2.8934 4.4400
-9.2078 -3.1234 4.4600
-9.1978 -4.0234 4.1700
-9.1878 -4.8834 3.9500
-9.1878 -5.4234 3.8500
-9.1778 -5.6334 4.0000
-9.1778 -5.9034 3.9500
-9.1778 -6.1134 4.0400
-9.1778 -6.3534 4.1100
-9.1778 -6.6034 4.1900
-9.1678 -6.8234 4.3300
-9.1678 -7.0234 4.4200
-9.1678 -7.2834 4.4000
-9.1678 -7.5234 4.4400
-9.1578 -7.7834 4.4400
-9.1578 -7.9834 4.5500
-9.1578 -8.2434 4.5600
-9.1578 -8.4634 4.6700
-9.1578 -8.7134 4.7800
-9.1478 -8.9134 4.8600
-9.1478 -9.1434 4.9000
-9.1478 -9.3934 4.9500
-9.5378 -0.6634 3.9300
-9.5378 -0.8934 3.9500
-9.5378 -1.1234 3.9900
-9.5378 -1.3534 4.0600
-9.5378 -1.5734 4.1000
-9.5278 -1.7734 4.2600
-9.5278 -2.0534 4.2000
-9.5278 -2.2634 4.3300
-9.5278 -2.4834 4.4200
-9.5178 -2.8934 4.6100
-9.5178 -3.1834 4.5800
-9.5078 -4.6434 4.1600
-9.4978 -5.2734 3.8900
-9.4978 -5.4934 3.9700
-9.4978 -5.7334 4.0600
-9.4878 -5.9634 4.1000
-9.4878 -6.1734 4.1700
-9.4878 -6.4034 4.2200
-9.4878 -6.6634 4.2600
-9.4878 -6.9034 4.3100
-9.4778 -7.1334 4.4200
-9.4778 -7.3634 4.4300
-9.4778 -7.6234 4.4400
-9.4778 -7.8334 4.5800
-9.4778 -8.0534 4.6200
-9.4678 -8.2634 4.7000
-9.4678 -8.5334 4.7500
-9.4678 -8.7734 4.7400
-9.4678 -9.0034 4.8700
-9.4578 -9.2234 4.9700
-9.8078 -0.9934 4.0600
-9.7978 -1.2334 4.0900
-9.7978 -1.4234 4.2200
-9.7978 -1.9234 4.3300
-9.7978 -2.1234 4.4300
-9.7878 -2.3634 4.4800
-9.7878 -2.6234 4.5600
-9.7878 -2.8634 4.6100
-9.7878 -3.0834 4.6500
-9.7778 -4.2634 4.2800
-9.7678 -5.1634 3.9700
-9.7678 -5.4134 4.0300
-9.7578 -5.6434 4.0600
-9.7578 -5.8434 4.1800
-9.7578 -6.1034 4.2100
-9.7578 -6.3234 4.2400
-9.7578 -6.5534 4.3100
-9.7478 -6.7834 4.4100
-9.7478 -7.0234 4.4400
-9.7478 -7.2634 4.5300
-9.7478 -7.4834 4.6300
-9.7378 -7.6934 4.7100
-9.7378 -7.9734 4.7000
-9.7378 -8.2134 4.7700
-9.7378 -8.4634 4.8100
-9.7378 -8.6734 4.8800
-9.7278 -8.9334 4.9400
-9.7278 -9.1534 5.0800
-9.7278 -9.3734 5.1100
-9.9278 -8.7234 4.8900
-9.9278 -8.9034 5.0700
-9.9278 -9.1434 5.1400
-9.8878 -9.3434 5.1500
-9.8978 -9.1034 5.0400
-9.8978 -8.8834 5.0300
-9.8978 -8.6734 4.9100
-9.8978 -8.4434 4.8500
-9.9078 -7.7234 4.7300
-9.9078 -7.5234 4.6000
-9.9078 -7.2734 4.5900
-9.9078 -7.0534 4.4600
-9.9178 -6.8434 4.3500
-9.9178 -6.6234 4.3700
-9.9178 -6.3934 4.3900
-9.9178 -6.1434 4.3000
-9.9178 -5.9034 4.1100
-9.9278 -5.6934 4.2000
-9.9278 -5.4834 4.1600
-9.9278 -5.0334 4.0900
-9.9278 -4.8134 4.1200
-9.6878 -9.3334 5.0400
-9.6878 -9.1034 4.9800
-9.6878 -8.8934 4.9300
-9.6978 -8.6534 4.7900
-9.6978 -8.4334 4.8800
-9.6978 -8.2234 4.7500
-9.6978 -8.0034 4.6800
-9.7078 -7.5134 4.5600
-9.7078 -7.0734 4.5300
-9.7078 -6.8534 4.3700
-9.7078 -6.6134 4.2800
-9.7178 -6.3934 4.3000
-9.7178 -6.1934 4.2500
-9.7178 -5.7234 4.1200
-9.7178 -5.4934 4.0600
-9.7278 -5.2634 3.9400
-9.7278 -5.0634 3.9300
-9.7278 -4.8034 4.1300
-9.7278 -4.5634 4.2000
-9.7278 -4.3434 4.1900
-9.7378 -4.1334 4.2800
-9.7378 -3.9034 4.3500
-9.7378 -3.6434 4.3900
-9.7378 -3.4434 4.5600
-9.7478 -2.7434 4.5500
-9.7478 -2.5334 4.4300
-9.7478 -2.3134 4.3900
-9.7478 -2.0934 4.4000
-9.7578 -1.8234 4.3100
-9.7578 -1.3934 4.1000
-9.7578 -1.1534 4.0400
-9.4578 -9.2234 4.9000
-9.4578 -8.9934 4.9200
-9.4578 -8.7834 4.7800
-9.4678 -8.5334 4.7900
-9.4678 -8.1034 4.6500
-9.4678 -7.8934 4.6100
-9.4678 -7.6534 4.5700
-9.4678 -7.4034 4.4800
-9.4778 -7.2034 4.3800
-9.4778 -6.9634 4.3400
-9.4778 -6.7234 4.3400
-9.4778 -6.5034 4.2000
-9.4778 -6.2734 4.1800
-9.4878 -5.8134 4.0900
-9.4878 -5.5734 3.9300
-9.4878 -5.1234 3.8800
-9.4978 -4.9134 3.9800
-9.4978 -4.6734 4.1100
-9.4978 -4.4434 4.0800
-9.4978 -4.2134 4.1100
-9.5078 -3.7434 4.3600
-9.5078 -3.5434 4.3600
-9.5078 -2.8634 4.5500
-9.5178 -2.6234 4.4100
-9.5178 -2.3934 4.3700
-9.5178 -2.1834 4.2700
-9.5178 -1.6734 4.1900
-9.5278 -1.2634 4.0800
-9.5278 -1.0234 3.9600
-9.5278 -0.8034 3.8300
-9.5278 -0.5934 3.9100
-9.2478 -9.3634 4.9400
-9.2478 -9.1234 4.8100
-9.2478 -8.9034 4.7200
-9.2478 -8.6734 4.7400
-9.2578 -7.9834 4.5600
-9.2578 -7.7534 4.5200
-9.2578 -7.5234 4.5100
-9.2578 -7.2934 4.3800
-9.2678 -7.0634 4.4200
-9.2678 -6.8234 4.3300
-9.2678 -6.3834 4.1900
-9.2678 -6.1534 4.0600
-9.2778 -5.9034 4.0500
-9.2778 -5.4534 3.9200
-9.2778 -5.2434 3.8500
-9.2778 -5.0234 3.8500
-9.2878 -4.5634 4.1000
-9.2878 -4.1034 4.1400
-9.2878 -3.8634 4.1600
-9.2878 -3.6234 4.2200
-9.2978 -3.3934 4.3900
-9.2978 -3.1734 4.5300
-9.2978 -2.7434 4.4200
-9.3078 -2.3134 4.3000
-9.3078 -2.0734 4.1000
-9.3078 -1.6434 4.0900
-9.3178 -1.1934 4.0000
-9.3178 -0.7334 3.8300
-9.3178 -0.2934 3.8100
-9.0378 -9.2834 4.7800
-9.0378 -9.0534 4.7700
-9.0478 -8.8234 4.7000
-9.0478 -8.3734 4.5500
-9.0478 -8.1634 4.5600
-9.0478 -7.9134 4.4800
-9.0578 -7.6734 4.4700
-9.0578 -7.4634 4.3600
-9.0578 -7.2334 4.3400
-9.0578 -7.0134 4.4300
-9.0578 -6.7834 4.5000
-9.0678 -6.5634 4.0600
-9.0678 -6.3334 3.9500
-9.0678 -5.8434 3.9000
-9.0678 -5.6434 3.9400
-9.0778 -5.3734 3.7900
-9.0778 -5.1334 3.8000
-9.0778 -4.9134 3.8500
-9.0778 -4.7334 3.9000
-9.0778 -4.4934 3.9500
-9.0778 -4.2734 3.9800
-9.0878 -4.0734 4.1000
-9.0878 -3.8334 4.1800
-9.0878 -3.6234 4.2700
-9.0878 -3.4034 4.3700
-9.0878 -3.1834 4.3800
-9.0978 -2.7434 4.3200
-9.0978 -2.2734 4.1800
-9.0978 -2.0734 4.1600
-9.0978 -1.8534 4.1100
-9.1078 -1.6134 4.0100
-9.1078 -1.3934 3.9800
-9.1078 -1.1734 3.8900
-9.1078 -0.7334 3.8500
-9.1178 -0.2634 3.7200
-8.7778 -9.3334 4.7600
-8.7778 -9.1034 4.6900
-8.7778 -8.8834 4.6500
-8.7778 -8.6434 4.5900
-8.7878 -8.4234 4.5000
-8.7878 -8.1934 4.5500
-8.7878 -7.7534 4.3100
-8.7878 -7.4934 4.2600
-8.7978 -7.2734 4.2900
-8.7978 -7.0534 5.0000
-8.7978 -6.8334 5.0000
-8.7978 -6.5534 4.0000
-8.7978 -6.3434 3.9800
-8.8078 -6.1334 3.9100
-8.8078 -5.6934 3.7700
-8.8078 -5.4734 3.8000
-8.8078 -5.2534 3.7300
-8.8178 -4.5934 3.8400
-8.8178 -4.3934 3.9900
-8.8178 -4.1634 4.0200
-8.8178 -3.9134 4.1100
-8.8278 -3.4834 4.2700
-8.8278 -3.2734 4.3100
-8.8278 -2.8234 4.3200
-8.8278 -2.5734 4.1700
-8.8378 -2.3734 4.1600
-8.8378 -2.1634 4.1900
-8.8378 -1.4434 3.9600
-8.8478 -1.2334 3.8300
-8.8478 -0.9834 3.7400
-8.8478 -0.7434 3.7500
-8.4478 -9.3234 4.7000
-8.4478 -9.1034 4.7000
-8.4478 -8.8634 4.5500
-8.4578 -8.6134 4.5200
-8.4578 -8.3734 4.4600
-8.4578 -8.1434 4.3400
-8.4578 -7.9534 4.2300
-8.4578 -7.7134 4.3400
-8.4678 -7.5034 4.9800
-8.4678 -7.2934 5.0300
-8.4678 -7.0934 5.0300
-8.4678 -6.8434 5.0200
-8.4778 -6.1834 3.8800
-8.4778 -5.9734 3.8600
-8.4778 -5.7134 3.7300
-8.4778 -5.4734 3.6600
-8.4878 -5.2734 3.5800
-8.4878 -5.0834 3.6400
-8.4878 -4.8434 3.7600
-8.4878 -4.3934 3.8800
-8.4878 -4.1634 3.9200
-8.4978 -3.9634 3.9800
-8.4978 -3.7234 4.0400
-8.4978 -3.4934 4.1600
-8.4978 -3.2834 4.1500
-8.5078 -2.5634 4.0800
-8.5078 -2.3334 4.0700
-8.5078 -1.8934 3.9500
-8.5078 -1.6734 3.8700
-8.5178 -1.4534 3.8000
-8.5178 -1.2134 3.7100
-8.5178 -0.9734 3.6500
-8.5178 -0.7434 3.6500
-8.1778 -9.2934 4.5800
-8.1778 -9.0734 4.4900
-8.1878 -8.6334 4.4500
-8.1878 -8.4034 4.3400
-8.1878 -8.1934 4.2800
-8.1878 -7.9634 4.1300
-8.1878 -7.7534 4.1700
-8.1978 -7.5434 5.0000
-8.1978 -7.3134 5.0300
-8.1978 -7.0734 5.0000
-8.1978 -6.8434 3.9600
-8.1978 -6.6534 3.8900
-8.2078 -6.4234 3.8600
-8.2078 -6.1734 3.6700
-8.2078 -5.9634 3.7000
-8.2178 -5.0434 3.6100
-8.2178 -4.3534 3.7900
-8.2178 -4.1334 3.8200
-8.2278 -3.9134 3.9700
-8.2278 -3.6934 4.0400
-8.2278 -3.4634 4.0900
-8.2278 -3.2634 4.2000
-8.2378 -2.5534 4.0000
-8.2378 -1.8834 3.8500
-8.2478 -1.4434 3.6900
-8.2478 -0.7534 3.6200
-8.0078 -9.2034 4.5200
-8.0178 -8.7234 4.4400
-8.0178 -8.0734 4.2500
-8.0178 -7.8334 4.1300
-8.0278 -6.7334 3.8400
-8.0378 -6.2534 3.7800
-8.0378 -6.0034 3.6100
-8.0378 -5.7934 3.6200
-8.0478 -4.6734 3.6900
-8.0478 -4.4434 3.7500
-8.0578 -4.1934 3.8000
-8.0578 -3.9834 3.8700
-8.0578 -3.7734 3.9200
-8.0578 -3.5534 4.0000
-8.0678 -2.8734 4.1100
-8.0678 -2.6734 3.9100
-8.0678 -2.4134 3.9000
-8.0678 -1.9634 3.7700
-8.0778 -1.7334 3.7700
-8.0778 -1.2534 3.6300
-7.8478 -9.3934 4.5100
-7.8478 -9.1534 4.4600
-7.8478 -8.9634 4.3400
-7.8578 -8.7134 4.2800
-7.8578 -8.4834 4.2500
-7.8578 -7.8034 3.9900
-7.8578 -7.5634 4.0200
-7.8678 -7.1234 3.9100
-7.8678 -6.8934 3.8900
-7.8678 -6.6834 3.7500
-7.8678 -6.4434 3.7500
-7.8778 -6.2334 3.7000
-7.8878 -4.6434 3.6700
-7.8878 -4.4234 3.7800
-7.8978 -3.9934 3.9000
-7.8978 -3.7334 3.8900
-7.8978 -3.5034 3.9200
-7.8978 -3.2934 4.0200
-7.8978 -3.0734 3.9800
-7.9078 -2.8234 3.9400
-7.9078 -1.9134 3.7800
-7.9178 -1.6834 3.7200
-7.9178 -1.4634 3.5700
-7.6078 -9.0534 4.3200
-7.6078 -8.8434 4.3200
-7.6178 -8.6034 4.2500
-7.6178 -8.3834 4.2200
-7.6178 -7.7234 4.0200
-7.6178 -7.4734 3.9200
-7.6278 -7.2334 3.8700
-7.6278 -7.0134 3.8200
-7.6278 -6.8134 3.7500
-7.6278 -6.5734 3.6400
-7.6378 -6.3434 3.6400
-7.6478 -4.2934 3.6700
-7.6478 -4.0934 3.7400
-7.6578 -3.8634 3.8300
-7.6578 -3.6034 3.8500
-7.6578 -3.3834 3.9300
-7.6678 -2.2734 3.7600
-7.6678 -2.0434 3.6600
-7.6678 -1.7934 3.7300
-7.6778 -1.5834 3.6500
-7.3578 -9.2734 4.3700
-7.3578 -9.0334 4.3100
-7.3578 -8.7934 4.2200
-7.3678 -8.5834 4.1300
-7.3678 -8.3734 4.0700
-7.3678 -8.1334 4.0100
-7.3678 -7.9034 3.9900
-7.3678 -7.6934 3.7400
-7.3678 -7.4634 3.8500
-7.3778 -7.2434 3.8400
-7.3778 -7.0034 3.8100
-7.3778 -6.7734 3.7100
-7.3778 -6.5634 3.6100
-7.3778 -6.3334 3.5700
-7.3978 -4.0434 3.7100
-7.4078 -3.8234 3.7600
-7.4078 -3.6034 3.8100
-7.4078 -3.3634 3.9900
-7.4078 -2.9134 3.8600
-7.4178 -2.4534 3.7800
-7.4178 -1.7534 3.6400
-7.1478 -9.0834 4.1900
-7.1478 -8.8634 4.1100
-7.1478 -8.6534 4.0600
-7.1478 -8.4134 4.0200
-7.1478 -8.1834 4.0500
-7.1578 -7.9334 3.9900
-7.1578 -7.7134 3.8100
-7.1578 -7.4734 3.7500
-7.1578 -7.2534 3.7500
-7.1678 -7.0134 3.6800
-7.1878 -3.5734 3.7600
-7.1978 -3.3434 3.8000
-7.1978 -3.1234 3.7600
-7.1978 -2.9034 3.7300
-7.1978 -2.4834 3.6600
-6.9378 -9.0134 4.1800
-6.9378 -8.8134 4.0000
-6.9378 -8.3134 3.9500
-6.9378 -8.1134 3.7900
-6.9478 -7.9134 3.8400
-6.9478 -7.6634 3.8000
-6.9478 -7.4134 3.7400
-6.9478 -7.1934 3.6300
-6.9778 -3.5734 3.6600
-6.9878 -3.3634 3.7200
-6.9878 -2.7034 3.7000
-6.9878 -2.4734 3.6200
-6.9878 -2.2434 3.6000
-6.6878 -9.1834 4.0900
-6.6978 -8.9634 3.9100
-6.6978 -8.7434 3.9800
-6.6978 -8.2734 3.9200
-6.6978 -8.0534 3.7600
-6.7078 -7.8334 3.7700
-6.7078 -7.3434 3.6300
-6.7078 -7.1234 3.5800
-6.7378 -3.7634 3.5700
-6.7978 2.7666 3.5600
-6.7978 2.9966 3.6200
-6.4678 -9.3034 4.0500
-6.4678 -9.0534 3.9900
-6.4678 -8.8134 3.9500
-6.4678 -8.5834 3.8900
-6.5178 -3.4734 3.6300
-6.5678 2.6766 3.5600
-6.5678 2.8866 3.6900
-6.5778 3.0966 3.7800
-6.2478 -9.2934 3.9700
-6.2578 -8.8434 3.8600
-6.2578 -8.4234 3.7200
-6.2578 -8.1734 3.7400
-6.2678 -7.9634 3.5800
-6.2678 -7.7434 3.5600
-6.3478 2.4466 3.5600
-6.3578 2.6666 3.6400
-6.3578 2.8866 3.6800
-6.3578 3.0966 3.7800
-6.3578 3.3466 3.8700
-5.9878 -9.3534 3.8700
-5.9878 -9.1434 3.8800
-5.9878 -8.9334 3.8500
-5.9978 -8.6734 3.8000
-5.9978 -8.4634 3.6900
-5.9978 -8.0334 3.6000
-6.0878 2.2066 3.6400
-6.0878 2.4266 3.6800
-6.0878 2.6666 3.7800
-6.0878 2.9066 3.8200
-6.0978 3.1166 3.8500
-6.0978 3.3266 3.8900
-6.0978 3.5466 3.9500
-6.0978 3.7666 3.9600
-5.6678 -9.2534 3.8100
-5.6778 -8.8134 3.7200
-5.7678 1.8766 3.6300
-5.7678 2.0966 3.6900
-5.7678 2.2966 3.7600
-5.7678 2.5366 3.7800
-5.7678 2.7566 3.8600
-5.7778 2.9766 3.8900
-5.7778 3.1766 3.9500
-5.7778 3.3866 4.0100
-5.7778 3.6366 4.0600
-5.7778 3.8766 4.1200
-5.7778 4.0866 4.1300
-5.4078 -9.1834 3.7200
-5.4178 -8.9634 3.6200
-5.5078 1.4366 3.6200
-5.5078 1.6566 3.6700
-5.5078 1.8666 3.7000
-5.5078 2.1066 3.7700
-5.5078 2.3366 3.8100
-5.5078 2.5466 3.9000
-5.5178 2.7466 3.9100
-5.5178 2.9766 4.0100
-5.5178 3.2166 4.0300
-5.5178 3.4266 4.1200
-5.5178 3.6466 4.1900
-5.5278 3.8766 4.1700
-5.5278 4.0966 4.2200
-5.5278 4.3166 4.2800
-5.3478 1.3966 3.6200
-5.3578 1.6266 3.7000
-5.3578 1.8366 3.7400
-5.3578 2.0766 3.7800
-5.3578 2.2966 3.8500
-5.3578 2.5166 3.8800
-5.3578 2.7366 3.9400
-5.3678 2.9666 4.0400
-5.3678 3.2166 4.0300
-5.3678 3.4566 4.1100
-5.3678 3.6566 4.1700
-5.3678 3.8866 4.2300
-5.3778 4.1066 4.2500
-5.3778 4.3366 4.3300
-5.3778 4.5166 4.3900
-5.1178 -9.1934 3.5900
-5.2078 0.9966 3.6500
-5.2078 1.2166 3.5600
-5.2078 1.4466 3.6900
-5.2078 1.6966 3.7200
-5.2178 1.9166 3.7900
-5.2178 2.1466 3.8600
-5.2178 2.3466 3.8900
-5.2178 2.5666 3.9600
-5.2178 2.7866 3.9800
-5.2278 3.0166 4.0400
-5.2278 3.2466 4.1400
-5.2278 3.4866 4.1100
-5.2278 3.7166 4.2700
-5.2278 3.9166 4.2700
-5.2378 4.1466 4.3000
-5.2378 4.3666 4.3600
-5.2378 4.5866 4.4300
-4.9878 0.9266 3.6500
-4.9878 1.1266 3.7000
-4.9878 1.3566 3.7400
-4.9878 1.6066 3.7800
-4.9978 1.8366 3.8000
-4.9978 2.0566 3.8700
-4.9978 2.2566 3.9500
-4.9978 2.4966 4.0300
-4.9978 2.7266 4.0200
-5.0078 2.9266 4.0800
-5.0078 3.1566 4.1500
-5.0078 3.3766 4.1800
-5.0078 3.6266 4.2200
-5.0078 3.8466 4.3300
-5.0178 4.0566 4.3700
-5.0178 4.2666 4.3900
-5.0178 4.5166 4.4600
-5.0178 4.7666 4.5600
-4.7578 0.6266 3.6000
-4.7578 0.8166 3.6500
-4.7578 1.0766 3.6500
-4.7578 1.2866 3.8100
-4.7678 1.5066 3.8300
-4.7678 1.7266 3.8900
-4.7678 1.9566 3.9600
-4.7678 2.1866 4.0000
-4.7678 2.4066 4.0100
-4.7778 2.6166 4.0800
-4.7778 2.8666 4.1400
-4.7778 3.1066 4.2100
-4.7778 3.3266 4.2600
-4.7778 3.5566 4.3300
-4.7778 3.7866 4.3600
-4.7878 4.0166 4.4000
-4.7878 4.2266 4.4200
-4.7878 4.4466 4.5100
-4.7878 4.6866 4.5700
-4.7978 4.9166 4.6000
-4.7978 5.1266 4.6300
-4.5578 0.1966 3.6400
-4.5678 0.4366 3.5600
-4.5678 0.6466 3.6700
-4.5678 0.8766 3.7500
-4.5678 1.1266 3.7700
-4.5678 1.3566 3.8500
-4.5778 1.5766 3.8400
-4.5778 1.7866 3.9500
-4.5778 2.0266 3.9900
-4.5778 2.2766 4.0400
-4.5778 2.4566 4.1400
-4.5878 2.6866 4.1900
-4.5878 2.9266 4.2000
-4.5878 3.1666 4.2700
-4.5878 3.3766 4.3300
-4.5878 3.5966 4.3800
-4.5978 3.8166 4.4000
-4.5978 4.0566 4.5000
-4.5978 4.2666 4.5000
-4.5978 4.4866 4.5900
-4.5978 4.7366 4.6200
-4.6078 4.9766 4.6600
-4.6078 5.2166 4.7700
-4.3778 0.1866 3.5800
-4.3778 0.4266 3.6800
-4.3778 0.6466 3.6900
-4.3878 0.8866 3.8000
-4.3878 1.0866 3.8100
-4.3878 1.3066 3.8800
-4.3878 1.5566 3.9700
-4.3878 1.7766 3.9800
-4.3978 2.0066 4.0200
-4.3978 2.2166 4.0800
-4.3978 2.4566 4.1600
-4.3978 2.6766 4.2200
-4.3978 2.9066 4.2600
-4.4078 3.1266 4.2900
-4.4078 3.3566 4.3800
-4.4078 3.6066 4.4700
-4.4078 3.8466 4.5300
-4.4078 4.0666 4.4900
-4.4178 4.2766 4.5600
-4.4178 4.5066 4.6100
-4.4178 4.7266 4.6600
-4.4178 4.9266 4.6700
-4.4178 5.1466 4.7600
-4.4278 5.3866 4.8300
-4.1678 0.1566 3.5900
-4.1678 0.3566 3.7300
-4.1778 0.5866 3.7500
-4.1778 0.8166 3.7900
-4.1778 1.0566 3.8800
-4.1778 1.2566 3.9400
-4.1778 1.5066 3.9500
-4.1878 1.7366 4.0700
-4.1878 1.9766 4.1100
-4.1878 2.1966 4.1600
-4.1878 2.4266 4.2200
-4.1878 2.6866 4.2300
-4.1878 2.8866 4.3200
-4.1978 3.0866 4.3300
-4.1978 3.2966 4.4000
-4.1978 3.5466 4.4700
-4.1978 3.7566 4.5100
-4.1978 3.9766 4.5600
-4.2078 4.1966 4.5800
-4.2078 4.4066 4.6600
-4.2078 4.6366 4.7200
-4.2078 4.8366 4.7700
-4.2078 5.0666 4.8000
-4.2178 5.3066 4.8200
-4.2178 5.5266 4.9500
-3.9778 -0.3334 3.5700
-3.9778 -0.0834 3.6400
-3.9778 0.1666 3.7200
-3.9778 0.3966 3.7600
-3.9778 0.6266 3.8500
-3.9878 0.8666 3.9000
-3.9878 1.0766 3.9200
-3.9878 1.2966 3.9900
-3.9878 1.5066 4.0400
-3.9878 1.7166 4.0900
-3.9878 1.9366 4.1600
-3.9978 2.1666 4.2000
-3.9978 2.3866 4.2500
-3.9978 2.5966 4.2700
-3.9978 2.8166 4.3500
-3.9978 3.0266 4.4200
-4.0078 3.2566 4.4400
-4.0078 3.4966 4.4900
-4.0078 3.7166 4.5400
-4.0078 3.9266 4.5700
-4.0078 4.1466 4.6600
-4.0178 4.3766 4.6800
-4.0178 4.5866 4.7200
-4.0178 4.8266 4.8200
-4.0178 5.0466 4.8500
-4.0178 5.2666 4.9500
-4.0178 5.4966 4.9600
-4.0278 5.7266 5.0200
-3.7878 -0.4134 3.6000
-3.7878 -0.2034 3.6400
-3.7878 0.0166 3.7400
-3.7878 0.2466 3.7800
-3.7878 0.4566 3.7900
-3.7978 0.6566 3.9200
-3.7978 0.8866 3.9000
-3.7978 1.1166 4.0000
-3.7978 1.3266 4.0100
-3.7978 1.5266 4.0500
-3.8078 1.7766 4.1600
-3.8078 2.0166 4.1600
-3.8078 2.2366 4.2700
-3.8078 2.4466 4.3200
-3.8078 2.6466 4.3300
-3.8178 2.8866 4.4000
-3.8178 3.1066 4.4400
-3.8178 3.3466 4.4900
-3.8178 3.5466 4.5500
-3.8178 3.7666 4.6000
-3.8278 4.0066 4.6400
-3.8278 4.2366 4.7000
-3.8278 4.4666 4.7700
-3.8278 4.6866 4.7900
-3.8278 4.9166 4.8000
-3.8378 5.5666 5.0600
-3.8378 5.7966 5.1100
-3.8378 6.0366 5.1300
-3.5378 -0.7734 3.5800
-3.5478 -0.5534 3.6300
-3.5478 -0.3334 3.6900
-3.5478 -0.1134 3.7300
-3.5478 0.0866 3.8200
-3.5478 0.3166 3.8700
-3.5578 0.5566 3.9700
-3.5578 0.7866 4.0100
-3.5578 0.9966 4.0500
-3.5578 1.2066 4.0500
-3.5578 1.4466 4.1400
-3.5678 1.6466 4.1500
-3.5678 1.8966 4.2600
-3.5678 2.0966 4.3000
-3.5678 2.3166 4.3300
-3.5678 2.5466 4.4000
-3.5678 2.7966 4.3900
-3.5778 3.0166 4.4800
-3.5778 3.2466 4.5500
-3.5778 3.4566 4.6100
-3.5778 3.7066 4.6200
-3.5778 3.9166 4.6900
-3.5878 4.1066 4.7800
-3.5878 4.3466 4.8200
-3.5878 4.5966 4.8200
-3.5878 4.8166 4.8700
-3.2478 -1.1934 3.5900
-3.2478 -0.9734 3.6000
-3.2478 -0.7734 3.6500
-3.2478 -0.5534 3.7600
-3.2578 -0.3034 3.7500
-3.2578 -0.0934 3.8400
-3.2578 0.1366 3.9400
-3.2578 0.3466 3.9600
-3.2578 0.5666 4.0100
-3.2678 0.8066 4.0600
-3.2678 1.0366 4.0800
-3.2678 1.2466 4.1300
-3.2678 1.5066 4.2500
-3.2678 1.7166 4.2400
-3.2778 1.9566 4.3400
-3.2778 2.1666 4.3500
-3.2778 2.3766 4.4000
-3.2778 2.6066 4.4900
-3.2778 2.8366 4.5000
-3.2878 3.0666 4.5400
-3.2878 3.2966 4.6300
-3.2878 3.5066 4.6700
-3.2878 3.7366 4.7100
-3.2878 3.9466 4.7800
-3.2878 4.1666 4.8300
-3.2978 4.3966 4.9000
-3.2978 4.6266 4.9600
-3.2978 4.8266 4.9800
-3.2978 5.0666 5.1100
-3.2978 5.2866 5.1500
-3.0278 -1.3034 3.6000
-3.0278 -1.0934 3.7000
-3.0278 -0.8734 3.7600
-3.0278 -0.6334 3.7900
-3.0278 -0.4034 3.8200
-3.0378 -0.1734 3.9000
-3.0378 0.0666 3.9200
-3.0378 0.2766 4.0200
-3.0378 0.5166 4.0400
-3.0378 0.7166 4.0900
-3.0478 0.9366 4.1500
-3.0478 1.1666 4.2000
-3.0478 1.3866 4.2600
-3.0478 1.6266 4.3100
-3.0478 1.8566 4.3900
-3.0478 2.0766 4.4500
-3.0578 2.2966 4.5000
-3.0578 2.5366 4.5400
-3.0578 2.7366 4.5300
-3.0578 2.9566 4.6000
-3.0578 3.1966 4.7100
-3.0678 3.4066 4.6800
-3.0678 3.6366 4.6800
-3.0678 3.8766 4.8400
-3.0678 4.0866 4.8700
-3.0678 4.3166 4.9000
-3.0778 4.5566 4.9700
-3.0778 4.7866 5.0500
-3.0778 5.0066 5.1400
-3.0778 5.2266 5.1100
-2.8978 -1.5134 3.6100
-2.8978 -1.3034 3.6200
-2.8978 -1.0534 3.7300
-2.9078 -0.8434 3.8000
-2.9078 -0.6234 3.7800
-2.9078 -0.4034 3.8900
-2.9078 -0.1734 3.9400
-2.9078 0.0566 3.9600
-2.9178 0.2966 4.0000
-2.9178 0.5166 4.0800
-2.9178 0.7166 4.1800
-2.9178 0.9466 4.1800
-2.9178 1.1766 4.2200
-2.9178 1.3966 4.3000
-2.9278 1.6166 4.2900
-2.9278 1.8266 4.3800
-2.9278 2.0666 4.4800
-2.9278 2.3066 4.4300
-2.9378 2.5166 4.5500
-2.9378 2.7366 4.6400
-2.9378 2.9966 4.6400
-2.9378 3.2266 4.7000
-2.9378 3.4266 4.7700
-2.9378 3.6666 4.7800
-2.9478 3.8966 4.8200
-2.9478 4.1166 4.9300
-2.9478 4.3366 5.0000
-2.9478 4.5566 5.0000
-2.9478 4.7966 5.0900
-2.9578 5.0066 5.1100
-2.9578 5.2466 5.1200
-2.7678 -1.7934 3.6000
-2.7678 -1.3234 3.7000
-2.7678 -1.1134 3.7600
-2.7678 -0.8934 3.8100
-2.7678 -0.6634 3.8400
-2.7778 -0.4534 3.8600
-2.7778 -0.2234 3.9300
-2.7778 0.0166 3.9900
-2.7778 0.2166 4.0900
-2.7778 0.4466 4.0700
-2.7878 0.6866 4.1300
-2.7878 0.9166 4.2100
-2.7878 1.1366 4.2600
-2.7878 1.3466 4.3100
-2.7878 1.6166 4.3600
-2.7978 1.8266 4.4200
-2.7978 2.0566 4.4500
-2.7978 2.2766 4.5200
-2.7978 2.5266 4.6000
-2.7978 2.7266 4.6200
-2.8078 2.9566 4.6600
-2.8078 3.1766 4.7600
-2.8078 3.4066 4.8000
-2.8078 3.6466 4.8100
-2.8078 3.8566 4.8900
-2.8178 4.0766 4.9500
-2.8178 4.2966 4.9700
-2.8178 4.5366 5.0900
-2.8178 4.7666 5.1000
-2.5378 -1.9934 3.6000
-2.5378 -1.7834 3.6400
-2.5378 -1.5734 3.7000
-2.5478 -1.3334 3.7500
-2.5478 -1.0934 3.8400
-2.5478 -0.8634 3.8300
-2.5478 -0.6634 3.9100
-2.5478 -0.4134 3.9700
-2.5578 -0.1734 4.0300
-2.5578 0.0566 4.1000
-2.5578 0.2566 4.1200
-2.5578 0.5066 4.1800
-2.5578 0.7366 4.2300
-2.5678 0.9566 4.2500
-2.5678 1.1666 4.2700
-2.5678 1.3866 4.3700
-2.5678 1.6366 4.3900
-2.5678 1.8566 4.5100
-2.5678 2.0866 4.5500
-2.5778 2.2966 4.5800
-2.5778 2.5366 4.6200
-2.5778 2.7566 4.7200
-2.5778 2.9866 4.7200
-2.5878 3.2066 4.8100
-2.5878 3.4566 4.8400
-2.5878 3.6866 4.8800
-2.5878 3.9166 4.9900
-2.5878 4.1466 5.0300
-2.5978 4.3666 5.0800
-2.5978 4.5866 5.1400
-2.5978 4.7966 5.1500
-2.2978 -2.2334 3.6200
-2.2978 -1.9934 3.6800
-2.2978 -1.7534 3.6700
-2.2978 -1.5134 3.7600
-2.2978 -1.3134 3.8100
-2.3078 -1.0734 3.8100
-2.3078 -0.8334 3.9500
-2.3078 -0.6234 3.9900
-2.3078 -0.4034 4.0200
-2.3178 -0.1834 4.0600
-2.3178 0.0666 4.1200
-2.3178 0.2766 4.1700
-2.3178 0.5166 4.1800
-2.3178 0.7166 4.2800
-2.3178 0.9666 4.2900
-2.3278 1.1766 4.3400
-2.3278 1.4166 4.4600
-2.3278 1.6366 4.4900
-2.3278 1.8766 4.5800
-2.3378 2.1166 4.5900
-2.3378 2.3466 4.6600
-2.3378 2.5766 4.7000
-2.3378 2.7966 4.7100
-2.3378 3.0066 4.8000
-2.3378 3.2266 4.8300
-2.3478 3.4466 4.8900
-2.3478 3.6466 4.9500
-2.3478 3.8966 4.9900
-2.3478 4.1066 5.0200
-2.3478 4.3166 5.1000
-2.0978 -2.3434 3.6100
-2.0978 -2.1434 3.6900
-2.0978 -1.9034 3.7500
-2.1078 -1.6634 3.7700
-2.1078 -1.4434 3.8600
-2.1078 -1.2134 3.8400
-2.1078 -1.0134 3.9500
-2.1078 -0.7634 4.0000
-2.1078 -0.5434 3.9900
-2.1178 -0.3134 4.0700
-2.1178 -0.0834 4.1500
-2.1178 0.1666 4.1800
-2.1178 0.3866 4.2400
-2.1178 0.6266 4.2700
-2.1278 0.8466 4.3300
-2.1278 1.0766 4.3900
-2.1278 1.2866 4.4200
-2.1278 1.4866 4.4800
-2.1278 1.7066 4.5100
-2.1378 1.9266 4.6000
-2.1378 2.1666 4.6600
-2.1378 2.3866 4.6700
-2.1378 2.5866 4.8100
-2.1378 2.8066 4.8100
-2.1478 3.0266 4.8600
-2.1478 3.2566 4.9200
-2.1478 3.4866 4.9700
-2.1478 3.6966 5.0300
-2.1478 3.9266 5.0600
-2.1478 4.1466 5.1200
-1.9078 -2.5334 3.6200
-1.9078 -2.2834 3.7400
-1.9078 -2.0634 3.7900
-1.9078 -1.8434 3.8600
-1.9078 -1.6234 3.8700
-1.9178 -1.3834 3.9000
-1.9178 -1.1334 3.9700
-1.9178 -0.9034 4.0100
-1.9178 -0.6834 4.0600
-1.9178 -0.4834 4.1200
-1.9178 -0.2434 4.1700
-1.9278 -0.0234 4.2300
-1.9278 0.1766 4.2700
-1.9278 0.3866 4.2400
-1.9278 0.6366 4.3100
-1.9278 0.8566 4.3800
-1.9378 1.0566 4.4700
-1.9378 1.2566 4.5000
-1.9378 1.4766 4.5400
-1.9378 1.7366 4.6100
-1.9378 1.9566 4.6700
-1.9478 2.1466 4.7300
-1.9478 2.3866 4.7500
-1.9478 2.6066 4.8100
-1.9478 2.8366 4.8800
-1.9478 3.0366 4.9300
-1.9578 3.2766 5.0000
-1.9578 3.4966 5.0500
-1.9578 3.7166 5.1000
-1.9578 3.9466 5.1200
-1.6778 -2.8034 3.6600
-1.6778 -2.5734 3.6600
-1.6778 -2.3234 3.7700
-1.6778 -2.0834 3.8100
-1.6778 -1.8734 3.8500
-1.6878 -1.6734 3.9200
-1.6878 -1.4434 3.9300
-1.6878 -1.2234 4.0100
-1.6878 -1.0134 4.0400
-1.6878 -0.7934 4.1300
-1.6978 -0.5734 4.1400
-1.6978 -0.3534 4.2100
-1.6978 -0.1334 4.2200
-1.6978 0.0766 4.2600
-1.6978 0.3066 4.3100
-1.7078 0.5366 4.3600
-1.7078 0.7766 4.3900
-1.7078 0.9766 4.4800
-1.7078 1.1866 4.5300
-1.7078 1.4266 4.6000
-1.7078 1.6366 4.6300
-1.7178 1.8666 4.6600
-1.7178 2.0866 4.7600
-1.7178 2.2966 4.8300
-1.7178 2.5366 4.8600
-1.7178 2.7666 4.9400
-1.7278 2.9866 4.9700
-1.7278 3.2366 5.0200
-1.7278 3.4566 5.0600
-1.7278 3.6866 5.1400
-1.4478 -3.1034 3.6100
-1.4478 -2.8834 3.6600
-1.4578 -2.6634 3.7500
-1.4578 -2.4534 3.7500
-1.4578 -2.2334 3.8400
-1.4578 -2.0034 3.8300
-1.4578 -1.7834 3.9600
-1.4678 -1.5834 3.9900
-1.4678 -1.3534 4.0300
-1.4678 -1.1134 4.0800
-1.4678 -0.9034 4.1200
-1.4678 -0.6734 4.1700
-1.4778 -0.4834 4.2000
-1.4778 -0.2234 4.2100
-1.4778 -0.0134 4.3500
-1.4778 0.2166 4.3800
-1.4778 0.4366 4.4100
-1.4778 0.6466 4.4600
-1.4878 0.8866 4.5400
-1.4878 1.1266 4.5600
-1.4878 1.3466 4.6300
-1.4878 1.5766 4.6600
-1.4878 1.7966 4.6700
-1.4978 2.0366 4.7800
-1.4978 2.2566 4.8100
-1.4978 2.4666 4.8700
-1.4978 2.6666 4.9200
-1.4978 2.9166 5.0000
-1.5078 3.1666 5.0500
-1.5078 3.3666 5.1200
-1.5078 3.5866 5.1300
-1.2378 -3.4534 3.5800
-1.2378 -3.2534 3.6200
-1.2378 -3.0234 3.7100
-1.2378 -2.7834 3.7500
-1.2478 -2.5534 3.8300
-1.2478 -2.3534 3.8500
-1.2478 -2.1434 3.9500
-1.2478 -1.8934 3.9800
-1.2478 -1.6834 4.0800
-1.2578 -1.4534 4.0900
-1.2578 -1.2434 4.1100
-1.2578 -1.0234 4.1400
-1.2578 -0.7834 4.2100
-1.2578 -0.5434 4.2500
-1.2678 -0.3234 4.2900
-1.2678 -0.0934 4.3500
-1.2678 0.1266 4.4200
-1.2678 0.3666 4.4300
-1.2678 0.5766 4.4700
-1.2778 0.7866 4.5100
-1.2778 1.0066 4.6100
-1.2778 1.2366 4.6200
-1.2778 1.4766 4.6900
-1.2778 1.6966 4.7900
-1.2778 1.9266 4.8300
-1.2878 2.1366 4.8200
-1.2878 2.3766 4.9600
-1.2878 2.5766 5.0100
-1.2878 2.7966 5.0400
-1.2878 3.0366 5.1100
-1.2978 3.2366 5.1500
-0.9878 -3.7034 3.5900
-0.9878 -3.4734 3.6200
-0.9978 -3.2434 3.6900
-0.9978 -3.0034 3.8100
-0.9978 -2.8034 3.7600
-0.9978 -2.5934 3.8500
-0.9978 -2.3434 3.8800
-1.0078 -2.1134 4.0200
-1.0078 -1.8834 4.0400
-1.0078 -1.6534 4.0700
-1.0078 -1.4334 4.1300
-1.0078 -1.1934 4.1700
-1.0178 -0.9734 4.2200
-1.0178 -0.7634 4.3000
-1.0178 -0.5634 4.2900
-1.0178 -0.3034 4.4100
-1.0178 -0.0634 4.4000
-1.0178 0.1466 4.4500
-1.0278 0.3666 4.4700
-1.0278 0.5966 4.5700
-1.0278 0.8266 4.6100
-1.0278 1.0266 4.6700
-1.0278 1.2466 4.6900
-1.0378 1.4866 4.8000
-1.0378 1.7066 4.8000
-1.0378 1.9266 4.8800
-1.0378 2.1566 4.9500
-1.0378 2.3866 5.0400
-1.0478 2.6266 5.0100
-1.0478 2.8466 5.1200
-0.6978 -3.7934 3.6800
-0.6978 -3.5734 3.6900
-0.7078 -3.3434 3.8000
-0.7078 -3.0934 3.8300
-0.7078 -2.8834 3.8800
-0.7078 -2.6534 3.8800
-0.7078 -2.4334 3.9200
-0.7178 -2.2234 4.0000
-0.7178 -1.9934 4.1000
-0.7178 -1.7634 4.1200
-0.7178 -1.5334 4.1500
-0.7178 -1.3034 4.2400
-0.7278 -1.0834 4.3300
-0.7278 -0.8734 4.3100
-0.7278 -0.6534 4.3600
-0.7278 -0.4134 4.4500
-0.7278 -0.1934 4.4600
-0.7378 0.0266 4.5100
-0.7378 0.2366 4.5600
-0.7378 0.4766 4.6100
-0.7378 0.7166 4.7000
-0.7378 0.9266 4.7800
-0.7378 1.1566 4.7500
-0.7478 1.3866 4.8300
-0.7478 1.6366 4.8900
-0.7478 1.8466 4.9500
-0.7478 2.0666 4.9800
-0.7578 2.2966 5.0700
-0.7578 2.5266 5.1400
-0.7578 2.7466 5.1300
-0.4678 -4.0834 3.6500
-0.4678 -3.8634 3.7100
-0.4678 -3.6234 3.7800
-0.4778 -3.3834 3.8200
-0.4778 -3.1734 3.8800
-0.4778 -2.9434 3.9100
-0.4778 -2.7234 3.9800
-0.4778 -2.4934 4.0000
-0.4878 -2.2734 4.0800
-0.4878 -2.0734 4.1200
-0.4878 -1.8234 4.2200
-0.4878 -1.6134 4.1900
-0.4878 -1.3834 4.3000
-0.4978 -1.1634 4.3300
-0.4978 -0.9334 4.3700
-0.4978 -0.6934 4.4500
-0.4978 -0.4534 4.4500
-0.4978 -0.2434 4.5400
-0.5078 -0.0134 4.5700
-0.5078 0.2266 4.6200
-0.5078 0.4466 4.6400
-0.5078 0.6666 4.7500
-0.5078 0.8766 4.7500
-0.5178 1.1166 4.8200
-0.5178 1.3366 4.9100
-0.5178 1.5666 4.9300
-0.5178 1.7966 5.0000
-0.5178 2.0166 5.0500
-0.5278 2.2366 5.1200
-0.3178 -4.2834 3.5600
-0.3178 -4.0534 3.7100
-0.3278 -3.8134 3.7700
-0.3278 -3.6034 3.8200
-0.3278 -3.3934 3.8800
-0.3278 -3.1634 3.9300
-0.3278 -2.9434 3.9800
-0.3378 -2.7034 4.0100
-0.3378 -2.4634 4.0500
-0.3378 -2.2634 4.1400
-0.3378 -2.0334 4.2200
-0.3378 -1.7934 4.2300
-0.3478 -1.5534 4.2800
-0.3478 -1.3434 4.3600
-0.3478 -1.1134 4.3500
-0.3478 -0.8634 4.4000
-0.3478 -0.6534 4.4500
-0.3578 -0.4434 4.5600
-0.3578 -0.2134 4.6000
-0.3578 0.0266 4.6300
-0.3578 0.2466 4.6300
-0.3578 0.4866 4.7100
-0.3678 0.6866 4.7800
-0.3678 0.9166 4.8500
-0.3678 1.1366 4.8500
-0.3678 1.3766 4.9200
-0.3678 1.5866 4.9900
-0.3778 1.8366 5.0600
-0.3778 2.0866 5.1100
-0.1478 -4.5034 3.6000
-0.1478 -4.2734 3.6700
-0.1578 -4.0334 3.7500
-0.1578 -3.8134 3.8400
-0.1578 -3.5934 3.8500
-0.1578 -3.3534 3.9800
-0.1578 -3.1134 3.9600
-0.1678 -2.8934 4.0000
-0.1678 -2.6734 4.1100
-0.1678 -2.4434 4.1400
-0.1678 -2.2034 4.1900
-0.1678 -2.0034 4.2400
-0.1778 -1.7734 4.2700
-0.1778 -1.5434 4.3500
-0.1778 -1.3134 4.3800
-0.1778 -1.0734 4.4900
-0.1778 -0.8734 4.4900
-0.1878 -0.6434 4.5500
-0.1878 -0.4234 4.5800
-0.1878 -0.1834 4.6400
-0.1878 0.0466 4.7200
-0.1878 0.2766 4.7300
-0.1978 0.5166 4.7700
-0.1978 0.7666 4.8900
-0.1978 0.9966 4.8700
-0.1978 1.2066 4.9000
-0.1978 1.4166 4.9900
-0.1978 1.6466 5.0600
-0.2078 1.8466 5.0800
-0.2078 2.0566 5.1100
-0.2078 2.2866 5.1500
0.1022 -4.7134 3.6700
0.1022 -4.5134 3.7600
0.1022 -4.2734 3.8000
0.0922 -4.0234 3.8500
0.0922 -3.8034 3.9300
0.0922 -3.6034 3.8700
0.0922 -3.3834 4.0100
0.0922 -3.1334 4.0400
0.0822 -2.9134 4.0800
0.0822 -2.6834 4.1600
0.0822 -2.4734 4.2200
0.0822 -2.2434 4.2200
0.0822 -2.0134 4.3000
0.0722 -1.7834 4.3700
0.0722 -1.5534 4.4000
0.0722 -1.3134 4.4200
0.0722 -1.0734 4.4700
0.0722 -0.8434 4.5700
0.0622 -0.6134 4.6000
0.0622 -0.3934 4.6400
0.0622 -0.1834 4.6700
0.0622 0.0366 4.7000
0.0622 0.2266 4.8300
0.0522 0.4466 4.8800
0.0522 0.6966 4.8900
0.0522 0.9066 4.9400
0.0522 1.1166 4.9700
0.0522 1.3166 5.0200
0.0422 1.5466 5.1000
0.0422 1.7966 5.1500
0.3522 -4.6634 3.7200
0.3522 -4.4434 3.7700
0.3522 -4.2134 3.9300
0.3522 -4.0034 3.9400
0.3522 -3.7734 4.0000
0.3422 -3.5434 4.0300
0.3422 -3.3134 4.1200
0.3422 -3.0934 4.1600
0.3422 -2.8634 4.2000
0.3422 -2.6134 4.2300
0.3322 -2.3834 4.3300
0.3322 -2.1534 4.2900
0.3322 -1.9434 4.4100
0.3322 -1.7134 4.4700
0.3322 -1.5034 4.5200
0.3322 -1.2934 4.5000
0.3222 -1.0734 4.5600
0.3222 -0.8434 4.6400
0.3222 -0.6234 4.6100
0.3222 -0.4234 4.7100
0.3222 -0.1934 4.7600
0.3122 0.0166 4.7900
0.3122 0.2466 4.8800
0.3122 0.4766 4.9400
0.3122 0.6966 4.9600
0.3122 0.9066 5.0300
0.3022 1.1266 5.0300
0.3022 1.3666 5.1000
0.3022 1.5766 5.1100
0.5522 -4.4634 3.7100
0.5522 -4.2234 3.8500
0.5522 -3.9934 3.8600
0.5522 -3.7634 3.9300
0.5522 -3.5434 3.9900
0.5422 -3.3434 4.0500
0.5422 -3.1234 4.1100
0.5422 -2.9234 4.1500
0.5422 -2.6934 4.2100
0.5422 -2.4534 4.3100
0.5322 -2.2434 4.3200
0.5322 -2.0434 4.4200
0.5322 -1.8234 4.4400
0.5322 -1.5934 4.5000
0.5322 -1.3634 4.6300
0.5322 -1.1534 4.6500
0.5222 -0.9234 4.6800
0.5222 -0.7034 4.6700
0.5222 -0.4834 4.7900
0.5222 -0.2534 4.8500
0.5222 -0.0434 4.8600
0.5122 0.1966 4.9600
0.5122 0.4166 5.0000
0.5122 0.6166 4.9900
0.5122 0.8466 5.1100
0.7522 -4.4334 3.6400
0.7522 -4.2234 3.7300
0.7522 -3.9934 3.7700
0.7422 -3.7634 3.8600
0.7422 -3.5634 3.9100
0.7422 -3.3434 3.9700
0.7422 -3.1234 4.0300
0.7422 -2.9134 4.1000
0.7322 -2.6834 4.1400
0.7322 -2.4434 4.1800
0.7322 -2.2434 4.2800
0.7322 -2.0034 4.3300
0.7322 -1.7834 4.3400
0.7322 -1.5634 4.4500
0.7222 -1.3634 4.4800
0.7222 -1.1134 4.5500
0.7222 -0.8934 4.6300
0.7222 -0.6934 4.6700
0.7222 -0.4634 4.7900
0.7122 -0.2134 4.8100
0.7122 0.0266 4.8700
0.7122 0.2466 4.9100
0.7122 0.4666 4.9900
0.7122 0.7066 5.0100
0.7022 0.9266 5.0800
1.0022 -4.4234 3.6600
1.0022 -4.2034 3.7100
1.0022 -3.9634 3.7300
1.0022 -3.7434 3.8000
0.9922 -3.5434 3.8700
0.9922 -3.3034 3.9100
0.9922 -3.0834 3.9400
0.9922 -2.8534 4.0700
0.9922 -2.6434 4.0500
0.9822 -2.4434 4.1400
0.9822 -2.1834 4.2200
0.9822 -1.9434 4.2600
0.9822 -1.7134 4.3700
0.9822 -1.4934 4.4200
0.9722 -1.2734 4.4800
0.9722 -1.0334 4.5000
0.9722 -0.8234 4.5700
0.9722 -0.6134 4.6300
0.9722 -0.3934 4.6600
0.9622 -0.1534 4.7800
0.9622 0.0766 4.8000
0.9622 0.2866 4.8500
0.9622 0.5166 4.9100
0.9622 0.7466 5.0000
0.9622 0.9666 5.0700
0.9522 1.1766 5.0600
0.9522 1.3966 5.1400
1.2622 -4.0934 3.6100
1.2622 -3.8534 3.7400
1.2622 -3.6234 3.7500
1.2522 -3.3834 3.8400
1.2522 -3.1534 3.9000
1.2522 -2.9434 3.9900
1.2522 -2.7034 4.0700
1.2522 -2.4834 4.1000
1.2422 -2.2634 4.1200
1.2422 -2.0734 4.1700
1.2422 -1.8234 4.2200
1.2422 -1.5734 4.3200
1.2422 -1.3534 4.3600
1.2322 -1.1434 4.3900
1.2322 -0.9234 4.5100
1.2322 -0.6834 4.5400
1.2322 -0.4934 4.6200
1.2322 -0.2634 4.6600
1.2222 -0.0334 4.7300
1.2222 0.1866 4.7500
1.2222 0.4266 4.8300
1.2222 0.6566 4.9100
1.2222 0.8666 4.9200
1.2122 1.1066 5.0200
1.2122 1.3466 5.0800
1.2122 1.5766 5.0900
1.5022 -3.7634 3.6400
1.5022 -3.5434 3.7500
1.5022 -3.3234 3.8000
1.5022 -3.0834 3.8900
1.4922 -2.8634 3.9100
1.4922 -2.6334 3.9900
1.4922 -2.4134 4.0800
1.4922 -2.1934 4.0800
1.4922 -1.9834 4.1900
1.4822 -1.7434 4.2400
1.4822 -1.5334 4.2800
1.4822 -1.3034 4.3500
1.4822 -1.0734 4.4000
1.4822 -0.8434 4.4400
1.4722 -0.6134 4.5200
1.4722 -0.3834 4.5700
1.4722 -0.1434 4.6200
1.4722 0.0666 4.7100
1.4722 0.3066 4.7200
1.4622 0.5266 4.8200
1.4622 0.7366 4.8600
1.4622 0.9666 4.9100
1.4622 1.1966 4.9900
1.4622 1.4266 5.0500
1.4622 1.6366 5.0800
1.4522 1.8866 5.1100
-3.3078 6.4466 5.1200
-3.0878 6.3466 5.1500
-3.0878 6.5866 5.1100
-2.9678 6.6066 5.1200
-2.9678 6.8566 5.0800
-2.8378 6.7966 5.1000
-2.6178 6.9966 5.1300
-2.3778 7.2266 5.1300
-2.1778 7.2666 5.1200
-2.1778 7.5266 5.1000
-1.9878 7.3466 5.1300
-1.7678 7.7266 5.1000
-1.3378 8.0566 5.1500
-0.5578 6.5466 3.7100
1.7722 -3.6534 3.6000
1.7622 -3.4334 3.6800
1.7622 -3.2034 3.7400
1.7622 -2.9734 3.8300
1.7622 -2.7534 3.8900
1.7622 -2.5234 3.9600
1.7622 -2.2934 4.0000
1.7522 -2.0634 4.0700
1.7522 -1.8334 4.1300
1.7522 -1.6034 4.2000
1.7522 -1.3734 4.2500
1.7522 -1.1334 4.3000
1.7422 -0.9134 4.4000
1.7422 -0.6934 4.4200
1.7422 -0.4934 4.4800
1.7422 -0.2334 4.5500
1.7422 -0.0134 4.6100
1.7322 0.1766 4.6900
1.7322 0.4366 4.7100
1.7322 0.6566 4.7500
1.7322 0.8866 4.8400
1.7322 1.0866 4.9100
1.7222 1.3066 4.9600
1.7222 1.5666 5.0000
1.7222 1.7966 5.0500
1.7222 2.0266 5.1200
2.0722 -3.5834 3.5600
2.0722 -3.3334 3.6400
2.0622 -3.0934 3.7300
2.0622 -2.8934 3.7500
2.0622 -2.6734 3.8100
2.0622 -2.4234 3.9200
2.0622 -2.2034 3.9300
2.0522 -1.9934 4.0300
2.0522 -1.7734 4.1200
2.0522 -1.5334 4.1500
2.0522 -1.3034 4.1700
2.0522 -1.0734 4.2000
2.0422 -0.8634 4.3200
2.0422 -0.6434 4.3600
2.0422 -0.4034 4.4200
2.0422 -0.1734 4.4700
2.0422 0.0566 4.5500
2.0322 0.2866 4.6100
2.0322 0.5266 4.6900
2.0322 0.7666 4.7100
2.0322 0.9966 4.7900
2.0322 1.2066 4.8400
2.0222 1.4366 4.9100
2.0222 1.6566 4.9700
2.0222 1.8466 5.0600
2.0222 2.0666 5.0900
2.0222 2.3066 5.1300
2.3022 -3.6134 3.5700
2.3022 -3.3834 3.6400
2.3022 -3.1734 3.7200
2.3022 -2.9334 3.7900
2.3022 -2.7134 3.7900
2.2922 -2.4834 3.9100
2.2922 -2.2634 3.9200
2.2922 -2.0334 3.9900
2.2922 -1.8034 4.0700
2.2922 -1.5634 4.0900
2.2822 -1.3334 4.1200
2.2822 -1.1034 4.2100
2.2822 -0.8534 4.2400
2.2822 -0.6434 4.3400
2.2822 -0.4334 4.3000
2.2722 -0.2234 4.3700
2.2722 -0.0034 4.4800
2.2722 0.2166 4.4600
2.2722 0.4566 4.5900
2.2722 0.6566 4.6200
2.2622 0.8766 4.6500
2.2622 1.0866 4.7300
2.2622 1.2766 4.8300
2.2622 1.5366 4.8800
2.2622 1.7666 4.9600
2.2522 1.9966 4.9700
2.2522 2.1866 5.0200
2.2522 2.4166 5.1400
2.4622 -3.6634 3.6300
2.4622 -3.4334 3.7200
2.4622 -3.2034 3.8300
2.4522 -2.9634 3.8500
2.4522 -2.7234 3.9100
2.4522 -2.4834 3.9600
2.4522 -2.2834 3.9500
2.4522 -2.0534 4.0300
2.4422 -1.8234 4.0400
2.4422 -1.6134 4.1000
2.4422 -1.4034 4.1700
2.4422 -1.1934 4.1900
2.4422 -0.9534 4.2800
2.4322 -0.7334 4.3100
2.4322 -0.5434 4.2900
2.4322 -0.3134 4.4700
2.4322 -0.0934 4.4500
2.4322 0.1466 4.4900
2.4222 0.3766 4.5700
2.4222 0.5766 4.6300
2.4222 0.8066 4.6800
2.4222 1.0166 4.7100
2.4222 1.2366 4.7700
2.4222 1.4666 4.8500
2.4122 1.7066 4.8700
2.4122 1.9166 4.9500
2.4122 2.1366 5.0600
2.4122 2.3566 5.0500
2.6422 -3.9234 3.6000
2.6422 -3.2534 3.7500
2.6322 -3.0534 3.8300
2.6322 -2.8434 3.8800
2.6322 -2.6334 3.9500
2.6322 -2.3834 3.9900
2.6322 -2.1634 4.0400
2.6322 -1.9634 4.0500
2.6222 -1.7534 4.1300
2.6222 -1.5234 4.1700
2.6222 -1.2934 4.2300
2.6222 -1.0634 4.2700
2.6222 -0.8534 4.3300
2.6122 -0.6534 4.3600
2.6122 -0.4134 4.4300
2.6122 -0.1834 4.4900
2.6122 0.0366 4.5500
2.6122 0.2466 4.6200
2.6022 0.4866 4.6900
2.6022 0.7066 4.7000
2.6022 0.9266 4.7400
2.6022 1.1366 4.7900
2.6022 1.4066 4.8100
2.5922 1.6366 4.9100
2.5922 1.8466 4.9800
2.5922 2.0766 5.0000
2.5922 2.3066 5.0800
2.5922 2.5166 5.1400
2.9022 -4.0434 3.6600
2.9022 -3.8334 3.7300
2.9022 -3.6334 3.7900
2.9022 -3.4134 3.7700
2.8922 -3.1934 3.8900
2.8922 -2.9634 3.9100
2.8922 -2.7334 4.0100
2.8922 -2.5134 4.0400
2.8922 -2.3034 4.1000
2.8822 -2.0734 4.0500
2.8822 -1.8634 4.1900
2.8822 -1.6634 4.2300
2.8822 -1.3934 4.3600
2.8822 -1.1834 4.3800
2.8822 -0.9734 4.3500
2.8722 -0.7634 4.4000
2.8722 -0.4934 4.4800
2.8722 -0.2634 4.5700
2.8722 -0.0334 4.6100
2.8722 0.1566 4.6700
2.8622 0.4166 4.7000
2.8622 0.6266 4.7300
2.8622 0.8466 4.8200
2.8622 1.0466 4.8100
2.8622 1.2966 4.9200
2.8522 1.5366 4.9600
2.8522 1.7566 4.9900
2.8522 1.9666 5.0600
2.8522 2.1866 5.1000
3.1622 -4.3934 3.6400
3.1522 -4.1734 3.7300
3.1522 -3.9434 3.8000
3.1522 -3.7334 3.8200
3.1522 -3.5034 3.8700
3.1522 -3.3134 3.9500
3.1522 -3.0534 3.9700
3.1422 -2.8434 4.0300
3.1422 -2.6434 4.1100
3.1422 -2.4134 4.1500
3.1422 -2.1634 4.2400
3.1422 -1.9134 4.2500
3.1322 -1.6834 4.2900
3.1322 -1.4734 4.4100
3.1322 -1.2534 4.4400
3.1322 -1.0334 4.5200
3.1322 -0.8234 4.4900
3.1222 -0.6034 4.5500
3.1222 -0.3734 4.5900
3.1222 -0.1334 4.6400
3.1222 0.0966 4.6500
3.1222 0.3166 4.7800
3.1122 0.5266 4.8400
3.1122 0.7666 4.9000
3.1122 0.9766 4.9400
3.1122 1.1966 4.9600
3.1122 1.4266 5.0200
3.1022 1.6466 5.0600
3.1022 1.8766 5.1000
3.3622 -4.4534 3.7700
3.3622 -4.2334 3.7300
3.3622 -4.0034 3.8400
3.3522 -3.7634 3.9300
3.3522 -3.5334 3.9300
3.3522 -3.3034 4.0100
3.3522 -3.0834 4.0300
3.3522 -2.8534 4.0500
3.3422 -2.6234 4.1000
3.3422 -2.4234 4.2200
3.3422 -2.2134 4.2100
3.3422 -1.9734 4.2700
3.3422 -1.7334 4.3500
3.3322 -1.5034 4.4100
3.3322 -1.2934 4.4600
3.3322 -1.0734 4.5000
3.3322 -0.8334 4.5500
3.3322 -0.6234 4.5700
3.3322 -0.4134 4.6500
3.3222 -0.1734 4.6800
3.3222 0.0366 4.7700
3.3222 0.2866 4.7800
3.3222 0.5066 4.8500
3.3222 0.7166 4.8500
3.3122 0.9666 4.9100
3.3122 1.1966 5.0400
3.3122 1.4266 5.0300
3.3122 1.6366 5.1000
3.5722 -4.5134 3.7200
3.5622 -4.3034 3.7800
3.5622 -4.0734 3.8800
3.5622 -3.8734 3.9000
3.5622 -3.6434 3.9500
3.5622 -3.3934 4.0900
3.5522 -3.1534 4.1400
3.5522 -2.9434 4.1300
3.5522 -2.7434 4.2200
3.5522 -2.5034 4.2900
3.5522 -2.2734 4.3700
3.5522 -2.0734 4.4000
3.5422 -1.8434 4.4400
3.5422 -1.6234 4.4900
3.5422 -1.3934 4.5400
3.5422 -1.1434 4.6300
3.5422 -0.9434 4.6500
3.5322 -0.7034 4.6400
3.5322 -0.4734 4.7700
3.5322 -0.2234 4.7800
3.5322 -0.0234 4.8500
3.5322 0.1866 4.9000
3.5222 0.4566 4.9200
3.5222 0.6766 4.9900
3.5222 0.8766 5.0200
3.5222 1.0966 5.0500
3.5222 1.3466 5.1100
3.8222 -4.5234 3.5800
3.8222 -4.3034 3.6600
3.8222 -4.0634 3.7700
3.8222 -3.8534 3.8300
3.8222 -3.6634 3.8800
3.8122 -3.4234 3.9300
3.8122 -3.1834 3.9900
3.8122 -2.9434 4.0200
3.8122 -2.7434 4.1400
3.8122 -2.5234 4.2000
3.8022 -2.2734 4.2600
3.8022 -2.0434 4.2800
3.8022 -1.8134 4.4000
3.8022 -1.5934 4.4100
3.7922 -1.3534 4.5300
3.7922 -1.1234 4.5500
3.7922 -0.9234 4.6300
3.7922 -0.7034 4.6800
3.7922 -0.4534 4.7800
3.7822 -0.2234 4.8000
3.7822 -0.0134 4.8500
3.7822 0.2266 4.9200
3.7822 0.4266 4.9400
3.7822 0.6766 5.0400
3.7722 0.8966 5.1100
4.0722 -4.5634 3.6000
4.0722 -4.3234 3.6300
4.0622 -4.1034 3.6800
4.0622 -3.8834 3.7300
4.0622 -3.6534 3.8400
4.0622 -3.4134 3.8900
4.0622 -3.1834 3.9400
4.0522 -2.9634 4.0400
4.0522 -2.7234 4.1200
4.0522 -2.5034 4.1400
4.0522 -2.2934 4.1700
4.0522 -2.0634 4.2300
4.0522 -1.8234 4.3000
4.0422 -1.5934 4.3600
4.0422 -1.3834 4.4100
4.0422 -1.1434 4.4900
4.0422 -0.9334 4.5300
4.0422 -0.7034 4.6200
4.0322 -0.5034 4.6800
4.0322 -0.2534 4.7500
4.0322 -0.0034 4.7700
4.0322 0.2166 4.8100
4.0322 0.4466 4.8800
4.0222 0.6866 4.9600
4.0222 0.9266 5.0100
4.0222 1.1466 5.0800
4.0222 1.3566 5.1400
4.2822 -4.1734 3.6000
4.2822 -3.9634 3.6800
4.2822 -3.7434 3.7100
4.2822 -3.5034 3.8000
4.2722 -3.2734 3.8300
4.2722 -3.0634 3.9600
4.2722 -2.8234 3.9900
4.2722 -2.6034 4.0200
4.2722 -2.3834 4.1100
4.2622 -2.1734 4.1800
4.2622 -1.9234 4.2000
4.2622 -1.6934 4.3100
4.2622 -1.4734 4.3200
4.2622 -1.2334 4.4200
4.2522 -1.0034 4.4700
4.2522 -0.7634 4.5000
4.2522 -0.5434 4.5900
4.2522 -0.3434 4.6400
4.2522 -0.1034 4.6900
4.2422 0.1166 4.7600
4.2422 0.3066 4.8500
4.2422 0.5366 4.8800
4.2422 0.7666 4.8900
4.2422 0.9866 4.9900
4.2322 1.2066 5.0000
4.2322 1.4066 5.1000
4.5322 -3.9034 3.6000
4.5222 -3.7034 3.6700
4.5222 -3.4634 3.6800
4.5222 -3.2334 3.8400
4.5222 -2.9834 3.9100
4.5222 -2.7634 3.9500
4.5122 -2.5234 4.0100
4.5122 -2.2834 4.0400
4.5122 -2.0734 4.1300
4.5122 -1.8634 4.1900
4.5122 -1.6534 4.2400
4.5022 -1.4334 4.2700
4.5022 -1.2134 4.3800
4.5022 -0.9834 4.4300
4.5022 -0.7734 4.5300
4.5022 -0.5434 4.5300
4.4922 -0.3334 4.6000
4.4922 -0.1234 4.6800
4.4922 0.1066 4.6900
4.4922 0.3266 4.7400
4.4922 0.5566 4.8200
4.4822 0.7766 4.8700
4.4822 0.9766 4.9400
4.4822 1.2266 4.9900
4.4822 1.4466 5.0700
4.4822 1.6766 5.1100
4.4722 1.8766 5.1500
4.8122 -3.5434 3.6300
4.8122 -3.3134 3.6700
4.8122 -3.1034 3.7900
4.8022 -2.8934 3.8200
4.8022 -2.6934 3.9300
4.8022 -2.4634 3.9300
4.8022 -2.2234 4.0100
4.8022 -2.0134 4.1000
4.7922 -1.8134 4.1400
4.7922 -1.5934 4.1500
4.7922 -1.3434 4.2400
4.7922 -1.1134 4.3200
4.7922 -0.9134 4.3500
4.7922 -0.7134 4.4300
4.7822 -0.4734 4.5100
4.7822 -0.2334 4.4800
4.7822 -0.0434 4.5800
4.7822 0.1966 4.6800
4.7722 0.4266 4.7200
4.7722 0.6466 4.8000
4.7722 0.8666 4.8500
4.7722 1.0966 4.8900
4.7722 1.3466 4.9600
4.7722 1.5766 5.0500
4.7622 1.7866 5.0500
4.7622 2.0166 5.1300
5.0422 -3.2934 3.6400
5.0322 -3.0434 3.7600
5.0322 -2.8034 3.7600
5.0322 -2.6034 3.8900
5.0322 -2.3734 3.9100
5.0322 -2.1734 4.0100
5.0222 -1.9234 4.0500
5.0222 -1.7034 4.1100
5.0222 -1.4834 4.1400
5.0222 -1.2734 4.2400
5.0222 -1.0534 4.3000
5.0122 -0.8134 4.3500
5.0122 -0.5734 4.3900
5.0122 -0.3534 4.4200
5.0122 -0.1034 4.5300
5.0122 0.1066 4.5800
5.0022 0.3466 4.6800
5.0022 0.5466 4.6700
5.0022 0.7666 4.7900
5.0022 0.9866 4.8000
5.0022 1.2166 4.8400
4.9922 1.4366 4.9100
4.9922 1.6866 4.9900
4.9922 1.9166 5.0800
4.9922 2.1066 5.1100
4.9922 2.3366 5.1400
5.1822 -3.2234 3.6500
5.1822 -2.9934 3.6700
5.1822 -2.7534 3.7400
5.1822 -2.5634 3.8500
5.1722 -2.3334 3.8200
5.1722 -2.0834 3.9700
5.1722 -1.8534 4.0100
5.1722 -1.6134 4.1000
5.1722 -1.4034 4.1900
5.1622 -1.1834 4.2600
5.1622 -0.9534 4.2800
5.1622 -0.7434 4.3200
5.1622 -0.5234 4.3600
5.1622 -0.2934 4.4900
5.1522 -0.0534 4.5200
5.1522 0.1766 4.5500
5.1522 0.4066 4.6100
5.1522 0.6066 4.7300
5.1522 0.8366 4.7500
5.1422 1.0566 4.7900
5.1422 1.2866 4.8500
5.1422 1.4866 4.9000
5.1422 1.7166 4.9600
5.1422 1.9566 5.0300
5.1322 2.1966 5.1000
5.1322 2.3866 5.1100
5.1022 5.8066 5.1500
5.1022 6.0466 5.0600
5.3422 -3.2334 3.5700
5.3422 -3.0134 3.6600
5.3422 -2.7834 3.7500
5.3422 -2.5834 3.8000
5.3322 -2.3734 3.8400
5.3322 -2.1334 3.9100
5.3322 -1.9134 3.9900
5.3322 -1.6834 4.0300
5.3322 -1.4334 4.0300
5.3222 -1.2234 4.1500
5.3222 -1.0034 4.2000
5.3222 -0.7934 4.3300
5.3222 -0.5634 4.3400
5.3222 -0.3434 4.3900
5.3122 -0.1134 4.4700
5.3122 0.0966 4.5100
5.3122 0.3266 4.5600
5.3122 0.5666 4.6400
5.3122 0.7866 4.7000
5.3022 1.0066 4.7600
5.3022 1.2466 4.7800
5.3022 1.4866 4.8500
5.3022 1.7066 4.9200
5.3022 1.9266 5.0000
5.2922 2.1566 5.0500
5.2922 2.3666 5.1400
5.2622 5.8066 5.0900
5.2622 6.0266 5.0100
5.5822 -3.0034 3.5600
5.5822 -2.7934 3.6900
5.5822 -2.5934 3.7600
5.5722 -2.3434 3.7800
5.5722 -2.1234 3.8400
5.5722 -1.9034 3.9600
5.5722 -1.6934 3.9800
5.5722 -1.4634 4.0600
5.5722 -1.2234 4.1400
5.5622 -0.9934 4.1600
5.5622 -0.8034 4.2200
5.5622 -0.5534 4.3100
5.5622 -0.2934 4.3300
5.5622 -0.0734 4.4600
5.5522 0.1266 4.4500
5.5522 0.3666 4.5600
5.5522 0.6266 4.5300
5.5522 0.8266 4.6300
5.5522 1.0366 4.6900
5.5422 1.2666 4.7400
5.5422 1.5166 4.8300
5.5422 1.7266 4.8900
5.5422 1.9566 4.9400
5.5422 2.1666 4.9900
5.5322 2.4066 5.0500
5.5322 2.6266 5.0900
5.5322 2.8466 5.1500
5.5122 5.5666 5.0900
5.5022 5.7766 5.0500
5.5022 5.9966 4.9600
5.8222 -2.8334 3.5600
5.8222 -2.6034 3.6700
5.8222 -2.3634 3.7100
5.8222 -2.1434 3.7800
5.8122 -1.9034 3.8700
5.8122 -1.6834 3.8800
5.8122 -1.4534 3.9800
5.8122 -1.2334 4.0700
5.8122 -1.0034 4.1300
5.8122 -0.7534 4.1500
5.8022 -0.5434 4.2200
5.8022 -0.3334 4.3000
5.8022 -0.1034 4.3500
5.8022 0.1466 4.4400
5.8022 0.3566 4.4500
5.7922 0.5866 4.4400
5.7922 0.7966 4.5600
5.7922 1.0466 4.6000
5.7922 1.2366 4.6900
5.7922 1.4766 4.7800
5.7822 1.7066 4.8100
5.7822 1.9566 4.8900
5.7822 2.1766 4.9500
5.7822 2.4166 4.9500
5.7822 2.6466 5.1100
5.7522 5.0466 5.1500
5.7522 5.3066 5.0800
5.7522 5.5166 5.0400
5.7522 5.7366 5.0100
5.7522 5.9666 4.8800
6.0222 -2.6934 3.6400
6.0222 -2.4634 3.6400
6.0122 -2.2534 3.7700
6.0122 -2.0434 3.7600
6.0122 -1.7934 3.8500
6.0122 -1.5634 3.9400
6.0122 -1.3434 4.0000
6.0022 -1.1134 4.0200
6.0022 -0.9034 4.1000
6.0022 -0.6634 4.1400
6.0022 -0.4534 4.2000
6.0022 -0.2434 4.2500
5.9922 0.0066 4.3400
5.9922 0.2566 4.3500
5.9922 0.4866 4.4100
5.9922 0.7066 4.5000
5.9922 0.9466 4.6000
5.9822 1.1766 4.6100
5.9822 1.3866 4.6600
5.9822 1.5966 4.7600
5.9822 1.8166 4.7800
5.9822 2.0266 4.8500
5.9722 2.2566 4.9600
5.9722 2.4666 4.9500
5.9722 2.6866 5.0000
5.9722 2.8966 5.0700
5.9522 4.9266 5.1300
5.9522 5.1466 5.0800
5.9522 5.3566 5.0400
5.9422 5.5866 4.9300
5.9422 5.8366 4.8900
5.9422 6.0666 4.8300
6.2022 -2.4434 3.6000
6.2022 -2.1934 3.6800
6.2022 -1.9734 3.8100
6.2022 -1.7534 3.7900
6.2022 -1.5134 3.8900
6.1922 -1.2734 3.9000
6.1922 -1.0334 4.0000
6.1922 -0.8134 4.0500
6.1922 -0.6034 4.1200
6.1822 -0.3634 4.1800
6.1822 -0.1434 4.2600
6.1822 0.0666 4.3000
6.1822 0.2766 4.3900
6.1822 0.4866 4.3800
6.1822 0.7266 4.4700
6.1722 0.9466 4.5200
6.1722 1.1466 4.5900
6.1722 1.3666 4.5900
6.1722 1.5966 4.6700
6.1722 1.8266 4.7500
6.1622 2.0466 4.8200
6.1622 2.2666 4.8600
6.1622 2.4866 4.9300
6.1622 2.6966 5.0000
6.1622 2.9366 5.0900
6.1522 3.1366 5.0900
6.1422 4.5266 5.1500
6.1422 4.7566 5.0800
6.1422 4.9566 5.0300
6.1422 5.2066 4.9600
6.1322 5.4366 4.9500
6.1322 5.6566 4.8600
6.1322 5.8566 4.8700
6.1322 6.0966 4.8100
6.4422 -2.3634 3.5600
6.4422 -2.1234 3.6200
6.4322 -1.9034 3.7200
6.4322 -1.7034 3.7800
6.4322 -1.4834 3.8100
6.4322 -1.2734 3.8900
6.4322 -1.0434 4.0200
6.4222 -0.8134 4.0200
6.4222 -0.6034 4.0300
6.4222 -0.4034 4.1300
6.4222 -0.1634 4.2000
6.4222 0.0366 4.2500
6.4122 0.2466 4.2600
6.4122 0.5166 4.3800
6.4122 0.7366 4.4400
6.4122 0.9466 4.4800
6.4122 1.1566 4.5400
6.4122 1.3766 4.5900
6.4022 1.6066 4.6200
6.4022 1.8366 4.7000
6.4022 2.0466 4.8000
6.4022 2.2466 4.8200
6.4022 2.5066 4.8700
6.3922 2.7366 4.9300
6.3922 2.9566 5.0000
6.3922 3.1966 5.0500
6.3922 3.4166 5.1400
6.3822 4.5366 5.0400
6.3822 4.7666 5.0500
6.3722 4.9966 4.9500
6.3722 5.2166 4.9500
6.3722 5.4366 4.9100
6.3722 5.6766 4.8400
6.3722 5.8766 4.8100
6.3622 6.1066 4.7000
6.6722 -2.1634 3.5900
6.6722 -1.9534 3.6100
6.6722 -1.7334 3.6900
6.6722 -1.5134 3.7800
6.6622 -1.2834 3.8400
6.6622 -1.0534 3.9100
6.6622 -0.8334 3.9400
6.6622 -0.6134 4.0400
6.6622 -0.4134 4.0500
6.6522 -0.1834 4.1300
6.6522 0.0366 4.1800
6.6522 0.2766 4.2300
6.6522 0.4866 4.2800
6.6522 0.6966 4.3700
6.6522 0.9366 4.4100
6.6422 1.1766 4.4600
6.6422 1.4066 4.5100
6.6422 1.6266 4.6300
6.6422 1.8566 4.6600
6.6422 2.0866 4.7600
6.6322 2.2966 4.8000
6.6322 2.4966 4.7700
6.6322 2.7166 4.8800
6.6322 2.9666 4.9800
6.6322 3.1966 5.0200
6.6222 3.4266 5.1100
6.6222 4.0966 5.1500
6.6222 4.2966 5.0800
6.6122 4.5266 5.0100
6.6122 4.7666 4.9500
6.6122 4.9766 4.9000
6.6122 5.2166 4.8800
6.6122 5.4566 4.7300
6.6022 5.6766 4.7300
6.6022 5.9166 4.7100
6.6022 6.1366 4.6700
6.8922 -1.8334 3.6400
6.8922 -1.6134 3.6700
6.8822 -1.3834 3.7700
6.8822 -1.1834 3.8600
6.8822 -0.9634 3.8700
6.8822 -0.7234 3.9400
6.8822 -0.4834 4.0000
6.8722 -0.2634 4.0500
6.8722 -0.0234 4.1200
6.8722 0.1966 4.1600
6.8722 0.4366 4.2600
6.8722 0.6166 4.3100
6.8622 0.8566 4.3500
6.8622 1.0766 4.4200
6.8622 1.2966 4.4700
6.8622 1.5366 4.5000
6.8622 1.7666 4.5400
6.8522 1.9966 4.6800
6.8522 2.1966 4.7300
6.8522 2.4366 4.7100
6.8522 2.6366 4.8300
6.8522 2.8666 4.9300
6.8422 3.0966 4.9600
6.8422 3.3066 4.9700
6.8422 3.5366 5.0600
6.8422 3.9966 5.1400
6.8422 4.2366 5.0500
6.8322 4.4566 4.9900
6.8322 4.6966 4.9400
6.8322 4.9166 4.8700
6.8322 5.1666 4.8300
6.8322 5.3666 4.7600
6.8222 5.6066 4.7300
6.8222 5.8266 4.6400
6.8222 6.0666 4.6700
7.1422 -1.7634 3.5600
7.1322 -1.5434 3.6300
7.1322 -1.3034 3.7100
7.1322 -1.0734 3.7300
7.1322 -0.8634 3.8100
7.1322 -0.6534 3.9100
7.1222 -0.4334 3.9800
7.1222 -0.1934 4.0200
7.1222 0.0366 4.0300
7.1222 0.2666 4.1700
7.1222 0.4866 4.1900
7.1122 0.7166 4.2500
7.1122 0.9366 4.3300
7.1122 1.1466 4.3100
7.1122 1.3666 4.4200
7.1122 1.6166 4.5100
7.1022 1.8166 4.5900
7.1022 2.0366 4.6200
7.1022 2.2866 4.6600
7.1022 2.5066 4.7000
7.1022 2.7366 4.7800
7.0922 2.9566 4.8400
7.0922 3.1966 4.8700
7.0922 3.4266 4.9500
7.0922 3.6566 5.0300
7.0922 3.8666 5.0800
7.0822 4.0966 4.9700
7.0822 4.3166 4.9700
7.0822 4.5566 4.8700
7.0822 4.7866 4.8600
7.0822 5.0066 4.7800
7.0722 5.2466 4.7300
7.0722 5.4766 4.6900
7.0722 5.7066 4.6700
7.0722 5.9166 4.5900
7.0722 6.1566 4.5600
7.4122 -1.4134 3.6500
7.4122 -1.2034 3.6900
7.4122 -0.9734 3.6900
7.4022 -0.7634 3.8000
7.4022 -0.5434 3.8600
7.4022 -0.3234 3.8900
7.4022 -0.0834 3.9200
7.4022 0.1166 4.0800
7.3922 0.3366 4.1000
7.3922 0.5866 4.1500
7.3922 0.8166 4.1700
7.3922 1.0366 4.2800
7.3922 1.2466 4.3200
7.3822 1.5066 4.3700
7.3822 1.7366 4.4100
7.3822 1.9566 4.5400
7.3822 2.1566 4.5800
7.3822 2.4066 4.6400
7.3722 2.6166 4.6600
7.3722 2.8466 4.7100
7.3722 3.0766 4.8100
7.3722 3.2966 4.8800
7.3722 3.5366 4.9000
7.3622 3.7466 5.0700
7.3622 3.9566 5.0100
7.3622 4.1966 4.9200
7.3622 4.4466 4.8300
7.3622 4.6766 4.8100
7.3522 4.9066 4.7700
7.3522 5.1466 4.7100
7.3522 5.3866 4.6800
7.3522 5.6266 4.5700
7.3522 5.8366 4.5200
7.3422 6.0566 4.5200
7.6022 0.2166 4.0300
7.6022 0.4466 4.0500
7.6022 0.6666 4.1700
7.6022 0.8966 4.2200
7.6022 1.1066 4.2700
7.5922 1.3466 4.3300
7.5922 1.5666 4.3800
7.5922 1.7866 4.4100
7.5922 2.0266 4.5200
7.5922 2.2466 4.5400
7.5822 2.4766 4.6600
7.5822 2.6866 4.6800
7.5822 2.9166 4.7500
7.5822 3.1366 4.7500
7.5822 3.3866 4.8300
7.5722 3.6266 4.9300
7.5722 3.8666 4.9700
7.5722 4.1066 4.8300
7.5722 4.3166 4.8300
7.5722 4.5266 4.8000
7.5622 4.7466 4.7300
7.5622 4.9566 4.6700
7.5622 5.1766 4.6200
7.5622 5.4166 4.5400
7.5622 5.6366 4.5100
7.5522 5.8466 4.5200
7.5522 6.0666 4.4600
3.2522 7.9366 5.1200
3.4622 7.8466 5.1400
3.4622 8.0866 5.0100
3.7222 7.6266 5.1200
3.7122 7.8466 5.0600
3.7122 8.0966 4.9900
3.9722 7.1466 5.1400
3.9622 7.3666 5.1200
3.9622 7.6066 5.0100
3.9622 7.8366 4.9500
3.9622 8.0666 4.9300
4.1822 7.0566 5.0900
4.1822 7.2666 5.0600
4.1822 7.4966 4.9900
4.1822 7.7366 4.9600
4.1822 7.9366 4.8700
4.4322 6.6266 5.1300
4.4322 6.8666 5.0300
4.4322 7.0966 5.0600
4.4322 7.3366 4.9900
4.4322 7.5666 4.9600
4.4222 7.7966 4.8600
4.4222 8.0166 4.8600
4.7222 6.3266 5.1300
4.7222 6.5366 5.0900
4.7222 6.7666 5.0400
4.7222 7.0166 4.9900
4.7222 7.2366 4.9300
4.7122 7.4566 4.8800
4.7122 7.6766 4.7800
4.7122 7.9166 4.7900
4.7122 8.1366 4.7700
4.9522 6.1966 5.0600
4.9522 6.4266 5.0500
4.9522 6.6666 4.9500
4.9522 6.8866 4.9600
4.9522 7.0966 4.8800
4.9422 7.3366 4.8300
4.9422 7.5766 4.7600
4.9422 7.8066 4.7400
4.9422 8.0466 4.6600
5.1022 6.2766 5.0200
5.1022 6.5166 4.9500
5.1022 6.7566 4.9300
5.0922 6.9966 4.8500
5.0922 7.2266 4.8300
5.0922 7.4366 4.7700
5.0922 7.6766 4.7200
5.0822 7.8766 4.6400
5.0822 8.0866 4.5900
5.2622 6.2566 5.0500
5.2622 6.4666 4.9400
5.2622 6.6766 4.8800
5.2522 6.9166 4.8400
5.2522 7.1366 4.8100
5.2522 7.3566 4.7600
5.2522 7.5666 4.6100
5.2522 7.7766 4.6600
5.2422 8.0066 4.5600
5.5022 6.2066 4.9700
5.5022 6.4566 4.9300
5.5022 6.6966 4.8300
5.4922 6.8966 4.8200
5.4922 7.1266 4.7100
5.4922 7.3466 4.7000
5.4922 7.5766 4.6100
5.4922 7.7866 4.6200
5.4822 8.0366 4.5400
5.7422 6.1966 4.8800
5.7422 6.3966 4.8600
5.7422 6.6466 4.7700
5.7422 6.8666 4.7600
5.7422 7.0666 4.7300
5.7322 7.3066 4.6500
5.7322 7.5566 4.5700
5.7322 7.7966 4.4700
5.7322 8.0366 4.5200
5.9422 6.3066 4.8200
5.9422 6.5166 4.7200
5.9322 6.7666 4.7000
5.9322 6.9866 4.6200
5.9322 7.1766 4.6000
5.9322 7.4066 4.5900
5.9322 7.6466 4.5400
5.9222 7.8866 4.4700
5.9222 8.0966 4.4200
6.1322 6.3366 4.7300
6.1222 6.5766 4.7000
6.1222 6.7866 4.6600
6.1222 7.0066 4.6100
6.1222 7.2466 4.5500
6.1222 7.4666 4.5000
6.1122 7.6766 4.4000
6.1122 7.9066 4.3800
6.1122 8.1366 4.3600
6.3622 6.3466 4.6800
6.3622 6.5666 4.5900
6.3622 6.7866 4.6100
6.3622 7.0266 4.5000
6.3522 7.2466 4.4900
6.3522 7.4966 4.3800
6.3522 7.7166 4.3700
6.3522 7.9566 4.3600
6.6022 6.3766 4.6500
6.6022 6.5966 4.5600
6.5922 6.8466 4.5000
6.5922 7.0866 4.4200
6.5922 7.2866 4.4400
6.5922 7.5066 4.3700
6.5922 7.7566 4.2800
6.5822 7.9866 4.2500
6.8222 6.2766 4.5800
6.8122 6.5066 4.5400
6.8122 6.7466 4.5100
6.8122 6.9766 4.4400
6.8122 7.2066 4.3500
6.8122 7.4166 4.3300
6.8122 7.6566 4.2100
6.8022 7.9066 4.2300
6.8022 8.1266 4.1200
7.0622 6.3966 4.4800
7.0622 6.6266 4.4600
7.0622 6.8666 4.3400
7.0622 7.1066 4.3200
7.0622 7.3366 4.3000
7.0522 7.5566 4.2300
7.0522 7.7666 4.1700
7.0522 7.9866 4.1300
7.3422 6.2666 4.4400
7.3422 6.4966 4.4000
7.3422 6.7066 4.3200
7.3422 6.9366 4.3000
7.3322 7.1666 4.2200
7.3322 7.3866 4.2200
7.3322 7.5866 4.1500
7.3322 7.7866 4.1300
7.3322 8.0466 4.0700
7.5522 6.2666 4.3400
7.5522 6.5166 4.3400
7.5522 6.7566 4.2800
7.5422 6.9766 4.2200
7.5422 7.1866 4.2100
7.5422 7.4166 4.0800
7.5422 7.6466 4.1000
7.5422 7.8666 4.0600
7.5322 8.0966 3.9900
1.6622 1.7366 5.0200
1.6622 1.4466 5.0200
1.6722 1.2366 4.9900
1.6722 1.0466 4.8700
1.6722 0.7966 4.8200
1.6722 0.5666 4.7200
1.6722 0.3166 4.7200
1.6722 0.0666 4.6400
1.6822 -0.1634 4.5900
1.6822 -0.3834 4.5000
1.6822 -0.6534 4.5000
1.6822 -0.8434 4.3800
1.6822 -1.0834 4.3500
1.4922 1.7266 5.0900
1.5022 1.5166 4.9900
1.5022 1.2766 5.0000
1.5022 0.9966 4.9500
1.5022 0.7866 4.8800
1.5022 0.5766 4.8300
1.5122 0.3166 4.7400
1.5122 0.0866 4.7000
1.5122 -0.1334 4.6000
1.5122 -0.3934 4.5600
1.5122 -0.6134 4.5000
1.5222 -0.8734 4.4400
1.5222 -1.1234 4.3800
1.5222 -1.3534 4.3200
1.5222 -1.5834 4.2900
1.5222 -1.8534 4.2400
1.5222 -2.0834 4.1700
1.5322 -2.3034 4.1000
1.5322 -2.5234 4.0200
1.5322 -2.7534 3.9300
1.5322 -3.0134 3.8800
1.5322 -3.2134 3.7800
1.5422 -3.4734 3.7400
1.5422 -3.6934 3.6600
1.3122 1.5866 5.1000
1.3122 1.3366 5.0400
1.3122 1.1166 4.9700
1.3222 0.8666 4.9100
1.3222 0.6466 4.8300
1.3222 0.3866 4.7900
1.3222 0.1666 4.7200
1.3222 -0.0834 4.6500
1.3222 -0.3334 4.6100
1.3322 -0.5634 4.5800
1.3322 -0.7834 4.4800
1.3322 -1.0434 4.4700
1.3322 -1.2734 4.3700
1.3322 -1.5134 4.3500
1.3422 -1.7634 4.2700
1.3422 -1.9734 4.2000
1.3422 -2.2234 4.1500
1.3422 -2.4434 4.0800
1.3422 -2.7034 4.0500
1.3522 -2.9434 3.9600
1.3522 -3.1934 3.9100
1.3522 -3.4334 3.8500
1.3522 -3.6334 3.7100
1.3522 -3.9034 3.6500
1.1322 1.4866 5.1300
1.1422 1.2366 5.0900
1.1422 1.0266 4.9800
1.1422 0.7966 4.9200
1.1422 0.5466 4.8700
1.1422 0.2766 4.8600
1.1422 0.0666 4.7600
1.1522 -0.1734 4.7000
1.1522 -0.4034 4.6500
1.1522 -0.6434 4.5600
1.1522 -0.8734 4.5600
1.1522 -1.1034 4.4300
1.1622 -1.3434 4.3500
1.1622 -1.5934 4.3300
1.1622 -1.8534 4.2700
1.1622 -2.1134 4.2400
1.1622 -2.3334 4.1400
1.1722 -2.5634 4.0900
1.1722 -2.7634 3.9600
1.1722 -2.9934 3.9100
1.1722 -3.2234 3.8600
1.1722 -3.4634 3.8800
1.1722 -3.6934 3.7500
1.1822 -3.9334 3.7300
1.1822 -4.1334 3.6200
0.9422 1.2866 5.1000
0.9522 1.0566 5.0400
0.9522 0.8066 5.0300
0.9522 0.5666 4.9400
0.9522 0.2966 4.9100
0.9522 0.0666 4.8500
0.9622 -0.1634 4.7700
0.9622 -0.4034 4.6500
0.9622 -0.6734 4.6300
0.9622 -0.8834 4.5900
0.9622 -1.1134 4.5100
0.9622 -1.3534 4.4900
0.9722 -1.5734 4.4500
0.9722 -1.7834 4.3300
0.9722 -2.0034 4.2300
0.9722 -2.2534 4.2400
0.9722 -2.4834 4.1700
0.9822 -2.6934 4.0600
0.9822 -2.9134 4.0400
0.9822 -3.1734 3.9700
0.9822 -3.4334 3.9200
0.9822 -3.6334 3.8300
0.9822 -3.8334 3.7400
0.9922 -4.0634 3.7100
0.9922 -4.3034 3.6000
0.6722 0.6966 5.0600
0.6822 0.4766 5.0200
0.6822 0.2766 4.9600
0.6822 0.0566 4.8300
0.6822 -0.2134 4.8700
0.6822 -0.4234 4.7500
0.6822 -0.6434 4.6800
0.6922 -0.8734 4.6400
0.6922 -1.1134 4.6000
0.6922 -1.3434 4.5400
0.6922 -1.5834 4.4600
0.6922 -1.7934 4.3600
0.7022 -2.0434 4.3100
0.7022 -2.2834 4.2800
0.7022 -2.5034 4.2400
0.7022 -2.7434 4.1400
0.7022 -2.9834 4.1000
0.7122 -3.2034 3.9900
0.7122 -3.4334 3.9500
0.7122 -3.6334 3.8700
0.7122 -3.9034 3.8400
0.7122 -4.1434 3.7600
0.7122 -4.3834 3.6900
0.7222 -4.6034 3.5600
0.3322 1.3266 5.0900
0.3322 1.0766 5.0400
0.3322 0.8466 5.0100
0.3422 0.6266 4.9500
0.3422 0.4066 4.9100
0.3422 0.1566 4.8400
0.3422 -0.1034 4.8000
0.3422 -0.3034 4.7200
0.3422 -0.5534 4.7200
0.3522 -0.7934 4.6900
0.3522 -1.0534 4.6200
0.3522 -1.2734 4.5700
0.3522 -1.5134 4.5300
0.3522 -1.7334 4.4300
0.3622 -1.9834 4.4100
0.3622 -2.2334 4.3600
0.3622 -2.4534 4.2700
0.3622 -2.7034 4.2100
0.3622 -2.9734 4.1600
0.3622 -3.1734 4.0600
0.3722 -3.4434 4.0800
0.3722 -3.6534 4.0200
0.3722 -3.9034 3.9900
0.3722 -4.1134 3.8600
0.3722 -4.3534 3.8400
0.3822 -4.5734 3.7200
0.0522 1.7266 5.1000
0.0522 1.4766 5.0600
0.0522 1.2666 5.0000
0.0622 1.0266 4.9600
0.0622 0.7866 4.9300
0.0622 0.5366 4.8600
0.0622 0.3366 4.7800
0.0622 0.0866 4.7200
0.0622 -0.1634 4.7000
0.0722 -0.3834 4.6700
0.0722 -0.6234 4.5600
0.0722 -0.8934 4.5500
0.0722 -1.1334 4.4900
0.0722 -1.3734 4.4000
0.0822 -1.5934 4.3800
0.0822 -1.8734 4.3600
0.0822 -2.0934 4.3000
0.0822 -2.2934 4.1900
0.0822 -2.5434 4.1700
0.0922 -2.7834 4.1100
0.0922 -3.0234 4.0300
0.0922 -3.2834 3.9900
0.0922 -3.5234 3.9800
0.0922 -3.7334 3.8800
0.1022 -3.9834 3.8600
0.1022 -4.2234 3.8200
0.1022 -4.4334 3.7400
0.1022 -4.6734 3.6600
-0.1378 1.6666 5.0700
-0.1378 1.4566 4.9900
-0.1378 1.2166 4.9900
-0.1378 0.9766 4.9000
-0.1278 0.6966 4.8700
-0.1278 0.4666 4.8100
-0.1278 0.2266 4.7200
-0.1278 0.0066 4.6800
-0.1278 -0.2534 4.6100
-0.1178 -0.4834 4.5500
-0.1178 -0.6834 4.4700
-0.1178 -0.9334 4.4700
-0.1178 -1.1734 4.3800
-0.1178 -1.4534 4.3700
-0.1078 -1.7034 4.3300
-0.1078 -1.9034 4.2500
-0.1078 -2.1434 4.2400
-0.1078 -2.4034 4.1700
-0.1078 -2.6334 4.1200
-0.1078 -2.8334 4.0400
-0.0978 -3.0934 4.0000
-0.0978 -3.3334 3.9500
-0.0978 -3.5734 3.8900
-0.0978 -3.8134 3.8200
-0.0978 -4.0234 3.7600
-0.0878 -4.3034 3.7400
-0.0878 -4.5334 3.5900
-0.3578 2.2666 5.1400
-0.3578 2.0166 5.0800
-0.3478 1.7866 5.0300
-0.3478 1.5466 4.9400
-0.3478 1.2966 4.9400
-0.3478 1.0966 4.8600
-0.3478 0.8766 4.7600
-0.3378 0.5966 4.8000
-0.3378 0.3766 4.7400
-0.3378 0.1266 4.6400
-0.3378 -0.1234 4.5900
-0.3378 -0.3434 4.5500
-0.3278 -0.5934 4.4900
-0.3278 -0.8134 4.4500
-0.3278 -1.0734 4.4200
-0.3278 -1.2934 4.3300
-0.3278 -1.5134 4.2700
-0.3178 -1.7734 4.2200
-0.3178 -2.0234 4.1700
-0.3178 -2.2534 4.1400
-0.3178 -2.4934 4.0700
-0.3178 -2.7234 4.0000
-0.3178 -2.9834 3.9200
-0.3078 -3.2334 3.9100
-0.3078 -3.4734 3.8800
-0.3078 -3.7334 3.8300
-0.3078 -3.9534 3.7400
-0.3078 -4.1634 3.6400
-0.6578 2.5866 5.1500
-0.6578 2.3666 5.0300
-0.6578 2.0866 5.0100
-0.6478 1.8266 4.9700
-0.6478 1.6166 4.9300
-0.6478 1.3866 4.8700
-0.6478 1.1366 4.8000
-0.6478 0.8966 4.7700
-0.6378 0.6966 4.6800
-0.6378 0.4366 4.6700
-0.6378 0.2166 4.5700
-0.6378 -0.0434 4.5200
-0.6378 -0.2934 4.5200
-0.6378 -0.5134 4.4500
-0.6278 -0.7634 4.3800
-0.6278 -1.0134 4.3000
-0.6278 -1.2634 4.2900
-0.6278 -1.4734 4.1900
-0.6278 -1.7534 4.1800
-0.6178 -2.0034 4.1500
-0.6178 -2.2234 4.0700
-0.6178 -2.4234 3.9900
-0.6178 -2.6734 3.9400
-0.6178 -2.9434 3.8900
-0.6078 -3.1534 3.7900
-0.6078 -3.4034 3.7800
-0.6078 -3.6134 3.6800
-0.6078 -3.8834 3.6500
-0.9578 2.9866 5.1400
-0.9578 2.7166 5.1100
-0.9478 2.4966 5.0300
-0.9478 2.2666 5.0100
-0.9478 2.0266 4.9200
-0.9478 1.8166 4.8300
-0.9478 1.5466 4.8000
-0.9378 1.3166 4.7100
-0.9378 1.0766 4.7100
-0.9378 0.8266 4.6300
-0.9378 0.5866 4.5600
-0.9378 0.3266 4.5400
-0.9378 0.1066 4.4800
-0.9278 -0.1534 4.4300
-0.9278 -0.4134 4.4100
-0.9278 -0.6334 4.3200
-0.9278 -0.8434 4.2800
-0.9278 -1.0934 4.2000
-0.9178 -1.3434 4.1400
-0.9178 -1.5934 4.1300
-0.9178 -1.8334 4.0700
-0.9178 -2.0634 4.0100
-0.9178 -2.3034 3.9400
-0.9078 -2.5234 3.8700
-0.9078 -2.7734 3.8100
-0.9078 -3.0234 3.7400
-0.9078 -3.2934 3.7400
-0.9078 -3.5034 3.6600
-0.9078 -3.7534 3.5600
-1.2178 8.0966 5.1300
-1.1778 2.9066 5.0800
-1.1778 2.6566 5.0000
-1.1778 2.3866 4.9800
-1.1778 2.1766 4.9300
-1.1678 1.9366 4.8500
-1.1678 1.6866 4.7800
-1.1678 1.4266 4.7300
-1.1678 1.2366 4.6700
-1.1678 0.9866 4.6100
-1.1678 0.7366 4.5600
-1.1578 0.4766 4.5100
-1.1578 0.2866 4.4600
-1.1578 0.0166 4.4200
-1.1578 -0.2234 4.3900
-1.1578 -0.4634 4.3200
-1.1478 -0.6834 4.2800
-1.1478 -0.9334 4.1800
-1.1478 -1.1834 4.1300
-1.1478 -1.4634 4.1200
-1.1478 -1.6834 4.0700
-1.1378 -1.9234 3.9900
-1.1378 -2.1834 3.9400
-1.1378 -2.4134 3.8600
-1.1378 -2.6234 3.7900
-1.1378 -2.8434 3.7400
-1.1278 -3.0834 3.7100
-1.1278 -3.3134 3.6500
-1.4078 7.9366 5.1300
-1.3678 3.1866 5.1500
-1.3678 2.9666 5.0500
-1.3678 2.7366 4.9900
-1.3678 2.4966 4.9700
-1.3678 2.2866 4.8800
-1.3678 2.0266 4.7800
-1.3578 1.7866 4.7800
-1.3578 1.5666 4.7000
-1.3578 1.3266 4.6400
-1.3578 1.0866 4.5700
-1.3578 0.8366 4.5500
-1.3478 0.5966 4.4800
-1.3478 0.3566 4.4000
-1.3478 0.0866 4.3900
-1.3478 -0.1434 4.2900
-1.3478 -0.3934 4.2500
-1.3378 -0.6634 4.2500
-1.3378 -0.8634 4.1400
-1.3378 -1.1034 4.1100
-1.3378 -1.3434 4.0800
-1.3378 -1.5734 4.0500
-1.3278 -1.7734 3.9400
-1.3278 -2.0334 3.9100
-1.3278 -2.2834 3.9000
-1.3278 -2.4934 3.8200
-1.3278 -2.7134 3.7400
-1.3278 -2.9334 3.6800
-1.3178 -3.1934 3.6100
-1.3178 -3.4434 3.5800
-1.6178 7.8866 5.1300
-1.6178 7.6166 5.1100
-1.5878 3.6566 5.1200
-1.5878 3.4366 5.0500
-1.5878 3.1466 5.0400
-1.5778 2.9166 4.9800
-1.5778 2.6766 4.9300
-1.5778 2.4666 4.8600
-1.5778 2.2066 4.8400
-1.5778 1.9366 4.7700
-1.5678 1.7066 4.7100
-1.5678 1.4866 4.6100
-1.5678 1.2266 4.5400
-1.5678 0.9666 4.5000
-1.5678 0.7266 4.4700
-1.5678 0.5166 4.4600
-1.5578 0.2966 4.3200
-1.5578 0.0566 4.3100
-1.5578 -0.1934 4.2700
-1.5578 -0.4234 4.2200
-1.5578 -0.6434 4.1700
-1.5478 -0.8934 4.1200
-1.5478 -1.1134 4.0400
-1.5478 -1.3434 4.0100
-1.5478 -1.5834 3.9700
-1.5478 -1.8334 3.9000
-1.5378 -2.0834 3.8600
-1.5378 -2.2934 3.8200
-1.5378 -2.4934 3.7100
-1.5378 -2.7234 3.6300
-1.5378 -2.9834 3.5700
-1.8278 7.5966 5.1500
-1.7978 3.9066 5.1400
-1.7978 3.6666 5.0700
-1.7978 3.4166 5.0200
-1.7878 3.1466 5.0100
-1.7878 2.8866 4.9600
-1.7878 2.6466 4.9200
-1.7878 2.4266 4.8400
-1.7878 2.1966 4.7700
-1.7778 1.9666 4.7200
-1.7778 1.7566 4.6500
-1.7778 1.5266 4.6000
-1.7778 1.2866 4.5300
-1.7778 1.0666 4.4500
-1.7678 0.8166 4.4500
-1.7678 0.6166 4.3400
-1.7678 0.3766 4.3500
-1.7678 0.1266 4.2600
-1.7678 -0.1434 4.2500
-1.7678 -0.3634 4.1800
-1.7578 -0.5734 4.1200
-1.7578 -0.8134 4.0700
-1.7578 -1.0534 3.9900
-1.7578 -1.3034 4.0000
-1.7578 -1.5234 3.8800
-1.7478 -1.7534 3.8200
-1.7478 -2.0034 3.8000
-1.7478 -2.2534 3.7800
-1.7478 -2.5034 3.7200
-1.7478 -2.7334 3.6000
-2.0378 7.5566 5.0800
-2.0378 7.2766 5.1500
-2.0178 4.1366 5.0900
-2.0078 3.8766 5.1000
-2.0078 3.6466 5.0500
-2.0078 3.4166 4.9800
-2.0078 3.1966 4.9600
-2.0078 2.9266 4.9300
-1.9978 2.7066 4.8500
-1.9978 2.4766 4.7600
-1.9978 2.2566 4.7200
-1.9978 2.0266 4.6700
-1.9978 1.8066 4.5800
-1.9978 1.5266 4.5600
-1.9878 1.3066 4.4900
-1.9878 1.0966 4.4100
-1.9878 0.8566 4.3600
-1.9878 0.5966 4.3200
-1.9878 0.3766 4.2800
-1.9778 0.1466 4.2000
-1.9778 -0.0834 4.1800
-1.9778 -0.3234 4.1200
-1.9778 -0.5734 4.0300
-1.9778 -0.8434 4.0400
-1.9778 -1.0434 3.9400
-1.9678 -1.3234 3.9100
-1.9678 -1.5534 3.8400
-1.9678 -1.7834 3.8100
-1.9678 -1.9934 3.7300
-1.9678 -2.2634 3.7200
-1.9578 -2.4834 3.6100
-2.3278 7.2066 5.1300
-2.2978 4.1166 5.0900
-2.2978 3.9066 4.9900
-2.2978 3.6566 5.0000
-2.2978 3.4266 4.9300
-2.2878 3.1866 4.8200
-2.2878 2.9466 4.8000
-2.2878 2.7166 4.7400
-2.2878 2.4966 4.6900
-2.2878 2.2566 4.5800
-2.2778 2.0166 4.5900
-2.2778 1.7966 4.4500
-2.2778 1.5366 4.4900
-2.2778 1.3066 4.4300
-2.2778 1.0666 4.3500
-2.2778 0.8166 4.3000
-2.2678 0.5666 4.2600
-2.2678 0.3366 4.1900
-2.2678 0.1366 4.0500
-2.2678 -0.1634 4.0800
-2.2678 -0.3534 3.9900
-2.2578 -0.6134 3.9800
-2.2578 -0.8234 3.9200
-2.2578 -1.0734 3.8400
-2.2578 -1.3534 3.8500
-2.2578 -1.5634 3.7600
-2.2578 -1.8134 3.6900
-2.2478 -2.0434 3.6400
-2.6578 7.0566 5.0800
-2.6378 4.5366 5.0800
-2.6378 4.2766 5.0200
-2.6378 4.0466 4.9700
-2.6378 3.8066 4.9000
-2.6378 3.5666 4.9100
-2.6278 3.3166 4.8200
-2.6278 3.1066 4.7300
-2.6278 2.8566 4.7100
-2.6278 2.6166 4.6800
-2.6278 2.3766 4.5800
-2.6178 2.1066 4.5500
-2.6178 1.8666 4.4800
-2.6178 1.6466 4.4400
-2.6178 1.4066 4.3900
-2.6178 1.1566 4.3600
-2.6178 0.9566 4.2200
-2.6078 0.7466 4.1700
-2.6078 0.4866 4.1400
-2.6078 0.2066 4.1100
-2.6078 -0.0334 4.0200
-2.6078 -0.2334 3.9300
-2.5978 -0.4534 3.8900
-2.5978 -0.7234 3.8600
-2.5978 -0.9634 3.8100
-2.5978 -1.1834 3.7500
-2.5978 -1.4434 3.7500
-2.5978 -1.6434 3.6500
-2.5878 -1.9134 3.6000
-2.9278 6.8566 5.0400
-2.9278 6.5666 5.1400
-2.9178 5.2766 5.1300
-2.9178 5.0366 5.1100
-2.9078 4.7966 5.0800
-2.9078 4.5366 5.0500
-2.9078 4.3266 4.9500
-2.9078 4.0566 4.9000
-2.9078 3.7966 4.8700
-2.9078 3.5766 4.8000
-2.8978 3.3266 4.7300
-2.8978 3.0966 4.7100
-2.8978 2.8666 4.6300
-2.8978 2.6466 4.5800
-2.8978 2.4166 4.5100
-2.8878 2.1566 4.4600
-2.8878 1.8866 4.4500
-2.8878 1.6866 4.3400
-2.8878 1.4366 4.3300
-2.8878 1.2066 4.2000
-2.8778 0.9766 4.1800
-2.8778 0.7366 4.1400
-2.8778 0.4866 4.0900
-2.8778 0.2566 4.0600
-2.8778 0.0066 4.0000
-2.8778 -0.2334 3.9200
-2.8678 -0.4634 3.9000
-2.8678 -0.7034 3.8000
-2.8678 -0.9734 3.7900
-2.8678 -1.1934 3.6700
-2.8678 -1.4234 3.6100
-2.8578 -1.6734 3.5700
-3.1078 6.6766 5.0900
-3.0878 5.0766 5.1500
-3.0878 4.8166 5.0900
-3.0878 4.6066 4.9700
-3.0878 4.3866 4.9200
-3.0878 4.1666 4.8900
-3.0778 3.9266 4.8100
-3.0778 3.6566 4.7600
-3.0778 3.4066 4.7100
-3.0778 3.2066 4.6300
-3.0778 2.9666 4.5800
-3.0778 2.6766 4.5900
-3.0678 2.4766 4.5000
-3.0678 2.2466 4.4600
-3.0678 2.0166 4.3800
-3.0678 1.7866 4.3000
-3.0678 1.5266 4.2600
-3.0578 1.2866 4.2300
-3.0578 1.0666 4.1700
-3.0578 0.7966 4.1100
-3.0578 0.5566 4.0300
-3.0578 0.3066 4.0500
-3.0478 0.0766 3.9400
-3.0478 -0.1634 3.8800
-3.0478 -0.4234 3.8300
-3.0478 -0.6334 3.8100
-3.0478 -0.8534 3.6900
-3.0478 -1.1034 3.6000
-3.2978 6.4766 5.1200
-3.2878 5.1266 5.1500
-3.2878 4.9266 5.0200
-3.2878 4.7166 4.9400
-3.2878 4.4866 4.9200
-3.2878 4.2366 4.8500
-3.2878 4.0166 4.7900
-3.2778 3.7666 4.7400
-3.2778 3.5266 4.7100
-3.2778 3.2966 4.6100
-3.2778 3.0566 4.5300
-3.2778 2.8266 4.4900
-3.2678 2.5866 4.4100
-3.2678 2.3266 4.3800
-3.2678 2.0766 4.3300
-3.2678 1.8266 4.3200
-3.2678 1.5966 4.2300
-3.2578 1.3666 4.1800
-3.2578 1.1166 4.1200
-3.2578 0.8866 4.0800
-3.2578 0.6366 4.0500
-3.2578 0.4066 3.9200
-3.2478 0.1466 3.9500
-3.2478 -0.0834 3.8400
-3.2478 -0.2734 3.7300
-3.2478 -0.5434 3.7500
-3.2478 -0.7734 3.6400
-3.2478 -1.0334 3.6100
-3.5978 4.8266 4.9100
-3.5978 4.5966 4.8800
-3.5878 4.3366 4.7800
-3.5878 4.0866 4.7300
-3.5878 3.8666 4.6800
-3.5878 3.6166 4.6600
-3.5878 3.3866 4.5100
-3.5778 3.1266 4.4900
-3.5778 2.8866 4.4800
-3.5778 2.6966 4.3500
-3.5778 2.4266 4.3200
-3.5778 2.1766 4.2700
-3.5678 1.9566 4.2100
-3.5678 1.7066 4.1900
-3.5678 1.5066 4.0800
-3.5678 1.2166 4.0600
-3.5678 0.9866 4.0400
-3.5678 0.7566 3.9600
-3.5578 0.4966 3.8900
-3.5578 0.2566 3.8000
-3.5578 -0.0034 3.8000
-3.5578 -0.2434 3.7300
-3.5578 -0.4934 3.6600
-3.5478 -0.7234 3.5700
-3.9078 5.0766 4.8800
-3.9078 4.8466 4.8100
-3.9078 4.5966 4.7900
-3.9078 4.3866 4.7200
-3.8978 4.1066 4.7100
-3.8978 3.8866 4.6100
-3.8978 3.6566 4.5800
-3.8978 3.3866 4.5300
-3.8978 3.1866 4.4200
-3.8878 2.9266 4.4000
-3.8878 2.6866 4.3600
-3.8878 2.4766 4.2300
-3.8878 2.2066 4.2400
-3.8878 1.9666 4.1300
-3.8778 1.7066 4.1100
-3.8778 1.4566 4.0400
-3.8778 1.2166 4.0000
-3.8778 0.9866 3.9200
-3.8778 0.7866 3.8300
-3.8778 0.5166 3.8600
-3.8678 0.3066 3.8100
-3.8678 0.0766 3.7400
-3.8678 -0.1534 3.6700
-3.8678 -0.3834 3.6000
-4.1378 5.7466 4.9700
-4.1278 5.5166 4.8800
-4.1278 5.2566 4.8800
-4.1278 5.0266 4.8000
-4.1278 4.7866 4.7500
-4.1278 4.5566 4.7000
-4.1278 4.3166 4.6300
-4.1178 4.0666 4.5700
-4.1178 3.8166 4.5200
-4.1178 3.5566 4.4900
-4.1178 3.3366 4.3800
-4.1178 3.0566 4.3600
-4.1078 2.8066 4.3700
-4.1078 2.6066 4.2300
-4.1078 2.3766 4.2400
-4.1078 2.1766 4.1200
-4.1078 1.9166 4.0900
-4.1078 1.6766 4.0400
-4.0978 1.4766 4.0000
-4.0978 1.2366 3.9200
-4.0978 1.0066 3.8400
-4.0978 0.7866 3.7800
-4.0978 0.5566 3.7300
-4.0878 0.2966 3.7000
-4.0878 0.0666 3.6100
-4.3078 5.4166 4.9200
-4.2978 5.1766 4.8300
-4.2978 4.9466 4.7500
-4.2978 4.6866 4.7100
-4.2978 4.4866 4.6300
-4.2978 4.2266 4.5900
-4.2978 4.0266 4.4900
-4.2878 3.7866 4.4700
-4.2878 3.5466 4.4600
-4.2878 3.2966 4.4000
-4.2878 3.0766 4.3100
-4.2878 2.8566 4.2700
-4.2878 2.6266 4.2300
-4.2778 2.4066 4.1300
-4.2778 2.1366 4.1200
-4.2778 1.8966 4.0600
-4.2778 1.6766 3.9800
-4.2778 1.4466 3.9400
-4.2678 1.2066 3.8800
-4.2678 0.9666 3.8200
-4.2678 0.7466 3.7800
-4.2678 0.4966 3.7000
-4.2678 0.2866 3.6200
-4.2578 0.0566 3.5900
-4.5078 5.3866 4.8000
-4.5078 5.1566 4.7800
-4.5078 4.9266 4.7100
-4.5078 4.7166 4.6400
-4.4978 4.4566 4.5900
-4.4978 4.2366 4.5100
-4.4978 4.0166 4.4700
-4.4978 3.7766 4.4000
-4.4978 3.5066 4.3700
-4.4878 3.2866 4.3000
-4.4878 3.0766 4.2400
-4.4878 2.8466 4.2100
-4.4878 2.5866 4.1400
-4.4878 2.3466 4.1000
-4.4778 2.1066 4.0300
-4.4778 1.8866 4.0000
-4.4778 1.6666 3.9000
-4.4778 1.4066 3.8700
-4.4778 1.1466 3.8400
-4.4778 0.9166 3.7700
-4.4678 0.6466 3.7300
-4.4678 0.4266 3.6500
-4.4678 0.1866 3.5700
-4.7278 5.1466 4.7200
-4.7178 4.9366 4.6300
-4.7178 4.6866 4.6200
-4.7178 4.4666 4.5700
-4.7178 4.2266 4.4700
-4.7178 4.0266 4.3600
-4.7178 3.7566 4.3300
-4.7078 3.4966 4.3500
-4.7078 3.3066 4.2200
-4.7078 3.0466 4.2000
-4.7078 2.7866 4.1600
-4.7078 2.5366 4.1100
-4.6978 2.2966 4.0100
-4.6978 2.0766 3.9800
-4.6978 1.8166 3.9500
-4.6978 1.5966 3.8800
-4.6978 1.3566 3.8400
-4.6878 1.1466 3.7600
-4.6878 0.8966 3.7100
-4.6878 0.6566 3.6300
-4.9478 4.7566 4.5600
-4.9478 4.5466 4.4400
-4.9478 4.2966 4.3900
-4.9478 4.0166 4.3700
-4.9478 3.7966 4.3000
-4.9478 3.5666 4.2200
-4.9378 3.3366 4.1900
-4.9378 3.0866 4.1700
-4.9378 2.8666 4.0900
-4.9378 2.6066 4.0400
-4.9378 2.3866 4.0000
-4.9278 2.1366 3.9100
-4.9278 1.8766 3.8900
-4.9278 1.6666 3.7900
-4.9278 1.4366 3.7300
-4.9278 1.2166 3.6700
-4.9278 0.9666 3.6400
-5.2378 4.6266 4.4300
-5.2378 4.3766 4.4000
-5.2378 4.1366 4.3000
-5.2378 3.8966 4.2400
-5.2378 3.6466 4.1900
-5.2278 3.4166 4.1200
-5.2278 3.1866 4.1000
-5.2278 2.9466 4.0100
-5.2278 2.7166 4.0300
-5.2278 2.4866 3.9300
-5.2178 2.2266 3.8900
-5.2178 2.0166 3.8000
-5.2178 1.7566 3.7900
-5.2178 1.5366 3.7100
-5.2178 1.2866 3.6500
-5.2078 1.0466 3.6000
-5.5678 4.1666 4.2300
-5.5678 3.9266 4.1800
-5.5578 3.6866 4.1400
-5.5578 3.4266 4.0900
-5.5578 3.1966 4.0000
-5.5578 2.9866 3.9500
-5.5578 2.7166 3.9000
-5.5478 2.4666 3.8200
-5.5478 2.2266 3.7500
-5.5478 2.0266 3.6900
-5.5478 1.7666 3.6500
-5.5478 1.5066 3.5900
-5.8178 3.9366 4.1500
-5.8178 3.6966 4.0700
-5.8078 3.4466 4.0300
-5.8078 3.2266 3.9500
-5.8078 3.0266 3.8800
-5.8078 2.7766 3.8400
-5.8078 2.5066 3.7900
-5.8078 2.2766 3.7500
-5.7978 2.0266 3.6800
-5.7978 1.8266 3.5600
-5.9878 3.7166 4.0100
-5.9878 3.4966 3.9600
-5.9878 3.2566 3.9200
-5.9878 3.0066 3.8600
-5.9778 2.7866 3.7600
-5.9778 2.5166 3.7900
-5.9778 2.3066 3.6400
-5.9778 2.0366 3.6100
-6.2078 3.5366 3.9200
-6.2078 3.2566 3.8900
-6.2078 3.0266 3.8200
-6.1978 2.8166 3.7600
-6.1978 2.5666 3.6800
-6.1978 2.3566 3.6100
-6.5278 3.1566 3.7500
-6.5278 2.9366 3.6900
-6.5278 2.7266 3.6000
-6.4778 -3.3434 3.8000
-6.4778 -3.5034 3.5900
-6.4378 -9.1234 4.0000
-6.7778 -3.5534 3.6400
-6.7678 -3.7934 3.6200
-6.7378 -8.6734 4.0600
-6.9678 -3.3534 3.8900
-6.9678 -3.5734 3.7400
-6.9678 -3.8234 3.7000
-7.1278 -3.5034 3.7100
-7.1278 -3.7434 3.7400
-7.1278 -3.9934 3.6300
-7.0978 -7.9234 3.7900
-7.3578 -3.2934 3.9700
-7.3478 -3.9634 3.6900
-7.3478 -4.2534 3.6600
-7.6078 -3.2234 3.9600
-7.6078 -3.4734 3.9300
-7.5978 -3.6734 3.8400
-7.5978 -3.9034 3.7900
-7.5978 -4.1234 3.7000
-7.5978 -4.5834 3.5800
-7.8678 -1.9534 3.7100
-7.8578 -3.3434 4.0200
-7.8578 -3.5934 3.9400
-7.8478 -3.8134 3.8600
-7.8478 -4.0534 3.8000
-7.8478 -4.2534 3.7100
-7.8478 -4.4734 3.6500
-7.8478 -4.7334 3.5900
-7.8178 -8.0334 4.1000
-8.1378 -3.2834 4.1500
-8.1378 -3.4934 4.0300
-8.1378 -3.7134 3.9500
-8.1278 -3.9334 3.9000
-8.1278 -4.1934 3.8500
-8.1278 -4.4234 3.7600
-8.1278 -4.6734 3.7000
-8.1278 -4.8934 3.6400
-8.1178 -5.6934 3.6800
-8.1078 -7.2634 5.0100
-8.1078 -7.4434 4.8200
-8.4378 -3.4234 4.2000
-8.4378 -3.6034 4.0400
-8.4378 -3.8534 4.0300
-8.4378 -4.0834 3.9400
-8.4378 -4.3434 3.9600
-8.4278 -4.7634 3.7400
-8.4278 -5.2634 3.6000
-8.4178 -6.8134 4.9500
-8.4078 -7.0934 5.0300
-8.4078 -7.3434 5.0300
-8.4078 -7.5134 4.8400
-8.4078 -7.5434 4.2400
-8.4078 -8.1134 4.3500
-8.6878 -3.0934 4.2200
-8.6878 -3.3834 4.2600
-8.6778 -3.6034 4.1300
-8.6778 -3.8234 4.0600
-8.6778 -4.0134 3.9700
-8.6778 -4.2834 3.9400
-8.6778 -4.4734 3.8100
-8.6778 -4.7334 3.8000
-8.6678 -4.9734 3.7500
-8.6678 -5.2034 3.7000
-8.6678 -5.7734 3.7700
-8.6578 -6.7834 5.0500
-8.6578 -7.0434 5.0200
-8.6578 -7.2834 4.9400
-8.6578 -7.2834 4.3000
-8.6478 -7.5134 4.2000
-8.6478 -8.3634 4.4700
-8.6378 -8.9834 4.6300
-8.8878 -1.8434 4.0600
-8.8678 -3.2134 4.3300
-8.8678 -3.4334 4.2500
-8.8678 -3.6734 4.1800
-8.8678 -4.1534 4.0500
-8.8578 -4.6334 3.9400
-8.8578 -4.8634 3.8200
-8.8578 -5.0834 3.7400
-8.8478 -6.6734 5.0900
-8.8478 -6.8734 5.0100
-8.8478 -7.0834 4.8400
-8.8478 -7.1234 4.2700
-8.8378 -7.3734 4.2600
-8.8278 -8.5234 4.5800
-8.8278 -8.8434 4.7100
-8.8278 -9.1234 4.7200
-9.1178 -1.3134 3.9400
-9.1178 -1.5734 3.9800
-9.0978 -3.3534 4.4100
-9.0978 -3.5234 4.2400
-9.0978 -3.7834 4.2200
-9.0978 -4.0234 4.1800
-9.0978 -4.2534 4.0800
-9.0978 -4.6934 3.9100
-9.0878 -4.9234 3.8400
-9.0878 -5.1534 3.7500
-9.0778 -6.7634 4.5200
-9.0778 -7.0134 4.4500
-9.0678 -7.2434 4.3700
-9.0678 -7.4834 4.2700
-9.4278 -2.1034 4.2500
-9.4178 -3.2334 4.4800
-9.4178 -3.4734 4.4300
-9.4078 -3.6634 4.3100
-9.4078 -3.8634 4.2000
-9.4078 -4.1434 4.1700
-9.4078 -4.3934 4.1200
-9.4078 -4.5834 4.0000
-9.4078 -4.8334 4.0400
-9.3978 -5.0734 3.8700
-9.3978 -5.6434 3.9500
-9.3878 -7.0934 4.4100
-9.3678 -8.7434 4.7500
-9.6878 -3.2434 4.5700
-9.6878 -3.4434 4.4100
-9.6878 -3.7234 4.4300
-9.6778 -3.9534 4.3500
-9.6778 -4.1834 4.2100
-9.6778 -4.4334 4.1800
-9.6778 -4.6634 4.1400
-9.6778 -4.8534 4.0200
-9.6678 -5.0934 3.9400
-9.6678 -5.3634 4.0100
-9.6578 -7.0434 4.4600
-9.6478 -8.7634 4.9300
-9.8578 -3.1734 4.5700
-9.8578 -3.4134 4.5800
-9.8578 -3.6034 4.4100
-9.8478 -3.8434 4.3800
-9.8478 -4.2834 4.2300
-9.8478 -4.5434 4.2400
-9.8478 -4.7634 4.1700
-9.8478 -4.9534 4.0100
-9.8378 -5.2634 4.1200
-9.8178 -8.0834 4.7500
7.5622 7.9566 4.0000
7.5622 7.6466 4.0600
7.5722 7.3466 4.2200
7.5722 7.1166 4.1500
7.5722 6.7966 4.2700
7.5722 6.4966 4.3300
7.5822 6.2066 4.3800
7.5822 5.8866 4.4800
7.5822 5.6366 4.5000
7.5822 5.3066 4.6200
7.5922 5.0766 4.5900
7.5922 4.7666 4.7400
7.5922 4.5066 4.7800
7.5922 4.2166 4.8400
7.6022 3.8966 4.9600
7.6022 3.6266 4.9400
7.6022 3.4266 4.8200
7.6022 3.1866 4.8000
7.6022 2.9466 4.7200
7.6022 2.7266 4.6600
7.3222 8.0066 4.0500
7.3222 7.7166 4.1100
7.3322 7.4066 4.1800
7.3322 7.1666 4.2100
7.3322 6.8966 4.3100
7.3322 6.5966 4.3900
7.3422 6.2966 4.4300
7.3422 5.9866 4.5000
7.3422 5.7166 4.5800
7.3422 5.4466 4.5900
7.3522 5.1466 4.6900
7.3522 4.8266 4.7900
7.3522 4.5766 4.8200
7.3522 4.3166 4.8600
7.3522 3.9966 4.9500
7.3622 3.7466 4.9700
7.3622 3.4966 4.9300
7.3622 3.2566 4.8300
7.3622 3.0366 4.7500
7.3622 2.7966 4.7100
7.3722 2.5166 4.7000
7.3722 2.2866 4.6200
7.3722 2.0666 4.5500
7.3722 1.8166 4.4700
7.3722 1.5866 4.3800
7.3722 1.3466 4.3800
7.3822 1.0966 4.3600
7.3822 0.8766 4.2400
7.3822 0.6266 4.2100
7.3822 0.4266 4.0900
7.3822 0.1766 4.0500
7.3922 -0.0834 4.0500
7.3922 -0.3234 3.9500
7.3922 -0.5134 3.8900
7.3922 -0.7734 3.8100
7.3922 -1.0334 3.7400
7.4022 -1.2534 3.6800
7.4022 -1.4834 3.5700
7.1022 8.0866 4.0600
7.1022 7.7766 4.1700
7.1122 7.5166 4.2300
7.1122 7.2166 4.3300
7.1122 6.9166 4.3900
7.1122 6.6566 4.4000
7.1222 6.3766 4.5000
7.1222 6.0966 4.5300
7.1222 5.7966 4.6100
7.1222 5.5366 4.5800
7.1322 5.2066 4.7300
7.1322 4.9366 4.8300
7.1322 4.6566 4.8400
7.1322 4.3566 4.8900
7.1422 4.0166 5.0800
7.1422 3.7866 5.0400
7.1422 3.5266 4.9700
7.1422 3.2866 4.9000
7.1422 3.0666 4.8200
7.1522 2.8266 4.8300
7.1522 2.6166 4.6700
7.1522 2.3466 4.6700
7.1522 2.1066 4.6100
7.1522 1.8866 4.5300
7.1522 1.6766 4.4600
7.1622 1.3866 4.4500
7.1622 1.1766 4.3700
7.1622 0.9566 4.2800
7.1622 0.6766 4.2700
7.1622 0.4466 4.1700
7.1722 0.1866 4.1200
7.1722 -0.0434 4.0400
7.1722 -0.3034 3.9800
7.1722 -0.5134 3.9200
7.1722 -0.7534 3.8800
7.1822 -0.9834 3.8200
7.1822 -1.1834 3.7400
7.1822 -1.4234 3.6700
7.1822 -1.6434 3.5800
6.8822 7.9066 4.2300
6.8822 7.6466 4.2500
6.8822 7.3666 4.3100
6.8822 7.0666 4.3500
6.8922 6.7666 4.4600
6.8922 6.4766 4.5200
6.8922 6.1966 4.5900
6.8922 5.9166 4.6700
6.8922 5.5966 4.7200
6.9022 5.3066 4.7600
6.9022 5.0366 4.8000
6.9022 4.7266 4.9300
6.9022 4.4566 4.9800
6.9122 4.1666 5.0000
6.9122 3.6266 5.0800
6.9122 3.3866 4.9900
6.9122 3.1466 4.9400
6.9222 2.9166 4.8500
6.9222 2.6866 4.8300
6.9222 2.4466 4.7700
6.9222 2.1866 4.6700
6.9222 1.9666 4.5900
6.9322 1.7166 4.5700
6.9322 1.4766 4.4800
6.9322 1.1966 4.4400
6.9322 0.9966 4.3500
6.9322 0.7866 4.2900
6.9422 0.5566 4.2200
6.9422 0.2866 4.2400
6.9422 0.0866 4.1200
6.9422 -0.1434 4.0900
6.9422 -0.3834 4.0400
6.9422 -0.6234 4.0000
6.9522 -0.8334 3.8800
6.9522 -1.0434 3.8500
6.9522 -1.2834 3.7800
6.9522 -1.5434 3.7100
6.9522 -1.7434 3.5800
6.9622 -1.9734 3.5800
6.6722 8.0866 4.2300
6.6722 7.8266 4.2100
6.6822 7.5166 4.3500
6.6822 7.2366 4.4000
6.6822 6.9466 4.4000
6.6822 6.6466 4.5000
6.6922 6.3666 4.6100
6.6922 6.0666 4.7000
6.6922 5.7766 4.7100
6.6922 5.5266 4.7200
6.7022 5.2266 4.8000
6.7022 4.9266 4.9000
6.7022 4.6366 4.9700
6.7022 4.3666 5.0000
6.7122 4.0566 5.1100
6.7122 3.5266 5.0700
6.7122 3.2866 5.0200
6.7122 3.0466 4.9500
6.7122 2.7966 4.8900
6.7222 2.5666 4.8400
6.7222 2.3366 4.7900
6.7222 2.1266 4.6800
6.7222 1.9266 4.5800
6.7222 1.6866 4.5600
6.7322 1.4266 4.5200
6.7322 1.2166 4.4400
6.7322 0.9766 4.3900
6.7322 0.7566 4.3400
6.7322 0.5466 4.3000
6.7422 0.2766 4.2300
6.7422 0.0466 4.1300
6.7422 -0.2034 4.1300
6.7422 -0.4034 4.0100
6.7422 -0.6434 3.9800
6.7422 -0.8734 3.8800
6.7522 -1.1034 3.8400
6.7522 -1.3534 3.7800
6.7522 -1.5734 3.7000
6.7522 -1.8134 3.7100
6.4822 7.9866 4.3200
6.4822 7.6666 4.3900
6.4922 7.3866 4.4600
6.4922 7.0866 4.4900
6.4922 6.8466 4.5700
6.4922 6.5466 4.5800
6.4922 6.2466 4.6800
6.5022 5.9666 4.7100
6.5022 5.6566 4.8000
6.5022 5.3966 4.8100
6.5022 5.0666 4.9200
6.5122 4.7666 4.9900
6.5122 4.4866 5.0200
6.5122 4.1966 5.1200
6.5222 3.4666 5.1000
6.5222 3.2366 5.0500
6.5222 2.9866 5.0000
6.5222 2.7666 4.8800
6.5222 2.5266 4.9000
6.5322 2.3166 4.7800
6.5322 2.1166 4.7400
6.5322 1.8566 4.6500
6.5322 1.5766 4.6500
6.5322 1.3766 4.5400
6.5422 1.1666 4.4600
6.5422 0.9166 4.4500
6.5422 0.6766 4.3800
6.5422 0.4366 4.3600
6.5422 0.2366 4.2300
6.5522 0.0066 4.1700
6.5522 -0.2634 4.1700
6.5522 -0.4934 4.0800
6.5522 -0.7134 3.9700
6.5522 -0.9934 3.9800
6.5622 -1.2334 3.9300
6.5622 -1.4534 3.8300
6.5622 -1.6634 3.7200
6.5622 -1.8834 3.6400
6.2222 8.0566 4.3100
6.2222 7.7666 4.3400
6.2222 7.4266 4.5000
6.2222 7.1666 4.4900
6.2322 6.8466 4.5900
6.2322 6.5366 4.6600
6.2322 6.2466 4.7200
6.2322 5.9766 4.7800
6.2422 5.6966 4.8700
6.2422 5.4066 4.9400
6.2422 5.1366 4.9900
6.2422 4.8766 5.0400
6.2522 4.5866 5.1000
6.2522 4.3066 5.1500
6.2522 3.3266 5.0900
6.2622 3.0566 5.0500
6.2622 2.8266 5.0000
6.2622 2.5966 4.9600
6.2622 2.3866 4.8800
6.2622 2.1266 4.8300
6.2722 1.9066 4.7700
6.2722 1.6666 4.7000
6.2722 1.4666 4.6000
6.2722 1.2266 4.5500
6.2722 0.9766 4.4900
6.2822 0.6966 4.5000
6.2822 0.5066 4.3900
6.2822 0.2366 4.3200
6.2822 0.0166 4.2600
6.2822 -0.2334 4.2200
6.2822 -0.4434 4.1500
6.2922 -0.6634 4.0600
6.2922 -0.9234 4.0500
6.2922 -1.1634 3.9700
6.2922 -1.4034 3.9300
6.2922 -1.6734 3.8800
6.3022 -1.8734 3.7800
6.3022 -2.1034 3.7500
6.3022 -2.3234 3.6300
5.8622 7.9366 4.3900
5.8722 7.6366 4.5000
5.8722 7.3666 4.5600
5.8722 7.0966 4.6400
5.8722 6.7766 4.7500
5.8822 6.5066 4.7900
5.8822 6.2166 4.8500
5.8822 5.9766 4.8800
5.8822 5.6866 4.9900
5.8822 5.4066 5.0300
5.8922 5.0766 5.1000
5.9022 3.0366 5.1100
5.9122 2.7766 5.0700
5.9122 2.5466 5.0200
5.9122 2.3366 4.9400
5.9122 2.0566 4.8700
5.9122 1.8366 4.8000
5.9222 1.6166 4.7400
5.9222 1.3666 4.7300
5.9222 1.1266 4.6700
5.9222 0.9066 4.5700
5.9222 0.6666 4.5200
5.9222 0.4166 4.4900
5.9322 0.1866 4.3500
5.9322 -0.0634 4.3200
5.9322 -0.2634 4.2700
5.9322 -0.5034 4.1800
5.9322 -0.7534 4.1700
5.9422 -0.9934 4.1200
5.9422 -1.2234 4.0400
5.9422 -1.4334 3.9800
5.9422 -1.6734 3.8900
5.9422 -1.9234 3.8100
5.9422 -2.1534 3.7400
5.9522 -2.3634 3.6800
5.9522 -2.6134 3.6000
5.5522 8.0566 4.5200
5.5622 7.7966 4.5700
5.5622 7.5066 4.6600
5.5622 7.2066 4.6800
5.5622 6.9166 4.7500
5.5722 6.6366 4.8400
5.5722 6.3466 4.9100
5.5722 6.0666 4.9800
5.5722 5.7766 5.0200
5.5822 5.5066 5.0800
5.6022 2.6266 5.1100
5.6022 2.3966 5.0700
5.6022 2.1666 4.9800
5.6022 1.9066 4.9300
5.6122 1.6966 4.8100
5.6122 1.4566 4.7800
5.6122 1.2266 4.7300
5.6122 0.9966 4.6700
5.6122 0.7566 4.5900
5.6222 0.5366 4.5200
5.6222 0.2966 4.4700
5.6222 0.0866 4.4200
5.6222 -0.1834 4.3700
5.6222 -0.4134 4.2500
5.6322 -0.6734 4.2800
5.6322 -0.8834 4.1400
5.6322 -1.1534 4.1400
5.6322 -1.4034 4.0800
5.6322 -1.6034 3.9600
5.6322 -1.8434 3.8900
5.6422 -2.1034 3.8600
5.6422 -2.3334 3.8300
5.6422 -2.5534 3.7600
5.6422 -2.7734 3.6100
5.6422 -3.0234 3.5600
5.3522 8.0966 4.5800
5.3522 7.8066 4.5800
5.3522 7.5466 4.6600
5.3622 7.2266 4.7800
5.3622 6.9566 4.8000
5.3622 6.6666 4.9000
5.3622 6.3866 4.9400
5.3722 6.0966 5.0000
5.3722 5.7866 5.0500
5.3722 5.4866 5.1100
5.3922 2.6266 5.1300
5.4022 2.3866 5.1100
5.4022 2.1866 5.0600
5.4022 1.9466 4.9400
5.4022 1.7166 4.8900
5.4022 1.4566 4.8300
5.4022 1.2266 4.7600
5.4122 1.0066 4.6900
5.4122 0.7466 4.6700
5.4122 0.4866 4.6200
5.4122 0.2566 4.5200
5.4122 0.0466 4.4900
5.4222 -0.2134 4.3900
5.4222 -0.4734 4.3600
5.4222 -0.6834 4.2700
5.4222 -0.8934 4.2300
5.4222 -1.1434 4.1300
5.4322 -1.4034 4.1000
5.4322 -1.6234 4.0100
5.4322 -1.8534 3.9700
5.4322 -2.0934 3.9400
5.4322 -2.3334 3.8400
5.4322 -2.5634 3.8000
5.4422 -2.7834 3.6800
5.4422 -3.0234 3.6100
5.1522 8.1066 4.6300
5.1522 7.8466 4.6400
5.1622 7.5066 4.7300
5.1622 7.2266 4.7900
5.1622 6.9466 4.8700
5.1622 6.6466 4.9700
5.1722 6.3966 4.9700
5.1722 6.1166 5.0500
5.1722 5.8266 5.1300
5.2022 2.1666 5.0700
5.2022 1.9366 5.0000
5.2022 1.6966 4.9300
5.2122 1.4366 4.9100
5.2122 1.2066 4.8200
5.2122 0.9766 4.7700
5.2122 0.7366 4.7300
5.2122 0.5266 4.6000
5.2122 0.2966 4.5600
5.2222 0.0366 4.5100
5.2222 -0.2234 4.4800
5.2222 -0.4434 4.4200
5.2222 -0.6734 4.3300
5.2222 -0.8834 4.2600
5.2322 -1.1634 4.2500
5.2322 -1.3834 4.1400
5.2322 -1.6234 4.1000
5.2322 -1.8834 4.0100
5.2322 -2.1134 3.9100
5.2422 -2.3634 3.8600
5.2422 -2.5834 3.8000
5.2422 -2.8234 3.7800
5.2422 -3.0434 3.7000
5.2422 -3.2434 3.5700
4.8722 8.1366 4.6500
4.8822 7.8066 4.7500
4.8822 7.4966 4.8300
4.8822 7.2066 4.8900
4.8822 6.9366 4.9600
4.8922 6.6566 5.0200
4.8922 6.3566 5.0500
4.9222 2.1566 5.1400
4.9222 1.8966 5.0600
4.9322 1.6866 5.0200
4.9322 1.4466 4.9400
4.9322 1.2166 4.8700
4.9322 0.9466 4.8600
4.9322 0.7466 4.7600
4.9422 0.5166 4.6800
4.9422 0.2666 4.6200
4.9422 -0.0134 4.6000
4.9422 -0.2434 4.5300
4.9422 -0.4634 4.4300
4.9522 -0.7234 4.3900
4.9522 -0.9734 4.3400
4.9522 -1.1834 4.2500
4.9522 -1.3934 4.2200
4.9522 -1.6034 4.1200
4.9522 -1.8634 4.1100
4.9622 -2.1034 4.0100
4.9622 -2.3334 3.9800
4.9622 -2.5334 3.8900
4.9622 -2.7734 3.8100
4.9622 -2.9934 3.7600
4.9622 -3.2134 3.6600
4.9722 -3.4634 3.6300
4.5822 8.0966 4.7500
4.5922 7.8266 4.8000
4.5922 7.5366 4.8400
4.5922 7.2466 4.9500
4.5922 6.9366 5.0500
4.6022 6.6666 5.0600
4.6022 6.3766 5.1300
4.6422 1.6766 5.0300
4.6422 1.3966 5.0500
4.6422 1.1666 4.9400
4.6422 0.9266 4.8500
4.6422 0.6866 4.8200
4.6522 0.4666 4.7800
4.6522 0.2766 4.6700
4.6522 0.0166 4.6200
4.6522 -0.1934 4.5400
4.6522 -0.4434 4.5000
4.6522 -0.6634 4.4700
4.6622 -0.9134 4.4100
4.6622 -1.1234 4.3400
4.6622 -1.3634 4.3100
4.6622 -1.6134 4.2600
4.6622 -1.8434 4.1400
4.6722 -2.0734 4.1000
4.6722 -2.2934 4.0400
4.6722 -2.5134 3.9500
4.6722 -2.7834 3.9300
4.6722 -2.9834 3.8500
4.6822 -3.2334 3.7800
4.6822 -3.4434 3.6800
4.6822 -3.6734 3.6300
4.3622 8.0966 4.8600
4.3622 7.8066 4.8800
4.3622 7.5466 4.9100
4.3722 7.2466 5.0000
4.3722 6.9466 5.0500
4.4122 1.6966 5.1400
4.4122 1.4666 5.0800
4.4122 1.2266 4.9800
4.4222 1.0166 4.9700
4.4222 0.7666 4.9100
4.4222 0.5466 4.8400
4.4222 0.3366 4.7600
4.4222 0.0966 4.7100
4.4322 -0.1834 4.7200
4.4322 -0.3834 4.5600
4.4322 -0.6234 4.5400
4.4322 -0.8434 4.4800
4.4322 -1.0834 4.4200
4.4322 -1.3134 4.3600
4.4422 -1.5634 4.3300
4.4422 -1.7834 4.2100
4.4422 -1.9834 4.1300
4.4422 -2.2334 4.0900
4.4422 -2.4934 4.0500
4.4522 -2.7334 3.9700
4.4522 -2.9934 3.9400
4.4522 -3.2134 3.8600
4.4522 -3.4434 3.7600
4.4522 -3.6834 3.7200
4.4522 -3.8734 3.5800
4.1622 8.1366 4.8500
4.1722 7.8366 4.9300
4.1722 7.5066 5.0400
4.1722 7.2466 5.0700
4.1722 6.9566 5.1300
4.2222 1.7666 5.1300
4.2222 1.2766 5.0700
4.2222 1.0866 4.9600
4.2222 0.8266 4.9300
4.2322 0.5866 4.8600
4.2322 0.3466 4.8700
4.2322 0.1166 4.7300
4.2322 -0.1034 4.7100
4.2322 -0.3534 4.6600
4.2422 -0.5734 4.5600
4.2422 -0.8234 4.5300
4.2422 -1.0934 4.5000
4.2422 -1.3334 4.4100
4.2422 -1.5134 4.3100
4.2522 -1.7634 4.2000
4.2522 -2.0334 4.2500
4.2522 -2.2534 4.1800
4.2522 -2.4734 4.1100
4.2522 -2.7034 4.0300
4.2522 -2.9434 3.9600
4.2622 -3.1934 3.8900
4.2622 -3.4134 3.8400
4.2622 -3.6334 3.7800
4.2622 -3.8834 3.6800
4.2622 -4.0934 3.5900
3.9622 8.0666 4.9300
3.9722 7.7366 5.0300
3.9722 7.4566 5.0300
4.0222 1.2766 5.1000
4.0222 1.0266 5.0200
4.0222 0.7566 5.0000
4.0222 0.5366 4.9100
4.0322 0.2766 4.8800
4.0322 0.0566 4.7800
4.0322 -0.1634 4.6600
4.0322 -0.4234 4.6900
4.0322 -0.6334 4.6100
4.0422 -0.8734 4.5500
4.0422 -1.1034 4.4400
4.0422 -1.3734 4.4400
4.0422 -1.5934 4.3800
4.0422 -1.8234 4.3500
4.0522 -2.0734 4.3100
4.0522 -2.2834 4.1600
4.0522 -2.5034 4.1200
4.0522 -2.7234 4.0900
4.0522 -3.0034 4.0300
4.0522 -3.2034 3.9200
4.0622 -3.4434 3.8800
4.0622 -3.6634 3.7900
4.0622 -3.9134 3.7100
4.0622 -4.1434 3.6000
3.7922 7.9066 5.0400
3.7922 7.6466 5.0700
3.7922 7.3666 5.1300
3.8422 1.1766 5.1300
3.8422 0.9466 5.1200
3.8422 0.7066 5.0500
3.8422 0.4766 4.9500
3.8522 0.2266 4.9200
3.8522 -0.0134 4.8300
3.8522 -0.2334 4.7700
3.8522 -0.4434 4.6800
3.8522 -0.7034 4.6700
3.8622 -0.9334 4.5900
3.8622 -1.1434 4.5200
3.8622 -1.4034 4.4700
3.8622 -1.6034 4.3900
3.8622 -1.8734 4.3700
3.8722 -2.0734 4.1900
3.8722 -2.3034 4.1600
3.8722 -2.5834 4.1600
3.8722 -2.8334 4.1200
3.8722 -3.0634 4.0000
3.8722 -3.2734 3.9300
3.8822 -3.5334 3.8700
3.8822 -3.7634 3.7800
3.8822 -3.9834 3.7700
3.8822 -4.2034 3.6400
3.6022 7.9566 5.0200
3.6022 7.6666 5.1400
3.6122 7.4266 5.1500
3.6622 1.1466 5.1400
3.6622 0.9266 5.0800
3.6622 0.6966 5.0500
3.6622 0.4566 4.9800
3.6622 0.1966 4.9600
3.6722 -0.0134 4.8800
3.6722 -0.2234 4.7600
3.6722 -0.5134 4.7800
3.6722 -0.7434 4.6900
3.6722 -0.9834 4.6300
3.6822 -1.2234 4.5900
3.6822 -1.4834 4.5500
3.6822 -1.7134 4.4800
3.6822 -1.9534 4.4100
3.6822 -2.1834 4.3700
3.6922 -2.4034 4.2800
3.6922 -2.6434 4.2200
3.6922 -2.8734 4.1300
3.6922 -3.1134 4.0600
3.6922 -3.3134 3.9800
3.7022 -3.5934 3.9400
3.7022 -3.8034 3.8600
3.7022 -4.0534 3.8200
3.7022 -4.2534 3.7300
3.7022 -4.5234 3.6900
3.3422 7.9166 5.1100
3.3922 1.3966 5.1100
3.4022 1.1466 5.0000
3.4022 0.9266 4.9500
3.4022 0.6666 4.9200
3.4022 0.4266 4.8600
3.4122 0.1666 4.8200
3.4122 -0.0634 4.7800
3.4122 -0.3234 4.7400
3.4122 -0.5634 4.6800
3.4122 -0.7734 4.5800
3.4122 -0.9934 4.5200
3.4222 -1.2634 4.4900
3.4222 -1.5034 4.4500
3.4222 -1.7234 4.4000
3.4222 -1.9834 4.3300
3.4222 -2.2034 4.2600
3.4322 -2.4434 4.1800
3.4322 -2.6634 4.1600
3.4322 -2.9334 4.0900
3.4322 -3.2034 4.1200
3.4322 -3.4334 4.0100
3.4422 -3.6634 3.9300
3.4422 -3.9134 3.8500
3.4422 -4.1734 3.8400
3.4422 -4.4134 3.8100
3.0522 1.8766 5.1200
3.0522 1.6766 5.0300
3.0622 1.4166 5.0200
3.0622 1.1866 4.9300
3.0622 0.9366 4.8700
3.0622 0.7066 4.8400
3.0622 0.4866 4.7700
3.0622 0.2466 4.6600
3.0722 -0.0234 4.6700
3.0722 -0.2634 4.6000
3.0722 -0.4934 4.6000
3.0722 -0.7334 4.5000
3.0722 -0.9934 4.4900
3.0822 -1.2334 4.4300
3.0822 -1.4834 4.4300
3.0822 -1.7234 4.3200
3.0822 -1.9634 4.2300
3.0822 -2.2134 4.1700
3.0922 -2.4734 4.1600
3.0922 -2.6834 4.0800
3.0922 -2.8934 4.0100
3.0922 -3.1434 3.9500
3.0922 -3.3634 3.9200
3.1022 -3.5734 3.8500
3.1022 -3.8034 3.7800
3.1022 -4.0834 3.7500
3.1022 -4.2834 3.6600
3.1022 -4.5034 3.5900
2.7622 2.2366 5.1300
2.7722 2.0266 4.9900
2.7722 1.7666 4.9900
2.7722 1.5066 4.9600
2.7722 1.2866 4.8900
2.7722 1.0366 4.8200
2.7722 0.8266 4.7100
2.7822 0.5666 4.7000
2.7822 0.3266 4.6400
2.7822 0.0666 4.6200
2.7822 -0.1634 4.5200
2.7822 -0.4234 4.4800
2.7922 -0.6834 4.4400
2.7922 -0.8834 4.3700
2.7922 -1.1434 4.3700
2.7922 -1.3734 4.3000
2.7922 -1.5934 4.2300
2.8022 -1.8134 4.1600
2.8022 -2.0434 4.0900
2.8022 -2.2834 4.0500
2.8022 -2.5134 4.0100
2.8022 -2.7634 3.9800
2.8022 -2.9734 3.9200
2.8122 -3.2334 3.8700
2.8122 -3.4634 3.7900
2.8122 -3.6734 3.7000
2.8122 -3.9034 3.6500
2.5722 2.8666 5.1200
2.5722 2.5866 5.1200
2.5822 2.3366 5.1000
2.5822 2.1166 5.0100
2.5822 1.8766 4.9400
2.5822 1.6066 4.9200
2.5822 1.3666 4.8300
2.5822 1.1366 4.8200
2.5922 0.8866 4.7200
2.5922 0.6366 4.6800
2.5922 0.3966 4.6400
2.5922 0.1766 4.6100
2.5922 -0.0234 4.5300
2.6022 -0.2834 4.5000
2.6022 -0.5234 4.4100
2.6022 -0.7434 4.3600
2.6022 -0.9634 4.3500
2.6022 -1.2034 4.2700
2.6022 -1.4134 4.1600
2.6122 -1.6734 4.1400
2.6122 -1.9234 4.1300
2.6122 -2.1334 4.0300
2.6122 -2.3734 3.9900
2.6222 -2.6034 3.9200
2.6222 -2.8434 3.8500
2.6222 -3.0334 3.7800
2.6222 -3.3234 3.7500
2.6222 -3.5434 3.7000
2.6222 -3.7634 3.6400
2.3922 2.5066 5.0400
2.3922 2.2766 5.0200
2.3922 2.0466 4.9100
2.3922 1.8166 4.8900
2.4022 1.5966 4.8200
2.4022 1.3366 4.8100
2.4022 1.1166 4.7000
2.4022 0.8666 4.7100
2.4022 0.6766 4.5800
2.4022 0.4366 4.5800
2.4122 0.1766 4.5000
2.4122 -0.0734 4.4600
2.4122 -0.2934 4.4100
2.4122 -0.5334 4.3900
2.4122 -0.7434 4.3300
2.4222 -0.9934 4.2300
2.4222 -1.2334 4.2100
2.4222 -1.4534 4.1500
2.4222 -1.6734 4.0700
2.4222 -1.9334 4.0300
2.4322 -2.1834 4.0100
2.4322 -2.4334 3.9300
2.4322 -2.6534 3.8200
2.4322 -2.9234 3.7900
2.4322 -3.1634 3.7700
2.4422 -3.3834 3.6700
2.4422 -3.6334 3.6500
2.1322 2.3866 5.1100
2.1322 2.1366 5.0900
2.1322 1.9266 4.9800
2.1322 1.7166 4.9000
2.1322 1.4166 4.9300
2.1322 1.2166 4.7900
2.1422 0.9966 4.7200
2.1422 0.7666 4.6800
2.1422 0.5266 4.6300
2.1422 0.2966 4.6000
2.1422 0.0366 4.5300
2.1522 -0.1634 4.4300
2.1522 -0.3934 4.3900
2.1522 -0.6234 4.3200
2.1522 -0.9134 4.3000
2.1522 -1.1334 4.2000
2.1622 -1.3634 4.1500
2.1622 -1.6134 4.1000
2.1622 -1.8734 4.0600
2.1622 -2.0734 3.9200
2.1622 -2.3134 3.9200
2.1722 -2.5334 3.8600
2.1722 -2.7834 3.7800
2.1722 -3.0234 3.7100
2.1722 -3.2634 3.6800
1.8622 2.1066 5.1200
1.8622 1.8566 5.0400
1.8622 1.6466 4.9500
1.8722 1.4166 4.9300
1.8722 1.1566 4.8800
1.8722 0.9166 4.8100
1.8722 0.6666 4.7900
1.8722 0.4166 4.7100
1.8822 0.2066 4.6000
1.8822 -0.0434 4.5400
1.8822 -0.2834 4.5300
1.8822 -0.5134 4.4500
1.8822 -0.7134 4.3500
1.8822 -0.9534 4.3100
1.8922 -1.2234 4.2800
1.8922 -1.4534 4.1900
1.8922 -1.6834 4.1400
1.8922 -1.9134 4.0800
1.8922 -2.1534 4.0100
1.9022 -2.3934 3.9700
1.9022 -2.5934 3.9400
1.9022 -2.8434 3.8300
1.9022 -3.0634 3.7700
1.9022 -3.3134 3.6900
1.9122 -3.5234 3.6100
1.6922 -1.3334 4.2600
1.6922 -1.5434 4.2100
1.6922 -1.7834 4.1300
1.6922 -2.0434 4.1100
1.6922 -2.2634 4.0300
1.6922 -2.5234 4.0000
1.7022 -2.7534 3.9200
1.7022 -2.9834 3.8200
1.7022 -3.2134 3.7500
1.7022 -3.4734 3.7300
1.7022 -3.7034 3.6300
3 32 33 3852
3 4326 3086 3879
3 3881 4326 3879
3 33 34 3852
3 4297 675 652
3 4297 5648 3086
3 5648 4297 652
3 5648 652 5649
3 2704 4297 3086
3 4326 4354 3086
3 1756 1757 1759
3 1760 1756 1759
3 1756 1760 1755
3 1695 1838 1754
3 1752 1760 1759
3 1777 1752 1759
3 35 36 3852
3 34 35 3852
3 5648 3493 3576
3 3493 5648 3441
3 5029 4024 112
3 2113 2114 1631
3 1600 2113 1631
3 3072 675 2884
3 2914 3072 2884
3 3072 2943 757
3 3072 2914 2943
3 675 905 2884
3 5648 5541 3086
3 5541 5648 443
3 3086 5541 3879
3 5541 3880 3879
3 3880 5541 5540
3 5400 5648 3520
3 5648 5400 443
3 4354 3085 4384
3 3085 4354 4326
3 1696 1837 1726
3 1729 4961 1730
3 1838 1776 1754
3 1776 1838 1807
3 1776 1758 1754
3 1431 1420 1419
3 3818 5028 36
3 5027 3818 36
3 5028 3818 73
3 3818 5027 73
3 35 3820 5026
3 3820 35 34
3 3819 5027 36
3 35 3819 36
3 3819 35 5026
3 5620 2192 3362
3 1375 1349 930
3 2736 1375 930
3 2736 4383 1375
3 5197 3668 3576
3 3605 302 3576
3 302 5648 3576
3 31 32 3852
3 9 3877 4978
3 3878 9 4978
3 4977 3878 4978
3 4981 4977 4978
3 4976 4975 4018
3 4977 4976 4016
3 4976 4977 4975
3 4973 4971 4972
3 4973 4977 4981
3 536 3881 3879
3 536 3880 3881
3 2129 1600 1543
3 2129 2113 1600
3 1387 2129 1543
3 4823 2129 1387
3 2403 2377 1419
3 3223 5648 5649
3 652 5677 5649
3 5677 3223 5649
3 1645 4913 1883
3 1775 1774 4968
3 4967 1775 4968
3 1775 4961 1726
3 1678 1851 1679
3 1901 1663 1866
3 2114 1663 1631
3 1837 1663 1726
3 1663 1837 1866
3 1901 1664 1633
3 1664 1901 1866
3 1837 1664 1866
3 1632 1901 1633
3 1601 1632 1633
3 1632 1601 1600
3 1632 1600 1631
3 1663 1632 1631
3 1632 1663 1901
3 2075 1497 2054
3 1442 2193 2075
3 2193 1497 2075
3 1497 2193 1543
3 1777 1753 1807
3 1753 1776 1807
3 1757 1753 1759
3 1753 1777 1759
3 1753 1757 1758
3 1776 1753 1758
3 1838 1839 1807
3 1749 1782 4970
3 5028 5067 3782
3 5067 5028 73
3 1767 1772 1755
3 1763 1767 1755
3 4969 1736 1774
3 1482 4837 4848
3 4833 4834 2494
3 1420 4833 1419
3 4833 2119 4834
3 1431 4833 1420
3 3467 3493 3441
3 5460 5430 3441
3 3309 5460 559
3 237 3605 3576
3 3668 237 3576
3 5234 5197 3576
3 5234 5198 5197
3 269 302 3605
3 5389 3472 5388
3 406 5389 5388
3 3998 5029 112
3 4006 37 5029
3 4005 76 5030
3 76 38 5030
3 38 37 5030
3 1 4022 4972
3 4981 4982 4985
3 4982 4983 4985
3 4983 4984 4985
3 4023 1 4972
3 4971 4023 4972
3 5029 4015 4024
3 4998 3851 45
3 3878 4998 9
3 4998 3878 3851
3 3878 8 3851
3 4977 8 3878
3 8 4977 4016
3 6 4017 4018
3 4017 4976 4018
3 379 5389 3471
3 5389 379 3472
3 3880 5567 3879
3 5567 536 3879
3 536 5567 3880
3 515 3880 5540
3 5400 3895 443
3 840 2938 4192
3 2938 840 2966
3 866 2904 2903
3 797 3020 2943
3 4354 4385 3086
3 4385 4354 4384
3 2704 1003 4297
3 2703 1003 2704
3 1003 2703 4355
3 2129 2140 4829
3 2140 2129 4823
3 1335 1302 1364
3 3072 3112 675
3 2883 2914 2884
3 1349 904 930
3 904 1349 2192
3 1882 1852 1678
3 1851 1852 1708
3 1852 1851 1678
3 4962 1775 4963
3 1775 4962 4961
3 4894 4880 1952
3 1775 4964 4963
3 4965 4964 1775
3 1665 1664 1837
3 1664 1665 1633
3 1637 1638 1929
3 1497 1991 1519
3 1544 1991 1543
3 1991 1497 1543
3 2321 1442 1419
3 2377 2321 1419
3 4668 2321 2377
3 1501 2031 1478
3 1446 1431 2089
3 4383 2139 1375
3 1781 1782 1749
3 3591 3592 280
3 5106 290 3362
3 5106 5028 3782
3 5021 31 3852
3 5021 3825 31
3 1709 1851 1708
3 1773 4969 1774
3 4958 1709 1708
3 1709 4958 1790
3 4837 4844 4848
3 2119 2112 4834
3 4854 1482 4848
3 2046 4854 4848
3 4854 2046 4861
3 3466 5371 5370
3 3466 3467 3441
3 5371 3490 5370
3 675 3167 652
3 3167 5677 652
3 3223 3252 5648
3 5648 3252 3441
3 3252 5460 3441
3 3280 3309 559
3 5430 3440 3441
3 5431 3440 5430
3 3440 5431 418
3 5158 5120 3739
3 5648 5303 3520
3 302 5303 5648
3 269 5268 302
3 5413 5414 3452
3 3448 406 5388
3 3472 3473 5388
3 3473 3448 5388
3 3448 3473 5387
3 74 3998 5068
3 4006 74 5068
3 3998 74 5029
3 74 4006 5029
3 75 4006 5068
3 75 4005 5030
3 37 75 5030
3 4006 75 37
3 3998 113 5068
3 38 4014 37
3 4022 2 4972
3 4004 38 76
3 38 5031 4013
3 5031 39 4013
3 4004 5031 38
3 5031 4003 39
3 5031 4004 4003
3 4011 4 4020
3 3873 4982 4981
3 13 3873 4981
3 3870 4984 4983
3 4987 3866 4988
3 3778 85 5076
3 3777 3778 5117
3 4023 0 1
3 0 4023 4971
3 0 4971 4024
3 4015 0 4024
3 4974 4019 4975
3 4977 4974 4975
3 4973 4974 4977
3 4974 4973 4020
3 4 4974 4020
3 4019 4974 4
3 4010 4019 4
3 4011 4010 4
3 4010 4011 41
3 3352 5524 3353
3 5601 566 3273
3 566 5601 3272
3 3245 5598 586
3 5293 3522 464
3 290 5293 3362
3 5293 464 3362
3 3522 3523 5360
3 5328 3523 3522
3 3497 379 3471
3 3364 512 5511
3 512 3363 5511
3 3363 512 5538
3 5389 407 3471
3 437 5424 3416
3 5424 437 5393
3 489 3364 5511
3 5454 437 3416
3 5454 3390 464
3 5445 3400 456
3 515 514 3880
3 3880 514 3881
3 514 5539 3881
3 5034 43 42
3 4976 7 4016
3 4017 7 4976
3 8 4007 3851
3 4007 8 4016
3 234 3672 3673
3 3639 234 3673
3 43 80 5035
3 80 43 5034
3 80 5072 119
3 863 840 4192
3 4194 864 887
3 2938 862 4192
3 4163 862 2938
3 862 4163 2939
3 2993 797 4161
3 2905 888 865
3 2905 4194 888
3 2932 2960 4169
3 4196 866 2903
3 888 4195 865
3 2904 4195 888
3 4195 866 865
3 4195 2904 866
3 2904 889 2903
3 5733 3134 698
3 2935 2905 865
3 2935 864 4194
3 2905 2935 4194
3 5712 3158 3159
3 682 5712 3131
3 5712 682 3158
3 862 2909 4191
3 2909 861 4190
3 2909 2939 861
3 2909 862 2939
3 861 2910 4190
3 2943 3046 757
3 3020 3046 2943
3 3046 4062 757
3 3083 4446 3086
3 4385 3083 3086
3 1003 2735 4297
3 2735 1003 4355
3 4446 4534 3086
3 4534 4535 3086
3 4535 4534 3074
3 1051 4416 3086
3 2704 4416 4386
3 4416 2704 3086
3 4424 1058 2634
3 1059 4424 2634
3 1385 2152 4813
3 2113 1417 2114
3 2129 2120 2113
3 2191 1335 1364
3 2227 1335 2226
3 738 3069 4064
3 5396 3899 414
3 5514 492 5541
3 493 5514 5541
3 816 4159 2994
3 4159 5620 2994
3 4182 2947 855
3 2854 2825 930
3 2825 2854 929
3 4931 1852 1882
3 4931 1645 1883
3 4931 1882 1645
3 1822 4957 1708
3 1852 1822 1708
3 1822 1852 4945
3 4957 1792 1736
3 1774 1792 4968
3 1736 1792 1774
3 1865 1837 1696
3 1865 1665 1837
3 1666 1835 1667
3 1665 1634 1633
3 2011 1497 1519
3 2011 2034 1497
3 1498 2033 2054
3 1497 1498 2054
3 2034 1498 1497
3 1442 2103 1419
3 2103 1429 1419
3 1430 1431 1419
3 1429 1430 1419
3 1374 1387 1543
3 2193 1374 1543
3 2321 2249 1442
3 2249 2193 1442
3 1477 1501 1478
3 1501 1477 2051
3 1477 1476 2051
3 1500 1501 2051
3 2007 2031 1501
3 1702 1804 1729
3 2088 1446 2089
3 4839 4833 1431
3 1446 4839 1431
3 1479 4849 4846
3 4890 4909 4891
3 4950 4938 1706
3 4938 4950 1828
3 1858 4938 1857
3 1859 1705 1706
3 1860 1830 1829
3 1705 1734 1706
3 1800 1705 1829
3 1830 1800 1829
3 1778 1808 1809
3 1778 1752 1777
3 1752 1778 1760
3 1762 1749 4970
3 1762 1763 1755
3 1763 1762 4970
3 1781 1780 1721
3 1780 1781 1749
3 1748 1747 1763
3 1748 1763 4970
3 1782 1748 4970
3 1719 1748 1782
3 1748 1719 1747
3 1746 1745 1765
3 5025 3820 34
3 3823 33 32
3 3562 3591 280
3 3591 5248 3592
3 281 3590 3591
3 3650 3620 251
3 3620 3650 3651
3 3651 216 5213
3 5176 3685 181
3 3721 179 5175
3 5061 107 3788
3 3686 5176 180
3 3686 5212 5213
3 216 3686 5213
3 3686 180 5175
3 3686 3685 5176
3 3685 3686 216
3 3819 72 5027
3 72 3819 5026
3 5064 72 5026
3 5065 72 3785
3 72 5064 3785
3 72 3784 5027
3 3784 72 5065
3 5064 109 3785
3 5103 5065 3785
3 5105 5106 3782
3 1717 1815 1745
3 1746 1717 1745
3 1767 1768 1772
3 1768 1769 1772
3 1743 1768 1767
3 1851 4946 1679
3 4969 1791 1736
3 1791 4957 1736
3 4957 1791 1708
3 1791 4958 1708
3 4958 1737 1790
3 1737 1773 1790
3 1773 1737 4969
3 1737 1791 4969
3 1791 1737 4958
3 4841 4844 4837
3 2148 1377 1391
3 3337 5566 3362
3 5566 5620 3362
3 5566 3310 5620
3 3310 3282 5620
3 4085 4109 777
3 2736 2705 4383
3 1002 2705 2736
3 1049 2644 4414
3 4844 2069 4848
3 2046 2047 4860
3 2024 4854 4861
3 4866 1985 1984
3 3467 5369 3493
3 391 3466 5370
3 3466 391 3467
3 391 5369 3467
3 5369 391 3492
3 3491 391 5370
3 391 3491 3492
3 3490 3491 5370
3 3491 3490 364
3 364 3516 5340
3 3490 3516 364
3 5402 3465 418
3 3163 5681 3164
3 3112 5730 5729
3 5707 3163 3164
3 3112 3139 675
3 3139 3112 5729
3 5730 3138 5729
3 3138 5730 3137
3 3252 605 5622
3 653 5678 3195
3 5677 653 3195
3 3167 653 5677
3 3280 560 3309
3 3281 5593 559
3 5593 3281 3252
3 5460 3281 559
3 3252 3281 5460
3 3280 5594 583
3 5594 3280 559
3 5593 5594 559
3 3249 5595 583
3 5595 3280 583
3 560 5595 3279
3 5595 560 3280
3 444 5430 5460
3 444 5431 5430
3 5431 3439 418
3 237 3636 3605
3 3606 269 3605
3 167 5197 5159
3 167 5158 5197
3 203 3668 5197
3 5304 3519 334
3 3493 5304 3576
3 3519 5304 3493
3 5270 304 5271
3 5234 3667 5198
3 5198 3702 5197
3 5197 3702 5159
3 3702 3737 5159
3 3702 5160 3737
3 5160 168 3736
3 168 5123 3736
3 3702 168 5160
3 5303 333 3520
3 333 5303 301
3 3577 5303 302
3 5268 3577 302
3 5303 3577 301
3 3607 3606 5232
3 3606 3607 269
3 234 3607 5232
3 3639 3607 234
3 5123 131 3736
3 3856 4990 3860
3 3853 30 3852
3 3826 5021 3852
3 30 3826 3852
3 5021 3826 67
3 5414 3427 5443
3 5414 429 5415
3 5418 3448 5417
3 3448 5418 406
3 3475 3474 3500
3 3448 3449 5417
3 273 3600 5239
3 3987 3988 153
3 113 3997 5068
3 3997 113 5108
3 5107 3998 112
3 5107 113 3998
3 5069 3995 76
3 4005 5069 76
3 75 5069 4005
3 5069 75 5068
3 3989 5107 151
3 113 3989 5108
3 5107 3989 113
3 152 3988 5108
3 3989 152 5108
3 4014 4991 37
3 37 4991 5029
3 4991 4015 5029
3 4991 4014 1
3 0 4991 1
3 4991 0 4015
3 4992 38 4013
3 4992 4014 38
3 2 4992 4013
3 4014 4992 1
3 4992 4022 1
3 4992 2 4022
3 39 4993 4013
3 4993 2 4013
3 4004 5070 4003
3 3995 5070 76
3 5070 4004 76
3 53 3843 5004
3 3870 16 4984
3 3843 16 5004
3 3841 3842 54
3 3806 92 5082
3 5081 91 3808
3 56 5046 5008
3 19 3866 4987
3 3867 19 4987
3 4986 3867 4987
3 4986 18 3867
3 18 3842 3841
3 3841 5044 55
3 5044 3806 55
3 3806 5044 92
3 5044 3841 54
3 5036 3816 45
3 5036 83 3816
3 125 3777 5117
3 3778 5077 85
3 5077 3778 3777
3 10 3877 9
3 3816 46 45
3 46 4998 45
3 116 5070 3995
3 5070 116 3994
3 5 6 4018
3 4975 5 4018
3 4019 5 4975
3 4010 5 4019
3 5551 3352 3353
3 3352 5525 5524
3 566 3302 3273
3 3302 566 3301
3 3302 565 3273
3 5525 501 5524
3 3505 3479 373
3 3479 3505 5381
3 3505 3480 5381
3 611 3244 5628
3 3245 610 5628
3 587 3244 5599
3 5598 587 5599
3 587 5598 3245
3 3244 587 5628
3 587 3245 5628
3 5597 3246 586
3 5361 3522 5360
3 3523 3495 5360
3 407 5390 3471
3 3496 3497 3471
3 3496 3524 352
3 5536 3340 511
3 513 5538 3338
3 513 3363 5538
3 3337 513 3338
3 513 3337 3362
3 3363 513 3362
3 5424 436 3416
3 3468 3443 5393
3 5449 433 459
3 436 3442 5423
3 3442 436 5424
3 3363 3389 5511
3 3389 489 5511
3 464 3389 3362
3 3389 3363 3362
3 3415 5454 464
3 5454 3415 437
3 3415 464 5393
3 437 3415 5393
3 5510 489 3390
3 489 5510 3364
3 5483 5510 3390
3 463 5454 3416
3 5454 463 3390
3 463 5483 3390
3 646 5699 3172
3 5602 566 3272
3 431 3423 3422
3 431 5418 5417
3 5418 431 3422
3 3423 5447 3422
3 3449 5416 5417
3 5416 431 5417
3 3424 5445 456
3 5416 3424 431
3 429 3425 5415
3 5451 5480 461
3 3445 5421 3444
3 5421 3445 5420
3 5620 651 2994
3 4085 3047 776
3 390 5400 3520
3 3911 390 3520
3 3904 5399 388
3 5399 3895 5400
3 5 4009 6
3 4009 4996 6
3 43 4996 42
3 4996 4009 42
3 7 4997 4016
3 4997 4007 4016
3 3638 234 5232
3 234 3638 3672
3 3607 5231 3608
3 5231 3607 3639
3 3710 159 5152
3 198 199 3708
3 199 3672 5193
3 3672 199 3673
3 199 198 3673
3 3974 3710 5152
3 3577 5267 301
3 5073 80 119
3 5035 3999 81
3 80 3999 5035
3 3999 5073 81
3 5073 3999 80
3 4000 80 5034
3 4000 5072 80
3 5264 264 3949
3 264 5264 3939
3 4164 863 2937
3 863 4164 840
3 840 4164 2966
3 2936 863 4193
3 864 2936 4193
3 2906 4193 887
3 864 2906 887
3 2906 864 4193
3 862 2908 4192
3 2908 862 4191
3 2908 886 4192
3 2968 2993 4161
3 4193 4221 887
3 863 2907 4193
3 2907 863 4192
3 886 2907 4192
3 4198 2901 891
3 867 2901 2931
3 2901 867 4197
3 890 2901 4197
3 866 2934 865
3 844 2933 866
3 844 2932 4169
3 867 844 866
3 844 867 2932
3 681 5712 3159
3 5712 681 3131
3 681 5735 3131
3 681 3132 5735
3 3214 5686 635
3 859 2942 2943
3 2914 858 2943
3 4111 3020 797
3 3019 4111 797
3 2524 1148 2494
3 1148 2524 4531
3 4834 2523 2494
3 2554 2523 4834
3 4644 4668 2377
3 2405 4644 2377
3 1260 4668 2349
3 2350 1260 2349
3 1260 2321 4668
3 2321 1260 1281
3 3083 1076 4446
3 1076 3083 3082
3 1100 3082 3077
3 4504 1100 3077
3 1100 1076 3082
3 1076 1100 3080
3 3082 1050 4384
3 1302 2376 3077
3 4669 2376 1302
3 4593 2376 1221
3 2376 4593 3077
3 2795 675 4297
3 2795 905 675
3 2641 4449 2610
3 4387 2704 4386
3 4387 2703 2704
3 1199 4593 1221
3 2643 4416 1051
3 4416 2673 4386
3 1052 2643 4448
3 2643 1052 4416
3 4626 2397 1226
3 4449 2611 2610
3 2665 4424 1059
3 2483 4575 2452
3 1386 4814 4823
3 1397 2140 4823
3 1385 1397 4823
3 4822 1385 4813
3 1397 4822 2140
3 4822 1397 1385
3 4814 2151 4823
3 2151 1385 4823
3 1385 2151 2152
3 2120 1418 2113
3 2140 2141 4829
3 4822 2141 2140
3 4794 1365 2175
3 2290 2291 4722
3 4756 2255 1315
3 4027 4040 738
3 4040 3069 738
3 906 2883 2884
3 416 3896 5398
3 3885 5459 469
3 3885 493 5541
3 3885 5541 443
3 5459 3885 443
3 3886 5514 493
3 3885 3886 493
3 492 3886 5487
3 5514 3886 492
3 514 3883 5539
3 3883 514 515
3 5300 331 298
3 331 5300 3929
3 3939 5300 298
3 330 5300 3939
3 5335 3920 3929
3 5300 5335 3929
3 333 5337 3520
3 4208 4236 2890
3 877 4182 855
3 4155 2948 2947
3 2885 904 2915
3 880 2885 2915
3 2916 2886 880
3 904 4240 930
3 4240 2854 930
3 4268 2825 929
3 4325 977 2736
3 2768 977 2767
3 4893 4894 1952
3 4909 1922 4891
3 1922 4909 1643
3 4913 4930 1883
3 1884 4930 4913
3 4912 4913 4896
3 4912 1884 4913
3 1884 4912 1885
3 1823 1822 4945
3 1822 1823 4957
3 4949 4950 1706
3 1734 4949 1706
3 4949 1734 4961
3 4962 4949 4961
3 1983 4867 1984
3 2003 4867 1983
3 2024 2001 2000
3 2001 2024 4861
3 2001 2002 4869
3 4940 1855 1856
3 4965 1796 4964
3 1796 1797 4964
3 4950 1798 1828
3 4964 1798 4963
3 1836 1865 1696
3 1836 1696 1726
3 1600 1572 1543
3 1601 1572 1600
3 1572 1544 1543
3 1930 1636 1637
3 1602 1572 1601
3 1572 1602 1573
3 1602 1601 1633
3 1634 1602 1633
3 1900 1634 1665
3 1865 1900 1665
3 1666 1900 1865
3 1574 1573 1603
3 1474 2075 2054
3 2053 1474 2054
3 1474 1475 2075
3 1476 1458 1475
3 1458 1442 2075
3 1475 1458 2075
3 2228 2249 2250
3 2249 2228 2193
3 2228 2210 2193
3 1430 2101 1431
3 1501 1524 2008
3 2052 1500 2051
3 1476 2052 2051
3 2052 1476 1475
3 1525 1501 2008
3 1525 2007 1501
3 1553 4875 1986
3 1987 1553 1986
3 4875 1553 1957
3 4864 1987 1986
3 1527 1553 1987
3 4864 1527 1987
3 1636 4922 1637
3 1699 1805 1700
3 1806 1835 1726
3 4961 1728 1726
3 1728 4961 1729
3 1804 1728 1729
3 1700 1728 1804
3 1805 1728 1700
3 1731 1802 1730
3 1802 1731 1801
3 4961 1731 1730
3 1831 1802 1801
3 1702 1803 1832
3 1802 1803 1730
3 1803 1802 1832
3 1803 1729 1730
3 1803 1702 1729
3 1702 1701 1804
3 1928 1640 1927
3 1579 1928 1927
3 1461 2088 2089
3 4840 4841 4837
3 4842 2087 2086
3 4849 2072 4846
3 2071 2072 1480
3 2072 2087 4846
3 2072 2071 2086
3 2087 2072 2086
3 2031 1502 1478
3 1502 1479 1478
3 1855 1676 1856
3 1889 4927 1643
3 1676 1889 1856
3 1889 1676 4927
3 4890 1956 4889
3 1956 1957 4889
3 1956 4875 1957
3 4938 4937 1706
3 4937 4938 1858
3 4937 1859 1706
3 1859 4937 1858
3 1675 1859 1892
3 1640 1641 1927
3 1641 1926 1927
3 1925 1641 1893
3 4907 1642 1892
3 1642 4907 1611
3 1925 1642 1611
3 1642 1925 1893
3 1642 1675 1892
3 1957 1612 4889
3 1672 1641 1640
3 1861 1672 1671
3 1732 1830 1801
3 1732 1800 1830
3 1731 1732 1801
3 1732 1731 4961
3 1733 1734 1705
3 1800 1733 1705
3 1734 1733 4961
3 1733 1732 4961
3 1732 1733 1800
3 1724 1778 1777
3 1778 1724 1808
3 1724 1777 1807
3 1839 1724 1807
3 1808 1724 1839
3 1761 1762 1755
3 1780 1722 1721
3 1722 1780 1779
3 4960 1722 1779
3 1780 1750 1779
3 1761 1750 1762
3 1762 1750 1749
3 1750 1780 1749
3 2139 1388 1375
3 1388 2139 1398
3 1376 1377 2162
3 1377 1376 2149
3 1403 2148 1391
3 4834 1409 4383
3 2128 1409 1421
3 1409 2139 4383
3 2139 1409 1410
3 1409 2128 1410
3 1918 4913 1645
3 1555 1950 1981
3 4854 4862 1482
3 2024 4862 4854
3 4862 2024 2000
3 1764 1746 1765
3 1767 1764 1765
3 1764 1767 1763
3 1747 1764 1763
3 1746 1764 1747
3 1783 1746 1747
3 1717 1783 1814
3 1783 1717 1746
3 3821 5025 34
3 71 5025 5063
3 5025 71 3820
3 3820 71 5026
3 71 5064 5026
3 3823 69 5023
3 3752 5100 145
3 3653 5212 215
3 179 3687 5175
3 5212 3687 215
3 3687 3686 5175
3 3686 3687 5212
3 250 5248 3591
3 5248 250 3621
3 250 3651 3621
3 250 3620 3651
3 3649 3650 251
3 3650 3649 5215
3 3590 5249 3591
3 5249 250 3591
3 250 5249 3620
3 3620 5249 251
3 5317 5282 313
3 5282 3562 313
3 5282 281 3591
3 3562 5282 3591
3 217 3684 3685
3 217 3650 5215
3 3684 217 5215
3 3719 5176 181
3 5027 5066 73
3 3784 5066 5027
3 110 3784 5065
3 5103 110 5065
3 110 5066 3784
3 5106 3747 150
3 5105 3747 5106
3 1846 1847 1816
3 1817 1786 1743
3 1787 1786 1818
3 1786 1768 1743
3 1785 1817 1743
3 1785 1743 1767
3 1744 1785 1767
3 1815 1784 1745
3 1766 1767 1765
3 1766 1744 1767
3 1766 1784 1744
3 1745 1766 1765
3 1784 1766 1745
3 1769 1770 1772
3 1713 1787 1818
3 1709 1821 1851
3 1821 4946 1851
3 1821 1709 1790
3 1711 1740 1712
3 1377 2161 2162
3 4135 816 2994
3 4110 4135 2994
3 2995 4135 4110
3 796 2995 4110
3 796 4109 2996
3 4109 796 4110
3 5509 5536 511
3 5509 488 5482
3 3366 5509 5482
3 487 3366 5482
3 5531 506 3346
3 506 5531 5504
3 558 5592 3310
3 5592 3282 3310
3 4109 3021 777
3 3021 4109 4110
3 3021 4110 2994
3 651 3021 2994
3 3021 651 777
3 3022 4085 776
3 3022 4109 4085
3 4109 795 2996
3 3022 795 4109
3 4353 2705 1002
3 2674 4414 4383
3 4382 2674 4383
3 2707 2674 4382
3 1000 2707 4352
3 2707 1000 1025
3 2739 1000 4352
3 2739 975 2740
3 1000 2739 2740
3 2768 976 4323
3 976 2768 2769
3 2768 4293 2769
3 1049 2675 2676
3 2675 1049 4414
3 2674 2675 4414
3 1049 4413 2644
3 1048 4413 2676
3 4413 1049 2676
3 1075 4834 4383
3 1075 2554 4834
3 4414 1075 4383
3 2644 1075 4414
3 2047 4859 4860
3 4859 2002 4860
3 4853 2046 4848
3 4853 2047 2046
3 2069 4853 4848
3 2072 4850 1480
3 4851 2071 1480
3 2005 2027 4857
3 2071 4843 2086
3 4841 4843 4844
3 3465 5401 418
3 5401 3466 3441
3 3440 5401 3441
3 5401 3440 418
3 3466 392 5371
3 392 3465 5371
3 5401 392 3466
3 392 5401 3465
3 5681 3192 3164
3 3192 5681 5653
3 3219 3192 5653
3 716 3112 3072
3 716 5730 3112
3 4039 4062 3070
3 5707 678 3163
3 5704 3139 5705
3 5704 3167 675
3 3139 5704 675
3 3139 676 5705
3 676 3138 5705
3 676 3139 5729
3 3138 676 5729
3 677 5707 3164
3 5707 677 3137
3 5705 5706 3165
3 3138 5706 5705
3 3165 5706 3164
3 5706 677 3164
3 5706 3138 3137
3 677 5706 3137
3 5679 654 3165
3 606 3221 5652
3 605 3221 5622
3 3221 606 5622
3 607 3249 583
3 607 3219 5653
3 279 5280 3592
3 5308 306 3571
3 3597 3598 5275
3 3388 470 5460
3 470 444 5460
3 419 5402 418
3 3439 419 418
3 5402 419 5403
3 3636 5233 3605
3 5233 3606 3605
3 3606 5233 3637
3 5120 128 3739
3 129 128 5120
3 5158 3738 5120
3 167 3738 5158
3 129 3738 3737
3 3738 129 5120
3 3737 3738 5159
3 3738 167 5159
3 3669 237 3668
3 303 5304 334
3 5305 303 334
3 304 3573 5271
3 270 5234 3576
3 3667 204 5198
3 3735 3734 5124
3 3735 168 5161
3 168 3735 5123
3 3770 5084 94
3 5083 3770 94
3 131 3770 5083
3 3770 131 5123
3 5125 5163 3733
3 5163 5125 3734
3 268 5268 269
3 3607 268 269
3 268 3607 3608
3 268 3577 5268
3 5267 268 3608
3 268 5267 3577
3 131 5122 3736
3 5122 5160 3736
3 130 5122 5082
3 5160 5122 3737
3 3771 131 5083
3 5122 3771 5082
3 3771 5122 131
3 3859 3856 3860
3 3859 3858 3856
3 3858 3857 3856
3 24 3859 3860
3 3858 25 5015
3 25 3832 5015
3 3859 25 3858
3 3722 3721 5137
3 3721 3722 179
3 3453 5413 3452
3 402 3453 3452
3 428 5414 5413
3 428 3427 5414
3 3427 428 5442
3 3426 5443 455
3 3426 5414 5443
3 3426 429 5414
3 454 3427 5442
3 3427 454 5443
3 3320 3321 550
3 3321 3320 5556
3 3321 527 5555
3 527 3321 5556
3 3553 321 5291
3 5326 3525 352
3 5418 432 5419
3 432 5418 3422
3 5448 432 3422
3 3447 5418 5419
3 5418 3447 406
3 407 3447 5419
3 406 3447 5389
3 3447 407 5389
3 376 3475 3500
3 3451 5414 5415
3 3474 405 5387
3 405 3448 5387
3 405 3449 3448
3 5386 3475 404
3 3475 5386 3474
3 5386 405 3474
3 405 5386 3449
3 3527 378 5357
3 378 3473 3472
3 350 3527 5324
3 319 350 5324
3 3473 3499 5387
3 3499 3474 5387
3 378 3499 3473
3 305 5308 3571
3 3600 5240 5239
3 3629 5240 3599
3 5109 3987 3986
3 3987 5109 3988
3 154 5149 3986
3 5149 154 3978
3 114 3997 5108
3 3988 114 5108
3 3997 114 5068
3 114 5109 3996
3 5109 114 3988
3 114 5069 5068
3 5069 114 3996
3 5069 115 3995
3 115 5069 3996
3 5109 115 3996
3 115 5109 3986
3 5146 3989 151
3 5146 152 3989
3 3988 5147 153
3 152 5147 3988
3 5147 3980 153
3 3980 5147 152
3 4993 4021 2
3 4021 4973 4972
3 2 4021 4972
3 4012 4993 39
3 5070 77 4003
3 77 5070 3994
3 4003 77 5032
3 14 3872 13
3 3873 3872 4982
3 13 3872 3873
3 15 3870 4983
3 14 5002 3845
3 5002 50 3845
3 5002 14 13
3 53 5043 54
3 5043 53 3808
3 91 5043 3808
3 53 5005 3843
3 5005 17 3843
3 17 5005 3842
3 5005 53 54
3 3842 5005 54
3 5046 3805 94
3 3805 5046 56
3 3805 5083 94
3 3839 56 5008
3 19 3839 3866
3 3866 3839 4988
3 3840 19 3867
3 3840 3841 55
3 18 3840 3867
3 3840 18 3841
3 3868 4986 4985
3 3868 18 4986
3 18 3868 3842
3 17 3868 4985
3 3868 17 3842
3 5155 3743 162
3 5154 3708 162
3 3744 5154 162
3 4007 44 3851
3 3851 44 45
3 44 5036 45
3 4997 44 4007
3 12 13 4981
3 12 3847 13
3 12 3848 3847
3 86 5077 3777
3 10 4999 3849
3 523 5551 3353
3 5551 523 3326
3 565 5600 3273
3 5600 3243 3273
3 5573 565 3302
3 3332 540 5572
3 5498 501 5525
3 5657 611 5628
3 611 5657 3214
3 610 5657 5628
3 5657 610 3215
3 5600 588 3243
3 3244 588 5599
3 611 5629 3244
3 5629 588 3244
3 588 5629 3243
3 5627 3245 586
3 5627 610 3245
3 3246 5627 586
3 563 3304 3305
3 540 3304 5572
3 563 3276 5598
3 5598 3276 586
3 3276 5597 586
3 5597 3276 562
3 3276 563 3305
3 3306 3276 3305
3 3276 3306 562
3 3277 5597 562
3 3550 322 5328
3 3550 5328 3522
3 5293 3550 3522
3 3550 5293 290
3 322 3550 290
3 3580 5292 290
3 5292 3580 289
3 353 3523 5328
3 322 353 5328
3 5361 382 3522
3 464 382 5393
3 3522 382 464
3 382 3468 5393
3 382 3494 3468
3 382 5361 3494
3 5359 3495 3523
3 353 5359 3523
3 5359 353 3524
3 3495 5359 380
3 5359 3496 380
3 3496 5359 3524
3 3446 3445 408
3 5390 3446 408
3 3446 5390 407
3 3445 3446 5420
3 3446 433 5420
3 3446 407 5419
3 433 3446 5419
3 3417 436 5423
3 435 3417 5423
3 462 3417 5452
3 3417 462 436
3 5453 462 5482
3 5453 463 3416
3 436 5453 3416
3 462 5453 436
3 5422 435 5423
3 3443 5422 5423
3 5421 5422 3444
3 5422 5421 435
3 5422 409 3444
3 5422 3443 409
3 433 3420 5420
3 5449 3420 433
3 3421 433 5419
3 432 3421 5419
3 3421 432 5448
3 433 3421 459
3 3421 5448 459
3 5477 483 5504
3 410 3443 5423
3 3442 410 5423
3 3443 410 5393
3 410 5424 5393
3 410 3442 5424
3 5484 3389 464
3 3389 5484 489
3 3390 5484 464
3 489 5484 3390
3 3365 5483 488
3 5483 3365 5510
3 5510 3365 511
3 3365 5509 511
3 5509 3365 488
3 488 3391 5482
3 3391 5453 5482
3 5453 3391 463
3 5483 3391 488
3 463 3391 5483
3 597 5610 3233
3 3321 5582 550
3 5551 5552 3352
3 3320 528 5556
3 506 5530 3346
3 5447 457 3398
3 457 5447 3423
3 457 5475 3398
3 5416 3450 5415
3 3450 3451 5415
3 3451 3450 404
3 3450 5416 3449
3 3450 5386 404
3 5386 3450 3449
3 3424 430 5445
3 430 3425 5445
3 430 3424 5416
3 430 5416 5415
3 3425 430 5415
3 480 5472 5499
3 3418 3417 435
3 3417 3418 5452
3 5452 3418 461
3 3418 5451 461
3 5421 3419 435
3 3419 3418 435
3 3419 3420 5450
3 5451 3419 5450
3 3418 3419 5451
3 651 756 777
3 756 4085 777
3 756 3047 4085
3 4131 4154 813
3 812 4130 2975
3 4130 3000 2975
3 5698 670 3173
3 670 5699 3173
3 5724 3118 692
3 2932 845 2960
3 845 4170 2960
3 4170 845 2931
3 845 867 2931
3 867 845 2932
3 4065 4066 3067
3 760 4066 4065
3 4139 800 2990
3 3014 800 4116
3 2965 4139 2990
3 2963 820 2964
3 820 2965 2964
3 2965 820 4139
3 5736 682 3131
3 5735 5736 3131
3 700 5736 5735
3 616 3238 5634
3 3238 616 5635
3 2960 2959 824
3 4170 2959 2960
3 3901 411 5425
3 5394 411 3901
3 411 5394 3910
3 412 5394 3901
3 5335 361 3920
3 3912 361 3921
3 361 5335 3921
3 390 3902 5400
3 3903 389 388
3 5399 3903 388
3 3903 5399 5400
3 3902 3903 5400
3 3903 3902 389
3 417 3904 5398
3 417 5399 3904
3 3896 417 5398
3 5399 417 3895
3 3895 417 443
3 417 3896 443
3 4995 5 4010
3 4995 4009 5
3 4009 4995 42
3 4995 4010 41
3 4008 4997 7
3 4008 4996 43
3 4008 44 4997
3 4008 7 4017
3 4008 43 5035
3 44 4008 5035
3 4008 4017 6
3 4996 4008 6
3 235 3606 3637
3 3638 235 3672
3 3606 235 5232
3 235 3638 5232
3 3640 3609 3608
3 5153 159 3710
3 5153 3709 160
3 3709 5153 3710
3 3709 5192 3708
3 5192 198 3708
3 3673 5192 3674
3 198 5192 3673
3 3707 5155 162
3 3708 3707 162
3 199 3707 3708
3 3707 199 5193
3 5189 3974 3975
3 3983 5113 119
3 5113 3983 3982
3 5112 3983 119
3 3974 158 3975
3 158 3974 5152
3 3982 158 5152
3 157 3976 3975
3 157 5112 3984
3 5112 157 3983
3 3675 5190 3965
3 3974 5190 3710
3 5191 3709 3710
3 5191 3675 3674
3 299 3938 5301
3 331 3938 298
3 3938 331 5301
3 3991 5073 119
3 5073 3991 120
3 5113 3991 119
3 3991 5113 120
3 5036 82 83
3 4166 2936 864
3 2936 4166 2964
3 4166 2963 2964
3 2940 2910 861
3 2940 860 2910
3 2967 2938 2966
3 2967 4163 2938
3 4115 800 3015
3 800 4115 2990
3 4333 2759 984
3 4307 963 2785
3 4338 988 4337
3 2902 890 4197
3 867 2902 4197
3 4196 2902 866
3 2902 867 866
3 889 4224 2903
3 4224 4196 2903
3 4224 2902 4196
3 2902 4224 890
3 4167 2963 2935
3 4167 2935 865
3 2934 4167 865
3 4167 2934 843
3 4167 821 2963
3 3108 5733 698
3 4027 3108 698
3 3132 5734 5735
3 5734 3107 5735
3 2878 910 4247
3 2758 2757 4305
3 2848 2818 4247
3 910 2848 4247
3 2819 2820 935
3 2820 2819 2849
3 2848 2819 2818
3 2908 4219 886
3 2817 2818 4277
3 4189 860 2911
3 860 4189 2910
3 4189 4217 2910
3 860 4188 2911
3 2879 4216 909
3 4216 2879 2878
3 2879 910 2878
3 2910 884 4190
3 4217 884 2910
3 884 2909 4190
3 837 2942 859
3 4188 837 859
3 797 837 4161
3 4086 3046 3020
3 3045 4086 3020
3 4040 4063 3069
3 3069 4063 4064
3 4087 4111 3019
3 4087 3045 3020
3 4111 4087 3020
3 4087 4063 3045
3 3043 760 4065
3 3043 4088 4089
3 760 3043 4089
3 1148 4564 2494
3 4564 1148 1173
3 4564 4833 2494
3 4564 2403 1419
3 4833 4564 1419
3 4532 2524 2494
3 2523 4532 2494
3 1220 2405 2377
3 1240 2350 2349
3 1213 2386 2385
3 1238 2351 2381
3 2657 4433 2656
3 2655 4433 4434
3 4433 2655 2656
3 4403 2686 4370
3 1058 4456 2634
3 1111 2570 4488
3 1076 3081 4446
3 3083 4445 3082
3 4445 1050 3082
3 1050 4445 3083
3 4415 3083 4385
3 4415 1050 3083
3 2348 2376 4669
3 2348 2375 2376
3 1222 1199 1221
3 2376 1222 1221
3 2375 1222 2376
3 2295 4694 2320
3 4669 4718 2320
3 4718 2295 2320
3 4718 4669 1302
3 1335 2248 1302
3 2227 2248 1335
3 4718 4719 2295
3 4457 1059 2634
3 4358 1006 2732
3 2765 4298 4297
3 4298 2795 4297
3 906 4241 2853
3 905 4241 2884
3 4241 906 2884
3 2703 2702 4355
3 2759 4303 984
3 3073 1199 3074
3 1199 3073 4593
3 1124 3078 4534
3 3078 1149 4534
3 1149 3076 4534
3 1149 4565 3076
3 4593 4565 3077
3 4565 1149 3077
3 4534 1174 3074
3 1174 3073 3074
3 3073 1174 4593
3 2641 1053 4449
3 2642 1052 4448
3 2642 2611 4449
3 2611 2642 4448
3 4626 1204 2397
3 4447 1051 3086
3 4447 2643 1051
3 1077 4447 2613
3 4447 2583 2613
3 2583 4447 1101
3 2643 2612 4448
3 4447 2612 2643
3 2612 4447 1077
3 2581 2580 4479
3 4478 2612 1077
3 2581 4478 2582
3 2478 2447 4580
3 1161 2478 4580
3 2478 1161 2509
3 2511 2510 1134
3 2510 2511 4548
3 4607 4579 1186
3 2259 2236 4753
3 2481 1158 2450
3 4573 1182 4574
3 1182 4603 4575
3 4484 2575 1108
3 2483 2453 4575
3 1182 2453 4574
3 2453 1182 4575
3 2453 2483 4544
3 2453 2484 4574
3 2579 2580 1104
3 2579 1104 2547
3 1105 2579 2547
3 2580 2579 4479
3 2151 4802 2152
3 4815 4823 1387
3 4815 1386 4823
3 1372 2151 4814
3 4802 1372 2166
3 1372 4802 2151
3 4832 1418 2120
3 1407 4828 2142
3 2141 4828 4829
3 2152 1384 4813
3 1384 4822 4813
3 2160 4794 1364
3 2160 1365 4794
3 2176 2191 1364
3 4794 2176 1364
3 2191 4778 1335
3 2209 4778 2191
3 1335 4778 2226
3 4778 2209 2226
3 2209 1336 2226
3 1336 2209 2191
3 1287 2313 4700
3 4762 2227 2226
3 1321 4762 2226
3 4762 4761 2227
3 4761 4762 1321
3 2223 2205 2222
3 2223 1338 2205
3 1306 2267 4744
3 1305 4721 2269
3 4721 1305 2291
3 2246 2245 4744
3 2245 2246 1321
3 2246 4761 1321
3 4742 2248 2247
3 4827 1407 2142
3 1407 4827 2131
3 1417 2122 2114
3 4784 2185 2202
3 4784 2202 1341
3 1313 4754 2257
3 4756 2232 2255
3 2202 4785 1341
3 2201 4786 1342
3 2200 4786 1356
3 4786 2200 1342
3 2168 1370 4801
3 881 2882 4214
3 2883 2882 2914
3 2882 881 2914
3 906 4242 2883
3 4242 906 2853
3 4242 2882 2883
3 4242 2853 2823
3 2852 4242 2823
3 2850 2821 2820
3 5459 3890 469
3 442 3890 5459
3 441 442 3897
3 441 3890 442
3 5429 5459 443
3 5429 442 5459
3 3896 5429 443
3 416 5429 3896
3 5429 416 3897
3 442 5429 3897
3 5458 3886 3885
3 5458 3885 469
3 3890 5458 469
3 5458 441 3891
3 441 5458 3890
3 416 415 3897
3 440 3898 414
3 441 440 3891
3 440 441 3898
3 5485 490 3888
3 3882 515 5540
3 3882 3883 515
3 5541 3882 5540
3 492 3882 5541
3 438 3901 5425
3 438 412 3901
3 465 5485 3888
3 3930 5300 330
3 3930 5335 5300
3 5335 3930 3921
3 3521 3911 3520
3 5337 3521 3520
3 2858 4236 926
3 2858 4266 927
3 874 4178 2923
3 4178 874 2922
3 874 4206 2922
3 4178 2951 2923
3 2951 2952 2923
3 877 2920 2890
3 4236 900 2890
3 2858 900 4236
3 795 4133 2996
3 4133 795 2997
3 873 4204 2894
3 4204 896 2894
3 2895 4204 873
3 4204 2895 896
3 2770 975 2769
3 946 2774 4288
3 2774 947 4288
3 947 2774 2773
3 4213 2885 880
3 2886 4213 880
3 4213 2886 903
3 2885 4213 904
3 4240 4213 903
3 4213 4240 904
3 4185 880 2915
3 4185 2916 880
3 4185 2944 2916
3 2825 954 930
3 4324 1002 2736
3 977 4324 2736
3 4324 2768 4323
3 2768 4324 977
3 4295 952 2767
3 2828 2858 926
3 2858 2828 4266
3 4294 2768 2767
3 952 4294 2767
3 4266 2827 927
3 4879 4893 1952
3 1982 4879 1952
3 4879 1982 1983
3 1920 4893 1921
3 4893 1920 4894
3 1920 1919 4894
3 1919 1920 1644
3 1922 4910 1921
3 4927 4910 1643
3 4910 1922 1643
3 4910 1920 1921
3 1644 4910 1887
3 1920 4910 1644
3 1677 1884 1885
3 1677 4930 1884
3 4895 4912 4896
3 4895 4880 4894
3 1919 4895 4894
3 4912 4911 1885
3 4911 1919 1644
3 4911 4895 1919
3 4895 4911 4912
3 4956 1792 4957
3 1823 4956 4957
3 1792 4956 4968
3 4956 1823 1824
3 1794 4966 4967
3 4966 1775 4967
3 4966 4965 1775
3 4954 4966 1794
3 1886 1644 1887
3 1886 4911 1644
3 1886 4942 1854
3 1799 4949 4962
3 4949 1799 4950
3 1799 4962 4963
3 1798 1799 4963
3 1799 1798 4950
3 1982 4870 4869
3 1555 4870 4880
3 4880 4870 1952
3 4870 1982 1952
3 2001 4870 2000
3 4870 2001 4869
3 2025 2001 4861
3 2025 2046 4860
3 2046 2025 4861
3 2002 2025 4860
3 2025 2002 2001
3 4868 1982 4869
3 2002 4868 4869
3 1982 4868 1983
3 4868 2003 1983
3 4868 2002 2003
3 4952 1796 4953
3 1796 4952 1797
3 4938 4939 1857
3 4939 4938 1828
3 4939 1856 1857
3 4939 4940 1856
3 1827 4952 4940
3 4939 1827 4940
3 1827 4939 1828
3 1697 1666 1865
3 1836 1697 1865
3 1666 1697 1835
3 1835 1697 1726
3 1697 1836 1726
3 1579 1959 1550
3 1572 1965 1544
3 1965 1572 1573
3 1574 1965 1573
3 1605 1637 1929
3 1605 1930 1637
3 1576 1605 1929
3 1604 1931 1636
3 1930 1604 1636
3 1931 1604 1603
3 1604 1574 1603
3 1605 1604 1930
3 1932 1602 1634
3 1573 1932 1603
3 1602 1932 1573
3 1900 1635 1634
3 1635 1932 1634
3 1635 1900 1666
3 1635 1931 1603
3 1932 1635 1603
3 1931 1635 1636
3 1635 1666 1667
3 1961 1962 1576
3 1577 1961 1576
3 1546 1990 1519
3 1443 2103 1442
3 1458 1443 1442
3 2163 1374 2193
3 1361 2163 2193
3 1374 2163 4805
3 2178 1360 4791
3 2163 1360 4805
3 1524 1523 1550
3 1500 1523 1501
3 1523 1524 1501
3 1523 1579 1550
3 1579 1523 1549
3 2033 1499 2054
3 1499 2053 2054
3 4855 2052 2053
3 2052 4855 1500
3 4855 2032 1500
3 1499 4855 2053
3 4855 1499 2032
3 1524 1988 2008
3 1988 1525 2008
3 1988 1524 1550
3 1503 1527 4864
3 1503 4849 1479
3 1899 4922 1636
3 1899 1635 1667
3 1635 1899 1636
3 4922 1899 1668
3 4922 1898 1637
3 1898 4922 1668
3 1864 1699 1668
3 1864 1899 1667
3 1899 1864 1668
3 1835 1864 1667
3 1701 1670 1863
3 1639 4906 1638
3 1606 1576 1929
3 1606 1577 1576
3 1638 1606 1929
3 1806 1698 1835
3 1698 1864 1835
3 1727 1728 1805
3 1727 1806 1726
3 1728 1727 1726
3 1802 1703 1832
3 1831 1703 1802
3 1703 1861 1832
3 1703 1831 1861
3 1830 1704 1801
3 1704 1831 1801
3 1672 1704 1830
3 1831 1704 1861
3 1704 1672 1861
3 1833 1700 1804
3 1701 1833 1804
3 1833 1863 1700
3 1833 1701 1863
3 1479 2073 1478
3 2073 1461 2089
3 1461 1462 2088
3 2087 1462 4846
3 2073 1462 1461
3 2088 1462 1446
3 1462 2087 1446
3 1462 1479 4846
3 1462 2073 1479
3 2099 4842 2086
3 4843 2099 2086
3 4840 2099 4841
3 2099 4843 4841
3 4840 4836 4839
3 4833 4836 2119
3 4839 4836 4833
3 4836 2112 2119
3 2112 4836 4837
3 4836 4840 4837
3 2100 4839 1446
3 2087 2100 1446
3 2100 2087 4842
3 2099 2100 4842
3 2100 4840 4839
3 2100 2099 4840
3 4909 4926 1643
3 4926 1889 1643
3 1890 4926 4909
3 4926 1890 1857
3 1856 4926 1857
3 1889 4926 1856
3 1891 4924 1858
3 1859 4924 1892
3 4924 1859 1858
3 4924 4907 1892
3 4925 1858 1857
3 4925 1891 1858
3 1890 4925 1857
3 4925 1890 4909
3 4908 4924 1891
3 4925 4908 1891
3 1955 4890 4891
3 1705 1674 1829
3 1674 1860 1829
3 1859 1674 1705
3 1675 1674 1859
3 1860 1674 1893
3 1674 1642 1893
3 1642 1674 1675
3 4907 4888 1611
3 1612 4888 4907
3 4888 1612 1957
3 1860 1673 1830
3 1673 1672 1830
3 1673 1860 1893
3 1641 1673 1893
3 1672 1673 1641
3 1672 1894 1671
3 1894 1672 1640
3 1928 1894 1640
3 1723 1778 1809
3 1723 4960 1778
3 1723 1722 4960
3 1723 1809 4948
3 1722 1723 4948
3 1778 1751 1760
3 4960 1751 1778
3 1760 1751 1755
3 1751 1761 1755
3 1751 4960 1779
3 1750 1751 1779
3 1751 1750 1761
3 1841 1722 4948
3 1809 1840 4948
3 1808 1840 1809
3 1840 1841 4948
3 1840 1808 1839
3 1693 1840 1839
3 1871 1690 1870
3 1871 1657 1872
3 1844 1845 1814
3 1845 1717 1814
3 1717 1845 1815
3 1846 1845 1686
3 1718 1844 1814
3 1783 1718 1814
3 1718 1783 1747
3 1847 1683 1817
3 1902 1867 1695
3 1402 1403 1391
3 1422 2128 1421
3 4897 1918 1613
3 4897 1950 4896
3 4913 4897 4896
3 1918 4897 4913
3 1951 1555 4880
3 1555 1951 1950
3 1950 1951 4896
3 1951 4895 4896
3 4895 1951 4880
3 2111 1409 4834
3 1409 2111 1421
3 2112 2111 4834
3 1447 2111 4837
3 2111 2112 4837
3 1463 2068 2067
3 2068 1463 1447
3 2068 4837 1482
3 2068 1447 4837
3 1812 1719 1782
3 1720 1812 1782
3 1812 1843 1719
3 1781 1811 1782
3 1811 1720 1782
3 1811 1781 1721
3 1690 1811 1721
3 1842 1812 1720
3 1842 1811 1690
3 1811 1842 1720
3 1812 1842 1843
3 3822 34 33
3 3822 3821 34
3 5025 70 5063
3 3821 70 5025
3 3822 70 3821
3 69 70 5023
3 3786 71 5063
3 71 3786 5064
3 3786 109 5064
3 109 3786 5101
3 3755 5098 5097
3 5099 107 5061
3 70 3787 5063
3 277 3595 3596
3 5278 277 3566
3 277 5278 3595
3 5244 3595 3624
3 5244 246 3596
3 3595 5244 3596
3 3688 3687 179
3 3687 3688 215
3 5212 3652 5213
3 3653 3652 5212
3 3651 3652 3621
3 3652 3651 5213
3 3622 3652 3653
3 5250 3619 3590
3 5249 3619 251
3 3619 5249 3590
3 3619 3649 251
3 3649 3619 5250
3 3649 218 5215
3 5216 218 3649
3 3685 5177 181
3 3684 5177 3685
3 3650 5214 3651
3 217 5214 3650
3 5214 216 3651
3 5214 3685 216
3 5214 217 3685
3 3713 149 5144
3 149 3747 5105
3 110 5104 5066
3 3747 5145 150
3 5145 149 3713
3 149 5145 3747
3 4947 1716 1815
3 1845 4947 1815
3 4947 1845 1846
3 1716 4947 1816
3 4947 1846 1816
3 1786 1714 1818
3 1714 1786 1817
3 1714 1683 1818
3 1683 1714 1817
3 1742 1787 1769
3 1742 1786 1787
3 1768 1742 1769
3 1786 1742 1768
3 1785 1715 1817
3 1847 1715 1816
3 1715 1847 1817
3 4959 1785 1744
3 1784 4959 1744
3 1715 4959 1816
3 4959 1715 1785
3 4959 1716 1816
3 1716 4959 1815
3 4959 1784 1815
3 1787 1741 1769
3 1741 1770 1769
3 1849 1711 1712
3 1378 1377 2148
3 1378 2161 1377
3 2161 1362 2162
3 1349 1362 2192
3 1362 1376 2162
3 1362 1349 1375
3 1376 1362 1375
3 4108 4132 2997
3 795 4108 2997
3 4108 3022 776
3 4108 795 3022
3 4134 796 2996
3 796 4134 2995
3 815 4135 2995
3 4134 815 2995
3 3287 3258 3257
3 3286 3287 3257
3 462 3392 5482
3 3392 487 5482
3 3392 462 5452
3 5451 3394 5480
3 3282 581 5620
3 2738 2739 4352
3 976 2738 4323
3 2707 1026 4352
3 1026 2707 4382
3 4381 2707 1025
3 2707 4381 2674
3 4381 2675 2674
3 4444 1075 2644
3 4413 4444 2644
3 4474 2584 4475
3 1075 2584 2554
3 2584 1075 4475
3 1047 2678 4410
3 1047 4442 2646
3 4442 1074 2646
3 1074 4443 2646
3 2648 1046 4409
3 1046 2648 4441
3 2649 2648 4409
3 4440 2648 2649
3 4441 2648 1072
3 2648 4440 1072
3 1046 2647 4410
3 2647 1046 4441
3 2647 1047 4410
3 1047 2647 4442
3 2647 1073 4442
3 1073 2647 4441
3 2678 2679 4410
3 4377 2679 2678
3 2679 1046 4410
3 2679 4377 2712
3 4351 1000 2740
3 1000 4351 1025
3 1024 4379 2676
3 2002 2026 2003
3 4859 2026 2002
3 2004 4867 2003
3 2027 2004 4858
3 2004 2026 4858
3 2026 2004 2003
3 2004 4866 1984
3 4867 2004 1984
3 2004 2005 4866
3 2005 2004 2027
3 2050 2072 4849
3 2050 4850 2072
3 2050 4849 4856
3 2049 4851 1480
3 4850 2049 1480
3 4851 2049 4858
3 2049 2050 4857
3 2050 2049 4850
3 2049 2027 4858
3 2027 2049 4857
3 2048 4851 4858
3 2048 4859 2047
3 2026 2048 4858
3 2048 2026 4859
3 4851 2070 2071
3 2070 4843 2071
3 4865 4864 1986
3 4865 1985 4866
3 2005 4865 4866
3 3519 3547 334
3 3547 5305 334
3 5306 3546 335
3 3573 5306 335
3 5306 3573 304
3 5306 3547 3546
3 5305 5306 304
3 3547 5306 5305
3 3518 3519 3493
3 3518 3547 3519
3 5369 3518 3493
3 3518 5369 3492
3 3517 3491 364
3 5339 3517 364
3 3464 5402 5403
3 3464 3465 5402
3 3464 393 3465
3 3464 5373 393
3 3193 5679 3165
3 3221 3193 5652
3 3193 3221 5679
3 737 4039 3070
3 4063 737 3070
3 737 4063 4040
3 5704 3166 3167
3 3166 5704 5705
3 3166 653 3167
3 653 3166 5678
3 3166 654 5678
3 3166 5705 3165
3 654 3166 3165
3 5678 628 3195
3 3222 628 5678
3 628 5677 3195
3 5677 628 3223
3 5621 605 3252
3 5621 3222 605
3 5621 3252 3223
3 3194 654 5679
3 654 3194 5678
3 3194 3222 5678
3 606 3251 5622
3 582 3251 606
3 3251 3252 5622
3 3251 5593 3252
3 3251 582 5593
3 5623 582 606
3 3593 279 3592
3 278 5278 3565
3 278 3594 3595
3 5278 278 3595
3 247 3655 3624
3 3595 5245 3624
3 3594 5245 3595
3 5245 247 3624
3 5245 3594 3623
3 247 5245 3623
3 5281 3562 280
3 5279 5280 279
3 5279 278 3565
3 3593 5279 279
3 5279 3593 3594
3 278 5279 3594
3 5308 337 306
3 3544 337 5308
3 337 3544 5340
3 3598 275 5275
3 5274 275 3599
3 274 5274 3599
3 5240 274 3599
3 274 5240 3600
3 309 5312 3566
3 5312 3539 3566
3 3597 276 3596
3 276 3597 5275
3 339 3541 3540
3 3542 3541 339
3 309 5311 3540
3 5311 339 3540
3 444 3414 5431
3 470 3414 444
3 5233 236 3637
3 236 5233 3636
3 5121 130 5081
3 5121 129 3737
3 5122 5121 3737
3 5121 5122 130
3 3772 91 5081
3 130 3772 5081
3 91 3772 92
3 92 3772 5082
3 3772 130 5082
3 90 5081 3808
3 52 53 5004
3 52 5042 53
3 128 5119 3739
3 5119 165 3739
3 203 5196 3668
3 5196 3669 3668
3 126 5118 3776
3 5118 126 125
3 166 5158 3739
3 165 166 3739
3 165 5157 3704
3 163 3742 5155
3 3743 3742 5117
3 3742 3743 5155
3 3603 271 5270
3 271 3603 3604
3 3574 304 5270
3 3574 5305 304
3 303 3574 5270
3 5305 3574 303
3 3663 5203 3697
3 3696 5203 208
3 5203 3696 3697
3 5203 3662 208
3 3662 5203 3663
3 3602 241 3632
3 241 3663 3632
3 241 3662 3663
3 272 5270 5271
3 272 3603 5270
3 3603 272 3602
3 3601 273 5239
3 272 3601 3602
3 273 3601 5271
3 3601 272 5271
3 238 3667 5234
3 238 3666 3667
3 3666 3665 5200
3 3635 238 5234
3 238 3635 3666
3 3635 3665 3666
3 3665 3635 239
3 5235 270 3604
3 3635 5235 239
3 270 5235 5234
3 5235 3635 5234
3 5237 3602 3632
3 5237 3603 3602
3 3603 5236 3604
3 3666 5199 3667
3 5199 204 3667
3 5127 3731 5128
3 171 3698 3697
3 5202 3663 3697
3 3663 5202 3664
3 3698 5202 3697
3 132 3769 5084
3 3770 132 5084
3 132 3770 5123
3 3735 132 5123
3 132 3735 5124
3 3769 132 5124
3 5163 170 3733
3 170 3699 3698
3 3699 170 5163
3 332 299 5301
3 5267 3578 301
3 300 3578 5267
3 3769 5085 5084
3 5085 95 5084
3 4990 3861 3860
3 3862 3861 4990
3 3861 24 3860
3 24 3861 3834
3 3863 3862 4990
3 3838 20 5008
3 20 3838 5009
3 20 3839 5008
3 3839 20 4988
3 3863 21 5010
3 21 3863 4990
3 26 3858 5015
3 26 3857 3858
3 26 5016 3857
3 3696 5166 3697
3 28 3855 3856
3 3855 29 3854
3 29 3853 3854
3 29 3827 3853
3 3853 5020 30
3 3827 5020 3853
3 5020 3826 30
3 3826 5020 67
3 5091 100 3762
3 5132 3727 175
3 3795 5092 5093
3 5092 3795 101
3 3726 5132 175
3 3529 376 3500
3 376 3529 5354
3 5254 3586 3585
3 5285 3559 316
3 3559 5285 283
3 5444 3425 429
3 3426 5444 429
3 5444 3426 455
3 3400 5444 455
3 5444 3400 5445
3 3425 5444 5445
3 3239 592 5604
3 3238 592 5634
3 592 3239 5634
3 5605 592 3238
3 3237 3238 5635
3 3402 5472 5443
3 454 3402 5443
3 5528 3348 5529
3 3348 5528 5555
3 527 3348 5555
3 3348 5556 5529
3 3348 527 5556
3 505 3373 5529
3 5528 3349 5555
3 5554 3349 3350
3 288 3553 5291
3 3554 319 5324
3 5325 321 3553
3 3527 5325 5324
3 5106 3676 290
3 3496 5358 3497
3 3497 5358 379
3 5358 3496 352
3 3525 5358 352
3 378 3498 5357
3 3498 378 3472
3 3498 379 5357
3 379 3498 3472
3 3474 377 3500
3 3499 377 3474
3 350 5356 3527
3 5356 378 3527
3 5356 3499 378
3 5356 377 3499
3 5272 305 3571
3 5272 273 5271
3 5272 3572 305
3 3573 3572 5271
3 3572 5272 5271
3 305 336 5308
3 336 3544 5308
3 336 5339 364
3 336 364 5340
3 3544 336 5340
3 244 5241 3598
3 275 5241 3599
3 5241 275 3598
3 3656 3657 246
3 5205 3660 210
3 5205 3694 3695
3 3694 173 3695
3 173 3694 5168
3 3694 5205 210
3 3693 3694 210
3 3662 5204 208
3 5204 3696 208
3 3696 5204 3695
3 3987 5148 3986
3 5148 154 3986
3 5148 3987 153
3 154 5148 3978
3 116 5110 3994
3 5110 116 3995
3 115 5110 3995
3 5110 115 3986
3 3 4021 4993
3 4012 3 4993
3 4021 3 4973
3 4973 3 4020
3 3 4011 4020
3 3 4012 4011
3 4012 40 4011
3 4011 40 41
3 40 4012 39
3 40 4003 5032
3 4003 40 39
3 3871 15 4983
3 15 3871 14
3 3871 3872 14
3 4982 3871 4983
3 3872 3871 4982
3 5002 3846 50
3 3846 5002 13
3 5044 3807 92
3 3807 91 92
3 3807 5043 91
3 3807 5044 54
3 5043 3807 54
3 3869 16 3843
3 17 3869 3843
3 16 3869 4984
3 4984 3869 4985
3 3869 17 4985
3 5045 3805 56
3 3806 5045 55
3 3805 93 5083
3 3771 93 5082
3 93 3771 5083
3 5045 93 3805
3 93 3806 5082
3 93 5045 3806
3 5007 3839 19
3 3840 5007 19
3 3839 5007 56
3 5007 5045 56
3 5007 3840 55
3 5045 5007 55
3 5116 3744 162
3 3743 5116 162
3 3778 124 5117
3 124 3743 5117
3 124 5116 3743
3 124 3778 5076
3 161 5154 3744
3 3709 161 160
3 161 3709 3708
3 5154 161 3708
3 4980 3874 4981
3 3874 12 4981
3 12 3874 4980
3 5078 86 3777
3 5078 126 3776
3 125 5078 3777
3 126 5078 125
3 5077 3813 85
3 86 3813 5077
3 3850 10 9
3 3850 4999 10
3 4999 3850 46
3 4998 3850 9
3 46 3850 4998
3 5037 46 3816
3 83 5037 3816
3 85 3814 5076
3 3814 84 5076
3 3815 4999 46
3 5037 3815 46
3 3815 5037 83
3 5573 3303 565
3 3304 3303 5572
3 3332 541 3331
3 541 3332 5572
3 3303 541 5572
3 541 5573 3331
3 541 3303 5573
3 3332 3333 540
3 5576 3328 544
3 3328 5576 3327
3 5574 3302 3301
3 543 5574 3301
3 3330 5574 543
3 5550 523 3353
3 5550 522 3327
3 5550 3327 3326
3 523 5550 3326
3 5498 3378 501
3 453 5441 5470
3 3480 400 5381
3 400 3455 5381
3 401 3479 5381
3 3455 401 5381
3 3479 401 5382
3 401 3453 5382
3 344 5317 313
3 3480 5350 3506
3 5350 3480 3505
3 3533 3505 373
3 3533 5350 3505
3 5350 3533 345
3 3306 3307 562
3 3309 537 5460
3 3158 3187 3159
3 660 3187 3158
3 5686 3187 660
3 3187 5686 3214
3 5657 3187 3214
3 3133 5734 3132
3 5733 3133 3134
3 5734 3133 5733
3 607 5624 3249
3 5658 5629 611
3 5658 3214 635
3 5658 611 3214
3 3275 3304 563
3 3275 5598 5599
3 3275 563 5598
3 3438 419 3439
3 419 3438 5403
3 3551 322 290
3 5292 3551 290
3 3552 289 5291
3 3552 5292 289
3 321 3552 5291
3 3552 3551 5292
3 3552 5326 352
3 3552 321 5326
3 5327 353 322
3 353 5327 3524
3 3551 5327 322
3 3524 5327 352
3 5327 3552 352
3 3552 5327 3551
3 5392 3443 3468
3 3443 5392 409
3 3494 5392 3468
3 3469 5392 3494
3 381 3469 3494
3 381 5361 5360
3 5361 381 3494
3 3495 381 5360
3 3469 381 3495
3 3470 5390 408
3 3496 3470 380
3 3470 3495 380
3 3470 3469 3495
3 5390 3470 3471
3 3470 3496 3471
3 3285 3256 579
3 3311 558 3310
3 581 3283 3254
3 3283 581 3282
3 3283 5592 558
3 5592 3283 3282
3 5448 3396 459
3 5477 3396 5448
3 5477 3397 483
3 3232 597 3233
3 5640 3232 3233
3 621 5640 3202
3 5670 621 3202
3 621 5670 3201
3 621 3232 5640
3 5699 5671 3173
3 5672 646 3172
3 3322 3321 5555
3 3322 5582 3321
3 3351 5525 3352
3 3351 502 5525
3 5601 589 3272
3 589 3242 3272
3 589 5601 3273
3 3243 589 3273
3 3241 5602 3272
3 3242 3241 3272
3 5630 589 3243
3 589 5630 3242
3 3327 5577 3326
3 3298 5577 3299
3 568 3298 3299
3 591 3239 5604
3 591 5603 3240
3 591 5633 3239
3 3239 5633 5634
3 5633 616 5634
3 3300 5576 544
3 5576 3300 3299
3 5556 3347 5529
3 3347 505 5529
3 505 3347 5530
3 528 3347 5556
3 5530 3347 528
3 457 5446 5475
3 5446 3424 456
3 5446 457 3423
3 431 5446 3423
3 3424 5446 431
3 5503 505 5530
3 5503 483 3398
3 3376 503 5500
3 3376 480 5499
3 480 3376 5500
3 504 3349 5528
3 504 5528 5529
3 3373 504 5529
3 5473 480 5500
3 5473 3400 455
3 3420 434 5420
3 3419 434 3420
3 434 5421 5420
3 434 3419 5421
3 4106 4130 793
3 3000 4106 4105
3 4130 4106 3000
3 3023 4108 776
3 2999 4131 793
3 4131 2999 812
3 4130 2999 793
3 2999 4130 812
3 4132 2998 813
3 2998 4131 813
3 4155 2973 2948
3 2973 4155 813
3 4154 2973 813
3 2974 4131 812
3 2974 4154 4131
3 2949 2974 831
3 2974 2949 4154
3 792 3000 4105
3 4104 792 4105
3 792 4104 3001
3 3000 811 2975
3 810 811 3001
3 4106 3025 4105
3 3025 4106 774
3 4058 3050 753
3 3050 4058 4081
3 3118 5749 692
3 3145 3146 5724
3 3145 5724 692
3 3145 670 5698
3 3146 3145 5698
3 670 3145 5699
3 5748 5749 3118
3 3006 4100 4099
3 4103 4104 3027
3 772 4103 3027
3 4103 772 3028
3 4102 4103 3028
3 5759 751 4056
3 751 5759 731
3 4096 785 4097
3 2960 823 4169
3 3042 760 4089
3 3042 4066 760
3 3065 3066 4067
3 740 3066 721
3 4091 762 4067
3 3065 762 4068
3 762 3065 4067
3 781 4091 3015
3 800 781 3015
3 781 800 3014
3 4092 781 3014
3 781 4092 4091
3 4138 819 2990
3 819 2965 2990
3 2965 819 2937
3 4164 819 2966
3 819 4164 2937
3 841 2965 2937
3 863 841 2937
3 2936 841 863
3 4165 2936 2964
3 2965 4165 2964
3 4165 841 2936
3 841 4165 2965
3 4140 820 2963
3 821 4140 2963
3 801 4140 2988
3 2989 801 4116
3 800 2989 4116
3 2989 800 4139
3 820 2989 4139
3 4140 2989 820
3 2989 4140 801
3 3105 5736 700
3 616 3207 5635
3 4100 3031 4099
3 3031 4100 770
3 3122 5745 689
3 748 3096 728
3 5146 3981 152
3 3981 5146 151
3 5184 3981 151
3 3980 3981 189
3 3981 3980 152
3 3884 490 5485
3 5539 3884 3881
3 413 3899 5396
3 5368 3902 390
3 5368 390 3911
3 5368 3912 389
3 3902 5368 389
3 5368 361 3912
3 3920 5368 3911
3 361 5368 3920
3 267 5267 3608
3 3609 267 3608
3 232 3640 3674
3 3675 232 3674
3 232 3675 3641
3 233 3673 3674
3 3640 233 3674
3 233 3639 3673
3 233 5231 3639
3 5231 233 3608
3 233 3640 3608
3 5153 3746 159
3 5113 3746 120
3 159 3746 5152
3 3746 3982 5152
3 3746 5113 3982
3 195 5189 3965
3 5189 195 3974
3 5190 195 3965
3 195 5190 3974
3 3976 194 3975
3 194 5189 3975
3 5072 3992 119
3 3992 5112 119
3 5151 157 3975
3 157 5151 3983
3 158 5151 3975
3 3983 5151 3982
3 5151 158 3982
3 5190 196 3710
3 196 5190 3675
3 196 5191 3710
3 5191 196 3675
3 197 5191 3674
3 5191 197 3709
3 5192 197 3674
3 197 5192 3709
3 3938 5265 298
3 5265 3938 265
3 5265 3939 298
3 5265 264 3939
3 5265 3948 264
3 3948 5265 265
3 3947 3948 265
3 5115 161 3744
3 5114 3746 5153
3 5114 122 3781
3 122 5075 3781
3 82 5075 83
3 5075 82 3781
3 5075 3815 83
3 3815 5075 84
3 82 5074 3781
3 44 3817 5036
3 3817 82 5036
3 3817 44 5035
3 3817 5035 81
3 5074 3817 81
3 3817 5074 82
3 5071 78 3994
3 4002 77 3994
3 78 4002 3994
3 77 4002 5032
3 4002 40 5032
3 40 4002 41
3 4001 5071 3993
3 5071 4001 78
3 2935 842 864
3 842 4166 864
3 2963 842 2935
3 4166 842 2963
3 838 2968 4161
3 838 2940 2968
3 2940 838 860
3 2940 4162 2968
3 4162 2940 861
3 799 4138 2990
3 4115 799 2990
3 4088 3018 4089
3 2724 4336 4335
3 1012 2724 4365
3 4336 1012 2723
3 1012 4336 2724
3 4398 2691 4365
3 2691 1012 4365
3 4223 2904 888
3 4223 889 2904
3 4223 4224 889
3 963 2754 4308
3 2754 988 4338
3 4307 2754 963
3 988 2754 4307
3 2754 989 4308
3 989 2754 4338
3 988 2755 4337
3 2755 988 4307
3 4336 2755 987
3 2755 962 987
3 962 2755 4307
3 2755 2723 4337
3 2755 4336 2723
3 2784 963 4308
3 963 2784 2785
3 2784 4278 2785
3 2815 2814 4250
3 2901 868 2931
3 4198 868 2901
3 2813 2814 940
3 915 2842 4253
3 2720 4339 4368
3 2687 4403 4370
3 2719 2687 4370
3 4340 2720 1015
3 2719 4340 1015
3 2837 2807 4258
3 4436 1068 2621
3 4376 2679 2712
3 1045 2649 4409
3 4043 720 3067
3 720 4043 740
3 4066 4043 3067
3 4043 3066 740
3 3066 4043 4066
3 720 4030 3106
3 4030 720 740
3 4030 740 721
3 3105 4030 721
3 4030 700 3106
3 4030 3105 700
3 4029 720 3106
3 700 4029 3106
3 4029 700 5735
3 3107 4029 5735
3 3068 738 4064
3 3068 4041 738
3 4065 3068 4064
3 719 4029 3107
3 4041 719 738
3 5734 699 3107
3 699 719 3107
3 3108 699 5733
3 699 5734 5733
3 2882 2881 4214
3 4245 2849 909
3 4245 2820 2849
3 4245 2850 2820
3 2788 960 4305
3 2758 960 4304
3 960 2758 4305
3 4275 2819 935
3 2787 4275 2788
3 4334 4335 986
3 2757 4334 986
3 4334 2757 2758
3 2725 4334 2726
3 4335 4334 2725
3 4246 2848 910
3 2879 4246 910
3 2819 4246 2849
3 4246 2819 2848
3 2849 4246 909
3 4246 2879 909
3 4219 2875 886
3 913 2875 4250
3 885 2908 4191
3 885 4219 2908
3 2909 885 4191
3 885 2876 4219
3 883 4189 2911
3 4189 883 4217
3 4188 883 2911
3 883 4188 4216
3 883 4216 2878
3 4217 883 2878
3 2912 4188 859
3 4188 2912 4216
3 2941 4188 860
3 2941 837 4188
3 837 2941 4161
3 2941 838 4161
3 838 2941 860
3 4160 837 797
3 837 4160 2942
3 4160 797 2943
3 2942 4160 2943
3 4186 858 2914
3 881 4186 2914
3 3046 758 4062
3 4063 758 3045
3 4086 758 3046
3 758 4086 3045
3 4062 758 3070
3 758 4063 3070
3 3044 4087 4088
3 2433 4563 2464
3 4563 1172 2464
3 2524 2525 4531
3 1122 2525 2524
3 2525 1148 4531
3 2526 1122 1121
3 4470 2620 2589
3 2558 4500 2589
3 1122 2558 1121
3 2557 1122 4501
3 2557 2558 1122
3 2558 2557 4500
3 1097 2588 4501
3 2588 2557 4501
3 2557 2588 4500
3 4470 2588 2619
3 2588 1097 2587
3 4499 2558 2589
3 1068 4468 2621
3 2622 4468 1068
3 4620 2377 2403
3 4620 1220 2377
3 4642 2380 2350
3 1240 4642 2350
3 4668 1241 2349
3 4644 1241 4668
3 2408 1217 2380
3 2322 4667 1259
3 2351 4667 2350
3 4667 2351 1259
3 4667 1260 2350
3 1260 4667 1281
3 4667 2322 1281
3 2351 4666 1259
3 4641 1217 2381
3 1217 4641 2380
3 2380 1239 2350
3 1239 2351 2350
3 4641 1239 2380
3 2351 1239 2381
3 1239 4641 2381
3 1214 1213 2385
3 2386 1235 2385
3 1235 2357 2356
3 1067 4435 4434
3 4435 2622 1068
3 2622 4435 4467
3 1039 2657 2656
3 2657 1039 4401
3 1041 2686 4403
3 2686 2718 4370
3 2685 1041 4404
3 1041 2685 2686
3 4484 2605 2606
3 2605 4484 1083
3 2605 4454 2606
3 4454 2605 2636
3 4455 2605 1083
3 2605 4455 2636
3 2571 1111 4488
3 2571 1085 4487
3 2508 4517 1136
3 2540 4517 2539
3 4517 2540 1136
3 1162 2508 2477
3 4550 1136 2509
3 4550 2508 1136
3 1161 4550 2509
3 2508 4550 2477
3 4550 1161 2477
3 1033 2664 4394
3 4425 2665 1059
3 4425 1033 2665
3 1033 4425 2664
3 2694 4363 4362
3 2693 4363 2694
3 4426 4395 2664
3 2538 1111 2539
3 2538 2570 1111
3 1050 3084 4384
3 4415 3084 1050
3 3084 4385 4384
3 3084 4415 4385
3 1282 2295 4695
3 1282 4694 2295
3 2248 4741 1302
3 4741 4742 1303
3 4742 4741 2248
3 2295 2294 4695
3 4719 2294 2295
3 2294 1283 4695
3 2700 4358 2732
3 2699 1031 2698
3 2699 2700 1030
3 2700 2699 4358
3 4358 2699 1006
3 2702 1028 2701
3 1028 2702 4388
3 2640 2671 4418
3 2671 2640 1054
3 2640 4451 1054
3 1029 4357 2701
3 1029 2700 4357
3 4420 2670 1055
3 1029 4420 2669
3 4420 1029 2670
3 4419 2671 1054
3 1028 4419 2670
3 2671 4419 4388
3 4419 1028 4388
3 980 4298 2765
3 2734 2735 4355
3 1004 2734 4355
3 959 2759 4304
3 959 4303 2759
3 957 4302 2791
3 2792 957 2791
3 4302 958 2791
3 932 2792 2791
3 4387 1027 2703
3 1027 2671 4388
3 1027 2702 2703
3 2702 1027 4388
3 1124 4533 3078
3 1149 4533 3077
3 4533 1149 3078
3 4533 4504 3077
3 4533 1124 4504
3 1124 3079 4504
3 3079 1100 4504
3 1100 3079 3080
3 3079 4534 4446
3 3079 1124 4534
3 3076 3075 4534
3 3075 1174 4534
3 4565 3075 3076
3 3075 4565 4593
3 1174 3075 4593
3 2672 1053 4418
3 2672 1027 4387
3 2672 4387 4386
3 2673 2672 4386
3 2671 2672 4418
3 1027 2672 2671
3 2642 4417 1052
3 4417 2673 4416
3 1052 4417 4416
3 4417 2672 2673
3 2672 4417 1053
3 1053 4417 4449
3 4417 2642 4449
3 2396 1204 4626
3 2396 4626 1226
3 1205 2396 4627
3 2396 1205 1204
3 2367 2396 1226
3 1103 4508 2548
3 1103 2580 2581
3 1103 2581 2582
3 1104 1103 2548
3 2580 1103 1104
3 1204 2425 2397
3 2425 1203 2397
3 1203 2425 4600
3 4601 2425 1204
3 2425 4601 4572
3 4509 1104 2548
3 1104 4509 2547
3 4508 1129 2548
3 1129 4509 2548
3 4509 1129 2517
3 2583 4477 2613
3 4477 2583 2582
3 4477 1077 2613
3 4478 4477 2582
3 4477 4478 1077
3 2343 1264 4674
3 1264 2316 4674
3 4623 1202 1201
3 1101 2553 2552
3 4535 2553 3086
3 2553 4447 3086
3 4447 2553 1101
3 4569 4597 2428
3 4597 2429 1201
3 2428 4597 1201
3 2426 1203 4600
3 1203 2426 4599
3 4478 1078 2612
3 1078 2611 4448
3 2612 1078 4448
3 2611 1078 4479
3 1078 2581 4479
3 1078 4478 2581
3 2448 2479 4548
3 4579 2448 1186
3 2479 2448 4579
3 2447 4549 4579
3 4549 2447 2478
3 4549 2478 2509
3 2448 4578 1186
3 4578 2448 4548
3 4514 2511 1134
3 2542 4514 1134
3 4514 2542 1108
3 2511 2512 4547
3 4547 2512 2481
3 2512 4514 1133
3 4514 2512 2511
3 2512 1158 2481
3 2480 4578 4548
3 4578 2480 2449
3 1185 2480 4547
3 2480 1185 2449
3 2510 4515 1134
3 4515 2542 1134
3 2542 4515 2541
3 2416 2446 4580
3 1188 2446 2416
3 2446 1161 4580
3 1161 2446 2477
3 4609 2416 1211
3 4609 1188 2416
3 1187 2416 4580
3 2447 1187 4580
3 4634 2388 1211
3 1229 2364 2363
3 2364 1229 4629
3 1185 4606 2449
3 4606 4578 2449
3 2220 2221 1340
3 2220 4784 1341
3 4784 2220 1340
3 2218 2201 1342
3 2454 4573 4574
3 2484 2454 4574
3 2454 2484 4543
3 4573 2454 1181
3 4602 1182 4573
3 4602 4573 1181
3 4602 1205 2423
3 2574 4485 1083
3 4484 2574 1083
3 2574 4484 1108
3 2575 2543 1108
3 2543 4514 1108
3 4514 2543 1133
3 2513 2512 1133
3 1156 2453 4544
3 2453 1156 2484
3 2484 1156 4543
3 4480 2579 1105
3 4802 1371 2152
3 2130 4832 2120
3 2130 2120 2129
3 2130 1407 2131
3 4832 2130 2131
3 2130 4828 1407
3 4832 2121 1418
3 2121 1417 2113
3 1418 2121 2113
3 2121 4832 2131
3 1408 2129 4829
3 4828 1408 4829
3 1408 2130 2129
3 2130 1408 4828
3 1383 4821 1384
3 1384 4821 4822
3 4807 2159 1379
3 2159 4807 1366
3 4806 2159 1365
3 2160 4806 1365
3 2159 4806 1379
3 4806 2160 1379
3 2207 2189 4780
3 2189 2207 2190
3 2223 2206 1338
3 2189 2206 4780
3 2206 2189 2188
3 1365 4795 2175
3 4795 2159 1366
3 2159 4795 1365
3 2204 1353 2186
3 1353 2204 4782
3 2187 4782 2205
3 2187 1353 4782
3 4783 2204 2186
3 2185 4783 2186
3 2221 4783 1340
3 2204 4783 2221
3 2204 1339 4782
3 2205 1339 2222
3 4782 1339 2205
3 1339 2204 2221
3 1339 4766 2222
3 4766 1339 2221
3 2176 1350 2191
3 1350 2176 2190
3 2207 2208 2190
3 2289 1287 4700
3 4654 2364 2365
3 2290 4698 2291
3 2315 4698 2290
3 4698 2315 4674
3 2316 4698 4674
3 4761 1320 2227
3 2248 1320 2247
3 1320 2248 2227
3 1320 2246 2247
3 2246 1320 4761
3 2292 4721 2291
3 2292 4697 1284
3 2292 4720 4721
3 4720 4719 1303
3 4720 2294 4719
3 2267 2268 4744
3 2268 1305 4744
3 2268 2267 4722
3 2291 2268 4722
3 1305 2268 2291
3 4743 1305 2269
3 1305 4743 4744
3 4743 2246 4744
3 2246 4743 2247
3 4827 1406 2131
3 1406 4826 2132
3 4826 4827 2143
3 4826 1406 4827
3 1395 4827 2142
3 4827 1395 2143
3 4821 1395 2142
3 4830 2122 2132
3 4830 1404 2114
3 2122 4830 2114
3 2203 4784 1340
3 4784 2203 2185
3 4783 2203 1340
3 2203 4783 2185
3 1332 2232 4775
3 4786 2183 1356
3 2183 4786 2201
3 2234 4772 1330
3 4772 2234 4754
3 2200 2217 1342
3 2217 2218 1342
3 1357 2168 4801
3 907 4242 2852
3 4242 907 2882
3 907 2881 2882
3 258 3955 5259
3 5223 258 3954
3 258 5223 3955
3 3946 258 5259
3 258 3946 291
3 291 5294 3937
3 5294 323 3937
3 3946 5294 291
3 5294 3946 5259
3 5394 3909 3910
3 3909 383 3910
3 412 3909 5394
3 468 5458 3891
3 5458 468 3886
3 3886 468 5487
3 440 468 3891
3 441 5428 3898
3 5428 415 3898
3 5428 441 3897
3 415 5428 3897
3 490 5512 3888
3 3884 5512 490
3 3883 5512 5539
3 5512 3884 5539
3 3887 492 5487
3 467 3887 5487
3 5512 491 3888
3 491 5512 3883
3 5426 438 5456
3 3893 5426 5456
3 412 5426 3900
3 438 5426 412
3 3894 465 3888
3 438 3894 5456
3 3899 5427 414
3 5427 440 414
3 3920 5336 3929
3 5336 331 3929
3 4179 2950 2922
3 2950 4178 2922
3 2950 2951 4178
3 2950 831 2975
3 2952 830 4151
3 2951 830 2952
3 2950 830 2951
3 4207 876 2921
3 876 4208 2890
3 2920 876 2890
3 2947 2919 855
3 2919 877 855
3 2948 4181 2947
3 4181 2919 2947
3 4181 2920 877
3 2919 4181 877
3 4209 877 2890
3 900 4209 2890
3 2918 2946 4182
3 4182 2946 2947
3 833 4155 2947
3 2946 833 2947
3 4156 833 2946
3 922 2864 4260
3 975 4321 2740
3 2770 4321 975
3 950 4293 2800
3 4317 2774 971
3 2745 4317 971
3 4289 947 2773
3 2864 4231 895
3 4231 2895 895
3 4231 922 2863
3 922 4231 2864
3 896 4231 2863
3 2895 4231 896
3 2916 4212 2886
3 879 4212 2916
3 2886 4212 903
3 2944 836 4159
3 836 2944 4185
3 836 4185 2915
3 904 836 2915
3 836 904 2192
3 5620 836 2192
3 4159 836 5620
3 2944 857 2916
3 857 879 2916
3 4184 857 2944
3 879 4184 2917
3 857 4184 879
3 4268 2796 2825
3 2796 954 2825
3 2796 4268 2826
3 4267 2796 2826
3 978 4325 2736
3 978 2736 930
3 954 978 930
3 2737 4324 4323
3 4324 2737 1002
3 2737 4353 1002
3 2738 2737 4323
3 2737 2738 4353
3 4295 2798 952
3 2798 4295 953
3 2828 2798 4266
3 951 4293 2768
3 4294 951 2768
3 4293 951 2800
3 4893 4892 1921
3 4892 1922 1921
3 1922 4892 4891
3 4892 1954 4891
3 4878 1983 1984
3 1888 4910 4927
3 1676 1888 4927
3 1888 1676 1855
3 1853 4931 1883
3 4930 1853 1883
3 1677 1853 4930
3 1852 1853 4945
3 4931 1853 1852
3 1793 4967 4968
3 4956 1793 4968
3 4966 1795 4965
3 4954 1795 4966
3 1707 4954 1794
3 4929 1886 1854
3 4929 1677 1885
3 1677 4929 1854
3 4911 4929 1885
3 1886 4929 4911
3 4942 4928 1855
3 4928 1888 1855
3 4928 1886 1887
3 4928 4942 1886
3 4910 4928 1887
3 1888 4928 4910
3 1826 4952 4953
3 1795 1826 4953
3 1826 1795 4954
3 4871 1555 1981
3 4871 4870 1555
3 4870 4871 2000
3 4871 4862 2000
3 4862 4871 1981
3 1797 4951 4964
3 4951 1798 4964
3 4952 4951 1797
3 1827 4951 4952
3 1798 4951 1828
3 4951 1827 1828
3 1926 1609 1927
3 1580 1579 1927
3 1580 1959 1579
3 1609 1580 1927
3 1965 1545 1544
3 1545 1991 1544
3 1991 1545 1519
3 1545 1546 1519
3 1575 1604 1605
3 1575 1605 1576
3 1604 1575 1574
3 1962 1575 1576
3 2011 1520 2034
3 1520 2011 1519
3 1990 1520 1519
3 1547 1990 1546
3 1548 1961 1549
3 1547 1548 1990
3 1961 1548 1962
3 1548 1547 1962
3 2074 1458 1476
3 1477 2074 1476
3 2074 1477 1478
3 2103 2102 1429
3 1443 2102 2103
3 1444 2102 1443
3 2102 1444 2101
3 4790 1345 2197
3 2213 1346 4775
3 2232 2213 4775
3 4774 2213 2232
3 4773 2234 1330
3 1331 2232 4756
3 1331 4774 2232
3 2210 1348 2193
3 2211 1348 2210
3 1347 2211 4776
3 1525 1526 2007
3 1988 1526 1525
3 1503 2030 1527
3 1502 2030 1479
3 2030 1503 1479
3 4849 2029 4856
3 1503 2029 4849
3 2029 1503 4864
3 4865 2029 4864
3 1669 1898 1668
3 1699 1669 1668
3 1897 1669 1863
3 1669 1699 1700
3 1863 1669 1700
3 1862 1701 1702
3 1862 1670 1701
3 1862 1861 1671
3 1608 1928 1579
3 1928 1608 1639
3 1608 4906 1639
3 1864 1834 1699
3 1698 1834 1864
3 1834 1698 1806
3 1727 1834 1806
3 1699 1834 1805
3 1834 1727 1805
3 1612 1924 4889
3 1924 4908 4889
3 1924 1612 4907
3 4924 1924 4907
3 4908 1924 4924
3 1923 4890 4889
3 4908 1923 4889
3 4890 1923 4909
3 1923 4925 4909
3 1923 4908 4925
3 4876 1956 4890
3 1955 4876 4890
3 1956 4876 4875
3 1954 4877 4891
3 4877 1955 4891
3 4877 4878 1984
3 4878 4877 1954
3 1985 4877 1984
3 1895 1928 1639
3 1895 1894 1928
3 1894 1895 1671
3 1895 1862 1671
3 1862 1895 1670
3 1657 1656 1872
3 1940 1939 1972
3 1939 1940 1593
3 1658 1871 1870
3 1871 1658 1657
3 1692 1840 1693
3 1840 1692 1841
3 4905 1903 1630
3 1936 1596 1935
3 1718 1813 1844
3 1813 1843 1844
3 1843 1813 1719
3 1719 1813 1747
3 1813 1718 1747
3 1687 1874 1686
3 1845 1687 1686
3 1687 1845 1844
3 1843 1687 1844
3 1875 4918 1910
3 1917 1918 1645
3 1918 1917 1613
3 1848 1713 1818
3 1683 1848 1818
3 1875 1654 1876
3 1874 4934 1686
3 4918 4934 1874
3 4934 4918 1875
3 1846 1685 1847
3 1685 4934 1875
3 1685 1846 1686
3 4934 1685 1686
3 4932 1878 1683
3 4932 1877 1652
3 1653 1877 1876
3 1654 1653 1876
3 1653 1654 4915
3 1653 4915 1652
3 1877 1653 1652
3 1902 1599 1630
3 1599 1902 1695
3 2012 1599 1695
3 1571 1599 2012
3 1402 2135 1403
3 2127 1422 1423
3 2126 2127 1423
3 2128 2127 1410
3 1422 2127 2128
3 1411 2139 1410
3 2127 1411 1410
3 1411 2127 2126
3 2139 1411 1398
3 4897 1949 1950
3 1949 4897 1613
3 1434 1435 1421
3 2111 1432 1433
3 1448 1432 1447
3 1432 2111 1447
3 2111 2110 1421
3 2110 2111 1433
3 2110 1434 1421
3 1434 2110 1433
3 2062 1489 1490
3 1995 2018 1972
3 1483 2068 1482
3 2044 1484 2045
3 2068 1484 2067
3 1484 1483 2045
3 1483 1484 2068
3 1484 1485 2067
3 1485 1484 2044
3 1689 1871 1872
3 1871 1689 1690
3 1689 1842 1690
3 70 5024 5023
3 5024 70 3822
3 5024 3823 5023
3 3823 5024 33
3 5024 3822 33
3 69 3789 5061
3 3789 5099 5061
3 5098 3790 5097
3 3790 105 5097
3 5137 143 5097
3 143 3755 5097
3 3755 143 5098
3 3753 5139 145
3 3753 5099 5139
3 5100 3753 145
3 3753 5100 107
3 5099 3753 107
3 5102 5103 3785
3 109 5102 3785
3 5102 109 5101
3 3751 5102 5101
3 5100 5062 107
3 3787 5062 5100
3 107 5062 3788
3 5062 3787 70
3 5062 5061 3788
3 5062 69 5061
3 5062 70 69
3 108 3787 5100
3 108 3752 5101
3 108 5100 3752
3 3787 108 5063
3 3786 108 5101
3 108 3786 5063
3 3625 3656 246
3 3625 5244 3624
3 5244 3625 246
3 3655 3625 3624
3 3625 3655 3656
3 310 5278 3566
3 5278 310 3565
3 5277 309 3566
3 277 5277 3566
3 5277 277 3596
3 276 5277 3596
3 3688 5211 215
3 5211 3688 214
3 5211 3653 215
3 5248 5247 3592
3 5247 3593 3592
3 3593 5247 3622
3 248 3622 3653
3 3683 3684 5215
3 218 3683 5215
3 5216 3683 218
3 5139 3718 145
3 3719 3718 5139
3 3718 3719 181
3 5177 3718 181
3 149 3748 5144
3 3748 148 5144
3 148 3748 5104
3 3748 149 5105
3 5104 3748 5105
3 5104 3783 5066
3 3783 5067 73
3 5066 3783 73
3 1770 1788 1740
3 1741 1788 1770
3 1740 1788 1712
3 1788 1741 1787
3 1849 1850 1711
3 1850 1820 1711
3 4946 1850 1679
3 1820 1850 4946
3 1738 1821 1790
3 1738 1789 1821
3 1789 1738 1772
3 1738 1773 1772
3 1773 1738 1790
3 1770 1771 1772
3 1771 1770 1740
3 1711 1739 1740
3 1739 1771 1740
3 1820 1739 1711
3 1739 1820 1789
3 1739 1789 1772
3 1771 1739 1772
3 1789 1710 1821
3 1820 1710 1789
3 1821 1710 4946
3 1710 1820 4946
3 1362 1363 2192
3 1363 1362 2161
3 1363 1378 2192
3 1378 1363 2161
3 577 3258 3287
3 3258 5615 3257
3 3286 5588 3287
3 554 5588 3315
3 5588 554 3287
3 578 3286 3257
3 3285 578 3256
3 578 3285 3286
3 3256 5617 579
3 5481 5452 461
3 5481 3392 5452
3 3392 5481 487
3 5481 3367 487
3 3394 460 5479
3 460 5451 5450
3 460 3394 5451
3 3420 460 5450
3 460 3420 5449
3 5619 581 3254
3 1001 2738 4352
3 2738 1001 4353
3 1026 1001 4352
3 2739 4322 975
3 4322 2738 976
3 2738 4322 2739
3 975 4322 2769
3 4322 976 2769
3 4353 2706 2705
3 2705 2706 4383
3 1001 2706 4353
3 2706 1001 1026
3 2706 4382 4383
3 2706 1026 4382
3 4381 4380 2675
3 2675 4380 2676
3 4380 1024 2676
3 2830 4263 2800
3 4263 924 2831
3 4236 2859 926
3 2949 853 2921
3 853 2949 831
3 2950 853 831
3 853 2950 4179
3 4206 875 2922
3 875 4179 2922
3 875 853 4179
3 875 4207 2921
3 853 875 2921
3 4444 2645 1075
3 2645 4443 1075
3 2645 4413 1048
3 2645 4444 4413
3 2584 1099 2554
3 1099 2584 4474
3 1047 4411 2678
3 4411 1047 2646
3 2615 1074 4442
3 2615 1073 4474
3 1073 2615 4442
3 2615 4474 4475
3 1074 2615 4475
3 4443 2614 1075
3 1074 2614 4443
3 1075 2614 4475
3 2614 1074 4475
3 4377 1022 2712
3 1022 4347 2712
3 1022 2678 2711
3 1022 4377 2678
3 2678 4378 2711
3 2709 1024 4350
3 2709 4379 1024
3 2048 1481 4851
3 1481 2070 4851
3 4843 4847 4844
3 2070 4847 4843
3 4847 2069 4844
3 3547 5338 3546
3 3518 5338 3547
3 363 3518 3492
3 3491 363 3492
3 3517 363 3491
3 363 5338 3518
3 363 3517 5339
3 5338 363 3546
3 3546 363 335
3 363 5339 335
3 3488 3489 5373
3 5373 5372 393
3 3489 5372 5373
3 393 5372 3465
3 3465 5372 5371
3 5372 3490 5371
3 5372 3489 3490
3 5341 338 3543
3 338 5341 3542
3 3192 5680 3164
3 716 3111 5730
3 4025 3111 716
3 4038 716 3072
3 4038 4025 716
3 4038 3072 757
3 628 5650 3223
3 5650 628 3222
3 5650 5621 3223
3 5621 5650 3222
3 3221 629 5679
3 629 3194 5679
3 3220 606 5652
3 3220 5623 606
3 5623 3250 582
3 5594 3250 583
3 3250 607 583
3 3250 5623 607
3 3250 5594 5593
3 582 3250 5593
3 3655 3654 214
3 247 3654 3655
3 3654 247 3623
3 3654 5211 214
3 248 3654 3623
3 5211 3654 3653
3 3654 248 3653
3 3562 5316 313
3 5281 5316 3562
3 5316 344 313
3 344 5316 3535
3 3539 5345 341
3 5309 337 3543
3 338 5309 3543
3 337 5309 306
3 5273 274 3600
3 5273 3600 273
3 306 5273 3571
3 5273 5272 3571
3 5272 5273 273
3 274 3570 5274
3 5309 3570 306
3 3570 5273 306
3 5273 3570 274
3 5312 340 3539
3 340 309 3540
3 340 5312 309
3 5342 3541 3542
3 3568 276 5275
3 276 3568 5276
3 3414 445 5431
3 445 3439 5431
3 445 3438 3439
3 3438 445 5432
3 53 3809 3808
3 3809 90 3808
3 5042 3809 53
3 90 3773 5081
3 3773 5121 5081
3 5121 3773 129
3 3844 52 5004
3 15 3844 3870
3 16 3844 5004
3 3844 16 3870
3 3811 5041 50
3 3844 51 52
3 50 51 3845
3 5041 51 50
3 89 3809 5042
3 3809 89 90
3 52 89 5042
3 51 89 52
3 3775 5119 128
3 202 5196 3704
3 5196 202 3669
3 5196 3703 3704
3 3703 165 3704
3 3703 166 165
3 3703 5196 203
3 166 3703 5158
3 5158 3703 5197
3 3703 203 5197
3 3741 5118 125
3 3741 125 5117
3 3742 3741 5117
3 5119 3740 165
3 3740 5157 165
3 3741 3740 5118
3 5269 303 5270
3 271 5269 5270
3 270 5269 3604
3 5269 271 3604
3 5269 270 3576
3 241 3631 3662
3 5201 3665 3664
3 3699 5201 3698
3 5236 3634 3604
3 3634 5235 3604
3 5235 3634 239
3 3634 3665 239
3 3665 3634 3664
3 5237 3633 3603
3 3633 5236 3603
3 205 3666 5200
3 205 5199 3666
3 5199 3701 204
3 168 3701 5161
3 3701 168 3702
3 3701 3702 5198
3 204 3701 5198
3 5127 135 3766
3 135 5127 5128
3 5165 171 3697
3 171 5165 3731
3 5166 5165 3697
3 5165 5166 3731
3 171 5164 3698
3 5164 170 3698
3 3548 5337 333
3 3548 332 5337
3 133 3769 5124
3 133 5085 3769
3 3734 133 5124
3 5125 133 3734
3 3767 5125 3733
3 3838 57 5009
3 5046 57 5008
3 57 3838 5008
3 58 3803 5048
3 3803 5085 5048
3 3803 95 5085
3 58 59 5010
3 3835 59 5050
3 61 5051 3799
3 136 5128 5129
3 60 3835 5050
3 60 5051 3834
3 5012 60 3834
3 60 5012 3835
3 23 3861 3862
3 3835 23 3862
3 5012 23 3835
3 3861 23 3834
3 23 5012 3834
3 3865 4989 4988
3 20 3865 4988
3 3865 20 4989
3 21 3837 5010
3 3837 21 5009
3 3837 58 5010
3 58 3837 5009
3 21 3864 5009
3 3864 20 5009
3 20 3864 4989
3 4989 3864 4990
3 3864 21 4990
3 3857 27 3856
3 5016 27 3857
3 3731 3730 5128
3 5166 3730 3731
3 5128 3730 5129
3 137 5130 3762
3 5167 3696 3695
3 173 5167 3695
3 29 5019 3827
3 3828 3855 28
3 3828 29 3855
3 5019 3828 65
3 3828 5019 29
3 102 3795 5093
3 3795 102 5056
3 5089 99 3799
3 5169 3693 175
3 3727 5169 175
3 5131 3727 5132
3 5092 3760 5093
3 5059 5021 67
3 3790 5059 105
3 5021 5059 3825
3 3793 5057 65
3 5136 3722 5137
3 5059 3791 105
3 3791 5059 67
3 3757 5136 142
3 3724 3725 5171
3 177 3724 5171
3 3724 177 5172
3 3690 177 5171
3 177 3690 5172
3 5170 3726 175
3 5288 3556 318
3 3558 5285 316
3 5285 3558 284
3 374 3478 3503
3 3587 5285 284
3 5285 3587 283
3 3586 3587 284
3 3587 3588 283
3 3588 3587 5252
3 5252 3587 5253
3 3587 3586 5253
3 3589 3590 282
3 3589 5250 3590
3 3618 3649 5250
3 3589 3618 5250
3 3618 3589 3588
3 5284 3559 283
3 3588 5284 283
3 5284 3589 282
3 3589 5284 3588
3 3323 3322 5554
3 5605 3268 569
3 3268 3297 569
3 592 3269 5604
3 5605 3269 592
3 3269 5605 569
3 3269 568 5604
3 3298 3269 569
3 568 3269 3298
3 3325 5551 3326
3 3325 5552 5551
3 3377 502 5499
3 3377 5498 5525
3 502 3377 5525
3 3403 3378 5498
3 453 3403 5442
3 3403 453 5470
3 5583 3320 550
3 5610 574 3263
3 3585 286 3584
3 3556 286 3585
3 286 3556 5288
3 5323 350 319
3 349 5323 318
3 288 5290 3553
3 5289 3554 287
3 3554 5289 319
3 5289 3583 3584
3 3583 5289 287
3 286 5289 3584
3 351 3525 5326
3 321 351 5326
3 5325 351 321
3 320 3554 5324
3 5325 320 5324
3 320 5325 3553
3 5290 320 3553
3 3554 320 287
3 320 5290 287
3 3614 255 3645
3 3614 3585 3584
3 3614 5254 3585
3 376 5385 3475
3 3475 5385 404
3 5385 3451 404
3 3478 5383 3503
3 5383 3453 402
3 3453 5383 5382
3 5383 3478 5382
3 5323 3528 350
3 3528 5323 349
3 3528 5356 350
3 5356 3528 377
3 5307 336 305
3 3572 5307 305
3 5307 3573 335
3 5307 3572 3573
3 5206 3693 210
3 3660 5206 210
3 5206 3660 3659
3 3659 3628 244
3 3628 5241 244
3 3628 3660 3629
3 3660 3628 3659
3 3628 3629 3599
3 5241 3628 3599
3 3657 3626 246
3 3627 244 3598
3 3661 3660 5205
3 3661 5204 3662
3 157 5150 3976
3 5150 156 3976
3 5150 157 3984
3 156 5150 3984
3 156 3985 5149
3 5111 3985 3984
3 3985 156 3984
3 5149 3985 3986
3 3985 5110 3986
3 5187 192 3978
3 193 192 3968
3 3977 156 5149
3 3977 192 193
3 156 3977 3976
3 3977 5149 3978
3 192 3977 3978
3 3959 228 3968
3 3980 3979 153
3 190 3979 3980
3 3979 5148 153
3 5148 3979 3978
3 5224 226 225
3 226 5224 3953
3 5185 3980 189
3 5185 190 3980
3 5039 3813 86
3 5000 11 3849
3 11 5000 3848
3 11 12 4980
3 12 11 3848
3 3814 5038 84
3 5038 3815 84
3 3274 5600 565
3 3303 3274 565
3 588 3274 5599
3 3274 588 5600
3 3334 5543 3335
3 5543 5542 3335
3 539 3334 3335
3 3334 539 3305
3 5571 3334 3305
3 5571 3333 3334
3 3333 5571 540
3 3304 5571 3305
3 5571 3304 540
3 3328 5575 544
3 5575 3300 544
3 5575 543 3301
3 3300 5575 3301
3 542 5574 3330
3 5573 542 3331
3 542 3330 3331
3 542 5573 3302
3 5574 542 3302
3 5441 3404 5470
3 372 3480 3506
3 3482 371 3508
3 5545 3333 3332
3 5410 5411 3456
3 5411 400 3456
3 400 5411 3455
3 3512 5344 3540
3 5344 3512 368
3 5344 340 3540
3 340 5344 3539
3 3483 370 3509
3 370 3483 3508
3 3378 5497 501
3 428 3428 5442
3 3428 428 5413
3 3428 453 5442
3 3428 5441 453
3 5411 5412 3455
3 5412 3428 5413
3 3453 5412 5413
3 5350 3534 3506
3 3534 5350 345
3 344 3534 5317
3 3534 314 5317
3 314 3534 345
3 3561 5282 5317
3 314 3561 5317
3 5282 3561 281
3 5351 3532 346
3 3533 5351 346
3 5351 3533 373
3 5569 3307 3306
3 5569 539 3335
3 3307 3278 562
3 3277 3278 5596
3 3278 3277 562
3 560 3308 3309
3 3308 537 3309
3 3308 560 3279
3 471 5488 3387
3 516 3336 3335
3 5542 516 3335
3 516 537 3336
3 516 3388 5460
3 537 516 5460
3 5515 516 5542
3 3387 5515 494
3 5488 5515 3387
3 5515 5488 3388
3 516 5515 3388
3 634 5657 3215
3 634 3187 5657
3 3188 634 3215
3 3187 5685 3159
3 634 5685 3187
3 5685 634 3188
3 610 5656 3215
3 5656 3188 3215
3 5627 5656 610
3 5709 679 3134
3 679 5709 3162
3 3162 5682 3163
3 631 607 5653
3 631 5624 607
3 5681 631 5653
3 5391 5392 3469
3 409 5391 3444
3 5392 5391 409
3 5391 3445 3444
3 3445 5391 408
3 5391 3470 408
3 3470 5391 3469
3 5562 532 3314
3 487 5508 3366
3 3367 5508 487
3 5506 3394 5479
3 508 5532 3344
3 3285 5589 3286
3 5589 556 3314
3 5589 3285 556
3 512 3339 5538
3 3339 534 5538
3 534 3339 5564
3 534 5564 3312
3 5564 3313 3312
3 556 3313 3314
3 3395 5449 459
3 3395 460 5449
3 460 3395 5479
3 3370 484 5504
3 484 5477 5504
3 484 3396 5477
3 483 5476 3398
3 3397 5476 483
3 5476 5447 3398
3 3174 3146 5698
3 5670 3174 5698
3 3174 5670 3202
3 621 5641 3232
3 5641 621 3201
3 5607 3235 5608
3 5669 620 3203
3 620 5669 3202
3 646 3200 5699
3 3200 5671 5699
3 5671 645 3173
3 5670 645 3201
3 645 5641 3201
3 645 5698 3173
3 645 5670 5698
3 3199 5642 646
3 5672 3199 646
3 3199 5672 647
3 3264 572 5608
3 573 5609 3263
3 5609 573 3264
3 526 3322 5555
3 3322 526 5554
3 3349 526 5555
3 526 3349 5554
3 3322 549 5582
3 3323 5553 3324
3 3325 524 5552
3 5553 524 3324
3 524 5553 3351
3 5552 524 3352
3 524 3351 3352
3 5526 5553 3350
3 5553 5526 3351
3 3376 5526 503
3 3351 5526 502
3 502 5526 5499
3 5526 3376 5499
3 5603 590 3240
3 3241 590 5602
3 5576 545 3327
3 545 5577 3327
3 545 5576 3299
3 5577 545 3299
3 3270 591 5604
3 591 3270 5603
3 568 3270 5604
3 3270 568 3299
3 3300 3270 3299
3 590 3271 5602
3 3271 590 5603
3 3399 5446 456
3 5446 3399 5475
3 3372 5530 506
3 3372 5503 5530
3 3372 506 5504
3 483 3372 5504
3 5503 3372 483
3 5502 3373 505
3 5503 5502 505
3 5502 5503 3398
3 504 5527 3349
3 3349 5527 3350
3 503 5527 5500
3 5527 5526 3350
3 5526 5527 503
3 480 3401 5472
3 5473 3401 480
3 3401 5473 455
3 5443 3401 455
3 5472 3401 5443
3 756 5764 3047
3 3145 3144 5699
3 3024 4106 793
3 4106 3024 774
3 5764 4061 3047
3 4108 794 4132
3 794 2998 4132
3 3023 794 4108
3 2998 794 4131
3 2973 832 2948
3 832 2973 4154
3 2949 832 4154
3 831 4153 2975
3 2974 4153 831
3 4153 812 2975
3 4153 2974 812
3 832 4180 2948
3 4180 832 2949
3 4180 2949 2921
3 876 4180 2921
3 4180 876 2920
3 4104 791 3001
3 4103 791 4104
3 4104 773 3027
3 4129 792 3001
3 811 4129 3001
3 792 4129 3000
3 4129 811 3000
3 2925 872 2895
3 872 4202 2896
3 3005 4125 789
3 4125 3005 807
3 2980 4125 807
3 4147 2980 807
3 4082 3050 4081
3 4082 3025 774
3 3025 4082 4081
3 3024 4082 774
3 732 5759 4056
3 752 732 4057
3 5749 3117 692
3 3093 5758 731
3 5748 3093 731
3 2981 4147 807
3 4146 2981 2982
3 2981 4146 4147
3 3005 4124 807
3 4124 2981 807
3 2981 4124 3006
3 772 4079 3028
3 3052 732 4056
3 732 3052 4057
3 4079 3052 4056
3 3052 4079 772
3 4101 3005 789
3 3005 4101 4100
3 4144 2960 824
3 3009 4121 4097
3 785 3009 4097
3 3009 804 4121
3 804 3009 4120
3 3009 785 4120
3 805 3008 4121
3 804 2984 4121
3 2984 805 4121
3 4144 2984 804
3 2984 4144 805
3 844 2961 2933
3 2961 844 4169
3 823 2961 4169
3 4143 823 2960
3 779 3017 4114
3 779 3042 4089
3 3041 4091 4067
3 4092 3040 4091
3 3040 762 4091
3 762 3040 4068
3 4141 4140 821
3 2962 4141 821
3 4140 4141 2988
3 5666 642 3205
3 5666 5694 642
3 617 3237 5635
3 3207 617 5635
3 5665 3207 3179
3 5665 617 3207
3 5736 3130 682
3 4031 3105 721
3 3186 660 3158
3 3186 5686 660
3 5686 3186 635
3 3213 5658 635
3 3186 3213 635
3 3213 3186 5687
3 5658 3213 5629
3 5668 643 5696
3 3176 668 5696
3 643 3176 5696
3 5667 3177 5695
3 3177 5667 642
3 3031 769 4099
3 3057 769 3056
3 4077 3031 770
3 4053 4077 3055
3 4077 4054 3055
3 4077 770 4054
3 3146 691 5724
3 5745 3121 689
3 3121 5721 689
3 5721 3149 689
3 5720 3122 689
3 3149 5720 689
3 3096 5755 728
3 5744 5755 3096
3 3122 5744 5745
3 4098 3034 4097
3 3033 3034 4098
3 826 4146 2957
3 4146 826 4147
3 4147 826 2956
3 2896 4230 895
3 4230 2864 895
3 894 4229 2865
3 4230 894 2865
3 4202 894 2896
3 894 4230 2896
3 2866 2867 4258
3 2866 4228 2867
3 2867 919 4258
3 919 2837 4258
3 2901 4225 891
3 890 4225 2901
3 3963 5223 3954
3 5223 3963 224
3 5224 3963 3954
3 3963 225 224
3 3963 5224 225
3 188 3981 5184
3 3981 188 189
3 188 3972 189
3 3964 5223 224
3 3972 3964 224
3 5223 3964 3955
3 3955 3964 5259
3 3964 5294 5259
3 5294 3964 323
3 3579 300 5267
3 267 3579 5267
3 332 3579 299
3 3579 332 300
3 3640 5230 3609
3 232 5230 3640
3 5230 232 3641
3 3947 5230 3641
3 5230 3947 3609
3 5188 194 3976
3 3977 5188 3976
3 5188 3977 193
3 5112 118 3984
3 3992 118 5112
3 118 5111 3984
3 5111 118 3993
3 3993 118 5072
3 118 3992 5072
3 3745 5115 122
3 5114 3745 122
3 161 3745 160
3 5115 3745 161
3 3745 5153 160
3 3745 5114 5153
3 5115 3780 122
3 3780 5075 122
3 84 3780 5076
3 5075 3780 84
3 5116 123 3744
3 123 5115 3744
3 124 123 5116
3 123 3780 5115
3 5114 121 3746
3 121 5114 3781
3 5074 121 3781
3 4001 5033 78
3 4002 5033 41
3 5033 4002 78
3 5033 4001 42
3 4995 5033 42
3 5033 4995 41
3 79 5034 42
3 4001 79 42
3 79 4000 5034
3 4000 79 5072
3 79 3993 5072
3 79 4001 3993
3 3904 387 5398
3 297 330 3939
3 5264 297 3939
3 297 5299 330
3 263 5264 3949
3 4162 839 2968
3 839 2967 2968
3 2939 839 861
3 839 4162 861
3 4163 839 2939
3 2967 839 4163
3 2968 817 2993
3 2967 817 2968
3 4136 817 2967
3 817 2992 2993
3 2992 817 4136
3 818 4136 2967
3 818 2967 2966
3 778 3018 4088
3 778 4087 3019
3 4087 778 4088
3 4113 3018 2993
3 2992 4113 2993
3 779 4113 3017
3 3018 4113 4089
3 4113 779 4089
3 1011 4335 2725
3 1011 2724 4335
3 2724 1011 4365
3 2723 1013 4337
3 1038 2657 4401
3 4460 2600 1087
3 2691 1037 4399
3 1037 2691 4398
3 1037 2659 4399
3 1013 2690 4367
3 2690 2691 4399
3 1038 2690 4399
3 962 2756 987
3 2756 2757 986
3 4335 2756 986
3 2756 4336 987
3 4336 2756 4335
3 2871 4223 915
3 4223 2871 4224
3 2871 915 4253
3 2873 4221 2874
3 4221 2873 887
3 4251 2873 2874
3 2873 4251 914
3 914 4251 2843
3 4251 2813 2843
3 2813 4251 2814
3 964 2784 4308
3 937 2817 4277
3 4278 937 2785
3 2817 2816 2846
3 937 2816 2817
3 2816 937 4278
3 2900 868 4198
3 2900 4198 891
3 4226 2900 891
3 2900 4226 2868
3 2900 892 4199
3 892 2900 2868
3 893 4201 2898
3 893 4229 4201
3 2866 893 4228
3 893 2866 4229
3 4227 892 2868
3 4227 919 2867
3 919 4227 2868
3 2842 2812 4253
3 2812 2811 4253
3 2811 2812 941
3 2813 4252 2843
3 4252 914 2843
3 2812 4252 2813
3 4252 2812 2842
3 4252 2842 915
3 2721 4339 989
3 1014 2721 4338
3 2721 989 4338
3 2721 1014 4368
3 4339 2721 4368
3 2655 1040 2656
3 1040 2655 4403
3 2687 1040 4403
3 4311 965 2751
3 965 4311 2782
3 4369 2719 1015
3 2719 4369 2687
3 2720 4369 1015
3 990 4340 2751
3 4339 990 2752
3 2720 990 4339
3 4340 990 2720
3 2774 2775 971
3 2775 2774 946
3 2775 2776 970
3 2806 946 4288
3 4287 2807 945
3 4287 2775 946
3 2806 4287 946
3 4287 2806 2807
3 2776 4287 945
3 2775 4287 2776
3 2838 919 2868
3 4286 2776 945
3 2776 4286 2777
3 4286 944 2777
3 4439 4438 2619
3 4438 4439 2650
3 4438 4407 2651
3 4407 4438 2650
3 2681 4376 4375
3 2681 4375 2682
3 1045 4408 2649
3 4408 4439 2649
3 4439 4408 2650
3 2681 4408 1045
3 4316 2745 971
3 2775 4316 971
3 4316 2775 970
3 4315 2776 2777
3 2776 4315 970
3 720 4042 3067
3 4029 4042 720
3 4042 4065 3067
3 739 719 4041
3 719 739 4029
3 739 4042 4029
3 3068 739 4041
3 739 3068 4065
3 4042 739 4065
3 4028 699 3108
3 699 4028 719
3 719 4028 738
3 4028 4027 738
3 4028 3108 4027
3 4275 4276 2819
3 2787 4276 4275
3 4276 2786 4277
3 2786 4276 2787
3 937 2786 2785
3 2786 937 4277
3 2786 4307 2785
3 2786 962 4307
3 4334 985 4333
3 985 4334 2758
3 4333 985 2759
3 2759 985 4304
3 985 2758 4304
3 2875 4220 886
3 4221 4220 2874
3 4220 913 2874
3 4220 2875 913
3 4220 4221 4193
3 2907 4220 4193
3 4220 2907 886
3 2845 2815 4250
3 2875 2845 4250
3 884 4218 2909
3 4218 885 2909
3 4218 2876 885
3 912 2875 4219
3 2876 912 4219
3 912 2876 2846
3 912 2845 2875
3 2881 4215 4214
3 3043 759 4088
3 759 3044 4088
3 759 3043 4065
3 759 4065 4064
3 3044 759 4087
3 4063 759 4064
3 4087 759 4063
3 4563 2463 1173
3 2463 4563 2433
3 2463 4564 1173
3 2463 2433 2403
3 4564 2463 2403
3 1148 4530 1173
3 4563 4530 1147
3 4530 4563 1173
3 2525 4530 1148
3 4530 2526 1147
3 4530 2525 1122
3 2526 4530 1122
3 2495 4563 1147
3 2495 1172 4563
3 2496 2495 1146
3 1198 2433 2464
3 2433 1198 2403
3 4529 2527 1146
3 2526 4529 1147
3 2527 4529 1121
3 4529 2526 1121
3 2495 4529 1146
3 4529 2495 1147
3 2555 2523 2554
3 1097 4502 2587
3 4502 2555 1098
3 4437 2620 2651
3 2620 4469 2589
3 4468 4469 2621
3 4469 4468 2590
3 4500 1096 2589
3 2588 1096 4500
3 1096 4470 2589
3 1096 2588 4470
3 4311 2781 2782
3 992 2749 4312
3 2749 4343 993
3 4343 2749 992
3 4436 2653 1068
3 2653 4435 1068
3 1197 4591 2405
3 4528 2527 1120
3 2528 4528 1120
3 2527 4528 1146
3 4528 2496 1146
3 2496 4528 2497
3 1095 4499 2589
3 4499 1095 2590
3 4469 1095 2589
3 1095 4469 2590
3 2559 2527 1121
3 2527 2559 1120
3 2558 2559 1121
3 4499 2559 2558
3 2404 4620 1197
3 4620 2404 1220
3 2404 1197 2405
3 1220 2404 2405
3 1218 2408 2380
3 4642 1218 2380
3 4643 1240 2349
3 1241 4643 2349
3 4662 2326 1256
3 2354 2325 1257
3 1279 2324 1257
3 2325 4691 1257
3 4691 1279 1257
3 4691 1278 2298
3 1278 4691 2325
3 2228 1334 2210
3 2231 1332 4776
3 1319 2228 2250
3 4715 2297 1279
3 4715 4691 2298
3 4691 4715 1279
3 4665 2324 1258
3 2324 4665 2353
3 1238 2352 2351
3 2352 4666 2351
3 2353 2352 1238
3 4665 2352 2353
3 4666 2352 1258
3 2352 4665 1258
3 2354 4638 1236
3 4659 1253 2358
3 1276 2328 4687
3 1276 4688 2328
3 1235 4637 2385
3 4636 1235 2386
3 4636 2357 1235
3 2357 1234 2358
3 1234 4636 2387
3 4636 1234 2357
3 4661 2357 2328
3 2357 4661 2356
3 2357 1254 2328
3 2328 1254 4687
3 1254 2329 4687
3 4637 2355 1236
3 2355 4637 1235
3 2355 4662 1256
3 2355 1235 2356
3 4662 2355 2356
3 2355 2354 1236
3 1237 2353 1238
3 2382 1237 1238
3 1237 2354 2353
3 4638 1237 2383
3 1237 4638 2354
3 4640 1238 2381
3 4640 2382 1238
3 1216 4640 2381
3 2382 4640 1216
3 2750 992 4312
3 1016 2719 4370
3 2718 1016 4370
3 4371 2718 2686
3 2685 4371 2686
3 2718 4371 1017
3 1057 4454 2636
3 4422 1057 2667
3 1057 4423 2667
3 1057 4455 4423
3 4455 1057 2636
3 2668 1056 4422
3 1056 2668 4421
3 2637 4453 2606
3 4454 2637 2606
3 2637 1056 4453
3 1057 2637 4454
3 2637 1057 4422
3 1056 2637 4422
3 2635 4456 1058
3 4423 2635 1058
3 4455 2635 4423
3 1136 4516 2509
3 2540 4516 1136
3 4516 2540 2541
3 1109 2542 2541
3 2574 1109 4485
3 2542 1109 1108
3 1109 2574 1108
3 2540 1110 2541
3 1110 1109 2541
3 1110 2571 4487
3 2571 1110 1111
3 1085 2603 4487
3 4457 2603 1085
3 4456 2603 2634
3 2603 4457 2634
3 4485 2604 1083
3 2604 4455 1083
3 2635 2604 4456
3 2604 2635 4455
3 1162 4551 2508
3 1162 4581 2445
3 4581 1162 2477
3 2446 4581 2477
3 4581 2446 1188
3 4334 1010 2726
3 1010 4334 4333
3 1010 2693 2726
3 2693 1010 4363
3 4363 2727 4362
3 2727 4333 984
3 2727 1010 4333
3 1010 2727 4363
3 4364 2725 2726
3 2693 4364 2726
3 4364 1011 2725
3 2664 2695 4394
3 4395 2695 2664
3 4361 2695 4362
3 2695 2694 4362
3 2695 4395 2694
3 4435 2623 4467
3 2623 4435 1067
3 4463 2627 4462
3 2537 2536 1113
3 4517 1137 2539
3 1137 4517 2508
3 1137 4551 2507
3 4551 1137 2508
3 2538 1112 2570
3 1112 2538 2537
3 2570 1086 4488
3 1139 2536 4520
3 2568 4490 1113
3 4492 1089 2567
3 4491 1089 2598
3 1089 4491 2567
3 1090 2595 4463
3 2596 4463 4462
3 2596 1090 4463
3 1090 2596 4493
3 4491 1114 2567
3 1114 2568 1113
3 2568 1114 4491
3 2536 1114 1113
3 1114 2536 2535
3 4719 2271 1303
3 2271 4741 1303
3 4741 2271 1302
3 2271 4718 1302
3 2271 4719 4718
3 4423 4392 2667
3 4392 1031 2667
3 1031 4392 2698
3 4392 2697 2698
3 2696 4361 1008
3 2696 1033 4394
3 2695 2696 4394
3 2696 2695 4361
3 2700 4390 1030
3 4390 2668 1030
3 4390 1029 2669
3 1029 4390 2700
3 4421 4390 2669
3 2668 4390 4421
3 4391 2699 1030
3 2699 4391 1031
3 1031 4391 2667
3 4391 4422 2667
3 2668 4391 1030
3 4391 2668 4422
3 1006 4329 2732
3 4329 4328 2732
3 931 4241 905
3 2795 4269 905
3 2794 4269 2795
3 4269 931 905
3 1053 4450 4418
3 4450 2640 4418
3 4450 1053 2641
3 4450 2641 2610
3 4389 1029 2701
3 1029 4389 2670
3 1028 4389 2701
3 4389 1028 2670
3 1005 2733 4357
3 2733 1005 4328
3 4328 1005 2732
3 1005 2700 2732
3 2700 1005 4357
3 4327 2734 1004
3 4327 980 2765
3 4327 2733 4328
3 980 4327 4328
3 4356 2702 2701
3 4357 4356 2701
3 2733 4356 4357
3 4356 4327 1004
3 4327 4356 2733
3 2702 4356 4355
3 4356 1004 4355
3 960 2789 4304
3 2789 959 4304
3 2789 960 2788
3 2728 4361 4362
3 4361 2728 1008
3 2761 957 4301
3 957 2761 4302
3 4331 2729 1008
3 2729 4331 2730
3 1007 4359 2698
3 2699 4359 1006
3 4359 2699 2698
3 1007 4360 2730
3 4360 2729 2730
3 2697 4360 2698
3 4360 1007 2698
3 2729 4360 1008
3 4360 2696 1008
3 2696 4360 2697
3 3081 4476 4446
3 4476 3079 4446
3 3079 4476 3080
3 4476 1076 3080
3 4476 3081 1076
3 2394 2364 4629
3 2396 1227 4627
3 2366 1227 2367
3 1227 2396 2367
3 4652 2366 2367
3 2426 1179 4599
3 1179 2426 4571
3 2425 1180 4600
3 1180 2425 4572
3 2486 1180 4572
3 1102 1103 2582
3 2583 1102 2582
3 2455 4601 1181
3 4601 2455 4572
3 2455 2486 4572
3 1154 2517 4541
3 1154 2486 2517
3 1154 1180 2486
3 2346 2345 4645
3 4694 1261 2320
3 2319 1282 4695
3 1282 2319 4694
3 2319 1261 4694
3 1223 1222 2375
3 2400 4623 1201
3 2371 2400 4622
3 2429 2401 1201
3 2401 2400 1201
3 2400 2401 4622
3 2401 2402 4622
3 2402 4596 2430
3 4596 2401 2429
3 4596 2402 2401
3 2315 2342 4674
3 2342 2343 4674
3 4598 2428 1201
3 1202 4598 1201
3 4536 4535 2493
3 2489 2490 4569
3 4505 1101 2552
3 1126 4505 2552
3 4537 2522 1150
3 2522 1126 2552
3 1126 2522 2521
3 4597 1177 2429
3 1177 4596 2429
3 1160 2479 4579
3 4549 1160 4579
3 1160 4549 2510
3 2479 1160 4548
3 1160 2510 4548
3 4578 2418 1186
3 2418 4607 1186
3 4607 2418 1209
3 2418 4606 1209
3 4606 2418 4578
3 2511 1159 4548
3 1159 2480 4548
3 1159 2511 4547
3 2480 1159 4547
3 4609 2415 1188
3 2415 4581 1188
3 2416 4608 1211
3 4608 1210 1211
3 1187 4608 2416
3 2389 4634 1211
3 1210 2389 1211
3 2388 4635 1211
3 4635 2388 2358
3 4635 4609 1211
3 4635 2415 4609
3 4635 1234 2387
3 1234 4635 2358
3 2388 1233 2358
3 4659 1233 2359
3 1233 4659 2358
3 1233 2388 4634
3 1233 2389 2359
3 2389 1233 4634
3 4577 2481 2450
3 4577 4547 2481
3 4577 1185 4547
3 1158 4576 2450
3 4630 1229 2363
3 4576 1184 2450
3 1184 4576 2451
3 4631 1208 2392
3 1208 4631 2391
3 1325 4766 2221
3 1325 2241 4766
3 2220 4767 2221
3 4767 1325 2221
3 1325 4767 2240
3 1312 2236 2259
3 1082 4484 2606
3 4484 1082 2575
3 4453 1082 2606
3 2607 1082 4453
3 2638 2607 4453
3 2638 4420 1055
3 1056 2638 4453
3 2638 1056 4421
3 2638 4421 2669
3 4420 2638 2669
3 4451 2639 1054
3 2639 4419 1054
3 2670 2639 1055
3 4419 2639 2670
3 2485 2454 4543
3 2516 2485 4543
3 4601 2424 1181
3 2424 4602 1181
3 4602 2424 1205
3 1205 2424 1204
3 2424 4601 1204
3 2543 4513 1133
3 4513 2513 1133
3 2513 4513 2544
3 2512 4546 1158
3 2513 4546 2512
3 1132 2544 4512
3 1132 2513 2544
3 2513 1132 4545
3 2611 1079 2610
3 1079 2611 4479
3 2579 1079 4479
3 4480 1079 2579
3 2515 1156 4544
3 1156 2515 4543
3 2515 2516 4543
3 2546 1131 4511
3 4812 1384 2152
3 1371 4812 2152
3 4815 2150 1386
3 1386 2150 4814
3 2150 1372 4814
3 2164 1360 2178
3 2164 1374 4805
3 1360 2164 4805
3 1372 4803 2166
3 2165 4803 1372
3 4803 2180 2166
3 4831 2121 2131
3 1406 4831 2131
3 4831 1406 2132
3 2122 4831 2132
3 4831 2122 1417
3 2121 4831 1417
3 4828 1396 2142
3 1396 4821 2142
3 1396 4828 2141
3 1396 2141 4822
3 4821 1396 4822
3 4824 2147 1404
3 2160 2147 1379
3 2147 2160 1364
3 2189 1351 2188
3 4795 1351 2175
3 1351 4795 2188
3 1351 4794 2175
3 1351 2176 4794
3 2176 1351 2190
3 1351 2189 2190
3 2206 4781 1338
3 4781 2206 2188
3 1338 4781 2205
3 4781 2188 2205
3 2188 1352 2205
3 1352 2187 2205
3 4779 1350 2190
3 2208 4779 2190
3 1350 4779 2191
3 4779 1336 2191
3 4779 2208 1336
3 4723 2267 1306
3 4723 2289 2290
3 4723 2290 4722
3 2267 4723 4722
3 2400 2370 4623
3 2370 2400 2371
3 4649 2370 1244
3 2340 2313 4677
3 4654 1249 2364
3 4698 1285 2291
3 1285 2292 2291
3 2292 1285 4697
3 1285 2316 4697
3 1285 4698 2316
3 1286 2315 2290
3 2289 1286 2290
3 2313 4676 4700
3 4676 2314 4700
3 2224 2206 2223
3 4763 1321 2226
3 4763 2245 1321
3 1287 4724 2288
3 2289 4724 1287
3 4723 4724 2289
3 4745 1306 4744
3 2245 4745 4744
3 4742 2270 1303
3 2270 4720 1303
3 2294 2293 1283
3 4720 2293 2294
3 2293 4696 1283
3 4696 2293 1284
3 2293 2292 1284
3 2293 4720 2292
3 1304 4743 2269
3 1304 2270 4742
3 1304 4742 2247
3 4743 1304 2247
3 2270 1304 4720
3 4721 1304 2269
3 4720 1304 4721
3 1395 4820 2143
3 4820 4821 1383
3 4820 1395 4821
3 4811 1383 1384
3 2183 2169 1356
3 4830 2133 1404
3 2133 4824 1404
3 2133 4825 4824
3 2144 4825 4826
3 1367 4808 2157
3 4817 4808 1380
3 2329 1275 4687
3 4754 1314 2257
3 2234 1314 4754
3 1314 4733 2257
3 4733 1314 2256
3 4789 2180 2197
3 1345 4789 2197
3 2235 4772 4754
3 2235 1313 4753
3 1313 2235 4754
3 1327 2237 4751
3 2237 1327 2218
3 2237 2260 4751
3 2168 2182 1356
3 1357 2182 2168
3 2182 2200 1356
3 2182 4787 2200
3 2182 1357 4787
3 932 4272 2823
3 4272 932 2791
3 933 4272 2791
3 323 5329 3937
3 383 5362 3910
3 5329 5362 3928
3 5362 5329 323
3 5329 354 3937
3 354 5329 3928
3 5395 3909 412
3 5395 412 3900
3 413 5395 3900
3 3882 5513 3883
3 5513 491 3883
3 5513 3882 492
3 3887 5513 492
3 491 5513 3887
3 491 5486 3888
3 5486 491 3887
3 5486 3887 467
3 466 3894 3888
3 3894 466 5456
3 5486 466 3888
3 466 3893 5456
3 3894 5455 465
3 465 5455 5485
3 5455 438 5425
3 5455 3894 438
3 5455 3884 5485
3 411 5455 5425
3 5455 411 3910
3 5455 4326 3881
3 3884 5455 3881
3 5427 3892 440
3 3892 468 440
3 5457 3892 5427
3 5457 467 5487
3 468 5457 5487
3 3892 5457 468
3 439 5426 3893
3 439 5457 5427
3 439 3893 467
3 5457 439 467
3 439 413 3900
3 5426 439 3900
3 413 439 3899
3 439 5427 3899
3 362 3920 3911
3 362 5336 3920
3 3521 362 3911
3 5336 362 3521
3 3549 5336 3521
3 3549 3521 5337
3 332 3549 5337
3 3549 332 5301
3 331 3549 5301
3 5336 3549 331
3 2861 897 4233
3 897 2861 4234
3 874 2893 4206
3 2893 4234 4206
3 2893 897 4234
3 897 4205 2894
3 4205 873 2894
3 4205 2893 874
3 2893 4205 897
3 4205 874 2923
3 830 2976 4151
3 2976 810 4151
3 2976 811 810
3 876 2891 4208
3 2891 876 4207
3 834 4156 2946
3 856 2946 2918
3 2946 856 4183
3 4133 814 2996
3 814 4133 2997
3 2832 2803 2802
3 896 4232 2894
3 4232 896 2863
3 923 4232 2863
3 4232 897 2894
3 897 4232 4233
3 4321 999 2740
3 999 4351 2740
3 974 4321 2770
3 974 999 4321
3 4292 2770 2769
3 4293 4292 2769
3 950 4292 4293
3 4292 950 2802
3 4317 996 2744
3 996 4317 2745
3 4346 996 2745
3 996 4347 2744
3 4289 2804 947
3 2804 4289 948
3 2803 2804 948
3 2804 2803 2833
3 4319 973 2773
3 4318 4317 2744
3 4317 4318 2774
3 2586 4472 2587
3 4502 2586 2587
3 2586 4502 1098
3 4473 2586 1098
3 4184 2945 2917
3 834 2945 4157
3 2945 4183 2917
3 2945 2946 4183
3 2945 834 2946
3 2969 4159 816
3 2969 2944 4159
3 2969 4158 2944
3 2970 815 4157
3 2945 2970 4157
3 2969 2970 4158
3 2970 2969 816
3 4135 2970 816
3 815 2970 4135
3 2797 2796 4267
3 2827 2797 4267
3 2797 2798 953
3 2797 2827 4266
3 2798 2797 4266
3 4295 2766 953
3 2766 4295 2767
3 978 2766 4325
3 977 2766 2767
3 2766 977 4325
3 2830 4264 925
3 4264 2830 2800
3 2799 4294 952
3 2799 951 4294
3 951 2799 2800
3 2799 4264 2800
3 4892 1953 1954
3 1953 4878 1954
3 1953 4892 4893
3 4879 1953 4893
3 1953 4879 1983
3 4878 1953 1983
3 4944 1853 1677
3 1823 4944 1824
3 4944 1823 4945
3 1853 4944 4945
3 4944 1677 1854
3 4955 4956 1824
3 4955 1793 4956
3 1707 4955 1824
3 4955 1707 1794
3 4955 1794 4967
3 1793 4955 4967
3 1735 1795 4953
3 1795 1735 4965
3 1796 1735 4953
3 1735 1796 4965
3 4942 4943 1854
3 4943 1707 1824
3 4944 4943 1824
3 4943 4944 1854
3 4941 4942 1855
3 4941 1826 4942
3 4940 4941 1855
3 4952 4941 4940
3 1826 4941 4952
3 1610 1925 1611
3 1641 1610 1926
3 1610 1641 1925
3 1551 1988 1550
3 1964 1965 1574
3 1964 1545 1965
3 1545 1964 1546
3 1521 1520 1990
3 1548 1521 1990
3 1520 1521 2034
3 1498 1521 2033
3 1521 1498 2034
3 1963 1575 1962
3 1547 1963 1962
3 1963 1547 1546
3 1964 1963 1546
3 1575 1963 1574
3 1963 1964 1574
3 2090 1443 1458
3 2074 2090 1458
3 2090 1444 1443
3 4790 2214 1345
3 2214 2213 4774
3 1331 2214 4774
3 2214 1331 4773
3 4790 2179 2178
3 2179 2164 2178
3 2179 4790 2197
3 2233 1331 4756
3 2233 4756 1315
3 1331 2233 4773
3 4793 1361 2193
3 1348 4793 2193
3 1360 2177 4791
3 2177 2163 1361
3 2177 1360 2163
3 2194 1348 2211
3 1347 2194 2211
3 2194 4793 1348
3 4793 2194 1361
3 2195 1346 4791
3 2177 2195 4791
3 2212 1347 4776
3 2212 1332 4775
3 1332 2212 4776
3 2212 2195 1347
3 1346 2212 4775
3 2195 2212 1346
3 1523 1989 1549
3 1989 1548 1549
3 1989 1521 1548
3 2009 1523 1500
3 2032 2009 1500
3 1522 2009 2032
3 2009 1989 1523
3 1989 2009 1522
3 2006 1526 1527
3 2006 1502 2031
3 2007 2006 2031
3 1526 2006 2007
3 2030 2006 1527
3 2006 2030 1502
3 2028 4865 2005
3 2028 2029 4865
3 2029 2028 4856
3 2028 2005 4857
3 2028 2050 4856
3 2050 2028 4857
3 1670 1896 1863
3 1896 1897 1863
3 1896 1895 1639
3 1895 1896 1670
3 1896 1639 1638
3 1897 1896 1638
3 1669 4923 1898
3 4923 1669 1897
3 4923 1897 1638
3 1637 4923 1638
3 1898 4923 1637
3 1861 4936 1832
3 1862 4936 1861
3 4936 1702 1832
3 4936 1862 1702
3 1608 1607 4906
3 1606 1607 1577
3 4906 1607 1638
3 1607 1606 1638
3 1578 1608 1579
3 1578 1607 1608
3 1554 4876 1955
3 1554 4877 1985
3 4877 1554 1955
3 1554 4865 1986
3 4865 1554 1985
3 4875 1554 1986
3 4876 1554 4875
3 1662 1868 1867
3 1902 1662 1867
3 1662 1902 1630
3 1868 1694 1867
3 1694 1839 1838
3 1694 1693 1839
3 1694 1868 1693
3 1694 1838 1695
3 1867 1694 1695
3 1656 1624 1908
3 1624 1625 1593
3 1625 1624 1657
3 1624 1656 1657
3 1940 1624 1593
3 1939 1971 1972
3 4902 1592 1942
3 1566 1940 1972
3 4863 1513 1994
3 1513 4863 1490
3 1569 1936 1935
3 1625 1594 1593
3 1907 1625 1657
3 1658 1907 1657
3 1692 1691 1841
3 1841 1691 1722
3 1690 1691 1870
3 1722 1691 1721
3 1691 1690 1721
3 1937 1595 1936
3 1595 1596 1936
3 1595 1594 4904
3 1594 1595 1937
3 1873 1687 1843
3 1656 1873 1872
3 1623 4918 1909
3 4918 1623 1910
3 1910 1623 1622
3 1623 4902 1622
3 1591 4902 1942
3 4872 1981 1556
3 4872 4862 1981
3 1819 1849 1712
3 1819 1848 1849
3 1848 1819 1713
3 1788 1819 1712
3 1713 1819 1787
3 1819 1788 1787
3 1651 4932 1652
3 4932 1651 1878
3 1682 1848 1683
3 1878 1682 1683
3 1682 1878 1879
3 1848 1682 1849
3 4915 1911 1622
3 1654 1911 4915
3 4917 1875 1910
3 4917 1654 1875
3 4917 1910 1622
3 1911 4917 1622
3 4915 1912 1652
3 1912 4915 1622
3 1621 1912 1622
3 4933 1875 1876
3 4933 1685 1875
3 1877 4933 1876
3 1598 4905 1630
3 1599 1598 1630
3 1966 1571 2012
3 1992 1966 2012
3 1968 1540 1539
3 1569 1540 1968
3 2124 2116 1415
3 1390 1402 1391
3 1377 1390 1391
3 1390 1377 2149
3 1388 1389 1375
3 1389 1376 1375
3 1376 1389 2149
3 1411 1412 1398
3 1412 1411 2126
3 2091 1440 1456
3 2076 2091 1456
3 2091 2076 1457
3 1441 1457 2115
3 1441 2091 1457
3 2091 1441 1440
3 1441 2105 1440
3 2134 2123 2115
3 2134 2115 2012
3 2135 2134 1403
3 1403 2134 2148
3 2134 1378 2148
3 2123 4835 2115
3 2116 4835 1415
3 4835 2123 1415
3 2123 1416 1415
3 1416 2135 1415
3 2134 1416 2123
3 1416 2134 2135
3 2061 2062 1490
3 1468 2061 2060
3 1440 2092 1456
3 2080 1468 2060
3 1469 2080 2060
3 1453 2080 1469
3 1454 1470 2078
3 1492 2038 1493
3 1949 4881 1950
3 1981 4881 1556
3 1950 4881 1981
3 4881 1948 1556
3 1948 4881 1949
3 1466 1450 2083
3 2109 1422 1421
3 1435 2109 1421
3 1422 2109 1423
3 2098 1449 1433
3 1432 2098 1433
3 2098 1432 1448
3 2097 1434 1433
3 1449 2097 1433
3 2097 1450 1434
3 1450 2097 2083
3 2097 1449 2083
3 1489 2039 1490
3 2040 2039 1489
3 1999 4872 1528
3 1999 1504 4872
3 4862 1504 1482
3 4872 1504 4862
3 5022 68 69
3 68 3789 69
3 3789 68 5060
3 68 3790 5060
3 5059 68 3825
3 68 5059 3790
3 3824 69 3823
3 3824 5022 69
3 3824 3823 32
3 31 3824 32
3 3825 3824 31
3 68 3824 3825
3 3824 68 5022
3 106 3789 5060
3 106 3790 5098
3 3790 106 5060
3 3789 106 5099
3 143 5138 5098
3 5138 143 5137
3 5138 3719 5139
3 146 3751 5101
3 146 5141 3751
3 3752 146 5101
3 5141 5142 3751
3 148 3714 5144
3 5143 3714 148
3 3539 5313 3566
3 5313 310 3566
3 5313 3539 341
3 310 5313 3565
3 5313 5314 3565
3 5314 5313 341
3 5277 3567 309
3 3568 3567 5276
3 3567 276 5276
3 3567 5277 276
3 3567 5311 309
3 3622 249 3652
3 5247 249 3622
3 3652 249 3621
3 249 5248 3621
3 249 5247 5248
3 5246 3593 3622
3 248 5246 3622
3 5246 248 3623
3 3594 5246 3623
3 3593 5246 3594
3 3683 5178 3684
3 5178 5177 3684
3 5178 3718 5177
3 5140 146 3752
3 5140 3752 145
3 3718 5140 145
3 5141 5140 3717
3 146 5140 5141
3 3783 111 5067
3 5067 111 3782
3 111 5105 3782
3 111 5104 5105
3 111 3783 5104
3 554 5587 3287
3 5587 554 3316
3 627 3196 651
3 5703 674 3140
3 3168 5703 3140
3 5481 3393 3367
3 5480 3393 461
3 3393 5481 461
3 3345 507 5531
3 5531 507 5504
3 507 3370 5504
3 507 5532 3370
3 5532 507 3345
3 581 3253 5620
3 3253 5619 5620
3 5619 3253 581
3 4380 2708 1024
3 1024 2708 4350
3 4351 2708 1025
3 2708 999 4350
3 999 2708 4351
3 2708 4381 1025
3 2708 4380 4381
3 2801 950 2800
3 4263 2801 2800
3 2801 4263 2831
3 2802 2801 2831
3 950 2801 2802
3 4263 2860 924
3 2861 2860 4234
3 2860 2861 924
3 2860 4263 2830
3 2860 2830 925
3 2860 4235 4234
3 2859 4235 925
3 4235 2860 925
3 898 4235 4207
3 4235 898 4234
3 4234 898 4206
3 4412 4411 2646
3 4443 4412 2646
3 4412 2645 1048
3 2645 4412 4443
3 1022 997 4347
3 4347 997 2744
3 997 4318 2744
3 4318 997 2743
3 4412 2677 4411
3 4411 2677 2678
3 2677 4378 2678
3 2677 4412 1048
3 2677 1048 2676
3 4379 2677 2676
3 4349 2709 4350
3 4852 1481 2048
3 4852 4853 2069
3 1481 4852 2070
3 4853 4852 2047
3 4852 2048 2047
3 4847 4852 2069
3 4852 4847 2070
3 3514 3488 366
3 3488 3514 3489
3 5342 3514 366
3 5341 3514 3542
3 3514 5342 3542
3 365 3516 3490
3 3489 365 3490
3 3516 365 5340
3 365 337 5340
3 337 365 3543
3 5310 338 3542
3 5310 3542 339
3 5311 5310 339
3 655 3193 3165
3 655 5680 3193
3 655 3165 3164
3 5680 655 3164
3 4038 736 4025
3 697 5732 3135
3 3134 5732 698
3 679 5732 3134
3 5732 679 3135
3 5731 697 3135
3 717 736 4039
3 736 717 4025
3 3194 5651 3222
3 629 5651 3194
3 3222 5651 605
3 5651 3221 605
3 5651 629 3221
3 5623 630 607
3 3220 630 5623
3 607 630 3219
3 630 3192 3219
3 630 5680 3192
3 630 3220 5652
3 3193 630 5652
3 5680 630 3193
3 371 3536 3508
3 5314 3538 342
3 3538 5314 341
3 5279 3564 5280
3 3511 5345 3539
3 3511 5344 368
3 5344 3511 3539
3 3670 3636 237
3 3669 3670 237
3 3670 236 3636
3 5080 3773 90
3 89 5080 90
3 3775 5080 5079
3 3811 88 5041
3 5079 88 3776
3 51 5003 3845
3 5003 51 3844
3 5003 3844 15
3 5003 14 3845
3 5003 15 14
3 3810 51 5041
3 3810 89 51
3 3810 88 5079
3 88 3810 5041
3 5080 3810 5079
3 3810 5080 89
3 3775 127 5119
3 127 3740 5119
3 3740 127 5118
3 5118 127 3776
3 127 5079 3776
3 127 3775 5079
3 303 3575 5304
3 5269 3575 303
3 5304 3575 3576
3 3575 5269 3576
3 5238 3601 5239
3 3601 5238 3602
3 5238 241 3602
3 5238 3631 241
3 207 5202 3698
3 5201 207 3698
3 5202 207 3664
3 207 5201 3664
3 3665 206 5200
3 5201 206 3665
3 206 3699 5200
3 206 5201 3699
3 240 5237 3632
3 240 3633 5237
3 3663 240 3632
3 240 3663 3664
3 3634 240 3664
3 240 3634 5236
3 3633 240 5236
3 3699 3700 5200
3 3700 205 5200
3 3700 3699 5163
3 205 3700 5199
3 3700 3701 5199
3 3732 5164 171
3 5127 3732 3731
3 3732 171 3731
3 3732 5127 3766
3 5164 3732 170
3 332 5302 300
3 3548 5302 332
3 5302 3548 333
3 5302 3578 300
3 5302 333 301
3 3578 5302 301
3 135 5087 3766
3 5088 5087 135
3 5087 5086 3767
3 3804 57 5046
3 3804 5046 94
3 5084 3804 94
3 95 3804 5084
3 5047 58 5009
3 5047 3803 58
3 57 5047 5009
3 3803 5047 95
3 5047 3804 95
3 3804 5047 57
3 5011 3835 3862
3 5011 59 3835
3 25 5014 3832
3 5051 5013 3834
3 61 5013 5051
3 5013 24 3834
3 63 3831 5015
3 3831 63 5016
3 3831 26 5015
3 3831 5016 26
3 5054 3797 100
3 3797 5054 63
3 3829 28 3856
3 3728 173 5168
3 3728 5130 173
3 5131 3728 3727
3 5130 3728 3762
3 172 5166 3696
3 5167 172 3696
3 172 3730 5166
3 172 5167 3730
3 3730 3729 5129
3 5167 3729 3730
3 3729 5167 173
3 5130 3729 173
3 3729 137 5129
3 3729 5130 137
3 5019 66 3827
3 3792 66 5057
3 5057 66 65
3 66 5019 65
3 66 5020 3827
3 5052 99 3798
3 5052 5014 61
3 5052 61 3799
3 99 5052 3799
3 5053 5052 3798
3 99 5090 3798
3 100 5090 3762
3 5090 137 3762
3 3797 5090 100
3 5090 5053 3798
3 5090 3797 5053
3 174 5169 3727
3 174 3728 5168
3 3728 174 3727
3 5169 174 3693
3 3694 174 5168
3 174 3694 3693
3 138 5091 3762
3 3728 138 3762
3 138 3728 5131
3 139 3760 5092
3 102 3794 5056
3 5056 3794 65
3 3794 3793 65
3 3794 102 5093
3 5134 3724 5135
3 5134 3725 3724
3 3793 103 5057
3 103 3792 5057
3 3756 5136 5137
3 5136 3756 142
3 3756 5137 5097
3 3757 5096 104
3 5096 3757 142
3 5096 3791 104
3 3756 5096 142
3 3791 5096 105
3 105 5096 5097
3 5096 3756 5097
3 3792 5095 104
3 5095 3757 104
3 103 5095 3792
3 3722 5174 179
3 5174 3688 179
3 5136 3723 3722
3 5173 3723 5172
3 3723 3757 5135
3 3757 3723 5136
3 3724 3723 5135
3 3723 3724 5172
3 3688 3689 214
3 3690 3689 5172
3 3689 5173 5172
3 3725 5133 3726
3 3726 5133 5132
3 3760 5133 5093
3 5133 139 5132
3 139 5133 3760
3 3690 212 5209
3 212 3656 5209
3 212 3657 3656
3 176 3725 3726
3 5170 176 3726
3 3725 176 5171
3 3532 5320 346
3 3559 5320 316
3 5320 3559 346
3 3586 285 3585
3 374 5352 3532
3 5352 5320 3532
3 5320 5352 3531
3 3531 5352 3503
3 5352 374 3503
3 3618 5251 252
3 5251 3618 3588
3 5318 314 345
3 3533 5318 345
3 5284 315 3559
3 5580 3323 3324
3 5580 3296 3295
3 3265 5607 5608
3 3295 3265 3294
3 3265 572 3294
3 572 3265 5608
3 594 3235 5607
3 546 3325 3326
3 3325 546 3297
3 570 3296 3297
3 570 3268 3267
3 3268 570 3297
3 5579 3325 3297
3 3296 5579 3297
3 478 3403 5470
3 3403 478 3378
3 478 5497 3378
3 5497 478 3379
3 3404 478 5470
3 478 3404 3379
3 5471 3402 454
3 5471 454 5442
3 3403 5471 5442
3 5471 3403 5498
3 5583 551 3320
3 551 3319 3320
3 3292 574 3291
3 551 3292 3291
3 3292 551 5583
3 574 3292 3263
3 3292 573 3263
3 3292 5583 550
3 3262 5610 597
3 3262 574 5610
3 5530 5557 3346
3 5557 5530 528
3 5558 5531 3346
3 5558 3345 5531
3 5558 5557 3319
3 5557 5558 3346
3 3555 5323 319
3 5289 3555 319
3 3555 5288 318
3 5323 3555 318
3 3555 286 5288
3 3555 5289 286
3 289 3581 5291
3 3581 288 5291
3 3580 3581 289
3 351 3526 3525
3 3526 5358 3525
3 3526 3527 5357
3 379 3526 5357
3 5358 3526 379
3 3526 5325 3527
3 3526 351 5325
3 3582 3583 287
3 5290 3582 287
3 3582 5290 288
3 3581 3582 288
3 5257 3582 257
3 3582 3581 257
3 3613 5256 256
3 5256 3613 3583
3 5256 3612 256
3 3582 5256 3583
3 3612 5256 5257
3 5256 3582 5257
3 3613 3644 255
3 3645 3644 5220
3 255 3644 3645
3 3583 5255 3584
3 3613 5255 3583
3 5255 3613 255
3 5255 3614 3584
3 3614 5255 255
3 3711 5106 150
3 3711 3676 5106
3 3711 187 3676
3 3711 186 187
3 187 3677 3676
3 186 3677 187
3 5385 403 3451
3 403 5385 3476
3 5414 403 3452
3 3451 403 5414
3 3531 5353 3530
3 5353 3531 3503
3 375 5353 3503
3 5383 3477 3503
3 3477 375 3503
3 3477 5383 402
3 3501 376 5354
3 3501 5385 376
3 5385 3501 3476
3 377 5355 3500
3 3528 5355 377
3 5355 3528 349
3 5355 3529 3500
3 3529 5355 349
3 336 3545 5339
3 5307 3545 336
3 5339 3545 335
3 3545 5307 335
3 246 5243 3596
3 3626 5243 246
3 5243 3597 3596
3 245 3626 3657
3 5243 245 3597
3 245 5243 3626
3 209 3661 5205
3 3661 209 5204
3 209 5205 3695
3 5204 209 3695
3 242 5238 5239
3 5238 242 3631
3 3631 242 3662
3 242 3661 3662
3 3660 3630 3629
3 3661 3630 3660
3 242 3630 3661
3 3630 242 5239
3 5240 3630 5239
3 3630 5240 3629
3 5110 117 3994
3 3985 117 5110
3 117 5071 3994
3 5071 117 3993
3 117 5111 3993
3 117 3985 5111
3 191 5187 3978
3 3979 191 3978
3 5185 3971 190
3 3971 5185 189
3 3972 3971 189
3 225 3971 224
3 3971 3972 224
3 3813 48 85
3 5039 48 3813
3 48 3814 85
3 3848 48 3847
3 48 5039 3847
3 5000 48 3848
3 5078 3812 86
3 3812 5039 86
3 3876 10 3849
3 11 3876 3849
3 5038 47 3815
3 4999 47 3849
3 3815 47 4999
3 47 5000 3849
3 47 48 5000
3 47 5038 3814
3 48 47 3814
3 3275 564 3304
3 564 3303 3304
3 564 3274 3303
3 564 3275 5599
3 3274 564 5599
3 517 3360 3361
3 5543 517 3361
3 3333 517 3334
3 517 5543 3334
3 5575 3329 543
3 3329 5575 3328
3 3329 3330 543
3 3430 452 5440
3 452 3404 5441
3 5440 452 3429
3 452 5441 3429
3 5550 3354 522
3 3354 5550 3353
3 5347 370 3508
3 3536 5347 3508
3 372 5380 3480
3 5380 372 3481
3 400 5380 3456
3 5380 400 3480
3 5349 344 3535
3 5349 3534 344
3 5349 372 3506
3 3534 5349 3506
3 372 3507 3481
3 5349 3507 372
3 3507 5349 3535
3 471 5462 3413
3 5462 471 3387
3 3430 426 5410
3 426 5411 5410
3 426 3430 5440
3 426 5440 3429
3 5411 426 3429
3 3487 394 5374
3 394 3487 5373
3 3487 3488 5373
3 5343 367 3512
3 3541 5343 3540
3 5343 3512 3540
3 3457 3458 5409
3 395 5375 5374
3 5375 395 3461
3 3512 3486 368
3 5375 3486 5374
3 3486 3487 5374
3 367 3486 3512
3 3487 3486 367
3 3438 420 5403
3 3436 3437 447
3 5345 3510 341
3 3510 3538 341
3 3484 3509 369
3 3510 3484 369
3 3454 401 3455
3 5412 3454 3455
3 401 3454 3453
3 3454 5412 3453
3 427 5411 3429
3 427 5412 5411
3 5412 427 3428
3 5441 427 3429
3 3428 427 5441
3 5283 3561 314
3 3590 5283 282
3 5283 3590 281
3 3561 5283 281
3 3504 374 3532
3 5351 3504 3532
3 374 3504 3478
3 3504 3479 5382
3 3478 3504 5382
3 3479 3504 373
3 3504 5351 373
3 5570 5569 3306
3 5569 5570 539
3 5570 3306 3305
3 539 5570 3305
3 3336 538 3335
3 538 5569 3335
3 5569 538 3307
3 5568 3308 3307
3 5568 538 3336
3 538 5568 3307
3 537 5568 3336
3 3308 5568 537
3 561 3278 3307
3 3308 561 3307
3 561 3308 3279
3 5595 561 3279
3 561 5595 5596
3 3278 561 5596
3 471 5461 5488
3 5461 470 3388
3 5488 5461 3388
3 5461 3414 470
3 5461 471 3413
3 5461 445 3414
3 5432 5461 3413
3 445 5461 5432
3 5685 659 3159
3 659 5685 3188
3 659 3160 3159
3 3160 659 3188
3 3160 5684 658
3 5684 3160 3188
3 5656 5684 3188
3 681 5711 3132
3 5711 681 3159
3 3160 5711 3159
3 3161 3160 658
3 5709 3161 3162
3 679 5708 3135
3 5708 679 3162
3 5708 3162 3163
3 678 5708 3163
3 5708 678 3135
3 3191 631 5681
3 5682 3191 3163
3 5508 510 3366
3 510 5509 3366
3 5509 510 5536
3 510 3341 5536
3 510 5508 3367
3 5532 3369 3370
3 508 3369 5532
3 3369 508 5506
3 3369 5506 5479
3 532 5561 3315
3 5561 554 3315
3 554 5561 3316
3 508 3368 5506
3 555 5588 3286
3 5589 555 3286
3 555 5589 3314
3 5588 555 3315
3 555 532 3315
3 532 555 3314
3 5537 3339 512
3 5537 512 3364
3 5510 5537 3364
3 5537 5510 511
3 3340 5537 511
3 5564 5537 3340
3 3339 5537 5564
3 535 3337 3338
3 535 5566 3337
3 5566 535 3310
3 535 3311 3310
3 3311 5565 3312
3 5565 534 3312
3 535 5565 3311
3 5565 535 3338
3 5538 5565 3338
3 534 5565 5538
3 5563 5564 3340
3 5563 3313 5564
3 3283 580 3254
3 3284 580 3283
3 580 5618 3254
3 5591 3284 3283
3 5591 3311 3312
3 3311 5591 558
3 5591 3283 558
3 3313 5590 3312
3 5590 3313 556
3 3285 5590 556
3 5590 3285 579
3 3284 5590 579
3 3395 5478 3370
3 5478 484 3370
3 484 5478 3396
3 3396 5478 459
3 5478 3395 459
3 5476 458 5447
3 458 5476 3397
3 5447 458 3422
3 458 5448 3422
3 458 5477 5448
3 458 3397 5477
3 5669 5697 3202
3 5697 3174 3202
3 5638 3235 619
3 5638 620 3234
3 620 5638 3203
3 5638 5668 3203
3 643 5638 619
3 5668 5638 643
3 3235 595 5608
3 5609 595 3234
3 595 5638 3234
3 5638 595 3235
3 595 3264 5608
3 595 5609 3264
3 5639 620 3202
3 5639 5640 3233
3 5640 5639 3202
3 620 5639 3234
3 3200 622 5671
3 622 645 5671
3 645 622 5641
3 5642 622 646
3 622 3200 646
3 5672 3171 647
3 3171 672 647
3 5701 672 3142
3 673 5701 3142
3 5701 673 3170
3 672 5701 647
3 3199 623 5642
3 623 3199 647
3 573 3293 3264
3 3293 572 3264
3 5582 3293 550
3 549 3293 5582
3 3293 3292 550
3 3292 3293 573
3 572 3293 3294
3 3293 549 3294
3 596 5609 3234
3 596 5639 3233
3 5639 596 3234
3 5610 596 3233
3 596 5610 3263
3 5609 596 3263
3 525 3323 5554
3 525 5553 3323
3 525 5554 3350
3 5553 525 3350
3 5633 5663 616
3 3209 5663 5633
3 5631 3241 3242
3 590 5632 3240
3 5632 590 3241
3 3270 567 5603
3 567 3270 3300
3 567 3271 5603
3 567 3300 3301
3 3271 567 5602
3 566 567 3301
3 5602 567 566
3 3374 481 5500
3 5473 481 3400
3 481 5473 5500
3 5501 3374 5500
3 5527 5501 5500
3 5501 5527 504
3 5501 504 3373
3 3374 5501 3373
3 482 3374 3373
3 3374 482 3399
3 3399 482 5475
3 5502 482 3373
3 5475 482 3398
3 482 5502 3398
3 3141 673 3142
3 3141 674 3169
3 674 3141 3140
3 5699 671 3172
3 3144 671 5699
3 3087 735 5764
3 735 3087 5753
3 4107 794 3023
3 794 4107 4131
3 4131 4107 793
3 4107 3024 793
3 4180 854 2948
3 854 4180 2920
3 854 4181 2948
3 4181 854 2920
3 4128 791 3002
3 791 4128 3001
3 810 4128 3002
3 4128 810 3001
3 773 4080 3027
3 3052 4080 4057
3 4080 772 3027
3 4080 3052 772
3 3026 4104 4105
3 3026 773 4104
3 773 3026 4081
3 3025 3026 4105
3 3026 3025 4081
3 2924 4176 873
3 2952 4177 2923
3 2924 4177 2952
3 4177 2924 873
3 4177 4205 2923
3 4205 4177 873
3 2895 4203 895
3 872 4203 2895
3 4203 2896 895
3 4203 872 2896
3 5748 711 5749
3 5749 711 3091
3 711 732 3091
3 732 5760 3091
3 752 5760 732
3 5760 733 3091
3 733 5760 752
3 3117 5725 692
3 5725 3145 692
3 5725 3144 3145
3 5750 5749 3091
3 5750 3117 5749
3 3117 5750 3116
3 2981 806 2982
3 806 2981 3006
3 4123 806 3006
3 806 4123 3007
3 806 2983 2982
3 2983 806 805
3 787 3006 4099
3 787 4123 3006
3 4123 787 3007
3 4098 787 4099
3 787 4098 3007
3 3006 788 4100
3 4124 788 3006
3 788 3005 4100
3 788 4124 3005
3 751 3053 4056
3 3053 4079 4056
3 3053 751 731
3 771 4102 3028
3 4079 771 3028
3 3053 771 4079
3 4100 3030 770
3 4101 3030 4100
3 825 4146 2982
3 2983 825 2982
3 4146 825 2957
3 786 4098 4097
3 4121 786 4097
3 3008 786 4121
3 4122 3008 805
3 4122 806 3007
3 806 4122 805
3 4122 786 3008
3 4098 4122 3007
3 786 4122 4098
3 4095 784 4096
3 3036 4095 4096
3 765 4095 3036
3 4095 4094 3011
3 784 4095 3011
3 3125 705 5742
3 4035 744 4048
3 3101 4035 3100
3 3039 4093 4069
3 3038 4070 4069
3 4093 3038 4069
3 3038 4093 4094
3 782 3014 4116
3 782 4092 3014
3 782 3039 4092
3 3039 782 4093
3 4141 822 2987
3 822 4141 2962
3 784 3010 4096
3 785 3010 4120
3 3010 785 4096
3 4119 784 3011
3 4119 3010 784
3 3042 761 4066
3 761 3041 4067
3 3066 761 4067
3 761 3066 4066
3 3041 780 4091
3 4091 780 3015
3 780 4115 3015
3 4141 802 2988
3 802 4141 2987
3 802 801 2988
3 802 2987 3011
3 4118 802 3011
3 5694 667 642
3 667 3177 642
3 3149 667 5694
3 3177 667 5695
3 667 3149 5695
3 3151 3152 5718
3 4036 745 4049
3 641 5665 3179
3 617 641 3206
3 5665 641 617
3 701 3130 5736
3 3105 701 5736
3 4031 701 3105
3 4045 3065 4068
3 4044 4031 721
3 3066 4044 721
3 4044 3066 3065
3 3213 612 5629
3 5629 612 3243
3 612 5630 3243
3 612 3212 5630
3 3204 643 619
3 5667 3204 619
3 3204 3176 643
3 3176 3204 5695
3 3204 5667 5695
3 4052 748 728
3 3057 4052 728
3 748 4052 3056
3 4052 3057 3056
3 747 5755 5754
3 747 3057 728
3 5755 747 728
3 768 4098 4099
3 768 3033 4098
3 4077 4076 3031
3 769 4076 3056
3 4076 769 3031
3 4076 4053 3056
3 4076 4077 4053
3 730 5757 4054
3 3093 730 5758
3 4054 749 3055
3 5757 749 4054
3 749 4053 3055
3 5746 3121 5745
3 3095 5746 5745
3 5746 3095 709
3 3150 3149 5694
3 3150 5720 3149
3 5755 3097 5754
3 3097 5744 707
3 5744 3097 5755
3 5744 708 5745
3 708 5744 3096
3 708 3095 5745
3 4074 3034 3033
3 4074 768 3058
3 768 4074 3033
3 3034 4073 4097
3 4173 826 2957
3 826 4173 2956
3 4173 848 2956
3 848 4173 2928
3 2900 2930 868
3 2930 2900 4199
3 847 4173 2957
3 4173 847 2928
3 4228 2899 2867
3 2899 4227 2867
3 4227 2899 892
3 2864 921 4260
3 921 2835 4260
3 4230 921 2864
3 921 4230 2865
3 4229 2897 4201
3 894 2897 4229
3 2897 894 4202
3 4229 920 2865
3 2866 920 4229
3 920 2866 4258
3 4224 2870 890
3 2870 4225 890
3 4225 2870 917
3 4226 918 2868
3 918 2838 2868
3 918 2869 2839
3 2869 918 4226
3 2869 4225 917
3 4225 2869 891
3 2869 4226 891
3 188 3973 3972
3 3973 3964 3972
3 3973 188 5184
3 3973 5184 151
3 3964 3973 323
3 3973 5107 112
3 5107 3973 151
3 3973 5362 323
3 266 267 3609
3 266 3579 267
3 3947 266 3609
3 5188 3967 194
3 3967 5188 193
3 3967 193 3968
3 228 3967 3968
3 230 3956 3965
3 3780 3779 5076
3 123 3779 3780
3 3779 124 5076
3 3779 123 124
3 3990 121 5074
3 3990 5074 81
3 3746 3990 120
3 121 3990 3746
3 5073 3990 81
3 3990 5073 120
3 387 3905 5398
3 3905 416 5398
3 3914 3904 388
3 3907 5396 414
3 3940 297 5264
3 3940 5299 297
3 5299 3940 296
3 263 3940 5264
3 3941 5298 296
3 3017 798 4114
3 4113 798 3017
3 798 4113 2992
3 798 2992 4136
3 4112 778 3019
3 778 4112 3018
3 3018 4112 2993
3 2993 4112 797
3 4112 3019 797
3 2722 4338 4337
3 1013 2722 4337
3 2722 1013 4367
3 2722 1014 4338
3 2722 4367 1014
3 1014 2689 4368
3 4367 2689 1014
3 2689 4401 4368
3 2689 1038 4401
3 4490 2599 1087
3 2599 4460 1087
3 2690 4366 2691
3 1012 4366 2723
3 2691 4366 1012
3 4366 1013 2723
3 4366 2690 1013
3 4306 2756 962
3 2786 4306 962
3 4306 2786 2787
3 4222 4194 887
3 2873 4222 887
3 4194 4222 888
3 4222 2873 914
3 4252 4222 914
3 2814 2844 4250
3 4251 2844 2814
3 2844 913 4250
3 913 2844 2874
3 2844 4251 2874
3 989 2753 4308
3 2753 4339 2752
3 4339 2753 989
3 2814 4280 940
3 4280 2782 940
3 938 2816 4278
3 2816 938 2815
3 2815 938 4279
3 938 2784 4279
3 938 4278 2784
3 4282 2780 942
3 4282 2811 941
3 2811 4282 942
3 2781 4282 941
3 4282 2781 2780
3 2810 2811 942
3 944 4285 2777
3 4285 2778 2777
3 4402 1040 2687
3 4402 1039 2656
3 1040 4402 2656
3 4369 2688 2687
3 2688 4402 2687
3 4402 2688 1039
3 4401 2688 4368
3 1039 2688 4401
3 2688 2720 4368
3 2688 4369 2720
3 965 4310 2751
3 4310 990 2751
3 990 4310 2752
3 4310 964 2752
3 4310 965 964
3 2807 2836 4258
3 2806 2836 2807
3 2836 2806 2835
3 2836 920 4258
3 919 4257 2837
3 2838 4257 919
3 2618 4472 4440
3 4472 2618 2587
3 1070 2620 4470
3 1070 4470 2619
3 4438 1070 2619
3 2620 1070 2651
3 1070 4438 2651
3 2681 2680 4376
3 2680 2681 1045
3 2680 1045 4409
3 4376 2680 2679
3 1046 2680 4409
3 2679 2680 1046
3 1044 4407 2650
3 4408 1044 2650
3 4407 1044 2682
3 1044 2681 2682
3 1044 4408 2681
3 4376 2713 4375
3 4315 969 2747
3 2778 969 2777
3 969 4315 2777
3 2822 933 2821
3 2851 2822 2821
3 2822 4272 933
3 2822 2852 2823
3 4272 2822 2823
3 907 4243 2881
3 4243 2851 2881
3 4243 907 2852
3 2822 4243 2852
3 4243 2822 2851
3 2818 936 4277
3 936 4276 4277
3 2819 936 2818
3 4276 936 2819
3 2877 884 4217
3 2877 4218 884
3 2877 2878 4247
3 2877 4217 2878
3 4249 912 2846
3 912 4249 2845
3 2816 4249 2846
3 4249 2816 2815
3 2845 4249 2815
3 2912 882 4216
3 4216 2880 909
3 882 2880 4216
3 2880 882 4215
3 2880 4245 909
3 4245 2880 2850
3 1171 2496 2497
3 2555 4503 1098
3 1099 4503 2554
3 4503 2555 2554
3 2616 4441 1072
3 4473 2616 1072
3 2616 1073 4441
3 1073 2616 4474
3 2617 4473 1072
3 4440 2617 1072
3 4472 2617 4440
3 2586 2617 4472
3 2617 2586 4473
3 4502 1123 2555
3 2555 1123 2523
3 4532 1123 2524
3 1123 4532 2523
3 2556 1097 4501
3 2556 4502 1097
3 1122 2556 4501
3 2556 1123 4502
3 2556 1122 2524
3 1123 2556 2524
3 4437 1069 2620
3 1069 4469 2620
3 4469 1069 2621
3 1069 4436 2621
3 1069 4437 4436
3 2782 4281 940
3 2781 4281 2782
3 4281 2813 940
3 4281 2781 941
3 2812 4281 941
3 4281 2812 2813
3 2780 966 4312
3 2781 966 2780
3 966 2781 4311
3 966 2750 4312
3 2750 966 4311
3 4342 2718 1017
3 2750 4342 992
3 4372 2685 2684
3 4372 4371 2685
3 2654 2653 4404
3 2653 2654 4435
3 1041 2654 4404
3 2654 2655 4434
3 4435 2654 4434
3 2655 2654 4403
3 2654 1041 4403
3 2685 1042 2684
3 1042 2685 4404
3 2653 1042 4404
3 4591 1196 2405
3 4528 1145 2497
3 1145 4528 2528
3 1218 4617 2408
3 2379 4642 1240
3 4643 2379 1240
3 2379 1218 4642
3 2379 4643 1218
3 2378 1241 4644
3 2378 4643 1241
3 4616 1194 4587
3 4616 1217 2408
3 1193 4615 4587
3 1278 4690 2299
3 4664 2354 1257
3 2354 4664 2353
3 2324 4664 1257
3 4664 2324 2353
3 2354 4663 2325
3 2326 4663 1256
3 4663 2355 1256
3 2355 4663 2354
3 4663 1278 2325
3 4690 4663 2326
3 4663 4690 1278
3 2323 4666 1258
3 4666 2323 1259
3 4692 2324 1279
3 2297 4692 1279
3 2324 4692 1258
3 4692 2323 1258
3 4777 2211 2210
3 1334 4777 2210
3 1332 4757 2232
3 2231 4757 1332
3 1319 4760 2228
3 4760 1319 2251
3 4739 1319 2250
3 2249 4739 2250
3 1278 4714 2298
3 4714 1278 2299
3 1215 4638 2383
3 1214 2413 1213
3 4612 2413 1214
3 1213 2413 4611
3 2412 4612 1214
3 2384 4638 1214
3 2384 1214 2385
3 4637 2384 2385
3 4638 2384 1236
3 2384 4637 1236
3 2327 2326 4662
3 4660 2357 2358
3 4660 1254 2357
3 1254 4660 2329
3 1253 4660 2358
3 2329 4660 1253
3 4341 1016 2718
3 4342 4341 2718
3 4341 4342 2750
3 1016 4341 2719
3 1135 4515 2510
3 4516 1135 2509
3 4515 1135 2541
3 1135 4516 2541
3 1135 4549 2509
3 4549 1135 2510
3 1109 2573 4485
3 2573 2604 4485
3 2573 1110 4486
3 1110 2573 1109
3 2572 1110 4487
3 1110 2572 4486
3 2603 2572 4487
3 2572 2603 4486
3 2603 1084 4486
3 1084 2573 4486
3 2573 1084 2604
3 1084 2603 4456
3 2604 1084 4456
3 2476 1162 2445
3 2476 4551 1162
3 4551 2476 2507
3 4553 2474 1164
3 4457 2633 1059
3 2633 4425 1059
3 1011 2692 4365
3 4364 2692 1011
3 2692 4398 4365
3 2692 1036 4398
3 4396 2693 2694
3 2663 4395 4426
3 2630 4461 1062
3 2630 2599 4461
3 2599 2630 4460
3 2631 2630 1061
3 2630 2631 4460
3 2560 2528 1120
3 2559 2560 1120
3 2560 2559 4499
3 2623 2592 4467
3 2626 2627 4463
3 4432 2626 1065
3 2625 1066 4433
3 2657 2625 4433
3 2625 4432 1065
3 4432 2625 2657
3 2627 1064 4462
3 2626 1064 2627
3 1138 4519 2507
3 2538 4519 2537
3 4519 1138 4520
3 2536 4519 4520
3 4519 2536 2537
3 4553 2506 2475
3 2506 1138 2507
3 1138 2506 4520
3 4518 2538 2539
3 1137 4518 2539
3 4518 1137 2507
3 4519 4518 2507
3 4518 4519 2538
3 1112 4489 2570
3 2600 4489 1087
3 4489 1086 2570
3 1086 4489 2600
3 2601 1086 2600
3 1086 2601 4488
3 2505 1139 4520
3 2506 2505 4520
3 2505 2506 4553
3 2505 4553 1164
3 1139 2505 2504
3 4521 1139 2504
3 1140 4521 2504
3 4521 1140 2535
3 2536 4521 2535
3 1139 4521 2536
3 2597 1089 4492
3 2596 2597 4492
3 2597 2596 4462
3 2597 4461 2598
3 1089 2597 2598
3 2566 4492 2567
3 2566 1115 4493
3 2596 2566 4493
3 2566 2596 4492
3 4522 1140 2503
3 2666 4392 4423
3 4424 2666 1058
3 2666 4423 1058
3 4393 2696 2697
3 1033 4393 2665
3 2696 4393 1033
3 4330 1007 2730
3 4330 4329 1007
3 932 4271 2792
3 4271 932 2823
3 4327 979 2734
3 2735 979 4297
3 2734 979 2735
3 979 2765 4297
3 979 4327 2765
3 980 2764 4298
3 2764 980 4328
3 4271 2793 2792
3 2793 4271 931
3 2821 934 2820
3 2727 1009 4362
3 1009 2728 4362
3 2728 1009 4332
3 4332 1009 984
3 1009 2727 984
3 2761 983 4302
3 983 2761 4331
3 983 4331 1008
3 2728 983 1008
3 983 2728 4332
3 4329 2731 1007
3 2731 4359 1007
3 2731 4329 1006
3 4359 2731 1006
3 2394 1206 4628
3 1206 2394 4629
3 1205 1206 2423
3 1207 1206 4629
3 1206 2421 4603
3 2421 1206 1207
3 1227 2395 4627
3 2395 1205 4627
3 1206 2395 4628
3 2395 1206 1205
3 4651 2338 2367
3 1248 4654 2365
3 4654 1248 2336
3 1180 2456 4600
3 2456 2426 4600
3 2426 2456 4571
3 2456 2487 4571
3 1154 2456 1180
3 2487 2456 4541
3 2456 1154 4541
3 1130 4509 2517
3 2516 1130 2517
3 4509 1130 2547
3 1262 2345 2346
3 1262 2319 4695
3 4670 4669 2320
3 1261 4670 2320
3 4670 2348 4669
3 1175 4535 3074
3 4535 1175 2493
3 1175 2462 2493
3 1199 1175 3074
3 4595 2402 2430
3 4596 4567 2430
3 4675 2342 2315
3 2342 4675 1244
3 1178 4569 2428
3 4598 1178 2428
3 1178 4598 4570
3 2427 1202 4599
3 2427 4598 1202
3 4598 2427 4570
3 1179 2427 4599
3 2427 2457 4570
3 2427 1179 2457
3 2492 2461 1150
3 4536 2492 1150
3 2457 2488 4570
3 2459 2490 4568
3 2490 2459 4569
3 1177 2459 4568
3 2459 4597 4569
3 2459 1177 4597
3 2491 4537 1150
3 4567 2491 1150
3 4538 2490 2489
3 2522 1125 1150
3 1125 4536 1150
3 2553 1125 2552
3 1125 2522 2552
3 1125 2553 4535
3 4536 1125 4535
3 1151 2522 4537
3 2491 1151 4537
3 4538 1151 2490
3 2490 1151 4568
3 2522 1151 2521
3 1151 4538 2521
3 4636 1212 2387
3 1212 4636 2386
3 1212 4635 2387
3 4635 1212 2415
3 4608 2417 1210
3 4607 2417 4579
3 1210 2417 4607
3 2417 4608 1187
3 2417 2447 4579
3 2417 1187 2447
3 4632 1209 2391
3 1230 4631 2392
3 4631 1230 2362
3 2362 1230 2363
3 1230 4630 2363
3 4630 1230 2392
3 1251 2361 2362
3 2333 1251 2362
3 4657 1251 2332
3 1251 4657 2361
3 2393 1207 4629
3 2393 4630 1207
3 1229 2393 4629
3 4630 2393 1229
3 4603 1183 4575
3 2421 1183 4603
3 1183 2451 2452
3 4575 1183 2452
3 4604 2421 1207
3 4604 1184 2451
3 1183 4604 2451
3 4604 1183 2421
3 2420 4630 2392
3 1208 2420 2392
3 4630 2420 1207
3 2420 4604 1207
3 4604 2420 1184
3 2419 1208 2391
3 1209 2419 2391
3 4606 2419 1209
3 2419 4606 1185
3 4765 2223 2222
3 2242 2265 1307
3 4724 2265 2288
3 2265 4724 1307
3 2263 4749 2262
3 2241 4747 2242
3 4747 2265 2242
3 2241 1324 4766
3 1324 2241 2242
3 4765 1324 2242
3 4766 1324 2222
3 1324 4765 2222
3 4767 1326 2240
3 1326 4767 2220
3 2238 1327 4751
3 2219 2220 1341
3 2218 2219 2201
3 4785 2219 1341
3 2219 4785 2201
3 1107 2543 2575
3 2544 1107 4512
3 4513 1107 2544
3 1107 4513 2543
3 1082 4483 2575
3 4483 1107 2575
3 1107 4483 2576
3 4483 1082 2607
3 2576 4483 2607
3 1106 1107 2576
3 1106 2546 4511
3 2638 4452 2607
3 4452 2638 1055
3 2639 4452 1055
3 1155 2455 1181
3 1155 2485 2516
3 2454 1155 1181
3 2485 1155 2454
3 2482 2513 4545
3 2482 4546 2513
3 2482 4545 2451
3 4576 2482 2451
3 2482 4576 1158
3 4546 2482 1158
3 1132 2514 4545
3 2483 2514 4544
3 2514 2515 4544
3 2515 2514 1131
3 1131 2514 4511
3 2514 1132 4512
3 2153 1371 4801
3 2153 4812 1371
3 1370 2153 4801
3 2154 2153 1370
3 4812 2153 1384
3 2153 4811 1384
3 4811 2153 2154
3 1373 2150 4815
3 1373 4815 1387
3 1373 2165 1372
3 2150 1373 1372
3 1374 1373 1387
3 2164 1373 1374
3 1392 2147 4824
3 1392 4817 1380
3 4795 2174 2188
3 2174 1352 2188
3 2174 4795 1366
3 4796 2174 1366
3 2174 4796 1352
3 4648 2370 2371
3 4648 2371 4647
3 4648 2342 1244
3 2370 4648 1244
3 2343 4648 4647
3 2342 4648 2343
3 2368 2367 1226
3 2368 4651 2367
3 2397 2368 1226
3 4650 2368 1225
3 2340 4650 1245
3 2398 1203 4599
3 4649 1224 2370
3 2370 1224 4623
3 2364 4655 2363
3 1249 4655 2364
3 2335 4654 2336
3 2335 1249 4654
3 2335 4655 1249
3 4676 2341 2314
3 4675 2341 1244
3 2341 4675 2314
3 2341 4649 1244
3 4649 2341 1245
3 2341 2340 1245
3 2206 1337 4780
3 2224 1337 2206
3 1337 2207 4780
3 1337 2208 2207
3 2266 4723 1306
3 2266 4724 4723
3 4724 2266 1307
3 4745 2266 1306
3 1394 4826 2143
3 1394 2144 4826
3 4819 4820 1383
3 1394 4819 1382
3 4820 4819 2143
3 4819 1394 2143
3 1369 4811 2154
3 4800 2154 1370
3 2168 4800 1370
3 4800 1369 2154
3 1369 4800 2169
3 4800 2168 1356
3 2169 4800 1356
3 1405 4830 2132
3 1405 2133 4830
3 2133 1405 4825
3 4826 1405 2132
3 4825 1405 4826
3 1381 4809 2157
3 4808 1381 2157
3 1381 4817 1393
3 1381 4808 4817
3 2144 2145 4825
3 4824 2145 1393
3 4825 2145 4824
3 4809 4818 1382
3 4818 1394 1382
3 1394 4818 2144
3 4818 2145 2144
3 2145 4818 1393
3 4818 1381 1393
3 1381 4818 4809
3 4808 2158 1380
3 2158 4808 1367
3 4807 2158 1366
3 2158 4807 1380
3 2158 4796 1366
3 4796 2158 1367
3 1353 2172 2186
3 4732 1313 2257
3 1251 1272 2332
3 1272 1251 2333
3 2258 2259 4753
3 1313 2258 4753
3 4732 2258 1313
3 4789 2198 2180
3 2181 1358 4788
3 1358 2198 4788
3 2198 1358 2180
3 2180 1358 2166
3 1358 4802 2166
3 1358 2181 4802
3 2181 2167 4802
3 2167 2181 1357
3 2167 1371 4802
3 1371 2167 4801
3 2167 1357 4801
3 1357 2199 4787
3 2181 2199 1357
3 2199 2181 4788
3 2216 2199 4788
3 2235 1329 4772
3 1329 2216 4772
3 1329 4771 2216
3 4771 1329 2236
3 2236 1329 4753
3 1329 2235 4753
3 2217 4770 2218
3 4770 2237 2218
3 1312 4752 2236
3 4752 1312 2260
3 2237 4752 2260
3 5260 258 291
3 3945 5260 291
3 258 5260 3954
3 5362 3919 3928
3 3919 354 3928
3 3919 5362 383
3 4232 2862 4233
3 2862 4232 923
3 4152 2976 830
3 4152 2950 2975
3 4152 830 2950
3 811 4152 2975
3 2976 4152 811
3 2855 4268 929
3 2887 4212 879
3 2827 2857 927
3 2857 2827 4267
3 4237 900 2858
3 4237 2858 927
3 2857 4237 927
3 4209 2889 877
3 2889 4237 901
3 2889 4209 900
3 4237 2889 900
3 2971 4134 2996
3 814 2971 2996
3 2971 815 4134
3 815 2971 4157
3 2971 814 4156
3 2971 834 4157
3 834 2971 4156
3 2972 814 2997
3 2972 4132 813
3 4132 2972 2997
3 4155 2972 813
3 833 2972 4155
3 4156 2972 833
3 814 2972 4156
3 4261 2832 923
3 4261 923 2863
3 2803 4261 2833
3 2832 4261 2803
3 922 4261 2863
3 4261 922 2833
3 2771 974 2770
3 2835 2834 4260
3 2834 2804 2833
3 2834 922 4260
3 922 2834 2833
3 2804 2805 947
3 947 2805 4288
3 2805 2834 2835
3 2834 2805 2804
3 2805 2806 4288
3 2806 2805 2835
3 4319 972 2743
3 972 4318 2743
3 972 4319 2773
3 2774 972 2773
3 4318 972 2774
3 4158 835 2944
3 835 4184 2944
3 835 2945 4184
3 2970 835 4158
3 835 2970 2945
3 2796 4296 954
3 2797 4296 2796
3 4296 2797 953
3 2766 4296 953
3 4296 978 954
3 4296 2766 978
3 2798 4265 952
3 4265 2799 952
3 4265 2798 2828
3 4265 2828 926
3 2859 4265 926
3 1825 4943 4942
3 1825 1826 4954
3 1826 1825 4942
3 1707 1825 4954
3 4943 1825 1707
3 1552 1526 1988
3 1551 1552 1988
3 1526 1552 1527
3 1553 1552 1957
3 1527 1552 1553
3 1521 2010 2033
3 2010 1499 2033
3 2010 1989 1522
3 1989 2010 1521
3 1499 2010 2032
3 2010 1522 2032
3 1444 1445 2101
3 2090 1445 1444
3 1431 1445 2089
3 2101 1445 1431
3 2073 1460 1478
3 1460 2073 2089
3 1445 1460 2089
3 2196 2214 4790
3 2214 2196 2213
3 2213 2196 1346
3 1346 2196 4791
3 2196 2178 4791
3 2196 4790 2178
3 2179 4804 2164
3 1373 4804 2165
3 4804 1373 2164
3 1359 4803 2165
3 4803 1359 2180
3 4804 1359 2165
3 1359 4804 2179
3 2180 1359 2197
3 1359 2179 2197
3 2256 4755 1315
3 4755 2233 1315
3 1314 4755 2256
3 4755 1314 2234
3 4773 4755 2234
3 2233 4755 4773
3 4792 2177 1361
3 2194 4792 1361
3 4792 2194 1347
3 2195 4792 1347
3 4792 2195 2177
3 1960 1579 1549
3 1960 1578 1579
3 1961 1960 1549
3 1960 1961 1577
3 1607 1960 1577
3 1578 1960 1607
3 1903 4921 1630
3 4921 1662 1630
3 4905 1629 1903
3 1904 1629 4905
3 1628 1904 4905
3 1596 1628 1935
3 4903 1624 1940
3 1908 4903 1909
3 1624 4903 1908
3 4903 1592 4902
3 4903 1623 1909
3 1623 4903 4902
3 1970 1971 1567
3 1970 1538 1994
3 1971 1970 1994
3 1537 1971 1994
3 1513 1537 1994
3 1995 1537 1513
3 1537 1995 1972
3 1971 1537 1972
3 1592 4884 1942
3 1566 4886 1940
3 1568 1569 1968
3 1568 1937 1936
3 1569 1568 1936
3 1937 1568 1567
3 1938 1937 1567
3 1938 1594 1937
3 1594 1938 1593
3 1906 1627 4904
3 1627 1595 4904
3 1595 1627 1596
3 1628 1627 1905
3 1627 1628 1596
3 1626 1907 1658
3 1906 1626 1658
3 1626 1906 4904
3 1907 1626 1625
3 1594 1626 4904
3 1626 1594 1625
3 1691 1659 1870
3 1659 1658 1870
3 1659 1906 1658
3 1659 1691 1692
3 1659 1660 1905
3 1660 1659 1692
3 1873 1688 1872
3 1688 1873 1843
3 1688 1689 1872
3 1842 1688 1843
3 1689 1688 1842
3 1687 4935 1874
3 1873 4935 1687
3 4902 4900 1622
3 1591 4900 4902
3 4900 1591 1943
3 1590 4900 1943
3 4900 1621 1622
3 4900 1590 1589
3 1621 4900 1589
3 1880 1881 1679
3 1881 1678 1679
3 1881 1882 1678
3 1681 1850 1849
3 1649 1681 1879
3 1681 1682 1879
3 1682 1681 1849
3 1585 1946 1584
3 4882 1562 1976
3 4899 1621 1589
3 1587 1561 1586
3 1561 1531 1978
3 4882 1561 1587
3 1945 1585 1586
3 1945 1946 1585
3 1878 1650 1879
3 1651 1650 1878
3 1650 1649 1879
3 4916 1911 1654
3 4917 4916 1654
3 4916 4917 1911
3 1684 4933 1877
3 4933 1684 1685
3 1685 1684 1847
3 4932 1684 1877
3 1684 1683 1847
3 1684 4932 1683
3 1598 1597 4905
3 1628 1597 1935
3 1597 1628 4905
3 1933 1599 1571
3 1933 1598 1599
3 1966 1570 1571
3 1570 1933 1571
3 2115 2055 2012
3 1992 2013 2014
3 2013 1992 2012
3 1518 2013 2012
3 2092 2077 1456
3 2056 2077 2057
3 2036 1517 2035
3 1517 1518 2035
3 1517 2036 1516
3 2013 1517 2014
3 1517 2013 1518
3 2036 2037 1516
3 2037 1515 1516
3 2038 2037 1493
3 1515 2037 2038
3 2124 2117 2116
3 2135 2136 1415
3 2136 2135 1402
3 1390 2136 1402
3 1400 2138 2137
3 1412 2138 1398
3 2138 1413 2137
3 1413 2138 1412
3 1425 4838 1426
3 4838 2106 1426
3 2106 2105 1426
3 2104 2105 1441
3 2104 1441 2115
3 1515 2016 1516
3 1540 2016 1539
3 1514 1515 2038
3 1492 1514 2038
3 1538 1514 1994
3 1514 4863 1994
3 1514 2016 1515
3 1514 1538 1539
3 2016 1514 1539
3 1454 1438 2093
3 1425 1438 4838
3 1455 1454 2078
3 1455 2077 2092
3 2059 1492 1493
3 2059 1469 2060
3 1492 2059 2060
3 1470 2058 2057
3 2058 2059 1493
3 2059 2058 1470
3 2079 1470 1454
3 2079 1453 1469
3 2059 2079 1469
3 2079 2059 1470
3 2079 1454 2093
3 1453 2079 2093
3 1450 2096 1434
3 2096 1435 1434
3 1512 2039 2018
3 1512 1513 1490
3 2039 1512 1490
3 2066 1463 2067
3 1485 2066 2067
3 3754 106 5098
3 106 3754 5099
3 3721 3720 5137
3 3720 5138 5137
3 180 3720 5175
3 3720 3721 5175
3 5176 3720 180
3 3719 3720 5176
3 5138 3720 3719
3 147 5102 3751
3 5142 147 3751
3 3716 5142 5141
3 3716 3717 5179
3 3716 5141 3717
3 184 3681 3680
3 184 5143 3715
3 5143 184 3714
3 3749 5143 148
3 3749 148 5104
3 3749 110 5103
3 3749 5104 110
3 221 3645 5220
3 3679 221 5220
3 221 3679 3680
3 3679 185 3680
3 185 3713 5144
3 3714 185 5144
3 3586 3615 5253
3 3615 3586 5254
3 3683 3682 5179
3 3682 3683 5216
3 3567 308 5311
3 308 3567 3568
3 308 5310 5311
3 308 3568 5275
3 5178 182 3718
3 5140 182 3717
3 182 5140 3718
3 182 5178 3683
3 3717 182 5179
3 182 3683 5179
3 3229 5614 3259
3 600 5614 3229
3 5614 577 3259
3 577 5614 3258
3 5614 5615 3258
3 5614 600 5615
3 627 604 3224
3 604 5618 3224
3 604 627 651
3 604 5619 3254
3 5618 604 3254
3 604 651 5620
3 5619 604 5620
3 3225 603 5617
3 5618 603 3224
3 5647 627 3224
3 603 5647 3224
3 5647 603 3225
3 627 5647 3196
3 626 5647 3225
3 602 5617 3256
3 602 3225 5617
3 2891 899 4208
3 899 4236 4208
3 899 2891 4207
3 4235 899 4207
3 899 2859 4236
3 899 4235 2859
3 875 2892 4207
3 2892 898 4207
3 2892 875 4206
3 898 2892 4206
3 4378 2710 2711
3 4319 2742 973
3 2742 4319 2743
3 999 2741 4350
3 2741 4349 4350
3 974 2741 999
3 3514 3515 3489
3 3515 365 3489
3 3515 3514 5341
3 3515 5341 3543
3 365 3515 3543
3 307 5309 338
3 5310 307 338
3 3570 307 5274
3 307 3570 5309
3 4039 3071 4062
3 736 3071 4039
3 3071 736 4038
3 4062 3071 757
3 3071 4038 757
3 3109 5732 697
3 3109 4027 698
3 5732 3109 698
3 3111 696 5730
3 696 5731 5730
3 696 3111 4025
3 5731 696 4025
3 3136 5707 3137
3 3136 678 5707
3 678 3136 3135
3 3136 5731 3135
3 5731 3110 697
3 3110 5731 4025
3 717 3110 4025
3 5346 3509 342
3 3538 5346 342
3 3509 5346 369
3 5346 3510 369
3 3510 5346 3538
3 311 5314 342
3 3564 311 342
3 311 3564 5279
3 311 5279 3565
3 5314 311 3565
3 3537 5347 3536
3 3509 3537 342
3 370 3537 3509
3 5347 3537 370
3 3564 312 5280
3 3670 5195 201
3 5195 202 3704
3 202 5195 3669
3 5195 3670 3669
3 3705 5195 3704
3 5195 3705 201
3 236 3671 3637
3 3670 3671 236
3 3671 235 3637
3 235 3671 3672
3 3672 3671 5193
3 3671 200 5193
3 5080 3774 3773
3 3774 128 129
3 3773 3774 129
3 3774 3775 128
3 3774 5080 3775
3 5157 164 3704
3 164 3705 3704
3 3706 163 5155
3 3707 3706 5155
3 3706 3707 5193
3 200 3706 5193
3 3705 5194 201
3 3671 5194 200
3 5194 3706 200
3 3706 5194 3705
3 5194 3670 201
3 5194 3671 3670
3 3701 5162 5161
3 3700 5162 3701
3 5162 3735 5161
3 3735 5162 3734
3 3800 60 5050
3 60 3800 5051
3 97 3800 5050
3 5087 3800 97
3 3800 5087 5088
3 5088 3764 5089
3 136 3765 5128
3 3765 135 5128
3 3765 5088 135
3 3764 3765 136
3 3765 3764 5088
3 5126 3732 3766
3 170 5126 3733
3 3732 5126 170
3 3802 58 5048
3 5085 3802 5048
3 5086 3802 5085
3 3802 5086 96
3 5049 3802 96
3 5049 59 58
3 3802 5049 58
3 133 3768 5085
3 3768 5086 5085
3 3768 133 5125
3 3767 3768 5125
3 5086 3768 3767
3 5086 3801 96
3 3801 5086 5087
3 3801 5087 97
3 3801 5049 96
3 5049 3801 59
3 3801 97 5050
3 59 3801 5050
3 3863 22 3862
3 22 5011 3862
3 5013 3833 24
3 3833 5014 25
3 5014 3833 61
3 3833 5013 61
3 24 3833 3859
3 3833 25 3859
3 3797 62 5053
3 3832 62 5015
3 62 63 5015
3 62 3797 63
3 5014 62 3832
3 62 5052 5053
3 5052 62 5014
3 5054 3796 101
3 5091 3796 100
3 3796 5054 100
3 5018 5056 65
3 5018 3829 5056
3 3828 5018 65
3 5018 3828 28
3 3829 5018 28
3 3830 27 5016
3 63 3830 5016
3 66 5058 5020
3 5058 66 3792
3 5020 5058 67
3 5058 3792 104
3 5058 3791 67
3 3791 5058 104
3 3763 99 5089
3 3763 5090 99
3 5090 3763 137
3 137 3763 5129
3 3764 3763 5089
3 3763 136 5129
3 3763 3764 136
3 138 3761 5091
3 3761 5092 101
3 3761 139 5092
3 3796 3761 101
3 3761 3796 5091
3 3761 138 5131
3 3761 5131 5132
3 139 3761 5132
3 3794 5094 3793
3 5094 103 3793
3 5094 3794 5093
3 3757 141 5135
3 5095 141 3757
3 141 5134 5135
3 5174 178 3688
3 178 3689 3688
3 3689 178 5173
3 178 5174 3722
3 3723 178 3722
3 178 3723 5173
3 5210 3655 214
3 3689 5210 214
3 3658 3659 244
3 3627 3658 244
3 245 3658 3627
3 3658 245 3657
3 212 5208 3657
3 5208 3658 3657
3 3658 5208 211
3 3693 3692 175
3 3692 5170 175
3 5208 3692 211
3 3692 176 5170
3 5286 3586 284
3 5286 285 3586
3 3558 5286 284
3 347 5320 3531
3 347 3531 3530
3 5321 347 3530
3 5320 347 316
3 347 3558 316
3 347 5321 3558
3 348 5321 3530
3 3529 348 5354
3 348 3530 5354
3 5319 3533 346
3 3559 5319 346
3 315 5319 3559
3 5319 5318 3533
3 5319 315 5318
3 5580 548 3323
3 548 3295 3294
3 548 5580 3295
3 571 3265 3295
3 3296 571 3295
3 570 571 3296
3 593 5605 3238
3 3237 593 3238
3 5606 5607 3267
3 5606 594 5607
3 5606 593 594
3 3268 5606 3267
3 5606 3268 5605
3 593 5606 5605
3 3236 593 3237
3 593 3236 594
3 546 5578 3297
3 5578 3298 569
3 3297 5578 569
3 5578 5577 3298
3 5577 5578 3326
3 5578 546 3326
3 5579 547 3325
3 524 547 3324
3 547 524 3325
3 547 5580 3324
3 5580 547 3296
3 547 5579 3296
3 5471 479 3402
3 3402 479 5472
3 3377 479 5498
3 479 5471 5498
3 5472 479 5499
3 479 3377 5499
3 5584 551 3291
3 551 5584 3319
3 5611 3262 597
3 3262 5611 574
3 5558 529 3345
3 5258 3581 3580
3 3581 5258 257
3 5222 3642 3676
3 3642 3611 257
3 3612 3611 3642
3 3611 5257 257
3 3611 3612 5257
3 3644 222 5220
3 222 3644 5221
3 3677 222 5221
3 5183 5145 3713
3 3530 3502 5354
3 5353 3502 3530
3 3502 3501 5354
3 3502 5353 375
3 3502 375 3476
3 3501 3502 3476
3 375 5384 3476
3 3477 5384 375
3 403 5384 3452
3 5384 403 3476
3 5384 402 3452
3 5384 3477 402
3 245 5242 3597
3 5242 245 3627
3 3597 5242 3598
3 5242 3627 3598
3 5186 3979 190
3 5186 191 3979
3 87 5078 3776
3 87 3812 5078
3 88 87 3776
3 87 88 3811
3 5040 3811 50
3 3846 5040 50
3 5040 87 3811
3 87 5040 3812
3 3875 11 4980
3 3875 3876 11
3 5544 5545 3360
3 517 5544 3360
3 5545 5544 3333
3 5544 517 3333
3 5497 5523 501
3 501 5523 5524
3 500 5523 3379
3 5523 5497 3379
3 5524 5523 3353
3 5523 3354 3353
3 521 3329 3328
3 3380 5522 500
3 5348 3536 371
3 3507 5348 371
3 5348 3507 3535
3 5316 5348 3535
3 5545 518 3359
3 518 5545 3332
3 518 3332 3331
3 5546 518 3331
3 3357 519 5547
3 519 5546 3331
3 3330 519 3331
3 519 3330 5547
3 446 5462 3412
3 446 5432 3413
3 5462 446 3413
3 446 3438 5432
3 446 420 3438
3 5489 3387 494
3 5489 5462 3387
3 5515 5516 494
3 5516 5489 494
3 5489 5516 3386
3 5516 5515 5542
3 5516 5543 3361
3 5543 5516 5542
3 3412 5463 447
3 5342 3513 3541
3 3513 5343 3541
3 3513 5342 366
3 3488 3513 366
3 3487 3513 3488
3 3513 3487 367
3 5343 3513 367
3 399 5410 3456
3 399 3457 5410
3 5380 399 3456
3 399 5380 3481
3 3458 5408 5409
3 5378 3482 3508
3 3483 5378 3508
3 3431 425 5409
3 3457 425 5410
3 425 3457 5409
3 425 3430 5410
3 5376 3485 5375
3 3485 3486 5375
3 3486 3485 368
3 3485 3511 368
3 3484 3485 5376
3 3485 3484 3510
3 3511 3485 5345
3 3485 3510 5345
3 5404 420 3437
3 315 3560 5318
3 5318 3560 314
3 3560 5283 314
3 3560 315 5284
3 3560 5284 282
3 5283 3560 282
3 5684 3189 658
3 3161 5710 3160
3 5710 5711 3160
3 5710 3161 5709
3 3216 5656 5627
3 5626 5627 3246
3 5626 3216 5627
3 3216 5626 609
3 5595 584 5596
3 584 5595 3249
3 5624 584 3249
3 656 5681 3163
3 3191 656 3163
3 656 3191 5681
3 510 5535 3341
3 5562 5535 532
3 5535 5562 3341
3 485 3395 3370
3 3369 485 3370
3 3395 485 5479
3 485 3369 5479
3 5506 486 3394
3 3368 486 5506
3 3394 486 5480
3 486 3393 5480
3 533 3340 5536
3 533 5563 3340
3 3341 533 5536
3 5562 533 3341
3 533 5562 3314
3 3313 533 3314
3 5563 533 3313
3 580 3255 5618
3 5617 3255 579
3 3255 3284 579
3 3255 580 3284
3 603 3255 5617
3 3255 603 5618
3 557 5591 3312
3 5591 557 3284
3 5590 557 3312
3 557 5590 3284
3 3174 669 3146
3 5697 669 3174
3 3175 5697 5669
3 3175 5669 3203
3 3175 5668 5696
3 5668 3175 3203
3 5700 5672 3172
3 5700 3171 5672
3 671 5700 3172
3 5700 671 3144
3 3171 5700 672
3 5750 5751 3116
3 639 5663 3209
3 639 3181 5663
3 615 3209 5633
3 5632 615 3240
3 615 591 3240
3 615 5633 591
3 615 5662 3209
3 5662 615 5632
3 5662 639 3209
3 5474 3374 3399
3 5474 481 3374
3 481 5474 3400
3 3400 5474 456
3 5474 3399 456
3 3141 3113 3140
3 3140 3113 651
3 5702 3141 3169
3 3141 5702 673
3 775 4107 3023
3 4107 775 3024
3 4061 4084 3047
3 4084 775 3023
3 775 4084 3048
3 3047 4084 776
3 4084 3023 776
3 3048 755 735
3 755 4061 5764
3 735 755 5764
3 755 4084 4061
3 4084 755 3048
3 3051 4080 773
3 3051 773 4081
3 3051 752 4057
3 4080 3051 4057
3 4058 3051 4081
3 733 3051 4058
3 3051 733 752
3 809 4150 810
3 4127 810 3002
3 4127 809 810
3 791 4127 3002
3 4127 791 4103
3 2980 808 4125
3 732 3092 5759
3 711 3092 732
3 5759 3092 731
3 3092 5748 731
3 3092 711 5748
3 733 5761 3090
3 5762 5761 753
3 5761 4058 753
3 5761 733 4058
3 693 5725 3117
3 693 3117 3116
3 5726 693 3116
3 5725 693 3144
3 693 5726 3144
3 712 5750 3091
3 733 712 3091
3 712 733 3090
3 5751 712 3090
3 712 5751 5750
3 3029 4101 4102
3 771 3029 4102
3 3029 3030 4101
3 825 4145 2958
3 4145 825 2983
3 4145 2959 2958
3 2959 4145 824
3 4145 4144 824
3 4144 4145 805
3 4145 2983 805
3 825 4172 2957
3 4172 847 2957
3 847 4172 2929
3 4172 825 2958
3 2930 4172 2958
3 4172 2930 2929
3 4095 3037 4094
3 3037 4095 765
3 3037 765 4071
3 4070 3037 4071
3 3061 745 4048
3 765 3061 4071
3 3061 744 4071
3 744 3061 4048
3 4035 724 744
3 724 4035 3101
3 3039 763 4092
3 3040 763 4068
3 763 3040 4092
3 763 3039 4069
3 764 3038 4094
3 3038 764 4070
3 3037 764 4094
3 764 3037 4070
3 801 3013 4116
3 3013 782 4116
3 2986 2961 823
3 4143 2986 823
3 4168 822 2962
3 4168 2962 843
3 2961 4168 2933
3 822 4168 2961
3 2933 4168 866
3 4168 2934 866
3 2934 4168 843
3 2985 804 4120
3 2985 4144 804
3 4144 2985 2960
3 2985 4143 2960
3 3016 799 4115
3 780 3016 4115
3 799 3016 4114
3 3016 780 4114
3 761 4090 3041
3 4090 780 3041
3 4090 761 3042
3 780 4090 4114
3 4090 779 4114
3 779 4090 3042
3 665 3151 3179
3 3207 665 3179
3 3151 665 3152
3 706 3124 5742
3 3124 3125 5742
3 640 5664 3180
3 640 3207 616
3 5664 640 616
3 5663 3208 616
3 3208 5664 616
3 5664 3208 3180
3 3208 3181 3180
3 3181 3208 5663
3 4036 725 745
3 745 725 4048
3 725 4035 4048
3 4035 725 3100
3 3100 725 705
3 725 4036 705
3 727 747 5754
3 727 3097 707
3 3097 727 5754
3 3099 706 5742
3 705 3099 5742
3 4036 3099 705
3 701 5737 3130
3 5737 683 3130
3 3157 3186 3158
3 3186 3157 5687
3 3103 5738 702
3 5714 3157 683
3 3157 5714 3156
3 636 3212 612
3 3211 613 637
3 613 3211 5631
3 3212 613 5630
3 5630 613 3242
3 613 5631 3242
3 3057 4075 769
3 5756 748 3056
3 4053 5756 3056
3 5756 3096 748
3 5756 708 3096
3 708 5756 3095
3 729 749 5757
3 729 5757 709
3 3095 729 709
3 5756 729 3095
3 749 729 4053
3 729 5756 4053
3 710 730 3093
3 710 5747 730
3 710 3093 5748
3 730 3094 5757
3 5747 3094 730
3 5757 3094 709
3 3094 5747 709
3 3148 3176 5695
3 3176 3148 668
3 3149 3148 5695
3 3148 3149 5721
3 3121 3148 5721
3 5722 3148 3121
3 5747 3120 709
3 3120 5746 709
3 4074 767 3034
3 767 4073 3034
3 2959 4171 2958
3 4171 2930 2958
3 869 2930 4199
3 2930 869 2929
3 892 869 4199
3 2899 869 892
3 869 847 2929
3 847 870 2928
3 870 848 2928
3 4201 870 2898
3 848 870 4201
3 4259 921 2865
3 921 4259 2835
3 920 4259 2865
3 4259 2836 2835
3 2836 4259 920
3 2927 848 4201
3 2871 916 4224
3 916 2870 4224
3 4256 918 2839
3 918 4256 2838
3 3579 5266 299
3 266 5266 3579
3 5266 3938 299
3 5266 266 3947
3 3938 5266 265
3 5266 3947 265
3 3967 3966 194
3 194 3966 5189
3 5189 3966 3965
3 3966 230 3965
3 3947 5229 3948
3 5229 3956 3948
3 5229 3947 3641
3 386 3905 3915
3 3913 3912 3921
3 5366 3914 3915
3 3905 5366 3915
3 5366 3905 387
3 5366 387 3904
3 3914 5366 3904
3 329 5299 296
3 357 3924 5332
3 3916 357 3925
3 3916 3924 357
3 5226 3951 3959
3 5225 227 3961
3 226 5225 3961
3 5225 226 3953
3 3960 3959 3968
3 3960 5226 3959
3 5226 3960 227
3 191 3969 5187
3 3960 3969 227
3 227 3969 3961
3 3969 3960 3968
3 192 3969 3968
3 3969 192 5187
3 818 4137 4136
3 4137 798 4136
3 4137 818 2966
3 819 4137 2966
3 4137 819 4138
3 4400 2690 1038
3 2689 4400 1038
3 2690 4400 4367
3 4400 2689 4367
3 4430 1064 2659
3 4430 1037 4398
3 1037 4430 2659
3 2628 1063 4461
3 2628 2597 4462
3 2597 2628 4461
3 2628 4430 1063
3 1064 2628 4462
3 4430 2628 1064
3 4461 2629 1062
3 1063 2629 4461
3 4460 4459 2600
3 2631 4459 4460
3 4459 2601 2600
3 4459 2631 1061
3 2568 1088 4490
3 1088 2599 4490
3 1088 4491 2598
3 1088 2568 4491
3 4461 1088 2598
3 2599 1088 4461
3 961 4306 2787
3 961 2788 4305
3 961 2787 2788
3 2757 961 4305
3 2756 961 2757
3 4306 961 2756
3 2872 4252 915
3 2872 4222 4252
3 4223 2872 915
3 2872 4223 888
3 4222 2872 888
3 4309 964 4308
3 2753 4309 4308
3 964 4309 2752
3 4309 2753 2752
3 939 4280 2814
3 939 2815 4279
3 2815 939 2814
3 965 2783 964
3 939 2783 4280
3 2783 965 2782
3 4280 2783 2782
3 964 2783 2784
3 2784 2783 4279
3 2783 939 4279
3 2779 968 2778
3 4255 2810 2839
3 2869 4255 2839
3 4255 2869 917
3 2747 2748 993
3 2748 2749 993
3 4285 2809 2778
3 2810 2809 2839
3 2809 4285 944
3 2809 4256 2839
3 2808 4257 2838
3 4286 2808 944
3 2808 4286 945
3 2808 2809 944
3 2807 2808 945
3 4256 2808 2838
3 2809 2808 4256
3 2808 2807 2837
3 4257 2808 2837
3 1071 4440 2649
3 1071 2618 4440
3 4439 1071 2649
3 1071 4439 2619
3 2713 1021 4346
3 1021 996 4346
3 1021 4376 2712
3 1021 2713 4376
3 4347 1021 2712
3 996 1021 4347
3 969 4314 2747
3 4314 2748 2747
3 2748 4314 968
3 968 4314 2778
3 4314 969 2778
3 995 4346 2745
3 4316 995 2745
3 994 4315 2747
3 4218 911 2876
3 2877 911 4218
3 4187 2912 859
3 4187 882 2912
3 4187 859 2943
3 2880 908 2850
3 2851 908 2881
3 908 4215 2881
3 908 2880 4215
3 4561 1171 2497
3 2585 1099 4474
3 2616 2585 4474
3 2585 2616 4473
3 2585 4473 1098
3 4503 2585 1098
3 2585 4503 1099
3 4371 2717 1017
3 4372 2717 4371
3 2717 4342 1017
3 2717 4372 4343
3 2717 4343 992
3 4342 2717 992
3 2683 4407 2682
3 2683 4373 2684
3 4372 1018 4343
3 1018 4372 2684
3 4373 1018 2684
3 4437 2652 4436
3 2652 2653 4436
3 2652 4437 2651
3 1196 2436 4590
3 2466 1196 4591
3 2466 4561 2497
3 1194 4588 2438
3 4588 4617 2438
3 4617 4588 2408
3 4588 4616 2408
3 4616 4588 1194
3 4589 4618 4590
3 2436 4589 4590
3 2407 4617 1218
3 4618 2407 1218
3 2406 1196 4590
3 4618 2406 4590
3 1196 2406 2405
3 4643 1219 1218
3 1219 4618 1218
3 2378 1219 4643
3 1219 2406 4618
3 1219 2378 4644
3 2405 1219 4644
3 2406 1219 2405
3 4615 2409 4587
3 2409 4616 4587
3 4616 2409 1217
3 1217 2409 2381
3 2409 1216 2381
3 2409 4615 1216
3 1194 2439 4587
3 2469 1194 2438
3 4589 1169 2437
3 1169 2436 2467
3 1169 4589 2436
3 2272 1300 2273
3 1300 4715 2273
3 4715 1300 2297
3 2211 1333 4776
3 4777 1333 2211
3 1333 2231 4776
3 2230 4777 1334
3 2230 1333 4777
3 2232 1316 2255
3 4757 1316 2232
3 4759 2230 1334
3 4739 4738 1319
3 1319 4738 2251
3 4740 4739 2249
3 4714 1299 2298
3 1299 4714 2274
3 1299 4715 2298
3 1299 2274 2273
3 4715 1299 2273
3 4714 2275 2274
3 2275 4738 2274
3 2275 2276 4737
3 2276 2275 4713
3 4639 1215 2383
3 1237 4639 2383
3 4639 1237 2382
3 4614 2382 1216
3 4614 4639 2382
3 4639 4614 1215
3 1215 4614 2411
3 4614 1192 2411
3 4638 4613 1214
3 1215 4613 4638
3 4613 2412 1214
3 4613 1215 2411
3 2474 1190 2443
3 1190 4612 2443
3 1190 2413 4612
3 2413 1190 4611
3 4613 1191 2412
3 1255 4662 2356
3 1255 2327 4662
3 4661 1255 2356
3 1255 4661 2328
3 4688 1255 2328
3 2327 1255 4688
3 2327 1277 2326
3 1277 4713 2299
3 4690 1277 2299
3 1277 4690 2326
3 991 2750 4311
3 991 4341 2750
3 991 4311 2751
3 4340 991 2751
3 991 4340 2719
3 4341 991 2719
3 4582 2444 2475
3 4582 1189 2444
3 4582 2476 2445
3 1189 4582 2445
3 4584 2474 2443
3 4612 4584 2443
3 2412 4584 4612
3 1191 4584 2412
3 2633 1060 4425
3 4425 1060 2664
3 1060 4426 2664
3 1060 2633 4458
3 4397 4364 2693
3 4397 2692 4364
3 2692 4397 1036
3 4397 2661 1036
3 4396 1035 2693
3 1035 4396 2662
3 1035 4397 2693
3 4397 1035 2661
3 4396 4427 2662
3 2663 4427 4396
3 2662 4427 1061
3 1034 4396 2694
3 1034 2663 4396
3 4395 1034 2694
3 2663 1034 4395
3 4428 2662 1061
3 2630 4428 1061
3 4428 1035 2662
3 1035 4428 2661
3 4428 2630 1062
3 2661 4428 1062
3 4468 1094 2590
3 1093 2592 2623
3 2531 4524 1142
3 2626 4464 1065
3 4464 2625 1065
3 2595 4464 4463
3 4464 2626 4463
3 2625 4465 1066
3 1064 4431 2659
3 2659 4431 4399
3 4431 1064 2626
3 2569 4489 1112
3 4490 2569 1113
3 2569 4490 1087
3 4489 2569 1087
3 2569 2537 1113
3 2569 1112 2537
3 2602 2601 4458
3 2633 2602 4458
3 2601 2602 4488
3 2602 4457 1085
3 2602 2633 4457
3 2602 2571 4488
3 2571 2602 1085
3 2505 4554 2504
3 4554 1165 2504
3 1165 4554 2473
3 4554 2505 1164
3 2474 4554 1164
3 4554 4584 2473
3 4584 4554 2474
3 1115 2534 2533
3 2534 4522 2533
3 2534 1114 2535
3 1140 2534 2535
3 4522 2534 1140
3 1114 2534 2567
3 2566 2534 1115
3 2534 2566 2567
3 1032 4393 2697
3 4392 1032 2697
3 2666 1032 4392
3 1032 2666 4424
3 2665 1032 4424
3 4393 1032 2665
3 957 4300 4301
3 4300 957 2792
3 2793 4300 2792
3 2824 4271 2823
3 4271 2824 931
3 2853 2824 2823
3 4241 2824 2853
3 931 2824 4241
3 2764 955 4298
3 955 2764 4299
3 955 4299 2794
3 4298 955 2795
3 955 2794 2795
3 4329 981 4328
3 981 2764 4328
3 4330 981 4329
3 2793 4270 2794
3 4270 2793 931
3 4270 4269 2794
3 4269 4270 931
3 4299 956 2794
3 956 2793 2794
3 956 4300 2793
3 934 4274 2820
3 4274 934 2789
3 2820 4274 935
3 4274 4275 935
3 4275 4274 2788
3 4274 2789 2788
3 2789 2790 959
3 959 2790 4303
3 2790 958 4303
3 958 2790 2791
3 2790 933 2791
3 983 2760 4302
3 2760 983 4332
3 2760 4332 984
3 2760 958 4302
3 4303 2760 984
3 958 2760 4303
3 2422 4602 2423
3 1206 2422 2423
3 2422 1206 4603
3 2422 4603 1182
3 4602 2422 1182
3 1228 2395 1227
3 1228 2366 2365
3 1228 1227 2366
3 2395 1228 4628
3 1228 2394 4628
3 2364 1228 2365
3 2394 1228 2364
3 1247 4652 2367
3 2338 1247 2367
3 2339 2340 4677
3 2339 4650 2340
3 4652 4653 2366
3 2366 4653 2365
3 4653 1248 2365
3 2546 4510 1131
3 4510 2515 1131
3 1130 4510 2547
3 2515 4510 2516
3 4510 1130 2516
3 4510 1105 2547
3 4510 2546 1105
3 4671 1262 2346
3 1262 4671 2319
3 2319 4671 1261
3 4696 2318 1283
3 1283 2318 4695
3 2318 1262 4695
3 4697 2317 1284
3 2317 4696 1284
3 2402 2372 4622
3 2371 2372 4647
3 2372 2371 4622
3 2345 2373 4645
3 4646 2373 2345
3 2372 2373 4646
3 2374 1223 2375
3 2492 4566 2461
3 4566 2492 4536
3 2462 4566 2493
3 4566 4536 2493
3 1175 2432 2462
3 1176 4595 2430
3 4567 1176 2430
3 4595 1176 2461
3 2461 1176 1150
3 1176 4567 1150
3 1177 2460 4596
3 2460 4567 4596
3 2460 1177 4568
3 2460 2491 4567
3 1151 2460 4568
3 2460 1151 2491
3 4675 4699 2314
3 2314 4699 4700
3 1286 4699 2315
3 4699 4675 2315
3 4699 2289 4700
3 4699 1286 2289
3 2458 2489 4569
3 1178 2458 4569
3 2458 1178 4570
3 2488 1152 4570
3 1152 2458 4570
3 2458 1152 2489
3 1153 2488 2457
3 2487 1153 4571
3 1179 1153 2457
3 1153 1179 4571
3 2444 2414 4611
3 1189 2414 2444
3 2414 1213 4611
3 1213 2414 2386
3 2414 1212 2386
3 1231 4632 2391
3 2361 1231 2362
3 4631 1231 2391
3 1231 4631 2362
3 4657 2360 2361
3 2360 1231 2361
3 2360 4657 2332
3 4730 1312 2259
3 1312 4730 2260
3 4730 2283 2260
3 2283 4729 2260
3 2331 1252 2332
3 1272 4684 2332
3 4685 2304 4709
3 4605 2420 1208
3 2419 4605 1208
3 4605 4577 2450
3 4577 4605 1185
3 4605 2419 1185
3 1184 4605 2450
3 2420 4605 1184
3 2265 4725 2288
3 2241 4748 2264
3 4749 4748 2240
3 4748 1325 2240
3 1325 4748 2241
3 1308 2241 2264
3 1308 4747 2241
3 4747 1308 2265
3 1308 4725 2265
3 2239 4749 2240
3 1326 2239 2240
3 2239 1310 2262
3 4749 2239 2262
3 2545 1106 4511
3 2545 2514 4512
3 2514 2545 4511
3 1107 2545 4512
3 1106 2545 1107
3 2546 2578 1105
3 1106 2578 2546
3 2578 4480 1105
3 4542 2516 2517
3 4542 1155 2516
3 2486 4542 2517
3 2455 4542 2486
3 1155 4542 2455
3 1157 2514 2483
3 2514 1157 4545
3 1157 2483 2452
3 2451 1157 2452
3 4545 1157 2451
3 2146 1392 4824
3 1392 2146 4817
3 2146 4824 1393
3 4817 2146 1393
3 1392 4816 2147
3 4816 4807 1379
3 2147 4816 1379
3 4807 4816 1380
3 4816 1392 1380
3 1352 2173 2187
3 4796 2173 1352
3 2187 2173 1353
3 2173 2172 1353
3 2172 2173 4797
3 4797 2173 1367
3 2173 4796 1367
3 4625 2368 2397
3 2368 4625 1225
3 4625 2398 1225
3 1203 4625 2397
3 2398 4625 1203
3 2369 1224 4649
3 2369 4650 1225
3 2369 4649 1245
3 4650 2369 1245
3 2398 4624 1225
3 4624 2369 1225
3 2369 4624 1224
3 1202 4624 4599
3 4624 2398 4599
3 4656 2362 2363
3 4656 2333 2362
3 2341 1266 2340
3 1266 2341 4676
3 2340 1266 2313
3 1266 4676 2313
3 4763 2225 1322
3 2225 2224 1322
3 2225 1337 2224
3 1336 2225 2226
3 2225 4763 2226
3 2208 2225 1336
3 1337 2225 2208
3 4746 2242 1307
3 4746 2243 2242
3 2266 4746 1307
3 4746 2266 4745
3 1323 4765 2242
3 2243 1323 2242
3 4765 1323 2223
3 2243 2244 1322
3 2244 4745 2245
3 2244 4746 4745
3 4746 2244 2243
3 4763 2244 2245
3 2244 4763 1322
3 2155 4819 1383
3 4811 2155 1383
3 1369 2155 4811
3 1354 2185 2186
3 2172 1354 2186
3 1355 2169 2183
3 1355 2183 2201
3 4733 2279 4709
3 2279 1295 4709
3 2279 4733 2256
3 2302 1296 4711
3 2302 4711 4687
3 1275 2302 4687
3 1295 2303 4709
3 2304 1294 4709
3 1294 2304 4708
3 1344 2198 4789
3 1344 2216 4788
3 2198 1344 4788
3 1343 2199 2216
3 4771 1343 2216
3 1343 4771 2217
3 2199 1343 4787
3 1343 2217 2200
3 4787 1343 2200
3 4770 1328 2237
3 4752 1328 2236
3 1328 4752 2237
3 1328 4771 2236
3 4771 1328 2217
3 1328 4770 2217
3 5260 259 3954
3 259 5224 3954
3 5224 259 3953
3 259 5260 3945
3 2861 4262 924
3 4262 2861 4233
3 2862 4262 4233
3 2832 4262 923
3 4262 2862 923
3 924 4262 2831
3 4262 2802 2831
3 4262 2832 2802
3 2854 4239 929
3 4239 2855 929
3 4239 4240 903
3 4240 4239 2854
3 4212 4239 903
3 2887 4239 4212
3 2855 4239 902
3 4239 2887 902
3 2887 4211 902
3 4211 879 2917
3 4211 2887 879
3 2855 2856 4268
3 877 878 4182
3 878 2918 4182
3 878 856 2918
3 856 878 4183
3 4183 878 2917
3 878 4211 2917
3 4291 2771 2770
3 4290 2803 948
3 4290 4291 2803
3 4291 4290 2771
3 4289 4290 948
3 4290 4289 2773
3 2771 4320 974
3 4320 2741 974
3 2742 4320 973
3 2829 2859 925
3 2829 4265 2859
3 4264 2829 925
3 2799 2829 4264
3 4265 2829 2799
3 1581 1580 1609
3 1581 1609 1926
3 1610 1581 1926
3 1459 2090 2074
3 1459 2074 1478
3 1460 1459 1478
3 1459 1445 2090
3 1459 1460 1445
3 1662 1661 1868
3 4921 1661 1662
3 1661 4921 1903
3 1629 1661 1903
3 1661 1629 1904
3 1869 1692 1693
3 1869 1660 1692
3 1868 1869 1693
3 1661 1869 1868
3 1869 1661 1660
3 1628 4920 1904
3 4920 1661 1904
3 1661 4920 1660
3 1660 4920 1905
3 4920 1628 1905
3 4884 1564 1942
3 4903 1941 1592
3 1941 4903 1940
3 4886 1941 1940
3 1969 1968 1539
3 1969 1568 1968
3 1538 1969 1539
3 1970 1969 1538
3 1969 1970 1567
3 1568 1969 1567
3 1971 4887 1567
3 4887 1938 1567
3 4887 1971 1939
3 4887 1939 1593
3 1938 4887 1593
3 4919 1627 1906
3 1659 4919 1906
3 1627 4919 1905
3 4919 1659 1905
3 1655 4935 1873
3 1655 1908 1909
3 4935 1655 1874
3 1655 1656 1908
3 1655 1873 1656
3 4918 1655 1909
3 1655 4918 1874
3 1509 2042 2020
3 4874 1974 1565
3 1564 1974 4873
3 1974 4884 1565
3 1974 1564 4884
3 1511 4874 2018
3 1511 2040 1510
3 1511 2039 2040
3 2039 1511 2018
3 1973 4874 1565
3 4886 1973 1565
3 1973 4886 1566
3 1973 1566 1972
3 2018 1973 1972
3 4874 1973 2018
3 1562 1533 1976
3 1533 1509 2020
3 1917 1614 1613
3 1647 1881 1880
3 1616 1585 1584
3 1681 1680 1850
3 1850 1680 1679
3 1680 1880 1679
3 1947 1557 1948
3 1948 1557 1556
3 1557 4872 1556
3 1588 4882 1587
3 4899 1588 1587
3 1588 4899 1589
3 4899 1620 1621
3 1620 1912 1621
3 1531 1996 2021
3 1996 1508 2021
3 1508 1996 2020
3 1977 4882 1976
3 1977 1561 4882
3 1561 1977 1531
3 1977 1996 1531
3 1585 1617 1586
3 1616 1617 1585
3 1933 1934 1598
3 1570 1934 1933
3 1934 1597 1598
3 1597 1934 1935
3 1934 1570 1935
3 1542 1966 1992
3 1542 1570 1966
3 1542 1992 2014
3 2076 1473 1457
3 1457 1473 2115
3 1473 2055 2115
3 1473 2056 2055
3 2055 1496 2012
3 1496 1518 2012
3 1518 1496 2035
3 2056 1496 2055
3 1495 2056 2057
3 1495 2036 2035
3 1496 1495 2035
3 1495 1496 2056
3 2077 1471 2057
3 1470 1471 2078
3 1471 1470 2057
3 1471 1455 2078
3 1455 1471 2077
3 1472 2077 2056
3 1472 1473 2076
3 1473 1472 2056
3 1472 2076 1456
3 2077 1472 1456
3 1494 2037 2036
3 1494 1495 2057
3 1495 1494 2036
3 2037 1494 1493
3 1494 2058 1493
3 2058 1494 2057
3 2117 1427 2116
3 2104 1427 2105
3 2105 1427 1426
3 1427 2117 1426
3 1414 2124 1415
3 2136 1414 1415
3 1413 1414 2137
3 1414 1413 2124
3 1399 1388 1398
3 2138 1399 1398
3 1399 2138 1400
3 1399 1389 1388
3 1399 1400 1389
3 2118 1425 1426
3 2117 2118 1426
3 2118 2117 2124
3 1413 2118 2124
3 4835 1428 2115
3 1428 2104 2115
3 1428 4835 2116
3 1427 1428 2116
3 1428 1427 2104
3 2016 2015 1516
3 1517 2015 2014
3 2015 1517 1516
3 1514 1491 4863
3 1491 1514 1492
3 1491 1492 2060
3 4863 1491 1490
3 1491 2061 1490
3 2061 1491 2060
3 2107 1438 1425
3 1439 1455 2092
3 1439 2106 4838
3 1438 1439 4838
3 1439 2092 1440
3 1439 1438 1454
3 1455 1439 1454
3 1466 2082 1450
3 2082 2096 1450
3 2082 1466 2062
3 2109 2108 1423
3 1436 2108 2109
3 2081 2061 1468
3 2080 1452 1468
3 2017 2018 1995
3 2017 1512 2018
3 2017 1995 1513
3 1512 2017 1513
3 1998 1999 1528
3 1998 1504 1999
3 1560 1945 1586
3 1561 1560 1586
3 1560 1561 1978
3 1945 1559 1946
3 1560 1559 1945
3 1449 1465 2083
3 2063 1465 2064
3 2063 1489 2062
3 1466 2063 2062
3 2063 1466 2083
3 1465 2063 2083
3 2064 1464 2065
3 1465 1464 2064
3 5138 144 5098
3 144 3754 5098
3 144 5138 5139
3 5099 144 5139
3 3754 144 5099
3 5102 3750 5103
3 147 3750 5102
3 3750 3749 5103
3 3749 3750 5143
3 3750 147 5142
3 3750 5142 3715
3 5143 3750 3715
3 5181 184 3680
3 184 5181 3714
3 185 5181 3680
3 5181 185 3714
3 5180 184 3715
3 184 5180 3681
3 5142 5180 3715
3 3716 5180 5142
3 5180 3682 3681
3 5219 3646 3645
3 221 5219 3645
3 3646 5219 3680
3 5219 221 3680
3 3614 254 5254
3 254 3615 5254
3 254 3614 3645
3 3646 254 3645
3 3615 254 3646
3 3616 5252 5253
3 3647 3616 3646
3 3615 3616 5253
3 3616 3615 3646
3 5251 3617 252
3 3617 3588 5252
3 3617 5251 3588
3 3681 220 3680
3 3647 220 3681
3 220 3646 3680
3 673 648 3170
3 648 3197 3170
3 3228 600 3229
3 3228 3227 5615
3 600 3228 5615
3 624 3198 3197
3 3197 3198 3170
3 5701 3198 647
3 3198 5701 3170
3 3196 650 651
3 5647 650 3196
3 626 650 5647
3 650 3140 651
3 650 3168 3140
3 5616 602 3256
3 5616 578 3257
3 578 5616 3256
3 1023 2710 4378
3 1023 2677 4379
3 2677 1023 4378
3 2709 1023 4379
3 4349 1023 2709
3 2710 1023 4349
3 997 4348 2743
3 4348 2742 2743
3 4348 1022 2711
3 4348 997 1022
3 2710 4348 2711
3 2741 998 4349
3 4348 998 2742
3 998 4320 2742
3 4320 998 2741
3 998 2710 4349
3 998 4348 2710
3 3569 307 5310
3 3569 308 5275
3 308 3569 5310
3 275 3569 5275
3 3569 275 5274
3 307 3569 5274
3 3109 718 4027
3 718 4040 4027
3 718 737 4040
3 4026 3110 717
3 4026 718 3109
3 4026 3109 697
3 3110 4026 697
3 718 4026 737
3 737 4026 4039
3 4026 717 4039
3 5315 3537 3536
3 5315 312 3564
3 5315 3564 342
3 3537 5315 342
3 3563 5316 5281
3 3563 312 5316
3 312 3563 5280
3 3563 5281 280
3 3592 3563 280
3 5280 3563 3592
3 164 5156 3705
3 3706 5156 163
3 5156 3706 3705
3 5156 3742 163
3 5156 164 3741
3 5156 3741 3742
3 169 3700 5163
3 169 5162 3700
3 169 5163 3734
3 5162 169 3734
3 3800 98 5051
3 98 3800 5088
3 5051 98 3799
3 98 5089 3799
3 98 5088 5089
3 134 5126 3766
3 5087 134 3766
3 134 5087 3767
3 134 3767 3733
3 5126 134 3733
3 22 3836 5011
3 59 3836 5010
3 5011 3836 59
3 3836 3863 5010
3 3836 22 3863
3 64 3795 5056
3 3829 64 5056
3 3830 5017 27
3 27 5017 3856
3 5017 3829 3856
3 5017 64 3829
3 64 5017 3830
3 5133 140 5093
3 5134 140 3725
3 140 5133 3725
3 3758 5095 103
3 5094 3758 103
3 3758 141 5095
3 3758 5094 5134
3 141 3758 5134
3 213 5210 3689
3 213 3690 5209
3 213 3689 3690
3 5210 213 3655
3 3656 213 5209
3 3655 213 3656
3 3658 5207 3659
3 5207 3658 211
3 5206 5207 3693
3 5207 5206 3659
3 5207 3692 3693
3 3692 5207 211
3 3692 3691 176
3 3691 3692 5208
3 176 3691 5171
3 3691 5208 212
3 3691 3690 5171
3 3691 212 3690
3 5287 3556 3585
3 285 5287 3585
3 5581 548 3294
3 548 5581 3323
3 549 5581 3294
3 3323 5581 3322
3 5581 549 3322
3 3265 3266 5607
3 571 3266 3265
3 5607 3266 3267
3 3266 570 3267
3 3266 571 570
3 5666 5636 3206
3 5636 617 3206
3 617 5636 3237
3 5636 3236 3237
3 594 5637 3235
3 3236 5637 594
3 642 5637 3205
3 5667 5637 642
3 3235 5637 619
3 5637 5667 619
3 574 3290 3291
3 3290 5584 3291
3 3290 5585 5584
3 3610 3642 257
3 5258 3610 257
3 3610 5258 3580
3 3642 3610 3676
3 3610 3580 290
3 3676 3610 290
3 3677 223 3676
3 223 5222 3676
3 223 3677 5221
3 3678 3677 186
3 3678 222 3677
3 5183 3678 186
3 222 3678 5220
3 3678 3679 5220
3 3678 5183 3679
3 5182 185 3679
3 5183 5182 3679
3 185 5182 3713
3 5182 5183 3713
3 5183 3712 5145
3 3712 5183 186
3 5145 3712 150
3 3712 3711 150
3 3712 186 3711
3 3970 5186 190
3 3971 3970 190
3 3970 226 3961
3 226 3970 225
3 3970 3971 225
3 5186 3970 191
3 3969 3970 3961
3 3970 3969 191
3 49 5040 3846
3 3847 49 13
3 49 3846 13
3 5040 49 3812
3 5039 49 3847
3 3812 49 5039
3 4979 3875 4980
3 3875 4979 3876
3 4979 4981 4978
3 4979 4980 4981
3 3877 4979 4978
3 10 4979 3877
3 3876 4979 10
3 452 5469 3404
3 3405 5469 452
3 5469 3405 477
3 3379 5469 477
3 3404 5469 3379
3 5549 521 3328
3 522 5549 3327
3 5549 3328 3327
3 3354 5549 522
3 3356 5520 3357
3 5520 3356 498
3 3356 5521 498
3 5496 500 3379
3 5496 3380 500
3 5496 3379 477
3 3380 5496 477
3 5463 3411 447
3 5435 448 5436
3 5464 3411 473
3 497 5519 5520
3 5492 497 3383
3 497 5492 496
3 3358 519 3357
3 519 3358 5546
3 3358 5519 3359
3 518 3358 3359
3 3358 518 5546
3 420 5433 3437
3 446 5433 420
3 5433 446 3412
3 5433 3412 447
3 3437 5433 447
3 472 5489 3386
3 472 5463 3412
3 5462 472 3412
3 5489 472 5462
3 5516 495 3386
3 495 5516 3361
3 5379 399 3481
3 5379 371 3482
3 399 5379 3457
3 3507 5379 3481
3 5379 3507 371
3 3432 3431 5409
3 425 5439 3430
3 5439 425 3431
3 5439 452 3430
3 5439 3405 452
3 499 5521 5522
3 499 3381 5521
3 5406 422 3434
3 3434 422 5436
3 5435 422 3435
3 422 5435 5436
3 5407 3434 423
3 5407 5406 3434
3 3460 3484 5376
3 5407 3460 5406
3 3436 421 3437
3 421 5404 3437
3 420 3463 5403
3 5404 3463 420
3 3463 3464 5403
3 3463 5373 3464
3 3463 394 5373
3 633 5684 5656
3 633 3189 5684
3 3216 633 5656
3 633 3216 609
3 3133 680 3134
3 680 5709 3134
3 680 5710 5709
3 5711 680 3132
3 680 3133 3132
3 5710 680 5711
3 3161 657 3162
3 657 5682 3162
3 657 3190 5682
3 608 584 5624
3 5561 3342 5534
3 3342 5561 532
3 5535 3342 532
3 509 3342 3367
3 3342 509 5534
3 3342 510 3367
3 3342 5535 510
3 3343 5561 5534
3 509 3343 5534
3 5507 509 3367
3 3393 5507 3367
3 486 5507 3393
3 5507 486 3368
3 669 3147 3146
3 3147 669 5697
3 3175 3147 5697
3 3147 3175 5696
3 3147 3148 5722
3 668 3147 5696
3 3148 3147 668
3 5700 3143 672
3 5726 3143 3144
3 3143 5700 3144
3 672 3143 3142
3 3143 5727 3142
3 694 5726 3116
3 3143 694 5727
3 694 3143 5726
3 3089 5761 5762
3 734 3089 5762
3 713 5751 3090
3 5761 713 3090
3 3089 713 5761
3 5691 3152 3180
3 3181 5691 3180
3 3152 5691 664
3 5691 3181 664
3 5662 3182 639
3 3182 3181 639
3 3182 5690 664
3 3181 3182 664
3 5631 614 3241
3 614 5632 3241
3 3087 715 5753
3 715 3113 5753
3 715 3087 5764
3 715 5764 756
3 715 756 651
3 3113 715 651
3 5728 3141 3142
3 5727 5728 3142
3 3088 734 5763
3 734 3088 714
3 714 3088 5753
3 735 3088 5763
3 3088 735 5753
3 829 2924 2952
3 829 2952 4151
3 2978 809 4149
3 2978 4150 809
3 828 2978 4149
3 2953 4176 2924
3 829 2953 2924
3 2953 829 4150
3 2978 2953 4150
3 2953 2978 828
3 4102 790 4103
3 809 2979 4149
3 4055 771 3053
3 5758 4055 731
3 4055 3053 731
3 704 3101 3100
3 3127 3128 5739
3 4070 3063 4069
3 743 3063 4070
3 724 4047 744
3 4117 3013 801
3 782 4117 4093
3 3013 4117 782
3 4142 822 2961
3 2986 4142 2961
3 822 4142 2987
3 4119 803 3010
3 3010 803 4120
3 803 2985 4120
3 803 2986 4143
3 2985 803 4143
3 803 4119 3011
3 2987 803 3011
3 4142 803 2987
3 803 4142 2986
3 3153 3152 664
3 5690 3153 664
3 5719 3150 3151
3 5743 3124 706
3 5743 727 707
3 5692 640 3180
3 3152 5692 3180
3 665 5692 3152
3 5692 665 3207
3 640 5692 3207
3 727 4037 746
3 682 5713 3158
3 5713 3157 3158
3 3130 5713 682
3 683 5713 3130
3 3157 5713 683
3 4032 722 4045
3 4032 3103 702
3 5737 3104 702
3 3104 4032 702
3 4032 3104 722
3 722 3104 4031
3 3104 701 4031
3 3104 5737 701
3 722 741 4045
3 4045 741 3065
3 741 4044 3065
3 4044 741 4031
3 741 722 4031
3 3127 684 3128
3 3129 5714 683
3 5738 3129 702
3 3129 5738 3128
3 5714 3129 3128
3 3129 5737 702
3 5737 3129 683
3 5661 3211 637
3 3211 5661 5631
3 5661 614 5631
3 5716 3127 685
3 5716 684 3127
3 5659 3213 5687
3 5659 612 3213
3 5659 636 612
3 636 3185 3212
3 3185 5659 5687
3 5659 3185 636
3 662 5689 637
3 3184 662 637
3 747 4051 3057
3 4051 4075 3057
3 4051 727 3058
3 727 4051 747
3 768 4051 3058
3 4075 4051 768
3 769 3032 4099
3 4075 3032 769
3 3032 768 4099
3 3032 4075 768
3 710 3119 5747
3 3120 3119 691
3 3119 3120 5747
3 3119 710 5748
3 3119 5748 3118
3 3119 3118 5724
3 691 3119 5724
3 3178 3150 5694
3 3178 666 3150
3 5666 3178 5694
3 666 3178 641
3 3178 5666 3206
3 641 3178 3206
3 3150 5693 3151
3 666 5693 3150
3 3151 5693 3179
3 5693 641 3179
3 5693 666 641
3 3035 766 4096
3 766 3035 4073
3 3035 4096 4097
3 4073 3035 4097
3 3060 4073 4049
3 3060 766 4073
3 745 3060 4049
3 767 3059 4073
3 4073 3059 4049
3 871 2926 849
3 871 2897 4202
3 872 871 4202
3 2926 871 872
3 2897 871 4201
3 871 2927 4201
3 4175 872 2925
3 4175 2926 872
3 2926 4175 849
3 846 2959 4170
3 846 4171 2959
3 846 4170 2931
3 868 846 2931
3 2930 846 868
3 4171 846 2930
3 4200 869 2899
3 869 4200 847
3 4200 870 847
3 893 4200 4228
3 4200 2899 4228
3 4200 893 2898
3 870 4200 2898
3 2811 2841 4253
3 2841 2871 4253
3 2841 916 2871
3 2870 2840 917
3 2810 2840 2811
3 2840 4255 917
3 4255 2840 2810
3 264 5228 3949
3 3948 5228 264
3 3956 5228 3948
3 5228 3956 230
3 229 3966 3967
3 229 5227 3949
3 5228 229 3949
3 3675 231 3641
3 231 5229 3641
3 5229 231 3956
3 231 3675 3965
3 3956 231 3965
3 5397 415 416
3 3905 5397 416
3 5397 3907 414
3 3898 5397 414
3 415 5397 3898
3 5367 3914 388
3 5367 3913 3914
3 389 5367 388
3 3912 5367 389
3 3913 5367 3912
3 3916 5364 385
3 384 5364 3917
3 3917 5364 3925
3 5364 3916 3925
3 5364 3907 385
3 5364 384 3907
3 5365 386 3915
3 3924 5365 3915
3 3916 5365 3924
3 386 5365 385
3 5365 3916 385
3 5295 3945 291
3 5295 292 3945
3 3935 5331 326
3 5296 326 293
3 5296 3935 326
3 3907 3908 5396
3 384 3908 3907
3 3908 413 5396
3 3908 5395 413
3 5395 3908 3909
3 3909 3908 383
3 5363 384 3917
3 3918 5363 3917
3 3908 5363 383
3 5363 3908 384
3 5363 3919 383
3 5363 3918 3919
3 3934 357 5332
3 357 3934 3925
3 3934 5331 3925
3 5331 3934 326
3 3933 327 5332
3 327 3934 5332
3 3934 327 5297
3 327 3933 5298
3 326 3943 293
3 3933 328 5298
3 5333 328 3933
3 5298 328 296
3 328 329 296
3 358 3933 5332
3 3924 358 5332
3 358 3924 3915
3 5263 3940 263
3 3940 5263 296
3 5263 3941 296
3 3950 263 3949
3 5227 3950 3949
3 3950 5263 263
3 5263 3950 262
3 3950 228 3959
3 3950 5227 228
3 3951 3950 3959
3 262 3950 3951
3 4137 2991 798
3 2991 799 4114
3 798 2991 4114
3 799 2991 4138
3 2991 4137 4138
3 4430 2660 1063
3 2661 2660 1036
3 1036 2660 4398
3 2660 4430 4398
3 2601 2632 4458
3 4459 2632 2601
3 2632 1060 4458
3 2632 4459 1061
3 1060 2632 4426
3 4427 2632 1061
3 2632 2663 4426
3 2632 4427 2663
3 4283 2810 942
3 2780 4283 942
3 2779 4283 2780
3 4284 2779 2778
3 2809 4284 2778
3 2749 967 4312
3 967 2780 4312
3 967 2779 2780
3 2748 4313 2749
3 4313 2748 968
3 4313 967 2749
3 2779 4313 968
3 967 4313 2779
3 4471 1071 2619
3 1071 4471 2618
3 2588 4471 2619
3 4471 2588 2587
3 2618 4471 2587
3 995 1020 4346
3 1020 2713 4346
3 2713 1020 4375
3 1020 2714 4375
3 4344 994 2747
3 4344 2747 993
3 994 2746 4315
3 4315 2746 970
3 2746 4316 970
3 2746 995 4316
3 2876 4248 2846
3 911 4248 2876
3 4248 2817 2846
3 2847 2877 4247
3 2847 911 2877
3 2818 2847 4247
3 2817 2847 2818
3 4248 2847 2817
3 2847 4248 911
3 858 2913 2943
3 2913 4187 2943
3 4186 2913 858
3 2913 4186 881
3 2913 881 4214
3 4215 2913 4214
3 882 2913 4215
3 4187 2913 882
3 908 4244 2850
3 4244 908 2851
3 4244 2821 2850
3 4244 2851 2821
3 4562 2434 1198
3 1172 4562 2464
3 4562 1198 2464
3 2495 4562 1172
3 4562 2495 2496
3 1198 4592 2403
3 2434 4592 1198
3 4592 4620 2403
3 4620 4592 1197
3 4592 2434 1197
3 4407 4406 2651
3 2683 4406 4407
3 4405 1042 2653
3 2652 4405 2653
3 1042 4405 2684
3 4560 2466 2497
3 4561 2435 1197
3 2466 2435 4561
3 2435 4591 1197
3 2435 2466 4591
3 4589 1195 4618
3 1195 2407 4618
3 2407 1195 4617
3 1195 4589 2437
3 4617 1195 2438
3 1167 1193 4587
3 2439 1167 4587
3 1167 2439 2470
3 2469 4557 1194
3 4557 2439 1194
3 2439 4557 2470
3 4557 1167 2470
3 1119 2560 2561
3 2560 1119 2528
3 4527 1145 2528
3 1119 4527 2528
3 4527 1119 2529
3 1144 4527 2529
3 1165 4555 2504
3 1140 4555 2503
3 4555 1140 2504
3 4692 1280 2323
3 2296 1280 4692
3 4740 1301 2272
3 1301 4740 2249
3 1301 2321 1281
3 1301 2249 2321
3 1300 4716 2297
3 4716 4692 2297
3 4716 2296 4692
3 4716 1300 2272
3 2296 4716 2272
3 1317 4759 2253
3 4759 1317 2230
3 1333 4758 2231
3 2230 4758 1333
3 1317 4758 2230
3 4758 4757 2231
3 2229 4759 1334
3 2229 1334 2228
3 4760 2229 2228
3 1318 4760 2251
3 1318 2229 4760
3 2229 1318 4759
3 4738 1318 2251
3 1318 2275 4737
3 2275 1318 4738
3 1296 2277 4711
3 1276 2301 4688
3 4711 2301 4687
3 2301 1276 4687
3 2277 2301 4711
3 2301 2277 4712
3 4737 4736 2253
3 2276 4736 4737
3 4736 1317 2253
3 1297 2276 4713
3 2277 1297 4712
3 1297 4736 2276
3 4736 1297 2277
3 2275 1298 4713
3 1298 2275 4714
3 4713 1298 2299
3 1298 4714 2299
3 4583 2474 4553
3 4583 1190 2474
3 4583 4553 2475
3 2444 4583 2475
3 4583 2444 4611
3 1190 4583 4611
3 2472 4555 1165
3 4689 1277 2327
3 4552 4582 2475
3 4582 4552 2476
3 2476 4552 2507
3 4552 2506 2507
3 2506 4552 2475
3 4584 2442 2473
3 2442 4584 1191
3 2442 1165 2473
3 2591 4468 2622
3 2591 1094 4468
3 2591 2622 4467
3 2592 2591 4467
3 2560 4498 2561
3 1094 4498 2590
3 4498 4499 2590
3 4498 2560 4499
3 4523 1116 2533
3 1117 4524 2531
3 1091 4464 2595
3 4464 1091 2625
3 1091 4465 2625
3 2658 1038 4399
3 4431 2658 4399
3 2658 4432 2657
3 1038 2658 2657
3 2658 2626 4432
3 2658 4431 2626
3 982 2761 4301
3 2761 982 4331
3 4331 982 2730
3 982 4330 2730
3 2764 2763 4299
3 981 2763 2764
3 2763 956 4299
3 956 2763 4300
3 2762 981 4330
3 982 2762 4330
3 2763 2762 4300
3 2762 2763 981
3 4300 2762 4301
3 2762 982 4301
3 934 4273 2789
3 4273 2790 2789
3 4273 934 2821
3 933 4273 2821
3 2790 4273 933
3 1246 2338 4651
3 1246 2339 2338
3 2368 1246 4651
3 4650 1246 2368
3 2339 1246 4650
3 4725 1288 2288
3 2339 4678 2338
3 1262 4672 2345
3 2318 4672 1262
3 4672 2318 4696
3 1243 2346 4645
3 2374 1243 1223
3 2432 1243 4645
3 1243 2432 1223
3 1243 4671 2346
3 4671 1243 1261
3 2432 1200 1223
3 1200 2432 1175
3 1223 1200 1222
3 1222 1200 1199
3 1200 1175 1199
3 4594 4566 2462
3 2432 4594 2462
3 4594 2432 4645
3 1152 4539 2489
3 4538 4539 2521
3 4539 4538 2489
3 4610 2414 1189
3 2414 4610 1212
3 1212 4610 2415
3 4610 1189 2445
3 4581 4610 2445
3 2415 4610 4581
3 2389 1232 2359
3 1232 2360 2359
3 4658 1252 2359
3 2360 4658 2359
3 1252 4658 2332
3 4658 2360 2332
3 2260 1311 4751
3 4729 1311 2260
3 2331 2330 1252
3 2330 4659 2359
3 1252 2330 2359
3 4659 2330 1253
3 2330 2329 1253
3 2304 1273 4708
3 1273 2304 4685
3 2331 1273 4685
3 1273 2331 2332
3 4684 1273 2332
3 1309 4749 2263
3 1309 4748 4749
3 4748 1309 2264
3 2239 4750 1310
3 4750 2239 2238
3 2239 4768 2238
3 4768 2239 1326
3 4768 1326 2220
3 2219 4768 2220
3 1081 2576 2607
3 1081 4482 2576
3 4452 1081 2607
3 2577 1106 2576
3 4482 2577 2576
3 1224 2399 4623
3 4624 2399 1224
3 2399 1202 4623
3 2399 4624 1202
3 2335 2334 4655
3 1271 2334 2335
3 4764 2224 2223
3 1323 4764 2223
3 2224 4764 1322
3 4764 2243 1322
3 4764 1323 2243
3 4819 4810 1382
3 2155 4810 4819
3 2170 1369 2169
3 1355 2170 2169
3 4785 2184 2201
3 2184 1355 2201
3 2184 4785 2202
3 2185 2184 2202
3 1354 2184 2185
3 2170 2184 1354
3 2184 2170 1355
3 4734 2256 1315
3 4734 2279 2256
3 2255 4734 1315
3 2279 4734 1295
3 4686 2302 1275
3 4686 1275 2329
3 2330 4686 2329
3 4710 2303 1295
3 2302 4710 1296
3 4686 4710 2302
3 4710 4686 2303
3 4734 4710 1295
3 4732 2280 4708
3 2280 1294 4708
3 4733 2280 2257
3 2280 4732 2257
3 2280 4733 4709
3 1294 2280 4709
3 2258 4731 2259
3 2305 4684 1272
3 1293 2305 1272
3 2305 1293 4708
3 1273 2305 4708
3 2305 1273 4684
3 2216 2215 4772
3 1344 2215 2216
3 4772 2215 1330
3 2215 1344 4789
3 2215 4773 1330
3 2215 2214 4773
3 2215 4789 1345
3 2214 2215 1345
3 259 5261 3953
3 3943 5261 293
3 292 3944 3945
3 3944 259 3945
3 3944 5296 293
3 5296 3944 292
3 5261 3944 293
3 3944 5261 259
3 928 2857 4267
3 928 2856 2857
3 928 4267 2826
3 4268 928 2826
3 2856 928 4268
3 4238 4237 2857
3 2856 4238 2857
3 4237 4238 901
3 4238 2855 902
3 4238 2856 2855
3 2889 4210 877
3 4210 878 877
3 4210 2889 901
3 4292 949 2770
3 949 4291 2770
3 949 4292 2802
3 2803 949 2802
3 4291 949 2803
3 973 2772 2773
3 2772 4290 2773
3 4290 2772 2771
3 4320 2772 973
3 2772 4320 2771
3 1582 1581 1610
3 1581 1582 1552
3 1582 1610 1611
3 4888 1582 1611
3 1582 4888 1957
3 1552 1582 1957
3 1958 1552 1551
3 1958 1581 1552
3 1581 1958 1580
3 1580 1958 1959
3 1959 1958 1550
3 1958 1551 1550
3 4883 1590 1943
3 4883 1562 1590
3 1591 4883 1943
3 4883 1591 1942
3 1564 4883 1942
3 4885 4884 1592
3 1941 4885 1592
3 4884 4885 1565
3 4885 4886 1565
3 4885 1941 4886
3 2043 1508 2020
3 2042 2043 2020
3 1508 2043 2021
3 2043 2066 1485
3 2043 2044 2021
3 2043 1485 2044
3 1487 2064 2065
3 1974 1536 4873
3 1536 1974 4874
3 1536 1511 1510
3 1511 1536 4874
3 1535 1564 4873
3 4883 1563 1562
3 1563 4883 1564
3 1614 1583 1613
3 1583 1949 1613
3 1583 1948 1949
3 1583 1947 1948
3 1583 1614 1947
3 1614 1916 1615
3 1916 1647 1615
3 4898 1616 1584
3 1616 4898 1615
3 1947 4898 1584
3 4898 1614 1615
3 1614 4898 1947
3 1647 1648 1615
3 1648 1616 1615
3 1648 1647 1880
3 1648 1681 1649
3 1680 1648 1880
3 1648 1680 1681
3 4872 1558 1528
3 1557 1558 4872
3 1559 1558 1946
3 1558 1557 1947
3 1558 1947 1584
3 1946 1558 1584
3 1944 1588 1589
3 1588 1944 4882
3 1590 1944 1589
3 1562 1944 1590
3 4882 1944 1562
3 1619 4899 1587
3 1619 1620 4899
3 1532 1977 1976
3 1977 1532 1996
3 1533 1532 1976
3 1532 1533 2020
3 1996 1532 2020
3 1541 1540 1569
3 1541 1542 2014
3 1541 1569 1935
3 1414 1401 2137
3 1401 1414 2136
3 1401 1400 2137
3 1401 2136 1390
3 1400 1401 1389
3 1401 1390 2149
3 1389 1401 2149
3 2118 2125 1425
3 2125 1412 2126
3 2125 1413 1412
3 2125 2118 1413
3 1993 2016 1540
3 1993 2015 2016
3 1541 1993 1540
3 2015 1993 2014
3 1993 1541 2014
3 1424 2107 1425
3 1424 2125 2126
3 2125 1424 1425
3 1424 2126 1423
3 2108 1437 2107
3 1437 1453 2093
3 1438 1437 2093
3 2107 1437 1438
3 2081 1467 2061
3 2061 1467 2062
3 1467 2082 2062
3 2095 1452 1436
3 2095 2109 1435
3 2095 1436 2109
3 1559 1979 1529
3 1979 1559 1560
3 1531 1530 1978
3 1530 1560 1978
3 1530 1979 1560
3 1530 1997 1529
3 1979 1530 1529
3 2022 1530 1531
3 1530 2022 1997
3 1483 1505 2045
3 1998 1505 1504
3 1505 1483 1482
3 1504 1505 1482
3 1505 1998 1529
3 1997 1505 1529
3 2085 1464 1448
3 1464 2085 2065
3 2085 1448 1447
3 1463 2085 1447
3 2066 2085 1463
3 2085 2066 2065
3 2084 1465 1449
3 2084 1464 1465
3 2098 2084 1449
3 2084 2098 1448
3 1464 2084 1448
3 3682 183 5179
3 5180 183 3682
3 183 3716 5179
3 183 5180 3716
3 3616 253 5252
3 253 3616 3647
3 253 3617 5252
3 3617 253 3647
3 3648 3617 3647
3 3617 3648 252
3 3648 5216 3649
3 3648 3618 252
3 3618 3648 3649
3 5218 3647 3646
3 220 5218 3646
3 5218 220 3647
3 649 5703 3168
3 5703 649 674
3 5616 3226 602
3 5702 5674 673
3 5674 648 673
3 5674 5702 3169
3 5643 3228 3229
3 3228 5643 624
3 623 5643 3229
3 5643 3198 624
3 5644 3228 624
3 5644 624 3197
3 5644 625 3227
3 3228 5644 3227
3 5644 5674 625
3 648 5644 3197
3 5674 5644 648
3 343 5315 3536
3 5315 343 312
3 312 343 5316
3 343 5348 5316
3 5348 343 3536
3 3795 5055 101
3 64 5055 3795
3 5055 5054 101
3 5054 5055 63
3 5055 3830 63
3 5055 64 3830
3 3759 5094 5093
3 140 3759 5093
3 5094 3759 5134
3 3759 140 5134
3 5286 3557 285
3 3557 5287 285
3 5636 618 3236
3 618 5637 3236
3 5637 618 3205
3 618 5666 3205
3 618 5636 5666
3 3230 622 5642
3 3230 598 622
3 622 3231 5641
3 598 3231 622
3 3232 3231 597
3 5641 3231 3232
3 3231 5611 597
3 3231 598 5611
3 3318 529 5558
3 3318 5558 3319
3 3643 223 5221
3 3644 3643 5221
3 3612 3643 256
3 3643 3613 256
3 3643 3644 3613
3 223 3643 5222
3 3643 3612 3642
3 5222 3643 3642
3 3355 5549 3354
3 5523 3355 3354
3 5549 3355 521
3 5522 3355 500
3 3355 5523 500
3 3355 3356 521
3 5521 3355 5522
3 3356 3355 5521
3 521 5548 3329
3 3356 5548 521
3 3436 5434 3435
3 5434 5435 3435
3 5434 3436 447
3 5435 5434 448
3 3411 5434 447
3 5434 5464 448
3 5464 5434 3411
3 496 3384 5491
3 5492 3384 496
3 5519 5518 3359
3 497 5518 5519
3 5518 497 496
3 5518 5545 3359
3 5545 5518 3360
3 3360 5517 3361
3 5517 495 3361
3 5518 5517 3360
3 5517 5518 496
3 495 5490 3386
3 5490 472 3386
3 472 5490 5463
3 3411 5490 473
3 5490 3411 5463
3 398 3458 3457
3 5379 398 3457
3 5378 398 3482
3 398 5379 3482
3 5408 424 5409
3 424 3432 5409
3 499 5495 3381
3 5495 3380 477
3 3380 5495 5522
3 5495 499 5522
3 396 3460 5376
3 396 5375 3461
3 396 5376 5375
3 5406 396 3461
3 3460 396 5406
3 397 5378 3483
3 421 3462 5404
3 3462 395 5374
3 3462 3463 5404
3 394 3462 5374
3 3463 3462 394
3 5683 657 3161
3 657 5683 3190
3 5683 3161 658
3 3189 5683 658
3 3190 632 5682
3 608 3248 584
3 584 3248 5596
3 3343 531 5561
3 531 3343 5560
3 5561 531 3316
3 531 5560 3316
3 5533 3343 509
3 5533 5507 3368
3 5507 5533 509
3 5533 3368 508
3 5533 508 3344
3 5560 5533 3344
3 3343 5533 5560
3 5723 691 3146
3 3147 5723 3146
3 5723 3120 691
3 5723 3147 5722
3 5752 713 3089
3 5752 734 714
3 5752 3089 734
3 3182 663 5690
3 4083 775 3048
3 775 4083 3024
3 4083 4082 3024
3 4083 3049 4082
3 4059 734 5762
3 3050 4059 753
3 4059 5762 753
3 4082 4059 3050
3 3049 4059 4082
3 2977 829 4151
3 829 2977 4150
3 810 2977 4151
3 4150 2977 810
3 2953 850 4176
3 850 2925 2895
3 850 2895 873
3 4176 850 873
3 2955 827 2956
3 827 4147 2956
3 827 2980 4147
3 2955 4174 849
3 4174 871 849
3 871 4174 2927
3 4174 2955 2956
3 848 4174 2956
3 2927 4174 848
3 3003 4127 4103
3 790 3003 4103
3 4127 3003 809
3 4126 790 4102
3 4126 2979 809
3 2979 4126 808
3 3003 4126 809
3 4126 3003 790
3 4055 4078 771
3 4078 4055 3054
3 4078 3029 771
3 3029 4078 3030
3 3030 4078 770
3 770 4078 4054
3 4078 3054 4054
3 750 4055 5758
3 4055 750 3054
3 730 750 5758
3 750 730 4054
3 3054 750 4054
3 686 3125 5718
3 3152 686 5718
3 3153 686 3152
3 686 3153 5717
3 3126 5717 685
3 3126 686 5717
3 3064 763 4069
3 3064 4045 4068
3 763 3064 4068
3 4047 4034 743
3 4034 4047 724
3 4034 724 3101
3 3102 4034 5739
3 4034 704 5739
3 704 4034 3101
3 3062 743 4070
3 3062 4047 743
3 3062 4070 4071
3 744 3062 4071
3 4047 3062 744
3 703 5738 3103
3 703 3102 5739
3 3128 703 5739
3 5738 703 3128
3 4033 703 3103
3 703 4033 3102
3 4117 783 4093
3 4093 783 4094
3 4094 783 3011
3 783 4118 3011
3 5717 3154 685
3 3153 3154 5717
3 3154 5716 685
3 3154 3153 5690
3 663 3154 5690
3 5719 687 3124
3 3125 687 5718
3 3124 687 3125
3 687 3151 5718
3 687 5719 3151
3 3123 5719 3124
3 5743 3123 3124
3 3123 5744 3122
3 5744 3123 707
3 3123 5743 707
3 4037 3098 706
3 3098 4037 727
3 3098 5743 706
3 5743 3098 727
3 742 4032 4045
3 3064 742 4045
3 3063 742 4069
3 742 3064 4069
3 4032 742 3103
3 742 4033 3103
3 5689 3183 637
3 3183 5661 637
3 663 3183 5689
3 5661 3210 614
3 3210 5662 5632
3 614 3210 5632
3 3183 3210 5661
3 3185 5660 3212
3 5660 3184 637
3 613 5660 637
3 5660 613 3212
3 662 3155 5689
3 3154 3155 5716
3 3155 663 5689
3 3155 3154 663
3 3060 4072 766
3 4072 3036 4096
3 766 4072 4096
3 4072 765 3036
3 4072 3061 765
3 3061 4072 745
3 4072 3060 745
3 4050 767 4074
3 4050 3059 767
3 4050 4074 3058
3 3059 4050 746
3 727 4050 3058
3 4050 727 746
3 4037 726 746
3 726 3059 746
3 3059 726 4049
3 726 4036 4049
3 726 3099 4036
3 3099 726 706
3 726 4037 706
3 2954 4175 2925
3 2954 2955 849
3 4175 2954 849
3 2954 828 4149
3 2979 2954 4149
3 850 2954 2925
3 2954 2953 828
3 2954 850 2953
3 2841 4254 916
3 916 4254 2870
3 4254 2840 2870
3 4254 2841 2811
3 2840 4254 2811
3 3958 3967 228
3 3958 229 3967
3 5227 3958 228
3 229 3958 5227
3 3966 3957 230
3 229 3957 3966
3 3957 5228 230
3 3957 229 5228
3 3906 386 385
3 3907 3906 385
3 5397 3906 3907
3 386 3906 3905
3 3906 5397 3905
3 5295 324 3936
3 5330 324 3937
3 324 5330 3936
3 324 291 3937
3 324 5295 291
3 356 3917 3925
3 5331 356 3925
3 356 5331 3935
3 5296 325 3935
3 325 5296 292
3 325 5295 3936
3 5295 325 292
3 3919 3927 354
3 3918 3927 3919
3 354 3927 3937
3 3927 5330 3937
3 295 327 5298
3 3941 295 5298
3 5263 295 3941
3 294 3943 326
3 3934 294 326
3 294 3934 5297
3 294 5262 3943
3 261 5262 3951
3 5262 261 3943
3 328 3932 329
3 3932 328 5333
3 3932 3922 329
3 3930 5334 3921
3 3913 359 3914
3 3922 359 3913
3 359 3932 5333
3 3932 359 3922
3 3923 5333 3933
3 358 3923 3933
3 359 3923 3914
3 3923 359 5333
3 3914 3923 3915
3 3923 358 3915
3 4429 2629 1063
3 2660 4429 1063
3 2629 4429 1062
3 4429 2661 1062
3 4429 2660 2661
3 4284 943 2779
3 4283 943 2810
3 943 4283 2779
3 943 2809 2810
3 943 4284 2809
3 2716 1018 4373
3 4344 2716 4373
3 2716 4344 993
3 4343 2716 993
3 1018 2716 4343
3 2683 1019 4373
3 4345 2746 994
3 4345 1019 2714
3 1019 4345 994
3 2746 4345 995
3 1020 4345 2714
3 4345 1020 995
3 4562 2465 2434
3 2434 2465 1197
3 1171 2465 2496
3 2465 4562 2496
3 2465 4561 1197
3 4561 2465 1171
3 1043 2652 2651
3 4406 1043 2651
3 1043 4405 2652
3 4405 1043 2684
3 1043 2683 2684
3 1043 4406 2683
3 2466 1170 1196
3 4560 1170 2466
3 1170 2436 1196
3 2436 1170 2467
3 1170 4560 2467
3 2502 1141 2503
3 4523 1141 2502
3 1141 4523 2533
3 1141 4522 2503
3 4522 1141 2533
3 4556 1167 2502
3 1167 4556 1193
3 2440 4556 2471
3 4556 2440 1193
3 4525 2500 1143
3 4525 2531 1142
3 2500 4525 1142
3 2501 4557 2469
3 1168 2501 2469
3 2501 1168 2500
3 2501 2500 1142
3 4557 2501 1167
3 1167 2501 2502
3 2501 4523 2502
3 2500 2499 1143
3 4525 1118 2531
3 1117 1118 2563
3 1118 1117 2531
3 4586 2440 2471
3 2440 4586 1193
3 1166 4586 2471
3 4586 1166 1192
3 4555 1166 2503
3 1166 2472 1192
3 2472 1166 4555
3 4556 1166 2471
3 1166 2502 2503
3 1166 4556 2502
3 2323 4693 1259
3 1280 4693 2323
3 4693 2322 1259
3 2322 4693 1281
3 4693 1280 2296
3 4717 2296 2272
3 1301 4717 2272
3 4717 4693 2296
3 4717 1301 1281
3 4693 4717 1281
3 2254 1316 4757
3 4758 2254 4757
3 2254 4758 1317
3 4736 2254 1317
3 2254 4736 2277
3 2252 1318 4737
3 1318 2252 4759
3 2252 4737 2253
3 4759 2252 2253
3 2300 1297 4713
3 1277 2300 4713
3 4689 2300 1277
3 2301 2300 4688
3 2300 2327 4688
3 2300 4689 2327
3 2300 2301 4712
3 1297 2300 4712
3 4585 2442 1191
3 4585 2472 1165
3 2442 4585 1165
3 1192 4585 2411
3 4585 4613 2411
3 4585 1191 4613
3 2591 4497 1094
3 4498 4497 2561
3 4497 4498 1094
3 4497 2591 2592
3 1093 4497 2592
3 2561 4497 2562
3 4497 1093 2562
3 4494 1116 2564
3 1090 4494 2595
3 4494 1091 2595
3 1091 4494 2564
3 2532 1116 4523
3 4524 2532 1142
3 1117 2532 4524
3 2532 2501 1142
3 2501 2532 4523
3 1116 2532 2564
3 2532 1117 2564
3 4496 1118 2562
3 1118 4496 2563
3 1093 4496 2562
3 2593 4496 1093
3 4465 2624 1066
3 2624 1067 4434
3 4433 2624 4434
3 1066 2624 4433
3 1091 2594 4465
3 1248 4680 2336
3 1310 4728 2262
3 1288 4701 2288
3 2313 4701 4677
3 4701 1287 2288
3 1287 4701 2313
3 2286 4726 2263
3 1309 4726 2264
3 4726 1309 2263
3 2287 1288 4725
3 2287 1308 2264
3 1308 2287 4725
3 4726 2287 2264
3 1288 2287 4702
3 2287 4726 4702
3 4678 1268 2338
3 2311 1288 4702
3 2311 1268 4678
3 2312 2311 4678
3 2311 2312 1288
3 4701 2312 4677
3 2312 4701 1288
3 4727 2263 2262
3 4727 2286 2263
3 4672 1263 2345
3 2317 1263 4696
3 1263 4672 4696
3 2347 4670 1261
3 1243 2347 1261
3 2347 1243 2374
3 4594 2431 4566
3 2431 4595 2461
3 4566 2431 2461
3 2431 4594 4645
3 2518 1153 2487
3 2518 2487 4541
3 2517 2518 4541
3 1129 2518 2517
3 2518 1129 4508
3 1128 2518 4508
3 1103 2549 4508
3 2549 1128 4508
3 1102 2549 1103
3 4505 2551 1101
3 2551 4505 1126
3 2551 2583 1101
3 2551 1102 2583
3 2518 2519 1153
3 2519 2518 1128
3 4633 1232 2389
3 4633 2389 1210
3 1232 2390 2360
3 1231 2390 4632
3 2360 2390 1231
3 4633 2390 1232
3 4632 2390 1209
3 2390 4633 1210
3 2390 4607 1209
3 2390 1210 4607
3 2261 2238 4751
3 1311 2261 4751
3 2261 4750 2238
3 4750 2261 1310
3 2261 1311 4729
3 2261 4728 1310
3 2284 4729 2283
3 4705 2284 2283
3 2284 2261 4729
3 2261 2284 4728
3 1274 4685 4709
3 2303 1274 4709
3 1274 2331 4685
3 1274 2330 2331
3 4686 1274 2303
3 1274 4686 2330
3 2238 4769 1327
3 4768 4769 2238
3 4769 4768 2219
3 1327 4769 2218
3 4769 2219 2218
3 4481 2578 1106
3 2577 4481 1106
3 2334 1250 4655
3 4655 1250 2363
3 1250 4656 2363
3 4656 1250 2333
3 1250 2334 2333
3 4683 1272 2333
3 4799 2155 1369
3 2170 4799 1369
3 4710 2278 1296
3 2278 4710 4734
3 2278 4734 2255
3 4731 2281 1293
3 2281 4732 4708
3 1293 2281 4708
3 2281 2258 4732
3 2281 4731 2258
3 4706 4705 2283
3 4706 2307 4705
3 2282 4731 1293
3 4707 2282 1293
3 2282 4730 2259
3 4731 2282 2259
3 2888 4210 901
3 2888 4238 902
3 4238 2888 901
3 4210 2888 878
3 4211 2888 902
3 878 2888 4211
3 1486 2043 2042
3 1486 1487 2065
3 1487 1486 2042
3 2066 1486 2065
3 2043 1486 2066
3 1487 2041 2064
3 2040 2041 1510
3 2041 1509 1510
3 2041 2042 1509
3 2041 1487 2042
3 1533 2019 1509
3 1535 2019 1533
3 1509 2019 1510
3 1534 1535 4873
3 1534 1536 1510
3 1536 1534 4873
3 2019 1534 1510
3 1534 2019 1535
3 1975 1535 1533
3 1975 1533 1562
3 1563 1975 1562
3 1535 1975 1564
3 1975 1563 1564
3 1916 1646 1647
3 1647 1646 1881
3 1646 1614 1917
3 1646 1916 1614
3 1881 1646 1882
3 1882 1646 1645
3 1646 1917 1645
3 1915 1648 1649
3 1648 1915 1616
3 1617 1915 1649
3 1915 1617 1616
3 1980 1559 1529
3 1980 1558 1559
3 1558 1980 1528
3 1980 1998 1528
3 1998 1980 1529
3 1618 1587 1586
3 1618 1619 1587
3 1617 1618 1586
3 1619 4914 1620
3 1912 4914 1652
3 1620 4914 1912
3 4914 1651 1652
3 1542 1967 1570
3 1541 1967 1542
3 1570 1967 1935
3 1967 1541 1935
3 2094 2108 1436
3 2094 1437 2108
3 1452 2094 1436
3 1437 2094 1453
3 2094 2080 1453
3 2094 1452 2080
3 1467 4845 2082
3 4845 1467 2081
3 2095 4845 1452
3 4845 2081 1468
3 1452 4845 1468
3 2096 1451 1435
3 1451 2095 1435
3 2082 1451 2096
3 4845 1451 2082
3 1451 4845 2095
3 1507 1531 2021
3 1507 2022 1531
3 2044 1507 2021
3 2022 1507 2044
3 1506 2044 2045
3 1506 2022 2044
3 2022 1506 1997
3 5217 3648 3647
3 5217 3647 3681
3 3682 5217 3681
3 5676 650 626
3 649 5676 626
3 650 5676 3168
3 5676 649 3168
3 3226 5646 602
3 5646 626 3225
3 602 5646 3225
3 5646 649 626
3 601 3226 5616
3 3227 601 5615
3 5615 601 3257
3 601 5616 3257
3 5674 5675 625
3 5675 5674 3169
3 674 5675 3169
3 649 5675 674
3 3198 5673 647
3 5643 5673 3198
3 5673 623 647
3 5673 5643 623
3 317 3557 5286
3 5321 317 3558
3 317 5286 3558
3 348 317 5321
3 3557 5322 5287
3 5287 5322 3556
3 5322 317 348
3 317 5322 3557
3 3556 5322 318
3 5322 348 3529
3 5322 349 318
3 5322 3529 349
3 599 3230 5642
3 623 599 5642
3 599 623 3229
3 598 3261 5611
3 5611 3261 574
3 3261 3290 574
3 577 3288 3259
3 3288 5587 3316
3 3288 577 3287
3 5587 3288 3287
3 552 3318 3319
3 3318 552 5585
3 5584 552 3319
3 5585 552 5584
3 5560 3317 3316
3 3330 520 5547
3 520 3356 3357
3 520 3357 5547
3 520 5548 3356
3 3329 520 3330
3 5548 520 3329
3 5464 3410 448
3 3410 5464 473
3 5491 3410 473
3 3384 3410 5491
3 474 3384 5492
3 474 5492 3383
3 3385 5491 473
3 5490 3385 473
3 3385 496 5491
3 3385 5517 496
3 5517 3385 495
3 3385 5490 495
3 5521 5494 498
3 3381 5494 5521
3 497 5493 3383
3 5493 497 5520
3 3460 5377 3484
3 397 5377 3460
3 5377 397 3483
3 5377 3483 3509
3 3484 5377 3509
3 3459 3460 5407
3 3459 397 3460
3 5408 3459 423
3 3459 5407 423
3 3459 5408 3458
3 398 3459 3458
3 3459 398 5378
3 397 3459 5378
3 5405 3462 421
3 395 5405 3461
3 3462 5405 395
3 5405 5406 3461
3 5405 422 5406
3 422 5405 3435
3 5405 3436 3435
3 5405 421 3436
3 632 5625 608
3 5625 3248 608
3 5626 5625 609
3 633 5655 3189
3 5655 5683 3189
3 5683 5655 3190
3 5655 632 3190
3 5654 632 608
3 5654 3191 5682
3 632 5654 5682
3 3248 585 5596
3 5625 585 3248
3 585 3277 5596
3 3277 585 5597
3 690 5723 5722
3 5723 690 3120
3 690 5722 3121
3 5746 690 3121
3 3120 690 5746
3 713 3115 5751
3 5752 3115 713
3 5751 3115 3116
3 3115 694 3116
3 694 3115 5727
3 3115 5728 5727
3 695 3113 3141
3 5728 695 3141
3 4060 4083 3048
3 4060 735 5763
3 4060 3048 735
3 4148 827 2955
3 2954 4148 2955
3 4148 2954 2979
3 827 4148 2980
3 4148 808 2980
3 4148 2979 808
3 4101 3004 4102
3 3004 4126 4102
3 3004 4101 789
3 4126 3004 808
3 4125 3004 789
3 808 3004 4125
3 3127 5740 685
3 5740 3126 685
3 704 5740 5739
3 5740 3127 5739
3 4033 723 3102
3 4034 723 743
3 723 4034 3102
3 783 3012 4118
3 3012 783 4117
3 3012 4117 801
3 802 3012 801
3 3012 802 4118
3 3123 688 5719
3 3150 688 5720
3 5719 688 3150
3 5720 688 3122
3 688 3123 3122
3 4046 742 3063
3 742 4046 4033
3 4046 723 4033
3 4046 3063 743
3 723 4046 743
3 638 3182 5662
3 3210 638 5662
3 638 663 3182
3 638 3183 663
3 638 3210 3183
3 5660 5688 3184
3 5688 662 3184
3 3155 5688 3156
3 5688 3155 662
3 5715 3155 3156
3 5714 5715 3156
3 5716 5715 684
3 3155 5715 5716
3 5715 5714 3128
3 684 5715 3128
3 355 3927 3918
3 3927 355 5330
3 3926 356 3935
3 325 3926 3935
3 3926 325 3936
3 5330 3926 3936
3 355 3926 5330
3 356 3926 3917
3 3926 3918 3917
3 3926 355 3918
3 327 3942 5297
3 295 3942 327
3 3942 294 5297
3 294 3942 5262
3 3942 262 3951
3 5262 3942 3951
3 3942 5263 262
3 3942 295 5263
3 260 5261 3943
3 261 260 3943
3 5261 260 3953
3 260 5225 3953
3 3922 3931 329
3 5334 3931 3922
3 329 3931 5299
3 5299 3931 330
3 3931 3930 330
3 3931 5334 3930
3 360 3913 3921
3 5334 360 3921
3 360 3922 3913
3 360 5334 3922
3 4344 2715 994
3 2715 1019 994
3 2715 4344 4373
3 1019 2715 4373
3 1019 4374 2714
3 4375 4374 2682
3 2714 4374 4375
3 4374 2683 2682
3 4374 1019 2683
3 4558 2469 2438
3 4558 1168 2469
3 1195 4558 2438
3 4558 1195 2437
3 1168 4558 2500
3 2499 4526 1143
3 4526 2499 1144
3 4526 1144 2529
3 2499 2498 1144
3 4560 2498 2467
3 2498 1169 2467
3 2498 2499 1169
3 1144 2498 4527
3 4527 2498 1145
3 1145 2498 2497
3 2498 4560 2497
3 2410 4614 1216
3 4615 2410 1216
3 4614 2410 1192
3 2410 4586 1192
3 1193 2410 4615
3 4586 2410 1193
3 2472 2441 1192
3 2441 4585 1192
3 4585 2441 2472
3 4494 2565 1116
3 1115 2565 4493
3 2565 1090 4493
3 2565 4494 1090
3 2565 1115 2533
3 1116 2565 2533
3 2624 4466 1067
3 4466 2623 1067
3 4466 1093 2623
3 4466 2593 1093
3 2594 1092 4465
3 1092 2624 4465
3 4466 1092 2593
3 1092 4466 2624
3 1092 4496 2593
3 1269 4680 1248
3 1289 2311 4702
3 4726 1289 4702
3 1289 4726 2286
3 1267 4678 2339
3 1267 2312 4678
3 1267 2339 4677
3 2312 1267 4677
3 4727 2285 1290
3 2284 2285 4728
3 4728 2285 2262
3 2285 4727 2262
3 2344 4646 2345
3 1263 2344 2345
3 2344 2343 4647
3 2372 2344 4647
3 2344 2372 4646
3 1242 2347 2374
3 2348 1242 2375
3 1242 2374 2375
3 4670 1242 2348
3 2347 1242 4670
3 4595 4621 2402
3 2431 4621 4595
3 4621 2372 2402
3 4621 2373 2372
3 2373 4621 4645
3 4621 2431 4645
3 1153 4540 2488
3 4540 2519 2488
3 2519 4540 1153
3 2520 1152 2488
3 2519 2520 2488
3 2520 4539 1152
3 2520 1126 2521
3 4539 2520 2521
3 4507 2519 1128
3 4507 2549 1102
3 2549 4507 1128
3 1291 2284 4705
3 4681 1271 2335
3 4681 2307 1271
3 2608 1081 4452
3 2608 4452 2639
3 1081 2608 4482
3 2608 2639 4451
3 1080 2608 4451
3 2608 2577 4482
3 2608 4481 2577
3 4481 2608 1080
3 2609 1080 4451
3 2640 2609 4451
3 4450 2609 2640
3 2609 4450 2610
3 1079 2609 2610
3 2609 1079 4480
3 2578 2609 4480
3 4481 2609 2578
3 2609 4481 1080
3 4682 2334 1271
3 2307 4682 1271
3 4706 4682 2307
3 1368 4810 2155
3 4799 1368 2155
3 1368 4797 1367
3 1368 1367 2157
3 4809 1368 2157
3 4735 2254 2277
3 4735 2277 1296
3 2278 4735 1296
3 2254 4735 1316
3 1316 4735 2255
3 4735 2278 2255
3 1488 2041 2040
3 2041 1488 2064
3 1488 2063 2064
3 1488 2040 1489
3 2063 1488 1489
3 1618 1914 1650
3 1914 1618 1617
3 1650 1914 1649
3 1914 1617 1649
3 1913 1618 1650
3 1618 1913 1619
3 1913 4914 1619
3 1913 1650 1651
3 4914 1913 1651
3 2023 1505 1997
3 1506 2023 1997
3 1505 2023 2045
3 2023 1506 2045
3 219 5217 3682
3 5217 219 3648
3 219 3682 5216
3 3648 219 5216
3 5646 5645 649
3 5675 5645 625
3 5645 5675 649
3 5645 5646 3226
3 601 5645 3226
3 625 5645 3227
3 5645 601 3227
3 5613 3229 3259
3 5613 599 3229
3 553 3288 3316
3 3288 553 5586
3 3317 553 3316
3 553 3317 3318
3 553 3318 5586
3 530 5560 3344
3 530 3317 5560
3 5465 3410 3384
3 474 5465 3384
3 5465 474 3409
3 3410 5465 448
3 5465 3409 5436
3 448 5465 5436
3 3382 5494 475
3 5493 3382 475
3 5494 3382 498
3 3382 5520 498
3 3382 5493 5520
3 3432 5438 3431
3 3405 5468 477
3 5468 5495 477
3 3409 449 5436
3 449 3434 5436
3 3434 449 423
3 3433 424 5408
3 3433 5437 424
3 3433 5408 423
3 449 3433 423
3 3433 449 5437
3 450 5438 3432
3 5438 450 3407
3 424 450 3432
3 5437 450 424
3 3407 450 475
3 3217 5625 632
3 5655 3217 632
3 5625 3217 609
3 3217 633 609
3 3217 5655 633
3 3191 3218 631
3 5654 3218 3191
3 3218 5654 608
3 631 3218 5624
3 3218 608 5624
3 3247 5625 5626
3 3247 585 5625
3 3247 5626 3246
3 5597 3247 3246
3 585 3247 5597
3 3114 3115 5752
3 3115 3114 5728
3 3114 695 5728
3 3114 714 5753
3 3114 5752 714
3 3113 3114 5753
3 695 3114 3113
3 4083 754 3049
3 4060 754 4083
3 754 4060 5763
3 734 754 5763
3 4059 754 734
3 754 4059 3049
3 5740 5741 3126
3 3125 5741 705
3 5741 3100 705
3 686 5741 3125
3 3126 5741 686
3 5741 704 3100
3 5741 5740 704
3 661 5660 3185
3 661 5688 5660
3 5688 661 3156
3 661 3185 5687
3 3157 661 5687
3 661 3157 3156
3 260 3952 5225
3 3952 260 261
3 5225 3952 227
3 3952 5226 227
3 5226 3952 3951
3 3952 261 3951
3 2499 4559 1169
3 2468 2499 2500
3 4558 2468 2500
3 2468 4559 2499
3 2468 4558 2437
3 1169 2468 2437
3 4559 2468 1169
3 2530 4525 1143
3 4526 2530 1143
3 2530 1118 4525
3 1118 2530 2562
3 2530 2561 2562
3 2530 1119 2561
3 1119 2530 2529
3 2530 4526 2529
3 4495 1092 2594
3 4495 2594 1091
3 4496 4495 2563
3 1092 4495 4496
3 4495 1091 2564
3 4495 1117 2563
3 1117 4495 2564
3 2309 1269 1290
3 1269 2309 4680
3 1247 2337 4652
3 2337 4653 4652
3 4653 2337 1248
3 2337 1269 1248
3 1269 2310 1290
3 2343 4673 1264
3 2344 4673 2343
3 4673 2316 1264
3 4673 1263 2317
3 4673 2344 1263
3 2316 4673 4697
3 4673 2317 4697
3 1127 2551 1126
3 2520 1127 1126
3 1127 2520 2519
3 4704 2285 2284
3 1291 4704 2284
3 2285 4704 1290
3 4704 2309 1290
3 2307 2308 4705
3 4681 2308 2307
3 2308 1291 4705
3 2308 4704 1291
3 4704 2308 2309
3 4682 2306 4683
3 4683 2306 1272
3 2306 1293 1272
3 2306 4707 1293
3 4810 2156 1382
3 1368 2156 4810
3 2156 4809 1382
3 2156 1368 4809
3 4798 1368 4799
3 4798 4799 2170
3 1368 4798 4797
3 576 5613 3259
3 3288 576 3259
3 576 3288 5586
3 3230 5612 598
3 5612 3261 598
3 599 5612 3230
3 5613 5612 599
3 5532 5559 3344
3 5559 530 3344
3 5559 5532 3345
3 529 5559 3345
3 3318 5559 529
3 3317 5559 3318
3 530 5559 3317
3 451 5439 3431
3 5438 451 3431
3 5439 451 3405
3 476 5494 3381
3 5495 476 3381
3 5468 476 5495
3 449 3408 5437
3 450 3408 475
3 3408 450 5437
3 474 3408 3409
3 3408 449 3409
3 2311 4679 1268
3 1268 4679 2338
3 1289 4679 2311
3 2310 4679 1289
3 4679 1247 2338
3 4679 2337 1247
3 2337 4679 1269
3 4679 2310 1269
3 4703 1289 2286
3 4703 2310 1289
3 2310 4703 1290
3 4703 4727 1290
3 4727 4703 2286
3 2551 4506 1102
3 1127 4506 2551
3 4507 2550 2519
3 2550 1127 2519
3 2550 4506 1127
3 2550 4507 1102
3 4506 2550 1102
3 2309 1270 4680
3 2308 1270 2309
3 4680 1270 2336
3 1270 2308 4681
3 1270 2335 2336
3 1270 4681 2335
3 1292 4682 4706
3 1292 2306 4682
3 2306 1292 4707
3 1292 2282 4707
3 2282 1292 4730
3 4730 1292 2283
3 1292 4706 2283
3 2171 2170 1354
3 2171 4798 2170
3 2171 1354 2172
3 2171 2172 4797
3 4798 2171 4797
3 3289 576 5586
3 3290 3289 5585
3 3289 3318 5585
3 3318 3289 5586
3 476 5467 5494
3 5467 476 3407
3 5494 5467 475
3 5467 3407 475
3 3406 476 5468
3 3406 5468 3405
3 451 3406 3405
3 476 3406 3407
3 3406 5438 3407
3 3406 451 5438
3 5466 5493 475
3 3408 5466 475
3 5493 5466 3383
3 5466 474 3383
3 5466 3408 474
3 576 3260 5613
3 3289 3260 576
3 3260 5612 5613
3 5612 575 3261
3 3260 575 5612
3 575 3260 3289
3 3261 575 3290
3 575 3289 3290
3 2052 1474 2053
3 1474 2052 1475
3 2102 2101 1430
3 2102 1430 1429
3 4167 2962 821
3 2962 4167 843
3 1110 2540 2539
3 1111 1110 2539
3 466 5486 467
3 3893 466 467
3 3319 5557 3320
3 5557 528 3320
3 5731 3136 5730
3 5730 3136 3137
3 164 3740 3741
3 3740 164 5157
3 4738 4739 2273
3 2274 4738 2273
3 4739 4740 2273
3 4740 2272 2273
3 2106 1439 2105
3 2105 1439 1440
3 5519 3358 5520
3 5520 3358 3357
3 1424 2108 2107
3 2108 1424 1423
3 4682 4683 2333
3 2334 4682 2333
