# Flat roof (garage) from ZBGIS LAZ
# Mikulasa Kopernika 7004/38, Trnava

v 7.4722 8.0466 4.0000
v 7.4722 7.8066 4.0600
v 7.4722 7.5766 4.1500
v 7.4722 7.3466 4.2000
v 7.4722 7.0966 4.2600
v 7.4822 6.8366 4.2600
v 7.4822 6.6366 4.3300
v 7.4822 6.3966 4.3900
v 7.4822 6.1466 4.4500
v 7.4922 5.8866 4.4700
v 7.4922 5.7066 4.5400
v 7.4922 5.4166 4.5500
v 7.4922 5.1966 4.6400
v 7.4922 4.9666 4.7000
v 7.5022 4.7266 4.7300
v 7.5022 4.4966 4.8200
v 7.5022 4.2566 4.9000
v 7.5022 4.0066 4.9500
v 7.5122 3.7466 4.9700
v 7.5122 3.4466 4.8600
v 7.5122 3.1266 4.7600
v 7.5122 2.8566 4.7100
v 7.5222 2.5866 4.6200
v 7.5222 2.3266 4.5700
v 7.5222 2.0366 4.4800
v 7.5222 1.7566 4.3900
v 7.5322 1.5066 4.4100
v 7.5322 1.2366 4.3500
v 7.5322 0.9466 4.2100
v 7.5322 0.6466 4.1300
v 7.5422 0.3766 4.0600
v 7.5422 0.0966 4.0300
v 7.5422 -0.1934 3.9300
v 7.5422 -0.4834 3.8700
v 7.5522 -0.7434 3.8300
v 7.5522 -1.0334 3.7100
v 7.5522 -1.2934 3.7000
v 7.2322 7.9266 4.1000
v 7.2322 7.7166 4.1700
v 7.2422 7.4566 4.1900
v 7.2422 7.2266 4.3000
v 7.2422 6.9866 4.3200
v 7.2422 6.7466 4.3700
v 7.2522 6.5366 4.4500
v 7.2522 6.2666 4.4400
v 7.2522 6.0166 4.5100
v 7.2522 5.8066 4.5900
v 7.2522 5.5366 4.6300
v 7.2622 5.2966 4.7100
v 7.2622 5.0466 4.7400
v 7.2622 4.8166 4.7800
v 7.2622 4.5966 4.8500
v 7.2622 4.3766 4.8900
v 7.2722 4.1366 4.9300
v 7.2722 3.9366 5.0100
v 7.2722 3.6466 4.9800
v 7.2722 3.3966 4.9600
v 7.2822 3.1366 4.9100
v 7.2822 2.8366 4.7800
v 7.2822 2.5666 4.7100
v 7.2822 2.2666 4.6200
v 7.2922 1.9766 4.5700
v 7.2922 1.6666 4.4300
v 7.2922 1.3966 4.3500
v 7.2922 1.1166 4.2900
v 7.3022 0.8266 4.1900
v 7.3022 0.5866 4.2200
v 7.3022 0.2666 4.0900
v 7.3122 -0.0334 3.9300
v 7.3122 -0.2734 3.9500
v 7.3122 -0.5534 3.9100
v 7.3122 -0.8934 3.7500
v 7.3222 -1.1634 3.7400
v 7.3222 -1.4534 3.6700
v 7.0222 8.0766 4.1600
v 7.0322 7.8166 4.1800
v 7.0322 7.5766 4.2900
v 7.0322 7.3066 4.2700
v 7.0322 7.0766 4.3400
v 7.0422 6.8266 4.4000
v 7.0422 6.5666 4.4400
v 7.0422 6.3566 4.5300
v 7.0422 6.1266 4.5300
v 7.0422 5.9266 4.6500
v 7.0522 5.6866 4.6600
v 7.0522 5.4366 4.6800
v 7.0522 5.2066 4.7600
v 7.0522 4.9866 4.8000
v 7.0522 4.7666 4.8700
v 7.0622 4.4966 4.8600
v 7.0622 4.3066 4.9800
v 7.0622 4.0466 4.9800
v 7.0622 3.8366 5.1100
v 7.0722 3.5466 5.0500
v 7.0722 3.2866 4.9900
v 7.0722 2.9866 4.8300
v 7.0722 2.6966 4.7800
v 7.0822 2.4366 4.7700
v 7.0822 2.1266 4.6600
v 7.0822 1.8566 4.5400
v 7.0822 1.5966 4.5200
v 7.0922 1.2766 4.4100
v 7.0922 0.9766 4.3300
v 7.0922 0.6966 4.2500
v 7.0922 0.4066 4.2000
v 7.1022 0.1466 4.1800
v 7.1022 -0.1734 4.0600
v 7.1022 -0.4334 4.0000
v 7.1122 -0.7134 3.8800
v 7.1122 -1.0134 3.7700
v 7.1122 -1.3134 3.7200
v 7.1122 -1.5934 3.6400
v 6.7622 8.1366 4.1300
v 6.7622 7.9366 4.2500
v 6.7722 7.6866 4.2600
v 6.7722 7.4666 4.3200
v 6.7722 7.2566 4.3700
v 6.7722 6.9966 4.4000
v 6.7722 6.7966 4.5200
v 6.7822 6.5566 4.5300
v 6.7822 6.3266 4.5800
v 6.7822 6.1066 4.6200
v 6.7822 5.8766 4.6800
v 6.7922 5.6066 4.7300
v 6.7922 5.3766 4.7600
v 6.7922 5.1566 4.8000
v 6.7922 4.9466 4.9000
v 6.7922 4.7066 4.9600
v 6.8022 4.4566 5.0000
v 6.8022 4.2466 5.1200
v 6.8022 4.0066 5.1100
v 6.8122 3.4566 5.0300
v 6.8122 3.1766 4.9800
v 6.8122 2.8766 4.9200
v 6.8122 2.5866 4.8300
v 6.8222 2.3066 4.7700
v 6.8222 1.9966 4.6700
v 6.8222 1.7266 4.5800
v 6.8222 1.4666 4.5000
v 6.8322 1.1766 4.4600
v 6.8322 0.8766 4.3500
v 6.8322 0.5766 4.2600
v 6.8422 0.2966 4.1900
v 6.8422 -0.0234 4.0800
v 6.8422 -0.2634 4.0400
v 6.8422 -0.5434 4.0000
v 6.8522 -0.8134 3.9600
v 6.8522 -1.1134 3.8400
v 6.8522 -1.4134 3.7600
v 6.8522 -1.6734 3.7100
v 6.8622 -1.9734 3.6400
v 6.4822 8.0366 4.3100
v 6.4822 7.8066 4.2900
v 6.4922 7.5766 4.3800
v 6.4922 7.3266 4.4500
v 6.4922 7.0866 4.4700
v 6.4922 6.8566 4.5000
v 6.4922 6.6866 4.6300
v 6.5022 6.3966 4.6500
v 6.5022 6.1766 4.7100
v 6.5022 5.9066 4.6800
v 6.5022 5.6966 4.7300
v 6.5122 5.4966 4.8700
v 6.5122 5.2266 4.9000
v 6.5122 4.9766 4.9000
v 6.5122 4.7466 4.9800
v 6.5122 4.4966 5.0400
v 6.5222 4.2666 5.1000
v 6.5322 3.2666 5.0900
v 6.5322 2.9566 4.9900
v 6.5322 2.6566 4.8900
v 6.5322 2.3866 4.8600
v 6.5422 2.0966 4.7700
v 6.5422 1.8166 4.6700
v 6.5422 1.5366 4.6000
v 6.5422 1.2566 4.5800
v 6.5522 0.9666 4.4500
v 6.5522 0.6866 4.4000
v 6.5522 0.3966 4.3100
v 6.5622 0.1066 4.2300
v 6.5622 -0.2034 4.1200
v 6.5622 -0.4734 4.1000
v 6.5622 -0.7534 4.0400
v 6.5722 -1.0634 3.9300
v 6.5722 -1.3634 3.8500
v 6.5722 -1.6434 3.8000
v 6.5722 -1.9534 3.6800
v 6.5822 -2.1734 3.7100
v 6.2122 8.0466 4.3300
v 6.2122 7.8066 4.3800
v 6.2222 7.5966 4.4500
v 6.2222 7.3666 4.5100
v 6.2222 7.1066 4.5700
v 6.2222 6.8666 4.6200
v 6.2222 6.6366 4.6900
v 6.2322 6.3766 4.7100
v 6.2322 6.1466 4.7400
v 6.2322 5.9266 4.8000
v 6.2322 5.6766 4.8300
v 6.2422 5.4666 4.9300
v 6.2422 5.2166 4.9300
v 6.2422 4.9866 5.0100
v 6.2422 4.7466 5.1000
v 6.2422 4.4766 5.0900
v 6.2622 3.2466 5.1300
v 6.2622 2.9666 5.0500
v 6.2622 2.6566 4.9300
v 6.2622 2.3966 4.9400
v 6.2722 2.0766 4.8200
v 6.2722 1.7966 4.7300
v 6.2722 1.5066 4.6700
v 6.2722 1.1866 4.5300
v 6.2822 0.9066 4.4800
v 6.2822 0.6466 4.4700
v 6.2822 0.3066 4.2900
v 6.2822 0.0566 4.3100
v 6.2922 -0.2734 4.1300
v 6.2922 -0.5034 4.1400
v 6.2922 -0.7934 4.0800
v 6.3022 -1.1034 3.9500
v 6.3022 -1.4034 3.8700
v 6.3022 -1.6834 3.8500
v 6.3022 -1.9834 3.7000
v 6.3122 -2.2434 3.6900
v 5.9322 7.8866 4.4700
v 5.9322 7.6466 4.5000
v 5.9322 7.4266 4.5600
v 5.9322 7.2066 4.6200
v 5.9422 6.9666 4.6600
v 5.9422 6.7366 4.7100
v 5.9422 6.4766 4.7200
v 5.9422 6.2366 4.7800
v 5.9422 6.0066 4.9000
v 5.9522 5.7766 4.9600
v 5.9522 5.5466 4.9900
v 5.9522 5.3066 5.0400
v 5.9522 5.0766 5.0600
v 5.9522 4.8366 5.1300
v 5.9722 3.0366 5.1300
v 5.9722 2.7166 5.0200
v 5.9822 2.4666 5.0100
v 5.9822 2.1666 4.9200
v 5.9822 1.8766 4.8300
v 5.9822 1.5966 4.7200
v 5.9922 1.2966 4.6400
v 5.9922 1.0266 4.6100
v 5.9922 0.7366 4.5200
v 6.0022 0.4266 4.3900
v 6.0022 0.1566 4.3700
v 6.0022 -0.1534 4.2300
v 6.0022 -0.4034 4.2400
v 6.0122 -0.6434 4.2100
v 6.0122 -0.9934 4.1000
v 6.0122 -1.3034 3.9700
v 6.0122 -1.5834 3.9000
v 6.0222 -1.8734 3.8600
v 6.0222 -2.1834 3.8000
v 6.0222 -2.4734 3.7200
v 5.6422 7.9066 4.5500
v 5.6422 7.6566 4.5800
v 5.6422 7.4366 4.6500
v 5.6422 7.2166 4.7000
v 5.6522 6.9466 4.7300
v 5.6522 6.7266 4.7700
v 5.6522 6.5066 4.8500
v 5.6522 6.2966 4.9300
v 5.6622 6.0566 4.9500
v 5.6622 5.8066 5.0100
v 5.6622 5.5166 4.9900
v 5.6622 5.3266 5.1100
v 5.6922 2.7266 5.1400
v 5.6922 2.4466 5.0400
v 5.6922 2.1866 5.0300
v 5.6922 1.8966 4.9200
v 5.7022 1.5766 4.8100
v 5.7022 1.2966 4.7000
v 5.7022 1.0066 4.6500
v 5.7122 0.7266 4.5800
v 5.7122 0.3866 4.4400
v 5.7122 0.1066 4.4300
v 5.7122 -0.1834 4.3500
v 5.7222 -0.4734 4.2700
v 5.7222 -0.7434 4.1700
v 5.7222 -1.0434 4.1000
v 5.7222 -1.2934 4.0700
v 5.7322 -1.5834 3.9300
v 5.7322 -1.8534 3.9000
v 5.7322 -2.1734 3.7900
v 5.7322 -2.4434 3.7600
v 5.7422 -2.6934 3.6900
v 5.7422 -2.9534 3.6500
v 5.4322 7.9966 4.5500
v 5.4322 7.7566 4.5700
v 5.4422 7.5366 4.6600
v 5.4422 7.2766 4.7100
v 5.4422 7.0266 4.7400
v 5.4422 6.8166 4.8000
v 5.4522 6.5766 4.8600
v 5.4522 6.3266 4.9500
v 5.4522 6.0866 4.9900
v 5.4522 5.8566 5.0300
v 5.4622 5.6166 5.0800
v 5.4622 5.3566 5.1200
v 5.4822 2.5266 5.0900
v 5.4922 2.2266 5.0400
v 5.4922 1.9166 4.9100
v 5.4922 1.6366 4.8600
v 5.4922 1.3366 4.7700
v 5.5022 1.0466 4.6800
v 5.5022 0.8066 4.6800
v 5.5022 0.5066 4.6000
v 5.5022 0.2466 4.5200
v 5.5122 -0.0334 4.4100
v 5.5122 -0.3134 4.3800
v 5.5122 -0.6034 4.2900
v 5.5122 -0.8634 4.2300
v 5.5222 -1.1634 4.1000
v 5.5222 -1.4434 4.0400
v 5.5222 -1.7234 3.9700
v 5.5322 -2.0234 3.9000
v 5.5322 -2.2734 3.8700
v 5.5322 -2.5534 3.8100
v 5.5322 -2.8734 3.6600
v 5.2822 8.1166 4.5300
v 5.2822 7.8866 4.6100
v 5.2822 7.6466 4.6500
v 5.2922 7.4166 4.7200
v 5.2922 7.1666 4.8100
v 5.2922 6.9366 4.8100
v 5.2922 6.7166 4.8500
v 5.3022 6.4766 4.9700
v 5.3022 6.2166 4.9700
v 5.3022 6.0066 5.0400
v 5.3022 5.7466 5.0700
v 5.3322 2.3966 5.0600
v 5.3422 2.1166 4.9900
v 5.3422 1.8366 4.9300
v 5.3422 1.5666 4.8300
v 5.3422 1.2866 4.8000
v 5.3522 1.0166 4.7500
v 5.3522 0.7566 4.6900
v 5.3522 0.4566 4.5900
v 5.3522 0.1766 4.5500
v 5.3622 -0.1234 4.4300
v 5.3622 -0.3934 4.3800
v 5.3622 -0.6634 4.3000
v 5.3622 -0.9534 4.2400
v 5.3722 -1.2234 4.1500
v 5.3722 -1.5234 4.1100
v 5.3722 -1.8034 4.0300
v 5.3722 -2.0634 3.9400
v 5.3822 -2.3734 3.8700
v 5.3822 -2.6734 3.8300
v 5.3822 -2.9834 3.7100
v 5.0722 8.0266 4.6300
v 5.0722 7.8066 4.7400
v 5.0822 7.5566 4.7700
v 5.0822 7.3166 4.8200
v 5.0822 7.0966 4.8800
v 5.0822 6.8266 4.8900
v 5.0922 6.6066 4.9500
v 5.0922 6.3666 5.0000
v 5.0922 6.1366 5.1100
v 5.1322 2.0466 5.0600
v 5.1322 1.7766 4.9800
v 5.1322 1.5066 4.9200
v 5.1422 1.2166 4.8600
v 5.1422 0.9366 4.8000
v 5.1422 0.6666 4.6700
v 5.1422 0.3466 4.6000
v 5.1522 0.0866 4.6000
v 5.1522 -0.1834 4.5000
v 5.1522 -0.4534 4.4300
v 5.1522 -0.7734 4.3400
v 5.1622 -1.0834 4.2600
v 5.1622 -1.3934 4.1400
v 5.1622 -1.6434 4.1000
v 5.1622 -1.9534 4.0300
v 5.1722 -2.2634 3.9200
v 5.1722 -2.5234 3.8600
v 5.1722 -2.7834 3.7900
v 5.1822 -3.0734 3.7200
v 5.1822 -3.3434 3.7300
v 4.7722 7.9166 4.7400
v 4.7722 7.6566 4.8000
v 4.7822 7.4266 4.8500
v 4.7822 7.1966 4.9300
v 4.7822 6.9366 4.9600
v 4.7822 6.6866 4.9900
v 4.7922 6.4866 5.1000
v 4.7922 6.2466 5.1000
v 4.8322 2.0066 5.1300
v 4.8322 1.6766 5.0300
v 4.8322 1.3766 4.9600
v 4.8422 1.0866 4.8800
v 4.8422 0.7766 4.7500
v 4.8422 0.5266 4.7200
v 4.8422 0.2166 4.6600
v 4.8422 -0.0534 4.5700
v 4.8522 -0.3334 4.4900
v 4.8522 -0.6134 4.4100
v 4.8522 -0.9034 4.3600
v 4.8622 -1.1934 4.2900
v 4.8622 -1.5234 4.1400
v 4.8622 -1.7734 4.1200
v 4.8622 -2.0534 4.0300
v 4.8722 -2.3634 3.9500
v 4.8722 -2.6334 3.8500
v 4.8722 -2.8834 3.8400
v 4.8722 -3.2034 3.7300
v 4.8822 -3.5034 3.6000
v 4.4922 8.1266 4.7700
v 4.4922 7.8966 4.8000
v 4.4922 7.6766 4.8500
v 4.4922 7.4366 4.9100
v 4.4922 7.2166 5.0300
v 4.5022 6.9766 5.0200
v 4.5022 6.7466 5.0800
v 4.5522 1.6466 5.0700
v 4.5522 1.3966 5.0100
v 4.5522 1.0766 4.9300
v 4.5522 0.7866 4.8700
v 4.5622 0.5066 4.7700
v 4.5622 0.2166 4.7100
v 4.5622 -0.0534 4.6500
v 4.5622 -0.3534 4.5800
v 4.5722 -0.6334 4.4600
v 4.5722 -0.8834 4.4600
v 4.5722 -1.1934 4.3600
v 4.5722 -1.4734 4.2700
v 4.5822 -1.7634 4.2200
v 4.5822 -2.0634 4.1200
v 4.5822 -2.3334 4.0400
v 4.5822 -2.6334 4.0200
v 4.5922 -2.9234 3.9200
v 4.5922 -3.2334 3.8000
v 4.5922 -3.5134 3.7300
v 4.6022 -3.7934 3.7000
v 4.2922 7.9366 4.8800
v 4.2922 7.6966 4.9500
v 4.2922 7.4666 4.9900
v 4.2922 7.2366 5.0400
v 4.2922 7.0166 5.0900
v 4.3022 6.7666 5.1300
v 4.3422 1.6766 5.1500
v 4.3522 1.3966 5.1100
v 4.3522 1.0866 5.0000
v 4.3522 0.8066 4.9000
v 4.3522 0.5366 4.8800
v 4.3622 0.2166 4.7300
v 4.3622 -0.0434 4.7400
v 4.3622 -0.3534 4.6200
v 4.3722 -0.6334 4.5800
v 4.3722 -0.9434 4.4600
v 4.3722 -1.2034 4.4200
v 4.3722 -1.5234 4.3000
v 4.3822 -1.8234 4.2200
v 4.3822 -2.0934 4.1600
v 4.3822 -2.3534 4.1100
v 4.3822 -2.6734 3.9900
v 4.3922 -2.9834 3.9000
v 4.3922 -3.2534 3.8100
v 4.3922 -3.5434 3.7700
v 4.3922 -3.8234 3.7000
v 4.4022 -4.1434 3.5700
v 4.1022 8.0466 4.9100
v 4.1122 7.8066 4.9600
v 4.1122 7.5966 5.0300
v 4.1122 7.3766 5.0400
v 4.1122 7.1066 5.1100
v 4.1722 1.4366 5.0900
v 4.1722 1.1966 5.1100
v 4.1722 0.9166 5.0400
v 4.1722 0.6166 4.9500
v 4.1822 0.2866 4.8300
v 4.1822 -0.0034 4.7500
v 4.1822 -0.2934 4.6100
v 4.1822 -0.5434 4.6100
v 4.1922 -0.8634 4.5200
v 4.1922 -1.1434 4.4500
v 4.1922 -1.4234 4.3700
v 4.1922 -1.7034 4.3400
v 4.2022 -2.0034 4.2200
v 4.2022 -2.2934 4.1700
v 4.2022 -2.5634 4.0600
v 4.2122 -2.8934 3.9100
v 4.2122 -3.1534 3.9600
v 4.2122 -3.4834 3.8300
v 4.2122 -3.7634 3.7800
v 4.2222 -4.0634 3.6200
v 3.8622 7.9766 4.9900
v 3.8622 7.7466 5.0800
v 3.8622 7.5166 5.1300
v 3.8622 7.2766 5.0900
v 3.9222 1.0766 5.1100
v 3.9222 0.7966 5.0100
v 3.9322 0.4966 4.9900
v 3.9322 0.2166 4.8800
v 3.9322 -0.0834 4.8100
v 3.9322 -0.3534 4.6800
v 3.9422 -0.6534 4.6900
v 3.9422 -0.9334 4.6400
v 3.9422 -1.2634 4.4400
v 3.9522 -1.5634 4.3500
v 3.9522 -1.8534 4.3200
v 3.9522 -2.1534 4.2500
v 3.9522 -2.4234 4.1800
v 3.9622 -2.6934 4.1000
v 3.9622 -2.9834 4.0300
v 3.9622 -3.2634 3.9400
v 3.9622 -3.5434 3.8400
v 3.9722 -3.8334 3.7900
v 3.9722 -4.1334 3.6700
v 3.9722 -4.3834 3.6600
v 3.5922 7.9466 5.0700
v 3.5922 7.7166 5.1000
v 3.6522 1.3066 5.1500
v 3.6622 0.7266 5.0400
v 3.6622 0.4366 4.9800
v 3.6622 0.1066 4.8500
v 3.6722 -0.1534 4.8900
v 3.6722 -0.4334 4.7600
v 3.6722 -0.6934 4.7000
v 3.6722 -0.9434 4.6900
v 3.6822 -1.2334 4.6200
v 3.6822 -1.5434 4.4400
v 3.6822 -1.8334 4.3800
v 3.6822 -2.0934 4.3400
v 3.6922 -2.3734 4.2800
v 3.6922 -2.6534 4.1800
v 3.6922 -2.8934 4.1500
v 3.6922 -3.2134 4.0300
v 3.7022 -3.5234 3.9900
v 3.7022 -3.7934 3.9000
v 3.7022 -4.0834 3.7500
v 3.7022 -4.3434 3.7600
v 3.3522 7.9666 5.1400
v 3.4122 1.4566 5.1200
v 3.4222 1.1766 5.0100
v 3.4222 0.9266 5.0000
v 3.4222 0.6466 4.9000
v 3.4222 0.3966 4.9100
v 3.4322 0.0766 4.7900
v 3.4322 -0.1934 4.7300
v 3.4322 -0.4534 4.6800
v 3.4322 -0.7234 4.6000
v 3.4422 -1.0034 4.5200
v 3.4422 -1.2834 4.5000
v 3.4422 -1.5934 4.4000
v 3.4422 -1.8334 4.3900
v 3.4522 -2.1234 4.2900
v 3.4522 -2.3934 4.2400
v 3.4522 -2.6634 4.2000
v 3.4522 -2.9434 4.1400
v 3.4622 -3.2334 4.0700
v 3.4622 -3.5134 4.0000
v 3.4622 -3.7834 3.9400
v 3.4622 -4.0634 3.8400
v 3.4722 -4.3634 3.8200
v 3.1622 1.8066 5.1500
v 3.1622 1.4966 5.0200
v 3.1622 1.2466 4.9600
v 3.1722 0.9766 4.8800
v 3.1722 0.6966 4.8300
v 3.1722 0.3866 4.7600
v 3.1822 0.1266 4.7300
v 3.1822 -0.1134 4.7000
v 3.1822 -0.3734 4.6200
v 3.1822 -0.7034 4.5600
v 3.1922 -0.9734 4.5100
v 3.1922 -1.2634 4.4300
v 3.1922 -1.4734 4.4600
v 3.1922 -1.8034 4.3200
v 3.2022 -2.1034 4.2500
v 3.2022 -2.3934 4.1600
v 3.2022 -2.6734 4.1300
v 3.2022 -2.9834 4.0500
v 3.2122 -3.2734 3.9500
v 3.2122 -3.5634 3.8700
v 3.2122 -3.8334 3.8000
v 3.2122 -4.1234 3.7300
v 3.2222 -4.3934 3.6600
v 2.9022 1.9066 5.0700
v 2.9022 1.6366 5.0200
v 2.9022 1.3866 4.9900
v 2.9122 1.0766 4.8600
v 2.9122 0.8066 4.7700
v 2.9122 0.5166 4.7500
v 2.9122 0.2566 4.7000
v 2.9222 -0.0034 4.6600
v 2.9222 -0.3034 4.5600
v 2.9222 -0.6234 4.4600
v 2.9322 -0.9134 4.4000
v 2.9322 -1.2034 4.3500
v 2.9322 -1.4134 4.3600
v 2.9322 -1.7734 4.2200
v 2.9422 -2.0334 4.1800
v 2.9422 -2.3134 4.1000
v 2.9422 -2.5634 4.0900
v 2.9422 -2.8734 3.9500
v 2.9522 -3.1634 3.9200
v 2.9522 -3.4634 3.8200
v 2.9522 -3.7134 3.7800
v 2.9522 -3.9934 3.6900
v 2.9622 -4.2734 3.7100
v 2.7122 2.1666 5.0300
v 2.7122 1.9166 5.0000
v 2.7122 1.6466 4.9800
v 2.7222 1.3566 4.9200
v 2.7222 1.0566 4.8400
v 2.7222 0.7666 4.7400
v 2.7222 0.4766 4.6500
v 2.7322 0.1766 4.5700
v 2.7322 -0.1034 4.4900
v 2.7322 -0.3634 4.4800
v 2.7322 -0.6134 4.4300
v 2.7422 -0.8934 4.3900
v 2.7422 -1.2234 4.2400
v 2.7422 -1.4934 4.2600
v 2.7422 -1.7634 4.1300
v 2.7522 -2.0134 4.1500
v 2.7522 -2.3234 4.0800
v 2.7522 -2.6034 3.9900
v 2.7622 -2.9034 3.8600
v 2.7622 -3.1734 3.8500
v 2.7622 -3.4334 3.8000
v 2.7622 -3.7334 3.7200
v 2.7722 -4.0334 3.6700
v 2.5622 2.3566 5.0700
v 2.5722 2.0966 5.0200
v 2.5722 1.8166 4.9500
v 2.5722 1.5366 4.8600
v 2.5722 1.2466 4.8000
v 2.5822 0.9766 4.8000
v 2.5822 0.6766 4.7200
v 2.5822 0.3966 4.5800
v 2.5822 0.1366 4.5800
v 2.5922 -0.1534 4.5300
v 2.5922 -0.4434 4.4400
v 2.5922 -0.6734 4.3900
v 2.6022 -0.9934 4.2900
v 2.6022 -1.2634 4.2700
v 2.6022 -1.5534 4.1800
v 2.6022 -1.8434 4.1400
v 2.6122 -2.1334 4.0500
v 2.6122 -2.4434 3.9400
v 2.6122 -2.7134 3.9300
v 2.6122 -3.0234 3.8400
v 2.6222 -3.3134 3.7100
v 2.6222 -3.5734 3.7300
v 2.6222 -3.8634 3.6800
v 2.6222 -4.1034 3.7000
v 2.3622 2.6666 5.1200
v 2.3622 2.3766 5.1100
v 2.3722 2.1266 5.0700
v 2.3722 1.8466 4.9500
v 2.3722 1.5466 4.8400
v 2.3722 1.2566 4.7800
v 2.3822 1.0066 4.7500
v 2.3822 0.7166 4.6300
v 2.3822 0.4466 4.6100
v 2.3822 0.1066 4.4900
v 2.3922 -0.1934 4.3800
v 2.3922 -0.3934 4.4200
v 2.3922 -0.7034 4.3100
v 2.4022 -1.0434 4.2100
v 2.4022 -1.2934 4.2100
v 2.4022 -1.5634 4.1400
v 2.4022 -1.8634 4.0800
v 2.4122 -2.2034 3.9200
v 2.4122 -2.4634 3.9000
v 2.4122 -2.7034 3.8700
v 2.4122 -3.0134 3.7700
v 2.4222 -3.3034 3.7400
v 2.4222 -3.5734 3.6900
v 2.0722 2.4466 5.1500
v 2.0722 2.1266 5.0300
v 2.0722 1.8466 4.9700
v 2.0822 1.5666 4.9100
v 2.0822 1.2766 4.8500
v 2.0822 0.9866 4.7600
v 2.0822 0.6966 4.7000
v 2.0922 0.4066 4.6000
v 2.0922 0.1166 4.5700
v 2.0922 -0.1834 4.4700
v 2.1022 -0.4634 4.3800
v 2.1022 -0.7234 4.2900
v 2.1022 -1.0434 4.2200
v 2.1022 -1.3134 4.2000
v 2.1122 -1.5834 4.1100
v 2.1122 -1.9034 4.0100
v 2.1122 -2.1834 3.9500
v 2.1122 -2.4834 3.8700
v 2.1222 -2.7234 3.8400
v 2.1222 -2.9934 3.7800
v 2.1222 -3.3434 3.6600
v 1.8122 1.7866 5.0000
v 1.8122 1.4966 4.9100
v 1.8122 1.2466 4.9200
v 1.8222 0.9366 4.8400
v 1.8222 0.6466 4.7300
v 1.8222 0.3666 4.6400
v 1.8222 0.0766 4.6200
v 1.8322 -0.2134 4.5200
v 1.8322 -0.5034 4.4600
v 1.8322 -0.7434 4.4000
v 1.8422 -1.0934 4.2500
v 1.8422 -1.3634 4.2700
v 1.8422 -1.6534 4.2000
v 1.8422 -1.9634 4.1000
v 1.8522 -2.2534 4.0100
v 1.8522 -2.5634 3.9300
v 1.8522 -2.8434 3.8400
v 1.8522 -3.1334 3.7300
v 1.8622 -3.3834 3.6900
v 1.8622 -3.6534 3.6900
v 1.6522 1.8766 5.0900
v 1.6522 1.5666 5.0200
v 1.6522 1.2966 4.9400
v 1.6522 1.0066 4.8900
v 1.6622 0.7266 4.8100
v 1.6622 0.4266 4.7600
v 1.6622 0.1266 4.6800
v 1.6722 -0.1934 4.5500
v 1.6722 -0.4734 4.4800
v 1.6722 -0.7434 4.4500
v 1.6722 -1.0134 4.4000
v 1.6822 -1.2934 4.3100
v 1.6822 -1.5534 4.2700
v 1.6822 -1.8834 4.0700
v 1.6822 -2.1434 4.0900
v 1.6922 -2.4234 4.0000
v 1.6922 -2.7034 3.9100
v 1.6922 -2.9634 3.8800
v 1.7022 -3.2634 3.7100
v 1.7022 -3.5334 3.7300
v 1.5022 1.6666 5.1100
v 1.5022 1.3866 5.0400
v 1.5122 1.1266 4.9400
v 1.5122 0.8466 4.8600
v 1.5122 0.5666 4.8000
v 1.5122 0.2966 4.7500
v 1.5222 0.0066 4.6600
v 1.5222 -0.2634 4.5400
v 1.5222 -0.5534 4.4900
v 1.5222 -0.8134 4.4600
v 1.5322 -1.1134 4.3300
v 1.5322 -1.3634 4.3500
v 1.5322 -1.6734 4.2500
v 1.5322 -1.9634 4.1400
v 1.5422 -2.2334 4.1200
v 1.5422 -2.4834 4.0500
v 1.5422 -2.7834 3.9500
v 1.5422 -3.0534 3.8800
v 1.5522 -3.3834 3.7900
v 1.5522 -3.6534 3.7000
v 1.5522 -3.9034 3.6600
v 1.2622 1.6366 5.1400
v 1.2722 1.3666 5.0800
v 1.2722 1.1066 5.0400
v 1.2722 0.8466 4.9000
v 1.2722 0.5066 4.8200
v 1.2822 0.2166 4.7600
v 1.2822 -0.0234 4.7300
v 1.2822 -0.3234 4.6000
v 1.2822 -0.6134 4.5200
v 1.2922 -0.8834 4.5100
v 1.2922 -1.1634 4.4200
v 1.2922 -1.4634 4.3200
v 1.2922 -1.7234 4.3100
v 1.3022 -2.0034 4.2200
v 1.3022 -2.3034 4.1300
v 1.3022 -2.6134 4.0100
v 1.3122 -2.8934 4.0100
v 1.3122 -3.1934 3.9300
v 1.3122 -3.4734 3.8400
v 1.3122 -3.7734 3.7300
v 1.3222 -4.0434 3.7100
v 1.0022 1.0566 5.0600
v 1.0122 0.7466 4.9400
v 1.0122 0.4866 4.8800
v 1.0122 0.2166 4.8400
v 1.0122 -0.0834 4.7600
v 1.0222 -0.3834 4.6800
v 1.0222 -0.6534 4.6300
v 1.0222 -0.9534 4.6000
v 1.0322 -1.2834 4.3800
v 1.0322 -1.5434 4.3900
v 1.0322 -1.8334 4.2900
v 1.0322 -2.1034 4.2200
v 1.0322 -2.3634 4.1900
v 1.0422 -2.6634 4.1200
v 1.0422 -2.9734 3.9900
v 1.0422 -3.2734 3.9000
v 1.0522 -3.5634 3.8300
v 1.0522 -3.8434 3.7400
v 1.0522 -4.1234 3.7000
v 0.7722 1.2466 5.1500
v 0.7722 0.6766 4.9800
v 0.7822 0.4066 4.9100
v 0.7822 0.1466 4.8600
v 0.7822 -0.1634 4.7000
v 0.7822 -0.4134 4.7200
v 0.7922 -0.7234 4.6200
v 0.7922 -1.0334 4.5400
v 0.7922 -1.3034 4.4800
v 0.8022 -1.5634 4.4300
v 0.8022 -1.8534 4.3400
v 0.8022 -2.1434 4.3000
v 0.8022 -2.4134 4.2000
v 0.8122 -2.7034 4.1500
v 0.8122 -2.9634 4.0800
v 0.8122 -3.2934 3.9600
v 0.8122 -3.5834 3.8900
v 0.8222 -3.8634 3.8300
v 0.8222 -4.1834 3.6800
v 0.8222 -4.4634 3.6700
v 0.5522 0.8166 5.1400
v 0.5622 0.5366 5.0500
v 0.5622 0.2766 5.0000
v 0.5622 -0.0334 4.8400
v 0.5622 -0.3034 4.8500
v 0.5722 -0.5734 4.7800
v 0.5722 -0.8534 4.7200
v 0.5722 -1.1234 4.6600
v 0.5722 -1.4334 4.5800
v 0.5822 -1.7534 4.4800
v 0.5822 -2.0034 4.4200
v 0.5822 -2.3034 4.3100
v 0.5922 -2.6134 4.2200
v 0.5922 -2.9334 4.1200
v 0.5922 -3.1934 4.0800
v 0.5922 -3.4834 3.9700
v 0.6022 -3.7734 3.9300
v 0.6022 -4.0334 3.8900
v 0.6022 -4.3434 3.7700
v 0.6022 -4.6334 3.7000
v 0.3222 1.2766 5.0900
v 0.3222 1.0066 5.0300
v 0.3222 0.7266 4.9900
v 0.3322 0.4266 4.9300
v 0.3322 0.1766 4.9000
v 0.3322 -0.1334 4.8100
v 0.3422 -0.4434 4.6500
v 0.3422 -0.7334 4.6600
v 0.3422 -0.9934 4.6000
v 0.3422 -1.2534 4.5500
v 0.3522 -1.5634 4.5000
v 0.3522 -1.8534 4.4000
v 0.3522 -2.1034 4.3900
v 0.3522 -2.4234 4.2100
v 0.3622 -2.7034 4.2400
v 0.3622 -2.9734 4.1800
v 0.3622 -3.2434 4.1500
v 0.3622 -3.5434 4.0000
v 0.3722 -3.8434 3.9500
v 0.3722 -4.0934 3.9300
v 0.3722 -4.4034 3.8200
v 0.1322 1.6666 5.1500
v 0.1322 1.3666 5.0700
v 0.1422 1.0766 5.0200
v 0.1422 0.8066 4.9500
v 0.1422 0.5366 4.9100
v 0.1422 0.2266 4.8200
v 0.1522 -0.0434 4.7800
v 0.1522 -0.3334 4.6800
v 0.1522 -0.6134 4.6100
v 0.1522 -0.8934 4.5700
v 0.1622 -1.1734 4.5000
v 0.1622 -1.4734 4.3800
v 0.1622 -1.7234 4.3900
v 0.1622 -2.0234 4.3100
v 0.1722 -2.2734 4.3100
v 0.1722 -2.6134 4.1300
v 0.1722 -2.9034 4.0600
v 0.1722 -3.1734 4.0600
v 0.1822 -3.4534 4.0600
v 0.1822 -3.7434 3.9500
v 0.1822 -4.0334 3.9300
v 0.1922 -4.3234 3.8200
v 0.1922 -4.6234 3.7100
v -0.0378 1.7166 5.1200
v -0.0278 1.4066 5.0100
v -0.0278 1.1066 4.9500
v -0.0278 0.8366 4.9000
v -0.0178 0.5666 4.8600
v -0.0178 0.2866 4.8000
v -0.0178 -0.0234 4.7000
v -0.0178 -0.2634 4.6800
v -0.0078 -0.5434 4.6200
v -0.0078 -0.8834 4.4800
v -0.0078 -1.1534 4.4900
v -0.0078 -1.4434 4.4100
v 0.0022 -1.7634 4.3100
v 0.0022 -2.0634 4.2200
v 0.0022 -2.3034 4.2200
v 0.0022 -2.5934 4.1300
v 0.0122 -2.8434 4.0900
v 0.0122 -3.1434 3.9600
v 0.0122 -3.3934 3.9400
v 0.0222 -3.6934 3.8700
v 0.0222 -3.9534 3.8500
v 0.0222 -4.2034 3.8100
v 0.0222 -4.4934 3.7000
v 0.0322 -4.7434 3.7100
v -0.2778 2.3666 5.1400
v -0.2778 2.1366 5.1200
v -0.2678 1.8266 5.1000
v -0.2678 1.5466 5.0100
v -0.2678 1.2466 4.9300
v -0.2678 0.9966 4.9200
v -0.2578 0.6666 4.7800
v -0.2578 0.3566 4.7100
v -0.2578 0.0866 4.6900
v -0.2478 -0.1934 4.6100
v -0.2478 -0.4734 4.5600
v -0.2478 -0.7434 4.5000
v -0.2478 -1.0234 4.4300
v -0.2478 -1.2734 4.3900
v -0.2378 -1.5234 4.3500
v -0.2378 -1.8334 4.3000
v -0.2378 -2.1134 4.2200
v -0.2378 -2.3834 4.1300
v -0.2278 -2.6534 4.0600
v -0.2278 -2.9134 4.0300
v -0.2278 -3.2534 3.8800
v -0.2178 -3.5234 3.8400
v -0.2178 -3.7634 3.8100
v -0.2178 -4.0234 3.8300
v -0.2178 -4.3234 3.7200
v -0.2078 -4.6334 3.5900
v -0.6078 2.3166 5.1000
v -0.6078 2.0166 5.0100
v -0.6078 1.7466 5.0200
v -0.6078 1.4466 4.8900
v -0.5978 1.1466 4.7700
v -0.5978 0.8866 4.6700
v -0.5978 0.6466 4.7200
v -0.5978 0.3666 4.6300
v -0.5878 0.0566 4.5400
v -0.5878 -0.1834 4.5100
v -0.5878 -0.4834 4.3800
v -0.5878 -0.7334 4.3900
v -0.5778 -0.9834 4.3700
v -0.5778 -1.2934 4.2600
v -0.5778 -1.5734 4.2100
v -0.5778 -1.8334 4.1400
v -0.5678 -2.1234 4.0800
v -0.5678 -2.3734 4.0600
v -0.5678 -2.6834 3.9400
v -0.5578 -2.9534 3.8700
v -0.5578 -3.2634 3.8200
v -0.5578 -3.5134 3.7800
v -0.5578 -3.7834 3.7200
v -0.5578 -4.0934 3.5800
v -0.9078 2.6066 5.0900
v -0.9078 2.3366 5.0500
v -0.9078 2.0166 4.9100
v -0.9078 1.7766 4.8900
v -0.8978 1.4966 4.8100
v -0.8978 1.2466 4.7800
v -0.8978 0.9566 4.6800
v -0.8978 0.6966 4.6600
v -0.8878 0.3766 4.5600
v -0.8878 0.1066 4.5000
v -0.8878 -0.1634 4.4500
v -0.8878 -0.4634 4.3400
v -0.8778 -0.7334 4.3000
v -0.8778 -0.9734 4.3100
v -0.8778 -1.2734 4.2500
v -0.8778 -1.5434 4.1500
v -0.8678 -1.8134 4.0900
v -0.8678 -2.0934 4.0600
v -0.8678 -2.4234 3.9100
v -0.8678 -2.6934 3.9000
v -0.8578 -2.9834 3.8500
v -0.8578 -3.2634 3.7400
v -0.8578 -3.5634 3.6800
v -0.8478 -3.8234 3.6400
v -1.1178 2.9666 5.0800
v -1.1078 2.6666 5.0200
v -1.1078 2.3866 4.9900
v -1.1078 2.1166 4.9200
v -1.1078 1.8166 4.7800
v -1.0978 1.5766 4.7900
v -1.0978 1.2966 4.7500
v -1.0978 0.9966 4.6000
v -1.0978 0.7366 4.6400
v -1.0878 0.4366 4.4900
v -1.0878 0.1866 4.4800
v -1.0878 -0.1034 4.4200
v -1.0778 -0.4134 4.3500
v -1.0778 -0.7034 4.2800
v -1.0778 -0.9734 4.2500
v -1.0778 -1.2734 4.1400
v -1.0678 -1.5534 4.1000
v -1.0678 -1.8234 4.0400
v -1.0678 -2.0934 3.9700
v -1.0678 -2.3734 3.9400
v -1.0578 -2.6634 3.8500
v -1.0578 -2.9534 3.7500
v -1.0578 -3.2434 3.6800
v -1.0578 -3.5034 3.6900
v -1.3078 3.2866 5.1300
v -1.3078 3.0066 5.1100
v -1.3078 2.6966 5.0200
v -1.3078 2.4266 4.9700
v -1.2978 2.1966 4.9600
v -1.2978 1.8866 4.8300
v -1.2978 1.5666 4.7400
v -1.2978 1.2766 4.7000
v -1.2878 0.9666 4.5700
v -1.2878 0.7166 4.5000
v -1.2878 0.3966 4.4500
v -1.2778 0.1366 4.4000
v -1.2778 -0.1334 4.3100
v -1.2778 -0.3834 4.2500
v -1.2778 -0.6734 4.2700
v -1.2678 -0.9834 4.1700
v -1.2678 -1.2634 4.1100
v -1.2678 -1.5234 4.0600
v -1.2678 -1.8134 3.9700
v -1.2578 -2.1034 3.9400
v -1.2578 -2.3734 3.8700
v -1.2578 -2.6534 3.7600
v -1.2578 -2.9334 3.7400
v -1.2478 -3.2034 3.6900
v -1.5978 3.3566 5.0200
v -1.5978 3.0866 5.0000
v -1.5978 2.8266 4.9800
v -1.5878 2.5266 4.8900
v -1.5878 2.2666 4.8200
v -1.5878 1.9966 4.7600
v -1.5878 1.7266 4.7200
v -1.5778 1.4166 4.6100
v -1.5778 1.1266 4.5400
v -1.5778 0.8666 4.5400
v -1.5678 0.5666 4.3900
v -1.5678 0.2966 4.3500
v -1.5678 0.0066 4.3100
v -1.5678 -0.2434 4.2800
v -1.5578 -0.5234 4.1900
v -1.5578 -0.8134 4.1300
v -1.5578 -1.0934 4.0800
v -1.5578 -1.3934 3.9900
v -1.5478 -1.6634 3.9200
v -1.5478 -1.9434 3.8800
v -1.5478 -2.2334 3.8300
v -1.5478 -2.5334 3.7500
v -1.5378 -2.8034 3.6800
v -1.9478 7.6166 5.1300
v -1.9178 4.0466 5.1400
v -1.9178 3.7866 5.0900
v -1.9078 3.4966 4.9900
v -1.9078 3.1866 4.9200
v -1.9078 2.9366 4.8900
v -1.8978 2.6266 4.8000
v -1.8978 2.3866 4.8300
v -1.8978 2.0866 4.7100
v -1.8978 1.8166 4.6500
v -1.8978 1.5366 4.5700
v -1.8878 1.2766 4.5100
v -1.8878 0.9666 4.4500
v -1.8878 0.6966 4.3900
v -1.8778 0.4066 4.3000
v -1.8778 0.1166 4.2600
v -1.8778 -0.1634 4.1700
v -1.8778 -0.4434 4.1200
v -1.8678 -0.7234 4.1000
v -1.8678 -1.0334 4.0000
v -1.8678 -1.2834 4.0000
v -1.8678 -1.6034 3.8700
v -1.8578 -1.8934 3.7800
v -1.8578 -2.1734 3.7200
v -1.8578 -2.4534 3.6500
v -1.8578 -2.6934 3.7100
v -2.2278 7.3866 5.1100
v -2.1978 4.0266 5.0800
v -2.1878 3.7366 5.0300
v -2.1878 3.4766 4.9900
v -2.1878 3.1966 4.9200
v -2.1778 2.8966 4.8400
v -2.1778 2.6066 4.7200
v -2.1778 2.3166 4.6500
v -2.1778 2.0266 4.6100
v -2.1678 1.7666 4.5500
v -2.1678 1.4766 4.4800
v -2.1678 1.1766 4.4100
v -2.1678 0.8966 4.3800
v -2.1578 0.6566 4.3100
v -2.1578 0.3166 4.2000
v -2.1578 0.0266 4.1500
v -2.1578 -0.2334 4.1200
v -2.1478 -0.4934 4.0500
v -2.1478 -0.7834 4.0000
v -2.1478 -1.0834 3.9300
v -2.1478 -1.3634 3.8300
v -2.1378 -1.6534 3.8000
v -2.1378 -1.9234 3.7200
v -2.1378 -2.2034 3.7100
v -2.4778 7.2466 5.0800
v -2.4578 4.4566 5.1500
v -2.4578 4.1666 5.0300
v -2.4478 3.8666 5.0000
v -2.4478 3.6066 4.9900
v -2.4478 3.3066 4.8900
v -2.4478 3.0266 4.8000
v -2.4378 2.7466 4.7800
v -2.4378 2.3966 4.5700
v -2.4378 2.1566 4.5800
v -2.4278 1.8866 4.5100
v -2.4278 1.6066 4.4600
v -2.4278 1.3066 4.4000
v -2.4278 1.0066 4.2800
v -2.4178 0.7766 4.2800
v -2.4178 0.4566 4.2200
v -2.4178 0.1666 4.1300
v -2.4178 -0.1034 4.1000
v -2.4078 -0.3434 4.0200
v -2.4078 -0.6834 3.9300
v -2.4078 -0.9834 3.8500
v -2.4078 -1.2634 3.7800
v -2.3978 -1.5434 3.7000
v -2.3978 -1.8634 3.6700
v -2.7378 6.9066 5.1200
v -2.7178 4.8266 5.1200
v -2.7178 4.5366 5.0400
v -2.7078 4.2866 5.0500
v -2.7078 3.9666 4.9100
v -2.7078 3.7266 4.9000
v -2.6978 3.4166 4.7900
v -2.6978 3.1466 4.7800
v -2.6978 2.8366 4.6400
v -2.6978 2.5266 4.5600
v -2.6878 2.2766 4.4900
v -2.6878 1.9866 4.4200
v -2.6878 1.7366 4.4400
v -2.6878 1.4366 4.3500
v -2.6778 1.1466 4.2800
v -2.6778 0.8566 4.1700
v -2.6778 0.5566 4.1700
v -2.6778 0.2666 4.1000
v -2.6678 -0.0334 4.0000
v -2.6678 -0.2934 3.9600
v -2.6678 -0.5534 3.9200
v -2.6678 -0.8334 3.8500
v -2.6578 -1.1134 3.7600
v -2.6578 -1.3534 3.7100
v -2.6578 -1.6434 3.6900
v -2.9478 6.6866 5.1400
v -2.9278 4.9066 5.1200
v -2.9278 4.6166 5.0500
v -2.9178 4.3066 4.9800
v -2.9178 4.0466 4.9000
v -2.9178 3.7666 4.8400
v -2.9178 3.4866 4.7700
v -2.9078 3.1866 4.7000
v -2.9078 2.8866 4.6100
v -2.9078 2.6266 4.5500
v -2.9078 2.3166 4.5100
v -2.8978 2.0466 4.5300
v -2.8978 1.7166 4.3700
v -2.8978 1.4566 4.3000
v -2.8878 1.2066 4.2800
v -2.8878 0.9366 4.2400
v -2.8878 0.6566 4.1300
v -2.8878 0.3866 4.0700
v -2.8878 0.0866 4.0000
v -2.8778 -0.2034 3.9100
v -2.8778 -0.4834 3.8300
v -2.8778 -0.7034 3.8500
v -2.8678 -1.0034 3.7200
v -2.8678 -1.2834 3.7000
v -2.8678 -1.5734 3.6400
v -3.1278 6.4766 5.1100
v -3.1178 5.4766 5.1500
v -3.1178 4.8966 5.0000
v -3.1178 4.6066 4.9800
v -3.1078 4.3166 4.9200
v -3.1078 4.0066 4.8300
v -3.1078 3.7566 4.7900
v -3.1078 3.4666 4.7200
v -3.0978 3.2066 4.7000
v -3.0978 2.9366 4.5700
v -3.0978 2.6566 4.5400
v -3.0978 2.3966 4.4600
v -3.0878 2.1166 4.4300
v -3.0878 1.8166 4.3200
v -3.0878 1.5666 4.3100
v -3.0878 1.2966 4.2100
v -3.0778 1.0166 4.1600
v -3.0778 0.7266 4.1100
v -3.0778 0.4166 4.0000
v -3.0778 0.1666 3.9800
v -3.0678 -0.1034 3.9500
v -3.0678 -0.3634 3.8700
v -3.0678 -0.6834 3.7400
v -3.0678 -0.9434 3.6400
v -3.0578 -1.2234 3.6500
v -3.3778 6.3266 5.1500
v -3.3678 5.4966 5.1100
v -3.3578 4.4166 4.8600
v -3.3578 4.1666 4.8300
v -3.3578 3.8566 4.7400
v -3.3478 3.5766 4.6400
v -3.3478 3.3366 4.6600
v -3.3478 3.0766 4.5800
v -3.3478 2.7866 4.4900
v -3.3378 2.4866 4.4400
v -3.3378 2.1966 4.3700
v -3.3378 1.9266 4.2700
v -3.3378 1.6866 4.2700
v -3.3278 1.3866 4.1700
v -3.3278 1.0766 4.0900
v -3.3278 0.8366 4.0700
v -3.3178 0.5466 3.9700
v -3.3178 0.2566 3.8900
v -3.3178 -0.0234 3.8300
v -3.3178 -0.2934 3.8200
v -3.3078 -0.5734 3.7400
v -3.3078 -0.8834 3.6600
v -3.6878 6.1066 5.1200
v -3.6878 5.8666 5.1400
v -3.6878 5.6066 5.1500
v -3.6778 4.1866 4.6900
v -3.6678 3.9366 4.6900
v -3.6678 3.6266 4.5600
v -3.6678 3.3566 4.5200
v -3.6678 3.1066 4.4900
v -3.6578 2.8166 4.3800
v -3.6578 2.5266 4.3600
v -3.6578 2.2466 4.3100
v -3.6578 1.9766 4.2400
v -3.6478 1.7166 4.1900
v -3.6478 1.3866 4.0400
v -3.6478 1.1066 4.0300
v -3.6478 0.8366 4.0000
v -3.6378 0.5166 3.8500
v -3.6378 0.2566 3.8100
v -3.6378 -0.0334 3.8000
v -3.6278 -0.3134 3.7000
v -3.6278 -0.5534 3.6400
v -3.9578 5.6066 5.0000
v -3.9578 5.3666 5.0000
v -3.9478 4.2066 4.6600
v -3.9378 3.9366 4.6000
v -3.9378 3.6866 4.5700
v -3.9378 3.4166 4.5100
v -3.9378 3.0966 4.4300
v -3.9278 2.7966 4.3700
v -3.9278 2.5166 4.2800
v -3.9278 2.2466 4.2100
v -3.9178 1.9466 4.1500
v -3.9178 1.6566 4.0800
v -3.9178 1.4066 4.0200
v -3.9178 1.1666 4.0300
v -3.9078 0.8566 3.9400
v -3.9078 0.5266 3.7900
v -3.9078 0.2666 3.7600
v -3.9078 -0.0134 3.7100
v -3.8978 -0.2934 3.6500
v -4.1378 5.4866 4.9100
v -4.1278 5.1966 4.8400
v -4.1278 4.8966 4.7600
v -4.1278 4.6066 4.7100
v -4.1278 4.3166 4.5900
v -4.1178 4.0366 4.5400
v -4.1178 3.7866 4.5500
v -4.1178 3.5366 4.5000
v -4.1178 3.2166 4.3600
v -4.1078 2.9366 4.3100
v -4.1078 2.6566 4.3100
v -4.1078 2.3466 4.1700
v -4.1078 2.0966 4.1300
v -4.0978 1.8166 4.0600
v -4.0978 1.5166 4.0000
v -4.0978 1.2566 3.9300
v -4.0978 0.9866 3.8800
v -4.0878 0.6866 3.8300
v -4.0878 0.4266 3.7800
v -4.0878 0.1166 3.6500
v -4.0778 -0.1434 3.7000
v -4.3278 5.3966 4.8400
v -4.3278 5.1166 4.7500
v -4.3278 4.8266 4.7300
v -4.3278 4.5266 4.6500
v -4.3178 4.2366 4.5600
v -4.3178 3.9966 4.5200
v -4.3178 3.6866 4.3900
v -4.3178 3.4066 4.4100
v -4.3078 3.1566 4.3700
v -4.3078 2.9066 4.2800
v -4.3078 2.5666 4.1500
v -4.3078 2.3166 4.1900
v -4.2978 2.0266 4.1100
v -4.2978 1.7366 3.9800
v -4.2978 1.4566 3.9400
v -4.2878 1.1666 3.9100
v -4.2878 0.8466 3.7700
v -4.2878 0.5866 3.7200
v -4.2878 0.3066 3.6300
v -4.2778 0.0466 3.7000
v -4.6178 5.3266 4.7100
v -4.6178 5.0666 4.6800
v -4.6178 4.7866 4.5800
v -4.6178 4.5066 4.5700
v -4.6078 4.2566 4.5200
v -4.6078 3.9766 4.4700
v -4.6078 3.6666 4.3900
v -4.6078 3.3966 4.3200
v -4.5978 3.0966 4.2400
v -4.5978 2.8066 4.1600
v -4.5978 2.4866 4.0700
v -4.5978 2.2466 4.0700
v -4.5878 1.9566 3.9900
v -4.5878 1.6766 3.9500
v -4.5878 1.3766 3.8300
v -4.5878 1.1366 3.8200
v -4.5778 0.8066 3.6700
v -4.5778 0.5566 3.6800
v -4.9278 4.8266 4.5100
v -4.9278 4.5466 4.5000
v -4.9178 4.2366 4.4000
v -4.9178 3.9766 4.3700
v -4.9178 3.6766 4.2900
v -4.9178 3.4266 4.2600
v -4.9078 3.1466 4.1900
v -4.9078 2.8466 4.1300
v -4.9078 2.5666 4.1000
v -4.9078 2.2566 3.9300
v -4.8978 1.9666 3.9000
v -4.8978 1.6866 3.7900
v -4.8978 1.4266 3.7800
v -4.8978 1.1766 3.7600
v -4.8878 0.8666 3.6500
v -5.1978 4.7066 4.4600
v -5.1878 4.4166 4.4000
v -5.1878 4.1566 4.3700
v -5.1878 3.8366 4.2400
v -5.1878 3.5766 4.1600
v -5.1778 3.2766 4.1000
v -5.1778 3.0066 4.0200
v -5.1778 2.7166 3.9900
v -5.1678 2.4666 3.9600
v -5.1678 2.1366 3.8900
v -5.1678 1.8666 3.8600
v -5.1678 1.5466 3.6900
v -5.1578 1.2766 3.7100
v -5.1578 1.0566 3.7500
v -5.0678 -8.9734 3.5800
v -5.4078 4.3766 4.3200
v -5.4078 4.1066 4.2600
v -5.4078 3.8166 4.2200
v -5.4078 3.5166 4.1300
v -5.3978 3.2166 4.0800
v -5.3978 2.9466 4.0200
v -5.3978 2.6966 3.9600
v -5.3978 2.4266 3.8900
v -5.3878 2.1366 3.8300
v -5.3878 1.8666 3.7400
v -5.3878 1.5966 3.6700
v -5.3878 1.3466 3.6600
v -5.2878 -8.9834 3.6500
v -5.2878 -9.2134 3.6900
v -5.6478 4.2566 4.2100
v -5.6378 4.0066 4.1700
v -5.6378 3.7266 4.1100
v -5.6378 3.4466 4.0300
v -5.6378 3.1866 4.0300
v -5.6278 2.8966 3.8700
v -5.6278 2.6366 3.8600
v -5.6278 2.3566 3.8100
v -5.6278 2.0366 3.7000
v -5.6178 1.7766 3.6700
v -5.6178 1.5366 3.6200
v -5.5278 -8.5434 3.6200
v -5.5278 -8.8034 3.6600
v -5.5178 -9.0134 3.7300
v -5.5178 -9.2834 3.7300
v -5.8478 3.8966 4.1100
v -5.8478 3.6166 4.0400
v -5.8478 3.3566 4.0300
v -5.8478 3.0866 3.9900
v -5.8378 2.7866 3.8500
v -5.8378 2.5066 3.7800
v -5.8378 2.2266 3.7300
v -5.8278 1.9566 3.7100
v -5.8278 1.7166 3.7200
v -5.7378 -8.4134 3.6500
v -5.7378 -8.6634 3.6800
v -5.7378 -8.9034 3.7600
v -5.7278 -9.1734 3.7800
v -6.0578 3.6266 4.0000
v -6.0478 3.3766 4.0000
v -6.0478 3.0366 3.8400
v -6.0478 2.7466 3.7600
v -6.0378 2.4666 3.7500
v -6.0378 2.1766 3.6400
v -5.9478 -8.1834 3.6300
v -5.9378 -8.4534 3.5700
v -5.9378 -8.6534 3.7000
v -5.9378 -8.8434 3.8200
v -5.9378 -9.1034 3.8600
v -5.9378 -9.3034 3.9400
v -6.3178 3.5266 3.8700
v -6.3178 3.2366 3.8100
v -6.3078 2.9766 3.7800
v -6.3078 2.6966 3.6500
v -6.3078 2.4566 3.6800
v -6.2178 -7.7034 3.5800
v -6.2078 -7.9334 3.6300
v -6.2078 -8.1434 3.7000
v -6.2078 -8.3834 3.7200
v -6.2078 -8.5934 3.8200
v -6.2078 -8.8434 3.9100
v -6.1978 -9.1134 3.8700
v -6.1978 -9.2834 4.0400
v -6.6378 2.9766 3.7000
v -6.6378 2.7166 3.6500
v -6.5878 -2.7334 3.6100
v -6.5878 -2.9734 3.6700
v -6.5478 -7.5934 3.6600
v -6.5378 -7.8234 3.7300
v -6.5378 -8.0334 3.8100
v -6.5378 -8.2934 3.8000
v -6.5378 -8.5134 3.8800
v -6.5378 -8.7534 3.9800
v -6.5278 -8.9834 4.0200
v -6.5278 -9.2034 4.0500
v -6.8578 -2.4834 3.6100
v -6.8578 -2.6934 3.7500
v -6.8578 -2.9834 3.6700
v -6.8178 -7.0534 3.6200
v -6.8178 -7.2934 3.6300
v -6.8178 -7.5234 3.6800
v -6.8078 -7.7334 3.8000
v -6.8078 -7.9834 3.8500
v -6.8078 -8.2634 3.8600
v -6.8078 -8.4834 3.9400
v -6.7978 -8.7334 3.9600
v -6.7978 -8.9734 4.0200
v -6.7978 -9.1734 4.1500
v -7.0478 -1.9934 3.5800
v -7.0478 -2.2734 3.5700
v -7.0478 -2.4934 3.6600
v -7.0378 -2.7134 3.7100
v -7.0378 -3.1534 3.8300
v -6.9978 -6.8634 3.6600
v -6.9978 -7.1034 3.6500
v -6.9978 -7.3234 3.7700
v -6.9978 -7.5434 3.7600
v -6.9978 -7.7934 3.8300
v -6.9878 -8.0134 3.8900
v -6.9878 -8.2534 3.9400
v -6.9878 -8.4834 4.0800
v -6.9878 -8.7534 4.0600
v -6.9878 -8.9434 4.2000
v -6.9778 -9.1934 4.2000
v -7.2578 -2.0634 3.6400
v -7.2578 -2.5334 3.7100
v -7.2578 -2.7434 3.7500
v -7.2478 -2.9834 3.8600
v -7.2478 -3.1834 3.9900
v -7.2178 -6.6934 3.6000
v -7.2078 -7.1934 3.6700
v -7.2078 -7.3834 3.8400
v -7.2078 -7.6234 3.8600
v -7.2078 -7.8634 3.9200
v -7.2078 -8.0734 3.9900
v -7.1978 -8.3134 4.0500
v -7.1978 -8.5934 4.0300
v -7.1978 -8.7934 4.1400
v -7.1978 -9.0334 4.2200
v -7.1978 -9.2434 4.3300
v -7.5778 -1.8134 3.5900
v -7.5778 -2.0234 3.6500
v -7.5778 -2.2434 3.7700
v -7.5778 -2.5034 3.8000
v -7.5678 -2.7134 3.9300
v -7.5678 -2.9734 3.9500
v -7.5678 -3.5434 3.8400
v -7.5678 -3.8034 3.8100
v -7.5378 -5.9434 3.5600
v -7.5378 -6.1834 3.5900
v -7.5378 -6.4334 3.6500
v -7.5378 -6.6634 3.7000
v -7.5378 -6.9134 3.7300
v -7.5278 -7.1034 3.8500
v -7.5278 -7.3834 3.8300
v -7.5278 -7.6134 3.9100
v -7.5278 -7.8234 4.0300
v -7.5278 -8.0534 4.1100
v -7.5178 -8.3134 4.1400
v -7.5178 -8.5534 4.2300
v -7.5178 -8.7734 4.3000
v -7.5178 -9.0034 4.3800
v -7.5078 -9.2934 4.3000
v -7.8978 -1.2134 3.6000
v -7.8978 -1.4934 3.6300
v -7.8878 -1.7534 3.6200
v -7.8878 -1.9734 3.7600
v -7.8878 -2.4134 3.8600
v -7.8778 -2.8734 4.0100
v -7.8778 -3.1134 4.0700
v -7.8478 -5.8834 3.5800
v -7.8478 -6.1434 3.5800
v -7.8478 -6.3934 3.6200
v -7.8478 -6.5734 3.8100
v -7.8478 -6.8334 3.8400
v -7.8378 -7.0934 3.8300
v -7.8378 -7.2834 4.0000
v -7.8378 -7.5334 4.0300
v -7.8378 -7.7834 4.0400
v -7.8378 -7.9934 4.1500
v -7.8278 -8.2434 4.2100
v -7.8278 -8.4634 4.3000
v -7.8278 -8.7034 4.3100
v -7.8278 -8.9634 4.3800
v -7.8278 -9.1634 4.4900
v -8.1378 -1.1834 3.6400
v -8.1378 -1.4034 3.7500
v -8.1378 -1.6534 3.8200
v -8.1278 -1.8734 3.8800
v -8.1278 -2.1234 3.8900
v -8.1278 -2.3634 3.9200
v -8.1278 -2.5834 3.9900
v -8.1278 -2.8034 4.0600
v -8.1178 -3.0534 4.1100
v -8.0978 -5.8434 3.7100
v -8.0978 -6.0934 3.7100
v -8.0878 -6.2834 3.8000
v -8.0878 -6.5634 3.8000
v -8.0878 -6.7834 3.9100
v -8.0878 -7.0334 3.9200
v -8.0878 -7.2234 4.0800
v -8.0878 -7.1934 4.8000
v -8.0778 -7.3734 5.0100
v -8.0778 -7.9434 4.2100
v -8.0778 -8.2234 4.2200
v -8.0678 -8.4634 4.3000
v -8.0678 -8.6934 4.3900
v -8.0678 -8.9234 4.5000
v -8.0678 -9.1734 4.5000
v -8.3478 -0.4734 3.5600
v -8.3478 -0.7134 3.5900
v -8.3478 -0.9334 3.6500
v -8.3478 -1.1834 3.6600
v -8.3478 -1.4134 3.7800
v -8.3378 -1.6334 3.8100
v -8.3378 -1.8534 3.9300
v -8.3378 -2.3334 4.0500
v -8.3278 -2.5634 4.1300
v -8.3278 -2.7934 4.1700
v -8.3278 -3.3034 4.2500
v -8.3178 -3.6234 4.1100
v -8.3078 -4.8134 3.7200
v -8.3078 -5.3434 3.6200
v -8.3078 -5.6434 3.5900
v -8.2978 -5.8534 3.7000
v -8.2978 -6.0834 3.7400
v -8.2978 -6.3034 3.8300
v -8.2978 -6.5434 3.9300
v -8.2878 -6.9934 4.1100
v -8.2878 -7.0834 4.5400
v -8.2878 -7.1934 4.9800
v -8.2878 -7.4334 5.0700
v -8.2878 -7.6634 5.0800
v -8.2778 -8.2134 4.3000
v -8.2778 -8.4234 4.4300
v -8.2778 -8.6634 4.4700
v -8.2678 -9.1334 4.5500
v -8.2678 -9.3334 4.6900
v -8.5778 -0.5134 3.5800
v -8.5778 -0.7434 3.6300
v -8.5678 -0.9734 3.7000
v -8.5678 -1.2234 3.7300
v -8.5678 -1.4534 3.8900
v -8.5678 -1.6934 3.9000
v -8.5578 -1.9434 3.8900
v -8.5578 -2.2034 3.9500
v -8.5578 -2.3834 4.1300
v -8.5578 -2.6134 4.1600
v -8.5578 -2.8434 4.2600
v -8.5278 -5.4634 3.6000
v -8.5278 -5.9334 3.7700
v -8.5178 -6.1534 3.8700
v -8.5178 -6.4034 3.8900
v -8.5178 -6.6134 3.9700
v -8.5178 -6.8234 4.0600
v -8.5178 -6.8934 4.4900
v -8.5178 -6.9534 4.9700
v -8.5178 -7.1834 5.0500
v -8.5078 -7.4334 5.0800
v -8.5078 -7.9634 4.3500
v -8.5078 -8.1734 4.4000
v -8.4978 -8.3934 4.5400
v -8.4978 -8.6334 4.6100
v -8.4978 -8.9134 4.5700
v -8.4978 -9.1134 4.6500
v -8.4978 -9.3634 4.6600
v -8.7878 -0.1634 3.5900
v -8.7878 -0.4134 3.6300
v -8.7778 -0.6134 3.7400
v -8.7778 -0.8734 3.7200
v -8.7778 -1.1134 3.7700
v -8.7778 -1.3034 3.9400
v -8.7678 -1.5834 3.8800
v -8.7678 -1.7934 4.0600
v -8.7678 -2.0234 4.0900
v -8.7678 -2.4934 4.2100
v -8.7578 -2.7534 4.2500
v -8.7578 -3.0034 4.3100
v -8.7578 -3.2334 4.3700
v -8.7378 -5.2934 3.7200
v -8.7378 -5.5334 3.7100
v -8.7378 -5.7434 3.8400
v -8.7278 -5.9934 3.8600
v -8.7278 -6.2334 3.8800
v -8.7278 -6.4334 4.0100
v -8.7278 -6.6334 4.1100
v -8.7278 -6.7634 4.4500
v -8.7278 -6.8234 5.0000
v -8.7178 -7.0534 5.0600
v -8.7178 -7.2934 5.0500
v -8.7178 -7.7934 4.4300
v -8.7078 -8.1034 4.3400
v -8.7078 -8.2934 4.4500
v -8.7078 -8.4934 4.5600
v -8.7078 -8.7334 4.6200
v -8.7078 -8.9934 4.6200
v -8.6978 -9.2334 4.7100
v -8.9878 0.0266 3.5600
v -8.9878 -0.1834 3.7100
v -8.9778 -0.4234 3.7300
v -8.9778 -0.6934 3.7500
v -8.9778 -0.8934 3.8000
v -8.9778 -1.1534 3.8400
v -8.9678 -1.3734 3.9600
v -8.9678 -1.6234 4.0400
v -8.9678 -1.8734 4.0900
v -8.9678 -2.3534 4.1900
v -8.9578 -2.5934 4.2200
v -8.9578 -3.0234 4.3800
v -8.9478 -3.8634 4.1500
v -8.9478 -4.4334 3.9900
v -8.9378 -5.2634 3.7900
v -8.9378 -5.5234 3.8200
v -8.9278 -5.7334 3.8900
v -8.9278 -5.9634 3.9600
v -8.9278 -6.1934 4.0000
v -8.9278 -6.4434 4.0500
v -8.9278 -6.6534 4.1200
v -8.9178 -6.7334 4.5900
v -8.9178 -6.8734 4.8900
v -8.9178 -7.0434 5.0500
v -8.9178 -7.6034 4.3300
v -8.9178 -7.8434 4.4100
v -8.9078 -8.0534 4.5300
v -8.9078 -8.3034 4.6000
v -8.9078 -8.5034 4.7300
v -8.9078 -8.7934 4.6700
v -8.8978 -9.0434 4.6600
v -8.8978 -9.2334 4.8300
v -9.2278 -0.1234 3.7600
v -9.2278 -0.3834 3.8000
v -9.2278 -0.6434 3.8300
v -9.2278 -0.8834 3.8900
v -9.2278 -1.0934 3.9200
v -9.2178 -1.3334 4.0100
v -9.2178 -1.5534 4.0800
v -9.2178 -1.9734 4.2100
v -9.2178 -2.2334 4.2600
v -9.2078 -2.4334 4.4100
v -9.2078 -2.6734 4.4100
v -9.2078 -2.8934 4.4400
v -9.2078 -3.1234 4.4600
v -9.1978 -4.0234 4.1700
v -9.1878 -4.8834 3.9500
v -9.1878 -5.4234 3.8500
v -9.1778 -5.6334 4.0000
v -9.1778 -5.9034 3.9500
v -9.1778 -6.1134 4.0400
v -9.1778 -6.3534 4.1100
v -9.1778 -6.6034 4.1900
v -9.1678 -6.8234 4.3300
v -9.1678 -7.0234 4.4200
v -9.1678 -7.2834 4.4000
v -9.1678 -7.5234 4.4400
v -9.1578 -7.7834 4.4400
v -9.1578 -7.9834 4.5500
v -9.1578 -8.2434 4.5600
v -9.1578 -8.4634 4.6700
v -9.1578 -8.7134 4.7800
v -9.1478 -8.9134 4.8600
v -9.1478 -9.1434 4.9000
v -9.1478 -9.3934 4.9500
v -9.5378 -0.6634 3.9300
v -9.5378 -0.8934 3.9500
v -9.5378 -1.1234 3.9900
v -9.5378 -1.3534 4.0600
v -9.5378 -1.5734 4.1000
v -9.5278 -1.7734 4.2600
v -9.5278 -2.0534 4.2000
v -9.5278 -2.2634 4.3300
v -9.5278 -2.4834 4.4200
v -9.5178 -2.8934 4.6100
v -9.5178 -3.1834 4.5800
v -9.5078 -4.6434 4.1600
v -9.4978 -5.2734 3.8900
v -9.4978 -5.4934 3.9700
v -9.4978 -5.7334 4.0600
v -9.4878 -5.9634 4.1000
v -9.4878 -6.1734 4.1700
v -9.4878 -6.4034 4.2200
v -9.4878 -6.6634 4.2600
v -9.4878 -6.9034 4.3100
v -9.4778 -7.1334 4.4200
v -9.4778 -7.3634 4.4300
v -9.4778 -7.6234 4.4400
v -9.4778 -7.8334 4.5800
v -9.4778 -8.0534 4.6200
v -9.4678 -8.2634 4.7000
v -9.4678 -8.5334 4.7500
v -9.4678 -8.7734 4.7400
v -9.4678 -9.0034 4.8700
v -9.4578 -9.2234 4.9700
v -9.8078 -0.9934 4.0600
v -9.7978 -1.2334 4.0900
v -9.7978 -1.4234 4.2200
v -9.7978 -1.9234 4.3300
v -9.7978 -2.1234 4.4300
v -9.7878 -2.3634 4.4800
v -9.7878 -2.6234 4.5600
v -9.7878 -2.8634 4.6100
v -9.7878 -3.0834 4.6500
v -9.7778 -4.2634 4.2800
v -9.7678 -5.1634 3.9700
v -9.7678 -5.4134 4.0300
v -9.7578 -5.6434 4.0600
v -9.7578 -5.8434 4.1800
v -9.7578 -6.1034 4.2100
v -9.7578 -6.3234 4.2400
v -9.7578 -6.5534 4.3100
v -9.7478 -6.7834 4.4100
v -9.7478 -7.0234 4.4400
v -9.7478 -7.2634 4.5300
v -9.7478 -7.4834 4.6300
v -9.7378 -7.6934 4.7100
v -9.7378 -7.9734 4.7000
v -9.7378 -8.2134 4.7700
v -9.7378 -8.4634 4.8100
v -9.7378 -8.6734 4.8800
v -9.7278 -8.9334 4.9400
v -9.7278 -9.1534 5.0800
v -9.7278 -9.3734 5.1100
v -9.9278 -8.7234 4.8900
v -9.9278 -8.9034 5.0700
v -9.9278 -9.1434 5.1400
v -9.8878 -9.3434 5.1500
v -9.8978 -9.1034 5.0400
v -9.8978 -8.8834 5.0300
v -9.8978 -8.6734 4.9100
v -9.8978 -8.4434 4.8500
v -9.9078 -7.7234 4.7300
v -9.9078 -7.5234 4.6000
v -9.9078 -7.2734 4.5900
v -9.9078 -7.0534 4.4600
v -9.9178 -6.8434 4.3500
v -9.9178 -6.6234 4.3700
v -9.9178 -6.3934 4.3900
v -9.9178 -6.1434 4.3000
v -9.9178 -5.9034 4.1100
v -9.9278 -5.6934 4.2000
v -9.9278 -5.4834 4.1600
v -9.9278 -5.0334 4.0900
v -9.9278 -4.8134 4.1200
v -9.6878 -9.3334 5.0400
v -9.6878 -9.1034 4.9800
v -9.6878 -8.8934 4.9300
v -9.6978 -8.6534 4.7900
v -9.6978 -8.4334 4.8800
v -9.6978 -8.2234 4.7500
v -9.6978 -8.0034 4.6800
v -9.7078 -7.5134 4.5600
v -9.7078 -7.0734 4.5300
v -9.7078 -6.8534 4.3700
v -9.7078 -6.6134 4.2800
v -9.7178 -6.3934 4.3000
v -9.7178 -6.1934 4.2500
v -9.7178 -5.7234 4.1200
v -9.7178 -5.4934 4.0600
v -9.7278 -5.2634 3.9400
v -9.7278 -5.0634 3.9300
v -9.7278 -4.8034 4.1300
v -9.7278 -4.5634 4.2000
v -9.7278 -4.3434 4.1900
v -9.7378 -4.1334 4.2800
v -9.7378 -3.9034 4.3500
v -9.7378 -3.6434 4.3900
v -9.7378 -3.4434 4.5600
v -9.7478 -2.7434 4.5500
v -9.7478 -2.5334 4.4300
v -9.7478 -2.3134 4.3900
v -9.7478 -2.0934 4.4000
v -9.7578 -1.8234 4.3100
v -9.7578 -1.3934 4.1000
v -9.7578 -1.1534 4.0400
v -9.4578 -9.2234 4.9000
v -9.4578 -8.9934 4.9200
v -9.4578 -8.7834 4.7800
v -9.4678 -8.5334 4.7900
v -9.4678 -8.1034 4.6500
v -9.4678 -7.8934 4.6100
v -9.4678 -7.6534 4.5700
v -9.4678 -7.4034 4.4800
v -9.4778 -7.2034 4.3800
v -9.4778 -6.9634 4.3400
v -9.4778 -6.7234 4.3400
v -9.4778 -6.5034 4.2000
v -9.4778 -6.2734 4.1800
v -9.4878 -5.8134 4.0900
v -9.4878 -5.5734 3.9300
v -9.4878 -5.1234 3.8800
v -9.4978 -4.9134 3.9800
v -9.4978 -4.6734 4.1100
v -9.4978 -4.4434 4.0800
v -9.4978 -4.2134 4.1100
v -9.5078 -3.7434 4.3600
v -9.5078 -3.5434 4.3600
v -9.5078 -2.8634 4.5500
v -9.5178 -2.6234 4.4100
v -9.5178 -2.3934 4.3700
v -9.5178 -2.1834 4.2700
v -9.5178 -1.6734 4.1900
v -9.5278 -1.2634 4.0800
v -9.5278 -1.0234 3.9600
v -9.5278 -0.8034 3.8300
v -9.5278 -0.5934 3.9100
v -9.2478 -9.3634 4.9400
v -9.2478 -9.1234 4.8100
v -9.2478 -8.9034 4.7200
v -9.2478 -8.6734 4.7400
v -9.2578 -7.9834 4.5600
v -9.2578 -7.7534 4.5200
v -9.2578 -7.5234 4.5100
v -9.2578 -7.2934 4.3800
v -9.2678 -7.0634 4.4200
v -9.2678 -6.8234 4.3300
v -9.2678 -6.3834 4.1900
v -9.2678 -6.1534 4.0600
v -9.2778 -5.9034 4.0500
v -9.2778 -5.4534 3.9200
v -9.2778 -5.2434 3.8500
v -9.2778 -5.0234 3.8500
v -9.2878 -4.5634 4.1000
v -9.2878 -4.1034 4.1400
v -9.2878 -3.8634 4.1600
v -9.2878 -3.6234 4.2200
v -9.2978 -3.3934 4.3900
v -9.2978 -3.1734 4.5300
v -9.2978 -2.7434 4.4200
v -9.3078 -2.3134 4.3000
v -9.3078 -2.0734 4.1000
v -9.3078 -1.6434 4.0900
v -9.3178 -1.1934 4.0000
v -9.3178 -0.7334 3.8300
v -9.3178 -0.2934 3.8100
v -9.0378 -9.2834 4.7800
v -9.0378 -9.0534 4.7700
v -9.0478 -8.8234 4.7000
v -9.0478 -8.3734 4.5500
v -9.0478 -8.1634 4.5600
v -9.0478 -7.9134 4.4800
v -9.0578 -7.6734 4.4700
v -9.0578 -7.4634 4.3600
v -9.0578 -7.2334 4.3400
v -9.0578 -7.0134 4.4300
v -9.0578 -6.7834 4.5000
v -9.0678 -6.5634 4.0600
v -9.0678 -6.3334 3.9500
v -9.0678 -5.8434 3.9000
v -9.0678 -5.6434 3.9400
v -9.0778 -5.3734 3.7900
v -9.0778 -5.1334 3.8000
v -9.0778 -4.9134 3.8500
v -9.0778 -4.7334 3.9000
v -9.0778 -4.4934 3.9500
v -9.0778 -4.2734 3.9800
v -9.0878 -4.0734 4.1000
v -9.0878 -3.8334 4.1800
v -9.0878 -3.6234 4.2700
v -9.0878 -3.4034 4.3700
v -9.0878 -3.1834 4.3800
v -9.0978 -2.7434 4.3200
v -9.0978 -2.2734 4.1800
v -9.0978 -2.0734 4.1600
v -9.0978 -1.8534 4.1100
v -9.1078 -1.6134 4.0100
v -9.1078 -1.3934 3.9800
v -9.1078 -1.1734 3.8900
v -9.1078 -0.7334 3.8500
v -9.1178 -0.2634 3.7200
v -8.7778 -9.3334 4.7600
v -8.7778 -9.1034 4.6900
v -8.7778 -8.8834 4.6500
v -8.7778 -8.6434 4.5900
v -8.7878 -8.4234 4.5000
v -8.7878 -8.1934 4.5500
v -8.7878 -7.7534 4.3100
v -8.7878 -7.4934 4.2600
v -8.7978 -7.2734 4.2900
v -8.7978 -7.0534 5.0000
v -8.7978 -6.8334 5.0000
v -8.7978 -6.5534 4.0000
v -8.7978 -6.3434 3.9800
v -8.8078 -6.1334 3.9100
v -8.8078 -5.6934 3.7700
v -8.8078 -5.4734 3.8000
v -8.8078 -5.2534 3.7300
v -8.8178 -4.5934 3.8400
v -8.8178 -4.3934 3.9900
v -8.8178 -4.1634 4.0200
v -8.8178 -3.9134 4.1100
v -8.8278 -3.4834 4.2700
v -8.8278 -3.2734 4.3100
v -8.8278 -2.8234 4.3200
v -8.8278 -2.5734 4.1700
v -8.8378 -2.3734 4.1600
v -8.8378 -2.1634 4.1900
v -8.8378 -1.4434 3.9600
v -8.8478 -1.2334 3.8300
v -8.8478 -0.9834 3.7400
v -8.8478 -0.7434 3.7500
v -8.4478 -9.3234 4.7000
v -8.4478 -9.1034 4.7000
v -8.4478 -8.8634 4.5500
v -8.4578 -8.6134 4.5200
v -8.4578 -8.3734 4.4600
v -8.4578 -8.1434 4.3400
v -8.4578 -7.9534 4.2300
v -8.4578 -7.7134 4.3400
v -8.4678 -7.5034 4.9800
v -8.4678 -7.2934 5.0300
v -8.4678 -7.0934 5.0300
v -8.4678 -6.8434 5.0200
v -8.4778 -6.1834 3.8800
v -8.4778 -5.9734 3.8600
v -8.4778 -5.7134 3.7300
v -8.4778 -5.4734 3.6600
v -8.4878 -5.2734 3.5800
v -8.4878 -5.0834 3.6400
v -8.4878 -4.8434 3.7600
v -8.4878 -4.3934 3.8800
v -8.4878 -4.1634 3.9200
v -8.4978 -3.9634 3.9800
v -8.4978 -3.7234 4.0400
v -8.4978 -3.4934 4.1600
v -8.4978 -3.2834 4.1500
v -8.5078 -2.5634 4.0800
v -8.5078 -2.3334 4.0700
v -8.5078 -1.8934 3.9500
v -8.5078 -1.6734 3.8700
v -8.5178 -1.4534 3.8000
v -8.5178 -1.2134 3.7100
v -8.5178 -0.9734 3.6500
v -8.5178 -0.7434 3.6500
v -8.1778 -9.2934 4.5800
v -8.1778 -9.0734 4.4900
v -8.1878 -8.6334 4.4500
v -8.1878 -8.4034 4.3400
v -8.1878 -8.1934 4.2800
v -8.1878 -7.9634 4.1300
v -8.1878 -7.7534 4.1700
v -8.1978 -7.5434 5.0000
v -8.1978 -7.3134 5.0300
v -8.1978 -7.0734 5.0000
v -8.1978 -6.8434 3.9600
v -8.1978 -6.6534 3.8900
v -8.2078 -6.4234 3.8600
v -8.2078 -6.1734 3.6700
v -8.2078 -5.9634 3.7000
v -8.2178 -5.0434 3.6100
v -8.2178 -4.3534 3.7900
v -8.2178 -4.1334 3.8200
v -8.2278 -3.9134 3.9700
v -8.2278 -3.6934 4.0400
v -8.2278 -3.4634 4.0900
v -8.2278 -3.2634 4.2000
v -8.2378 -2.5534 4.0000
v -8.2378 -1.8834 3.8500
v -8.2478 -1.4434 3.6900
v -8.2478 -0.7534 3.6200
v -8.0078 -9.2034 4.5200
v -8.0178 -8.7234 4.4400
v -8.0178 -8.0734 4.2500
v -8.0178 -7.8334 4.1300
v -8.0278 -6.7334 3.8400
v -8.0378 -6.2534 3.7800
v -8.0378 -6.0034 3.6100
v -8.0378 -5.7934 3.6200
v -8.0478 -4.6734 3.6900
v -8.0478 -4.4434 3.7500
v -8.0578 -4.1934 3.8000
v -8.0578 -3.9834 3.8700
v -8.0578 -3.7734 3.9200
v -8.0578 -3.5534 4.0000
v -8.0678 -2.8734 4.1100
v -8.0678 -2.6734 3.9100
v -8.0678 -2.4134 3.9000
v -8.0678 -1.9634 3.7700
v -8.0778 -1.7334 3.7700
v -8.0778 -1.2534 3.6300
v -7.8478 -9.3934 4.5100
v -7.8478 -9.1534 4.4600
v -7.8478 -8.9634 4.3400
v -7.8578 -8.7134 4.2800
v -7.8578 -8.4834 4.2500
v -7.8578 -7.8034 3.9900
v -7.8578 -7.5634 4.0200
v -7.8678 -7.1234 3.9100
v -7.8678 -6.8934 3.8900
v -7.8678 -6.6834 3.7500
v -7.8678 -6.4434 3.7500
v -7.8778 -6.2334 3.7000
v -7.8878 -4.6434 3.6700
v -7.8878 -4.4234 3.7800
v -7.8978 -3.9934 3.9000
v -7.8978 -3.7334 3.8900
v -7.8978 -3.5034 3.9200
v -7.8978 -3.2934 4.0200
v -7.8978 -3.0734 3.9800
v -7.9078 -2.8234 3.9400
v -7.9078 -1.9134 3.7800
v -7.9178 -1.6834 3.7200
v -7.9178 -1.4634 3.5700
v -7.6078 -9.0534 4.3200
v -7.6078 -8.8434 4.3200
v -7.6178 -8.6034 4.2500
v -7.6178 -8.3834 4.2200
v -7.6178 -7.7234 4.0200
v -7.6178 -7.4734 3.9200
v -7.6278 -7.2334 3.8700
v -7.6278 -7.0134 3.8200
v -7.6278 -6.8134 3.7500
v -7.6278 -6.5734 3.6400
v -7.6378 -6.3434 3.6400
v -7.6478 -4.2934 3.6700
v -7.6478 -4.0934 3.7400
v -7.6578 -3.8634 3.8300
v -7.6578 -3.6034 3.8500
v -7.6578 -3.3834 3.9300
v -7.6678 -2.2734 3.7600
v -7.6678 -2.0434 3.6600
v -7.6678 -1.7934 3.7300
v -7.6778 -1.5834 3.6500
v -7.3578 -9.2734 4.3700
v -7.3578 -9.0334 4.3100
v -7.3578 -8.7934 4.2200
v -7.3678 -8.5834 4.1300
v -7.3678 -8.3734 4.0700
v -7.3678 -8.1334 4.0100
v -7.3678 -7.9034 3.9900
v -7.3678 -7.6934 3.7400
v -7.3678 -7.4634 3.8500
v -7.3778 -7.2434 3.8400
v -7.3778 -7.0034 3.8100
v -7.3778 -6.7734 3.7100
v -7.3778 -6.5634 3.6100
v -7.3778 -6.3334 3.5700
v -7.3978 -4.0434 3.7100
v -7.4078 -3.8234 3.7600
v -7.4078 -3.6034 3.8100
v -7.4078 -3.3634 3.9900
v -7.4078 -2.9134 3.8600
v -7.4178 -2.4534 3.7800
v -7.4178 -1.7534 3.6400
v -7.1478 -9.0834 4.1900
v -7.1478 -8.8634 4.1100
v -7.1478 -8.6534 4.0600
v -7.1478 -8.4134 4.0200
v -7.1478 -8.1834 4.0500
v -7.1578 -7.9334 3.9900
v -7.1578 -7.7134 3.8100
v -7.1578 -7.4734 3.7500
v -7.1578 -7.2534 3.7500
v -7.1678 -7.0134 3.6800
v -7.1878 -3.5734 3.7600
v -7.1978 -3.3434 3.8000
v -7.1978 -3.1234 3.7600
v -7.1978 -2.9034 3.7300
v -7.1978 -2.4834 3.6600
v -6.9378 -9.0134 4.1800
v -6.9378 -8.8134 4.0000
v -6.9378 -8.3134 3.9500
v -6.9378 -8.1134 3.7900
v -6.9478 -7.9134 3.8400
v -6.9478 -7.6634 3.8000
v -6.9478 -7.4134 3.7400
v -6.9478 -7.1934 3.6300
v -6.9778 -3.5734 3.6600
v -6.9878 -3.3634 3.7200
v -6.9878 -2.7034 3.7000
v -6.9878 -2.4734 3.6200
v -6.9878 -2.2434 3.6000
v -6.6878 -9.1834 4.0900
v -6.6978 -8.9634 3.9100
v -6.6978 -8.7434 3.9800
v -6.6978 -8.2734 3.9200
v -6.6978 -8.0534 3.7600
v -6.7078 -7.8334 3.7700
v -6.7078 -7.3434 3.6300
v -6.7078 -7.1234 3.5800
v -6.7378 -3.7634 3.5700
v -6.7978 2.7666 3.5600
v -6.7978 2.9966 3.6200
v -6.4678 -9.3034 4.0500
v -6.4678 -9.0534 3.9900
v -6.4678 -8.8134 3.9500
v -6.4678 -8.5834 3.8900
v -6.5178 -3.4734 3.6300
v -6.5678 2.6766 3.5600
v -6.5678 2.8866 3.6900
v -6.5778 3.0966 3.7800
v -6.2478 -9.2934 3.9700
v -6.2578 -8.8434 3.8600
v -6.2578 -8.4234 3.7200
v -6.2578 -8.1734 3.7400
v -6.2678 -7.9634 3.5800
v -6.2678 -7.7434 3.5600
v -6.3478 2.4466 3.5600
v -6.3578 2.6666 3.6400
v -6.3578 2.8866 3.6800
v -6.3578 3.0966 3.7800
v -6.3578 3.3466 3.8700
v -5.9878 -9.3534 3.8700
v -5.9878 -9.1434 3.8800
v -5.9878 -8.9334 3.8500
v -5.9978 -8.6734 3.8000
v -5.9978 -8.4634 3.6900
v -5.9978 -8.0334 3.6000
v -6.0878 2.2066 3.6400
v -6.0878 2.4266 3.6800
v -6.0878 2.6666 3.7800
v -6.0878 2.9066 3.8200
v -6.0978 3.1166 3.8500
v -6.0978 3.3266 3.8900
v -6.0978 3.5466 3.9500
v -6.0978 3.7666 3.9600
v -5.6678 -9.2534 3.8100
v -5.6778 -8.8134 3.7200
v -5.7678 1.8766 3.6300
v -5.7678 2.0966 3.6900
v -5.7678 2.2966 3.7600
v -5.7678 2.5366 3.7800
v -5.7678 2.7566 3.8600
v -5.7778 2.9766 3.8900
v -5.7778 3.1766 3.9500
v -5.7778 3.3866 4.0100
v -5.7778 3.6366 4.0600
v -5.7778 3.8766 4.1200
v -5.7778 4.0866 4.1300
v -5.4078 -9.1834 3.7200
v -5.4178 -8.9634 3.6200
v -5.5078 1.4366 3.6200
v -5.5078 1.6566 3.6700
v -5.5078 1.8666 3.7000
v -5.5078 2.1066 3.7700
v -5.5078 2.3366 3.8100
v -5.5078 2.5466 3.9000
v -5.5178 2.7466 3.9100
v -5.5178 2.9766 4.0100
v -5.5178 3.2166 4.0300
v -5.5178 3.4266 4.1200
v -5.5178 3.6466 4.1900
v -5.5278 3.8766 4.1700
v -5.5278 4.0966 4.2200
v -5.5278 4.3166 4.2800
v -5.3478 1.3966 3.6200
v -5.3578 1.6266 3.7000
v -5.3578 1.8366 3.7400
v -5.3578 2.0766 3.7800
v -5.3578 2.2966 3.8500
v -5.3578 2.5166 3.8800
v -5.3578 2.7366 3.9400
v -5.3678 2.9666 4.0400
v -5.3678 3.2166 4.0300
v -5.3678 3.4566 4.1100
v -5.3678 3.6566 4.1700
v -5.3678 3.8866 4.2300
v -5.3778 4.1066 4.2500
v -5.3778 4.3366 4.3300
v -5.3778 4.5166 4.3900
v -5.1178 -9.1934 3.5900
v -5.2078 0.9966 3.6500
v -5.2078 1.2166 3.5600
v -5.2078 1.4466 3.6900
v -5.2078 1.6966 3.7200
v -5.2178 1.9166 3.7900
v -5.2178 2.1466 3.8600
v -5.2178 2.3466 3.8900
v -5.2178 2.5666 3.9600
v -5.2178 2.7866 3.9800
v -5.2278 3.0166 4.0400
v -5.2278 3.2466 4.1400
v -5.2278 3.4866 4.1100
v -5.2278 3.7166 4.2700
v -5.2278 3.9166 4.2700
v -5.2378 4.1466 4.3000
v -5.2378 4.3666 4.3600
v -5.2378 4.5866 4.4300
v -4.9878 0.9266 3.6500
v -4.9878 1.1266 3.7000
v -4.9878 1.3566 3.7400
v -4.9878 1.6066 3.7800
v -4.9978 1.8366 3.8000
v -4.9978 2.0566 3.8700
v -4.9978 2.2566 3.9500
v -4.9978 2.4966 4.0300
v -4.9978 2.7266 4.0200
v -5.0078 2.9266 4.0800
v -5.0078 3.1566 4.1500
v -5.0078 3.3766 4.1800
v -5.0078 3.6266 4.2200
v -5.0078 3.8466 4.3300
v -5.0178 4.0566 4.3700
v -5.0178 4.2666 4.3900
v -5.0178 4.5166 4.4600
v -5.0178 4.7666 4.5600
v -4.7578 0.6266 3.6000
v -4.7578 0.8166 3.6500
v -4.7578 1.0766 3.6500
v -4.7578 1.2866 3.8100
v -4.7678 1.5066 3.8300
v -4.7678 1.7266 3.8900
v -4.7678 1.9566 3.9600
v -4.7678 2.1866 4.0000
v -4.7678 2.4066 4.0100
v -4.7778 2.6166 4.0800
v -4.7778 2.8666 4.1400
v -4.7778 3.1066 4.2100
v -4.7778 3.3266 4.2600
v -4.7778 3.5566 4.3300
v -4.7778 3.7866 4.3600
v -4.7878 4.0166 4.4000
v -4.7878 4.2266 4.4200
v -4.7878 4.4466 4.5100
v -4.7878 4.6866 4.5700
v -4.7978 4.9166 4.6000
v -4.7978 5.1266 4.6300
v -4.5578 0.1966 3.6400
v -4.5678 0.4366 3.5600
v -4.5678 0.6466 3.6700
v -4.5678 0.8766 3.7500
v -4.5678 1.1266 3.7700
v -4.5678 1.3566 3.8500
v -4.5778 1.5766 3.8400
v -4.5778 1.7866 3.9500
v -4.5778 2.0266 3.9900
v -4.5778 2.2766 4.0400
v -4.5778 2.4566 4.1400
v -4.5878 2.6866 4.1900
v -4.5878 2.9266 4.2000
v -4.5878 3.1666 4.2700
v -4.5878 3.3766 4.3300
v -4.5878 3.5966 4.3800
v -4.5978 3.8166 4.4000
v -4.5978 4.0566 4.5000
v -4.5978 4.2666 4.5000
v -4.5978 4.4866 4.5900
v -4.5978 4.7366 4.6200
v -4.6078 4.9766 4.6600
v -4.6078 5.2166 4.7700
v -4.3778 0.1866 3.5800
v -4.3778 0.4266 3.6800
v -4.3778 0.6466 3.6900
v -4.3878 0.8866 3.8000
v -4.3878 1.0866 3.8100
v -4.3878 1.3066 3.8800
v -4.3878 1.5566 3.9700
v -4.3878 1.7766 3.9800
v -4.3978 2.0066 4.0200
v -4.3978 2.2166 4.0800
v -4.3978 2.4566 4.1600
v -4.3978 2.6766 4.2200
v -4.3978 2.9066 4.2600
v -4.4078 3.1266 4.2900
v -4.4078 3.3566 4.3800
v -4.4078 3.6066 4.4700
v -4.4078 3.8466 4.5300
v -4.4078 4.0666 4.4900
v -4.4178 4.2766 4.5600
v -4.4178 4.5066 4.6100
v -4.4178 4.7266 4.6600
v -4.4178 4.9266 4.6700
v -4.4178 5.1466 4.7600
v -4.4278 5.3866 4.8300
v -4.1678 0.1566 3.5900
v -4.1678 0.3566 3.7300
v -4.1778 0.5866 3.7500
v -4.1778 0.8166 3.7900
v -4.1778 1.0566 3.8800
v -4.1778 1.2566 3.9400
v -4.1778 1.5066 3.9500
v -4.1878 1.7366 4.0700
v -4.1878 1.9766 4.1100
v -4.1878 2.1966 4.1600
v -4.1878 2.4266 4.2200
v -4.1878 2.6866 4.2300
v -4.1878 2.8866 4.3200
v -4.1978 3.0866 4.3300
v -4.1978 3.2966 4.4000
v -4.1978 3.5466 4.4700
v -4.1978 3.7566 4.5100
v -4.1978 3.9766 4.5600
v -4.2078 4.1966 4.5800
v -4.2078 4.4066 4.6600
v -4.2078 4.6366 4.7200
v -4.2078 4.8366 4.7700
v -4.2078 5.0666 4.8000
v -4.2178 5.3066 4.8200
v -4.2178 5.5266 4.9500
v -3.9778 -0.3334 3.5700
v -3.9778 -0.0834 3.6400
v -3.9778 0.1666 3.7200
v -3.9778 0.3966 3.7600
v -3.9778 0.6266 3.8500
v -3.9878 0.8666 3.9000
v -3.9878 1.0766 3.9200
v -3.9878 1.2966 3.9900
v -3.9878 1.5066 4.0400
v -3.9878 1.7166 4.0900
v -3.9878 1.9366 4.1600
v -3.9978 2.1666 4.2000
v -3.9978 2.3866 4.2500
v -3.9978 2.5966 4.2700
v -3.9978 2.8166 4.3500
v -3.9978 3.0266 4.4200
v -4.0078 3.2566 4.4400
v -4.0078 3.4966 4.4900
v -4.0078 3.7166 4.5400
v -4.0078 3.9266 4.5700
v -4.0078 4.1466 4.6600
v -4.0178 4.3766 4.6800
v -4.0178 4.5866 4.7200
v -4.0178 4.8266 4.8200
v -4.0178 5.0466 4.8500
v -4.0178 5.2666 4.9500
v -4.0178 5.4966 4.9600
v -4.0278 5.7266 5.0200
v -3.7878 -0.4134 3.6000
v -3.7878 -0.2034 3.6400
v -3.7878 0.0166 3.7400
v -3.7878 0.2466 3.7800
v -3.7878 0.4566 3.7900
v -3.7978 0.6566 3.9200
v -3.7978 0.8866 3.9000
v -3.7978 1.1166 4.0000
v -3.7978 1.3266 4.0100
v -3.7978 1.5266 4.0500
v -3.8078 1.7766 4.1600
v -3.8078 2.0166 4.1600
v -3.8078 2.2366 4.2700
v -3.8078 2.4466 4.3200
v -3.8078 2.6466 4.3300
v -3.8178 2.8866 4.4000
v -3.8178 3.1066 4.4400
v -3.8178 3.3466 4.4900
v -3.8178 3.5466 4.5500
v -3.8178 3.7666 4.6000
v -3.8278 4.0066 4.6400
v -3.8278 4.2366 4.7000
v -3.8278 4.4666 4.7700
v -3.8278 4.6866 4.7900
v -3.8278 4.9166 4.8000
v -3.8378 5.5666 5.0600
v -3.8378 5.7966 5.1100
v -3.8378 6.0366 5.1300
v -3.5378 -0.7734 3.5800
v -3.5478 -0.5534 3.6300
v -3.5478 -0.3334 3.6900
v -3.5478 -0.1134 3.7300
v -3.5478 0.0866 3.8200
v -3.5478 0.3166 3.8700
v -3.5578 0.5566 3.9700
v -3.5578 0.7866 4.0100
v -3.5578 0.9966 4.0500
v -3.5578 1.2066 4.0500
v -3.5578 1.4466 4.1400
v -3.5678 1.6466 4.1500
v -3.5678 1.8966 4.2600
v -3.5678 2.0966 4.3000
v -3.5678 2.3166 4.3300
v -3.5678 2.5466 4.4000
v -3.5678 2.7966 4.3900
v -3.5778 3.0166 4.4800
v -3.5778 3.2466 4.5500
v -3.5778 3.4566 4.6100
v -3.5778 3.7066 4.6200
v -3.5778 3.9166 4.6900
v -3.5878 4.1066 4.7800
v -3.5878 4.3466 4.8200
v -3.5878 4.5966 4.8200
v -3.5878 4.8166 4.8700
v -3.2478 -1.1934 3.5900
v -3.2478 -0.9734 3.6000
v -3.2478 -0.7734 3.6500
v -3.2478 -0.5534 3.7600
v -3.2578 -0.3034 3.7500
v -3.2578 -0.0934 3.8400
v -3.2578 0.1366 3.9400
v -3.2578 0.3466 3.9600
v -3.2578 0.5666 4.0100
v -3.2678 0.8066 4.0600
v -3.2678 1.0366 4.0800
v -3.2678 1.2466 4.1300
v -3.2678 1.5066 4.2500
v -3.2678 1.7166 4.2400
v -3.2778 1.9566 4.3400
v -3.2778 2.1666 4.3500
v -3.2778 2.3766 4.4000
v -3.2778 2.6066 4.4900
v -3.2778 2.8366 4.5000
v -3.2878 3.0666 4.5400
v -3.2878 3.2966 4.6300
v -3.2878 3.5066 4.6700
v -3.2878 3.7366 4.7100
v -3.2878 3.9466 4.7800
v -3.2878 4.1666 4.8300
v -3.2978 4.3966 4.9000
v -3.2978 4.6266 4.9600
v -3.2978 4.8266 4.9800
v -3.2978 5.0666 5.1100
v -3.2978 5.2866 5.1500
v -3.0278 -1.3034 3.6000
v -3.0278 -1.0934 3.7000
v -3.0278 -0.8734 3.7600
v -3.0278 -0.6334 3.7900
v -3.0278 -0.4034 3.8200
v -3.0378 -0.1734 3.9000
v -3.0378 0.0666 3.9200
v -3.0378 0.2766 4.0200
v -3.0378 0.5166 4.0400
v -3.0378 0.7166 4.0900
v -3.0478 0.9366 4.1500
v -3.0478 1.1666 4.2000
v -3.0478 1.3866 4.2600
v -3.0478 1.6266 4.3100
v -3.0478 1.8566 4.3900
v -3.0478 2.0766 4.4500
v -3.0578 2.2966 4.5000
v -3.0578 2.5366 4.5400
v -3.0578 2.7366 4.5300
v -3.0578 2.9566 4.6000
v -3.0578 3.1966 4.7100
v -3.0678 3.4066 4.6800
v -3.0678 3.6366 4.6800
v -3.0678 3.8766 4.8400
v -3.0678 4.0866 4.8700
v -3.0678 4.3166 4.9000
v -3.0778 4.5566 4.9700
v -3.0778 4.7866 5.0500
v -3.0778 5.0066 5.1400
v -3.0778 5.2266 5.1100
v -2.8978 -1.5134 3.6100
v -2.8978 -1.3034 3.6200
v -2.8978 -1.0534 3.7300
v -2.9078 -0.8434 3.8000
v -2.9078 -0.6234 3.7800
v -2.9078 -0.4034 3.8900
v -2.9078 -0.1734 3.9400
v -2.9078 0.0566 3.9600
v -2.9178 0.2966 4.0000
v -2.9178 0.5166 4.0800
v -2.9178 0.7166 4.1800
v -2.9178 0.9466 4.1800
v -2.9178 1.1766 4.2200
v -2.9178 1.3966 4.3000
v -2.9278 1.6166 4.2900
v -2.9278 1.8266 4.3800
v -2.9278 2.0666 4.4800
v -2.9278 2.3066 4.4300
v -2.9378 2.5166 4.5500
v -2.9378 2.7366 4.6400
v -2.9378 2.9966 4.6400
v -2.9378 3.2266 4.7000
v -2.9378 3.4266 4.7700
v -2.9378 3.6666 4.7800
v -2.9478 3.8966 4.8200
v -2.9478 4.1166 4.9300
v -2.9478 4.3366 5.0000
v -2.9478 4.5566 5.0000
v -2.9478 4.7966 5.0900
v -2.9578 5.0066 5.1100
v -2.9578 5.2466 5.1200
v -2.7678 -1.7934 3.6000
v -2.7678 -1.3234 3.7000
v -2.7678 -1.1134 3.7600
v -2.7678 -0.8934 3.8100
v -2.7678 -0.6634 3.8400
v -2.7778 -0.4534 3.8600
v -2.7778 -0.2234 3.9300
v -2.7778 0.0166 3.9900
v -2.7778 0.2166 4.0900
v -2.7778 0.4466 4.0700
v -2.7878 0.6866 4.1300
v -2.7878 0.9166 4.2100
v -2.7878 1.1366 4.2600
v -2.7878 1.3466 4.3100
v -2.7878 1.6166 4.3600
v -2.7978 1.8266 4.4200
v -2.7978 2.0566 4.4500
v -2.7978 2.2766 4.5200
v -2.7978 2.5266 4.6000
v -2.7978 2.7266 4.6200
v -2.8078 2.9566 4.6600
v -2.8078 3.1766 4.7600
v -2.8078 3.4066 4.8000
v -2.8078 3.6466 4.8100
v -2.8078 3.8566 4.8900
v -2.8178 4.0766 4.9500
v -2.8178 4.2966 4.9700
v -2.8178 4.5366 5.0900
v -2.8178 4.7666 5.1000
v -2.5378 -1.9934 3.6000
v -2.5378 -1.7834 3.6400
v -2.5378 -1.5734 3.7000
v -2.5478 -1.3334 3.7500
v -2.5478 -1.0934 3.8400
v -2.5478 -0.8634 3.8300
v -2.5478 -0.6634 3.9100
v -2.5478 -0.4134 3.9700
v -2.5578 -0.1734 4.0300
v -2.5578 0.0566 4.1000
v -2.5578 0.2566 4.1200
v -2.5578 0.5066 4.1800
v -2.5578 0.7366 4.2300
v -2.5678 0.9566 4.2500
v -2.5678 1.1666 4.2700
v -2.5678 1.3866 4.3700
v -2.5678 1.6366 4.3900
v -2.5678 1.8566 4.5100
v -2.5678 2.0866 4.5500
v -2.5778 2.2966 4.5800
v -2.5778 2.5366 4.6200
v -2.5778 2.7566 4.7200
v -2.5778 2.9866 4.7200
v -2.5878 3.2066 4.8100
v -2.5878 3.4566 4.8400
v -2.5878 3.6866 4.8800
v -2.5878 3.9166 4.9900
v -2.5878 4.1466 5.0300
v -2.5978 4.3666 5.0800
v -2.5978 4.5866 5.1400
v -2.5978 4.7966 5.1500
v -2.2978 -2.2334 3.6200
v -2.2978 -1.9934 3.6800
v -2.2978 -1.7534 3.6700
v -2.2978 -1.5134 3.7600
v -2.2978 -1.3134 3.8100
v -2.3078 -1.0734 3.8100
v -2.3078 -0.8334 3.9500
v -2.3078 -0.6234 3.9900
v -2.3078 -0.4034 4.0200
v -2.3178 -0.1834 4.0600
v -2.3178 0.0666 4.1200
v -2.3178 0.2766 4.1700
v -2.3178 0.5166 4.1800
v -2.3178 0.7166 4.2800
v -2.3178 0.9666 4.2900
v -2.3278 1.1766 4.3400
v -2.3278 1.4166 4.4600
v -2.3278 1.6366 4.4900
v -2.3278 1.8766 4.5800
v -2.3378 2.1166 4.5900
v -2.3378 2.3466 4.6600
v -2.3378 2.5766 4.7000
v -2.3378 2.7966 4.7100
v -2.3378 3.0066 4.8000
v -2.3378 3.2266 4.8300
v -2.3478 3.4466 4.8900
v -2.3478 3.6466 4.9500
v -2.3478 3.8966 4.9900
v -2.3478 4.1066 5.0200
v -2.3478 4.3166 5.1000
v -2.0978 -2.3434 3.6100
v -2.0978 -2.1434 3.6900
v -2.0978 -1.9034 3.7500
v -2.1078 -1.6634 3.7700
v -2.1078 -1.4434 3.8600
v -2.1078 -1.2134 3.8400
v -2.1078 -1.0134 3.9500
v -2.1078 -0.7634 4.0000
v -2.1078 -0.5434 3.9900
v -2.1178 -0.3134 4.0700
v -2.1178 -0.0834 4.1500
v -2.1178 0.1666 4.1800
v -2.1178 0.3866 4.2400
v -2.1178 0.6266 4.2700
v -2.1278 0.8466 4.3300
v -2.1278 1.0766 4.3900
v -2.1278 1.2866 4.4200
v -2.1278 1.4866 4.4800
v -2.1278 1.7066 4.5100
v -2.1378 1.9266 4.6000
v -2.1378 2.1666 4.6600
v -2.1378 2.3866 4.6700
v -2.1378 2.5866 4.8100
v -2.1378 2.8066 4.8100
v -2.1478 3.0266 4.8600
v -2.1478 3.2566 4.9200
v -2.1478 3.4866 4.9700
v -2.1478 3.6966 5.0300
v -2.1478 3.9266 5.0600
v -2.1478 4.1466 5.1200
v -1.9078 -2.5334 3.6200
v -1.9078 -2.2834 3.7400
v -1.9078 -2.0634 3.7900
v -1.9078 -1.8434 3.8600
v -1.9078 -1.6234 3.8700
v -1.9178 -1.3834 3.9000
v -1.9178 -1.1334 3.9700
v -1.9178 -0.9034 4.0100
v -1.9178 -0.6834 4.0600
v -1.9178 -0.4834 4.1200
v -1.9178 -0.2434 4.1700
v -1.9278 -0.0234 4.2300
v -1.9278 0.1766 4.2700
v -1.9278 0.3866 4.2400
v -1.9278 0.6366 4.3100
v -1.9278 0.8566 4.3800
v -1.9378 1.0566 4.4700
v -1.9378 1.2566 4.5000
v -1.9378 1.4766 4.5400
v -1.9378 1.7366 4.6100
v -1.9378 1.9566 4.6700
v -1.9478 2.1466 4.7300
v -1.9478 2.3866 4.7500
v -1.9478 2.6066 4.8100
v -1.9478 2.8366 4.8800
v -1.9478 3.0366 4.9300
v -1.9578 3.2766 5.0000
v -1.9578 3.4966 5.0500
v -1.9578 3.7166 5.1000
v -1.9578 3.9466 5.1200
v -1.6778 -2.8034 3.6600
v -1.6778 -2.5734 3.6600
v -1.6778 -2.3234 3.7700
v -1.6778 -2.0834 3.8100
v -1.6778 -1.8734 3.8500
v -1.6878 -1.6734 3.9200
v -1.6878 -1.4434 3.9300
v -1.6878 -1.2234 4.0100
v -1.6878 -1.0134 4.0400
v -1.6878 -0.7934 4.1300
v -1.6978 -0.5734 4.1400
v -1.6978 -0.3534 4.2100
v -1.6978 -0.1334 4.2200
v -1.6978 0.0766 4.2600
v -1.6978 0.3066 4.3100
v -1.7078 0.5366 4.3600
v -1.7078 0.7766 4.3900
v -1.7078 0.9766 4.4800
v -1.7078 1.1866 4.5300
v -1.7078 1.4266 4.6000
v -1.7078 1.6366 4.6300
v -1.7178 1.8666 4.6600
v -1.7178 2.0866 4.7600
v -1.7178 2.2966 4.8300
v -1.7178 2.5366 4.8600
v -1.7178 2.7666 4.9400
v -1.7278 2.9866 4.9700
v -1.7278 3.2366 5.0200
v -1.7278 3.4566 5.0600
v -1.7278 3.6866 5.1400
v -1.4478 -3.1034 3.6100
v -1.4478 -2.8834 3.6600
v -1.4578 -2.6634 3.7500
v -1.4578 -2.4534 3.7500
v -1.4578 -2.2334 3.8400
v -1.4578 -2.0034 3.8300
v -1.4578 -1.7834 3.9600
v -1.4678 -1.5834 3.9900
v -1.4678 -1.3534 4.0300
v -1.4678 -1.1134 4.0800
v -1.4678 -0.9034 4.1200
v -1.4678 -0.6734 4.1700
v -1.4778 -0.4834 4.2000
v -1.4778 -0.2234 4.2100
v -1.4778 -0.0134 4.3500
v -1.4778 0.2166 4.3800
v -1.4778 0.4366 4.4100
v -1.4778 0.6466 4.4600
v -1.4878 0.8866 4.5400
v -1.4878 1.1266 4.5600
v -1.4878 1.3466 4.6300
v -1.4878 1.5766 4.6600
v -1.4878 1.7966 4.6700
v -1.4978 2.0366 4.7800
v -1.4978 2.2566 4.8100
v -1.4978 2.4666 4.8700
v -1.4978 2.6666 4.9200
v -1.4978 2.9166 5.0000
v -1.5078 3.1666 5.0500
v -1.5078 3.3666 5.1200
v -1.5078 3.5866 5.1300
v -1.2378 -3.4534 3.5800
v -1.2378 -3.2534 3.6200
v -1.2378 -3.0234 3.7100
v -1.2378 -2.7834 3.7500
v -1.2478 -2.5534 3.8300
v -1.2478 -2.3534 3.8500
v -1.2478 -2.1434 3.9500
v -1.2478 -1.8934 3.9800
v -1.2478 -1.6834 4.0800
v -1.2578 -1.4534 4.0900
v -1.2578 -1.2434 4.1100
v -1.2578 -1.0234 4.1400
v -1.2578 -0.7834 4.2100
v -1.2578 -0.5434 4.2500
v -1.2678 -0.3234 4.2900
v -1.2678 -0.0934 4.3500
v -1.2678 0.1266 4.4200
v -1.2678 0.3666 4.4300
v -1.2678 0.5766 4.4700
v -1.2778 0.7866 4.5100
v -1.2778 1.0066 4.6100
v -1.2778 1.2366 4.6200
v -1.2778 1.4766 4.6900
v -1.2778 1.6966 4.7900
v -1.2778 1.9266 4.8300
v -1.2878 2.1366 4.8200
v -1.2878 2.3766 4.9600
v -1.2878 2.5766 5.0100
v -1.2878 2.7966 5.0400
v -1.2878 3.0366 5.1100
v -1.2978 3.2366 5.1500
v -0.9878 -3.7034 3.5900
v -0.9878 -3.4734 3.6200
v -0.9978 -3.2434 3.6900
v -0.9978 -3.0034 3.8100
v -0.9978 -2.8034 3.7600
v -0.9978 -2.5934 3.8500
v -0.9978 -2.3434 3.8800
v -1.0078 -2.1134 4.0200
v -1.0078 -1.8834 4.0400
v -1.0078 -1.6534 4.0700
v -1.0078 -1.4334 4.1300
v -1.0078 -1.1934 4.1700
v -1.0178 -0.9734 4.2200
v -1.0178 -0.7634 4.3000
v -1.0178 -0.5634 4.2900
v -1.0178 -0.3034 4.4100
v -1.0178 -0.0634 4.4000
v -1.0178 0.1466 4.4500
v -1.0278 0.3666 4.4700
v -1.0278 0.5966 4.5700
v -1.0278 0.8266 4.6100
v -1.0278 1.0266 4.6700
v -1.0278 1.2466 4.6900
v -1.0378 1.4866 4.8000
v -1.0378 1.7066 4.8000
v -1.0378 1.9266 4.8800
v -1.0378 2.1566 4.9500
v -1.0378 2.3866 5.0400
v -1.0478 2.6266 5.0100
v -1.0478 2.8466 5.1200
v -0.6978 -3.7934 3.6800
v -0.6978 -3.5734 3.6900
v -0.7078 -3.3434 3.8000
v -0.7078 -3.0934 3.8300
v -0.7078 -2.8834 3.8800
v -0.7078 -2.6534 3.8800
v -0.7078 -2.4334 3.9200
v -0.7178 -2.2234 4.0000
v -0.7178 -1.9934 4.1000
v -0.7178 -1.7634 4.1200
v -0.7178 -1.5334 4.1500
v -0.7178 -1.3034 4.2400
v -0.7278 -1.0834 4.3300
v -0.7278 -0.8734 4.3100
v -0.7278 -0.6534 4.3600
v -0.7278 -0.4134 4.4500
v -0.7278 -0.1934 4.4600
v -0.7378 0.0266 4.5100
v -0.7378 0.2366 4.5600
v -0.7378 0.4766 4.6100
v -0.7378 0.7166 4.7000
v -0.7378 0.9266 4.7800
v -0.7378 1.1566 4.7500
v -0.7478 1.3866 4.8300
v -0.7478 1.6366 4.8900
v -0.7478 1.8466 4.9500
v -0.7478 2.0666 4.9800
v -0.7578 2.2966 5.0700
v -0.7578 2.5266 5.1400
v -0.7578 2.7466 5.1300
v -0.4678 -4.0834 3.6500
v -0.4678 -3.8634 3.7100
v -0.4678 -3.6234 3.7800
v -0.4778 -3.3834 3.8200
v -0.4778 -3.1734 3.8800
v -0.4778 -2.9434 3.9100
v -0.4778 -2.7234 3.9800
v -0.4778 -2.4934 4.0000
v -0.4878 -2.2734 4.0800
v -0.4878 -2.0734 4.1200
v -0.4878 -1.8234 4.2200
v -0.4878 -1.6134 4.1900
v -0.4878 -1.3834 4.3000
v -0.4978 -1.1634 4.3300
v -0.4978 -0.9334 4.3700
v -0.4978 -0.6934 4.4500
v -0.4978 -0.4534 4.4500
v -0.4978 -0.2434 4.5400
v -0.5078 -0.0134 4.5700
v -0.5078 0.2266 4.6200
v -0.5078 0.4466 4.6400
v -0.5078 0.6666 4.7500
v -0.5078 0.8766 4.7500
v -0.5178 1.1166 4.8200
v -0.5178 1.3366 4.9100
v -0.5178 1.5666 4.9300
v -0.5178 1.7966 5.0000
v -0.5178 2.0166 5.0500
v -0.5278 2.2366 5.1200
v -0.3178 -4.2834 3.5600
v -0.3178 -4.0534 3.7100
v -0.3278 -3.8134 3.7700
v -0.3278 -3.6034 3.8200
v -0.3278 -3.3934 3.8800
v -0.3278 -3.1634 3.9300
v -0.3278 -2.9434 3.9800
v -0.3378 -2.7034 4.0100
v -0.3378 -2.4634 4.0500
v -0.3378 -2.2634 4.1400
v -0.3378 -2.0334 4.2200
v -0.3378 -1.7934 4.2300
v -0.3478 -1.5534 4.2800
v -0.3478 -1.3434 4.3600
v -0.3478 -1.1134 4.3500
v -0.3478 -0.8634 4.4000
v -0.3478 -0.6534 4.4500
v -0.3578 -0.4434 4.5600
v -0.3578 -0.2134 4.6000
v -0.3578 0.0266 4.6300
v -0.3578 0.2466 4.6300
v -0.3578 0.4866 4.7100
v -0.3678 0.6866 4.7800
v -0.3678 0.9166 4.8500
v -0.3678 1.1366 4.8500
v -0.3678 1.3766 4.9200
v -0.3678 1.5866 4.9900
v -0.3778 1.8366 5.0600
v -0.3778 2.0866 5.1100
v -0.1478 -4.5034 3.6000
v -0.1478 -4.2734 3.6700
v -0.1578 -4.0334 3.7500
v -0.1578 -3.8134 3.8400
v -0.1578 -3.5934 3.8500
v -0.1578 -3.3534 3.9800
v -0.1578 -3.1134 3.9600
v -0.1678 -2.8934 4.0000
v -0.1678 -2.6734 4.1100
v -0.1678 -2.4434 4.1400
v -0.1678 -2.2034 4.1900
v -0.1678 -2.0034 4.2400
v -0.1778 -1.7734 4.2700
v -0.1778 -1.5434 4.3500
v -0.1778 -1.3134 4.3800
v -0.1778 -1.0734 4.4900
v -0.1778 -0.8734 4.4900
v -0.1878 -0.6434 4.5500
v -0.1878 -0.4234 4.5800
v -0.1878 -0.1834 4.6400
v -0.1878 0.0466 4.7200
v -0.1878 0.2766 4.7300
v -0.1978 0.5166 4.7700
v -0.1978 0.7666 4.8900
v -0.1978 0.9966 4.8700
v -0.1978 1.2066 4.9000
v -0.1978 1.4166 4.9900
v -0.1978 1.6466 5.0600
v -0.2078 1.8466 5.0800
v -0.2078 2.0566 5.1100
v -0.2078 2.2866 5.1500
v 0.1022 -4.7134 3.6700
v 0.1022 -4.5134 3.7600
v 0.1022 -4.2734 3.8000
v 0.0922 -4.0234 3.8500
v 0.0922 -3.8034 3.9300
v 0.0922 -3.6034 3.8700
v 0.0922 -3.3834 4.0100
v 0.0922 -3.1334 4.0400
v 0.0822 -2.9134 4.0800
v 0.0822 -2.6834 4.1600
v 0.0822 -2.4734 4.2200
v 0.0822 -2.2434 4.2200
v 0.0822 -2.0134 4.3000
v 0.0722 -1.7834 4.3700
v 0.0722 -1.5534 4.4000
v 0.0722 -1.3134 4.4200
v 0.0722 -1.0734 4.4700
v 0.0722 -0.8434 4.5700
v 0.0622 -0.6134 4.6000
v 0.0622 -0.3934 4.6400
v 0.0622 -0.1834 4.6700
v 0.0622 0.0366 4.7000
v 0.0622 0.2266 4.8300
v 0.0522 0.4466 4.8800
v 0.0522 0.6966 4.8900
v 0.0522 0.9066 4.9400
v 0.0522 1.1166 4.9700
v 0.0522 1.3166 5.0200
v 0.0422 1.5466 5.1000
v 0.0422 1.7966 5.1500
v 0.3522 -4.6634 3.7200
v 0.3522 -4.4434 3.7700
v 0.3522 -4.2134 3.9300
v 0.3522 -4.0034 3.9400
v 0.3522 -3.7734 4.0000
v 0.3422 -3.5434 4.0300
v 0.3422 -3.3134 4.1200
v 0.3422 -3.0934 4.1600
v 0.3422 -2.8634 4.2000
v 0.3422 -2.6134 4.2300
v 0.3322 -2.3834 4.3300
v 0.3322 -2.1534 4.2900
v 0.3322 -1.9434 4.4100
v 0.3322 -1.7134 4.4700
v 0.3322 -1.5034 4.5200
v 0.3322 -1.2934 4.5000
v 0.3222 -1.0734 4.5600
v 0.3222 -0.8434 4.6400
v 0.3222 -0.6234 4.6100
v 0.3222 -0.4234 4.7100
v 0.3222 -0.1934 4.7600
v 0.3122 0.0166 4.7900
v 0.3122 0.2466 4.8800
v 0.3122 0.4766 4.9400
v 0.3122 0.6966 4.9600
v 0.3122 0.9066 5.0300
v 0.3022 1.1266 5.0300
v 0.3022 1.3666 5.1000
v 0.3022 1.5766 5.1100
v 0.5522 -4.4634 3.7100
v 0.5522 -4.2234 3.8500
v 0.5522 -3.9934 3.8600
v 0.5522 -3.7634 3.9300
v 0.5522 -3.5434 3.9900
v 0.5422 -3.3434 4.0500
v 0.5422 -3.1234 4.1100
v 0.5422 -2.9234 4.1500
v 0.5422 -2.6934 4.2100
v 0.5422 -2.4534 4.3100
v 0.5322 -2.2434 4.3200
v 0.5322 -2.0434 4.4200
v 0.5322 -1.8234 4.4400
v 0.5322 -1.5934 4.5000
v 0.5322 -1.3634 4.6300
v 0.5322 -1.1534 4.6500
v 0.5222 -0.9234 4.6800
v 0.5222 -0.7034 4.6700
v 0.5222 -0.4834 4.7900
v 0.5222 -0.2534 4.8500
v 0.5222 -0.0434 4.8600
v 0.5122 0.1966 4.9600
v 0.5122 0.4166 5.0000
v 0.5122 0.6166 4.9900
v 0.5122 0.8466 5.1100
v 0.7522 -4.4334 3.6400
v 0.7522 -4.2234 3.7300
v 0.7522 -3.9934 3.7700
v 0.7422 -3.7634 3.8600
v 0.7422 -3.5634 3.9100
v 0.7422 -3.3434 3.9700
v 0.7422 -3.1234 4.0300
v 0.7422 -2.9134 4.1000
v 0.7322 -2.6834 4.1400
v 0.7322 -2.4434 4.1800
v 0.7322 -2.2434 4.2800
v 0.7322 -2.0034 4.3300
v 0.7322 -1.7834 4.3400
v 0.7322 -1.5634 4.4500
v 0.7222 -1.3634 4.4800
v 0.7222 -1.1134 4.5500
v 0.7222 -0.8934 4.6300
v 0.7222 -0.6934 4.6700
v 0.7222 -0.4634 4.7900
v 0.7122 -0.2134 4.8100
v 0.7122 0.0266 4.8700
v 0.7122 0.2466 4.9100
v 0.7122 0.4666 4.9900
v 0.7122 0.7066 5.0100
v 0.7022 0.9266 5.0800
v 1.0022 -4.4234 3.6600
v 1.0022 -4.2034 3.7100
v 1.0022 -3.9634 3.7300
v 1.0022 -3.7434 3.8000
v 0.9922 -3.5434 3.8700
v 0.9922 -3.3034 3.9100
v 0.9922 -3.0834 3.9400
v 0.9922 -2.8534 4.0700
v 0.9922 -2.6434 4.0500
v 0.9822 -2.4434 4.1400
v 0.9822 -2.1834 4.2200
v 0.9822 -1.9434 4.2600
v 0.9822 -1.7134 4.3700
v 0.9822 -1.4934 4.4200
v 0.9722 -1.2734 4.4800
v 0.9722 -1.0334 4.5000
v 0.9722 -0.8234 4.5700
v 0.9722 -0.6134 4.6300
v 0.9722 -0.3934 4.6600
v 0.9622 -0.1534 4.7800
v 0.9622 0.0766 4.8000
v 0.9622 0.2866 4.8500
v 0.9622 0.5166 4.9100
v 0.9622 0.7466 5.0000
v 0.9622 0.9666 5.0700
v 0.9522 1.1766 5.0600
v 0.9522 1.3966 5.1400
v 1.2622 -4.0934 3.6100
v 1.2622 -3.8534 3.7400
v 1.2622 -3.6234 3.7500
v 1.2522 -3.3834 3.8400
v 1.2522 -3.1534 3.9000
v 1.2522 -2.9434 3.9900
v 1.2522 -2.7034 4.0700
v 1.2522 -2.4834 4.1000
v 1.2422 -2.2634 4.1200
v 1.2422 -2.0734 4.1700
v 1.2422 -1.8234 4.2200
v 1.2422 -1.5734 4.3200
v 1.2422 -1.3534 4.3600
v 1.2322 -1.1434 4.3900
v 1.2322 -0.9234 4.5100
v 1.2322 -0.6834 4.5400
v 1.2322 -0.4934 4.6200
v 1.2322 -0.2634 4.6600
v 1.2222 -0.0334 4.7300
v 1.2222 0.1866 4.7500
v 1.2222 0.4266 4.8300
v 1.2222 0.6566 4.9100
v 1.2222 0.8666 4.9200
v 1.2122 1.1066 5.0200
v 1.2122 1.3466 5.0800
v 1.2122 1.5766 5.0900
v 1.5022 -3.7634 3.6400
v 1.5022 -3.5434 3.7500
v 1.5022 -3.3234 3.8000
v 1.5022 -3.0834 3.8900
v 1.4922 -2.8634 3.9100
v 1.4922 -2.6334 3.9900
v 1.4922 -2.4134 4.0800
v 1.4922 -2.1934 4.0800
v 1.4922 -1.9834 4.1900
v 1.4822 -1.7434 4.2400
v 1.4822 -1.5334 4.2800
v 1.4822 -1.3034 4.3500
v 1.4822 -1.0734 4.4000
v 1.4822 -0.8434 4.4400
v 1.4722 -0.6134 4.5200
v 1.4722 -0.3834 4.5700
v 1.4722 -0.1434 4.6200
v 1.4722 0.0666 4.7100
v 1.4722 0.3066 4.7200
v 1.4622 0.5266 4.8200
v 1.4622 0.7366 4.8600
v 1.4622 0.9666 4.9100
v 1.4622 1.1966 4.9900
v 1.4622 1.4266 5.0500
v 1.4622 1.6366 5.0800
v 1.4522 1.8866 5.1100
v -3.3078 6.4466 5.1200
v -3.0878 6.3466 5.1500
v -3.0878 6.5866 5.1100
v -2.9678 6.6066 5.1200
v -2.9678 6.8566 5.0800
v -2.8378 6.7966 5.1000
v -2.6178 6.9966 5.1300
v -2.3778 7.2266 5.1300
v -2.1778 7.2666 5.1200
v -2.1778 7.5266 5.1000
v -1.9878 7.3466 5.1300
v -1.7678 7.7266 5.1000
v -1.3378 8.0566 5.1500
v -0.5578 6.5466 3.7100
v 1.7722 -3.6534 3.6000
v 1.7622 -3.4334 3.6800
v 1.7622 -3.2034 3.7400
v 1.7622 -2.9734 3.8300
v 1.7622 -2.7534 3.8900
v 1.7622 -2.5234 3.9600
v 1.7622 -2.2934 4.0000
v 1.7522 -2.0634 4.0700
v 1.7522 -1.8334 4.1300
v 1.7522 -1.6034 4.2000
v 1.7522 -1.3734 4.2500
v 1.7522 -1.1334 4.3000
v 1.7422 -0.9134 4.4000
v 1.7422 -0.6934 4.4200
v 1.7422 -0.4934 4.4800
v 1.7422 -0.2334 4.5500
v 1.7422 -0.0134 4.6100
v 1.7322 0.1766 4.6900
v 1.7322 0.4366 4.7100
v 1.7322 0.6566 4.7500
v 1.7322 0.8866 4.8400
v 1.7322 1.0866 4.9100
v 1.7222 1.3066 4.9600
v 1.7222 1.5666 5.0000
v 1.7222 1.7966 5.0500
v 1.7222 2.0266 5.1200
v 2.0722 -3.5834 3.5600
v 2.0722 -3.3334 3.6400
v 2.0622 -3.0934 3.7300
v 2.0622 -2.8934 3.7500
v 2.0622 -2.6734 3.8100
v 2.0622 -2.4234 3.9200
v 2.0622 -2.2034 3.9300
v 2.0522 -1.9934 4.0300
v 2.0522 -1.7734 4.1200
v 2.0522 -1.5334 4.1500
v 2.0522 -1.3034 4.1700
v 2.0522 -1.0734 4.2000
v 2.0422 -0.8634 4.3200
v 2.0422 -0.6434 4.3600
v 2.0422 -0.4034 4.4200
v 2.0422 -0.1734 4.4700
v 2.0422 0.0566 4.5500
v 2.0322 0.2866 4.6100
v 2.0322 0.5266 4.6900
v 2.0322 0.7666 4.7100
v 2.0322 0.9966 4.7900
v 2.0322 1.2066 4.8400
v 2.0222 1.4366 4.9100
v 2.0222 1.6566 4.9700
v 2.0222 1.8466 5.0600
v 2.0222 2.0666 5.0900
v 2.0222 2.3066 5.1300
v 2.3022 -3.6134 3.5700
v 2.3022 -3.3834 3.6400
v 2.3022 -3.1734 3.7200
v 2.3022 -2.9334 3.7900
v 2.3022 -2.7134 3.7900
v 2.2922 -2.4834 3.9100
v 2.2922 -2.2634 3.9200
v 2.2922 -2.0334 3.9900
v 2.2922 -1.8034 4.0700
v 2.2922 -1.5634 4.0900
v 2.2822 -1.3334 4.1200
v 2.2822 -1.1034 4.2100
v 2.2822 -0.8534 4.2400
v 2.2822 -0.6434 4.3400
v 2.2822 -0.4334 4.3000
v 2.2722 -0.2234 4.3700
v 2.2722 -0.0034 4.4800
v 2.2722 0.2166 4.4600
v 2.2722 0.4566 4.5900
v 2.2722 0.6566 4.6200
v 2.2622 0.8766 4.6500
v 2.2622 1.0866 4.7300
v 2.2622 1.2766 4.8300
v 2.2622 1.5366 4.8800
v 2.2622 1.7666 4.9600
v 2.2522 1.9966 4.9700
v 2.2522 2.1866 5.0200
v 2.2522 2.4166 5.1400
v 2.4622 -3.6634 3.6300
v 2.4622 -3.4334 3.7200
v 2.4622 -3.2034 3.8300
v 2.4522 -2.9634 3.8500
v 2.4522 -2.7234 3.9100
v 2.4522 -2.4834 3.9600
v 2.4522 -2.2834 3.9500
v 2.4522 -2.0534 4.0300
v 2.4422 -1.8234 4.0400
v 2.4422 -1.6134 4.1000
v 2.4422 -1.4034 4.1700
v 2.4422 -1.1934 4.1900
v 2.4422 -0.9534 4.2800
v 2.4322 -0.7334 4.3100
v 2.4322 -0.5434 4.2900
v 2.4322 -0.3134 4.4700
v 2.4322 -0.0934 4.4500
v 2.4322 0.1466 4.4900
v 2.4222 0.3766 4.5700
v 2.4222 0.5766 4.6300
v 2.4222 0.8066 4.6800
v 2.4222 1.0166 4.7100
v 2.4222 1.2366 4.7700
v 2.4222 1.4666 4.8500
v 2.4122 1.7066 4.8700
v 2.4122 1.9166 4.9500
v 2.4122 2.1366 5.0600
v 2.4122 2.3566 5.0500
v 2.6422 -3.9234 3.6000
v 2.6422 -3.2534 3.7500
v 2.6322 -3.0534 3.8300
v 2.6322 -2.8434 3.8800
v 2.6322 -2.6334 3.9500
v 2.6322 -2.3834 3.9900
v 2.6322 -2.1634 4.0400
v 2.6322 -1.9634 4.0500
v 2.6222 -1.7534 4.1300
v 2.6222 -1.5234 4.1700
v 2.6222 -1.2934 4.2300
v 2.6222 -1.0634 4.2700
v 2.6222 -0.8534 4.3300
v 2.6122 -0.6534 4.3600
v 2.6122 -0.4134 4.4300
v 2.6122 -0.1834 4.4900
v 2.6122 0.0366 4.5500
v 2.6122 0.2466 4.6200
v 2.6022 0.4866 4.6900
v 2.6022 0.7066 4.7000
v 2.6022 0.9266 4.7400
v 2.6022 1.1366 4.7900
v 2.6022 1.4066 4.8100
v 2.5922 1.6366 4.9100
v 2.5922 1.8466 4.9800
v 2.5922 2.0766 5.0000
v 2.5922 2.3066 5.0800
v 2.5922 2.5166 5.1400
v 2.9022 -4.0434 3.6600
v 2.9022 -3.8334 3.7300
v 2.9022 -3.6334 3.7900
v 2.9022 -3.4134 3.7700
v 2.8922 -3.1934 3.8900
v 2.8922 -2.9634 3.9100
v 2.8922 -2.7334 4.0100
v 2.8922 -2.5134 4.0400
v 2.8922 -2.3034 4.1000
v 2.8822 -2.0734 4.0500
v 2.8822 -1.8634 4.1900
v 2.8822 -1.6634 4.2300
v 2.8822 -1.3934 4.3600
v 2.8822 -1.1834 4.3800
v 2.8822 -0.9734 4.3500
v 2.8722 -0.7634 4.4000
v 2.8722 -0.4934 4.4800
v 2.8722 -0.2634 4.5700
v 2.8722 -0.0334 4.6100
v 2.8722 0.1566 4.6700
v 2.8622 0.4166 4.7000
v 2.8622 0.6266 4.7300
v 2.8622 0.8466 4.8200
v 2.8622 1.0466 4.8100
v 2.8622 1.2966 4.9200
v 2.8522 1.5366 4.9600
v 2.8522 1.7566 4.9900
v 2.8522 1.9666 5.0600
v 2.8522 2.1866 5.1000
v 3.1622 -4.3934 3.6400
v 3.1522 -4.1734 3.7300
v 3.1522 -3.9434 3.8000
v 3.1522 -3.7334 3.8200
v 3.1522 -3.5034 3.8700
v 3.1522 -3.3134 3.9500
v 3.1522 -3.0534 3.9700
v 3.1422 -2.8434 4.0300
v 3.1422 -2.6434 4.1100
v 3.1422 -2.4134 4.1500
v 3.1422 -2.1634 4.2400
v 3.1422 -1.9134 4.2500
v 3.1322 -1.6834 4.2900
v 3.1322 -1.4734 4.4100
v 3.1322 -1.2534 4.4400
v 3.1322 -1.0334 4.5200
v 3.1322 -0.8234 4.4900
v 3.1222 -0.6034 4.5500
v 3.1222 -0.3734 4.5900
v 3.1222 -0.1334 4.6400
v 3.1222 0.0966 4.6500
v 3.1222 0.3166 4.7800
v 3.1122 0.5266 4.8400
v 3.1122 0.7666 4.9000
v 3.1122 0.9766 4.9400
v 3.1122 1.1966 4.9600
v 3.1122 1.4266 5.0200
v 3.1022 1.6466 5.0600
v 3.1022 1.8766 5.1000
v 3.3622 -4.4534 3.7700
v 3.3622 -4.2334 3.7300
v 3.3622 -4.0034 3.8400
v 3.3522 -3.7634 3.9300
v 3.3522 -3.5334 3.9300
v 3.3522 -3.3034 4.0100
v 3.3522 -3.0834 4.0300
v 3.3522 -2.8534 4.0500
v 3.3422 -2.6234 4.1000
v 3.3422 -2.4234 4.2200
v 3.3422 -2.2134 4.2100
v 3.3422 -1.9734 4.2700
v 3.3422 -1.7334 4.3500
v 3.3322 -1.5034 4.4100
v 3.3322 -1.2934 4.4600
v 3.3322 -1.0734 4.5000
v 3.3322 -0.8334 4.5500
v 3.3322 -0.6234 4.5700
v 3.3322 -0.4134 4.6500
v 3.3222 -0.1734 4.6800
v 3.3222 0.0366 4.7700
v 3.3222 0.2866 4.7800
v 3.3222 0.5066 4.8500
v 3.3222 0.7166 4.8500
v 3.3122 0.9666 4.9100
v 3.3122 1.1966 5.0400
v 3.3122 1.4266 5.0300
v 3.3122 1.6366 5.1000
v 3.5722 -4.5134 3.7200
v 3.5622 -4.3034 3.7800
v 3.5622 -4.0734 3.8800
v 3.5622 -3.8734 3.9000
v 3.5622 -3.6434 3.9500
v 3.5622 -3.3934 4.0900
v 3.5522 -3.1534 4.1400
v 3.5522 -2.9434 4.1300
v 3.5522 -2.7434 4.2200
v 3.5522 -2.5034 4.2900
v 3.5522 -2.2734 4.3700
v 3.5522 -2.0734 4.4000
v 3.5422 -1.8434 4.4400
v 3.5422 -1.6234 4.4900
v 3.5422 -1.3934 4.5400
v 3.5422 -1.1434 4.6300
v 3.5422 -0.9434 4.6500
v 3.5322 -0.7034 4.6400
v 3.5322 -0.4734 4.7700
v 3.5322 -0.2234 4.7800
v 3.5322 -0.0234 4.8500
v 3.5322 0.1866 4.9000
v 3.5222 0.4566 4.9200
v 3.5222 0.6766 4.9900
v 3.5222 0.8766 5.0200
v 3.5222 1.0966 5.0500
v 3.5222 1.3466 5.1100
v 3.8222 -4.5234 3.5800
v 3.8222 -4.3034 3.6600
v 3.8222 -4.0634 3.7700
v 3.8222 -3.8534 3.8300
v 3.8222 -3.6634 3.8800
v 3.8122 -3.4234 3.9300
v 3.8122 -3.1834 3.9900
v 3.8122 -2.9434 4.0200
v 3.8122 -2.7434 4.1400
v 3.8122 -2.5234 4.2000
v 3.8022 -2.2734 4.2600
v 3.8022 -2.0434 4.2800
v 3.8022 -1.8134 4.4000
v 3.8022 -1.5934 4.4100
v 3.7922 -1.3534 4.5300
v 3.7922 -1.1234 4.5500
v 3.7922 -0.9234 4.6300
v 3.7922 -0.7034 4.6800
v 3.7922 -0.4534 4.7800
v 3.7822 -0.2234 4.8000
v 3.7822 -0.0134 4.8500
v 3.7822 0.2266 4.9200
v 3.7822 0.4266 4.9400
v 3.7822 0.6766 5.0400
v 3.7722 0.8966 5.1100
v 4.0722 -4.5634 3.6000
v 4.0722 -4.3234 3.6300
v 4.0622 -4.1034 3.6800
v 4.0622 -3.8834 3.7300
v 4.0622 -3.6534 3.8400
v 4.0622 -3.4134 3.8900
v 4.0622 -3.1834 3.9400
v 4.0522 -2.9634 4.0400
v 4.0522 -2.7234 4.1200
v 4.0522 -2.5034 4.1400
v 4.0522 -2.2934 4.1700
v 4.0522 -2.0634 4.2300
v 4.0522 -1.8234 4.3000
v 4.0422 -1.5934 4.3600
v 4.0422 -1.3834 4.4100
v 4.0422 -1.1434 4.4900
v 4.0422 -0.9334 4.5300
v 4.0422 -0.7034 4.6200
v 4.0322 -0.5034 4.6800
v 4.0322 -0.2534 4.7500
v 4.0322 -0.0034 4.7700
v 4.0322 0.2166 4.8100
v 4.0322 0.4466 4.8800
v 4.0222 0.6866 4.9600
v 4.0222 0.9266 5.0100
v 4.0222 1.1466 5.0800
v 4.0222 1.3566 5.1400
v 4.2822 -4.1734 3.6000
v 4.2822 -3.9634 3.6800
v 4.2822 -3.7434 3.7100
v 4.2822 -3.5034 3.8000
v 4.2722 -3.2734 3.8300
v 4.2722 -3.0634 3.9600
v 4.2722 -2.8234 3.9900
v 4.2722 -2.6034 4.0200
v 4.2722 -2.3834 4.1100
v 4.2622 -2.1734 4.1800
v 4.2622 -1.9234 4.2000
v 4.2622 -1.6934 4.3100
v 4.2622 -1.4734 4.3200
v 4.2622 -1.2334 4.4200
v 4.2522 -1.0034 4.4700
v 4.2522 -0.7634 4.5000
v 4.2522 -0.5434 4.5900
v 4.2522 -0.3434 4.6400
v 4.2522 -0.1034 4.6900
v 4.2422 0.1166 4.7600
v 4.2422 0.3066 4.8500
v 4.2422 0.5366 4.8800
v 4.2422 0.7666 4.8900
v 4.2422 0.9866 4.9900
v 4.2322 1.2066 5.0000
v 4.2322 1.4066 5.1000
v 4.5322 -3.9034 3.6000
v 4.5222 -3.7034 3.6700
v 4.5222 -3.4634 3.6800
v 4.5222 -3.2334 3.8400
v 4.5222 -2.9834 3.9100
v 4.5222 -2.7634 3.9500
v 4.5122 -2.5234 4.0100
v 4.5122 -2.2834 4.0400
v 4.5122 -2.0734 4.1300
v 4.5122 -1.8634 4.1900
v 4.5122 -1.6534 4.2400
v 4.5022 -1.4334 4.2700
v 4.5022 -1.2134 4.3800
v 4.5022 -0.9834 4.4300
v 4.5022 -0.7734 4.5300
v 4.5022 -0.5434 4.5300
v 4.4922 -0.3334 4.6000
v 4.4922 -0.1234 4.6800
v 4.4922 0.1066 4.6900
v 4.4922 0.3266 4.7400
v 4.4922 0.5566 4.8200
v 4.4822 0.7766 4.8700
v 4.4822 0.9766 4.9400
v 4.4822 1.2266 4.9900
v 4.4822 1.4466 5.0700
v 4.4822 1.6766 5.1100
v 4.4722 1.8766 5.1500
v 4.8122 -3.5434 3.6300
v 4.8122 -3.3134 3.6700
v 4.8122 -3.1034 3.7900
v 4.8022 -2.8934 3.8200
v 4.8022 -2.6934 3.9300
v 4.8022 -2.4634 3.9300
v 4.8022 -2.2234 4.0100
v 4.8022 -2.0134 4.1000
v 4.7922 -1.8134 4.1400
v 4.7922 -1.5934 4.1500
v 4.7922 -1.3434 4.2400
v 4.7922 -1.1134 4.3200
v 4.7922 -0.9134 4.3500
v 4.7922 -0.7134 4.4300
v 4.7822 -0.4734 4.5100
v 4.7822 -0.2334 4.4800
v 4.7822 -0.0434 4.5800
v 4.7822 0.1966 4.6800
v 4.7722 0.4266 4.7200
v 4.7722 0.6466 4.8000
v 4.7722 0.8666 4.8500
v 4.7722 1.0966 4.8900
v 4.7722 1.3466 4.9600
v 4.7722 1.5766 5.0500
v 4.7622 1.7866 5.0500
v 4.7622 2.0166 5.1300
v 5.0422 -3.2934 3.6400
v 5.0322 -3.0434 3.7600
v 5.0322 -2.8034 3.7600
v 5.0322 -2.6034 3.8900
v 5.0322 -2.3734 3.9100
v 5.0322 -2.1734 4.0100
v 5.0222 -1.9234 4.0500
v 5.0222 -1.7034 4.1100
v 5.0222 -1.4834 4.1400
v 5.0222 -1.2734 4.2400
v 5.0222 -1.0534 4.3000
v 5.0122 -0.8134 4.3500
v 5.0122 -0.5734 4.3900
v 5.0122 -0.3534 4.4200
v 5.0122 -0.1034 4.5300
v 5.0122 0.1066 4.5800
v 5.0022 0.3466 4.6800
v 5.0022 0.5466 4.6700
v 5.0022 0.7666 4.7900
v 5.0022 0.9866 4.8000
v 5.0022 1.2166 4.8400
v 4.9922 1.4366 4.9100
v 4.9922 1.6866 4.9900
v 4.9922 1.9166 5.0800
v 4.9922 2.1066 5.1100
v 4.9922 2.3366 5.1400
v 5.1822 -3.2234 3.6500
v 5.1822 -2.9934 3.6700
v 5.1822 -2.7534 3.7400
v 5.1822 -2.5634 3.8500
v 5.1722 -2.3334 3.8200
v 5.1722 -2.0834 3.9700
v 5.1722 -1.8534 4.0100
v 5.1722 -1.6134 4.1000
v 5.1722 -1.4034 4.1900
v 5.1622 -1.1834 4.2600
v 5.1622 -0.9534 4.2800
v 5.1622 -0.7434 4.3200
v 5.1622 -0.5234 4.3600
v 5.1622 -0.2934 4.4900
v 5.1522 -0.0534 4.5200
v 5.1522 0.1766 4.5500
v 5.1522 0.4066 4.6100
v 5.1522 0.6066 4.7300
v 5.1522 0.8366 4.7500
v 5.1422 1.0566 4.7900
v 5.1422 1.2866 4.8500
v 5.1422 1.4866 4.9000
v 5.1422 1.7166 4.9600
v 5.1422 1.9566 5.0300
v 5.1322 2.1966 5.1000
v 5.1322 2.3866 5.1100
v 5.1022 5.8066 5.1500
v 5.1022 6.0466 5.0600
v 5.3422 -3.2334 3.5700
v 5.3422 -3.0134 3.6600
v 5.3422 -2.7834 3.7500
v 5.3422 -2.5834 3.8000
v 5.3322 -2.3734 3.8400
v 5.3322 -2.1334 3.9100
v 5.3322 -1.9134 3.9900
v 5.3322 -1.6834 4.0300
v 5.3322 -1.4334 4.0300
v 5.3222 -1.2234 4.1500
v 5.3222 -1.0034 4.2000
v 5.3222 -0.7934 4.3300
v 5.3222 -0.5634 4.3400
v 5.3222 -0.3434 4.3900
v 5.3122 -0.1134 4.4700
v 5.3122 0.0966 4.5100
v 5.3122 0.3266 4.5600
v 5.3122 0.5666 4.6400
v 5.3122 0.7866 4.7000
v 5.3022 1.0066 4.7600
v 5.3022 1.2466 4.7800
v 5.3022 1.4866 4.8500
v 5.3022 1.7066 4.9200
v 5.3022 1.9266 5.0000
v 5.2922 2.1566 5.0500
v 5.2922 2.3666 5.1400
v 5.2622 5.8066 5.0900
v 5.2622 6.0266 5.0100
v 5.5822 -3.0034 3.5600
v 5.5822 -2.7934 3.6900
v 5.5822 -2.5934 3.7600
v 5.5722 -2.3434 3.7800
v 5.5722 -2.1234 3.8400
v 5.5722 -1.9034 3.9600
v 5.5722 -1.6934 3.9800
v 5.5722 -1.4634 4.0600
v 5.5722 -1.2234 4.1400
v 5.5622 -0.9934 4.1600
v 5.5622 -0.8034 4.2200
v 5.5622 -0.5534 4.3100
v 5.5622 -0.2934 4.3300
v 5.5622 -0.0734 4.4600
v 5.5522 0.1266 4.4500
v 5.5522 0.3666 4.5600
v 5.5522 0.6266 4.5300
v 5.5522 0.8266 4.6300
v 5.5522 1.0366 4.6900
v 5.5422 1.2666 4.7400
v 5.5422 1.5166 4.8300
v 5.5422 1.7266 4.8900
v 5.5422 1.9566 4.9400
v 5.5422 2.1666 4.9900
v 5.5322 2.4066 5.0500
v 5.5322 2.6266 5.0900
v 5.5322 2.8466 5.1500
v 5.5122 5.5666 5.0900
v 5.5022 5.7766 5.0500
v 5.5022 5.9966 4.9600
v 5.8222 -2.8334 3.5600
v 5.8222 -2.6034 3.6700
v 5.8222 -2.3634 3.7100
v 5.8222 -2.1434 3.7800
v 5.8122 -1.9034 3.8700
v 5.8122 -1.6834 3.8800
v 5.8122 -1.4534 3.9800
v 5.8122 -1.2334 4.0700
v 5.8122 -1.0034 4.1300
v 5.8122 -0.7534 4.1500
v 5.8022 -0.5434 4.2200
v 5.8022 -0.3334 4.3000
v 5.8022 -0.1034 4.3500
v 5.8022 0.1466 4.4400
v 5.8022 0.3566 4.4500
v 5.7922 0.5866 4.4400
v 5.7922 0.7966 4.5600
v 5.7922 1.0466 4.6000
v 5.7922 1.2366 4.6900
v 5.7922 1.4766 4.7800
v 5.7822 1.7066 4.8100
v 5.7822 1.9566 4.8900
v 5.7822 2.1766 4.9500
v 5.7822 2.4166 4.9500
v 5.7822 2.6466 5.1100
v 5.7522 5.0466 5.1500
v 5.7522 5.3066 5.0800
v 5.7522 5.5166 5.0400
v 5.7522 5.7366 5.0100
v 5.7522 5.9666 4.8800
v 6.0222 -2.6934 3.6400
v 6.0222 -2.4634 3.6400
v 6.0122 -2.2534 3.7700
v 6.0122 -2.0434 3.7600
v 6.0122 -1.7934 3.8500
v 6.0122 -1.5634 3.9400
v 6.0122 -1.3434 4.0000
v 6.0022 -1.1134 4.0200
v 6.0022 -0.9034 4.1000
v 6.0022 -0.6634 4.1400
v 6.0022 -0.4534 4.2000
v 6.0022 -0.2434 4.2500
v 5.9922 0.0066 4.3400
v 5.9922 0.2566 4.3500
v 5.9922 0.4866 4.4100
v 5.9922 0.7066 4.5000
v 5.9922 0.9466 4.6000
v 5.9822 1.1766 4.6100
v 5.9822 1.3866 4.6600
v 5.9822 1.5966 4.7600
v 5.9822 1.8166 4.7800
v 5.9822 2.0266 4.8500
v 5.9722 2.2566 4.9600
v 5.9722 2.4666 4.9500
v 5.9722 2.6866 5.0000
v 5.9722 2.8966 5.0700
v 5.9522 4.9266 5.1300
v 5.9522 5.1466 5.0800
v 5.9522 5.3566 5.0400
v 5.9422 5.5866 4.9300
v 5.9422 5.8366 4.8900
v 5.9422 6.0666 4.8300
v 6.2022 -2.4434 3.6000
v 6.2022 -2.1934 3.6800
v 6.2022 -1.9734 3.8100
v 6.2022 -1.7534 3.7900
v 6.2022 -1.5134 3.8900
v 6.1922 -1.2734 3.9000
v 6.1922 -1.0334 4.0000
v 6.1922 -0.8134 4.0500
v 6.1922 -0.6034 4.1200
v 6.1822 -0.3634 4.1800
v 6.1822 -0.1434 4.2600
v 6.1822 0.0666 4.3000
v 6.1822 0.2766 4.3900
v 6.1822 0.4866 4.3800
v 6.1822 0.7266 4.4700
v 6.1722 0.9466 4.5200
v 6.1722 1.1466 4.5900
v 6.1722 1.3666 4.5900
v 6.1722 1.5966 4.6700
v 6.1722 1.8266 4.7500
v 6.1622 2.0466 4.8200
v 6.1622 2.2666 4.8600
v 6.1622 2.4866 4.9300
v 6.1622 2.6966 5.0000
v 6.1622 2.9366 5.0900
v 6.1522 3.1366 5.0900
v 6.1422 4.5266 5.1500
v 6.1422 4.7566 5.0800
v 6.1422 4.9566 5.0300
v 6.1422 5.2066 4.9600
v 6.1322 5.4366 4.9500
v 6.1322 5.6566 4.8600
v 6.1322 5.8566 4.8700
v 6.1322 6.0966 4.8100
v 6.4422 -2.3634 3.5600
v 6.4422 -2.1234 3.6200
v 6.4322 -1.9034 3.7200
v 6.4322 -1.7034 3.7800
v 6.4322 -1.4834 3.8100
v 6.4322 -1.2734 3.8900
v 6.4322 -1.0434 4.0200
v 6.4222 -0.8134 4.0200
v 6.4222 -0.6034 4.0300
v 6.4222 -0.4034 4.1300
v 6.4222 -0.1634 4.2000
v 6.4222 0.0366 4.2500
v 6.4122 0.2466 4.2600
v 6.4122 0.5166 4.3800
v 6.4122 0.7366 4.4400
v 6.4122 0.9466 4.4800
v 6.4122 1.1566 4.5400
v 6.4122 1.3766 4.5900
v 6.4022 1.6066 4.6200
v 6.4022 1.8366 4.7000
v 6.4022 2.0466 4.8000
v 6.4022 2.2466 4.8200
v 6.4022 2.5066 4.8700
v 6.3922 2.7366 4.9300
v 6.3922 2.9566 5.0000
v 6.3922 3.1966 5.0500
v 6.3922 3.4166 5.1400
v 6.3822 4.5366 5.0400
v 6.3822 4.7666 5.0500
v 6.3722 4.9966 4.9500
v 6.3722 5.2166 4.9500
v 6.3722 5.4366 4.9100
v 6.3722 5.6766 4.8400
v 6.3722 5.8766 4.8100
v 6.3622 6.1066 4.7000
v 6.6722 -2.1634 3.5900
v 6.6722 -1.9534 3.6100
v 6.6722 -1.7334 3.6900
v 6.6722 -1.5134 3.7800
v 6.6622 -1.2834 3.8400
v 6.6622 -1.0534 3.9100
v 6.6622 -0.8334 3.9400
v 6.6622 -0.6134 4.0400
v 6.6622 -0.4134 4.0500
v 6.6522 -0.1834 4.1300
v 6.6522 0.0366 4.1800
v 6.6522 0.2766 4.2300
v 6.6522 0.4866 4.2800
v 6.6522 0.6966 4.3700
v 6.6522 0.9366 4.4100
v 6.6422 1.1766 4.4600
v 6.6422 1.4066 4.5100
v 6.6422 1.6266 4.6300
v 6.6422 1.8566 4.6600
v 6.6422 2.0866 4.7600
v 6.6322 2.2966 4.8000
v 6.6322 2.4966 4.7700
v 6.6322 2.7166 4.8800
v 6.6322 2.9666 4.9800
v 6.6322 3.1966 5.0200
v 6.6222 3.4266 5.1100
v 6.6222 4.0966 5.1500
v 6.6222 4.2966 5.0800
v 6.6122 4.5266 5.0100
v 6.6122 4.7666 4.9500
v 6.6122 4.9766 4.9000
v 6.6122 5.2166 4.8800
v 6.6122 5.4566 4.7300
v 6.6022 5.6766 4.7300
v 6.6022 5.9166 4.7100
v 6.6022 6.1366 4.6700
v 6.8922 -1.8334 3.6400
v 6.8922 -1.6134 3.6700
v 6.8822 -1.3834 3.7700
v 6.8822 -1.1834 3.8600
v 6.8822 -0.9634 3.8700
v 6.8822 -0.7234 3.9400
v 6.8822 -0.4834 4.0000
v 6.8722 -0.2634 4.0500
v 6.8722 -0.0234 4.1200
v 6.8722 0.1966 4.1600
v 6.8722 0.4366 4.2600
v 6.8722 0.6166 4.3100
v 6.8622 0.8566 4.3500
v 6.8622 1.0766 4.4200
v 6.8622 1.2966 4.4700
v 6.8622 1.5366 4.5000
v 6.8622 1.7666 4.5400
v 6.8522 1.9966 4.6800
v 6.8522 2.1966 4.7300
v 6.8522 2.4366 4.7100
v 6.8522 2.6366 4.8300
v 6.8522 2.8666 4.9300
v 6.8422 3.0966 4.9600
v 6.8422 3.3066 4.9700
v 6.8422 3.5366 5.0600
v 6.8422 3.9966 5.1400
v 6.8422 4.2366 5.0500
v 6.8322 4.4566 4.9900
v 6.8322 4.6966 4.9400
v 6.8322 4.9166 4.8700
v 6.8322 5.1666 4.8300
v 6.8322 5.3666 4.7600
v 6.8222 5.6066 4.7300
v 6.8222 5.8266 4.6400
v 6.8222 6.0666 4.6700
v 7.1422 -1.7634 3.5600
v 7.1322 -1.5434 3.6300
v 7.1322 -1.3034 3.7100
v 7.1322 -1.0734 3.7300
v 7.1322 -0.8634 3.8100
v 7.1322 -0.6534 3.9100
v 7.1222 -0.4334 3.9800
v 7.1222 -0.1934 4.0200
v 7.1222 0.0366 4.0300
v 7.1222 0.2666 4.1700
v 7.1222 0.4866 4.1900
v 7.1122 0.7166 4.2500
v 7.1122 0.9366 4.3300
v 7.1122 1.1466 4.3100
v 7.1122 1.3666 4.4200
v 7.1122 1.6166 4.5100
v 7.1022 1.8166 4.5900
v 7.1022 2.0366 4.6200
v 7.1022 2.2866 4.6600
v 7.1022 2.5066 4.7000
v 7.1022 2.7366 4.7800
v 7.0922 2.9566 4.8400
v 7.0922 3.1966 4.8700
v 7.0922 3.4266 4.9500
v 7.0922 3.6566 5.0300
v 7.0922 3.8666 5.0800
v 7.0822 4.0966 4.9700
v 7.0822 4.3166 4.9700
v 7.0822 4.5566 4.8700
v 7.0822 4.7866 4.8600
v 7.0822 5.0066 4.7800
v 7.0722 5.2466 4.7300
v 7.0722 5.4766 4.6900
v 7.0722 5.7066 4.6700
v 7.0722 5.9166 4.5900
v 7.0722 6.1566 4.5600
v 7.4122 -1.4134 3.6500
v 7.4122 -1.2034 3.6900
v 7.4122 -0.9734 3.6900
v 7.4022 -0.7634 3.8000
v 7.4022 -0.5434 3.8600
v 7.4022 -0.3234 3.8900
v 7.4022 -0.0834 3.9200
v 7.4022 0.1166 4.0800
v 7.3922 0.3366 4.1000
v 7.3922 0.5866 4.1500
v 7.3922 0.8166 4.1700
v 7.3922 1.0366 4.2800
v 7.3922 1.2466 4.3200
v 7.3822 1.5066 4.3700
v 7.3822 1.7366 4.4100
v 7.3822 1.9566 4.5400
v 7.3822 2.1566 4.5800
v 7.3822 2.4066 4.6400
v 7.3722 2.6166 4.6600
v 7.3722 2.8466 4.7100
v 7.3722 3.0766 4.8100
v 7.3722 3.2966 4.8800
v 7.3722 3.5366 4.9000
v 7.3622 3.7466 5.0700
v 7.3622 3.9566 5.0100
v 7.3622 4.1966 4.9200
v 7.3622 4.4466 4.8300
v 7.3622 4.6766 4.8100
v 7.3522 4.9066 4.7700
v 7.3522 5.1466 4.7100
v 7.3522 5.3866 4.6800
v 7.3522 5.6266 4.5700
v 7.3522 5.8366 4.5200
v 7.3422 6.0566 4.5200
v 7.6022 0.2166 4.0300
v 7.6022 0.4466 4.0500
v 7.6022 0.6666 4.1700
v 7.6022 0.8966 4.2200
v 7.6022 1.1066 4.2700
v 7.5922 1.3466 4.3300
v 7.5922 1.5666 4.3800
v 7.5922 1.7866 4.4100
v 7.5922 2.0266 4.5200
v 7.5922 2.2466 4.5400
v 7.5822 2.4766 4.6600
v 7.5822 2.6866 4.6800
v 7.5822 2.9166 4.7500
v 7.5822 3.1366 4.7500
v 7.5822 3.3866 4.8300
v 7.5722 3.6266 4.9300
v 7.5722 3.8666 4.9700
v 7.5722 4.1066 4.8300
v 7.5722 4.3166 4.8300
v 7.5722 4.5266 4.8000
v 7.5622 4.7466 4.7300
v 7.5622 4.9566 4.6700
v 7.5622 5.1766 4.6200
v 7.5622 5.4166 4.5400
v 7.5622 5.6366 4.5100
v 7.5522 5.8466 4.5200
v 7.5522 6.0666 4.4600
v 3.2522 7.9366 5.1200
v 3.4622 7.8466 5.1400
v 3.4622 8.0866 5.0100
v 3.7222 7.6266 5.1200
v 3.7122 7.8466 5.0600
v 3.7122 8.0966 4.9900
v 3.9722 7.1466 5.1400
v 3.9622 7.3666 5.1200
v 3.9622 7.6066 5.0100
v 3.9622 7.8366 4.9500
v 3.9622 8.0666 4.9300
v 4.1822 7.0566 5.0900
v 4.1822 7.2666 5.0600
v 4.1822 7.4966 4.9900
v 4.1822 7.7366 4.9600
v 4.1822 7.9366 4.8700
v 4.4322 6.6266 5.1300
v 4.4322 6.8666 5.0300
v 4.4322 7.0966 5.0600
v 4.4322 7.3366 4.9900
v 4.4322 7.5666 4.9600
v 4.4222 7.7966 4.8600
v 4.4222 8.0166 4.8600
v 4.7222 6.3266 5.1300
v 4.7222 6.5366 5.0900
v 4.7222 6.7666 5.0400
v 4.7222 7.0166 4.9900
v 4.7222 7.2366 4.9300
v 4.7122 7.4566 4.8800
v 4.7122 7.6766 4.7800
v 4.7122 7.9166 4.7900
v 4.7122 8.1366 4.7700
v 4.9522 6.1966 5.0600
v 4.9522 6.4266 5.0500
v 4.9522 6.6666 4.9500
v 4.9522 6.8866 4.9600
v 4.9522 7.0966 4.8800
v 4.9422 7.3366 4.8300
v 4.9422 7.5766 4.7600
v 4.9422 7.8066 4.7400
v 4.9422 8.0466 4.6600
v 5.1022 6.2766 5.0200
v 5.1022 6.5166 4.9500
v 5.1022 6.7566 4.9300
v 5.0922 6.9966 4.8500
v 5.0922 7.2266 4.8300
v 5.0922 7.4366 4.7700
v 5.0922 7.6766 4.7200
v 5.0822 7.8766 4.6400
v 5.0822 8.0866 4.5900
v 5.2622 6.2566 5.0500
v 5.2622 6.4666 4.9400
v 5.2622 6.6766 4.8800
v 5.2522 6.9166 4.8400
v 5.2522 7.1366 4.8100
v 5.2522 7.3566 4.7600
v 5.2522 7.5666 4.6100
v 5.2522 7.7766 4.6600
v 5.2422 8.0066 4.5600
v 5.5022 6.2066 4.9700
v 5.5022 6.4566 4.9300
v 5.5022 6.6966 4.8300
v 5.4922 6.8966 4.8200
v 5.4922 7.1266 4.7100
v 5.4922 7.3466 4.7000
v 5.4922 7.5766 4.6100
v 5.4922 7.7866 4.6200
v 5.4822 8.0366 4.5400
v 5.7422 6.1966 4.8800
v 5.7422 6.3966 4.8600
v 5.7422 6.6466 4.7700
v 5.7422 6.8666 4.7600
v 5.7422 7.0666 4.7300
v 5.7322 7.3066 4.6500
v 5.7322 7.5566 4.5700
v 5.7322 7.7966 4.4700
v 5.7322 8.0366 4.5200
v 5.9422 6.3066 4.8200
v 5.9422 6.5166 4.7200
v 5.9322 6.7666 4.7000
v 5.9322 6.9866 4.6200
v 5.9322 7.1766 4.6000
v 5.9322 7.4066 4.5900
v 5.9322 7.6466 4.5400
v 5.9222 7.8866 4.4700
v 5.9222 8.0966 4.4200
v 6.1322 6.3366 4.7300
v 6.1222 6.5766 4.7000
v 6.1222 6.7866 4.6600
v 6.1222 7.0066 4.6100
v 6.1222 7.2466 4.5500
v 6.1222 7.4666 4.5000
v 6.1122 7.6766 4.4000
v 6.1122 7.9066 4.3800
v 6.1122 8.1366 4.3600
v 6.3622 6.3466 4.6800
v 6.3622 6.5666 4.5900
v 6.3622 6.7866 4.6100
v 6.3622 7.0266 4.5000
v 6.3522 7.2466 4.4900
v 6.3522 7.4966 4.3800
v 6.3522 7.7166 4.3700
v 6.3522 7.9566 4.3600
v 6.6022 6.3766 4.6500
v 6.6022 6.5966 4.5600
v 6.5922 6.8466 4.5000
v 6.5922 7.0866 4.4200
v 6.5922 7.2866 4.4400
v 6.5922 7.5066 4.3700
v 6.5922 7.7566 4.2800
v 6.5822 7.9866 4.2500
v 6.8222 6.2766 4.5800
v 6.8122 6.5066 4.5400
v 6.8122 6.7466 4.5100
v 6.8122 6.9766 4.4400
v 6.8122 7.2066 4.3500
v 6.8122 7.4166 4.3300
v 6.8122 7.6566 4.2100
v 6.8022 7.9066 4.2300
v 6.8022 8.1266 4.1200
v 7.0622 6.3966 4.4800
v 7.0622 6.6266 4.4600
v 7.0622 6.8666 4.3400
v 7.0622 7.1066 4.3200
v 7.0622 7.3366 4.3000
v 7.0522 7.5566 4.2300
v 7.0522 7.7666 4.1700
v 7.0522 7.9866 4.1300
v 7.3422 6.2666 4.4400
v 7.3422 6.4966 4.4000
v 7.3422 6.7066 4.3200
v 7.3422 6.9366 4.3000
v 7.3322 7.1666 4.2200
v 7.3322 7.3866 4.2200
v 7.3322 7.5866 4.1500
v 7.3322 7.7866 4.1300
v 7.3322 8.0466 4.0700
v 7.5522 6.2666 4.3400
v 7.5522 6.5166 4.3400
v 7.5522 6.7566 4.2800
v 7.5422 6.9766 4.2200
v 7.5422 7.1866 4.2100
v 7.5422 7.4166 4.0800
v 7.5422 7.6466 4.1000
v 7.5422 7.8666 4.0600
v 7.5322 8.0966 3.9900
v 1.6622 1.7366 5.0200
v 1.6622 1.4466 5.0200
v 1.6722 1.2366 4.9900
v 1.6722 1.0466 4.8700
v 1.6722 0.7966 4.8200
v 1.6722 0.5666 4.7200
v 1.6722 0.3166 4.7200
v 1.6722 0.0666 4.6400
v 1.6822 -0.1634 4.5900
v 1.6822 -0.3834 4.5000
v 1.6822 -0.6534 4.5000
v 1.6822 -0.8434 4.3800
v 1.6822 -1.0834 4.3500
v 1.4922 1.7266 5.0900
v 1.5022 1.5166 4.9900
v 1.5022 1.2766 5.0000
v 1.5022 0.9966 4.9500
v 1.5022 0.7866 4.8800
v 1.5022 0.5766 4.8300
v 1.5122 0.3166 4.7400
v 1.5122 0.0866 4.7000
v 1.5122 -0.1334 4.6000
v 1.5122 -0.3934 4.5600
v 1.5122 -0.6134 4.5000
v 1.5222 -0.8734 4.4400
v 1.5222 -1.1234 4.3800
v 1.5222 -1.3534 4.3200
v 1.5222 -1.5834 4.2900
v 1.5222 -1.8534 4.2400
v 1.5222 -2.0834 4.1700
v 1.5322 -2.3034 4.1000
v 1.5322 -2.5234 4.0200
v 1.5322 -2.7534 3.9300
v 1.5322 -3.0134 3.8800
v 1.5322 -3.2134 3.7800
v 1.5422 -3.4734 3.7400
v 1.5422 -3.6934 3.6600
v 1.3122 1.5866 5.1000
v 1.3122 1.3366 5.0400
v 1.3122 1.1166 4.9700
v 1.3222 0.8666 4.9100
v 1.3222 0.6466 4.8300
v 1.3222 0.3866 4.7900
v 1.3222 0.1666 4.7200
v 1.3222 -0.0834 4.6500
v 1.3222 -0.3334 4.6100
v 1.3322 -0.5634 4.5800
v 1.3322 -0.7834 4.4800
v 1.3322 -1.0434 4.4700
v 1.3322 -1.2734 4.3700
v 1.3322 -1.5134 4.3500
v 1.3422 -1.7634 4.2700
v 1.3422 -1.9734 4.2000
v 1.3422 -2.2234 4.1500
v 1.3422 -2.4434 4.0800
v 1.3422 -2.7034 4.0500
v 1.3522 -2.9434 3.9600
v 1.3522 -3.1934 3.9100
v 1.3522 -3.4334 3.8500
v 1.3522 -3.6334 3.7100
v 1.3522 -3.9034 3.6500
v 1.1322 1.4866 5.1300
v 1.1422 1.2366 5.0900
v 1.1422 1.0266 4.9800
v 1.1422 0.7966 4.9200
v 1.1422 0.5466 4.8700
v 1.1422 0.2766 4.8600
v 1.1422 0.0666 4.7600
v 1.1522 -0.1734 4.7000
v 1.1522 -0.4034 4.6500
v 1.1522 -0.6434 4.5600
v 1.1522 -0.8734 4.5600
v 1.1522 -1.1034 4.4300
v 1.1622 -1.3434 4.3500
v 1.1622 -1.5934 4.3300
v 1.1622 -1.8534 4.2700
v 1.1622 -2.1134 4.2400
v 1.1622 -2.3334 4.1400
v 1.1722 -2.5634 4.0900
v 1.1722 -2.7634 3.9600
v 1.1722 -2.9934 3.9100
v 1.1722 -3.2234 3.8600
v 1.1722 -3.4634 3.8800
v 1.1722 -3.6934 3.7500
v 1.1822 -3.9334 3.7300
v 1.1822 -4.1334 3.6200
v 0.9422 1.2866 5.1000
v 0.9522 1.0566 5.0400
v 0.9522 0.8066 5.0300
v 0.9522 0.5666 4.9400
v 0.9522 0.2966 4.9100
v 0.9522 0.0666 4.8500
v 0.9622 -0.1634 4.7700
v 0.9622 -0.4034 4.6500
v 0.9622 -0.6734 4.6300
v 0.9622 -0.8834 4.5900
v 0.9622 -1.1134 4.5100
v 0.9622 -1.3534 4.4900
v 0.9722 -1.5734 4.4500
v 0.9722 -1.7834 4.3300
v 0.9722 -2.0034 4.2300
v 0.9722 -2.2534 4.2400
v 0.9722 -2.4834 4.1700
v 0.9822 -2.6934 4.0600
v 0.9822 -2.9134 4.0400
v 0.9822 -3.1734 3.9700
v 0.9822 -3.4334 3.9200
v 0.9822 -3.6334 3.8300
v 0.9822 -3.8334 3.7400
v 0.9922 -4.0634 3.7100
v 0.9922 -4.3034 3.6000
v 0.6722 0.6966 5.0600
v 0.6822 0.4766 5.0200
v 0.6822 0.2766 4.9600
v 0.6822 0.0566 4.8300
v 0.6822 -0.2134 4.8700
v 0.6822 -0.4234 4.7500
v 0.6822 -0.6434 4.6800
v 0.6922 -0.8734 4.6400
v 0.6922 -1.1134 4.6000
v 0.6922 -1.3434 4.5400
v 0.6922 -1.5834 4.4600
v 0.6922 -1.7934 4.3600
v 0.7022 -2.0434 4.3100
v 0.7022 -2.2834 4.2800
v 0.7022 -2.5034 4.2400
v 0.7022 -2.7434 4.1400
v 0.7022 -2.9834 4.1000
v 0.7122 -3.2034 3.9900
v 0.7122 -3.4334 3.9500
v 0.7122 -3.6334 3.8700
v 0.7122 -3.9034 3.8400
v 0.7122 -4.1434 3.7600
v 0.7122 -4.3834 3.6900
v 0.7222 -4.6034 3.5600
v 0.3322 1.3266 5.0900
v 0.3322 1.0766 5.0400
v 0.3322 0.8466 5.0100
v 0.3422 0.6266 4.9500
v 0.3422 0.4066 4.9100
v 0.3422 0.1566 4.8400
v 0.3422 -0.1034 4.8000
v 0.3422 -0.3034 4.7200
v 0.3422 -0.5534 4.7200
v 0.3522 -0.7934 4.6900
v 0.3522 -1.0534 4.6200
v 0.3522 -1.2734 4.5700
v 0.3522 -1.5134 4.5300
v 0.3522 -1.7334 4.4300
v 0.3622 -1.9834 4.4100
v 0.3622 -2.2334 4.3600
v 0.3622 -2.4534 4.2700
v 0.3622 -2.7034 4.2100
v 0.3622 -2.9734 4.1600
v 0.3622 -3.1734 4.0600
v 0.3722 -3.4434 4.0800
v 0.3722 -3.6534 4.0200
v 0.3722 -3.9034 3.9900
v 0.3722 -4.1134 3.8600
v 0.3722 -4.3534 3.8400
v 0.3822 -4.5734 3.7200
v 0.0522 1.7266 5.1000
v 0.0522 1.4766 5.0600
v 0.0522 1.2666 5.0000
v 0.0622 1.0266 4.9600
v 0.0622 0.7866 4.9300
v 0.0622 0.5366 4.8600
v 0.0622 0.3366 4.7800
v 0.0622 0.0866 4.7200
v 0.0622 -0.1634 4.7000
v 0.0722 -0.3834 4.6700
v 0.0722 -0.6234 4.5600
v 0.0722 -0.8934 4.5500
v 0.0722 -1.1334 4.4900
v 0.0722 -1.3734 4.4000
v 0.0822 -1.5934 4.3800
v 0.0822 -1.8734 4.3600
v 0.0822 -2.0934 4.3000
v 0.0822 -2.2934 4.1900
v 0.0822 -2.5434 4.1700
v 0.0922 -2.7834 4.1100
v 0.0922 -3.0234 4.0300
v 0.0922 -3.2834 3.9900
v 0.0922 -3.5234 3.9800
v 0.0922 -3.7334 3.8800
v 0.1022 -3.9834 3.8600
v 0.1022 -4.2234 3.8200
v 0.1022 -4.4334 3.7400
v 0.1022 -4.6734 3.6600
v -0.1378 1.6666 5.0700
v -0.1378 1.4566 4.9900
v -0.1378 1.2166 4.9900
v -0.1378 0.9766 4.9000
v -0.1278 0.6966 4.8700
v -0.1278 0.4666 4.8100
v -0.1278 0.2266 4.7200
v -0.1278 0.0066 4.6800
v -0.1278 -0.2534 4.6100
v -0.1178 -0.4834 4.5500
v -0.1178 -0.6834 4.4700
v -0.1178 -0.9334 4.4700
v -0.1178 -1.1734 4.3800
v -0.1178 -1.4534 4.3700
v -0.1078 -1.7034 4.3300
v -0.1078 -1.9034 4.2500
v -0.1078 -2.1434 4.2400
v -0.1078 -2.4034 4.1700
v -0.1078 -2.6334 4.1200
v -0.1078 -2.8334 4.0400
v -0.0978 -3.0934 4.0000
v -0.0978 -3.3334 3.9500
v -0.0978 -3.5734 3.8900
v -0.0978 -3.8134 3.8200
v -0.0978 -4.0234 3.7600
v -0.0878 -4.3034 3.7400
v -0.0878 -4.5334 3.5900
v -0.3578 2.2666 5.1400
v -0.3578 2.0166 5.0800
v -0.3478 1.7866 5.0300
v -0.3478 1.5466 4.9400
v -0.3478 1.2966 4.9400
v -0.3478 1.0966 4.8600
v -0.3478 0.8766 4.7600
v -0.3378 0.5966 4.8000
v -0.3378 0.3766 4.7400
v -0.3378 0.1266 4.6400
v -0.3378 -0.1234 4.5900
v -0.3378 -0.3434 4.5500
v -0.3278 -0.5934 4.4900
v -0.3278 -0.8134 4.4500
v -0.3278 -1.0734 4.4200
v -0.3278 -1.2934 4.3300
v -0.3278 -1.5134 4.2700
v -0.3178 -1.7734 4.2200
v -0.3178 -2.0234 4.1700
v -0.3178 -2.2534 4.1400
v -0.3178 -2.4934 4.0700
v -0.3178 -2.7234 4.0000
v -0.3178 -2.9834 3.9200
v -0.3078 -3.2334 3.9100
v -0.3078 -3.4734 3.8800
v -0.3078 -3.7334 3.8300
v -0.3078 -3.9534 3.7400
v -0.3078 -4.1634 3.6400
v -0.6578 2.5866 5.1500
v -0.6578 2.3666 5.0300
v -0.6578 2.0866 5.0100
v -0.6478 1.8266 4.9700
v -0.6478 1.6166 4.9300
v -0.6478 1.3866 4.8700
v -0.6478 1.1366 4.8000
v -0.6478 0.8966 4.7700
v -0.6378 0.6966 4.6800
v -0.6378 0.4366 4.6700
v -0.6378 0.2166 4.5700
v -0.6378 -0.0434 4.5200
v -0.6378 -0.2934 4.5200
v -0.6378 -0.5134 4.4500
v -0.6278 -0.7634 4.3800
v -0.6278 -1.0134 4.3000
v -0.6278 -1.2634 4.2900
v -0.6278 -1.4734 4.1900
v -0.6278 -1.7534 4.1800
v -0.6178 -2.0034 4.1500
v -0.6178 -2.2234 4.0700
v -0.6178 -2.4234 3.9900
v -0.6178 -2.6734 3.9400
v -0.6178 -2.9434 3.8900
v -0.6078 -3.1534 3.7900
v -0.6078 -3.4034 3.7800
v -0.6078 -3.6134 3.6800
v -0.6078 -3.8834 3.6500
v -0.9578 2.9866 5.1400
v -0.9578 2.7166 5.1100
v -0.9478 2.4966 5.0300
v -0.9478 2.2666 5.0100
v -0.9478 2.0266 4.9200
v -0.9478 1.8166 4.8300
v -0.9478 1.5466 4.8000
v -0.9378 1.3166 4.7100
v -0.9378 1.0766 4.7100
v -0.9378 0.8266 4.6300
v -0.9378 0.5866 4.5600
v -0.9378 0.3266 4.5400
v -0.9378 0.1066 4.4800
v -0.9278 -0.1534 4.4300
v -0.9278 -0.4134 4.4100
v -0.9278 -0.6334 4.3200
v -0.9278 -0.8434 4.2800
v -0.9278 -1.0934 4.2000
v -0.9178 -1.3434 4.1400
v -0.9178 -1.5934 4.1300
v -0.9178 -1.8334 4.0700
v -0.9178 -2.0634 4.0100
v -0.9178 -2.3034 3.9400
v -0.9078 -2.5234 3.8700
v -0.9078 -2.7734 3.8100
v -0.9078 -3.0234 3.7400
v -0.9078 -3.2934 3.7400
v -0.9078 -3.5034 3.6600
v -0.9078 -3.7534 3.5600
v -1.2178 8.0966 5.1300
v -1.1778 2.9066 5.0800
v -1.1778 2.6566 5.0000
v -1.1778 2.3866 4.9800
v -1.1778 2.1766 4.9300
v -1.1678 1.9366 4.8500
v -1.1678 1.6866 4.7800
v -1.1678 1.4266 4.7300
v -1.1678 1.2366 4.6700
v -1.1678 0.9866 4.6100
v -1.1678 0.7366 4.5600
v -1.1578 0.4766 4.5100
v -1.1578 0.2866 4.4600
v -1.1578 0.0166 4.4200
v -1.1578 -0.2234 4.3900
v -1.1578 -0.4634 4.3200
v -1.1478 -0.6834 4.2800
v -1.1478 -0.9334 4.1800
v -1.1478 -1.1834 4.1300
v -1.1478 -1.4634 4.1200
v -1.1478 -1.6834 4.0700
v -1.1378 -1.9234 3.9900
v -1.1378 -2.1834 3.9400
v -1.1378 -2.4134 3.8600
v -1.1378 -2.6234 3.7900
v -1.1378 -2.8434 3.7400
v -1.1278 -3.0834 3.7100
v -1.1278 -3.3134 3.6500
v -1.4078 7.9366 5.1300
v -1.3678 3.1866 5.1500
v -1.3678 2.9666 5.0500
v -1.3678 2.7366 4.9900
v -1.3678 2.4966 4.9700
v -1.3678 2.2866 4.8800
v -1.3678 2.0266 4.7800
v -1.3578 1.7866 4.7800
v -1.3578 1.5666 4.7000
v -1.3578 1.3266 4.6400
v -1.3578 1.0866 4.5700
v -1.3578 0.8366 4.5500
v -1.3478 0.5966 4.4800
v -1.3478 0.3566 4.4000
v -1.3478 0.0866 4.3900
v -1.3478 -0.1434 4.2900
v -1.3478 -0.3934 4.2500
v -1.3378 -0.6634 4.2500
v -1.3378 -0.8634 4.1400
v -1.3378 -1.1034 4.1100
v -1.3378 -1.3434 4.0800
v -1.3378 -1.5734 4.0500
v -1.3278 -1.7734 3.9400
v -1.3278 -2.0334 3.9100
v -1.3278 -2.2834 3.9000
v -1.3278 -2.4934 3.8200
v -1.3278 -2.7134 3.7400
v -1.3278 -2.9334 3.6800
v -1.3178 -3.1934 3.6100
v -1.3178 -3.4434 3.5800
v -1.6178 7.8866 5.1300
v -1.6178 7.6166 5.1100
v -1.5878 3.6566 5.1200
v -1.5878 3.4366 5.0500
v -1.5878 3.1466 5.0400
v -1.5778 2.9166 4.9800
v -1.5778 2.6766 4.9300
v -1.5778 2.4666 4.8600
v -1.5778 2.2066 4.8400
v -1.5778 1.9366 4.7700
v -1.5678 1.7066 4.7100
v -1.5678 1.4866 4.6100
v -1.5678 1.2266 4.5400
v -1.5678 0.9666 4.5000
v -1.5678 0.7266 4.4700
v -1.5678 0.5166 4.4600
v -1.5578 0.2966 4.3200
v -1.5578 0.0566 4.3100
v -1.5578 -0.1934 4.2700
v -1.5578 -0.4234 4.2200
v -1.5578 -0.6434 4.1700
v -1.5478 -0.8934 4.1200
v -1.5478 -1.1134 4.0400
v -1.5478 -1.3434 4.0100
v -1.5478 -1.5834 3.9700
v -1.5478 -1.8334 3.9000
v -1.5378 -2.0834 3.8600
v -1.5378 -2.2934 3.8200
v -1.5378 -2.4934 3.7100
v -1.5378 -2.7234 3.6300
v -1.5378 -2.9834 3.5700
v -1.8278 7.5966 5.1500
v -1.7978 3.9066 5.1400
v -1.7978 3.6666 5.0700
v -1.7978 3.4166 5.0200
v -1.7878 3.1466 5.0100
v -1.7878 2.8866 4.9600
v -1.7878 2.6466 4.9200
v -1.7878 2.4266 4.8400
v -1.7878 2.1966 4.7700
v -1.7778 1.9666 4.7200
v -1.7778 1.7566 4.6500
v -1.7778 1.5266 4.6000
v -1.7778 1.2866 4.5300
v -1.7778 1.0666 4.4500
v -1.7678 0.8166 4.4500
v -1.7678 0.6166 4.3400
v -1.7678 0.3766 4.3500
v -1.7678 0.1266 4.2600
v -1.7678 -0.1434 4.2500
v -1.7678 -0.3634 4.1800
v -1.7578 -0.5734 4.1200
v -1.7578 -0.8134 4.0700
v -1.7578 -1.0534 3.9900
v -1.7578 -1.3034 4.0000
v -1.7578 -1.5234 3.8800
v -1.7478 -1.7534 3.8200
v -1.7478 -2.0034 3.8000
v -1.7478 -2.2534 3.7800
v -1.7478 -2.5034 3.7200
v -1.7478 -2.7334 3.6000
v -2.0378 7.5566 5.0800
v -2.0378 7.2766 5.1500
v -2.0178 4.1366 5.0900
v -2.0078 3.8766 5.1000
v -2.0078 3.6466 5.0500
v -2.0078 3.4166 4.9800
v -2.0078 3.1966 4.9600
v -2.0078 2.9266 4.9300
v -1.9978 2.7066 4.8500
v -1.9978 2.4766 4.7600
v -1.9978 2.2566 4.7200
v -1.9978 2.0266 4.6700
v -1.9978 1.8066 4.5800
v -1.9978 1.5266 4.5600
v -1.9878 1.3066 4.4900
v -1.9878 1.0966 4.4100
v -1.9878 0.8566 4.3600
v -1.9878 0.5966 4.3200
v -1.9878 0.3766 4.2800
v -1.9778 0.1466 4.2000
v -1.9778 -0.0834 4.1800
v -1.9778 -0.3234 4.1200
v -1.9778 -0.5734 4.0300
v -1.9778 -0.8434 4.0400
v -1.9778 -1.0434 3.9400
v -1.9678 -1.3234 3.9100
v -1.9678 -1.5534 3.8400
v -1.9678 -1.7834 3.8100
v -1.9678 -1.9934 3.7300
v -1.9678 -2.2634 3.7200
v -1.9578 -2.4834 3.6100
v -2.3278 7.2066 5.1300
v -2.2978 4.1166 5.0900
v -2.2978 3.9066 4.9900
v -2.2978 3.6566 5.0000
v -2.2978 3.4266 4.9300
v -2.2878 3.1866 4.8200
v -2.2878 2.9466 4.8000
v -2.2878 2.7166 4.7400
v -2.2878 2.4966 4.6900
v -2.2878 2.2566 4.5800
v -2.2778 2.0166 4.5900
v -2.2778 1.7966 4.4500
v -2.2778 1.5366 4.4900
v -2.2778 1.3066 4.4300
v -2.2778 1.0666 4.3500
v -2.2778 0.8166 4.3000
v -2.2678 0.5666 4.2600
v -2.2678 0.3366 4.1900
v -2.2678 0.1366 4.0500
v -2.2678 -0.1634 4.0800
v -2.2678 -0.3534 3.9900
v -2.2578 -0.6134 3.9800
v -2.2578 -0.8234 3.9200
v -2.2578 -1.0734 3.8400
v -2.2578 -1.3534 3.8500
v -2.2578 -1.5634 3.7600
v -2.2578 -1.8134 3.6900
v -2.2478 -2.0434 3.6400
v -2.6578 7.0566 5.0800
v -2.6378 4.5366 5.0800
v -2.6378 4.2766 5.0200
v -2.6378 4.0466 4.9700
v -2.6378 3.8066 4.9000
v -2.6378 3.5666 4.9100
v -2.6278 3.3166 4.8200
v -2.6278 3.1066 4.7300
v -2.6278 2.8566 4.7100
v -2.6278 2.6166 4.6800
v -2.6278 2.3766 4.5800
v -2.6178 2.1066 4.5500
v -2.6178 1.8666 4.4800
v -2.6178 1.6466 4.4400
v -2.6178 1.4066 4.3900
v -2.6178 1.1566 4.3600
v -2.6178 0.9566 4.2200
v -2.6078 0.7466 4.1700
v -2.6078 0.4866 4.1400
v -2.6078 0.2066 4.1100
v -2.6078 -0.0334 4.0200
v -2.6078 -0.2334 3.9300
v -2.5978 -0.4534 3.8900
v -2.5978 -0.7234 3.8600
v -2.5978 -0.9634 3.8100
v -2.5978 -1.1834 3.7500
v -2.5978 -1.4434 3.7500
v -2.5978 -1.6434 3.6500
v -2.5878 -1.9134 3.6000
v -2.9278 6.8566 5.0400
v -2.9278 6.5666 5.1400
v -2.9178 5.2766 5.1300
v -2.9178 5.0366 5.1100
v -2.9078 4.7966 5.0800
v -2.9078 4.5366 5.0500
v -2.9078 4.3266 4.9500
v -2.9078 4.0566 4.9000
v -2.9078 3.7966 4.8700
v -2.9078 3.5766 4.8000
v -2.8978 3.3266 4.7300
v -2.8978 3.0966 4.7100
v -2.8978 2.8666 4.6300
v -2.8978 2.6466 4.5800
v -2.8978 2.4166 4.5100
v -2.8878 2.1566 4.4600
v -2.8878 1.8866 4.4500
v -2.8878 1.6866 4.3400
v -2.8878 1.4366 4.3300
v -2.8878 1.2066 4.2000
v -2.8778 0.9766 4.1800
v -2.8778 0.7366 4.1400
v -2.8778 0.4866 4.0900
v -2.8778 0.2566 4.0600
v -2.8778 0.0066 4.0000
v -2.8778 -0.2334 3.9200
v -2.8678 -0.4634 3.9000
v -2.8678 -0.7034 3.8000
v -2.8678 -0.9734 3.7900
v -2.8678 -1.1934 3.6700
v -2.8678 -1.4234 3.6100
v -2.8578 -1.6734 3.5700
v -3.1078 6.6766 5.0900
v -3.0878 5.0766 5.1500
v -3.0878 4.8166 5.0900
v -3.0878 4.6066 4.9700
v -3.0878 4.3866 4.9200
v -3.0878 4.1666 4.8900
v -3.0778 3.9266 4.8100
v -3.0778 3.6566 4.7600
v -3.0778 3.4066 4.7100
v -3.0778 3.2066 4.6300
v -3.0778 2.9666 4.5800
v -3.0778 2.6766 4.5900
v -3.0678 2.4766 4.5000
v -3.0678 2.2466 4.4600
v -3.0678 2.0166 4.3800
v -3.0678 1.7866 4.3000
v -3.0678 1.5266 4.2600
v -3.0578 1.2866 4.2300
v -3.0578 1.0666 4.1700
v -3.0578 0.7966 4.1100
v -3.0578 0.5566 4.0300
v -3.0578 0.3066 4.0500
v -3.0478 0.0766 3.9400
v -3.0478 -0.1634 3.8800
v -3.0478 -0.4234 3.8300
v -3.0478 -0.6334 3.8100
v -3.0478 -0.8534 3.6900
v -3.0478 -1.1034 3.6000
v -3.2978 6.4766 5.1200
v -3.2878 5.1266 5.1500
v -3.2878 4.9266 5.0200
v -3.2878 4.7166 4.9400
v -3.2878 4.4866 4.9200
v -3.2878 4.2366 4.8500
v -3.2878 4.0166 4.7900
v -3.2778 3.7666 4.7400
v -3.2778 3.5266 4.7100
v -3.2778 3.2966 4.6100
v -3.2778 3.0566 4.5300
v -3.2778 2.8266 4.4900
v -3.2678 2.5866 4.4100
v -3.2678 2.3266 4.3800
v -3.2678 2.0766 4.3300
v -3.2678 1.8266 4.3200
v -3.2678 1.5966 4.2300
v -3.2578 1.3666 4.1800
v -3.2578 1.1166 4.1200
v -3.2578 0.8866 4.0800
v -3.2578 0.6366 4.0500
v -3.2578 0.4066 3.9200
v -3.2478 0.1466 3.9500
v -3.2478 -0.0834 3.8400
v -3.2478 -0.2734 3.7300
v -3.2478 -0.5434 3.7500
v -3.2478 -0.7734 3.6400
v -3.2478 -1.0334 3.6100
v -3.5978 4.8266 4.9100
v -3.5978 4.5966 4.8800
v -3.5878 4.3366 4.7800
v -3.5878 4.0866 4.7300
v -3.5878 3.8666 4.6800
v -3.5878 3.6166 4.6600
v -3.5878 3.3866 4.5100
v -3.5778 3.1266 4.4900
v -3.5778 2.8866 4.4800
v -3.5778 2.6966 4.3500
v -3.5778 2.4266 4.3200
v -3.5778 2.1766 4.2700
v -3.5678 1.9566 4.2100
v -3.5678 1.7066 4.1900
v -3.5678 1.5066 4.0800
v -3.5678 1.2166 4.0600
v -3.5678 0.9866 4.0400
v -3.5678 0.7566 3.9600
v -3.5578 0.4966 3.8900
v -3.5578 0.2566 3.8000
v -3.5578 -0.0034 3.8000
v -3.5578 -0.2434 3.7300
v -3.5578 -0.4934 3.6600
v -3.5478 -0.7234 3.5700
v -3.9078 5.0766 4.8800
v -3.9078 4.8466 4.8100
v -3.9078 4.5966 4.7900
v -3.9078 4.3866 4.7200
v -3.8978 4.1066 4.7100
v -3.8978 3.8866 4.6100
v -3.8978 3.6566 4.5800
v -3.8978 3.3866 4.5300
v -3.8978 3.1866 4.4200
v -3.8878 2.9266 4.4000
v -3.8878 2.6866 4.3600
v -3.8878 2.4766 4.2300
v -3.8878 2.2066 4.2400
v -3.8878 1.9666 4.1300
v -3.8778 1.7066 4.1100
v -3.8778 1.4566 4.0400
v -3.8778 1.2166 4.0000
v -3.8778 0.9866 3.9200
v -3.8778 0.7866 3.8300
v -3.8778 0.5166 3.8600
v -3.8678 0.3066 3.8100
v -3.8678 0.0766 3.7400
v -3.8678 -0.1534 3.6700
v -3.8678 -0.3834 3.6000
v -4.1378 5.7466 4.9700
v -4.1278 5.5166 4.8800
v -4.1278 5.2566 4.8800
v -4.1278 5.0266 4.8000
v -4.1278 4.7866 4.7500
v -4.1278 4.5566 4.7000
v -4.1278 4.3166 4.6300
v -4.1178 4.0666 4.5700
v -4.1178 3.8166 4.5200
v -4.1178 3.5566 4.4900
v -4.1178 3.3366 4.3800
v -4.1178 3.0566 4.3600
v -4.1078 2.8066 4.3700
v -4.1078 2.6066 4.2300
v -4.1078 2.3766 4.2400
v -4.1078 2.1766 4.1200
v -4.1078 1.9166 4.0900
v -4.1078 1.6766 4.0400
v -4.0978 1.4766 4.0000
v -4.0978 1.2366 3.9200
v -4.0978 1.0066 3.8400
v -4.0978 0.7866 3.7800
v -4.0978 0.5566 3.7300
v -4.0878 0.2966 3.7000
v -4.0878 0.0666 3.6100
v -4.3078 5.4166 4.9200
v -4.2978 5.1766 4.8300
v -4.2978 4.9466 4.7500
v -4.2978 4.6866 4.7100
v -4.2978 4.4866 4.6300
v -4.2978 4.2266 4.5900
v -4.2978 4.0266 4.4900
v -4.2878 3.7866 4.4700
v -4.2878 3.5466 4.4600
v -4.2878 3.2966 4.4000
v -4.2878 3.0766 4.3100
v -4.2878 2.8566 4.2700
v -4.2878 2.6266 4.2300
v -4.2778 2.4066 4.1300
v -4.2778 2.1366 4.1200
v -4.2778 1.8966 4.0600
v -4.2778 1.6766 3.9800
v -4.2778 1.4466 3.9400
v -4.2678 1.2066 3.8800
v -4.2678 0.9666 3.8200
v -4.2678 0.7466 3.7800
v -4.2678 0.4966 3.7000
v -4.2678 0.2866 3.6200
v -4.2578 0.0566 3.5900
v -4.5078 5.3866 4.8000
v -4.5078 5.1566 4.7800
v -4.5078 4.9266 4.7100
v -4.5078 4.7166 4.6400
v -4.4978 4.4566 4.5900
v -4.4978 4.2366 4.5100
v -4.4978 4.0166 4.4700
v -4.4978 3.7766 4.4000
v -4.4978 3.5066 4.3700
v -4.4878 3.2866 4.3000
v -4.4878 3.0766 4.2400
v -4.4878 2.8466 4.2100
v -4.4878 2.5866 4.1400
v -4.4878 2.3466 4.1000
v -4.4778 2.1066 4.0300
v -4.4778 1.8866 4.0000
v -4.4778 1.6666 3.9000
v -4.4778 1.4066 3.8700
v -4.4778 1.1466 3.8400
v -4.4778 0.9166 3.7700
v -4.4678 0.6466 3.7300
v -4.4678 0.4266 3.6500
v -4.4678 0.1866 3.5700
v -4.7278 5.1466 4.7200
v -4.7178 4.9366 4.6300
v -4.7178 4.6866 4.6200
v -4.7178 4.4666 4.5700
v -4.7178 4.2266 4.4700
v -4.7178 4.0266 4.3600
v -4.7178 3.7566 4.3300
v -4.7078 3.4966 4.3500
v -4.7078 3.3066 4.2200
v -4.7078 3.0466 4.2000
v -4.7078 2.7866 4.1600
v -4.7078 2.5366 4.1100
v -4.6978 2.2966 4.0100
v -4.6978 2.0766 3.9800
v -4.6978 1.8166 3.9500
v -4.6978 1.5966 3.8800
v -4.6978 1.3566 3.8400
v -4.6878 1.1466 3.7600
v -4.6878 0.8966 3.7100
v -4.6878 0.6566 3.6300
v -4.9478 4.7566 4.5600
v -4.9478 4.5466 4.4400
v -4.9478 4.2966 4.3900
v -4.9478 4.0166 4.3700
v -4.9478 3.7966 4.3000
v -4.9478 3.5666 4.2200
v -4.9378 3.3366 4.1900
v -4.9378 3.0866 4.1700
v -4.9378 2.8666 4.0900
v -4.9378 2.6066 4.0400
v -4.9378 2.3866 4.0000
v -4.9278 2.1366 3.9100
v -4.9278 1.8766 3.8900
v -4.9278 1.6666 3.7900
v -4.9278 1.4366 3.7300
v -4.9278 1.2166 3.6700
v -4.9278 0.9666 3.6400
v -5.2378 4.6266 4.4300
v -5.2378 4.3766 4.4000
v -5.2378 4.1366 4.3000
v -5.2378 3.8966 4.2400
v -5.2378 3.6466 4.1900
v -5.2278 3.4166 4.1200
v -5.2278 3.1866 4.1000
v -5.2278 2.9466 4.0100
v -5.2278 2.7166 4.0300
v -5.2278 2.4866 3.9300
v -5.2178 2.2266 3.8900
v -5.2178 2.0166 3.8000
v -5.2178 1.7566 3.7900
v -5.2178 1.5366 3.7100
v -5.2178 1.2866 3.6500
v -5.2078 1.0466 3.6000
v -5.5678 4.1666 4.2300
v -5.5678 3.9266 4.1800
v -5.5578 3.6866 4.1400
v -5.5578 3.4266 4.0900
v -5.5578 3.1966 4.0000
v -5.5578 2.9866 3.9500
v -5.5578 2.7166 3.9000
v -5.5478 2.4666 3.8200
v -5.5478 2.2266 3.7500
v -5.5478 2.0266 3.6900
v -5.5478 1.7666 3.6500
v -5.5478 1.5066 3.5900
v -5.8178 3.9366 4.1500
v -5.8178 3.6966 4.0700
v -5.8078 3.4466 4.0300
v -5.8078 3.2266 3.9500
v -5.8078 3.0266 3.8800
v -5.8078 2.7766 3.8400
v -5.8078 2.5066 3.7900
v -5.8078 2.2766 3.7500
v -5.7978 2.0266 3.6800
v -5.7978 1.8266 3.5600
v -5.9878 3.7166 4.0100
v -5.9878 3.4966 3.9600
v -5.9878 3.2566 3.9200
v -5.9878 3.0066 3.8600
v -5.9778 2.7866 3.7600
v -5.9778 2.5166 3.7900
v -5.9778 2.3066 3.6400
v -5.9778 2.0366 3.6100
v -6.2078 3.5366 3.9200
v -6.2078 3.2566 3.8900
v -6.2078 3.0266 3.8200
v -6.1978 2.8166 3.7600
v -6.1978 2.5666 3.6800
v -6.1978 2.3566 3.6100
v -6.5278 3.1566 3.7500
v -6.5278 2.9366 3.6900
v -6.5278 2.7266 3.6000
v -6.4778 -3.3434 3.8000
v -6.4778 -3.5034 3.5900
v -6.4378 -9.1234 4.0000
v -6.7778 -3.5534 3.6400
v -6.7678 -3.7934 3.6200
v -6.7378 -8.6734 4.0600
v -6.9678 -3.3534 3.8900
v -6.9678 -3.5734 3.7400
v -6.9678 -3.8234 3.7000
v -7.1278 -3.5034 3.7100
v -7.1278 -3.7434 3.7400
v -7.1278 -3.9934 3.6300
v -7.0978 -7.9234 3.7900
v -7.3578 -3.2934 3.9700
v -7.3478 -3.9634 3.6900
v -7.3478 -4.2534 3.6600
v -7.6078 -3.2234 3.9600
v -7.6078 -3.4734 3.9300
v -7.5978 -3.6734 3.8400
v -7.5978 -3.9034 3.7900
v -7.5978 -4.1234 3.7000
v -7.5978 -4.5834 3.5800
v -7.8678 -1.9534 3.7100
v -7.8578 -3.3434 4.0200
v -7.8578 -3.5934 3.9400
v -7.8478 -3.8134 3.8600
v -7.8478 -4.0534 3.8000
v -7.8478 -4.2534 3.7100
v -7.8478 -4.4734 3.6500
v -7.8478 -4.7334 3.5900
v -7.8178 -8.0334 4.1000
v -8.1378 -3.2834 4.1500
v -8.1378 -3.4934 4.0300
v -8.1378 -3.7134 3.9500
v -8.1278 -3.9334 3.9000
v -8.1278 -4.1934 3.8500
v -8.1278 -4.4234 3.7600
v -8.1278 -4.6734 3.7000
v -8.1278 -4.8934 3.6400
v -8.1178 -5.6934 3.6800
v -8.1078 -7.2634 5.0100
v -8.1078 -7.4434 4.8200
v -8.4378 -3.4234 4.2000
v -8.4378 -3.6034 4.0400
v -8.4378 -3.8534 4.0300
v -8.4378 -4.0834 3.9400
v -8.4378 -4.3434 3.9600
v -8.4278 -4.7634 3.7400
v -8.4278 -5.2634 3.6000
v -8.4178 -6.8134 4.9500
v -8.4078 -7.0934 5.0300
v -8.4078 -7.3434 5.0300
v -8.4078 -7.5134 4.8400
v -8.4078 -7.5434 4.2400
v -8.4078 -8.1134 4.3500
v -8.6878 -3.0934 4.2200
v -8.6878 -3.3834 4.2600
v -8.6778 -3.6034 4.1300
v -8.6778 -3.8234 4.0600
v -8.6778 -4.0134 3.9700
v -8.6778 -4.2834 3.9400
v -8.6778 -4.4734 3.8100
v -8.6778 -4.7334 3.8000
v -8.6678 -4.9734 3.7500
v -8.6678 -5.2034 3.7000
v -8.6678 -5.7734 3.7700
v -8.6578 -6.7834 5.0500
v -8.6578 -7.0434 5.0200
v -8.6578 -7.2834 4.9400
v -8.6578 -7.2834 4.3000
v -8.6478 -7.5134 4.2000
v -8.6478 -8.3634 4.4700
v -8.6378 -8.9834 4.6300
v -8.8878 -1.8434 4.0600
v -8.8678 -3.2134 4.3300
v -8.8678 -3.4334 4.2500
v -8.8678 -3.6734 4.1800
v -8.8678 -4.1534 4.0500
v -8.8578 -4.6334 3.9400
v -8.8578 -4.8634 3.8200
v -8.8578 -5.0834 3.7400
v -8.8478 -6.6734 5.0900
v -8.8478 -6.8734 5.0100
v -8.8478 -7.0834 4.8400
v -8.8478 -7.1234 4.2700
v -8.8378 -7.3734 4.2600
v -8.8278 -8.5234 4.5800
v -8.8278 -8.8434 4.7100
v -8.8278 -9.1234 4.7200
v -9.1178 -1.3134 3.9400
v -9.1178 -1.5734 3.9800
v -9.0978 -3.3534 4.4100
v -9.0978 -3.5234 4.2400
v -9.0978 -3.7834 4.2200
v -9.0978 -4.0234 4.1800
v -9.0978 -4.2534 4.0800
v -9.0978 -4.6934 3.9100
v -9.0878 -4.9234 3.8400
v -9.0878 -5.1534 3.7500
v -9.0778 -6.7634 4.5200
v -9.0778 -7.0134 4.4500
v -9.0678 -7.2434 4.3700
v -9.0678 -7.4834 4.2700
v -9.4278 -2.1034 4.2500
v -9.4178 -3.2334 4.4800
v -9.4178 -3.4734 4.4300
v -9.4078 -3.6634 4.3100
v -9.4078 -3.8634 4.2000
v -9.4078 -4.1434 4.1700
v -9.4078 -4.3934 4.1200
v -9.4078 -4.5834 4.0000
v -9.4078 -4.8334 4.0400
v -9.3978 -5.0734 3.8700
v -9.3978 -5.6434 3.9500
v -9.3878 -7.0934 4.4100
v -9.3678 -8.7434 4.7500
v -9.6878 -3.2434 4.5700
v -9.6878 -3.4434 4.4100
v -9.6878 -3.7234 4.4300
v -9.6778 -3.9534 4.3500
v -9.6778 -4.1834 4.2100
v -9.6778 -4.4334 4.1800
v -9.6778 -4.6634 4.1400
v -9.6778 -4.8534 4.0200
v -9.6678 -5.0934 3.9400
v -9.6678 -5.3634 4.0100
v -9.6578 -7.0434 4.4600
v -9.6478 -8.7634 4.9300
v -9.8578 -3.1734 4.5700
v -9.8578 -3.4134 4.5800
v -9.8578 -3.6034 4.4100
v -9.8478 -3.8434 4.3800
v -9.8478 -4.2834 4.2300
v -9.8478 -4.5434 4.2400
v -9.8478 -4.7634 4.1700
v -9.8478 -4.9534 4.0100
v -9.8378 -5.2634 4.1200
v -9.8178 -8.0834 4.7500
v 7.5622 7.9566 4.0000
v 7.5622 7.6466 4.0600
v 7.5722 7.3466 4.2200
v 7.5722 7.1166 4.1500
v 7.5722 6.7966 4.2700
v 7.5722 6.4966 4.3300
v 7.5822 6.2066 4.3800
v 7.5822 5.8866 4.4800
v 7.5822 5.6366 4.5000
v 7.5822 5.3066 4.6200
v 7.5922 5.0766 4.5900
v 7.5922 4.7666 4.7400
v 7.5922 4.5066 4.7800
v 7.5922 4.2166 4.8400
v 7.6022 3.8966 4.9600
v 7.6022 3.6266 4.9400
v 7.6022 3.4266 4.8200
v 7.6022 3.1866 4.8000
v 7.6022 2.9466 4.7200
v 7.6022 2.7266 4.6600
v 7.3222 8.0066 4.0500
v 7.3222 7.7166 4.1100
v 7.3322 7.4066 4.1800
v 7.3322 7.1666 4.2100
v 7.3322 6.8966 4.3100
v 7.3322 6.5966 4.3900
v 7.3422 6.2966 4.4300
v 7.3422 5.9866 4.5000
v 7.3422 5.7166 4.5800
v 7.3422 5.4466 4.5900
v 7.3522 5.1466 4.6900
v 7.3522 4.8266 4.7900
v 7.3522 4.5766 4.8200
v 7.3522 4.3166 4.8600
v 7.3522 3.9966 4.9500
v 7.3622 3.7466 4.9700
v 7.3622 3.4966 4.9300
v 7.3622 3.2566 4.8300
v 7.3622 3.0366 4.7500
v 7.3622 2.7966 4.7100
v 7.3722 2.5166 4.7000
v 7.3722 2.2866 4.6200
v 7.3722 2.0666 4.5500
v 7.3722 1.8166 4.4700
v 7.3722 1.5866 4.3800
v 7.3722 1.3466 4.3800
v 7.3822 1.0966 4.3600
v 7.3822 0.8766 4.2400
v 7.3822 0.6266 4.2100
v 7.3822 0.4266 4.0900
v 7.3822 0.1766 4.0500
v 7.3922 -0.0834 4.0500
v 7.3922 -0.3234 3.9500
v 7.3922 -0.5134 3.8900
v 7.3922 -0.7734 3.8100
v 7.3922 -1.0334 3.7400
v 7.4022 -1.2534 3.6800
v 7.4022 -1.4834 3.5700
v 7.1022 8.0866 4.0600
v 7.1022 7.7766 4.1700
v 7.1122 7.5166 4.2300
v 7.1122 7.2166 4.3300
v 7.1122 6.9166 4.3900
v 7.1122 6.6566 4.4000
v 7.1222 6.3766 4.5000
v 7.1222 6.0966 4.5300
v 7.1222 5.7966 4.6100
v 7.1222 5.5366 4.5800
v 7.1322 5.2066 4.7300
v 7.1322 4.9366 4.8300
v 7.1322 4.6566 4.8400
v 7.1322 4.3566 4.8900
v 7.1422 4.0166 5.0800
v 7.1422 3.7866 5.0400
v 7.1422 3.5266 4.9700
v 7.1422 3.2866 4.9000
v 7.1422 3.0666 4.8200
v 7.1522 2.8266 4.8300
v 7.1522 2.6166 4.6700
v 7.1522 2.3466 4.6700
v 7.1522 2.1066 4.6100
v 7.1522 1.8866 4.5300
v 7.1522 1.6766 4.4600
v 7.1622 1.3866 4.4500
v 7.1622 1.1766 4.3700
v 7.1622 0.9566 4.2800
v 7.1622 0.6766 4.2700
v 7.1622 0.4466 4.1700
v 7.1722 0.1866 4.1200
v 7.1722 -0.0434 4.0400
v 7.1722 -0.3034 3.9800
v 7.1722 -0.5134 3.9200
v 7.1722 -0.7534 3.8800
v 7.1822 -0.9834 3.8200
v 7.1822 -1.1834 3.7400
v 7.1822 -1.4234 3.6700
v 7.1822 -1.6434 3.5800
v 6.8822 7.9066 4.2300
v 6.8822 7.6466 4.2500
v 6.8822 7.3666 4.3100
v 6.8822 7.0666 4.3500
v 6.8922 6.7666 4.4600
v 6.8922 6.4766 4.5200
v 6.8922 6.1966 4.5900
v 6.8922 5.9166 4.6700
v 6.8922 5.5966 4.7200
v 6.9022 5.3066 4.7600
v 6.9022 5.0366 4.8000
v 6.9022 4.7266 4.9300
v 6.9022 4.4566 4.9800
v 6.9122 4.1666 5.0000
v 6.9122 3.6266 5.0800
v 6.9122 3.3866 4.9900
v 6.9122 3.1466 4.9400
v 6.9222 2.9166 4.8500
v 6.9222 2.6866 4.8300
v 6.9222 2.4466 4.7700
v 6.9222 2.1866 4.6700
v 6.9222 1.9666 4.5900
v 6.9322 1.7166 4.5700
v 6.9322 1.4766 4.4800
v 6.9322 1.1966 4.4400
v 6.9322 0.9966 4.3500
v 6.9322 0.7866 4.2900
v 6.9422 0.5566 4.2200
v 6.9422 0.2866 4.2400
v 6.9422 0.0866 4.1200
v 6.9422 -0.1434 4.0900
v 6.9422 -0.3834 4.0400
v 6.9422 -0.6234 4.0000
v 6.9522 -0.8334 3.8800
v 6.9522 -1.0434 3.8500
v 6.9522 -1.2834 3.7800
v 6.9522 -1.5434 3.7100
v 6.9522 -1.7434 3.5800
v 6.9622 -1.9734 3.5800
v 6.6722 8.0866 4.2300
v 6.6722 7.8266 4.2100
v 6.6822 7.5166 4.3500
v 6.6822 7.2366 4.4000
v 6.6822 6.9466 4.4000
v 6.6822 6.6466 4.5000
v 6.6922 6.3666 4.6100
v 6.6922 6.0666 4.7000
v 6.6922 5.7766 4.7100
v 6.6922 5.5266 4.7200
v 6.7022 5.2266 4.8000
v 6.7022 4.9266 4.9000
v 6.7022 4.6366 4.9700
v 6.7022 4.3666 5.0000
v 6.7122 4.0566 5.1100
v 6.7122 3.5266 5.0700
v 6.7122 3.2866 5.0200
v 6.7122 3.0466 4.9500
v 6.7122 2.7966 4.8900
v 6.7222 2.5666 4.8400
v 6.7222 2.3366 4.7900
v 6.7222 2.1266 4.6800
v 6.7222 1.9266 4.5800
v 6.7222 1.6866 4.5600
v 6.7322 1.4266 4.5200
v 6.7322 1.2166 4.4400
v 6.7322 0.9766 4.3900
v 6.7322 0.7566 4.3400
v 6.7322 0.5466 4.3000
v 6.7422 0.2766 4.2300
v 6.7422 0.0466 4.1300
v 6.7422 -0.2034 4.1300
v 6.7422 -0.4034 4.0100
v 6.7422 -0.6434 3.9800
v 6.7422 -0.8734 3.8800
v 6.7522 -1.1034 3.8400
v 6.7522 -1.3534 3.7800
v 6.7522 -1.5734 3.7000
v 6.7522 -1.8134 3.7100
v 6.4822 7.9866 4.3200
v 6.4822 7.6666 4.3900
v 6.4922 7.3866 4.4600
v 6.4922 7.0866 4.4900
v 6.4922 6.8466 4.5700
v 6.4922 6.5466 4.5800
v 6.4922 6.2466 4.6800
v 6.5022 5.9666 4.7100
v 6.5022 5.6566 4.8000
v 6.5022 5.3966 4.8100
v 6.5022 5.0666 4.9200
v 6.5122 4.7666 4.9900
v 6.5122 4.4866 5.0200
v 6.5122 4.1966 5.1200
v 6.5222 3.4666 5.1000
v 6.5222 3.2366 5.0500
v 6.5222 2.9866 5.0000
v 6.5222 2.7666 4.8800
v 6.5222 2.5266 4.9000
v 6.5322 2.3166 4.7800
v 6.5322 2.1166 4.7400
v 6.5322 1.8566 4.6500
v 6.5322 1.5766 4.6500
v 6.5322 1.3766 4.5400
v 6.5422 1.1666 4.4600
v 6.5422 0.9166 4.4500
v 6.5422 0.6766 4.3800
v 6.5422 0.4366 4.3600
v 6.5422 0.2366 4.2300
v 6.5522 0.0066 4.1700
v 6.5522 -0.2634 4.1700
v 6.5522 -0.4934 4.0800
v 6.5522 -0.7134 3.9700
v 6.5522 -0.9934 3.9800
v 6.5622 -1.2334 3.9300
v 6.5622 -1.4534 3.8300
v 6.5622 -1.6634 3.7200
v 6.5622 -1.8834 3.6400
v 6.2222 8.0566 4.3100
v 6.2222 7.7666 4.3400
v 6.2222 7.4266 4.5000
v 6.2222 7.1666 4.4900
v 6.2322 6.8466 4.5900
v 6.2322 6.5366 4.6600
v 6.2322 6.2466 4.7200
v 6.2322 5.9766 4.7800
v 6.2422 5.6966 4.8700
v 6.2422 5.4066 4.9400
v 6.2422 5.1366 4.9900
v 6.2422 4.8766 5.0400
v 6.2522 4.5866 5.1000
v 6.2522 4.3066 5.1500
v 6.2522 3.3266 5.0900
v 6.2622 3.0566 5.0500
v 6.2622 2.8266 5.0000
v 6.2622 2.5966 4.9600
v 6.2622 2.3866 4.8800
v 6.2622 2.1266 4.8300
v 6.2722 1.9066 4.7700
v 6.2722 1.6666 4.7000
v 6.2722 1.4666 4.6000
v 6.2722 1.2266 4.5500
v 6.2722 0.9766 4.4900
v 6.2822 0.6966 4.5000
v 6.2822 0.5066 4.3900
v 6.2822 0.2366 4.3200
v 6.2822 0.0166 4.2600
v 6.2822 -0.2334 4.2200
v 6.2822 -0.4434 4.1500
v 6.2922 -0.6634 4.0600
v 6.2922 -0.9234 4.0500
v 6.2922 -1.1634 3.9700
v 6.2922 -1.4034 3.9300
v 6.2922 -1.6734 3.8800
v 6.3022 -1.8734 3.7800
v 6.3022 -2.1034 3.7500
v 6.3022 -2.3234 3.6300
v 5.8622 7.9366 4.3900
v 5.8722 7.6366 4.5000
v 5.8722 7.3666 4.5600
v 5.8722 7.0966 4.6400
v 5.8722 6.7766 4.7500
v 5.8822 6.5066 4.7900
v 5.8822 6.2166 4.8500
v 5.8822 5.9766 4.8800
v 5.8822 5.6866 4.9900
v 5.8822 5.4066 5.0300
v 5.8922 5.0766 5.1000
v 5.9022 3.0366 5.1100
v 5.9122 2.7766 5.0700
v 5.9122 2.5466 5.0200
v 5.9122 2.3366 4.9400
v 5.9122 2.0566 4.8700
v 5.9122 1.8366 4.8000
v 5.9222 1.6166 4.7400
v 5.9222 1.3666 4.7300
v 5.9222 1.1266 4.6700
v 5.9222 0.9066 4.5700
v 5.9222 0.6666 4.5200
v 5.9222 0.4166 4.4900
v 5.9322 0.1866 4.3500
v 5.9322 -0.0634 4.3200
v 5.9322 -0.2634 4.2700
v 5.9322 -0.5034 4.1800
v 5.9322 -0.7534 4.1700
v 5.9422 -0.9934 4.1200
v 5.9422 -1.2234 4.0400
v 5.9422 -1.4334 3.9800
v 5.9422 -1.6734 3.8900
v 5.9422 -1.9234 3.8100
v 5.9422 -2.1534 3.7400
v 5.9522 -2.3634 3.6800
v 5.9522 -2.6134 3.6000
v 5.5522 8.0566 4.5200
v 5.5622 7.7966 4.5700
v 5.5622 7.5066 4.6600
v 5.5622 7.2066 4.6800
v 5.5622 6.9166 4.7500
v 5.5722 6.6366 4.8400
v 5.5722 6.3466 4.9100
v 5.5722 6.0666 4.9800
v 5.5722 5.7766 5.0200
v 5.5822 5.5066 5.0800
v 5.6022 2.6266 5.1100
v 5.6022 2.3966 5.0700
v 5.6022 2.1666 4.9800
v 5.6022 1.9066 4.9300
v 5.6122 1.6966 4.8100
v 5.6122 1.4566 4.7800
v 5.6122 1.2266 4.7300
v 5.6122 0.9966 4.6700
v 5.6122 0.7566 4.5900
v 5.6222 0.5366 4.5200
v 5.6222 0.2966 4.4700
v 5.6222 0.0866 4.4200
v 5.6222 -0.1834 4.3700
v 5.6222 -0.4134 4.2500
v 5.6322 -0.6734 4.2800
v 5.6322 -0.8834 4.1400
v 5.6322 -1.1534 4.1400
v 5.6322 -1.4034 4.0800
v 5.6322 -1.6034 3.9600
v 5.6322 -1.8434 3.8900
v 5.6422 -2.1034 3.8600
v 5.6422 -2.3334 3.8300
v 5.6422 -2.5534 3.7600
v 5.6422 -2.7734 3.6100
v 5.6422 -3.0234 3.5600
v 5.3522 8.0966 4.5800
v 5.3522 7.8066 4.5800
v 5.3522 7.5466 4.6600
v 5.3622 7.2266 4.7800
v 5.3622 6.9566 4.8000
v 5.3622 6.6666 4.9000
v 5.3622 6.3866 4.9400
v 5.3722 6.0966 5.0000
v 5.3722 5.7866 5.0500
v 5.3722 5.4866 5.1100
v 5.3922 2.6266 5.1300
v 5.4022 2.3866 5.1100
v 5.4022 2.1866 5.0600
v 5.4022 1.9466 4.9400
v 5.4022 1.7166 4.8900
v 5.4022 1.4566 4.8300
v 5.4022 1.2266 4.7600
v 5.4122 1.0066 4.6900
v 5.4122 0.7466 4.6700
v 5.4122 0.4866 4.6200
v 5.4122 0.2566 4.5200
v 5.4122 0.0466 4.4900
v 5.4222 -0.2134 4.3900
v 5.4222 -0.4734 4.3600
v 5.4222 -0.6834 4.2700
v 5.4222 -0.8934 4.2300
v 5.4222 -1.1434 4.1300
v 5.4322 -1.4034 4.1000
v 5.4322 -1.6234 4.0100
v 5.4322 -1.8534 3.9700
v 5.4322 -2.0934 3.9400
v 5.4322 -2.3334 3.8400
v 5.4322 -2.5634 3.8000
v 5.4422 -2.7834 3.6800
v 5.4422 -3.0234 3.6100
v 5.1522 8.1066 4.6300
v 5.1522 7.8466 4.6400
v 5.1622 7.5066 4.7300
v 5.1622 7.2266 4.7900
v 5.1622 6.9466 4.8700
v 5.1622 6.6466 4.9700
v 5.1722 6.3966 4.9700
v 5.1722 6.1166 5.0500
v 5.1722 5.8266 5.1300
v 5.2022 2.1666 5.0700
v 5.2022 1.9366 5.0000
v 5.2022 1.6966 4.9300
v 5.2122 1.4366 4.9100
v 5.2122 1.2066 4.8200
v 5.2122 0.9766 4.7700
v 5.2122 0.7366 4.7300
v 5.2122 0.5266 4.6000
v 5.2122 0.2966 4.5600
v 5.2222 0.0366 4.5100
v 5.2222 -0.2234 4.4800
v 5.2222 -0.4434 4.4200
v 5.2222 -0.6734 4.3300
v 5.2222 -0.8834 4.2600
v 5.2322 -1.1634 4.2500
v 5.2322 -1.3834 4.1400
v 5.2322 -1.6234 4.1000
v 5.2322 -1.8834 4.0100
v 5.2322 -2.1134 3.9100
v 5.2422 -2.3634 3.8600
v 5.2422 -2.5834 3.8000
v 5.2422 -2.8234 3.7800
v 5.2422 -3.0434 3.7000
v 5.2422 -3.2434 3.5700
v 4.8722 8.1366 4.6500
v 4.8822 7.8066 4.7500
v 4.8822 7.4966 4.8300
v 4.8822 7.2066 4.8900
v 4.8822 6.9366 4.9600
v 4.8922 6.6566 5.0200
v 4.8922 6.3566 5.0500
v 4.9222 2.1566 5.1400
v 4.9222 1.8966 5.0600
v 4.9322 1.6866 5.0200
v 4.9322 1.4466 4.9400
v 4.9322 1.2166 4.8700
v 4.9322 0.9466 4.8600
v 4.9322 0.7466 4.7600
v 4.9422 0.5166 4.6800
v 4.9422 0.2666 4.6200
v 4.9422 -0.0134 4.6000
v 4.9422 -0.2434 4.5300
v 4.9422 -0.4634 4.4300
v 4.9522 -0.7234 4.3900
v 4.9522 -0.9734 4.3400
v 4.9522 -1.1834 4.2500
v 4.9522 -1.3934 4.2200
v 4.9522 -1.6034 4.1200
v 4.9522 -1.8634 4.1100
v 4.9622 -2.1034 4.0100
v 4.9622 -2.3334 3.9800
v 4.9622 -2.5334 3.8900
v 4.9622 -2.7734 3.8100
v 4.9622 -2.9934 3.7600
v 4.9622 -3.2134 3.6600
v 4.9722 -3.4634 3.6300
v 4.5822 8.0966 4.7500
v 4.5922 7.8266 4.8000
v 4.5922 7.5366 4.8400
v 4.5922 7.2466 4.9500
v 4.5922 6.9366 5.0500
v 4.6022 6.6666 5.0600
v 4.6022 6.3766 5.1300
v 4.6422 1.6766 5.0300
v 4.6422 1.3966 5.0500
v 4.6422 1.1666 4.9400
v 4.6422 0.9266 4.8500
v 4.6422 0.6866 4.8200
v 4.6522 0.4666 4.7800
v 4.6522 0.2766 4.6700
v 4.6522 0.0166 4.6200
v 4.6522 -0.1934 4.5400
v 4.6522 -0.4434 4.5000
v 4.6522 -0.6634 4.4700
v 4.6622 -0.9134 4.4100
v 4.6622 -1.1234 4.3400
v 4.6622 -1.3634 4.3100
v 4.6622 -1.6134 4.2600
v 4.6622 -1.8434 4.1400
v 4.6722 -2.0734 4.1000
v 4.6722 -2.2934 4.0400
v 4.6722 -2.5134 3.9500
v 4.6722 -2.7834 3.9300
v 4.6722 -2.9834 3.8500
v 4.6822 -3.2334 3.7800
v 4.6822 -3.4434 3.6800
v 4.6822 -3.6734 3.6300
v 4.3622 8.0966 4.8600
v 4.3622 7.8066 4.8800
v 4.3622 7.5466 4.9100
v 4.3722 7.2466 5.0000
v 4.3722 6.9466 5.0500
v 4.4122 1.6966 5.1400
v 4.4122 1.4666 5.0800
v 4.4122 1.2266 4.9800
v 4.4222 1.0166 4.9700
v 4.4222 0.7666 4.9100
v 4.4222 0.5466 4.8400
v 4.4222 0.3366 4.7600
v 4.4222 0.0966 4.7100
v 4.4322 -0.1834 4.7200
v 4.4322 -0.3834 4.5600
v 4.4322 -0.6234 4.5400
v 4.4322 -0.8434 4.4800
v 4.4322 -1.0834 4.4200
v 4.4322 -1.3134 4.3600
v 4.4422 -1.5634 4.3300
v 4.4422 -1.7834 4.2100
v 4.4422 -1.9834 4.1300
v 4.4422 -2.2334 4.0900
v 4.4422 -2.4934 4.0500
v 4.4522 -2.7334 3.9700
v 4.4522 -2.9934 3.9400
v 4.4522 -3.2134 3.8600
v 4.4522 -3.4434 3.7600
v 4.4522 -3.6834 3.7200
v 4.4522 -3.8734 3.5800
v 4.1622 8.1366 4.8500
v 4.1722 7.8366 4.9300
v 4.1722 7.5066 5.0400
v 4.1722 7.2466 5.0700
v 4.1722 6.9566 5.1300
v 4.2222 1.7666 5.1300
v 4.2222 1.2766 5.0700
v 4.2222 1.0866 4.9600
v 4.2222 0.8266 4.9300
v 4.2322 0.5866 4.8600
v 4.2322 0.3466 4.8700
v 4.2322 0.1166 4.7300
v 4.2322 -0.1034 4.7100
v 4.2322 -0.3534 4.6600
v 4.2422 -0.5734 4.5600
v 4.2422 -0.8234 4.5300
v 4.2422 -1.0934 4.5000
v 4.2422 -1.3334 4.4100
v 4.2422 -1.5134 4.3100
v 4.2522 -1.7634 4.2000
v 4.2522 -2.0334 4.2500
v 4.2522 -2.2534 4.1800
v 4.2522 -2.4734 4.1100
v 4.2522 -2.7034 4.0300
v 4.2522 -2.9434 3.9600
v 4.2622 -3.1934 3.8900
v 4.2622 -3.4134 3.8400
v 4.2622 -3.6334 3.7800
v 4.2622 -3.8834 3.6800
v 4.2622 -4.0934 3.5900
v 3.9622 8.0666 4.9300
v 3.9722 7.7366 5.0300
v 3.9722 7.4566 5.0300
v 4.0222 1.2766 5.1000
v 4.0222 1.0266 5.0200
v 4.0222 0.7566 5.0000
v 4.0222 0.5366 4.9100
v 4.0322 0.2766 4.8800
v 4.0322 0.0566 4.7800
v 4.0322 -0.1634 4.6600
v 4.0322 -0.4234 4.6900
v 4.0322 -0.6334 4.6100
v 4.0422 -0.8734 4.5500
v 4.0422 -1.1034 4.4400
v 4.0422 -1.3734 4.4400
v 4.0422 -1.5934 4.3800
v 4.0422 -1.8234 4.3500
v 4.0522 -2.0734 4.3100
v 4.0522 -2.2834 4.1600
v 4.0522 -2.5034 4.1200
v 4.0522 -2.7234 4.0900
v 4.0522 -3.0034 4.0300
v 4.0522 -3.2034 3.9200
v 4.0622 -3.4434 3.8800
v 4.0622 -3.6634 3.7900
v 4.0622 -3.9134 3.7100
v 4.0622 -4.1434 3.6000
v 3.7922 7.9066 5.0400
v 3.7922 7.6466 5.0700
v 3.7922 7.3666 5.1300
v 3.8422 1.1766 5.1300
v 3.8422 0.9466 5.1200
v 3.8422 0.7066 5.0500
v 3.8422 0.4766 4.9500
v 3.8522 0.2266 4.9200
v 3.8522 -0.0134 4.8300
v 3.8522 -0.2334 4.7700
v 3.8522 -0.4434 4.6800
v 3.8522 -0.7034 4.6700
v 3.8622 -0.9334 4.5900
v 3.8622 -1.1434 4.5200
v 3.8622 -1.4034 4.4700
v 3.8622 -1.6034 4.3900
v 3.8622 -1.8734 4.3700
v 3.8722 -2.0734 4.1900
v 3.8722 -2.3034 4.1600
v 3.8722 -2.5834 4.1600
v 3.8722 -2.8334 4.1200
v 3.8722 -3.0634 4.0000
v 3.8722 -3.2734 3.9300
v 3.8822 -3.5334 3.8700
v 3.8822 -3.7634 3.7800
v 3.8822 -3.9834 3.7700
v 3.8822 -4.2034 3.6400
v 3.6022 7.9566 5.0200
v 3.6022 7.6666 5.1400
v 3.6122 7.4266 5.1500
v 3.6622 1.1466 5.1400
v 3.6622 0.9266 5.0800
v 3.6622 0.6966 5.0500
v 3.6622 0.4566 4.9800
v 3.6622 0.1966 4.9600
v 3.6722 -0.0134 4.8800
v 3.6722 -0.2234 4.7600
v 3.6722 -0.5134 4.7800
v 3.6722 -0.7434 4.6900
v 3.6722 -0.9834 4.6300
v 3.6822 -1.2234 4.5900
v 3.6822 -1.4834 4.5500
v 3.6822 -1.7134 4.4800
v 3.6822 -1.9534 4.4100
v 3.6822 -2.1834 4.3700
v 3.6922 -2.4034 4.2800
v 3.6922 -2.6434 4.2200
v 3.6922 -2.8734 4.1300
v 3.6922 -3.1134 4.0600
v 3.6922 -3.3134 3.9800
v 3.7022 -3.5934 3.9400
v 3.7022 -3.8034 3.8600
v 3.7022 -4.0534 3.8200
v 3.7022 -4.2534 3.7300
v 3.7022 -4.5234 3.6900
v 3.3422 7.9166 5.1100
v 3.3922 1.3966 5.1100
v 3.4022 1.1466 5.0000
v 3.4022 0.9266 4.9500
v 3.4022 0.6666 4.9200
v 3.4022 0.4266 4.8600
v 3.4122 0.1666 4.8200
v 3.4122 -0.0634 4.7800
v 3.4122 -0.3234 4.7400
v 3.4122 -0.5634 4.6800
v 3.4122 -0.7734 4.5800
v 3.4122 -0.9934 4.5200
v 3.4222 -1.2634 4.4900
v 3.4222 -1.5034 4.4500
v 3.4222 -1.7234 4.4000
v 3.4222 -1.9834 4.3300
v 3.4222 -2.2034 4.2600
v 3.4322 -2.4434 4.1800
v 3.4322 -2.6634 4.1600
v 3.4322 -2.9334 4.0900
v 3.4322 -3.2034 4.1200
v 3.4322 -3.4334 4.0100
v 3.4422 -3.6634 3.9300
v 3.4422 -3.9134 3.8500
v 3.4422 -4.1734 3.8400
v 3.4422 -4.4134 3.8100
v 3.0522 1.8766 5.1200
v 3.0522 1.6766 5.0300
v 3.0622 1.4166 5.0200
v 3.0622 1.1866 4.9300
v 3.0622 0.9366 4.8700
v 3.0622 0.7066 4.8400
v 3.0622 0.4866 4.7700
v 3.0622 0.2466 4.6600
v 3.0722 -0.0234 4.6700
v 3.0722 -0.2634 4.6000
v 3.0722 -0.4934 4.6000
v 3.0722 -0.7334 4.5000
v 3.0722 -0.9934 4.4900
v 3.0822 -1.2334 4.4300
v 3.0822 -1.4834 4.4300
v 3.0822 -1.7234 4.3200
v 3.0822 -1.9634 4.2300
v 3.0822 -2.2134 4.1700
v 3.0922 -2.4734 4.1600
v 3.0922 -2.6834 4.0800
v 3.0922 -2.8934 4.0100
v 3.0922 -3.1434 3.9500
v 3.0922 -3.3634 3.9200
v 3.1022 -3.5734 3.8500
v 3.1022 -3.8034 3.7800
v 3.1022 -4.0834 3.7500
v 3.1022 -4.2834 3.6600
v 3.1022 -4.5034 3.5900
v 2.7622 2.2366 5.1300
v 2.7722 2.0266 4.9900
v 2.7722 1.7666 4.9900
v 2.7722 1.5066 4.9600
v 2.7722 1.2866 4.8900
v 2.7722 1.0366 4.8200
v 2.7722 0.8266 4.7100
v 2.7822 0.5666 4.7000
v 2.7822 0.3266 4.6400
v 2.7822 0.0666 4.6200
v 2.7822 -0.1634 4.5200
v 2.7822 -0.4234 4.4800
v 2.7922 -0.6834 4.4400
v 2.7922 -0.8834 4.3700
v 2.7922 -1.1434 4.3700
v 2.7922 -1.3734 4.3000
v 2.7922 -1.5934 4.2300
v 2.8022 -1.8134 4.1600
v 2.8022 -2.0434 4.0900
v 2.8022 -2.2834 4.0500
v 2.8022 -2.5134 4.0100
v 2.8022 -2.7634 3.9800
v 2.8022 -2.9734 3.9200
v 2.8122 -3.2334 3.8700
v 2.8122 -3.4634 3.7900
v 2.8122 -3.6734 3.7000
v 2.8122 -3.9034 3.6500
v 2.5722 2.8666 5.1200
v 2.5722 2.5866 5.1200
v 2.5822 2.3366 5.1000
v 2.5822 2.1166 5.0100
v 2.5822 1.8766 4.9400
v 2.5822 1.6066 4.9200
v 2.5822 1.3666 4.8300
v 2.5822 1.1366 4.8200
v 2.5922 0.8866 4.7200
v 2.5922 0.6366 4.6800
v 2.5922 0.3966 4.6400
v 2.5922 0.1766 4.6100
v 2.5922 -0.0234 4.5300
v 2.6022 -0.2834 4.5000
v 2.6022 -0.5234 4.4100
v 2.6022 -0.7434 4.3600
v 2.6022 -0.9634 4.3500
v 2.6022 -1.2034 4.2700
v 2.6022 -1.4134 4.1600
v 2.6122 -1.6734 4.1400
v 2.6122 -1.9234 4.1300
v 2.6122 -2.1334 4.0300
v 2.6122 -2.3734 3.9900
v 2.6222 -2.6034 3.9200
v 2.6222 -2.8434 3.8500
v 2.6222 -3.0334 3.7800
v 2.6222 -3.3234 3.7500
v 2.6222 -3.5434 3.7000
v 2.6222 -3.7634 3.6400
v 2.3922 2.5066 5.0400
v 2.3922 2.2766 5.0200
v 2.3922 2.0466 4.9100
v 2.3922 1.8166 4.8900
v 2.4022 1.5966 4.8200
v 2.4022 1.3366 4.8100
v 2.4022 1.1166 4.7000
v 2.4022 0.8666 4.7100
v 2.4022 0.6766 4.5800
v 2.4022 0.4366 4.5800
v 2.4122 0.1766 4.5000
v 2.4122 -0.0734 4.4600
v 2.4122 -0.2934 4.4100
v 2.4122 -0.5334 4.3900
v 2.4122 -0.7434 4.3300
v 2.4222 -0.9934 4.2300
v 2.4222 -1.2334 4.2100
v 2.4222 -1.4534 4.1500
v 2.4222 -1.6734 4.0700
v 2.4222 -1.9334 4.0300
v 2.4322 -2.1834 4.0100
v 2.4322 -2.4334 3.9300
v 2.4322 -2.6534 3.8200
v 2.4322 -2.9234 3.7900
v 2.4322 -3.1634 3.7700
v 2.4422 -3.3834 3.6700
v 2.4422 -3.6334 3.6500
v 2.1322 2.3866 5.1100
v 2.1322 2.1366 5.0900
v 2.1322 1.9266 4.9800
v 2.1322 1.7166 4.9000
v 2.1322 1.4166 4.9300
v 2.1322 1.2166 4.7900
v 2.1422 0.9966 4.7200
v 2.1422 0.7666 4.6800
v 2.1422 0.5266 4.6300
v 2.1422 0.2966 4.6000
v 2.1422 0.0366 4.5300
v 2.1522 -0.1634 4.4300
v 2.1522 -0.3934 4.3900
v 2.1522 -0.6234 4.3200
v 2.1522 -0.9134 4.3000
v 2.1522 -1.1334 4.2000
v 2.1622 -1.3634 4.1500
v 2.1622 -1.6134 4.1000
v 2.1622 -1.8734 4.0600
v 2.1622 -2.0734 3.9200
v 2.1622 -2.3134 3.9200
v 2.1722 -2.5334 3.8600
v 2.1722 -2.7834 3.7800
v 2.1722 -3.0234 3.7100
v 2.1722 -3.2634 3.6800
v 1.8622 2.1066 5.1200
v 1.8622 1.8566 5.0400
v 1.8622 1.6466 4.9500
v 1.8722 1.4166 4.9300
v 1.8722 1.1566 4.8800
v 1.8722 0.9166 4.8100
v 1.8722 0.6666 4.7900
v 1.8722 0.4166 4.7100
v 1.8822 0.2066 4.6000
v 1.8822 -0.0434 4.5400
v 1.8822 -0.2834 4.5300
v 1.8822 -0.5134 4.4500
v 1.8822 -0.7134 4.3500
v 1.8822 -0.9534 4.3100
v 1.8922 -1.2234 4.2800
v 1.8922 -1.4534 4.1900
v 1.8922 -1.6834 4.1400
v 1.8922 -1.9134 4.0800
v 1.8922 -2.1534 4.0100
v 1.9022 -2.3934 3.9700
v 1.9022 -2.5934 3.9400
v 1.9022 -2.8434 3.8300
v 1.9022 -3.0634 3.7700
v 1.9022 -3.3134 3.6900
v 1.9122 -3.5234 3.6100
v 1.6922 -1.3334 4.2600
v 1.6922 -1.5434 4.2100
v 1.6922 -1.7834 4.1300
v 1.6922 -2.0434 4.1100
v 1.6922 -2.2634 4.0300
v 1.6922 -2.5234 4.0000
v 1.7022 -2.7534 3.9200
v 1.7022 -2.9834 3.8200
v 1.7022 -3.2134 3.7500
v 1.7022 -3.4734 3.7300
v 1.7022 -3.7034 3.6300
f 33 34 3853
f 4327 3087 3880
f 3882 4327 3880
f 34 35 3853
f 4298 676 653
f 4298 5649 3087
f 5649 4298 653
f 5649 653 5650
f 2705 4298 3087
f 4327 4355 3087
f 1757 1758 1760
f 1761 1757 1760
f 1757 1761 1756
f 1696 1839 1755
f 1753 1761 1760
f 1778 1753 1760
f 36 37 3853
f 35 36 3853
f 5649 3494 3577
f 3494 5649 3442
f 5030 4025 113
f 2114 2115 1632
f 1601 2114 1632
f 3073 676 2885
f 2915 3073 2885
f 3073 2944 758
f 3073 2915 2944
f 676 906 2885
f 5649 5542 3087
f 5542 5649 444
f 3087 5542 3880
f 5542 3881 3880
f 3881 5542 5541
f 5401 5649 3521
f 5649 5401 444
f 4355 3086 4385
f 3086 4355 4327
f 1697 1838 1727
f 1730 4962 1731
f 1839 1777 1755
f 1777 1839 1808
f 1777 1759 1755
f 1432 1421 1420
f 3819 5029 37
f 5028 3819 37
f 5029 3819 74
f 3819 5028 74
f 36 3821 5027
f 3821 36 35
f 3820 5028 37
f 36 3820 37
f 3820 36 5027
f 5621 2193 3363
f 1376 1350 931
f 2737 1376 931
f 2737 4384 1376
f 5198 3669 3577
f 3606 303 3577
f 303 5649 3577
f 32 33 3853
f 10 3878 4979
f 3879 10 4979
f 4978 3879 4979
f 4982 4978 4979
f 4977 4976 4019
f 4978 4977 4017
f 4977 4978 4976
f 4974 4972 4973
f 4974 4978 4982
f 537 3882 3880
f 537 3881 3882
f 2130 1601 1544
f 2130 2114 1601
f 1388 2130 1544
f 4824 2130 1388
f 2404 2378 1420
f 3224 5649 5650
f 653 5678 5650
f 5678 3224 5650
f 1646 4914 1884
f 1776 1775 4969
f 4968 1776 4969
f 1776 4962 1727
f 1679 1852 1680
f 1902 1664 1867
f 2115 1664 1632
f 1838 1664 1727
f 1664 1838 1867
f 1902 1665 1634
f 1665 1902 1867
f 1838 1665 1867
f 1633 1902 1634
f 1602 1633 1634
f 1633 1602 1601
f 1633 1601 1632
f 1664 1633 1632
f 1633 1664 1902
f 2076 1498 2055
f 1443 2194 2076
f 2194 1498 2076
f 1498 2194 1544
f 1778 1754 1808
f 1754 1777 1808
f 1758 1754 1760
f 1754 1778 1760
f 1754 1758 1759
f 1777 1754 1759
f 1839 1840 1808
f 1750 1783 4971
f 5029 5068 3783
f 5068 5029 74
f 1768 1773 1756
f 1764 1768 1756
f 4970 1737 1775
f 1483 4838 4849
f 4834 4835 2495
f 1421 4834 1420
f 4834 2120 4835
f 1432 4834 1421
f 3468 3494 3442
f 5461 5431 3442
f 3310 5461 560
f 238 3606 3577
f 3669 238 3577
f 5235 5198 3577
f 5235 5199 5198
f 270 303 3606
f 5390 3473 5389
f 407 5390 5389
f 3999 5030 113
f 4007 38 5030
f 4006 77 5031
f 77 39 5031
f 39 38 5031
f 2 4023 4973
f 4982 4983 4986
f 4983 4984 4986
f 4984 4985 4986
f 4024 2 4973
f 4972 4024 4973
f 5030 4016 4025
f 4999 3852 46
f 3879 4999 10
f 4999 3879 3852
f 3879 9 3852
f 4978 9 3879
f 9 4978 4017
f 7 4018 4019
f 4018 4977 4019
f 380 5390 3472
f 5390 380 3473
f 3881 5568 3880
f 5568 537 3880
f 537 5568 3881
f 516 3881 5541
f 5401 3896 444
f 841 2939 4193
f 2939 841 2967
f 867 2905 2904
f 798 3021 2944
f 4355 4386 3087
f 4386 4355 4385
f 2705 1004 4298
f 2704 1004 2705
f 1004 2704 4356
f 2130 2141 4830
f 2141 2130 4824
f 1336 1303 1365
f 3073 3113 676
f 2884 2915 2885
f 1350 905 931
f 905 1350 2193
f 1883 1853 1679
f 1852 1853 1709
f 1853 1852 1679
f 4963 1776 4964
f 1776 4963 4962
f 4895 4881 1953
f 1776 4965 4964
f 4966 4965 1776
f 1666 1665 1838
f 1665 1666 1634
f 1638 1639 1930
f 1498 1992 1520
f 1545 1992 1544
f 1992 1498 1544
f 2322 1443 1420
f 2378 2322 1420
f 4669 2322 2378
f 1502 2032 1479
f 1447 1432 2090
f 4384 2140 1376
f 1782 1783 1750
f 3592 3593 281
f 5107 291 3363
f 5107 5029 3783
f 5022 32 3853
f 5022 3826 32
f 1710 1852 1709
f 1774 4970 1775
f 4959 1710 1709
f 1710 4959 1791
f 4838 4845 4849
f 2120 2113 4835
f 4855 1483 4849
f 2047 4855 4849
f 4855 2047 4862
f 3467 5372 5371
f 3467 3468 3442
f 5372 3491 5371
f 676 3168 653
f 3168 5678 653
f 3224 3253 5649
f 5649 3253 3442
f 3253 5461 3442
f 3281 3310 560
f 5431 3441 3442
f 5432 3441 5431
f 3441 5432 419
f 5159 5121 3740
f 5649 5304 3521
f 303 5304 5649
f 270 5269 303
f 5414 5415 3453
f 3449 407 5389
f 3473 3474 5389
f 3474 3449 5389
f 3449 3474 5388
f 75 3999 5069
f 4007 75 5069
f 3999 75 5030
f 75 4007 5030
f 76 4007 5069
f 76 4006 5031
f 38 76 5031
f 4007 76 38
f 3999 114 5069
f 39 4015 38
f 4023 3 4973
f 4005 39 77
f 39 5032 4014
f 5032 40 4014
f 4005 5032 39
f 5032 4004 40
f 5032 4005 4004
f 4012 5 4021
f 3874 4983 4982
f 14 3874 4982
f 3871 4985 4984
f 4988 3867 4989
f 3779 86 5077
f 3778 3779 5118
f 4024 1 2
f 1 4024 4972
f 1 4972 4025
f 4016 1 4025
f 4975 4020 4976
f 4978 4975 4976
f 4974 4975 4978
f 4975 4974 4021
f 5 4975 4021
f 4020 4975 5
f 4011 4020 5
f 4012 4011 5
f 4011 4012 42
f 3353 5525 3354
f 5602 567 3274
f 567 5602 3273
f 3246 5599 587
f 5294 3523 465
f 291 5294 3363
f 5294 465 3363
f 3523 3524 5361
f 5329 3524 3523
f 3498 380 3472
f 3365 513 5512
f 513 3364 5512
f 3364 513 5539
f 5390 408 3472
f 438 5425 3417
f 5425 438 5394
f 490 3365 5512
f 5455 438 3417
f 5455 3391 465
f 5446 3401 457
f 516 515 3881
f 3881 515 3882
f 515 5540 3882
f 5035 44 43
f 4977 8 4017
f 4018 8 4977
f 9 4008 3852
f 4008 9 4017
f 235 3673 3674
f 3640 235 3674
f 44 81 5036
f 81 44 5035
f 81 5073 120
f 864 841 4193
f 4195 865 888
f 2939 863 4193
f 4164 863 2939
f 863 4164 2940
f 2994 798 4162
f 2906 889 866
f 2906 4195 889
f 2933 2961 4170
f 4197 867 2904
f 889 4196 866
f 2905 4196 889
f 4196 867 866
f 4196 2905 867
f 2905 890 2904
f 5734 3135 699
f 2936 2906 866
f 2936 865 4195
f 2906 2936 4195
f 5713 3159 3160
f 683 5713 3132
f 5713 683 3159
f 863 2910 4192
f 2910 862 4191
f 2910 2940 862
f 2910 863 2940
f 862 2911 4191
f 2944 3047 758
f 3021 3047 2944
f 3047 4063 758
f 3084 4447 3087
f 4386 3084 3087
f 1004 2736 4298
f 2736 1004 4356
f 4447 4535 3087
f 4535 4536 3087
f 4536 4535 3075
f 1052 4417 3087
f 2705 4417 4387
f 4417 2705 3087
f 4425 1059 2635
f 1060 4425 2635
f 1386 2153 4814
f 2114 1418 2115
f 2130 2121 2114
f 2192 1336 1365
f 2228 1336 2227
f 739 3070 4065
f 5397 3900 415
f 5515 493 5542
f 494 5515 5542
f 817 4160 2995
f 4160 5621 2995
f 4183 2948 856
f 2855 2826 931
f 2826 2855 930
f 4932 1853 1883
f 4932 1646 1884
f 4932 1883 1646
f 1823 4958 1709
f 1853 1823 1709
f 1823 1853 4946
f 4958 1793 1737
f 1775 1793 4969
f 1737 1793 1775
f 1866 1838 1697
f 1866 1666 1838
f 1667 1836 1668
f 1666 1635 1634
f 2012 1498 1520
f 2012 2035 1498
f 1499 2034 2055
f 1498 1499 2055
f 2035 1499 1498
f 1443 2104 1420
f 2104 1430 1420
f 1431 1432 1420
f 1430 1431 1420
f 1375 1388 1544
f 2194 1375 1544
f 2322 2250 1443
f 2250 2194 1443
f 1478 1502 1479
f 1502 1478 2052
f 1478 1477 2052
f 1501 1502 2052
f 2008 2032 1502
f 1703 1805 1730
f 2089 1447 2090
f 4840 4834 1432
f 1447 4840 1432
f 1480 4850 4847
f 4891 4910 4892
f 4951 4939 1707
f 4939 4951 1829
f 1859 4939 1858
f 1860 1706 1707
f 1861 1831 1830
f 1706 1735 1707
f 1801 1706 1830
f 1831 1801 1830
f 1779 1809 1810
f 1779 1753 1778
f 1753 1779 1761
f 1763 1750 4971
f 1763 1764 1756
f 1764 1763 4971
f 1782 1781 1722
f 1781 1782 1750
f 1749 1748 1764
f 1749 1764 4971
f 1783 1749 4971
f 1720 1749 1783
f 1749 1720 1748
f 1747 1746 1766
f 5026 3821 35
f 3824 34 33
f 3563 3592 281
f 3592 5249 3593
f 282 3591 3592
f 3651 3621 252
f 3621 3651 3652
f 3652 217 5214
f 5177 3686 182
f 3722 180 5176
f 5062 108 3789
f 3687 5177 181
f 3687 5213 5214
f 217 3687 5214
f 3687 181 5176
f 3687 3686 5177
f 3686 3687 217
f 3820 73 5028
f 73 3820 5027
f 5065 73 5027
f 5066 73 3786
f 73 5065 3786
f 73 3785 5028
f 3785 73 5066
f 5065 110 3786
f 5104 5066 3786
f 5106 5107 3783
f 1718 1816 1746
f 1747 1718 1746
f 1768 1769 1773
f 1769 1770 1773
f 1744 1769 1768
f 1852 4947 1680
f 4970 1792 1737
f 1792 4958 1737
f 4958 1792 1709
f 1792 4959 1709
f 4959 1738 1791
f 1738 1774 1791
f 1774 1738 4970
f 1738 1792 4970
f 1792 1738 4959
f 4842 4845 4838
f 2149 1378 1392
f 3338 5567 3363
f 5567 5621 3363
f 5567 3311 5621
f 3311 3283 5621
f 4086 4110 778
f 2737 2706 4384
f 1003 2706 2737
f 1050 2645 4415
f 4845 2070 4849
f 2047 2048 4861
f 2025 4855 4862
f 4867 1986 1985
f 3468 5370 3494
f 392 3467 5371
f 3467 392 3468
f 392 5370 3468
f 5370 392 3493
f 3492 392 5371
f 392 3492 3493
f 3491 3492 5371
f 3492 3491 365
f 365 3517 5341
f 3491 3517 365
f 5403 3466 419
f 3164 5682 3165
f 3113 5731 5730
f 5708 3164 3165
f 3113 3140 676
f 3140 3113 5730
f 5731 3139 5730
f 3139 5731 3138
f 3253 606 5623
f 654 5679 3196
f 5678 654 3196
f 3168 654 5678
f 3281 561 3310
f 3282 5594 560
f 5594 3282 3253
f 5461 3282 560
f 3253 3282 5461
f 3281 5595 584
f 5595 3281 560
f 5594 5595 560
f 3250 5596 584
f 5596 3281 584
f 561 5596 3280
f 5596 561 3281
f 445 5431 5461
f 445 5432 5431
f 5432 3440 419
f 238 3637 3606
f 3607 270 3606
f 168 5198 5160
f 168 5159 5198
f 204 3669 5198
f 5305 3520 335
f 3494 5305 3577
f 3520 5305 3494
f 5271 305 5272
f 5235 3668 5199
f 5199 3703 5198
f 5198 3703 5160
f 3703 3738 5160
f 3703 5161 3738
f 5161 169 3737
f 169 5124 3737
f 3703 169 5161
f 5304 334 3521
f 334 5304 302
f 3578 5304 303
f 5269 3578 303
f 5304 3578 302
f 3608 3607 5233
f 3607 3608 270
f 235 3608 5233
f 3640 3608 235
f 5124 132 3737
f 3857 4991 3861
f 3854 31 3853
f 3827 5022 3853
f 31 3827 3853
f 5022 3827 68
f 5415 3428 5444
f 5415 430 5416
f 5419 3449 5418
f 3449 5419 407
f 3476 3475 3501
f 3449 3450 5418
f 274 3601 5240
f 3988 3989 154
f 114 3998 5069
f 3998 114 5109
f 5108 3999 113
f 5108 114 3999
f 5070 3996 77
f 4006 5070 77
f 76 5070 4006
f 5070 76 5069
f 3990 5108 152
f 114 3990 5109
f 5108 3990 114
f 153 3989 5109
f 3990 153 5109
f 4015 4992 38
f 38 4992 5030
f 4992 4016 5030
f 4992 4015 2
f 1 4992 2
f 4992 1 4016
f 4993 39 4014
f 4993 4015 39
f 3 4993 4014
f 4015 4993 2
f 4993 4023 2
f 4993 3 4023
f 40 4994 4014
f 4994 3 4014
f 4005 5071 4004
f 3996 5071 77
f 5071 4005 77
f 54 3844 5005
f 3871 17 4985
f 3844 17 5005
f 3842 3843 55
f 3807 93 5083
f 5082 92 3809
f 57 5047 5009
f 20 3867 4988
f 3868 20 4988
f 4987 3868 4988
f 4987 19 3868
f 19 3843 3842
f 3842 5045 56
f 5045 3807 56
f 3807 5045 93
f 5045 3842 55
f 5037 3817 46
f 5037 84 3817
f 126 3778 5118
f 3779 5078 86
f 5078 3779 3778
f 11 3878 10
f 3817 47 46
f 47 4999 46
f 117 5071 3996
f 5071 117 3995
f 6 7 4019
f 4976 6 4019
f 4020 6 4976
f 4011 6 4020
f 5552 3353 3354
f 3353 5526 5525
f 567 3303 3274
f 3303 567 3302
f 3303 566 3274
f 5526 502 5525
f 3506 3480 374
f 3480 3506 5382
f 3506 3481 5382
f 612 3245 5629
f 3246 611 5629
f 588 3245 5600
f 5599 588 5600
f 588 5599 3246
f 3245 588 5629
f 588 3246 5629
f 5598 3247 587
f 5362 3523 5361
f 3524 3496 5361
f 408 5391 3472
f 3497 3498 3472
f 3497 3525 353
f 5537 3341 512
f 514 5539 3339
f 514 3364 5539
f 3338 514 3339
f 514 3338 3363
f 3364 514 3363
f 5425 437 3417
f 3469 3444 5394
f 5450 434 460
f 437 3443 5424
f 3443 437 5425
f 3364 3390 5512
f 3390 490 5512
f 465 3390 3363
f 3390 3364 3363
f 3416 5455 465
f 5455 3416 438
f 3416 465 5394
f 438 3416 5394
f 5511 490 3391
f 490 5511 3365
f 5484 5511 3391
f 464 5455 3417
f 5455 464 3391
f 464 5484 3391
f 647 5700 3173
f 5603 567 3273
f 432 3424 3423
f 432 5419 5418
f 5419 432 3423
f 3424 5448 3423
f 3450 5417 5418
f 5417 432 5418
f 3425 5446 457
f 5417 3425 432
f 430 3426 5416
f 5452 5481 462
f 3446 5422 3445
f 5422 3446 5421
f 5621 652 2995
f 4086 3048 777
f 391 5401 3521
f 3912 391 3521
f 3905 5400 389
f 5400 3896 5401
f 6 4010 7
f 4010 4997 7
f 44 4997 43
f 4997 4010 43
f 8 4998 4017
f 4998 4008 4017
f 3639 235 5233
f 235 3639 3673
f 3608 5232 3609
f 5232 3608 3640
f 3711 160 5153
f 199 200 3709
f 200 3673 5194
f 3673 200 3674
f 200 199 3674
f 3975 3711 5153
f 3578 5268 302
f 5074 81 120
f 5036 4000 82
f 81 4000 5036
f 4000 5074 82
f 5074 4000 81
f 4001 81 5035
f 4001 5073 81
f 5265 265 3950
f 265 5265 3940
f 4165 864 2938
f 864 4165 841
f 841 4165 2967
f 2937 864 4194
f 865 2937 4194
f 2907 4194 888
f 865 2907 888
f 2907 865 4194
f 863 2909 4193
f 2909 863 4192
f 2909 887 4193
f 2969 2994 4162
f 4194 4222 888
f 864 2908 4194
f 2908 864 4193
f 887 2908 4193
f 4199 2902 892
f 868 2902 2932
f 2902 868 4198
f 891 2902 4198
f 867 2935 866
f 845 2934 867
f 845 2933 4170
f 868 845 867
f 845 868 2933
f 682 5713 3160
f 5713 682 3132
f 682 5736 3132
f 682 3133 5736
f 3215 5687 636
f 860 2943 2944
f 2915 859 2944
f 4112 3021 798
f 3020 4112 798
f 2525 1149 2495
f 1149 2525 4532
f 4835 2524 2495
f 2555 2524 4835
f 4645 4669 2378
f 2406 4645 2378
f 1261 4669 2350
f 2351 1261 2350
f 1261 2322 4669
f 2322 1261 1282
f 3084 1077 4447
f 1077 3084 3083
f 1101 3083 3078
f 4505 1101 3078
f 1101 1077 3083
f 1077 1101 3081
f 3083 1051 4385
f 1303 2377 3078
f 4670 2377 1303
f 4594 2377 1222
f 2377 4594 3078
f 2796 676 4298
f 2796 906 676
f 2642 4450 2611
f 4388 2705 4387
f 4388 2704 2705
f 1200 4594 1222
f 2644 4417 1052
f 4417 2674 4387
f 1053 2644 4449
f 2644 1053 4417
f 4627 2398 1227
f 4450 2612 2611
f 2666 4425 1060
f 2484 4576 2453
f 1387 4815 4824
f 1398 2141 4824
f 1386 1398 4824
f 4823 1386 4814
f 1398 4823 2141
f 4823 1398 1386
f 4815 2152 4824
f 2152 1386 4824
f 1386 2152 2153
f 2121 1419 2114
f 2141 2142 4830
f 4823 2142 2141
f 4795 1366 2176
f 2291 2292 4723
f 4757 2256 1316
f 4028 4041 739
f 4041 3070 739
f 907 2884 2885
f 417 3897 5399
f 3886 5460 470
f 3886 494 5542
f 3886 5542 444
f 5460 3886 444
f 3887 5515 494
f 3886 3887 494
f 493 3887 5488
f 5515 3887 493
f 515 3884 5540
f 3884 515 516
f 5301 332 299
f 332 5301 3930
f 3940 5301 299
f 331 5301 3940
f 5336 3921 3930
f 5301 5336 3930
f 334 5338 3521
f 4209 4237 2891
f 878 4183 856
f 4156 2949 2948
f 2886 905 2916
f 881 2886 2916
f 2917 2887 881
f 905 4241 931
f 4241 2855 931
f 4269 2826 930
f 4326 978 2737
f 2769 978 2768
f 4894 4895 1953
f 4910 1923 4892
f 1923 4910 1644
f 4914 4931 1884
f 1885 4931 4914
f 4913 4914 4897
f 4913 1885 4914
f 1885 4913 1886
f 1824 1823 4946
f 1823 1824 4958
f 4950 4951 1707
f 1735 4950 1707
f 4950 1735 4962
f 4963 4950 4962
f 1984 4868 1985
f 2004 4868 1984
f 2025 2002 2001
f 2002 2025 4862
f 2002 2003 4870
f 4941 1856 1857
f 4966 1797 4965
f 1797 1798 4965
f 4951 1799 1829
f 4965 1799 4964
f 1837 1866 1697
f 1837 1697 1727
f 1601 1573 1544
f 1602 1573 1601
f 1573 1545 1544
f 1931 1637 1638
f 1603 1573 1602
f 1573 1603 1574
f 1603 1602 1634
f 1635 1603 1634
f 1901 1635 1666
f 1866 1901 1666
f 1667 1901 1866
f 1575 1574 1604
f 1475 2076 2055
f 2054 1475 2055
f 1475 1476 2076
f 1477 1459 1476
f 1459 1443 2076
f 1476 1459 2076
f 2229 2250 2251
f 2250 2229 2194
f 2229 2211 2194
f 1431 2102 1432
f 1502 1525 2009
f 2053 1501 2052
f 1477 2053 2052
f 2053 1477 1476
f 1526 1502 2009
f 1526 2008 1502
f 1554 4876 1987
f 1988 1554 1987
f 4876 1554 1958
f 4865 1988 1987
f 1528 1554 1988
f 4865 1528 1988
f 1637 4923 1638
f 1700 1806 1701
f 1807 1836 1727
f 4962 1729 1727
f 1729 4962 1730
f 1805 1729 1730
f 1701 1729 1805
f 1806 1729 1701
f 1732 1803 1731
f 1803 1732 1802
f 4962 1732 1731
f 1832 1803 1802
f 1703 1804 1833
f 1803 1804 1731
f 1804 1803 1833
f 1804 1730 1731
f 1804 1703 1730
f 1703 1702 1805
f 1929 1641 1928
f 1580 1929 1928
f 1462 2089 2090
f 4841 4842 4838
f 4843 2088 2087
f 4850 2073 4847
f 2072 2073 1481
f 2073 2088 4847
f 2073 2072 2087
f 2088 2073 2087
f 2032 1503 1479
f 1503 1480 1479
f 1856 1677 1857
f 1890 4928 1644
f 1677 1890 1857
f 1890 1677 4928
f 4891 1957 4890
f 1957 1958 4890
f 1957 4876 1958
f 4939 4938 1707
f 4938 4939 1859
f 4938 1860 1707
f 1860 4938 1859
f 1676 1860 1893
f 1641 1642 1928
f 1642 1927 1928
f 1926 1642 1894
f 4908 1643 1893
f 1643 4908 1612
f 1926 1643 1612
f 1643 1926 1894
f 1643 1676 1893
f 1958 1613 4890
f 1673 1642 1641
f 1862 1673 1672
f 1733 1831 1802
f 1733 1801 1831
f 1732 1733 1802
f 1733 1732 4962
f 1734 1735 1706
f 1801 1734 1706
f 1735 1734 4962
f 1734 1733 4962
f 1733 1734 1801
f 1725 1779 1778
f 1779 1725 1809
f 1725 1778 1808
f 1840 1725 1808
f 1809 1725 1840
f 1762 1763 1756
f 1781 1723 1722
f 1723 1781 1780
f 4961 1723 1780
f 1781 1751 1780
f 1762 1751 1763
f 1763 1751 1750
f 1751 1781 1750
f 2140 1389 1376
f 1389 2140 1399
f 1377 1378 2163
f 1378 1377 2150
f 1404 2149 1392
f 4835 1410 4384
f 2129 1410 1422
f 1410 2140 4384
f 2140 1410 1411
f 1410 2129 1411
f 1919 4914 1646
f 1556 1951 1982
f 4855 4863 1483
f 2025 4863 4855
f 4863 2025 2001
f 1765 1747 1766
f 1768 1765 1766
f 1765 1768 1764
f 1748 1765 1764
f 1747 1765 1748
f 1784 1747 1748
f 1718 1784 1815
f 1784 1718 1747
f 3822 5026 35
f 72 5026 5064
f 5026 72 3821
f 3821 72 5027
f 72 5065 5027
f 3824 70 5024
f 3753 5101 146
f 3654 5213 216
f 180 3688 5176
f 5213 3688 216
f 3688 3687 5176
f 3687 3688 5213
f 251 5249 3592
f 5249 251 3622
f 251 3652 3622
f 251 3621 3652
f 3650 3651 252
f 3651 3650 5216
f 3591 5250 3592
f 5250 251 3592
f 251 5250 3621
f 3621 5250 252
f 5318 5283 314
f 5283 3563 314
f 5283 282 3592
f 3563 5283 3592
f 218 3685 3686
f 218 3651 5216
f 3685 218 5216
f 3720 5177 182
f 5028 5067 74
f 3785 5067 5028
f 111 3785 5066
f 5104 111 5066
f 111 5067 3785
f 5107 3748 151
f 5106 3748 5107
f 1847 1848 1817
f 1818 1787 1744
f 1788 1787 1819
f 1787 1769 1744
f 1786 1818 1744
f 1786 1744 1768
f 1745 1786 1768
f 1816 1785 1746
f 1767 1768 1766
f 1767 1745 1768
f 1767 1785 1745
f 1746 1767 1766
f 1785 1767 1746
f 1770 1771 1773
f 1714 1788 1819
f 1710 1822 1852
f 1822 4947 1852
f 1822 1710 1791
f 1712 1741 1713
f 1378 2162 2163
f 4136 817 2995
f 4111 4136 2995
f 2996 4136 4111
f 797 2996 4111
f 797 4110 2997
f 4110 797 4111
f 5510 5537 512
f 5510 489 5483
f 3367 5510 5483
f 488 3367 5483
f 5532 507 3347
f 507 5532 5505
f 559 5593 3311
f 5593 3283 3311
f 4110 3022 778
f 3022 4110 4111
f 3022 4111 2995
f 652 3022 2995
f 3022 652 778
f 3023 4086 777
f 3023 4110 4086
f 4110 796 2997
f 3023 796 4110
f 4354 2706 1003
f 2675 4415 4384
f 4383 2675 4384
f 2708 2675 4383
f 1001 2708 4353
f 2708 1001 1026
f 2740 1001 4353
f 2740 976 2741
f 1001 2740 2741
f 2769 977 4324
f 977 2769 2770
f 2769 4294 2770
f 1050 2676 2677
f 2676 1050 4415
f 2675 2676 4415
f 1050 4414 2645
f 1049 4414 2677
f 4414 1050 2677
f 1076 4835 4384
f 1076 2555 4835
f 4415 1076 4384
f 2645 1076 4415
f 2048 4860 4861
f 4860 2003 4861
f 4854 2047 4849
f 4854 2048 2047
f 2070 4854 4849
f 2073 4851 1481
f 4852 2072 1481
f 2006 2028 4858
f 2072 4844 2087
f 4842 4844 4845
f 3466 5402 419
f 5402 3467 3442
f 3441 5402 3442
f 5402 3441 419
f 3467 393 5372
f 393 3466 5372
f 5402 393 3467
f 393 5402 3466
f 5682 3193 3165
f 3193 5682 5654
f 3220 3193 5654
f 717 3113 3073
f 717 5731 3113
f 4040 4063 3071
f 5708 679 3164
f 5705 3140 5706
f 5705 3168 676
f 3140 5705 676
f 3140 677 5706
f 677 3139 5706
f 677 3140 5730
f 3139 677 5730
f 678 5708 3165
f 5708 678 3138
f 5706 5707 3166
f 3139 5707 5706
f 3166 5707 3165
f 5707 678 3165
f 5707 3139 3138
f 678 5707 3138
f 5680 655 3166
f 607 3222 5653
f 606 3222 5623
f 3222 607 5623
f 608 3250 584
f 608 3220 5654
f 280 5281 3593
f 5309 307 3572
f 3598 3599 5276
f 3389 471 5461
f 471 445 5461
f 420 5403 419
f 3440 420 419
f 5403 420 5404
f 3637 5234 3606
f 5234 3607 3606
f 3607 5234 3638
f 5121 129 3740
f 130 129 5121
f 5159 3739 5121
f 168 3739 5159
f 130 3739 3738
f 3739 130 5121
f 3738 3739 5160
f 3739 168 5160
f 3670 238 3669
f 304 5305 335
f 5306 304 335
f 305 3574 5272
f 271 5235 3577
f 3668 205 5199
f 3736 3735 5125
f 3736 169 5162
f 169 3736 5124
f 3771 5085 95
f 5084 3771 95
f 132 3771 5084
f 3771 132 5124
f 5126 5164 3734
f 5164 5126 3735
f 269 5269 270
f 3608 269 270
f 269 3608 3609
f 269 3578 5269
f 5268 269 3609
f 269 5268 3578
f 132 5123 3737
f 5123 5161 3737
f 131 5123 5083
f 5161 5123 3738
f 3772 132 5084
f 5123 3772 5083
f 3772 5123 132
f 3860 3857 3861
f 3860 3859 3857
f 3859 3858 3857
f 25 3860 3861
f 3859 26 5016
f 26 3833 5016
f 3860 26 3859
f 3723 3722 5138
f 3722 3723 180
f 3454 5414 3453
f 403 3454 3453
f 429 5415 5414
f 429 3428 5415
f 3428 429 5443
f 3427 5444 456
f 3427 5415 5444
f 3427 430 5415
f 455 3428 5443
f 3428 455 5444
f 3321 3322 551
f 3322 3321 5557
f 3322 528 5556
f 528 3322 5557
f 3554 322 5292
f 5327 3526 353
f 5419 433 5420
f 433 5419 3423
f 5449 433 3423
f 3448 5419 5420
f 5419 3448 407
f 408 3448 5420
f 407 3448 5390
f 3448 408 5390
f 377 3476 3501
f 3452 5415 5416
f 3475 406 5388
f 406 3449 5388
f 406 3450 3449
f 5387 3476 405
f 3476 5387 3475
f 5387 406 3475
f 406 5387 3450
f 3528 379 5358
f 379 3474 3473
f 351 3528 5325
f 320 351 5325
f 3474 3500 5388
f 3500 3475 5388
f 379 3500 3474
f 306 5309 3572
f 3601 5241 5240
f 3630 5241 3600
f 5110 3988 3987
f 3988 5110 3989
f 155 5150 3987
f 5150 155 3979
f 115 3998 5109
f 3989 115 5109
f 3998 115 5069
f 115 5110 3997
f 5110 115 3989
f 115 5070 5069
f 5070 115 3997
f 5070 116 3996
f 116 5070 3997
f 5110 116 3997
f 116 5110 3987
f 5147 3990 152
f 5147 153 3990
f 3989 5148 154
f 153 5148 3989
f 5148 3981 154
f 3981 5148 153
f 4994 4022 3
f 4022 4974 4973
f 3 4022 4973
f 4013 4994 40
f 5071 78 4004
f 78 5071 3995
f 4004 78 5033
f 15 3873 14
f 3874 3873 4983
f 14 3873 3874
f 16 3871 4984
f 15 5003 3846
f 5003 51 3846
f 5003 15 14
f 54 5044 55
f 5044 54 3809
f 92 5044 3809
f 54 5006 3844
f 5006 18 3844
f 18 5006 3843
f 5006 54 55
f 3843 5006 55
f 5047 3806 95
f 3806 5047 57
f 3806 5084 95
f 3840 57 5009
f 20 3840 3867
f 3867 3840 4989
f 3841 20 3868
f 3841 3842 56
f 19 3841 3868
f 3841 19 3842
f 3869 4987 4986
f 3869 19 4987
f 19 3869 3843
f 18 3869 4986
f 3869 18 3843
f 5156 3744 163
f 5155 3709 163
f 3745 5155 163
f 4008 45 3852
f 3852 45 46
f 45 5037 46
f 4998 45 4008
f 13 14 4982
f 13 3848 14
f 13 3849 3848
f 87 5078 3778
f 11 5000 3850
f 524 5552 3354
f 5552 524 3327
f 566 5601 3274
f 5601 3244 3274
f 5574 566 3303
f 3333 541 5573
f 5499 502 5526
f 5658 612 5629
f 612 5658 3215
f 611 5658 5629
f 5658 611 3216
f 5601 589 3244
f 3245 589 5600
f 612 5630 3245
f 5630 589 3245
f 589 5630 3244
f 5628 3246 587
f 5628 611 3246
f 3247 5628 587
f 564 3305 3306
f 541 3305 5573
f 564 3277 5599
f 5599 3277 587
f 3277 5598 587
f 5598 3277 563
f 3277 564 3306
f 3307 3277 3306
f 3277 3307 563
f 3278 5598 563
f 3551 323 5329
f 3551 5329 3523
f 5294 3551 3523
f 3551 5294 291
f 323 3551 291
f 3581 5293 291
f 5293 3581 290
f 354 3524 5329
f 323 354 5329
f 5362 383 3523
f 465 383 5394
f 3523 383 465
f 383 3469 5394
f 383 3495 3469
f 383 5362 3495
f 5360 3496 3524
f 354 5360 3524
f 5360 354 3525
f 3496 5360 381
f 5360 3497 381
f 3497 5360 3525
f 3447 3446 409
f 5391 3447 409
f 3447 5391 408
f 3446 3447 5421
f 3447 434 5421
f 3447 408 5420
f 434 3447 5420
f 3418 437 5424
f 436 3418 5424
f 463 3418 5453
f 3418 463 437
f 5454 463 5483
f 5454 464 3417
f 437 5454 3417
f 463 5454 437
f 5423 436 5424
f 3444 5423 5424
f 5422 5423 3445
f 5423 5422 436
f 5423 410 3445
f 5423 3444 410
f 434 3421 5421
f 5450 3421 434
f 3422 434 5420
f 433 3422 5420
f 3422 433 5449
f 434 3422 460
f 3422 5449 460
f 5478 484 5505
f 411 3444 5424
f 3443 411 5424
f 3444 411 5394
f 411 5425 5394
f 411 3443 5425
f 5485 3390 465
f 3390 5485 490
f 3391 5485 465
f 490 5485 3391
f 3366 5484 489
f 5484 3366 5511
f 5511 3366 512
f 3366 5510 512
f 5510 3366 489
f 489 3392 5483
f 3392 5454 5483
f 5454 3392 464
f 5484 3392 489
f 464 3392 5484
f 598 5611 3234
f 3322 5583 551
f 5552 5553 3353
f 3321 529 5557
f 507 5531 3347
f 5448 458 3399
f 458 5448 3424
f 458 5476 3399
f 5417 3451 5416
f 3451 3452 5416
f 3452 3451 405
f 3451 5417 3450
f 3451 5387 405
f 5387 3451 3450
f 3425 431 5446
f 431 3426 5446
f 431 3425 5417
f 431 5417 5416
f 3426 431 5416
f 481 5473 5500
f 3419 3418 436
f 3418 3419 5453
f 5453 3419 462
f 3419 5452 462
f 5422 3420 436
f 3420 3419 436
f 3420 3421 5451
f 5452 3420 5451
f 3419 3420 5452
f 652 757 778
f 757 4086 778
f 757 3048 4086
f 4132 4155 814
f 813 4131 2976
f 4131 3001 2976
f 5699 671 3174
f 671 5700 3174
f 5725 3119 693
f 2933 846 2961
f 846 4171 2961
f 4171 846 2932
f 846 868 2932
f 868 846 2933
f 4066 4067 3068
f 761 4067 4066
f 4140 801 2991
f 3015 801 4117
f 2966 4140 2991
f 2964 821 2965
f 821 2966 2965
f 2966 821 4140
f 5737 683 3132
f 5736 5737 3132
f 701 5737 5736
f 617 3239 5635
f 3239 617 5636
f 2961 2960 825
f 4171 2960 2961
f 3902 412 5426
f 5395 412 3902
f 412 5395 3911
f 413 5395 3902
f 5336 362 3921
f 3913 362 3922
f 362 5336 3922
f 391 3903 5401
f 3904 390 389
f 5400 3904 389
f 3904 5400 5401
f 3903 3904 5401
f 3904 3903 390
f 418 3905 5399
f 418 5400 3905
f 3897 418 5399
f 5400 418 3896
f 3896 418 444
f 418 3897 444
f 4996 6 4011
f 4996 4010 6
f 4010 4996 43
f 4996 4011 42
f 4009 4998 8
f 4009 4997 44
f 4009 45 4998
f 4009 8 4018
f 4009 44 5036
f 45 4009 5036
f 4009 4018 7
f 4997 4009 7
f 236 3607 3638
f 3639 236 3673
f 3607 236 5233
f 236 3639 5233
f 3641 3610 3609
f 5154 160 3711
f 5154 3710 161
f 3710 5154 3711
f 3710 5193 3709
f 5193 199 3709
f 3674 5193 3675
f 199 5193 3674
f 3708 5156 163
f 3709 3708 163
f 200 3708 3709
f 3708 200 5194
f 5190 3975 3976
f 3984 5114 120
f 5114 3984 3983
f 5113 3984 120
f 3975 159 3976
f 159 3975 5153
f 3983 159 5153
f 158 3977 3976
f 158 5113 3985
f 5113 158 3984
f 3676 5191 3966
f 3975 5191 3711
f 5192 3710 3711
f 5192 3676 3675
f 300 3939 5302
f 332 3939 299
f 3939 332 5302
f 3992 5074 120
f 5074 3992 121
f 5114 3992 120
f 3992 5114 121
f 5037 83 84
f 4167 2937 865
f 2937 4167 2965
f 4167 2964 2965
f 2941 2911 862
f 2941 861 2911
f 2968 2939 2967
f 2968 4164 2939
f 4116 801 3016
f 801 4116 2991
f 4334 2760 985
f 4308 964 2786
f 4339 989 4338
f 2903 891 4198
f 868 2903 4198
f 4197 2903 867
f 2903 868 867
f 890 4225 2904
f 4225 4197 2904
f 4225 2903 4197
f 2903 4225 891
f 4168 2964 2936
f 4168 2936 866
f 2935 4168 866
f 4168 2935 844
f 4168 822 2964
f 3109 5734 699
f 4028 3109 699
f 3133 5735 5736
f 5735 3108 5736
f 2879 911 4248
f 2759 2758 4306
f 2849 2819 4248
f 911 2849 4248
f 2820 2821 936
f 2821 2820 2850
f 2849 2820 2819
f 2909 4220 887
f 2818 2819 4278
f 4190 861 2912
f 861 4190 2911
f 4190 4218 2911
f 861 4189 2912
f 2880 4217 910
f 4217 2880 2879
f 2880 911 2879
f 2911 885 4191
f 4218 885 2911
f 885 2910 4191
f 838 2943 860
f 4189 838 860
f 798 838 4162
f 4087 3047 3021
f 3046 4087 3021
f 4041 4064 3070
f 3070 4064 4065
f 4088 4112 3020
f 4088 3046 3021
f 4112 4088 3021
f 4088 4064 3046
f 3044 761 4066
f 3044 4089 4090
f 761 3044 4090
f 1149 4565 2495
f 4565 1149 1174
f 4565 4834 2495
f 4565 2404 1420
f 4834 4565 1420
f 4533 2525 2495
f 2524 4533 2495
f 1221 2406 2378
f 1241 2351 2350
f 1214 2387 2386
f 1239 2352 2382
f 2658 4434 2657
f 2656 4434 4435
f 4434 2656 2657
f 4404 2687 4371
f 1059 4457 2635
f 1112 2571 4489
f 1077 3082 4447
f 3084 4446 3083
f 4446 1051 3083
f 1051 4446 3084
f 4416 3084 4386
f 4416 1051 3084
f 2349 2377 4670
f 2349 2376 2377
f 1223 1200 1222
f 2377 1223 1222
f 2376 1223 2377
f 2296 4695 2321
f 4670 4719 2321
f 4719 2296 2321
f 4719 4670 1303
f 1336 2249 1303
f 2228 2249 1336
f 4719 4720 2296
f 4458 1060 2635
f 4359 1007 2733
f 2766 4299 4298
f 4299 2796 4298
f 907 4242 2854
f 906 4242 2885
f 4242 907 2885
f 2704 2703 4356
f 2760 4304 985
f 3074 1200 3075
f 1200 3074 4594
f 1125 3079 4535
f 3079 1150 4535
f 1150 3077 4535
f 1150 4566 3077
f 4594 4566 3078
f 4566 1150 3078
f 4535 1175 3075
f 1175 3074 3075
f 3074 1175 4594
f 2642 1054 4450
f 2643 1053 4449
f 2643 2612 4450
f 2612 2643 4449
f 4627 1205 2398
f 4448 1052 3087
f 4448 2644 1052
f 1078 4448 2614
f 4448 2584 2614
f 2584 4448 1102
f 2644 2613 4449
f 4448 2613 2644
f 2613 4448 1078
f 2582 2581 4480
f 4479 2613 1078
f 2582 4479 2583
f 2479 2448 4581
f 1162 2479 4581
f 2479 1162 2510
f 2512 2511 1135
f 2511 2512 4549
f 4608 4580 1187
f 2260 2237 4754
f 2482 1159 2451
f 4574 1183 4575
f 1183 4604 4576
f 4485 2576 1109
f 2484 2454 4576
f 1183 2454 4575
f 2454 1183 4576
f 2454 2484 4545
f 2454 2485 4575
f 2580 2581 1105
f 2580 1105 2548
f 1106 2580 2548
f 2581 2580 4480
f 2152 4803 2153
f 4816 4824 1388
f 4816 1387 4824
f 1373 2152 4815
f 4803 1373 2167
f 1373 4803 2152
f 4833 1419 2121
f 1408 4829 2143
f 2142 4829 4830
f 2153 1385 4814
f 1385 4823 4814
f 2161 4795 1365
f 2161 1366 4795
f 2177 2192 1365
f 4795 2177 1365
f 2192 4779 1336
f 2210 4779 2192
f 1336 4779 2227
f 4779 2210 2227
f 2210 1337 2227
f 1337 2210 2192
f 1288 2314 4701
f 4763 2228 2227
f 1322 4763 2227
f 4763 4762 2228
f 4762 4763 1322
f 2224 2206 2223
f 2224 1339 2206
f 1307 2268 4745
f 1306 4722 2270
f 4722 1306 2292
f 2247 2246 4745
f 2246 2247 1322
f 2247 4762 1322
f 4743 2249 2248
f 4828 1408 2143
f 1408 4828 2132
f 1418 2123 2115
f 4785 2186 2203
f 4785 2203 1342
f 1314 4755 2258
f 4757 2233 2256
f 2203 4786 1342
f 2202 4787 1343
f 2201 4787 1357
f 4787 2201 1343
f 2169 1371 4802
f 882 2883 4215
f 2884 2883 2915
f 2883 882 2915
f 907 4243 2884
f 4243 907 2854
f 4243 2883 2884
f 4243 2854 2824
f 2853 4243 2824
f 2851 2822 2821
f 5460 3891 470
f 443 3891 5460
f 442 443 3898
f 442 3891 443
f 5430 5460 444
f 5430 443 5460
f 3897 5430 444
f 417 5430 3897
f 5430 417 3898
f 443 5430 3898
f 5459 3887 3886
f 5459 3886 470
f 3891 5459 470
f 5459 442 3892
f 442 5459 3891
f 417 416 3898
f 441 3899 415
f 442 441 3892
f 441 442 3899
f 5486 491 3889
f 3883 516 5541
f 3883 3884 516
f 5542 3883 5541
f 493 3883 5542
f 439 3902 5426
f 439 413 3902
f 466 5486 3889
f 3931 5301 331
f 3931 5336 5301
f 5336 3931 3922
f 3522 3912 3521
f 5338 3522 3521
f 2859 4237 927
f 2859 4267 928
f 875 4179 2924
f 4179 875 2923
f 875 4207 2923
f 4179 2952 2924
f 2952 2953 2924
f 878 2921 2891
f 4237 901 2891
f 2859 901 4237
f 796 4134 2997
f 4134 796 2998
f 874 4205 2895
f 4205 897 2895
f 2896 4205 874
f 4205 2896 897
f 2771 976 2770
f 947 2775 4289
f 2775 948 4289
f 948 2775 2774
f 4214 2886 881
f 2887 4214 881
f 4214 2887 904
f 2886 4214 905
f 4241 4214 904
f 4214 4241 905
f 4186 881 2916
f 4186 2917 881
f 4186 2945 2917
f 2826 955 931
f 4325 1003 2737
f 978 4325 2737
f 4325 2769 4324
f 2769 4325 978
f 4296 953 2768
f 2829 2859 927
f 2859 2829 4267
f 4295 2769 2768
f 953 4295 2768
f 4267 2828 928
f 4880 4894 1953
f 1983 4880 1953
f 4880 1983 1984
f 1921 4894 1922
f 4894 1921 4895
f 1921 1920 4895
f 1920 1921 1645
f 1923 4911 1922
f 4928 4911 1644
f 4911 1923 1644
f 4911 1921 1922
f 1645 4911 1888
f 1921 4911 1645
f 1678 1885 1886
f 1678 4931 1885
f 4896 4913 4897
f 4896 4881 4895
f 1920 4896 4895
f 4913 4912 1886
f 4912 1920 1645
f 4912 4896 1920
f 4896 4912 4913
f 4957 1793 4958
f 1824 4957 4958
f 1793 4957 4969
f 4957 1824 1825
f 1795 4967 4968
f 4967 1776 4968
f 4967 4966 1776
f 4955 4967 1795
f 1887 1645 1888
f 1887 4912 1645
f 1887 4943 1855
f 1800 4950 4963
f 4950 1800 4951
f 1800 4963 4964
f 1799 1800 4964
f 1800 1799 4951
f 1983 4871 4870
f 1556 4871 4881
f 4881 4871 1953
f 4871 1983 1953
f 2002 4871 2001
f 4871 2002 4870
f 2026 2002 4862
f 2026 2047 4861
f 2047 2026 4862
f 2003 2026 4861
f 2026 2003 2002
f 4869 1983 4870
f 2003 4869 4870
f 1983 4869 1984
f 4869 2004 1984
f 4869 2003 2004
f 4953 1797 4954
f 1797 4953 1798
f 4939 4940 1858
f 4940 4939 1829
f 4940 1857 1858
f 4940 4941 1857
f 1828 4953 4941
f 4940 1828 4941
f 1828 4940 1829
f 1698 1667 1866
f 1837 1698 1866
f 1667 1698 1836
f 1836 1698 1727
f 1698 1837 1727
f 1580 1960 1551
f 1573 1966 1545
f 1966 1573 1574
f 1575 1966 1574
f 1606 1638 1930
f 1606 1931 1638
f 1577 1606 1930
f 1605 1932 1637
f 1931 1605 1637
f 1932 1605 1604
f 1605 1575 1604
f 1606 1605 1931
f 1933 1603 1635
f 1574 1933 1604
f 1603 1933 1574
f 1901 1636 1635
f 1636 1933 1635
f 1636 1901 1667
f 1636 1932 1604
f 1933 1636 1604
f 1932 1636 1637
f 1636 1667 1668
f 1962 1963 1577
f 1578 1962 1577
f 1547 1991 1520
f 1444 2104 1443
f 1459 1444 1443
f 2164 1375 2194
f 1362 2164 2194
f 1375 2164 4806
f 2179 1361 4792
f 2164 1361 4806
f 1525 1524 1551
f 1501 1524 1502
f 1524 1525 1502
f 1524 1580 1551
f 1580 1524 1550
f 2034 1500 2055
f 1500 2054 2055
f 4856 2053 2054
f 2053 4856 1501
f 4856 2033 1501
f 1500 4856 2054
f 4856 1500 2033
f 1525 1989 2009
f 1989 1526 2009
f 1989 1525 1551
f 1504 1528 4865
f 1504 4850 1480
f 1900 4923 1637
f 1900 1636 1668
f 1636 1900 1637
f 4923 1900 1669
f 4923 1899 1638
f 1899 4923 1669
f 1865 1700 1669
f 1865 1900 1668
f 1900 1865 1669
f 1836 1865 1668
f 1702 1671 1864
f 1640 4907 1639
f 1607 1577 1930
f 1607 1578 1577
f 1639 1607 1930
f 1807 1699 1836
f 1699 1865 1836
f 1728 1729 1806
f 1728 1807 1727
f 1729 1728 1727
f 1803 1704 1833
f 1832 1704 1803
f 1704 1862 1833
f 1704 1832 1862
f 1831 1705 1802
f 1705 1832 1802
f 1673 1705 1831
f 1832 1705 1862
f 1705 1673 1862
f 1834 1701 1805
f 1702 1834 1805
f 1834 1864 1701
f 1834 1702 1864
f 1480 2074 1479
f 2074 1462 2090
f 1462 1463 2089
f 2088 1463 4847
f 2074 1463 1462
f 2089 1463 1447
f 1463 2088 1447
f 1463 1480 4847
f 1463 2074 1480
f 2100 4843 2087
f 4844 2100 2087
f 4841 2100 4842
f 2100 4844 4842
f 4841 4837 4840
f 4834 4837 2120
f 4840 4837 4834
f 4837 2113 2120
f 2113 4837 4838
f 4837 4841 4838
f 2101 4840 1447
f 2088 2101 1447
f 2101 2088 4843
f 2100 2101 4843
f 2101 4841 4840
f 2101 2100 4841
f 4910 4927 1644
f 4927 1890 1644
f 1891 4927 4910
f 4927 1891 1858
f 1857 4927 1858
f 1890 4927 1857
f 1892 4925 1859
f 1860 4925 1893
f 4925 1860 1859
f 4925 4908 1893
f 4926 1859 1858
f 4926 1892 1859
f 1891 4926 1858
f 4926 1891 4910
f 4909 4925 1892
f 4926 4909 1892
f 1956 4891 4892
f 1706 1675 1830
f 1675 1861 1830
f 1860 1675 1706
f 1676 1675 1860
f 1861 1675 1894
f 1675 1643 1894
f 1643 1675 1676
f 4908 4889 1612
f 1613 4889 4908
f 4889 1613 1958
f 1861 1674 1831
f 1674 1673 1831
f 1674 1861 1894
f 1642 1674 1894
f 1673 1674 1642
f 1673 1895 1672
f 1895 1673 1641
f 1929 1895 1641
f 1724 1779 1810
f 1724 4961 1779
f 1724 1723 4961
f 1724 1810 4949
f 1723 1724 4949
f 1779 1752 1761
f 4961 1752 1779
f 1761 1752 1756
f 1752 1762 1756
f 1752 4961 1780
f 1751 1752 1780
f 1752 1751 1762
f 1842 1723 4949
f 1810 1841 4949
f 1809 1841 1810
f 1841 1842 4949
f 1841 1809 1840
f 1694 1841 1840
f 1872 1691 1871
f 1872 1658 1873
f 1845 1846 1815
f 1846 1718 1815
f 1718 1846 1816
f 1847 1846 1687
f 1719 1845 1815
f 1784 1719 1815
f 1719 1784 1748
f 1848 1684 1818
f 1903 1868 1696
f 1403 1404 1392
f 1423 2129 1422
f 4898 1919 1614
f 4898 1951 4897
f 4914 4898 4897
f 1919 4898 4914
f 1952 1556 4881
f 1556 1952 1951
f 1951 1952 4897
f 1952 4896 4897
f 4896 1952 4881
f 2112 1410 4835
f 1410 2112 1422
f 2113 2112 4835
f 1448 2112 4838
f 2112 2113 4838
f 1464 2069 2068
f 2069 1464 1448
f 2069 4838 1483
f 2069 1448 4838
f 1813 1720 1783
f 1721 1813 1783
f 1813 1844 1720
f 1782 1812 1783
f 1812 1721 1783
f 1812 1782 1722
f 1691 1812 1722
f 1843 1813 1721
f 1843 1812 1691
f 1812 1843 1721
f 1813 1843 1844
f 3823 35 34
f 3823 3822 35
f 5026 71 5064
f 3822 71 5026
f 3823 71 3822
f 70 71 5024
f 3787 72 5064
f 72 3787 5065
f 3787 110 5065
f 110 3787 5102
f 3756 5099 5098
f 5100 108 5062
f 71 3788 5064
f 278 3596 3597
f 5279 278 3567
f 278 5279 3596
f 5245 3596 3625
f 5245 247 3597
f 3596 5245 3597
f 3689 3688 180
f 3688 3689 216
f 5213 3653 5214
f 3654 3653 5213
f 3652 3653 3622
f 3653 3652 5214
f 3623 3653 3654
f 5251 3620 3591
f 5250 3620 252
f 3620 5250 3591
f 3620 3650 252
f 3650 3620 5251
f 3650 219 5216
f 5217 219 3650
f 3686 5178 182
f 3685 5178 3686
f 3651 5215 3652
f 218 5215 3651
f 5215 217 3652
f 5215 3686 217
f 5215 218 3686
f 3714 150 5145
f 150 3748 5106
f 111 5105 5067
f 3748 5146 151
f 5146 150 3714
f 150 5146 3748
f 4948 1717 1816
f 1846 4948 1816
f 4948 1846 1847
f 1717 4948 1817
f 4948 1847 1817
f 1787 1715 1819
f 1715 1787 1818
f 1715 1684 1819
f 1684 1715 1818
f 1743 1788 1770
f 1743 1787 1788
f 1769 1743 1770
f 1787 1743 1769
f 1786 1716 1818
f 1848 1716 1817
f 1716 1848 1818
f 4960 1786 1745
f 1785 4960 1745
f 1716 4960 1817
f 4960 1716 1786
f 4960 1717 1817
f 1717 4960 1816
f 4960 1785 1816
f 1788 1742 1770
f 1742 1771 1770
f 1850 1712 1713
f 1379 1378 2149
f 1379 2162 1378
f 2162 1363 2163
f 1350 1363 2193
f 1363 1377 2163
f 1363 1350 1376
f 1377 1363 1376
f 4109 4133 2998
f 796 4109 2998
f 4109 3023 777
f 4109 796 3023
f 4135 797 2997
f 797 4135 2996
f 816 4136 2996
f 4135 816 2996
f 3288 3259 3258
f 3287 3288 3258
f 463 3393 5483
f 3393 488 5483
f 3393 463 5453
f 5452 3395 5481
f 3283 582 5621
f 2739 2740 4353
f 977 2739 4324
f 2708 1027 4353
f 1027 2708 4383
f 4382 2708 1026
f 2708 4382 2675
f 4382 2676 2675
f 4445 1076 2645
f 4414 4445 2645
f 4475 2585 4476
f 1076 2585 2555
f 2585 1076 4476
f 1048 2679 4411
f 1048 4443 2647
f 4443 1075 2647
f 1075 4444 2647
f 2649 1047 4410
f 1047 2649 4442
f 2650 2649 4410
f 4441 2649 2650
f 4442 2649 1073
f 2649 4441 1073
f 1047 2648 4411
f 2648 1047 4442
f 2648 1048 4411
f 1048 2648 4443
f 2648 1074 4443
f 1074 2648 4442
f 2679 2680 4411
f 4378 2680 2679
f 2680 1047 4411
f 2680 4378 2713
f 4352 1001 2741
f 1001 4352 1026
f 1025 4380 2677
f 2003 2027 2004
f 4860 2027 2003
f 2005 4868 2004
f 2028 2005 4859
f 2005 2027 4859
f 2027 2005 2004
f 2005 4867 1985
f 4868 2005 1985
f 2005 2006 4867
f 2006 2005 2028
f 2051 2073 4850
f 2051 4851 2073
f 2051 4850 4857
f 2050 4852 1481
f 4851 2050 1481
f 4852 2050 4859
f 2050 2051 4858
f 2051 2050 4851
f 2050 2028 4859
f 2028 2050 4858
f 2049 4852 4859
f 2049 4860 2048
f 2027 2049 4859
f 2049 2027 4860
f 4852 2071 2072
f 2071 4844 2072
f 4866 4865 1987
f 4866 1986 4867
f 2006 4866 4867
f 3520 3548 335
f 3548 5306 335
f 5307 3547 336
f 3574 5307 336
f 5307 3574 305
f 5307 3548 3547
f 5306 5307 305
f 3548 5307 5306
f 3519 3520 3494
f 3519 3548 3520
f 5370 3519 3494
f 3519 5370 3493
f 3518 3492 365
f 5340 3518 365
f 3465 5403 5404
f 3465 3466 5403
f 3465 394 3466
f 3465 5374 394
f 3194 5680 3166
f 3222 3194 5653
f 3194 3222 5680
f 738 4040 3071
f 4064 738 3071
f 738 4064 4041
f 5705 3167 3168
f 3167 5705 5706
f 3167 654 3168
f 654 3167 5679
f 3167 655 5679
f 3167 5706 3166
f 655 3167 3166
f 5679 629 3196
f 3223 629 5679
f 629 5678 3196
f 5678 629 3224
f 5622 606 3253
f 5622 3223 606
f 5622 3253 3224
f 3195 655 5680
f 655 3195 5679
f 3195 3223 5679
f 607 3252 5623
f 583 3252 607
f 3252 3253 5623
f 3252 5594 3253
f 3252 583 5594
f 5624 583 607
f 3594 280 3593
f 279 5279 3566
f 279 3595 3596
f 5279 279 3596
f 248 3656 3625
f 3596 5246 3625
f 3595 5246 3596
f 5246 248 3625
f 5246 3595 3624
f 248 5246 3624
f 5282 3563 281
f 5280 5281 280
f 5280 279 3566
f 3594 5280 280
f 5280 3594 3595
f 279 5280 3595
f 5309 338 307
f 3545 338 5309
f 338 3545 5341
f 3599 276 5276
f 5275 276 3600
f 275 5275 3600
f 5241 275 3600
f 275 5241 3601
f 310 5313 3567
f 5313 3540 3567
f 3598 277 3597
f 277 3598 5276
f 340 3542 3541
f 3543 3542 340
f 310 5312 3541
f 5312 340 3541
f 445 3415 5432
f 471 3415 445
f 5234 237 3638
f 237 5234 3637
f 5122 131 5082
f 5122 130 3738
f 5123 5122 3738
f 5122 5123 131
f 3773 92 5082
f 131 3773 5082
f 92 3773 93
f 93 3773 5083
f 3773 131 5083
f 91 5082 3809
f 53 54 5005
f 53 5043 54
f 129 5120 3740
f 5120 166 3740
f 204 5197 3669
f 5197 3670 3669
f 127 5119 3777
f 5119 127 126
f 167 5159 3740
f 166 167 3740
f 166 5158 3705
f 164 3743 5156
f 3744 3743 5118
f 3743 3744 5156
f 3604 272 5271
f 272 3604 3605
f 3575 305 5271
f 3575 5306 305
f 304 3575 5271
f 5306 3575 304
f 3664 5204 3698
f 3697 5204 209
f 5204 3697 3698
f 5204 3663 209
f 3663 5204 3664
f 3603 242 3633
f 242 3664 3633
f 242 3663 3664
f 273 5271 5272
f 273 3604 5271
f 3604 273 3603
f 3602 274 5240
f 273 3602 3603
f 274 3602 5272
f 3602 273 5272
f 239 3668 5235
f 239 3667 3668
f 3667 3666 5201
f 3636 239 5235
f 239 3636 3667
f 3636 3666 3667
f 3666 3636 240
f 5236 271 3605
f 3636 5236 240
f 271 5236 5235
f 5236 3636 5235
f 5238 3603 3633
f 5238 3604 3603
f 3604 5237 3605
f 3667 5200 3668
f 5200 205 3668
f 5128 3732 5129
f 172 3699 3698
f 5203 3664 3698
f 3664 5203 3665
f 3699 5203 3698
f 133 3770 5085
f 3771 133 5085
f 133 3771 5124
f 3736 133 5124
f 133 3736 5125
f 3770 133 5125
f 5164 171 3734
f 171 3700 3699
f 3700 171 5164
f 333 300 5302
f 5268 3579 302
f 301 3579 5268
f 3770 5086 5085
f 5086 96 5085
f 4991 3862 3861
f 3863 3862 4991
f 3862 25 3861
f 25 3862 3835
f 3864 3863 4991
f 3839 21 5009
f 21 3839 5010
f 21 3840 5009
f 3840 21 4989
f 3864 22 5011
f 22 3864 4991
f 27 3859 5016
f 27 3858 3859
f 27 5017 3858
f 3697 5167 3698
f 29 3856 3857
f 3856 30 3855
f 30 3854 3855
f 30 3828 3854
f 3854 5021 31
f 3828 5021 3854
f 5021 3827 31
f 3827 5021 68
f 5092 101 3763
f 5133 3728 176
f 3796 5093 5094
f 5093 3796 102
f 3727 5133 176
f 3530 377 3501
f 377 3530 5355
f 5255 3587 3586
f 5286 3560 317
f 3560 5286 284
f 5445 3426 430
f 3427 5445 430
f 5445 3427 456
f 3401 5445 456
f 5445 3401 5446
f 3426 5445 5446
f 3240 593 5605
f 3239 593 5635
f 593 3240 5635
f 5606 593 3239
f 3238 3239 5636
f 3403 5473 5444
f 455 3403 5444
f 5529 3349 5530
f 3349 5529 5556
f 528 3349 5556
f 3349 5557 5530
f 3349 528 5557
f 506 3374 5530
f 5529 3350 5556
f 5555 3350 3351
f 289 3554 5292
f 3555 320 5325
f 5326 322 3554
f 3528 5326 5325
f 5107 3677 291
f 3497 5359 3498
f 3498 5359 380
f 5359 3497 353
f 3526 5359 353
f 379 3499 5358
f 3499 379 3473
f 3499 380 5358
f 380 3499 3473
f 3475 378 3501
f 3500 378 3475
f 351 5357 3528
f 5357 379 3528
f 5357 3500 379
f 5357 378 3500
f 5273 306 3572
f 5273 274 5272
f 5273 3573 306
f 3574 3573 5272
f 3573 5273 5272
f 306 337 5309
f 337 3545 5309
f 337 5340 365
f 337 365 5341
f 3545 337 5341
f 245 5242 3599
f 276 5242 3600
f 5242 276 3599
f 3657 3658 247
f 5206 3661 211
f 5206 3695 3696
f 3695 174 3696
f 174 3695 5169
f 3695 5206 211
f 3694 3695 211
f 3663 5205 209
f 5205 3697 209
f 3697 5205 3696
f 3988 5149 3987
f 5149 155 3987
f 5149 3988 154
f 155 5149 3979
f 117 5111 3995
f 5111 117 3996
f 116 5111 3996
f 5111 116 3987
f 4 4022 4994
f 4013 4 4994
f 4022 4 4974
f 4974 4 4021
f 4 4012 4021
f 4 4013 4012
f 4013 41 4012
f 4012 41 42
f 41 4013 40
f 41 4004 5033
f 4004 41 40
f 3872 16 4984
f 16 3872 15
f 3872 3873 15
f 4983 3872 4984
f 3873 3872 4983
f 5003 3847 51
f 3847 5003 14
f 5045 3808 93
f 3808 92 93
f 3808 5044 92
f 3808 5045 55
f 5044 3808 55
f 3870 17 3844
f 18 3870 3844
f 17 3870 4985
f 4985 3870 4986
f 3870 18 4986
f 5046 3806 57
f 3807 5046 56
f 3806 94 5084
f 3772 94 5083
f 94 3772 5084
f 5046 94 3806
f 94 3807 5083
f 94 5046 3807
f 5008 3840 20
f 3841 5008 20
f 3840 5008 57
f 5008 5046 57
f 5008 3841 56
f 5046 5008 56
f 5117 3745 163
f 3744 5117 163
f 3779 125 5118
f 125 3744 5118
f 125 5117 3744
f 125 3779 5077
f 162 5155 3745
f 3710 162 161
f 162 3710 3709
f 5155 162 3709
f 4981 3875 4982
f 3875 13 4982
f 13 3875 4981
f 5079 87 3778
f 5079 127 3777
f 126 5079 3778
f 127 5079 126
f 5078 3814 86
f 87 3814 5078
f 3851 11 10
f 3851 5000 11
f 5000 3851 47
f 4999 3851 10
f 47 3851 4999
f 5038 47 3817
f 84 5038 3817
f 86 3815 5077
f 3815 85 5077
f 3816 5000 47
f 5038 3816 47
f 3816 5038 84
f 5574 3304 566
f 3305 3304 5573
f 3333 542 3332
f 542 3333 5573
f 3304 542 5573
f 542 5574 3332
f 542 3304 5574
f 3333 3334 541
f 5577 3329 545
f 3329 5577 3328
f 5575 3303 3302
f 544 5575 3302
f 3331 5575 544
f 5551 524 3354
f 5551 523 3328
f 5551 3328 3327
f 524 5551 3327
f 5499 3379 502
f 454 5442 5471
f 3481 401 5382
f 401 3456 5382
f 402 3480 5382
f 3456 402 5382
f 3480 402 5383
f 402 3454 5383
f 345 5318 314
f 3481 5351 3507
f 5351 3481 3506
f 3534 3506 374
f 3534 5351 3506
f 5351 3534 346
f 3307 3308 563
f 3310 538 5461
f 3159 3188 3160
f 661 3188 3159
f 5687 3188 661
f 3188 5687 3215
f 5658 3188 3215
f 3134 5735 3133
f 5734 3134 3135
f 5735 3134 5734
f 608 5625 3250
f 5659 5630 612
f 5659 3215 636
f 5659 612 3215
f 3276 3305 564
f 3276 5599 5600
f 3276 564 5599
f 3439 420 3440
f 420 3439 5404
f 3552 323 291
f 5293 3552 291
f 3553 290 5292
f 3553 5293 290
f 322 3553 5292
f 3553 3552 5293
f 3553 5327 353
f 3553 322 5327
f 5328 354 323
f 354 5328 3525
f 3552 5328 323
f 3525 5328 353
f 5328 3553 353
f 3553 5328 3552
f 5393 3444 3469
f 3444 5393 410
f 3495 5393 3469
f 3470 5393 3495
f 382 3470 3495
f 382 5362 5361
f 5362 382 3495
f 3496 382 5361
f 3470 382 3496
f 3471 5391 409
f 3497 3471 381
f 3471 3496 381
f 3471 3470 3496
f 5391 3471 3472
f 3471 3497 3472
f 3286 3257 580
f 3312 559 3311
f 582 3284 3255
f 3284 582 3283
f 3284 5593 559
f 5593 3284 3283
f 5449 3397 460
f 5478 3397 5449
f 5478 3398 484
f 3233 598 3234
f 5641 3233 3234
f 622 5641 3203
f 5671 622 3203
f 622 5671 3202
f 622 3233 5641
f 5700 5672 3174
f 5673 647 3173
f 3323 3322 5556
f 3323 5583 3322
f 3352 5526 3353
f 3352 503 5526
f 5602 590 3273
f 590 3243 3273
f 590 5602 3274
f 3244 590 3274
f 3242 5603 3273
f 3243 3242 3273
f 5631 590 3244
f 590 5631 3243
f 3328 5578 3327
f 3299 5578 3300
f 569 3299 3300
f 592 3240 5605
f 592 5604 3241
f 592 5634 3240
f 3240 5634 5635
f 5634 617 5635
f 3301 5577 545
f 5577 3301 3300
f 5557 3348 5530
f 3348 506 5530
f 506 3348 5531
f 529 3348 5557
f 5531 3348 529
f 458 5447 5476
f 5447 3425 457
f 5447 458 3424
f 432 5447 3424
f 3425 5447 432
f 5504 506 5531
f 5504 484 3399
f 3377 504 5501
f 3377 481 5500
f 481 3377 5501
f 505 3350 5529
f 505 5529 5530
f 3374 505 5530
f 5474 481 5501
f 5474 3401 456
f 3421 435 5421
f 3420 435 3421
f 435 5422 5421
f 435 3420 5422
f 4107 4131 794
f 3001 4107 4106
f 4131 4107 3001
f 3024 4109 777
f 3000 4132 794
f 4132 3000 813
f 4131 3000 794
f 3000 4131 813
f 4133 2999 814
f 2999 4132 814
f 4156 2974 2949
f 2974 4156 814
f 4155 2974 814
f 2975 4132 813
f 2975 4155 4132
f 2950 2975 832
f 2975 2950 4155
f 793 3001 4106
f 4105 793 4106
f 793 4105 3002
f 3001 812 2976
f 811 812 3002
f 4107 3026 4106
f 3026 4107 775
f 4059 3051 754
f 3051 4059 4082
f 3119 5750 693
f 3146 3147 5725
f 3146 5725 693
f 3146 671 5699
f 3147 3146 5699
f 671 3146 5700
f 5749 5750 3119
f 3007 4101 4100
f 4104 4105 3028
f 773 4104 3028
f 4104 773 3029
f 4103 4104 3029
f 5760 752 4057
f 752 5760 732
f 4097 786 4098
f 2961 824 4170
f 3043 761 4090
f 3043 4067 761
f 3066 3067 4068
f 741 3067 722
f 4092 763 4068
f 3066 763 4069
f 763 3066 4068
f 782 4092 3016
f 801 782 3016
f 782 801 3015
f 4093 782 3015
f 782 4093 4092
f 4139 820 2991
f 820 2966 2991
f 2966 820 2938
f 4165 820 2967
f 820 4165 2938
f 842 2966 2938
f 864 842 2938
f 2937 842 864
f 4166 2937 2965
f 2966 4166 2965
f 4166 842 2937
f 842 4166 2966
f 4141 821 2964
f 822 4141 2964
f 802 4141 2989
f 2990 802 4117
f 801 2990 4117
f 2990 801 4140
f 821 2990 4140
f 4141 2990 821
f 2990 4141 802
f 3106 5737 701
f 617 3208 5636
f 4101 3032 4100
f 3032 4101 771
f 3123 5746 690
f 749 3097 729
f 5147 3982 153
f 3982 5147 152
f 5185 3982 152
f 3981 3982 190
f 3982 3981 153
f 3885 491 5486
f 5540 3885 3882
f 414 3900 5397
f 5369 3903 391
f 5369 391 3912
f 5369 3913 390
f 3903 5369 390
f 5369 362 3913
f 3921 5369 3912
f 362 5369 3921
f 268 5268 3609
f 3610 268 3609
f 233 3641 3675
f 3676 233 3675
f 233 3676 3642
f 234 3674 3675
f 3641 234 3675
f 234 3640 3674
f 234 5232 3640
f 5232 234 3609
f 234 3641 3609
f 5154 3747 160
f 5114 3747 121
f 160 3747 5153
f 3747 3983 5153
f 3747 5114 3983
f 196 5190 3966
f 5190 196 3975
f 5191 196 3966
f 196 5191 3975
f 3977 195 3976
f 195 5190 3976
f 5073 3993 120
f 3993 5113 120
f 5152 158 3976
f 158 5152 3984
f 159 5152 3976
f 3984 5152 3983
f 5152 159 3983
f 5191 197 3711
f 197 5191 3676
f 197 5192 3711
f 5192 197 3676
f 198 5192 3675
f 5192 198 3710
f 5193 198 3675
f 198 5193 3710
f 3939 5266 299
f 5266 3939 266
f 5266 3940 299
f 5266 265 3940
f 5266 3949 265
f 3949 5266 266
f 3948 3949 266
f 5116 162 3745
f 5115 3747 5154
f 5115 123 3782
f 123 5076 3782
f 83 5076 84
f 5076 83 3782
f 5076 3816 84
f 3816 5076 85
f 83 5075 3782
f 45 3818 5037
f 3818 83 5037
f 3818 45 5036
f 3818 5036 82
f 5075 3818 82
f 3818 5075 83
f 5072 79 3995
f 4003 78 3995
f 79 4003 3995
f 78 4003 5033
f 4003 41 5033
f 41 4003 42
f 4002 5072 3994
f 5072 4002 79
f 2936 843 865
f 843 4167 865
f 2964 843 2936
f 4167 843 2964
f 839 2969 4162
f 839 2941 2969
f 2941 839 861
f 2941 4163 2969
f 4163 2941 862
f 800 4139 2991
f 4116 800 2991
f 4089 3019 4090
f 2725 4337 4336
f 1013 2725 4366
f 4337 1013 2724
f 1013 4337 2725
f 4399 2692 4366
f 2692 1013 4366
f 4224 2905 889
f 4224 890 2905
f 4224 4225 890
f 964 2755 4309
f 2755 989 4339
f 4308 2755 964
f 989 2755 4308
f 2755 990 4309
f 990 2755 4339
f 989 2756 4338
f 2756 989 4308
f 4337 2756 988
f 2756 963 988
f 963 2756 4308
f 2756 2724 4338
f 2756 4337 2724
f 2785 964 4309
f 964 2785 2786
f 2785 4279 2786
f 2816 2815 4251
f 2902 869 2932
f 4199 869 2902
f 2814 2815 941
f 916 2843 4254
f 2721 4340 4369
f 2688 4404 4371
f 2720 2688 4371
f 4341 2721 1016
f 2720 4341 1016
f 2838 2808 4259
f 4437 1069 2622
f 4377 2680 2713
f 1046 2650 4410
f 4044 721 3068
f 721 4044 741
f 4067 4044 3068
f 4044 3067 741
f 3067 4044 4067
f 721 4031 3107
f 4031 721 741
f 4031 741 722
f 3106 4031 722
f 4031 701 3107
f 4031 3106 701
f 4030 721 3107
f 701 4030 3107
f 4030 701 5736
f 3108 4030 5736
f 3069 739 4065
f 3069 4042 739
f 4066 3069 4065
f 720 4030 3108
f 4042 720 739
f 5735 700 3108
f 700 720 3108
f 3109 700 5734
f 700 5735 5734
f 2883 2882 4215
f 4246 2850 910
f 4246 2821 2850
f 4246 2851 2821
f 2789 961 4306
f 2759 961 4305
f 961 2759 4306
f 4276 2820 936
f 2788 4276 2789
f 4335 4336 987
f 2758 4335 987
f 4335 2758 2759
f 2726 4335 2727
f 4336 4335 2726
f 4247 2849 911
f 2880 4247 911
f 2820 4247 2850
f 4247 2820 2849
f 2850 4247 910
f 4247 2880 910
f 4220 2876 887
f 914 2876 4251
f 886 2909 4192
f 886 4220 2909
f 2910 886 4192
f 886 2877 4220
f 884 4190 2912
f 4190 884 4218
f 4189 884 2912
f 884 4189 4217
f 884 4217 2879
f 4218 884 2879
f 2913 4189 860
f 4189 2913 4217
f 2942 4189 861
f 2942 838 4189
f 838 2942 4162
f 2942 839 4162
f 839 2942 861
f 4161 838 798
f 838 4161 2943
f 4161 798 2944
f 2943 4161 2944
f 4187 859 2915
f 882 4187 2915
f 3047 759 4063
f 4064 759 3046
f 4087 759 3047
f 759 4087 3046
f 4063 759 3071
f 759 4064 3071
f 3045 4088 4089
f 2434 4564 2465
f 4564 1173 2465
f 2525 2526 4532
f 1123 2526 2525
f 2526 1149 4532
f 2527 1123 1122
f 4471 2621 2590
f 2559 4501 2590
f 1123 2559 1122
f 2558 1123 4502
f 2558 2559 1123
f 2559 2558 4501
f 1098 2589 4502
f 2589 2558 4502
f 2558 2589 4501
f 4471 2589 2620
f 2589 1098 2588
f 4500 2559 2590
f 1069 4469 2622
f 2623 4469 1069
f 4621 2378 2404
f 4621 1221 2378
f 4643 2381 2351
f 1241 4643 2351
f 4669 1242 2350
f 4645 1242 4669
f 2409 1218 2381
f 2323 4668 1260
f 2352 4668 2351
f 4668 2352 1260
f 4668 1261 2351
f 1261 4668 1282
f 4668 2323 1282
f 2352 4667 1260
f 4642 1218 2382
f 1218 4642 2381
f 2381 1240 2351
f 1240 2352 2351
f 4642 1240 2381
f 2352 1240 2382
f 1240 4642 2382
f 1215 1214 2386
f 2387 1236 2386
f 1236 2358 2357
f 1068 4436 4435
f 4436 2623 1069
f 2623 4436 4468
f 1040 2658 2657
f 2658 1040 4402
f 1042 2687 4404
f 2687 2719 4371
f 2686 1042 4405
f 1042 2686 2687
f 4485 2606 2607
f 2606 4485 1084
f 2606 4455 2607
f 4455 2606 2637
f 4456 2606 1084
f 2606 4456 2637
f 2572 1112 4489
f 2572 1086 4488
f 2509 4518 1137
f 2541 4518 2540
f 4518 2541 1137
f 1163 2509 2478
f 4551 1137 2510
f 4551 2509 1137
f 1162 4551 2510
f 2509 4551 2478
f 4551 1162 2478
f 1034 2665 4395
f 4426 2666 1060
f 4426 1034 2666
f 1034 4426 2665
f 2695 4364 4363
f 2694 4364 2695
f 4427 4396 2665
f 2539 1112 2540
f 2539 2571 1112
f 1051 3085 4385
f 4416 3085 1051
f 3085 4386 4385
f 3085 4416 4386
f 1283 2296 4696
f 1283 4695 2296
f 2249 4742 1303
f 4742 4743 1304
f 4743 4742 2249
f 2296 2295 4696
f 4720 2295 2296
f 2295 1284 4696
f 2701 4359 2733
f 2700 1032 2699
f 2700 2701 1031
f 2701 2700 4359
f 4359 2700 1007
f 2703 1029 2702
f 1029 2703 4389
f 2641 2672 4419
f 2672 2641 1055
f 2641 4452 1055
f 1030 4358 2702
f 1030 2701 4358
f 4421 2671 1056
f 1030 4421 2670
f 4421 1030 2671
f 4420 2672 1055
f 1029 4420 2671
f 2672 4420 4389
f 4420 1029 4389
f 981 4299 2766
f 2735 2736 4356
f 1005 2735 4356
f 960 2760 4305
f 960 4304 2760
f 958 4303 2792
f 2793 958 2792
f 4303 959 2792
f 933 2793 2792
f 4388 1028 2704
f 1028 2672 4389
f 1028 2703 2704
f 2703 1028 4389
f 1125 4534 3079
f 1150 4534 3078
f 4534 1150 3079
f 4534 4505 3078
f 4534 1125 4505
f 1125 3080 4505
f 3080 1101 4505
f 1101 3080 3081
f 3080 4535 4447
f 3080 1125 4535
f 3077 3076 4535
f 3076 1175 4535
f 4566 3076 3077
f 3076 4566 4594
f 1175 3076 4594
f 2673 1054 4419
f 2673 1028 4388
f 2673 4388 4387
f 2674 2673 4387
f 2672 2673 4419
f 1028 2673 2672
f 2643 4418 1053
f 4418 2674 4417
f 1053 4418 4417
f 4418 2673 2674
f 2673 4418 1054
f 1054 4418 4450
f 4418 2643 4450
f 2397 1205 4627
f 2397 4627 1227
f 1206 2397 4628
f 2397 1206 1205
f 2368 2397 1227
f 1104 4509 2549
f 1104 2581 2582
f 1104 2582 2583
f 1105 1104 2549
f 2581 1104 1105
f 1205 2426 2398
f 2426 1204 2398
f 1204 2426 4601
f 4602 2426 1205
f 2426 4602 4573
f 4510 1105 2549
f 1105 4510 2548
f 4509 1130 2549
f 1130 4510 2549
f 4510 1130 2518
f 2584 4478 2614
f 4478 2584 2583
f 4478 1078 2614
f 4479 4478 2583
f 4478 4479 1078
f 2344 1265 4675
f 1265 2317 4675
f 4624 1203 1202
f 1102 2554 2553
f 4536 2554 3087
f 2554 4448 3087
f 4448 2554 1102
f 4570 4598 2429
f 4598 2430 1202
f 2429 4598 1202
f 2427 1204 4601
f 1204 2427 4600
f 4479 1079 2613
f 1079 2612 4449
f 2613 1079 4449
f 2612 1079 4480
f 1079 2582 4480
f 1079 4479 2582
f 2449 2480 4549
f 4580 2449 1187
f 2480 2449 4580
f 2448 4550 4580
f 4550 2448 2479
f 4550 2479 2510
f 2449 4579 1187
f 4579 2449 4549
f 4515 2512 1135
f 2543 4515 1135
f 4515 2543 1109
f 2512 2513 4548
f 4548 2513 2482
f 2513 4515 1134
f 4515 2513 2512
f 2513 1159 2482
f 2481 4579 4549
f 4579 2481 2450
f 1186 2481 4548
f 2481 1186 2450
f 2511 4516 1135
f 4516 2543 1135
f 2543 4516 2542
f 2417 2447 4581
f 1189 2447 2417
f 2447 1162 4581
f 1162 2447 2478
f 4610 2417 1212
f 4610 1189 2417
f 1188 2417 4581
f 2448 1188 4581
f 4635 2389 1212
f 1230 2365 2364
f 2365 1230 4630
f 1186 4607 2450
f 4607 4579 2450
f 2221 2222 1341
f 2221 4785 1342
f 4785 2221 1341
f 2219 2202 1343
f 2455 4574 4575
f 2485 2455 4575
f 2455 2485 4544
f 4574 2455 1182
f 4603 1183 4574
f 4603 4574 1182
f 4603 1206 2424
f 2575 4486 1084
f 4485 2575 1084
f 2575 4485 1109
f 2576 2544 1109
f 2544 4515 1109
f 4515 2544 1134
f 2514 2513 1134
f 1157 2454 4545
f 2454 1157 2485
f 2485 1157 4544
f 4481 2580 1106
f 4803 1372 2153
f 2131 4833 2121
f 2131 2121 2130
f 2131 1408 2132
f 4833 2131 2132
f 2131 4829 1408
f 4833 2122 1419
f 2122 1418 2114
f 1419 2122 2114
f 2122 4833 2132
f 1409 2130 4830
f 4829 1409 4830
f 1409 2131 2130
f 2131 1409 4829
f 1384 4822 1385
f 1385 4822 4823
f 4808 2160 1380
f 2160 4808 1367
f 4807 2160 1366
f 2161 4807 1366
f 2160 4807 1380
f 4807 2161 1380
f 2208 2190 4781
f 2190 2208 2191
f 2224 2207 1339
f 2190 2207 4781
f 2207 2190 2189
f 1366 4796 2176
f 4796 2160 1367
f 2160 4796 1366
f 2205 1354 2187
f 1354 2205 4783
f 2188 4783 2206
f 2188 1354 4783
f 4784 2205 2187
f 2186 4784 2187
f 2222 4784 1341
f 2205 4784 2222
f 2205 1340 4783
f 2206 1340 2223
f 4783 1340 2206
f 1340 2205 2222
f 1340 4767 2223
f 4767 1340 2222
f 2177 1351 2192
f 1351 2177 2191
f 2208 2209 2191
f 2290 1288 4701
f 4655 2365 2366
f 2291 4699 2292
f 2316 4699 2291
f 4699 2316 4675
f 2317 4699 4675
f 4762 1321 2228
f 2249 1321 2248
f 1321 2249 2228
f 1321 2247 2248
f 2247 1321 4762
f 2293 4722 2292
f 2293 4698 1285
f 2293 4721 4722
f 4721 4720 1304
f 4721 2295 4720
f 2268 2269 4745
f 2269 1306 4745
f 2269 2268 4723
f 2292 2269 4723
f 1306 2269 2292
f 4744 1306 2270
f 1306 4744 4745
f 4744 2247 4745
f 2247 4744 2248
f 4828 1407 2132
f 1407 4827 2133
f 4827 4828 2144
f 4827 1407 4828
f 1396 4828 2143
f 4828 1396 2144
f 4822 1396 2143
f 4831 2123 2133
f 4831 1405 2115
f 2123 4831 2115
f 2204 4785 1341
f 4785 2204 2186
f 4784 2204 1341
f 2204 4784 2186
f 1333 2233 4776
f 4787 2184 1357
f 2184 4787 2202
f 2235 4773 1331
f 4773 2235 4755
f 2201 2218 1343
f 2218 2219 1343
f 1358 2169 4802
f 908 4243 2853
f 4243 908 2883
f 908 2882 2883
f 259 3956 5260
f 5224 259 3955
f 259 5224 3956
f 3947 259 5260
f 259 3947 292
f 292 5295 3938
f 5295 324 3938
f 3947 5295 292
f 5295 3947 5260
f 5395 3910 3911
f 3910 384 3911
f 413 3910 5395
f 469 5459 3892
f 5459 469 3887
f 3887 469 5488
f 441 469 3892
f 442 5429 3899
f 5429 416 3899
f 5429 442 3898
f 416 5429 3898
f 491 5513 3889
f 3885 5513 491
f 3884 5513 5540
f 5513 3885 5540
f 3888 493 5488
f 468 3888 5488
f 5513 492 3889
f 492 5513 3884
f 5427 439 5457
f 3894 5427 5457
f 413 5427 3901
f 439 5427 413
f 3895 466 3889
f 439 3895 5457
f 3900 5428 415
f 5428 441 415
f 3921 5337 3930
f 5337 332 3930
f 4180 2951 2923
f 2951 4179 2923
f 2951 2952 4179
f 2951 832 2976
f 2953 831 4152
f 2952 831 2953
f 2951 831 2952
f 4208 877 2922
f 877 4209 2891
f 2921 877 2891
f 2948 2920 856
f 2920 878 856
f 2949 4182 2948
f 4182 2920 2948
f 4182 2921 878
f 2920 4182 878
f 4210 878 2891
f 901 4210 2891
f 2919 2947 4183
f 4183 2947 2948
f 834 4156 2948
f 2947 834 2948
f 4157 834 2947
f 923 2865 4261
f 976 4322 2741
f 2771 4322 976
f 951 4294 2801
f 4318 2775 972
f 2746 4318 972
f 4290 948 2774
f 2865 4232 896
f 4232 2896 896
f 4232 923 2864
f 923 4232 2865
f 897 4232 2864
f 2896 4232 897
f 2917 4213 2887
f 880 4213 2917
f 2887 4213 904
f 2945 837 4160
f 837 2945 4186
f 837 4186 2916
f 905 837 2916
f 837 905 2193
f 5621 837 2193
f 4160 837 5621
f 2945 858 2917
f 858 880 2917
f 4185 858 2945
f 880 4185 2918
f 858 4185 880
f 4269 2797 2826
f 2797 955 2826
f 2797 4269 2827
f 4268 2797 2827
f 979 4326 2737
f 979 2737 931
f 955 979 931
f 2738 4325 4324
f 4325 2738 1003
f 2738 4354 1003
f 2739 2738 4324
f 2738 2739 4354
f 4296 2799 953
f 2799 4296 954
f 2829 2799 4267
f 952 4294 2769
f 4295 952 2769
f 4294 952 2801
f 4894 4893 1922
f 4893 1923 1922
f 1923 4893 4892
f 4893 1955 4892
f 4879 1984 1985
f 1889 4911 4928
f 1677 1889 4928
f 1889 1677 1856
f 1854 4932 1884
f 4931 1854 1884
f 1678 1854 4931
f 1853 1854 4946
f 4932 1854 1853
f 1794 4968 4969
f 4957 1794 4969
f 4967 1796 4966
f 4955 1796 4967
f 1708 4955 1795
f 4930 1887 1855
f 4930 1678 1886
f 1678 4930 1855
f 4912 4930 1886
f 1887 4930 4912
f 4943 4929 1856
f 4929 1889 1856
f 4929 1887 1888
f 4929 4943 1887
f 4911 4929 1888
f 1889 4929 4911
f 1827 4953 4954
f 1796 1827 4954
f 1827 1796 4955
f 4872 1556 1982
f 4872 4871 1556
f 4871 4872 2001
f 4872 4863 2001
f 4863 4872 1982
f 1798 4952 4965
f 4952 1799 4965
f 4953 4952 1798
f 1828 4952 4953
f 1799 4952 1829
f 4952 1828 1829
f 1927 1610 1928
f 1581 1580 1928
f 1581 1960 1580
f 1610 1581 1928
f 1966 1546 1545
f 1546 1992 1545
f 1992 1546 1520
f 1546 1547 1520
f 1576 1605 1606
f 1576 1606 1577
f 1605 1576 1575
f 1963 1576 1577
f 2012 1521 2035
f 1521 2012 1520
f 1991 1521 1520
f 1548 1991 1547
f 1549 1962 1550
f 1548 1549 1991
f 1962 1549 1963
f 1549 1548 1963
f 2075 1459 1477
f 1478 2075 1477
f 2075 1478 1479
f 2104 2103 1430
f 1444 2103 2104
f 1445 2103 1444
f 2103 1445 2102
f 4791 1346 2198
f 2214 1347 4776
f 2233 2214 4776
f 4775 2214 2233
f 4774 2235 1331
f 1332 2233 4757
f 1332 4775 2233
f 2211 1349 2194
f 2212 1349 2211
f 1348 2212 4777
f 1526 1527 2008
f 1989 1527 1526
f 1504 2031 1528
f 1503 2031 1480
f 2031 1504 1480
f 4850 2030 4857
f 1504 2030 4850
f 2030 1504 4865
f 4866 2030 4865
f 1670 1899 1669
f 1700 1670 1669
f 1898 1670 1864
f 1670 1700 1701
f 1864 1670 1701
f 1863 1702 1703
f 1863 1671 1702
f 1863 1862 1672
f 1609 1929 1580
f 1929 1609 1640
f 1609 4907 1640
f 1865 1835 1700
f 1699 1835 1865
f 1835 1699 1807
f 1728 1835 1807
f 1700 1835 1806
f 1835 1728 1806
f 1613 1925 4890
f 1925 4909 4890
f 1925 1613 4908
f 4925 1925 4908
f 4909 1925 4925
f 1924 4891 4890
f 4909 1924 4890
f 4891 1924 4910
f 1924 4926 4910
f 1924 4909 4926
f 4877 1957 4891
f 1956 4877 4891
f 1957 4877 4876
f 1955 4878 4892
f 4878 1956 4892
f 4878 4879 1985
f 4879 4878 1955
f 1986 4878 1985
f 1896 1929 1640
f 1896 1895 1929
f 1895 1896 1672
f 1896 1863 1672
f 1863 1896 1671
f 1658 1657 1873
f 1941 1940 1973
f 1940 1941 1594
f 1659 1872 1871
f 1872 1659 1658
f 1693 1841 1694
f 1841 1693 1842
f 4906 1904 1631
f 1937 1597 1936
f 1719 1814 1845
f 1814 1844 1845
f 1844 1814 1720
f 1720 1814 1748
f 1814 1719 1748
f 1688 1875 1687
f 1846 1688 1687
f 1688 1846 1845
f 1844 1688 1845
f 1876 4919 1911
f 1918 1919 1646
f 1919 1918 1614
f 1849 1714 1819
f 1684 1849 1819
f 1876 1655 1877
f 1875 4935 1687
f 4919 4935 1875
f 4935 4919 1876
f 1847 1686 1848
f 1686 4935 1876
f 1686 1847 1687
f 4935 1686 1687
f 4933 1879 1684
f 4933 1878 1653
f 1654 1878 1877
f 1655 1654 1877
f 1654 1655 4916
f 1654 4916 1653
f 1878 1654 1653
f 1903 1600 1631
f 1600 1903 1696
f 2013 1600 1696
f 1572 1600 2013
f 1403 2136 1404
f 2128 1423 1424
f 2127 2128 1424
f 2129 2128 1411
f 1423 2128 2129
f 1412 2140 1411
f 2128 1412 1411
f 1412 2128 2127
f 2140 1412 1399
f 4898 1950 1951
f 1950 4898 1614
f 1435 1436 1422
f 2112 1433 1434
f 1449 1433 1448
f 1433 2112 1448
f 2112 2111 1422
f 2111 2112 1434
f 2111 1435 1422
f 1435 2111 1434
f 2063 1490 1491
f 1996 2019 1973
f 1484 2069 1483
f 2045 1485 2046
f 2069 1485 2068
f 1485 1484 2046
f 1484 1485 2069
f 1485 1486 2068
f 1486 1485 2045
f 1690 1872 1873
f 1872 1690 1691
f 1690 1843 1691
f 71 5025 5024
f 5025 71 3823
f 5025 3824 5024
f 3824 5025 34
f 5025 3823 34
f 70 3790 5062
f 3790 5100 5062
f 5099 3791 5098
f 3791 106 5098
f 5138 144 5098
f 144 3756 5098
f 3756 144 5099
f 3754 5140 146
f 3754 5100 5140
f 5101 3754 146
f 3754 5101 108
f 5100 3754 108
f 5103 5104 3786
f 110 5103 3786
f 5103 110 5102
f 3752 5103 5102
f 5101 5063 108
f 3788 5063 5101
f 108 5063 3789
f 5063 3788 71
f 5063 5062 3789
f 5063 70 5062
f 5063 71 70
f 109 3788 5101
f 109 3753 5102
f 109 5101 3753
f 3788 109 5064
f 3787 109 5102
f 109 3787 5064
f 3626 3657 247
f 3626 5245 3625
f 5245 3626 247
f 3656 3626 3625
f 3626 3656 3657
f 311 5279 3567
f 5279 311 3566
f 5278 310 3567
f 278 5278 3567
f 5278 278 3597
f 277 5278 3597
f 3689 5212 216
f 5212 3689 215
f 5212 3654 216
f 5249 5248 3593
f 5248 3594 3593
f 3594 5248 3623
f 249 3623 3654
f 3684 3685 5216
f 219 3684 5216
f 5217 3684 219
f 5140 3719 146
f 3720 3719 5140
f 3719 3720 182
f 5178 3719 182
f 150 3749 5145
f 3749 149 5145
f 149 3749 5105
f 3749 150 5106
f 5105 3749 5106
f 5105 3784 5067
f 3784 5068 74
f 5067 3784 74
f 1771 1789 1741
f 1742 1789 1771
f 1741 1789 1713
f 1789 1742 1788
f 1850 1851 1712
f 1851 1821 1712
f 4947 1851 1680
f 1821 1851 4947
f 1739 1822 1791
f 1739 1790 1822
f 1790 1739 1773
f 1739 1774 1773
f 1774 1739 1791
f 1771 1772 1773
f 1772 1771 1741
f 1712 1740 1741
f 1740 1772 1741
f 1821 1740 1712
f 1740 1821 1790
f 1740 1790 1773
f 1772 1740 1773
f 1790 1711 1822
f 1821 1711 1790
f 1822 1711 4947
f 1711 1821 4947
f 1363 1364 2193
f 1364 1363 2162
f 1364 1379 2193
f 1379 1364 2162
f 578 3259 3288
f 3259 5616 3258
f 3287 5589 3288
f 555 5589 3316
f 5589 555 3288
f 579 3287 3258
f 3286 579 3257
f 579 3286 3287
f 3257 5618 580
f 5482 5453 462
f 5482 3393 5453
f 3393 5482 488
f 5482 3368 488
f 3395 461 5480
f 461 5452 5451
f 461 3395 5452
f 3421 461 5451
f 461 3421 5450
f 5620 582 3255
f 1002 2739 4353
f 2739 1002 4354
f 1027 1002 4353
f 2740 4323 976
f 4323 2739 977
f 2739 4323 2740
f 976 4323 2770
f 4323 977 2770
f 4354 2707 2706
f 2706 2707 4384
f 1002 2707 4354
f 2707 1002 1027
f 2707 4383 4384
f 2707 1027 4383
f 4382 4381 2676
f 2676 4381 2677
f 4381 1025 2677
f 2831 4264 2801
f 4264 925 2832
f 4237 2860 927
f 2950 854 2922
f 854 2950 832
f 2951 854 832
f 854 2951 4180
f 4207 876 2923
f 876 4180 2923
f 876 854 4180
f 876 4208 2922
f 854 876 2922
f 4445 2646 1076
f 2646 4444 1076
f 2646 4414 1049
f 2646 4445 4414
f 2585 1100 2555
f 1100 2585 4475
f 1048 4412 2679
f 4412 1048 2647
f 2616 1075 4443
f 2616 1074 4475
f 1074 2616 4443
f 2616 4475 4476
f 1075 2616 4476
f 4444 2615 1076
f 1075 2615 4444
f 1076 2615 4476
f 2615 1075 4476
f 4378 1023 2713
f 1023 4348 2713
f 1023 2679 2712
f 1023 4378 2679
f 2679 4379 2712
f 2710 1025 4351
f 2710 4380 1025
f 2049 1482 4852
f 1482 2071 4852
f 4844 4848 4845
f 2071 4848 4844
f 4848 2070 4845
f 3548 5339 3547
f 3519 5339 3548
f 364 3519 3493
f 3492 364 3493
f 3518 364 3492
f 364 5339 3519
f 364 3518 5340
f 5339 364 3547
f 3547 364 336
f 364 5340 336
f 3489 3490 5374
f 5374 5373 394
f 3490 5373 5374
f 394 5373 3466
f 3466 5373 5372
f 5373 3491 5372
f 5373 3490 3491
f 5342 339 3544
f 339 5342 3543
f 3193 5681 3165
f 717 3112 5731
f 4026 3112 717
f 4039 717 3073
f 4039 4026 717
f 4039 3073 758
f 629 5651 3224
f 5651 629 3223
f 5651 5622 3224
f 5622 5651 3223
f 3222 630 5680
f 630 3195 5680
f 3221 607 5653
f 3221 5624 607
f 5624 3251 583
f 5595 3251 584
f 3251 608 584
f 3251 5624 608
f 3251 5595 5594
f 583 3251 5594
f 3656 3655 215
f 248 3655 3656
f 3655 248 3624
f 3655 5212 215
f 249 3655 3624
f 5212 3655 3654
f 3655 249 3654
f 3563 5317 314
f 5282 5317 3563
f 5317 345 314
f 345 5317 3536
f 3540 5346 342
f 5310 338 3544
f 339 5310 3544
f 338 5310 307
f 5274 275 3601
f 5274 3601 274
f 307 5274 3572
f 5274 5273 3572
f 5273 5274 274
f 275 3571 5275
f 5310 3571 307
f 3571 5274 307
f 5274 3571 275
f 5313 341 3540
f 341 310 3541
f 341 5313 310
f 5343 3542 3543
f 3569 277 5276
f 277 3569 5277
f 3415 446 5432
f 446 3440 5432
f 446 3439 3440
f 3439 446 5433
f 54 3810 3809
f 3810 91 3809
f 5043 3810 54
f 91 3774 5082
f 3774 5122 5082
f 5122 3774 130
f 3845 53 5005
f 16 3845 3871
f 17 3845 5005
f 3845 17 3871
f 3812 5042 51
f 3845 52 53
f 51 52 3846
f 5042 52 51
f 90 3810 5043
f 3810 90 91
f 53 90 5043
f 52 90 53
f 3776 5120 129
f 203 5197 3705
f 5197 203 3670
f 5197 3704 3705
f 3704 166 3705
f 3704 167 166
f 3704 5197 204
f 167 3704 5159
f 5159 3704 5198
f 3704 204 5198
f 3742 5119 126
f 3742 126 5118
f 3743 3742 5118
f 5120 3741 166
f 3741 5158 166
f 3742 3741 5119
f 5270 304 5271
f 272 5270 5271
f 271 5270 3605
f 5270 272 3605
f 5270 271 3577
f 242 3632 3663
f 5202 3666 3665
f 3700 5202 3699
f 5237 3635 3605
f 3635 5236 3605
f 5236 3635 240
f 3635 3666 240
f 3666 3635 3665
f 5238 3634 3604
f 3634 5237 3604
f 206 3667 5201
f 206 5200 3667
f 5200 3702 205
f 169 3702 5162
f 3702 169 3703
f 3702 3703 5199
f 205 3702 5199
f 5128 136 3767
f 136 5128 5129
f 5166 172 3698
f 172 5166 3732
f 5167 5166 3698
f 5166 5167 3732
f 172 5165 3699
f 5165 171 3699
f 3549 5338 334
f 3549 333 5338
f 134 3770 5125
f 134 5086 3770
f 3735 134 5125
f 5126 134 3735
f 3768 5126 3734
f 3839 58 5010
f 5047 58 5009
f 58 3839 5009
f 59 3804 5049
f 3804 5086 5049
f 3804 96 5086
f 59 60 5011
f 3836 60 5051
f 62 5052 3800
f 137 5129 5130
f 61 3836 5051
f 61 5052 3835
f 5013 61 3835
f 61 5013 3836
f 24 3862 3863
f 3836 24 3863
f 5013 24 3836
f 3862 24 3835
f 24 5013 3835
f 3866 4990 4989
f 21 3866 4989
f 3866 21 4990
f 22 3838 5011
f 3838 22 5010
f 3838 59 5011
f 59 3838 5010
f 22 3865 5010
f 3865 21 5010
f 21 3865 4990
f 4990 3865 4991
f 3865 22 4991
f 3858 28 3857
f 5017 28 3858
f 3732 3731 5129
f 5167 3731 3732
f 5129 3731 5130
f 138 5131 3763
f 5168 3697 3696
f 174 5168 3696
f 30 5020 3828
f 3829 3856 29
f 3829 30 3856
f 5020 3829 66
f 3829 5020 30
f 103 3796 5094
f 3796 103 5057
f 5090 100 3800
f 5170 3694 176
f 3728 5170 176
f 5132 3728 5133
f 5093 3761 5094
f 5060 5022 68
f 3791 5060 106
f 5022 5060 3826
f 3794 5058 66
f 5137 3723 5138
f 5060 3792 106
f 3792 5060 68
f 3758 5137 143
f 3725 3726 5172
f 178 3725 5172
f 3725 178 5173
f 3691 178 5172
f 178 3691 5173
f 5171 3727 176
f 5289 3557 319
f 3559 5286 317
f 5286 3559 285
f 375 3479 3504
f 3588 5286 285
f 5286 3588 284
f 3587 3588 285
f 3588 3589 284
f 3589 3588 5253
f 5253 3588 5254
f 3588 3587 5254
f 3590 3591 283
f 3590 5251 3591
f 3619 3650 5251
f 3590 3619 5251
f 3619 3590 3589
f 5285 3560 284
f 3589 5285 284
f 5285 3590 283
f 3590 5285 3589
f 3324 3323 5555
f 5606 3269 570
f 3269 3298 570
f 593 3270 5605
f 5606 3270 593
f 3270 5606 570
f 3270 569 5605
f 3299 3270 570
f 569 3270 3299
f 3326 5552 3327
f 3326 5553 5552
f 3378 503 5500
f 3378 5499 5526
f 503 3378 5526
f 3404 3379 5499
f 454 3404 5443
f 3404 454 5471
f 5584 3321 551
f 5611 575 3264
f 3586 287 3585
f 3557 287 3586
f 287 3557 5289
f 5324 351 320
f 350 5324 319
f 289 5291 3554
f 5290 3555 288
f 3555 5290 320
f 5290 3584 3585
f 3584 5290 288
f 287 5290 3585
f 352 3526 5327
f 322 352 5327
f 5326 352 322
f 321 3555 5325
f 5326 321 5325
f 321 5326 3554
f 5291 321 3554
f 3555 321 288
f 321 5291 288
f 3615 256 3646
f 3615 3586 3585
f 3615 5255 3586
f 377 5386 3476
f 3476 5386 405
f 5386 3452 405
f 3479 5384 3504
f 5384 3454 403
f 3454 5384 5383
f 5384 3479 5383
f 5324 3529 351
f 3529 5324 350
f 3529 5357 351
f 5357 3529 378
f 5308 337 306
f 3573 5308 306
f 5308 3574 336
f 5308 3573 3574
f 5207 3694 211
f 3661 5207 211
f 5207 3661 3660
f 3660 3629 245
f 3629 5242 245
f 3629 3661 3630
f 3661 3629 3660
f 3629 3630 3600
f 5242 3629 3600
f 3658 3627 247
f 3628 245 3599
f 3662 3661 5206
f 3662 5205 3663
f 158 5151 3977
f 5151 157 3977
f 5151 158 3985
f 157 5151 3985
f 157 3986 5150
f 5112 3986 3985
f 3986 157 3985
f 5150 3986 3987
f 3986 5111 3987
f 5188 193 3979
f 194 193 3969
f 3978 157 5150
f 3978 193 194
f 157 3978 3977
f 3978 5150 3979
f 193 3978 3979
f 3960 229 3969
f 3981 3980 154
f 191 3980 3981
f 3980 5149 154
f 5149 3980 3979
f 5225 227 226
f 227 5225 3954
f 5186 3981 190
f 5186 191 3981
f 5040 3814 87
f 5001 12 3850
f 12 5001 3849
f 12 13 4981
f 13 12 3849
f 3815 5039 85
f 5039 3816 85
f 3275 5601 566
f 3304 3275 566
f 589 3275 5600
f 3275 589 5601
f 3335 5544 3336
f 5544 5543 3336
f 540 3335 3336
f 3335 540 3306
f 5572 3335 3306
f 5572 3334 3335
f 3334 5572 541
f 3305 5572 3306
f 5572 3305 541
f 3329 5576 545
f 5576 3301 545
f 5576 544 3302
f 3301 5576 3302
f 543 5575 3331
f 5574 543 3332
f 543 3331 3332
f 543 5574 3303
f 5575 543 3303
f 5442 3405 5471
f 373 3481 3507
f 3483 372 3509
f 5546 3334 3333
f 5411 5412 3457
f 5412 401 3457
f 401 5412 3456
f 3513 5345 3541
f 5345 3513 369
f 5345 341 3541
f 341 5345 3540
f 3484 371 3510
f 371 3484 3509
f 3379 5498 502
f 429 3429 5443
f 3429 429 5414
f 3429 454 5443
f 3429 5442 454
f 5412 5413 3456
f 5413 3429 5414
f 3454 5413 5414
f 5351 3535 3507
f 3535 5351 346
f 345 3535 5318
f 3535 315 5318
f 315 3535 346
f 3562 5283 5318
f 315 3562 5318
f 5283 3562 282
f 5352 3533 347
f 3534 5352 347
f 5352 3534 374
f 5570 3308 3307
f 5570 540 3336
f 3308 3279 563
f 3278 3279 5597
f 3279 3278 563
f 561 3309 3310
f 3309 538 3310
f 3309 561 3280
f 472 5489 3388
f 517 3337 3336
f 5543 517 3336
f 517 538 3337
f 517 3389 5461
f 538 517 5461
f 5516 517 5543
f 3388 5516 495
f 5489 5516 3388
f 5516 5489 3389
f 517 5516 3389
f 635 5658 3216
f 635 3188 5658
f 3189 635 3216
f 3188 5686 3160
f 635 5686 3188
f 5686 635 3189
f 611 5657 3216
f 5657 3189 3216
f 5628 5657 611
f 5710 680 3135
f 680 5710 3163
f 3163 5683 3164
f 632 608 5654
f 632 5625 608
f 5682 632 5654
f 5392 5393 3470
f 410 5392 3445
f 5393 5392 410
f 5392 3446 3445
f 3446 5392 409
f 5392 3471 409
f 3471 5392 3470
f 5563 533 3315
f 488 5509 3367
f 3368 5509 488
f 5507 3395 5480
f 509 5533 3345
f 3286 5590 3287
f 5590 557 3315
f 5590 3286 557
f 513 3340 5539
f 3340 535 5539
f 535 3340 5565
f 535 5565 3313
f 5565 3314 3313
f 557 3314 3315
f 3396 5450 460
f 3396 461 5450
f 461 3396 5480
f 3371 485 5505
f 485 5478 5505
f 485 3397 5478
f 484 5477 3399
f 3398 5477 484
f 5477 5448 3399
f 3175 3147 5699
f 5671 3175 5699
f 3175 5671 3203
f 622 5642 3233
f 5642 622 3202
f 5608 3236 5609
f 5670 621 3204
f 621 5670 3203
f 647 3201 5700
f 3201 5672 5700
f 5672 646 3174
f 5671 646 3202
f 646 5642 3202
f 646 5699 3174
f 646 5671 5699
f 3200 5643 647
f 5673 3200 647
f 3200 5673 648
f 3265 573 5609
f 574 5610 3264
f 5610 574 3265
f 527 3323 5556
f 3323 527 5555
f 3350 527 5556
f 527 3350 5555
f 3323 550 5583
f 3324 5554 3325
f 3326 525 5553
f 5554 525 3325
f 525 5554 3352
f 5553 525 3353
f 525 3352 3353
f 5527 5554 3351
f 5554 5527 3352
f 3377 5527 504
f 3352 5527 503
f 503 5527 5500
f 5527 3377 5500
f 5604 591 3241
f 3242 591 5603
f 5577 546 3328
f 546 5578 3328
f 546 5577 3300
f 5578 546 3300
f 3271 592 5605
f 592 3271 5604
f 569 3271 5605
f 3271 569 3300
f 3301 3271 3300
f 591 3272 5603
f 3272 591 5604
f 3400 5447 457
f 5447 3400 5476
f 3373 5531 507
f 3373 5504 5531
f 3373 507 5505
f 484 3373 5505
f 5504 3373 484
f 5503 3374 506
f 5504 5503 506
f 5503 5504 3399
f 505 5528 3350
f 3350 5528 3351
f 504 5528 5501
f 5528 5527 3351
f 5527 5528 504
f 481 3402 5473
f 5474 3402 481
f 3402 5474 456
f 5444 3402 456
f 5473 3402 5444
f 757 5765 3048
f 3146 3145 5700
f 3025 4107 794
f 4107 3025 775
f 5765 4062 3048
f 4109 795 4133
f 795 2999 4133
f 3024 795 4109
f 2999 795 4132
f 2974 833 2949
f 833 2974 4155
f 2950 833 4155
f 832 4154 2976
f 2975 4154 832
f 4154 813 2976
f 4154 2975 813
f 833 4181 2949
f 4181 833 2950
f 4181 2950 2922
f 877 4181 2922
f 4181 877 2921
f 4105 792 3002
f 4104 792 4105
f 4105 774 3028
f 4130 793 3002
f 812 4130 3002
f 793 4130 3001
f 4130 812 3001
f 2926 873 2896
f 873 4203 2897
f 3006 4126 790
f 4126 3006 808
f 2981 4126 808
f 4148 2981 808
f 4083 3051 4082
f 4083 3026 775
f 3026 4083 4082
f 3025 4083 775
f 733 5760 4057
f 753 733 4058
f 5750 3118 693
f 3094 5759 732
f 5749 3094 732
f 2982 4148 808
f 4147 2982 2983
f 2982 4147 4148
f 3006 4125 808
f 4125 2982 808
f 2982 4125 3007
f 773 4080 3029
f 3053 733 4057
f 733 3053 4058
f 4080 3053 4057
f 3053 4080 773
f 4102 3006 790
f 3006 4102 4101
f 4145 2961 825
f 3010 4122 4098
f 786 3010 4098
f 3010 805 4122
f 805 3010 4121
f 3010 786 4121
f 806 3009 4122
f 805 2985 4122
f 2985 806 4122
f 4145 2985 805
f 2985 4145 806
f 845 2962 2934
f 2962 845 4170
f 824 2962 4170
f 4144 824 2961
f 780 3018 4115
f 780 3043 4090
f 3042 4092 4068
f 4093 3041 4092
f 3041 763 4092
f 763 3041 4069
f 4142 4141 822
f 2963 4142 822
f 4141 4142 2989
f 5667 643 3206
f 5667 5695 643
f 618 3238 5636
f 3208 618 5636
f 5666 3208 3180
f 5666 618 3208
f 5737 3131 683
f 4032 3106 722
f 3187 661 3159
f 3187 5687 661
f 5687 3187 636
f 3214 5659 636
f 3187 3214 636
f 3214 3187 5688
f 5659 3214 5630
f 5669 644 5697
f 3177 669 5697
f 644 3177 5697
f 5668 3178 5696
f 3178 5668 643
f 3032 770 4100
f 3058 770 3057
f 4078 3032 771
f 4054 4078 3056
f 4078 4055 3056
f 4078 771 4055
f 3147 692 5725
f 5746 3122 690
f 3122 5722 690
f 5722 3150 690
f 5721 3123 690
f 3150 5721 690
f 3097 5756 729
f 5745 5756 3097
f 3123 5745 5746
f 4099 3035 4098
f 3034 3035 4099
f 827 4147 2958
f 4147 827 4148
f 4148 827 2957
f 2897 4231 896
f 4231 2865 896
f 895 4230 2866
f 4231 895 2866
f 4203 895 2897
f 895 4231 2897
f 2867 2868 4259
f 2867 4229 2868
f 2868 920 4259
f 920 2838 4259
f 2902 4226 892
f 891 4226 2902
f 3964 5224 3955
f 5224 3964 225
f 5225 3964 3955
f 3964 226 225
f 3964 5225 226
f 189 3982 5185
f 3982 189 190
f 189 3973 190
f 3965 5224 225
f 3973 3965 225
f 5224 3965 3956
f 3956 3965 5260
f 3965 5295 5260
f 5295 3965 324
f 3580 301 5268
f 268 3580 5268
f 333 3580 300
f 3580 333 301
f 3641 5231 3610
f 233 5231 3641
f 5231 233 3642
f 3948 5231 3642
f 5231 3948 3610
f 5189 195 3977
f 3978 5189 3977
f 5189 3978 194
f 5113 119 3985
f 3993 119 5113
f 119 5112 3985
f 5112 119 3994
f 3994 119 5073
f 119 3993 5073
f 3746 5116 123
f 5115 3746 123
f 162 3746 161
f 5116 3746 162
f 3746 5154 161
f 3746 5115 5154
f 5116 3781 123
f 3781 5076 123
f 85 3781 5077
f 5076 3781 85
f 5117 124 3745
f 124 5116 3745
f 125 124 5117
f 124 3781 5116
f 5115 122 3747
f 122 5115 3782
f 5075 122 3782
f 4002 5034 79
f 4003 5034 42
f 5034 4003 79
f 5034 4002 43
f 4996 5034 43
f 5034 4996 42
f 80 5035 43
f 4002 80 43
f 80 4001 5035
f 4001 80 5073
f 80 3994 5073
f 80 4002 3994
f 3905 388 5399
f 298 331 3940
f 5265 298 3940
f 298 5300 331
f 264 5265 3950
f 4163 840 2969
f 840 2968 2969
f 2940 840 862
f 840 4163 862
f 4164 840 2940
f 2968 840 4164
f 2969 818 2994
f 2968 818 2969
f 4137 818 2968
f 818 2993 2994
f 2993 818 4137
f 819 4137 2968
f 819 2968 2967
f 779 3019 4089
f 779 4088 3020
f 4088 779 4089
f 4114 3019 2994
f 2993 4114 2994
f 780 4114 3018
f 3019 4114 4090
f 4114 780 4090
f 1012 4336 2726
f 1012 2725 4336
f 2725 1012 4366
f 2724 1014 4338
f 1039 2658 4402
f 4461 2601 1088
f 2692 1038 4400
f 1038 2692 4399
f 1038 2660 4400
f 1014 2691 4368
f 2691 2692 4400
f 1039 2691 4400
f 963 2757 988
f 2757 2758 987
f 4336 2757 987
f 2757 4337 988
f 4337 2757 4336
f 2872 4224 916
f 4224 2872 4225
f 2872 916 4254
f 2874 4222 2875
f 4222 2874 888
f 4252 2874 2875
f 2874 4252 915
f 915 4252 2844
f 4252 2814 2844
f 2814 4252 2815
f 965 2785 4309
f 938 2818 4278
f 4279 938 2786
f 2818 2817 2847
f 938 2817 2818
f 2817 938 4279
f 2901 869 4199
f 2901 4199 892
f 4227 2901 892
f 2901 4227 2869
f 2901 893 4200
f 893 2901 2869
f 894 4202 2899
f 894 4230 4202
f 2867 894 4229
f 894 2867 4230
f 4228 893 2869
f 4228 920 2868
f 920 4228 2869
f 2843 2813 4254
f 2813 2812 4254
f 2812 2813 942
f 2814 4253 2844
f 4253 915 2844
f 2813 4253 2814
f 4253 2813 2843
f 4253 2843 916
f 2722 4340 990
f 1015 2722 4339
f 2722 990 4339
f 2722 1015 4369
f 4340 2722 4369
f 2656 1041 2657
f 1041 2656 4404
f 2688 1041 4404
f 4312 966 2752
f 966 4312 2783
f 4370 2720 1016
f 2720 4370 2688
f 2721 4370 1016
f 991 4341 2752
f 4340 991 2753
f 2721 991 4340
f 4341 991 2721
f 2775 2776 972
f 2776 2775 947
f 2776 2777 971
f 2807 947 4289
f 4288 2808 946
f 4288 2776 947
f 2807 4288 947
f 4288 2807 2808
f 2777 4288 946
f 2776 4288 2777
f 2839 920 2869
f 4287 2777 946
f 2777 4287 2778
f 4287 945 2778
f 4440 4439 2620
f 4439 4440 2651
f 4439 4408 2652
f 4408 4439 2651
f 2682 4377 4376
f 2682 4376 2683
f 1046 4409 2650
f 4409 4440 2650
f 4440 4409 2651
f 2682 4409 1046
f 4317 2746 972
f 2776 4317 972
f 4317 2776 971
f 4316 2777 2778
f 2777 4316 971
f 721 4043 3068
f 4030 4043 721
f 4043 4066 3068
f 740 720 4042
f 720 740 4030
f 740 4043 4030
f 3069 740 4042
f 740 3069 4066
f 4043 740 4066
f 4029 700 3109
f 700 4029 720
f 720 4029 739
f 4029 4028 739
f 4029 3109 4028
f 4276 4277 2820
f 2788 4277 4276
f 4277 2787 4278
f 2787 4277 2788
f 938 2787 2786
f 2787 938 4278
f 2787 4308 2786
f 2787 963 4308
f 4335 986 4334
f 986 4335 2759
f 4334 986 2760
f 2760 986 4305
f 986 2759 4305
f 2876 4221 887
f 4222 4221 2875
f 4221 914 2875
f 4221 2876 914
f 4221 4222 4194
f 2908 4221 4194
f 4221 2908 887
f 2846 2816 4251
f 2876 2846 4251
f 885 4219 2910
f 4219 886 2910
f 4219 2877 886
f 913 2876 4220
f 2877 913 4220
f 913 2877 2847
f 913 2846 2876
f 2882 4216 4215
f 3044 760 4089
f 760 3045 4089
f 760 3044 4066
f 760 4066 4065
f 3045 760 4088
f 4064 760 4065
f 4088 760 4064
f 4564 2464 1174
f 2464 4564 2434
f 2464 4565 1174
f 2464 2434 2404
f 4565 2464 2404
f 1149 4531 1174
f 4564 4531 1148
f 4531 4564 1174
f 2526 4531 1149
f 4531 2527 1148
f 4531 2526 1123
f 2527 4531 1123
f 2496 4564 1148
f 2496 1173 4564
f 2497 2496 1147
f 1199 2434 2465
f 2434 1199 2404
f 4530 2528 1147
f 2527 4530 1148
f 2528 4530 1122
f 4530 2527 1122
f 2496 4530 1147
f 4530 2496 1148
f 2556 2524 2555
f 1098 4503 2588
f 4503 2556 1099
f 4438 2621 2652
f 2621 4470 2590
f 4469 4470 2622
f 4470 4469 2591
f 4501 1097 2590
f 2589 1097 4501
f 1097 4471 2590
f 1097 2589 4471
f 4312 2782 2783
f 993 2750 4313
f 2750 4344 994
f 4344 2750 993
f 4437 2654 1069
f 2654 4436 1069
f 1198 4592 2406
f 4529 2528 1121
f 2529 4529 1121
f 2528 4529 1147
f 4529 2497 1147
f 2497 4529 2498
f 1096 4500 2590
f 4500 1096 2591
f 4470 1096 2590
f 1096 4470 2591
f 2560 2528 1122
f 2528 2560 1121
f 2559 2560 1122
f 4500 2560 2559
f 2405 4621 1198
f 4621 2405 1221
f 2405 1198 2406
f 1221 2405 2406
f 1219 2409 2381
f 4643 1219 2381
f 4644 1241 2350
f 1242 4644 2350
f 4663 2327 1257
f 2355 2326 1258
f 1280 2325 1258
f 2326 4692 1258
f 4692 1280 1258
f 4692 1279 2299
f 1279 4692 2326
f 2229 1335 2211
f 2232 1333 4777
f 1320 2229 2251
f 4716 2298 1280
f 4716 4692 2299
f 4692 4716 1280
f 4666 2325 1259
f 2325 4666 2354
f 1239 2353 2352
f 2353 4667 2352
f 2354 2353 1239
f 4666 2353 2354
f 4667 2353 1259
f 2353 4666 1259
f 2355 4639 1237
f 4660 1254 2359
f 1277 2329 4688
f 1277 4689 2329
f 1236 4638 2386
f 4637 1236 2387
f 4637 2358 1236
f 2358 1235 2359
f 1235 4637 2388
f 4637 1235 2358
f 4662 2358 2329
f 2358 4662 2357
f 2358 1255 2329
f 2329 1255 4688
f 1255 2330 4688
f 4638 2356 1237
f 2356 4638 1236
f 2356 4663 1257
f 2356 1236 2357
f 4663 2356 2357
f 2356 2355 1237
f 1238 2354 1239
f 2383 1238 1239
f 1238 2355 2354
f 4639 1238 2384
f 1238 4639 2355
f 4641 1239 2382
f 4641 2383 1239
f 1217 4641 2382
f 2383 4641 1217
f 2751 993 4313
f 1017 2720 4371
f 2719 1017 4371
f 4372 2719 2687
f 2686 4372 2687
f 2719 4372 1018
f 1058 4455 2637
f 4423 1058 2668
f 1058 4424 2668
f 1058 4456 4424
f 4456 1058 2637
f 2669 1057 4423
f 1057 2669 4422
f 2638 4454 2607
f 4455 2638 2607
f 2638 1057 4454
f 1058 2638 4455
f 2638 1058 4423
f 1057 2638 4423
f 2636 4457 1059
f 4424 2636 1059
f 4456 2636 4424
f 1137 4517 2510
f 2541 4517 1137
f 4517 2541 2542
f 1110 2543 2542
f 2575 1110 4486
f 2543 1110 1109
f 1110 2575 1109
f 2541 1111 2542
f 1111 1110 2542
f 1111 2572 4488
f 2572 1111 1112
f 1086 2604 4488
f 4458 2604 1086
f 4457 2604 2635
f 2604 4458 2635
f 4486 2605 1084
f 2605 4456 1084
f 2636 2605 4457
f 2605 2636 4456
f 1163 4552 2509
f 1163 4582 2446
f 4582 1163 2478
f 2447 4582 2478
f 4582 2447 1189
f 4335 1011 2727
f 1011 4335 4334
f 1011 2694 2727
f 2694 1011 4364
f 4364 2728 4363
f 2728 4334 985
f 2728 1011 4334
f 1011 2728 4364
f 4365 2726 2727
f 2694 4365 2727
f 4365 1012 2726
f 2665 2696 4395
f 4396 2696 2665
f 4362 2696 4363
f 2696 2695 4363
f 2696 4396 2695
f 4436 2624 4468
f 2624 4436 1068
f 4464 2628 4463
f 2538 2537 1114
f 4518 1138 2540
f 1138 4518 2509
f 1138 4552 2508
f 4552 1138 2509
f 2539 1113 2571
f 1113 2539 2538
f 2571 1087 4489
f 1140 2537 4521
f 2569 4491 1114
f 4493 1090 2568
f 4492 1090 2599
f 1090 4492 2568
f 1091 2596 4464
f 2597 4464 4463
f 2597 1091 4464
f 1091 2597 4494
f 4492 1115 2568
f 1115 2569 1114
f 2569 1115 4492
f 2537 1115 1114
f 1115 2537 2536
f 4720 2272 1304
f 2272 4742 1304
f 4742 2272 1303
f 2272 4719 1303
f 2272 4720 4719
f 4424 4393 2668
f 4393 1032 2668
f 1032 4393 2699
f 4393 2698 2699
f 2697 4362 1009
f 2697 1034 4395
f 2696 2697 4395
f 2697 2696 4362
f 2701 4391 1031
f 4391 2669 1031
f 4391 1030 2670
f 1030 4391 2701
f 4422 4391 2670
f 2669 4391 4422
f 4392 2700 1031
f 2700 4392 1032
f 1032 4392 2668
f 4392 4423 2668
f 2669 4392 1031
f 4392 2669 4423
f 1007 4330 2733
f 4330 4329 2733
f 932 4242 906
f 2796 4270 906
f 2795 4270 2796
f 4270 932 906
f 1054 4451 4419
f 4451 2641 4419
f 4451 1054 2642
f 4451 2642 2611
f 4390 1030 2702
f 1030 4390 2671
f 1029 4390 2702
f 4390 1029 2671
f 1006 2734 4358
f 2734 1006 4329
f 4329 1006 2733
f 1006 2701 2733
f 2701 1006 4358
f 4328 2735 1005
f 4328 981 2766
f 4328 2734 4329
f 981 4328 4329
f 4357 2703 2702
f 4358 4357 2702
f 2734 4357 4358
f 4357 4328 1005
f 4328 4357 2734
f 2703 4357 4356
f 4357 1005 4356
f 961 2790 4305
f 2790 960 4305
f 2790 961 2789
f 2729 4362 4363
f 4362 2729 1009
f 2762 958 4302
f 958 2762 4303
f 4332 2730 1009
f 2730 4332 2731
f 1008 4360 2699
f 2700 4360 1007
f 4360 2700 2699
f 1008 4361 2731
f 4361 2730 2731
f 2698 4361 2699
f 4361 1008 2699
f 2730 4361 1009
f 4361 2697 1009
f 2697 4361 2698
f 3082 4477 4447
f 4477 3080 4447
f 3080 4477 3081
f 4477 1077 3081
f 4477 3082 1077
f 2395 2365 4630
f 2397 1228 4628
f 2367 1228 2368
f 1228 2397 2368
f 4653 2367 2368
f 2427 1180 4600
f 1180 2427 4572
f 2426 1181 4601
f 1181 2426 4573
f 2487 1181 4573
f 1103 1104 2583
f 2584 1103 2583
f 2456 4602 1182
f 4602 2456 4573
f 2456 2487 4573
f 1155 2518 4542
f 1155 2487 2518
f 1155 1181 2487
f 2347 2346 4646
f 4695 1262 2321
f 2320 1283 4696
f 1283 2320 4695
f 2320 1262 4695
f 1224 1223 2376
f 2401 4624 1202
f 2372 2401 4623
f 2430 2402 1202
f 2402 2401 1202
f 2401 2402 4623
f 2402 2403 4623
f 2403 4597 2431
f 4597 2402 2430
f 4597 2403 2402
f 2316 2343 4675
f 2343 2344 4675
f 4599 2429 1202
f 1203 4599 1202
f 4537 4536 2494
f 2490 2491 4570
f 4506 1102 2553
f 1127 4506 2553
f 4538 2523 1151
f 2523 1127 2553
f 1127 2523 2522
f 4598 1178 2430
f 1178 4597 2430
f 1161 2480 4580
f 4550 1161 4580
f 1161 4550 2511
f 2480 1161 4549
f 1161 2511 4549
f 4579 2419 1187
f 2419 4608 1187
f 4608 2419 1210
f 2419 4607 1210
f 4607 2419 4579
f 2512 1160 4549
f 1160 2481 4549
f 1160 2512 4548
f 2481 1160 4548
f 4610 2416 1189
f 2416 4582 1189
f 2417 4609 1212
f 4609 1211 1212
f 1188 4609 2417
f 2390 4635 1212
f 1211 2390 1212
f 2389 4636 1212
f 4636 2389 2359
f 4636 4610 1212
f 4636 2416 4610
f 4636 1235 2388
f 1235 4636 2359
f 2389 1234 2359
f 4660 1234 2360
f 1234 4660 2359
f 1234 2389 4635
f 1234 2390 2360
f 2390 1234 4635
f 4578 2482 2451
f 4578 4548 2482
f 4578 1186 4548
f 1159 4577 2451
f 4631 1230 2364
f 4577 1185 2451
f 1185 4577 2452
f 4632 1209 2393
f 1209 4632 2392
f 1326 4767 2222
f 1326 2242 4767
f 2221 4768 2222
f 4768 1326 2222
f 1326 4768 2241
f 1313 2237 2260
f 1083 4485 2607
f 4485 1083 2576
f 4454 1083 2607
f 2608 1083 4454
f 2639 2608 4454
f 2639 4421 1056
f 1057 2639 4454
f 2639 1057 4422
f 2639 4422 2670
f 4421 2639 2670
f 4452 2640 1055
f 2640 4420 1055
f 2671 2640 1056
f 4420 2640 2671
f 2486 2455 4544
f 2517 2486 4544
f 4602 2425 1182
f 2425 4603 1182
f 4603 2425 1206
f 1206 2425 1205
f 2425 4602 1205
f 2544 4514 1134
f 4514 2514 1134
f 2514 4514 2545
f 2513 4547 1159
f 2514 4547 2513
f 1133 2545 4513
f 1133 2514 2545
f 2514 1133 4546
f 2612 1080 2611
f 1080 2612 4480
f 2580 1080 4480
f 4481 1080 2580
f 2516 1157 4545
f 1157 2516 4544
f 2516 2517 4544
f 2547 1132 4512
f 4813 1385 2153
f 1372 4813 2153
f 4816 2151 1387
f 1387 2151 4815
f 2151 1373 4815
f 2165 1361 2179
f 2165 1375 4806
f 1361 2165 4806
f 1373 4804 2167
f 2166 4804 1373
f 4804 2181 2167
f 4832 2122 2132
f 1407 4832 2132
f 4832 1407 2133
f 2123 4832 2133
f 4832 2123 1418
f 2122 4832 1418
f 4829 1397 2143
f 1397 4822 2143
f 1397 4829 2142
f 1397 2142 4823
f 4822 1397 4823
f 4825 2148 1405
f 2161 2148 1380
f 2148 2161 1365
f 2190 1352 2189
f 4796 1352 2176
f 1352 4796 2189
f 1352 4795 2176
f 1352 2177 4795
f 2177 1352 2191
f 1352 2190 2191
f 2207 4782 1339
f 4782 2207 2189
f 1339 4782 2206
f 4782 2189 2206
f 2189 1353 2206
f 1353 2188 2206
f 4780 1351 2191
f 2209 4780 2191
f 1351 4780 2192
f 4780 1337 2192
f 4780 2209 1337
f 4724 2268 1307
f 4724 2290 2291
f 4724 2291 4723
f 2268 4724 4723
f 2401 2371 4624
f 2371 2401 2372
f 4650 2371 1245
f 2341 2314 4678
f 4655 1250 2365
f 4699 1286 2292
f 1286 2293 2292
f 2293 1286 4698
f 1286 2317 4698
f 1286 4699 2317
f 1287 2316 2291
f 2290 1287 2291
f 2314 4677 4701
f 4677 2315 4701
f 2225 2207 2224
f 4764 1322 2227
f 4764 2246 1322
f 1288 4725 2289
f 2290 4725 1288
f 4724 4725 2290
f 4746 1307 4745
f 2246 4746 4745
f 4743 2271 1304
f 2271 4721 1304
f 2295 2294 1284
f 4721 2294 2295
f 2294 4697 1284
f 4697 2294 1285
f 2294 2293 1285
f 2294 4721 2293
f 1305 4744 2270
f 1305 2271 4743
f 1305 4743 2248
f 4744 1305 2248
f 2271 1305 4721
f 4722 1305 2270
f 4721 1305 4722
f 1396 4821 2144
f 4821 4822 1384
f 4821 1396 4822
f 4812 1384 1385
f 2184 2170 1357
f 4831 2134 1405
f 2134 4825 1405
f 2134 4826 4825
f 2145 4826 4827
f 1368 4809 2158
f 4818 4809 1381
f 2330 1276 4688
f 4755 1315 2258
f 2235 1315 4755
f 1315 4734 2258
f 4734 1315 2257
f 4790 2181 2198
f 1346 4790 2198
f 2236 4773 4755
f 2236 1314 4754
f 1314 2236 4755
f 1328 2238 4752
f 2238 1328 2219
f 2238 2261 4752
f 2169 2183 1357
f 1358 2183 2169
f 2183 2201 1357
f 2183 4788 2201
f 2183 1358 4788
f 933 4273 2824
f 4273 933 2792
f 934 4273 2792
f 324 5330 3938
f 384 5363 3911
f 5330 5363 3929
f 5363 5330 324
f 5330 355 3938
f 355 5330 3929
f 5396 3910 413
f 5396 413 3901
f 414 5396 3901
f 3883 5514 3884
f 5514 492 3884
f 5514 3883 493
f 3888 5514 493
f 492 5514 3888
f 492 5487 3889
f 5487 492 3888
f 5487 3888 468
f 467 3895 3889
f 3895 467 5457
f 5487 467 3889
f 467 3894 5457
f 3895 5456 466
f 466 5456 5486
f 5456 439 5426
f 5456 3895 439
f 5456 3885 5486
f 412 5456 5426
f 5456 412 3911
f 5456 4327 3882
f 3885 5456 3882
f 5428 3893 441
f 3893 469 441
f 5458 3893 5428
f 5458 468 5488
f 469 5458 5488
f 3893 5458 469
f 440 5427 3894
f 440 5458 5428
f 440 3894 468
f 5458 440 468
f 440 414 3901
f 5427 440 3901
f 414 440 3900
f 440 5428 3900
f 363 3921 3912
f 363 5337 3921
f 3522 363 3912
f 5337 363 3522
f 3550 5337 3522
f 3550 3522 5338
f 333 3550 5338
f 3550 333 5302
f 332 3550 5302
f 5337 3550 332
f 2862 898 4234
f 898 2862 4235
f 875 2894 4207
f 2894 4235 4207
f 2894 898 4235
f 898 4206 2895
f 4206 874 2895
f 4206 2894 875
f 2894 4206 898
f 4206 875 2924
f 831 2977 4152
f 2977 811 4152
f 2977 812 811
f 877 2892 4209
f 2892 877 4208
f 835 4157 2947
f 857 2947 2919
f 2947 857 4184
f 4134 815 2997
f 815 4134 2998
f 2833 2804 2803
f 897 4233 2895
f 4233 897 2864
f 924 4233 2864
f 4233 898 2895
f 898 4233 4234
f 4322 1000 2741
f 1000 4352 2741
f 975 4322 2771
f 975 1000 4322
f 4293 2771 2770
f 4294 4293 2770
f 951 4293 4294
f 4293 951 2803
f 4318 997 2745
f 997 4318 2746
f 4347 997 2746
f 997 4348 2745
f 4290 2805 948
f 2805 4290 949
f 2804 2805 949
f 2805 2804 2834
f 4320 974 2774
f 4319 4318 2745
f 4318 4319 2775
f 2587 4473 2588
f 4503 2587 2588
f 2587 4503 1099
f 4474 2587 1099
f 4185 2946 2918
f 835 2946 4158
f 2946 4184 2918
f 2946 2947 4184
f 2946 835 2947
f 2970 4160 817
f 2970 2945 4160
f 2970 4159 2945
f 2971 816 4158
f 2946 2971 4158
f 2970 2971 4159
f 2971 2970 817
f 4136 2971 817
f 816 2971 4136
f 2798 2797 4268
f 2828 2798 4268
f 2798 2799 954
f 2798 2828 4267
f 2799 2798 4267
f 4296 2767 954
f 2767 4296 2768
f 979 2767 4326
f 978 2767 2768
f 2767 978 4326
f 2831 4265 926
f 4265 2831 2801
f 2800 4295 953
f 2800 952 4295
f 952 2800 2801
f 2800 4265 2801
f 4893 1954 1955
f 1954 4879 1955
f 1954 4893 4894
f 4880 1954 4894
f 1954 4880 1984
f 4879 1954 1984
f 4945 1854 1678
f 1824 4945 1825
f 4945 1824 4946
f 1854 4945 4946
f 4945 1678 1855
f 4956 4957 1825
f 4956 1794 4957
f 1708 4956 1825
f 4956 1708 1795
f 4956 1795 4968
f 1794 4956 4968
f 1736 1796 4954
f 1796 1736 4966
f 1797 1736 4954
f 1736 1797 4966
f 4943 4944 1855
f 4944 1708 1825
f 4945 4944 1825
f 4944 4945 1855
f 4942 4943 1856
f 4942 1827 4943
f 4941 4942 1856
f 4953 4942 4941
f 1827 4942 4953
f 1611 1926 1612
f 1642 1611 1927
f 1611 1642 1926
f 1552 1989 1551
f 1965 1966 1575
f 1965 1546 1966
f 1546 1965 1547
f 1522 1521 1991
f 1549 1522 1991
f 1521 1522 2035
f 1499 1522 2034
f 1522 1499 2035
f 1964 1576 1963
f 1548 1964 1963
f 1964 1548 1547
f 1965 1964 1547
f 1576 1964 1575
f 1964 1965 1575
f 2091 1444 1459
f 2075 2091 1459
f 2091 1445 1444
f 4791 2215 1346
f 2215 2214 4775
f 1332 2215 4775
f 2215 1332 4774
f 4791 2180 2179
f 2180 2165 2179
f 2180 4791 2198
f 2234 1332 4757
f 2234 4757 1316
f 1332 2234 4774
f 4794 1362 2194
f 1349 4794 2194
f 1361 2178 4792
f 2178 2164 1362
f 2178 1361 2164
f 2195 1349 2212
f 1348 2195 2212
f 2195 4794 1349
f 4794 2195 1362
f 2196 1347 4792
f 2178 2196 4792
f 2213 1348 4777
f 2213 1333 4776
f 1333 2213 4777
f 2213 2196 1348
f 1347 2213 4776
f 2196 2213 1347
f 1524 1990 1550
f 1990 1549 1550
f 1990 1522 1549
f 2010 1524 1501
f 2033 2010 1501
f 1523 2010 2033
f 2010 1990 1524
f 1990 2010 1523
f 2007 1527 1528
f 2007 1503 2032
f 2008 2007 2032
f 1527 2007 2008
f 2031 2007 1528
f 2007 2031 1503
f 2029 4866 2006
f 2029 2030 4866
f 2030 2029 4857
f 2029 2006 4858
f 2029 2051 4857
f 2051 2029 4858
f 1671 1897 1864
f 1897 1898 1864
f 1897 1896 1640
f 1896 1897 1671
f 1897 1640 1639
f 1898 1897 1639
f 1670 4924 1899
f 4924 1670 1898
f 4924 1898 1639
f 1638 4924 1639
f 1899 4924 1638
f 1862 4937 1833
f 1863 4937 1862
f 4937 1703 1833
f 4937 1863 1703
f 1609 1608 4907
f 1607 1608 1578
f 4907 1608 1639
f 1608 1607 1639
f 1579 1609 1580
f 1579 1608 1609
f 1555 4877 1956
f 1555 4878 1986
f 4878 1555 1956
f 1555 4866 1987
f 4866 1555 1986
f 4876 1555 1987
f 4877 1555 4876
f 1663 1869 1868
f 1903 1663 1868
f 1663 1903 1631
f 1869 1695 1868
f 1695 1840 1839
f 1695 1694 1840
f 1695 1869 1694
f 1695 1839 1696
f 1868 1695 1696
f 1657 1625 1909
f 1625 1626 1594
f 1626 1625 1658
f 1625 1657 1658
f 1941 1625 1594
f 1940 1972 1973
f 4903 1593 1943
f 1567 1941 1973
f 4864 1514 1995
f 1514 4864 1491
f 1570 1937 1936
f 1626 1595 1594
f 1908 1626 1658
f 1659 1908 1658
f 1693 1692 1842
f 1842 1692 1723
f 1691 1692 1871
f 1723 1692 1722
f 1692 1691 1722
f 1938 1596 1937
f 1596 1597 1937
f 1596 1595 4905
f 1595 1596 1938
f 1874 1688 1844
f 1657 1874 1873
f 1624 4919 1910
f 4919 1624 1911
f 1911 1624 1623
f 1624 4903 1623
f 1592 4903 1943
f 4873 1982 1557
f 4873 4863 1982
f 1820 1850 1713
f 1820 1849 1850
f 1849 1820 1714
f 1789 1820 1713
f 1714 1820 1788
f 1820 1789 1788
f 1652 4933 1653
f 4933 1652 1879
f 1683 1849 1684
f 1879 1683 1684
f 1683 1879 1880
f 1849 1683 1850
f 4916 1912 1623
f 1655 1912 4916
f 4918 1876 1911
f 4918 1655 1876
f 4918 1911 1623
f 1912 4918 1623
f 4916 1913 1653
f 1913 4916 1623
f 1622 1913 1623
f 4934 1876 1877
f 4934 1686 1876
f 1878 4934 1877
f 1599 4906 1631
f 1600 1599 1631
f 1967 1572 2013
f 1993 1967 2013
f 1969 1541 1540
f 1570 1541 1969
f 2125 2117 1416
f 1391 1403 1392
f 1378 1391 1392
f 1391 1378 2150
f 1389 1390 1376
f 1390 1377 1376
f 1377 1390 2150
f 1412 1413 1399
f 1413 1412 2127
f 2092 1441 1457
f 2077 2092 1457
f 2092 2077 1458
f 1442 1458 2116
f 1442 2092 1458
f 2092 1442 1441
f 1442 2106 1441
f 2135 2124 2116
f 2135 2116 2013
f 2136 2135 1404
f 1404 2135 2149
f 2135 1379 2149
f 2124 4836 2116
f 2117 4836 1416
f 4836 2124 1416
f 2124 1417 1416
f 1417 2136 1416
f 2135 1417 2124
f 1417 2135 2136
f 2062 2063 1491
f 1469 2062 2061
f 1441 2093 1457
f 2081 1469 2061
f 1470 2081 2061
f 1454 2081 1470
f 1455 1471 2079
f 1493 2039 1494
f 1950 4882 1951
f 1982 4882 1557
f 1951 4882 1982
f 4882 1949 1557
f 1949 4882 1950
f 1467 1451 2084
f 2110 1423 1422
f 1436 2110 1422
f 1423 2110 1424
f 2099 1450 1434
f 1433 2099 1434
f 2099 1433 1449
f 2098 1435 1434
f 1450 2098 1434
f 2098 1451 1435
f 1451 2098 2084
f 2098 1450 2084
f 1490 2040 1491
f 2041 2040 1490
f 2000 4873 1529
f 2000 1505 4873
f 4863 1505 1483
f 4873 1505 4863
f 5023 69 70
f 69 3790 70
f 3790 69 5061
f 69 3791 5061
f 5060 69 3826
f 69 5060 3791
f 3825 70 3824
f 3825 5023 70
f 3825 3824 33
f 32 3825 33
f 3826 3825 32
f 69 3825 3826
f 3825 69 5023
f 107 3790 5061
f 107 3791 5099
f 3791 107 5061
f 3790 107 5100
f 144 5139 5099
f 5139 144 5138
f 5139 3720 5140
f 147 3752 5102
f 147 5142 3752
f 3753 147 5102
f 5142 5143 3752
f 149 3715 5145
f 5144 3715 149
f 3540 5314 3567
f 5314 311 3567
f 5314 3540 342
f 311 5314 3566
f 5314 5315 3566
f 5315 5314 342
f 5278 3568 310
f 3569 3568 5277
f 3568 277 5277
f 3568 5278 277
f 3568 5312 310
f 3623 250 3653
f 5248 250 3623
f 3653 250 3622
f 250 5249 3622
f 250 5248 5249
f 5247 3594 3623
f 249 5247 3623
f 5247 249 3624
f 3595 5247 3624
f 3594 5247 3595
f 3684 5179 3685
f 5179 5178 3685
f 5179 3719 5178
f 5141 147 3753
f 5141 3753 146
f 3719 5141 146
f 5142 5141 3718
f 147 5141 5142
f 3784 112 5068
f 5068 112 3783
f 112 5106 3783
f 112 5105 5106
f 112 3784 5105
f 555 5588 3288
f 5588 555 3317
f 628 3197 652
f 5704 675 3141
f 3169 5704 3141
f 5482 3394 3368
f 5481 3394 462
f 3394 5482 462
f 3346 508 5532
f 5532 508 5505
f 508 3371 5505
f 508 5533 3371
f 5533 508 3346
f 582 3254 5621
f 3254 5620 5621
f 5620 3254 582
f 4381 2709 1025
f 1025 2709 4351
f 4352 2709 1026
f 2709 1000 4351
f 1000 2709 4352
f 2709 4382 1026
f 2709 4381 4382
f 2802 951 2801
f 4264 2802 2801
f 2802 4264 2832
f 2803 2802 2832
f 951 2802 2803
f 4264 2861 925
f 2862 2861 4235
f 2861 2862 925
f 2861 4264 2831
f 2861 2831 926
f 2861 4236 4235
f 2860 4236 926
f 4236 2861 926
f 899 4236 4208
f 4236 899 4235
f 4235 899 4207
f 4413 4412 2647
f 4444 4413 2647
f 4413 2646 1049
f 2646 4413 4444
f 1023 998 4348
f 4348 998 2745
f 998 4319 2745
f 4319 998 2744
f 4413 2678 4412
f 4412 2678 2679
f 2678 4379 2679
f 2678 4413 1049
f 2678 1049 2677
f 4380 2678 2677
f 4350 2710 4351
f 4853 1482 2049
f 4853 4854 2070
f 1482 4853 2071
f 4854 4853 2048
f 4853 2049 2048
f 4848 4853 2070
f 4853 4848 2071
f 3515 3489 367
f 3489 3515 3490
f 5343 3515 367
f 5342 3515 3543
f 3515 5343 3543
f 366 3517 3491
f 3490 366 3491
f 3517 366 5341
f 366 338 5341
f 338 366 3544
f 5311 339 3543
f 5311 3543 340
f 5312 5311 340
f 656 3194 3166
f 656 5681 3194
f 656 3166 3165
f 5681 656 3165
f 4039 737 4026
f 698 5733 3136
f 3135 5733 699
f 680 5733 3135
f 5733 680 3136
f 5732 698 3136
f 718 737 4040
f 737 718 4026
f 3195 5652 3223
f 630 5652 3195
f 3223 5652 606
f 5652 3222 606
f 5652 630 3222
f 5624 631 608
f 3221 631 5624
f 608 631 3220
f 631 3193 3220
f 631 5681 3193
f 631 3221 5653
f 3194 631 5653
f 5681 631 3194
f 372 3537 3509
f 5315 3539 343
f 3539 5315 342
f 5280 3565 5281
f 3512 5346 3540
f 3512 5345 369
f 5345 3512 3540
f 3671 3637 238
f 3670 3671 238
f 3671 237 3637
f 5081 3774 91
f 90 5081 91
f 3776 5081 5080
f 3812 89 5042
f 5080 89 3777
f 52 5004 3846
f 5004 52 3845
f 5004 3845 16
f 5004 15 3846
f 5004 16 15
f 3811 52 5042
f 3811 90 52
f 3811 89 5080
f 89 3811 5042
f 5081 3811 5080
f 3811 5081 90
f 3776 128 5120
f 128 3741 5120
f 3741 128 5119
f 5119 128 3777
f 128 5080 3777
f 128 3776 5080
f 304 3576 5305
f 5270 3576 304
f 5305 3576 3577
f 3576 5270 3577
f 5239 3602 5240
f 3602 5239 3603
f 5239 242 3603
f 5239 3632 242
f 208 5203 3699
f 5202 208 3699
f 5203 208 3665
f 208 5202 3665
f 3666 207 5201
f 5202 207 3666
f 207 3700 5201
f 207 5202 3700
f 241 5238 3633
f 241 3634 5238
f 3664 241 3633
f 241 3664 3665
f 3635 241 3665
f 241 3635 5237
f 3634 241 5237
f 3700 3701 5201
f 3701 206 5201
f 3701 3700 5164
f 206 3701 5200
f 3701 3702 5200
f 3733 5165 172
f 5128 3733 3732
f 3733 172 3732
f 3733 5128 3767
f 5165 3733 171
f 333 5303 301
f 3549 5303 333
f 5303 3549 334
f 5303 3579 301
f 5303 334 302
f 3579 5303 302
f 136 5088 3767
f 5089 5088 136
f 5088 5087 3768
f 3805 58 5047
f 3805 5047 95
f 5085 3805 95
f 96 3805 5085
f 5048 59 5010
f 5048 3804 59
f 58 5048 5010
f 3804 5048 96
f 5048 3805 96
f 3805 5048 58
f 5012 3836 3863
f 5012 60 3836
f 26 5015 3833
f 5052 5014 3835
f 62 5014 5052
f 5014 25 3835
f 64 3832 5016
f 3832 64 5017
f 3832 27 5016
f 3832 5017 27
f 5055 3798 101
f 3798 5055 64
f 3830 29 3857
f 3729 174 5169
f 3729 5131 174
f 5132 3729 3728
f 5131 3729 3763
f 173 5167 3697
f 5168 173 3697
f 173 3731 5167
f 173 5168 3731
f 3731 3730 5130
f 5168 3730 3731
f 3730 5168 174
f 5131 3730 174
f 3730 138 5130
f 3730 5131 138
f 5020 67 3828
f 3793 67 5058
f 5058 67 66
f 67 5020 66
f 67 5021 3828
f 5053 100 3799
f 5053 5015 62
f 5053 62 3800
f 100 5053 3800
f 5054 5053 3799
f 100 5091 3799
f 101 5091 3763
f 5091 138 3763
f 3798 5091 101
f 5091 5054 3799
f 5091 3798 5054
f 175 5170 3728
f 175 3729 5169
f 3729 175 3728
f 5170 175 3694
f 3695 175 5169
f 175 3695 3694
f 139 5092 3763
f 3729 139 3763
f 139 3729 5132
f 140 3761 5093
f 103 3795 5057
f 5057 3795 66
f 3795 3794 66
f 3795 103 5094
f 5135 3725 5136
f 5135 3726 3725
f 3794 104 5058
f 104 3793 5058
f 3757 5137 5138
f 5137 3757 143
f 3757 5138 5098
f 3758 5097 105
f 5097 3758 143
f 5097 3792 105
f 3757 5097 143
f 3792 5097 106
f 106 5097 5098
f 5097 3757 5098
f 3793 5096 105
f 5096 3758 105
f 104 5096 3793
f 3723 5175 180
f 5175 3689 180
f 5137 3724 3723
f 5174 3724 5173
f 3724 3758 5136
f 3758 3724 5137
f 3725 3724 5136
f 3724 3725 5173
f 3689 3690 215
f 3691 3690 5173
f 3690 5174 5173
f 3726 5134 3727
f 3727 5134 5133
f 3761 5134 5094
f 5134 140 5133
f 140 5134 3761
f 3691 213 5210
f 213 3657 5210
f 213 3658 3657
f 177 3726 3727
f 5171 177 3727
f 3726 177 5172
f 3533 5321 347
f 3560 5321 317
f 5321 3560 347
f 3587 286 3586
f 375 5353 3533
f 5353 5321 3533
f 5321 5353 3532
f 3532 5353 3504
f 5353 375 3504
f 3619 5252 253
f 5252 3619 3589
f 5319 315 346
f 3534 5319 346
f 5285 316 3560
f 5581 3324 3325
f 5581 3297 3296
f 3266 5608 5609
f 3296 3266 3295
f 3266 573 3295
f 573 3266 5609
f 595 3236 5608
f 547 3326 3327
f 3326 547 3298
f 571 3297 3298
f 571 3269 3268
f 3269 571 3298
f 5580 3326 3298
f 3297 5580 3298
f 479 3404 5471
f 3404 479 3379
f 479 5498 3379
f 5498 479 3380
f 3405 479 5471
f 479 3405 3380
f 5472 3403 455
f 5472 455 5443
f 3404 5472 5443
f 5472 3404 5499
f 5584 552 3321
f 552 3320 3321
f 3293 575 3292
f 552 3293 3292
f 3293 552 5584
f 575 3293 3264
f 3293 574 3264
f 3293 5584 551
f 3263 5611 598
f 3263 575 5611
f 5531 5558 3347
f 5558 5531 529
f 5559 5532 3347
f 5559 3346 5532
f 5559 5558 3320
f 5558 5559 3347
f 3556 5324 320
f 5290 3556 320
f 3556 5289 319
f 5324 3556 319
f 3556 287 5289
f 3556 5290 287
f 290 3582 5292
f 3582 289 5292
f 3581 3582 290
f 352 3527 3526
f 3527 5359 3526
f 3527 3528 5358
f 380 3527 5358
f 5359 3527 380
f 3527 5326 3528
f 3527 352 5326
f 3583 3584 288
f 5291 3583 288
f 3583 5291 289
f 3582 3583 289
f 5258 3583 258
f 3583 3582 258
f 3614 5257 257
f 5257 3614 3584
f 5257 3613 257
f 3583 5257 3584
f 3613 5257 5258
f 5257 3583 5258
f 3614 3645 256
f 3646 3645 5221
f 256 3645 3646
f 3584 5256 3585
f 3614 5256 3584
f 5256 3614 256
f 5256 3615 3585
f 3615 5256 256
f 3712 5107 151
f 3712 3677 5107
f 3712 188 3677
f 3712 187 188
f 188 3678 3677
f 187 3678 188
f 5386 404 3452
f 404 5386 3477
f 5415 404 3453
f 3452 404 5415
f 3532 5354 3531
f 5354 3532 3504
f 376 5354 3504
f 5384 3478 3504
f 3478 376 3504
f 3478 5384 403
f 3502 377 5355
f 3502 5386 377
f 5386 3502 3477
f 378 5356 3501
f 3529 5356 378
f 5356 3529 350
f 5356 3530 3501
f 3530 5356 350
f 337 3546 5340
f 5308 3546 337
f 5340 3546 336
f 3546 5308 336
f 247 5244 3597
f 3627 5244 247
f 5244 3598 3597
f 246 3627 3658
f 5244 246 3598
f 246 5244 3627
f 210 3662 5206
f 3662 210 5205
f 210 5206 3696
f 5205 210 3696
f 243 5239 5240
f 5239 243 3632
f 3632 243 3663
f 243 3662 3663
f 3661 3631 3630
f 3662 3631 3661
f 243 3631 3662
f 3631 243 5240
f 5241 3631 5240
f 3631 5241 3630
f 5111 118 3995
f 3986 118 5111
f 118 5072 3995
f 5072 118 3994
f 118 5112 3994
f 118 3986 5112
f 192 5188 3979
f 3980 192 3979
f 5186 3972 191
f 3972 5186 190
f 3973 3972 190
f 226 3972 225
f 3972 3973 225
f 3814 49 86
f 5040 49 3814
f 49 3815 86
f 3849 49 3848
f 49 5040 3848
f 5001 49 3849
f 5079 3813 87
f 3813 5040 87
f 3877 11 3850
f 12 3877 3850
f 5039 48 3816
f 5000 48 3850
f 3816 48 5000
f 48 5001 3850
f 48 49 5001
f 48 5039 3815
f 49 48 3815
f 3276 565 3305
f 565 3304 3305
f 565 3275 3304
f 565 3276 5600
f 3275 565 5600
f 518 3361 3362
f 5544 518 3362
f 3334 518 3335
f 518 5544 3335
f 5576 3330 544
f 3330 5576 3329
f 3330 3331 544
f 3431 453 5441
f 453 3405 5442
f 5441 453 3430
f 453 5442 3430
f 5551 3355 523
f 3355 5551 3354
f 5348 371 3509
f 3537 5348 3509
f 373 5381 3481
f 5381 373 3482
f 401 5381 3457
f 5381 401 3481
f 5350 345 3536
f 5350 3535 345
f 5350 373 3507
f 3535 5350 3507
f 373 3508 3482
f 5350 3508 373
f 3508 5350 3536
f 472 5463 3414
f 5463 472 3388
f 3431 427 5411
f 427 5412 5411
f 427 3431 5441
f 427 5441 3430
f 5412 427 3430
f 3488 395 5375
f 395 3488 5374
f 3488 3489 5374
f 5344 368 3513
f 3542 5344 3541
f 5344 3513 3541
f 3458 3459 5410
f 396 5376 5375
f 5376 396 3462
f 3513 3487 369
f 5376 3487 5375
f 3487 3488 5375
f 368 3487 3513
f 3488 3487 368
f 3439 421 5404
f 3437 3438 448
f 5346 3511 342
f 3511 3539 342
f 3485 3510 370
f 3511 3485 370
f 3455 402 3456
f 5413 3455 3456
f 402 3455 3454
f 3455 5413 3454
f 428 5412 3430
f 428 5413 5412
f 5413 428 3429
f 5442 428 3430
f 3429 428 5442
f 5284 3562 315
f 3591 5284 283
f 5284 3591 282
f 3562 5284 282
f 3505 375 3533
f 5352 3505 3533
f 375 3505 3479
f 3505 3480 5383
f 3479 3505 5383
f 3480 3505 374
f 3505 5352 374
f 5571 5570 3307
f 5570 5571 540
f 5571 3307 3306
f 540 5571 3306
f 3337 539 3336
f 539 5570 3336
f 5570 539 3308
f 5569 3309 3308
f 5569 539 3337
f 539 5569 3308
f 538 5569 3337
f 3309 5569 538
f 562 3279 3308
f 3309 562 3308
f 562 3309 3280
f 5596 562 3280
f 562 5596 5597
f 3279 562 5597
f 472 5462 5489
f 5462 471 3389
f 5489 5462 3389
f 5462 3415 471
f 5462 472 3414
f 5462 446 3415
f 5433 5462 3414
f 446 5462 5433
f 5686 660 3160
f 660 5686 3189
f 660 3161 3160
f 3161 660 3189
f 3161 5685 659
f 5685 3161 3189
f 5657 5685 3189
f 682 5712 3133
f 5712 682 3160
f 3161 5712 3160
f 3162 3161 659
f 5710 3162 3163
f 680 5709 3136
f 5709 680 3163
f 5709 3163 3164
f 679 5709 3164
f 5709 679 3136
f 3192 632 5682
f 5683 3192 3164
f 5509 511 3367
f 511 5510 3367
f 5510 511 5537
f 511 3342 5537
f 511 5509 3368
f 5533 3370 3371
f 509 3370 5533
f 3370 509 5507
f 3370 5507 5480
f 533 5562 3316
f 5562 555 3316
f 555 5562 3317
f 509 3369 5507
f 556 5589 3287
f 5590 556 3287
f 556 5590 3315
f 5589 556 3316
f 556 533 3316
f 533 556 3315
f 5538 3340 513
f 5538 513 3365
f 5511 5538 3365
f 5538 5511 512
f 3341 5538 512
f 5565 5538 3341
f 3340 5538 5565
f 536 3338 3339
f 536 5567 3338
f 5567 536 3311
f 536 3312 3311
f 3312 5566 3313
f 5566 535 3313
f 536 5566 3312
f 5566 536 3339
f 5539 5566 3339
f 535 5566 5539
f 5564 5565 3341
f 5564 3314 5565
f 3284 581 3255
f 3285 581 3284
f 581 5619 3255
f 5592 3285 3284
f 5592 3312 3313
f 3312 5592 559
f 5592 3284 559
f 3314 5591 3313
f 5591 3314 557
f 3286 5591 557
f 5591 3286 580
f 3285 5591 580
f 3396 5479 3371
f 5479 485 3371
f 485 5479 3397
f 3397 5479 460
f 5479 3396 460
f 5477 459 5448
f 459 5477 3398
f 5448 459 3423
f 459 5449 3423
f 459 5478 5449
f 459 3398 5478
f 5670 5698 3203
f 5698 3175 3203
f 5639 3236 620
f 5639 621 3235
f 621 5639 3204
f 5639 5669 3204
f 644 5639 620
f 5669 5639 644
f 3236 596 5609
f 5610 596 3235
f 596 5639 3235
f 5639 596 3236
f 596 3265 5609
f 596 5610 3265
f 5640 621 3203
f 5640 5641 3234
f 5641 5640 3203
f 621 5640 3235
f 3201 623 5672
f 623 646 5672
f 646 623 5642
f 5643 623 647
f 623 3201 647
f 5673 3172 648
f 3172 673 648
f 5702 673 3143
f 674 5702 3143
f 5702 674 3171
f 673 5702 648
f 3200 624 5643
f 624 3200 648
f 574 3294 3265
f 3294 573 3265
f 5583 3294 551
f 550 3294 5583
f 3294 3293 551
f 3293 3294 574
f 573 3294 3295
f 3294 550 3295
f 597 5610 3235
f 597 5640 3234
f 5640 597 3235
f 5611 597 3234
f 597 5611 3264
f 5610 597 3264
f 526 3324 5555
f 526 5554 3324
f 526 5555 3351
f 5554 526 3351
f 5634 5664 617
f 3210 5664 5634
f 5632 3242 3243
f 591 5633 3241
f 5633 591 3242
f 3271 568 5604
f 568 3271 3301
f 568 3272 5604
f 568 3301 3302
f 3272 568 5603
f 567 568 3302
f 5603 568 567
f 3375 482 5501
f 5474 482 3401
f 482 5474 5501
f 5502 3375 5501
f 5528 5502 5501
f 5502 5528 505
f 5502 505 3374
f 3375 5502 3374
f 483 3375 3374
f 3375 483 3400
f 3400 483 5476
f 5503 483 3374
f 5476 483 3399
f 483 5503 3399
f 3142 674 3143
f 3142 675 3170
f 675 3142 3141
f 5700 672 3173
f 3145 672 5700
f 3088 736 5765
f 736 3088 5754
f 4108 795 3024
f 795 4108 4132
f 4132 4108 794
f 4108 3025 794
f 4181 855 2949
f 855 4181 2921
f 855 4182 2949
f 4182 855 2921
f 4129 792 3003
f 792 4129 3002
f 811 4129 3003
f 4129 811 3002
f 774 4081 3028
f 3053 4081 4058
f 4081 773 3028
f 4081 3053 773
f 3027 4105 4106
f 3027 774 4105
f 774 3027 4082
f 3026 3027 4106
f 3027 3026 4082
f 2925 4177 874
f 2953 4178 2924
f 2925 4178 2953
f 4178 2925 874
f 4178 4206 2924
f 4206 4178 874
f 2896 4204 896
f 873 4204 2896
f 4204 2897 896
f 4204 873 2897
f 5749 712 5750
f 5750 712 3092
f 712 733 3092
f 733 5761 3092
f 753 5761 733
f 5761 734 3092
f 734 5761 753
f 3118 5726 693
f 5726 3146 693
f 5726 3145 3146
f 5751 5750 3092
f 5751 3118 5750
f 3118 5751 3117
f 2982 807 2983
f 807 2982 3007
f 4124 807 3007
f 807 4124 3008
f 807 2984 2983
f 2984 807 806
f 788 3007 4100
f 788 4124 3007
f 4124 788 3008
f 4099 788 4100
f 788 4099 3008
f 3007 789 4101
f 4125 789 3007
f 789 3006 4101
f 789 4125 3006
f 752 3054 4057
f 3054 4080 4057
f 3054 752 732
f 772 4103 3029
f 4080 772 3029
f 3054 772 4080
f 4101 3031 771
f 4102 3031 4101
f 826 4147 2983
f 2984 826 2983
f 4147 826 2958
f 787 4099 4098
f 4122 787 4098
f 3009 787 4122
f 4123 3009 806
f 4123 807 3008
f 807 4123 806
f 4123 787 3009
f 4099 4123 3008
f 787 4123 4099
f 4096 785 4097
f 3037 4096 4097
f 766 4096 3037
f 4096 4095 3012
f 785 4096 3012
f 3126 706 5743
f 4036 745 4049
f 3102 4036 3101
f 3040 4094 4070
f 3039 4071 4070
f 4094 3039 4070
f 3039 4094 4095
f 783 3015 4117
f 783 4093 3015
f 783 3040 4093
f 3040 783 4094
f 4142 823 2988
f 823 4142 2963
f 785 3011 4097
f 786 3011 4121
f 3011 786 4097
f 4120 785 3012
f 4120 3011 785
f 3043 762 4067
f 762 3042 4068
f 3067 762 4068
f 762 3067 4067
f 3042 781 4092
f 4092 781 3016
f 781 4116 3016
f 4142 803 2989
f 803 4142 2988
f 803 802 2989
f 803 2988 3012
f 4119 803 3012
f 5695 668 643
f 668 3178 643
f 3150 668 5695
f 3178 668 5696
f 668 3150 5696
f 3152 3153 5719
f 4037 746 4050
f 642 5666 3180
f 618 642 3207
f 5666 642 618
f 702 3131 5737
f 3106 702 5737
f 4032 702 3106
f 4046 3066 4069
f 4045 4032 722
f 3067 4045 722
f 4045 3067 3066
f 3214 613 5630
f 5630 613 3244
f 613 5631 3244
f 613 3213 5631
f 3205 644 620
f 5668 3205 620
f 3205 3177 644
f 3177 3205 5696
f 3205 5668 5696
f 4053 749 729
f 3058 4053 729
f 749 4053 3057
f 4053 3058 3057
f 748 5756 5755
f 748 3058 729
f 5756 748 729
f 769 4099 4100
f 769 3034 4099
f 4078 4077 3032
f 770 4077 3057
f 4077 770 3032
f 4077 4054 3057
f 4077 4078 4054
f 731 5758 4055
f 3094 731 5759
f 4055 750 3056
f 5758 750 4055
f 750 4054 3056
f 5747 3122 5746
f 3096 5747 5746
f 5747 3096 710
f 3151 3150 5695
f 3151 5721 3150
f 5756 3098 5755
f 3098 5745 708
f 5745 3098 5756
f 5745 709 5746
f 709 5745 3097
f 709 3096 5746
f 4075 3035 3034
f 4075 769 3059
f 769 4075 3034
f 3035 4074 4098
f 4174 827 2958
f 827 4174 2957
f 4174 849 2957
f 849 4174 2929
f 2901 2931 869
f 2931 2901 4200
f 848 4174 2958
f 4174 848 2929
f 4229 2900 2868
f 2900 4228 2868
f 4228 2900 893
f 2865 922 4261
f 922 2836 4261
f 4231 922 2865
f 922 4231 2866
f 4230 2898 4202
f 895 2898 4230
f 2898 895 4203
f 4230 921 2866
f 2867 921 4230
f 921 2867 4259
f 4225 2871 891
f 2871 4226 891
f 4226 2871 918
f 4227 919 2869
f 919 2839 2869
f 919 2870 2840
f 2870 919 4227
f 2870 4226 918
f 4226 2870 892
f 2870 4227 892
f 189 3974 3973
f 3974 3965 3973
f 3974 189 5185
f 3974 5185 152
f 3965 3974 324
f 3974 5108 113
f 5108 3974 152
f 3974 5363 324
f 267 268 3610
f 267 3580 268
f 3948 267 3610
f 5189 3968 195
f 3968 5189 194
f 3968 194 3969
f 229 3968 3969
f 231 3957 3966
f 3781 3780 5077
f 124 3780 3781
f 3780 125 5077
f 3780 124 125
f 3991 122 5075
f 3991 5075 82
f 3747 3991 121
f 122 3991 3747
f 5074 3991 82
f 3991 5074 121
f 388 3906 5399
f 3906 417 5399
f 3915 3905 389
f 3908 5397 415
f 3941 298 5265
f 3941 5300 298
f 5300 3941 297
f 264 3941 5265
f 3942 5299 297
f 3018 799 4115
f 4114 799 3018
f 799 4114 2993
f 799 2993 4137
f 4113 779 3020
f 779 4113 3019
f 3019 4113 2994
f 2994 4113 798
f 4113 3020 798
f 2723 4339 4338
f 1014 2723 4338
f 2723 1014 4368
f 2723 1015 4339
f 2723 4368 1015
f 1015 2690 4369
f 4368 2690 1015
f 2690 4402 4369
f 2690 1039 4402
f 4491 2600 1088
f 2600 4461 1088
f 2691 4367 2692
f 1013 4367 2724
f 2692 4367 1013
f 4367 1014 2724
f 4367 2691 1014
f 4307 2757 963
f 2787 4307 963
f 4307 2787 2788
f 4223 4195 888
f 2874 4223 888
f 4195 4223 889
f 4223 2874 915
f 4253 4223 915
f 2815 2845 4251
f 4252 2845 2815
f 2845 914 4251
f 914 2845 2875
f 2845 4252 2875
f 990 2754 4309
f 2754 4340 2753
f 4340 2754 990
f 2815 4281 941
f 4281 2783 941
f 939 2817 4279
f 2817 939 2816
f 2816 939 4280
f 939 2785 4280
f 939 4279 2785
f 4283 2781 943
f 4283 2812 942
f 2812 4283 943
f 2782 4283 942
f 4283 2782 2781
f 2811 2812 943
f 945 4286 2778
f 4286 2779 2778
f 4403 1041 2688
f 4403 1040 2657
f 1041 4403 2657
f 4370 2689 2688
f 2689 4403 2688
f 4403 2689 1040
f 4402 2689 4369
f 1040 2689 4402
f 2689 2721 4369
f 2689 4370 2721
f 966 4311 2752
f 4311 991 2752
f 991 4311 2753
f 4311 965 2753
f 4311 966 965
f 2808 2837 4259
f 2807 2837 2808
f 2837 2807 2836
f 2837 921 4259
f 920 4258 2838
f 2839 4258 920
f 2619 4473 4441
f 4473 2619 2588
f 1071 2621 4471
f 1071 4471 2620
f 4439 1071 2620
f 2621 1071 2652
f 1071 4439 2652
f 2682 2681 4377
f 2681 2682 1046
f 2681 1046 4410
f 4377 2681 2680
f 1047 2681 4410
f 2680 2681 1047
f 1045 4408 2651
f 4409 1045 2651
f 4408 1045 2683
f 1045 2682 2683
f 1045 4409 2682
f 4377 2714 4376
f 4316 970 2748
f 2779 970 2778
f 970 4316 2778
f 2823 934 2822
f 2852 2823 2822
f 2823 4273 934
f 2823 2853 2824
f 4273 2823 2824
f 908 4244 2882
f 4244 2852 2882
f 4244 908 2853
f 2823 4244 2853
f 4244 2823 2852
f 2819 937 4278
f 937 4277 4278
f 2820 937 2819
f 4277 937 2820
f 2878 885 4218
f 2878 4219 885
f 2878 2879 4248
f 2878 4218 2879
f 4250 913 2847
f 913 4250 2846
f 2817 4250 2847
f 4250 2817 2816
f 2846 4250 2816
f 2913 883 4217
f 4217 2881 910
f 883 2881 4217
f 2881 883 4216
f 2881 4246 910
f 4246 2881 2851
f 1172 2497 2498
f 2556 4504 1099
f 1100 4504 2555
f 4504 2556 2555
f 2617 4442 1073
f 4474 2617 1073
f 2617 1074 4442
f 1074 2617 4475
f 2618 4474 1073
f 4441 2618 1073
f 4473 2618 4441
f 2587 2618 4473
f 2618 2587 4474
f 4503 1124 2556
f 2556 1124 2524
f 4533 1124 2525
f 1124 4533 2524
f 2557 1098 4502
f 2557 4503 1098
f 1123 2557 4502
f 2557 1124 4503
f 2557 1123 2525
f 1124 2557 2525
f 4438 1070 2621
f 1070 4470 2621
f 4470 1070 2622
f 1070 4437 2622
f 1070 4438 4437
f 2783 4282 941
f 2782 4282 2783
f 4282 2814 941
f 4282 2782 942
f 2813 4282 942
f 4282 2813 2814
f 2781 967 4313
f 2782 967 2781
f 967 2782 4312
f 967 2751 4313
f 2751 967 4312
f 4343 2719 1018
f 2751 4343 993
f 4373 2686 2685
f 4373 4372 2686
f 2655 2654 4405
f 2654 2655 4436
f 1042 2655 4405
f 2655 2656 4435
f 4436 2655 4435
f 2656 2655 4404
f 2655 1042 4404
f 2686 1043 2685
f 1043 2686 4405
f 2654 1043 4405
f 4592 1197 2406
f 4529 1146 2498
f 1146 4529 2529
f 1219 4618 2409
f 2380 4643 1241
f 4644 2380 1241
f 2380 1219 4643
f 2380 4644 1219
f 2379 1242 4645
f 2379 4644 1242
f 4617 1195 4588
f 4617 1218 2409
f 1194 4616 4588
f 1279 4691 2300
f 4665 2355 1258
f 2355 4665 2354
f 2325 4665 1258
f 4665 2325 2354
f 2355 4664 2326
f 2327 4664 1257
f 4664 2356 1257
f 2356 4664 2355
f 4664 1279 2326
f 4691 4664 2327
f 4664 4691 1279
f 2324 4667 1259
f 4667 2324 1260
f 4693 2325 1280
f 2298 4693 1280
f 2325 4693 1259
f 4693 2324 1259
f 4778 2212 2211
f 1335 4778 2211
f 1333 4758 2233
f 2232 4758 1333
f 1320 4761 2229
f 4761 1320 2252
f 4740 1320 2251
f 2250 4740 2251
f 1279 4715 2299
f 4715 1279 2300
f 1216 4639 2384
f 1215 2414 1214
f 4613 2414 1215
f 1214 2414 4612
f 2413 4613 1215
f 2385 4639 1215
f 2385 1215 2386
f 4638 2385 2386
f 4639 2385 1237
f 2385 4638 1237
f 2328 2327 4663
f 4661 2358 2359
f 4661 1255 2358
f 1255 4661 2330
f 1254 4661 2359
f 2330 4661 1254
f 4342 1017 2719
f 4343 4342 2719
f 4342 4343 2751
f 1017 4342 2720
f 1136 4516 2511
f 4517 1136 2510
f 4516 1136 2542
f 1136 4517 2542
f 1136 4550 2510
f 4550 1136 2511
f 1110 2574 4486
f 2574 2605 4486
f 2574 1111 4487
f 1111 2574 1110
f 2573 1111 4488
f 1111 2573 4487
f 2604 2573 4488
f 2573 2604 4487
f 2604 1085 4487
f 1085 2574 4487
f 2574 1085 2605
f 1085 2604 4457
f 2605 1085 4457
f 2477 1163 2446
f 2477 4552 1163
f 4552 2477 2508
f 4554 2475 1165
f 4458 2634 1060
f 2634 4426 1060
f 1012 2693 4366
f 4365 2693 1012
f 2693 4399 4366
f 2693 1037 4399
f 4397 2694 2695
f 2664 4396 4427
f 2631 4462 1063
f 2631 2600 4462
f 2600 2631 4461
f 2632 2631 1062
f 2631 2632 4461
f 2561 2529 1121
f 2560 2561 1121
f 2561 2560 4500
f 2624 2593 4468
f 2627 2628 4464
f 4433 2627 1066
f 2626 1067 4434
f 2658 2626 4434
f 2626 4433 1066
f 4433 2626 2658
f 2628 1065 4463
f 2627 1065 2628
f 1139 4520 2508
f 2539 4520 2538
f 4520 1139 4521
f 2537 4520 4521
f 4520 2537 2538
f 4554 2507 2476
f 2507 1139 2508
f 1139 2507 4521
f 4519 2539 2540
f 1138 4519 2540
f 4519 1138 2508
f 4520 4519 2508
f 4519 4520 2539
f 1113 4490 2571
f 2601 4490 1088
f 4490 1087 2571
f 1087 4490 2601
f 2602 1087 2601
f 1087 2602 4489
f 2506 1140 4521
f 2507 2506 4521
f 2506 2507 4554
f 2506 4554 1165
f 1140 2506 2505
f 4522 1140 2505
f 1141 4522 2505
f 4522 1141 2536
f 2537 4522 2536
f 1140 4522 2537
f 2598 1090 4493
f 2597 2598 4493
f 2598 2597 4463
f 2598 4462 2599
f 1090 2598 2599
f 2567 4493 2568
f 2567 1116 4494
f 2597 2567 4494
f 2567 2597 4493
f 4523 1141 2504
f 2667 4393 4424
f 4425 2667 1059
f 2667 4424 1059
f 4394 2697 2698
f 1034 4394 2666
f 2697 4394 1034
f 4331 1008 2731
f 4331 4330 1008
f 933 4272 2793
f 4272 933 2824
f 4328 980 2735
f 2736 980 4298
f 2735 980 2736
f 980 2766 4298
f 980 4328 2766
f 981 2765 4299
f 2765 981 4329
f 4272 2794 2793
f 2794 4272 932
f 2822 935 2821
f 2728 1010 4363
f 1010 2729 4363
f 2729 1010 4333
f 4333 1010 985
f 1010 2728 985
f 2762 984 4303
f 984 2762 4332
f 984 4332 1009
f 2729 984 1009
f 984 2729 4333
f 4330 2732 1008
f 2732 4360 1008
f 2732 4330 1007
f 4360 2732 1007
f 2395 1207 4629
f 1207 2395 4630
f 1206 1207 2424
f 1208 1207 4630
f 1207 2422 4604
f 2422 1207 1208
f 1228 2396 4628
f 2396 1206 4628
f 1207 2396 4629
f 2396 1207 1206
f 4652 2339 2368
f 1249 4655 2366
f 4655 1249 2337
f 1181 2457 4601
f 2457 2427 4601
f 2427 2457 4572
f 2457 2488 4572
f 1155 2457 1181
f 2488 2457 4542
f 2457 1155 4542
f 1131 4510 2518
f 2517 1131 2518
f 4510 1131 2548
f 1263 2346 2347
f 1263 2320 4696
f 4671 4670 2321
f 1262 4671 2321
f 4671 2349 4670
f 1176 4536 3075
f 4536 1176 2494
f 1176 2463 2494
f 1200 1176 3075
f 4596 2403 2431
f 4597 4568 2431
f 4676 2343 2316
f 2343 4676 1245
f 1179 4570 2429
f 4599 1179 2429
f 1179 4599 4571
f 2428 1203 4600
f 2428 4599 1203
f 4599 2428 4571
f 1180 2428 4600
f 2428 2458 4571
f 2428 1180 2458
f 2493 2462 1151
f 4537 2493 1151
f 2458 2489 4571
f 2460 2491 4569
f 2491 2460 4570
f 1178 2460 4569
f 2460 4598 4570
f 2460 1178 4598
f 2492 4538 1151
f 4568 2492 1151
f 4539 2491 2490
f 2523 1126 1151
f 1126 4537 1151
f 2554 1126 2553
f 1126 2523 2553
f 1126 2554 4536
f 4537 1126 4536
f 1152 2523 4538
f 2492 1152 4538
f 4539 1152 2491
f 2491 1152 4569
f 2523 1152 2522
f 1152 4539 2522
f 4637 1213 2388
f 1213 4637 2387
f 1213 4636 2388
f 4636 1213 2416
f 4609 2418 1211
f 4608 2418 4580
f 1211 2418 4608
f 2418 4609 1188
f 2418 2448 4580
f 2418 1188 2448
f 4633 1210 2392
f 1231 4632 2393
f 4632 1231 2363
f 2363 1231 2364
f 1231 4631 2364
f 4631 1231 2393
f 1252 2362 2363
f 2334 1252 2363
f 4658 1252 2333
f 1252 4658 2362
f 2394 1208 4630
f 2394 4631 1208
f 1230 2394 4630
f 4631 2394 1230
f 4604 1184 4576
f 2422 1184 4604
f 1184 2452 2453
f 4576 1184 2453
f 4605 2422 1208
f 4605 1185 2452
f 1184 4605 2452
f 4605 1184 2422
f 2421 4631 2393
f 1209 2421 2393
f 4631 2421 1208
f 2421 4605 1208
f 4605 2421 1185
f 2420 1209 2392
f 1210 2420 2392
f 4607 2420 1210
f 2420 4607 1186
f 4766 2224 2223
f 2243 2266 1308
f 4725 2266 2289
f 2266 4725 1308
f 2264 4750 2263
f 2242 4748 2243
f 4748 2266 2243
f 2242 1325 4767
f 1325 2242 2243
f 4766 1325 2243
f 4767 1325 2223
f 1325 4766 2223
f 4768 1327 2241
f 1327 4768 2221
f 2239 1328 4752
f 2220 2221 1342
f 2219 2220 2202
f 4786 2220 1342
f 2220 4786 2202
f 1108 2544 2576
f 2545 1108 4513
f 4514 1108 2545
f 1108 4514 2544
f 1083 4484 2576
f 4484 1108 2576
f 1108 4484 2577
f 4484 1083 2608
f 2577 4484 2608
f 1107 1108 2577
f 1107 2547 4512
f 2639 4453 2608
f 4453 2639 1056
f 2640 4453 1056
f 1156 2456 1182
f 1156 2486 2517
f 2455 1156 1182
f 2486 1156 2455
f 2483 2514 4546
f 2483 4547 2514
f 2483 4546 2452
f 4577 2483 2452
f 2483 4577 1159
f 4547 2483 1159
f 1133 2515 4546
f 2484 2515 4545
f 2515 2516 4545
f 2516 2515 1132
f 1132 2515 4512
f 2515 1133 4513
f 2154 1372 4802
f 2154 4813 1372
f 1371 2154 4802
f 2155 2154 1371
f 4813 2154 1385
f 2154 4812 1385
f 4812 2154 2155
f 1374 2151 4816
f 1374 4816 1388
f 1374 2166 1373
f 2151 1374 1373
f 1375 1374 1388
f 2165 1374 1375
f 1393 2148 4825
f 1393 4818 1381
f 4796 2175 2189
f 2175 1353 2189
f 2175 4796 1367
f 4797 2175 1367
f 2175 4797 1353
f 4649 2371 2372
f 4649 2372 4648
f 4649 2343 1245
f 2371 4649 1245
f 2344 4649 4648
f 2343 4649 2344
f 2369 2368 1227
f 2369 4652 2368
f 2398 2369 1227
f 4651 2369 1226
f 2341 4651 1246
f 2399 1204 4600
f 4650 1225 2371
f 2371 1225 4624
f 2365 4656 2364
f 1250 4656 2365
f 2336 4655 2337
f 2336 1250 4655
f 2336 4656 1250
f 4677 2342 2315
f 4676 2342 1245
f 2342 4676 2315
f 2342 4650 1245
f 4650 2342 1246
f 2342 2341 1246
f 2207 1338 4781
f 2225 1338 2207
f 1338 2208 4781
f 1338 2209 2208
f 2267 4724 1307
f 2267 4725 4724
f 4725 2267 1308
f 4746 2267 1307
f 1395 4827 2144
f 1395 2145 4827
f 4820 4821 1384
f 1395 4820 1383
f 4821 4820 2144
f 4820 1395 2144
f 1370 4812 2155
f 4801 2155 1371
f 2169 4801 1371
f 4801 1370 2155
f 1370 4801 2170
f 4801 2169 1357
f 2170 4801 1357
f 1406 4831 2133
f 1406 2134 4831
f 2134 1406 4826
f 4827 1406 2133
f 4826 1406 4827
f 1382 4810 2158
f 4809 1382 2158
f 1382 4818 1394
f 1382 4809 4818
f 2145 2146 4826
f 4825 2146 1394
f 4826 2146 4825
f 4810 4819 1383
f 4819 1395 1383
f 1395 4819 2145
f 4819 2146 2145
f 2146 4819 1394
f 4819 1382 1394
f 1382 4819 4810
f 4809 2159 1381
f 2159 4809 1368
f 4808 2159 1367
f 2159 4808 1381
f 2159 4797 1367
f 4797 2159 1368
f 1354 2173 2187
f 4733 1314 2258
f 1252 1273 2333
f 1273 1252 2334
f 2259 2260 4754
f 1314 2259 4754
f 4733 2259 1314
f 4790 2199 2181
f 2182 1359 4789
f 1359 2199 4789
f 2199 1359 2181
f 2181 1359 2167
f 1359 4803 2167
f 1359 2182 4803
f 2182 2168 4803
f 2168 2182 1358
f 2168 1372 4803
f 1372 2168 4802
f 2168 1358 4802
f 1358 2200 4788
f 2182 2200 1358
f 2200 2182 4789
f 2217 2200 4789
f 2236 1330 4773
f 1330 2217 4773
f 1330 4772 2217
f 4772 1330 2237
f 2237 1330 4754
f 1330 2236 4754
f 2218 4771 2219
f 4771 2238 2219
f 1313 4753 2237
f 4753 1313 2261
f 2238 4753 2261
f 5261 259 292
f 3946 5261 292
f 259 5261 3955
f 5363 3920 3929
f 3920 355 3929
f 3920 5363 384
f 4233 2863 4234
f 2863 4233 924
f 4153 2977 831
f 4153 2951 2976
f 4153 831 2951
f 812 4153 2976
f 2977 4153 812
f 2856 4269 930
f 2888 4213 880
f 2828 2858 928
f 2858 2828 4268
f 4238 901 2859
f 4238 2859 928
f 2858 4238 928
f 4210 2890 878
f 2890 4238 902
f 2890 4210 901
f 4238 2890 901
f 2972 4135 2997
f 815 2972 2997
f 2972 816 4135
f 816 2972 4158
f 2972 815 4157
f 2972 835 4158
f 835 2972 4157
f 2973 815 2998
f 2973 4133 814
f 4133 2973 2998
f 4156 2973 814
f 834 2973 4156
f 4157 2973 834
f 815 2973 4157
f 4262 2833 924
f 4262 924 2864
f 2804 4262 2834
f 2833 4262 2804
f 923 4262 2864
f 4262 923 2834
f 2772 975 2771
f 2836 2835 4261
f 2835 2805 2834
f 2835 923 4261
f 923 2835 2834
f 2805 2806 948
f 948 2806 4289
f 2806 2835 2836
f 2835 2806 2805
f 2806 2807 4289
f 2807 2806 2836
f 4320 973 2744
f 973 4319 2744
f 973 4320 2774
f 2775 973 2774
f 4319 973 2775
f 4159 836 2945
f 836 4185 2945
f 836 2946 4185
f 2971 836 4159
f 836 2971 2946
f 2797 4297 955
f 2798 4297 2797
f 4297 2798 954
f 2767 4297 954
f 4297 979 955
f 4297 2767 979
f 2799 4266 953
f 4266 2800 953
f 4266 2799 2829
f 4266 2829 927
f 2860 4266 927
f 1826 4944 4943
f 1826 1827 4955
f 1827 1826 4943
f 1708 1826 4955
f 4944 1826 1708
f 1553 1527 1989
f 1552 1553 1989
f 1527 1553 1528
f 1554 1553 1958
f 1528 1553 1554
f 1522 2011 2034
f 2011 1500 2034
f 2011 1990 1523
f 1990 2011 1522
f 1500 2011 2033
f 2011 1523 2033
f 1445 1446 2102
f 2091 1446 1445
f 1432 1446 2090
f 2102 1446 1432
f 2074 1461 1479
f 1461 2074 2090
f 1446 1461 2090
f 2197 2215 4791
f 2215 2197 2214
f 2214 2197 1347
f 1347 2197 4792
f 2197 2179 4792
f 2197 4791 2179
f 2180 4805 2165
f 1374 4805 2166
f 4805 1374 2165
f 1360 4804 2166
f 4804 1360 2181
f 4805 1360 2166
f 1360 4805 2180
f 2181 1360 2198
f 1360 2180 2198
f 2257 4756 1316
f 4756 2234 1316
f 1315 4756 2257
f 4756 1315 2235
f 4774 4756 2235
f 2234 4756 4774
f 4793 2178 1362
f 2195 4793 1362
f 4793 2195 1348
f 2196 4793 1348
f 4793 2196 2178
f 1961 1580 1550
f 1961 1579 1580
f 1962 1961 1550
f 1961 1962 1578
f 1608 1961 1578
f 1579 1961 1608
f 1904 4922 1631
f 4922 1663 1631
f 4906 1630 1904
f 1905 1630 4906
f 1629 1905 4906
f 1597 1629 1936
f 4904 1625 1941
f 1909 4904 1910
f 1625 4904 1909
f 4904 1593 4903
f 4904 1624 1910
f 1624 4904 4903
f 1971 1972 1568
f 1971 1539 1995
f 1972 1971 1995
f 1538 1972 1995
f 1514 1538 1995
f 1996 1538 1514
f 1538 1996 1973
f 1972 1538 1973
f 1593 4885 1943
f 1567 4887 1941
f 1569 1570 1969
f 1569 1938 1937
f 1570 1569 1937
f 1938 1569 1568
f 1939 1938 1568
f 1939 1595 1938
f 1595 1939 1594
f 1907 1628 4905
f 1628 1596 4905
f 1596 1628 1597
f 1629 1628 1906
f 1628 1629 1597
f 1627 1908 1659
f 1907 1627 1659
f 1627 1907 4905
f 1908 1627 1626
f 1595 1627 4905
f 1627 1595 1626
f 1692 1660 1871
f 1660 1659 1871
f 1660 1907 1659
f 1660 1692 1693
f 1660 1661 1906
f 1661 1660 1693
f 1874 1689 1873
f 1689 1874 1844
f 1689 1690 1873
f 1843 1689 1844
f 1690 1689 1843
f 1688 4936 1875
f 1874 4936 1688
f 4903 4901 1623
f 1592 4901 4903
f 4901 1592 1944
f 1591 4901 1944
f 4901 1622 1623
f 4901 1591 1590
f 1622 4901 1590
f 1881 1882 1680
f 1882 1679 1680
f 1882 1883 1679
f 1682 1851 1850
f 1650 1682 1880
f 1682 1683 1880
f 1683 1682 1850
f 1586 1947 1585
f 4883 1563 1977
f 4900 1622 1590
f 1588 1562 1587
f 1562 1532 1979
f 4883 1562 1588
f 1946 1586 1587
f 1946 1947 1586
f 1879 1651 1880
f 1652 1651 1879
f 1651 1650 1880
f 4917 1912 1655
f 4918 4917 1655
f 4917 4918 1912
f 1685 4934 1878
f 4934 1685 1686
f 1686 1685 1848
f 4933 1685 1878
f 1685 1684 1848
f 1685 4933 1684
f 1599 1598 4906
f 1629 1598 1936
f 1598 1629 4906
f 1934 1600 1572
f 1934 1599 1600
f 1967 1571 1572
f 1571 1934 1572
f 2116 2056 2013
f 1993 2014 2015
f 2014 1993 2013
f 1519 2014 2013
f 2093 2078 1457
f 2057 2078 2058
f 2037 1518 2036
f 1518 1519 2036
f 1518 2037 1517
f 2014 1518 2015
f 1518 2014 1519
f 2037 2038 1517
f 2038 1516 1517
f 2039 2038 1494
f 1516 2038 2039
f 2125 2118 2117
f 2136 2137 1416
f 2137 2136 1403
f 1391 2137 1403
f 1401 2139 2138
f 1413 2139 1399
f 2139 1414 2138
f 1414 2139 1413
f 1426 4839 1427
f 4839 2107 1427
f 2107 2106 1427
f 2105 2106 1442
f 2105 1442 2116
f 1516 2017 1517
f 1541 2017 1540
f 1515 1516 2039
f 1493 1515 2039
f 1539 1515 1995
f 1515 4864 1995
f 1515 2017 1516
f 1515 1539 1540
f 2017 1515 1540
f 1455 1439 2094
f 1426 1439 4839
f 1456 1455 2079
f 1456 2078 2093
f 2060 1493 1494
f 2060 1470 2061
f 1493 2060 2061
f 1471 2059 2058
f 2059 2060 1494
f 2060 2059 1471
f 2080 1471 1455
f 2080 1454 1470
f 2060 2080 1470
f 2080 2060 1471
f 2080 1455 2094
f 1454 2080 2094
f 1451 2097 1435
f 2097 1436 1435
f 1513 2040 2019
f 1513 1514 1491
f 2040 1513 1491
f 2067 1464 2068
f 1486 2067 2068
f 3755 107 5099
f 107 3755 5100
f 3722 3721 5138
f 3721 5139 5138
f 181 3721 5176
f 3721 3722 5176
f 5177 3721 181
f 3720 3721 5177
f 5139 3721 3720
f 148 5103 3752
f 5143 148 3752
f 3717 5143 5142
f 3717 3718 5180
f 3717 5142 3718
f 185 3682 3681
f 185 5144 3716
f 5144 185 3715
f 3750 5144 149
f 3750 149 5105
f 3750 111 5104
f 3750 5105 111
f 222 3646 5221
f 3680 222 5221
f 222 3680 3681
f 3680 186 3681
f 186 3714 5145
f 3715 186 5145
f 3587 3616 5254
f 3616 3587 5255
f 3684 3683 5180
f 3683 3684 5217
f 3568 309 5312
f 309 3568 3569
f 309 5311 5312
f 309 3569 5276
f 5179 183 3719
f 5141 183 3718
f 183 5141 3719
f 183 5179 3684
f 3718 183 5180
f 183 3684 5180
f 3230 5615 3260
f 601 5615 3230
f 5615 578 3260
f 578 5615 3259
f 5615 5616 3259
f 5615 601 5616
f 628 605 3225
f 605 5619 3225
f 605 628 652
f 605 5620 3255
f 5619 605 3255
f 605 652 5621
f 5620 605 5621
f 3226 604 5618
f 5619 604 3225
f 5648 628 3225
f 604 5648 3225
f 5648 604 3226
f 628 5648 3197
f 627 5648 3226
f 603 5618 3257
f 603 3226 5618
f 2892 900 4209
f 900 4237 4209
f 900 2892 4208
f 4236 900 4208
f 900 2860 4237
f 900 4236 2860
f 876 2893 4208
f 2893 899 4208
f 2893 876 4207
f 899 2893 4207
f 4379 2711 2712
f 4320 2743 974
f 2743 4320 2744
f 1000 2742 4351
f 2742 4350 4351
f 975 2742 1000
f 3515 3516 3490
f 3516 366 3490
f 3516 3515 5342
f 3516 5342 3544
f 366 3516 3544
f 308 5310 339
f 5311 308 339
f 3571 308 5275
f 308 3571 5310
f 4040 3072 4063
f 737 3072 4040
f 3072 737 4039
f 4063 3072 758
f 3072 4039 758
f 3110 5733 698
f 3110 4028 699
f 5733 3110 699
f 3112 697 5731
f 697 5732 5731
f 697 3112 4026
f 5732 697 4026
f 3137 5708 3138
f 3137 679 5708
f 679 3137 3136
f 3137 5732 3136
f 5732 3111 698
f 3111 5732 4026
f 718 3111 4026
f 5347 3510 343
f 3539 5347 343
f 3510 5347 370
f 5347 3511 370
f 3511 5347 3539
f 312 5315 343
f 3565 312 343
f 312 3565 5280
f 312 5280 3566
f 5315 312 3566
f 3538 5348 3537
f 3510 3538 343
f 371 3538 3510
f 5348 3538 371
f 3565 313 5281
f 3671 5196 202
f 5196 203 3705
f 203 5196 3670
f 5196 3671 3670
f 3706 5196 3705
f 5196 3706 202
f 237 3672 3638
f 3671 3672 237
f 3672 236 3638
f 236 3672 3673
f 3673 3672 5194
f 3672 201 5194
f 5081 3775 3774
f 3775 129 130
f 3774 3775 130
f 3775 3776 129
f 3775 5081 3776
f 5158 165 3705
f 165 3706 3705
f 3707 164 5156
f 3708 3707 5156
f 3707 3708 5194
f 201 3707 5194
f 3706 5195 202
f 3672 5195 201
f 5195 3707 201
f 3707 5195 3706
f 5195 3671 202
f 5195 3672 3671
f 3702 5163 5162
f 3701 5163 3702
f 5163 3736 5162
f 3736 5163 3735
f 3801 61 5051
f 61 3801 5052
f 98 3801 5051
f 5088 3801 98
f 3801 5088 5089
f 5089 3765 5090
f 137 3766 5129
f 3766 136 5129
f 3766 5089 136
f 3765 3766 137
f 3766 3765 5089
f 5127 3733 3767
f 171 5127 3734
f 3733 5127 171
f 3803 59 5049
f 5086 3803 5049
f 5087 3803 5086
f 3803 5087 97
f 5050 3803 97
f 5050 60 59
f 3803 5050 59
f 134 3769 5086
f 3769 5087 5086
f 3769 134 5126
f 3768 3769 5126
f 5087 3769 3768
f 5087 3802 97
f 3802 5087 5088
f 3802 5088 98
f 3802 5050 97
f 5050 3802 60
f 3802 98 5051
f 60 3802 5051
f 3864 23 3863
f 23 5012 3863
f 5014 3834 25
f 3834 5015 26
f 5015 3834 62
f 3834 5014 62
f 25 3834 3860
f 3834 26 3860
f 3798 63 5054
f 3833 63 5016
f 63 64 5016
f 63 3798 64
f 5015 63 3833
f 63 5053 5054
f 5053 63 5015
f 5055 3797 102
f 5092 3797 101
f 3797 5055 101
f 5019 5057 66
f 5019 3830 5057
f 3829 5019 66
f 5019 3829 29
f 3830 5019 29
f 3831 28 5017
f 64 3831 5017
f 67 5059 5021
f 5059 67 3793
f 5021 5059 68
f 5059 3793 105
f 5059 3792 68
f 3792 5059 105
f 3764 100 5090
f 3764 5091 100
f 5091 3764 138
f 138 3764 5130
f 3765 3764 5090
f 3764 137 5130
f 3764 3765 137
f 139 3762 5092
f 3762 5093 102
f 3762 140 5093
f 3797 3762 102
f 3762 3797 5092
f 3762 139 5132
f 3762 5132 5133
f 140 3762 5133
f 3795 5095 3794
f 5095 104 3794
f 5095 3795 5094
f 3758 142 5136
f 5096 142 3758
f 142 5135 5136
f 5175 179 3689
f 179 3690 3689
f 3690 179 5174
f 179 5175 3723
f 3724 179 3723
f 179 3724 5174
f 5211 3656 215
f 3690 5211 215
f 3659 3660 245
f 3628 3659 245
f 246 3659 3628
f 3659 246 3658
f 213 5209 3658
f 5209 3659 3658
f 3659 5209 212
f 3694 3693 176
f 3693 5171 176
f 5209 3693 212
f 3693 177 5171
f 5287 3587 285
f 5287 286 3587
f 3559 5287 285
f 348 5321 3532
f 348 3532 3531
f 5322 348 3531
f 5321 348 317
f 348 3559 317
f 348 5322 3559
f 349 5322 3531
f 3530 349 5355
f 349 3531 5355
f 5320 3534 347
f 3560 5320 347
f 316 5320 3560
f 5320 5319 3534
f 5320 316 5319
f 5581 549 3324
f 549 3296 3295
f 549 5581 3296
f 572 3266 3296
f 3297 572 3296
f 571 572 3297
f 594 5606 3239
f 3238 594 3239
f 5607 5608 3268
f 5607 595 5608
f 5607 594 595
f 3269 5607 3268
f 5607 3269 5606
f 594 5607 5606
f 3237 594 3238
f 594 3237 595
f 547 5579 3298
f 5579 3299 570
f 3298 5579 570
f 5579 5578 3299
f 5578 5579 3327
f 5579 547 3327
f 5580 548 3326
f 525 548 3325
f 548 525 3326
f 548 5581 3325
f 5581 548 3297
f 548 5580 3297
f 5472 480 3403
f 3403 480 5473
f 3378 480 5499
f 480 5472 5499
f 5473 480 5500
f 480 3378 5500
f 5585 552 3292
f 552 5585 3320
f 5612 3263 598
f 3263 5612 575
f 5559 530 3346
f 5259 3582 3581
f 3582 5259 258
f 5223 3643 3677
f 3643 3612 258
f 3613 3612 3643
f 3612 5258 258
f 3612 3613 5258
f 3645 223 5221
f 223 3645 5222
f 3678 223 5222
f 5184 5146 3714
f 3531 3503 5355
f 5354 3503 3531
f 3503 3502 5355
f 3503 5354 376
f 3503 376 3477
f 3502 3503 3477
f 376 5385 3477
f 3478 5385 376
f 404 5385 3453
f 5385 404 3477
f 5385 403 3453
f 5385 3478 403
f 246 5243 3598
f 5243 246 3628
f 3598 5243 3599
f 5243 3628 3599
f 5187 3980 191
f 5187 192 3980
f 88 5079 3777
f 88 3813 5079
f 89 88 3777
f 88 89 3812
f 5041 3812 51
f 3847 5041 51
f 5041 88 3812
f 88 5041 3813
f 3876 12 4981
f 3876 3877 12
f 5545 5546 3361
f 518 5545 3361
f 5546 5545 3334
f 5545 518 3334
f 5498 5524 502
f 502 5524 5525
f 501 5524 3380
f 5524 5498 3380
f 5525 5524 3354
f 5524 3355 3354
f 522 3330 3329
f 3381 5523 501
f 5349 3537 372
f 3508 5349 372
f 5349 3508 3536
f 5317 5349 3536
f 5546 519 3360
f 519 5546 3333
f 519 3333 3332
f 5547 519 3332
f 3358 520 5548
f 520 5547 3332
f 3331 520 3332
f 520 3331 5548
f 447 5463 3413
f 447 5433 3414
f 5463 447 3414
f 447 3439 5433
f 447 421 3439
f 5490 3388 495
f 5490 5463 3388
f 5516 5517 495
f 5517 5490 495
f 5490 5517 3387
f 5517 5516 5543
f 5517 5544 3362
f 5544 5517 5543
f 3413 5464 448
f 5343 3514 3542
f 3514 5344 3542
f 3514 5343 367
f 3489 3514 367
f 3488 3514 3489
f 3514 3488 368
f 5344 3514 368
f 400 5411 3457
f 400 3458 5411
f 5381 400 3457
f 400 5381 3482
f 3459 5409 5410
f 5379 3483 3509
f 3484 5379 3509
f 3432 426 5410
f 3458 426 5411
f 426 3458 5410
f 426 3431 5411
f 5377 3486 5376
f 3486 3487 5376
f 3487 3486 369
f 3486 3512 369
f 3485 3486 5377
f 3486 3485 3511
f 3512 3486 5346
f 3486 3511 5346
f 5405 421 3438
f 316 3561 5319
f 5319 3561 315
f 3561 5284 315
f 3561 316 5285
f 3561 5285 283
f 5284 3561 283
f 5685 3190 659
f 3162 5711 3161
f 5711 5712 3161
f 5711 3162 5710
f 3217 5657 5628
f 5627 5628 3247
f 5627 3217 5628
f 3217 5627 610
f 5596 585 5597
f 585 5596 3250
f 5625 585 3250
f 657 5682 3164
f 3192 657 3164
f 657 3192 5682
f 511 5536 3342
f 5563 5536 533
f 5536 5563 3342
f 486 3396 3371
f 3370 486 3371
f 3396 486 5480
f 486 3370 5480
f 5507 487 3395
f 3369 487 5507
f 3395 487 5481
f 487 3394 5481
f 534 3341 5537
f 534 5564 3341
f 3342 534 5537
f 5563 534 3342
f 534 5563 3315
f 3314 534 3315
f 5564 534 3314
f 581 3256 5619
f 5618 3256 580
f 3256 3285 580
f 3256 581 3285
f 604 3256 5618
f 3256 604 5619
f 558 5592 3313
f 5592 558 3285
f 5591 558 3313
f 558 5591 3285
f 3175 670 3147
f 5698 670 3175
f 3176 5698 5670
f 3176 5670 3204
f 3176 5669 5697
f 5669 3176 3204
f 5701 5673 3173
f 5701 3172 5673
f 672 5701 3173
f 5701 672 3145
f 3172 5701 673
f 5751 5752 3117
f 640 5664 3210
f 640 3182 5664
f 616 3210 5634
f 5633 616 3241
f 616 592 3241
f 616 5634 592
f 616 5663 3210
f 5663 616 5633
f 5663 640 3210
f 5475 3375 3400
f 5475 482 3375
f 482 5475 3401
f 3401 5475 457
f 5475 3400 457
f 3142 3114 3141
f 3141 3114 652
f 5703 3142 3170
f 3142 5703 674
f 776 4108 3024
f 4108 776 3025
f 4062 4085 3048
f 4085 776 3024
f 776 4085 3049
f 3048 4085 777
f 4085 3024 777
f 3049 756 736
f 756 4062 5765
f 736 756 5765
f 756 4085 4062
f 4085 756 3049
f 3052 4081 774
f 3052 774 4082
f 3052 753 4058
f 4081 3052 4058
f 4059 3052 4082
f 734 3052 4059
f 3052 734 753
f 810 4151 811
f 4128 811 3003
f 4128 810 811
f 792 4128 3003
f 4128 792 4104
f 2981 809 4126
f 733 3093 5760
f 712 3093 733
f 5760 3093 732
f 3093 5749 732
f 3093 712 5749
f 734 5762 3091
f 5763 5762 754
f 5762 4059 754
f 5762 734 4059
f 694 5726 3118
f 694 3118 3117
f 5727 694 3117
f 5726 694 3145
f 694 5727 3145
f 713 5751 3092
f 734 713 3092
f 713 734 3091
f 5752 713 3091
f 713 5752 5751
f 3030 4102 4103
f 772 3030 4103
f 3030 3031 4102
f 826 4146 2959
f 4146 826 2984
f 4146 2960 2959
f 2960 4146 825
f 4146 4145 825
f 4145 4146 806
f 4146 2984 806
f 826 4173 2958
f 4173 848 2958
f 848 4173 2930
f 4173 826 2959
f 2931 4173 2959
f 4173 2931 2930
f 4096 3038 4095
f 3038 4096 766
f 3038 766 4072
f 4071 3038 4072
f 3062 746 4049
f 766 3062 4072
f 3062 745 4072
f 745 3062 4049
f 4036 725 745
f 725 4036 3102
f 3040 764 4093
f 3041 764 4069
f 764 3041 4093
f 764 3040 4070
f 765 3039 4095
f 3039 765 4071
f 3038 765 4095
f 765 3038 4071
f 802 3014 4117
f 3014 783 4117
f 2987 2962 824
f 4144 2987 824
f 4169 823 2963
f 4169 2963 844
f 2962 4169 2934
f 823 4169 2962
f 2934 4169 867
f 4169 2935 867
f 2935 4169 844
f 2986 805 4121
f 2986 4145 805
f 4145 2986 2961
f 2986 4144 2961
f 3017 800 4116
f 781 3017 4116
f 800 3017 4115
f 3017 781 4115
f 762 4091 3042
f 4091 781 3042
f 4091 762 3043
f 781 4091 4115
f 4091 780 4115
f 780 4091 3043
f 666 3152 3180
f 3208 666 3180
f 3152 666 3153
f 707 3125 5743
f 3125 3126 5743
f 641 5665 3181
f 641 3208 617
f 5665 641 617
f 5664 3209 617
f 3209 5665 617
f 5665 3209 3181
f 3209 3182 3181
f 3182 3209 5664
f 4037 726 746
f 746 726 4049
f 726 4036 4049
f 4036 726 3101
f 3101 726 706
f 726 4037 706
f 728 748 5755
f 728 3098 708
f 3098 728 5755
f 3100 707 5743
f 706 3100 5743
f 4037 3100 706
f 702 5738 3131
f 5738 684 3131
f 3158 3187 3159
f 3187 3158 5688
f 3104 5739 703
f 5715 3158 684
f 3158 5715 3157
f 637 3213 613
f 3212 614 638
f 614 3212 5632
f 3213 614 5631
f 5631 614 3243
f 614 5632 3243
f 3058 4076 770
f 5757 749 3057
f 4054 5757 3057
f 5757 3097 749
f 5757 709 3097
f 709 5757 3096
f 730 750 5758
f 730 5758 710
f 3096 730 710
f 5757 730 3096
f 750 730 4054
f 730 5757 4054
f 711 731 3094
f 711 5748 731
f 711 3094 5749
f 731 3095 5758
f 5748 3095 731
f 5758 3095 710
f 3095 5748 710
f 3149 3177 5696
f 3177 3149 669
f 3150 3149 5696
f 3149 3150 5722
f 3122 3149 5722
f 5723 3149 3122
f 5748 3121 710
f 3121 5747 710
f 4075 768 3035
f 768 4074 3035
f 2960 4172 2959
f 4172 2931 2959
f 870 2931 4200
f 2931 870 2930
f 893 870 4200
f 2900 870 893
f 870 848 2930
f 848 871 2929
f 871 849 2929
f 4202 871 2899
f 849 871 4202
f 4260 922 2866
f 922 4260 2836
f 921 4260 2866
f 4260 2837 2836
f 2837 4260 921
f 2928 849 4202
f 2872 917 4225
f 917 2871 4225
f 4257 919 2840
f 919 4257 2839
f 3580 5267 300
f 267 5267 3580
f 5267 3939 300
f 5267 267 3948
f 3939 5267 266
f 5267 3948 266
f 3968 3967 195
f 195 3967 5190
f 5190 3967 3966
f 3967 231 3966
f 3948 5230 3949
f 5230 3957 3949
f 5230 3948 3642
f 387 3906 3916
f 3914 3913 3922
f 5367 3915 3916
f 3906 5367 3916
f 5367 3906 388
f 5367 388 3905
f 3915 5367 3905
f 330 5300 297
f 358 3925 5333
f 3917 358 3926
f 3917 3925 358
f 5227 3952 3960
f 5226 228 3962
f 227 5226 3962
f 5226 227 3954
f 3961 3960 3969
f 3961 5227 3960
f 5227 3961 228
f 192 3970 5188
f 3961 3970 228
f 228 3970 3962
f 3970 3961 3969
f 193 3970 3969
f 3970 193 5188
f 819 4138 4137
f 4138 799 4137
f 4138 819 2967
f 820 4138 2967
f 4138 820 4139
f 4401 2691 1039
f 2690 4401 1039
f 2691 4401 4368
f 4401 2690 4368
f 4431 1065 2660
f 4431 1038 4399
f 1038 4431 2660
f 2629 1064 4462
f 2629 2598 4463
f 2598 2629 4462
f 2629 4431 1064
f 1065 2629 4463
f 4431 2629 1065
f 4462 2630 1063
f 1064 2630 4462
f 4461 4460 2601
f 2632 4460 4461
f 4460 2602 2601
f 4460 2632 1062
f 2569 1089 4491
f 1089 2600 4491
f 1089 4492 2599
f 1089 2569 4492
f 4462 1089 2599
f 2600 1089 4462
f 962 4307 2788
f 962 2789 4306
f 962 2788 2789
f 2758 962 4306
f 2757 962 2758
f 4307 962 2757
f 2873 4253 916
f 2873 4223 4253
f 4224 2873 916
f 2873 4224 889
f 4223 2873 889
f 4310 965 4309
f 2754 4310 4309
f 965 4310 2753
f 4310 2754 2753
f 940 4281 2815
f 940 2816 4280
f 2816 940 2815
f 966 2784 965
f 940 2784 4281
f 2784 966 2783
f 4281 2784 2783
f 965 2784 2785
f 2785 2784 4280
f 2784 940 4280
f 2780 969 2779
f 4256 2811 2840
f 2870 4256 2840
f 4256 2870 918
f 2748 2749 994
f 2749 2750 994
f 4286 2810 2779
f 2811 2810 2840
f 2810 4286 945
f 2810 4257 2840
f 2809 4258 2839
f 4287 2809 945
f 2809 4287 946
f 2809 2810 945
f 2808 2809 946
f 4257 2809 2839
f 2810 2809 4257
f 2809 2808 2838
f 4258 2809 2838
f 1072 4441 2650
f 1072 2619 4441
f 4440 1072 2650
f 1072 4440 2620
f 2714 1022 4347
f 1022 997 4347
f 1022 4377 2713
f 1022 2714 4377
f 4348 1022 2713
f 997 1022 4348
f 970 4315 2748
f 4315 2749 2748
f 2749 4315 969
f 969 4315 2779
f 4315 970 2779
f 996 4347 2746
f 4317 996 2746
f 995 4316 2748
f 4219 912 2877
f 2878 912 4219
f 4188 2913 860
f 4188 883 2913
f 4188 860 2944
f 2881 909 2851
f 2852 909 2882
f 909 4216 2882
f 909 2881 4216
f 4562 1172 2498
f 2586 1100 4475
f 2617 2586 4475
f 2586 2617 4474
f 2586 4474 1099
f 4504 2586 1099
f 2586 4504 1100
f 4372 2718 1018
f 4373 2718 4372
f 2718 4343 1018
f 2718 4373 4344
f 2718 4344 993
f 4343 2718 993
f 2684 4408 2683
f 2684 4374 2685
f 4373 1019 4344
f 1019 4373 2685
f 4374 1019 2685
f 4438 2653 4437
f 2653 2654 4437
f 2653 4438 2652
f 1197 2437 4591
f 2467 1197 4592
f 2467 4562 2498
f 1195 4589 2439
f 4589 4618 2439
f 4618 4589 2409
f 4589 4617 2409
f 4617 4589 1195
f 4590 4619 4591
f 2437 4590 4591
f 2408 4618 1219
f 4619 2408 1219
f 2407 1197 4591
f 4619 2407 4591
f 1197 2407 2406
f 4644 1220 1219
f 1220 4619 1219
f 2379 1220 4644
f 1220 2407 4619
f 1220 2379 4645
f 2406 1220 4645
f 2407 1220 2406
f 4616 2410 4588
f 2410 4617 4588
f 4617 2410 1218
f 1218 2410 2382
f 2410 1217 2382
f 2410 4616 1217
f 1195 2440 4588
f 2470 1195 2439
f 4590 1170 2438
f 1170 2437 2468
f 1170 4590 2437
f 2273 1301 2274
f 1301 4716 2274
f 4716 1301 2298
f 2212 1334 4777
f 4778 1334 2212
f 1334 2232 4777
f 2231 4778 1335
f 2231 1334 4778
f 2233 1317 2256
f 4758 1317 2233
f 4760 2231 1335
f 4740 4739 1320
f 1320 4739 2252
f 4741 4740 2250
f 4715 1300 2299
f 1300 4715 2275
f 1300 4716 2299
f 1300 2275 2274
f 4716 1300 2274
f 4715 2276 2275
f 2276 4739 2275
f 2276 2277 4738
f 2277 2276 4714
f 4640 1216 2384
f 1238 4640 2384
f 4640 1238 2383
f 4615 2383 1217
f 4615 4640 2383
f 4640 4615 1216
f 1216 4615 2412
f 4615 1193 2412
f 4639 4614 1215
f 1216 4614 4639
f 4614 2413 1215
f 4614 1216 2412
f 2475 1191 2444
f 1191 4613 2444
f 1191 2414 4613
f 2414 1191 4612
f 4614 1192 2413
f 1256 4663 2357
f 1256 2328 4663
f 4662 1256 2357
f 1256 4662 2329
f 4689 1256 2329
f 2328 1256 4689
f 2328 1278 2327
f 1278 4714 2300
f 4691 1278 2300
f 1278 4691 2327
f 992 2751 4312
f 992 4342 2751
f 992 4312 2752
f 4341 992 2752
f 992 4341 2720
f 4342 992 2720
f 4583 2445 2476
f 4583 1190 2445
f 4583 2477 2446
f 1190 4583 2446
f 4585 2475 2444
f 4613 4585 2444
f 2413 4585 4613
f 1192 4585 2413
f 2634 1061 4426
f 4426 1061 2665
f 1061 4427 2665
f 1061 2634 4459
f 4398 4365 2694
f 4398 2693 4365
f 2693 4398 1037
f 4398 2662 1037
f 4397 1036 2694
f 1036 4397 2663
f 1036 4398 2694
f 4398 1036 2662
f 4397 4428 2663
f 2664 4428 4397
f 2663 4428 1062
f 1035 4397 2695
f 1035 2664 4397
f 4396 1035 2695
f 2664 1035 4396
f 4429 2663 1062
f 2631 4429 1062
f 4429 1036 2663
f 1036 4429 2662
f 4429 2631 1063
f 2662 4429 1063
f 4469 1095 2591
f 1094 2593 2624
f 2532 4525 1143
f 2627 4465 1066
f 4465 2626 1066
f 2596 4465 4464
f 4465 2627 4464
f 2626 4466 1067
f 1065 4432 2660
f 2660 4432 4400
f 4432 1065 2627
f 2570 4490 1113
f 4491 2570 1114
f 2570 4491 1088
f 4490 2570 1088
f 2570 2538 1114
f 2570 1113 2538
f 2603 2602 4459
f 2634 2603 4459
f 2602 2603 4489
f 2603 4458 1086
f 2603 2634 4458
f 2603 2572 4489
f 2572 2603 1086
f 2506 4555 2505
f 4555 1166 2505
f 1166 4555 2474
f 4555 2506 1165
f 2475 4555 1165
f 4555 4585 2474
f 4585 4555 2475
f 1116 2535 2534
f 2535 4523 2534
f 2535 1115 2536
f 1141 2535 2536
f 4523 2535 1141
f 1115 2535 2568
f 2567 2535 1116
f 2535 2567 2568
f 1033 4394 2698
f 4393 1033 2698
f 2667 1033 4393
f 1033 2667 4425
f 2666 1033 4425
f 4394 1033 2666
f 958 4301 4302
f 4301 958 2793
f 2794 4301 2793
f 2825 4272 2824
f 4272 2825 932
f 2854 2825 2824
f 4242 2825 2854
f 932 2825 4242
f 2765 956 4299
f 956 2765 4300
f 956 4300 2795
f 4299 956 2796
f 956 2795 2796
f 4330 982 4329
f 982 2765 4329
f 4331 982 4330
f 2794 4271 2795
f 4271 2794 932
f 4271 4270 2795
f 4270 4271 932
f 4300 957 2795
f 957 2794 2795
f 957 4301 2794
f 935 4275 2821
f 4275 935 2790
f 2821 4275 936
f 4275 4276 936
f 4276 4275 2789
f 4275 2790 2789
f 2790 2791 960
f 960 2791 4304
f 2791 959 4304
f 959 2791 2792
f 2791 934 2792
f 984 2761 4303
f 2761 984 4333
f 2761 4333 985
f 2761 959 4303
f 4304 2761 985
f 959 2761 4304
f 2423 4603 2424
f 1207 2423 2424
f 2423 1207 4604
f 2423 4604 1183
f 4603 2423 1183
f 1229 2396 1228
f 1229 2367 2366
f 1229 1228 2367
f 2396 1229 4629
f 1229 2395 4629
f 2365 1229 2366
f 2395 1229 2365
f 1248 4653 2368
f 2339 1248 2368
f 2340 2341 4678
f 2340 4651 2341
f 4653 4654 2367
f 2367 4654 2366
f 4654 1249 2366
f 2547 4511 1132
f 4511 2516 1132
f 1131 4511 2548
f 2516 4511 2517
f 4511 1131 2517
f 4511 1106 2548
f 4511 2547 1106
f 4672 1263 2347
f 1263 4672 2320
f 2320 4672 1262
f 4697 2319 1284
f 1284 2319 4696
f 2319 1263 4696
f 4698 2318 1285
f 2318 4697 1285
f 2403 2373 4623
f 2372 2373 4648
f 2373 2372 4623
f 2346 2374 4646
f 4647 2374 2346
f 2373 2374 4647
f 2375 1224 2376
f 2493 4567 2462
f 4567 2493 4537
f 2463 4567 2494
f 4567 4537 2494
f 1176 2433 2463
f 1177 4596 2431
f 4568 1177 2431
f 4596 1177 2462
f 2462 1177 1151
f 1177 4568 1151
f 1178 2461 4597
f 2461 4568 4597
f 2461 1178 4569
f 2461 2492 4568
f 1152 2461 4569
f 2461 1152 2492
f 4676 4700 2315
f 2315 4700 4701
f 1287 4700 2316
f 4700 4676 2316
f 4700 2290 4701
f 4700 1287 2290
f 2459 2490 4570
f 1179 2459 4570
f 2459 1179 4571
f 2489 1153 4571
f 1153 2459 4571
f 2459 1153 2490
f 1154 2489 2458
f 2488 1154 4572
f 1180 1154 2458
f 1154 1180 4572
f 2445 2415 4612
f 1190 2415 2445
f 2415 1214 4612
f 1214 2415 2387
f 2415 1213 2387
f 1232 4633 2392
f 2362 1232 2363
f 4632 1232 2392
f 1232 4632 2363
f 4658 2361 2362
f 2361 1232 2362
f 2361 4658 2333
f 4731 1313 2260
f 1313 4731 2261
f 4731 2284 2261
f 2284 4730 2261
f 2332 1253 2333
f 1273 4685 2333
f 4686 2305 4710
f 4606 2421 1209
f 2420 4606 1209
f 4606 4578 2451
f 4578 4606 1186
f 4606 2420 1186
f 1185 4606 2451
f 2421 4606 1185
f 2266 4726 2289
f 2242 4749 2265
f 4750 4749 2241
f 4749 1326 2241
f 1326 4749 2242
f 1309 2242 2265
f 1309 4748 2242
f 4748 1309 2266
f 1309 4726 2266
f 2240 4750 2241
f 1327 2240 2241
f 2240 1311 2263
f 4750 2240 2263
f 2546 1107 4512
f 2546 2515 4513
f 2515 2546 4512
f 1108 2546 4513
f 1107 2546 1108
f 2547 2579 1106
f 1107 2579 2547
f 2579 4481 1106
f 4543 2517 2518
f 4543 1156 2517
f 2487 4543 2518
f 2456 4543 2487
f 1156 4543 2456
f 1158 2515 2484
f 2515 1158 4546
f 1158 2484 2453
f 2452 1158 2453
f 4546 1158 2452
f 2147 1393 4825
f 1393 2147 4818
f 2147 4825 1394
f 4818 2147 1394
f 1393 4817 2148
f 4817 4808 1380
f 2148 4817 1380
f 4808 4817 1381
f 4817 1393 1381
f 1353 2174 2188
f 4797 2174 1353
f 2188 2174 1354
f 2174 2173 1354
f 2173 2174 4798
f 4798 2174 1368
f 2174 4797 1368
f 4626 2369 2398
f 2369 4626 1226
f 4626 2399 1226
f 1204 4626 2398
f 2399 4626 1204
f 2370 1225 4650
f 2370 4651 1226
f 2370 4650 1246
f 4651 2370 1246
f 2399 4625 1226
f 4625 2370 1226
f 2370 4625 1225
f 1203 4625 4600
f 4625 2399 4600
f 4657 2363 2364
f 4657 2334 2363
f 2342 1267 2341
f 1267 2342 4677
f 2341 1267 2314
f 1267 4677 2314
f 4764 2226 1323
f 2226 2225 1323
f 2226 1338 2225
f 1337 2226 2227
f 2226 4764 2227
f 2209 2226 1337
f 1338 2226 2209
f 4747 2243 1308
f 4747 2244 2243
f 2267 4747 1308
f 4747 2267 4746
f 1324 4766 2243
f 2244 1324 2243
f 4766 1324 2224
f 2244 2245 1323
f 2245 4746 2246
f 2245 4747 4746
f 4747 2245 2244
f 4764 2245 2246
f 2245 4764 1323
f 2156 4820 1384
f 4812 2156 1384
f 1370 2156 4812
f 1355 2186 2187
f 2173 1355 2187
f 1356 2170 2184
f 1356 2184 2202
f 4734 2280 4710
f 2280 1296 4710
f 2280 4734 2257
f 2303 1297 4712
f 2303 4712 4688
f 1276 2303 4688
f 1296 2304 4710
f 2305 1295 4710
f 1295 2305 4709
f 1345 2199 4790
f 1345 2217 4789
f 2199 1345 4789
f 1344 2200 2217
f 4772 1344 2217
f 1344 4772 2218
f 2200 1344 4788
f 1344 2218 2201
f 4788 1344 2201
f 4771 1329 2238
f 4753 1329 2237
f 1329 4753 2238
f 1329 4772 2237
f 4772 1329 2218
f 1329 4771 2218
f 5261 260 3955
f 260 5225 3955
f 5225 260 3954
f 260 5261 3946
f 2862 4263 925
f 4263 2862 4234
f 2863 4263 4234
f 2833 4263 924
f 4263 2863 924
f 925 4263 2832
f 4263 2803 2832
f 4263 2833 2803
f 2855 4240 930
f 4240 2856 930
f 4240 4241 904
f 4241 4240 2855
f 4213 4240 904
f 2888 4240 4213
f 2856 4240 903
f 4240 2888 903
f 2888 4212 903
f 4212 880 2918
f 4212 2888 880
f 2856 2857 4269
f 878 879 4183
f 879 2919 4183
f 879 857 2919
f 857 879 4184
f 4184 879 2918
f 879 4212 2918
f 4292 2772 2771
f 4291 2804 949
f 4291 4292 2804
f 4292 4291 2772
f 4290 4291 949
f 4291 4290 2774
f 2772 4321 975
f 4321 2742 975
f 2743 4321 974
f 2830 2860 926
f 2830 4266 2860
f 4265 2830 926
f 2800 2830 4265
f 4266 2830 2800
f 1582 1581 1610
f 1582 1610 1927
f 1611 1582 1927
f 1460 2091 2075
f 1460 2075 1479
f 1461 1460 1479
f 1460 1446 2091
f 1460 1461 1446
f 1663 1662 1869
f 4922 1662 1663
f 1662 4922 1904
f 1630 1662 1904
f 1662 1630 1905
f 1870 1693 1694
f 1870 1661 1693
f 1869 1870 1694
f 1662 1870 1869
f 1870 1662 1661
f 1629 4921 1905
f 4921 1662 1905
f 1662 4921 1661
f 1661 4921 1906
f 4921 1629 1906
f 4885 1565 1943
f 4904 1942 1593
f 1942 4904 1941
f 4887 1942 1941
f 1970 1969 1540
f 1970 1569 1969
f 1539 1970 1540
f 1971 1970 1539
f 1970 1971 1568
f 1569 1970 1568
f 1972 4888 1568
f 4888 1939 1568
f 4888 1972 1940
f 4888 1940 1594
f 1939 4888 1594
f 4920 1628 1907
f 1660 4920 1907
f 1628 4920 1906
f 4920 1660 1906
f 1656 4936 1874
f 1656 1909 1910
f 4936 1656 1875
f 1656 1657 1909
f 1656 1874 1657
f 4919 1656 1910
f 1656 4919 1875
f 1510 2043 2021
f 4875 1975 1566
f 1565 1975 4874
f 1975 4885 1566
f 1975 1565 4885
f 1512 4875 2019
f 1512 2041 1511
f 1512 2040 2041
f 2040 1512 2019
f 1974 4875 1566
f 4887 1974 1566
f 1974 4887 1567
f 1974 1567 1973
f 2019 1974 1973
f 4875 1974 2019
f 1563 1534 1977
f 1534 1510 2021
f 1918 1615 1614
f 1648 1882 1881
f 1617 1586 1585
f 1682 1681 1851
f 1851 1681 1680
f 1681 1881 1680
f 1948 1558 1949
f 1949 1558 1557
f 1558 4873 1557
f 1589 4883 1588
f 4900 1589 1588
f 1589 4900 1590
f 4900 1621 1622
f 1621 1913 1622
f 1532 1997 2022
f 1997 1509 2022
f 1509 1997 2021
f 1978 4883 1977
f 1978 1562 4883
f 1562 1978 1532
f 1978 1997 1532
f 1586 1618 1587
f 1617 1618 1586
f 1934 1935 1599
f 1571 1935 1934
f 1935 1598 1599
f 1598 1935 1936
f 1935 1571 1936
f 1543 1967 1993
f 1543 1571 1967
f 1543 1993 2015
f 2077 1474 1458
f 1458 1474 2116
f 1474 2056 2116
f 1474 2057 2056
f 2056 1497 2013
f 1497 1519 2013
f 1519 1497 2036
f 2057 1497 2056
f 1496 2057 2058
f 1496 2037 2036
f 1497 1496 2036
f 1496 1497 2057
f 2078 1472 2058
f 1471 1472 2079
f 1472 1471 2058
f 1472 1456 2079
f 1456 1472 2078
f 1473 2078 2057
f 1473 1474 2077
f 1474 1473 2057
f 1473 2077 1457
f 2078 1473 1457
f 1495 2038 2037
f 1495 1496 2058
f 1496 1495 2037
f 2038 1495 1494
f 1495 2059 1494
f 2059 1495 2058
f 2118 1428 2117
f 2105 1428 2106
f 2106 1428 1427
f 1428 2118 1427
f 1415 2125 1416
f 2137 1415 1416
f 1414 1415 2138
f 1415 1414 2125
f 1400 1389 1399
f 2139 1400 1399
f 1400 2139 1401
f 1400 1390 1389
f 1400 1401 1390
f 2119 1426 1427
f 2118 2119 1427
f 2119 2118 2125
f 1414 2119 2125
f 4836 1429 2116
f 1429 2105 2116
f 1429 4836 2117
f 1428 1429 2117
f 1429 1428 2105
f 2017 2016 1517
f 1518 2016 2015
f 2016 1518 1517
f 1515 1492 4864
f 1492 1515 1493
f 1492 1493 2061
f 4864 1492 1491
f 1492 2062 1491
f 2062 1492 2061
f 2108 1439 1426
f 1440 1456 2093
f 1440 2107 4839
f 1439 1440 4839
f 1440 2093 1441
f 1440 1439 1455
f 1456 1440 1455
f 1467 2083 1451
f 2083 2097 1451
f 2083 1467 2063
f 2110 2109 1424
f 1437 2109 2110
f 2082 2062 1469
f 2081 1453 1469
f 2018 2019 1996
f 2018 1513 2019
f 2018 1996 1514
f 1513 2018 1514
f 1999 2000 1529
f 1999 1505 2000
f 1561 1946 1587
f 1562 1561 1587
f 1561 1562 1979
f 1946 1560 1947
f 1561 1560 1946
f 1450 1466 2084
f 2064 1466 2065
f 2064 1490 2063
f 1467 2064 2063
f 2064 1467 2084
f 1466 2064 2084
f 2065 1465 2066
f 1466 1465 2065
f 5139 145 5099
f 145 3755 5099
f 145 5139 5140
f 5100 145 5140
f 3755 145 5100
f 5103 3751 5104
f 148 3751 5103
f 3751 3750 5104
f 3750 3751 5144
f 3751 148 5143
f 3751 5143 3716
f 5144 3751 3716
f 5182 185 3681
f 185 5182 3715
f 186 5182 3681
f 5182 186 3715
f 5181 185 3716
f 185 5181 3682
f 5143 5181 3716
f 3717 5181 5143
f 5181 3683 3682
f 5220 3647 3646
f 222 5220 3646
f 3647 5220 3681
f 5220 222 3681
f 3615 255 5255
f 255 3616 5255
f 255 3615 3646
f 3647 255 3646
f 3616 255 3647
f 3617 5253 5254
f 3648 3617 3647
f 3616 3617 5254
f 3617 3616 3647
f 5252 3618 253
f 3618 3589 5253
f 3618 5252 3589
f 3682 221 3681
f 3648 221 3682
f 221 3647 3681
f 674 649 3171
f 649 3198 3171
f 3229 601 3230
f 3229 3228 5616
f 601 3229 5616
f 625 3199 3198
f 3198 3199 3171
f 5702 3199 648
f 3199 5702 3171
f 3197 651 652
f 5648 651 3197
f 627 651 5648
f 651 3141 652
f 651 3169 3141
f 5617 603 3257
f 5617 579 3258
f 579 5617 3257
f 1024 2711 4379
f 1024 2678 4380
f 2678 1024 4379
f 2710 1024 4380
f 4350 1024 2710
f 2711 1024 4350
f 998 4349 2744
f 4349 2743 2744
f 4349 1023 2712
f 4349 998 1023
f 2711 4349 2712
f 2742 999 4350
f 4349 999 2743
f 999 4321 2743
f 4321 999 2742
f 999 2711 4350
f 999 4349 2711
f 3570 308 5311
f 3570 309 5276
f 309 3570 5311
f 276 3570 5276
f 3570 276 5275
f 308 3570 5275
f 3110 719 4028
f 719 4041 4028
f 719 738 4041
f 4027 3111 718
f 4027 719 3110
f 4027 3110 698
f 3111 4027 698
f 719 4027 738
f 738 4027 4040
f 4027 718 4040
f 5316 3538 3537
f 5316 313 3565
f 5316 3565 343
f 3538 5316 343
f 3564 5317 5282
f 3564 313 5317
f 313 3564 5281
f 3564 5282 281
f 3593 3564 281
f 5281 3564 3593
f 165 5157 3706
f 3707 5157 164
f 5157 3707 3706
f 5157 3743 164
f 5157 165 3742
f 5157 3742 3743
f 170 3701 5164
f 170 5163 3701
f 170 5164 3735
f 5163 170 3735
f 3801 99 5052
f 99 3801 5089
f 5052 99 3800
f 99 5090 3800
f 99 5089 5090
f 135 5127 3767
f 5088 135 3767
f 135 5088 3768
f 135 3768 3734
f 5127 135 3734
f 23 3837 5012
f 60 3837 5011
f 5012 3837 60
f 3837 3864 5011
f 3837 23 3864
f 65 3796 5057
f 3830 65 5057
f 3831 5018 28
f 28 5018 3857
f 5018 3830 3857
f 5018 65 3830
f 65 5018 3831
f 5134 141 5094
f 5135 141 3726
f 141 5134 3726
f 3759 5096 104
f 5095 3759 104
f 3759 142 5096
f 3759 5095 5135
f 142 3759 5135
f 214 5211 3690
f 214 3691 5210
f 214 3690 3691
f 5211 214 3656
f 3657 214 5210
f 3656 214 3657
f 3659 5208 3660
f 5208 3659 212
f 5207 5208 3694
f 5208 5207 3660
f 5208 3693 3694
f 3693 5208 212
f 3693 3692 177
f 3692 3693 5209
f 177 3692 5172
f 3692 5209 213
f 3692 3691 5172
f 3692 213 3691
f 5288 3557 3586
f 286 5288 3586
f 5582 549 3295
f 549 5582 3324
f 550 5582 3295
f 3324 5582 3323
f 5582 550 3323
f 3266 3267 5608
f 572 3267 3266
f 5608 3267 3268
f 3267 571 3268
f 3267 572 571
f 5667 5637 3207
f 5637 618 3207
f 618 5637 3238
f 5637 3237 3238
f 595 5638 3236
f 3237 5638 595
f 643 5638 3206
f 5668 5638 643
f 3236 5638 620
f 5638 5668 620
f 575 3291 3292
f 3291 5585 3292
f 3291 5586 5585
f 3611 3643 258
f 5259 3611 258
f 3611 5259 3581
f 3643 3611 3677
f 3611 3581 291
f 3677 3611 291
f 3678 224 3677
f 224 5223 3677
f 224 3678 5222
f 3679 3678 187
f 3679 223 3678
f 5184 3679 187
f 223 3679 5221
f 3679 3680 5221
f 3679 5184 3680
f 5183 186 3680
f 5184 5183 3680
f 186 5183 3714
f 5183 5184 3714
f 5184 3713 5146
f 3713 5184 187
f 5146 3713 151
f 3713 3712 151
f 3713 187 3712
f 3971 5187 191
f 3972 3971 191
f 3971 227 3962
f 227 3971 226
f 3971 3972 226
f 5187 3971 192
f 3970 3971 3962
f 3971 3970 192
f 50 5041 3847
f 3848 50 14
f 50 3847 14
f 5041 50 3813
f 5040 50 3848
f 3813 50 5040
f 4980 3876 4981
f 3876 4980 3877
f 4980 4982 4979
f 4980 4981 4982
f 3878 4980 4979
f 11 4980 3878
f 3877 4980 11
f 453 5470 3405
f 3406 5470 453
f 5470 3406 478
f 3380 5470 478
f 3405 5470 3380
f 5550 522 3329
f 523 5550 3328
f 5550 3329 3328
f 3355 5550 523
f 3357 5521 3358
f 5521 3357 499
f 3357 5522 499
f 5497 501 3380
f 5497 3381 501
f 5497 3380 478
f 3381 5497 478
f 5464 3412 448
f 5436 449 5437
f 5465 3412 474
f 498 5520 5521
f 5493 498 3384
f 498 5493 497
f 3359 520 3358
f 520 3359 5547
f 3359 5520 3360
f 519 3359 3360
f 3359 519 5547
f 421 5434 3438
f 447 5434 421
f 5434 447 3413
f 5434 3413 448
f 3438 5434 448
f 473 5490 3387
f 473 5464 3413
f 5463 473 3413
f 5490 473 5463
f 5517 496 3387
f 496 5517 3362
f 5380 400 3482
f 5380 372 3483
f 400 5380 3458
f 3508 5380 3482
f 5380 3508 372
f 3433 3432 5410
f 426 5440 3431
f 5440 426 3432
f 5440 453 3431
f 5440 3406 453
f 500 5522 5523
f 500 3382 5522
f 5407 423 3435
f 3435 423 5437
f 5436 423 3436
f 423 5436 5437
f 5408 3435 424
f 5408 5407 3435
f 3461 3485 5377
f 5408 3461 5407
f 3437 422 3438
f 422 5405 3438
f 421 3464 5404
f 5405 3464 421
f 3464 3465 5404
f 3464 5374 3465
f 3464 395 5374
f 634 5685 5657
f 634 3190 5685
f 3217 634 5657
f 634 3217 610
f 3134 681 3135
f 681 5710 3135
f 681 5711 5710
f 5712 681 3133
f 681 3134 3133
f 5711 681 5712
f 3162 658 3163
f 658 5683 3163
f 658 3191 5683
f 609 585 5625
f 5562 3343 5535
f 3343 5562 533
f 5536 3343 533
f 510 3343 3368
f 3343 510 5535
f 3343 511 3368
f 3343 5536 511
f 3344 5562 5535
f 510 3344 5535
f 5508 510 3368
f 3394 5508 3368
f 487 5508 3394
f 5508 487 3369
f 670 3148 3147
f 3148 670 5698
f 3176 3148 5698
f 3148 3176 5697
f 3148 3149 5723
f 669 3148 5697
f 3149 3148 669
f 5701 3144 673
f 5727 3144 3145
f 3144 5701 3145
f 673 3144 3143
f 3144 5728 3143
f 695 5727 3117
f 3144 695 5728
f 695 3144 5727
f 3090 5762 5763
f 735 3090 5763
f 714 5752 3091
f 5762 714 3091
f 3090 714 5762
f 5692 3153 3181
f 3182 5692 3181
f 3153 5692 665
f 5692 3182 665
f 5663 3183 640
f 3183 3182 640
f 3183 5691 665
f 3182 3183 665
f 5632 615 3242
f 615 5633 3242
f 3088 716 5754
f 716 3114 5754
f 716 3088 5765
f 716 5765 757
f 716 757 652
f 3114 716 652
f 5729 3142 3143
f 5728 5729 3143
f 3089 735 5764
f 735 3089 715
f 715 3089 5754
f 736 3089 5764
f 3089 736 5754
f 830 2925 2953
f 830 2953 4152
f 2979 810 4150
f 2979 4151 810
f 829 2979 4150
f 2954 4177 2925
f 830 2954 2925
f 2954 830 4151
f 2979 2954 4151
f 2954 2979 829
f 4103 791 4104
f 810 2980 4150
f 4056 772 3054
f 5759 4056 732
f 4056 3054 732
f 705 3102 3101
f 3128 3129 5740
f 4071 3064 4070
f 744 3064 4071
f 725 4048 745
f 4118 3014 802
f 783 4118 4094
f 3014 4118 783
f 4143 823 2962
f 2987 4143 2962
f 823 4143 2988
f 4120 804 3011
f 3011 804 4121
f 804 2986 4121
f 804 2987 4144
f 2986 804 4144
f 804 4120 3012
f 2988 804 3012
f 4143 804 2988
f 804 4143 2987
f 3154 3153 665
f 5691 3154 665
f 5720 3151 3152
f 5744 3125 707
f 5744 728 708
f 5693 641 3181
f 3153 5693 3181
f 666 5693 3153
f 5693 666 3208
f 641 5693 3208
f 728 4038 747
f 683 5714 3159
f 5714 3158 3159
f 3131 5714 683
f 684 5714 3131
f 3158 5714 684
f 4033 723 4046
f 4033 3104 703
f 5738 3105 703
f 3105 4033 703
f 4033 3105 723
f 723 3105 4032
f 3105 702 4032
f 3105 5738 702
f 723 742 4046
f 4046 742 3066
f 742 4045 3066
f 4045 742 4032
f 742 723 4032
f 3128 685 3129
f 3130 5715 684
f 5739 3130 703
f 3130 5739 3129
f 5715 3130 3129
f 3130 5738 703
f 5738 3130 684
f 5662 3212 638
f 3212 5662 5632
f 5662 615 5632
f 5717 3128 686
f 5717 685 3128
f 5660 3214 5688
f 5660 613 3214
f 5660 637 613
f 637 3186 3213
f 3186 5660 5688
f 5660 3186 637
f 663 5690 638
f 3185 663 638
f 748 4052 3058
f 4052 4076 3058
f 4052 728 3059
f 728 4052 748
f 769 4052 3059
f 4076 4052 769
f 770 3033 4100
f 4076 3033 770
f 3033 769 4100
f 3033 4076 769
f 711 3120 5748
f 3121 3120 692
f 3120 3121 5748
f 3120 711 5749
f 3120 5749 3119
f 3120 3119 5725
f 692 3120 5725
f 3179 3151 5695
f 3179 667 3151
f 5667 3179 5695
f 667 3179 642
f 3179 5667 3207
f 642 3179 3207
f 3151 5694 3152
f 667 5694 3151
f 3152 5694 3180
f 5694 642 3180
f 5694 667 642
f 3036 767 4097
f 767 3036 4074
f 3036 4097 4098
f 4074 3036 4098
f 3061 4074 4050
f 3061 767 4074
f 746 3061 4050
f 768 3060 4074
f 4074 3060 4050
f 872 2927 850
f 872 2898 4203
f 873 872 4203
f 2927 872 873
f 2898 872 4202
f 872 2928 4202
f 4176 873 2926
f 4176 2927 873
f 2927 4176 850
f 847 2960 4171
f 847 4172 2960
f 847 4171 2932
f 869 847 2932
f 2931 847 869
f 4172 847 2931
f 4201 870 2900
f 870 4201 848
f 4201 871 848
f 894 4201 4229
f 4201 2900 4229
f 4201 894 2899
f 871 4201 2899
f 2812 2842 4254
f 2842 2872 4254
f 2842 917 2872
f 2871 2841 918
f 2811 2841 2812
f 2841 4256 918
f 4256 2841 2811
f 265 5229 3950
f 3949 5229 265
f 3957 5229 3949
f 5229 3957 231
f 230 3967 3968
f 230 5228 3950
f 5229 230 3950
f 3676 232 3642
f 232 5230 3642
f 5230 232 3957
f 232 3676 3966
f 3957 232 3966
f 5398 416 417
f 3906 5398 417
f 5398 3908 415
f 3899 5398 415
f 416 5398 3899
f 5368 3915 389
f 5368 3914 3915
f 390 5368 389
f 3913 5368 390
f 3914 5368 3913
f 3917 5365 386
f 385 5365 3918
f 3918 5365 3926
f 5365 3917 3926
f 5365 3908 386
f 5365 385 3908
f 5366 387 3916
f 3925 5366 3916
f 3917 5366 3925
f 387 5366 386
f 5366 3917 386
f 5296 3946 292
f 5296 293 3946
f 3936 5332 327
f 5297 327 294
f 5297 3936 327
f 3908 3909 5397
f 385 3909 3908
f 3909 414 5397
f 3909 5396 414
f 5396 3909 3910
f 3910 3909 384
f 5364 385 3918
f 3919 5364 3918
f 3909 5364 384
f 5364 3909 385
f 5364 3920 384
f 5364 3919 3920
f 3935 358 5333
f 358 3935 3926
f 3935 5332 3926
f 5332 3935 327
f 3934 328 5333
f 328 3935 5333
f 3935 328 5298
f 328 3934 5299
f 327 3944 294
f 3934 329 5299
f 5334 329 3934
f 5299 329 297
f 329 330 297
f 359 3934 5333
f 3925 359 5333
f 359 3925 3916
f 5264 3941 264
f 3941 5264 297
f 5264 3942 297
f 3951 264 3950
f 5228 3951 3950
f 3951 5264 264
f 5264 3951 263
f 3951 229 3960
f 3951 5228 229
f 3952 3951 3960
f 263 3951 3952
f 4138 2992 799
f 2992 800 4115
f 799 2992 4115
f 800 2992 4139
f 2992 4138 4139
f 4431 2661 1064
f 2662 2661 1037
f 1037 2661 4399
f 2661 4431 4399
f 2602 2633 4459
f 4460 2633 2602
f 2633 1061 4459
f 2633 4460 1062
f 1061 2633 4427
f 4428 2633 1062
f 2633 2664 4427
f 2633 4428 2664
f 4284 2811 943
f 2781 4284 943
f 2780 4284 2781
f 4285 2780 2779
f 2810 4285 2779
f 2750 968 4313
f 968 2781 4313
f 968 2780 2781
f 2749 4314 2750
f 4314 2749 969
f 4314 968 2750
f 2780 4314 969
f 968 4314 2780
f 4472 1072 2620
f 1072 4472 2619
f 2589 4472 2620
f 4472 2589 2588
f 2619 4472 2588
f 996 1021 4347
f 1021 2714 4347
f 2714 1021 4376
f 1021 2715 4376
f 4345 995 2748
f 4345 2748 994
f 995 2747 4316
f 4316 2747 971
f 2747 4317 971
f 2747 996 4317
f 2877 4249 2847
f 912 4249 2877
f 4249 2818 2847
f 2848 2878 4248
f 2848 912 2878
f 2819 2848 4248
f 2818 2848 2819
f 4249 2848 2818
f 2848 4249 912
f 859 2914 2944
f 2914 4188 2944
f 4187 2914 859
f 2914 4187 882
f 2914 882 4215
f 4216 2914 4215
f 883 2914 4216
f 4188 2914 883
f 909 4245 2851
f 4245 909 2852
f 4245 2822 2851
f 4245 2852 2822
f 4563 2435 1199
f 1173 4563 2465
f 4563 1199 2465
f 2496 4563 1173
f 4563 2496 2497
f 1199 4593 2404
f 2435 4593 1199
f 4593 4621 2404
f 4621 4593 1198
f 4593 2435 1198
f 4408 4407 2652
f 2684 4407 4408
f 4406 1043 2654
f 2653 4406 2654
f 1043 4406 2685
f 4561 2467 2498
f 4562 2436 1198
f 2467 2436 4562
f 2436 4592 1198
f 2436 2467 4592
f 4590 1196 4619
f 1196 2408 4619
f 2408 1196 4618
f 1196 4590 2438
f 4618 1196 2439
f 1168 1194 4588
f 2440 1168 4588
f 1168 2440 2471
f 2470 4558 1195
f 4558 2440 1195
f 2440 4558 2471
f 4558 1168 2471
f 1120 2561 2562
f 2561 1120 2529
f 4528 1146 2529
f 1120 4528 2529
f 4528 1120 2530
f 1145 4528 2530
f 1166 4556 2505
f 1141 4556 2504
f 4556 1141 2505
f 4693 1281 2324
f 2297 1281 4693
f 4741 1302 2273
f 1302 4741 2250
f 1302 2322 1282
f 1302 2250 2322
f 1301 4717 2298
f 4717 4693 2298
f 4717 2297 4693
f 4717 1301 2273
f 2297 4717 2273
f 1318 4760 2254
f 4760 1318 2231
f 1334 4759 2232
f 2231 4759 1334
f 1318 4759 2231
f 4759 4758 2232
f 2230 4760 1335
f 2230 1335 2229
f 4761 2230 2229
f 1319 4761 2252
f 1319 2230 4761
f 2230 1319 4760
f 4739 1319 2252
f 1319 2276 4738
f 2276 1319 4739
f 1297 2278 4712
f 1277 2302 4689
f 4712 2302 4688
f 2302 1277 4688
f 2278 2302 4712
f 2302 2278 4713
f 4738 4737 2254
f 2277 4737 4738
f 4737 1318 2254
f 1298 2277 4714
f 2278 1298 4713
f 1298 4737 2277
f 4737 1298 2278
f 2276 1299 4714
f 1299 2276 4715
f 4714 1299 2300
f 1299 4715 2300
f 4584 2475 4554
f 4584 1191 2475
f 4584 4554 2476
f 2445 4584 2476
f 4584 2445 4612
f 1191 4584 4612
f 2473 4556 1166
f 4690 1278 2328
f 4553 4583 2476
f 4583 4553 2477
f 2477 4553 2508
f 4553 2507 2508
f 2507 4553 2476
f 4585 2443 2474
f 2443 4585 1192
f 2443 1166 2474
f 2592 4469 2623
f 2592 1095 4469
f 2592 2623 4468
f 2593 2592 4468
f 2561 4499 2562
f 1095 4499 2591
f 4499 4500 2591
f 4499 2561 4500
f 4524 1117 2534
f 1118 4525 2532
f 1092 4465 2596
f 4465 1092 2626
f 1092 4466 2626
f 2659 1039 4400
f 4432 2659 4400
f 2659 4433 2658
f 1039 2659 2658
f 2659 2627 4433
f 2659 4432 2627
f 983 2762 4302
f 2762 983 4332
f 4332 983 2731
f 983 4331 2731
f 2765 2764 4300
f 982 2764 2765
f 2764 957 4300
f 957 2764 4301
f 2763 982 4331
f 983 2763 4331
f 2764 2763 4301
f 2763 2764 982
f 4301 2763 4302
f 2763 983 4302
f 935 4274 2790
f 4274 2791 2790
f 4274 935 2822
f 934 4274 2822
f 2791 4274 934
f 1247 2339 4652
f 1247 2340 2339
f 2369 1247 4652
f 4651 1247 2369
f 2340 1247 4651
f 4726 1289 2289
f 2340 4679 2339
f 1263 4673 2346
f 2319 4673 1263
f 4673 2319 4697
f 1244 2347 4646
f 2375 1244 1224
f 2433 1244 4646
f 1244 2433 1224
f 1244 4672 2347
f 4672 1244 1262
f 2433 1201 1224
f 1201 2433 1176
f 1224 1201 1223
f 1223 1201 1200
f 1201 1176 1200
f 4595 4567 2463
f 2433 4595 2463
f 4595 2433 4646
f 1153 4540 2490
f 4539 4540 2522
f 4540 4539 2490
f 4611 2415 1190
f 2415 4611 1213
f 1213 4611 2416
f 4611 1190 2446
f 4582 4611 2446
f 2416 4611 4582
f 2390 1233 2360
f 1233 2361 2360
f 4659 1253 2360
f 2361 4659 2360
f 1253 4659 2333
f 4659 2361 2333
f 2261 1312 4752
f 4730 1312 2261
f 2332 2331 1253
f 2331 4660 2360
f 1253 2331 2360
f 4660 2331 1254
f 2331 2330 1254
f 2305 1274 4709
f 1274 2305 4686
f 2332 1274 4686
f 1274 2332 2333
f 4685 1274 2333
f 1310 4750 2264
f 1310 4749 4750
f 4749 1310 2265
f 2240 4751 1311
f 4751 2240 2239
f 2240 4769 2239
f 4769 2240 1327
f 4769 1327 2221
f 2220 4769 2221
f 1082 2577 2608
f 1082 4483 2577
f 4453 1082 2608
f 2578 1107 2577
f 4483 2578 2577
f 1225 2400 4624
f 4625 2400 1225
f 2400 1203 4624
f 2400 4625 1203
f 2336 2335 4656
f 1272 2335 2336
f 4765 2225 2224
f 1324 4765 2224
f 2225 4765 1323
f 4765 2244 1323
f 4765 1324 2244
f 4820 4811 1383
f 2156 4811 4820
f 2171 1370 2170
f 1356 2171 2170
f 4786 2185 2202
f 2185 1356 2202
f 2185 4786 2203
f 2186 2185 2203
f 1355 2185 2186
f 2171 2185 1355
f 2185 2171 1356
f 4735 2257 1316
f 4735 2280 2257
f 2256 4735 1316
f 2280 4735 1296
f 4687 2303 1276
f 4687 1276 2330
f 2331 4687 2330
f 4711 2304 1296
f 2303 4711 1297
f 4687 4711 2303
f 4711 4687 2304
f 4735 4711 1296
f 4733 2281 4709
f 2281 1295 4709
f 4734 2281 2258
f 2281 4733 2258
f 2281 4734 4710
f 1295 2281 4710
f 2259 4732 2260
f 2306 4685 1273
f 1294 2306 1273
f 2306 1294 4709
f 1274 2306 4709
f 2306 1274 4685
f 2217 2216 4773
f 1345 2216 2217
f 4773 2216 1331
f 2216 1345 4790
f 2216 4774 1331
f 2216 2215 4774
f 2216 4790 1346
f 2215 2216 1346
f 260 5262 3954
f 3944 5262 294
f 293 3945 3946
f 3945 260 3946
f 3945 5297 294
f 5297 3945 293
f 5262 3945 294
f 3945 5262 260
f 929 2858 4268
f 929 2857 2858
f 929 4268 2827
f 4269 929 2827
f 2857 929 4269
f 4239 4238 2858
f 2857 4239 2858
f 4238 4239 902
f 4239 2856 903
f 4239 2857 2856
f 2890 4211 878
f 4211 879 878
f 4211 2890 902
f 4293 950 2771
f 950 4292 2771
f 950 4293 2803
f 2804 950 2803
f 4292 950 2804
f 974 2773 2774
f 2773 4291 2774
f 4291 2773 2772
f 4321 2773 974
f 2773 4321 2772
f 1583 1582 1611
f 1582 1583 1553
f 1583 1611 1612
f 4889 1583 1612
f 1583 4889 1958
f 1553 1583 1958
f 1959 1553 1552
f 1959 1582 1553
f 1582 1959 1581
f 1581 1959 1960
f 1960 1959 1551
f 1959 1552 1551
f 4884 1591 1944
f 4884 1563 1591
f 1592 4884 1944
f 4884 1592 1943
f 1565 4884 1943
f 4886 4885 1593
f 1942 4886 1593
f 4885 4886 1566
f 4886 4887 1566
f 4886 1942 4887
f 2044 1509 2021
f 2043 2044 2021
f 1509 2044 2022
f 2044 2067 1486
f 2044 2045 2022
f 2044 1486 2045
f 1488 2065 2066
f 1975 1537 4874
f 1537 1975 4875
f 1537 1512 1511
f 1512 1537 4875
f 1536 1565 4874
f 4884 1564 1563
f 1564 4884 1565
f 1615 1584 1614
f 1584 1950 1614
f 1584 1949 1950
f 1584 1948 1949
f 1584 1615 1948
f 1615 1917 1616
f 1917 1648 1616
f 4899 1617 1585
f 1617 4899 1616
f 1948 4899 1585
f 4899 1615 1616
f 1615 4899 1948
f 1648 1649 1616
f 1649 1617 1616
f 1649 1648 1881
f 1649 1682 1650
f 1681 1649 1881
f 1649 1681 1682
f 4873 1559 1529
f 1558 1559 4873
f 1560 1559 1947
f 1559 1558 1948
f 1559 1948 1585
f 1947 1559 1585
f 1945 1589 1590
f 1589 1945 4883
f 1591 1945 1590
f 1563 1945 1591
f 4883 1945 1563
f 1620 4900 1588
f 1620 1621 4900
f 1533 1978 1977
f 1978 1533 1997
f 1534 1533 1977
f 1533 1534 2021
f 1997 1533 2021
f 1542 1541 1570
f 1542 1543 2015
f 1542 1570 1936
f 1415 1402 2138
f 1402 1415 2137
f 1402 1401 2138
f 1402 2137 1391
f 1401 1402 1390
f 1402 1391 2150
f 1390 1402 2150
f 2119 2126 1426
f 2126 1413 2127
f 2126 1414 1413
f 2126 2119 1414
f 1994 2017 1541
f 1994 2016 2017
f 1542 1994 1541
f 2016 1994 2015
f 1994 1542 2015
f 1425 2108 1426
f 1425 2126 2127
f 2126 1425 1426
f 1425 2127 1424
f 2109 1438 2108
f 1438 1454 2094
f 1439 1438 2094
f 2108 1438 1439
f 2082 1468 2062
f 2062 1468 2063
f 1468 2083 2063
f 2096 1453 1437
f 2096 2110 1436
f 2096 1437 2110
f 1560 1980 1530
f 1980 1560 1561
f 1532 1531 1979
f 1531 1561 1979
f 1531 1980 1561
f 1531 1998 1530
f 1980 1531 1530
f 2023 1531 1532
f 1531 2023 1998
f 1484 1506 2046
f 1999 1506 1505
f 1506 1484 1483
f 1505 1506 1483
f 1506 1999 1530
f 1998 1506 1530
f 2086 1465 1449
f 1465 2086 2066
f 2086 1449 1448
f 1464 2086 1448
f 2067 2086 1464
f 2086 2067 2066
f 2085 1466 1450
f 2085 1465 1466
f 2099 2085 1450
f 2085 2099 1449
f 1465 2085 1449
f 3683 184 5180
f 5181 184 3683
f 184 3717 5180
f 184 5181 3717
f 3617 254 5253
f 254 3617 3648
f 254 3618 5253
f 3618 254 3648
f 3649 3618 3648
f 3618 3649 253
f 3649 5217 3650
f 3649 3619 253
f 3619 3649 3650
f 5219 3648 3647
f 221 5219 3647
f 5219 221 3648
f 650 5704 3169
f 5704 650 675
f 5617 3227 603
f 5703 5675 674
f 5675 649 674
f 5675 5703 3170
f 5644 3229 3230
f 3229 5644 625
f 624 5644 3230
f 5644 3199 625
f 5645 3229 625
f 5645 625 3198
f 5645 626 3228
f 3229 5645 3228
f 5645 5675 626
f 649 5645 3198
f 5675 5645 649
f 344 5316 3537
f 5316 344 313
f 313 344 5317
f 344 5349 5317
f 5349 344 3537
f 3796 5056 102
f 65 5056 3796
f 5056 5055 102
f 5055 5056 64
f 5056 3831 64
f 5056 65 3831
f 3760 5095 5094
f 141 3760 5094
f 5095 3760 5135
f 3760 141 5135
f 5287 3558 286
f 3558 5288 286
f 5637 619 3237
f 619 5638 3237
f 5638 619 3206
f 619 5667 3206
f 619 5637 5667
f 3231 623 5643
f 3231 599 623
f 623 3232 5642
f 599 3232 623
f 3233 3232 598
f 5642 3232 3233
f 3232 5612 598
f 3232 599 5612
f 3319 530 5559
f 3319 5559 3320
f 3644 224 5222
f 3645 3644 5222
f 3613 3644 257
f 3644 3614 257
f 3644 3645 3614
f 224 3644 5223
f 3644 3613 3643
f 5223 3644 3643
f 3356 5550 3355
f 5524 3356 3355
f 5550 3356 522
f 5523 3356 501
f 3356 5524 501
f 3356 3357 522
f 5522 3356 5523
f 3357 3356 5522
f 522 5549 3330
f 3357 5549 522
f 3437 5435 3436
f 5435 5436 3436
f 5435 3437 448
f 5436 5435 449
f 3412 5435 448
f 5435 5465 449
f 5465 5435 3412
f 497 3385 5492
f 5493 3385 497
f 5520 5519 3360
f 498 5519 5520
f 5519 498 497
f 5519 5546 3360
f 5546 5519 3361
f 3361 5518 3362
f 5518 496 3362
f 5519 5518 3361
f 5518 5519 497
f 496 5491 3387
f 5491 473 3387
f 473 5491 5464
f 3412 5491 474
f 5491 3412 5464
f 399 3459 3458
f 5380 399 3458
f 5379 399 3483
f 399 5380 3483
f 5409 425 5410
f 425 3433 5410
f 500 5496 3382
f 5496 3381 478
f 3381 5496 5523
f 5496 500 5523
f 397 3461 5377
f 397 5376 3462
f 397 5377 5376
f 5407 397 3462
f 3461 397 5407
f 398 5379 3484
f 422 3463 5405
f 3463 396 5375
f 3463 3464 5405
f 395 3463 5375
f 3464 3463 395
f 5684 658 3162
f 658 5684 3191
f 5684 3162 659
f 3190 5684 659
f 3191 633 5683
f 609 3249 585
f 585 3249 5597
f 3344 532 5562
f 532 3344 5561
f 5562 532 3317
f 532 5561 3317
f 5534 3344 510
f 5534 5508 3369
f 5508 5534 510
f 5534 3369 509
f 5534 509 3345
f 5561 5534 3345
f 3344 5534 5561
f 5724 692 3147
f 3148 5724 3147
f 5724 3121 692
f 5724 3148 5723
f 5753 714 3090
f 5753 735 715
f 5753 3090 735
f 3183 664 5691
f 4084 776 3049
f 776 4084 3025
f 4084 4083 3025
f 4084 3050 4083
f 4060 735 5763
f 3051 4060 754
f 4060 5763 754
f 4083 4060 3051
f 3050 4060 4083
f 2978 830 4152
f 830 2978 4151
f 811 2978 4152
f 4151 2978 811
f 2954 851 4177
f 851 2926 2896
f 851 2896 874
f 4177 851 874
f 2956 828 2957
f 828 4148 2957
f 828 2981 4148
f 2956 4175 850
f 4175 872 850
f 872 4175 2928
f 4175 2956 2957
f 849 4175 2957
f 2928 4175 849
f 3004 4128 4104
f 791 3004 4104
f 4128 3004 810
f 4127 791 4103
f 4127 2980 810
f 2980 4127 809
f 3004 4127 810
f 4127 3004 791
f 4056 4079 772
f 4079 4056 3055
f 4079 3030 772
f 3030 4079 3031
f 3031 4079 771
f 771 4079 4055
f 4079 3055 4055
f 751 4056 5759
f 4056 751 3055
f 731 751 5759
f 751 731 4055
f 3055 751 4055
f 687 3126 5719
f 3153 687 5719
f 3154 687 3153
f 687 3154 5718
f 3127 5718 686
f 3127 687 5718
f 3065 764 4070
f 3065 4046 4069
f 764 3065 4069
f 4048 4035 744
f 4035 4048 725
f 4035 725 3102
f 3103 4035 5740
f 4035 705 5740
f 705 4035 3102
f 3063 744 4071
f 3063 4048 744
f 3063 4071 4072
f 745 3063 4072
f 4048 3063 745
f 704 5739 3104
f 704 3103 5740
f 3129 704 5740
f 5739 704 3129
f 4034 704 3104
f 704 4034 3103
f 4118 784 4094
f 4094 784 4095
f 4095 784 3012
f 784 4119 3012
f 5718 3155 686
f 3154 3155 5718
f 3155 5717 686
f 3155 3154 5691
f 664 3155 5691
f 5720 688 3125
f 3126 688 5719
f 3125 688 3126
f 688 3152 5719
f 688 5720 3152
f 3124 5720 3125
f 5744 3124 3125
f 3124 5745 3123
f 5745 3124 708
f 3124 5744 708
f 4038 3099 707
f 3099 4038 728
f 3099 5744 707
f 5744 3099 728
f 743 4033 4046
f 3065 743 4046
f 3064 743 4070
f 743 3065 4070
f 4033 743 3104
f 743 4034 3104
f 5690 3184 638
f 3184 5662 638
f 664 3184 5690
f 5662 3211 615
f 3211 5663 5633
f 615 3211 5633
f 3184 3211 5662
f 3186 5661 3213
f 5661 3185 638
f 614 5661 638
f 5661 614 3213
f 663 3156 5690
f 3155 3156 5717
f 3156 664 5690
f 3156 3155 664
f 3061 4073 767
f 4073 3037 4097
f 767 4073 4097
f 4073 766 3037
f 4073 3062 766
f 3062 4073 746
f 4073 3061 746
f 4051 768 4075
f 4051 3060 768
f 4051 4075 3059
f 3060 4051 747
f 728 4051 3059
f 4051 728 747
f 4038 727 747
f 727 3060 747
f 3060 727 4050
f 727 4037 4050
f 727 3100 4037
f 3100 727 707
f 727 4038 707
f 2955 4176 2926
f 2955 2956 850
f 4176 2955 850
f 2955 829 4150
f 2980 2955 4150
f 851 2955 2926
f 2955 2954 829
f 2955 851 2954
f 2842 4255 917
f 917 4255 2871
f 4255 2841 2871
f 4255 2842 2812
f 2841 4255 2812
f 3959 3968 229
f 3959 230 3968
f 5228 3959 229
f 230 3959 5228
f 3967 3958 231
f 230 3958 3967
f 3958 5229 231
f 3958 230 5229
f 3907 387 386
f 3908 3907 386
f 5398 3907 3908
f 387 3907 3906
f 3907 5398 3906
f 5296 325 3937
f 5331 325 3938
f 325 5331 3937
f 325 292 3938
f 325 5296 292
f 357 3918 3926
f 5332 357 3926
f 357 5332 3936
f 5297 326 3936
f 326 5297 293
f 326 5296 3937
f 5296 326 293
f 3920 3928 355
f 3919 3928 3920
f 355 3928 3938
f 3928 5331 3938
f 296 328 5299
f 3942 296 5299
f 5264 296 3942
f 295 3944 327
f 3935 295 327
f 295 3935 5298
f 295 5263 3944
f 262 5263 3952
f 5263 262 3944
f 329 3933 330
f 3933 329 5334
f 3933 3923 330
f 3931 5335 3922
f 3914 360 3915
f 3923 360 3914
f 360 3933 5334
f 3933 360 3923
f 3924 5334 3934
f 359 3924 3934
f 360 3924 3915
f 3924 360 5334
f 3915 3924 3916
f 3924 359 3916
f 4430 2630 1064
f 2661 4430 1064
f 2630 4430 1063
f 4430 2662 1063
f 4430 2661 2662
f 4285 944 2780
f 4284 944 2811
f 944 4284 2780
f 944 2810 2811
f 944 4285 2810
f 2717 1019 4374
f 4345 2717 4374
f 2717 4345 994
f 4344 2717 994
f 1019 2717 4344
f 2684 1020 4374
f 4346 2747 995
f 4346 1020 2715
f 1020 4346 995
f 2747 4346 996
f 1021 4346 2715
f 4346 1021 996
f 4563 2466 2435
f 2435 2466 1198
f 1172 2466 2497
f 2466 4563 2497
f 2466 4562 1198
f 4562 2466 1172
f 1044 2653 2652
f 4407 1044 2652
f 1044 4406 2653
f 4406 1044 2685
f 1044 2684 2685
f 1044 4407 2684
f 2467 1171 1197
f 4561 1171 2467
f 1171 2437 1197
f 2437 1171 2468
f 1171 4561 2468
f 2503 1142 2504
f 4524 1142 2503
f 1142 4524 2534
f 1142 4523 2504
f 4523 1142 2534
f 4557 1168 2503
f 1168 4557 1194
f 2441 4557 2472
f 4557 2441 1194
f 4526 2501 1144
f 4526 2532 1143
f 2501 4526 1143
f 2502 4558 2470
f 1169 2502 2470
f 2502 1169 2501
f 2502 2501 1143
f 4558 2502 1168
f 1168 2502 2503
f 2502 4524 2503
f 2501 2500 1144
f 4526 1119 2532
f 1118 1119 2564
f 1119 1118 2532
f 4587 2441 2472
f 2441 4587 1194
f 1167 4587 2472
f 4587 1167 1193
f 4556 1167 2504
f 1167 2473 1193
f 2473 1167 4556
f 4557 1167 2472
f 1167 2503 2504
f 1167 4557 2503
f 2324 4694 1260
f 1281 4694 2324
f 4694 2323 1260
f 2323 4694 1282
f 4694 1281 2297
f 4718 2297 2273
f 1302 4718 2273
f 4718 4694 2297
f 4718 1302 1282
f 4694 4718 1282
f 2255 1317 4758
f 4759 2255 4758
f 2255 4759 1318
f 4737 2255 1318
f 2255 4737 2278
f 2253 1319 4738
f 1319 2253 4760
f 2253 4738 2254
f 4760 2253 2254
f 2301 1298 4714
f 1278 2301 4714
f 4690 2301 1278
f 2302 2301 4689
f 2301 2328 4689
f 2301 4690 2328
f 2301 2302 4713
f 1298 2301 4713
f 4586 2443 1192
f 4586 2473 1166
f 2443 4586 1166
f 1193 4586 2412
f 4586 4614 2412
f 4586 1192 4614
f 2592 4498 1095
f 4499 4498 2562
f 4498 4499 1095
f 4498 2592 2593
f 1094 4498 2593
f 2562 4498 2563
f 4498 1094 2563
f 4495 1117 2565
f 1091 4495 2596
f 4495 1092 2596
f 1092 4495 2565
f 2533 1117 4524
f 4525 2533 1143
f 1118 2533 4525
f 2533 2502 1143
f 2502 2533 4524
f 1117 2533 2565
f 2533 1118 2565
f 4497 1119 2563
f 1119 4497 2564
f 1094 4497 2563
f 2594 4497 1094
f 4466 2625 1067
f 2625 1068 4435
f 4434 2625 4435
f 1067 2625 4434
f 1092 2595 4466
f 1249 4681 2337
f 1311 4729 2263
f 1289 4702 2289
f 2314 4702 4678
f 4702 1288 2289
f 1288 4702 2314
f 2287 4727 2264
f 1310 4727 2265
f 4727 1310 2264
f 2288 1289 4726
f 2288 1309 2265
f 1309 2288 4726
f 4727 2288 2265
f 1289 2288 4703
f 2288 4727 4703
f 4679 1269 2339
f 2312 1289 4703
f 2312 1269 4679
f 2313 2312 4679
f 2312 2313 1289
f 4702 2313 4678
f 2313 4702 1289
f 4728 2264 2263
f 4728 2287 2264
f 4673 1264 2346
f 2318 1264 4697
f 1264 4673 4697
f 2348 4671 1262
f 1244 2348 1262
f 2348 1244 2375
f 4595 2432 4567
f 2432 4596 2462
f 4567 2432 2462
f 2432 4595 4646
f 2519 1154 2488
f 2519 2488 4542
f 2518 2519 4542
f 1130 2519 2518
f 2519 1130 4509
f 1129 2519 4509
f 1104 2550 4509
f 2550 1129 4509
f 1103 2550 1104
f 4506 2552 1102
f 2552 4506 1127
f 2552 2584 1102
f 2552 1103 2584
f 2519 2520 1154
f 2520 2519 1129
f 4634 1233 2390
f 4634 2390 1211
f 1233 2391 2361
f 1232 2391 4633
f 2361 2391 1232
f 4634 2391 1233
f 4633 2391 1210
f 2391 4634 1211
f 2391 4608 1210
f 2391 1211 4608
f 2262 2239 4752
f 1312 2262 4752
f 2262 4751 2239
f 4751 2262 1311
f 2262 1312 4730
f 2262 4729 1311
f 2285 4730 2284
f 4706 2285 2284
f 2285 2262 4730
f 2262 2285 4729
f 1275 4686 4710
f 2304 1275 4710
f 1275 2332 4686
f 1275 2331 2332
f 4687 1275 2304
f 1275 4687 2331
f 2239 4770 1328
f 4769 4770 2239
f 4770 4769 2220
f 1328 4770 2219
f 4770 2220 2219
f 4482 2579 1107
f 2578 4482 1107
f 2335 1251 4656
f 4656 1251 2364
f 1251 4657 2364
f 4657 1251 2334
f 1251 2335 2334
f 4684 1273 2334
f 4800 2156 1370
f 2171 4800 1370
f 4711 2279 1297
f 2279 4711 4735
f 2279 4735 2256
f 4732 2282 1294
f 2282 4733 4709
f 1294 2282 4709
f 2282 2259 4733
f 2282 4732 2259
f 4707 4706 2284
f 4707 2308 4706
f 2283 4732 1294
f 4708 2283 1294
f 2283 4731 2260
f 4732 2283 2260
f 2889 4211 902
f 2889 4239 903
f 4239 2889 902
f 4211 2889 879
f 4212 2889 903
f 879 2889 4212
f 1487 2044 2043
f 1487 1488 2066
f 1488 1487 2043
f 2067 1487 2066
f 2044 1487 2067
f 1488 2042 2065
f 2041 2042 1511
f 2042 1510 1511
f 2042 2043 1510
f 2042 1488 2043
f 1534 2020 1510
f 1536 2020 1534
f 1510 2020 1511
f 1535 1536 4874
f 1535 1537 1511
f 1537 1535 4874
f 2020 1535 1511
f 1535 2020 1536
f 1976 1536 1534
f 1976 1534 1563
f 1564 1976 1563
f 1536 1976 1565
f 1976 1564 1565
f 1917 1647 1648
f 1648 1647 1882
f 1647 1615 1918
f 1647 1917 1615
f 1882 1647 1883
f 1883 1647 1646
f 1647 1918 1646
f 1916 1649 1650
f 1649 1916 1617
f 1618 1916 1650
f 1916 1618 1617
f 1981 1560 1530
f 1981 1559 1560
f 1559 1981 1529
f 1981 1999 1529
f 1999 1981 1530
f 1619 1588 1587
f 1619 1620 1588
f 1618 1619 1587
f 1620 4915 1621
f 1913 4915 1653
f 1621 4915 1913
f 4915 1652 1653
f 1543 1968 1571
f 1542 1968 1543
f 1571 1968 1936
f 1968 1542 1936
f 2095 2109 1437
f 2095 1438 2109
f 1453 2095 1437
f 1438 2095 1454
f 2095 2081 1454
f 2095 1453 2081
f 1468 4846 2083
f 4846 1468 2082
f 2096 4846 1453
f 4846 2082 1469
f 1453 4846 1469
f 2097 1452 1436
f 1452 2096 1436
f 2083 1452 2097
f 4846 1452 2083
f 1452 4846 2096
f 1508 1532 2022
f 1508 2023 1532
f 2045 1508 2022
f 2023 1508 2045
f 1507 2045 2046
f 1507 2023 2045
f 2023 1507 1998
f 5218 3649 3648
f 5218 3648 3682
f 3683 5218 3682
f 5677 651 627
f 650 5677 627
f 651 5677 3169
f 5677 650 3169
f 3227 5647 603
f 5647 627 3226
f 603 5647 3226
f 5647 650 627
f 602 3227 5617
f 3228 602 5616
f 5616 602 3258
f 602 5617 3258
f 5675 5676 626
f 5676 5675 3170
f 675 5676 3170
f 650 5676 675
f 3199 5674 648
f 5644 5674 3199
f 5674 624 648
f 5674 5644 624
f 318 3558 5287
f 5322 318 3559
f 318 5287 3559
f 349 318 5322
f 3558 5323 5288
f 5288 5323 3557
f 5323 318 349
f 318 5323 3558
f 3557 5323 319
f 5323 349 3530
f 5323 350 319
f 5323 3530 350
f 600 3231 5643
f 624 600 5643
f 600 624 3230
f 599 3262 5612
f 5612 3262 575
f 3262 3291 575
f 578 3289 3260
f 3289 5588 3317
f 3289 578 3288
f 5588 3289 3288
f 553 3319 3320
f 3319 553 5586
f 5585 553 3320
f 5586 553 5585
f 5561 3318 3317
f 3331 521 5548
f 521 3357 3358
f 521 3358 5548
f 521 5549 3357
f 3330 521 3331
f 5549 521 3330
f 5465 3411 449
f 3411 5465 474
f 5492 3411 474
f 3385 3411 5492
f 475 3385 5493
f 475 5493 3384
f 3386 5492 474
f 5491 3386 474
f 3386 497 5492
f 3386 5518 497
f 5518 3386 496
f 3386 5491 496
f 5522 5495 499
f 3382 5495 5522
f 498 5494 3384
f 5494 498 5521
f 3461 5378 3485
f 398 5378 3461
f 5378 398 3484
f 5378 3484 3510
f 3485 5378 3510
f 3460 3461 5408
f 3460 398 3461
f 5409 3460 424
f 3460 5408 424
f 3460 5409 3459
f 399 3460 3459
f 3460 399 5379
f 398 3460 5379
f 5406 3463 422
f 396 5406 3462
f 3463 5406 396
f 5406 5407 3462
f 5406 423 5407
f 423 5406 3436
f 5406 3437 3436
f 5406 422 3437
f 633 5626 609
f 5626 3249 609
f 5627 5626 610
f 634 5656 3190
f 5656 5684 3190
f 5684 5656 3191
f 5656 633 3191
f 5655 633 609
f 5655 3192 5683
f 633 5655 5683
f 3249 586 5597
f 5626 586 3249
f 586 3278 5597
f 3278 586 5598
f 691 5724 5723
f 5724 691 3121
f 691 5723 3122
f 5747 691 3122
f 3121 691 5747
f 714 3116 5752
f 5753 3116 714
f 5752 3116 3117
f 3116 695 3117
f 695 3116 5728
f 3116 5729 5728
f 696 3114 3142
f 5729 696 3142
f 4061 4084 3049
f 4061 736 5764
f 4061 3049 736
f 4149 828 2956
f 2955 4149 2956
f 4149 2955 2980
f 828 4149 2981
f 4149 809 2981
f 4149 2980 809
f 4102 3005 4103
f 3005 4127 4103
f 3005 4102 790
f 4127 3005 809
f 4126 3005 790
f 809 3005 4126
f 3128 5741 686
f 5741 3127 686
f 705 5741 5740
f 5741 3128 5740
f 4034 724 3103
f 4035 724 744
f 724 4035 3103
f 784 3013 4119
f 3013 784 4118
f 3013 4118 802
f 803 3013 802
f 3013 803 4119
f 3124 689 5720
f 3151 689 5721
f 5720 689 3151
f 5721 689 3123
f 689 3124 3123
f 4047 743 3064
f 743 4047 4034
f 4047 724 4034
f 4047 3064 744
f 724 4047 744
f 639 3183 5663
f 3211 639 5663
f 639 664 3183
f 639 3184 664
f 639 3211 3184
f 5661 5689 3185
f 5689 663 3185
f 3156 5689 3157
f 5689 3156 663
f 5716 3156 3157
f 5715 5716 3157
f 5717 5716 685
f 3156 5716 5717
f 5716 5715 3129
f 685 5716 3129
f 356 3928 3919
f 3928 356 5331
f 3927 357 3936
f 326 3927 3936
f 3927 326 3937
f 5331 3927 3937
f 356 3927 5331
f 357 3927 3918
f 3927 3919 3918
f 3927 356 3919
f 328 3943 5298
f 296 3943 328
f 3943 295 5298
f 295 3943 5263
f 3943 263 3952
f 5263 3943 3952
f 3943 5264 263
f 3943 296 5264
f 261 5262 3944
f 262 261 3944
f 5262 261 3954
f 261 5226 3954
f 3923 3932 330
f 5335 3932 3923
f 330 3932 5300
f 5300 3932 331
f 3932 3931 331
f 3932 5335 3931
f 361 3914 3922
f 5335 361 3922
f 361 3923 3914
f 361 5335 3923
f 4345 2716 995
f 2716 1020 995
f 2716 4345 4374
f 1020 2716 4374
f 1020 4375 2715
f 4376 4375 2683
f 2715 4375 4376
f 4375 2684 2683
f 4375 1020 2684
f 4559 2470 2439
f 4559 1169 2470
f 1196 4559 2439
f 4559 1196 2438
f 1169 4559 2501
f 2500 4527 1144
f 4527 2500 1145
f 4527 1145 2530
f 2500 2499 1145
f 4561 2499 2468
f 2499 1170 2468
f 2499 2500 1170
f 1145 2499 4528
f 4528 2499 1146
f 1146 2499 2498
f 2499 4561 2498
f 2411 4615 1217
f 4616 2411 1217
f 4615 2411 1193
f 2411 4587 1193
f 1194 2411 4616
f 4587 2411 1194
f 2473 2442 1193
f 2442 4586 1193
f 4586 2442 2473
f 4495 2566 1117
f 1116 2566 4494
f 2566 1091 4494
f 2566 4495 1091
f 2566 1116 2534
f 1117 2566 2534
f 2625 4467 1068
f 4467 2624 1068
f 4467 1094 2624
f 4467 2594 1094
f 2595 1093 4466
f 1093 2625 4466
f 4467 1093 2594
f 1093 4467 2625
f 1093 4497 2594
f 1270 4681 1249
f 1290 2312 4703
f 4727 1290 4703
f 1290 4727 2287
f 1268 4679 2340
f 1268 2313 4679
f 1268 2340 4678
f 2313 1268 4678
f 4728 2286 1291
f 2285 2286 4729
f 4729 2286 2263
f 2286 4728 2263
f 2345 4647 2346
f 1264 2345 2346
f 2345 2344 4648
f 2373 2345 4648
f 2345 2373 4647
f 1243 2348 2375
f 2349 1243 2376
f 1243 2375 2376
f 4671 1243 2349
f 2348 1243 4671
f 4596 4622 2403
f 2432 4622 4596
f 4622 2373 2403
f 4622 2374 2373
f 2374 4622 4646
f 4622 2432 4646
f 1154 4541 2489
f 4541 2520 2489
f 2520 4541 1154
f 2521 1153 2489
f 2520 2521 2489
f 2521 4540 1153
f 2521 1127 2522
f 4540 2521 2522
f 4508 2520 1129
f 4508 2550 1103
f 2550 4508 1129
f 1292 2285 4706
f 4682 1272 2336
f 4682 2308 1272
f 2609 1082 4453
f 2609 4453 2640
f 1082 2609 4483
f 2609 2640 4452
f 1081 2609 4452
f 2609 2578 4483
f 2609 4482 2578
f 4482 2609 1081
f 2610 1081 4452
f 2641 2610 4452
f 4451 2610 2641
f 2610 4451 2611
f 1080 2610 2611
f 2610 1080 4481
f 2579 2610 4481
f 4482 2610 2579
f 2610 4482 1081
f 4683 2335 1272
f 2308 4683 1272
f 4707 4683 2308
f 1369 4811 2156
f 4800 1369 2156
f 1369 4798 1368
f 1369 1368 2158
f 4810 1369 2158
f 4736 2255 2278
f 4736 2278 1297
f 2279 4736 1297
f 2255 4736 1317
f 1317 4736 2256
f 4736 2279 2256
f 1489 2042 2041
f 2042 1489 2065
f 1489 2064 2065
f 1489 2041 1490
f 2064 1489 1490
f 1619 1915 1651
f 1915 1619 1618
f 1651 1915 1650
f 1915 1618 1650
f 1914 1619 1651
f 1619 1914 1620
f 1914 4915 1620
f 1914 1651 1652
f 4915 1914 1652
f 2024 1506 1998
f 1507 2024 1998
f 1506 2024 2046
f 2024 1507 2046
f 220 5218 3683
f 5218 220 3649
f 220 3683 5217
f 3649 220 5217
f 5647 5646 650
f 5676 5646 626
f 5646 5676 650
f 5646 5647 3227
f 602 5646 3227
f 626 5646 3228
f 5646 602 3228
f 5614 3230 3260
f 5614 600 3230
f 554 3289 3317
f 3289 554 5587
f 3318 554 3317
f 554 3318 3319
f 554 3319 5587
f 531 5561 3345
f 531 3318 5561
f 5466 3411 3385
f 475 5466 3385
f 5466 475 3410
f 3411 5466 449
f 5466 3410 5437
f 449 5466 5437
f 3383 5495 476
f 5494 3383 476
f 5495 3383 499
f 3383 5521 499
f 3383 5494 5521
f 3433 5439 3432
f 3406 5469 478
f 5469 5496 478
f 3410 450 5437
f 450 3435 5437
f 3435 450 424
f 3434 425 5409
f 3434 5438 425
f 3434 5409 424
f 450 3434 424
f 3434 450 5438
f 451 5439 3433
f 5439 451 3408
f 425 451 3433
f 5438 451 425
f 3408 451 476
f 3218 5626 633
f 5656 3218 633
f 5626 3218 610
f 3218 634 610
f 3218 5656 634
f 3192 3219 632
f 5655 3219 3192
f 3219 5655 609
f 632 3219 5625
f 3219 609 5625
f 3248 5626 5627
f 3248 586 5626
f 3248 5627 3247
f 5598 3248 3247
f 586 3248 5598
f 3115 3116 5753
f 3116 3115 5729
f 3115 696 5729
f 3115 715 5754
f 3115 5753 715
f 3114 3115 5754
f 696 3115 3114
f 4084 755 3050
f 4061 755 4084
f 755 4061 5764
f 735 755 5764
f 4060 755 735
f 755 4060 3050
f 5741 5742 3127
f 3126 5742 706
f 5742 3101 706
f 687 5742 3126
f 3127 5742 687
f 5742 705 3101
f 5742 5741 705
f 662 5661 3186
f 662 5689 5661
f 5689 662 3157
f 662 3186 5688
f 3158 662 5688
f 662 3158 3157
f 261 3953 5226
f 3953 261 262
f 5226 3953 228
f 3953 5227 228
f 5227 3953 3952
f 3953 262 3952
f 2500 4560 1170
f 2469 2500 2501
f 4559 2469 2501
f 2469 4560 2500
f 2469 4559 2438
f 1170 2469 2438
f 4560 2469 1170
f 2531 4526 1144
f 4527 2531 1144
f 2531 1119 4526
f 1119 2531 2563
f 2531 2562 2563
f 2531 1120 2562
f 1120 2531 2530
f 2531 4527 2530
f 4496 1093 2595
f 4496 2595 1092
f 4497 4496 2564
f 1093 4496 4497
f 4496 1092 2565
f 4496 1118 2564
f 1118 4496 2565
f 2310 1270 1291
f 1270 2310 4681
f 1248 2338 4653
f 2338 4654 4653
f 4654 2338 1249
f 2338 1270 1249
f 1270 2311 1291
f 2344 4674 1265
f 2345 4674 2344
f 4674 2317 1265
f 4674 1264 2318
f 4674 2345 1264
f 2317 4674 4698
f 4674 2318 4698
f 1128 2552 1127
f 2521 1128 1127
f 1128 2521 2520
f 4705 2286 2285
f 1292 4705 2285
f 2286 4705 1291
f 4705 2310 1291
f 2308 2309 4706
f 4682 2309 2308
f 2309 1292 4706
f 2309 4705 1292
f 4705 2309 2310
f 4683 2307 4684
f 4684 2307 1273
f 2307 1294 1273
f 2307 4708 1294
f 4811 2157 1383
f 1369 2157 4811
f 2157 4810 1383
f 2157 1369 4810
f 4799 1369 4800
f 4799 4800 2171
f 1369 4799 4798
f 577 5614 3260
f 3289 577 3260
f 577 3289 5587
f 3231 5613 599
f 5613 3262 599
f 600 5613 3231
f 5614 5613 600
f 5533 5560 3345
f 5560 531 3345
f 5560 5533 3346
f 530 5560 3346
f 3319 5560 530
f 3318 5560 3319
f 531 5560 3318
f 452 5440 3432
f 5439 452 3432
f 5440 452 3406
f 477 5495 3382
f 5496 477 3382
f 5469 477 5496
f 450 3409 5438
f 451 3409 476
f 3409 451 5438
f 475 3409 3410
f 3409 450 3410
f 2312 4680 1269
f 1269 4680 2339
f 1290 4680 2312
f 2311 4680 1290
f 4680 1248 2339
f 4680 2338 1248
f 2338 4680 1270
f 4680 2311 1270
f 4704 1290 2287
f 4704 2311 1290
f 2311 4704 1291
f 4704 4728 1291
f 4728 4704 2287
f 2552 4507 1103
f 1128 4507 2552
f 4508 2551 2520
f 2551 1128 2520
f 2551 4507 1128
f 2551 4508 1103
f 4507 2551 1103
f 2310 1271 4681
f 2309 1271 2310
f 4681 1271 2337
f 1271 2309 4682
f 1271 2336 2337
f 1271 4682 2336
f 1293 4683 4707
f 1293 2307 4683
f 2307 1293 4708
f 1293 2283 4708
f 2283 1293 4731
f 4731 1293 2284
f 1293 4707 2284
f 2172 2171 1355
f 2172 4799 2171
f 2172 1355 2173
f 2172 2173 4798
f 4799 2172 4798
f 3290 577 5587
f 3291 3290 5586
f 3290 3319 5586
f 3319 3290 5587
f 477 5468 5495
f 5468 477 3408
f 5495 5468 476
f 5468 3408 476
f 3407 477 5469
f 3407 5469 3406
f 452 3407 3406
f 477 3407 3408
f 3407 5439 3408
f 3407 452 5439
f 5467 5494 476
f 3409 5467 476
f 5494 5467 3384
f 5467 475 3384
f 5467 3409 475
f 577 3261 5614
f 3290 3261 577
f 3261 5613 5614
f 5613 576 3262
f 3261 576 5613
f 576 3261 3290
f 3262 576 3291
f 576 3290 3291
f 2053 1475 2054
f 1475 2053 1476
f 2103 2102 1431
f 2103 1431 1430
f 4168 2963 822
f 2963 4168 844
f 1111 2541 2540
f 1112 1111 2540
f 467 5487 468
f 3894 467 468
f 3320 5558 3321
f 5558 529 3321
f 5732 3137 5731
f 5731 3137 3138
f 165 3741 3742
f 3741 165 5158
f 4739 4740 2274
f 2275 4739 2274
f 4740 4741 2274
f 4741 2273 2274
f 2107 1440 2106
f 2106 1440 1441
f 5520 3359 5521
f 5521 3359 3358
f 1425 2109 2108
f 2109 1425 1424
f 4683 4684 2334
f 2335 4683 2334
