ply
format ascii 1.0
element vertex 4365
property float x
property float y
property float z
element face 8619
property list uchar int vertex_indices
end_header
-1.0085 4.2085 -0.5800
-1.0085 3.9885 -0.4800
-0.9985 3.7085 -0.4500
-0.9985 3.4285 -0.4400
-0.9985 3.1485 -0.4500
-0.9985 2.8285 -0.4700
-0.9885 2.5885 -0.4300
-0.9885 2.2985 -0.4500
-0.9885 1.9985 -0.4300
-0.9885 1.7385 -0.4300
-0.9785 1.4385 -0.4400
-0.9785 1.1485 -0.4200
-0.9785 0.8585 -0.4200
-0.9785 0.5685 -0.3900
-0.9685 0.2785 -0.4100
-0.9685 -0.0115 -0.3800
-0.9685 -0.2915 -0.3800
-0.9685 -0.6015 -0.3700
-0.9585 -0.8815 -0.3500
-0.9585 -1.1415 -0.3600
-0.9585 -1.4215 -0.3500
-0.9585 -1.7215 -0.3200
-0.9485 -2.0115 -0.3300
-0.9485 -2.2815 -0.3200
-0.9485 -2.5815 -0.2900
-0.9485 -2.8715 -0.3100
-0.9385 -3.1415 -0.2700
-0.9385 -3.4015 -0.2700
-0.9385 -3.6915 -0.2400
-0.9385 -4.0015 -0.2300
-0.9285 -4.2915 -0.2100
-0.9285 -4.5415 -0.1400
-0.9285 -4.8215 -0.1000
-0.9285 -5.1015 -0.0300
-1.2685 3.8285 -0.5200
-1.2685 3.5785 -0.4600
-1.2685 3.2785 -0.4600
-1.2685 2.9785 -0.4600
-1.2585 2.7185 -0.4500
-1.2585 2.4085 -0.4600
-1.2585 2.1285 -0.4600
-1.2585 1.8185 -0.4300
-1.2485 1.5585 -0.4200
-1.2485 1.2685 -0.4200
-1.2485 0.9485 -0.4400
-1.2385 0.6685 -0.4200
-1.2385 0.3985 -0.4300
-1.2385 0.1085 -0.4200
-1.2385 -0.1715 -0.4200
-1.2385 -0.4615 -0.4000
-1.2285 -0.7615 -0.3800
-1.2285 -1.0215 -0.3600
-1.2285 -1.3115 -0.4000
-1.2285 -1.6015 -0.3600
-1.2185 -1.8915 -0.3500
-1.2185 -2.1715 -0.3300
-1.2185 -2.4615 -0.3200
-1.2085 -2.7715 -0.3000
-1.2085 -3.0615 -0.2900
-1.2085 -3.3415 -0.2600
-1.2085 -3.6115 -0.2500
-1.2085 -3.8915 -0.2400
-1.1985 -4.1315 -0.1900
-1.1985 -4.3615 -0.1200
-1.1985 -4.6415 -0.1400
-1.1985 -4.9015 -0.0300
-1.4785 3.7685 -0.6100
-1.4785 3.5785 -0.4700
-1.4685 3.2885 -0.4500
-1.4685 2.9985 -0.4500
-1.4685 2.7185 -0.4500
-1.4685 2.4285 -0.4500
-1.4585 2.1385 -0.4500
-1.4585 1.8485 -0.4600
-1.4585 1.5685 -0.4400
-1.4585 1.2685 -0.4200
-1.4485 0.9985 -0.4300
-1.4485 0.7085 -0.4300
-1.4485 0.4385 -0.4000
-1.4485 0.1285 -0.4000
-1.4385 -0.1715 -0.4000
-1.4385 -0.4515 -0.3800
-1.4385 -0.7715 -0.3900
-1.4385 -1.0815 -0.3900
-1.4285 -1.3515 -0.3500
-1.4285 -1.6215 -0.3600
-1.4285 -1.8915 -0.3300
-1.4285 -2.1715 -0.3400
-1.4185 -2.4215 -0.3000
-1.4185 -2.6915 -0.3200
-1.4185 -2.9915 -0.3000
-1.4185 -3.2615 -0.2700
-1.4085 -3.5415 -0.2600
-1.4085 -3.7815 -0.2400
-1.4085 -4.0215 -0.1700
-1.4085 -4.3215 -0.1600
-1.6485 3.5785 -0.6100
-1.6485 3.3685 -0.4800
-1.6485 3.0785 -0.4500
-1.6485 2.7885 -0.4400
-1.6385 2.4985 -0.4600
-1.6385 2.1985 -0.4600
-1.6385 1.9085 -0.4600
-1.6385 1.6085 -0.4500
-1.6285 1.3085 -0.4500
-1.6285 1.0085 -0.4500
-1.6285 0.7085 -0.4500
-1.6285 0.4485 -0.4200
-1.6185 0.1785 -0.4000
-1.6185 -0.0815 -0.3900
-1.6185 -0.3615 -0.4000
-1.6185 -0.6415 -0.4000
-1.6085 -0.9315 -0.3800
-1.6085 -1.1915 -0.4000
-1.6085 -1.4715 -0.3600
-1.6085 -1.7415 -0.3500
-1.5985 -2.0115 -0.3400
-1.5985 -2.3115 -0.3300
-1.5985 -2.6115 -0.3200
-1.5985 -2.8715 -0.3100
-1.5985 -3.1315 -0.2700
-1.5885 -3.4015 -0.2700
-1.5885 -3.6815 -0.2200
-1.5885 -3.9115 -0.1500
-1.5885 -4.2515 -0.2100
-1.8985 3.5285 -0.6400
-1.8985 3.2785 -0.5300
-1.8885 3.0085 -0.4500
-1.8885 2.7485 -0.4200
-1.8885 2.4585 -0.4700
-1.8885 2.1585 -0.4500
-1.8785 1.8985 -0.4300
-1.8785 1.6185 -0.4700
-1.8785 1.3685 -0.4500
-1.8785 1.0485 -0.4400
-1.8685 0.7685 -0.4400
-1.8685 0.5185 -0.4200
-1.8685 0.2585 -0.4100
-1.8685 -0.0215 -0.4100
-1.8685 -0.3215 -0.4000
-1.8585 -0.6215 -0.3800
-1.8585 -0.8815 -0.3900
-1.8585 -1.1615 -0.3900
-1.8585 -1.4415 -0.3700
-1.8485 -1.7415 -0.3600
-1.8485 -1.9915 -0.3300
-1.8485 -2.2715 -0.3400
-1.8485 -2.5715 -0.3200
-1.8385 -2.8415 -0.3000
-1.8385 -3.1215 -0.3100
-1.8385 -3.3615 -0.2500
-1.8385 -3.6415 -0.1300
-1.8285 -4.0015 -0.2300
-2.2285 3.2285 -0.6300
-2.2285 2.9885 -0.5600
-2.2285 2.7385 -0.4800
-2.2285 2.4685 -0.4600
-2.2285 2.1985 -0.4500
-2.2185 1.9085 -0.4600
-2.2185 1.6485 -0.4500
-2.2185 1.3485 -0.4600
-2.2185 1.0285 -0.4600
-2.2085 0.7685 -0.4500
-2.2085 0.5085 -0.4400
-2.2085 0.2185 -0.4500
-2.2085 -0.0615 -0.4200
-2.1985 -0.3415 -0.4200
-2.1985 -0.6315 -0.4100
-2.1985 -0.8915 -0.4100
-2.1985 -1.1715 -0.3900
-2.1985 -1.4615 -0.3800
-2.1885 -1.7515 -0.3400
-2.1885 -2.0315 -0.3400
-2.1885 -2.3515 -0.3400
-2.1885 -2.6115 -0.3300
-2.1785 -2.9015 -0.2800
-2.1785 -3.1215 -0.2000
-2.1785 -3.3615 -0.1300
-2.1785 -3.6215 -0.1400
-2.5185 2.9685 -0.6200
-2.5085 2.7285 -0.5300
-2.5085 2.4985 -0.4400
-2.5085 2.1985 -0.4600
-2.5085 1.9185 -0.4600
-2.4985 1.6085 -0.4600
-2.4985 1.3385 -0.4600
-2.4985 1.0785 -0.4800
-2.4985 0.7985 -0.4300
-2.4885 0.4685 -0.4300
-2.4885 0.1685 -0.4300
-2.4885 -0.1215 -0.4300
-2.4885 -0.3815 -0.4200
-2.4785 -0.6815 -0.4200
-2.4785 -0.9615 -0.4000
-2.4785 -1.2315 -0.3900
-2.4785 -1.4915 -0.3900
-2.4685 -1.7815 -0.3700
-2.4685 -2.0915 -0.3500
-2.4685 -2.3815 -0.3300
-2.4685 -2.6015 -0.2600
-2.4685 -2.8415 -0.1900
-2.4585 -3.1315 -0.1500
-2.4585 -3.3815 -0.0900
-2.6685 2.7185 -0.5600
-2.6585 2.4585 -0.4800
-2.6585 2.1685 -0.4800
-2.6585 1.8685 -0.4600
-2.6585 1.5985 -0.4800
-2.6585 1.2985 -0.4700
-2.6485 1.0485 -0.4800
-2.6485 0.7585 -0.4500
-2.6485 0.4785 -0.4700
-2.6485 0.1885 -0.4400
-2.6385 -0.1015 -0.4200
-2.6385 -0.4015 -0.4200
-2.6385 -0.6815 -0.4200
-2.6385 -0.9515 -0.4100
-2.6285 -1.2415 -0.3900
-2.6285 -1.5115 -0.3800
-2.6285 -1.7815 -0.3700
-2.6285 -2.0615 -0.3500
-2.6185 -2.3515 -0.3300
-2.6185 -2.5815 -0.2200
-2.6185 -2.8515 -0.1600
-2.8085 2.5685 -0.5800
-2.8085 2.3285 -0.5100
-2.8085 2.0485 -0.4400
-2.7985 1.7485 -0.4600
-2.7985 1.4385 -0.4900
-2.7985 1.1785 -0.4700
-2.7985 0.8985 -0.4600
-2.7985 0.6185 -0.4500
-2.7885 0.3385 -0.4500
-2.7885 0.0785 -0.4400
-2.7885 -0.2315 -0.4300
-2.7785 -0.4915 -0.4000
-2.7785 -0.7915 -0.4300
-2.7785 -1.0815 -0.3900
-2.7785 -1.3515 -0.3700
-2.7685 -1.6415 -0.3600
-2.7685 -1.9315 -0.3700
-2.7685 -2.2115 -0.3200
-2.7685 -2.4415 -0.2300
-2.7685 -2.7215 -0.1600
-3.0585 2.4885 -0.6800
-3.0485 2.2585 -0.5300
-3.0485 1.9885 -0.4700
-3.0485 1.7085 -0.4800
-3.0485 1.4385 -0.4700
-3.0385 1.1185 -0.4400
-3.0385 0.8485 -0.4400
-3.0385 0.5485 -0.4600
-3.0385 0.2585 -0.4500
-3.0285 -0.0415 -0.4300
-3.0285 -0.3215 -0.4200
-3.0285 -0.6215 -0.4300
-3.0285 -0.9015 -0.4200
-3.0185 -1.1715 -0.3900
-3.0185 -1.4415 -0.3700
-3.0185 -1.7415 -0.3700
-3.0185 -2.0015 -0.3300
-3.0085 -2.2415 -0.2400
-3.0085 -2.5115 -0.1700
-3.3285 2.1985 -0.6000
-3.3285 1.9385 -0.5200
-3.3285 1.6785 -0.4500
-3.3185 1.3785 -0.4600
-3.3185 1.0885 -0.4600
-3.3185 0.8185 -0.4500
-3.3185 0.5385 -0.4500
-3.3185 0.2485 -0.4300
-3.3085 -0.0615 -0.4200
-3.3085 -0.3115 -0.4200
-3.3085 -0.6115 -0.4200
-3.3085 -0.9015 -0.4200
-3.2985 -1.1815 -0.3900
-3.2985 -1.4415 -0.3800
-3.2985 -1.7115 -0.3100
-3.2985 -1.9515 -0.2000
-3.2885 -2.2215 -0.1700
-3.5785 1.9285 -0.5900
-3.5785 1.6885 -0.5300
-3.5785 1.4085 -0.4800
-3.5685 1.1385 -0.4800
-3.5685 0.8485 -0.4600
-3.5685 0.5685 -0.4600
-3.5685 0.2685 -0.4700
-3.5585 -0.0315 -0.4500
-3.5585 -0.3215 -0.4400
-3.5585 -0.6215 -0.4500
-3.5585 -0.9015 -0.4200
-3.5485 -1.1915 -0.3900
-3.5485 -1.4315 -0.3200
-3.5485 -1.6515 -0.2000
-3.5485 -1.9415 -0.2300
-3.8185 1.6085 -0.5700
-3.8185 1.3485 -0.4800
-3.8185 1.0585 -0.4700
-3.8185 0.7385 -0.4600
-3.8085 0.4885 -0.4500
-3.8085 0.2085 -0.4700
-3.8085 -0.0715 -0.4300
-3.8085 -0.3415 -0.4300
-3.8085 -0.6015 -0.4100
-3.7985 -0.8915 -0.4200
-3.7985 -1.1415 -0.3500
-3.7985 -1.3515 -0.2200
-3.7985 -1.6015 -0.1800
-3.7885 -1.8515 -0.1700
-4.0685 1.4685 -0.6200
-4.0685 1.2285 -0.5400
-4.0685 0.9585 -0.4800
-4.0685 0.6885 -0.4600
-4.0685 0.4285 -0.4600
-4.0585 0.1485 -0.4600
-4.0585 -0.1215 -0.4600
-4.0585 -0.4115 -0.4300
-4.0585 -0.6915 -0.4000
-4.0485 -0.9015 -0.3200
-4.0485 -1.1415 -0.2200
-4.0485 -1.4015 -0.1700
-4.2785 1.3985 -0.6200
-4.2785 1.1485 -0.5800
-4.2785 0.9485 -0.4700
-4.2685 0.6485 -0.4700
-4.2685 0.3585 -0.4500
-4.2685 0.0985 -0.4500
-4.2685 -0.2015 -0.4500
-4.2585 -0.4715 -0.4200
-4.2585 -0.6715 -0.3000
-4.2585 -0.9415 -0.2300
-4.2585 -1.2015 -0.1700
-4.4685 0.9785 -0.5800
-4.4585 0.7185 -0.4900
-4.4585 0.4385 -0.4700
-4.4585 0.1385 -0.4700
-4.4585 -0.1315 -0.4600
-4.4485 -0.3715 -0.3600
-4.4485 -0.5715 -0.2200
-4.4485 -0.8315 -0.2200
-4.4485 -1.0715 -0.1300
-4.4085 -5.9915 -1.1200
-4.3985 -6.0015 -0.6500
-4.3985 -6.0715 -0.2300
-4.3985 -6.0215 0.4200
-4.3985 -6.2115 0.6300
-4.3985 -6.5015 0.6300
-4.7185 0.7585 -0.5400
-4.7085 0.5085 -0.4800
-4.7085 0.1985 -0.4800
-4.7085 -0.0515 -0.3900
-4.7085 -0.2715 -0.2800
-4.6985 -0.5015 -0.2100
-4.6985 -0.7615 -0.1400
-4.6585 -6.0215 -2.3200
-4.6585 -5.9415 -1.6800
-4.6585 -5.9015 -1.1000
-4.6585 -5.9615 -0.6000
-4.6585 -5.9115 0.0100
-4.6585 -5.9615 0.4700
-4.6585 -6.0615 0.7400
-4.6485 -6.3715 0.7600
-4.6485 -6.7115 0.6700
-5.0385 0.6485 -0.9500
-5.0385 0.5885 -0.5700
-5.0285 0.3285 -0.5100
-5.0285 0.0685 -0.4400
-5.0285 -0.1615 -0.3400
-4.9785 -5.6715 -2.4400
-4.9885 -5.3815 -1.3800
-4.9785 -5.5415 -1.1100
-4.9785 -5.5815 -0.7300
-4.9785 -5.5815 -0.1300
-4.9785 -5.5815 0.4200
-4.9785 -5.6515 0.8600
-4.9785 -5.7615 1.1900
-4.9785 -6.1715 1.0200
-4.9685 -6.6015 0.7800
-4.9685 -6.9415 0.6700
-5.2385 -5.2715 -2.2400
-5.2385 -5.2515 -1.6200
-5.2385 -5.3115 -1.1900
-5.2385 -5.2815 -0.5900
-5.2385 -5.3015 -0.1200
-5.2385 -5.3515 0.2900
-5.2385 -5.2815 0.8800
-5.2385 -5.3315 1.3300
-5.2385 -5.4615 1.6600
-5.2385 -5.8915 1.3800
-5.2285 -6.2615 1.1400
-5.2285 -6.7415 0.8000
-5.2285 -7.0915 0.7000
-5.3985 -5.0915 -2.3600
-5.3985 -5.0815 -1.8300
-5.3985 -5.1515 -1.3900
-5.3985 -5.1015 -0.8000
-5.3985 -5.1415 -0.3300
-5.3985 -5.1215 0.1900
-5.3985 -5.0615 0.7900
-5.3985 -5.1315 1.2200
-5.3985 -5.2315 1.6200
-5.3885 -5.3615 1.8800
-5.3885 -5.9115 1.3900
-5.3885 -6.2915 1.1900
-5.3785 -6.7215 0.9500
-5.3785 -7.1015 0.7500
-5.5585 -4.9615 -2.0700
-5.5585 -4.9515 -1.5600
-5.5685 -4.9015 -0.9500
-5.5685 -4.9315 -0.4500
-5.5585 -4.9415 0.0500
-5.5585 -4.9115 0.6100
-5.5585 -4.9215 1.1300
-5.5585 -4.9115 1.7300
-5.5585 -5.0515 1.9800
-5.5585 -5.2615 2.0700
-5.5585 -5.7815 1.6200
-5.5485 -6.3415 1.2200
-5.5485 -6.7915 0.9400
-5.5385 -7.1715 0.7500
-5.8385 -4.6115 -2.2100
-5.8385 -4.6915 -1.8200
-5.8385 -4.4415 -0.8500
-5.8385 -4.5915 -0.6200
-5.8385 -4.6415 -0.1300
-5.8385 -4.7115 0.3000
-5.8385 -4.6015 1.0400
-5.8385 -4.6015 1.5900
-5.8385 -4.5915 2.1300
-5.8385 -4.7415 2.4100
-5.8385 -4.9415 2.5200
-5.8385 -5.4315 2.1300
-5.8285 -5.8915 1.8200
-5.8285 -6.4415 1.3500
-5.8185 -6.9115 1.0400
-5.8185 -7.3215 0.8100
-6.1485 -4.2715 -2.1000
-6.1485 -4.2515 -1.5200
-6.1485 -4.1515 -0.8000
-6.1485 -4.2715 -0.4800
-6.1485 -4.2715 0.0900
-6.1485 -4.2115 0.6900
-6.1485 -4.2515 1.1300
-6.1485 -4.2315 1.6900
-6.1485 -4.2915 2.1400
-6.1485 -4.3115 2.6400
-6.1485 -4.3615 3.0900
-6.1485 -4.7615 2.8800
-6.1385 -5.2815 2.4300
-6.1385 -5.8115 2.0000
-6.1285 -6.2915 1.5800
-6.1285 -6.7215 1.3400
-6.1185 -7.2215 0.9900
-6.4185 -3.9115 -2.3100
-6.4185 -3.9415 -1.8600
-6.4185 -3.9415 -1.2900
-6.4185 -3.9415 -0.7400
-6.4185 -3.9315 -0.1600
-6.4185 -3.9415 0.3200
-6.4185 -3.9115 0.9000
-6.4185 -3.9315 1.4200
-6.4185 -3.9215 1.9500
-6.4185 -4.0115 2.2900
-6.4185 -4.0315 2.7900
-6.4185 -4.1815 2.9900
-6.4085 -4.4115 3.1600
-6.4085 -4.7415 3.1000
-6.4085 -5.1915 2.7700
-6.3985 -5.7615 2.2800
-6.3985 -6.2915 1.8600
-6.3885 -6.8315 1.4300
-6.3885 -7.2715 1.1500
-6.6585 -3.6415 -2.4300
-6.6585 -3.6815 -1.9800
-6.6585 -3.6915 -1.4700
-6.6585 -3.6715 -0.9300
-6.6585 -3.6915 -0.4500
-6.6585 -3.6615 0.1800
-6.6585 -3.6315 0.7300
-6.6585 -3.6515 1.2300
-6.6485 -3.6915 1.7200
-6.6485 -3.7415 2.1800
-6.6485 -3.8315 2.5500
-6.6485 -4.0215 2.7100
-6.6485 -4.2415 2.8800
-6.6485 -4.4515 3.0400
-6.6485 -4.6415 3.2100
-6.6385 -4.9915 3.1300
-6.6385 -5.5315 2.6500
-6.6285 -6.0715 2.1700
-6.6285 -6.6215 1.7000
-6.6285 -7.0415 1.4100
-6.8885 -3.4015 -0.2400
-6.8885 -3.3715 0.3800
-6.8885 -3.4515 0.7200
-6.8885 -3.3915 1.3700
-6.8885 -3.4415 1.8400
-6.8885 -3.5415 2.1900
-6.8885 -3.7215 2.3500
-6.8885 -3.9115 2.5300
-6.8785 -4.1315 2.6900
-6.8785 -4.3415 2.8300
-6.8785 -4.5515 3.0000
-6.8785 -4.7315 3.1400
-6.8785 -5.0215 3.1900
-6.8685 -5.5615 2.6900
-6.8685 -6.1415 2.1800
-6.8585 -6.5615 1.9600
-6.8585 -7.1315 1.4800
-7.0985 -3.1515 -0.0700
-7.0985 -3.2415 0.3300
-7.0985 -3.1715 0.9900
-7.0985 -3.2615 1.3600
-7.0985 -3.3115 1.8200
-7.0985 -3.4715 2.0200
-7.0885 -3.6715 2.2100
-7.0885 -3.8915 2.3300
-7.0885 -4.0915 2.5100
-7.0885 -4.3015 2.6700
-7.0885 -4.5115 2.8200
-7.0785 -4.7415 2.9800
-7.0785 -4.9415 3.1400
-7.0785 -5.2415 3.1500
-7.0785 -5.8015 2.6400
-7.0685 -6.1815 2.4500
-7.0685 -6.7115 1.9900
-7.0585 -7.2115 1.5700
-7.2685 -6.0915 2.6100
-7.2685 -6.6415 2.1600
-7.2585 -7.2015 1.7000
6.6515 6.4285 4.8000
6.6515 6.1285 4.8000
6.6515 5.8585 4.8100
6.6515 5.5785 4.8300
6.6615 5.3185 4.8300
6.6615 5.0385 4.8400
6.6615 4.7485 4.8500
6.6615 4.5185 4.9000
6.6715 4.2585 4.9400
6.6715 3.9785 5.0100
6.3515 6.5585 4.7600
6.3515 6.2985 4.8000
6.3515 5.9885 4.7800
6.3515 5.7085 4.7900
6.3615 5.4485 4.8200
6.3615 5.1785 4.8200
6.3615 4.8985 4.8500
6.3615 4.6185 4.8700
6.3715 4.3085 4.8400
6.3715 4.1185 4.9800
6.3715 3.8985 5.0400
6.1415 6.4385 4.7800
6.1415 6.1785 4.7900
6.1415 5.8885 4.8300
6.1415 5.5785 4.8100
6.1515 5.2785 4.8200
6.1515 5.0085 4.8400
6.1515 4.7385 4.8600
6.1515 4.4385 4.8600
6.1615 4.1885 4.9000
6.1615 3.9285 4.9100
6.1615 3.6785 4.9600
6.1615 3.3985 5.0000
5.9615 6.4785 4.7600
5.9615 6.1785 4.8100
5.9615 5.8985 4.7900
5.9615 5.6385 4.7900
5.9715 5.3685 4.8100
5.9715 5.0585 4.8100
5.9715 4.7685 4.8400
5.9715 4.4885 4.8300
5.9815 4.2185 4.8400
5.9815 3.9685 4.9000
5.9815 3.6885 4.9600
5.9815 3.4485 4.9800
5.7315 6.3985 4.7700
5.7315 6.1285 4.7700
5.7415 5.8585 4.7500
5.7415 5.6085 4.8100
5.7415 5.3085 4.7900
5.7415 5.0485 4.8400
5.7415 4.7385 4.8100
5.7515 4.4785 4.8200
5.7515 4.1985 4.8600
5.7515 3.8985 4.8700
5.7615 3.3885 4.9700
5.4915 6.5485 4.7800
5.5015 6.2485 4.7900
5.5015 5.9485 4.7900
5.5015 5.6785 4.8000
5.5015 5.3785 4.8200
5.5115 5.0985 4.8400
5.5115 4.7985 4.8100
5.5115 4.5085 4.8200
5.5115 4.2185 4.8500
5.5215 3.9485 4.8700
5.5215 3.7185 4.9200
5.5215 3.4585 4.9700
5.2715 6.4485 4.7800
5.2715 6.1385 4.7700
5.2715 5.8685 4.8000
5.2815 5.5785 4.7800
5.2815 5.3085 4.8000
5.2815 5.0185 4.7900
5.2815 4.7185 4.8000
5.2815 4.4485 4.8200
5.2915 4.1685 4.8500
5.2915 3.9285 4.8700
5.2915 3.6485 4.9300
5.2915 3.3985 4.9900
5.3015 3.1085 5.0100
5.0015 6.4385 4.7300
5.0015 6.1585 4.7800
5.0015 5.8685 4.7600
5.0015 5.6085 4.7700
5.0115 5.3285 4.8000
5.0115 5.0185 4.7900
5.0115 4.7485 4.8300
5.0115 4.4685 4.8300
5.0215 4.1685 4.8500
5.0215 3.9085 4.9500
5.0215 3.6485 5.0000
5.0215 3.4285 5.0600
5.0615 -0.5715 -1.3200
5.0615 -0.5615 -0.7800
5.0615 -0.5115 -0.1900
5.0615 -0.7315 -0.0700
5.0615 -1.0015 -0.0200
4.6915 6.4385 4.7600
4.6915 6.1385 4.7700
4.6915 5.8385 4.7600
4.7015 5.5485 4.7700
4.7015 5.2785 4.7900
4.7015 5.0185 4.8100
4.7015 4.7585 4.8500
4.7015 4.5285 4.9000
4.7115 4.2585 4.9100
4.7115 3.9685 4.9500
4.7115 3.7385 5.0300
4.7415 -0.2315 -0.2700
4.7515 -0.4315 -0.1100
4.7515 -0.7015 -0.1000
4.7515 -0.9415 -0.0800
4.7515 -1.2015 0.0100
4.4515 6.3785 4.7600
4.4615 6.0885 4.7400
4.4615 5.7985 4.7700
4.4615 5.5285 4.7500
4.4615 5.2785 4.7900
4.4615 5.0485 4.8300
4.4715 4.7285 4.8700
4.4715 4.4785 4.9400
4.4715 4.2485 5.0200
4.5115 0.0485 -0.7000
4.5115 0.0185 -0.2500
4.5115 -0.1815 -0.1100
4.5115 -0.5015 -0.1600
4.5115 -0.7915 -0.1400
4.5215 -1.0215 -0.0700
4.5215 -1.3215 -0.0200
4.2915 6.5285 4.7200
4.2915 6.2685 4.7600
4.2915 5.9785 4.7300
4.3015 5.7185 4.7600
4.3015 5.4485 4.8000
4.3015 5.1885 4.8200
4.3015 4.9085 4.8600
4.3015 4.6585 4.9200
4.3115 4.4185 4.9900
4.3115 4.1485 5.0200
4.3415 0.2385 -0.6000
4.3415 0.1685 -0.2000
4.3415 -0.0915 -0.1100
4.3515 -0.3915 -0.1700
4.3515 -0.6715 -0.1700
4.3515 -0.9315 -0.1800
4.3515 -1.1815 -0.0800
4.3615 -1.4515 -0.0100
4.0715 6.4985 4.7300
4.0715 6.2385 4.7500
4.0715 5.9485 4.7500
4.0715 5.6785 4.8100
4.0815 5.4085 4.8600
4.0815 5.1185 4.8800
4.0815 4.8785 4.9700
4.0815 4.5985 4.9600
4.1215 0.4985 -0.5800
4.1215 0.4485 -0.1700
4.1215 0.1585 -0.1100
4.1215 -0.1715 -0.1800
4.1315 -0.4515 -0.2000
4.1315 -0.7315 -0.2000
4.1315 -1.0015 -0.2000
4.1315 -1.2815 -0.1200
4.1315 -1.5315 -0.0400
4.1415 -1.7715 -0.0600
3.7315 6.5085 4.7200
3.7315 6.2285 4.7600
3.7415 5.9485 4.7600
3.7415 5.7285 4.8400
3.7415 5.5085 4.9000
3.7415 5.2285 4.9900
3.7415 4.9285 4.9900
3.7815 0.8885 -0.4300
3.7815 0.7585 -0.1500
3.7815 0.4985 -0.1300
3.7815 0.1485 -0.2000
3.7915 -0.1415 -0.2100
3.7915 -0.4215 -0.2000
3.7915 -0.7115 -0.2000
3.7915 -0.9715 -0.2000
3.8015 -1.2915 -0.1800
3.8015 -1.5615 -0.1100
3.8015 -1.8015 -0.0400
3.8015 -2.0615 -0.0200
3.4115 6.5685 4.7200
3.4115 6.3185 4.7600
3.4115 6.0585 4.7600
3.4115 5.8585 4.9600
3.4115 5.6085 4.9900
3.4215 5.3685 5.0800
3.4515 1.2485 -0.4500
3.4515 1.1385 -0.1600
3.4515 0.8185 -0.1700
3.4615 0.4785 -0.2300
3.4615 0.1885 -0.2200
3.4615 -0.0815 -0.2300
3.4615 -0.4015 -0.2500
3.4715 -0.6915 -0.2200
3.4715 -0.9415 -0.1800
3.4715 -1.2215 -0.2000
3.4715 -1.5215 -0.1900
3.4815 -1.7915 -0.1200
3.4815 -2.0215 -0.0500
3.4815 -2.2915 -0.0100
3.1915 6.3885 4.7500
3.1915 6.1585 4.8600
3.2015 5.9385 4.9900
3.2015 5.6485 4.9800
3.2315 1.5185 -0.5500
3.2315 1.3985 -0.2000
3.2415 1.1585 -0.1400
3.2415 0.8385 -0.2100
3.2415 0.5085 -0.2600
3.2415 0.2185 -0.2400
3.2515 -0.0415 -0.2300
3.2515 -0.3515 -0.2400
3.2515 -0.6115 -0.2200
3.2515 -0.9115 -0.2200
3.2615 -1.1615 -0.2100
3.2615 -1.4715 -0.2100
3.2615 -1.7615 -0.1800
3.2615 -2.0315 -0.1100
3.2615 -2.2815 -0.0600
3.2715 -2.5615 0.0100
3.0215 6.5785 4.7300
3.0215 6.3385 4.8700
3.0315 6.1085 4.9900
3.0315 5.8485 4.9700
3.0615 1.7585 -0.5100
3.0615 1.6285 -0.2000
3.0615 1.3585 -0.1700
3.0715 1.0085 -0.2500
3.0715 0.7485 -0.2400
3.0715 0.4485 -0.2600
3.0815 0.1385 -0.2500
3.0815 -0.1715 -0.2500
3.0815 -0.4615 -0.2400
3.0815 -0.7615 -0.2600
3.0915 -1.0415 -0.2400
3.0915 -1.3415 -0.2200
3.0915 -1.5915 -0.2100
3.0915 -1.8615 -0.2000
3.0915 -2.0915 -0.1400
3.1015 -2.3515 -0.0800
3.1015 -2.6415 -0.0300
2.8015 6.4985 4.9200
2.8115 6.2685 4.9900
2.8115 5.9785 5.0200
2.8415 2.0085 -0.7800
2.8415 1.9685 -0.2700
2.8415 1.7385 -0.1900
2.8515 1.4085 -0.2100
2.8515 1.0785 -0.2700
2.8515 0.8085 -0.2700
2.8515 0.5385 -0.2800
2.8615 0.2585 -0.2800
2.8615 -0.0015 -0.2400
2.8615 -0.2915 -0.2600
2.8615 -0.5815 -0.2500
2.8715 -0.8615 -0.2500
2.8715 -1.1215 -0.2300
2.8715 -1.4015 -0.2300
2.8715 -1.6615 -0.2000
2.8815 -1.9715 -0.2200
2.8815 -2.2215 -0.1900
2.8815 -2.4615 -0.0700
2.8815 -2.7415 -0.0500
2.5615 6.5585 4.9900
2.5615 6.2785 5.0400
2.6015 2.2285 -0.4500
2.6015 2.0985 -0.1700
2.6015 1.7985 -0.1900
2.6015 1.4585 -0.2700
2.6115 1.1885 -0.2700
2.6115 0.9185 -0.3000
2.6115 0.6385 -0.2900
2.6115 0.3685 -0.2700
2.6215 0.0685 -0.2800
2.6215 -0.2315 -0.2900
2.6215 -0.5015 -0.2500
2.6215 -0.7715 -0.2600
2.6315 -1.0415 -0.2400
2.6315 -1.3315 -0.2500
2.6315 -1.6015 -0.2200
2.6315 -1.9015 -0.2100
2.6415 -2.1715 -0.1900
2.6415 -2.4215 -0.1600
2.6415 -2.6515 -0.0600
2.6415 -2.9715 -0.0500
2.3415 2.5885 -0.3800
2.3415 2.4085 -0.2100
2.3415 2.1285 -0.2100
2.3515 1.7885 -0.2900
2.3515 1.4785 -0.3000
2.3515 1.2185 -0.2900
2.3515 0.9385 -0.3000
2.3615 0.6585 -0.3000
2.3615 0.3685 -0.2800
2.3615 0.1085 -0.2700
2.3615 -0.1915 -0.2900
2.3615 -0.4715 -0.2600
2.3715 -0.7515 -0.2700
2.3715 -1.0215 -0.2600
2.3715 -1.3315 -0.2400
2.3815 -1.6315 -0.2300
2.3815 -1.9215 -0.2200
2.3815 -2.1815 -0.2100
2.3815 -2.4915 -0.1900
2.3815 -2.7215 -0.1300
2.3915 -2.9715 -0.0700
2.3915 -3.2415 -0.0600
2.0515 2.9385 -0.4300
2.0515 2.7885 -0.2300
2.0515 2.4985 -0.2300
2.0515 2.1485 -0.3000
2.0615 1.8685 -0.3400
2.0615 1.5885 -0.3200
2.0615 1.3085 -0.3000
2.0615 1.0385 -0.3000
2.0615 0.7085 -0.3300
2.0715 0.4285 -0.3100
2.0715 0.1385 -0.2900
2.0715 -0.1615 -0.2900
2.0715 -0.4415 -0.2800
2.0815 -0.7315 -0.2800
2.0815 -0.9915 -0.3000
2.0815 -1.2815 -0.2600
2.0815 -1.5415 -0.2500
2.0915 -1.8315 -0.2400
2.0915 -2.1015 -0.2300
2.0915 -2.4215 -0.2100
2.0915 -2.7015 -0.2000
2.1015 -2.9415 -0.1400
2.1015 -3.1815 -0.0800
2.1015 -3.4515 -0.0200
1.7415 3.2885 -0.7300
1.7415 3.2585 -0.2800
1.7415 2.9885 -0.2400
1.7415 2.6485 -0.3000
1.7515 2.3385 -0.3300
1.7515 2.0285 -0.3300
1.7515 1.7485 -0.3400
1.7615 1.4585 -0.3500
1.7615 1.1885 -0.3300
1.7615 0.8985 -0.3400
1.7615 0.6285 -0.3200
1.7615 0.3485 -0.3200
1.7715 0.0485 -0.3000
1.7715 -0.2515 -0.2900
1.7715 -0.5215 -0.2800
1.7715 -0.8015 -0.3000
1.7815 -1.0515 -0.2700
1.7815 -1.3615 -0.2800
1.7815 -1.6215 -0.2500
1.7815 -1.9015 -0.2300
1.7915 -2.1615 -0.2300
1.7915 -2.4915 -0.2100
1.7915 -2.7715 -0.2000
1.7915 -3.0515 -0.2000
1.8015 -3.2915 -0.1200
1.8015 -3.5915 -0.0500
1.8015 -3.8515 0.0200
1.5115 3.5285 -0.3600
1.5115 3.3085 -0.2300
1.5215 3.0085 -0.2700
1.5215 2.6885 -0.3500
1.5215 2.4285 -0.3500
1.5215 2.1185 -0.3600
1.5315 1.8085 -0.3700
1.5315 1.5085 -0.3500
1.5315 1.2385 -0.3400
1.5315 0.9885 -0.3400
1.5415 0.6785 -0.3400
1.5415 0.3985 -0.3300
1.5415 0.1185 -0.3100
1.5415 -0.1415 -0.3300
1.5515 -0.4315 -0.3000
1.5515 -0.7315 -0.2900
1.5515 -1.0115 -0.2800
1.5515 -1.2915 -0.2600
1.5615 -1.5715 -0.2600
1.5615 -1.8815 -0.2300
1.5615 -2.1815 -0.2400
1.5615 -2.4415 -0.2300
1.5715 -2.7315 -0.2200
1.5715 -3.0315 -0.2000
1.5715 -3.2815 -0.1500
1.5715 -3.5315 -0.1000
1.5715 -3.8015 -0.0500
1.5815 -4.0915 -0.0100
1.3415 3.6985 -0.4000
1.3415 3.5385 -0.2200
1.3415 3.1685 -0.3100
1.3415 2.8785 -0.3500
1.3515 2.5985 -0.3600
1.3515 2.3085 -0.3800
1.3515 2.0185 -0.3700
1.3515 1.7185 -0.3600
1.3615 1.4285 -0.3700
1.3615 1.1685 -0.3400
1.3615 0.8485 -0.3600
1.3615 0.5485 -0.3600
1.3715 0.2585 -0.3400
1.3715 0.0085 -0.3300
1.3715 -0.3015 -0.3100
1.3715 -0.6015 -0.3100
1.3815 -0.8815 -0.3100
1.3815 -1.1315 -0.2800
1.3815 -1.4215 -0.2700
1.3815 -1.7215 -0.2600
1.3815 -2.0015 -0.2400
1.3915 -2.2915 -0.2300
1.3915 -2.5715 -0.2300
1.3915 -2.8715 -0.2300
1.3915 -3.1215 -0.1900
1.4015 -3.4215 -0.1800
1.4015 -3.6715 -0.1000
1.4015 -3.9415 -0.0400
1.4015 -4.2115 0.0300
1.0915 4.0185 -0.4700
1.0915 3.8785 -0.2700
1.1015 3.5385 -0.3100
1.1015 3.1885 -0.3700
1.1015 2.9185 -0.3800
1.1015 2.6185 -0.3700
1.1115 2.3185 -0.3600
1.1115 2.0185 -0.3600
1.1115 1.7485 -0.3800
1.1115 1.4485 -0.3700
1.1215 1.1485 -0.3600
1.1215 0.8785 -0.3400
1.1215 0.6085 -0.3500
1.1215 0.3385 -0.3400
1.1315 0.0285 -0.3200
1.1315 -0.2615 -0.3300
1.1315 -0.5415 -0.3000
1.1315 -0.8015 -0.3000
1.1415 -1.0915 -0.2900
1.1415 -1.3815 -0.2900
1.1415 -1.6615 -0.2400
1.1415 -1.9515 -0.2600
1.1515 -2.2415 -0.2400
1.1515 -2.5515 -0.2300
1.1515 -2.8415 -0.2000
1.1515 -3.1415 -0.2300
1.1615 -3.4015 -0.2000
1.1615 -3.6615 -0.1900
1.1615 -3.9115 -0.1000
1.1615 -4.1515 -0.0500
1.1615 -4.3915 0.0100
0.7415 4.5085 -0.4700
0.7415 4.3285 -0.2500
0.7515 4.0485 -0.2800
0.7515 3.6985 -0.3800
0.7515 3.3785 -0.3900
0.7515 3.1085 -0.3900
0.7615 2.8385 -0.3900
0.7615 2.5485 -0.4000
0.7615 2.2285 -0.3700
0.7715 1.9685 -0.3800
0.7715 1.6685 -0.4000
0.7715 1.3885 -0.3800
0.7715 1.0985 -0.3700
0.7715 0.8185 -0.3700
0.7815 0.5185 -0.3700
0.7815 0.2385 -0.3500
0.7815 -0.0615 -0.3500
0.7815 -0.3615 -0.3200
0.7915 -0.6515 -0.3100
0.7915 -0.9515 -0.3200
0.7915 -1.2215 -0.3000
0.7915 -1.5015 -0.2800
0.8015 -1.7615 -0.2700
0.8015 -2.0215 -0.2700
0.8015 -2.2915 -0.2400
0.8015 -2.6015 -0.2600
0.8115 -2.8615 -0.2300
0.8115 -3.1115 -0.2100
0.8115 -3.3815 -0.2000
0.8115 -3.6715 -0.2100
0.8115 -3.9515 -0.1500
0.8215 -4.2115 -0.1000
0.8215 -4.4715 -0.0700
0.8215 -4.7515 -0.0700
0.4315 4.7985 -0.5200
0.4315 4.6585 -0.3000
0.4315 4.3585 -0.2800
0.4415 4.0085 -0.3800
0.4415 3.7185 -0.4200
0.4415 3.4385 -0.4100
0.4415 3.1685 -0.4100
0.4515 2.8485 -0.3900
0.4515 2.5785 -0.3900
0.4515 2.2685 -0.4100
0.4515 1.9885 -0.4000
0.4615 1.6885 -0.3800
0.4615 1.3785 -0.3900
0.4615 1.0985 -0.3700
0.4615 0.7885 -0.4000
0.4715 0.5085 -0.3700
0.4715 0.2385 -0.3800
0.4715 -0.0115 -0.3500
0.4715 -0.2915 -0.3600
0.4815 -0.5615 -0.3400
0.4815 -0.8615 -0.3200
0.4815 -1.1415 -0.3300
0.4815 -1.3815 -0.3000
0.4915 -1.6615 -0.3000
0.4915 -1.9415 -0.2800
0.4915 -2.2315 -0.2900
0.4915 -2.5115 -0.2500
0.4915 -2.7815 -0.2500
0.5015 -3.0615 -0.2300
0.5015 -3.3315 -0.2300
0.5015 -3.6115 -0.2100
0.5015 -3.8915 -0.2300
0.5115 -4.1815 -0.1700
0.5115 -4.4215 -0.1000
0.5115 -4.6815 -0.0800
0.5115 -4.9315 -0.0100
0.2315 4.9885 -0.5900
0.2315 4.7685 -0.4600
0.2315 4.5185 -0.3700
0.2315 4.1785 -0.4400
0.2415 3.8985 -0.4300
0.2415 3.5885 -0.4200
0.2415 3.2985 -0.4100
0.2415 2.9885 -0.4300
0.2515 2.7185 -0.4100
0.2515 2.4385 -0.4200
0.2515 2.1785 -0.4200
0.2515 1.8885 -0.4200
0.2615 1.6285 -0.3900
0.2615 1.3385 -0.4000
0.2615 1.0785 -0.3800
0.2615 0.7885 -0.3900
0.2715 0.5085 -0.3900
0.2715 0.2585 -0.3600
0.2715 -0.0515 -0.3600
0.2715 -0.3415 -0.3500
0.2815 -0.6115 -0.3400
0.2815 -0.8715 -0.3300
0.2815 -1.1415 -0.3300
0.2815 -1.4415 -0.3000
0.2815 -1.7315 -0.3100
0.2915 -2.0015 -0.2800
0.2915 -2.2915 -0.2900
0.2915 -2.5615 -0.2800
0.2915 -2.8515 -0.2700
0.3015 -3.1415 -0.2500
0.3015 -3.4415 -0.2400
0.3015 -3.7315 -0.2200
0.3015 -4.0015 -0.2200
0.3115 -4.2915 -0.1800
0.3115 -4.5515 -0.1400
0.3115 -4.7815 -0.0700
0.3115 -5.0415 -0.0500
0.0515 5.0685 -0.5400
0.0615 4.7985 -0.4300
0.0615 4.5185 -0.4100
0.0615 4.2585 -0.4100
0.0615 3.9785 -0.4100
0.0715 3.7185 -0.4500
0.0715 3.4185 -0.4300
0.0715 3.1285 -0.4100
0.0715 2.8585 -0.4400
0.0815 2.6085 -0.4400
0.0815 2.3085 -0.4200
0.0815 2.0385 -0.4000
0.0815 1.7385 -0.4100
0.0915 1.4585 -0.4100
0.0915 1.1785 -0.3800
0.0915 0.8985 -0.4000
0.0915 0.6285 -0.3900
0.0915 0.3385 -0.3800
0.1015 0.0585 -0.3700
0.1015 -0.2515 -0.3700
0.1015 -0.5115 -0.3500
0.1015 -0.7715 -0.3400
0.1115 -1.0615 -0.3200
0.1115 -1.3615 -0.3100
0.1115 -1.6715 -0.3100
0.1115 -1.9515 -0.2900
0.1215 -2.2115 -0.3000
0.1215 -2.5215 -0.2600
0.1215 -2.7915 -0.2500
0.1215 -3.0515 -0.2500
0.1315 -3.3215 -0.2400
0.1315 -3.6215 -0.2300
0.1315 -3.9315 -0.2200
0.1315 -4.2015 -0.2000
0.1415 -4.4615 -0.1900
0.1415 -4.7215 -0.1200
0.1415 -5.0015 -0.0700
0.1415 -5.2415 -0.0200
-0.1985 4.9385 -0.6200
-0.1885 4.7385 -0.4700
-0.1885 4.4785 -0.4400
-0.1885 4.2085 -0.4400
-0.1885 3.9485 -0.4300
-0.1785 3.6485 -0.4300
-0.1785 3.3385 -0.4200
-0.1785 3.0685 -0.4300
-0.1785 2.7985 -0.4200
-0.1685 2.5085 -0.4500
-0.1685 2.2285 -0.4300
-0.1685 1.9485 -0.4200
-0.1685 1.6485 -0.4200
-0.1685 1.3885 -0.4000
-0.1585 1.1285 -0.4100
-0.1585 0.8085 -0.4000
-0.1585 0.5185 -0.3800
-0.1485 0.2285 -0.3900
-0.1485 -0.0715 -0.3600
-0.1485 -0.3515 -0.3700
-0.1485 -0.6415 -0.3500
-0.1485 -0.9115 -0.3600
-0.1385 -1.1815 -0.3300
-0.1385 -1.4615 -0.3400
-0.1385 -1.7415 -0.3000
-0.1385 -2.0415 -0.3100
-0.1285 -2.3415 -0.3000
-0.1285 -2.6115 -0.2700
-0.1285 -2.8815 -0.2700
-0.1285 -3.1615 -0.2500
-0.1185 -3.4315 -0.2500
-0.1185 -3.7115 -0.2100
-0.1185 -4.0215 -0.2300
-0.1185 -4.2715 -0.2000
-0.1085 -4.5715 -0.1900
-0.1085 -4.8415 -0.1500
-0.1085 -5.1015 -0.0800
-0.1085 -5.3715 -0.0200
-0.4785 4.7685 -0.6300
-0.4685 4.5685 -0.4900
-0.4685 4.3085 -0.4200
-0.4685 4.0385 -0.4200
-0.4685 3.7185 -0.4300
-0.4685 3.4685 -0.4400
-0.4585 3.1785 -0.4500
-0.4585 2.8685 -0.4400
-0.4585 2.5785 -0.4300
-0.4585 2.2985 -0.4500
-0.4485 1.9885 -0.4200
-0.4485 1.7085 -0.4100
-0.4485 1.4085 -0.4200
-0.4485 1.1485 -0.4200
-0.4385 0.8885 -0.4000
-0.4385 0.5885 -0.4000
-0.4385 0.2985 -0.3900
-0.4385 -0.0015 -0.3800
-0.4285 -0.2815 -0.3700
-0.4285 -0.5515 -0.3600
-0.4285 -0.8415 -0.3600
-0.4285 -1.1215 -0.3600
-0.4185 -1.4015 -0.3400
-0.4185 -1.6515 -0.3200
-0.4185 -1.9615 -0.3100
-0.4185 -2.2215 -0.2900
-0.4085 -2.5215 -0.2900
-0.4085 -2.8215 -0.3000
-0.4085 -3.1015 -0.2700
-0.4085 -3.4015 -0.2700
-0.4085 -3.6715 -0.2300
-0.3985 -3.9715 -0.2500
-0.3985 -4.2515 -0.2200
-0.3985 -4.5615 -0.2300
-0.3985 -4.8415 -0.1900
-0.3885 -5.0615 -0.1400
-0.3885 -5.3215 -0.0700
-0.3885 -5.6015 -0.0100
-0.7385 4.5185 -0.5300
-0.7385 4.2385 -0.5000
-0.7385 3.9685 -0.4400
-0.7385 3.7085 -0.4200
-0.7285 3.4085 -0.4500
-0.7285 3.1185 -0.4500
-0.7285 2.8385 -0.4700
-0.7285 2.5485 -0.4700
-0.7185 2.2585 -0.4500
-0.7185 1.9785 -0.4400
-0.7185 1.6685 -0.4400
-0.7185 1.4185 -0.4400
-0.7085 1.1185 -0.4400
-0.7085 0.8385 -0.4000
-0.7085 0.5685 -0.4200
-0.7085 0.3085 -0.4000
-0.6985 0.0285 -0.3900
-0.6985 -0.2715 -0.3700
-0.6985 -0.5615 -0.3500
-0.6985 -0.8615 -0.3700
-0.6885 -1.1315 -0.3500
-0.6885 -1.4315 -0.3500
-0.6885 -1.7215 -0.3300
-0.6885 -2.0215 -0.3300
-0.6785 -2.2815 -0.3000
-0.6785 -2.5615 -0.3000
-0.6785 -2.8715 -0.2800
-0.6785 -3.1515 -0.3000
-0.6685 -3.4115 -0.2600
-0.6685 -3.7115 -0.2500
-0.6685 -3.9815 -0.2300
-0.6685 -4.2715 -0.2400
-0.6585 -4.5615 -0.2200
-0.6585 -4.8015 -0.1500
-0.6585 -5.0815 -0.0900
-0.6585 -5.3215 -0.0400
-7.1585 -7.1415 1.6900
-7.1685 -6.8715 1.8900
-7.1685 -6.6215 2.1000
-7.1685 -6.3915 2.2700
-7.1685 -6.1415 2.4700
-7.1785 -5.8815 2.7000
-7.1785 -5.6415 2.9300
-7.1785 -5.4015 2.9800
-7.1785 -5.1615 3.0300
-7.1785 -4.9415 3.0800
-7.1885 -4.7415 2.8900
-7.1885 -4.5415 2.7600
-7.1885 -4.3315 2.6100
-7.1885 -4.1115 2.4200
-7.1885 -3.9115 2.2700
-7.1985 -3.7115 2.1200
-7.1985 -3.5115 1.9500
-7.1985 -3.3115 1.8100
-7.1985 -3.1015 1.5500
-7.1985 -2.9015 1.2300
-7.1985 -3.0615 0.0100
-6.8985 -7.2315 1.4300
-6.8985 -6.9815 1.6100
-6.8985 -6.7215 1.8000
-6.8985 -6.4915 1.9900
-6.9085 -6.2415 2.1900
-6.9085 -5.9615 2.4200
-6.9085 -5.6915 2.6300
-6.9085 -5.4615 2.8400
-6.9085 -5.2115 3.0700
-6.9185 -4.9715 3.1900
-6.9185 -4.7515 3.0700
-6.9185 -4.5515 2.9200
-6.9185 -4.3415 2.8000
-6.9285 -4.1315 2.6400
-6.9285 -3.9215 2.4600
-6.9285 -3.7015 2.3200
-6.9285 -3.5115 2.1300
-6.9285 -3.2815 1.8500
-6.9285 -3.3315 -0.4300
-6.6285 -7.3715 1.2000
-6.6385 -7.1315 1.3500
-6.6385 -6.9015 1.5500
-6.6385 -6.6215 1.7300
-6.6385 -6.3715 1.9600
-6.6485 -6.1015 2.1500
-6.6485 -5.8715 2.3300
-6.6485 -5.6115 2.5600
-6.6485 -5.3415 2.7700
-6.6585 -5.0715 3.0300
-6.6585 -4.8215 3.1500
-6.6585 -4.5915 3.1000
-6.6585 -4.3815 2.9500
-6.6585 -4.1615 2.8000
-6.6685 -3.9615 2.6800
-6.6685 -3.7615 2.5400
-6.6685 -3.5715 2.2800
-6.6685 -3.5815 0.3600
-6.6685 -3.4515 -0.4100
-6.6685 -3.6415 -1.8500
-6.4285 -7.2815 1.1300
-6.4285 -7.0215 1.3200
-6.4385 -6.7615 1.4900
-6.4385 -6.4815 1.7300
-6.4385 -6.2215 1.9100
-6.4385 -5.9715 2.1200
-6.4485 -5.7115 2.3100
-6.4485 -5.4615 2.5100
-6.4485 -5.2115 2.7400
-6.4485 -4.9815 2.8800
-6.4585 -4.7115 3.1500
-6.4585 -4.4715 3.1600
-6.4585 -4.2315 3.0200
-6.4585 -4.0415 2.8400
-6.4585 -3.8615 2.5900
-6.4585 -3.8515 0.8200
-6.4585 -3.9115 -1.4600
-6.4685 -3.8015 -2.2900
-6.2385 -7.1915 1.0900
-6.2385 -6.9315 1.2500
-6.2385 -6.6615 1.4400
-6.2485 -6.4015 1.6400
-6.2485 -6.1315 1.8500
-6.2485 -5.8815 2.0600
-6.2485 -5.6315 2.2600
-6.2585 -5.3815 2.4500
-6.2585 -5.1515 2.6500
-6.2585 -4.8815 2.8900
-6.2585 -4.6115 3.1100
-6.2685 -4.3815 3.1900
-6.2685 -4.1815 3.0800
-6.2685 -3.9615 2.7100
-6.2685 -4.1715 1.1000
-6.2685 -4.1315 -0.3700
-6.2685 -4.0315 -1.3400
-6.2685 -4.1115 -1.9300
-5.9885 -7.2515 0.9100
-5.9885 -6.9715 1.0900
-5.9985 -6.7415 1.2400
-5.9985 -6.5115 1.4100
-5.9985 -6.2315 1.6200
-5.9985 -5.9815 1.8100
-6.0085 -5.7215 2.0000
-6.0085 -5.4615 2.2200
-6.0085 -5.2215 2.4400
-6.0085 -4.9415 2.6700
-6.0185 -4.6715 2.8300
-6.0185 -4.4215 3.0100
-6.0185 -4.2315 2.9600
-6.0185 -4.4115 1.5500
-6.0185 -4.4015 -0.4500
-6.0185 -4.2015 -0.8300
-6.0185 -4.3815 -2.2000
-5.7385 -7.2215 0.8500
-5.7385 -6.9715 0.9500
-5.7385 -6.7015 1.1200
-5.7485 -6.4415 1.2600
-5.7485 -6.1915 1.4900
-5.7485 -5.9315 1.6800
-5.7485 -5.6615 1.9600
-5.7485 -5.4115 2.1200
-5.7585 -5.1715 2.3100
-5.7585 -4.9215 2.4400
-5.7585 -4.6515 2.6200
-5.7585 -4.6015 1.3400
-5.7585 -4.3515 1.4000
-5.7585 -4.6115 -0.6300
-5.4985 -7.2215 0.7000
-5.4985 -6.9915 0.8300
-5.4985 -6.7215 0.9600
-5.5085 -6.4515 1.1200
-5.5085 -6.2215 1.2700
-5.5085 -5.9715 1.5200
-5.5085 -5.7015 1.7300
-5.5185 -5.4315 1.9300
-5.5185 -5.2015 2.0900
-5.5185 -4.9415 2.2400
-5.5185 -4.9615 0.2400
-5.5185 -4.9315 -1.4600
-5.2385 -7.3815 0.6200
-5.2385 -7.1015 0.6900
-5.2385 -6.8815 0.7400
-5.2485 -6.6215 0.9100
-5.2485 -6.3715 1.0400
-5.2485 -6.0915 1.2600
-5.2485 -5.8315 1.3900
-5.2585 -5.5815 1.6100
-5.2585 -5.3115 1.7800
-5.2585 -5.3115 0.1200
-5.2585 -5.3115 -1.6400
-4.9585 -6.9515 0.6200
-4.9585 -6.7415 0.7000
-4.9585 -6.5115 0.8200
-4.9585 -6.2915 0.9600
-4.9585 -6.0215 1.1000
-4.9685 -5.7815 1.2600
-4.9685 -5.5215 -0.1600
-4.9685 -5.6215 -0.9900
-4.9685 -5.4015 -1.1100
-5.0185 -0.2615 -0.2700
-5.0185 -0.0515 -0.4000
-5.0185 0.1685 -0.4700
-5.0185 0.4085 -0.5100
-4.7385 -6.9015 0.6500
-4.7385 -6.6815 0.6400
-4.7385 -6.4415 0.7400
-4.7385 -6.2015 0.9200
-4.7385 -5.9315 1.0100
-4.7385 -5.8515 -0.0400
-4.7485 -5.7915 -1.2200
-4.7885 -0.6115 -0.2400
-4.7985 -0.4015 -0.2600
-4.7985 -0.1415 -0.2800
-4.7985 0.0685 -0.4200
-4.7985 0.2785 -0.4600
-4.5785 -6.5715 0.6300
-4.5885 -6.3215 0.7700
-4.5885 -6.1115 0.8200
-4.5885 -5.9915 -0.0900
-4.5885 -5.8715 -1.0600
-4.5885 -6.0015 -2.0500
-4.6385 -0.6815 -0.2500
-4.6385 -0.4615 -0.2600
-4.6385 -0.2215 -0.3200
-4.6485 -0.0115 -0.4500
-4.6485 0.2285 -0.4600
-4.6485 0.4485 -0.4800
-4.3985 -6.5815 0.6200
-4.3985 -6.3415 0.6300
-4.3985 -6.1315 0.4700
-4.4485 -0.9015 -0.2200
-4.4485 -0.6915 -0.2500
-4.4485 -0.4915 -0.3200
-4.4585 -0.2515 -0.4300
-4.4585 -0.0115 -0.4500
-4.4585 0.1985 -0.4700
-4.4585 0.4385 -0.4900
-4.1685 -1.4915 -0.1600
-4.1685 -1.2815 -0.2100
-4.1685 -1.0415 -0.2200
-4.1685 -0.8415 -0.2800
-4.1785 -0.6115 -0.3900
-4.1785 -0.3815 -0.4600
-4.1785 -0.1515 -0.4500
-4.1785 0.0685 -0.4700
-4.1885 0.3185 -0.4700
-3.8985 -1.5715 -0.2000
-3.8985 -1.3415 -0.2300
-3.9085 -1.0915 -0.3000
-3.9085 -0.8715 -0.4100
-3.9085 -0.6315 -0.4300
-3.9085 -0.4215 -0.4600
-3.9085 -0.2015 -0.4600
-3.9185 0.0285 -0.4600
-3.9185 0.2485 -0.4800
-3.9185 0.4685 -0.4600
-3.6985 -1.9215 -0.2400
-3.6985 -1.6915 -0.2100
-3.6985 -1.4715 -0.2400
-3.7085 -1.2815 -0.3100
-3.7085 -1.0415 -0.4100
-3.7085 -0.8115 -0.4300
-3.7085 -0.6015 -0.4300
-3.7085 -0.3915 -0.4400
-3.7185 -0.1715 -0.4500
-3.7185 0.0785 -0.4500
-3.7185 0.3185 -0.4700
-3.5085 -1.9615 -0.2000
-3.5085 -1.7515 -0.2100
-3.5085 -1.5315 -0.2900
-3.5085 -1.3015 -0.3800
-3.5085 -1.0715 -0.4200
-3.5185 -0.8515 -0.4200
-3.5185 -0.6415 -0.4300
-3.5185 -0.4115 -0.4400
-3.5185 -0.1715 -0.4500
-3.5185 0.0385 -0.4600
-3.5285 0.2685 -0.4500
-3.5285 0.4785 -0.4700
-3.2485 -2.1515 -0.2200
-3.2485 -1.9215 -0.2600
-3.2485 -1.7215 -0.3300
-3.2485 -1.5015 -0.3900
-3.2585 -1.2615 -0.4100
-3.2585 -1.0315 -0.4100
-3.2585 -0.8015 -0.4300
-3.2585 -0.5915 -0.4400
-3.2585 -0.3215 -0.4600
-3.2685 -0.0915 -0.4500
-3.2685 0.1185 -0.4400
-3.2685 0.3585 -0.4500
-2.9785 -2.5115 -0.2200
-2.9785 -2.2715 -0.2300
-2.9785 -2.0515 -0.3200
-2.9785 -1.8115 -0.3500
-2.9785 -1.5815 -0.3800
-2.9885 -1.3715 -0.4000
-2.9885 -1.1215 -0.4000
-2.9885 -0.8915 -0.4100
-2.9885 -0.6815 -0.4200
-2.9885 -0.4615 -0.4300
-2.9985 -0.2315 -0.4300
-2.9985 0.0185 -0.4400
-2.9985 0.2585 -0.4600
-2.9985 0.4785 -0.4500
-2.7185 -2.8115 -0.2300
-2.7185 -2.5815 -0.2000
-2.7285 -2.3715 -0.2900
-2.7285 -2.1715 -0.3500
-2.7285 -1.9315 -0.3500
-2.7285 -1.6815 -0.3900
-2.7285 -1.4515 -0.3900
-2.7385 -1.2415 -0.4000
-2.7385 -1.0215 -0.4100
-2.7385 -0.7715 -0.4400
-2.7385 -0.5515 -0.4300
-2.7385 -0.3615 -0.4300
-2.7485 -0.1015 -0.4400
-2.7485 0.1185 -0.4500
-2.7485 0.3685 -0.4600
-2.4485 -3.2615 -0.2600
-2.4485 -3.0115 -0.1700
-2.4585 -2.7915 -0.2400
-2.4585 -2.5915 -0.3100
-2.4585 -2.3615 -0.3500
-2.4585 -2.1315 -0.3500
-2.4685 -1.9115 -0.3800
-2.4685 -1.6815 -0.3700
-2.4685 -1.4615 -0.4000
-2.4685 -1.2315 -0.3900
-2.4685 -0.9715 -0.4000
-2.4785 -0.7715 -0.4100
-2.4785 -0.5215 -0.4100
-2.4785 -0.2915 -0.4300
-2.4785 -0.0415 -0.4400
-2.4785 0.1685 -0.4300
-2.4885 0.4085 -0.4400
-2.1685 -3.6615 -0.1500
-2.1685 -3.4515 -0.1600
-2.1685 -3.2215 -0.1800
-2.1685 -2.9915 -0.2700
-2.1785 -2.7615 -0.3100
-2.1785 -2.5415 -0.3300
-2.1785 -2.3115 -0.3300
-2.1785 -2.0715 -0.3500
-2.1785 -1.8315 -0.3500
-2.1885 -1.6015 -0.3800
-2.1885 -1.3915 -0.3900
-2.1885 -1.1315 -0.3900
-2.1885 -0.8915 -0.4000
-2.1885 -0.6915 -0.4200
-2.1985 -0.4615 -0.4200
-2.1985 -0.2215 -0.4200
-2.1985 0.0285 -0.4300
-2.1985 0.2385 -0.4400
-2.2085 0.4685 -0.4400
-1.9485 -3.8815 -0.1300
-1.9485 -3.6415 -0.1500
-1.9485 -3.4215 -0.1800
-1.9485 -3.1815 -0.2700
-1.9585 -2.9715 -0.3000
-1.9585 -2.7215 -0.3200
-1.9585 -2.4915 -0.3500
-1.9585 -2.2715 -0.3400
-1.9585 -2.0615 -0.3600
-1.9685 -1.8115 -0.3600
-1.9685 -1.5815 -0.3600
-1.9685 -1.3615 -0.3800
-1.9685 -1.1215 -0.3900
-1.9685 -0.9015 -0.3900
-1.9785 -0.6515 -0.4000
-1.9785 -0.4215 -0.4100
-1.9785 -0.2115 -0.4200
-1.9785 0.0385 -0.4200
-1.9785 0.2785 -0.4300
-1.7785 -4.0815 -0.2400
-1.7885 -3.8515 -0.1300
-1.7885 -3.6315 -0.1600
-1.7885 -3.4015 -0.2600
-1.7885 -3.1715 -0.3000
-1.7885 -2.9515 -0.3000
-1.7985 -2.7115 -0.3400
-1.7985 -2.4915 -0.3300
-1.7985 -2.2515 -0.3300
-1.7985 -2.0415 -0.3600
-1.7985 -1.8015 -0.3600
-1.8085 -1.5515 -0.3700
-1.8085 -1.3115 -0.3800
-1.8085 -1.0815 -0.3800
-1.8085 -0.8415 -0.4100
-1.8185 -0.5915 -0.3900
-1.8185 -0.3715 -0.4100
-1.8185 -0.1615 -0.4100
-1.8185 0.0485 -0.4000
-1.8185 0.2785 -0.4200
-1.8285 0.5085 -0.4300
-1.5785 -4.2015 -0.1300
-1.5785 -3.9515 -0.1500
-1.5785 -3.7115 -0.2100
-1.5885 -3.5215 -0.2800
-1.5885 -3.2815 -0.2900
-1.5885 -3.0315 -0.3000
-1.5885 -2.8015 -0.3100
-1.5985 -2.5615 -0.3300
-1.5985 -2.3315 -0.3300
-1.5985 -2.0815 -0.3400
-1.5985 -1.8515 -0.3600
-1.5985 -1.6515 -0.3600
-1.6085 -1.4215 -0.3800
-1.6085 -1.2115 -0.3800
-1.6085 -0.9915 -0.3700
-1.6085 -0.7515 -0.3900
-1.6085 -0.5415 -0.4000
-1.6185 -0.3215 -0.4100
-1.6185 -0.0815 -0.4100
-1.6185 0.1285 -0.4200
-1.6185 0.3585 -0.4200
-1.2885 -4.4915 -0.1100
-1.2985 -4.2415 -0.1200
-1.2985 -4.0015 -0.1800
-1.2985 -3.7715 -0.2600
-1.2985 -3.5515 -0.2800
-1.2985 -3.3315 -0.2700
-1.3085 -3.0915 -0.2900
-1.3085 -2.8715 -0.3200
-1.3085 -2.6715 -0.3000
-1.3085 -2.4515 -0.3100
-1.3085 -2.2215 -0.3500
-1.3185 -1.9815 -0.3400
-1.3185 -1.7615 -0.3600
-1.3185 -1.5515 -0.3700
-1.3185 -1.3415 -0.3600
-1.3185 -1.0815 -0.3800
-1.3285 -0.8415 -0.3900
-1.3285 -0.6315 -0.3900
-1.3285 -0.4415 -0.4000
-1.3285 -0.1915 -0.4000
-1.3285 0.0485 -0.3900
-1.3385 0.2585 -0.4200
-1.3385 0.4985 -0.4300
-1.0285 -5.0915 -0.1200
-1.0285 -4.8815 -0.1100
-1.0285 -4.6515 -0.1100
-1.0285 -4.4415 -0.1300
-1.0285 -4.2415 -0.2200
-1.0385 -3.9915 -0.2400
-1.0385 -3.7715 -0.2500
-1.0385 -3.5515 -0.2800
-1.0385 -3.3415 -0.2800
-1.0385 -3.1115 -0.2800
-1.0485 -2.8715 -0.3000
-1.0485 -2.6415 -0.3000
-1.0485 -2.4215 -0.3100
-1.0485 -2.2015 -0.3200
-1.0485 -1.9815 -0.3300
-1.0585 -1.7415 -0.3400
-1.0585 -1.5315 -0.3600
-1.0585 -1.2915 -0.3700
-1.0585 -1.0915 -0.3600
-1.0585 -0.8515 -0.3700
-1.0685 -0.6115 -0.4000
-1.0685 -0.3715 -0.3900
-1.0685 -0.1415 -0.3900
-1.0685 0.0985 -0.4000
-1.0785 0.3285 -0.4000
-0.8285 -5.3615 -0.0900
-0.8385 -5.1315 -0.0800
-0.8385 -4.9315 -0.1000
-0.8385 -4.7115 -0.1200
-0.8385 -4.4815 -0.2100
-0.8385 -4.2315 -0.2300
-0.8485 -4.0415 -0.2400
-0.8485 -3.8115 -0.2500
-0.8485 -3.5815 -0.2600
-0.8485 -3.3415 -0.2800
-0.8485 -3.1315 -0.2700
-0.8585 -2.9015 -0.3100
-0.8585 -2.6715 -0.3000
-0.8585 -2.4515 -0.3000
-0.8585 -2.2315 -0.3200
-0.8585 -1.9915 -0.3300
-0.8685 -1.7415 -0.3300
-0.8685 -1.4915 -0.3600
-0.8685 -1.2715 -0.3500
-0.8685 -1.0415 -0.3600
-0.8785 -0.8315 -0.3800
-0.8785 -0.6015 -0.3800
-0.8785 -0.3915 -0.3900
-0.8785 -0.1415 -0.4100
-0.8785 0.0885 -0.4100
-0.8885 0.3385 -0.4100
-0.6385 -5.6415 -0.1200
-0.6385 -5.4315 -0.0800
-0.6385 -5.2215 -0.1000
-0.6485 -5.0015 -0.1000
-0.6485 -4.7515 -0.1800
-0.6485 -4.5415 -0.2100
-0.6485 -4.3115 -0.2200
-0.6585 -4.0915 -0.2300
-0.6585 -3.8615 -0.2600
-0.6585 -3.6215 -0.2700
-0.6585 -3.4015 -0.2700
-0.6585 -3.1615 -0.2900
-0.6685 -2.9115 -0.2900
-0.6685 -2.6915 -0.3000
-0.6685 -2.4615 -0.3000
-0.6685 -2.2315 -0.3300
-0.6685 -2.0115 -0.3200
-0.6785 -1.7915 -0.3300
-0.6785 -1.5615 -0.3400
-0.6785 -1.3315 -0.3500
-0.6785 -1.0715 -0.3500
-0.6785 -0.8615 -0.3700
-0.6885 -0.6415 -0.3700
-0.6885 -0.4115 -0.3800
-0.6885 -0.1815 -0.4000
-0.6885 0.0385 -0.3800
-0.6885 0.2685 -0.4000
-0.6985 0.4785 -0.4000
-0.3685 -5.6815 -0.0900
-0.3785 -5.4815 -0.0700
-0.3785 -5.2715 -0.0700
-0.3785 -5.0015 -0.1400
-0.3785 -4.7615 -0.2100
-0.3885 -4.5415 -0.2200
-0.3885 -4.3515 -0.2100
-0.3885 -4.0815 -0.2300
-0.3885 -3.8515 -0.2300
-0.3885 -3.6415 -0.2600
-0.3885 -3.4315 -0.2600
-0.3985 -3.1915 -0.2700
-0.3985 -2.9415 -0.3000
-0.3985 -2.7015 -0.2800
-0.3985 -2.5015 -0.2900
-0.4085 -2.3015 -0.3100
-0.4085 -2.0215 -0.3200
-0.4085 -1.8115 -0.3300
-0.4085 -1.6115 -0.3300
-0.4085 -1.3715 -0.3500
-0.4185 -1.1515 -0.3500
-0.4185 -0.8915 -0.3600
-0.4185 -0.6715 -0.3600
-0.4185 -0.4615 -0.3600
-0.4185 -0.2115 -0.3800
-0.4285 0.0385 -0.3900
-0.4285 0.2685 -0.3900
-0.4285 0.4785 -0.4000
-0.0885 -5.4915 -0.0900
-0.0885 -5.2815 -0.0700
-0.0985 -5.0515 -0.0900
-0.0985 -4.8215 -0.1700
-0.0985 -4.5815 -0.2000
-0.0985 -4.3515 -0.2300
-0.1085 -4.1215 -0.2200
-0.1085 -3.9115 -0.2200
-0.1085 -3.6715 -0.2500
-0.1085 -3.4515 -0.2600
-0.1085 -3.2315 -0.2700
-0.1185 -2.9915 -0.2700
-0.1185 -2.7815 -0.2900
-0.1185 -2.5415 -0.2800
-0.1185 -2.2915 -0.2900
-0.1185 -2.0815 -0.3100
-0.1285 -1.8415 -0.3200
-0.1285 -1.5915 -0.3200
-0.1285 -1.3615 -0.3300
-0.1285 -1.1415 -0.3200
-0.1285 -0.9115 -0.3500
-0.1385 -0.6615 -0.3500
-0.1385 -0.4415 -0.3700
-0.1385 -0.2315 -0.3600
-0.1385 0.0085 -0.3800
-0.1385 0.2485 -0.3900
-0.1485 0.4785 -0.3900
0.1715 -5.1915 -0.0700
0.1715 -5.0015 -0.0900
0.1615 -4.7615 -0.1100
0.1615 -4.5215 -0.2000
0.1615 -4.3015 -0.2000
0.1615 -4.0915 -0.2100
0.1615 -3.8415 -0.2300
0.1515 -3.6115 -0.2300
0.1515 -3.3815 -0.2500
0.1515 -3.1515 -0.2400
0.1515 -2.9015 -0.2600
0.1415 -2.6715 -0.2700
0.1415 -2.4415 -0.2700
0.1415 -2.1915 -0.3000
0.1415 -1.9815 -0.2900
0.1415 -1.7615 -0.3000
0.1315 -1.5215 -0.3200
0.1315 -1.2815 -0.3300
0.1315 -1.0715 -0.3500
0.1315 -0.8215 -0.3400
0.1315 -0.6015 -0.3700
0.1215 -0.3715 -0.3600
0.1215 -0.1515 -0.3500
0.1215 0.0885 -0.3700
0.1215 0.3385 -0.3700
0.4415 -5.1115 -0.0300
0.4415 -4.8815 -0.0900
0.4315 -4.6315 -0.0800
0.4315 -4.4215 -0.1400
0.4315 -4.1915 -0.2100
0.4315 -3.9515 -0.2100
0.4215 -3.7315 -0.2300
0.4215 -3.5215 -0.2400
0.4215 -3.2715 -0.2400
0.4215 -3.0315 -0.2600
0.4215 -2.8215 -0.2600
0.4115 -2.5815 -0.2500
0.4115 -2.3615 -0.2700
0.4115 -2.1215 -0.2800
0.4115 -1.9015 -0.3000
0.4115 -1.6615 -0.3000
0.4015 -1.4415 -0.3100
0.4015 -1.1815 -0.3200
0.4015 -0.9415 -0.3300
0.4015 -0.7015 -0.3300
0.4015 -0.4715 -0.3400
0.3915 -0.2415 -0.3500
0.3915 -0.0215 -0.3700
0.3915 0.1885 -0.3700
0.3915 0.4085 -0.3800
0.7215 -4.7615 -0.0600
0.7115 -4.5415 -0.0800
0.7115 -4.3315 -0.1000
0.7115 -4.0915 -0.1600
0.7115 -3.8615 -0.2000
0.7115 -3.6315 -0.2300
0.7015 -3.4315 -0.2200
0.7015 -3.1715 -0.2300
0.7015 -2.9315 -0.2400
0.7015 -2.7015 -0.2600
0.7015 -2.4715 -0.2700
0.6915 -2.2315 -0.2600
0.6915 -1.9715 -0.2800
0.6915 -1.7615 -0.3000
0.6915 -1.5615 -0.2800
0.6915 -1.3615 -0.3000
0.6815 -1.1015 -0.3100
0.6815 -0.8915 -0.3200
0.6815 -0.6615 -0.3100
0.6815 -0.4615 -0.3300
0.6815 -0.2115 -0.3400
0.6715 0.0085 -0.3600
0.6715 0.2185 -0.3600
0.6715 0.4385 -0.3600
0.9415 -4.5915 -0.0900
0.9315 -4.3515 -0.0800
0.9315 -4.1215 -0.1100
0.9315 -3.8915 -0.1700
0.9315 -3.6515 -0.2100
0.9215 -3.4315 -0.2100
0.9215 -3.2115 -0.2100
0.9215 -2.9915 -0.2300
0.9215 -2.7815 -0.2400
0.9215 -2.5515 -0.2500
0.9115 -2.3115 -0.2600
0.9115 -2.1215 -0.2800
0.9115 -1.8815 -0.2700
0.9115 -1.6515 -0.2900
0.9115 -1.4315 -0.2900
0.9015 -1.2115 -0.2900
0.9015 -0.9615 -0.3100
0.9015 -0.7415 -0.3300
0.9015 -0.5215 -0.3300
0.9015 -0.3015 -0.3300
0.8915 -0.0815 -0.3300
0.8915 0.1485 -0.3400
0.8915 0.3885 -0.3600
1.1015 -4.3915 -0.0700
1.0915 -4.1815 -0.0700
1.0915 -3.9515 -0.1000
1.0915 -3.7415 -0.1900
1.0915 -3.5115 -0.2100
1.0915 -3.2915 -0.2100
1.0815 -3.1015 -0.2200
1.0815 -2.8415 -0.2300
1.0815 -2.6015 -0.2300
1.0815 -2.3815 -0.2400
1.0815 -2.1815 -0.2700
1.0715 -1.9615 -0.2600
1.0715 -1.7115 -0.2800
1.0715 -1.4815 -0.3000
1.0715 -1.2715 -0.2900
1.0715 -1.0415 -0.3000
1.0615 -0.8215 -0.3300
1.0615 -0.5715 -0.3200
1.0615 -0.3415 -0.3100
1.0615 -0.1015 -0.3300
1.0515 0.1285 -0.3300
1.0515 0.3685 -0.3500
1.2915 -4.2615 -0.0600
1.2915 -4.0115 -0.0800
1.2915 -3.8115 -0.1100
1.2815 -3.6015 -0.1600
1.2815 -3.3815 -0.2100
1.2815 -3.1315 -0.2300
1.2815 -2.9215 -0.2200
1.2815 -2.6815 -0.2300
1.2715 -2.4715 -0.2300
1.2715 -2.2515 -0.2500
1.2715 -2.0215 -0.2500
1.2715 -1.7615 -0.2600
1.2615 -1.5415 -0.2700
1.2615 -1.3215 -0.2900
1.2615 -1.0715 -0.2900
1.2615 -0.8415 -0.3100
1.2615 -0.6215 -0.3100
1.2515 -0.4115 -0.3100
1.2515 -0.1815 -0.3200
1.2515 0.0685 -0.3200
1.2515 0.2885 -0.3400
1.5615 -4.1015 -0.0100
1.5515 -3.8815 -0.0600
1.5515 -3.6515 -0.0700
1.5515 -3.4315 -0.1500
1.5515 -3.1815 -0.2100
1.5515 -2.9315 -0.2400
1.5415 -2.7215 -0.2200
1.5415 -2.5015 -0.2400
1.5415 -2.2915 -0.2400
1.5415 -2.0515 -0.2500
1.5315 -1.8315 -0.2500
1.5315 -1.6015 -0.2700
1.5315 -1.3715 -0.2800
1.5315 -1.1115 -0.2900
1.5315 -0.8915 -0.2900
1.5215 -0.6815 -0.3000
1.5215 -0.4615 -0.3100
1.5215 -0.2115 -0.3100
1.5215 0.0085 -0.3200
1.5215 0.2385 -0.3300
1.5115 0.4485 -0.3400
1.8015 -3.8815 -0.0500
1.7915 -3.6715 -0.0700
1.7915 -3.4415 -0.0800
1.7915 -3.2315 -0.1600
1.7915 -2.9915 -0.2000
1.7915 -2.7515 -0.2100
1.7815 -2.5215 -0.2200
1.7815 -2.3115 -0.2300
1.7815 -2.0915 -0.2400
1.7815 -1.8515 -0.2500
1.7815 -1.6315 -0.2500
1.7715 -1.4015 -0.2600
1.7715 -1.1715 -0.2600
1.7715 -0.9415 -0.2800
1.7715 -0.6915 -0.3000
1.7715 -0.4715 -0.3100
1.7615 -0.2415 -0.3000
1.7615 -0.0015 -0.3100
1.7615 0.2385 -0.3200
1.7615 0.4585 -0.3200
1.9715 -3.6915 -0.0600
1.9715 -3.4715 -0.0900
1.9715 -3.2515 -0.1000
1.9715 -3.0315 -0.1700
1.9615 -2.8215 -0.2100
1.9615 -2.5615 -0.2100
1.9615 -2.3215 -0.2300
1.9615 -2.1315 -0.2300
1.9615 -1.8815 -0.2500
1.9515 -1.6215 -0.2500
1.9515 -1.3915 -0.2600
1.9515 -1.1715 -0.2800
1.9515 -0.9415 -0.2800
1.9415 -0.6915 -0.2900
1.9415 -0.4815 -0.3000
1.9415 -0.2615 -0.3000
1.9415 -0.0215 -0.3000
1.9415 0.2185 -0.3100
1.9315 0.4485 -0.3400
2.1515 -3.4215 -0.0600
2.1515 -3.1915 -0.0800
2.1515 -2.9415 -0.1400
2.1415 -2.7315 -0.2000
2.1415 -2.5015 -0.2200
2.1415 -2.2715 -0.2300
2.1415 -2.0415 -0.2300
2.1415 -1.8115 -0.2400
2.1315 -1.5715 -0.2500
2.1315 -1.3615 -0.2600
2.1315 -1.1115 -0.2600
2.1315 -0.8715 -0.2700
2.1315 -0.6615 -0.2900
2.1215 -0.4215 -0.2900
2.1215 -0.1915 -0.3000
2.1215 0.0485 -0.3000
2.1215 0.2785 -0.3000
2.4015 -3.3015 -0.1000
2.4015 -3.0415 -0.0700
2.4015 -2.8015 -0.1100
2.3915 -2.6015 -0.1900
2.3915 -2.3615 -0.2000
2.3915 -2.1415 -0.2200
2.3915 -1.8915 -0.2400
2.3915 -1.6815 -0.2500
2.3815 -1.4615 -0.2400
2.3815 -1.2215 -0.2500
2.3815 -0.9515 -0.2600
2.3815 -0.7215 -0.2700
2.3815 -0.5015 -0.2700
2.3715 -0.2515 -0.2800
2.3715 -0.0315 -0.2900
2.3715 0.1985 -0.3000
2.3715 0.3985 -0.3100
2.6615 -3.0615 -0.1000
2.6615 -2.8215 -0.0800
2.6615 -2.5815 -0.1200
2.6515 -2.3415 -0.2000
2.6515 -2.1215 -0.2100
2.6515 -1.8815 -0.2300
2.6515 -1.6615 -0.2300
2.6515 -1.4315 -0.2300
2.6415 -1.2215 -0.2500
2.6415 -1.0115 -0.2600
2.6415 -0.7815 -0.2600
2.6415 -0.5415 -0.2700
2.6315 -0.3215 -0.2700
2.6315 -0.1115 -0.2700
2.6315 0.1085 -0.2800
2.6315 0.3285 -0.2900
2.8915 -2.9915 -0.0700
2.8915 -2.7715 -0.0700
2.8815 -2.5415 -0.0800
2.8815 -2.3315 -0.1200
2.8815 -2.1115 -0.2000
2.8815 -1.9015 -0.2200
2.8815 -1.6615 -0.2100
2.8715 -1.4515 -0.2400
2.8715 -1.2315 -0.2300
2.8715 -0.9915 -0.2500
2.8715 -0.7515 -0.2500
2.8715 -0.5215 -0.2600
2.8615 -0.3115 -0.2600
2.8615 -0.1015 -0.2700
2.8615 0.1285 -0.2800
2.8615 0.3685 -0.2800
3.1115 -2.5915 -0.0600
3.1115 -2.3815 -0.0900
3.1115 -2.1615 -0.1200
3.1115 -1.9515 -0.1900
3.1115 -1.7115 -0.2200
3.1015 -1.5015 -0.2200
3.1015 -1.2515 -0.2100
3.1015 -1.0315 -0.2400
3.1015 -0.8115 -0.2400
3.1015 -0.5815 -0.2400
3.0915 -0.3415 -0.2400
3.0915 -0.1015 -0.2500
3.0915 0.1585 -0.2400
3.0915 0.3585 -0.2700
3.3615 -2.4515 -0.1000
3.3615 -2.2515 -0.0700
3.3515 -1.9815 -0.1100
3.3515 -1.7515 -0.1900
3.3515 -1.5415 -0.2100
3.3515 -1.2815 -0.2100
3.3515 -1.0615 -0.2200
3.3415 -0.8215 -0.2300
3.3415 -0.6115 -0.2500
3.3415 -0.3915 -0.2400
3.3415 -0.1715 -0.2400
3.3315 0.0685 -0.2400
3.3315 0.3085 -0.2400
3.5415 -2.2315 -0.0700
3.5415 -2.0215 -0.0900
3.5415 -1.7915 -0.1100
3.5415 -1.5515 -0.1800
3.5415 -1.3215 -0.2000
3.5315 -1.0915 -0.2200
3.5315 -0.8715 -0.2100
3.5315 -0.6415 -0.2300
3.5315 -0.4015 -0.2300
3.5315 -0.1915 -0.2400
3.5215 0.0285 -0.2400
3.5215 0.2785 -0.2300
3.5215 0.4985 -0.2500
3.6915 -2.1215 -0.0800
3.6915 -1.8915 -0.0700
3.6815 -1.6715 -0.1100
3.6815 -1.4615 -0.1900
3.6815 -1.2215 -0.2200
3.6815 -1.0215 -0.2100
3.6715 -0.7715 -0.2300
3.6715 -0.5115 -0.2200
3.6715 -0.2915 -0.2200
3.6715 -0.0815 -0.2400
3.6715 0.1785 -0.2300
3.6615 0.4185 -0.2100
3.8815 -2.0915 -0.1000
3.8815 -1.8615 -0.0600
3.8815 -1.6215 -0.0800
3.8715 -1.4115 -0.1500
3.8715 -1.1715 -0.2200
3.8715 -0.9415 -0.2100
3.8715 -0.7015 -0.2100
3.8715 -0.4715 -0.2300
3.8615 -0.2515 -0.2100
3.8615 -0.0315 -0.2200
3.8615 0.2185 -0.1900
3.8615 0.4585 -0.1400
4.1515 -1.7615 -0.0300
4.1515 -1.5415 -0.0400
4.1515 -1.3015 -0.0900
4.1515 -1.0915 -0.1700
4.1415 -0.8415 -0.1900
4.1415 -0.6215 -0.2000
4.1415 -0.3915 -0.1900
4.1415 -0.1815 -0.1900
4.1315 0.0885 -0.1400
4.1315 0.3185 -0.1100
4.3815 -1.4715 -0.0500
4.3815 -1.2415 -0.0600
4.3815 -1.0215 -0.1100
4.3815 -0.7715 -0.1900
4.3815 -0.5315 -0.1800
4.3715 -0.3015 -0.1400
4.3715 -0.0615 -0.0900
4.3715 0.1485 -0.1200
4.3715 0.3785 -0.1500
4.5415 -1.2915 -0.0700
4.5415 -1.0715 -0.0600
4.5315 -0.8715 -0.1300
4.5315 -0.6315 -0.1700
4.5315 -0.3915 -0.1200
4.5315 -0.2015 -0.0900
4.5315 0.0085 -0.1100
4.5215 0.2485 -0.1700
4.7015 -1.3115 -0.1000
4.7015 -1.0815 -0.0500
4.7015 -0.8215 -0.0900
4.6915 -0.6015 -0.0900
4.6915 -0.4115 -0.0800
4.6915 -0.1915 -0.1000
4.6915 0.0685 -0.1200
4.9515 -0.9515 -0.0400
4.9515 -0.7415 -0.0700
4.9515 -0.5215 -0.0700
4.9515 -0.2915 -0.1300
4.9515 -0.4615 -1.4500
5.2315 -0.6915 -0.0500
-5.3085 0.5185 -0.5700
-5.0285 0.6085 -0.7000
-4.7985 0.5185 -0.5100
-4.8085 0.7185 -0.7300
-4.6485 0.6785 -0.4900
-4.6485 0.8885 -0.6000
-4.4585 0.6685 -0.4800
-4.4685 0.8985 -0.5400
-4.4685 1.1085 -0.5500
-4.1885 0.5585 -0.4600
-4.1885 0.8085 -0.4600
-4.1885 1.0285 -0.4900
-4.1885 1.2285 -0.5500
-4.1985 1.4285 -0.9500
-3.9185 0.6985 -0.4800
-3.9185 0.9285 -0.4700
-3.9285 1.1385 -0.4800
-3.9285 1.3585 -0.5100
-3.9285 1.5585 -0.5800
-3.7185 0.5185 -0.4600
-3.7185 0.7385 -0.4600
-3.7285 0.9785 -0.4700
-3.7285 1.2185 -0.4600
-3.7285 1.4285 -0.4900
-3.7285 1.6585 -0.5100
-3.7285 1.8785 -0.5700
-3.5285 0.7285 -0.4500
-3.5285 0.9585 -0.4700
-3.5385 1.1885 -0.4800
-3.5385 1.4385 -0.4800
-3.5385 1.6785 -0.4900
-3.5385 1.8785 -0.5700
-3.5385 2.1085 -0.5800
-3.2685 0.5985 -0.4700
-3.2685 0.8185 -0.4600
-3.2785 1.0285 -0.4700
-3.2785 1.2385 -0.4600
-3.2785 1.5085 -0.4800
-3.2785 1.7585 -0.4800
-3.2785 1.9585 -0.4900
-3.2885 2.1685 -0.5500
-2.9985 0.6785 -0.4500
-3.0085 0.9285 -0.4700
-3.0085 1.1485 -0.4500
-3.0085 1.3585 -0.4700
-3.0085 1.5985 -0.4800
-3.0085 1.8185 -0.4600
-3.0185 2.0685 -0.4800
-3.0185 2.2885 -0.5100
-3.0185 2.4885 -0.6100
-2.7485 0.5985 -0.4600
-2.7485 0.7985 -0.4500
-2.7585 1.0685 -0.4600
-2.7585 1.3085 -0.4700
-2.7585 1.5385 -0.4700
-2.7585 1.7485 -0.4800
-2.7585 1.9985 -0.4800
-2.7685 2.2385 -0.4600
-2.7685 2.4585 -0.4900
-2.7685 2.6485 -0.5600
-2.4885 0.6485 -0.4600
-2.4885 0.8785 -0.4600
-2.4885 1.0885 -0.4600
-2.4885 1.3085 -0.4600
-2.4985 1.5585 -0.4700
-2.4985 1.7885 -0.4500
-2.4985 2.0185 -0.4600
-2.4985 2.2385 -0.4700
-2.5085 2.4885 -0.4700
-2.5085 2.6985 -0.5200
-2.5085 2.9285 -0.5400
-2.2085 0.7085 -0.4600
-2.2085 0.9485 -0.4500
-2.2085 1.1485 -0.4600
-2.2085 1.3785 -0.4700
-2.2185 1.6385 -0.4600
-2.2185 1.8785 -0.4700
-2.2185 2.1185 -0.4600
-2.2185 2.3385 -0.4700
-2.2185 2.5985 -0.4600
-2.2285 2.8285 -0.4700
-2.2285 3.0285 -0.5400
-2.2285 3.2385 -0.5600
-1.9885 0.5285 -0.4300
-1.9885 0.7585 -0.4400
-1.9885 0.9985 -0.4700
-1.9885 1.2285 -0.4500
-1.9985 1.4485 -0.4800
-1.9985 1.6385 -0.4700
-1.9985 1.8685 -0.4500
-1.9985 2.1085 -0.4600
-1.9985 2.3485 -0.4700
-2.0085 2.5585 -0.4600
-2.0085 2.7785 -0.4500
-2.0085 2.9885 -0.4900
-2.0085 3.2185 -0.5100
-1.8285 0.7285 -0.4500
-1.8285 0.9385 -0.4500
-1.8285 1.1785 -0.4400
-1.8285 1.3985 -0.4500
-1.8385 1.6185 -0.4500
-1.8385 1.8485 -0.4600
-1.8385 2.0985 -0.4600
-1.8385 2.3185 -0.4700
-1.8385 2.5385 -0.4500
-1.8485 2.7385 -0.4700
-1.8485 2.9885 -0.4500
-1.8485 3.2085 -0.4900
-1.8485 3.4385 -0.5400
-1.6185 0.5885 -0.4200
-1.6285 0.8185 -0.4500
-1.6285 1.0385 -0.4500
-1.6285 1.2585 -0.4500
-1.6285 1.4985 -0.4500
-1.6285 1.7085 -0.4500
-1.6385 1.9585 -0.4600
-1.6385 2.1785 -0.4600
-1.6385 2.3885 -0.4600
-1.6385 2.6285 -0.4500
-1.6485 2.8885 -0.4600
-1.6485 3.1185 -0.4600
-1.6485 3.3485 -0.4900
-1.6485 3.5785 -0.5200
-1.6485 3.7985 -0.6600
-1.3385 0.7185 -0.4300
-1.3385 0.9585 -0.4400
-1.3485 1.1785 -0.4400
-1.3485 1.3885 -0.4400
-1.3485 1.6585 -0.4500
-1.3485 1.9085 -0.4500
-1.3485 2.1185 -0.4600
-1.3585 2.3485 -0.4500
-1.3585 2.5785 -0.4400
-1.3585 2.7985 -0.4600
-1.3585 3.0185 -0.4700
-1.3585 3.2485 -0.4600
-1.3685 3.4885 -0.4600
-1.3685 3.7285 -0.5000
-1.3685 3.9485 -0.5500
-1.0785 0.5785 -0.4200
-1.0785 0.7885 -0.4300
-1.0785 0.9985 -0.4300
-1.0785 1.2185 -0.4300
-1.0885 1.4585 -0.4500
-1.0885 1.6985 -0.4600
-1.0885 1.9285 -0.4400
-1.0885 2.1585 -0.4500
-1.0885 2.3785 -0.4600
-1.0985 2.5985 -0.4400
-1.0985 2.8285 -0.4600
-1.0985 3.0485 -0.4600
-1.0985 3.2985 -0.4500
-1.0985 3.4985 -0.4600
-1.1085 3.7485 -0.4700
-1.1085 3.9885 -0.5100
-1.1085 4.1985 -0.5600
-0.8885 0.5685 -0.4100
-0.8885 0.7685 -0.4200
-0.8885 1.0085 -0.4300
-0.8885 1.2285 -0.4300
-0.8985 1.4585 -0.4400
-0.8985 1.6885 -0.4300
-0.8985 1.8985 -0.4500
-0.8985 2.1385 -0.4500
-0.8985 2.3885 -0.4500
-0.9085 2.6085 -0.4700
-0.9085 2.8285 -0.4500
-0.9085 3.0985 -0.4500
-0.9085 3.3285 -0.4400
-0.9185 3.5485 -0.4600
-0.9185 3.7685 -0.4500
-0.9185 4.0185 -0.4800
-0.9185 4.2485 -0.5200
-0.9185 4.4485 -0.6300
-0.6985 0.7285 -0.4100
-0.6985 0.9785 -0.4000
-0.6985 1.1985 -0.4300
-0.7085 1.4285 -0.4400
-0.7085 1.6585 -0.4300
-0.7085 1.9085 -0.4300
-0.7085 2.1285 -0.4300
-0.7085 2.3585 -0.4500
-0.7185 2.5785 -0.4500
-0.7185 2.8185 -0.4500
-0.7185 3.0485 -0.4300
-0.7185 3.2785 -0.4400
-0.7185 3.5285 -0.4200
-0.7285 3.7485 -0.4400
-0.7285 3.9885 -0.4400
-0.7285 4.1985 -0.4700
-0.7285 4.4285 -0.5600
-0.4285 0.7385 -0.4100
-0.4385 0.9885 -0.4000
-0.4385 1.1885 -0.4200
-0.4385 1.3985 -0.4300
-0.4385 1.6285 -0.4100
-0.4385 1.8885 -0.4300
-0.4485 2.1085 -0.4400
-0.4485 2.3385 -0.4400
-0.4485 2.5485 -0.4400
-0.4485 2.8185 -0.4400
-0.4485 3.0285 -0.4500
-0.4585 3.2485 -0.4500
-0.4585 3.4985 -0.4500
-0.4585 3.7485 -0.4400
-0.4585 3.9885 -0.4500
-0.4685 4.2185 -0.4700
-0.4685 4.4485 -0.4700
-0.4685 4.6785 -0.5300
-0.1485 0.7085 -0.3900
-0.1485 0.9285 -0.4000
-0.1485 1.1785 -0.4100
-0.1585 1.3885 -0.4100
-0.1585 1.6285 -0.4200
-0.1585 1.8485 -0.4300
-0.1585 2.0985 -0.4200
-0.1585 2.3485 -0.4300
-0.1685 2.5685 -0.4500
-0.1685 2.8185 -0.4500
-0.1685 3.0485 -0.4300
-0.1685 3.2685 -0.4300
-0.1685 3.4785 -0.4400
-0.1785 3.6885 -0.4300
-0.1785 3.9285 -0.4500
-0.1785 4.1585 -0.4300
-0.1785 4.3885 -0.4500
-0.1785 4.5985 -0.4600
-0.1885 4.8185 -0.5100
-0.1885 5.0285 -0.5400
0.1115 0.5685 -0.3800
0.1115 0.7985 -0.3800
0.1115 1.0385 -0.4000
0.1115 1.2885 -0.4200
0.1115 1.5185 -0.4100
0.1015 1.7185 -0.4100
0.1015 1.9285 -0.4300
0.1015 2.1585 -0.4400
0.1015 2.3785 -0.4300
0.1015 2.6185 -0.4300
0.0915 2.8185 -0.4500
0.0915 3.0585 -0.4300
0.0915 3.2885 -0.4300
0.0915 3.4985 -0.4300
0.0915 3.7185 -0.4200
0.0815 3.9585 -0.4400
0.0815 4.1985 -0.4400
0.0815 4.4085 -0.4400
0.0815 4.6385 -0.4200
0.0815 4.8685 -0.4500
0.0715 5.0885 -0.4900
0.3815 0.6285 -0.3800
0.3815 0.8785 -0.3900
0.3815 1.0885 -0.4000
0.3815 1.3085 -0.3900
0.3815 1.5185 -0.4100
0.3815 1.7485 -0.4100
0.3715 1.9885 -0.4100
0.3715 2.2185 -0.4100
0.3715 2.4285 -0.4200
0.3715 2.6585 -0.4200
0.3615 2.8885 -0.4200
0.3615 3.1185 -0.4300
0.3615 3.3385 -0.4300
0.3615 3.5685 -0.4200
0.3615 3.8085 -0.4200
0.3515 4.0185 -0.4200
0.3515 4.2685 -0.3700
0.3515 4.4885 -0.2900
0.3515 4.7485 -0.3800
0.3515 4.9685 -0.4700
0.6715 0.6985 -0.3700
0.6715 0.9285 -0.3700
0.6615 1.1385 -0.3900
0.6615 1.3385 -0.3800
0.6615 1.5885 -0.4000
0.6615 1.8185 -0.4000
0.6515 2.0585 -0.3900
0.6515 2.2685 -0.4200
0.6515 2.4885 -0.4100
0.6515 2.7385 -0.4200
0.6515 2.9785 -0.4100
0.6415 3.2085 -0.4100
0.6415 3.4485 -0.4200
0.6415 3.6785 -0.3900
0.6415 3.9285 -0.3700
0.6415 4.1485 -0.2900
0.6315 4.3585 -0.2400
0.6315 4.5785 -0.2500
0.6315 4.8285 -0.4000
0.8915 0.6085 -0.3600
0.8815 0.8185 -0.3700
0.8815 1.0685 -0.3800
0.8815 1.3085 -0.3800
0.8815 1.5285 -0.3900
0.8815 1.7885 -0.3800
0.8715 2.0085 -0.3800
0.8715 2.2485 -0.3900
0.8715 2.4585 -0.3900
0.8715 2.6785 -0.3900
0.8715 2.8985 -0.4000
0.8615 3.1485 -0.4000
0.8615 3.3785 -0.4100
0.8615 3.6285 -0.3900
0.8615 3.8385 -0.3000
0.8615 4.0885 -0.2400
0.8515 4.3285 -0.2500
0.8515 4.5385 -0.2600
1.0515 0.6085 -0.3600
1.0515 0.8185 -0.3700
1.0515 1.0385 -0.3700
1.0415 1.2685 -0.3900
1.0415 1.4985 -0.3900
1.0415 1.7385 -0.3700
1.0415 1.9585 -0.3700
1.0415 2.1885 -0.3800
1.0315 2.4185 -0.3900
1.0315 2.6385 -0.3800
1.0315 2.8585 -0.3900
1.0315 3.0985 -0.3900
1.0315 3.3385 -0.3800
1.0215 3.5685 -0.3000
1.0215 3.7985 -0.2500
1.0215 4.0485 -0.2400
1.0215 4.2785 -0.2600
1.2515 0.5285 -0.3500
1.2415 0.7585 -0.3600
1.2415 0.9785 -0.3600
1.2415 1.2185 -0.3500
1.2415 1.4185 -0.3600
1.2415 1.6585 -0.3600
1.2315 1.8985 -0.3800
1.2315 2.1085 -0.3700
1.2315 2.3385 -0.3900
1.2315 2.5885 -0.3800
1.2315 2.8185 -0.3800
1.2215 3.0485 -0.3800
1.2215 3.2885 -0.3400
1.2215 3.5385 -0.2200
1.2215 3.7585 -0.2200
1.2115 4.0085 -0.2500
1.5115 0.6985 -0.3300
1.5115 0.9485 -0.3500
1.5115 1.1585 -0.3600
1.5015 1.3885 -0.3500
1.5015 1.6285 -0.3600
1.5015 1.8785 -0.3500
1.5015 2.0985 -0.3500
1.5015 2.3285 -0.3600
1.4915 2.5685 -0.3600
1.4915 2.7885 -0.3500
1.4915 3.0185 -0.2900
1.4915 3.2585 -0.2200
1.4915 3.4785 -0.2100
1.4815 3.7185 -0.2400
1.7615 0.6885 -0.3200
1.7515 0.9385 -0.3300
1.7515 1.1585 -0.3400
1.7515 1.3785 -0.3400
1.7515 1.6185 -0.3500
1.7415 1.8485 -0.3400
1.7415 2.0685 -0.3500
1.7415 2.3185 -0.3600
1.7415 2.5385 -0.3300
1.7415 2.7885 -0.2600
1.7315 2.9985 -0.2000
1.7315 3.2485 -0.2000
1.7315 3.4885 -0.2500
1.9315 0.6785 -0.3300
1.9315 0.8885 -0.3200
1.9315 1.1285 -0.3400
1.9315 1.3685 -0.3400
1.9215 1.6085 -0.3400
1.9215 1.8485 -0.3300
1.9215 2.0785 -0.3000
1.9215 2.3185 -0.3200
1.9115 2.5785 -0.2600
1.9115 2.8185 -0.1900
1.9115 3.0185 -0.2100
1.9115 3.2485 -0.2300
2.1115 0.5185 -0.3000
2.1115 0.7585 -0.3200
2.1115 0.9985 -0.3200
2.1115 1.2385 -0.3100
2.1115 1.4585 -0.3200
2.1015 1.6785 -0.3100
2.1015 1.8985 -0.3200
2.1015 2.1185 -0.3200
2.1015 2.3385 -0.2600
2.1015 2.5885 -0.2000
2.0915 2.8085 -0.2100
2.0915 3.0385 -0.2400
2.3715 0.6285 -0.3000
2.3615 0.8385 -0.3000
2.3615 1.0885 -0.3000
2.3615 1.2985 -0.3200
2.3615 1.5185 -0.3100
2.3615 1.7285 -0.3100
2.3515 1.9685 -0.2700
2.3515 2.2185 -0.1900
2.3515 2.4285 -0.1800
2.3515 2.6585 -0.2300
2.3115 6.5085 4.9900
2.6315 0.5785 -0.2900
2.6315 0.7985 -0.2900
2.6215 1.0285 -0.2800
2.6215 1.2485 -0.2900
2.6215 1.4685 -0.2900
2.6215 1.6985 -0.2400
2.6115 1.9385 -0.1700
2.6115 2.1785 -0.1700
2.6115 2.3985 -0.2500
2.6115 2.6185 -0.2400
2.5715 6.2585 5.0200
2.5715 6.4685 4.9900
2.8515 0.6085 -0.2800
2.8515 0.8085 -0.2700
2.8515 1.0385 -0.2800
2.8515 1.2885 -0.2600
2.8515 1.5485 -0.2100
2.8415 1.7785 -0.1700
2.8415 1.9985 -0.1900
2.8415 2.2285 -0.2600
2.8015 6.0585 4.9700
2.8015 6.2785 4.9700
2.8015 6.5185 4.9500
3.0815 0.6085 -0.2600
3.0815 0.8185 -0.2700
3.0815 1.0485 -0.2600
3.0815 1.2685 -0.1700
3.0815 1.4985 -0.1500
3.0715 1.7585 -0.1800
3.0715 1.9985 -0.1700
3.0315 5.8185 4.9500
3.0315 6.0485 4.9700
3.0315 6.2885 4.9100
3.0315 6.5085 4.8000
3.3315 0.5385 -0.2400
3.3315 0.7785 -0.2500
3.3315 1.0085 -0.1800
3.3215 1.2385 -0.1700
3.3215 1.4485 -0.1900
3.3215 1.6685 -0.2100
3.2815 5.3185 4.9900
3.2815 5.5585 4.9900
3.2815 5.7885 4.9800
3.2815 5.9785 4.9200
3.2815 6.2185 4.7600
3.2715 6.4485 4.7700
3.5215 0.7485 -0.1700
3.5115 0.9685 -0.1400
3.5115 1.2085 -0.1500
3.5115 1.4385 -0.1800
3.4715 5.0785 4.9800
3.4715 5.2885 4.9600
3.4715 5.5285 4.9700
3.4715 5.7685 4.9300
3.4715 5.9785 4.7700
3.4715 6.2185 4.7300
3.4615 6.4485 4.7400
3.6615 0.6385 -0.1500
3.6615 0.8885 -0.1300
3.6615 1.1285 -0.1600
3.6615 1.2985 -0.6300
3.6215 4.9985 4.9500
3.6215 5.2385 4.9500
3.6215 5.4385 4.9300
3.6115 5.6585 4.9100
3.6115 5.8785 4.7800
3.6115 6.0785 4.7500
3.6115 6.2985 4.7200
3.6115 6.5185 4.7000
3.8615 0.6785 -0.1300
3.8515 0.9285 -0.1500
3.8515 1.1185 -0.3000
3.8215 4.7585 4.9400
3.8215 4.9885 4.9700
3.8115 5.2185 4.9600
3.8115 5.4185 4.9000
3.8115 5.6285 4.7800
3.8115 5.8385 4.7400
3.8115 6.0685 4.7300
3.8015 6.3185 4.7600
3.8015 6.5385 4.7200
4.1315 0.5485 -0.1400
4.0915 4.3585 4.9500
4.0915 4.6085 4.9700
4.0915 4.8185 4.9500
4.0915 5.0085 4.9700
4.0915 5.2385 4.8600
4.0815 5.4785 4.7700
4.0815 5.6885 4.7600
4.0815 5.8985 4.7500
4.0815 6.1385 4.7500
4.0815 6.3685 4.7400
4.3315 4.1485 4.9400
4.3315 4.3685 4.9700
4.3315 4.6085 4.9600
4.3315 4.8185 4.9400
4.3215 5.0485 4.8500
4.3215 5.2785 4.7900
4.3215 5.5185 4.7900
4.3215 5.7585 4.7800
4.3215 5.9685 4.7700
4.3115 6.2085 4.7300
4.3115 6.4185 4.7400
4.4915 4.1185 4.9400
4.4815 4.3385 4.9800
4.4815 4.5485 4.9400
4.4815 4.7785 4.8600
4.4815 4.9985 4.8100
4.4815 5.2185 4.7900
4.4815 5.4285 4.7900
4.4715 5.6785 4.7700
4.4715 5.9285 4.7800
4.4715 6.1285 4.7700
4.4715 6.3385 4.7400
4.4615 6.5885 4.7100
4.6515 3.8985 5.0000
4.6515 4.1385 4.9600
4.6515 4.3685 4.9700
4.6515 4.5785 4.8500
4.6415 4.7885 4.7800
4.6415 5.0085 4.7900
4.6415 5.2485 4.7900
4.6415 5.4685 4.7700
4.6415 5.7085 4.7600
4.6315 5.9185 4.7500
4.6315 6.1485 4.7400
4.6315 6.3985 4.7400
4.9115 3.5785 4.9500
4.9115 3.7885 4.9600
4.9115 3.9985 4.9600
4.9015 4.2285 4.9100
4.9015 4.4485 4.8200
4.9015 4.6785 4.8000
4.9015 4.9085 4.8000
4.9015 5.1285 4.8100
4.8915 5.3685 4.7800
4.8915 5.6185 4.7600
4.8915 5.8385 4.7800
4.8915 6.0485 4.7800
4.8915 6.2885 4.7800
4.8815 6.5385 4.7300
5.1915 3.1185 5.0000
5.1915 3.3685 4.9600
5.1915 3.5785 4.9500
5.1915 3.8185 4.9200
5.1815 4.0585 4.8800
5.1815 4.2885 4.8400
5.1815 4.4985 4.8100
5.1815 4.7285 4.7900
5.1815 4.9785 4.8000
5.1715 5.1985 4.7900
5.1715 5.4085 4.7700
5.1715 5.6385 4.7400
5.1715 5.8885 4.7700
5.1715 6.0985 4.7700
5.1615 6.3185 4.7600
5.1615 6.5585 4.7500
5.4415 3.0085 4.9800
5.4415 3.2485 4.9700
5.4415 3.4285 4.9400
5.4315 3.6685 4.9200
5.4315 3.9185 4.9000
5.4315 4.1385 4.8500
5.4315 4.3285 4.8400
5.4215 4.5885 4.8300
5.4215 4.8285 4.8300
5.4215 5.0485 4.8000
5.4215 5.2685 4.7900
5.4215 5.4985 4.7800
5.4115 5.7485 4.7900
5.4115 5.9885 4.7900
5.4115 6.2185 4.7600
5.4115 6.4485 4.7700
5.6715 3.0785 4.9700
5.6715 3.3085 4.9600
5.6715 3.5485 4.9700
5.6615 3.7785 4.9200
5.6615 3.9985 4.8600
5.6615 4.2385 4.8300
5.6615 4.4785 4.8200
5.6615 4.7185 4.8100
5.6515 4.9485 4.8300
5.6515 5.1685 4.8100
5.6515 5.3985 4.8000
5.6515 5.6185 4.8000
5.6515 5.8185 4.7900
5.6415 6.0385 4.8000
5.6415 6.2785 4.7900
5.6415 6.5085 4.7800
5.9115 3.2085 4.9500
5.9015 3.4685 4.9500
5.9015 3.6985 4.9400
5.9015 3.8985 4.8900
5.9015 4.0985 4.8800
5.9015 4.3285 4.8600
5.8915 4.5585 4.8300
5.8915 4.7885 4.8200
5.8915 4.9785 4.8000
5.8915 5.2085 4.8000
5.8915 5.4485 4.8200
5.8815 5.6585 4.7700
5.8815 5.8685 4.8100
5.8815 6.1185 4.7800
5.8815 6.3385 4.7900
5.8815 6.5685 4.7800
6.0915 3.5485 4.9500
6.0915 3.7685 4.9600
6.0915 3.9785 4.9200
6.0915 4.1885 4.8400
6.0915 4.4285 4.8600
6.0815 4.6685 4.8400
6.0815 4.8885 4.8300
6.0815 5.1085 4.8000
6.0815 5.3185 4.8000
6.0815 5.5585 4.7800
6.0715 5.7785 4.7900
6.0715 5.9985 4.7900
6.0715 6.2185 4.7600
6.0715 6.4385 4.7700
6.2415 3.5985 4.9700
6.2415 3.8185 4.9600
6.2415 4.0585 4.9400
6.2415 4.2585 4.8900
6.2415 4.4885 4.8800
6.2315 4.7085 4.8200
6.2315 4.9385 4.8200
6.2315 5.1585 4.7800
6.2315 5.4085 4.7900
6.2215 5.6485 4.7900
6.2215 5.8885 4.7900
6.2215 6.0985 4.7800
6.2215 6.3385 4.7700
6.2215 6.5385 4.7800
6.4515 3.6485 4.9700
6.4515 3.8785 4.9700
6.4415 4.1085 4.9500
6.4415 4.3185 4.9300
6.4415 4.5585 4.8700
6.4415 4.7985 4.8400
6.4415 4.9985 4.8200
6.4315 5.1985 4.8200
6.4315 5.4385 4.8000
6.4315 5.6785 4.7900
6.4315 5.9185 4.8000
6.4315 6.1485 4.7800
6.4215 6.3885 4.7900
6.4215 6.5885 4.7800
6.7215 3.9785 4.9800
6.7215 4.2185 4.9600
6.7215 4.4585 4.9100
6.7115 4.6785 4.8700
6.7115 4.8885 4.8600
6.7115 5.1185 4.8500
6.7115 5.3285 4.8300
6.7115 5.5685 4.7900
6.7015 5.7985 4.8100
6.7015 6.0085 4.8000
6.7015 6.2285 4.7800
6.7015 6.4985 4.7800
6.6915 6.4885 4.8000
6.6915 6.2685 4.7800
6.7015 6.0085 4.7800
6.7015 5.7585 4.8100
6.7015 5.5285 4.7900
6.7015 5.2485 4.8200
6.7015 5.0385 4.8100
6.7115 4.7785 4.8500
6.7115 4.5385 4.9100
6.7115 4.3085 4.9600
6.7115 4.1185 4.7200
6.7115 4.0285 4.1300
6.7115 4.7585 1.3000
6.7115 3.8885 3.7800
6.7115 4.1085 2.9300
6.7115 4.5285 1.2800
6.7115 3.8485 2.8800
6.7115 4.2685 1.2700
6.7115 4.0785 1.1300
6.7115 3.9485 0.7800
6.4215 6.3885 4.7500
6.4315 6.1385 4.7600
6.4315 5.9185 4.7900
6.4315 5.6685 4.7900
6.4315 5.4085 4.8000
6.4415 5.1585 4.8100
6.4415 4.9385 4.8200
6.4415 4.7185 4.8300
6.4415 4.4485 4.8700
6.4415 4.1885 4.9400
6.4515 3.9785 4.8900
6.4515 3.8985 4.2700
6.4415 4.6585 1.3300
6.4515 3.7485 3.9600
6.4415 4.4485 1.2600
6.4515 4.0185 1.9800
6.4515 3.9485 1.2300
6.4515 3.7885 0.9900
6.4515 3.5985 0.7700
6.1215 6.3885 4.7600
6.1315 6.1585 4.7800
6.1315 5.8985 4.8000
6.1315 5.6785 4.7900
6.1315 5.4485 4.8100
6.1315 5.2085 4.7800
6.1315 4.9685 4.7900
6.1415 4.7185 4.8400
6.1415 4.4585 4.8700
6.1415 4.2385 4.8600
6.1415 3.9685 4.9200
6.1515 3.7385 4.8400
6.1515 3.6285 4.3100
6.1415 4.3985 1.3000
6.1515 3.4885 3.9600
6.1415 3.9685 2.0700
6.1415 4.1785 1.2600
6.1515 3.7285 2.0400
6.1515 3.9085 1.3300
6.1515 3.6885 1.2200
6.1515 3.5285 0.9900
6.1515 3.3285 0.8600
5.8715 6.3785 4.7500
5.8715 6.1485 4.7900
5.8715 5.8885 4.7900
5.8715 5.6385 4.7900
5.8815 5.3885 4.8000
5.8815 5.1685 4.7900
5.8815 4.9185 4.8000
5.8815 4.6685 4.8200
5.8815 4.4285 4.8500
5.8915 4.2085 4.8300
5.8915 3.9485 4.8800
5.8915 3.6685 4.9500
5.8915 3.4785 4.8500
5.8915 3.3685 4.3100
5.8915 4.1485 1.2800
5.8915 3.2485 3.9300
5.8915 3.6985 2.1600
5.8915 3.9285 1.2900
5.8915 3.4785 1.9800
5.8915 3.6385 1.3600
5.8915 3.4485 1.2200
5.9015 3.2885 0.9100
5.6415 6.5585 4.7700
5.6415 6.2785 4.7900
5.6515 6.0585 4.7600
5.6515 5.8285 4.7900
5.6515 5.5885 4.7700
5.6515 5.3285 4.7800
5.6615 5.0985 4.7900
5.6615 4.8585 4.7900
5.6615 4.6485 4.7900
5.6615 4.3685 4.8300
5.6615 4.1385 4.8400
5.6715 3.8785 4.8600
5.6715 3.6185 4.9200
5.6715 3.3585 4.9300
5.6715 3.1985 4.5700
5.6715 3.1185 3.9400
5.6715 3.8085 1.2900
5.6715 3.1385 2.9500
5.6715 3.1785 1.8600
5.6715 3.1085 1.2500
5.6815 2.9785 0.8300
5.4215 6.5385 4.7400
5.4215 6.2885 4.7600
5.4215 6.0485 4.7700
5.4215 5.8385 4.7600
5.4315 5.5785 4.7900
5.4315 5.3185 4.7900
5.4315 5.0685 4.7900
5.4315 4.8285 4.8300
5.4315 4.5885 4.8400
5.4415 4.3085 4.8200
5.4415 4.0685 4.8700
5.4415 3.8585 4.9100
5.4415 3.6185 4.9200
5.4515 3.3685 4.9400
5.4515 3.1685 4.8100
5.4515 3.1385 3.9900
5.4515 3.1085 3.3300
5.4515 3.1385 2.2500
5.4515 3.0885 1.4900
5.4515 3.0085 0.9500
5.2215 6.5285 4.7600
5.2315 6.2685 4.7700
5.2315 6.0285 4.7500
5.2315 5.8085 4.7800
5.2315 5.5685 4.7700
5.2415 5.3385 4.7600
5.2415 5.1085 4.7700
5.2415 4.8685 4.8000
5.2415 4.6185 4.8100
5.2415 4.4185 4.8200
5.2515 4.1785 4.8100
5.2515 3.9285 4.8500
5.2515 3.6785 4.9500
5.2515 3.4685 4.9000
5.2515 3.3285 4.4200
5.2515 3.2285 3.8900
5.2515 3.2485 2.8700
5.2515 3.3185 1.7400
5.2615 3.2385 1.1100
5.2615 3.0685 0.8600
5.2915 -0.7715 -0.0500
5.0415 6.3685 4.7600
5.0415 6.1185 4.7700
5.0515 5.8985 4.7400
5.0515 5.6585 4.7800
5.0515 5.4485 4.7700
5.0515 5.1985 4.7900
5.0515 4.9485 4.7700
5.0615 4.7085 4.7900
5.0615 4.4885 4.8200
5.0615 4.2585 4.8200
5.0615 3.9885 4.8800
5.0615 3.7285 4.9600
5.0715 3.5385 4.8300
5.0715 3.5285 3.9700
5.0715 3.5285 3.0400
5.0715 3.4885 2.1800
5.0715 3.4685 1.3900
5.0715 3.3085 1.0300
5.1015 -0.4515 -0.0800
5.1115 -0.7115 -0.1000
5.1115 -0.8115 -0.6300
5.1115 -0.8115 -1.5700
4.8015 6.5485 4.7600
4.8015 6.2985 4.7600
4.8115 6.0785 4.7500
4.8115 5.8585 4.7500
4.8115 5.6085 4.7600
4.8115 5.3785 4.7600
4.8115 5.1185 4.8000
4.8215 4.8985 4.7800
4.8215 4.6885 4.8100
4.8215 4.4085 4.8400
4.8215 4.1185 4.9700
4.8215 3.9085 4.8700
4.8315 3.8285 4.2800
4.8315 3.7785 3.4800
4.8315 3.7685 2.5600
4.8315 3.8185 1.5200
4.8315 3.6885 1.0900
4.8215 4.3385 -1.4400
4.8315 3.5085 0.9300
4.8615 -0.1115 0.0000
4.8615 -0.3415 -0.0500
4.8715 -0.5715 -0.0800
4.8715 -0.8215 -0.1000
4.8715 -1.0015 -0.2800
4.8715 -0.9415 -1.4000
4.8715 -0.9615 -2.3100
4.5215 6.4785 4.7500
4.5315 6.2285 4.7400
4.5315 6.0085 4.7700
4.5315 5.7585 4.7600
4.5315 5.4785 4.7800
4.5415 5.2485 4.7700
4.5415 5.0185 4.7900
4.5415 4.7785 4.8200
4.5415 4.5085 4.9400
4.5415 4.2685 4.9600
4.5415 4.1785 4.3900
4.5515 4.0785 3.8200
4.5515 4.0685 2.8700
4.5515 4.0385 2.0700
4.5515 4.1085 0.9500
4.5415 4.4885 -0.5400
4.5515 3.8885 0.8700
4.5515 4.3785 -1.0200
4.5515 4.2985 -1.5500
4.5815 0.0385 -0.0800
4.5915 -0.2015 -0.0900
4.5915 -0.4515 -0.1100
4.5915 -0.6615 -0.1400
4.5915 -0.9115 -0.1000
4.5915 -1.1415 -0.1300
4.3215 6.5085 4.7400
4.3215 6.2885 4.7300
4.3215 6.0585 4.7400
4.3215 5.7985 4.7600
4.3315 5.5485 4.7800
4.3315 5.3185 4.7600
4.3315 5.0585 4.7900
4.3315 4.8085 4.9200
4.3415 4.5585 4.9200
4.3415 4.3485 4.8500
4.3415 4.3385 3.9900
4.3415 4.3585 2.9300
4.3415 4.3385 2.1800
4.3415 4.3285 1.2200
4.3415 4.1885 0.8100
4.3415 4.5985 -0.7900
4.3415 4.5385 -1.4300
4.3415 4.3785 -1.7900
4.3815 0.3285 -0.1000
4.3815 0.0785 -0.0900
4.3815 -0.1615 -0.1200
4.3815 -0.4015 -0.1600
4.3815 -0.6415 -0.2000
4.3915 -0.9015 -0.1600
4.3915 -1.1415 -0.1100
4.3915 -1.3515 -0.1400
4.1915 6.3985 4.7100
4.1915 6.1585 4.7400
4.1915 5.8985 4.7600
4.2015 5.6885 4.7700
4.2015 5.4585 4.7700
4.2015 5.2085 4.8100
4.2015 4.9285 4.9200
4.2115 4.6885 4.9600
4.2115 4.5185 4.6000
4.2115 4.5085 3.8000
4.2115 4.4785 2.8900
4.2115 4.4585 2.0400
4.2115 4.4985 0.9200
4.2115 4.8685 -0.5300
4.2115 4.3085 0.8100
4.2115 4.7285 -0.8500
4.2115 4.6685 -1.6000
4.2415 0.6485 0.0200
4.2515 0.4085 -0.1000
4.2515 0.1785 -0.1200
4.2515 -0.0615 -0.1400
4.2515 -0.2415 -0.1900
4.2615 -0.4815 -0.1900
4.2615 -0.7215 -0.1900
4.2615 -0.9815 -0.1700
4.2615 -1.2215 -0.1000
4.2615 -1.4415 -0.1100
4.0215 6.4985 4.7600
4.0215 6.2485 4.7500
4.0215 6.0185 4.7600
4.0215 5.7785 4.7600
4.0215 5.5185 4.7800
4.0315 5.2485 4.8300
4.0315 5.0185 4.9000
4.0315 4.7885 4.8900
4.0315 4.7785 4.0100
4.0315 4.6985 3.3300
4.0315 4.7085 2.4200
4.0415 4.6785 1.6100
4.0415 4.6385 0.7900
4.0315 5.0285 -0.7300
4.0315 4.8885 -1.1100
4.0415 4.7685 -1.6300
4.0715 0.7985 -0.1000
4.0715 0.5585 -0.1000
4.0715 0.3285 -0.1200
4.0815 0.1185 -0.1500
4.0815 -0.0915 -0.2000
4.0815 -0.3315 -0.2100
4.0815 -0.6015 -0.2100
4.0815 -0.8415 -0.2000
4.0915 -1.0515 -0.1800
4.0915 -1.3115 -0.1200
4.0915 -1.5615 -0.1200
3.7115 6.4785 4.7300
3.7215 6.2285 4.7200
3.7215 5.9985 4.7300
3.7215 5.7685 4.7900
3.7215 5.4985 4.9000
3.7215 5.2185 4.9300
3.7315 5.0785 4.6100
3.7315 5.0885 3.7100
3.7315 5.0585 2.9100
3.7315 4.9685 2.2100
3.7315 4.9685 1.2900
3.7315 5.4585 -0.6000
3.7315 4.8585 0.8000
3.7315 5.3085 -0.9200
3.7315 5.2385 -1.6300
3.7315 5.0185 -1.7900
3.7615 1.0485 -0.1200
3.7715 0.8385 -0.1100
3.7715 0.5885 -0.1400
3.7715 0.3685 -0.2000
3.7715 0.1385 -0.2300
3.7715 -0.0715 -0.2300
3.7815 -0.3415 -0.2300
3.7815 -0.5815 -0.2300
3.7815 -0.8115 -0.2200
3.7815 -1.0515 -0.2200
3.7815 -1.3015 -0.2000
3.7915 -1.5815 -0.1300
3.7915 -1.8215 -0.1300
3.3815 6.5785 4.7300
3.3815 6.3185 4.7300
3.3915 6.0585 4.8200
3.3915 5.7685 4.9800
3.3915 5.5485 4.9400
3.3915 5.4385 4.4300
3.3915 5.4585 3.4000
3.3915 5.3885 2.6900
3.3915 5.3485 1.8800
3.3915 5.3685 0.8500
3.3915 5.7585 -0.6300
3.4015 5.1685 0.6900
3.3915 5.6485 -1.1600
3.3915 5.5185 -1.6200
3.3915 5.3385 -1.7900
3.4315 1.6685 -0.2500
3.4315 1.3985 -0.1300
3.4315 1.1485 -0.1400
3.4315 0.9285 -0.1600
3.4315 0.7185 -0.2100
3.4415 0.4885 -0.2400
3.4415 0.2185 -0.2500
3.4415 -0.0315 -0.2600
3.4415 -0.2815 -0.2500
3.4515 -0.5015 -0.2300
3.4515 -0.7615 -0.2400
3.4515 -0.9915 -0.2300
3.4515 -1.2115 -0.2300
3.4515 -1.4515 -0.2300
3.4615 -1.7015 -0.1700
3.4615 -1.9715 -0.1000
3.4615 -2.1815 -0.2400
3.1215 6.5885 4.6900
3.1315 6.3185 4.8700
3.1315 6.0385 4.9500
3.1315 5.8185 4.8700
3.1315 5.7885 4.1000
3.1315 5.7785 3.3300
3.1315 5.7385 2.6500
3.1315 5.7285 1.7400
3.1315 5.6585 0.9800
3.1315 6.0785 -0.6300
3.1415 5.5085 0.7900
3.1315 5.9585 -0.9600
3.1315 5.8785 -1.5700
3.1715 1.9085 -0.1300
3.1715 1.6885 -0.1600
3.1715 1.4785 -0.1600
3.1715 1.2185 -0.1700
3.1715 0.9985 -0.2500
3.1815 0.7985 -0.2500
3.1815 0.5785 -0.2700
3.1815 0.3085 -0.2600
3.1815 0.0485 -0.2600
3.1915 -0.2015 -0.2800
3.1915 -0.4215 -0.2500
3.1915 -0.6515 -0.2700
3.1915 -0.9115 -0.2500
3.1915 -1.1315 -0.2400
3.2015 -1.3615 -0.2300
3.2015 -1.6115 -0.2300
3.2015 -1.8615 -0.2000
3.2015 -2.1315 -0.1300
3.2015 -2.3615 -0.1100
2.9115 6.4285 4.9500
2.9215 6.1685 4.9500
2.9215 6.0685 4.4700
2.9215 5.9785 3.9500
2.9215 5.9785 3.0400
2.9215 5.9585 2.2500
2.9215 6.0185 1.0700
2.9215 6.4585 -0.6400
2.9215 5.8285 0.8400
2.9215 6.2485 -0.7600
2.9215 6.2185 -1.5200
2.9615 2.0485 -0.1700
2.9615 1.7885 -0.1600
2.9615 1.5485 -0.1900
2.9615 1.3085 -0.2300
2.9615 1.0985 -0.2700
2.9715 0.8685 -0.2600
2.9715 0.6185 -0.2800
2.9715 0.3985 -0.2700
2.9715 0.1785 -0.2800
2.9715 -0.0815 -0.2700
2.9815 -0.3215 -0.2600
2.9815 -0.5715 -0.2600
2.9815 -0.8215 -0.2400
2.9815 -1.0515 -0.2300
2.9815 -1.2715 -0.2400
2.9915 -1.5515 -0.2200
2.9915 -1.8015 -0.2200
2.9915 -2.0415 -0.2000
2.9915 -2.2915 -0.1100
3.0015 -2.5615 -0.1600
2.6815 6.5585 4.9800
2.6815 6.3785 4.6500
2.6815 6.2285 4.3200
2.6815 6.2685 3.3300
2.6815 6.2285 2.6600
2.6815 6.2185 1.6700
2.6815 6.1485 1.0100
2.6815 6.5685 -0.6000
2.6815 5.9685 0.8300
2.6815 6.4385 -1.0200
2.6815 6.4585 -1.8900
2.7215 2.3885 -0.1700
2.7215 2.1485 -0.1700
2.7215 1.9185 -0.1800
2.7215 1.6985 -0.2000
2.7215 1.4585 -0.2700
2.7315 1.2385 -0.3100
2.7315 0.9885 -0.2900
2.7315 0.7185 -0.2900
2.7315 0.5085 -0.2900
2.7315 0.2585 -0.3000
2.7415 0.0085 -0.2700
2.7415 -0.2315 -0.2700
2.7415 -0.4815 -0.2800
2.7415 -0.7215 -0.2700
2.7515 -0.9415 -0.2600
2.7515 -1.2015 -0.2600
2.7515 -1.4415 -0.2500
2.7515 -1.6715 -0.2300
2.7515 -1.9215 -0.2200
2.7615 -2.1515 -0.2100
2.7615 -2.4315 -0.1400
2.7615 -2.6615 -0.1000
2.4415 6.5585 4.2700
2.4515 6.4185 3.9200
2.4515 6.4385 2.8700
2.4515 6.4685 1.7900
2.4515 6.4685 0.8800
2.4515 6.2385 0.7900
2.4815 2.6785 -0.1400
2.4815 2.4285 -0.1600
2.4815 2.2185 -0.1800
2.4915 1.9685 -0.2100
2.4915 1.7385 -0.3000
2.4915 1.4985 -0.3200
2.4915 1.2685 -0.3000
2.5015 1.0185 -0.2900
2.5015 0.7685 -0.2900
2.5015 0.5385 -0.3000
2.5015 0.3085 -0.3000
2.5015 0.0685 -0.3100
2.5115 -0.1915 -0.2900
2.5115 -0.4115 -0.2800
2.5115 -0.6815 -0.2800
2.5115 -0.9115 -0.2600
2.5115 -1.1615 -0.2600
2.5215 -1.3715 -0.2400
2.5215 -1.6315 -0.2400
2.5215 -1.8915 -0.2300
2.5215 -2.1115 -0.2300
2.5315 -2.3915 -0.2000
2.5315 -2.6615 -0.1400
2.5315 -2.9015 -0.1400
2.2215 6.5485 0.7200
2.2515 2.9485 -0.1700
2.2515 2.7085 -0.1700
2.2615 2.4585 -0.2000
2.2615 2.2285 -0.2300
2.2615 2.0085 -0.2900
2.2615 1.7985 -0.3200
2.2615 1.5385 -0.3200
2.2715 1.2985 -0.3300
2.2715 1.0385 -0.3000
2.2715 0.8185 -0.3200
2.2715 0.5785 -0.3300
2.2815 0.3385 -0.3000
2.2815 0.0785 -0.3000
2.2815 -0.1615 -0.2900
2.2815 -0.4115 -0.2800
2.2815 -0.6515 -0.3000
2.2915 -0.9115 -0.2700
2.2915 -1.1715 -0.2700
2.2915 -1.3915 -0.2600
2.2915 -1.6315 -0.2400
2.3015 -1.8615 -0.2600
2.3015 -2.0915 -0.2300
2.3015 -2.3315 -0.2100
2.3015 -2.5715 -0.2000
2.3015 -2.8215 -0.1400
2.3115 -3.0715 -0.1100
1.9915 3.1585 -0.1800
2.0015 2.9485 -0.1900
2.0015 2.6785 -0.2000
2.0015 2.4685 -0.2700
2.0015 2.2485 -0.3500
2.0015 2.0185 -0.3400
2.0115 1.7785 -0.3400
2.0115 1.5085 -0.3500
2.0115 1.2685 -0.3300
2.0115 1.0285 -0.3400
2.0115 0.7585 -0.3300
2.0215 0.5085 -0.3300
2.0215 0.2885 -0.3300
2.0215 0.0585 -0.3300
2.0215 -0.1815 -0.3100
2.0315 -0.4015 -0.3100
2.0315 -0.6415 -0.3000
2.0315 -0.8915 -0.2800
2.0315 -1.1115 -0.2600
2.0315 -1.3515 -0.2600
2.0315 -1.5715 -0.2700
2.0415 -1.8015 -0.2600
2.0415 -2.0515 -0.2300
2.0415 -2.3115 -0.2300
2.0415 -2.5315 -0.2400
2.0515 -2.7715 -0.2100
2.0515 -3.0115 -0.1400
2.0515 -3.2715 -0.1100
1.7215 3.5085 -0.1800
1.7215 3.2585 -0.1800
1.7215 3.0285 -0.2000
1.7315 2.7985 -0.3000
1.7315 2.5485 -0.3500
1.7315 2.3085 -0.3400
1.7315 2.0785 -0.3500
1.7415 1.8585 -0.3500
1.7415 1.6085 -0.3500
1.7415 1.3785 -0.3500
1.7415 1.1585 -0.3400
1.7415 0.9385 -0.3200
1.7515 0.6685 -0.3200
1.7515 0.4485 -0.3400
1.7515 0.2285 -0.3400
1.7515 -0.0015 -0.3100
1.7515 -0.2615 -0.3100
1.7615 -0.5215 -0.3100
1.7615 -0.7315 -0.3000
1.7615 -0.9515 -0.2900
1.7615 -1.2015 -0.2900
1.7615 -1.4615 -0.2800
1.7715 -1.6815 -0.2700
1.7715 -1.9215 -0.2500
1.7715 -2.1615 -0.2500
1.7715 -2.3915 -0.2300
1.7815 -2.6615 -0.2300
1.7815 -2.8915 -0.2100
1.7815 -3.1415 -0.1800
1.7815 -3.4215 -0.0900
1.7815 -3.6415 -0.1800
1.5215 3.7785 -0.1800
1.5315 3.5685 -0.2100
1.5315 3.3385 -0.2200
1.5315 3.1185 -0.2600
1.5315 2.9085 -0.3500
1.5315 2.6985 -0.3400
1.5415 2.4385 -0.3700
1.5415 2.2085 -0.3700
1.5415 1.9785 -0.3600
1.5415 1.7485 -0.3500
1.5415 1.5285 -0.3600
1.5515 1.2685 -0.3600
1.5515 1.0285 -0.3400
1.5515 0.7885 -0.3500
1.5515 0.5585 -0.3300
1.5515 0.3285 -0.3200
1.5615 0.0785 -0.3200
1.5615 -0.1415 -0.3200
1.5615 -0.4015 -0.3200
1.5615 -0.6315 -0.3100
1.5715 -0.8615 -0.3000
1.5715 -1.1215 -0.2900
1.5715 -1.3715 -0.2900
1.5715 -1.6115 -0.2800
1.5715 -1.8715 -0.2600
1.5815 -2.1015 -0.2500
1.5815 -2.3515 -0.2400
1.5815 -2.5815 -0.2300
1.5815 -2.8115 -0.2400
1.5915 -3.0315 -0.2100
1.5915 -3.2915 -0.2000
1.5915 -3.5615 -0.0900
1.5915 -3.8015 -0.1400
1.3915 3.7885 -0.1900
1.3915 3.5685 -0.2200
1.4015 3.3585 -0.2400
1.4015 3.1285 -0.3200
1.4015 2.8985 -0.3800
1.4015 2.6485 -0.3800
1.4015 2.4385 -0.3900
1.4115 2.1885 -0.3700
1.4115 1.9585 -0.3600
1.4115 1.7385 -0.3800
1.4115 1.4885 -0.3700
1.4115 1.2385 -0.3700
1.4215 0.9885 -0.3300
1.4215 0.7785 -0.3500
1.4215 0.5485 -0.3600
1.4215 0.2785 -0.3400
1.4315 0.0185 -0.3300
1.4315 -0.2315 -0.3300
1.4315 -0.4515 -0.3300
1.4315 -0.7115 -0.3100
1.4315 -0.9415 -0.3000
1.4315 -1.1615 -0.2900
1.4415 -1.4015 -0.2800
1.4415 -1.6515 -0.2700
1.4415 -1.9115 -0.2700
1.4415 -2.1615 -0.2500
1.4515 -2.3915 -0.2500
1.4515 -2.6115 -0.2300
1.4515 -2.8715 -0.2200
1.4515 -3.1115 -0.2100
1.4515 -3.3415 -0.1900
1.4615 -3.5915 -0.1200
1.4615 -3.8215 -0.1200
1.1915 4.0585 -0.2200
1.1915 3.8285 -0.2300
1.2015 3.5785 -0.2500
1.2015 3.3685 -0.3200
1.2015 3.1385 -0.3700
1.2015 2.9085 -0.3700
1.2115 2.6785 -0.3800
1.2115 2.4285 -0.3900
1.2115 2.1785 -0.3800
1.2115 1.9285 -0.3800
1.2115 1.6785 -0.3800
1.2215 1.4485 -0.3900
1.2215 1.2085 -0.3900
1.2215 0.9785 -0.3600
1.2215 0.7585 -0.3500
1.2215 0.4985 -0.3500
1.2315 0.2485 -0.3500
1.2315 0.0085 -0.3500
1.2315 -0.2215 -0.3200
1.2315 -0.4815 -0.3200
1.2415 -0.7115 -0.3100
1.2415 -0.9415 -0.3100
1.2415 -1.1915 -0.3000
1.2415 -1.4215 -0.2900
1.2415 -1.6715 -0.2700
1.2415 -1.8915 -0.2600
1.2515 -2.1515 -0.2600
1.2515 -2.4015 -0.2600
1.2515 -2.6415 -0.2400
1.2515 -2.8915 -0.2300
1.2615 -3.1315 -0.2100
1.2615 -3.3915 -0.2100
1.2615 -3.6315 -0.1700
1.2615 -3.8915 -0.1000
1.2615 -4.1215 -0.1800
0.8715 4.3985 -0.2100
0.8715 4.1985 -0.2400
0.8815 3.9485 -0.2700
0.8815 3.7185 -0.3600
0.8815 3.4785 -0.4000
0.8815 3.2385 -0.4100
0.8815 3.0085 -0.4100
0.8915 2.7485 -0.4100
0.8915 2.5185 -0.4100
0.8915 2.3085 -0.4200
0.8915 2.0885 -0.4000
0.8915 1.8185 -0.3900
0.9015 1.5585 -0.4000
0.9015 1.3185 -0.3800
0.9015 1.1085 -0.3800
0.9015 0.8585 -0.3900
0.9115 0.5985 -0.3700
0.9115 0.3685 -0.3600
0.9115 0.1585 -0.3400
0.9115 -0.0715 -0.3400
0.9115 -0.3515 -0.3400
0.9215 -0.5915 -0.3600
0.9215 -0.8215 -0.3300
0.9215 -1.0615 -0.3100
0.9215 -1.3215 -0.3100
0.9215 -1.5715 -0.3000
0.9315 -1.8215 -0.2900
0.9315 -2.0515 -0.2600
0.9315 -2.3215 -0.2600
0.9315 -2.5715 -0.2600
0.9415 -2.7915 -0.2200
0.9415 -3.0115 -0.2400
0.9415 -3.2715 -0.2300
0.9415 -3.5315 -0.2200
0.9415 -3.7515 -0.1900
0.9515 -4.0115 -0.1300
0.9515 -4.2415 -0.1100
0.5515 4.7685 -0.3200
0.5515 4.4985 -0.2500
0.5515 4.2785 -0.2900
0.5515 4.0685 -0.3800
0.5515 3.8485 -0.4100
0.5615 3.6085 -0.4200
0.5615 3.3485 -0.4100
0.5615 3.0985 -0.4200
0.5615 2.8685 -0.4100
0.5615 2.6585 -0.4200
0.5715 2.4085 -0.4200
0.5715 2.1685 -0.4200
0.5715 1.9385 -0.4200
0.5715 1.6785 -0.3900
0.5815 1.4485 -0.4200
0.5815 1.2085 -0.4100
0.5815 0.9485 -0.4000
0.5815 0.7185 -0.3900
0.5815 0.4685 -0.3800
0.5915 0.2185 -0.3600
0.5915 -0.0315 -0.3400
0.5915 -0.2615 -0.3400
0.5915 -0.5015 -0.3500
0.6015 -0.7615 -0.3400
0.6015 -0.9915 -0.3300
0.6015 -1.2015 -0.3300
0.6015 -1.4715 -0.3200
0.6015 -1.7315 -0.3000
0.6115 -1.9615 -0.2800
0.6115 -2.1915 -0.2700
0.6115 -2.4215 -0.2800
0.6115 -2.6915 -0.2700
0.6115 -2.9215 -0.2600
0.6215 -3.1615 -0.2500
0.6215 -3.4215 -0.2200
0.6215 -3.6815 -0.2300
0.6215 -3.9315 -0.2100
0.6315 -4.1715 -0.1500
0.6315 -4.4415 -0.1300
0.2915 5.0785 -0.6200
0.3015 4.7985 -0.4300
0.3015 4.5485 -0.3600
0.3015 4.3185 -0.3900
0.3015 4.0785 -0.4300
0.3115 3.8685 -0.4400
0.3115 3.6285 -0.4200
0.3115 3.3785 -0.4200
0.3115 3.1485 -0.4400
0.3115 2.8985 -0.4200
0.3215 2.6485 -0.4200
0.3215 2.4185 -0.4400
0.3215 2.1685 -0.4300
0.3215 1.9185 -0.4200
0.3215 1.6785 -0.4100
0.3315 1.4385 -0.3900
0.3315 1.1785 -0.4000
0.3315 0.9285 -0.3800
0.3315 0.7185 -0.4000
0.3415 0.4785 -0.3800
0.3415 0.2185 -0.3700
0.3415 -0.0315 -0.3700
0.3415 -0.2415 -0.3600
0.3415 -0.5015 -0.3500
0.3515 -0.7415 -0.3500
0.3515 -0.9815 -0.3500
0.3515 -1.1915 -0.3200
0.3515 -1.4615 -0.3200
0.3515 -1.7215 -0.3100
0.3615 -1.9615 -0.3000
0.3615 -2.1915 -0.2900
0.3615 -2.4615 -0.2700
0.3615 -2.7315 -0.2800
0.3715 -2.9515 -0.2500
0.3715 -3.1815 -0.2500
0.3715 -3.4015 -0.2400
0.3715 -3.6415 -0.2300
0.3715 -3.8815 -0.2200
0.3815 -4.1315 -0.2300
0.3815 -4.3515 -0.1800
0.3815 -4.6015 -0.1100
0.3815 -4.8415 -0.1000
0.0715 5.0585 -0.4800
0.0715 4.7685 -0.4600
0.0815 4.5185 -0.4300
0.0815 4.2985 -0.4400
0.0815 4.0585 -0.4200
0.0815 3.7885 -0.4300
0.0815 3.5385 -0.4400
0.0915 3.3085 -0.4500
0.0915 3.0785 -0.4300
0.0915 2.8085 -0.4500
0.0915 2.5785 -0.4300
0.1015 2.3485 -0.4200
0.1015 2.1085 -0.4300
0.1015 1.8485 -0.4400
0.1015 1.6185 -0.4200
0.1015 1.3685 -0.4200
0.1115 1.1385 -0.4000
0.1115 0.9085 -0.3900
0.1115 0.6585 -0.4000
0.1115 0.4085 -0.3900
0.1115 0.1585 -0.3700
0.1215 -0.1015 -0.3800
0.1215 -0.3515 -0.3600
0.1215 -0.5915 -0.3700
0.1215 -0.8315 -0.3400
0.1215 -1.0815 -0.3300
0.1315 -1.3015 -0.3400
0.1315 -1.5515 -0.3200
0.1315 -1.7715 -0.3100
0.1315 -1.9915 -0.3100
0.1415 -2.2615 -0.2800
0.1415 -2.4915 -0.2900
0.1415 -2.7115 -0.2600
0.1415 -2.9315 -0.2500
0.1415 -3.1715 -0.2600
0.1515 -3.4315 -0.2500
0.1515 -3.6715 -0.2400
0.1515 -3.9115 -0.2400
0.1515 -4.1415 -0.2300
0.1515 -4.3915 -0.2100
0.1615 -4.6315 -0.1700
0.1615 -4.8715 -0.1000
0.1615 -5.1115 -0.1500
-0.1885 5.0385 -0.4500
-0.1885 4.8085 -0.5000
-0.1885 4.5485 -0.4500
-0.1785 4.3085 -0.4500
-0.1785 4.0785 -0.4500
-0.1785 3.8485 -0.4500
-0.1785 3.5885 -0.4400
-0.1785 3.3485 -0.4400
-0.1685 3.1385 -0.4300
-0.1685 2.8685 -0.4500
-0.1685 2.6385 -0.4500
-0.1685 2.3885 -0.4400
-0.1685 2.1885 -0.4400
-0.1585 1.9185 -0.4400
-0.1585 1.6485 -0.4300
-0.1585 1.4085 -0.4100
-0.1585 1.1885 -0.4200
-0.1485 0.9085 -0.4000
-0.1485 0.6485 -0.4100
-0.1485 0.4385 -0.4000
-0.1485 0.2085 -0.3800
-0.1485 -0.0315 -0.3700
-0.1385 -0.2715 -0.3800
-0.1385 -0.4915 -0.3800
-0.1385 -0.7315 -0.3400
-0.1385 -0.9615 -0.3600
-0.1285 -1.2115 -0.3500
-0.1285 -1.4415 -0.3100
-0.1285 -1.6615 -0.3200
-0.1285 -1.9115 -0.3100
-0.1285 -2.1715 -0.3100
-0.1185 -2.4015 -0.3000
-0.1185 -2.6415 -0.2800
-0.1185 -2.8515 -0.2900
-0.1185 -3.1115 -0.2600
-0.1185 -3.3515 -0.2600
-0.1085 -3.6015 -0.2600
-0.1085 -3.8115 -0.2400
-0.1085 -4.0415 -0.2300
-0.1085 -4.3115 -0.2300
-0.1085 -4.5615 -0.2100
-0.0985 -4.8115 -0.1400
-0.0985 -5.0815 -0.1000
-0.0985 -5.3115 -0.1400
-0.4385 4.8885 -0.5300
-0.4385 4.6185 -0.4600
-0.4385 4.3885 -0.4700
-0.4385 4.1385 -0.4500
-0.4285 3.9085 -0.4400
-0.4285 3.6585 -0.4400
-0.4285 3.3985 -0.4500
-0.4285 3.1485 -0.4400
-0.4285 2.9085 -0.4500
-0.4185 2.6485 -0.4400
-0.4185 2.4085 -0.4500
-0.4185 2.1685 -0.4500
-0.4185 1.9485 -0.4500
-0.4085 1.7285 -0.4300
-0.4085 1.4785 -0.4200
-0.4085 1.2485 -0.4200
-0.4085 1.0085 -0.4400
-0.4085 0.7885 -0.4100
-0.3985 0.5485 -0.4000
-0.3985 0.3185 -0.4100
-0.3985 0.0785 -0.3900
-0.3985 -0.1615 -0.3900
-0.3985 -0.4115 -0.3800
-0.3885 -0.6415 -0.3700
-0.3885 -0.8815 -0.3600
-0.3885 -1.0815 -0.3600
-0.3885 -1.3515 -0.3600
-0.3785 -1.5815 -0.3400
-0.3785 -1.8415 -0.3300
-0.3785 -2.0715 -0.3200
-0.3785 -2.3015 -0.2900
-0.3785 -2.5515 -0.2900
-0.3685 -2.8015 -0.2900
-0.3685 -3.0515 -0.2900
-0.3685 -3.3015 -0.2600
-0.3685 -3.5315 -0.2500
-0.3685 -3.7815 -0.2500
-0.3585 -4.0115 -0.2300
-0.3585 -4.2515 -0.2300
-0.3585 -4.4715 -0.2200
-0.3585 -4.7215 -0.2100
-0.3585 -4.9915 -0.1600
-0.3485 -5.2515 -0.1000
-0.3485 -5.4715 -0.1100
-0.6785 4.5985 -0.4800
-0.6785 4.3485 -0.5100
-0.6785 4.0885 -0.4700
-0.6685 3.8685 -0.4600
-0.6685 3.6485 -0.4500
-0.6685 3.4085 -0.4600
-0.6685 3.1785 -0.4500
-0.6685 2.9485 -0.4500
-0.6585 2.7185 -0.4500
-0.6585 2.4885 -0.4600
-0.6585 2.2385 -0.4600
-0.6585 2.0185 -0.4600
-0.6585 1.7985 -0.4500
-0.6485 1.5485 -0.4500
-0.6485 1.2885 -0.4300
-0.6485 1.0485 -0.4300
-0.6485 0.8485 -0.4300
-0.6385 0.5985 -0.4000
-0.6385 0.3385 -0.4200
-0.6385 0.1285 -0.4000
-0.6385 -0.1415 -0.3900
-0.6385 -0.3615 -0.3900
-0.6285 -0.5915 -0.3800
-0.6285 -0.8515 -0.3700
-0.6285 -1.0915 -0.3600
-0.6285 -1.3515 -0.3500
-0.6285 -1.6015 -0.3500
-0.6185 -1.8415 -0.3500
-0.6185 -2.0815 -0.3300
-0.6185 -2.3115 -0.3100
-0.6185 -2.5415 -0.3200
-0.6085 -2.7815 -0.3100
-0.6085 -3.0415 -0.2900
-0.6085 -3.2715 -0.2900
-0.6085 -3.5315 -0.2600
-0.6085 -3.7715 -0.2600
-0.5985 -4.0015 -0.2500
-0.5985 -4.2315 -0.2300
-0.5985 -4.4715 -0.2300
-0.5985 -4.7115 -0.2100
-0.5985 -4.9815 -0.1300
-0.5885 -5.2015 -0.1200
-0.9285 4.2285 -0.5000
-0.9285 3.9885 -0.4800
-0.9285 3.7485 -0.4500
-0.9285 3.5185 -0.4500
-0.9185 3.2985 -0.4500
-0.9185 3.0385 -0.4300
-0.9185 2.7885 -0.4500
-0.9185 2.5585 -0.4500
-0.9085 2.3385 -0.4400
-0.9085 2.1085 -0.4700
-0.9085 1.8585 -0.4400
-0.9085 1.6185 -0.4600
-0.9085 1.3685 -0.4400
-0.8985 1.1585 -0.4300
-0.8985 0.9385 -0.4300
-0.8985 0.6585 -0.4200
-0.8985 0.3985 -0.4100
-0.8985 0.1785 -0.4000
-0.8885 -0.0715 -0.4000
-0.8885 -0.3315 -0.3900
-0.8885 -0.5715 -0.3900
-0.8885 -0.7915 -0.3800
-0.8785 -1.0215 -0.3600
-0.8785 -1.2615 -0.3800
-0.8785 -1.5215 -0.3500
-0.8785 -1.7715 -0.3300
-0.8785 -2.0215 -0.3200
-0.8685 -2.2615 -0.3300
-0.8685 -2.4815 -0.3200
-0.8685 -2.7315 -0.3000
-0.8685 -2.9615 -0.3000
-0.8685 -3.1915 -0.2900
-0.8585 -3.4515 -0.2700
-0.8585 -3.6815 -0.2600
-0.8585 -3.9215 -0.2400
-0.8585 -4.1815 -0.2400
-0.8585 -4.4215 -0.2200
-0.8485 -4.6815 -0.1400
-0.8485 -4.9315 -0.1200
-0.8485 -5.1415 -0.2600
-1.1785 4.1085 -0.4900
-1.1785 3.8685 -0.5000
-1.1785 3.5985 -0.4700
-1.1785 3.3785 -0.4500
-1.1785 3.1385 -0.4700
-1.1685 2.8985 -0.4500
-1.1685 2.6585 -0.4700
-1.1685 2.4285 -0.4600
-1.1685 2.1785 -0.4600
-1.1685 1.9485 -0.4700
-1.1585 1.6685 -0.4500
-1.1585 1.4385 -0.4600
-1.1585 1.1985 -0.4400
-1.1585 0.9785 -0.4300
-1.1485 0.7385 -0.4500
-1.1485 0.4985 -0.4400
-1.1485 0.2685 -0.4300
-1.1485 0.0085 -0.4000
-1.1485 -0.2515 -0.4200
-1.1385 -0.4815 -0.4100
-1.1385 -0.7015 -0.4000
-1.1385 -0.9615 -0.3800
-1.1385 -1.2015 -0.3800
-1.1285 -1.4315 -0.3700
-1.1285 -1.6715 -0.3700
-1.1285 -1.9015 -0.3300
-1.1285 -2.1615 -0.3600
-1.1285 -2.4215 -0.3300
-1.1185 -2.6515 -0.3100
-1.1185 -2.8915 -0.3100
-1.1185 -3.1415 -0.3000
-1.1185 -3.4015 -0.2900
-1.1185 -3.6315 -0.2700
-1.1085 -3.8815 -0.2600
-1.1085 -4.1215 -0.2400
-1.1085 -4.3915 -0.1600
-1.1085 -4.6215 -0.1500
-1.3685 4.0485 -0.5100
-1.3685 3.8185 -0.5300
-1.3685 3.5485 -0.4700
-1.3585 3.2885 -0.4600
-1.3585 3.0585 -0.4600
-1.3585 2.8185 -0.4600
-1.3585 2.5885 -0.4500
-1.3585 2.3485 -0.4500
-1.3485 2.1385 -0.4700
-1.3485 1.8785 -0.4500
-1.3485 1.6385 -0.4500
-1.3485 1.3785 -0.4500
-1.3385 1.1485 -0.4300
-1.3385 0.9185 -0.4400
-1.3385 0.6685 -0.4300
-1.3385 0.4385 -0.4300
-1.3385 0.2085 -0.4300
-1.3285 -0.0415 -0.4100
-1.3285 -0.2615 -0.4100
-1.3285 -0.5215 -0.4000
-1.3285 -0.7715 -0.3900
-1.3285 -1.0015 -0.3900
-1.3185 -1.2515 -0.3900
-1.3185 -1.5015 -0.3500
-1.3185 -1.7615 -0.3500
-1.3185 -1.9915 -0.3600
-1.3085 -2.2215 -0.3400
-1.3085 -2.4915 -0.3300
-1.3085 -2.7315 -0.3100
-1.3085 -2.9515 -0.3100
-1.3085 -3.2115 -0.3000
-1.2985 -3.4515 -0.2900
-1.2985 -3.7015 -0.2600
-1.2985 -3.9515 -0.2400
-1.2985 -4.1915 -0.1500
-1.2985 -4.4415 -0.1400
-1.5085 3.6985 -0.5000
-1.5085 3.4385 -0.4600
-1.4985 3.1785 -0.4700
-1.4985 2.9585 -0.4800
-1.4985 2.7385 -0.4600
-1.4985 2.4885 -0.4500
-1.4985 2.2485 -0.4700
-1.4885 2.0285 -0.4700
-1.4885 1.7785 -0.4600
-1.4885 1.5585 -0.4500
-1.4885 1.2885 -0.4400
-1.4885 1.0385 -0.4400
-1.4785 0.8185 -0.4300
-1.4785 0.5685 -0.4400
-1.4785 0.2985 -0.4200
-1.4785 0.0585 -0.4300
-1.4785 -0.1815 -0.4100
-1.4685 -0.4215 -0.3900
-1.4685 -0.6815 -0.3900
-1.4685 -0.9115 -0.3800
-1.4685 -1.1415 -0.3800
-1.4585 -1.3915 -0.3800
-1.4585 -1.6315 -0.3700
-1.4585 -1.8715 -0.3700
-1.4585 -2.1115 -0.3400
-1.4585 -2.3415 -0.3500
-1.4485 -2.6015 -0.3300
-1.4485 -2.8415 -0.3000
-1.4485 -3.0915 -0.2900
-1.4485 -3.3115 -0.2800
-1.4485 -3.5815 -0.2700
-1.4385 -3.8515 -0.2200
-1.4385 -4.1015 -0.1600
-1.4385 -4.3515 -0.2000
-1.7185 3.7385 -0.5300
-1.7185 3.5185 -0.5000
-1.7085 3.2785 -0.4900
-1.7085 3.0385 -0.4700
-1.7085 2.7685 -0.4600
-1.7085 2.5285 -0.4700
-1.6985 2.3085 -0.4500
-1.6985 2.0585 -0.4700
-1.6985 1.7985 -0.4700
-1.6985 1.5485 -0.4600
-1.6985 1.3185 -0.4600
-1.6885 1.0785 -0.4500
-1.6885 0.8385 -0.4300
-1.6885 0.5885 -0.4500
-1.6885 0.3685 -0.4400
-1.6885 0.1085 -0.4100
-1.6785 -0.1315 -0.4200
-1.6785 -0.3715 -0.4100
-1.6785 -0.6215 -0.4100
-1.6785 -0.8415 -0.4000
-1.6785 -1.0715 -0.3900
-1.6685 -1.3115 -0.3900
-1.6685 -1.5915 -0.3700
-1.6685 -1.8315 -0.3600
-1.6685 -2.0815 -0.3600
-1.6585 -2.3315 -0.3500
-1.6585 -2.5915 -0.3400
-1.6585 -2.8315 -0.3200
-1.6585 -3.0715 -0.3100
-1.6585 -3.2915 -0.2900
-1.6485 -3.5515 -0.2500
-1.6485 -3.7815 -0.1900
-1.6485 -4.0115 -0.2000
-2.0385 3.2785 -0.5000
-2.0285 3.0485 -0.4900
-2.0285 2.7885 -0.4800
-2.0285 2.5185 -0.4500
-2.0285 2.2985 -0.4600
-2.0185 2.0885 -0.4600
-2.0185 1.8385 -0.4600
-2.0185 1.5585 -0.4500
-2.0185 1.3485 -0.4800
-2.0185 1.1285 -0.4600
-2.0085 0.8885 -0.4300
-2.0085 0.5985 -0.4400
-2.0085 0.3885 -0.4500
-2.0085 0.1585 -0.4300
-2.0085 -0.1115 -0.4200
-1.9985 -0.3715 -0.4300
-1.9985 -0.6215 -0.4200
-1.9985 -0.8515 -0.4100
-1.9985 -1.1115 -0.4200
-1.9885 -1.3615 -0.3900
-1.9885 -1.5915 -0.3900
-1.9885 -1.8015 -0.3700
-1.9885 -2.0415 -0.3400
-1.9885 -2.2715 -0.3600
-1.9785 -2.5415 -0.3300
-1.9785 -2.7615 -0.3200
-1.9785 -2.9715 -0.3000
-1.9785 -3.2315 -0.2600
-1.9785 -3.4815 -0.1800
-1.9685 -3.7215 -0.2000
-2.3385 3.2085 -0.5300
-2.3385 2.9685 -0.5000
-2.3385 2.7085 -0.4800
-2.3385 2.4885 -0.4600
-2.3385 2.2385 -0.4600
-2.3285 1.9985 -0.4800
-2.3285 1.7485 -0.4700
-2.3285 1.4985 -0.4800
-2.3285 1.2385 -0.4800
-2.3185 0.9985 -0.4600
-2.3185 0.7485 -0.4600
-2.3185 0.5085 -0.4600
-2.3185 0.2685 -0.4400
-2.3185 0.0385 -0.4300
-2.3085 -0.1615 -0.4400
-2.3085 -0.4215 -0.4200
-2.3085 -0.6515 -0.4200
-2.3085 -0.9015 -0.4100
-2.3085 -1.1015 -0.4100
-2.2985 -1.3615 -0.4000
-2.2985 -1.5915 -0.3900
-2.2985 -1.8115 -0.3900
-2.2985 -2.0715 -0.3700
-2.2985 -2.3315 -0.3400
-2.2885 -2.5515 -0.3400
-2.2885 -2.8015 -0.3000
-2.2885 -3.0315 -0.2100
-2.2885 -3.2915 -0.2000
-2.5585 2.7685 -0.5200
-2.5585 2.5085 -0.4800
-2.5585 2.2785 -0.4700
-2.5585 2.0485 -0.4700
-2.5485 1.8285 -0.4800
-2.5485 1.5885 -0.4700
-2.5485 1.3585 -0.4600
-2.5485 1.1085 -0.4700
-2.5485 0.8985 -0.4600
-2.5385 0.6685 -0.4500
-2.5385 0.4385 -0.4600
-2.5385 0.1885 -0.4600
-2.5385 -0.0515 -0.4400
-2.5385 -0.3015 -0.4300
-2.5285 -0.5315 -0.4400
-2.5285 -0.7715 -0.4300
-2.5285 -1.0015 -0.4100
-2.5285 -1.2615 -0.4100
-2.5285 -1.4715 -0.4000
-2.5185 -1.7315 -0.3800
-2.5185 -1.9715 -0.3700
-2.5185 -2.2115 -0.3600
-2.5185 -2.4515 -0.3300
-2.5085 -2.7415 -0.2200
-2.5085 -3.0015 -0.1800
-2.7585 2.5985 -0.5100
-2.7585 2.3585 -0.4900
-2.7585 2.1285 -0.4800
-2.7585 1.9085 -0.4800
-2.7585 1.6685 -0.4600
-2.7485 1.4185 -0.4600
-2.7485 1.1785 -0.4800
-2.7485 0.9585 -0.4800
-2.7485 0.7085 -0.4500
-2.7485 0.4785 -0.4700
-2.7385 0.2385 -0.4500
-2.7385 -0.0015 -0.4600
-2.7385 -0.2515 -0.4500
-2.7385 -0.4815 -0.4300
-2.7285 -0.7015 -0.4200
-2.7285 -0.9515 -0.4100
-2.7285 -1.2115 -0.4100
-2.7285 -1.4715 -0.3900
-2.7285 -1.7115 -0.3800
-2.7185 -1.9415 -0.3600
-2.7185 -2.1915 -0.3200
-2.7185 -2.4615 -0.2400
-2.7185 -2.6815 -0.2200
-2.7185 -2.8715 -0.3500
-3.0085 2.5085 -0.5100
-3.0085 2.2885 -0.5400
-3.0085 2.0585 -0.5100
-2.9985 1.7885 -0.4700
-2.9985 1.5485 -0.4700
-2.9985 1.3285 -0.4800
-2.9985 1.0985 -0.4600
-2.9985 0.8585 -0.4700
-2.9885 0.5985 -0.4600
-2.9885 0.3585 -0.4500
-2.9885 0.1085 -0.4300
-2.9885 -0.1415 -0.4500
-2.9785 -0.3915 -0.4300
-2.9785 -0.6315 -0.4400
-2.9785 -0.8515 -0.4200
-2.9785 -1.0915 -0.4200
-2.9785 -1.3215 -0.4100
-2.9685 -1.5715 -0.3900
-2.9685 -1.8215 -0.3700
-2.9685 -2.0915 -0.3000
-2.9685 -2.3415 -0.2100
-2.9685 -2.5615 -0.2600
-3.2585 2.3385 -0.5400
-3.2585 2.0785 -0.5100
-3.2585 1.8285 -0.4800
-3.2485 1.6085 -0.4900
-3.2485 1.3485 -0.4800
-3.2485 1.1285 -0.4800
-3.2485 0.8885 -0.4800
-3.2485 0.6685 -0.4800
-3.2385 0.4085 -0.4600
-3.2385 0.1485 -0.4600
-3.2385 -0.0915 -0.4500
-3.2385 -0.3215 -0.4400
-3.2285 -0.5615 -0.4300
-3.2285 -0.8015 -0.4200
-3.2285 -1.0215 -0.4100
-3.2285 -1.2615 -0.4100
-3.2285 -1.5215 -0.4000
-3.2185 -1.7615 -0.3500
-3.2185 -2.0415 -0.2300
-3.2185 -2.2915 -0.2700
-3.4885 2.0185 -0.5300
-3.4885 1.7785 -0.4900
-3.4785 1.5185 -0.4900
-3.4785 1.2885 -0.5000
-3.4785 1.0485 -0.4800
-3.4785 0.8185 -0.4800
-3.4785 0.5885 -0.4800
-3.4685 0.3485 -0.4700
-3.4685 0.0885 -0.4600
-3.4685 -0.1215 -0.4500
-3.4685 -0.3815 -0.4500
-3.4685 -0.6415 -0.4500
-3.4585 -0.8715 -0.4300
-3.4585 -1.1215 -0.4200
-3.4585 -1.3815 -0.3600
-3.4585 -1.6715 -0.2400
-3.4485 -1.9015 -0.2500
-3.7085 1.7685 -0.5100
-3.7085 1.5485 -0.4900
-3.7085 1.2985 -0.4700
-3.7085 1.0585 -0.4800
-3.6985 0.8285 -0.4700
-3.6985 0.5585 -0.4800
-3.6985 0.3185 -0.4900
-3.6985 0.0785 -0.4600
-3.6985 -0.1615 -0.4600
-3.6885 -0.4115 -0.4600
-3.6885 -0.6615 -0.4300
-3.6885 -0.8915 -0.4400
-3.6885 -1.1315 -0.4000
-3.6785 -1.4215 -0.2700
-3.6785 -1.6715 -0.2600
-3.9385 1.5185 -0.5200
-3.9385 1.2885 -0.5000
-3.9385 1.0085 -0.4700
-3.9385 0.7785 -0.4800
-3.9385 0.5585 -0.4800
-3.9285 0.3185 -0.4800
-3.9285 0.0585 -0.4700
-3.9285 -0.1815 -0.4700
-3.9285 -0.4315 -0.4600
-3.9285 -0.6515 -0.4200
-3.9185 -0.9215 -0.3700
-3.9185 -1.1815 -0.2800
-3.9185 -1.4315 -0.2800
-4.1285 1.4785 -0.5300
-4.1285 1.2185 -0.4900
-4.1185 1.0085 -0.4700
-4.1185 0.7485 -0.4700
-4.1185 0.5185 -0.4700
-4.1185 0.2785 -0.4900
-4.1085 0.0085 -0.4900
-4.1085 -0.2415 -0.4600
-4.1085 -0.4915 -0.4500
-4.1085 -0.7615 -0.3700
-4.1085 -1.0415 -0.2700
-4.0985 -1.2515 -0.3000
-4.2685 1.3885 -0.5500
-4.2685 1.1385 -0.5100
-4.2685 0.8785 -0.4900
-4.2685 0.6385 -0.4800
-4.2585 0.3985 -0.4600
-4.2585 0.1685 -0.4700
-4.2585 -0.0615 -0.4700
-4.2585 -0.2915 -0.4400
-4.2585 -0.5415 -0.4000
-4.2485 -0.8315 -0.2700
-4.2485 -1.0415 -0.3100
-4.4785 1.3385 -0.5900
-4.4785 1.0785 -0.5300
-4.4785 0.8385 -0.4800
-4.4785 0.6085 -0.4900
-4.4685 0.3785 -0.4700
-4.4685 0.1585 -0.4900
-4.4685 -0.0815 -0.4500
-4.4685 -0.3815 -0.3600
-4.4585 -0.6215 -0.2700
-4.4585 -0.8315 -0.3400
-4.4185 -6.1415 0.8300
-4.4185 -6.3315 0.6800
-4.4085 -6.5415 0.5800
-4.7885 0.6185 -0.5200
-4.7885 0.3685 -0.4800
-4.7885 0.1385 -0.4600
-4.7885 -0.1615 -0.3100
-4.7785 -0.4015 -0.3000
-4.7385 -5.7815 1.2300
-4.7385 -5.9815 1.0500
-4.7285 -6.1615 0.9200
-4.7285 -6.4015 0.8000
-4.7285 -6.6215 0.6400
-4.7285 -6.8415 0.5500
-4.7285 -6.1815 -2.1200
-5.0885 0.4485 -0.5200
-5.0885 0.1885 -0.4900
-5.0385 -5.3815 1.6700
-5.0385 -5.5815 1.5200
-5.0385 -5.7815 1.3600
-5.0385 -5.9815 1.1800
-5.0385 -6.1915 1.0300
-5.0285 -6.3915 0.9500
-5.0285 -6.5915 0.8100
-5.0285 -6.8215 0.7200
-5.0285 -7.0415 0.6100
-5.0285 -6.3815 -2.0700
-5.3085 0.3585 -0.5400
-5.2585 -5.2915 1.9300
-5.2585 -5.4915 1.7300
-5.2585 -5.6815 1.5700
-5.2485 -5.8615 1.3900
-5.2485 -6.0715 1.2700
-5.2485 -6.2915 1.1200
-5.2485 -6.4815 0.9700
-5.2485 -6.6815 0.8700
-5.2485 -6.9115 0.7400
-5.2385 -7.1515 0.6700
-5.2485 -6.5015 -1.9800
-5.2385 -7.3615 0.5200
-5.2485 -6.7015 -2.1800
-5.4585 -4.9915 2.2500
-5.4585 -5.1815 2.0900
-5.4585 -5.3715 1.9500
-5.4485 -5.5815 1.7700
-5.4485 -5.8015 1.6100
-5.4485 -6.0015 1.4400
-5.4485 -6.2115 1.2600
-5.4485 -6.4215 1.1400
-5.4485 -6.6315 1.0300
-5.4385 -6.8215 0.8900
-5.4385 -7.0315 0.8000
-5.4385 -7.2215 0.7000
-5.4385 -6.7615 -2.0700
-5.7085 -4.7015 2.6000
-5.7085 -4.9415 2.4500
-5.7085 -5.1515 2.2700
-5.7085 -5.3415 2.1400
-5.6985 -5.5115 1.9900
-5.6985 -5.7115 1.8500
-5.6985 -5.9215 1.7200
-5.6985 -6.1015 1.5200
-5.6985 -6.3115 1.4000
-5.6985 -6.4915 1.2000
-5.6885 -6.7015 1.1100
-5.6885 -6.9015 1.0000
-5.6885 -7.0915 0.8500
-5.6885 -7.3115 0.7700
-5.6885 -7.0515 -2.2600
-5.9585 -4.4115 3.0700
-5.9585 -4.5915 2.8800
-5.9585 -4.7815 2.7400
-5.9585 -4.9915 2.5800
-5.9585 -5.1715 2.4100
-5.9485 -5.3715 2.3000
-5.9485 -5.5715 2.1700
-5.9485 -5.7415 1.9900
-5.9485 -5.9315 1.8000
-5.9485 -6.1615 1.6600
-5.9485 -6.3415 1.4900
-5.9385 -6.5415 1.3600
-5.9385 -6.7115 1.2000
-5.9385 -6.9515 1.1000
-5.9385 -7.1415 0.9600
-5.9385 -7.3615 0.8400
-5.9385 -7.1115 -2.0200
-5.9385 -7.2715 -2.4200
-6.1785 -4.1415 3.1700
-6.1785 -4.3915 3.1900
-6.1785 -4.6015 3.0300
-6.1685 -4.8115 2.8700
-6.1685 -5.0115 2.7400
-6.1685 -5.1815 2.5800
-6.1685 -5.3715 2.4200
-6.1685 -5.5815 2.2100
-6.1585 -5.7915 2.1000
-6.1585 -5.9815 1.9400
-6.1585 -6.1615 1.7800
-6.1585 -6.3515 1.6200
-6.1585 -6.5715 1.4700
-6.1585 -6.7715 1.3000
-6.1485 -6.9815 1.1600
-6.1485 -7.2115 1.0500
-6.1485 -7.3415 -2.1800
-6.3885 -3.8415 2.8500
-6.3885 -4.3915 3.0900
-6.3785 -4.6515 3.1600
-6.3785 -4.8315 3.0000
-6.3785 -5.0215 2.8400
-6.3785 -5.2415 2.6700
-6.3785 -5.4315 2.4900
-6.3685 -5.6615 2.3800
-6.3685 -5.8315 2.1900
-6.3685 -6.0515 2.0500
-6.3685 -6.2415 1.8500
-6.3685 -6.4415 1.7300
-6.3685 -6.6215 1.5700
-6.3585 -6.8115 1.4200
-6.3585 -7.0415 1.2900
-6.3585 -7.2415 1.1300
-6.6185 -3.7915 2.6100
-6.6185 -4.0915 2.7700
-6.6085 -4.4115 3.0200
-6.6085 -4.6715 3.1800
-6.6085 -4.9015 3.1200
-6.6085 -5.0915 2.9500
-6.6085 -5.2915 2.7900
-6.5985 -5.4715 2.6300
-6.5985 -5.6715 2.4700
-6.5985 -5.8815 2.3100
-6.5985 -6.0915 2.1600
-6.5985 -6.2815 1.9600
-6.5985 -6.4615 1.8500
-6.5885 -6.6515 1.6700
-6.5885 -6.8815 1.5500
-6.5885 -7.0715 1.3800
-6.5885 -7.2615 1.2200
-6.8185 -3.4215 2.0800
-6.8185 -3.7315 2.4100
-6.8085 -4.0315 2.6100
-6.8085 -4.3315 2.8400
-6.8085 -4.6415 3.0600
-6.7985 -4.9115 3.2000
-6.7985 -5.1015 3.0800
-6.7985 -5.2915 2.9100
-6.7985 -5.5015 2.7600
-6.7985 -5.6815 2.6000
-6.7985 -5.8815 2.4200
-6.7885 -6.0815 2.3000
-6.7885 -6.2815 2.1000
-6.7885 -6.4915 1.9600
-6.7885 -6.6715 1.8100
-6.7885 -6.8915 1.6500
-6.7785 -7.1115 1.5100
-6.7785 -7.3015 1.3100
-6.9885 -3.3015 2.0600
-6.9785 -3.5615 2.1400
-6.9785 -3.8315 2.3400
-6.9785 -4.1415 2.5800
-6.9785 -4.3915 2.7600
-6.9685 -4.7215 3.0400
-6.9685 -5.0115 3.1800
-6.9685 -5.2315 3.1100
-6.9685 -5.4215 2.9400
-6.9685 -5.6315 2.7600
-6.9585 -5.8315 2.5500
-6.9585 -6.0015 2.4500
-6.9585 -6.2215 2.2700
-6.9585 -6.4315 2.1200
-6.9585 -6.6315 1.9500
-6.9585 -6.8215 1.8200
-6.9485 -7.0215 1.6400
-6.9485 -7.2415 1.5200
-7.2185 -2.9815 1.5400
-7.2185 -3.2715 1.7100
-7.2085 -3.5515 1.9900
-7.2085 -3.8515 2.1900
-7.2085 -4.1615 2.3800
-7.2085 -4.4615 2.5800
-7.1985 -4.7515 2.8600
-7.1985 -5.0515 3.1100
-7.1985 -5.3215 3.1400
-7.1985 -5.5115 3.0200
-7.1985 -5.7015 2.8700
-7.1885 -5.9115 2.7100
-7.1885 -6.1215 2.5400
-7.1885 -6.3115 2.3900
-7.1885 -6.5115 2.2200
-7.1885 -6.6915 2.0600
-7.1785 -6.9115 1.9100
-7.1785 -7.1015 1.7400
-7.1785 -7.3115 1.6100
3 2988 2563 2573
3 2563 3012 2553
3 3012 2563 2988
3 2150 4164 4153
3 1257 4200 2142
3 2135 2989 2906
3 3162 3130 2658
3 3551 2430 3288
3 1238 529 4364
3 2150 322 4163
3 322 2150 4153
3 2167 2174 4163
3 2174 3976 4163
3 1397 4200 1257
3 638 3012 2988
3 610 2685 2946
3 2701 610 2946
3 610 2701 2925
3 3130 2624 2658
3 4257 1278 1377
3 4362 528 529
3 528 4362 1239
3 4346 1258 1257
3 2174 4075 3976
3 65 124 342
3 2142 363 4163
3 638 2659 3012
3 2659 638 2982
3 2636 2647 3035
3 2626 3086 2616
3 610 2923 2922
3 2923 610 2925
3 2685 2965 2988
3 2615 2701 2946
3 2841 2863 2947
3 562 2763 2856
3 562 2841 2763
3 562 2863 2841
3 2430 3263 3288
3 2970 2971 2684
3 2700 2970 2684
3 2970 2700 2658
3 615 2695 2952
3 820 2542 3290
3 3264 2542 820
3 3162 2589 3130
3 3551 2411 2430
3 3343 2520 2594
3 1238 4363 529
3 4363 4362 529
3 4274 452 4258
3 526 1238 4364
3 4345 526 4364
3 525 1261 4342
3 3976 3680 4163
3 3843 3680 3976
3 3680 3636 3288
3 4075 244 3976
3 1396 202 369
3 369 202 1363
3 308 1329 1363
3 1689 1663 1425
3 353 1408 1257
3 1408 1397 1257
3 1397 367 4200
3 2797 2793 2798
3 2797 2796 2793
3 2796 2797 2808
3 539 2822 2791
3 2790 2803 2802
3 530 2803 2790
3 2803 2804 2802
3 2804 2803 530
3 2801 2804 531
3 2801 2798 2802
3 2804 2801 2802
3 2797 534 2808
3 669 3061 2626
3 669 2626 2553
3 669 2636 3035
3 3061 669 3035
3 3012 669 2553
3 2636 669 3012
3 2563 3205 2573
3 779 3205 2563
3 3205 3206 2573
3 3237 779 2563
3 779 3237 3238
3 3236 2563 2553
3 3236 3237 2563
3 3264 3265 2553
3 3265 3264 820
3 2701 2926 2925
3 2926 2717 2925
3 2926 2701 2906
3 2717 2926 2906
3 2615 3064 2701
3 2701 3064 2906
3 3205 780 3206
3 3239 2561 3238
3 2561 780 3238
3 780 2561 3206
3 639 2990 2989
3 2819 2778 2840
3 2819 2841 2947
3 2717 2905 2925
3 2905 2923 2925
3 776 3235 3234
3 3074 2624 2623
3 2635 3074 2623
3 2996 2970 2658
3 2974 630 2667
3 2606 2605 3108
3 2605 2606 2594
3 3113 702 2605
3 3113 2605 2594
3 2520 3113 2594
3 715 2624 3130
3 2589 715 3130
3 715 2589 2600
3 715 2612 2624
3 2612 715 2600
3 2624 3101 2623
3 3636 2391 3288
3 2391 3551 3288
3 2448 981 3475
3 2465 2448 3475
3 2448 2465 3233
3 2448 3263 2430
3 3263 2448 3233
3 3440 3172 3233
3 2465 3440 3233
3 3141 3144 2584
3 3289 2626 2616
3 2626 3289 2553
3 3289 3264 2553
3 2542 3289 3290
3 3289 2542 3264
3 4198 4212 1377
3 1278 4327 4364
3 4327 4345 4364
3 4292 1298 471
3 1298 4276 471
3 1334 4276 4257
3 4276 1334 452
3 4276 4292 471
3 4257 4276 1278
3 4276 1298 1278
3 4292 4276 1316
3 4275 4274 1316
3 4274 4275 452
3 4276 4275 1316
3 4275 4276 452
3 1335 4274 4258
3 4274 4291 1316
3 4291 4292 1316
3 4363 4344 4362
3 4344 4363 1238
3 526 4344 1238
3 4344 526 4345
3 1256 1258 4346
3 1376 4214 1363
3 2154 322 4153
3 2315 3680 3843
3 1089 1127 3594
3 3913 3843 3976
3 280 2174 2167
3 2173 280 2167
3 295 2160 4127
3 2160 295 2167
3 341 202 1396
3 1417 341 1396
3 341 1417 1416
3 1435 1296 4277
3 1329 1435 4277
3 1435 1329 308
3 343 1427 65
3 1427 345 65
3 1663 346 1425
3 346 1663 1426
3 1663 1638 1426
3 345 1638 65
3 1638 345 1426
3 1125 1745 1797
3 3715 1727 3758
3 1727 1193 3758
3 1155 3714 1755
3 1727 3714 1193
3 1933 892 3406
3 1953 892 1933
3 1408 1409 1397
3 352 1409 1408
3 367 1398 4200
3 1398 1411 366
3 1412 4178 349
3 2796 2795 2793
3 2795 2810 2793
3 2834 539 2839
3 539 2834 2778
3 2812 2792 2793
3 537 2812 2793
3 2812 537 2831
3 2813 2792 538
3 2812 2780 538
3 2780 2812 2831
3 2807 2797 2798
3 2807 534 2797
3 533 2807 2798
3 2805 2801 531
3 2801 2805 2798
3 3013 3011 651
3 3034 3061 3035
3 685 3086 2626
3 3061 3058 2626
3 3237 801 3238
3 2552 3236 2553
3 3265 2552 2553
3 2552 3265 3266
3 2871 2754 569
3 597 2919 2703
3 2986 638 2988
3 2986 621 2672
3 2671 2986 2988
3 2986 2671 621
3 621 2959 2672
3 2919 2940 2703
3 2562 779 3238
3 780 2562 3238
3 2562 3205 779
3 2562 780 3205
3 3175 2988 2573
3 3206 759 2573
3 759 3175 2573
3 3175 759 2572
3 2990 2139 2989
3 640 2990 639
3 2090 627 2129
3 2819 2777 2841
3 2841 2777 2763
3 2816 539 2778
3 2819 2816 2778
3 539 2816 2822
3 2822 2816 2791
3 2816 2819 2791
3 2923 2901 2922
3 2901 2903 2922
3 2905 2901 2923
3 3613 3656 1106
3 3656 1769 1106
3 1769 3614 1106
3 824 3269 2537
3 3269 3268 2537
3 3269 803 2548
3 3258 3232 3162
3 3258 798 3232
3 798 3258 3261
3 3226 776 3234
3 3232 755 3162
3 776 3225 3235
3 798 3225 3232
3 2554 799 3263
3 799 3259 3263
3 3022 3047 661
3 2646 3047 3022
3 3047 679 661
3 679 3047 2635
3 2645 3022 661
3 2645 2997 3022
3 644 2646 3022
3 611 2700 2684
3 611 2948 2700
3 2948 612 2699
3 629 2972 2971
3 612 2972 2682
3 2972 629 2668
3 2645 2656 2997
3 2656 3023 645
3 2656 2645 3023
3 629 2998 2668
3 2655 2998 645
3 2998 2655 2668
3 2998 2656 645
3 2907 598 2716
3 2695 2931 2952
3 2931 2696 2952
3 2912 2711 590
3 2912 602 2711
3 2891 2726 579
3 2727 2891 579
3 2891 2727 590
3 2711 2891 590
3 2726 2891 2711
3 2698 2928 2699
3 599 2928 2698
3 2928 598 2699
3 2715 2928 599
3 2929 599 2698
3 2697 2929 2698
3 2681 613 2682
3 631 2974 2667
3 3000 631 2667
3 631 3000 2666
3 2951 613 2681
3 2951 2696 2930
3 2697 2951 2930
3 2973 2974 2681
3 2974 2973 630
3 2973 2681 2682
3 2972 2973 2682
3 630 2973 2668
3 2973 2972 2668
3 2595 3144 3141
3 2595 3141 2594
3 2606 2595 2594
3 3063 3055 667
3 3116 3109 2605
3 702 3111 2605
3 3111 3116 2605
3 2611 2612 2600
3 2611 3101 2612
3 2611 2600 716
3 3101 2611 2623
3 2612 696 2624
3 696 3101 2624
3 3101 696 2612
3 2600 3131 716
3 2589 3131 2600
3 3806 3843 2280
3 2411 1015 2430
3 1015 3512 2430
3 3512 1015 1016
3 1088 2391 3636
3 2391 1088 3593
3 1051 2411 3551
3 2391 1051 3551
3 1051 2391 3593
3 3172 3374 2584
3 3440 3374 3172
3 3374 3141 2584
3 3374 3343 2594
3 3141 3374 2594
3 3139 3137 2584
3 3113 3315 2616
3 3315 3289 2616
3 3315 3113 2520
3 4240 4257 1377
3 1365 4240 1377
3 1401 4198 1377
3 362 1401 1425
3 1401 1689 1425
3 1401 1377 1717
3 1689 1401 1717
3 1379 4209 4198
3 4210 4212 4198
3 1298 4309 1278
3 4309 1298 4308
3 4309 4327 1278
3 4256 1351 4258
3 452 4256 4258
3 1334 4256 452
3 4259 1334 4257
3 4256 4259 1351
3 4259 4256 1334
3 4271 1337 4252
3 4272 4271 1319
3 4271 4272 1337
3 1336 4272 451
3 4272 1336 1337
3 4253 1336 4254
3 1336 4253 1337
3 4292 1299 1298
3 4291 1299 4292
3 1298 1299 4308
3 4361 528 1239
3 525 4361 1239
3 1240 525 4342
3 4360 1240 4342
3 1240 4361 525
3 1240 4360 528
3 4361 1240 528
3 4362 4343 1239
3 4344 4343 4362
3 4343 525 1239
3 4343 1261 525
3 4343 4325 1261
3 1315 1296 1294
3 1296 1315 4277
3 1261 507 4342
3 4325 4324 1261
3 4324 507 1261
3 1280 4324 4325
3 4324 1281 4323
3 507 4324 4323
3 1281 4324 4306
3 4324 1280 4306
3 490 1281 4306
3 1286 4300 4299
3 4286 1303 4303
3 322 4152 4163
3 2154 4152 322
3 3724 2315 1202
3 2315 3724 3680
3 2315 2332 1202
3 2332 3724 1202
3 2314 2315 0
3 2314 2332 2315
3 3843 2265 2280
3 3913 2265 3843
3 125 3913 3976
3 2224 125 3976
3 3642 3599 1131
3 3980 2220 3979
3 263 4075 2174
3 280 4095 2174
3 4095 280 2173
3 4095 263 2174
3 2165 295 4127
3 2158 4128 310
3 3952 2231 158
3 323 2153 4153
3 4164 323 4153
3 4142 323 4154
3 323 4142 2153
3 4142 2158 310
3 4141 4142 310
3 4142 4141 2153
3 4141 2154 4153
3 2153 4141 4153
3 2147 2150 4163
3 2150 2147 4164
3 363 2147 4163
3 2147 363 2145
3 2371 1104 1142
3 1067 2371 3612
3 2371 3611 1104
3 3611 1067 3569
3 3611 2371 1067
3 1140 2353 3652
3 3611 2351 1104
3 3613 1770 3656
3 1363 4052 4074
3 202 4052 1363
3 1536 4003 202
3 124 1573 342
3 1573 1554 342
3 1573 1594 3945
3 1594 1573 124
3 1535 341 342
3 1554 1535 342
3 341 1535 202
3 3714 3757 1193
3 275 4090 4089
3 1329 1349 1363
3 3912 124 65
3 1615 3912 65
3 344 65 342
3 344 343 65
3 341 344 342
3 345 4174 1426
3 4174 346 1426
3 1413 362 1425
3 1413 4185 362
3 1638 1639 65
3 1201 1689 1717
3 1745 1201 1717
3 1690 1663 1689
3 1201 1690 1689
3 1913 1933 3406
3 1913 920 1933
3 1892 949 948
3 920 1014 1797
3 949 1014 920
3 1728 3714 1155
3 1728 3713 1192
3 3713 1728 1155
3 1728 3757 3714
3 795 2025 3223
3 1989 2006 841
3 1726 3716 1157
3 1726 3715 3758
3 3672 1754 3715
3 1726 3672 3715
3 1156 1727 3715
3 1754 1156 3715
3 363 2143 2145
3 1399 4178 1412
3 1411 1399 366
3 4178 1399 1411
3 4180 1420 351
3 1409 4180 351
3 4180 352 1420
3 352 4180 1409
3 1409 4179 1397
3 4179 1409 351
3 536 2830 2835
3 2795 536 2810
3 537 2794 2835
3 2794 536 2835
3 2781 537 2835
3 537 2781 2831
3 2781 2767 2831
3 2828 2796 2808
3 2755 557 2769
3 557 2755 569
3 2755 2870 569
3 2743 567 2758
3 2792 2820 538
3 2820 2812 538
3 2812 2820 2792
3 2821 2838 539
3 2838 2821 2779
3 2780 2832 538
3 2832 2813 538
3 2813 2832 2779
3 2805 2799 2798
3 2799 2805 532
3 2732 2748 2886
3 2748 2732 575
3 2748 2776 2790
3 2748 2790 2658
3 2700 2748 2658
3 2748 2700 2886
3 2789 530 2790
3 2789 2804 530
3 541 2775 552
3 2789 2775 541
3 2775 2789 2776
3 2774 541 552
3 2843 2774 552
3 2981 2659 2982
3 2981 637 2659
3 2672 2981 2982
3 2659 3009 3012
3 637 3009 2659
3 3009 2636 3012
3 3009 2647 2636
3 3014 3005 636
3 2647 652 3035
3 652 3034 3035
3 3055 2638 667
3 3028 3062 667
3 2651 2640 666
3 3004 2649 651
3 3011 3004 651
3 2661 3011 3013
3 2661 3014 636
3 3014 2661 3013
3 3057 685 2626
3 3058 3057 2626
3 668 3058 3061
3 668 3057 3058
3 668 3038 651
3 800 2552 3266
3 3236 800 3237
3 2552 800 3236
3 801 2550 3238
3 3267 801 3266
3 3267 2550 801
3 823 3267 2539
3 3267 823 3268
3 3265 821 3266
3 2549 2548 3239
3 2549 3269 2548
3 3269 2549 3268
3 3295 824 2537
3 2778 550 2840
3 550 2764 2840
3 2834 550 2778
3 550 2834 2839
3 2750 572 2736
3 2987 2661 636
3 573 2750 2736
3 2875 2880 2898
3 2719 597 2899
3 2919 2719 2898
3 597 2719 2919
3 2920 597 2703
3 597 2920 2899
3 2984 2986 2672
3 2986 2984 638
3 2959 620 2672
3 620 2981 2672
3 2958 620 2688
3 620 2959 2688
3 608 2919 2704
3 608 2940 2919
3 2548 3240 3239
3 3240 2560 3239
3 3240 782 2560
3 803 3240 2548
3 781 2561 3239
3 2560 781 3239
3 2561 781 3206
3 3090 3064 2615
3 2968 627 2947
3 627 2968 2136
3 2968 2137 2136
3 2966 2863 2906
3 2863 2966 2947
3 2989 2966 2906
3 2139 2966 2989
3 2138 2137 623
3 627 643 2129
3 2836 2819 2840
3 2836 2777 2819
3 2764 2836 2840
3 2836 2764 2763
3 2777 2836 2763
3 2733 2901 2905
3 2733 2905 2717
3 2901 2733 2903
3 2733 2717 2906
3 2863 2733 2906
3 2718 2900 2879
3 2900 2718 2702
3 2920 2718 2899
3 2718 2920 2702
3 2921 2900 2702
3 2921 610 2922
3 2903 2921 2922
3 1842 1866 997
3 1866 3494 997
3 1842 1843 3532
3 1843 1842 997
3 3494 1867 997
3 1867 1843 997
3 1843 1867 996
3 1794 3614 1144
3 3614 3657 1144
3 1769 3657 3614
3 3662 1764 1148
3 3501 1003 1858
3 3498 1861 1884
3 3498 1001 1861
3 3352 2499 873
3 3385 3352 2485
3 3296 3295 2525
3 3295 3296 824
3 848 3296 2525
3 3353 3385 901
3 3710 1731 3667
3 1731 1190 3711
3 1732 3710 1189
3 1732 1731 3710
3 2543 3258 3288
3 3258 2543 3261
3 3263 2543 3288
3 3259 2543 3263
3 3228 3226 799
3 2554 3228 799
3 3225 2566 3232
3 2566 3225 776
3 2566 755 3232
3 3226 2555 799
3 2555 3259 799
3 2555 3226 3234
3 3235 2555 3234
3 2555 798 3261
3 3225 2555 3235
3 2555 3225 798
3 660 3047 2646
3 2624 660 2658
3 2655 2999 2668
3 630 2999 2667
3 2999 630 2668
3 3075 2635 2623
3 3075 679 2635
3 2622 3075 2623
3 679 3075 2634
3 3048 679 2634
3 2645 3048 3023
3 679 3048 661
3 3048 2645 661
3 3048 662 3023
3 3048 2634 680
3 662 3048 680
3 2634 3076 680
3 3075 3076 2634
3 3076 3075 2622
3 2609 2598 718
3 2609 2608 3104
3 2621 2620 3077
3 2621 3076 2622
3 3076 2621 680
3 2669 629 2971
3 2670 2669 2971
3 2669 2670 2997
3 2656 2669 2997
3 2669 2998 629
3 2998 2669 2656
3 628 2971 2970
3 628 2670 2971
3 2996 628 2970
3 2670 628 2996
3 2997 2657 3022
3 2657 644 3022
3 2670 2657 2997
3 2657 2670 2996
3 644 2657 2996
3 611 2683 2948
3 2683 612 2948
3 2971 2683 2684
3 2683 611 2684
3 2972 2683 2971
3 2683 2972 612
3 2700 586 2886
3 2907 586 2700
3 586 2732 2886
3 586 2716 2732
3 586 2907 2716
3 2927 2907 2700
3 2907 2927 598
3 598 2927 2699
3 2927 2948 2699
3 2948 2927 2700
3 601 2931 2695
3 2713 601 2911
3 2931 601 2696
3 2696 601 2930
3 601 2713 2930
3 589 2713 2911
3 598 2908 2716
3 2928 2908 598
3 2715 2908 2928
3 2716 2908 587
3 2908 2715 587
3 2929 2909 599
3 2909 2715 599
3 2715 2909 587
3 2949 2698 2699
3 612 2949 2699
3 2949 612 2682
3 2679 615 2952
3 2974 2680 2681
3 2680 2951 2681
3 2680 2679 2952
3 2665 632 2666
3 3001 2665 2666
3 2651 3002 649
3 2665 3002 2664
3 3002 2665 3001
3 2620 700 2619
3 700 2608 3105
3 2608 700 2620
3 3112 3114 2619
3 3112 700 3105
3 700 3112 2619
3 3106 2606 3108
3 682 2630 3052
3 3051 682 3052
3 2630 682 3079
3 682 2619 3079
3 3026 3051 3052
3 3028 3060 3062
3 2640 3053 666
3 3053 2640 2629
3 3053 3060 666
3 3062 3054 667
3 3054 3063 667
3 2627 685 3055
3 3063 2627 3055
3 3054 2627 3063
3 685 2627 3086
3 2605 3107 3108
3 3109 3107 2605
3 2611 3102 2623
3 2554 3231 3230
3 3231 3263 3233
3 3231 2554 3263
3 2608 2607 3105
3 2607 3112 3105
3 2607 2595 2606
3 3114 2607 2606
3 3112 2607 3114
3 2608 699 3104
3 699 2608 2620
3 699 2621 3104
3 2621 699 2620
3 2315 2297 0
3 2297 1 0
3 2297 2315 3843
3 3806 2297 3843
3 2457 2458 3483
3 2458 2459 3482
3 986 3519 2422
3 3481 986 2422
3 3481 2459 954
3 2464 3440 2465
3 2390 1051 3593
3 1088 2390 3593
3 2390 1052 1051
3 1126 2390 1088
3 2390 1089 3594
3 1052 2390 3594
3 3448 926 2474
3 926 3448 3414
3 2495 3407 921
3 3407 2495 3374
3 2459 2476 954
3 2476 2459 3446
3 2402 2403 3560
3 2402 3519 2403
3 3519 2402 1022
3 2490 3347 896
3 2490 3413 897
3 3413 2490 925
3 3447 3413 925
3 926 3413 2474
3 3413 3447 2474
3 3413 2489 897
3 2489 3413 926
3 3348 2489 3381
3 2489 926 3414
3 3381 2489 3414
3 2530 2517 844
3 2530 820 3290
3 2516 2504 870
3 2504 2516 2517
3 2504 2517 869
3 3347 2504 869
3 3144 3138 2584
3 3138 3139 2584
3 3408 2495 921
3 3346 3379 869
3 3347 3379 896
3 3379 3347 869
3 3378 868 2506
3 868 3378 3346
3 4240 435 4257
3 435 4240 1351
3 435 4259 4257
3 4259 435 1351
3 1388 378 4198
3 1401 1388 4198
3 1388 4186 378
3 4186 1388 1401
3 4186 1401 362
3 4272 1318 451
3 1318 4272 4289
3 4290 1318 4289
3 4251 1338 4252
3 1351 4239 4258
3 4239 1352 4258
3 1352 4239 4241
3 1378 405 4210
3 434 1353 4254
3 1353 4253 4254
3 4253 1353 4236
3 1353 4237 4236
3 4255 1336 1335
3 4255 1335 4258
3 4255 434 4254
3 1336 4255 4254
3 1352 4255 4258
3 4255 1352 434
3 4273 1336 451
3 1318 4273 451
3 4273 1318 4290
3 1335 4273 4274
3 1336 4273 1335
3 1317 4291 4274
3 4273 1317 4274
3 1317 4273 4290
3 470 1299 4291
3 1317 470 4291
3 470 1317 4290
3 1299 4307 4308
3 470 4307 1299
3 1280 4307 4306
3 4343 1260 4325
3 1260 4343 4344
3 1260 4326 4325
3 508 4344 4345
3 4326 508 4327
3 508 1260 4344
3 1260 508 4326
3 4309 1279 4327
3 1279 4326 4327
3 1279 4309 4308
3 491 1280 4325
3 4326 491 4325
3 4307 491 4308
3 491 4307 1280
3 491 1279 4308
3 1279 491 4326
3 1315 480 4293
3 4347 1256 4346
3 4347 4346 527
3 1276 1296 1257
3 1325 4281 4264
3 4281 1324 4264
3 4341 4360 4342
3 4360 4341 1241
3 4289 1301 4306
3 1320 4269 4286
3 4359 524 1242
3 528 4359 527
3 4360 4359 528
3 4359 4360 1241
3 523 1265 4337
3 1265 505 4337
3 4359 4358 527
3 4358 4359 1242
3 524 4339 1242
3 4339 4358 1242
3 1303 489 4303
3 489 1283 4303
3 1283 489 4321
3 4336 4355 4337
3 1286 4318 4300
3 4140 2167 4163
3 4140 2160 2167
3 2366 1091 1129
3 2347 3640 1167
3 2347 3727 3684
3 3726 2347 1167
3 2429 3512 1016
3 3512 2429 2430
3 2429 2448 2430
3 2448 2429 981
3 2332 1203 3725
3 2314 1203 2332
3 2331 1203 2314
3 2348 2331 3726
3 2331 2348 3725
3 1203 2331 3725
3 2390 2369 1089
3 2369 2390 1126
3 2369 1126 3680
3 2370 1088 3636
3 2370 1126 1088
3 3680 2370 3636
3 1126 2370 3680
3 2201 4029 203
3 4029 4005 203
3 4005 2211 203
3 2211 4004 203
3 4004 2211 180
3 181 2211 4005
3 41 3816 2286
3 2212 4004 180
3 4004 2212 203
3 125 3914 3913
3 2234 129 2246
3 2245 129 2233
3 2234 2235 3948
3 155 2221 3948
3 2221 2234 3948
3 2235 2236 3948
3 2236 2235 127
3 3646 1134 3689
3 3951 2219 158
3 2231 3951 158
3 156 2220 2233
3 2220 156 3979
3 156 2221 3979
3 2219 157 3980
3 157 2220 3980
3 157 3951 2232
3 3951 157 2219
3 244 2191 4053
3 2219 3981 158
3 3981 2219 3980
3 264 4095 2173
3 4128 2159 310
3 296 2159 4128
3 296 2165 4127
3 2159 296 4127
3 265 4096 2172
3 281 4096 2173
3 4096 281 2172
3 4096 264 2173
3 4097 265 2172
3 281 4097 2172
3 295 4112 2167
3 4112 2173 2167
3 4112 281 2173
3 2165 4113 295
3 4113 2165 282
3 4113 4097 281
3 4098 2178 266
3 131 3951 2231
3 3952 2243 2231
3 2243 131 2231
3 332 323 4164
3 2147 332 4164
3 993 2413 2433
3 1029 2393 3569
3 1068 1796 3613
3 1796 1067 3612
3 1796 1068 1067
3 1067 2392 3569
3 2392 1029 3569
3 1771 3655 3612
3 2371 1771 3612
3 1771 2371 1142
3 1771 1744 3655
3 3817 42 2269
3 3567 3609 1065
3 2351 1141 3697
3 2372 2351 3611
3 2372 3610 1103
3 1141 2372 1103
3 2372 1141 2351
3 3698 1771 1142
3 1771 3698 1744
3 1770 1143 3656
3 3700 1769 3656
3 3700 3657 1769
3 1181 3700 1742
3 3657 3700 1181
3 1744 3699 3655
3 3699 1770 3655
3 3699 1143 1770
3 1659 49 3825
3 3785 1686 16
3 3784 1686 1713
3 1686 1219 1713
3 1219 1686 3785
3 1518 4052 202
3 4003 1518 202
3 239 218 4046
3 4003 177 1537
3 177 4003 1536
3 152 1573 3945
3 1573 152 1554
3 178 1536 202
3 1535 178 202
3 178 3974 1536
3 1594 3911 3945
3 3939 1580 147
3 113 3899 1608
3 3898 112 1608
3 3827 51 1656
3 51 3827 1631
3 51 3828 1656
3 3898 3864 1631
3 3864 51 1631
3 1436 331 1435
3 4090 257 4089
3 1444 1435 308
3 275 1481 4090
3 438 1349 1329
3 1349 438 441
3 1454 308 1363
3 279 1454 1363
3 1465 1454 279
3 2152 4143 311
3 4142 2152 311
3 2152 4142 4154
3 95 1594 124
3 3912 95 124
3 95 3911 1594
3 1725 3760 1195
3 4174 1414 346
3 1413 1414 361
3 1414 1413 346
3 1414 4174 345
3 1415 1414 345
3 343 4173 1427
3 1415 4173 343
3 4173 345 1427
3 4173 1415 345
3 346 4175 1425
3 4175 1413 1425
3 1413 4175 346
3 1403 1413 361
3 1413 1403 4185
3 4220 403 1382
3 4205 388 402
3 3635 1772 1087
3 1772 3635 1125
3 1087 1772 1797
3 1772 1125 1797
3 3635 1124 3678
3 1162 1746 1125
3 1162 3635 3678
3 3635 1162 1125
3 1125 1163 1745
3 1198 1161 1721
3 1161 1198 3721
3 1718 1690 1201
3 919 1913 3406
3 1912 949 920
3 949 1912 948
3 1913 1912 920
3 1912 1913 948
3 949 3474 1891
3 1892 3474 949
3 1798 1050 1049
3 1014 1050 1797
3 1050 1087 1797
3 1050 1798 1087
3 1822 1823 1049
3 1822 1014 1823
3 1050 1822 1049
3 1822 1050 1014
3 3713 3670 1756
3 3670 3713 1155
3 3670 1155 1755
3 1989 2022 2006
3 920 2022 1933
3 2022 1953 1933
3 2022 1989 1953
3 2022 920 1797
3 3550 1823 1013
3 1824 3550 1013
3 1823 3550 1049
3 1123 1749 3677
3 1194 1726 3758
3 1726 1194 3716
3 1778 1082 3629
3 3587 1082 1803
3 3547 3548 1826
3 1753 1726 1157
3 1753 3672 1726
3 3629 1753 1157
3 4200 4188 2142
3 365 1399 1412
3 4188 365 1400
3 365 4188 4200
3 4122 303 1459
3 1437 331 319
3 1419 1408 353
3 1419 352 1408
3 352 1419 1420
3 1431 4170 337
3 4178 1422 349
3 1422 4178 1411
3 328 4159 337
3 4159 328 1440
3 4159 1431 337
3 1431 4159 327
3 4147 4159 1440
3 4159 4147 327
3 2810 2815 2793
3 2815 2794 2793
3 536 2815 2810
3 2794 2815 536
3 2794 2811 2793
3 2811 2794 537
3 547 2781 2835
3 2781 547 2767
3 2830 547 2835
3 2828 535 2796
3 534 2784 2808
3 2784 2828 2808
3 2782 536 2795
3 536 2782 2830
3 2768 546 2769
3 557 2768 2769
3 2768 2782 546
3 2782 2768 2830
3 2768 547 2830
3 547 2768 2767
3 2767 2768 2754
3 2754 2849 569
3 2849 557 569
3 2768 2849 2754
3 2849 2768 557
3 2727 2890 590
3 589 2890 2728
3 2890 589 2911
3 2743 2868 567
3 2868 2727 579
3 2868 2743 2727
3 2817 2813 2779
3 2821 2817 2779
3 2817 2821 2791
3 2792 2817 2791
3 2813 2817 2792
3 2814 539 2791
3 2821 2814 2791
3 2814 2821 539
3 548 2832 2780
3 2766 548 2767
3 548 2780 2831
3 2767 548 2831
3 2832 549 2779
3 548 549 2832
3 549 548 2766
3 549 2838 2779
3 2806 2799 532
3 2806 533 2798
3 2799 2806 2798
3 2776 540 2790
3 540 2789 2790
3 2789 540 2776
3 2788 2789 541
3 2774 2788 541
3 2804 2788 531
3 2789 2788 2804
3 2890 578 2728
3 2743 578 2727
3 578 2890 2727
3 637 2673 2980
3 2981 2673 637
3 2673 620 2958
3 620 2673 2981
3 3006 652 2647
3 652 3006 3005
3 2660 637 2980
3 2660 3009 637
3 2660 2980 636
3 3005 2660 636
3 3006 2660 3005
3 3014 2648 3005
3 2648 652 3005
3 2648 3014 3013
3 2648 3032 3030
3 3033 2648 3030
3 3032 2648 3038
3 652 2648 3034
3 2648 3033 3034
3 2648 3013 651
3 3038 2648 651
3 650 2638 3036
3 650 3036 2649
3 2638 650 667
3 650 3028 667
3 3028 650 2650
3 2639 3028 2650
3 2651 2639 2650
3 2639 2651 666
3 3060 2639 666
3 2639 3060 3028
3 635 3004 3011
3 2661 635 3011
3 3057 3059 685
3 668 3059 3057
3 2637 668 3061
3 3032 2637 3030
3 2637 3032 3038
3 668 2637 3038
3 2637 3033 3030
3 3034 2637 3061
3 3033 2637 3034
3 2551 801 3237
3 800 2551 3237
3 801 2551 3266
3 2551 800 3266
3 2541 3265 820
3 2541 821 3265
3 2529 3291 844
3 3291 2530 844
3 3292 3291 2529
3 3291 3292 821
3 2541 3291 821
3 2530 3291 820
3 3291 2541 820
3 822 3267 3266
3 3267 822 2539
3 2528 3292 2529
3 2549 802 3268
3 802 3267 3268
3 3267 802 2550
3 2550 802 3238
3 802 3239 3238
3 802 2549 3239
3 2538 3295 2537
3 3268 2538 2537
3 823 2538 3268
3 2517 3318 844
3 2516 3318 2517
3 3318 2529 844
3 3318 2516 2529
3 3352 900 2485
3 900 3352 873
3 2833 550 2839
3 550 2833 2838
3 539 2833 2839
3 2838 2833 539
3 2861 2859 2750
3 573 2861 2750
3 2861 573 2854
3 2853 2764 2750
3 2859 2853 2750
3 2853 2859 2764
3 572 2881 2736
3 582 2723 2895
3 2872 582 2895
3 2871 2739 2754
3 2739 582 2872
3 2980 2674 636
3 2674 2987 636
3 596 2918 2704
3 2919 596 2704
3 596 2919 2898
3 573 2749 2854
3 573 2735 2875
3 2735 2880 2875
3 2735 573 2736
3 2880 2735 2736
3 2718 585 2899
3 585 2718 2879
3 585 2719 2899
3 2876 585 2884
3 585 2876 2719
3 2985 2672 2982
3 638 2985 2982
3 622 2671 2988
3 2965 622 2988
3 2944 2945 2702
3 2921 2945 610
3 2945 2921 2702
3 2920 609 2702
3 609 2944 2702
3 609 2920 2703
3 2940 609 2703
3 2686 609 2940
3 2671 2960 621
3 2959 2939 2688
3 2939 2918 2688
3 2918 2939 2704
3 2939 608 2704
3 781 3207 3206
3 3207 781 2560
3 782 3207 2560
3 761 3207 782
3 3207 761 2571
3 1904 969 3463
3 968 3461 1884
3 1905 3427 3461
3 968 1905 3461
3 1905 968 3462
3 773 2040 3192
3 2040 795 3223
3 2090 734 2052
3 2053 734 3161
3 734 2053 2052
3 2102 2090 2129
3 3090 3091 3064
3 2614 3090 2615
3 2128 2135 2906
3 3064 2128 2906
3 2141 2968 2947
3 2966 2141 2947
3 2137 626 623
3 626 2137 2968
3 640 2140 2990
3 2140 2139 2990
3 2140 2966 2139
3 2140 625 2966
3 625 2140 2138
3 2991 640 2132
3 2138 2991 2137
3 2991 2140 640
3 2140 2991 2138
3 2900 2904 2879
3 2904 2733 2879
3 2733 2904 2903
3 2904 2921 2903
3 2921 2904 2900
3 1795 3613 1106
3 1795 1068 3613
3 1820 1032 1031
3 1820 1819 1032
3 1841 1864 998
3 1864 1841 999
3 3705 1764 3661
3 1764 3705 1148
3 1887 1864 1886
3 3496 1864 999
3 1864 3496 1886
3 3427 937 3461
3 3461 1885 1884
3 1001 3499 1861
3 969 1882 3463
3 1152 3710 3667
3 1001 1838 3537
3 1838 1036 3537
3 1036 1838 3536
3 3536 1838 1000
3 1838 3498 1000
3 1838 1001 3498
3 3578 1813 1074
3 1813 3578 1812
3 1075 3578 1074
3 3578 1075 1812
3 782 3241 2559
3 3240 3241 782
3 3270 803 3269
3 848 2524 3296
3 2499 2512 873
3 2512 2525 3322
3 2512 848 2525
3 2513 2512 3322
3 2512 2513 873
3 3323 2524 848
3 2512 3323 848
3 3229 2554 3230
3 3229 3228 2554
3 735 2589 3162
3 735 3131 2589
3 3260 2555 3261
3 2555 3260 3259
3 2543 3260 3261
3 3260 2543 3259
3 660 678 3047
3 678 3074 2635
3 3047 678 2635
3 3074 678 2624
3 678 660 2624
3 660 3021 2658
3 3021 660 2646
3 3021 2996 2658
3 644 3021 2646
3 3021 644 2996
3 2654 3000 2667
3 2999 2654 2667
3 2633 2621 3077
3 2621 2633 680
3 2609 2610 2598
3 3102 2610 2622
3 2610 3102 2611
3 2597 2609 718
3 2609 2597 2608
3 698 2621 2622
3 698 2609 3104
3 2621 698 3104
3 2932 601 2695
3 600 2697 2930
3 600 2929 2697
3 2713 600 2930
3 613 2950 2682
3 2950 2949 2682
3 2950 2951 2697
3 2951 2950 613
3 2950 2697 2698
3 2949 2950 2698
3 632 2975 2666
3 2975 631 2666
3 631 2975 2974
3 614 2680 2952
3 2680 614 2951
3 2696 614 2952
3 2951 614 2696
3 3115 3114 2606
3 3106 3115 2606
3 3078 2620 2619
3 682 3078 2619
3 2641 3026 3052
3 3000 2653 2666
3 2653 3001 2666
3 683 2630 3079
3 3087 683 3079
3 683 3087 2629
3 2630 683 3052
3 683 2640 3052
3 2640 683 2629
3 3107 2617 3108
3 2617 3107 3109
3 2617 3109 3116
3 3111 2617 3116
3 2617 3111 702
3 2617 3113 2616
3 3113 2617 702
3 3087 3080 2629
3 2617 3080 3087
3 697 2622 2623
3 3102 697 2623
3 697 3102 2622
3 2586 738 3142
3 738 3170 3172
3 3137 3135 2584
3 2596 2607 2608
3 2596 3134 3143
3 3136 2596 3143
3 3135 2596 3136
3 3683 3726 1167
3 3683 2348 3726
3 3640 3683 1167
3 2366 3683 3640
3 2348 3683 1129
3 3683 2366 1129
3 1 2313 0
3 2331 2313 3726
3 2458 2440 3483
3 2440 2458 3482
3 2459 2441 3482
3 3481 2441 2459
3 2441 3481 2422
3 3554 2409 1053
3 2388 3554 1053
3 2429 3513 981
3 2409 3513 1016
3 3513 2429 1016
3 2464 950 3440
3 950 2464 951
3 3476 2464 2465
3 3409 2478 923
3 3443 2478 3409
3 1015 2410 1016
3 2389 1052 3594
3 1052 2389 1053
3 1127 2389 3594
3 1051 3552 2411
3 1052 3552 1051
3 2410 3552 1052
3 3552 1015 2411
3 3552 2410 1015
3 930 2469 3452
3 900 3417 2485
3 2452 960 3452
3 990 2417 3486
3 2418 3485 989
3 3485 2418 990
3 2481 3374 3440
3 2481 3407 3374
3 950 2481 3440
3 2481 950 951
3 893 2494 3343
3 893 3408 2494
3 3374 3375 3343
3 2495 3375 3374
3 3375 893 3343
3 3408 3375 2495
3 893 3375 3408
3 2475 925 3446
3 2475 3447 925
3 2440 988 3483
3 988 2440 2421
3 2439 2419 989
3 3484 2439 989
3 988 2439 3483
3 2439 2457 3483
3 2439 3484 2457
3 3445 2477 954
3 2476 3445 954
3 2477 3445 924
3 3445 2476 924
3 2476 3412 924
3 925 3412 3446
3 3412 2476 3446
3 3412 2490 896
3 2490 3412 925
3 2397 3564 1062
3 3564 2397 1025
3 3521 988 2421
3 3519 3520 2422
3 3520 3519 1022
3 3521 3520 1022
3 3520 3521 2421
3 3380 2490 897
3 2490 3380 3347
3 3380 2504 3347
3 2504 3380 870
3 3380 3348 870
3 2489 3380 897
3 3380 2489 3348
3 2503 2516 870
3 3348 2503 870
3 2503 3348 2516
3 2518 868 3346
3 2517 2518 869
3 3138 720 3139
3 3139 720 3137
3 2595 720 3144
3 720 3138 3144
3 2607 720 2595
3 720 3135 3137
3 2596 720 2607
3 720 2596 3135
3 922 3443 3409
3 922 3409 2494
3 3408 922 2494
3 922 3408 921
3 3442 922 921
3 2493 3409 923
3 868 3345 2506
3 3378 2491 3346
3 2491 3379 3346
3 3379 2491 896
3 2491 3412 896
3 3412 2491 924
3 1890 2449 3491
3 2432 2431 3491
3 378 4197 4198
3 4197 1379 4198
3 4209 391 4198
3 391 4210 4198
3 391 1378 4210
3 405 391 4209
3 391 405 1378
3 1355 4251 4252
3 4251 1355 4234
3 4233 416 4232
3 1370 4233 4234
3 1370 416 4233
3 4233 1356 4234
3 1356 4251 4234
3 433 4253 4236
3 1354 433 4236
3 1337 433 4252
3 4253 433 1337
3 4239 419 4241
3 419 4239 1351
3 419 4240 1365
3 4240 419 1351
3 405 4225 4210
3 4210 4225 4212
3 4225 419 1365
3 419 4225 405
3 4225 1365 1377
3 4212 4225 1377
3 4307 1300 4306
3 1300 4307 470
3 1300 4289 4306
3 1300 4290 4289
3 1300 470 4290
3 4327 1259 4345
3 1259 508 4345
3 508 1259 4327
3 481 1293 4293
3 480 481 4293
3 478 1315 1294
3 478 480 1315
3 459 1329 4277
3 454 462 1329
3 1345 4261 4262
3 4348 4349 1253
3 4349 4348 4347
3 1258 509 1257
3 509 1276 1257
3 1256 509 1258
3 1276 4310 1296
3 1296 4310 1294
3 515 4348 1253
3 515 4329 514
3 4348 515 514
3 449 4269 1339
3 4267 1341 4266
3 4300 1305 4299
3 4283 1305 4284
3 1323 4267 4266
3 448 1323 4266
3 1323 448 1324
3 1305 1306 4299
3 1306 1305 4283
3 1262 507 4323
3 507 1262 4342
3 1262 4341 4342
3 4340 4341 1263
3 506 4340 1263
3 4341 4340 1241
3 4339 4340 506
3 4340 4339 524
3 4340 4359 1241
3 4359 4340 524
3 4288 1301 4289
3 4288 4272 1319
3 4272 4288 4289
3 1281 4305 4323
3 490 4305 1281
3 4305 490 4306
3 1301 4305 4306
3 4270 4251 1339
3 4269 4270 1339
3 4251 4270 1338
3 1320 4270 4269
3 4181 1417 1396
3 1394 4181 1396
3 1395 4181 1394
3 1375 414 4214
3 414 1375 406
3 414 4229 1373
3 414 398 4214
3 398 380 369
3 398 369 1363
3 4214 398 1363
3 4203 4192 4191
3 1265 4319 505
3 4319 4318 505
3 4318 4319 1285
3 4319 1265 4320
3 4319 4301 1285
3 1246 4354 522
3 4355 4354 527
3 4356 4355 527
3 4339 4338 523
3 1265 4338 4320
3 4338 1265 523
3 4284 1304 468
3 1305 1304 4284
3 1304 1305 4301
3 4302 489 1303
3 4302 1304 4301
3 1304 4302 468
3 4302 4285 468
3 4285 4302 1303
3 4318 488 4300
3 488 4318 1285
3 4301 488 1285
3 488 1305 4300
3 1305 488 4301
3 4318 1266 505
3 505 1266 4337
3 1266 4336 4337
3 1376 1374 4214
3 1374 1375 4214
3 4263 1325 4264
3 4243 1345 4262
3 1344 4243 4262
3 4227 1376 1363
3 4152 321 4163
3 321 4140 4163
3 2160 309 4127
3 4140 309 2160
3 309 2159 4127
3 2159 309 310
3 2347 1130 3640
3 1130 2347 3684
3 1130 3641 2365
3 3641 1130 3684
3 3595 2388 1053
3 2388 3595 1090
3 2389 3595 1053
3 3595 2389 1090
3 3637 1127 1089
3 2369 3637 1089
3 3637 2369 3680
3 4029 204 4005
3 2191 2200 4053
3 2200 2191 225
3 2200 204 4029
3 2211 3978 180
3 3978 2212 180
3 3978 2221 155
3 2221 3978 3979
3 1175 3737 2337
3 2353 2354 3652
3 1139 2354 3651
3 2354 1139 3652
3 3780 2283 12
3 3780 2300 2283
3 2265 66 2280
3 3885 72 3851
3 72 2272 3851
3 2272 72 3886
3 3885 71 2259
3 3883 2275 3848
3 74 3888 2269
3 42 74 2269
3 74 42 3853
3 2270 3816 41
3 2270 74 3853
3 42 2270 3853
3 2270 42 3816
3 102 73 3886
3 102 2243 3921
3 2271 2272 3886
3 73 2271 3886
3 3888 2256 103
3 179 2201 203
3 2212 179 203
3 2201 179 4053
3 179 244 4053
3 244 179 3976
3 129 3949 2233
3 3949 129 2234
3 3949 156 2233
3 2221 3949 2234
3 156 3949 2221
3 153 2224 3976
3 3946 125 2224
3 153 3946 2224
3 3946 153 2237
3 126 3946 2237
3 2236 3947 154
3 153 3947 2237
3 3947 2236 127
3 1134 2342 3689
3 2343 3688 2361
3 3688 2342 1134
3 1094 2384 3599
3 3642 2363 3599
3 2363 1094 3599
3 2220 3950 2233
3 157 3950 2220
3 3950 157 2232
3 130 3950 2232
3 3950 2245 2233
3 3950 130 2245
3 2199 4031 205
3 4076 264 2181
3 4095 4076 263
3 264 4076 4095
3 264 4077 2181
3 4096 4077 264
3 2158 2164 4128
3 2164 296 4128
3 265 2179 4078
3 4097 2179 265
3 2179 4097 266
3 2179 248 4078
3 2166 4112 295
3 4113 2166 295
3 4112 2166 281
3 2166 4113 281
3 2171 4113 282
3 4113 2171 4097
3 4098 2171 282
3 2171 4098 266
3 4097 2171 266
3 249 2178 4080
3 2177 249 4080
3 4058 2185 229
3 2185 4059 229
3 2185 249 4059
3 2178 2185 4058
3 249 2185 2178
3 247 4056 2188
3 4077 247 2188
3 104 3923 2254
3 4165 2146 333
3 2146 4165 2147
3 4165 333 4154
3 347 2147 2145
3 347 2146 2147
3 2146 2148 333
3 1423 1412 349
3 1422 1423 349
3 1591 3928 1592
3 3928 108 1592
3 81 3897 3862
3 1636 3858 3893
3 3858 1636 46
3 1028 2414 3527
3 993 2414 2413
3 2414 993 2434
3 3528 1028 2393
3 1029 3528 2393
3 2414 3528 2413
3 3528 2414 1028
3 1028 3568 2393
3 3610 3568 1065
3 2394 3567 1065
3 2394 1028 3567
3 3568 2394 1065
3 2394 3568 1028
3 1105 1770 3613
3 1796 1105 3613
3 1770 1105 3655
3 3655 1105 3612
3 1105 1796 3612
3 1843 3531 3532
3 3531 1032 3532
3 1032 3531 1031
3 1868 996 3492
3 1868 1845 996
3 1890 1868 3492
3 1868 1890 3491
3 1821 3530 1030
3 3530 1821 1031
3 3531 3530 1031
3 3530 3531 1845
3 3570 1821 1030
3 3570 2392 1067
3 2392 3570 1030
3 1068 3570 1067
3 1821 3570 1068
3 2392 3529 1029
3 3529 3528 1029
3 3529 2392 1030
3 2413 3529 2412
3 3528 3529 2413
3 3529 3530 2412
3 3530 3529 1030
3 3854 3817 2269
3 3854 43 3817
3 1140 1102 2353
3 3609 1102 1140
3 1102 3609 3567
3 2373 1140 2352
3 2373 3609 1140
3 2373 2352 1103
3 3610 2373 1103
3 2373 3610 1065
3 3609 2373 1065
3 1141 3653 3697
3 2352 3653 1103
3 3653 1141 1103
3 2333 2351 3697
3 1744 1716 3742
3 3741 1716 1744
3 1716 3741 1216
3 2298 1716 1216
3 1180 1744 3742
3 1180 3699 1744
3 1143 1743 3656
3 3699 1743 1143
3 1743 3700 3656
3 1180 1743 3699
3 1743 1180 3742
3 139 1570 3961
3 1569 1588 1589
3 139 1569 1589
3 1569 139 3961
3 1570 1550 3961
3 3786 17 1684
3 17 1659 3825
3 1632 3826 3825
3 49 1632 3825
3 1632 49 3862
3 3897 1632 3862
3 3863 1632 3897
3 1714 3744 1181
3 1741 3744 1182
3 1219 3744 1713
3 1218 3784 1713
3 3744 1218 1713
3 1218 3744 1714
3 3743 1181 1742
3 3743 1714 1181
3 3700 3743 1742
3 1743 3743 3700
3 3743 1743 3742
3 3744 3745 1182
3 3745 3744 1219
3 1685 3785 16
3 1659 1685 16
3 1685 17 3786
3 17 1685 1659
3 1685 1219 3785
3 4052 243 4074
3 243 1504 4074
3 1504 243 4051
3 1503 243 4052
3 243 1503 4051
3 4022 218 195
3 218 1509 4046
3 1509 4022 217
3 4022 1509 218
3 239 1508 218
3 4023 1508 219
3 1508 4023 218
3 3873 58 1621
3 148 1578 3940
3 1599 1578 3941
3 152 1574 1554
3 1574 152 3945
3 123 1574 3945
3 3944 1574 123
3 3975 1535 1554
3 1574 3975 1554
3 1556 3974 1576
3 1556 177 1536
3 3974 1556 1536
3 1229 1672 3757
3 3713 1729 1192
3 1729 3756 1192
3 1729 3713 1756
3 1229 3796 1673
3 3796 1229 3756
3 1226 1676 1703
3 1580 1560 147
3 4025 3999 1523
3 4001 1521 1520
3 1559 1579 147
3 1579 1559 148
3 1579 3939 147
3 1579 148 3940
3 3939 1579 3940
3 1559 3971 148
3 3971 1559 1539
3 27 1672 1646
3 3933 113 1608
3 112 3933 1608
3 3933 1586 142
3 113 3933 142
3 50 3863 1631
3 3826 50 1657
3 1632 50 3826
3 50 1632 3863
3 3827 50 1631
3 50 3827 1657
3 82 3863 3897
3 82 3898 1631
3 3863 82 1631
3 3931 1609 111
3 1609 3897 111
3 1609 82 3897
3 1609 112 3898
3 82 1609 3898
3 3933 1587 1586
3 1630 3828 51
3 3864 1630 51
3 3828 19 1656
3 1655 19 3828
3 3867 85 3901
3 85 3867 1628
3 1653 3791 21
3 3791 1653 1652
3 3934 1607 142
3 1607 113 142
3 113 1607 3899
3 1607 84 3899
3 3866 85 1628
3 1655 52 3829
3 52 1655 3828
3 52 3866 3829
3 3790 1654 21
3 3790 1707 1680
3 1677 1226 1704
3 1677 1704 1225
3 3792 1677 1225
3 1706 1678 1225
3 1678 3792 1225
3 3791 1678 1706
3 87 1625 3868
3 3903 87 3868
3 86 3903 3868
3 86 54 3867
3 1625 55 3868
3 55 3832 3868
3 3833 55 1625
3 55 3833 3832
3 3832 1651 1652
3 1677 1651 23
3 3833 1651 3832
3 320 1436 1435
3 1444 320 1435
3 320 1444 4139
3 1445 320 4139
3 4069 257 4090
3 1444 307 4139
3 307 1444 308
3 1457 291 4124
3 1332 438 1329
3 462 1332 1329
3 1346 1349 441
3 1349 1346 1363
3 262 1363 4074
3 1489 262 4074
3 262 1489 4073
3 4073 1505 241
3 1477 1465 279
3 1477 261 4072
3 240 1491 4072
3 256 4088 4089
3 1470 4107 4106
3 1470 4122 1459
3 1482 275 4089
3 3993 1528 3994
3 3993 1548 3992
3 2162 4117 285
3 297 2164 2158
3 297 4115 2164
3 64 1615 65
3 1639 64 65
3 1196 3761 1723
3 1234 3803 1666
3 1234 1667 3803
3 4237 4222 4236
3 4222 1368 4236
3 1368 4222 4221
3 4184 1403 361
3 1403 4184 1391
3 1390 1403 1391
3 1403 1390 4185
3 1381 403 4221
3 1418 1415 343
3 344 1418 343
3 1418 341 1416
3 1418 344 341
3 4219 4220 1382
3 4205 4219 1382
3 4219 4205 402
3 1370 4219 402
3 3634 1161 1124
3 1773 3635 1087
3 1773 1124 3635
3 3634 1773 1087
3 1773 3634 1124
3 1162 3722 1746
3 1124 1747 3678
3 1161 1747 1124
3 1747 1161 3721
3 1747 1162 3678
3 1162 1747 3721
3 3722 1199 1719
3 1199 1162 3721
3 1199 3722 1162
3 1691 3805 1663
3 1693 1234 1666
3 1718 1200 1690
3 1200 3722 1719
3 3722 1200 1163
3 1011 1849 1826
3 3548 1011 1826
3 3509 1010 1826
3 1849 3509 1826
3 1823 1846 1013
3 1014 1846 1823
3 1824 1847 1012
3 1847 1824 1013
3 1846 1847 1013
3 1847 1846 1869
3 2007 2022 2023
3 3287 2007 3286
3 1048 3550 1824
3 3550 1048 1049
3 3718 1196 1723
3 3592 1798 1049
3 1798 3592 1087
3 3592 3634 1087
3 3634 3592 1086
3 1750 1122 3632
3 1122 1750 3676
3 1749 1122 3676
3 1122 1749 1775
3 3633 1749 1123
3 1749 3633 1775
3 3759 1725 3716
3 1194 3759 3716
3 3673 1752 1120
3 1778 3673 1120
3 3716 3673 1157
3 3673 3629 1157
3 3673 1778 3629
3 1725 3673 3716
3 1752 3673 1725
3 3630 1778 1120
3 3714 3671 1755
3 3671 1156 1754
3 3671 3714 1727
3 1156 3671 1727
3 3670 1117 1756
3 3672 1119 1754
3 1119 1753 3629
3 1753 1119 3672
3 3549 1824 1012
3 3631 1084 3589
3 1121 1084 3631
3 1121 1751 1159
3 1751 1121 3631
3 1751 3718 1159
3 364 4188 1400
3 2144 364 1400
3 364 2144 2143
3 4188 364 2142
3 364 363 2142
3 364 2143 363
3 4189 365 4200
3 365 4189 1399
3 1399 4189 366
3 1398 4189 4200
3 4189 1398 366
3 4122 1460 303
3 4150 1437 319
3 1437 4150 318
3 1446 4150 319
3 4150 4137 318
3 4150 1446 4137
3 331 340 1435
3 1435 340 1296
3 340 353 1257
3 1296 340 1257
3 4137 1447 318
3 1447 4136 317
3 4136 1447 1459
3 1419 338 1420
3 336 1431 327
3 4169 336 4158
3 336 327 4158
3 350 1422 1411
3 4146 1442 4158
3 2818 537 2793
3 2811 2818 2793
3 2818 2811 537
3 2809 2795 2796
3 535 2809 2796
3 2809 535 2795
3 2783 535 2828
3 546 2783 2769
3 2783 2770 2769
3 545 555 2770
3 555 545 2771
3 2784 545 2828
3 2783 545 2770
3 545 2783 2828
3 2741 2870 2755
3 568 2741 2755
3 2770 556 2769
3 2726 2869 579
3 2869 2741 568
3 2765 550 2838
3 549 2765 2838
3 2765 549 2766
3 2846 555 2771
3 567 2846 2758
3 2846 554 2758
3 2846 2771 554
3 2756 556 2770
3 2807 2785 534
3 2785 2807 533
3 2785 533 2826
3 544 2785 2826
3 551 2775 2776
3 551 2842 2775
3 551 2776 2762
3 2842 551 2762
3 2771 2772 554
3 544 2772 2771
3 2824 2788 2774
3 2788 2824 531
3 2805 2825 532
3 2825 2805 531
3 2824 2825 531
3 564 2760 2843
3 2760 564 2746
3 2760 2774 2843
3 2867 578 2743
3 578 2867 2744
3 2732 2731 575
3 2731 2716 587
3 2716 2731 2732
3 2865 576 2746
3 564 2865 2746
3 2909 2888 587
3 2888 2731 587
3 2731 2888 576
3 2776 563 2762
3 2748 563 2776
3 563 2747 2762
3 2747 2865 564
3 2731 2747 575
3 2747 2731 576
3 2865 2747 576
3 2761 2843 552
3 2761 564 2843
3 2775 2761 552
3 2842 2761 2775
3 2761 2747 564
3 2761 2842 2762
3 2747 2761 2762
3 3010 2660 3006
3 3010 3006 2647
3 650 3003 2650
3 3003 2651 2650
3 3003 3002 2651
3 685 3056 3055
3 3059 3056 685
3 2540 822 3266
3 822 2540 3292
3 821 2540 3266
3 3292 2540 821
3 2516 3319 2529
3 2513 3321 2514
3 2526 3321 2513
3 3295 847 2525
3 2526 847 3295
3 2525 847 3322
3 847 2513 3322
3 847 2526 2513
3 3294 2526 3295
3 2538 3294 3295
3 3294 2538 823
3 3294 823 2539
3 3384 900 873
3 927 2488 3414
3 2488 927 3415
3 3351 3384 873
3 3350 2501 2514
3 871 3350 2514
3 2859 561 2764
3 2861 561 2859
3 2764 561 2763
3 561 2854 2763
3 561 2861 2854
3 2723 593 2895
3 2707 593 605
3 593 2707 2895
3 2740 2871 569
3 2870 2740 569
3 582 2894 2723
3 2894 593 2723
3 2894 2739 2871
3 2739 2894 582
3 2874 2881 572
3 2766 2855 2851
3 2855 2753 2851
3 2855 2766 2767
3 2738 583 2873
3 2738 2872 2895
3 583 2738 2895
3 570 2739 2872
3 2738 570 2872
3 570 2738 2753
3 2739 570 2754
3 584 2880 2736
3 2881 584 2736
3 584 2874 2721
3 2874 584 2881
3 595 2705 2918
3 596 2902 2918
3 2902 595 2918
3 584 2902 2880
3 2957 2937 2690
3 2862 2749 2856
3 2749 2862 2854
3 2763 2862 2856
3 2854 2862 2763
3 585 2877 2884
3 2877 574 2884
3 574 562 2856
3 2749 574 2856
3 562 574 2863
3 2983 2984 2672
3 2985 2983 2672
3 2984 2983 638
3 2983 2985 638
3 622 2964 2963
3 2963 2964 2940
3 2964 2686 2940
3 2686 2964 2965
3 2964 622 2965
3 610 2942 2685
3 2945 2942 610
3 2942 2965 2685
3 2941 2686 2944
3 609 2941 2944
3 2941 609 2686
3 622 2962 2671
3 2962 2960 2671
3 2962 622 2963
3 2962 2687 2960
3 608 2687 2940
3 2939 2687 608
3 2960 2687 621
3 2687 2963 2940
3 2687 2962 2963
3 2687 2959 621
3 2687 2939 2959
3 760 3207 2571
3 759 760 2572
3 760 759 3206
3 3207 760 3206
3 3208 782 2559
3 3208 761 782
3 1905 938 3427
3 938 1905 3462
3 938 1904 3428
3 1904 938 3462
3 856 3305 1983
3 734 2065 3161
3 2065 2090 2078
3 2065 734 2090
3 753 2053 3192
3 2040 753 3192
3 753 3193 2052
3 2053 753 2052
3 2090 714 2078
3 714 2079 2078
3 2091 714 2090
3 714 2091 2079
3 3091 2625 3064
3 2580 3179 742
3 3117 2614 2615
3 2614 3117 703
3 2076 2089 2077
3 2141 2967 2968
3 2967 626 2968
3 2967 2141 623
3 626 2967 623
3 624 2138 623
3 624 625 2138
3 625 624 2966
3 2141 624 623
3 624 2141 2966
3 2991 641 2137
3 641 2991 2132
3 3018 641 2132
3 2131 641 3018
3 1794 1069 3614
3 3614 1069 1106
3 1069 1795 1106
3 1033 1070 1817
3 1821 3571 1031
3 3571 1820 1031
3 3571 1821 1068
3 1795 3571 1068
3 1069 3571 1795
3 1839 3536 1000
3 3536 1839 1035
3 1839 3535 1035
3 3497 1839 1000
3 1071 1816 1034
3 3535 1816 1035
3 1816 3535 1034
3 3535 1840 1034
3 1841 1840 999
3 1840 1839 999
3 1839 1840 3535
3 3620 1075 1074
3 1764 1110 3661
3 1110 1765 3661
3 1765 1110 3617
3 3705 1737 1148
3 1737 3705 1185
3 1794 1768 1107
3 1768 1794 1144
3 3498 1862 1000
3 1862 3497 1000
3 1862 3498 1884
3 1885 1862 1884
3 1862 1885 3497
3 1887 966 3459
3 966 1887 1886
3 3460 966 1886
3 1864 3495 998
3 1887 3495 1864
3 1885 1863 3497
3 1863 3496 999
3 3496 1863 1886
3 1863 1885 1886
3 1839 1863 999
3 1863 1839 3497
3 966 1907 3459
3 1907 966 3460
3 1885 967 1886
3 967 3460 1886
3 967 1885 3461
3 1906 937 3426
3 3460 1906 3426
3 937 1906 3461
3 1906 967 3461
3 967 1906 3460
3 3499 1883 1861
3 1883 1882 969
3 1882 1883 3499
3 1861 1883 1884
3 1883 968 1884
3 968 1883 3462
3 1883 1904 3462
3 1904 1883 969
3 3501 1859 1003
3 1075 3579 1812
3 3709 3666 1151
3 3710 3666 1189
3 3666 3709 1189
3 3709 3752 1189
3 3752 1704 1189
3 1704 3752 1225
3 1815 3536 1035
3 1815 1036 3536
3 1038 1813 1812
3 1038 3538 1813
3 3579 1038 1812
3 1836 3539 1835
3 1003 1836 1835
3 1859 1836 1003
3 1038 1836 3538
3 1836 1038 3539
3 1836 1002 3538
3 1002 1859 3500
3 1002 1836 1859
3 1837 1001 3537
3 1002 1837 3538
3 1837 3499 1001
3 3179 3180 742
3 2568 3180 3179
3 763 2557 3211
3 763 3180 2568
3 3180 763 3181
3 2076 2064 3151
3 3297 2523 3298
3 2523 2524 849
3 2524 2523 3297
3 826 3297 3298
3 3296 2536 824
3 2536 3269 824
3 2536 3270 3269
3 3270 2547 803
3 2547 3240 803
3 2547 3241 3240
3 874 2512 2499
3 3352 874 2499
3 874 3352 3385
3 3353 874 3385
3 1226 3753 1704
3 3753 1732 1189
3 1704 3753 1189
3 3753 1226 1703
3 1731 3753 1703
3 1732 3753 1731
3 1975 3312 1976
3 1992 838 3312
3 1993 838 3285
3 838 3286 3285
3 838 1992 3286
3 3338 1977 860
3 861 3338 1959
3 3338 861 1977
3 3311 838 1993
3 3311 861 1976
3 861 3311 1977
3 3312 3311 1976
3 838 3311 3312
3 1827 3547 1826
3 1010 1827 1826
3 1892 3473 978
3 3473 1893 978
3 3473 1892 948
3 1893 3473 948
3 3439 1893 948
3 1913 3439 948
3 919 3439 1913
3 1989 1972 1953
3 1972 1973 3342
3 1973 1989 841
3 1973 1972 1989
3 1758 1731 3711
3 1731 1758 3667
3 837 1993 3285
3 837 3311 1993
3 817 2009 3285
3 2009 816 3285
3 3278 2001 2000
3 3278 3279 811
3 2001 3304 2000
3 3304 1984 1983
3 1984 855 1983
3 3251 2030 791
3 3279 1999 833
3 1999 3305 833
3 835 3308 1996
3 813 3281 2013
3 3252 813 2013
3 813 3252 3251
3 3226 2565 776
3 2565 3194 776
3 3228 2565 3226
3 3229 2565 3228
3 2565 3229 3230
3 735 2588 3131
3 3163 2588 735
3 2599 2611 716
3 2599 2610 2611
3 3131 2599 716
3 2588 2599 3131
3 3140 2586 3142
3 2597 3140 3142
3 2610 3103 2622
3 3103 698 2622
3 3103 2610 2609
3 698 3103 2609
3 2932 2712 601
3 601 2712 2911
3 2912 2712 602
3 2712 2932 602
3 2712 2912 590
3 2890 2712 590
3 2712 2890 2911
3 2714 2909 2929
3 600 2714 2929
3 2909 2714 588
3 2619 2618 3079
3 3114 2618 2619
3 2617 2618 3108
3 2618 3087 3079
3 2618 2617 3087
3 2620 681 3077
3 3078 681 2620
3 2631 682 3051
3 2631 3078 682
3 2631 681 3078
3 3050 2631 3051
3 681 2631 3050
3 3027 2651 649
3 2651 3027 2640
3 665 2641 3052
3 2640 665 3052
3 3027 665 2640
3 665 2652 2641
3 3002 2652 649
3 2652 3002 3001
3 2652 3027 649
3 2652 665 3027
3 3026 664 3051
3 2653 664 3026
3 3085 3054 3062
3 3085 2627 3054
3 2627 3085 3086
3 3080 3088 2629
3 3088 3080 2617
3 3088 2617 2616
3 778 2564 3233
3 2564 3231 3233
3 3170 3202 3172
3 2574 3202 3170
3 3172 3202 3233
3 3202 778 3233
3 757 2575 3171
3 2575 757 3196
3 2585 3134 3142
3 738 2585 3142
3 2585 738 3172
3 3134 2585 3143
3 2585 3136 3143
3 2585 3172 2584
3 3135 2585 2584
3 2585 3135 3136
3 719 2596 2608
3 719 2597 3142
3 2597 719 2608
3 3134 719 3142
3 2596 719 3134
3 2349 2332 3725
3 2332 2349 3724
3 2349 1165 3724
3 3724 1164 3680
3 1164 3637 3680
3 3637 1164 1127
3 3766 2314 0
3 2313 3766 0
3 3766 2331 2314
3 3766 2313 2331
3 2330 2313 1204
3 2313 2330 3726
3 3727 2330 1204
3 2330 2347 3726
3 2347 2330 3727
3 3767 2313 1
3 2313 3767 1204
3 2296 3807 1
3 2296 2297 3806
3 2297 2296 1
3 2296 3806 2280
3 3807 2296 2280
3 2 3808 2294
3 1058 3559 3601
3 2403 1058 3560
3 3559 1058 2403
3 1133 2343 2361
3 3644 1133 2361
3 3687 3644 2362
3 1133 3687 2343
3 3687 1133 3644
3 2441 987 3482
3 987 2440 3482
3 2440 987 2421
3 987 2441 2422
3 3520 987 2422
3 987 3520 2421
3 3596 3554 2388
3 3554 1017 2409
3 1017 3513 2409
3 2447 2465 3475
3 2447 3476 2465
3 3476 2446 2464
3 2480 3442 921
3 3407 2480 921
3 3444 2477 923
3 2478 3444 923
3 3553 1052 1053
3 3553 2410 1052
3 2410 3553 1016
3 3553 2409 1016
3 2409 3553 1053
3 930 3418 2469
3 3418 3385 2485
3 3385 3418 901
3 2452 3489 960
3 3489 2451 960
3 2451 3489 2433
3 3489 993 2433
3 993 3489 2434
3 3525 2417 1026
3 2438 3484 989
3 3485 2438 989
3 3485 2455 957
3 2419 3523 989
3 3523 2418 989
3 2418 3523 1025
3 3524 2418 1025
3 2397 3524 1025
3 3524 2417 990
3 2418 3524 990
3 2417 3524 1026
3 3524 2397 1026
3 3447 955 2457
3 2475 955 3447
3 955 2458 2457
3 955 2475 3446
3 2459 955 3446
3 2458 955 2459
3 2439 2420 2419
3 2420 2439 988
3 2420 3522 2419
3 3521 2420 988
3 3522 2420 1023
3 2420 3521 1023
3 2398 3564 1025
3 2530 3317 2517
3 3317 2518 2517
3 2505 3346 869
3 2518 2505 869
3 2505 2518 3346
3 922 2479 3443
3 2479 922 3442
3 3410 2493 923
3 2493 3410 3377
3 3410 2492 3377
3 2477 3410 923
3 3409 3376 2494
3 2492 3411 3378
3 2491 3411 924
3 3411 2491 3378
3 3410 3411 2492
3 3411 2477 924
3 3411 3410 2477
3 895 3345 3377
3 2492 895 3377
3 895 2492 3378
3 895 3378 2506
3 3345 895 2506
3 3274 2004 3275
3 3304 831 3303
3 831 3304 2001
3 1890 1889 963
3 1910 1889 964
3 935 3424 1909
3 3424 935 3392
3 2413 3490 2433
3 3490 2451 2433
3 2449 2450 3491
3 2450 2432 3491
3 2450 3490 2432
3 2451 2450 961
3 3490 2450 2451
3 4185 1402 362
3 1402 4186 362
3 390 4197 4196
3 4208 390 4196
3 4197 390 1379
3 1379 390 404
3 417 1368 4221
3 403 417 4221
3 1368 417 4236
3 416 1371 4232
3 1371 4203 4217
3 419 1366 4241
3 460 454 1329
3 1312 459 4277
3 463 1332 462
3 446 4261 1345
3 1332 4260 438
3 438 4260 441
3 4260 1328 441
3 1254 4348 514
3 4348 1254 4347
3 4329 1275 514
3 492 1277 514
3 1274 515 4330
3 515 1274 4329
3 476 4311 1293
3 481 476 1293
3 476 481 480
3 1295 478 1294
3 465 4278 1310
3 4278 465 1327
3 4278 464 1310
3 1328 4278 1327
3 464 4278 1328
3 465 1326 1327
3 4261 1326 4262
3 1326 4261 1327
3 432 4233 4232
3 432 1356 4233
3 4268 1340 4267
3 1340 4268 449
3 4265 448 1342
3 448 4265 1324
3 1324 4265 4264
3 4265 4246 4264
3 4246 4265 1342
3 448 4247 1342
3 431 4247 1341
3 1341 4247 4266
3 4247 448 4266
3 4247 4246 1342
3 4246 4247 1359
3 467 1324 4281
3 1307 467 4281
3 467 1307 1306
3 4334 1246 522
3 1306 4298 4299
3 1307 4298 1306
3 4341 4322 1263
3 4322 1262 4323
3 1262 4322 4341
3 4322 506 1263
3 506 4322 4321
3 4322 1283 4321
3 1302 4286 4303
3 450 4270 1320
3 4270 450 1338
3 1338 450 4252
3 450 4271 4252
3 1392 1405 1393
3 1395 371 4191
3 371 1395 1394
3 1395 368 4181
3 4192 368 4191
3 4193 1392 1393
3 4192 4193 1393
3 4193 4192 388
3 4205 4193 388
3 4193 4194 1392
3 4193 4205 1382
3 4194 4193 1382
3 380 4190 369
3 1394 4190 4191
3 4190 1396 369
3 4190 1394 1396
3 4201 400 401
3 400 4201 380
3 400 4215 1373
3 4215 414 1373
3 4192 1383 388
3 4203 1383 4192
3 4217 4202 401
3 415 400 1373
3 4229 415 1373
3 4216 4217 401
3 4216 1372 4217
3 4216 415 1372
3 400 4216 401
3 415 4216 400
3 4336 1245 4355
3 1245 4354 4355
3 1245 4336 522
3 4354 1245 522
3 4357 4356 527
3 4358 4357 527
3 4339 4357 4358
3 1244 523 4337
3 1244 4356 523
3 4355 1244 4337
3 4356 1244 4355
3 4338 1264 4320
3 1264 4338 4339
3 4320 1264 4321
3 1264 506 4321
3 1264 4339 506
3 4302 1284 489
3 1284 4320 4321
3 489 1284 4321
3 1284 4319 4320
3 4319 1284 4301
3 1284 4302 4301
3 1344 447 4244
3 447 4263 4244
3 447 1344 4262
3 1326 447 4262
3 447 1326 4263
3 4243 4242 1345
3 1346 4242 1363
3 4242 1346 1350
3 421 1344 4244
3 421 4243 1344
3 2155 321 4152
3 321 2155 4140
3 2155 4152 2154
3 4141 2155 2154
3 2155 4141 310
3 2155 309 4140
3 309 2155 310
3 2209 3980 3979
3 2200 224 4053
3 224 2200 4029
3 224 2201 4053
3 224 4029 2201
3 4030 2200 225
3 2200 4030 204
3 2199 4030 225
3 2222 3978 155
3 2222 155 3948
3 2222 2236 154
3 2236 2222 3948
3 3606 2376 1062
3 1100 2376 3606
3 2376 1100 3607
3 1063 2376 3607
3 2355 3650 1138
3 3650 2355 3607
3 1100 3650 3607
3 2356 1100 3606
3 2356 3650 1100
3 3650 2356 1138
3 2357 3605 2378
3 2357 1099 3605
3 1099 2357 1137
3 1175 2320 3737
3 2320 1175 3736
3 2320 2302 3737
3 1138 3693 2337
3 3693 1175 2337
3 2356 3693 1138
3 2334 3739 3740
3 1178 2334 3740
3 1178 2333 3697
3 2333 1178 3740
3 3653 1178 3697
3 2300 11 2283
3 3779 11 2300
3 11 3779 2301
3 67 2278 3845
3 68 3881 2277
3 2323 3774 1210
3 6 3773 2307
3 2275 38 3848
3 1208 2326 3771
3 2329 3727 1204
3 3685 3642 1131
3 2364 3685 1131
3 3884 100 2259
3 71 3884 2259
3 3884 71 2274
3 39 3813 2274
3 71 39 2274
3 100 3918 2259
3 129 3918 2246
3 3918 129 2245
3 130 3919 2245
3 3918 3919 2259
3 3919 3918 2245
3 2253 2254 3924
3 105 2253 3924
3 1173 3734 3691
3 2322 3734 1210
3 3734 2323 1210
3 2323 3734 1173
3 2270 3887 74
3 102 3887 73
3 74 3887 3888
3 3887 2256 3888
3 3887 102 3921
3 2256 3887 3921
3 2271 3852 41
3 3852 2271 73
3 3852 2270 41
3 3887 3852 73
3 3852 3887 2270
3 3914 2250 97
3 2250 3914 125
3 3946 2250 125
3 126 2250 3946
3 2249 126 2237
3 2249 3947 127
3 3947 2249 2237
3 3947 2223 154
3 2223 3947 153
3 2223 153 3976
3 3688 3645 2361
3 3645 3688 1134
3 3645 1096 2361
3 1096 2382 2361
3 2382 1058 3601
3 1058 2382 1096
3 3602 1134 3646
3 3559 2404 1057
3 2383 3600 2362
3 1094 3600 1057
3 3600 2383 1057
3 3644 1095 2362
3 1095 2383 2362
3 1095 3644 2361
3 2383 1095 1057
3 2382 1095 2361
3 1095 2382 3601
3 1095 3559 1057
3 3559 1095 3601
3 2363 3643 1094
3 2345 2363 3642
3 3685 2345 3642
3 2272 40 3851
3 2271 40 2272
3 2322 1211 3735
3 2218 3952 158
3 2218 159 3952
3 3981 2218 158
3 159 2230 3952
3 2230 2243 3952
3 4054 2199 225
3 2191 4054 225
3 4076 2182 263
3 2182 4076 245
3 263 2182 4075
3 2182 245 4075
3 4076 2189 245
3 2189 4054 245
3 4054 2189 2199
3 2180 4096 265
3 2180 4077 4096
3 2180 265 4078
3 247 2180 4078
3 2180 247 4077
3 2184 249 2177
3 249 2184 4059
3 2184 230 4059
3 296 4114 2165
3 2164 4114 296
3 2165 4114 282
3 4114 4098 282
3 4079 2179 266
3 2179 4079 248
3 2178 4079 266
3 4079 2186 248
3 4079 2178 4058
3 2186 4079 4058
3 77 2251 3892
3 2251 107 3892
3 107 2251 3926
3 2282 3820 2281
3 2283 2282 12
3 3819 2282 2283
3 3955 161 2227
3 134 3955 2227
3 3955 2240 2228
3 2240 3955 134
3 2240 134 3924
3 2254 2240 3924
3 3923 2240 2254
3 2239 105 3924
3 134 2239 3924
3 2239 134 2227
3 2238 2226 3957
3 2226 2238 135
3 3987 3988 1553
3 3988 3987 1534
3 3958 2225 1553
3 107 78 3892
3 3858 78 3893
3 4059 2194 229
3 230 2194 4059
3 75 3889 2254
3 3889 104 2254
3 3888 3889 2269
3 3889 3854 2269
3 3854 3889 75
3 104 2255 3923
3 2241 2255 3922
3 2255 2241 3923
3 3922 2255 103
3 2255 3888 103
3 2255 3889 3888
3 3889 2255 104
3 2149 332 2147
3 4165 2149 2147
3 332 2149 323
3 323 2149 4154
3 2149 4165 4154
3 1423 4167 1424
3 2151 312 4143
3 4176 348 2146
3 348 4176 2144
3 4176 347 2145
3 347 4176 2146
3 2143 4176 2145
3 2144 4176 2143
3 4177 348 2144
3 4177 2144 1400
3 348 4177 1424
3 4177 365 1412
3 365 4177 1400
3 1423 4177 1412
3 4177 1423 1424
3 137 1591 1592
3 1591 137 3959
3 3958 137 1592
3 1590 1570 139
3 1590 139 1589
3 108 79 3893
3 1613 108 3928
3 79 1613 3894
3 1613 79 108
3 1614 108 3893
3 78 1614 3893
3 1614 78 107
3 1610 3931 111
3 3897 1610 111
3 81 1610 3897
3 3931 1610 1588
3 49 1633 3862
3 1633 81 3862
3 3861 1633 49
3 78 1637 3892
3 1637 78 3858
3 1637 3858 46
3 1636 3822 46
3 3822 1662 46
3 14 3822 1661
3 3822 14 1662
3 2372 1066 3610
3 1066 3568 3610
3 1066 3611 3569
3 1066 2372 3611
3 2393 1066 3569
3 3568 1066 2393
3 991 3525 2416
3 3525 991 2417
3 3526 992 2416
3 3525 3526 2416
3 1845 1844 996
3 3531 1844 1845
3 1844 1843 996
3 1844 3531 1843
3 1868 995 1845
3 995 2431 2412
3 2431 995 3491
3 995 1868 3491
3 3530 995 2412
3 995 3530 1845
3 10 3778 2302
3 1213 3778 2301
3 3778 1213 2302
3 3777 10 2302
3 2320 3777 2302
3 3777 9 2286
3 9 3777 2303
3 3854 2268 43
3 2268 3854 75
3 43 2268 3855
3 2374 2354 2353
3 1102 2374 2353
3 2374 1102 3567
3 2333 3654 2351
3 3654 2333 3698
3 3654 3698 1142
3 1104 3654 1142
3 2351 3654 1104
3 2333 1179 3698
3 3741 1179 2333
3 3698 1179 1744
3 1179 3741 1744
3 2316 2333 3740
3 2316 3741 2333
3 3741 2316 1216
3 3782 14 1688
3 14 3782 1662
3 2298 3782 1716
3 3960 1590 138
3 1590 3960 1570
3 3960 1550 1570
3 3962 1548 1568
3 1549 1569 3961
3 1549 3962 1569
3 3787 17 1657
3 17 3787 1684
3 3826 1658 3825
3 1658 17 3825
3 1658 3826 1657
3 17 1658 1657
3 3744 3701 1181
3 3701 3744 1741
3 3657 3701 1144
3 3701 3657 1181
3 3701 1768 1144
3 1768 3701 1741
3 1715 3743 3742
3 3659 1740 1183
3 1740 3746 1183
3 3746 1740 3745
3 4028 223 4052
3 223 1503 4052
3 4051 223 4027
3 1503 223 4051
3 1518 201 4052
3 201 4028 4052
3 201 1518 4003
3 4002 201 4003
3 3999 3998 1523
3 3998 3999 1541
3 222 4026 4050
3 1504 222 4050
3 222 4051 4027
3 222 1504 4051
3 4024 1524 219
3 241 1506 4072
3 1506 240 4072
3 4021 194 217
3 4022 4021 217
3 1508 4047 219
3 4047 1508 239
3 1595 3910 123
3 1595 123 3945
3 3911 1595 3945
3 94 3911 1617
3 94 1595 3911
3 1595 94 3910
3 3974 151 1576
3 151 3975 1574
3 177 3973 1537
3 1556 3973 177
3 1700 1229 3757
3 1229 1700 3756
3 3756 1700 1192
3 1700 1728 1192
3 1728 1700 3757
3 3668 1757 3625
3 1757 1116 3625
3 26 1647 1646
3 3796 26 1673
3 1647 26 3796
3 57 3835 1648
3 3835 1647 1648
3 1647 3835 58
3 1650 3833 1649
3 1650 1676 23
3 1651 1650 23
3 1650 1651 3833
3 56 3833 1625
3 1602 117 3938
3 1560 173 1540
3 3999 173 1541
3 3970 1560 1540
3 3970 1559 147
3 1560 3970 147
3 1522 3999 4025
3 4000 1521 4001
3 173 4000 1540
3 4000 173 3999
3 176 4003 1537
3 176 4002 4003
3 4002 176 1538
3 3973 176 1537
3 176 3972 1538
3 1519 4002 4001
3 201 1519 4028
3 1519 201 4002
3 59 3837 1646
3 3837 27 1646
3 27 3837 1645
3 3874 3837 59
3 1647 3836 1646
3 3836 59 1646
3 3836 1647 58
3 3873 3836 58
3 59 3836 3873
3 1672 1699 3757
3 1230 1699 1672
3 3757 1699 1193
3 1193 1699 3758
3 1699 1230 3758
3 3798 1645 1671
3 3798 27 1645
3 27 3798 1672
3 1230 3798 1671
3 3798 1230 1672
3 3932 1609 3931
3 1587 3932 3931
3 1609 3932 112
3 3932 3933 112
3 3932 1587 3933
3 1630 83 3899
3 83 1630 3864
3 83 3864 3898
3 3899 83 1608
3 83 3898 1608
3 18 3827 1656
3 3827 18 1657
3 18 3787 1657
3 3787 18 1683
3 1655 3789 19
3 1654 20 3829
3 20 1655 3829
3 3790 20 1654
3 20 3790 1680
3 20 1680 1681
3 3789 20 1681
3 20 3789 1655
3 3867 53 1628
3 53 1654 3829
3 3866 53 3829
3 53 3866 1628
3 3831 54 3868
3 3832 3831 3868
3 3831 3832 1652
3 1653 3831 1652
3 54 3831 1653
3 3900 1607 3934
3 1607 3900 84
3 85 3900 3901
3 3900 3866 84
3 3866 3900 85
3 3866 1629 84
3 52 1629 3866
3 1708 1223 3749
3 1707 1223 1680
3 1680 1223 1681
3 1223 1708 1681
3 1679 1707 3790
3 3791 1679 21
3 1679 3790 21
3 1679 3791 1706
3 1676 3793 23
3 3793 1677 23
3 3793 1676 1226
3 1677 3793 1226
3 3904 88 1625
3 87 3904 1625
3 3904 87 117
3 1602 3904 117
3 3904 1602 88
3 54 1626 3868
3 1626 86 3868
3 86 1626 54
3 1651 22 1652
3 1678 22 3792
3 22 1677 3792
3 22 1651 1677
3 22 3791 1652
3 22 1678 3791
3 320 4151 1436
3 331 4151 319
3 1436 4151 331
3 4151 320 1445
3 4044 1511 216
3 1512 4044 216
3 4044 1512 236
3 1511 4044 1496
3 1457 1468 291
3 4109 1468 292
3 1468 1481 275
3 1468 4109 1481
3 306 1445 4139
3 261 4094 4073
3 4094 262 4073
3 4094 1477 279
3 1477 4094 261
3 4094 279 1363
3 262 4094 1363
3 1490 4073 241
3 1490 261 4073
3 1490 241 4072
3 261 1490 4072
3 1505 242 4050
3 242 1505 4073
3 1489 242 4073
3 242 1489 4074
3 1504 242 4074
3 242 1504 4050
3 272 4105 4087
3 1473 4105 272
3 273 4105 4106
3 4105 273 4087
3 1471 1470 4106
3 1470 1471 4122
3 4088 274 4089
3 274 1482 4089
3 4102 270 1488
3 270 4084 1488
3 1528 4020 3994
3 194 4020 217
3 1511 4020 216
3 4020 1511 217
3 4019 1512 216
3 1512 4019 215
3 3963 1587 1568
3 1548 3963 1568
3 1526 4022 195
3 1526 4021 4022
3 4020 1527 3994
3 1527 4020 194
3 4021 1527 194
3 1526 1527 4021
3 4018 191 214
3 254 4065 1499
3 1464 4132 300
3 2162 298 4117
3 298 2162 4116
3 4115 283 2164
3 63 3878 1615
3 3878 3912 1615
3 3878 95 3912
3 95 3877 3911
3 3911 3877 1617
3 1642 1641 30
3 1642 29 3840
3 1641 3802 30
3 3802 1668 30
3 1667 31 3803
3 31 3802 1641
3 3802 31 1667
3 1695 3762 1723
3 3761 1695 1723
3 1695 1667 3762
3 1695 3802 1667
3 3762 3719 1723
3 3719 1750 1723
3 1750 3719 3676
3 1749 3720 3677
3 1161 3720 1721
3 3720 1161 3677
3 1694 1197 3762
3 1667 1694 3762
3 1234 1694 1667
3 418 1367 4237
3 1367 4222 4237
3 4222 1367 404
3 1390 4195 4196
3 4195 1390 1391
3 4222 4211 4221
3 4195 4211 4196
3 376 4183 1392
3 376 4194 1391
3 4194 376 1392
3 4187 1414 1415
3 4183 4187 1415
3 1161 1748 3677
3 3634 1748 1161
3 1774 3634 1086
3 1774 3633 1123
3 3633 1774 1086
3 1774 1123 3677
3 3722 3679 1746
3 3679 3722 1163
3 1746 3679 1125
3 3679 1163 1125
3 1691 3765 1236
3 3765 3764 1236
3 3764 3765 1199
3 1199 3765 1719
3 3765 1200 1719
3 33 1638 1663
3 3805 33 1663
3 33 1639 1638
3 1664 1691 1236
3 1664 3805 1691
3 1664 33 3805
3 3763 1198 1721
3 3720 3763 1721
3 3763 3720 1197
3 1693 3763 1234
3 1694 3763 1197
3 3763 1694 1234
3 1720 1199 3721
3 1720 3764 1199
3 1198 1720 3721
3 3764 1720 1198
3 1665 1664 1236
3 1200 3723 1163
3 3723 1200 1718
3 1163 3723 1745
3 3723 1201 1745
3 3723 1718 1201
3 3510 1011 1848
3 1011 3510 1849
3 1870 3510 1848
3 3508 1827 1010
3 1846 980 1869
3 1870 980 1891
3 980 1870 1869
3 980 949 1891
3 980 1014 949
3 980 1846 1014
3 3511 1870 1848
3 3511 1848 1012
3 1847 3511 1012
3 3511 1847 1869
3 1870 3511 1869
3 979 3474 1892
3 3474 979 1891
3 979 1870 1891
3 3286 2008 3285
3 2008 817 3285
3 819 2007 3287
3 2022 819 2006
3 2007 819 2022
3 2039 3224 2038
3 3193 754 2052
3 2039 754 3193
3 754 2039 2038
3 754 2090 2052
3 754 2022 2090
3 1750 3675 1723
3 3675 3718 1723
3 3718 3675 1159
3 3675 1121 1159
3 1698 1194 3758
3 1698 3759 1194
3 1230 1698 3758
3 1698 1230 1671
3 1777 3631 3589
3 1777 1751 3631
3 1046 3547 1803
3 1046 3548 3547
3 1778 3588 1082
3 3630 3588 1778
3 1082 3588 1803
3 3588 1046 1803
3 3671 1118 1755
3 1780 1118 1754
3 1118 3671 1754
3 1081 1118 1780
3 3628 1780 1754
3 1119 3628 1754
3 3628 1081 1780
3 1047 3549 3548
3 1047 1048 1824
3 3549 1047 1824
3 1825 1011 3548
3 3549 1825 3548
3 1825 3549 1012
3 1848 1825 1012
3 1011 1825 1848
3 1776 1750 3632
3 1084 1776 3632
3 1121 1776 1084
3 1776 3675 1750
3 3675 1776 1121
3 1751 1724 3718
3 3718 1724 1196
3 3760 1724 1195
3 1724 3761 1196
3 3761 1724 3760
3 306 4138 1445
3 4138 1446 319
3 4151 4138 319
3 4138 4151 1445
3 1447 304 1459
3 304 1447 4137
3 1446 304 4137
3 1458 304 1446
3 1458 305 4124
3 305 1458 1446
3 4138 305 1446
3 305 1457 4124
3 305 306 1457
3 305 4138 306
3 291 1469 4124
3 1469 1458 4124
3 1469 274 4107
3 1438 1437 318
3 339 4161 1429
3 1437 4162 331
3 4162 340 331
3 1449 4135 303
3 317 4148 1439
3 4136 4148 317
3 328 4148 1440
3 303 1448 1459
3 1448 4136 1459
3 4135 1448 303
3 4148 1448 4135
3 1448 4148 4136
3 4148 4160 1439
3 4160 4148 328
3 1430 328 337
3 4170 1430 337
3 1430 4160 328
3 4160 1430 338
3 1430 4170 1420
3 338 1430 1420
3 1410 350 1411
3 350 1410 4179
3 1398 1410 1411
3 1410 1398 367
3 1410 367 1397
3 4179 1410 1397
3 1421 4179 351
3 1421 350 4179
3 336 1421 1431
3 350 1421 1422
3 1431 1421 4170
3 1422 1421 4169
3 1421 336 4169
3 1420 1421 351
3 4170 1421 1420
3 1441 4146 4158
3 327 1441 4158
3 4147 1441 327
3 1463 4119 300
3 4132 1452 300
3 535 2829 2795
3 2783 2829 535
3 2829 2782 2795
3 2782 2829 546
3 2829 2783 546
3 2827 545 2784
3 2827 2785 544
3 2827 544 2771
3 545 2827 2771
3 2827 2784 534
3 2785 2827 534
3 2741 580 2870
3 2869 580 2741
3 580 2869 2726
3 2892 580 2726
3 2848 2755 2769
3 556 2848 2769
3 2848 568 2755
3 2848 2756 568
3 2756 2848 556
3 550 560 2764
3 2765 560 550
3 555 2847 2770
3 2847 2756 2770
3 2742 2869 568
3 2756 2742 568
3 2847 2742 2756
3 2868 2742 567
3 2742 2868 579
3 2869 2742 579
3 2772 543 2773
3 543 2825 2773
3 543 544 2826
3 543 2772 544
3 2773 542 2774
3 2825 542 2773
3 542 2824 2774
3 542 2825 2824
3 2730 2909 588
3 2730 2888 2909
3 576 2866 2746
3 2864 563 2748
3 2864 2747 563
3 2864 2748 575
3 2747 2864 575
3 3007 3010 2647
3 3010 3007 2660
3 635 2662 3004
3 3004 2662 2649
3 2662 650 2649
3 2662 3003 650
3 2665 2976 632
3 2975 2976 2679
3 2976 2975 632
3 3037 3059 668
3 3037 3056 3059
3 3037 668 651
3 3056 3037 3055
3 2649 3037 651
3 845 2528 2529
3 3319 845 2529
3 2527 3293 2528
3 822 3293 2539
3 3293 3294 2539
3 3294 3293 2527
3 3293 822 3292
3 2528 3293 3292
3 846 3321 2526
3 3294 846 2526
3 846 3294 2527
3 3321 846 2514
3 2473 3448 957
3 3448 2473 3414
3 2473 927 3414
3 2501 872 2514
3 872 2513 2514
3 872 2501 3383
3 3351 872 3383
3 3382 3350 871
3 3382 2488 3415
3 2501 899 3383
3 3350 899 2501
3 3382 899 3350
3 2987 2979 2661
3 2979 635 2661
3 2740 581 2871
3 581 2894 2871
3 2893 581 2870
3 581 2740 2870
3 2752 2737 572
3 2737 2874 572
3 2874 2737 2721
3 2737 2896 2721
3 2737 583 2896
3 559 2766 2851
3 559 2765 2766
3 2722 583 2895
3 583 2722 2896
3 594 2722 2895
3 2722 594 2896
3 2850 2767 2754
3 570 2850 2754
3 2850 570 2753
3 2753 571 2851
3 2738 571 2753
3 571 2752 2851
3 571 2738 2873
3 571 2737 2752
3 2689 619 2958
3 619 2957 2674
3 2937 619 2689
3 619 2937 2957
3 619 2673 2958
3 2673 619 2980
3 619 2674 2980
3 2917 2705 595
3 2917 594 2706
3 594 2917 2896
3 2896 2917 2721
3 2917 595 2721
3 2720 596 2898
3 2720 2902 596
3 2880 2720 2898
3 2902 2720 2880
3 595 2897 2721
3 2902 2897 595
3 2897 584 2721
3 2897 2902 584
3 606 2917 2706
3 606 2707 2690
3 2937 606 2690
3 606 2937 2689
3 2885 2733 2863
3 2733 2885 2879
3 574 2885 2863
3 2885 574 2877
3 2885 585 2879
3 2885 2877 585
3 2734 2876 2884
3 574 2734 2884
3 2734 574 2876
3 574 2883 2876
3 2883 573 2875
3 2883 2749 573
3 2883 574 2749
3 2876 2883 2719
3 2883 2875 2898
3 2719 2883 2898
3 2943 2945 2944
3 2943 2942 2945
3 2942 2943 2965
3 2943 2686 2965
3 2686 2943 2944
3 3176 3175 2572
3 760 3176 2572
3 3208 2570 761
3 2570 740 761
3 740 2570 3178
3 1965 882 1964
3 752 773 3192
3 752 2041 773
3 2053 752 3192
3 752 2053 3161
3 2054 752 3161
3 2079 2066 2078
3 2066 2065 2078
3 2065 2066 3161
3 2041 3191 772
3 752 3191 2041
3 3191 752 2054
3 3222 2041 772
3 2041 3222 773
3 3222 2040 773
3 2009 3255 816
3 3255 2025 795
3 3255 2009 2025
3 2993 642 2130
3 643 2993 2130
3 2993 627 2136
3 2993 643 627
3 2137 2992 2136
3 642 2992 2131
3 641 2992 2137
3 2992 641 2131
3 2121 659 2129
3 642 3019 2130
3 3019 642 2131
3 2120 2128 3064
3 687 3091 2101
3 3092 687 2101
3 3148 2580 742
3 2580 3148 2591
3 2581 740 3178
3 3117 2602 703
3 2089 2601 2077
3 2601 2590 2077
3 2601 2602 2590
3 2603 3117 2615
3 2602 2603 2591
3 2603 2602 3117
3 2135 2134 2989
3 2134 639 2989
3 3615 1070 1107
3 3615 1793 1070
3 1793 3615 1145
3 1070 3574 1817
3 3574 1034 1817
3 3574 1071 1034
3 1819 1818 1032
3 1033 1818 1070
3 1032 3533 3532
3 3533 1842 3532
3 1818 3533 1032
3 3533 1818 1033
3 1842 3533 998
3 3533 1841 998
3 3534 1033 1817
3 1034 3534 1817
3 3533 3534 1841
3 3534 3533 1033
3 1840 3534 1034
3 3534 1840 1841
3 3575 1816 1071
3 1816 3575 1035
3 3575 1815 1035
3 1112 3620 1762
3 1112 1150 3621
3 3620 1112 1075
3 1788 3620 1074
3 3620 1788 1762
3 1788 1149 1762
3 1113 1786 3621
3 1786 1113 3622
3 1113 3665 1151
3 1763 1789 3662
3 1109 1765 3617
3 1109 3660 1765
3 1792 1109 1071
3 1109 1792 3616
3 1109 3575 1071
3 1766 1109 3616
3 3660 1109 1766
3 3704 3705 3661
3 3618 1789 1073
3 1789 3618 3662
3 3662 3618 1764
3 3618 1110 1764
3 3789 1682 19
3 1768 3658 1107
3 3658 3615 1107
3 3615 3658 1145
3 1145 3658 1182
3 3658 1741 1182
3 3658 1768 1741
3 1146 3660 1766
3 1146 1766 3616
3 1767 1793 1145
3 909 1926 3427
3 3394 1926 909
3 1926 937 3427
3 937 1926 3426
3 3426 1926 908
3 1926 3394 908
3 882 3362 909
3 3362 3394 909
3 1888 1889 3494
3 1889 1888 964
3 3495 1865 998
3 1865 1842 998
3 1865 1866 1842
3 1866 1865 3494
3 1865 1888 3494
3 1865 3495 1887
3 965 1865 1887
3 1888 1865 965
3 936 3460 3426
3 936 1907 3460
3 1907 936 3459
3 3666 1760 1151
3 1760 1113 1151
3 1113 1760 3622
3 1152 1759 3710
3 1759 3666 3710
3 3665 1188 1151
3 3538 1037 1813
3 1036 1037 3537
3 1814 1037 1036
3 1037 1837 3537
3 1837 1037 3538
3 3577 1814 1073
3 1789 3577 1073
3 1813 3577 1074
3 1037 3577 1813
3 3577 1037 1814
3 3576 1814 1036
3 1815 3576 1036
3 1814 3576 1073
3 1860 1002 3500
3 1882 1860 3500
3 1860 1882 3499
3 1837 1860 3499
3 1860 1837 1002
3 2557 2545 3243
3 3242 2545 2557
3 3209 2570 3208
3 3209 3208 2559
3 2567 763 3211
3 763 2567 3181
3 764 2567 3211
3 2567 764 3181
3 3210 763 2568
3 763 3210 2557
3 2020 3274 3275
3 2064 744 3151
3 3183 2049 745
3 2049 3184 745
3 3184 2049 766
3 3244 2556 3243
3 2557 2556 3211
3 2556 2557 3243
3 2545 806 3243
3 806 2545 3272
3 2534 826 3298
3 2534 3272 3271
3 826 2534 3271
3 3270 2535 3271
3 2535 826 3271
3 826 2535 3297
3 804 3270 3271
3 804 2547 3270
3 2547 804 3241
3 2484 3353 901
3 2484 3386 3353
3 3418 2484 901
3 2484 3418 930
3 3324 2523 849
3 2496 875 3387
3 2511 3323 2512
3 874 2511 2512
3 2511 3324 849
3 2524 2511 849
3 3323 2511 2524
3 1992 839 3286
3 839 1992 3312
3 1975 839 3312
3 862 1975 1976
3 3341 863 1957
3 3338 1960 1959
3 1960 3338 860
3 3439 947 1893
3 864 1973 3341
3 1973 864 3342
3 864 1955 3342
3 1955 1954 3342
3 1954 891 1953
3 1153 1758 3711
3 1758 1153 3668
3 1117 3626 1756
3 1956 3341 1957
3 1956 864 3341
3 864 1956 1955
3 1958 3369 1957
3 3282 835 1996
3 3281 3282 2013
3 2027 3222 772
3 3222 2027 794
3 2092 713 2091
3 2080 713 3128
3 713 2092 3128
3 816 3284 3285
3 3284 837 3285
3 3311 3310 1977
3 837 3310 3311
3 1977 3310 860
3 3310 1978 860
3 3304 832 2000
3 1999 832 3305
3 3305 832 1983
3 832 3304 1983
3 832 1999 3279
3 832 3278 2000
3 3278 832 3279
3 814 3252 2013
3 3252 814 3253
3 3282 814 2013
3 2030 3219 791
3 3279 2016 811
3 2015 2016 3279
3 2016 3249 811
3 2014 813 3251
3 813 2014 3281
3 3163 756 2576
3 756 3203 2576
3 3203 756 3194
3 756 3163 735
3 2586 3165 3166
3 3165 2574 3166
3 2587 2586 718
3 2587 737 2586
3 2598 2587 718
3 736 2588 3163
3 736 3163 2576
3 736 757 3171
3 757 736 2576
3 2587 736 3171
3 3049 2633 3077
3 3049 662 680
3 2633 3049 680
3 3133 2597 718
3 3133 3140 2597
3 2586 3133 718
3 3140 3133 2586
3 2714 2910 588
3 589 2910 2713
3 2910 600 2713
3 2910 2714 600
3 3115 701 3114
3 701 2618 3114
3 701 3115 3106
3 701 3106 3108
3 2618 701 3108
3 681 2632 3077
3 2632 681 3050
3 2632 3049 3077
3 3049 2632 3050
3 648 2653 3026
3 2641 648 3026
3 2652 648 2641
3 2653 648 3001
3 648 2652 3001
3 2654 647 3000
3 647 2653 3000
3 3089 3084 3062
3 3084 3085 3062
3 684 3053 2629
3 3088 684 2629
3 3053 684 3060
3 3084 3082 2616
3 3082 3084 3089
3 758 3202 2574
3 3165 758 2574
3 2575 3164 3171
3 3164 2587 3171
3 2587 3164 737
3 2575 3200 3197
3 3200 2575 3196
3 3200 778 3197
3 3200 2564 778
3 2564 3200 3196
3 3167 2586 3166
3 3167 3168 2586
3 2574 3167 3166
3 3168 3167 2574
3 3169 738 2586
3 3168 3169 2586
3 738 3169 3170
3 3169 2574 3170
3 3169 3168 2574
3 2348 1166 3725
3 1166 2349 3725
3 1166 2348 1129
3 2349 1128 1165
3 1165 2350 3724
3 2350 1164 3724
3 1164 2350 1127
3 2295 3808 2
3 3807 2295 1
3 2279 67 3845
3 3597 2366 3640
3 2384 1056 3599
3 981 982 3475
3 982 2447 3475
3 2447 982 3476
3 2446 3477 2464
3 2464 3477 951
3 2445 3477 2426
3 3477 2463 951
3 2463 3477 2445
3 3441 2481 951
3 2463 3441 951
3 3441 2463 2480
3 2481 3441 3407
3 3441 2480 3407
3 928 2471 3417
3 992 2435 2416
3 2435 991 2416
3 2471 3451 3417
3 2456 2438 3485
3 3448 2456 957
3 2456 3485 957
3 2438 2456 3484
3 2454 2455 3486
3 2437 3485 990
3 2437 2455 3485
3 2437 990 3486
3 2455 2437 3486
3 3523 2399 1025
3 1172 2341 3689
3 2341 1172 3733
3 2358 1098 2379
3 3690 2341 3733
3 3690 1135 2341
3 2519 3345 868
3 2518 2519 868
3 3316 2519 2518
3 2519 3315 2520
3 3345 2519 2520
3 842 2532 3316
3 2519 2532 3315
3 2532 2519 3316
3 3315 2532 3289
3 2532 842 3289
3 3317 843 2518
3 843 3316 2518
3 843 842 3316
3 843 3317 2530
3 2493 894 3409
3 894 3376 3409
3 2494 2508 3343
3 3376 2508 2494
3 2508 2520 3343
3 2004 829 3275
3 3301 829 2004
3 829 2003 3275
3 829 3301 2003
3 3493 1889 1890
3 3493 1890 3492
3 3493 1867 3494
3 1889 3493 3494
3 996 3493 3492
3 1867 3493 996
3 3424 934 1909
3 3457 1910 964
3 3457 1888 1909
3 1888 3457 964
3 934 3457 1909
3 3457 934 1910
3 1927 3426 908
3 1927 936 3426
3 1929 3424 3392
3 934 906 3423
3 906 934 3424
3 3423 906 1930
3 906 3391 1930
3 1929 906 3424
3 906 1929 3391
3 3458 935 1909
3 1888 3458 1909
3 3458 1888 965
3 3458 1908 935
3 1908 3458 965
3 1908 1887 3459
3 1908 965 1887
3 3359 1929 3392
3 1929 3359 3391
3 907 1948 3392
3 1948 3359 3392
3 1948 1967 1968
3 3331 1967 1966
3 855 3331 1966
3 3331 855 1984
3 1985 3304 3303
3 3304 1985 1984
3 1986 1985 3303
3 3302 1986 3303
3 3301 3302 2003
3 994 3490 2413
3 3490 994 2432
3 994 2413 2412
3 2431 994 2412
3 2432 994 2431
3 4197 1389 4196
3 1402 1389 4186
3 4186 1389 378
3 1389 4197 378
3 4213 4208 404
3 390 4213 404
3 4213 390 4208
3 1369 403 4220
3 1369 417 403
3 1369 1370 4234
3 1355 1369 4234
3 4219 1369 4220
3 1369 4219 1370
3 4235 1354 4236
3 417 4235 4236
3 4235 433 1354
3 4235 1369 1355
3 1369 4235 417
3 4235 1355 4252
3 433 4235 4252
3 4224 419 405
3 4224 1366 419
3 4224 405 4209
3 4238 1352 4241
3 1366 4238 4241
3 4238 1366 418
3 4238 418 4237
3 1352 4238 434
3 4238 1353 434
3 1353 4238 4237
3 1366 4223 418
3 4223 1379 404
3 1379 4223 4209
3 4223 4224 4209
3 4224 4223 1366
3 459 461 1329
3 461 460 1329
3 1315 1313 4277
3 1313 1312 4277
3 1313 1315 4293
3 1312 1313 4293
3 482 1312 4293
3 1293 482 4293
3 4311 482 1293
3 446 1348 1350
3 1348 4242 1350
3 1330 4260 1331
3 4260 1330 1328
3 464 1330 1331
3 1330 464 1328
3 4260 1333 1331
3 1333 4260 1332
3 463 1333 1332
3 1333 464 1331
3 464 1333 463
3 464 4294 1310
3 1254 1255 4347
3 513 1255 514
3 1255 1254 514
3 510 511 4347
3 4347 511 1256
3 511 509 1256
3 509 511 1276
3 496 492 514
3 1275 496 514
3 492 496 4310
3 4310 497 1294
3 497 1295 1294
3 497 1275 4329
3 1274 497 4329
3 4328 1277 1276
3 4328 513 514
3 1277 4328 514
3 511 4328 1276
3 4328 511 510
3 493 4310 1276
3 1277 493 1276
3 498 1274 4330
3 497 498 4311
3 498 497 1274
3 1295 1297 478
3 1297 497 4311
3 497 1297 1295
3 4295 465 1310
3 1322 4268 4267
3 1322 4283 4284
3 1322 4284 468
3 1323 1322 4267
3 1322 1323 4283
3 4285 1322 468
3 4268 1322 4285
3 1321 4268 4285
3 4269 1321 4286
3 449 1321 4269
3 4268 1321 449
3 1321 1303 4286
3 1321 4285 1303
3 1372 4231 4217
3 1371 4231 4232
3 4231 1371 4217
3 4248 1341 4267
3 1340 4248 4267
3 4248 431 1341
3 4251 4250 1339
3 4250 449 1339
3 4250 1340 449
3 1356 4250 4251
3 432 4250 1356
3 4282 1323 1324
3 467 4282 1324
3 1323 4282 4283
3 4282 1306 4283
3 4282 467 1306
3 4314 503 1288
3 4315 4297 1288
3 503 4315 1288
3 4305 1282 4323
3 1282 4322 4323
3 4271 4287 1319
3 4287 1320 4286
3 1302 4287 4286
3 450 4287 4271
3 4287 450 1320
3 1405 1406 1393
3 4183 4182 1392
3 4182 1405 1392
3 4182 357 1405
3 370 1394 4191
3 371 370 4191
3 370 371 1394
3 375 4192 1393
3 368 375 1393
3 375 368 4192
3 374 1395 4191
3 368 374 4191
3 374 368 1395
3 4227 408 1376
3 4229 430 1359
3 384 1387 401
3 1387 4201 401
3 1387 383 4201
3 4215 395 414
3 394 400 380
3 396 394 380
3 394 4215 400
3 394 396 4215
3 388 4204 402
3 4204 1383 402
3 1383 4204 388
3 1371 4218 4203
3 4218 1383 4203
3 1383 4218 402
3 4218 1371 416
3 4218 1370 402
3 1370 4218 416
3 4203 1384 4217
3 1384 4202 4217
3 1384 4203 4191
3 387 384 401
3 4202 387 401
3 387 4190 384
3 4190 387 4191
3 387 1384 4191
3 1384 387 4202
3 4356 1243 523
3 4357 1243 4356
3 1243 4339 523
3 1243 4357 4339
3 429 1360 4227
3 429 430 1360
3 430 429 4244
3 2210 181 4005
3 204 2210 4005
3 181 2210 3979
3 2210 2209 3979
3 4007 182 205
3 182 4007 2208
3 2209 182 3980
3 182 3981 3980
3 3981 182 2208
3 4006 2199 205
3 4006 4030 2199
3 182 4006 205
3 4006 182 2209
3 4030 4006 204
3 4006 2210 204
3 2210 4006 2209
3 3978 3977 2212
3 2222 3977 3978
3 3977 2222 154
3 3977 179 2212
3 2223 3977 154
3 179 3977 3976
3 3977 2223 3976
3 2376 3565 1062
3 3565 2376 1063
3 3565 2397 1062
3 2397 3565 1026
3 3649 1099 1137
3 3649 2356 3606
3 2377 3606 1062
3 1099 2377 1062
3 2377 3649 3606
3 3649 2377 1099
3 1212 2320 3736
3 3777 1212 2303
3 1212 3777 2320
3 2338 3693 2356
3 1175 2338 3736
3 3693 2338 1175
3 3695 3738 2335
3 1139 3695 3652
3 3695 1140 3652
3 3695 2335 1140
3 2319 1213 3738
3 1176 2319 3738
3 2319 1176 3737
3 2302 2319 3737
3 1213 2319 2302
3 2336 3695 1139
3 2336 1176 3738
3 3695 2336 3738
3 3739 2317 3740
3 3780 2317 2300
3 3779 2318 2301
3 2318 1213 2301
3 1213 2318 3738
3 1177 3739 2334
3 2335 1177 1140
3 1177 2318 3739
3 3738 1177 2335
3 2318 1177 3738
3 3696 3653 2352
3 3696 1178 3653
3 1178 3696 2334
3 1140 3696 2352
3 1177 3696 1140
3 3696 1177 2334
3 43 2284 3817
3 2284 3778 10
3 11 2284 2283
3 2284 11 2301
3 3778 2284 2301
3 3914 96 3913
3 96 3914 97
3 3846 68 2277
3 3880 2278 67
3 3846 3880 68
3 3880 3846 2278
3 3880 96 97
3 96 3880 67
3 3810 37 2292
3 6 5 2290
3 2292 5 3771
3 2289 3814 2288
3 39 2289 3813
3 2289 39 3814
3 2289 2290 3813
3 2289 6 2290
3 2289 3773 6
3 2305 2322 1210
3 3774 2305 1210
3 3849 38 2275
3 3849 3884 2274
3 1172 2324 3733
3 1208 3731 2326
3 2326 3731 2343
3 3767 2312 1204
3 2312 2329 1204
3 2312 3767 1
3 2295 2312 1
3 2312 2295 2
3 2346 2364 3641
3 2346 3685 2364
3 2346 1168 3685
3 2346 3641 3684
3 3727 2346 3684
3 1168 2346 3727
3 3849 70 3884
3 3883 70 2275
3 70 3849 2275
3 2273 71 3885
3 2273 39 71
3 2273 3885 3851
3 40 2273 3851
3 39 2273 3814
3 2273 40 3814
3 128 2234 2246
3 128 2235 2234
3 2249 3916 2262
3 2260 3918 100
3 2260 70 3883
3 3884 2260 100
3 70 2260 3884
3 3882 3883 3848
3 69 3882 3848
3 3881 3847 2277
3 69 3847 3881
3 3847 3810 2277
3 3810 3847 37
3 3920 2244 131
3 2244 130 2232
3 2244 3919 130
3 3951 2244 2232
3 131 2244 3951
3 102 2257 2243
3 2243 2257 131
3 2257 3920 131
3 2257 102 3886
3 3920 2257 3886
3 2250 3915 97
3 3915 2250 126
3 2249 3915 126
3 3915 2249 2262
3 3881 3915 2262
3 2360 3645 1134
3 3645 2360 1096
3 3602 2360 1134
3 2360 3602 1096
3 2381 1058 1096
3 3602 2381 1096
3 1058 2381 3560
3 1021 3559 2403
3 1021 2404 3559
3 2404 1021 3518
3 3519 1021 2403
3 1020 2404 3518
3 1132 3600 1094
3 3643 1132 1094
3 3600 1132 2362
3 3815 2271 41
3 3815 40 2271
3 3814 3815 2288
3 40 3815 3814
3 3776 1212 3736
3 1212 3776 2303
3 3776 9 2303
3 2243 2242 3921
3 2242 2241 3922
3 2242 2256 3921
3 2242 3922 103
3 2256 2242 103
3 2190 2191 244
3 2190 4054 2191
3 4054 2190 245
3 2190 244 4075
3 245 2190 4075
3 246 4076 2181
3 246 2189 4076
3 4077 246 2181
3 246 4077 2188
3 4055 4031 2199
3 2189 4055 2199
3 4031 4055 226
3 4055 246 226
3 246 4055 2189
3 183 3981 2208
3 4007 183 2208
3 206 183 4007
3 3982 2218 3981
3 183 3982 3981
3 3982 183 2207
3 2218 3982 159
3 184 3982 2207
3 3982 184 3983
3 3983 185 3984
3 269 4102 1488
3 269 1476 4102
3 2168 2162 285
3 268 4082 2176
3 2168 268 4100
3 2163 4115 297
3 4081 2184 2177
3 268 4081 2177
3 4081 268 2176
3 2183 251 4061
3 251 2183 4082
3 3891 105 2252
3 3891 76 105
3 3891 77 2266
3 3890 2253 105
3 76 3890 105
3 3890 75 2254
3 2253 3890 2254
3 3890 2268 75
3 3890 76 3855
3 2268 3890 3855
3 3820 44 2266
3 44 3819 3855
3 44 2282 3819
3 2282 44 3820
3 3781 2298 1216
3 2316 3781 1216
3 3955 2215 161
3 2215 3955 2228
3 105 3925 2252
3 2239 3925 105
3 3925 2239 135
3 2238 3925 135
3 3956 2239 2227
3 2239 3956 135
3 3956 2226 135
3 161 2214 2227
3 2214 3956 2227
3 2225 136 3957
3 136 2238 3957
3 136 3958 1592
3 3958 136 2225
3 3988 1552 1553
3 1552 3958 1553
3 2194 4035 229
3 248 4057 4078
3 2186 4057 248
3 2195 4058 229
3 4035 2195 229
3 2195 4035 208
3 4018 1513 215
3 251 1502 4061
3 4166 2148 2146
3 4166 348 1424
3 348 4166 2146
3 2148 324 333
3 2152 324 4143
3 324 2151 4143
3 333 324 4154
3 324 2152 4154
3 312 4144 4131
3 2151 4144 312
3 3929 1611 3895
3 3929 1590 1611
3 3929 1591 138
3 1590 3929 138
3 3859 1636 3893
3 79 3859 3893
3 3859 3822 1636
3 108 3927 1592
3 1614 3927 108
3 3927 1614 107
3 1610 3896 110
3 3896 1610 81
3 3896 1611 110
3 1611 3896 3895
3 3896 3861 3895
3 1633 3896 81
3 3896 1633 3861
3 3930 1610 110
3 1611 3930 110
3 1588 3930 1589
3 1610 3930 1588
3 3930 1590 1589
3 1590 3930 1611
3 1637 3857 3892
3 3857 77 3892
3 77 3857 2266
3 3821 1637 46
3 1662 3821 46
3 3823 15 1661
3 3526 2415 992
3 2414 2415 3527
3 2415 1027 3527
3 2415 3526 1027
3 2415 2414 2434
3 992 2415 2434
3 2396 3525 1026
3 2396 3526 3525
3 3565 2396 1026
3 3526 2396 1027
3 2396 3566 1027
3 3566 2396 1063
3 2396 3565 1063
3 3566 2395 1027
3 1027 2395 3527
3 2395 1028 3527
3 1028 2395 3567
3 1101 2355 3651
3 13 3782 2298
3 3781 13 2298
3 3821 13 2281
3 13 2282 2281
3 13 3781 2282
3 3782 13 1662
3 13 3821 1662
3 1571 3960 138
3 1591 1571 138
3 1571 1591 3959
3 1551 1571 3959
3 1571 1551 3960
3 1569 140 1588
3 3962 140 1569
3 140 3962 1568
3 1587 140 1568
3 140 3931 1588
3 140 1587 3931
3 1550 166 3961
3 166 1549 3961
3 166 1550 3990
3 1548 167 3992
3 167 1549 3992
3 3962 167 1548
3 1549 167 3962
3 3861 80 3895
3 1634 80 3861
3 80 1634 3860
3 3895 80 3894
3 80 3860 3894
3 48 3823 3860
3 1634 48 3860
3 48 1634 3861
3 14 3783 1688
3 3783 14 1661
3 1715 3783 3743
3 1217 3782 1688
3 3782 1217 1716
3 3783 1217 1688
3 1217 3783 1715
3 1716 1217 3742
3 1217 1715 3742
3 3745 3702 1182
3 1740 3702 3745
3 3702 1145 1182
3 3702 1767 1145
3 3702 1740 3659
3 1767 3702 3659
3 3747 1711 1710
3 1711 3747 3746
3 3787 1711 1684
3 1712 3746 3745
3 1712 3745 1219
3 1685 1712 1219
3 200 223 4028
3 1519 200 4028
3 200 1520 4027
3 223 200 4027
3 200 4001 1520
3 200 1519 4001
3 1542 3998 1541
3 3998 1542 172
3 3997 1543 171
3 3998 3997 1524
3 3997 3998 172
3 1543 3997 172
3 199 222 4027
3 1520 199 4027
3 1521 199 1520
3 199 1521 4026
3 222 199 4026
3 4024 4048 220
3 4048 1506 220
3 1506 4048 240
3 4048 4024 219
3 197 3998 1524
3 4024 197 1524
3 3998 197 1523
3 197 4024 220
3 197 4025 1523
3 4025 197 220
3 4049 4025 220
3 1506 4049 220
3 1505 4049 241
3 4049 1506 241
3 120 1599 3941
3 120 3942 1598
3 3874 3908 92
3 3909 3875 92
3 1578 119 3940
3 119 1578 1599
3 90 119 1599
3 119 90 3906
3 1558 1578 148
3 3971 1558 148
3 3972 1558 3971
3 175 3971 1539
3 175 3972 3971
3 3972 175 1538
3 4001 175 1539
3 4002 175 4001
3 175 4002 1538
3 1555 151 3974
3 151 1555 3975
3 1555 3974 178
3 1555 178 1535
3 3975 1555 1535
3 1575 3943 1576
3 151 1575 1576
3 1575 122 3943
3 122 1575 3944
3 1575 1574 3944
3 1575 151 1574
3 150 1556 1576
3 150 3973 1556
3 3942 150 1576
3 1643 61 3840
3 61 1643 3839
3 29 1643 3840
3 1643 1644 3839
3 61 3876 1617
3 3876 94 1617
3 94 3876 3910
3 3909 93 3875
3 93 1618 3875
3 3875 1618 3838
3 1618 1644 3838
3 1618 61 3839
3 1644 1618 3839
3 1618 3876 61
3 3876 1618 3910
3 1618 93 3910
3 1696 3761 3760
3 1697 3760 1725
3 3759 1697 1725
3 1154 1729 1756
3 3626 1154 1756
3 1729 1701 3756
3 3755 1701 1729
3 1701 3796 3756
3 1731 3754 1190
3 3754 1731 1703
3 1190 1730 3711
3 3754 1730 1190
3 1730 1153 3711
3 1153 1730 3668
3 1672 3797 1646
3 3797 26 1646
3 26 3797 1673
3 3797 1229 1673
3 1229 3797 1672
3 3833 3834 1649
3 56 3834 3833
3 1649 3834 1648
3 3834 57 1648
3 1601 3905 88
3 1602 1601 88
3 1601 1602 3938
3 1580 1601 3938
3 1601 1580 3939
3 1623 3834 56
3 57 1623 3871
3 3834 1623 57
3 3905 3870 88
3 3870 1623 56
3 1623 3870 3905
3 89 3906 3871
3 1623 89 3871
3 89 1623 3905
3 221 1522 4025
3 4049 221 4025
3 221 4049 1505
3 4026 221 4050
3 221 1505 4050
3 174 4001 1539
3 174 4000 4001
3 4000 174 1540
3 1559 174 1539
3 174 3970 1540
3 3970 174 1559
3 1522 198 3999
3 198 4000 3999
3 198 221 4026
3 221 198 1522
3 1521 198 4026
3 4000 198 1521
3 176 1557 3972
3 1557 176 3973
3 1557 1558 3972
3 150 1557 3973
3 1645 60 3838
3 3837 60 1645
3 3874 60 3837
3 60 3875 3838
3 3830 53 3867
3 54 3830 3867
3 3830 54 1653
3 53 3830 1654
3 1654 3830 21
3 3830 1653 21
3 3900 114 3901
3 84 3865 3899
3 1629 3865 84
3 3865 1630 3899
3 3865 1629 52
3 1630 3865 3828
3 3865 52 3828
3 238 1510 4069
3 238 1509 217
3 1510 238 217
3 1511 4045 217
3 4045 1510 217
3 4069 1495 257
3 1510 1495 4069
3 257 1495 4089
3 1465 294 1454
3 306 4125 1457
3 1468 4125 292
3 4125 1468 1457
3 4111 294 1465
3 288 4105 1473
3 273 1484 4087
3 289 1460 4122
3 1471 289 4122
3 289 1471 4106
3 274 1483 4107
3 1483 274 4088
3 4107 1483 4106
3 1483 273 4106
3 1484 1483 4088
3 1483 1484 273
3 4104 1473 272
3 4104 287 1473
3 1529 3993 3992
3 1547 3963 1548
3 1587 141 1586
3 3963 141 1587
3 1586 1566 142
3 3995 1527 1526
3 3995 169 3994
3 1527 3995 3994
3 4018 1530 191
3 4019 192 215
3 192 4018 215
3 1529 192 4019
3 192 1530 4018
3 192 1529 3992
3 1530 192 3992
3 191 4017 214
3 4065 234 1499
3 1514 234 4065
3 4086 254 1499
3 4085 4086 1499
3 4067 4044 236
3 4044 4067 1496
3 1496 4067 256
3 4067 4088 256
3 1464 299 4132
3 299 298 4131
3 298 299 4117
3 1476 286 4102
3 4119 4118 300
3 4118 1464 300
3 286 4118 4119
3 4118 286 1476
3 2156 312 4131
3 298 2156 4131
3 2170 4114 2164
3 283 2170 2164
3 4114 2170 4098
3 267 2177 4080
3 2178 267 4080
3 267 2178 4098
3 2170 267 4098
3 62 1642 3840
3 1642 62 63
3 3877 62 1617
3 62 61 1617
3 61 62 3840
3 1616 3877 95
3 3878 1616 95
3 1616 3878 63
3 62 1616 63
3 1616 62 3877
3 1642 3841 1641
3 3841 1642 63
3 3841 63 1615
3 3841 3842 1641
3 64 3842 1615
3 3842 3841 1615
3 3842 64 1639
3 1233 1695 3761
3 1233 1696 1668
3 1696 1233 3761
3 3802 1233 1668
3 1695 1233 3802
3 1197 1722 3762
3 1722 3719 3762
3 3719 1722 3676
3 3720 1722 1197
3 389 4194 1382
3 403 389 1382
3 1380 4211 4222
3 4208 1380 404
3 1380 4222 404
3 1380 4208 4196
3 4211 1380 4196
3 4207 1381 4221
3 4211 4207 4221
3 4207 4195 1381
3 4207 4211 4195
3 376 1404 4183
3 1404 4187 4183
3 1404 376 1391
3 4184 1404 1391
3 1404 4184 361
3 1414 1404 361
3 4187 1404 1414
3 1200 1237 1690
3 3765 1237 1200
3 1237 3765 1691
3 1690 1237 1663
3 1237 1691 1663
3 1235 3764 1198
3 1235 1693 1666
3 1665 1235 1666
3 3763 1235 1198
3 1235 3763 1693
3 3764 1692 1236
3 1692 1665 1236
3 1235 1692 3764
3 1692 1235 1665
3 32 1665 1666
3 3803 32 1666
3 3509 1850 1010
3 1850 3508 1010
3 1871 1892 978
3 1871 979 1892
3 3510 1871 1849
3 1871 3510 1870
3 979 1871 1870
3 818 2007 3257
3 2008 818 3257
3 2007 818 3286
3 818 2008 3286
3 2025 796 3223
3 796 2039 3223
3 796 3224 2039
3 774 2040 3223
3 2039 774 3223
3 774 2039 3193
3 753 774 3193
3 774 753 2040
3 3224 775 2038
3 2022 775 2023
3 754 775 2022
3 775 754 2038
3 3633 1085 1775
3 1085 3633 1086
3 3591 1085 1086
3 1122 1085 3632
3 1085 1122 1775
3 1799 3591 1086
3 1799 3592 1049
3 3592 1799 1086
3 1048 1799 1049
3 3588 1802 1046
3 1047 1802 3589
3 1046 1802 3548
3 1802 1047 3548
3 1083 3588 3630
3 1083 3630 1120
3 1777 1083 1120
3 1083 1777 3589
3 1802 1083 3589
3 1083 1802 3588
3 1804 1081 3587
3 1828 3546 1827
3 3508 1828 1827
3 3628 1779 1081
3 1779 3628 1119
3 1081 1779 3587
3 1779 1119 3629
3 1082 1779 3629
3 3587 1779 1082
3 1084 1801 3589
3 1801 1047 3589
3 1777 3674 1751
3 3674 1158 1751
3 3674 1777 1120
3 1752 3674 1120
3 1158 3674 1752
3 1158 3717 1751
3 3717 1724 1751
3 1724 3717 1195
3 3717 1158 1752
3 3717 1725 1195
3 3717 1752 1725
3 304 4123 1459
3 4123 304 1458
3 274 4108 1482
3 1469 4108 274
3 1482 4108 275
3 4108 1469 291
3 4108 1468 275
3 1468 4108 291
3 4149 1438 318
3 1447 4149 318
3 4149 1447 317
3 4149 317 1439
3 1438 4149 4161
3 4172 1419 353
3 1419 4172 1429
3 4172 339 1429
3 330 1438 4161
3 1438 330 1437
3 330 4162 1437
3 4162 330 340
3 4148 316 1440
3 316 4148 4135
3 316 4147 1440
3 4171 1419 1429
3 4171 338 1419
3 1450 1449 302
3 1449 1450 4135
3 1450 316 4135
3 1450 4134 4147
3 316 1450 4147
3 1441 315 4146
3 315 1451 4146
3 1451 315 4134
3 315 1441 4147
3 4134 315 4147
3 2764 2860 2750
3 560 2860 2764
3 2860 572 2750
3 2857 560 2765
3 2857 2860 560
3 2742 2757 567
3 2757 2742 2847
3 2757 2847 555
3 2757 2846 567
3 2846 2757 555
3 2786 543 2826
3 543 2786 2825
3 2825 2786 532
3 2786 2806 532
3 533 2786 2826
3 2806 2786 533
3 2845 2772 2773
3 2759 2845 2773
3 2772 2845 554
3 554 2845 2758
3 2844 2773 2774
3 2760 2844 2774
3 2888 577 576
3 577 2866 576
3 2730 577 2888
3 577 578 2744
3 2844 565 2759
3 565 2844 2760
3 565 2760 2746
3 2866 565 2746
3 3009 3008 2647
3 3008 3007 2647
3 2660 3008 3009
3 3007 3008 2660
3 2678 616 2953
3 2976 2678 2679
3 2678 2953 615
3 2679 2678 615
3 602 2933 2711
3 3029 2638 3055
3 3037 3029 3055
3 2638 3029 3036
3 3036 3029 2649
3 3029 3037 2649
3 3349 3348 3381
3 2502 3349 871
3 3349 3382 871
3 2515 845 3319
3 2515 3319 2516
3 2515 2502 871
3 2515 3349 2502
3 2515 871 2514
3 3348 2515 2516
3 3349 2515 3348
3 872 2500 2513
3 2500 872 3351
3 2513 2500 873
3 2500 3351 873
3 2487 3382 3415
3 2487 899 3382
3 633 2977 2976
3 633 2665 2664
3 633 2976 2665
3 2663 633 2664
3 633 2663 2977
3 2662 2663 3003
3 2724 581 2893
3 581 2724 2894
3 2855 558 2753
3 558 2850 2753
3 558 2855 2767
3 2850 558 2767
3 2878 571 2873
3 571 2878 2737
3 583 2878 2873
3 2737 2878 583
3 2707 2936 2690
3 2936 2707 605
3 2957 2675 2674
3 618 2675 2957
3 2674 2675 2987
3 2675 2979 2987
3 2675 618 2676
3 2979 2675 635
3 2917 607 2705
3 607 606 2689
3 606 607 2917
3 2918 607 2688
3 2705 607 2918
3 2916 606 2706
3 606 2916 2707
3 594 2916 2706
3 2707 2916 2895
3 2916 594 2895
3 3176 2583 3175
3 739 3176 760
3 739 2583 3176
3 882 1945 1964
3 1945 3363 1964
3 3364 1962 1963
3 1922 912 3398
3 1922 940 3431
3 912 1922 3431
3 1963 3334 1964
3 3305 1982 833
3 856 1982 3305
3 3332 856 1983
3 3332 1965 856
3 855 3332 1983
3 3332 855 1966
3 1965 3332 1966
3 733 2054 3161
3 2066 733 3161
3 2026 3222 794
3 2026 3255 795
3 3255 2026 794
3 2040 2026 795
3 3222 2026 2040
3 3255 2010 816
3 2010 3284 816
3 2994 2992 642
3 2992 2994 2136
3 2094 2093 3099
3 657 2131 3018
3 2113 659 2121
3 3045 2113 2121
3 695 2092 2091
3 2102 695 2090
3 695 2091 2090
3 2092 712 3128
3 712 2092 2093
3 686 2625 3091
3 687 686 3091
3 2100 3092 2101
3 2076 2088 2089
3 3148 723 2591
3 723 2602 2591
3 2602 723 2590
3 741 2581 3178
3 2580 741 3179
3 722 2580 2591
3 2603 722 2591
3 705 2601 2089
3 2590 3149 2077
3 723 3149 2590
3 3150 2578 2064
3 3149 3150 2077
3 3150 3149 2578
3 3015 2134 2135
3 2128 3015 2135
3 2118 3041 655
3 1793 1108 1070
3 1108 3574 1070
3 3574 1108 1071
3 1108 1146 3616
3 1146 1108 3659
3 1767 1108 1793
3 1108 1767 3659
3 1792 1108 3616
3 1108 1792 1071
3 3572 1818 1819
3 1820 3572 1819
3 3571 3572 1820
3 3572 3571 1069
3 3664 1112 1762
3 1112 3664 1150
3 1075 1787 3621
3 1787 1112 3621
3 1112 1787 1075
3 1224 1679 1706
3 1679 1224 1707
3 1763 1111 1789
3 1111 1788 1074
3 1791 1109 3617
3 1109 1791 3575
3 1737 3748 3749
3 3748 1737 1185
3 3660 1147 1765
3 3704 1147 3660
3 1765 1147 3661
3 1147 3704 3661
3 3746 1739 1183
3 3747 1739 3746
3 1221 3787 1683
3 1711 1221 1710
3 1221 1711 3787
3 881 1965 1966
3 3362 881 3394
3 1758 1115 3667
3 1115 1758 3668
3 1115 1078 3624
3 3539 3540 1835
3 1759 1114 3666
3 1114 1760 3666
3 1733 3752 3709
3 1733 1188 3752
3 1733 3709 1151
3 1188 1733 1151
3 3751 1224 1706
3 1224 3751 1187
3 3708 1188 3665
3 1187 3708 1150
3 3618 1790 1110
3 1790 3618 1073
3 3576 1790 1073
3 3575 1072 1815
3 1072 3576 1815
3 1791 1072 3575
3 1072 1791 3617
3 1072 1790 3576
3 1110 1072 3617
3 1790 1072 1110
3 3242 805 2545
3 3272 805 3271
3 2545 805 3272
3 3242 783 3241
3 3241 783 2559
3 783 3209 2559
3 762 2568 3179
3 762 3210 2568
3 3210 762 3209
3 2578 743 2064
3 743 2578 3181
3 764 743 3181
3 2051 743 764
3 747 2047 3186
3 3216 2047 767
3 2047 3185 767
3 3185 2047 747
3 2047 768 3186
3 2047 3216 768
3 3185 2061 746
3 2061 747 2060
3 2061 3185 747
3 3250 2016 2015
3 3250 790 3249
3 2016 3250 3249
3 808 2020 3275
3 2020 808 3246
3 3274 2021 807
3 2020 2021 3274
3 2021 3244 807
3 2036 2020 3246
3 786 2036 3213
3 831 2002 3303
3 2002 3302 3303
3 3249 2017 811
3 2017 3278 811
3 2050 2051 3213
3 744 2050 3183
3 2035 3247 788
3 2048 3184 766
3 3215 2048 766
3 3184 2048 746
3 2048 3185 746
3 2048 3215 767
3 3185 2048 767
3 3216 2032 768
3 790 2032 3249
3 2034 3215 788
3 3247 2034 788
3 2021 2037 3244
3 3244 2544 807
3 2544 3244 3243
3 806 2544 3243
3 2004 828 3300
3 3274 828 2004
3 827 2533 3272
3 2534 827 3272
3 827 2534 3298
3 2536 825 3270
3 825 2535 3270
3 825 2536 3296
3 2535 825 3297
3 2524 825 3296
3 825 2524 3297
3 2546 804 3271
3 805 2546 3271
3 2546 805 3242
3 2546 3242 3241
3 804 2546 3241
3 2468 930 3452
3 3419 2484 930
3 2484 3419 3386
3 2468 3419 930
3 3386 3354 3353
3 875 3354 3387
3 3354 2483 3387
3 3329 1969 1968
3 933 934 3423
3 934 933 1910
3 2498 874 3353
3 2498 2511 874
3 3339 862 1976
3 862 3339 1958
3 861 3339 1976
3 1958 3339 1959
3 3339 861 1959
3 862 3340 1975
3 863 3340 1957
3 3340 1958 1957
3 3340 862 1958
3 3313 839 1975
3 1962 3335 1963
3 1962 3365 1961
3 3365 1922 3398
3 1922 3365 3397
3 1941 1960 1961
3 940 1902 3431
3 3464 1902 940
3 970 1902 3464
3 947 3438 1894
3 3438 3405 918
3 3373 891 3405
3 865 1972 3342
3 1954 865 3342
3 1972 865 1953
3 865 1954 1953
3 3438 946 1894
3 945 3437 3436
3 1895 946 3437
3 1997 3282 3281
3 3282 1997 835
3 835 1997 3308
3 3254 3253 2011
3 3254 2027 3253
3 2027 3254 794
3 3254 3255 794
3 3254 2010 3255
3 793 2028 2029
3 2027 793 3253
3 3221 2027 772
3 3221 793 2027
3 793 3221 2028
3 768 2046 3186
3 2068 2081 3158
3 2081 712 2093
3 712 2081 3128
3 2081 2080 3128
3 2081 2068 2080
3 2080 2067 2079
3 2067 2066 2079
3 3129 2080 2079
3 3129 713 2080
3 2091 3129 2079
3 713 3129 2091
3 1978 3337 860
3 3337 1960 860
3 1960 3337 1961
3 1979 3308 1980
3 3284 1994 837
3 1994 3310 837
3 2012 814 3282
3 3253 2012 2011
3 814 2012 3253
3 3219 770 2044
3 792 3219 2030
3 792 3252 2029
3 792 770 3219
3 3252 792 3251
3 792 2030 3251
3 3218 3219 2044
3 3219 3218 791
3 812 2014 3251
3 812 3251 791
3 3250 812 791
3 812 3250 2015
3 812 2015 3279
3 2565 777 3194
3 777 3203 3194
3 2564 777 3231
3 3231 777 3230
3 777 2565 3230
3 757 3195 3196
3 3195 2564 3196
3 3195 777 2564
3 756 3201 3194
3 2566 3201 755
3 3201 2566 776
3 3194 3201 776
3 2577 756 735
3 755 2577 3162
3 2577 735 3162
3 3201 2577 755
3 2577 3201 756
3 737 3174 2586
3 3174 3165 2586
3 3174 758 3165
3 3132 2599 2588
3 3132 2587 2598
3 736 3132 2588
3 3132 736 2587
3 3024 3049 3050
3 2642 664 2653
3 647 2642 2653
3 664 2642 3051
3 3086 3083 2616
3 3083 3084 2616
3 3085 3083 3086
3 3084 3083 3085
3 3060 2628 3062
3 684 2628 3060
3 2628 3089 3062
3 2628 684 3088
3 3199 2575 3197
3 3199 758 2575
3 758 3199 3202
3 778 3199 3197
3 3202 3199 778
3 1166 3682 2349
3 3682 1128 2349
3 2368 2389 1127
3 2389 2368 1090
3 34 3807 2280
3 34 2295 3807
3 2295 34 3808
3 34 2279 3808
3 35 2279 3845
3 2279 35 3808
3 2278 35 3845
3 35 2278 3809
3 35 3809 2294
3 3808 35 2294
3 3879 2279 66
3 2279 3879 67
3 3879 96 67
3 3879 66 2265
3 3879 2265 3913
3 96 3879 3913
3 1092 3597 3640
3 3597 1092 2386
3 1130 1092 3640
3 1092 1130 2365
3 3641 1092 2365
3 3598 1092 3641
3 1092 3598 2386
3 2366 2387 1091
3 3597 2387 2366
3 2387 3596 1091
3 3557 1056 2405
3 3558 1056 2384
3 3558 1094 1057
3 3558 2384 1094
3 2404 3558 1057
3 1056 3558 2405
3 1020 3558 2404
3 3558 1020 2405
3 2364 1093 3641
3 1093 3598 3641
3 1093 2364 1131
3 3599 1093 1131
3 2423 3519 986
3 2423 1021 3519
3 1021 2423 3518
3 2461 2478 3443
3 2480 2462 3442
3 2463 2462 2480
3 3516 2425 2426
3 1017 2428 3513
3 3514 2428 1017
3 3513 2428 981
3 2428 982 981
3 2427 3514 3515
3 2427 2428 3514
3 2428 2427 982
3 982 2427 3476
3 3477 983 2426
3 983 3477 2446
3 983 3515 2426
3 983 2427 3515
3 983 2446 3476
3 2427 983 3476
3 2486 928 3417
3 2486 3417 900
3 3384 2486 900
3 2486 3351 3383
3 3351 2486 3384
3 927 2472 3415
3 3489 3488 2434
3 3488 3489 2452
3 3488 992 2434
3 3488 2435 992
3 3451 929 3417
3 3417 929 2485
3 929 3418 2485
3 3418 929 2469
3 3484 956 2457
3 2456 956 3484
3 3447 956 2474
3 956 3447 2457
3 956 3448 2474
3 956 2456 3448
3 2435 3487 991
3 1024 2399 3523
3 3522 1024 2419
3 1024 3523 2419
3 3563 2398 1025
3 2399 3563 1025
3 1136 1098 2358
3 1098 1136 2378
3 1136 1173 3691
3 2341 2359 3689
3 1135 2359 2341
3 2359 3646 3689
3 3690 2340 2358
3 1136 2340 1173
3 2340 1136 2358
3 2340 3690 3733
3 2340 2323 1173
3 2323 2340 3733
3 3647 3690 2358
3 3690 3647 1135
3 3647 2358 2379
3 1135 3647 2379
3 842 2531 3289
3 843 2531 842
3 3289 2531 3290
3 2531 2530 3290
3 2531 843 2530
3 2508 866 2520
3 866 2508 3376
3 1890 962 2449
3 962 2450 2449
3 2450 3454 961
3 962 3454 2450
3 3454 962 2467
3 3425 936 1928
3 1908 3425 935
3 936 3425 3459
3 3425 1908 3459
3 935 3425 3392
3 3425 907 3392
3 907 3425 1928
3 1969 1949 1968
3 3359 1949 3391
3 879 1948 1968
3 1948 879 3359
3 1949 879 1968
3 879 1949 3359
3 3393 907 1928
3 936 3393 1928
3 1927 3393 936
3 3393 1927 908
3 854 3331 1984
3 1985 854 1984
3 3331 854 1967
3 3330 1985 1986
3 3330 3329 1968
3 3329 3330 1986
3 3330 854 1985
3 1967 3330 1968
3 854 3330 1967
3 1987 3302 3301
3 3302 1987 1986
3 1987 3301 852
3 3328 1987 852
3 3328 1970 1969
3 3357 1970 1951
3 1970 3328 852
3 3327 1970 852
3 377 1390 4196
3 1389 377 4196
3 1390 377 4185
3 377 1402 4185
3 377 1389 1402
3 4226 1367 418
3 4223 4226 418
3 1367 4226 404
3 4226 4223 404
3 461 1314 460
3 460 1314 454
3 1312 1314 459
3 1314 461 459
3 482 1314 1312
3 499 482 4311
3 499 498 4330
3 498 499 4311
3 1347 446 1345
3 1347 1348 446
3 4242 1347 1345
3 1348 1347 4242
3 443 437 1346
3 443 1346 441
3 1328 443 441
3 437 443 1328
3 445 446 1350
3 1346 445 1350
3 4261 445 1327
3 446 445 4261
3 4331 517 518
3 4350 1250 518
3 517 4350 518
3 4350 1252 4349
3 4350 4347 527
3 4350 4349 4347
3 1311 464 463
3 1311 4294 464
3 1311 463 462
3 484 4295 1310
3 4295 484 1290
3 512 1255 513
3 4328 512 513
3 512 4328 510
3 512 510 4347
3 1255 512 4347
3 494 496 1275
3 497 494 1275
3 496 494 4310
3 494 497 4310
3 495 1277 492
3 495 493 1277
3 495 492 4310
3 493 495 4310
3 476 473 4311
3 473 1297 4311
3 473 476 480
3 1309 1326 465
3 1309 4279 1326
3 4295 1309 465
3 4297 1308 1288
3 1308 4296 1288
3 1308 1309 4296
3 1309 1308 4279
3 415 4230 1372
3 4230 4231 1372
3 4247 4230 1359
3 4230 4247 431
3 4230 4229 1359
3 4230 415 4229
3 4249 4248 1340
3 4249 4250 432
3 4250 4249 1340
3 1357 4231 431
3 4248 1357 431
3 4231 1357 4232
3 4249 1357 4248
3 1357 432 4232
3 1357 4249 432
3 4335 4334 522
3 4335 1267 4334
3 4336 4335 522
3 4317 1286 4299
3 4317 4318 1286
3 4317 1266 4318
3 1266 4317 4336
3 4317 4335 4336
3 4335 4317 1267
3 4317 4316 1267
3 4334 4353 1246
3 4353 4354 1246
3 4353 1247 4352
3 4354 4353 527
3 520 1248 4352
3 1247 520 4352
3 4333 1269 503
3 4315 1269 1268
3 1269 4315 503
3 520 1269 4333
3 1309 1289 4296
3 1289 502 4314
3 4315 487 4297
3 487 1307 4297
3 487 4298 1307
3 4316 487 4315
3 4288 469 1301
3 469 4287 1302
3 469 4288 1319
3 4287 469 1319
3 4322 4304 1283
3 1282 4304 4322
3 1283 4304 4303
3 4304 1302 4303
3 4304 469 1302
3 4304 1282 4305
3 4304 4305 1301
3 469 4304 1301
3 1406 1407 1393
3 1407 1406 4181
3 1407 368 1393
3 368 1407 4181
3 360 4183 1415
3 360 4182 4183
3 1418 360 1415
3 356 1406 1405
3 4181 356 1417
3 1406 356 4181
3 1360 4228 4227
3 4228 408 4227
3 4228 409 408
3 409 4228 406
3 4228 414 406
3 414 4228 4229
3 4228 430 4229
3 430 4228 1360
3 4245 4246 1359
3 430 4245 1359
3 4246 4245 4264
3 4190 386 384
3 386 1387 384
3 4201 379 380
3 379 4190 380
3 398 393 380
3 393 398 414
3 395 397 380
3 397 395 4215
3 425 429 4227
3 425 421 4244
3 429 425 4244
3 421 424 4243
3 4242 422 1363
3 422 4242 4243
3 428 422 4243
3 2357 3692 1137
3 3692 3649 1137
3 3649 3692 2356
3 3692 2338 2356
3 3694 1139 3651
3 3694 2336 1139
3 2355 3694 3651
3 2336 3694 1176
3 3694 1138 2337
3 3694 2355 1138
3 3737 3694 2337
3 1176 3694 3737
3 2317 1215 3740
3 1215 2317 3780
3 1215 2316 3740
3 1214 3779 2300
3 1214 2318 3779
3 2317 1214 2300
3 1214 2317 3739
3 2318 1214 3739
3 2284 2285 3817
3 2285 2284 10
3 2285 42 3817
3 42 2285 3816
3 3816 2285 2286
3 2285 3777 2286
3 3777 2285 10
3 3818 43 3855
3 3818 2284 43
3 3819 3818 3855
3 3818 3819 2283
3 2284 3818 2283
3 2278 36 3809
3 3846 36 2278
3 36 3846 2277
3 3810 36 2277
3 36 2293 3809
3 36 3810 2293
3 5 2291 2290
3 2291 5 2292
3 3772 6 2307
3 3772 5 6
3 7 2289 2288
3 2305 7 2288
3 7 2305 3774
3 2289 2306 3773
3 2306 3774 2323
3 2306 7 3774
3 7 2306 2289
3 8 3775 2288
3 3775 2305 2288
3 3775 1211 2322
3 2305 3775 2322
3 3773 1209 2307
3 1209 2324 2307
3 2306 1209 3773
3 2324 1209 3733
3 1209 2323 3733
3 1209 2306 2323
3 3688 1171 2342
3 1171 3688 2343
3 3731 1171 2343
3 2235 2248 127
3 128 2248 2235
3 2248 2249 127
3 2248 3916 2249
3 99 2260 3883
3 2260 99 3917
3 3916 98 2262
3 98 3882 69
3 98 3881 2262
3 98 69 3881
3 3847 2276 37
3 2276 3847 69
3 37 2276 3848
3 2276 69 3848
3 2258 2244 3920
3 2258 72 3885
3 72 2258 3886
3 2258 3920 3886
3 3915 2263 97
3 2263 3880 97
3 3880 2263 68
3 2263 3881 68
3 2263 3915 3881
3 1024 3562 2399
3 1059 2402 3560
3 2380 1059 3602
3 2381 1059 3560
3 1059 2381 3602
3 2359 1097 3646
3 1097 3602 3646
3 1097 2380 3602
3 3687 1170 2343
3 3686 1132 3643
3 3686 3643 2363
3 3686 2345 1169
3 2345 3686 2363
3 3729 3686 1169
3 2287 41 2286
3 2287 3815 41
3 9 2287 2286
3 3776 2287 9
3 2287 8 2288
3 3815 2287 2288
3 2321 3776 3736
3 1211 2321 3735
3 2338 2321 3736
3 2321 2338 3735
3 133 3954 2228
3 2240 133 2228
3 2241 133 3923
3 133 2240 3923
3 160 3983 3984
3 2215 160 3984
3 3954 160 2228
3 160 2215 2228
3 2230 132 2243
3 132 2242 2243
3 3953 132 2230
3 2242 132 2241
3 2198 206 4007
3 2198 4031 226
3 4031 2198 205
3 2198 4007 205
3 4033 2196 207
3 4009 2207 207
3 4009 184 2207
3 183 4008 2207
3 4008 183 206
3 2207 4008 207
3 184 2206 3983
3 2206 185 3983
3 4009 2206 184
3 4083 269 1488
3 4083 1502 251
3 1476 4101 285
3 269 4101 1476
3 4101 2168 285
3 268 4101 4082
3 4101 268 2168
3 2169 283 4115
3 2163 2169 4115
3 268 2169 4100
3 4129 297 2158
3 4129 4142 311
3 4142 4129 2158
3 250 4081 2176
3 4081 250 2184
3 4082 250 2176
3 2183 250 4082
3 3891 3856 76
3 3856 3891 2266
3 44 3856 2266
3 2282 2299 12
3 3781 2299 2282
3 2299 3780 12
3 2299 1215 3780
3 2299 3781 2316
3 1215 2299 2316
3 106 2238 3926
3 106 3925 2238
3 3925 106 2252
3 2251 106 3926
3 106 2251 77
3 106 3891 2252
3 3891 106 77
3 163 3987 1553
3 163 2225 3957
3 2225 163 1553
3 2238 1593 3926
3 136 1593 2238
3 1593 107 3926
3 1593 3927 107
3 1593 136 1592
3 3927 1593 1592
3 3960 165 1550
3 1551 165 3960
3 1550 165 3990
3 1533 3988 1534
3 4015 1533 1534
3 1572 1552 3959
3 1552 1572 3958
3 137 1572 3959
3 1572 137 3958
3 164 1551 3959
3 1552 164 3959
3 164 1552 3988
3 185 2205 3984
3 3986 2202 3987
3 3986 187 2202
3 2187 247 4078
3 4057 2187 4078
3 247 2187 4056
3 2187 4057 2196
3 4033 2187 2196
3 228 4057 2186
3 4057 228 2196
3 228 2186 4058
3 2195 228 4058
3 1514 4042 214
3 4042 4018 214
3 4042 1513 4018
3 4043 1513 4066
3 1512 4043 236
3 4043 1512 215
3 1513 4043 215
3 3987 188 1534
3 2202 188 3987
3 187 4013 2202
3 4013 188 2202
3 188 4013 211
3 231 2183 4061
3 2183 231 4037
3 1502 231 4061
3 4167 334 1424
3 334 4166 1424
3 1433 4167 1423
3 1432 1422 4169
3 1432 335 1422
3 1432 4169 4158
3 4166 4155 2148
3 4155 324 2148
3 334 4155 4166
3 324 4155 2151
3 1453 299 4131
3 299 1453 4132
3 4145 1452 4132
3 109 3895 3894
3 109 3929 3895
3 1613 109 3894
3 109 1613 3928
3 1591 109 3928
3 3929 109 1591
3 1635 3859 79
3 3860 1635 3894
3 1635 79 3894
3 3823 1635 3860
3 45 3820 2266
3 3857 45 2266
3 3820 45 2281
3 45 3821 2281
3 45 3857 1637
3 3821 45 1637
3 1064 2395 3566
3 1101 1064 3566
3 1064 2374 3567
3 2395 1064 3567
3 2375 3566 1063
3 2375 1101 3566
3 2375 1063 3607
3 2355 2375 3607
3 1101 2375 2355
3 166 3991 1549
3 1530 3991 191
3 3991 166 3990
3 1549 3991 3992
3 3991 1530 3992
3 3824 1659 16
3 3824 48 3861
3 1659 3824 49
3 3824 3861 49
3 3743 1687 1714
3 3783 1687 3743
3 1687 1218 1714
3 1218 1687 3784
3 1687 15 3784
3 15 1687 1661
3 1687 3783 1661
3 1220 1711 3746
3 1712 1220 3746
3 1220 3786 1684
3 1711 1220 1684
3 1220 1685 3786
3 1220 1712 1685
3 3902 3867 3901
3 3902 86 3867
3 114 1605 3901
3 1605 114 3935
3 3969 1542 1541
3 173 3969 1541
3 3969 173 1560
3 1542 3968 172
3 3968 1543 172
3 3968 3969 1562
3 3969 3968 1542
3 117 3937 3938
3 3997 196 1524
3 1524 196 219
3 196 4023 219
3 3996 3997 171
3 3996 1526 195
3 3996 3995 1526
3 1507 4048 219
3 4048 1507 240
3 4047 1507 219
3 1507 4047 240
3 3942 121 1598
3 121 3908 1598
3 3943 121 1576
3 121 3942 1576
3 3908 121 92
3 3907 3873 1621
3 90 3907 1621
3 120 3907 1599
3 3907 90 1599
3 1620 3874 59
3 1620 3908 3874
3 1620 59 3873
3 58 3872 1621
3 3872 90 1621
3 3835 3872 58
3 1596 3909 122
3 1596 93 3909
3 93 1596 3910
3 1596 122 3944
3 1596 3944 123
3 3910 1596 123
3 1696 3801 1668
3 1642 3801 29
3 1668 3801 30
3 3801 1642 30
3 3801 1669 29
3 1669 3801 1696
3 1643 3800 1644
3 3800 1643 29
3 1669 3800 29
3 1670 3800 1697
3 3800 1670 1644
3 1757 3669 1116
3 3669 3626 1116
3 3669 1154 3626
3 1191 3755 1729
3 1191 1730 3755
3 25 1649 1648
3 25 3795 1649
3 1647 25 1648
3 25 1647 3796
3 24 1650 1649
3 1701 1674 3796
3 1674 25 3796
3 25 1674 3795
3 1228 1701 3755
3 1228 1674 1701
3 1674 1228 3795
3 1227 3754 1703
3 3870 1624 88
3 1624 3870 56
3 88 1624 1625
3 1624 56 1625
3 1600 119 3906
3 89 1600 3906
3 119 1600 3940
3 1600 3939 3940
3 1558 149 1578
3 1557 149 1558
3 1578 149 3941
3 1619 3874 92
3 1619 60 3874
3 3875 1619 92
3 60 1619 3875
3 1606 3900 3934
3 1606 114 3900
3 143 1606 3934
3 1606 143 114
3 237 4045 1511
3 237 1511 1496
3 4045 237 1510
3 237 1495 1510
3 1454 1455 308
3 1455 307 308
3 1455 4126 307
3 1456 4125 306
3 307 1456 4139
3 1456 306 4139
3 4126 1456 307
3 4125 1456 292
3 4070 239 4046
3 4070 1493 239
3 1509 4070 4046
3 238 4070 1509
3 260 1491 240
3 1491 260 4072
3 4091 277 1479
3 4071 4047 239
3 4047 4071 240
3 4071 260 240
3 1467 4109 292
3 1456 1467 292
3 1477 278 1465
3 278 4111 1465
3 4111 278 277
3 278 1478 277
3 287 1474 4119
3 286 1474 4103
3 1474 286 4119
3 4104 1474 287
3 1474 271 4103
3 1474 4104 271
3 1460 4121 303
3 289 4121 1460
3 253 1500 4084
3 1500 4063 4084
3 4084 252 1488
3 4063 252 4084
3 252 4083 1488
3 4085 1487 271
3 271 1487 4103
3 1487 253 4084
3 1487 4085 253
3 1487 270 4103
3 270 1487 4084
3 4064 4085 1499
3 4085 4064 253
3 234 4064 1499
3 4064 1500 253
3 1486 4085 271
3 1486 4104 272
3 4104 1486 271
3 193 1529 4019
3 193 4019 216
3 193 1528 3993
3 1529 193 3993
3 4020 193 216
3 193 4020 1528
3 168 3993 3994
3 168 1548 3993
3 168 1547 1548
3 169 1546 3994
3 1546 168 3994
3 168 1546 1547
3 1546 3964 1547
3 3964 1546 169
3 3965 3964 169
3 1566 3964 3965
3 1585 3934 142
3 1585 143 3934
3 114 1584 3935
3 143 1584 114
3 1584 143 1564
3 3935 1584 144
3 1584 1564 144
3 4041 1514 214
3 4017 4041 214
3 4041 234 1514
3 4041 4017 213
3 1531 4017 191
3 1531 3991 3990
3 3991 1531 191
3 1485 272 4087
3 4086 1485 4087
3 1485 1486 272
3 1485 4086 4085
3 1486 1485 4085
3 1497 4067 236
3 4043 1497 236
3 1497 4043 4066
3 4067 1497 4088
3 1475 270 4102
3 286 1475 4102
3 270 1475 4103
3 1475 286 4103
3 2161 299 1464
3 4118 2161 1464
3 299 2161 4117
3 2161 4118 1476
3 4117 2161 285
3 2161 1476 285
3 312 4130 4143
3 2156 4130 312
3 4143 4130 311
3 4130 2156 298
3 1640 31 1641
3 3842 1640 1641
3 31 1640 3803
3 1640 32 3803
3 1640 3842 1639
3 32 1640 1639
3 1722 1160 3676
3 1160 1722 3720
3 1160 1749 3676
3 1160 3720 1749
3 389 4199 4194
3 4194 4199 1391
3 4199 4195 1391
3 4195 4199 1381
3 4199 389 1381
3 1381 4206 403
3 4206 389 403
3 389 4206 1381
3 3804 32 1639
3 32 3804 1665
3 33 3804 1639
3 1664 3804 33
3 1665 3804 1664
3 1850 1873 3508
3 977 1873 1850
3 3508 1873 1851
3 1873 1894 976
3 1872 1850 3509
3 1872 977 1850
3 1872 1871 978
3 1893 1872 978
3 977 1872 1893
3 1872 3509 1849
3 1871 1872 1849
3 3472 977 1893
3 3472 947 1894
3 947 3472 1893
3 1873 3472 1894
3 3472 1873 977
3 2024 2008 3257
3 796 2024 3224
3 775 797 2023
3 797 775 3224
3 2024 797 3224
3 797 2024 3257
3 797 2007 2023
3 2007 797 3257
3 3590 1801 1084
3 3590 1084 3632
3 1085 3590 3632
3 1047 3590 1048
3 1801 3590 1047
3 1800 1085 3591
3 1800 1799 1048
3 1799 1800 3591
3 3590 1800 1048
3 1800 3590 1085
3 3584 3626 1117
3 1045 1804 3587
3 3547 1045 1803
3 1045 3587 1803
3 1804 1045 3546
3 1827 1045 3547
3 3546 1045 1827
3 1009 3508 1851
3 1009 1828 3508
3 1469 290 1458
3 290 4123 1458
3 1470 290 4107
3 290 1469 4107
3 290 1470 1459
3 4123 290 1459
3 329 4149 1439
3 4149 329 4161
3 4161 329 1429
3 4160 329 1439
3 329 4171 1429
3 329 4160 338
3 4171 329 338
3 330 1428 340
3 4172 1428 339
3 339 1428 4161
3 1428 330 4161
3 340 1428 353
3 1428 4172 353
3 1462 1450 302
3 1451 4133 4146
3 1452 4133 300
3 4133 1463 300
3 4133 1451 1463
3 559 2858 2765
3 2858 2857 2765
3 2752 2858 2851
3 2858 559 2851
3 2860 2751 572
3 2857 2751 2860
3 2751 2752 572
3 2751 2858 2752
3 2858 2751 2857
3 566 2759 2744
3 566 2845 2759
3 2845 566 2758
3 2867 566 2744
3 566 2743 2758
3 566 2867 2743
3 553 2759 2773
3 2844 553 2773
3 553 2844 2759
3 2889 2730 588
3 2889 577 2730
3 2910 2889 588
3 2745 577 2744
3 577 2745 2866
3 2745 565 2866
3 2759 2745 2744
3 565 2745 2759
3 593 2708 605
3 2692 604 2934
3 2954 2692 2934
3 2677 2954 616
3 2678 2677 616
3 2977 2677 2976
3 2677 2678 2976
3 2693 2954 2934
3 2954 2693 616
3 616 2694 2953
3 2693 2694 616
3 2694 2693 2933
3 2953 2694 615
3 2932 2694 602
3 2694 2933 602
3 2694 2695 615
3 2694 2932 2695
3 2725 580 2892
3 2725 2893 2870
3 580 2725 2870
3 2933 2913 2711
3 2710 2913 2933
3 3382 898 2488
3 3349 898 3382
3 898 3349 3381
3 898 3381 3414
3 2488 898 3414
3 845 3320 2528
3 2515 3320 845
3 3320 2527 2528
3 3320 846 2527
3 846 3320 2514
3 3320 2515 2514
3 2663 634 2977
3 634 2663 2662
3 2938 2958 2688
3 607 2938 2688
3 2938 2689 2958
3 2938 607 2689
3 2583 3145 3175
3 2685 3145 2946
3 3145 2685 2988
3 3175 3145 2988
3 3177 760 2571
3 3177 739 760
3 739 3177 740
3 761 3177 2571
3 740 3177 761
3 2582 739 740
3 2582 2581 3146
3 2581 2582 740
3 2593 2582 3146
3 3145 2582 2593
3 739 2582 2583
3 2582 3145 2583
3 1945 3395 3363
3 3363 3395 910
3 3395 882 909
3 3395 1945 882
3 1903 970 3464
3 1882 1903 3463
3 970 1903 1882
3 3333 1982 856
3 3333 1965 1964
3 1965 3333 856
3 3306 1998 833
3 1982 3306 833
3 2010 815 3284
3 815 3254 2011
3 3254 815 2010
3 2993 2995 642
3 2995 2994 642
3 2995 2993 2136
3 2994 2995 2136
3 2104 3073 3072
3 2093 3100 3099
3 2092 3100 2093
3 3100 695 2102
3 695 3100 2092
3 2123 657 3044
3 658 2123 3044
3 2123 658 3019
3 2123 3019 2131
3 657 2123 2131
3 3073 3046 3072
3 3046 2113 3072
3 2113 3046 659
3 658 2114 3045
3 675 2114 3044
3 2114 658 3044
3 3020 3045 2121
3 3020 643 2130
3 643 3020 2129
3 3020 2121 2129
3 2120 3039 2128
3 3039 670 2128
3 3065 686 687
3 3065 3039 2120
3 3039 3065 670
3 686 3065 2625
3 2625 3065 3064
3 3065 2120 3064
3 2100 3093 3092
3 2088 3120 2089
3 3120 2100 2101
3 2100 3120 706
3 3120 2088 706
3 705 3120 2101
3 3120 705 2089
3 725 2076 3151
3 725 2088 2076
3 2088 3121 706
3 3147 741 2580
3 722 3147 2580
3 741 3147 2581
3 2592 722 2603
3 2592 3147 722
3 3091 2613 2101
3 2613 3091 3090
3 2614 2613 3090
3 2579 3149 723
3 2579 3148 742
3 2579 723 3148
3 3180 2579 742
3 2579 3180 3181
3 2578 2579 3181
3 3149 2579 2578
3 724 2064 2076
3 724 3150 2064
3 724 2076 2077
3 3150 724 2077
3 3015 3016 2134
3 2134 3016 639
3 3041 672 3068
3 672 3041 2118
3 3041 2117 655
3 2117 3041 3068
3 3017 2125 656
3 3017 656 2132
3 2062 3184 746
3 3184 2062 745
3 2062 3152 745
3 3573 3572 1069
3 3572 3573 1818
3 3573 1069 1794
3 1818 3573 1070
3 3573 1794 1107
3 1070 3573 1107
3 1223 1186 3749
3 1735 3750 1187
3 1224 3750 1707
3 3750 1224 1187
3 1186 3750 1735
3 3750 1223 1707
3 3750 1186 1223
3 3619 1111 1074
3 1111 3619 1789
3 3577 3619 1074
3 3619 3577 1789
3 3663 1763 1149
3 3663 1111 1763
3 1788 3663 1149
3 1111 3663 1788
3 1709 3747 1710
3 1709 3748 3747
3 1221 1709 1710
3 3748 1738 3747
3 3704 1738 3705
3 3705 1738 1185
3 1738 3748 1185
3 1739 3703 1183
3 3703 3659 1183
3 3703 1146 3659
3 1146 3703 3660
3 3703 3704 3660
3 3703 1739 3704
3 3788 1221 1683
3 18 3788 1683
3 1709 3788 1682
3 3788 1709 1221
3 3788 18 1656
3 19 3788 1656
3 1682 3788 19
3 881 1946 1965
3 1946 881 3362
3 1965 1946 882
3 1946 3362 882
3 1783 3668 3625
3 1783 1115 3668
3 1783 1078 1115
3 1005 1857 1833
3 1004 3502 1858
3 1004 1857 3502
3 1857 1004 1833
3 1811 1038 3579
3 1038 1811 3539
3 1811 3579 1075
3 3623 1114 1759
3 3623 1152 3667
3 3623 1759 1152
3 1188 1705 3752
3 3751 1705 1188
3 3752 1705 1225
3 1705 1706 1225
3 1705 3751 1706
3 3708 1761 1150
3 1761 3708 3665
3 1150 1761 3621
3 1761 1113 3621
3 1761 3665 1113
3 3751 1734 1187
3 1734 3708 1187
3 1734 3751 1188
3 3708 1734 1188
3 2558 3210 3209
3 783 2558 3209
3 3210 2558 2557
3 2558 3242 2557
3 2558 783 3242
3 762 2569 3209
3 2570 2569 3178
3 3209 2569 2570
3 2569 762 3179
3 741 2569 3179
3 2569 741 3178
3 743 3182 2064
3 3182 743 2051
3 3182 744 2064
3 2050 3182 2051
3 3182 2050 744
3 3154 2061 2060
3 2061 3154 727
3 3154 2060 728
3 2072 3154 728
3 3154 2073 727
3 3154 2072 2085
3 2073 3154 2085
3 2003 3276 3275
3 3245 2021 2020
3 3245 2036 786
3 2036 3245 2020
3 2037 3245 786
3 3245 2037 2021
3 3247 2019 809
3 808 2019 3246
3 2019 2035 3246
3 2035 2019 3247
3 2019 3276 809
3 2019 808 3275
3 3276 2019 3275
3 3302 830 2003
3 2002 830 3302
3 830 3276 2003
3 3276 830 2002
3 3277 831 2001
3 3277 2002 831
3 3277 3276 2002
3 2018 3247 809
3 2018 2034 3247
3 3276 2018 809
3 3277 2018 3276
3 765 2050 3213
3 765 2049 3183
3 2050 765 3183
3 2049 3214 766
3 3214 3215 766
3 3215 3214 788
3 3214 2035 788
3 765 3214 2049
3 3214 765 3213
3 2032 3217 768
3 3217 2032 790
3 3217 2046 768
3 2046 3217 2045
3 3217 3218 2045
3 2034 2033 3215
3 3215 2033 767
3 2033 3216 767
3 785 2556 3244
3 2037 785 3244
3 2556 785 3211
3 3273 2544 806
3 2544 3273 807
3 3273 806 3272
3 2533 3273 3272
3 3273 3274 807
3 960 3453 3452
3 3453 2468 3452
3 2451 3453 960
3 3453 2451 961
3 3454 3453 961
3 3419 902 3386
3 902 3419 2483
3 902 3354 3386
3 3354 902 2483
3 3420 2482 3387
3 2483 3420 3387
3 905 3357 1931
3 905 3390 3357
3 905 933 3423
3 933 905 1931
3 905 3423 1930
3 3390 905 1930
3 3357 3389 1931
3 933 3456 1910
3 1889 3456 963
3 1910 3456 1889
3 1988 3327 852
3 3301 1988 852
3 851 1988 3300
3 3327 1988 851
3 1988 2004 3300
3 1988 3301 2004
3 2522 3325 850
3 2523 2522 3298
3 3325 2522 2523
3 827 3299 2533
3 3299 2522 850
3 3299 827 3298
3 2522 3299 3298
3 3355 2496 3387
3 2498 2497 2511
3 2497 3354 875
3 1974 3313 1975
3 3340 1974 1975
3 1974 3340 863
3 1973 1974 3341
3 1974 863 3341
3 3313 1991 839
3 1991 3287 3286
3 839 1991 3286
3 2006 1990 841
3 819 1990 2006
3 1990 819 3287
3 858 3334 1963
3 3335 858 1963
3 3334 858 1981
3 1981 858 1980
3 858 3335 1980
3 3364 884 1962
3 1881 1882 3500
3 1881 970 1882
3 1859 1881 3500
3 1881 1859 3501
3 1881 1902 970
3 1914 3438 947
3 1914 3439 919
3 1914 947 3439
3 3438 1914 3405
3 1914 919 3406
3 1914 3373 3405
3 892 1934 3406
3 1934 1914 3406
3 1914 1934 3373
3 1934 892 1953
3 891 1934 1953
3 3373 1934 891
3 1915 3438 918
3 1915 946 3438
3 946 1915 3437
3 1915 917 3437
3 3470 1896 1897
3 1896 945 1897
3 1895 1896 3470
3 945 1896 3437
3 1896 1895 3437
3 1894 3471 976
3 946 3471 1894
3 1895 3471 946
3 3369 1939 3401
3 1939 3369 1958
3 945 944 1897
3 944 945 3436
3 974 1877 1876
3 3307 3306 1981
3 3307 1981 1980
3 3308 3307 1980
3 1997 3307 3308
3 3221 2042 2028
3 2042 3221 772
3 2042 751 3190
3 3191 2042 772
3 751 2042 3191
3 2081 2069 3158
3 733 3160 2054
3 3160 733 2066
3 2067 3160 2066
3 1979 859 1978
3 3337 859 1961
3 859 3337 1978
3 3309 1995 1996
3 3308 3309 1996
3 1979 3309 3308
3 3309 1979 1978
3 3310 3309 1978
3 3220 792 2029
3 792 3220 770
3 2028 3220 2029
3 2042 3220 2028
3 769 3218 2044
3 3218 769 2045
3 3250 2031 790
3 2031 3217 790
3 3217 2031 3218
3 2031 3250 791
3 3218 2031 791
3 812 3280 2014
3 2014 3280 3281
3 3280 1998 3281
3 1998 3280 833
3 3280 3279 833
3 3280 812 3279
3 777 3204 3203
3 3195 3204 777
3 3203 3204 2576
3 3204 757 2576
3 3204 3195 757
3 3164 3173 737
3 3173 3174 737
3 3173 3164 2575
3 758 3173 2575
3 3174 3173 758
3 2610 717 2598
3 717 3132 2598
3 2599 717 2610
3 3132 717 2599
3 3049 2644 662
3 3024 2644 3049
3 2644 3024 2655
3 662 2644 3023
3 3023 2644 645
3 2644 2655 645
3 3025 647 2654
3 3025 2642 647
3 3025 3050 3051
3 2642 3025 3051
3 3081 2628 3088
3 3081 3088 2616
3 3082 3081 2616
3 3081 3082 3089
3 2628 3081 3089
3 1091 3639 1129
3 3639 1166 1129
3 3639 3682 1166
3 3596 3639 1091
3 1128 3638 1165
3 3638 1128 1090
3 2368 3638 1090
3 3681 2350 1165
3 3638 3681 1165
3 3681 3638 2368
3 2350 3681 1127
3 3681 2368 1127
3 3844 34 2280
3 34 3844 2279
3 66 3844 2280
3 2279 3844 66
3 2311 2 2294
3 3769 2311 2294
3 2408 1017 3554
3 2408 3514 1017
3 3514 2408 3515
3 1054 2387 3597
3 1054 2408 3554
3 3596 1054 3554
3 2387 1054 3596
3 1055 3597 2386
3 1055 3556 2407
3 3598 1055 2386
3 1056 2385 3599
3 2385 1093 3599
3 3557 2385 1056
3 1093 2385 3598
3 2385 1055 3598
3 1055 2385 3556
3 2385 3557 2406
3 3556 2385 2406
3 3480 2423 986
3 3480 2461 2443
3 953 3444 2478
3 2461 953 2478
3 3480 953 2461
3 3478 2463 2445
3 3478 2462 2463
3 952 2479 3442
3 2462 952 3442
3 2479 952 3443
3 952 2461 3443
3 952 2462 2461
3 2424 1020 3518
3 3557 1019 2406
3 1019 3557 2405
3 1019 3516 2406
3 1019 2425 3516
3 3416 2486 3383
3 2486 3416 928
3 899 3416 3383
3 2487 3416 899
3 3416 2487 3415
3 2472 3416 3415
3 3416 2472 928
3 2473 3449 927
3 3449 2472 927
3 3449 2473 957
3 2455 3449 957
3 928 3450 2471
3 2472 3450 928
3 929 2470 2469
3 2470 929 3451
3 2469 2470 3452
3 2470 2452 3452
3 3487 2436 991
3 2417 2436 3486
3 991 2436 2417
3 2436 2454 3486
3 2436 3487 2454
3 3648 2357 2378
3 1136 3648 2378
3 2357 3648 3691
3 3648 1136 3691
3 894 3344 3376
3 3344 866 3376
3 3344 894 2493
3 3344 2493 3377
3 932 3420 2467
3 1949 3358 3391
3 3391 3358 1930
3 3358 3390 1930
3 3360 1948 907
3 3393 3360 907
3 3361 3393 908
3 3394 3361 908
3 881 3361 3394
3 3361 881 1966
3 853 3329 1986
3 1987 853 1986
3 3329 853 1969
3 853 3328 1969
3 853 1987 3328
3 1970 877 1951
3 877 3357 1951
3 877 3389 3357
3 3389 877 904
3 1292 1314 482
3 499 1292 482
3 1273 499 4330
3 4331 1273 517
3 437 440 1346
3 440 437 1328
3 1271 501 500
3 1271 4331 518
3 1252 1251 517
3 1251 4350 517
3 4350 1251 1252
3 4294 1291 1310
3 1291 484 1310
3 484 4313 1290
3 502 4313 501
3 501 4313 500
3 4313 1291 500
3 1291 4313 484
3 1307 4280 4297
3 4280 1308 4297
3 1325 4280 4281
3 4280 1307 4281
3 4263 4280 1325
3 4231 1358 431
3 1358 4230 431
3 4230 1358 4231
3 1267 504 4334
3 4316 504 1267
3 4334 504 1268
3 504 4315 1268
3 504 4316 4315
3 521 4353 4334
3 4353 521 1247
3 521 520 1247
3 521 4334 1268
3 1269 521 1268
3 521 1269 520
3 520 1249 1248
3 1248 1249 4352
3 1289 486 4296
3 486 1289 4314
3 4296 486 1288
3 486 4314 1288
3 485 502 1289
3 485 4295 1290
3 4313 485 1290
3 485 4313 502
3 485 1309 4295
3 485 1289 1309
3 487 1287 4298
3 1287 487 4316
3 4298 1287 4299
3 1287 4317 4299
3 1287 4316 4317
3 354 357 4182
3 360 354 4182
3 354 360 1418
3 354 1418 1416
3 357 354 1416
3 357 355 1405
3 355 357 1416
3 1417 355 1416
3 1343 4263 4264
3 4245 1343 4264
3 4263 1343 4244
3 1343 430 4244
3 1343 4245 430
3 383 381 4190
3 381 386 4190
3 1387 381 383
3 386 381 1387
3 383 385 4201
3 385 379 4201
3 385 383 4190
3 379 385 4190
3 392 395 380
3 393 392 380
3 395 392 414
3 392 393 414
3 399 396 380
3 397 399 380
3 396 399 4215
3 399 397 4215
3 424 420 4243
3 2339 2357 3691
3 2339 3692 2357
3 3734 2339 3691
3 2339 2322 3735
3 2339 3734 2322
3 2291 3812 2290
3 3812 2291 38
3 3849 3812 38
3 3812 3849 2274
3 3813 3812 2274
3 2290 3812 3813
3 38 3811 3848
3 2291 3811 38
3 3811 37 3848
3 37 3811 2292
3 3811 2291 2292
3 3772 2325 1208
3 2325 3772 2307
3 2325 3731 1208
3 2325 1171 3731
3 2308 1208 3771
3 2308 3772 1208
3 5 2308 3771
3 3772 2308 5
3 2248 2247 3917
3 2247 2248 128
3 2247 128 2246
3 2247 2260 3917
3 3918 2247 2246
3 2260 2247 3918
3 2261 2248 3917
3 2248 2261 3916
3 99 2261 3917
3 2261 98 3916
3 98 2261 3882
3 3882 2261 3883
3 2261 99 3883
3 2244 101 3919
3 2258 101 2244
3 101 2258 3885
3 101 3885 2259
3 3919 101 2259
3 1097 3603 2380
3 3603 1135 2379
3 3603 2359 1135
3 3603 1097 2359
3 2400 1024 3522
3 2400 3562 1024
3 2400 3522 1023
3 1061 1098 2378
3 1061 3563 2399
3 3562 1061 2399
3 3605 1061 2378
3 3563 1061 2398
3 2398 1061 3564
3 3564 1061 1062
3 1061 1099 1062
3 1099 1061 3605
3 3730 1207 2326
3 3730 2326 2343
3 1170 3730 2343
3 1132 2344 2362
3 3686 2344 1132
3 2344 3687 2362
3 2344 1170 3687
3 2344 3686 3729
3 2344 3730 1170
3 2304 2321 1211
3 2321 2304 3776
3 2304 3775 8
3 3775 2304 1211
3 2287 2304 8
3 2304 2287 3776
3 2217 2230 159
3 2217 3953 2230
3 2217 3982 3983
3 3982 2217 159
3 133 2229 3954
3 2229 133 2241
3 132 2229 2241
3 2229 132 3953
3 4056 227 2188
3 2187 227 4056
3 227 2187 4033
3 2205 4010 208
3 4010 2205 185
3 4010 4009 207
3 2206 4010 185
3 4010 2206 4009
3 2175 4083 251
3 4083 2175 269
3 2175 251 4082
3 4101 2175 4082
3 2175 4101 269
3 2169 4099 283
3 4099 2170 283
3 4099 267 2170
3 267 4099 2177
3 4099 268 2177
3 4099 2169 268
3 284 2163 4116
3 284 2169 2163
3 2169 284 4100
3 284 2168 4100
3 2162 284 4116
3 2168 284 2162
3 2184 4060 230
3 250 4060 2184
3 4060 250 2183
3 76 2267 3855
3 3856 2267 76
3 2267 44 3855
3 2267 3856 44
3 1533 3989 3988
3 3989 164 3988
3 164 3989 1551
3 165 3989 3990
3 3989 165 1551
3 189 1533 4015
3 163 2213 3987
3 2213 3986 3987
3 2213 163 3957
3 2226 2213 3957
3 4060 2193 230
3 2193 2183 4037
3 2193 4060 2183
3 209 4035 2194
3 3985 3986 2214
3 3985 2214 161
3 3985 2215 3984
3 2215 3985 161
3 235 1514 4065
3 235 4042 1514
3 1513 235 4066
3 4042 235 1513
3 188 4014 1534
3 4014 188 211
3 1517 4014 211
3 4014 4015 1534
3 4013 2192 211
3 231 2192 4037
3 212 1516 4040
3 4014 212 4015
3 212 4014 1517
3 4038 1502 232
3 1517 4038 232
3 4038 231 1502
3 4038 2192 231
3 4038 1517 211
3 2192 4038 211
3 4168 1433 1423
3 1433 4168 335
3 4168 1423 1422
3 335 4168 1422
3 4157 1433 335
3 4155 4156 2151
3 4156 4155 334
3 4156 4144 2151
3 313 4145 4132
3 1453 313 4132
3 4156 313 4144
3 4144 313 4131
3 313 1453 4131
3 47 1635 3823
3 1635 47 3859
3 3859 47 3822
3 47 3823 1661
3 3822 47 1661
3 1064 3608 2374
3 3608 1064 1101
3 2374 3608 2354
3 2354 3608 3651
3 3608 1101 3651
3 1686 1660 16
3 1660 3824 16
3 1660 1686 3784
3 15 1660 3784
3 1660 15 3823
3 48 1660 3823
3 3824 1660 48
3 3902 115 1604
3 115 3902 3901
3 1605 115 3901
3 1604 115 3936
3 115 1605 3935
3 146 1560 1580
3 1603 3937 117
3 87 1603 117
3 1603 87 3903
3 1525 196 3997
3 3996 1525 3997
3 196 1525 4023
3 1525 3996 195
3 218 1525 195
3 4023 1525 218
3 1544 3996 171
3 1597 121 3943
3 122 1597 3943
3 3909 1597 122
3 1597 3909 92
3 121 1597 92
3 91 1620 3873
3 1620 91 3908
3 3907 91 3873
3 3908 91 1598
3 91 120 1598
3 91 3907 120
3 90 1622 3906
3 3872 1622 90
3 3906 1622 3871
3 1622 57 3871
3 1622 3835 57
3 1622 3872 3835
3 1697 1232 3760
3 1232 1696 3760
3 1232 1669 1696
3 3800 1232 1697
3 1232 3800 1669
3 1231 1697 3759
3 1231 1670 1697
3 1698 1231 3759
3 1670 28 1644
3 1645 28 1671
3 28 1645 3838
3 1644 28 3838
3 1191 3712 1730
3 3712 1757 3668
3 1730 3712 3668
3 3712 3669 1757
3 3669 3712 1154
3 1154 3712 1729
3 3712 1191 1729
3 1702 1228 3755
3 1228 1702 3795
3 1227 1702 3754
3 1730 1702 3755
3 1702 1730 3754
3 3795 1675 1649
3 1675 24 1649
3 1702 1675 3795
3 1675 1702 1227
3 118 89 3905
3 118 1600 89
3 1601 118 3905
3 118 1601 3939
3 1600 118 3939
3 149 1577 3941
3 1577 120 3941
3 120 1577 3942
3 1577 150 3942
3 1577 1557 150
3 1577 149 1557
3 4068 237 1496
3 237 4068 1495
3 4068 1496 256
3 4068 256 4089
3 1495 4068 4089
3 1494 238 4069
3 1494 4070 238
3 1494 4069 4090
3 4093 260 1478
3 4093 278 1477
3 278 4093 1478
3 4093 1477 4072
3 260 4093 4072
3 1493 259 239
3 259 4091 1479
3 4091 259 1493
3 1467 276 4109
3 4109 276 1481
3 1481 276 4090
3 293 1456 4126
3 293 1467 1456
3 1472 4121 289
3 4105 1472 4106
3 1472 289 4106
3 288 1472 4105
3 4121 1472 288
3 1500 233 4063
3 1516 233 4040
3 233 1500 4040
3 4083 4062 1502
3 252 4062 4083
3 1502 4062 232
3 1501 252 4063
3 4062 1501 232
3 1501 4062 252
3 233 1501 4063
3 1515 4064 234
3 1515 213 4040
3 1500 1515 4040
3 4064 1515 1500
3 1515 4041 213
3 4041 1515 234
3 1547 1567 3963
3 3964 1567 1547
3 1567 141 3963
3 1567 3964 1566
3 141 1567 1586
3 1567 1566 1586
3 1585 1565 143
3 1564 1565 3965
3 143 1565 1564
3 1565 1585 142
3 1566 1565 142
3 1565 1566 3965
3 3989 1532 3990
3 1532 3989 1533
3 189 1532 1533
3 4017 190 213
3 1531 190 4017
3 190 1531 3990
3 1532 190 3990
3 1497 255 4088
3 1484 255 4087
3 255 1484 4088
3 255 1497 4066
3 2157 4130 298
3 2157 298 4116
3 2163 2157 4116
3 2157 2163 297
3 4129 2157 297
3 2157 4129 311
3 4130 2157 311
3 2024 3256 2008
3 3256 2024 796
3 2008 3256 817
3 3256 2009 817
3 2009 3256 2025
3 3256 796 2025
3 1804 3586 1081
3 3586 1118 1081
3 3586 3585 1118
3 3586 1805 3585
3 3585 1080 1118
3 1781 1080 1117
3 1080 3584 1117
3 3583 1783 3625
3 1783 3583 1078
3 1805 1043 3585
3 4120 288 1473
3 4120 1462 288
3 287 4120 1473
3 4120 287 4119
3 1461 4121 288
3 1462 1461 288
3 1461 1462 302
3 1449 1461 302
3 1461 1449 303
3 4121 1461 303
3 1450 301 4134
3 1462 301 1450
3 301 1451 4134
3 1451 301 1463
3 4120 301 1462
3 1463 301 4119
3 301 4120 4119
3 4145 314 1452
3 314 4133 1452
3 4133 314 4146
3 4146 314 1442
3 314 4157 1442
3 4157 314 4145
3 2729 2910 589
3 2729 2889 2910
3 2729 589 2728
3 578 2729 2728
3 577 2729 578
3 2889 2729 577
3 2708 2935 605
3 2935 2708 604
3 2692 2935 604
3 592 2724 2893
3 2724 592 2894
3 2725 592 2893
3 2894 2915 593
3 2915 2708 593
3 592 2915 2894
3 2955 2935 2692
3 603 2710 2933
3 2693 603 2933
3 603 2693 2934
3 2725 591 2710
3 591 2913 2710
3 591 2725 2892
3 591 2892 2726
3 591 2726 2711
3 2913 591 2711
3 634 2978 2977
3 2675 2978 635
3 2978 2675 2676
3 2978 2662 635
3 2978 634 2662
3 910 1925 3428
3 3395 1925 910
3 1925 3395 909
3 1925 938 3428
3 1925 909 3427
3 938 1925 3427
3 3396 911 3364
3 884 911 3397
3 911 884 3364
3 911 1923 3397
3 883 3363 910
3 3396 883 910
3 883 1963 1964
3 3363 883 1964
3 1903 939 3463
3 939 1904 3463
3 3430 3464 940
3 3430 1903 3464
3 1922 3430 940
3 939 3430 1923
3 3430 939 1903
3 3430 1922 3397
3 1923 3430 3397
3 3333 857 1982
3 857 3334 1981
3 3334 857 1964
3 857 3333 1964
3 3306 857 1981
3 857 3306 1982
3 815 3283 3284
3 3283 3282 1996
3 1995 3283 1996
3 3283 815 2011
3 2012 3283 2011
3 3283 2012 3282
3 3100 694 3099
3 694 2104 3099
3 2104 694 3073
3 2104 693 3099
3 693 2104 3072
3 2105 693 3072
3 676 2105 3072
3 2113 676 3072
3 676 2113 3045
3 2114 676 3045
3 2116 2124 656
3 2124 3018 2132
3 656 2124 2132
3 2124 657 3018
3 657 2115 3044
3 2115 675 3044
3 3046 2112 659
3 2112 2102 2129
3 659 2112 2129
3 2122 658 3045
3 3020 2122 3045
3 2122 3020 2130
3 3019 2122 2130
3 658 2122 3019
3 2111 687 3092
3 2111 3065 687
3 670 2111 3066
3 3065 2111 670
3 3121 2099 706
3 2099 2100 706
3 2099 3093 2100
3 725 2075 2088
3 3152 2063 745
3 2075 2063 3152
3 2063 2075 725
3 2063 3183 745
3 2063 744 3183
3 744 2063 3151
3 2063 725 3151
3 2604 2592 2603
3 2604 2603 2615
3 2604 3145 2593
3 2604 2615 2946
3 3145 2604 2946
3 721 2593 3146
3 2581 721 3146
3 721 2604 2593
3 2604 721 2592
3 3147 721 2581
3 2592 721 3147
3 3118 2614 703
3 2602 3118 703
3 705 3119 2601
3 3119 705 2101
3 2613 3119 2101
3 3016 2127 655
3 2127 3016 3015
3 2127 2118 655
3 2127 654 2118
3 2126 3016 655
3 3016 2126 2125
3 2117 2126 655
3 2126 2117 2125
3 3016 2133 639
3 2133 3016 2125
3 3017 2133 2125
3 2133 640 639
3 640 2133 2132
3 2133 3017 2132
3 670 2119 2128
3 653 3015 2128
3 2119 653 2128
3 653 2127 3015
3 2127 653 654
3 673 2117 3068
3 2116 673 3069
3 726 2062 2074
3 2062 726 3152
3 726 2075 3152
3 3153 2061 727
3 2062 3153 2074
3 2061 3153 746
3 3153 2062 746
3 3153 2073 2074
3 2073 3153 727
3 3069 690 2107
3 708 2097 3123
3 3124 708 2085
3 2097 708 3124
3 1736 1737 3749
3 1186 1736 3749
3 1186 3707 1149
3 3707 1186 1735
3 1149 3707 1762
3 3707 3664 1762
3 3707 1735 1187
3 3707 1187 1150
3 3664 3707 1150
3 1222 1682 3789
3 1222 1709 1682
3 1222 3789 1681
3 1708 1222 1681
3 1709 1222 3748
3 1222 1708 3749
3 3748 1222 3749
3 1739 1184 3704
3 1184 1738 3704
3 1184 1739 3747
3 1738 1184 3747
3 1006 1832 1831
3 1832 1006 1855
3 3467 1878 973
3 1878 3503 1855
3 1877 1878 1855
3 1878 1877 973
3 1857 1856 3503
3 1005 1856 1857
3 1832 1856 1005
3 3503 1856 1855
3 1856 1832 1855
3 3540 1834 1835
3 1834 1003 1835
3 1003 1834 1858
3 1834 1004 1858
3 1076 1075 3621
3 1786 1076 3621
3 1076 1786 3622
3 1810 3541 3540
3 3541 1834 3540
3 1004 3541 1833
3 1834 3541 1004
3 1039 1810 3540
3 1039 3540 3539
3 1811 1039 3539
3 1784 3623 3667
3 1115 1784 3667
3 1784 1115 3624
3 3623 1784 1077
3 1784 3582 1077
3 1078 1784 3624
3 3582 1784 1078
3 810 2018 3277
3 810 3277 2001
3 3278 810 2001
3 2017 810 3278
3 3214 787 2035
3 787 2036 3246
3 2035 787 3246
3 2036 787 3213
3 787 3214 3213
3 789 2017 3249
3 2032 789 3249
3 789 2032 3216
3 2033 789 3216
3 3212 764 3211
3 785 3212 3211
3 3212 785 2037
3 3212 2051 764
3 3212 2037 786
3 2051 3212 3213
3 3212 786 3213
3 2005 3273 2533
3 3299 2005 2533
3 2005 828 3274
3 3273 2005 3274
3 828 2005 3300
3 2005 3299 3300
3 931 2468 2467
3 3420 931 2467
3 931 3419 2468
3 3419 931 2483
3 931 3420 2483
3 3422 3389 904
3 3422 933 1931
3 3389 3422 1931
3 2496 2510 875
3 2510 2497 875
3 3324 2510 2523
3 2510 3325 2523
3 2511 2510 3324
3 2497 2510 2511
3 3355 876 2496
3 1952 876 3388
3 876 3355 3388
3 3326 2521 850
3 2521 3299 850
3 2521 3326 851
3 2521 851 3300
3 3299 2521 3300
3 3355 903 3388
3 2482 903 3387
3 903 3355 3387
3 1974 840 3313
3 840 1991 3313
3 1991 840 3287
3 840 1990 3287
3 3314 1973 841
3 1990 3314 841
3 3314 1974 1973
3 3314 840 1974
3 840 3314 1990
3 3365 1942 1961
3 1942 885 1961
3 1942 3365 3398
3 3366 1941 1961
3 885 3366 1961
3 912 3366 3398
3 3366 1942 3398
3 1942 3366 885
3 1943 3365 1962
3 884 1943 1962
3 3365 1943 3397
3 1943 884 3397
3 1902 3465 3431
3 1881 3465 1902
3 1857 1879 3502
3 1879 1857 3503
3 1878 1879 3503
3 3372 1915 918
3 3405 3372 918
3 3437 1916 3436
3 917 1916 3437
3 3370 1956 1957
3 3370 1937 1956
3 888 3370 1957
3 887 1939 1958
3 887 1958 1959
3 3368 887 1959
3 944 3435 1918
3 1917 3435 3436
3 3435 944 3436
3 944 3469 1897
3 1898 3469 944
3 3469 1898 974
3 3369 1938 1957
3 1938 888 1957
3 3504 1877 1855
3 1006 3504 1855
3 834 3307 1997
3 1998 834 3281
3 834 1997 3281
3 3306 834 1998
3 3307 834 3306
3 2068 3159 2080
3 3159 2067 2080
3 2060 3155 728
3 3127 2081 2093
3 2057 3157 749
3 2057 750 3158
3 2069 2057 3158
3 3336 1962 1961
3 859 3336 1961
3 3336 3335 1962
3 3336 859 1979
3 3335 3336 1980
3 3336 1979 1980
3 750 2043 3190
3 3220 2043 770
3 769 3188 2045
3 749 3188 2044
3 3188 769 2044
3 2643 646 3024
3 646 2999 2655
3 3024 646 2655
3 646 2654 2999
3 646 2643 2654
3 3025 663 3050
3 663 3024 3050
3 663 2643 3024
3 2643 663 2654
3 663 3025 2654
3 3682 2367 1128
3 3639 2367 3682
3 2367 2388 1090
3 1128 2367 1090
3 2367 3596 2388
3 2367 3639 3596
3 3768 2312 2
3 2311 3768 2
3 2329 3728 3727
3 3728 1168 3727
3 3728 2345 3685
3 1168 3728 3685
3 2328 2311 3769
3 3728 2328 2345
3 2345 2328 1169
3 2328 3729 1169
3 2326 2309 3771
3 1207 2309 2326
3 3 3769 2294
3 3 2310 3769
3 3809 3 2294
3 2293 3 3809
3 2408 1018 3515
3 3515 1018 2426
3 1018 3516 2426
3 3516 1018 2406
3 1018 3556 2406
3 3556 1018 2407
3 3555 1054 3597
3 1055 3555 3597
3 3555 1055 2407
3 1054 3555 2408
3 1018 3555 2407
3 3555 1018 2408
3 3481 2442 986
3 2442 3480 986
3 3478 2444 2462
3 2423 985 3518
3 985 2424 3518
3 985 3480 2443
3 3480 985 2423
3 3517 1019 2405
3 1019 3517 2425
3 1020 3517 2405
3 2424 3517 1020
3 3517 2424 2425
3 958 3450 2472
3 3449 958 2472
3 2454 958 2455
3 958 3449 2455
3 3487 2453 2454
3 2453 958 2454
3 958 2453 3450
3 2453 3487 2435
3 2453 3488 2452
3 3488 2453 2435
3 3345 2507 3377
3 2507 3344 3377
3 2507 3345 2520
3 1911 3456 933
3 3422 1911 933
3 1911 3422 932
3 3456 1911 963
3 1950 1949 1969
3 1950 3358 1949
3 1948 880 1967
3 3360 880 1948
3 1967 880 1966
3 1947 3360 3393
3 3361 1947 3393
3 1947 880 3360
3 1947 3361 1966
3 880 1947 1966
3 877 3356 904
3 3356 877 1952
3 904 3356 3388
3 3356 1952 3388
3 483 1311 1314
3 1292 483 1314
3 1311 483 4294
3 483 1291 4294
3 4312 1292 499
3 1273 4312 499
3 4312 483 1292
3 1291 4312 500
3 483 4312 1291
3 516 1252 517
3 1273 516 517
3 516 1273 4330
3 1252 516 4349
3 515 516 4330
3 4349 516 1253
3 516 515 1253
3 444 445 1346
3 440 444 1346
3 445 444 1327
3 444 1328 1327
3 444 440 1328
3 1272 1271 500
3 1271 1272 4331
3 1272 1273 4331
3 4312 1272 500
3 1272 4312 1273
3 4332 502 501
3 1271 4332 501
3 4332 1271 518
3 478 472 480
3 472 479 480
3 1297 472 478
3 479 472 1297
3 479 477 480
3 477 479 1297
3 1308 466 4279
3 4280 466 1308
3 4279 466 1326
3 1326 466 4263
3 466 4280 4263
3 1249 4351 4352
3 4351 4350 527
3 4350 4351 1250
3 4353 4351 527
3 4351 4353 4352
3 358 356 1405
3 355 358 1405
3 356 358 1417
3 358 355 1417
3 408 411 1376
3 411 412 1376
3 410 412 409
3 410 1374 1376
3 412 410 1376
3 426 428 4243
3 420 426 4243
3 1364 420 424
3 1174 2339 3735
3 2339 1174 3692
3 2338 1174 3735
3 3692 1174 2338
3 1171 3732 2342
3 2325 3732 1171
3 2342 3732 3689
3 3732 1172 3689
3 3732 2324 1172
3 2324 3732 2307
3 3732 2325 2307
3 3561 1059 2380
3 3603 3561 2380
3 3561 2400 1023
3 2400 3561 3562
3 1098 3604 2379
3 1061 3604 1098
3 3730 2327 1207
3 2327 2344 3729
3 2344 2327 3730
3 2217 2216 3953
3 2216 2229 3953
3 160 2216 3983
3 2216 2217 3983
3 2216 160 3954
3 2229 2216 3954
3 2198 4032 206
3 227 4032 2188
3 4032 2198 226
3 246 4032 226
3 4032 246 2188
3 2197 227 4033
3 2197 4008 206
3 4032 2197 206
3 2197 4032 227
3 2197 4033 207
3 4008 2197 207
3 228 4034 2196
3 2196 4034 207
3 4034 4010 207
3 4010 4034 208
3 4034 2195 208
3 4034 228 2195
3 3956 162 2226
3 162 2213 2226
3 2214 162 3956
3 3986 162 2214
3 2213 162 3986
3 210 4013 187
3 210 2193 4037
3 2192 210 4037
3 210 2192 4013
3 186 4011 209
3 4035 4011 208
3 209 4011 4035
3 4011 2205 208
3 2203 187 3986
3 3985 2203 3986
3 2203 3985 186
3 2204 3985 3984
3 3985 2204 186
3 2205 2204 3984
3 4011 2204 2205
3 2204 4011 186
3 1498 235 4065
3 235 1498 4066
3 1498 255 4066
3 255 1498 4087
3 254 1498 4065
3 1498 4086 4087
3 4086 1498 254
3 212 4039 1516
3 1501 4039 232
3 4039 1517 232
3 4039 212 1517
3 4039 233 1516
3 4039 1501 233
3 1432 326 335
3 326 4157 335
3 326 1432 4158
3 1442 326 4158
3 4157 326 1442
3 4157 325 1433
3 1433 325 4167
3 325 334 4167
3 325 4156 334
3 313 1443 4145
3 1443 313 4156
3 325 1443 4156
3 1443 4157 4145
3 1443 325 4157
3 1581 1582 1562
3 146 1581 1562
3 1581 3937 1582
3 3937 1581 3938
3 1581 1580 3938
3 1581 146 1580
3 3969 1561 1562
3 1561 146 1562
3 1561 3969 1560
3 146 1561 1560
3 3968 3967 1543
3 1563 3967 3968
3 1543 3967 171
3 3967 1563 144
3 1563 1583 144
3 115 1583 3936
3 1583 3935 144
3 1583 115 3935
3 145 3968 1562
3 145 1563 3968
3 1582 145 1562
3 145 1583 1563
3 145 1582 3936
3 1583 145 3936
3 1603 116 3937
3 116 1604 3936
3 116 3902 1604
3 1582 116 3936
3 3937 116 1582
3 3902 116 86
3 86 116 3903
3 116 1603 3903
3 3966 1564 3965
3 3966 1544 171
3 3967 3966 171
3 1564 3966 144
3 3966 3967 144
3 3996 170 3995
3 1544 170 3996
3 170 3966 3965
3 3966 170 1544
3 28 3799 1671
3 3799 28 1670
3 1231 3799 1670
3 3799 1698 1671
3 3799 1231 1698
3 1675 3794 24
3 1650 3794 1676
3 24 3794 1650
3 3794 1675 1227
3 1676 3794 1703
3 3794 1227 1703
3 276 1480 4090
3 1480 276 1467
3 4091 1480 277
3 4070 258 1493
3 1494 258 4070
3 258 4091 1493
3 258 1480 4091
3 258 1494 4090
3 1480 258 4090
3 1492 4071 239
3 259 1492 239
3 260 1492 1478
3 4071 1492 260
3 4092 259 1479
3 277 4092 1479
3 1478 4092 277
3 1492 4092 1478
3 4092 1492 259
3 293 4110 1467
3 1480 4110 277
3 4110 1480 1467
3 1455 1466 4126
3 1466 293 4126
3 294 1466 1454
3 1466 1455 1454
3 4111 1466 294
3 1466 4110 293
3 1466 4111 277
3 4110 1466 277
3 190 4016 213
3 4016 190 1532
3 213 4016 4040
3 4016 212 4040
3 212 4016 4015
3 4016 189 4015
3 4016 1532 189
3 3586 1044 1805
3 1044 1804 3546
3 1044 3586 1804
3 1080 3627 1118
3 3627 1080 1781
3 1118 3627 1755
3 3627 3670 1755
3 3627 1117 3670
3 3627 1781 1117
3 3584 1079 3626
3 1116 1079 3625
3 1079 3583 3625
3 1806 1080 3585
3 1043 1806 3585
3 1080 1806 3584
3 3507 1009 1851
3 3507 1852 1009
3 1852 1829 1009
3 1828 1829 3546
3 1009 1829 1828
3 2708 2709 604
3 604 2709 2934
3 2709 603 2934
3 603 2709 2710
3 618 2956 2676
3 2956 2955 2676
3 2936 2956 2690
3 2956 2957 2690
3 2956 618 2957
3 617 2677 2676
3 2955 617 2676
3 2677 617 2954
3 617 2692 2954
3 617 2955 2692
3 1944 3396 3364
3 1944 883 3396
3 1944 3364 1963
3 883 1944 1963
3 911 3429 1923
3 3429 939 1923
3 3429 910 3428
3 1904 3429 3428
3 939 3429 1904
3 3283 836 3284
3 836 3283 1995
3 836 1994 3284
3 1994 836 3310
3 836 3309 3310
3 3309 836 1995
3 2106 3071 675
3 3071 2114 675
3 676 3071 2105
3 3071 676 2114
3 3043 2124 2116
3 2124 3043 657
3 3043 2115 657
3 3070 2106 675
3 2115 3070 675
3 3070 691 2106
3 691 3070 2107
3 677 3046 3073
3 2112 677 3073
3 677 2112 3046
3 694 2103 3073
3 2103 2112 3073
3 2112 2103 2102
3 2103 3100 2102
3 2103 694 3100
3 690 3096 2107
3 3096 690 2097
3 3096 691 2107
3 709 2084 3125
3 2084 709 3124
3 2084 2072 728
3 2072 2084 2085
3 2084 3124 2085
3 3155 2084 728
3 2084 3155 2071
3 2084 2083 3125
3 2083 2084 2071
3 3098 2095 2094
3 3098 693 2105
3 3098 2094 3099
3 693 3098 3099
3 3093 688 3092
3 688 2111 3092
3 2111 688 3066
3 688 2110 3066
3 2110 688 3093
3 690 3095 2097
3 3122 2099 3121
3 3119 704 2601
3 704 3119 2613
3 2601 704 2602
3 704 3118 2602
3 704 2613 2614
3 3118 704 2614
3 671 670 3066
3 671 2119 670
3 3040 653 2119
3 654 3040 2118
3 653 3040 654
3 3040 671 3066
3 671 3040 2119
3 3042 2116 656
3 3042 673 2116
3 2125 3042 656
3 2117 3042 2125
3 673 3042 2117
3 2108 690 3069
3 2108 673 3068
3 673 2108 3069
3 3095 2108 3068
3 2108 3095 690
3 1736 3706 1737
3 3706 3662 1148
3 1737 3706 1148
3 3706 1763 3662
3 1763 3706 1149
3 3706 1186 1149
3 3706 1736 1186
3 3580 1076 1810
3 3580 1039 1811
3 1039 3580 1810
3 3580 1811 1075
3 1076 3580 1075
3 1785 3623 1077
3 3623 1785 1114
3 1785 1076 3622
3 1760 1785 3622
3 1114 1785 1760
3 3541 3542 1833
3 3542 1005 1833
3 3542 1832 1005
3 1040 3541 1810
3 1040 3542 3541
3 3248 2033 2034
3 2018 3248 2034
3 810 3248 2018
3 3248 810 2017
3 789 3248 2017
3 3248 789 2033
3 1932 3422 904
3 3422 1932 932
3 1932 904 3388
3 2509 2510 2496
3 2510 2509 3325
3 876 2509 2496
3 3325 2509 850
3 2509 3326 850
3 3366 3399 1941
3 3399 3367 1941
3 3367 3399 913
3 3399 3432 913
3 1960 886 1959
3 1941 886 1960
3 3367 886 1941
3 1939 914 3401
3 3400 914 3368
3 914 887 3368
3 887 914 1939
3 1940 3367 913
3 3400 1940 913
3 1940 3400 3368
3 1940 886 3367
3 1940 3368 1959
3 886 1940 1959
3 3467 942 1900
3 942 3432 1900
3 3465 941 3431
3 941 3465 1901
3 1880 1881 3501
3 1880 3501 1858
3 3502 1880 1858
3 1879 1880 3502
3 3432 3466 1900
3 3466 941 1901
3 941 3466 3432
3 1954 1935 891
3 3372 1935 1954
3 891 1935 3405
3 1935 3372 3405
3 3404 917 1915
3 3372 3404 1915
3 1916 3404 1936
3 3404 1916 917
3 890 1954 1955
3 890 3372 1954
3 1936 890 1955
3 3404 890 1936
3 890 3404 3372
3 3371 1916 1936
3 1956 3371 1955
3 3371 1936 1955
3 915 1938 3369
3 915 3369 3401
3 1918 915 3401
3 3434 944 1918
3 3434 1898 944
3 3434 1918 3401
3 1899 3467 973
3 1877 3468 973
3 3468 1899 973
3 3468 1877 974
3 1898 3468 974
3 732 3160 2067
3 3159 732 2067
3 3160 732 2054
3 731 2068 3158
3 731 3159 2068
3 2082 2069 2081
3 3127 2082 2081
3 2082 2083 2070
3 2094 711 2093
3 711 3127 2093
3 2082 711 2094
3 711 2082 3127
3 729 3156 2070
3 2083 729 2070
3 729 2083 2071
3 3155 729 2071
3 3189 749 2044
3 3189 2057 749
3 770 3189 2044
3 2057 3189 750
3 2043 3189 770
3 3189 2043 750
3 730 2057 2069
3 2057 730 3157
3 2082 730 2069
3 3157 730 2070
3 730 2082 2070
3 771 3220 2042
3 771 2043 3220
3 771 2042 3190
3 2043 771 3190
3 2310 1206 3769
3 1206 2328 3769
3 2328 1206 3729
3 1206 2327 3729
3 2327 1206 2310
3 1205 3728 2329
3 1205 2328 3728
3 2328 1205 2311
3 1205 3768 2311
3 2312 1205 2329
3 3768 1205 2312
3 4 3810 2292
3 3810 4 2293
3 4 2292 3771
3 2309 4 3771
3 2460 953 3480
3 2442 2460 3480
3 2460 2442 3481
3 2460 3481 954
3 2477 2460 954
3 3444 2460 2477
3 953 2460 3444
3 2424 984 2425
3 2444 984 2424
3 984 2444 3478
3 984 3478 2445
3 984 2445 2426
3 2425 984 2426
3 3479 2444 2424
3 985 3479 2424
3 3479 985 2443
3 2444 3479 2462
3 2461 3479 2443
3 2462 3479 2461
3 3450 959 2471
3 2453 959 3450
3 959 3451 2471
3 959 2453 2452
3 2470 959 2452
3 959 2470 3451
3 3344 867 866
3 2507 867 3344
3 866 867 2520
3 867 2507 2520
3 1911 3455 963
3 3455 1911 932
3 3455 1890 963
3 3455 962 1890
3 1970 878 1969
3 878 1950 1969
3 878 1970 3357
3 1950 878 3358
3 3390 878 3357
3 3358 878 3390
3 519 4351 1249
3 519 520 4333
3 519 1249 520
3 519 4332 518
3 1250 519 518
3 4351 519 1250
3 475 473 480
3 477 475 480
3 473 475 1297
3 475 477 1297
3 407 409 406
3 407 410 409
3 1374 407 1375
3 1375 407 406
3 410 407 1374
3 1361 424 421
3 1361 1364 424
3 1364 1361 4227
3 1361 425 4227
3 425 1361 421
3 426 1362 428
3 1362 422 428
3 422 1362 1363
3 1362 4227 1363
3 1362 1364 4227
3 3561 1060 3562
3 1060 3561 3603
3 1060 3603 2379
3 3604 1060 2379
3 1060 1061 3562
3 1060 3604 1061
3 3521 2401 1023
3 2401 3561 1023
3 2401 3521 1022
3 3561 2401 1059
3 2402 2401 1022
3 1059 2401 2402
3 3770 2327 2310
3 3770 4 2309
3 3770 2309 1207
3 2327 3770 1207
3 4 3770 2293
3 3770 3 2293
3 3 3770 2310
3 210 4012 2193
3 4012 186 209
3 4012 2203 186
3 4012 210 187
3 2203 4012 187
3 3995 1545 169
3 170 1545 3995
3 1545 3965 169
3 1545 170 3965
3 1832 3543 1831
3 3626 1782 1116
3 1782 1079 1116
3 1079 1782 3626
3 1807 1042 3583
3 1079 1807 3583
3 1807 1079 3584
3 1874 3507 1851
3 1874 1873 976
3 1873 1874 1851
3 3471 1874 976
3 3507 1874 1852
3 1874 1895 3470
3 1874 3471 1895
3 1854 1006 1831
3 1854 3504 1006
3 3506 1008 1852
3 1008 1829 1852
3 3545 1044 3546
3 1829 3545 3546
3 3545 1043 1805
3 1044 3545 1805
3 2914 2915 592
3 2709 2914 2710
3 2914 2725 2710
3 2914 592 2725
3 2955 2691 2935
3 2956 2691 2955
3 2691 2956 2936
3 2691 2936 605
3 2935 2691 605
3 1924 911 3396
3 1924 3429 911
3 1924 3396 910
3 3429 1924 910
3 674 2116 3069
3 674 3043 2116
3 674 3069 2107
3 3070 674 2107
3 3043 674 2115
3 674 3070 2115
3 2096 709 3125
3 2095 2096 3125
3 3096 2096 691
3 709 2096 3124
3 2096 2097 3124
3 2096 3096 2097
3 710 2095 3125
3 2083 710 3125
3 692 3071 2106
3 3071 692 2105
3 692 3098 2105
3 2097 2098 3123
3 3095 2098 2097
3 2099 3094 3093
3 3094 2110 3093
3 2098 3094 2099
3 2073 2086 2074
3 2098 2086 3123
3 2086 2073 2085
3 708 2086 2085
3 2086 708 3123
3 2087 3121 2088
3 2087 3122 3121
3 2075 2087 2088
3 2087 726 2074
3 726 2087 2075
3 2086 2087 2074
3 3581 1040 1810
3 3581 1785 1077
3 1076 3581 1810
3 1785 3581 1076
3 3582 1809 1077
3 1809 3581 1077
3 3581 1809 1040
3 1040 1809 3542
3 3421 1932 3388
3 1932 3421 932
3 903 3421 3388
3 3421 903 2482
3 3420 3421 2482
3 932 3421 3420
3 1971 876 1952
3 1971 2509 876
3 2509 1971 3326
3 877 1971 1952
3 1971 3327 851
3 3326 1971 851
3 1971 1970 3327
3 1971 877 1970
3 3432 1920 913
3 942 1920 3432
3 1920 3400 913
3 3399 1921 3432
3 1921 941 3432
3 941 1921 3431
3 1921 912 3431
3 1921 3366 912
3 1921 3399 3366
3 971 3465 1881
3 1880 971 1881
3 3465 971 1901
3 971 1880 1879
3 971 3466 1901
3 3466 971 1879
3 3466 972 1900
3 972 3466 1879
3 972 1879 1878
3 972 3467 1900
3 972 1878 3467
3 3371 3403 1916
3 3403 3370 1917
3 3370 3403 1937
3 3435 3402 1918
3 3402 915 1918
3 3402 3435 1917
3 3370 3402 1917
3 3402 3370 888
3 1938 3402 888
3 915 3402 1938
3 914 1919 3401
3 1919 3434 3401
3 2055 732 3159
3 751 2055 3190
3 732 2055 2054
3 2055 3191 2054
3 2055 751 3191
3 748 2058 3156
3 3157 2058 749
3 2058 3188 749
3 2058 748 3188
3 3156 2058 2070
3 2058 3157 2070
3 3188 3187 2045
3 748 3187 3188
3 3187 2046 2045
3 3187 748 2046
3 2059 729 3155
3 729 2059 3156
3 2059 748 3156
3 2059 3155 2060
3 2046 2059 3186
3 748 2059 2046
3 2059 747 3186
3 747 2059 2060
3 2466 932 2467
3 2466 3455 932
3 962 2466 2467
3 3455 2466 962
3 4332 1270 502
3 519 1270 4332
3 1270 519 4333
3 1270 4333 503
3 4314 1270 503
3 502 1270 4314
3 2193 4036 230
3 4012 4036 2193
3 4036 4012 209
3 4036 2194 230
3 4036 209 2194
3 1041 1809 3582
3 1809 1041 3542
3 3542 1041 1832
3 1041 3543 1832
3 1875 3506 1852
3 1874 1875 1852
3 1875 3469 974
3 1875 974 1876
3 3506 1875 1876
3 3469 1875 1897
3 1877 3505 1876
3 3504 3505 1877
3 1854 3505 3504
3 1008 1830 1829
3 1830 3545 1829
3 691 3097 2106
3 2096 3097 691
3 3097 2096 2095
3 3097 692 2106
3 3098 3097 2095
3 692 3097 3098
3 3126 710 2083
3 3126 2082 2094
3 2082 3126 2083
3 2095 3126 2094
3 710 3126 2095
3 3122 707 2099
3 707 2098 2099
3 707 2086 2098
3 2087 707 3122
3 707 2087 2086
3 2109 3095 3068
3 3094 3067 2110
3 3067 672 2118
3 3040 3067 2118
3 2110 3067 3066
3 3067 3040 3066
3 672 3067 3068
3 3067 2109 3068
3 3403 889 1937
3 889 3403 3371
3 1937 889 1956
3 889 3371 1956
3 1916 916 3436
3 3403 916 1916
3 916 1917 3436
3 916 3403 1917
3 1919 943 3434
3 3468 943 1899
3 3434 943 1898
3 943 3468 1898
3 731 2056 3159
3 2056 2055 3159
3 2055 2056 3190
3 2056 750 3190
3 750 2056 3158
3 2056 731 3158
3 1808 3582 1078
3 1808 1041 3582
3 3583 1808 1078
3 1042 1808 3583
3 3543 1808 1042
3 1041 1808 3543
3 975 1874 3470
3 975 1875 1874
3 975 3470 1897
3 1875 975 1897
3 1853 3506 1876
3 3505 1853 1876
3 1853 1008 3506
3 1853 1830 1008
3 3545 3544 1043
3 1830 3544 3545
3 1807 3544 1042
3 3544 3543 1042
3 3544 1806 1043
3 3543 3544 1831
3 3544 1830 1831
3 1806 3544 3584
3 3544 1807 3584
3 689 3094 2098
3 689 2098 3095
3 2109 689 3095
3 689 3067 3094
3 3067 689 2109
3 3433 943 1919
3 3433 1919 914
3 943 3433 1899
3 3433 1920 942
3 3433 942 3467
3 1899 3433 3467
3 3433 914 3400
3 1920 3433 3400
3 1853 1007 1830
3 1007 1854 1831
3 1830 1007 1831
3 1007 3505 1854
3 1007 1853 3505
3 2680 2975 2679
3 2975 2680 2974
3 3978 2211 181
3 3978 181 3979
3 1774 1748 3634
3 1748 1774 3677
3 3003 2663 3002
3 3002 2663 2664
3 793 3252 3253
3 3252 793 2029
3 1314 1311 454
3 1311 462 454
3 3453 3454 2467
3 2468 3453 2467
3 2497 2498 3353
3 3354 2497 3353
3 2978 2677 2977
3 2677 2978 2676
3 412 411 409
3 409 411 408
3 1364 1362 420
3 1362 426 420
3 2914 2709 2708
3 2915 2914 2708
