# ZBGIS LAZ building mesh
# GPS: 48.3922323N, 17.5900438E

v -1.0085 4.2085 -0.5800
v -1.0085 3.9885 -0.4800
v -0.9985 3.7085 -0.4500
v -0.9985 3.4285 -0.4400
v -0.9985 3.1485 -0.4500
v -0.9985 2.8285 -0.4700
v -0.9885 2.5885 -0.4300
v -0.9885 2.2985 -0.4500
v -0.9885 1.9985 -0.4300
v -0.9885 1.7385 -0.4300
v -0.9785 1.4385 -0.4400
v -0.9785 1.1485 -0.4200
v -0.9785 0.8585 -0.4200
v -0.9785 0.5685 -0.3900
v -0.9685 0.2785 -0.4100
v -0.9685 -0.0115 -0.3800
v -0.9685 -0.2915 -0.3800
v -0.9685 -0.6015 -0.3700
v -0.9585 -0.8815 -0.3500
v -0.9585 -1.1415 -0.3600
v -0.9585 -1.4215 -0.3500
v -0.9585 -1.7215 -0.3200
v -0.9485 -2.0115 -0.3300
v -0.9485 -2.2815 -0.3200
v -0.9485 -2.5815 -0.2900
v -0.9485 -2.8715 -0.3100
v -0.9385 -3.1415 -0.2700
v -0.9385 -3.4015 -0.2700
v -0.9385 -3.6915 -0.2400
v -0.9385 -4.0015 -0.2300
v -0.9285 -4.2915 -0.2100
v -0.9285 -4.5415 -0.1400
v -0.9285 -4.8215 -0.1000
v -0.9285 -5.1015 -0.0300
v -1.2685 3.8285 -0.5200
v -1.2685 3.5785 -0.4600
v -1.2685 3.2785 -0.4600
v -1.2685 2.9785 -0.4600
v -1.2585 2.7185 -0.4500
v -1.2585 2.4085 -0.4600
v -1.2585 2.1285 -0.4600
v -1.2585 1.8185 -0.4300
v -1.2485 1.5585 -0.4200
v -1.2485 1.2685 -0.4200
v -1.2485 0.9485 -0.4400
v -1.2385 0.6685 -0.4200
v -1.2385 0.3985 -0.4300
v -1.2385 0.1085 -0.4200
v -1.2385 -0.1715 -0.4200
v -1.2385 -0.4615 -0.4000
v -1.2285 -0.7615 -0.3800
v -1.2285 -1.0215 -0.3600
v -1.2285 -1.3115 -0.4000
v -1.2285 -1.6015 -0.3600
v -1.2185 -1.8915 -0.3500
v -1.2185 -2.1715 -0.3300
v -1.2185 -2.4615 -0.3200
v -1.2085 -2.7715 -0.3000
v -1.2085 -3.0615 -0.2900
v -1.2085 -3.3415 -0.2600
v -1.2085 -3.6115 -0.2500
v -1.2085 -3.8915 -0.2400
v -1.1985 -4.1315 -0.1900
v -1.1985 -4.3615 -0.1200
v -1.1985 -4.6415 -0.1400
v -1.1985 -4.9015 -0.0300
v -1.4785 3.7685 -0.6100
v -1.4785 3.5785 -0.4700
v -1.4685 3.2885 -0.4500
v -1.4685 2.9985 -0.4500
v -1.4685 2.7185 -0.4500
v -1.4685 2.4285 -0.4500
v -1.4585 2.1385 -0.4500
v -1.4585 1.8485 -0.4600
v -1.4585 1.5685 -0.4400
v -1.4585 1.2685 -0.4200
v -1.4485 0.9985 -0.4300
v -1.4485 0.7085 -0.4300
v -1.4485 0.4385 -0.4000
v -1.4485 0.1285 -0.4000
v -1.4385 -0.1715 -0.4000
v -1.4385 -0.4515 -0.3800
v -1.4385 -0.7715 -0.3900
v -1.4385 -1.0815 -0.3900
v -1.4285 -1.3515 -0.3500
v -1.4285 -1.6215 -0.3600
v -1.4285 -1.8915 -0.3300
v -1.4285 -2.1715 -0.3400
v -1.4185 -2.4215 -0.3000
v -1.4185 -2.6915 -0.3200
v -1.4185 -2.9915 -0.3000
v -1.4185 -3.2615 -0.2700
v -1.4085 -3.5415 -0.2600
v -1.4085 -3.7815 -0.2400
v -1.4085 -4.0215 -0.1700
v -1.4085 -4.3215 -0.1600
v -1.6485 3.5785 -0.6100
v -1.6485 3.3685 -0.4800
v -1.6485 3.0785 -0.4500
v -1.6485 2.7885 -0.4400
v -1.6385 2.4985 -0.4600
v -1.6385 2.1985 -0.4600
v -1.6385 1.9085 -0.4600
v -1.6385 1.6085 -0.4500
v -1.6285 1.3085 -0.4500
v -1.6285 1.0085 -0.4500
v -1.6285 0.7085 -0.4500
v -1.6285 0.4485 -0.4200
v -1.6185 0.1785 -0.4000
v -1.6185 -0.0815 -0.3900
v -1.6185 -0.3615 -0.4000
v -1.6185 -0.6415 -0.4000
v -1.6085 -0.9315 -0.3800
v -1.6085 -1.1915 -0.4000
v -1.6085 -1.4715 -0.3600
v -1.6085 -1.7415 -0.3500
v -1.5985 -2.0115 -0.3400
v -1.5985 -2.3115 -0.3300
v -1.5985 -2.6115 -0.3200
v -1.5985 -2.8715 -0.3100
v -1.5985 -3.1315 -0.2700
v -1.5885 -3.4015 -0.2700
v -1.5885 -3.6815 -0.2200
v -1.5885 -3.9115 -0.1500
v -1.5885 -4.2515 -0.2100
v -1.8985 3.5285 -0.6400
v -1.8985 3.2785 -0.5300
v -1.8885 3.0085 -0.4500
v -1.8885 2.7485 -0.4200
v -1.8885 2.4585 -0.4700
v -1.8885 2.1585 -0.4500
v -1.8785 1.8985 -0.4300
v -1.8785 1.6185 -0.4700
v -1.8785 1.3685 -0.4500
v -1.8785 1.0485 -0.4400
v -1.8685 0.7685 -0.4400
v -1.8685 0.5185 -0.4200
v -1.8685 0.2585 -0.4100
v -1.8685 -0.0215 -0.4100
v -1.8685 -0.3215 -0.4000
v -1.8585 -0.6215 -0.3800
v -1.8585 -0.8815 -0.3900
v -1.8585 -1.1615 -0.3900
v -1.8585 -1.4415 -0.3700
v -1.8485 -1.7415 -0.3600
v -1.8485 -1.9915 -0.3300
v -1.8485 -2.2715 -0.3400
v -1.8485 -2.5715 -0.3200
v -1.8385 -2.8415 -0.3000
v -1.8385 -3.1215 -0.3100
v -1.8385 -3.3615 -0.2500
v -1.8385 -3.6415 -0.1300
v -1.8285 -4.0015 -0.2300
v -2.2285 3.2285 -0.6300
v -2.2285 2.9885 -0.5600
v -2.2285 2.7385 -0.4800
v -2.2285 2.4685 -0.4600
v -2.2285 2.1985 -0.4500
v -2.2185 1.9085 -0.4600
v -2.2185 1.6485 -0.4500
v -2.2185 1.3485 -0.4600
v -2.2185 1.0285 -0.4600
v -2.2085 0.7685 -0.4500
v -2.2085 0.5085 -0.4400
v -2.2085 0.2185 -0.4500
v -2.2085 -0.0615 -0.4200
v -2.1985 -0.3415 -0.4200
v -2.1985 -0.6315 -0.4100
v -2.1985 -0.8915 -0.4100
v -2.1985 -1.1715 -0.3900
v -2.1985 -1.4615 -0.3800
v -2.1885 -1.7515 -0.3400
v -2.1885 -2.0315 -0.3400
v -2.1885 -2.3515 -0.3400
v -2.1885 -2.6115 -0.3300
v -2.1785 -2.9015 -0.2800
v -2.1785 -3.1215 -0.2000
v -2.1785 -3.3615 -0.1300
v -2.1785 -3.6215 -0.1400
v -2.5185 2.9685 -0.6200
v -2.5085 2.7285 -0.5300
v -2.5085 2.4985 -0.4400
v -2.5085 2.1985 -0.4600
v -2.5085 1.9185 -0.4600
v -2.4985 1.6085 -0.4600
v -2.4985 1.3385 -0.4600
v -2.4985 1.0785 -0.4800
v -2.4985 0.7985 -0.4300
v -2.4885 0.4685 -0.4300
v -2.4885 0.1685 -0.4300
v -2.4885 -0.1215 -0.4300
v -2.4885 -0.3815 -0.4200
v -2.4785 -0.6815 -0.4200
v -2.4785 -0.9615 -0.4000
v -2.4785 -1.2315 -0.3900
v -2.4785 -1.4915 -0.3900
v -2.4685 -1.7815 -0.3700
v -2.4685 -2.0915 -0.3500
v -2.4685 -2.3815 -0.3300
v -2.4685 -2.6015 -0.2600
v -2.4685 -2.8415 -0.1900
v -2.4585 -3.1315 -0.1500
v -2.4585 -3.3815 -0.0900
v -2.6685 2.7185 -0.5600
v -2.6585 2.4585 -0.4800
v -2.6585 2.1685 -0.4800
v -2.6585 1.8685 -0.4600
v -2.6585 1.5985 -0.4800
v -2.6585 1.2985 -0.4700
v -2.6485 1.0485 -0.4800
v -2.6485 0.7585 -0.4500
v -2.6485 0.4785 -0.4700
v -2.6485 0.1885 -0.4400
v -2.6385 -0.1015 -0.4200
v -2.6385 -0.4015 -0.4200
v -2.6385 -0.6815 -0.4200
v -2.6385 -0.9515 -0.4100
v -2.6285 -1.2415 -0.3900
v -2.6285 -1.5115 -0.3800
v -2.6285 -1.7815 -0.3700
v -2.6285 -2.0615 -0.3500
v -2.6185 -2.3515 -0.3300
v -2.6185 -2.5815 -0.2200
v -2.6185 -2.8515 -0.1600
v -2.8085 2.5685 -0.5800
v -2.8085 2.3285 -0.5100
v -2.8085 2.0485 -0.4400
v -2.7985 1.7485 -0.4600
v -2.7985 1.4385 -0.4900
v -2.7985 1.1785 -0.4700
v -2.7985 0.8985 -0.4600
v -2.7985 0.6185 -0.4500
v -2.7885 0.3385 -0.4500
v -2.7885 0.0785 -0.4400
v -2.7885 -0.2315 -0.4300
v -2.7785 -0.4915 -0.4000
v -2.7785 -0.7915 -0.4300
v -2.7785 -1.0815 -0.3900
v -2.7785 -1.3515 -0.3700
v -2.7685 -1.6415 -0.3600
v -2.7685 -1.9315 -0.3700
v -2.7685 -2.2115 -0.3200
v -2.7685 -2.4415 -0.2300
v -2.7685 -2.7215 -0.1600
v -3.0585 2.4885 -0.6800
v -3.0485 2.2585 -0.5300
v -3.0485 1.9885 -0.4700
v -3.0485 1.7085 -0.4800
v -3.0485 1.4385 -0.4700
v -3.0385 1.1185 -0.4400
v -3.0385 0.8485 -0.4400
v -3.0385 0.5485 -0.4600
v -3.0385 0.2585 -0.4500
v -3.0285 -0.0415 -0.4300
v -3.0285 -0.3215 -0.4200
v -3.0285 -0.6215 -0.4300
v -3.0285 -0.9015 -0.4200
v -3.0185 -1.1715 -0.3900
v -3.0185 -1.4415 -0.3700
v -3.0185 -1.7415 -0.3700
v -3.0185 -2.0015 -0.3300
v -3.0085 -2.2415 -0.2400
v -3.0085 -2.5115 -0.1700
v -3.3285 2.1985 -0.6000
v -3.3285 1.9385 -0.5200
v -3.3285 1.6785 -0.4500
v -3.3185 1.3785 -0.4600
v -3.3185 1.0885 -0.4600
v -3.3185 0.8185 -0.4500
v -3.3185 0.5385 -0.4500
v -3.3185 0.2485 -0.4300
v -3.3085 -0.0615 -0.4200
v -3.3085 -0.3115 -0.4200
v -3.3085 -0.6115 -0.4200
v -3.3085 -0.9015 -0.4200
v -3.2985 -1.1815 -0.3900
v -3.2985 -1.4415 -0.3800
v -3.2985 -1.7115 -0.3100
v -3.2985 -1.9515 -0.2000
v -3.2885 -2.2215 -0.1700
v -3.5785 1.9285 -0.5900
v -3.5785 1.6885 -0.5300
v -3.5785 1.4085 -0.4800
v -3.5685 1.1385 -0.4800
v -3.5685 0.8485 -0.4600
v -3.5685 0.5685 -0.4600
v -3.5685 0.2685 -0.4700
v -3.5585 -0.0315 -0.4500
v -3.5585 -0.3215 -0.4400
v -3.5585 -0.6215 -0.4500
v -3.5585 -0.9015 -0.4200
v -3.5485 -1.1915 -0.3900
v -3.5485 -1.4315 -0.3200
v -3.5485 -1.6515 -0.2000
v -3.5485 -1.9415 -0.2300
v -3.8185 1.6085 -0.5700
v -3.8185 1.3485 -0.4800
v -3.8185 1.0585 -0.4700
v -3.8185 0.7385 -0.4600
v -3.8085 0.4885 -0.4500
v -3.8085 0.2085 -0.4700
v -3.8085 -0.0715 -0.4300
v -3.8085 -0.3415 -0.4300
v -3.8085 -0.6015 -0.4100
v -3.7985 -0.8915 -0.4200
v -3.7985 -1.1415 -0.3500
v -3.7985 -1.3515 -0.2200
v -3.7985 -1.6015 -0.1800
v -3.7885 -1.8515 -0.1700
v -4.0685 1.4685 -0.6200
v -4.0685 1.2285 -0.5400
v -4.0685 0.9585 -0.4800
v -4.0685 0.6885 -0.4600
v -4.0685 0.4285 -0.4600
v -4.0585 0.1485 -0.4600
v -4.0585 -0.1215 -0.4600
v -4.0585 -0.4115 -0.4300
v -4.0585 -0.6915 -0.4000
v -4.0485 -0.9015 -0.3200
v -4.0485 -1.1415 -0.2200
v -4.0485 -1.4015 -0.1700
v -4.2785 1.3985 -0.6200
v -4.2785 1.1485 -0.5800
v -4.2785 0.9485 -0.4700
v -4.2685 0.6485 -0.4700
v -4.2685 0.3585 -0.4500
v -4.2685 0.0985 -0.4500
v -4.2685 -0.2015 -0.4500
v -4.2585 -0.4715 -0.4200
v -4.2585 -0.6715 -0.3000
v -4.2585 -0.9415 -0.2300
v -4.2585 -1.2015 -0.1700
v -4.4685 0.9785 -0.5800
v -4.4585 0.7185 -0.4900
v -4.4585 0.4385 -0.4700
v -4.4585 0.1385 -0.4700
v -4.4585 -0.1315 -0.4600
v -4.4485 -0.3715 -0.3600
v -4.4485 -0.5715 -0.2200
v -4.4485 -0.8315 -0.2200
v -4.4485 -1.0715 -0.1300
v -4.4085 -5.9915 -1.1200
v -4.3985 -6.0015 -0.6500
v -4.3985 -6.0715 -0.2300
v -4.3985 -6.0215 0.4200
v -4.3985 -6.2115 0.6300
v -4.3985 -6.5015 0.6300
v -4.7185 0.7585 -0.5400
v -4.7085 0.5085 -0.4800
v -4.7085 0.1985 -0.4800
v -4.7085 -0.0515 -0.3900
v -4.7085 -0.2715 -0.2800
v -4.6985 -0.5015 -0.2100
v -4.6985 -0.7615 -0.1400
v -4.6585 -6.0215 -2.3200
v -4.6585 -5.9415 -1.6800
v -4.6585 -5.9015 -1.1000
v -4.6585 -5.9615 -0.6000
v -4.6585 -5.9115 0.0100
v -4.6585 -5.9615 0.4700
v -4.6585 -6.0615 0.7400
v -4.6485 -6.3715 0.7600
v -4.6485 -6.7115 0.6700
v -5.0385 0.6485 -0.9500
v -5.0385 0.5885 -0.5700
v -5.0285 0.3285 -0.5100
v -5.0285 0.0685 -0.4400
v -5.0285 -0.1615 -0.3400
v -4.9785 -5.6715 -2.4400
v -4.9885 -5.3815 -1.3800
v -4.9785 -5.5415 -1.1100
v -4.9785 -5.5815 -0.7300
v -4.9785 -5.5815 -0.1300
v -4.9785 -5.5815 0.4200
v -4.9785 -5.6515 0.8600
v -4.9785 -5.7615 1.1900
v -4.9785 -6.1715 1.0200
v -4.9685 -6.6015 0.7800
v -4.9685 -6.9415 0.6700
v -5.2385 -5.2715 -2.2400
v -5.2385 -5.2515 -1.6200
v -5.2385 -5.3115 -1.1900
v -5.2385 -5.2815 -0.5900
v -5.2385 -5.3015 -0.1200
v -5.2385 -5.3515 0.2900
v -5.2385 -5.2815 0.8800
v -5.2385 -5.3315 1.3300
v -5.2385 -5.4615 1.6600
v -5.2385 -5.8915 1.3800
v -5.2285 -6.2615 1.1400
v -5.2285 -6.7415 0.8000
v -5.2285 -7.0915 0.7000
v -5.3985 -5.0915 -2.3600
v -5.3985 -5.0815 -1.8300
v -5.3985 -5.1515 -1.3900
v -5.3985 -5.1015 -0.8000
v -5.3985 -5.1415 -0.3300
v -5.3985 -5.1215 0.1900
v -5.3985 -5.0615 0.7900
v -5.3985 -5.1315 1.2200
v -5.3985 -5.2315 1.6200
v -5.3885 -5.3615 1.8800
v -5.3885 -5.9115 1.3900
v -5.3885 -6.2915 1.1900
v -5.3785 -6.7215 0.9500
v -5.3785 -7.1015 0.7500
v -5.5585 -4.9615 -2.0700
v -5.5585 -4.9515 -1.5600
v -5.5685 -4.9015 -0.9500
v -5.5685 -4.9315 -0.4500
v -5.5585 -4.9415 0.0500
v -5.5585 -4.9115 0.6100
v -5.5585 -4.9215 1.1300
v -5.5585 -4.9115 1.7300
v -5.5585 -5.0515 1.9800
v -5.5585 -5.2615 2.0700
v -5.5585 -5.7815 1.6200
v -5.5485 -6.3415 1.2200
v -5.5485 -6.7915 0.9400
v -5.5385 -7.1715 0.7500
v -5.8385 -4.6115 -2.2100
v -5.8385 -4.6915 -1.8200
v -5.8385 -4.4415 -0.8500
v -5.8385 -4.5915 -0.6200
v -5.8385 -4.6415 -0.1300
v -5.8385 -4.7115 0.3000
v -5.8385 -4.6015 1.0400
v -5.8385 -4.6015 1.5900
v -5.8385 -4.5915 2.1300
v -5.8385 -4.7415 2.4100
v -5.8385 -4.9415 2.5200
v -5.8385 -5.4315 2.1300
v -5.8285 -5.8915 1.8200
v -5.8285 -6.4415 1.3500
v -5.8185 -6.9115 1.0400
v -5.8185 -7.3215 0.8100
v -6.1485 -4.2715 -2.1000
v -6.1485 -4.2515 -1.5200
v -6.1485 -4.1515 -0.8000
v -6.1485 -4.2715 -0.4800
v -6.1485 -4.2715 0.0900
v -6.1485 -4.2115 0.6900
v -6.1485 -4.2515 1.1300
v -6.1485 -4.2315 1.6900
v -6.1485 -4.2915 2.1400
v -6.1485 -4.3115 2.6400
v -6.1485 -4.3615 3.0900
v -6.1485 -4.7615 2.8800
v -6.1385 -5.2815 2.4300
v -6.1385 -5.8115 2.0000
v -6.1285 -6.2915 1.5800
v -6.1285 -6.7215 1.3400
v -6.1185 -7.2215 0.9900
v -6.4185 -3.9115 -2.3100
v -6.4185 -3.9415 -1.8600
v -6.4185 -3.9415 -1.2900
v -6.4185 -3.9415 -0.7400
v -6.4185 -3.9315 -0.1600
v -6.4185 -3.9415 0.3200
v -6.4185 -3.9115 0.9000
v -6.4185 -3.9315 1.4200
v -6.4185 -3.9215 1.9500
v -6.4185 -4.0115 2.2900
v -6.4185 -4.0315 2.7900
v -6.4185 -4.1815 2.9900
v -6.4085 -4.4115 3.1600
v -6.4085 -4.7415 3.1000
v -6.4085 -5.1915 2.7700
v -6.3985 -5.7615 2.2800
v -6.3985 -6.2915 1.8600
v -6.3885 -6.8315 1.4300
v -6.3885 -7.2715 1.1500
v -6.6585 -3.6415 -2.4300
v -6.6585 -3.6815 -1.9800
v -6.6585 -3.6915 -1.4700
v -6.6585 -3.6715 -0.9300
v -6.6585 -3.6915 -0.4500
v -6.6585 -3.6615 0.1800
v -6.6585 -3.6315 0.7300
v -6.6585 -3.6515 1.2300
v -6.6485 -3.6915 1.7200
v -6.6485 -3.7415 2.1800
v -6.6485 -3.8315 2.5500
v -6.6485 -4.0215 2.7100
v -6.6485 -4.2415 2.8800
v -6.6485 -4.4515 3.0400
v -6.6485 -4.6415 3.2100
v -6.6385 -4.9915 3.1300
v -6.6385 -5.5315 2.6500
v -6.6285 -6.0715 2.1700
v -6.6285 -6.6215 1.7000
v -6.6285 -7.0415 1.4100
v -6.8885 -3.4015 -0.2400
v -6.8885 -3.3715 0.3800
v -6.8885 -3.4515 0.7200
v -6.8885 -3.3915 1.3700
v -6.8885 -3.4415 1.8400
v -6.8885 -3.5415 2.1900
v -6.8885 -3.7215 2.3500
v -6.8885 -3.9115 2.5300
v -6.8785 -4.1315 2.6900
v -6.8785 -4.3415 2.8300
v -6.8785 -4.5515 3.0000
v -6.8785 -4.7315 3.1400
v -6.8785 -5.0215 3.1900
v -6.8685 -5.5615 2.6900
v -6.8685 -6.1415 2.1800
v -6.8585 -6.5615 1.9600
v -6.8585 -7.1315 1.4800
v -7.0985 -3.1515 -0.0700
v -7.0985 -3.2415 0.3300
v -7.0985 -3.1715 0.9900
v -7.0985 -3.2615 1.3600
v -7.0985 -3.3115 1.8200
v -7.0985 -3.4715 2.0200
v -7.0885 -3.6715 2.2100
v -7.0885 -3.8915 2.3300
v -7.0885 -4.0915 2.5100
v -7.0885 -4.3015 2.6700
v -7.0885 -4.5115 2.8200
v -7.0785 -4.7415 2.9800
v -7.0785 -4.9415 3.1400
v -7.0785 -5.2415 3.1500
v -7.0785 -5.8015 2.6400
v -7.0685 -6.1815 2.4500
v -7.0685 -6.7115 1.9900
v -7.0585 -7.2115 1.5700
v -7.2685 -6.0915 2.6100
v -7.2685 -6.6415 2.1600
v -7.2585 -7.2015 1.7000
v 6.6515 6.4285 4.8000
v 6.6515 6.1285 4.8000
v 6.6515 5.8585 4.8100
v 6.6515 5.5785 4.8300
v 6.6615 5.3185 4.8300
v 6.6615 5.0385 4.8400
v 6.6615 4.7485 4.8500
v 6.6615 4.5185 4.9000
v 6.6715 4.2585 4.9400
v 6.6715 3.9785 5.0100
v 6.3515 6.5585 4.7600
v 6.3515 6.2985 4.8000
v 6.3515 5.9885 4.7800
v 6.3515 5.7085 4.7900
v 6.3615 5.4485 4.8200
v 6.3615 5.1785 4.8200
v 6.3615 4.8985 4.8500
v 6.3615 4.6185 4.8700
v 6.3715 4.3085 4.8400
v 6.3715 4.1185 4.9800
v 6.3715 3.8985 5.0400
v 6.1415 6.4385 4.7800
v 6.1415 6.1785 4.7900
v 6.1415 5.8885 4.8300
v 6.1415 5.5785 4.8100
v 6.1515 5.2785 4.8200
v 6.1515 5.0085 4.8400
v 6.1515 4.7385 4.8600
v 6.1515 4.4385 4.8600
v 6.1615 4.1885 4.9000
v 6.1615 3.9285 4.9100
v 6.1615 3.6785 4.9600
v 6.1615 3.3985 5.0000
v 5.9615 6.4785 4.7600
v 5.9615 6.1785 4.8100
v 5.9615 5.8985 4.7900
v 5.9615 5.6385 4.7900
v 5.9715 5.3685 4.8100
v 5.9715 5.0585 4.8100
v 5.9715 4.7685 4.8400
v 5.9715 4.4885 4.8300
v 5.9815 4.2185 4.8400
v 5.9815 3.9685 4.9000
v 5.9815 3.6885 4.9600
v 5.9815 3.4485 4.9800
v 5.7315 6.3985 4.7700
v 5.7315 6.1285 4.7700
v 5.7415 5.8585 4.7500
v 5.7415 5.6085 4.8100
v 5.7415 5.3085 4.7900
v 5.7415 5.0485 4.8400
v 5.7415 4.7385 4.8100
v 5.7515 4.4785 4.8200
v 5.7515 4.1985 4.8600
v 5.7515 3.8985 4.8700
v 5.7615 3.3885 4.9700
v 5.4915 6.5485 4.7800
v 5.5015 6.2485 4.7900
v 5.5015 5.9485 4.7900
v 5.5015 5.6785 4.8000
v 5.5015 5.3785 4.8200
v 5.5115 5.0985 4.8400
v 5.5115 4.7985 4.8100
v 5.5115 4.5085 4.8200
v 5.5115 4.2185 4.8500
v 5.5215 3.9485 4.8700
v 5.5215 3.7185 4.9200
v 5.5215 3.4585 4.9700
v 5.2715 6.4485 4.7800
v 5.2715 6.1385 4.7700
v 5.2715 5.8685 4.8000
v 5.2815 5.5785 4.7800
v 5.2815 5.3085 4.8000
v 5.2815 5.0185 4.7900
v 5.2815 4.7185 4.8000
v 5.2815 4.4485 4.8200
v 5.2915 4.1685 4.8500
v 5.2915 3.9285 4.8700
v 5.2915 3.6485 4.9300
v 5.2915 3.3985 4.9900
v 5.3015 3.1085 5.0100
v 5.0015 6.4385 4.7300
v 5.0015 6.1585 4.7800
v 5.0015 5.8685 4.7600
v 5.0015 5.6085 4.7700
v 5.0115 5.3285 4.8000
v 5.0115 5.0185 4.7900
v 5.0115 4.7485 4.8300
v 5.0115 4.4685 4.8300
v 5.0215 4.1685 4.8500
v 5.0215 3.9085 4.9500
v 5.0215 3.6485 5.0000
v 5.0215 3.4285 5.0600
v 5.0615 -0.5715 -1.3200
v 5.0615 -0.5615 -0.7800
v 5.0615 -0.5115 -0.1900
v 5.0615 -0.7315 -0.0700
v 5.0615 -1.0015 -0.0200
v 4.6915 6.4385 4.7600
v 4.6915 6.1385 4.7700
v 4.6915 5.8385 4.7600
v 4.7015 5.5485 4.7700
v 4.7015 5.2785 4.7900
v 4.7015 5.0185 4.8100
v 4.7015 4.7585 4.8500
v 4.7015 4.5285 4.9000
v 4.7115 4.2585 4.9100
v 4.7115 3.9685 4.9500
v 4.7115 3.7385 5.0300
v 4.7415 -0.2315 -0.2700
v 4.7515 -0.4315 -0.1100
v 4.7515 -0.7015 -0.1000
v 4.7515 -0.9415 -0.0800
v 4.7515 -1.2015 0.0100
v 4.4515 6.3785 4.7600
v 4.4615 6.0885 4.7400
v 4.4615 5.7985 4.7700
v 4.4615 5.5285 4.7500
v 4.4615 5.2785 4.7900
v 4.4615 5.0485 4.8300
v 4.4715 4.7285 4.8700
v 4.4715 4.4785 4.9400
v 4.4715 4.2485 5.0200
v 4.5115 0.0485 -0.7000
v 4.5115 0.0185 -0.2500
v 4.5115 -0.1815 -0.1100
v 4.5115 -0.5015 -0.1600
v 4.5115 -0.7915 -0.1400
v 4.5215 -1.0215 -0.0700
v 4.5215 -1.3215 -0.0200
v 4.2915 6.5285 4.7200
v 4.2915 6.2685 4.7600
v 4.2915 5.9785 4.7300
v 4.3015 5.7185 4.7600
v 4.3015 5.4485 4.8000
v 4.3015 5.1885 4.8200
v 4.3015 4.9085 4.8600
v 4.3015 4.6585 4.9200
v 4.3115 4.4185 4.9900
v 4.3115 4.1485 5.0200
v 4.3415 0.2385 -0.6000
v 4.3415 0.1685 -0.2000
v 4.3415 -0.0915 -0.1100
v 4.3515 -0.3915 -0.1700
v 4.3515 -0.6715 -0.1700
v 4.3515 -0.9315 -0.1800
v 4.3515 -1.1815 -0.0800
v 4.3615 -1.4515 -0.0100
v 4.0715 6.4985 4.7300
v 4.0715 6.2385 4.7500
v 4.0715 5.9485 4.7500
v 4.0715 5.6785 4.8100
v 4.0815 5.4085 4.8600
v 4.0815 5.1185 4.8800
v 4.0815 4.8785 4.9700
v 4.0815 4.5985 4.9600
v 4.1215 0.4985 -0.5800
v 4.1215 0.4485 -0.1700
v 4.1215 0.1585 -0.1100
v 4.1215 -0.1715 -0.1800
v 4.1315 -0.4515 -0.2000
v 4.1315 -0.7315 -0.2000
v 4.1315 -1.0015 -0.2000
v 4.1315 -1.2815 -0.1200
v 4.1315 -1.5315 -0.0400
v 4.1415 -1.7715 -0.0600
v 3.7315 6.5085 4.7200
v 3.7315 6.2285 4.7600
v 3.7415 5.9485 4.7600
v 3.7415 5.7285 4.8400
v 3.7415 5.5085 4.9000
v 3.7415 5.2285 4.9900
v 3.7415 4.9285 4.9900
v 3.7815 0.8885 -0.4300
v 3.7815 0.7585 -0.1500
v 3.7815 0.4985 -0.1300
v 3.7815 0.1485 -0.2000
v 3.7915 -0.1415 -0.2100
v 3.7915 -0.4215 -0.2000
v 3.7915 -0.7115 -0.2000
v 3.7915 -0.9715 -0.2000
v 3.8015 -1.2915 -0.1800
v 3.8015 -1.5615 -0.1100
v 3.8015 -1.8015 -0.0400
v 3.8015 -2.0615 -0.0200
v 3.4115 6.5685 4.7200
v 3.4115 6.3185 4.7600
v 3.4115 6.0585 4.7600
v 3.4115 5.8585 4.9600
v 3.4115 5.6085 4.9900
v 3.4215 5.3685 5.0800
v 3.4515 1.2485 -0.4500
v 3.4515 1.1385 -0.1600
v 3.4515 0.8185 -0.1700
v 3.4615 0.4785 -0.2300
v 3.4615 0.1885 -0.2200
v 3.4615 -0.0815 -0.2300
v 3.4615 -0.4015 -0.2500
v 3.4715 -0.6915 -0.2200
v 3.4715 -0.9415 -0.1800
v 3.4715 -1.2215 -0.2000
v 3.4715 -1.5215 -0.1900
v 3.4815 -1.7915 -0.1200
v 3.4815 -2.0215 -0.0500
v 3.4815 -2.2915 -0.0100
v 3.1915 6.3885 4.7500
v 3.1915 6.1585 4.8600
v 3.2015 5.9385 4.9900
v 3.2015 5.6485 4.9800
v 3.2315 1.5185 -0.5500
v 3.2315 1.3985 -0.2000
v 3.2415 1.1585 -0.1400
v 3.2415 0.8385 -0.2100
v 3.2415 0.5085 -0.2600
v 3.2415 0.2185 -0.2400
v 3.2515 -0.0415 -0.2300
v 3.2515 -0.3515 -0.2400
v 3.2515 -0.6115 -0.2200
v 3.2515 -0.9115 -0.2200
v 3.2615 -1.1615 -0.2100
v 3.2615 -1.4715 -0.2100
v 3.2615 -1.7615 -0.1800
v 3.2615 -2.0315 -0.1100
v 3.2615 -2.2815 -0.0600
v 3.2715 -2.5615 0.0100
v 3.0215 6.5785 4.7300
v 3.0215 6.3385 4.8700
v 3.0315 6.1085 4.9900
v 3.0315 5.8485 4.9700
v 3.0615 1.7585 -0.5100
v 3.0615 1.6285 -0.2000
v 3.0615 1.3585 -0.1700
v 3.0715 1.0085 -0.2500
v 3.0715 0.7485 -0.2400
v 3.0715 0.4485 -0.2600
v 3.0815 0.1385 -0.2500
v 3.0815 -0.1715 -0.2500
v 3.0815 -0.4615 -0.2400
v 3.0815 -0.7615 -0.2600
v 3.0915 -1.0415 -0.2400
v 3.0915 -1.3415 -0.2200
v 3.0915 -1.5915 -0.2100
v 3.0915 -1.8615 -0.2000
v 3.0915 -2.0915 -0.1400
v 3.1015 -2.3515 -0.0800
v 3.1015 -2.6415 -0.0300
v 2.8015 6.4985 4.9200
v 2.8115 6.2685 4.9900
v 2.8115 5.9785 5.0200
v 2.8415 2.0085 -0.7800
v 2.8415 1.9685 -0.2700
v 2.8415 1.7385 -0.1900
v 2.8515 1.4085 -0.2100
v 2.8515 1.0785 -0.2700
v 2.8515 0.8085 -0.2700
v 2.8515 0.5385 -0.2800
v 2.8615 0.2585 -0.2800
v 2.8615 -0.0015 -0.2400
v 2.8615 -0.2915 -0.2600
v 2.8615 -0.5815 -0.2500
v 2.8715 -0.8615 -0.2500
v 2.8715 -1.1215 -0.2300
v 2.8715 -1.4015 -0.2300
v 2.8715 -1.6615 -0.2000
v 2.8815 -1.9715 -0.2200
v 2.8815 -2.2215 -0.1900
v 2.8815 -2.4615 -0.0700
v 2.8815 -2.7415 -0.0500
v 2.5615 6.5585 4.9900
v 2.5615 6.2785 5.0400
v 2.6015 2.2285 -0.4500
v 2.6015 2.0985 -0.1700
v 2.6015 1.7985 -0.1900
v 2.6015 1.4585 -0.2700
v 2.6115 1.1885 -0.2700
v 2.6115 0.9185 -0.3000
v 2.6115 0.6385 -0.2900
v 2.6115 0.3685 -0.2700
v 2.6215 0.0685 -0.2800
v 2.6215 -0.2315 -0.2900
v 2.6215 -0.5015 -0.2500
v 2.6215 -0.7715 -0.2600
v 2.6315 -1.0415 -0.2400
v 2.6315 -1.3315 -0.2500
v 2.6315 -1.6015 -0.2200
v 2.6315 -1.9015 -0.2100
v 2.6415 -2.1715 -0.1900
v 2.6415 -2.4215 -0.1600
v 2.6415 -2.6515 -0.0600
v 2.6415 -2.9715 -0.0500
v 2.3415 2.5885 -0.3800
v 2.3415 2.4085 -0.2100
v 2.3415 2.1285 -0.2100
v 2.3515 1.7885 -0.2900
v 2.3515 1.4785 -0.3000
v 2.3515 1.2185 -0.2900
v 2.3515 0.9385 -0.3000
v 2.3615 0.6585 -0.3000
v 2.3615 0.3685 -0.2800
v 2.3615 0.1085 -0.2700
v 2.3615 -0.1915 -0.2900
v 2.3615 -0.4715 -0.2600
v 2.3715 -0.7515 -0.2700
v 2.3715 -1.0215 -0.2600
v 2.3715 -1.3315 -0.2400
v 2.3815 -1.6315 -0.2300
v 2.3815 -1.9215 -0.2200
v 2.3815 -2.1815 -0.2100
v 2.3815 -2.4915 -0.1900
v 2.3815 -2.7215 -0.1300
v 2.3915 -2.9715 -0.0700
v 2.3915 -3.2415 -0.0600
v 2.0515 2.9385 -0.4300
v 2.0515 2.7885 -0.2300
v 2.0515 2.4985 -0.2300
v 2.0515 2.1485 -0.3000
v 2.0615 1.8685 -0.3400
v 2.0615 1.5885 -0.3200
v 2.0615 1.3085 -0.3000
v 2.0615 1.0385 -0.3000
v 2.0615 0.7085 -0.3300
v 2.0715 0.4285 -0.3100
v 2.0715 0.1385 -0.2900
v 2.0715 -0.1615 -0.2900
v 2.0715 -0.4415 -0.2800
v 2.0815 -0.7315 -0.2800
v 2.0815 -0.9915 -0.3000
v 2.0815 -1.2815 -0.2600
v 2.0815 -1.5415 -0.2500
v 2.0915 -1.8315 -0.2400
v 2.0915 -2.1015 -0.2300
v 2.0915 -2.4215 -0.2100
v 2.0915 -2.7015 -0.2000
v 2.1015 -2.9415 -0.1400
v 2.1015 -3.1815 -0.0800
v 2.1015 -3.4515 -0.0200
v 1.7415 3.2885 -0.7300
v 1.7415 3.2585 -0.2800
v 1.7415 2.9885 -0.2400
v 1.7415 2.6485 -0.3000
v 1.7515 2.3385 -0.3300
v 1.7515 2.0285 -0.3300
v 1.7515 1.7485 -0.3400
v 1.7615 1.4585 -0.3500
v 1.7615 1.1885 -0.3300
v 1.7615 0.8985 -0.3400
v 1.7615 0.6285 -0.3200
v 1.7615 0.3485 -0.3200
v 1.7715 0.0485 -0.3000
v 1.7715 -0.2515 -0.2900
v 1.7715 -0.5215 -0.2800
v 1.7715 -0.8015 -0.3000
v 1.7815 -1.0515 -0.2700
v 1.7815 -1.3615 -0.2800
v 1.7815 -1.6215 -0.2500
v 1.7815 -1.9015 -0.2300
v 1.7915 -2.1615 -0.2300
v 1.7915 -2.4915 -0.2100
v 1.7915 -2.7715 -0.2000
v 1.7915 -3.0515 -0.2000
v 1.8015 -3.2915 -0.1200
v 1.8015 -3.5915 -0.0500
v 1.8015 -3.8515 0.0200
v 1.5115 3.5285 -0.3600
v 1.5115 3.3085 -0.2300
v 1.5215 3.0085 -0.2700
v 1.5215 2.6885 -0.3500
v 1.5215 2.4285 -0.3500
v 1.5215 2.1185 -0.3600
v 1.5315 1.8085 -0.3700
v 1.5315 1.5085 -0.3500
v 1.5315 1.2385 -0.3400
v 1.5315 0.9885 -0.3400
v 1.5415 0.6785 -0.3400
v 1.5415 0.3985 -0.3300
v 1.5415 0.1185 -0.3100
v 1.5415 -0.1415 -0.3300
v 1.5515 -0.4315 -0.3000
v 1.5515 -0.7315 -0.2900
v 1.5515 -1.0115 -0.2800
v 1.5515 -1.2915 -0.2600
v 1.5615 -1.5715 -0.2600
v 1.5615 -1.8815 -0.2300
v 1.5615 -2.1815 -0.2400
v 1.5615 -2.4415 -0.2300
v 1.5715 -2.7315 -0.2200
v 1.5715 -3.0315 -0.2000
v 1.5715 -3.2815 -0.1500
v 1.5715 -3.5315 -0.1000
v 1.5715 -3.8015 -0.0500
v 1.5815 -4.0915 -0.0100
v 1.3415 3.6985 -0.4000
v 1.3415 3.5385 -0.2200
v 1.3415 3.1685 -0.3100
v 1.3415 2.8785 -0.3500
v 1.3515 2.5985 -0.3600
v 1.3515 2.3085 -0.3800
v 1.3515 2.0185 -0.3700
v 1.3515 1.7185 -0.3600
v 1.3615 1.4285 -0.3700
v 1.3615 1.1685 -0.3400
v 1.3615 0.8485 -0.3600
v 1.3615 0.5485 -0.3600
v 1.3715 0.2585 -0.3400
v 1.3715 0.0085 -0.3300
v 1.3715 -0.3015 -0.3100
v 1.3715 -0.6015 -0.3100
v 1.3815 -0.8815 -0.3100
v 1.3815 -1.1315 -0.2800
v 1.3815 -1.4215 -0.2700
v 1.3815 -1.7215 -0.2600
v 1.3815 -2.0015 -0.2400
v 1.3915 -2.2915 -0.2300
v 1.3915 -2.5715 -0.2300
v 1.3915 -2.8715 -0.2300
v 1.3915 -3.1215 -0.1900
v 1.4015 -3.4215 -0.1800
v 1.4015 -3.6715 -0.1000
v 1.4015 -3.9415 -0.0400
v 1.4015 -4.2115 0.0300
v 1.0915 4.0185 -0.4700
v 1.0915 3.8785 -0.2700
v 1.1015 3.5385 -0.3100
v 1.1015 3.1885 -0.3700
v 1.1015 2.9185 -0.3800
v 1.1015 2.6185 -0.3700
v 1.1115 2.3185 -0.3600
v 1.1115 2.0185 -0.3600
v 1.1115 1.7485 -0.3800
v 1.1115 1.4485 -0.3700
v 1.1215 1.1485 -0.3600
v 1.1215 0.8785 -0.3400
v 1.1215 0.6085 -0.3500
v 1.1215 0.3385 -0.3400
v 1.1315 0.0285 -0.3200
v 1.1315 -0.2615 -0.3300
v 1.1315 -0.5415 -0.3000
v 1.1315 -0.8015 -0.3000
v 1.1415 -1.0915 -0.2900
v 1.1415 -1.3815 -0.2900
v 1.1415 -1.6615 -0.2400
v 1.1415 -1.9515 -0.2600
v 1.1515 -2.2415 -0.2400
v 1.1515 -2.5515 -0.2300
v 1.1515 -2.8415 -0.2000
v 1.1515 -3.1415 -0.2300
v 1.1615 -3.4015 -0.2000
v 1.1615 -3.6615 -0.1900
v 1.1615 -3.9115 -0.1000
v 1.1615 -4.1515 -0.0500
v 1.1615 -4.3915 0.0100
v 0.7415 4.5085 -0.4700
v 0.7415 4.3285 -0.2500
v 0.7515 4.0485 -0.2800
v 0.7515 3.6985 -0.3800
v 0.7515 3.3785 -0.3900
v 0.7515 3.1085 -0.3900
v 0.7615 2.8385 -0.3900
v 0.7615 2.5485 -0.4000
v 0.7615 2.2285 -0.3700
v 0.7715 1.9685 -0.3800
v 0.7715 1.6685 -0.4000
v 0.7715 1.3885 -0.3800
v 0.7715 1.0985 -0.3700
v 0.7715 0.8185 -0.3700
v 0.7815 0.5185 -0.3700
v 0.7815 0.2385 -0.3500
v 0.7815 -0.0615 -0.3500
v 0.7815 -0.3615 -0.3200
v 0.7915 -0.6515 -0.3100
v 0.7915 -0.9515 -0.3200
v 0.7915 -1.2215 -0.3000
v 0.7915 -1.5015 -0.2800
v 0.8015 -1.7615 -0.2700
v 0.8015 -2.0215 -0.2700
v 0.8015 -2.2915 -0.2400
v 0.8015 -2.6015 -0.2600
v 0.8115 -2.8615 -0.2300
v 0.8115 -3.1115 -0.2100
v 0.8115 -3.3815 -0.2000
v 0.8115 -3.6715 -0.2100
v 0.8115 -3.9515 -0.1500
v 0.8215 -4.2115 -0.1000
v 0.8215 -4.4715 -0.0700
v 0.8215 -4.7515 -0.0700
v 0.4315 4.7985 -0.5200
v 0.4315 4.6585 -0.3000
v 0.4315 4.3585 -0.2800
v 0.4415 4.0085 -0.3800
v 0.4415 3.7185 -0.4200
v 0.4415 3.4385 -0.4100
v 0.4415 3.1685 -0.4100
v 0.4515 2.8485 -0.3900
v 0.4515 2.5785 -0.3900
v 0.4515 2.2685 -0.4100
v 0.4515 1.9885 -0.4000
v 0.4615 1.6885 -0.3800
v 0.4615 1.3785 -0.3900
v 0.4615 1.0985 -0.3700
v 0.4615 0.7885 -0.4000
v 0.4715 0.5085 -0.3700
v 0.4715 0.2385 -0.3800
v 0.4715 -0.0115 -0.3500
v 0.4715 -0.2915 -0.3600
v 0.4815 -0.5615 -0.3400
v 0.4815 -0.8615 -0.3200
v 0.4815 -1.1415 -0.3300
v 0.4815 -1.3815 -0.3000
v 0.4915 -1.6615 -0.3000
v 0.4915 -1.9415 -0.2800
v 0.4915 -2.2315 -0.2900
v 0.4915 -2.5115 -0.2500
v 0.4915 -2.7815 -0.2500
v 0.5015 -3.0615 -0.2300
v 0.5015 -3.3315 -0.2300
v 0.5015 -3.6115 -0.2100
v 0.5015 -3.8915 -0.2300
v 0.5115 -4.1815 -0.1700
v 0.5115 -4.4215 -0.1000
v 0.5115 -4.6815 -0.0800
v 0.5115 -4.9315 -0.0100
v 0.2315 4.9885 -0.5900
v 0.2315 4.7685 -0.4600
v 0.2315 4.5185 -0.3700
v 0.2315 4.1785 -0.4400
v 0.2415 3.8985 -0.4300
v 0.2415 3.5885 -0.4200
v 0.2415 3.2985 -0.4100
v 0.2415 2.9885 -0.4300
v 0.2515 2.7185 -0.4100
v 0.2515 2.4385 -0.4200
v 0.2515 2.1785 -0.4200
v 0.2515 1.8885 -0.4200
v 0.2615 1.6285 -0.3900
v 0.2615 1.3385 -0.4000
v 0.2615 1.0785 -0.3800
v 0.2615 0.7885 -0.3900
v 0.2715 0.5085 -0.3900
v 0.2715 0.2585 -0.3600
v 0.2715 -0.0515 -0.3600
v 0.2715 -0.3415 -0.3500
v 0.2815 -0.6115 -0.3400
v 0.2815 -0.8715 -0.3300
v 0.2815 -1.1415 -0.3300
v 0.2815 -1.4415 -0.3000
v 0.2815 -1.7315 -0.3100
v 0.2915 -2.0015 -0.2800
v 0.2915 -2.2915 -0.2900
v 0.2915 -2.5615 -0.2800
v 0.2915 -2.8515 -0.2700
v 0.3015 -3.1415 -0.2500
v 0.3015 -3.4415 -0.2400
v 0.3015 -3.7315 -0.2200
v 0.3015 -4.0015 -0.2200
v 0.3115 -4.2915 -0.1800
v 0.3115 -4.5515 -0.1400
v 0.3115 -4.7815 -0.0700
v 0.3115 -5.0415 -0.0500
v 0.0515 5.0685 -0.5400
v 0.0615 4.7985 -0.4300
v 0.0615 4.5185 -0.4100
v 0.0615 4.2585 -0.4100
v 0.0615 3.9785 -0.4100
v 0.0715 3.7185 -0.4500
v 0.0715 3.4185 -0.4300
v 0.0715 3.1285 -0.4100
v 0.0715 2.8585 -0.4400
v 0.0815 2.6085 -0.4400
v 0.0815 2.3085 -0.4200
v 0.0815 2.0385 -0.4000
v 0.0815 1.7385 -0.4100
v 0.0915 1.4585 -0.4100
v 0.0915 1.1785 -0.3800
v 0.0915 0.8985 -0.4000
v 0.0915 0.6285 -0.3900
v 0.0915 0.3385 -0.3800
v 0.1015 0.0585 -0.3700
v 0.1015 -0.2515 -0.3700
v 0.1015 -0.5115 -0.3500
v 0.1015 -0.7715 -0.3400
v 0.1115 -1.0615 -0.3200
v 0.1115 -1.3615 -0.3100
v 0.1115 -1.6715 -0.3100
v 0.1115 -1.9515 -0.2900
v 0.1215 -2.2115 -0.3000
v 0.1215 -2.5215 -0.2600
v 0.1215 -2.7915 -0.2500
v 0.1215 -3.0515 -0.2500
v 0.1315 -3.3215 -0.2400
v 0.1315 -3.6215 -0.2300
v 0.1315 -3.9315 -0.2200
v 0.1315 -4.2015 -0.2000
v 0.1415 -4.4615 -0.1900
v 0.1415 -4.7215 -0.1200
v 0.1415 -5.0015 -0.0700
v 0.1415 -5.2415 -0.0200
v -0.1985 4.9385 -0.6200
v -0.1885 4.7385 -0.4700
v -0.1885 4.4785 -0.4400
v -0.1885 4.2085 -0.4400
v -0.1885 3.9485 -0.4300
v -0.1785 3.6485 -0.4300
v -0.1785 3.3385 -0.4200
v -0.1785 3.0685 -0.4300
v -0.1785 2.7985 -0.4200
v -0.1685 2.5085 -0.4500
v -0.1685 2.2285 -0.4300
v -0.1685 1.9485 -0.4200
v -0.1685 1.6485 -0.4200
v -0.1685 1.3885 -0.4000
v -0.1585 1.1285 -0.4100
v -0.1585 0.8085 -0.4000
v -0.1585 0.5185 -0.3800
v -0.1485 0.2285 -0.3900
v -0.1485 -0.0715 -0.3600
v -0.1485 -0.3515 -0.3700
v -0.1485 -0.6415 -0.3500
v -0.1485 -0.9115 -0.3600
v -0.1385 -1.1815 -0.3300
v -0.1385 -1.4615 -0.3400
v -0.1385 -1.7415 -0.3000
v -0.1385 -2.0415 -0.3100
v -0.1285 -2.3415 -0.3000
v -0.1285 -2.6115 -0.2700
v -0.1285 -2.8815 -0.2700
v -0.1285 -3.1615 -0.2500
v -0.1185 -3.4315 -0.2500
v -0.1185 -3.7115 -0.2100
v -0.1185 -4.0215 -0.2300
v -0.1185 -4.2715 -0.2000
v -0.1085 -4.5715 -0.1900
v -0.1085 -4.8415 -0.1500
v -0.1085 -5.1015 -0.0800
v -0.1085 -5.3715 -0.0200
v -0.4785 4.7685 -0.6300
v -0.4685 4.5685 -0.4900
v -0.4685 4.3085 -0.4200
v -0.4685 4.0385 -0.4200
v -0.4685 3.7185 -0.4300
v -0.4685 3.4685 -0.4400
v -0.4585 3.1785 -0.4500
v -0.4585 2.8685 -0.4400
v -0.4585 2.5785 -0.4300
v -0.4585 2.2985 -0.4500
v -0.4485 1.9885 -0.4200
v -0.4485 1.7085 -0.4100
v -0.4485 1.4085 -0.4200
v -0.4485 1.1485 -0.4200
v -0.4385 0.8885 -0.4000
v -0.4385 0.5885 -0.4000
v -0.4385 0.2985 -0.3900
v -0.4385 -0.0015 -0.3800
v -0.4285 -0.2815 -0.3700
v -0.4285 -0.5515 -0.3600
v -0.4285 -0.8415 -0.3600
v -0.4285 -1.1215 -0.3600
v -0.4185 -1.4015 -0.3400
v -0.4185 -1.6515 -0.3200
v -0.4185 -1.9615 -0.3100
v -0.4185 -2.2215 -0.2900
v -0.4085 -2.5215 -0.2900
v -0.4085 -2.8215 -0.3000
v -0.4085 -3.1015 -0.2700
v -0.4085 -3.4015 -0.2700
v -0.4085 -3.6715 -0.2300
v -0.3985 -3.9715 -0.2500
v -0.3985 -4.2515 -0.2200
v -0.3985 -4.5615 -0.2300
v -0.3985 -4.8415 -0.1900
v -0.3885 -5.0615 -0.1400
v -0.3885 -5.3215 -0.0700
v -0.3885 -5.6015 -0.0100
v -0.7385 4.5185 -0.5300
v -0.7385 4.2385 -0.5000
v -0.7385 3.9685 -0.4400
v -0.7385 3.7085 -0.4200
v -0.7285 3.4085 -0.4500
v -0.7285 3.1185 -0.4500
v -0.7285 2.8385 -0.4700
v -0.7285 2.5485 -0.4700
v -0.7185 2.2585 -0.4500
v -0.7185 1.9785 -0.4400
v -0.7185 1.6685 -0.4400
v -0.7185 1.4185 -0.4400
v -0.7085 1.1185 -0.4400
v -0.7085 0.8385 -0.4000
v -0.7085 0.5685 -0.4200
v -0.7085 0.3085 -0.4000
v -0.6985 0.0285 -0.3900
v -0.6985 -0.2715 -0.3700
v -0.6985 -0.5615 -0.3500
v -0.6985 -0.8615 -0.3700
v -0.6885 -1.1315 -0.3500
v -0.6885 -1.4315 -0.3500
v -0.6885 -1.7215 -0.3300
v -0.6885 -2.0215 -0.3300
v -0.6785 -2.2815 -0.3000
v -0.6785 -2.5615 -0.3000
v -0.6785 -2.8715 -0.2800
v -0.6785 -3.1515 -0.3000
v -0.6685 -3.4115 -0.2600
v -0.6685 -3.7115 -0.2500
v -0.6685 -3.9815 -0.2300
v -0.6685 -4.2715 -0.2400
v -0.6585 -4.5615 -0.2200
v -0.6585 -4.8015 -0.1500
v -0.6585 -5.0815 -0.0900
v -0.6585 -5.3215 -0.0400
v -7.1585 -7.1415 1.6900
v -7.1685 -6.8715 1.8900
v -7.1685 -6.6215 2.1000
v -7.1685 -6.3915 2.2700
v -7.1685 -6.1415 2.4700
v -7.1785 -5.8815 2.7000
v -7.1785 -5.6415 2.9300
v -7.1785 -5.4015 2.9800
v -7.1785 -5.1615 3.0300
v -7.1785 -4.9415 3.0800
v -7.1885 -4.7415 2.8900
v -7.1885 -4.5415 2.7600
v -7.1885 -4.3315 2.6100
v -7.1885 -4.1115 2.4200
v -7.1885 -3.9115 2.2700
v -7.1985 -3.7115 2.1200
v -7.1985 -3.5115 1.9500
v -7.1985 -3.3115 1.8100
v -7.1985 -3.1015 1.5500
v -7.1985 -2.9015 1.2300
v -7.1985 -3.0615 0.0100
v -6.8985 -7.2315 1.4300
v -6.8985 -6.9815 1.6100
v -6.8985 -6.7215 1.8000
v -6.8985 -6.4915 1.9900
v -6.9085 -6.2415 2.1900
v -6.9085 -5.9615 2.4200
v -6.9085 -5.6915 2.6300
v -6.9085 -5.4615 2.8400
v -6.9085 -5.2115 3.0700
v -6.9185 -4.9715 3.1900
v -6.9185 -4.7515 3.0700
v -6.9185 -4.5515 2.9200
v -6.9185 -4.3415 2.8000
v -6.9285 -4.1315 2.6400
v -6.9285 -3.9215 2.4600
v -6.9285 -3.7015 2.3200
v -6.9285 -3.5115 2.1300
v -6.9285 -3.2815 1.8500
v -6.9285 -3.3315 -0.4300
v -6.6285 -7.3715 1.2000
v -6.6385 -7.1315 1.3500
v -6.6385 -6.9015 1.5500
v -6.6385 -6.6215 1.7300
v -6.6385 -6.3715 1.9600
v -6.6485 -6.1015 2.1500
v -6.6485 -5.8715 2.3300
v -6.6485 -5.6115 2.5600
v -6.6485 -5.3415 2.7700
v -6.6585 -5.0715 3.0300
v -6.6585 -4.8215 3.1500
v -6.6585 -4.5915 3.1000
v -6.6585 -4.3815 2.9500
v -6.6585 -4.1615 2.8000
v -6.6685 -3.9615 2.6800
v -6.6685 -3.7615 2.5400
v -6.6685 -3.5715 2.2800
v -6.6685 -3.5815 0.3600
v -6.6685 -3.4515 -0.4100
v -6.6685 -3.6415 -1.8500
v -6.4285 -7.2815 1.1300
v -6.4285 -7.0215 1.3200
v -6.4385 -6.7615 1.4900
v -6.4385 -6.4815 1.7300
v -6.4385 -6.2215 1.9100
v -6.4385 -5.9715 2.1200
v -6.4485 -5.7115 2.3100
v -6.4485 -5.4615 2.5100
v -6.4485 -5.2115 2.7400
v -6.4485 -4.9815 2.8800
v -6.4585 -4.7115 3.1500
v -6.4585 -4.4715 3.1600
v -6.4585 -4.2315 3.0200
v -6.4585 -4.0415 2.8400
v -6.4585 -3.8615 2.5900
v -6.4585 -3.8515 0.8200
v -6.4585 -3.9115 -1.4600
v -6.4685 -3.8015 -2.2900
v -6.2385 -7.1915 1.0900
v -6.2385 -6.9315 1.2500
v -6.2385 -6.6615 1.4400
v -6.2485 -6.4015 1.6400
v -6.2485 -6.1315 1.8500
v -6.2485 -5.8815 2.0600
v -6.2485 -5.6315 2.2600
v -6.2585 -5.3815 2.4500
v -6.2585 -5.1515 2.6500
v -6.2585 -4.8815 2.8900
v -6.2585 -4.6115 3.1100
v -6.2685 -4.3815 3.1900
v -6.2685 -4.1815 3.0800
v -6.2685 -3.9615 2.7100
v -6.2685 -4.1715 1.1000
v -6.2685 -4.1315 -0.3700
v -6.2685 -4.0315 -1.3400
v -6.2685 -4.1115 -1.9300
v -5.9885 -7.2515 0.9100
v -5.9885 -6.9715 1.0900
v -5.9985 -6.7415 1.2400
v -5.9985 -6.5115 1.4100
v -5.9985 -6.2315 1.6200
v -5.9985 -5.9815 1.8100
v -6.0085 -5.7215 2.0000
v -6.0085 -5.4615 2.2200
v -6.0085 -5.2215 2.4400
v -6.0085 -4.9415 2.6700
v -6.0185 -4.6715 2.8300
v -6.0185 -4.4215 3.0100
v -6.0185 -4.2315 2.9600
v -6.0185 -4.4115 1.5500
v -6.0185 -4.4015 -0.4500
v -6.0185 -4.2015 -0.8300
v -6.0185 -4.3815 -2.2000
v -5.7385 -7.2215 0.8500
v -5.7385 -6.9715 0.9500
v -5.7385 -6.7015 1.1200
v -5.7485 -6.4415 1.2600
v -5.7485 -6.1915 1.4900
v -5.7485 -5.9315 1.6800
v -5.7485 -5.6615 1.9600
v -5.7485 -5.4115 2.1200
v -5.7585 -5.1715 2.3100
v -5.7585 -4.9215 2.4400
v -5.7585 -4.6515 2.6200
v -5.7585 -4.6015 1.3400
v -5.7585 -4.3515 1.4000
v -5.7585 -4.6115 -0.6300
v -5.4985 -7.2215 0.7000
v -5.4985 -6.9915 0.8300
v -5.4985 -6.7215 0.9600
v -5.5085 -6.4515 1.1200
v -5.5085 -6.2215 1.2700
v -5.5085 -5.9715 1.5200
v -5.5085 -5.7015 1.7300
v -5.5185 -5.4315 1.9300
v -5.5185 -5.2015 2.0900
v -5.5185 -4.9415 2.2400
v -5.5185 -4.9615 0.2400
v -5.5185 -4.9315 -1.4600
v -5.2385 -7.3815 0.6200
v -5.2385 -7.1015 0.6900
v -5.2385 -6.8815 0.7400
v -5.2485 -6.6215 0.9100
v -5.2485 -6.3715 1.0400
v -5.2485 -6.0915 1.2600
v -5.2485 -5.8315 1.3900
v -5.2585 -5.5815 1.6100
v -5.2585 -5.3115 1.7800
v -5.2585 -5.3115 0.1200
v -5.2585 -5.3115 -1.6400
v -4.9585 -6.9515 0.6200
v -4.9585 -6.7415 0.7000
v -4.9585 -6.5115 0.8200
v -4.9585 -6.2915 0.9600
v -4.9585 -6.0215 1.1000
v -4.9685 -5.7815 1.2600
v -4.9685 -5.5215 -0.1600
v -4.9685 -5.6215 -0.9900
v -4.9685 -5.4015 -1.1100
v -5.0185 -0.2615 -0.2700
v -5.0185 -0.0515 -0.4000
v -5.0185 0.1685 -0.4700
v -5.0185 0.4085 -0.5100
v -4.7385 -6.9015 0.6500
v -4.7385 -6.6815 0.6400
v -4.7385 -6.4415 0.7400
v -4.7385 -6.2015 0.9200
v -4.7385 -5.9315 1.0100
v -4.7385 -5.8515 -0.0400
v -4.7485 -5.7915 -1.2200
v -4.7885 -0.6115 -0.2400
v -4.7985 -0.4015 -0.2600
v -4.7985 -0.1415 -0.2800
v -4.7985 0.0685 -0.4200
v -4.7985 0.2785 -0.4600
v -4.5785 -6.5715 0.6300
v -4.5885 -6.3215 0.7700
v -4.5885 -6.1115 0.8200
v -4.5885 -5.9915 -0.0900
v -4.5885 -5.8715 -1.0600
v -4.5885 -6.0015 -2.0500
v -4.6385 -0.6815 -0.2500
v -4.6385 -0.4615 -0.2600
v -4.6385 -0.2215 -0.3200
v -4.6485 -0.0115 -0.4500
v -4.6485 0.2285 -0.4600
v -4.6485 0.4485 -0.4800
v -4.3985 -6.5815 0.6200
v -4.3985 -6.3415 0.6300
v -4.3985 -6.1315 0.4700
v -4.4485 -0.9015 -0.2200
v -4.4485 -0.6915 -0.2500
v -4.4485 -0.4915 -0.3200
v -4.4585 -0.2515 -0.4300
v -4.4585 -0.0115 -0.4500
v -4.4585 0.1985 -0.4700
v -4.4585 0.4385 -0.4900
v -4.1685 -1.4915 -0.1600
v -4.1685 -1.2815 -0.2100
v -4.1685 -1.0415 -0.2200
v -4.1685 -0.8415 -0.2800
v -4.1785 -0.6115 -0.3900
v -4.1785 -0.3815 -0.4600
v -4.1785 -0.1515 -0.4500
v -4.1785 0.0685 -0.4700
v -4.1885 0.3185 -0.4700
v -3.8985 -1.5715 -0.2000
v -3.8985 -1.3415 -0.2300
v -3.9085 -1.0915 -0.3000
v -3.9085 -0.8715 -0.4100
v -3.9085 -0.6315 -0.4300
v -3.9085 -0.4215 -0.4600
v -3.9085 -0.2015 -0.4600
v -3.9185 0.0285 -0.4600
v -3.9185 0.2485 -0.4800
v -3.9185 0.4685 -0.4600
v -3.6985 -1.9215 -0.2400
v -3.6985 -1.6915 -0.2100
v -3.6985 -1.4715 -0.2400
v -3.7085 -1.2815 -0.3100
v -3.7085 -1.0415 -0.4100
v -3.7085 -0.8115 -0.4300
v -3.7085 -0.6015 -0.4300
v -3.7085 -0.3915 -0.4400
v -3.7185 -0.1715 -0.4500
v -3.7185 0.0785 -0.4500
v -3.7185 0.3185 -0.4700
v -3.5085 -1.9615 -0.2000
v -3.5085 -1.7515 -0.2100
v -3.5085 -1.5315 -0.2900
v -3.5085 -1.3015 -0.3800
v -3.5085 -1.0715 -0.4200
v -3.5185 -0.8515 -0.4200
v -3.5185 -0.6415 -0.4300
v -3.5185 -0.4115 -0.4400
v -3.5185 -0.1715 -0.4500
v -3.5185 0.0385 -0.4600
v -3.5285 0.2685 -0.4500
v -3.5285 0.4785 -0.4700
v -3.2485 -2.1515 -0.2200
v -3.2485 -1.9215 -0.2600
v -3.2485 -1.7215 -0.3300
v -3.2485 -1.5015 -0.3900
v -3.2585 -1.2615 -0.4100
v -3.2585 -1.0315 -0.4100
v -3.2585 -0.8015 -0.4300
v -3.2585 -0.5915 -0.4400
v -3.2585 -0.3215 -0.4600
v -3.2685 -0.0915 -0.4500
v -3.2685 0.1185 -0.4400
v -3.2685 0.3585 -0.4500
v -2.9785 -2.5115 -0.2200
v -2.9785 -2.2715 -0.2300
v -2.9785 -2.0515 -0.3200
v -2.9785 -1.8115 -0.3500
v -2.9785 -1.5815 -0.3800
v -2.9885 -1.3715 -0.4000
v -2.9885 -1.1215 -0.4000
v -2.9885 -0.8915 -0.4100
v -2.9885 -0.6815 -0.4200
v -2.9885 -0.4615 -0.4300
v -2.9985 -0.2315 -0.4300
v -2.9985 0.0185 -0.4400
v -2.9985 0.2585 -0.4600
v -2.9985 0.4785 -0.4500
v -2.7185 -2.8115 -0.2300
v -2.7185 -2.5815 -0.2000
v -2.7285 -2.3715 -0.2900
v -2.7285 -2.1715 -0.3500
v -2.7285 -1.9315 -0.3500
v -2.7285 -1.6815 -0.3900
v -2.7285 -1.4515 -0.3900
v -2.7385 -1.2415 -0.4000
v -2.7385 -1.0215 -0.4100
v -2.7385 -0.7715 -0.4400
v -2.7385 -0.5515 -0.4300
v -2.7385 -0.3615 -0.4300
v -2.7485 -0.1015 -0.4400
v -2.7485 0.1185 -0.4500
v -2.7485 0.3685 -0.4600
v -2.4485 -3.2615 -0.2600
v -2.4485 -3.0115 -0.1700
v -2.4585 -2.7915 -0.2400
v -2.4585 -2.5915 -0.3100
v -2.4585 -2.3615 -0.3500
v -2.4585 -2.1315 -0.3500
v -2.4685 -1.9115 -0.3800
v -2.4685 -1.6815 -0.3700
v -2.4685 -1.4615 -0.4000
v -2.4685 -1.2315 -0.3900
v -2.4685 -0.9715 -0.4000
v -2.4785 -0.7715 -0.4100
v -2.4785 -0.5215 -0.4100
v -2.4785 -0.2915 -0.4300
v -2.4785 -0.0415 -0.4400
v -2.4785 0.1685 -0.4300
v -2.4885 0.4085 -0.4400
v -2.1685 -3.6615 -0.1500
v -2.1685 -3.4515 -0.1600
v -2.1685 -3.2215 -0.1800
v -2.1685 -2.9915 -0.2700
v -2.1785 -2.7615 -0.3100
v -2.1785 -2.5415 -0.3300
v -2.1785 -2.3115 -0.3300
v -2.1785 -2.0715 -0.3500
v -2.1785 -1.8315 -0.3500
v -2.1885 -1.6015 -0.3800
v -2.1885 -1.3915 -0.3900
v -2.1885 -1.1315 -0.3900
v -2.1885 -0.8915 -0.4000
v -2.1885 -0.6915 -0.4200
v -2.1985 -0.4615 -0.4200
v -2.1985 -0.2215 -0.4200
v -2.1985 0.0285 -0.4300
v -2.1985 0.2385 -0.4400
v -2.2085 0.4685 -0.4400
v -1.9485 -3.8815 -0.1300
v -1.9485 -3.6415 -0.1500
v -1.9485 -3.4215 -0.1800
v -1.9485 -3.1815 -0.2700
v -1.9585 -2.9715 -0.3000
v -1.9585 -2.7215 -0.3200
v -1.9585 -2.4915 -0.3500
v -1.9585 -2.2715 -0.3400
v -1.9585 -2.0615 -0.3600
v -1.9685 -1.8115 -0.3600
v -1.9685 -1.5815 -0.3600
v -1.9685 -1.3615 -0.3800
v -1.9685 -1.1215 -0.3900
v -1.9685 -0.9015 -0.3900
v -1.9785 -0.6515 -0.4000
v -1.9785 -0.4215 -0.4100
v -1.9785 -0.2115 -0.4200
v -1.9785 0.0385 -0.4200
v -1.9785 0.2785 -0.4300
v -1.7785 -4.0815 -0.2400
v -1.7885 -3.8515 -0.1300
v -1.7885 -3.6315 -0.1600
v -1.7885 -3.4015 -0.2600
v -1.7885 -3.1715 -0.3000
v -1.7885 -2.9515 -0.3000
v -1.7985 -2.7115 -0.3400
v -1.7985 -2.4915 -0.3300
v -1.7985 -2.2515 -0.3300
v -1.7985 -2.0415 -0.3600
v -1.7985 -1.8015 -0.3600
v -1.8085 -1.5515 -0.3700
v -1.8085 -1.3115 -0.3800
v -1.8085 -1.0815 -0.3800
v -1.8085 -0.8415 -0.4100
v -1.8185 -0.5915 -0.3900
v -1.8185 -0.3715 -0.4100
v -1.8185 -0.1615 -0.4100
v -1.8185 0.0485 -0.4000
v -1.8185 0.2785 -0.4200
v -1.8285 0.5085 -0.4300
v -1.5785 -4.2015 -0.1300
v -1.5785 -3.9515 -0.1500
v -1.5785 -3.7115 -0.2100
v -1.5885 -3.5215 -0.2800
v -1.5885 -3.2815 -0.2900
v -1.5885 -3.0315 -0.3000
v -1.5885 -2.8015 -0.3100
v -1.5985 -2.5615 -0.3300
v -1.5985 -2.3315 -0.3300
v -1.5985 -2.0815 -0.3400
v -1.5985 -1.8515 -0.3600
v -1.5985 -1.6515 -0.3600
v -1.6085 -1.4215 -0.3800
v -1.6085 -1.2115 -0.3800
v -1.6085 -0.9915 -0.3700
v -1.6085 -0.7515 -0.3900
v -1.6085 -0.5415 -0.4000
v -1.6185 -0.3215 -0.4100
v -1.6185 -0.0815 -0.4100
v -1.6185 0.1285 -0.4200
v -1.6185 0.3585 -0.4200
v -1.2885 -4.4915 -0.1100
v -1.2985 -4.2415 -0.1200
v -1.2985 -4.0015 -0.1800
v -1.2985 -3.7715 -0.2600
v -1.2985 -3.5515 -0.2800
v -1.2985 -3.3315 -0.2700
v -1.3085 -3.0915 -0.2900
v -1.3085 -2.8715 -0.3200
v -1.3085 -2.6715 -0.3000
v -1.3085 -2.4515 -0.3100
v -1.3085 -2.2215 -0.3500
v -1.3185 -1.9815 -0.3400
v -1.3185 -1.7615 -0.3600
v -1.3185 -1.5515 -0.3700
v -1.3185 -1.3415 -0.3600
v -1.3185 -1.0815 -0.3800
v -1.3285 -0.8415 -0.3900
v -1.3285 -0.6315 -0.3900
v -1.3285 -0.4415 -0.4000
v -1.3285 -0.1915 -0.4000
v -1.3285 0.0485 -0.3900
v -1.3385 0.2585 -0.4200
v -1.3385 0.4985 -0.4300
v -1.0285 -5.0915 -0.1200
v -1.0285 -4.8815 -0.1100
v -1.0285 -4.6515 -0.1100
v -1.0285 -4.4415 -0.1300
v -1.0285 -4.2415 -0.2200
v -1.0385 -3.9915 -0.2400
v -1.0385 -3.7715 -0.2500
v -1.0385 -3.5515 -0.2800
v -1.0385 -3.3415 -0.2800
v -1.0385 -3.1115 -0.2800
v -1.0485 -2.8715 -0.3000
v -1.0485 -2.6415 -0.3000
v -1.0485 -2.4215 -0.3100
v -1.0485 -2.2015 -0.3200
v -1.0485 -1.9815 -0.3300
v -1.0585 -1.7415 -0.3400
v -1.0585 -1.5315 -0.3600
v -1.0585 -1.2915 -0.3700
v -1.0585 -1.0915 -0.3600
v -1.0585 -0.8515 -0.3700
v -1.0685 -0.6115 -0.4000
v -1.0685 -0.3715 -0.3900
v -1.0685 -0.1415 -0.3900
v -1.0685 0.0985 -0.4000
v -1.0785 0.3285 -0.4000
v -0.8285 -5.3615 -0.0900
v -0.8385 -5.1315 -0.0800
v -0.8385 -4.9315 -0.1000
v -0.8385 -4.7115 -0.1200
v -0.8385 -4.4815 -0.2100
v -0.8385 -4.2315 -0.2300
v -0.8485 -4.0415 -0.2400
v -0.8485 -3.8115 -0.2500
v -0.8485 -3.5815 -0.2600
v -0.8485 -3.3415 -0.2800
v -0.8485 -3.1315 -0.2700
v -0.8585 -2.9015 -0.3100
v -0.8585 -2.6715 -0.3000
v -0.8585 -2.4515 -0.3000
v -0.8585 -2.2315 -0.3200
v -0.8585 -1.9915 -0.3300
v -0.8685 -1.7415 -0.3300
v -0.8685 -1.4915 -0.3600
v -0.8685 -1.2715 -0.3500
v -0.8685 -1.0415 -0.3600
v -0.8785 -0.8315 -0.3800
v -0.8785 -0.6015 -0.3800
v -0.8785 -0.3915 -0.3900
v -0.8785 -0.1415 -0.4100
v -0.8785 0.0885 -0.4100
v -0.8885 0.3385 -0.4100
v -0.6385 -5.6415 -0.1200
v -0.6385 -5.4315 -0.0800
v -0.6385 -5.2215 -0.1000
v -0.6485 -5.0015 -0.1000
v -0.6485 -4.7515 -0.1800
v -0.6485 -4.5415 -0.2100
v -0.6485 -4.3115 -0.2200
v -0.6585 -4.0915 -0.2300
v -0.6585 -3.8615 -0.2600
v -0.6585 -3.6215 -0.2700
v -0.6585 -3.4015 -0.2700
v -0.6585 -3.1615 -0.2900
v -0.6685 -2.9115 -0.2900
v -0.6685 -2.6915 -0.3000
v -0.6685 -2.4615 -0.3000
v -0.6685 -2.2315 -0.3300
v -0.6685 -2.0115 -0.3200
v -0.6785 -1.7915 -0.3300
v -0.6785 -1.5615 -0.3400
v -0.6785 -1.3315 -0.3500
v -0.6785 -1.0715 -0.3500
v -0.6785 -0.8615 -0.3700
v -0.6885 -0.6415 -0.3700
v -0.6885 -0.4115 -0.3800
v -0.6885 -0.1815 -0.4000
v -0.6885 0.0385 -0.3800
v -0.6885 0.2685 -0.4000
v -0.6985 0.4785 -0.4000
v -0.3685 -5.6815 -0.0900
v -0.3785 -5.4815 -0.0700
v -0.3785 -5.2715 -0.0700
v -0.3785 -5.0015 -0.1400
v -0.3785 -4.7615 -0.2100
v -0.3885 -4.5415 -0.2200
v -0.3885 -4.3515 -0.2100
v -0.3885 -4.0815 -0.2300
v -0.3885 -3.8515 -0.2300
v -0.3885 -3.6415 -0.2600
v -0.3885 -3.4315 -0.2600
v -0.3985 -3.1915 -0.2700
v -0.3985 -2.9415 -0.3000
v -0.3985 -2.7015 -0.2800
v -0.3985 -2.5015 -0.2900
v -0.4085 -2.3015 -0.3100
v -0.4085 -2.0215 -0.3200
v -0.4085 -1.8115 -0.3300
v -0.4085 -1.6115 -0.3300
v -0.4085 -1.3715 -0.3500
v -0.4185 -1.1515 -0.3500
v -0.4185 -0.8915 -0.3600
v -0.4185 -0.6715 -0.3600
v -0.4185 -0.4615 -0.3600
v -0.4185 -0.2115 -0.3800
v -0.4285 0.0385 -0.3900
v -0.4285 0.2685 -0.3900
v -0.4285 0.4785 -0.4000
v -0.0885 -5.4915 -0.0900
v -0.0885 -5.2815 -0.0700
v -0.0985 -5.0515 -0.0900
v -0.0985 -4.8215 -0.1700
v -0.0985 -4.5815 -0.2000
v -0.0985 -4.3515 -0.2300
v -0.1085 -4.1215 -0.2200
v -0.1085 -3.9115 -0.2200
v -0.1085 -3.6715 -0.2500
v -0.1085 -3.4515 -0.2600
v -0.1085 -3.2315 -0.2700
v -0.1185 -2.9915 -0.2700
v -0.1185 -2.7815 -0.2900
v -0.1185 -2.5415 -0.2800
v -0.1185 -2.2915 -0.2900
v -0.1185 -2.0815 -0.3100
v -0.1285 -1.8415 -0.3200
v -0.1285 -1.5915 -0.3200
v -0.1285 -1.3615 -0.3300
v -0.1285 -1.1415 -0.3200
v -0.1285 -0.9115 -0.3500
v -0.1385 -0.6615 -0.3500
v -0.1385 -0.4415 -0.3700
v -0.1385 -0.2315 -0.3600
v -0.1385 0.0085 -0.3800
v -0.1385 0.2485 -0.3900
v -0.1485 0.4785 -0.3900
v 0.1715 -5.1915 -0.0700
v 0.1715 -5.0015 -0.0900
v 0.1615 -4.7615 -0.1100
v 0.1615 -4.5215 -0.2000
v 0.1615 -4.3015 -0.2000
v 0.1615 -4.0915 -0.2100
v 0.1615 -3.8415 -0.2300
v 0.1515 -3.6115 -0.2300
v 0.1515 -3.3815 -0.2500
v 0.1515 -3.1515 -0.2400
v 0.1515 -2.9015 -0.2600
v 0.1415 -2.6715 -0.2700
v 0.1415 -2.4415 -0.2700
v 0.1415 -2.1915 -0.3000
v 0.1415 -1.9815 -0.2900
v 0.1415 -1.7615 -0.3000
v 0.1315 -1.5215 -0.3200
v 0.1315 -1.2815 -0.3300
v 0.1315 -1.0715 -0.3500
v 0.1315 -0.8215 -0.3400
v 0.1315 -0.6015 -0.3700
v 0.1215 -0.3715 -0.3600
v 0.1215 -0.1515 -0.3500
v 0.1215 0.0885 -0.3700
v 0.1215 0.3385 -0.3700
v 0.4415 -5.1115 -0.0300
v 0.4415 -4.8815 -0.0900
v 0.4315 -4.6315 -0.0800
v 0.4315 -4.4215 -0.1400
v 0.4315 -4.1915 -0.2100
v 0.4315 -3.9515 -0.2100
v 0.4215 -3.7315 -0.2300
v 0.4215 -3.5215 -0.2400
v 0.4215 -3.2715 -0.2400
v 0.4215 -3.0315 -0.2600
v 0.4215 -2.8215 -0.2600
v 0.4115 -2.5815 -0.2500
v 0.4115 -2.3615 -0.2700
v 0.4115 -2.1215 -0.2800
v 0.4115 -1.9015 -0.3000
v 0.4115 -1.6615 -0.3000
v 0.4015 -1.4415 -0.3100
v 0.4015 -1.1815 -0.3200
v 0.4015 -0.9415 -0.3300
v 0.4015 -0.7015 -0.3300
v 0.4015 -0.4715 -0.3400
v 0.3915 -0.2415 -0.3500
v 0.3915 -0.0215 -0.3700
v 0.3915 0.1885 -0.3700
v 0.3915 0.4085 -0.3800
v 0.7215 -4.7615 -0.0600
v 0.7115 -4.5415 -0.0800
v 0.7115 -4.3315 -0.1000
v 0.7115 -4.0915 -0.1600
v 0.7115 -3.8615 -0.2000
v 0.7115 -3.6315 -0.2300
v 0.7015 -3.4315 -0.2200
v 0.7015 -3.1715 -0.2300
v 0.7015 -2.9315 -0.2400
v 0.7015 -2.7015 -0.2600
v 0.7015 -2.4715 -0.2700
v 0.6915 -2.2315 -0.2600
v 0.6915 -1.9715 -0.2800
v 0.6915 -1.7615 -0.3000
v 0.6915 -1.5615 -0.2800
v 0.6915 -1.3615 -0.3000
v 0.6815 -1.1015 -0.3100
v 0.6815 -0.8915 -0.3200
v 0.6815 -0.6615 -0.3100
v 0.6815 -0.4615 -0.3300
v 0.6815 -0.2115 -0.3400
v 0.6715 0.0085 -0.3600
v 0.6715 0.2185 -0.3600
v 0.6715 0.4385 -0.3600
v 0.9415 -4.5915 -0.0900
v 0.9315 -4.3515 -0.0800
v 0.9315 -4.1215 -0.1100
v 0.9315 -3.8915 -0.1700
v 0.9315 -3.6515 -0.2100
v 0.9215 -3.4315 -0.2100
v 0.9215 -3.2115 -0.2100
v 0.9215 -2.9915 -0.2300
v 0.9215 -2.7815 -0.2400
v 0.9215 -2.5515 -0.2500
v 0.9115 -2.3115 -0.2600
v 0.9115 -2.1215 -0.2800
v 0.9115 -1.8815 -0.2700
v 0.9115 -1.6515 -0.2900
v 0.9115 -1.4315 -0.2900
v 0.9015 -1.2115 -0.2900
v 0.9015 -0.9615 -0.3100
v 0.9015 -0.7415 -0.3300
v 0.9015 -0.5215 -0.3300
v 0.9015 -0.3015 -0.3300
v 0.8915 -0.0815 -0.3300
v 0.8915 0.1485 -0.3400
v 0.8915 0.3885 -0.3600
v 1.1015 -4.3915 -0.0700
v 1.0915 -4.1815 -0.0700
v 1.0915 -3.9515 -0.1000
v 1.0915 -3.7415 -0.1900
v 1.0915 -3.5115 -0.2100
v 1.0915 -3.2915 -0.2100
v 1.0815 -3.1015 -0.2200
v 1.0815 -2.8415 -0.2300
v 1.0815 -2.6015 -0.2300
v 1.0815 -2.3815 -0.2400
v 1.0815 -2.1815 -0.2700
v 1.0715 -1.9615 -0.2600
v 1.0715 -1.7115 -0.2800
v 1.0715 -1.4815 -0.3000
v 1.0715 -1.2715 -0.2900
v 1.0715 -1.0415 -0.3000
v 1.0615 -0.8215 -0.3300
v 1.0615 -0.5715 -0.3200
v 1.0615 -0.3415 -0.3100
v 1.0615 -0.1015 -0.3300
v 1.0515 0.1285 -0.3300
v 1.0515 0.3685 -0.3500
v 1.2915 -4.2615 -0.0600
v 1.2915 -4.0115 -0.0800
v 1.2915 -3.8115 -0.1100
v 1.2815 -3.6015 -0.1600
v 1.2815 -3.3815 -0.2100
v 1.2815 -3.1315 -0.2300
v 1.2815 -2.9215 -0.2200
v 1.2815 -2.6815 -0.2300
v 1.2715 -2.4715 -0.2300
v 1.2715 -2.2515 -0.2500
v 1.2715 -2.0215 -0.2500
v 1.2715 -1.7615 -0.2600
v 1.2615 -1.5415 -0.2700
v 1.2615 -1.3215 -0.2900
v 1.2615 -1.0715 -0.2900
v 1.2615 -0.8415 -0.3100
v 1.2615 -0.6215 -0.3100
v 1.2515 -0.4115 -0.3100
v 1.2515 -0.1815 -0.3200
v 1.2515 0.0685 -0.3200
v 1.2515 0.2885 -0.3400
v 1.5615 -4.1015 -0.0100
v 1.5515 -3.8815 -0.0600
v 1.5515 -3.6515 -0.0700
v 1.5515 -3.4315 -0.1500
v 1.5515 -3.1815 -0.2100
v 1.5515 -2.9315 -0.2400
v 1.5415 -2.7215 -0.2200
v 1.5415 -2.5015 -0.2400
v 1.5415 -2.2915 -0.2400
v 1.5415 -2.0515 -0.2500
v 1.5315 -1.8315 -0.2500
v 1.5315 -1.6015 -0.2700
v 1.5315 -1.3715 -0.2800
v 1.5315 -1.1115 -0.2900
v 1.5315 -0.8915 -0.2900
v 1.5215 -0.6815 -0.3000
v 1.5215 -0.4615 -0.3100
v 1.5215 -0.2115 -0.3100
v 1.5215 0.0085 -0.3200
v 1.5215 0.2385 -0.3300
v 1.5115 0.4485 -0.3400
v 1.8015 -3.8815 -0.0500
v 1.7915 -3.6715 -0.0700
v 1.7915 -3.4415 -0.0800
v 1.7915 -3.2315 -0.1600
v 1.7915 -2.9915 -0.2000
v 1.7915 -2.7515 -0.2100
v 1.7815 -2.5215 -0.2200
v 1.7815 -2.3115 -0.2300
v 1.7815 -2.0915 -0.2400
v 1.7815 -1.8515 -0.2500
v 1.7815 -1.6315 -0.2500
v 1.7715 -1.4015 -0.2600
v 1.7715 -1.1715 -0.2600
v 1.7715 -0.9415 -0.2800
v 1.7715 -0.6915 -0.3000
v 1.7715 -0.4715 -0.3100
v 1.7615 -0.2415 -0.3000
v 1.7615 -0.0015 -0.3100
v 1.7615 0.2385 -0.3200
v 1.7615 0.4585 -0.3200
v 1.9715 -3.6915 -0.0600
v 1.9715 -3.4715 -0.0900
v 1.9715 -3.2515 -0.1000
v 1.9715 -3.0315 -0.1700
v 1.9615 -2.8215 -0.2100
v 1.9615 -2.5615 -0.2100
v 1.9615 -2.3215 -0.2300
v 1.9615 -2.1315 -0.2300
v 1.9615 -1.8815 -0.2500
v 1.9515 -1.6215 -0.2500
v 1.9515 -1.3915 -0.2600
v 1.9515 -1.1715 -0.2800
v 1.9515 -0.9415 -0.2800
v 1.9415 -0.6915 -0.2900
v 1.9415 -0.4815 -0.3000
v 1.9415 -0.2615 -0.3000
v 1.9415 -0.0215 -0.3000
v 1.9415 0.2185 -0.3100
v 1.9315 0.4485 -0.3400
v 2.1515 -3.4215 -0.0600
v 2.1515 -3.1915 -0.0800
v 2.1515 -2.9415 -0.1400
v 2.1415 -2.7315 -0.2000
v 2.1415 -2.5015 -0.2200
v 2.1415 -2.2715 -0.2300
v 2.1415 -2.0415 -0.2300
v 2.1415 -1.8115 -0.2400
v 2.1315 -1.5715 -0.2500
v 2.1315 -1.3615 -0.2600
v 2.1315 -1.1115 -0.2600
v 2.1315 -0.8715 -0.2700
v 2.1315 -0.6615 -0.2900
v 2.1215 -0.4215 -0.2900
v 2.1215 -0.1915 -0.3000
v 2.1215 0.0485 -0.3000
v 2.1215 0.2785 -0.3000
v 2.4015 -3.3015 -0.1000
v 2.4015 -3.0415 -0.0700
v 2.4015 -2.8015 -0.1100
v 2.3915 -2.6015 -0.1900
v 2.3915 -2.3615 -0.2000
v 2.3915 -2.1415 -0.2200
v 2.3915 -1.8915 -0.2400
v 2.3915 -1.6815 -0.2500
v 2.3815 -1.4615 -0.2400
v 2.3815 -1.2215 -0.2500
v 2.3815 -0.9515 -0.2600
v 2.3815 -0.7215 -0.2700
v 2.3815 -0.5015 -0.2700
v 2.3715 -0.2515 -0.2800
v 2.3715 -0.0315 -0.2900
v 2.3715 0.1985 -0.3000
v 2.3715 0.3985 -0.3100
v 2.6615 -3.0615 -0.1000
v 2.6615 -2.8215 -0.0800
v 2.6615 -2.5815 -0.1200
v 2.6515 -2.3415 -0.2000
v 2.6515 -2.1215 -0.2100
v 2.6515 -1.8815 -0.2300
v 2.6515 -1.6615 -0.2300
v 2.6515 -1.4315 -0.2300
v 2.6415 -1.2215 -0.2500
v 2.6415 -1.0115 -0.2600
v 2.6415 -0.7815 -0.2600
v 2.6415 -0.5415 -0.2700
v 2.6315 -0.3215 -0.2700
v 2.6315 -0.1115 -0.2700
v 2.6315 0.1085 -0.2800
v 2.6315 0.3285 -0.2900
v 2.8915 -2.9915 -0.0700
v 2.8915 -2.7715 -0.0700
v 2.8815 -2.5415 -0.0800
v 2.8815 -2.3315 -0.1200
v 2.8815 -2.1115 -0.2000
v 2.8815 -1.9015 -0.2200
v 2.8815 -1.6615 -0.2100
v 2.8715 -1.4515 -0.2400
v 2.8715 -1.2315 -0.2300
v 2.8715 -0.9915 -0.2500
v 2.8715 -0.7515 -0.2500
v 2.8715 -0.5215 -0.2600
v 2.8615 -0.3115 -0.2600
v 2.8615 -0.1015 -0.2700
v 2.8615 0.1285 -0.2800
v 2.8615 0.3685 -0.2800
v 3.1115 -2.5915 -0.0600
v 3.1115 -2.3815 -0.0900
v 3.1115 -2.1615 -0.1200
v 3.1115 -1.9515 -0.1900
v 3.1115 -1.7115 -0.2200
v 3.1015 -1.5015 -0.2200
v 3.1015 -1.2515 -0.2100
v 3.1015 -1.0315 -0.2400
v 3.1015 -0.8115 -0.2400
v 3.1015 -0.5815 -0.2400
v 3.0915 -0.3415 -0.2400
v 3.0915 -0.1015 -0.2500
v 3.0915 0.1585 -0.2400
v 3.0915 0.3585 -0.2700
v 3.3615 -2.4515 -0.1000
v 3.3615 -2.2515 -0.0700
v 3.3515 -1.9815 -0.1100
v 3.3515 -1.7515 -0.1900
v 3.3515 -1.5415 -0.2100
v 3.3515 -1.2815 -0.2100
v 3.3515 -1.0615 -0.2200
v 3.3415 -0.8215 -0.2300
v 3.3415 -0.6115 -0.2500
v 3.3415 -0.3915 -0.2400
v 3.3415 -0.1715 -0.2400
v 3.3315 0.0685 -0.2400
v 3.3315 0.3085 -0.2400
v 3.5415 -2.2315 -0.0700
v 3.5415 -2.0215 -0.0900
v 3.5415 -1.7915 -0.1100
v 3.5415 -1.5515 -0.1800
v 3.5415 -1.3215 -0.2000
v 3.5315 -1.0915 -0.2200
v 3.5315 -0.8715 -0.2100
v 3.5315 -0.6415 -0.2300
v 3.5315 -0.4015 -0.2300
v 3.5315 -0.1915 -0.2400
v 3.5215 0.0285 -0.2400
v 3.5215 0.2785 -0.2300
v 3.5215 0.4985 -0.2500
v 3.6915 -2.1215 -0.0800
v 3.6915 -1.8915 -0.0700
v 3.6815 -1.6715 -0.1100
v 3.6815 -1.4615 -0.1900
v 3.6815 -1.2215 -0.2200
v 3.6815 -1.0215 -0.2100
v 3.6715 -0.7715 -0.2300
v 3.6715 -0.5115 -0.2200
v 3.6715 -0.2915 -0.2200
v 3.6715 -0.0815 -0.2400
v 3.6715 0.1785 -0.2300
v 3.6615 0.4185 -0.2100
v 3.8815 -2.0915 -0.1000
v 3.8815 -1.8615 -0.0600
v 3.8815 -1.6215 -0.0800
v 3.8715 -1.4115 -0.1500
v 3.8715 -1.1715 -0.2200
v 3.8715 -0.9415 -0.2100
v 3.8715 -0.7015 -0.2100
v 3.8715 -0.4715 -0.2300
v 3.8615 -0.2515 -0.2100
v 3.8615 -0.0315 -0.2200
v 3.8615 0.2185 -0.1900
v 3.8615 0.4585 -0.1400
v 4.1515 -1.7615 -0.0300
v 4.1515 -1.5415 -0.0400
v 4.1515 -1.3015 -0.0900
v 4.1515 -1.0915 -0.1700
v 4.1415 -0.8415 -0.1900
v 4.1415 -0.6215 -0.2000
v 4.1415 -0.3915 -0.1900
v 4.1415 -0.1815 -0.1900
v 4.1315 0.0885 -0.1400
v 4.1315 0.3185 -0.1100
v 4.3815 -1.4715 -0.0500
v 4.3815 -1.2415 -0.0600
v 4.3815 -1.0215 -0.1100
v 4.3815 -0.7715 -0.1900
v 4.3815 -0.5315 -0.1800
v 4.3715 -0.3015 -0.1400
v 4.3715 -0.0615 -0.0900
v 4.3715 0.1485 -0.1200
v 4.3715 0.3785 -0.1500
v 4.5415 -1.2915 -0.0700
v 4.5415 -1.0715 -0.0600
v 4.5315 -0.8715 -0.1300
v 4.5315 -0.6315 -0.1700
v 4.5315 -0.3915 -0.1200
v 4.5315 -0.2015 -0.0900
v 4.5315 0.0085 -0.1100
v 4.5215 0.2485 -0.1700
v 4.7015 -1.3115 -0.1000
v 4.7015 -1.0815 -0.0500
v 4.7015 -0.8215 -0.0900
v 4.6915 -0.6015 -0.0900
v 4.6915 -0.4115 -0.0800
v 4.6915 -0.1915 -0.1000
v 4.6915 0.0685 -0.1200
v 4.9515 -0.9515 -0.0400
v 4.9515 -0.7415 -0.0700
v 4.9515 -0.5215 -0.0700
v 4.9515 -0.2915 -0.1300
v 4.9515 -0.4615 -1.4500
v 5.2315 -0.6915 -0.0500
v -5.3085 0.5185 -0.5700
v -5.0285 0.6085 -0.7000
v -4.7985 0.5185 -0.5100
v -4.8085 0.7185 -0.7300
v -4.6485 0.6785 -0.4900
v -4.6485 0.8885 -0.6000
v -4.4585 0.6685 -0.4800
v -4.4685 0.8985 -0.5400
v -4.4685 1.1085 -0.5500
v -4.1885 0.5585 -0.4600
v -4.1885 0.8085 -0.4600
v -4.1885 1.0285 -0.4900
v -4.1885 1.2285 -0.5500
v -4.1985 1.4285 -0.9500
v -3.9185 0.6985 -0.4800
v -3.9185 0.9285 -0.4700
v -3.9285 1.1385 -0.4800
v -3.9285 1.3585 -0.5100
v -3.9285 1.5585 -0.5800
v -3.7185 0.5185 -0.4600
v -3.7185 0.7385 -0.4600
v -3.7285 0.9785 -0.4700
v -3.7285 1.2185 -0.4600
v -3.7285 1.4285 -0.4900
v -3.7285 1.6585 -0.5100
v -3.7285 1.8785 -0.5700
v -3.5285 0.7285 -0.4500
v -3.5285 0.9585 -0.4700
v -3.5385 1.1885 -0.4800
v -3.5385 1.4385 -0.4800
v -3.5385 1.6785 -0.4900
v -3.5385 1.8785 -0.5700
v -3.5385 2.1085 -0.5800
v -3.2685 0.5985 -0.4700
v -3.2685 0.8185 -0.4600
v -3.2785 1.0285 -0.4700
v -3.2785 1.2385 -0.4600
v -3.2785 1.5085 -0.4800
v -3.2785 1.7585 -0.4800
v -3.2785 1.9585 -0.4900
v -3.2885 2.1685 -0.5500
v -2.9985 0.6785 -0.4500
v -3.0085 0.9285 -0.4700
v -3.0085 1.1485 -0.4500
v -3.0085 1.3585 -0.4700
v -3.0085 1.5985 -0.4800
v -3.0085 1.8185 -0.4600
v -3.0185 2.0685 -0.4800
v -3.0185 2.2885 -0.5100
v -3.0185 2.4885 -0.6100
v -2.7485 0.5985 -0.4600
v -2.7485 0.7985 -0.4500
v -2.7585 1.0685 -0.4600
v -2.7585 1.3085 -0.4700
v -2.7585 1.5385 -0.4700
v -2.7585 1.7485 -0.4800
v -2.7585 1.9985 -0.4800
v -2.7685 2.2385 -0.4600
v -2.7685 2.4585 -0.4900
v -2.7685 2.6485 -0.5600
v -2.4885 0.6485 -0.4600
v -2.4885 0.8785 -0.4600
v -2.4885 1.0885 -0.4600
v -2.4885 1.3085 -0.4600
v -2.4985 1.5585 -0.4700
v -2.4985 1.7885 -0.4500
v -2.4985 2.0185 -0.4600
v -2.4985 2.2385 -0.4700
v -2.5085 2.4885 -0.4700
v -2.5085 2.6985 -0.5200
v -2.5085 2.9285 -0.5400
v -2.2085 0.7085 -0.4600
v -2.2085 0.9485 -0.4500
v -2.2085 1.1485 -0.4600
v -2.2085 1.3785 -0.4700
v -2.2185 1.6385 -0.4600
v -2.2185 1.8785 -0.4700
v -2.2185 2.1185 -0.4600
v -2.2185 2.3385 -0.4700
v -2.2185 2.5985 -0.4600
v -2.2285 2.8285 -0.4700
v -2.2285 3.0285 -0.5400
v -2.2285 3.2385 -0.5600
v -1.9885 0.5285 -0.4300
v -1.9885 0.7585 -0.4400
v -1.9885 0.9985 -0.4700
v -1.9885 1.2285 -0.4500
v -1.9985 1.4485 -0.4800
v -1.9985 1.6385 -0.4700
v -1.9985 1.8685 -0.4500
v -1.9985 2.1085 -0.4600
v -1.9985 2.3485 -0.4700
v -2.0085 2.5585 -0.4600
v -2.0085 2.7785 -0.4500
v -2.0085 2.9885 -0.4900
v -2.0085 3.2185 -0.5100
v -1.8285 0.7285 -0.4500
v -1.8285 0.9385 -0.4500
v -1.8285 1.1785 -0.4400
v -1.8285 1.3985 -0.4500
v -1.8385 1.6185 -0.4500
v -1.8385 1.8485 -0.4600
v -1.8385 2.0985 -0.4600
v -1.8385 2.3185 -0.4700
v -1.8385 2.5385 -0.4500
v -1.8485 2.7385 -0.4700
v -1.8485 2.9885 -0.4500
v -1.8485 3.2085 -0.4900
v -1.8485 3.4385 -0.5400
v -1.6185 0.5885 -0.4200
v -1.6285 0.8185 -0.4500
v -1.6285 1.0385 -0.4500
v -1.6285 1.2585 -0.4500
v -1.6285 1.4985 -0.4500
v -1.6285 1.7085 -0.4500
v -1.6385 1.9585 -0.4600
v -1.6385 2.1785 -0.4600
v -1.6385 2.3885 -0.4600
v -1.6385 2.6285 -0.4500
v -1.6485 2.8885 -0.4600
v -1.6485 3.1185 -0.4600
v -1.6485 3.3485 -0.4900
v -1.6485 3.5785 -0.5200
v -1.6485 3.7985 -0.6600
v -1.3385 0.7185 -0.4300
v -1.3385 0.9585 -0.4400
v -1.3485 1.1785 -0.4400
v -1.3485 1.3885 -0.4400
v -1.3485 1.6585 -0.4500
v -1.3485 1.9085 -0.4500
v -1.3485 2.1185 -0.4600
v -1.3585 2.3485 -0.4500
v -1.3585 2.5785 -0.4400
v -1.3585 2.7985 -0.4600
v -1.3585 3.0185 -0.4700
v -1.3585 3.2485 -0.4600
v -1.3685 3.4885 -0.4600
v -1.3685 3.7285 -0.5000
v -1.3685 3.9485 -0.5500
v -1.0785 0.5785 -0.4200
v -1.0785 0.7885 -0.4300
v -1.0785 0.9985 -0.4300
v -1.0785 1.2185 -0.4300
v -1.0885 1.4585 -0.4500
v -1.0885 1.6985 -0.4600
v -1.0885 1.9285 -0.4400
v -1.0885 2.1585 -0.4500
v -1.0885 2.3785 -0.4600
v -1.0985 2.5985 -0.4400
v -1.0985 2.8285 -0.4600
v -1.0985 3.0485 -0.4600
v -1.0985 3.2985 -0.4500
v -1.0985 3.4985 -0.4600
v -1.1085 3.7485 -0.4700
v -1.1085 3.9885 -0.5100
v -1.1085 4.1985 -0.5600
v -0.8885 0.5685 -0.4100
v -0.8885 0.7685 -0.4200
v -0.8885 1.0085 -0.4300
v -0.8885 1.2285 -0.4300
v -0.8985 1.4585 -0.4400
v -0.8985 1.6885 -0.4300
v -0.8985 1.8985 -0.4500
v -0.8985 2.1385 -0.4500
v -0.8985 2.3885 -0.4500
v -0.9085 2.6085 -0.4700
v -0.9085 2.8285 -0.4500
v -0.9085 3.0985 -0.4500
v -0.9085 3.3285 -0.4400
v -0.9185 3.5485 -0.4600
v -0.9185 3.7685 -0.4500
v -0.9185 4.0185 -0.4800
v -0.9185 4.2485 -0.5200
v -0.9185 4.4485 -0.6300
v -0.6985 0.7285 -0.4100
v -0.6985 0.9785 -0.4000
v -0.6985 1.1985 -0.4300
v -0.7085 1.4285 -0.4400
v -0.7085 1.6585 -0.4300
v -0.7085 1.9085 -0.4300
v -0.7085 2.1285 -0.4300
v -0.7085 2.3585 -0.4500
v -0.7185 2.5785 -0.4500
v -0.7185 2.8185 -0.4500
v -0.7185 3.0485 -0.4300
v -0.7185 3.2785 -0.4400
v -0.7185 3.5285 -0.4200
v -0.7285 3.7485 -0.4400
v -0.7285 3.9885 -0.4400
v -0.7285 4.1985 -0.4700
v -0.7285 4.4285 -0.5600
v -0.4285 0.7385 -0.4100
v -0.4385 0.9885 -0.4000
v -0.4385 1.1885 -0.4200
v -0.4385 1.3985 -0.4300
v -0.4385 1.6285 -0.4100
v -0.4385 1.8885 -0.4300
v -0.4485 2.1085 -0.4400
v -0.4485 2.3385 -0.4400
v -0.4485 2.5485 -0.4400
v -0.4485 2.8185 -0.4400
v -0.4485 3.0285 -0.4500
v -0.4585 3.2485 -0.4500
v -0.4585 3.4985 -0.4500
v -0.4585 3.7485 -0.4400
v -0.4585 3.9885 -0.4500
v -0.4685 4.2185 -0.4700
v -0.4685 4.4485 -0.4700
v -0.4685 4.6785 -0.5300
v -0.1485 0.7085 -0.3900
v -0.1485 0.9285 -0.4000
v -0.1485 1.1785 -0.4100
v -0.1585 1.3885 -0.4100
v -0.1585 1.6285 -0.4200
v -0.1585 1.8485 -0.4300
v -0.1585 2.0985 -0.4200
v -0.1585 2.3485 -0.4300
v -0.1685 2.5685 -0.4500
v -0.1685 2.8185 -0.4500
v -0.1685 3.0485 -0.4300
v -0.1685 3.2685 -0.4300
v -0.1685 3.4785 -0.4400
v -0.1785 3.6885 -0.4300
v -0.1785 3.9285 -0.4500
v -0.1785 4.1585 -0.4300
v -0.1785 4.3885 -0.4500
v -0.1785 4.5985 -0.4600
v -0.1885 4.8185 -0.5100
v -0.1885 5.0285 -0.5400
v 0.1115 0.5685 -0.3800
v 0.1115 0.7985 -0.3800
v 0.1115 1.0385 -0.4000
v 0.1115 1.2885 -0.4200
v 0.1115 1.5185 -0.4100
v 0.1015 1.7185 -0.4100
v 0.1015 1.9285 -0.4300
v 0.1015 2.1585 -0.4400
v 0.1015 2.3785 -0.4300
v 0.1015 2.6185 -0.4300
v 0.0915 2.8185 -0.4500
v 0.0915 3.0585 -0.4300
v 0.0915 3.2885 -0.4300
v 0.0915 3.4985 -0.4300
v 0.0915 3.7185 -0.4200
v 0.0815 3.9585 -0.4400
v 0.0815 4.1985 -0.4400
v 0.0815 4.4085 -0.4400
v 0.0815 4.6385 -0.4200
v 0.0815 4.8685 -0.4500
v 0.0715 5.0885 -0.4900
v 0.3815 0.6285 -0.3800
v 0.3815 0.8785 -0.3900
v 0.3815 1.0885 -0.4000
v 0.3815 1.3085 -0.3900
v 0.3815 1.5185 -0.4100
v 0.3815 1.7485 -0.4100
v 0.3715 1.9885 -0.4100
v 0.3715 2.2185 -0.4100
v 0.3715 2.4285 -0.4200
v 0.3715 2.6585 -0.4200
v 0.3615 2.8885 -0.4200
v 0.3615 3.1185 -0.4300
v 0.3615 3.3385 -0.4300
v 0.3615 3.5685 -0.4200
v 0.3615 3.8085 -0.4200
v 0.3515 4.0185 -0.4200
v 0.3515 4.2685 -0.3700
v 0.3515 4.4885 -0.2900
v 0.3515 4.7485 -0.3800
v 0.3515 4.9685 -0.4700
v 0.6715 0.6985 -0.3700
v 0.6715 0.9285 -0.3700
v 0.6615 1.1385 -0.3900
v 0.6615 1.3385 -0.3800
v 0.6615 1.5885 -0.4000
v 0.6615 1.8185 -0.4000
v 0.6515 2.0585 -0.3900
v 0.6515 2.2685 -0.4200
v 0.6515 2.4885 -0.4100
v 0.6515 2.7385 -0.4200
v 0.6515 2.9785 -0.4100
v 0.6415 3.2085 -0.4100
v 0.6415 3.4485 -0.4200
v 0.6415 3.6785 -0.3900
v 0.6415 3.9285 -0.3700
v 0.6415 4.1485 -0.2900
v 0.6315 4.3585 -0.2400
v 0.6315 4.5785 -0.2500
v 0.6315 4.8285 -0.4000
v 0.8915 0.6085 -0.3600
v 0.8815 0.8185 -0.3700
v 0.8815 1.0685 -0.3800
v 0.8815 1.3085 -0.3800
v 0.8815 1.5285 -0.3900
v 0.8815 1.7885 -0.3800
v 0.8715 2.0085 -0.3800
v 0.8715 2.2485 -0.3900
v 0.8715 2.4585 -0.3900
v 0.8715 2.6785 -0.3900
v 0.8715 2.8985 -0.4000
v 0.8615 3.1485 -0.4000
v 0.8615 3.3785 -0.4100
v 0.8615 3.6285 -0.3900
v 0.8615 3.8385 -0.3000
v 0.8615 4.0885 -0.2400
v 0.8515 4.3285 -0.2500
v 0.8515 4.5385 -0.2600
v 1.0515 0.6085 -0.3600
v 1.0515 0.8185 -0.3700
v 1.0515 1.0385 -0.3700
v 1.0415 1.2685 -0.3900
v 1.0415 1.4985 -0.3900
v 1.0415 1.7385 -0.3700
v 1.0415 1.9585 -0.3700
v 1.0415 2.1885 -0.3800
v 1.0315 2.4185 -0.3900
v 1.0315 2.6385 -0.3800
v 1.0315 2.8585 -0.3900
v 1.0315 3.0985 -0.3900
v 1.0315 3.3385 -0.3800
v 1.0215 3.5685 -0.3000
v 1.0215 3.7985 -0.2500
v 1.0215 4.0485 -0.2400
v 1.0215 4.2785 -0.2600
v 1.2515 0.5285 -0.3500
v 1.2415 0.7585 -0.3600
v 1.2415 0.9785 -0.3600
v 1.2415 1.2185 -0.3500
v 1.2415 1.4185 -0.3600
v 1.2415 1.6585 -0.3600
v 1.2315 1.8985 -0.3800
v 1.2315 2.1085 -0.3700
v 1.2315 2.3385 -0.3900
v 1.2315 2.5885 -0.3800
v 1.2315 2.8185 -0.3800
v 1.2215 3.0485 -0.3800
v 1.2215 3.2885 -0.3400
v 1.2215 3.5385 -0.2200
v 1.2215 3.7585 -0.2200
v 1.2115 4.0085 -0.2500
v 1.5115 0.6985 -0.3300
v 1.5115 0.9485 -0.3500
v 1.5115 1.1585 -0.3600
v 1.5015 1.3885 -0.3500
v 1.5015 1.6285 -0.3600
v 1.5015 1.8785 -0.3500
v 1.5015 2.0985 -0.3500
v 1.5015 2.3285 -0.3600
v 1.4915 2.5685 -0.3600
v 1.4915 2.7885 -0.3500
v 1.4915 3.0185 -0.2900
v 1.4915 3.2585 -0.2200
v 1.4915 3.4785 -0.2100
v 1.4815 3.7185 -0.2400
v 1.7615 0.6885 -0.3200
v 1.7515 0.9385 -0.3300
v 1.7515 1.1585 -0.3400
v 1.7515 1.3785 -0.3400
v 1.7515 1.6185 -0.3500
v 1.7415 1.8485 -0.3400
v 1.7415 2.0685 -0.3500
v 1.7415 2.3185 -0.3600
v 1.7415 2.5385 -0.3300
v 1.7415 2.7885 -0.2600
v 1.7315 2.9985 -0.2000
v 1.7315 3.2485 -0.2000
v 1.7315 3.4885 -0.2500
v 1.9315 0.6785 -0.3300
v 1.9315 0.8885 -0.3200
v 1.9315 1.1285 -0.3400
v 1.9315 1.3685 -0.3400
v 1.9215 1.6085 -0.3400
v 1.9215 1.8485 -0.3300
v 1.9215 2.0785 -0.3000
v 1.9215 2.3185 -0.3200
v 1.9115 2.5785 -0.2600
v 1.9115 2.8185 -0.1900
v 1.9115 3.0185 -0.2100
v 1.9115 3.2485 -0.2300
v 2.1115 0.5185 -0.3000
v 2.1115 0.7585 -0.3200
v 2.1115 0.9985 -0.3200
v 2.1115 1.2385 -0.3100
v 2.1115 1.4585 -0.3200
v 2.1015 1.6785 -0.3100
v 2.1015 1.8985 -0.3200
v 2.1015 2.1185 -0.3200
v 2.1015 2.3385 -0.2600
v 2.1015 2.5885 -0.2000
v 2.0915 2.8085 -0.2100
v 2.0915 3.0385 -0.2400
v 2.3715 0.6285 -0.3000
v 2.3615 0.8385 -0.3000
v 2.3615 1.0885 -0.3000
v 2.3615 1.2985 -0.3200
v 2.3615 1.5185 -0.3100
v 2.3615 1.7285 -0.3100
v 2.3515 1.9685 -0.2700
v 2.3515 2.2185 -0.1900
v 2.3515 2.4285 -0.1800
v 2.3515 2.6585 -0.2300
v 2.3115 6.5085 4.9900
v 2.6315 0.5785 -0.2900
v 2.6315 0.7985 -0.2900
v 2.6215 1.0285 -0.2800
v 2.6215 1.2485 -0.2900
v 2.6215 1.4685 -0.2900
v 2.6215 1.6985 -0.2400
v 2.6115 1.9385 -0.1700
v 2.6115 2.1785 -0.1700
v 2.6115 2.3985 -0.2500
v 2.6115 2.6185 -0.2400
v 2.5715 6.2585 5.0200
v 2.5715 6.4685 4.9900
v 2.8515 0.6085 -0.2800
v 2.8515 0.8085 -0.2700
v 2.8515 1.0385 -0.2800
v 2.8515 1.2885 -0.2600
v 2.8515 1.5485 -0.2100
v 2.8415 1.7785 -0.1700
v 2.8415 1.9985 -0.1900
v 2.8415 2.2285 -0.2600
v 2.8015 6.0585 4.9700
v 2.8015 6.2785 4.9700
v 2.8015 6.5185 4.9500
v 3.0815 0.6085 -0.2600
v 3.0815 0.8185 -0.2700
v 3.0815 1.0485 -0.2600
v 3.0815 1.2685 -0.1700
v 3.0815 1.4985 -0.1500
v 3.0715 1.7585 -0.1800
v 3.0715 1.9985 -0.1700
v 3.0315 5.8185 4.9500
v 3.0315 6.0485 4.9700
v 3.0315 6.2885 4.9100
v 3.0315 6.5085 4.8000
v 3.3315 0.5385 -0.2400
v 3.3315 0.7785 -0.2500
v 3.3315 1.0085 -0.1800
v 3.3215 1.2385 -0.1700
v 3.3215 1.4485 -0.1900
v 3.3215 1.6685 -0.2100
v 3.2815 5.3185 4.9900
v 3.2815 5.5585 4.9900
v 3.2815 5.7885 4.9800
v 3.2815 5.9785 4.9200
v 3.2815 6.2185 4.7600
v 3.2715 6.4485 4.7700
v 3.5215 0.7485 -0.1700
v 3.5115 0.9685 -0.1400
v 3.5115 1.2085 -0.1500
v 3.5115 1.4385 -0.1800
v 3.4715 5.0785 4.9800
v 3.4715 5.2885 4.9600
v 3.4715 5.5285 4.9700
v 3.4715 5.7685 4.9300
v 3.4715 5.9785 4.7700
v 3.4715 6.2185 4.7300
v 3.4615 6.4485 4.7400
v 3.6615 0.6385 -0.1500
v 3.6615 0.8885 -0.1300
v 3.6615 1.1285 -0.1600
v 3.6615 1.2985 -0.6300
v 3.6215 4.9985 4.9500
v 3.6215 5.2385 4.9500
v 3.6215 5.4385 4.9300
v 3.6115 5.6585 4.9100
v 3.6115 5.8785 4.7800
v 3.6115 6.0785 4.7500
v 3.6115 6.2985 4.7200
v 3.6115 6.5185 4.7000
v 3.8615 0.6785 -0.1300
v 3.8515 0.9285 -0.1500
v 3.8515 1.1185 -0.3000
v 3.8215 4.7585 4.9400
v 3.8215 4.9885 4.9700
v 3.8115 5.2185 4.9600
v 3.8115 5.4185 4.9000
v 3.8115 5.6285 4.7800
v 3.8115 5.8385 4.7400
v 3.8115 6.0685 4.7300
v 3.8015 6.3185 4.7600
v 3.8015 6.5385 4.7200
v 4.1315 0.5485 -0.1400
v 4.0915 4.3585 4.9500
v 4.0915 4.6085 4.9700
v 4.0915 4.8185 4.9500
v 4.0915 5.0085 4.9700
v 4.0915 5.2385 4.8600
v 4.0815 5.4785 4.7700
v 4.0815 5.6885 4.7600
v 4.0815 5.8985 4.7500
v 4.0815 6.1385 4.7500
v 4.0815 6.3685 4.7400
v 4.3315 4.1485 4.9400
v 4.3315 4.3685 4.9700
v 4.3315 4.6085 4.9600
v 4.3315 4.8185 4.9400
v 4.3215 5.0485 4.8500
v 4.3215 5.2785 4.7900
v 4.3215 5.5185 4.7900
v 4.3215 5.7585 4.7800
v 4.3215 5.9685 4.7700
v 4.3115 6.2085 4.7300
v 4.3115 6.4185 4.7400
v 4.4915 4.1185 4.9400
v 4.4815 4.3385 4.9800
v 4.4815 4.5485 4.9400
v 4.4815 4.7785 4.8600
v 4.4815 4.9985 4.8100
v 4.4815 5.2185 4.7900
v 4.4815 5.4285 4.7900
v 4.4715 5.6785 4.7700
v 4.4715 5.9285 4.7800
v 4.4715 6.1285 4.7700
v 4.4715 6.3385 4.7400
v 4.4615 6.5885 4.7100
v 4.6515 3.8985 5.0000
v 4.6515 4.1385 4.9600
v 4.6515 4.3685 4.9700
v 4.6515 4.5785 4.8500
v 4.6415 4.7885 4.7800
v 4.6415 5.0085 4.7900
v 4.6415 5.2485 4.7900
v 4.6415 5.4685 4.7700
v 4.6415 5.7085 4.7600
v 4.6315 5.9185 4.7500
v 4.6315 6.1485 4.7400
v 4.6315 6.3985 4.7400
v 4.9115 3.5785 4.9500
v 4.9115 3.7885 4.9600
v 4.9115 3.9985 4.9600
v 4.9015 4.2285 4.9100
v 4.9015 4.4485 4.8200
v 4.9015 4.6785 4.8000
v 4.9015 4.9085 4.8000
v 4.9015 5.1285 4.8100
v 4.8915 5.3685 4.7800
v 4.8915 5.6185 4.7600
v 4.8915 5.8385 4.7800
v 4.8915 6.0485 4.7800
v 4.8915 6.2885 4.7800
v 4.8815 6.5385 4.7300
v 5.1915 3.1185 5.0000
v 5.1915 3.3685 4.9600
v 5.1915 3.5785 4.9500
v 5.1915 3.8185 4.9200
v 5.1815 4.0585 4.8800
v 5.1815 4.2885 4.8400
v 5.1815 4.4985 4.8100
v 5.1815 4.7285 4.7900
v 5.1815 4.9785 4.8000
v 5.1715 5.1985 4.7900
v 5.1715 5.4085 4.7700
v 5.1715 5.6385 4.7400
v 5.1715 5.8885 4.7700
v 5.1715 6.0985 4.7700
v 5.1615 6.3185 4.7600
v 5.1615 6.5585 4.7500
v 5.4415 3.0085 4.9800
v 5.4415 3.2485 4.9700
v 5.4415 3.4285 4.9400
v 5.4315 3.6685 4.9200
v 5.4315 3.9185 4.9000
v 5.4315 4.1385 4.8500
v 5.4315 4.3285 4.8400
v 5.4215 4.5885 4.8300
v 5.4215 4.8285 4.8300
v 5.4215 5.0485 4.8000
v 5.4215 5.2685 4.7900
v 5.4215 5.4985 4.7800
v 5.4115 5.7485 4.7900
v 5.4115 5.9885 4.7900
v 5.4115 6.2185 4.7600
v 5.4115 6.4485 4.7700
v 5.6715 3.0785 4.9700
v 5.6715 3.3085 4.9600
v 5.6715 3.5485 4.9700
v 5.6615 3.7785 4.9200
v 5.6615 3.9985 4.8600
v 5.6615 4.2385 4.8300
v 5.6615 4.4785 4.8200
v 5.6615 4.7185 4.8100
v 5.6515 4.9485 4.8300
v 5.6515 5.1685 4.8100
v 5.6515 5.3985 4.8000
v 5.6515 5.6185 4.8000
v 5.6515 5.8185 4.7900
v 5.6415 6.0385 4.8000
v 5.6415 6.2785 4.7900
v 5.6415 6.5085 4.7800
v 5.9115 3.2085 4.9500
v 5.9015 3.4685 4.9500
v 5.9015 3.6985 4.9400
v 5.9015 3.8985 4.8900
v 5.9015 4.0985 4.8800
v 5.9015 4.3285 4.8600
v 5.8915 4.5585 4.8300
v 5.8915 4.7885 4.8200
v 5.8915 4.9785 4.8000
v 5.8915 5.2085 4.8000
v 5.8915 5.4485 4.8200
v 5.8815 5.6585 4.7700
v 5.8815 5.8685 4.8100
v 5.8815 6.1185 4.7800
v 5.8815 6.3385 4.7900
v 5.8815 6.5685 4.7800
v 6.0915 3.5485 4.9500
v 6.0915 3.7685 4.9600
v 6.0915 3.9785 4.9200
v 6.0915 4.1885 4.8400
v 6.0915 4.4285 4.8600
v 6.0815 4.6685 4.8400
v 6.0815 4.8885 4.8300
v 6.0815 5.1085 4.8000
v 6.0815 5.3185 4.8000
v 6.0815 5.5585 4.7800
v 6.0715 5.7785 4.7900
v 6.0715 5.9985 4.7900
v 6.0715 6.2185 4.7600
v 6.0715 6.4385 4.7700
v 6.2415 3.5985 4.9700
v 6.2415 3.8185 4.9600
v 6.2415 4.0585 4.9400
v 6.2415 4.2585 4.8900
v 6.2415 4.4885 4.8800
v 6.2315 4.7085 4.8200
v 6.2315 4.9385 4.8200
v 6.2315 5.1585 4.7800
v 6.2315 5.4085 4.7900
v 6.2215 5.6485 4.7900
v 6.2215 5.8885 4.7900
v 6.2215 6.0985 4.7800
v 6.2215 6.3385 4.7700
v 6.2215 6.5385 4.7800
v 6.4515 3.6485 4.9700
v 6.4515 3.8785 4.9700
v 6.4415 4.1085 4.9500
v 6.4415 4.3185 4.9300
v 6.4415 4.5585 4.8700
v 6.4415 4.7985 4.8400
v 6.4415 4.9985 4.8200
v 6.4315 5.1985 4.8200
v 6.4315 5.4385 4.8000
v 6.4315 5.6785 4.7900
v 6.4315 5.9185 4.8000
v 6.4315 6.1485 4.7800
v 6.4215 6.3885 4.7900
v 6.4215 6.5885 4.7800
v 6.7215 3.9785 4.9800
v 6.7215 4.2185 4.9600
v 6.7215 4.4585 4.9100
v 6.7115 4.6785 4.8700
v 6.7115 4.8885 4.8600
v 6.7115 5.1185 4.8500
v 6.7115 5.3285 4.8300
v 6.7115 5.5685 4.7900
v 6.7015 5.7985 4.8100
v 6.7015 6.0085 4.8000
v 6.7015 6.2285 4.7800
v 6.7015 6.4985 4.7800
v 6.6915 6.4885 4.8000
v 6.6915 6.2685 4.7800
v 6.7015 6.0085 4.7800
v 6.7015 5.7585 4.8100
v 6.7015 5.5285 4.7900
v 6.7015 5.2485 4.8200
v 6.7015 5.0385 4.8100
v 6.7115 4.7785 4.8500
v 6.7115 4.5385 4.9100
v 6.7115 4.3085 4.9600
v 6.7115 4.1185 4.7200
v 6.7115 4.0285 4.1300
v 6.7115 4.7585 1.3000
v 6.7115 3.8885 3.7800
v 6.7115 4.1085 2.9300
v 6.7115 4.5285 1.2800
v 6.7115 3.8485 2.8800
v 6.7115 4.2685 1.2700
v 6.7115 4.0785 1.1300
v 6.7115 3.9485 0.7800
v 6.4215 6.3885 4.7500
v 6.4315 6.1385 4.7600
v 6.4315 5.9185 4.7900
v 6.4315 5.6685 4.7900
v 6.4315 5.4085 4.8000
v 6.4415 5.1585 4.8100
v 6.4415 4.9385 4.8200
v 6.4415 4.7185 4.8300
v 6.4415 4.4485 4.8700
v 6.4415 4.1885 4.9400
v 6.4515 3.9785 4.8900
v 6.4515 3.8985 4.2700
v 6.4415 4.6585 1.3300
v 6.4515 3.7485 3.9600
v 6.4415 4.4485 1.2600
v 6.4515 4.0185 1.9800
v 6.4515 3.9485 1.2300
v 6.4515 3.7885 0.9900
v 6.4515 3.5985 0.7700
v 6.1215 6.3885 4.7600
v 6.1315 6.1585 4.7800
v 6.1315 5.8985 4.8000
v 6.1315 5.6785 4.7900
v 6.1315 5.4485 4.8100
v 6.1315 5.2085 4.7800
v 6.1315 4.9685 4.7900
v 6.1415 4.7185 4.8400
v 6.1415 4.4585 4.8700
v 6.1415 4.2385 4.8600
v 6.1415 3.9685 4.9200
v 6.1515 3.7385 4.8400
v 6.1515 3.6285 4.3100
v 6.1415 4.3985 1.3000
v 6.1515 3.4885 3.9600
v 6.1415 3.9685 2.0700
v 6.1415 4.1785 1.2600
v 6.1515 3.7285 2.0400
v 6.1515 3.9085 1.3300
v 6.1515 3.6885 1.2200
v 6.1515 3.5285 0.9900
v 6.1515 3.3285 0.8600
v 5.8715 6.3785 4.7500
v 5.8715 6.1485 4.7900
v 5.8715 5.8885 4.7900
v 5.8715 5.6385 4.7900
v 5.8815 5.3885 4.8000
v 5.8815 5.1685 4.7900
v 5.8815 4.9185 4.8000
v 5.8815 4.6685 4.8200
v 5.8815 4.4285 4.8500
v 5.8915 4.2085 4.8300
v 5.8915 3.9485 4.8800
v 5.8915 3.6685 4.9500
v 5.8915 3.4785 4.8500
v 5.8915 3.3685 4.3100
v 5.8915 4.1485 1.2800
v 5.8915 3.2485 3.9300
v 5.8915 3.6985 2.1600
v 5.8915 3.9285 1.2900
v 5.8915 3.4785 1.9800
v 5.8915 3.6385 1.3600
v 5.8915 3.4485 1.2200
v 5.9015 3.2885 0.9100
v 5.6415 6.5585 4.7700
v 5.6415 6.2785 4.7900
v 5.6515 6.0585 4.7600
v 5.6515 5.8285 4.7900
v 5.6515 5.5885 4.7700
v 5.6515 5.3285 4.7800
v 5.6615 5.0985 4.7900
v 5.6615 4.8585 4.7900
v 5.6615 4.6485 4.7900
v 5.6615 4.3685 4.8300
v 5.6615 4.1385 4.8400
v 5.6715 3.8785 4.8600
v 5.6715 3.6185 4.9200
v 5.6715 3.3585 4.9300
v 5.6715 3.1985 4.5700
v 5.6715 3.1185 3.9400
v 5.6715 3.8085 1.2900
v 5.6715 3.1385 2.9500
v 5.6715 3.1785 1.8600
v 5.6715 3.1085 1.2500
v 5.6815 2.9785 0.8300
v 5.4215 6.5385 4.7400
v 5.4215 6.2885 4.7600
v 5.4215 6.0485 4.7700
v 5.4215 5.8385 4.7600
v 5.4315 5.5785 4.7900
v 5.4315 5.3185 4.7900
v 5.4315 5.0685 4.7900
v 5.4315 4.8285 4.8300
v 5.4315 4.5885 4.8400
v 5.4415 4.3085 4.8200
v 5.4415 4.0685 4.8700
v 5.4415 3.8585 4.9100
v 5.4415 3.6185 4.9200
v 5.4515 3.3685 4.9400
v 5.4515 3.1685 4.8100
v 5.4515 3.1385 3.9900
v 5.4515 3.1085 3.3300
v 5.4515 3.1385 2.2500
v 5.4515 3.0885 1.4900
v 5.4515 3.0085 0.9500
v 5.2215 6.5285 4.7600
v 5.2315 6.2685 4.7700
v 5.2315 6.0285 4.7500
v 5.2315 5.8085 4.7800
v 5.2315 5.5685 4.7700
v 5.2415 5.3385 4.7600
v 5.2415 5.1085 4.7700
v 5.2415 4.8685 4.8000
v 5.2415 4.6185 4.8100
v 5.2415 4.4185 4.8200
v 5.2515 4.1785 4.8100
v 5.2515 3.9285 4.8500
v 5.2515 3.6785 4.9500
v 5.2515 3.4685 4.9000
v 5.2515 3.3285 4.4200
v 5.2515 3.2285 3.8900
v 5.2515 3.2485 2.8700
v 5.2515 3.3185 1.7400
v 5.2615 3.2385 1.1100
v 5.2615 3.0685 0.8600
v 5.2915 -0.7715 -0.0500
v 5.0415 6.3685 4.7600
v 5.0415 6.1185 4.7700
v 5.0515 5.8985 4.7400
v 5.0515 5.6585 4.7800
v 5.0515 5.4485 4.7700
v 5.0515 5.1985 4.7900
v 5.0515 4.9485 4.7700
v 5.0615 4.7085 4.7900
v 5.0615 4.4885 4.8200
v 5.0615 4.2585 4.8200
v 5.0615 3.9885 4.8800
v 5.0615 3.7285 4.9600
v 5.0715 3.5385 4.8300
v 5.0715 3.5285 3.9700
v 5.0715 3.5285 3.0400
v 5.0715 3.4885 2.1800
v 5.0715 3.4685 1.3900
v 5.0715 3.3085 1.0300
v 5.1015 -0.4515 -0.0800
v 5.1115 -0.7115 -0.1000
v 5.1115 -0.8115 -0.6300
v 5.1115 -0.8115 -1.5700
v 4.8015 6.5485 4.7600
v 4.8015 6.2985 4.7600
v 4.8115 6.0785 4.7500
v 4.8115 5.8585 4.7500
v 4.8115 5.6085 4.7600
v 4.8115 5.3785 4.7600
v 4.8115 5.1185 4.8000
v 4.8215 4.8985 4.7800
v 4.8215 4.6885 4.8100
v 4.8215 4.4085 4.8400
v 4.8215 4.1185 4.9700
v 4.8215 3.9085 4.8700
v 4.8315 3.8285 4.2800
v 4.8315 3.7785 3.4800
v 4.8315 3.7685 2.5600
v 4.8315 3.8185 1.5200
v 4.8315 3.6885 1.0900
v 4.8215 4.3385 -1.4400
v 4.8315 3.5085 0.9300
v 4.8615 -0.1115 0.0000
v 4.8615 -0.3415 -0.0500
v 4.8715 -0.5715 -0.0800
v 4.8715 -0.8215 -0.1000
v 4.8715 -1.0015 -0.2800
v 4.8715 -0.9415 -1.4000
v 4.8715 -0.9615 -2.3100
v 4.5215 6.4785 4.7500
v 4.5315 6.2285 4.7400
v 4.5315 6.0085 4.7700
v 4.5315 5.7585 4.7600
v 4.5315 5.4785 4.7800
v 4.5415 5.2485 4.7700
v 4.5415 5.0185 4.7900
v 4.5415 4.7785 4.8200
v 4.5415 4.5085 4.9400
v 4.5415 4.2685 4.9600
v 4.5415 4.1785 4.3900
v 4.5515 4.0785 3.8200
v 4.5515 4.0685 2.8700
v 4.5515 4.0385 2.0700
v 4.5515 4.1085 0.9500
v 4.5415 4.4885 -0.5400
v 4.5515 3.8885 0.8700
v 4.5515 4.3785 -1.0200
v 4.5515 4.2985 -1.5500
v 4.5815 0.0385 -0.0800
v 4.5915 -0.2015 -0.0900
v 4.5915 -0.4515 -0.1100
v 4.5915 -0.6615 -0.1400
v 4.5915 -0.9115 -0.1000
v 4.5915 -1.1415 -0.1300
v 4.3215 6.5085 4.7400
v 4.3215 6.2885 4.7300
v 4.3215 6.0585 4.7400
v 4.3215 5.7985 4.7600
v 4.3315 5.5485 4.7800
v 4.3315 5.3185 4.7600
v 4.3315 5.0585 4.7900
v 4.3315 4.8085 4.9200
v 4.3415 4.5585 4.9200
v 4.3415 4.3485 4.8500
v 4.3415 4.3385 3.9900
v 4.3415 4.3585 2.9300
v 4.3415 4.3385 2.1800
v 4.3415 4.3285 1.2200
v 4.3415 4.1885 0.8100
v 4.3415 4.5985 -0.7900
v 4.3415 4.5385 -1.4300
v 4.3415 4.3785 -1.7900
v 4.3815 0.3285 -0.1000
v 4.3815 0.0785 -0.0900
v 4.3815 -0.1615 -0.1200
v 4.3815 -0.4015 -0.1600
v 4.3815 -0.6415 -0.2000
v 4.3915 -0.9015 -0.1600
v 4.3915 -1.1415 -0.1100
v 4.3915 -1.3515 -0.1400
v 4.1915 6.3985 4.7100
v 4.1915 6.1585 4.7400
v 4.1915 5.8985 4.7600
v 4.2015 5.6885 4.7700
v 4.2015 5.4585 4.7700
v 4.2015 5.2085 4.8100
v 4.2015 4.9285 4.9200
v 4.2115 4.6885 4.9600
v 4.2115 4.5185 4.6000
v 4.2115 4.5085 3.8000
v 4.2115 4.4785 2.8900
v 4.2115 4.4585 2.0400
v 4.2115 4.4985 0.9200
v 4.2115 4.8685 -0.5300
v 4.2115 4.3085 0.8100
v 4.2115 4.7285 -0.8500
v 4.2115 4.6685 -1.6000
v 4.2415 0.6485 0.0200
v 4.2515 0.4085 -0.1000
v 4.2515 0.1785 -0.1200
v 4.2515 -0.0615 -0.1400
v 4.2515 -0.2415 -0.1900
v 4.2615 -0.4815 -0.1900
v 4.2615 -0.7215 -0.1900
v 4.2615 -0.9815 -0.1700
v 4.2615 -1.2215 -0.1000
v 4.2615 -1.4415 -0.1100
v 4.0215 6.4985 4.7600
v 4.0215 6.2485 4.7500
v 4.0215 6.0185 4.7600
v 4.0215 5.7785 4.7600
v 4.0215 5.5185 4.7800
v 4.0315 5.2485 4.8300
v 4.0315 5.0185 4.9000
v 4.0315 4.7885 4.8900
v 4.0315 4.7785 4.0100
v 4.0315 4.6985 3.3300
v 4.0315 4.7085 2.4200
v 4.0415 4.6785 1.6100
v 4.0415 4.6385 0.7900
v 4.0315 5.0285 -0.7300
v 4.0315 4.8885 -1.1100
v 4.0415 4.7685 -1.6300
v 4.0715 0.7985 -0.1000
v 4.0715 0.5585 -0.1000
v 4.0715 0.3285 -0.1200
v 4.0815 0.1185 -0.1500
v 4.0815 -0.0915 -0.2000
v 4.0815 -0.3315 -0.2100
v 4.0815 -0.6015 -0.2100
v 4.0815 -0.8415 -0.2000
v 4.0915 -1.0515 -0.1800
v 4.0915 -1.3115 -0.1200
v 4.0915 -1.5615 -0.1200
v 3.7115 6.4785 4.7300
v 3.7215 6.2285 4.7200
v 3.7215 5.9985 4.7300
v 3.7215 5.7685 4.7900
v 3.7215 5.4985 4.9000
v 3.7215 5.2185 4.9300
v 3.7315 5.0785 4.6100
v 3.7315 5.0885 3.7100
v 3.7315 5.0585 2.9100
v 3.7315 4.9685 2.2100
v 3.7315 4.9685 1.2900
v 3.7315 5.4585 -0.6000
v 3.7315 4.8585 0.8000
v 3.7315 5.3085 -0.9200
v 3.7315 5.2385 -1.6300
v 3.7315 5.0185 -1.7900
v 3.7615 1.0485 -0.1200
v 3.7715 0.8385 -0.1100
v 3.7715 0.5885 -0.1400
v 3.7715 0.3685 -0.2000
v 3.7715 0.1385 -0.2300
v 3.7715 -0.0715 -0.2300
v 3.7815 -0.3415 -0.2300
v 3.7815 -0.5815 -0.2300
v 3.7815 -0.8115 -0.2200
v 3.7815 -1.0515 -0.2200
v 3.7815 -1.3015 -0.2000
v 3.7915 -1.5815 -0.1300
v 3.7915 -1.8215 -0.1300
v 3.3815 6.5785 4.7300
v 3.3815 6.3185 4.7300
v 3.3915 6.0585 4.8200
v 3.3915 5.7685 4.9800
v 3.3915 5.5485 4.9400
v 3.3915 5.4385 4.4300
v 3.3915 5.4585 3.4000
v 3.3915 5.3885 2.6900
v 3.3915 5.3485 1.8800
v 3.3915 5.3685 0.8500
v 3.3915 5.7585 -0.6300
v 3.4015 5.1685 0.6900
v 3.3915 5.6485 -1.1600
v 3.3915 5.5185 -1.6200
v 3.3915 5.3385 -1.7900
v 3.4315 1.6685 -0.2500
v 3.4315 1.3985 -0.1300
v 3.4315 1.1485 -0.1400
v 3.4315 0.9285 -0.1600
v 3.4315 0.7185 -0.2100
v 3.4415 0.4885 -0.2400
v 3.4415 0.2185 -0.2500
v 3.4415 -0.0315 -0.2600
v 3.4415 -0.2815 -0.2500
v 3.4515 -0.5015 -0.2300
v 3.4515 -0.7615 -0.2400
v 3.4515 -0.9915 -0.2300
v 3.4515 -1.2115 -0.2300
v 3.4515 -1.4515 -0.2300
v 3.4615 -1.7015 -0.1700
v 3.4615 -1.9715 -0.1000
v 3.4615 -2.1815 -0.2400
v 3.1215 6.5885 4.6900
v 3.1315 6.3185 4.8700
v 3.1315 6.0385 4.9500
v 3.1315 5.8185 4.8700
v 3.1315 5.7885 4.1000
v 3.1315 5.7785 3.3300
v 3.1315 5.7385 2.6500
v 3.1315 5.7285 1.7400
v 3.1315 5.6585 0.9800
v 3.1315 6.0785 -0.6300
v 3.1415 5.5085 0.7900
v 3.1315 5.9585 -0.9600
v 3.1315 5.8785 -1.5700
v 3.1715 1.9085 -0.1300
v 3.1715 1.6885 -0.1600
v 3.1715 1.4785 -0.1600
v 3.1715 1.2185 -0.1700
v 3.1715 0.9985 -0.2500
v 3.1815 0.7985 -0.2500
v 3.1815 0.5785 -0.2700
v 3.1815 0.3085 -0.2600
v 3.1815 0.0485 -0.2600
v 3.1915 -0.2015 -0.2800
v 3.1915 -0.4215 -0.2500
v 3.1915 -0.6515 -0.2700
v 3.1915 -0.9115 -0.2500
v 3.1915 -1.1315 -0.2400
v 3.2015 -1.3615 -0.2300
v 3.2015 -1.6115 -0.2300
v 3.2015 -1.8615 -0.2000
v 3.2015 -2.1315 -0.1300
v 3.2015 -2.3615 -0.1100
v 2.9115 6.4285 4.9500
v 2.9215 6.1685 4.9500
v 2.9215 6.0685 4.4700
v 2.9215 5.9785 3.9500
v 2.9215 5.9785 3.0400
v 2.9215 5.9585 2.2500
v 2.9215 6.0185 1.0700
v 2.9215 6.4585 -0.6400
v 2.9215 5.8285 0.8400
v 2.9215 6.2485 -0.7600
v 2.9215 6.2185 -1.5200
v 2.9615 2.0485 -0.1700
v 2.9615 1.7885 -0.1600
v 2.9615 1.5485 -0.1900
v 2.9615 1.3085 -0.2300
v 2.9615 1.0985 -0.2700
v 2.9715 0.8685 -0.2600
v 2.9715 0.6185 -0.2800
v 2.9715 0.3985 -0.2700
v 2.9715 0.1785 -0.2800
v 2.9715 -0.0815 -0.2700
v 2.9815 -0.3215 -0.2600
v 2.9815 -0.5715 -0.2600
v 2.9815 -0.8215 -0.2400
v 2.9815 -1.0515 -0.2300
v 2.9815 -1.2715 -0.2400
v 2.9915 -1.5515 -0.2200
v 2.9915 -1.8015 -0.2200
v 2.9915 -2.0415 -0.2000
v 2.9915 -2.2915 -0.1100
v 3.0015 -2.5615 -0.1600
v 2.6815 6.5585 4.9800
v 2.6815 6.3785 4.6500
v 2.6815 6.2285 4.3200
v 2.6815 6.2685 3.3300
v 2.6815 6.2285 2.6600
v 2.6815 6.2185 1.6700
v 2.6815 6.1485 1.0100
v 2.6815 6.5685 -0.6000
v 2.6815 5.9685 0.8300
v 2.6815 6.4385 -1.0200
v 2.6815 6.4585 -1.8900
v 2.7215 2.3885 -0.1700
v 2.7215 2.1485 -0.1700
v 2.7215 1.9185 -0.1800
v 2.7215 1.6985 -0.2000
v 2.7215 1.4585 -0.2700
v 2.7315 1.2385 -0.3100
v 2.7315 0.9885 -0.2900
v 2.7315 0.7185 -0.2900
v 2.7315 0.5085 -0.2900
v 2.7315 0.2585 -0.3000
v 2.7415 0.0085 -0.2700
v 2.7415 -0.2315 -0.2700
v 2.7415 -0.4815 -0.2800
v 2.7415 -0.7215 -0.2700
v 2.7515 -0.9415 -0.2600
v 2.7515 -1.2015 -0.2600
v 2.7515 -1.4415 -0.2500
v 2.7515 -1.6715 -0.2300
v 2.7515 -1.9215 -0.2200
v 2.7615 -2.1515 -0.2100
v 2.7615 -2.4315 -0.1400
v 2.7615 -2.6615 -0.1000
v 2.4415 6.5585 4.2700
v 2.4515 6.4185 3.9200
v 2.4515 6.4385 2.8700
v 2.4515 6.4685 1.7900
v 2.4515 6.4685 0.8800
v 2.4515 6.2385 0.7900
v 2.4815 2.6785 -0.1400
v 2.4815 2.4285 -0.1600
v 2.4815 2.2185 -0.1800
v 2.4915 1.9685 -0.2100
v 2.4915 1.7385 -0.3000
v 2.4915 1.4985 -0.3200
v 2.4915 1.2685 -0.3000
v 2.5015 1.0185 -0.2900
v 2.5015 0.7685 -0.2900
v 2.5015 0.5385 -0.3000
v 2.5015 0.3085 -0.3000
v 2.5015 0.0685 -0.3100
v 2.5115 -0.1915 -0.2900
v 2.5115 -0.4115 -0.2800
v 2.5115 -0.6815 -0.2800
v 2.5115 -0.9115 -0.2600
v 2.5115 -1.1615 -0.2600
v 2.5215 -1.3715 -0.2400
v 2.5215 -1.6315 -0.2400
v 2.5215 -1.8915 -0.2300
v 2.5215 -2.1115 -0.2300
v 2.5315 -2.3915 -0.2000
v 2.5315 -2.6615 -0.1400
v 2.5315 -2.9015 -0.1400
v 2.2215 6.5485 0.7200
v 2.2515 2.9485 -0.1700
v 2.2515 2.7085 -0.1700
v 2.2615 2.4585 -0.2000
v 2.2615 2.2285 -0.2300
v 2.2615 2.0085 -0.2900
v 2.2615 1.7985 -0.3200
v 2.2615 1.5385 -0.3200
v 2.2715 1.2985 -0.3300
v 2.2715 1.0385 -0.3000
v 2.2715 0.8185 -0.3200
v 2.2715 0.5785 -0.3300
v 2.2815 0.3385 -0.3000
v 2.2815 0.0785 -0.3000
v 2.2815 -0.1615 -0.2900
v 2.2815 -0.4115 -0.2800
v 2.2815 -0.6515 -0.3000
v 2.2915 -0.9115 -0.2700
v 2.2915 -1.1715 -0.2700
v 2.2915 -1.3915 -0.2600
v 2.2915 -1.6315 -0.2400
v 2.3015 -1.8615 -0.2600
v 2.3015 -2.0915 -0.2300
v 2.3015 -2.3315 -0.2100
v 2.3015 -2.5715 -0.2000
v 2.3015 -2.8215 -0.1400
v 2.3115 -3.0715 -0.1100
v 1.9915 3.1585 -0.1800
v 2.0015 2.9485 -0.1900
v 2.0015 2.6785 -0.2000
v 2.0015 2.4685 -0.2700
v 2.0015 2.2485 -0.3500
v 2.0015 2.0185 -0.3400
v 2.0115 1.7785 -0.3400
v 2.0115 1.5085 -0.3500
v 2.0115 1.2685 -0.3300
v 2.0115 1.0285 -0.3400
v 2.0115 0.7585 -0.3300
v 2.0215 0.5085 -0.3300
v 2.0215 0.2885 -0.3300
v 2.0215 0.0585 -0.3300
v 2.0215 -0.1815 -0.3100
v 2.0315 -0.4015 -0.3100
v 2.0315 -0.6415 -0.3000
v 2.0315 -0.8915 -0.2800
v 2.0315 -1.1115 -0.2600
v 2.0315 -1.3515 -0.2600
v 2.0315 -1.5715 -0.2700
v 2.0415 -1.8015 -0.2600
v 2.0415 -2.0515 -0.2300
v 2.0415 -2.3115 -0.2300
v 2.0415 -2.5315 -0.2400
v 2.0515 -2.7715 -0.2100
v 2.0515 -3.0115 -0.1400
v 2.0515 -3.2715 -0.1100
v 1.7215 3.5085 -0.1800
v 1.7215 3.2585 -0.1800
v 1.7215 3.0285 -0.2000
v 1.7315 2.7985 -0.3000
v 1.7315 2.5485 -0.3500
v 1.7315 2.3085 -0.3400
v 1.7315 2.0785 -0.3500
v 1.7415 1.8585 -0.3500
v 1.7415 1.6085 -0.3500
v 1.7415 1.3785 -0.3500
v 1.7415 1.1585 -0.3400
v 1.7415 0.9385 -0.3200
v 1.7515 0.6685 -0.3200
v 1.7515 0.4485 -0.3400
v 1.7515 0.2285 -0.3400
v 1.7515 -0.0015 -0.3100
v 1.7515 -0.2615 -0.3100
v 1.7615 -0.5215 -0.3100
v 1.7615 -0.7315 -0.3000
v 1.7615 -0.9515 -0.2900
v 1.7615 -1.2015 -0.2900
v 1.7615 -1.4615 -0.2800
v 1.7715 -1.6815 -0.2700
v 1.7715 -1.9215 -0.2500
v 1.7715 -2.1615 -0.2500
v 1.7715 -2.3915 -0.2300
v 1.7815 -2.6615 -0.2300
v 1.7815 -2.8915 -0.2100
v 1.7815 -3.1415 -0.1800
v 1.7815 -3.4215 -0.0900
v 1.7815 -3.6415 -0.1800
v 1.5215 3.7785 -0.1800
v 1.5315 3.5685 -0.2100
v 1.5315 3.3385 -0.2200
v 1.5315 3.1185 -0.2600
v 1.5315 2.9085 -0.3500
v 1.5315 2.6985 -0.3400
v 1.5415 2.4385 -0.3700
v 1.5415 2.2085 -0.3700
v 1.5415 1.9785 -0.3600
v 1.5415 1.7485 -0.3500
v 1.5415 1.5285 -0.3600
v 1.5515 1.2685 -0.3600
v 1.5515 1.0285 -0.3400
v 1.5515 0.7885 -0.3500
v 1.5515 0.5585 -0.3300
v 1.5515 0.3285 -0.3200
v 1.5615 0.0785 -0.3200
v 1.5615 -0.1415 -0.3200
v 1.5615 -0.4015 -0.3200
v 1.5615 -0.6315 -0.3100
v 1.5715 -0.8615 -0.3000
v 1.5715 -1.1215 -0.2900
v 1.5715 -1.3715 -0.2900
v 1.5715 -1.6115 -0.2800
v 1.5715 -1.8715 -0.2600
v 1.5815 -2.1015 -0.2500
v 1.5815 -2.3515 -0.2400
v 1.5815 -2.5815 -0.2300
v 1.5815 -2.8115 -0.2400
v 1.5915 -3.0315 -0.2100
v 1.5915 -3.2915 -0.2000
v 1.5915 -3.5615 -0.0900
v 1.5915 -3.8015 -0.1400
v 1.3915 3.7885 -0.1900
v 1.3915 3.5685 -0.2200
v 1.4015 3.3585 -0.2400
v 1.4015 3.1285 -0.3200
v 1.4015 2.8985 -0.3800
v 1.4015 2.6485 -0.3800
v 1.4015 2.4385 -0.3900
v 1.4115 2.1885 -0.3700
v 1.4115 1.9585 -0.3600
v 1.4115 1.7385 -0.3800
v 1.4115 1.4885 -0.3700
v 1.4115 1.2385 -0.3700
v 1.4215 0.9885 -0.3300
v 1.4215 0.7785 -0.3500
v 1.4215 0.5485 -0.3600
v 1.4215 0.2785 -0.3400
v 1.4315 0.0185 -0.3300
v 1.4315 -0.2315 -0.3300
v 1.4315 -0.4515 -0.3300
v 1.4315 -0.7115 -0.3100
v 1.4315 -0.9415 -0.3000
v 1.4315 -1.1615 -0.2900
v 1.4415 -1.4015 -0.2800
v 1.4415 -1.6515 -0.2700
v 1.4415 -1.9115 -0.2700
v 1.4415 -2.1615 -0.2500
v 1.4515 -2.3915 -0.2500
v 1.4515 -2.6115 -0.2300
v 1.4515 -2.8715 -0.2200
v 1.4515 -3.1115 -0.2100
v 1.4515 -3.3415 -0.1900
v 1.4615 -3.5915 -0.1200
v 1.4615 -3.8215 -0.1200
v 1.1915 4.0585 -0.2200
v 1.1915 3.8285 -0.2300
v 1.2015 3.5785 -0.2500
v 1.2015 3.3685 -0.3200
v 1.2015 3.1385 -0.3700
v 1.2015 2.9085 -0.3700
v 1.2115 2.6785 -0.3800
v 1.2115 2.4285 -0.3900
v 1.2115 2.1785 -0.3800
v 1.2115 1.9285 -0.3800
v 1.2115 1.6785 -0.3800
v 1.2215 1.4485 -0.3900
v 1.2215 1.2085 -0.3900
v 1.2215 0.9785 -0.3600
v 1.2215 0.7585 -0.3500
v 1.2215 0.4985 -0.3500
v 1.2315 0.2485 -0.3500
v 1.2315 0.0085 -0.3500
v 1.2315 -0.2215 -0.3200
v 1.2315 -0.4815 -0.3200
v 1.2415 -0.7115 -0.3100
v 1.2415 -0.9415 -0.3100
v 1.2415 -1.1915 -0.3000
v 1.2415 -1.4215 -0.2900
v 1.2415 -1.6715 -0.2700
v 1.2415 -1.8915 -0.2600
v 1.2515 -2.1515 -0.2600
v 1.2515 -2.4015 -0.2600
v 1.2515 -2.6415 -0.2400
v 1.2515 -2.8915 -0.2300
v 1.2615 -3.1315 -0.2100
v 1.2615 -3.3915 -0.2100
v 1.2615 -3.6315 -0.1700
v 1.2615 -3.8915 -0.1000
v 1.2615 -4.1215 -0.1800
v 0.8715 4.3985 -0.2100
v 0.8715 4.1985 -0.2400
v 0.8815 3.9485 -0.2700
v 0.8815 3.7185 -0.3600
v 0.8815 3.4785 -0.4000
v 0.8815 3.2385 -0.4100
v 0.8815 3.0085 -0.4100
v 0.8915 2.7485 -0.4100
v 0.8915 2.5185 -0.4100
v 0.8915 2.3085 -0.4200
v 0.8915 2.0885 -0.4000
v 0.8915 1.8185 -0.3900
v 0.9015 1.5585 -0.4000
v 0.9015 1.3185 -0.3800
v 0.9015 1.1085 -0.3800
v 0.9015 0.8585 -0.3900
v 0.9115 0.5985 -0.3700
v 0.9115 0.3685 -0.3600
v 0.9115 0.1585 -0.3400
v 0.9115 -0.0715 -0.3400
v 0.9115 -0.3515 -0.3400
v 0.9215 -0.5915 -0.3600
v 0.9215 -0.8215 -0.3300
v 0.9215 -1.0615 -0.3100
v 0.9215 -1.3215 -0.3100
v 0.9215 -1.5715 -0.3000
v 0.9315 -1.8215 -0.2900
v 0.9315 -2.0515 -0.2600
v 0.9315 -2.3215 -0.2600
v 0.9315 -2.5715 -0.2600
v 0.9415 -2.7915 -0.2200
v 0.9415 -3.0115 -0.2400
v 0.9415 -3.2715 -0.2300
v 0.9415 -3.5315 -0.2200
v 0.9415 -3.7515 -0.1900
v 0.9515 -4.0115 -0.1300
v 0.9515 -4.2415 -0.1100
v 0.5515 4.7685 -0.3200
v 0.5515 4.4985 -0.2500
v 0.5515 4.2785 -0.2900
v 0.5515 4.0685 -0.3800
v 0.5515 3.8485 -0.4100
v 0.5615 3.6085 -0.4200
v 0.5615 3.3485 -0.4100
v 0.5615 3.0985 -0.4200
v 0.5615 2.8685 -0.4100
v 0.5615 2.6585 -0.4200
v 0.5715 2.4085 -0.4200
v 0.5715 2.1685 -0.4200
v 0.5715 1.9385 -0.4200
v 0.5715 1.6785 -0.3900
v 0.5815 1.4485 -0.4200
v 0.5815 1.2085 -0.4100
v 0.5815 0.9485 -0.4000
v 0.5815 0.7185 -0.3900
v 0.5815 0.4685 -0.3800
v 0.5915 0.2185 -0.3600
v 0.5915 -0.0315 -0.3400
v 0.5915 -0.2615 -0.3400
v 0.5915 -0.5015 -0.3500
v 0.6015 -0.7615 -0.3400
v 0.6015 -0.9915 -0.3300
v 0.6015 -1.2015 -0.3300
v 0.6015 -1.4715 -0.3200
v 0.6015 -1.7315 -0.3000
v 0.6115 -1.9615 -0.2800
v 0.6115 -2.1915 -0.2700
v 0.6115 -2.4215 -0.2800
v 0.6115 -2.6915 -0.2700
v 0.6115 -2.9215 -0.2600
v 0.6215 -3.1615 -0.2500
v 0.6215 -3.4215 -0.2200
v 0.6215 -3.6815 -0.2300
v 0.6215 -3.9315 -0.2100
v 0.6315 -4.1715 -0.1500
v 0.6315 -4.4415 -0.1300
v 0.2915 5.0785 -0.6200
v 0.3015 4.7985 -0.4300
v 0.3015 4.5485 -0.3600
v 0.3015 4.3185 -0.3900
v 0.3015 4.0785 -0.4300
v 0.3115 3.8685 -0.4400
v 0.3115 3.6285 -0.4200
v 0.3115 3.3785 -0.4200
v 0.3115 3.1485 -0.4400
v 0.3115 2.8985 -0.4200
v 0.3215 2.6485 -0.4200
v 0.3215 2.4185 -0.4400
v 0.3215 2.1685 -0.4300
v 0.3215 1.9185 -0.4200
v 0.3215 1.6785 -0.4100
v 0.3315 1.4385 -0.3900
v 0.3315 1.1785 -0.4000
v 0.3315 0.9285 -0.3800
v 0.3315 0.7185 -0.4000
v 0.3415 0.4785 -0.3800
v 0.3415 0.2185 -0.3700
v 0.3415 -0.0315 -0.3700
v 0.3415 -0.2415 -0.3600
v 0.3415 -0.5015 -0.3500
v 0.3515 -0.7415 -0.3500
v 0.3515 -0.9815 -0.3500
v 0.3515 -1.1915 -0.3200
v 0.3515 -1.4615 -0.3200
v 0.3515 -1.7215 -0.3100
v 0.3615 -1.9615 -0.3000
v 0.3615 -2.1915 -0.2900
v 0.3615 -2.4615 -0.2700
v 0.3615 -2.7315 -0.2800
v 0.3715 -2.9515 -0.2500
v 0.3715 -3.1815 -0.2500
v 0.3715 -3.4015 -0.2400
v 0.3715 -3.6415 -0.2300
v 0.3715 -3.8815 -0.2200
v 0.3815 -4.1315 -0.2300
v 0.3815 -4.3515 -0.1800
v 0.3815 -4.6015 -0.1100
v 0.3815 -4.8415 -0.1000
v 0.0715 5.0585 -0.4800
v 0.0715 4.7685 -0.4600
v 0.0815 4.5185 -0.4300
v 0.0815 4.2985 -0.4400
v 0.0815 4.0585 -0.4200
v 0.0815 3.7885 -0.4300
v 0.0815 3.5385 -0.4400
v 0.0915 3.3085 -0.4500
v 0.0915 3.0785 -0.4300
v 0.0915 2.8085 -0.4500
v 0.0915 2.5785 -0.4300
v 0.1015 2.3485 -0.4200
v 0.1015 2.1085 -0.4300
v 0.1015 1.8485 -0.4400
v 0.1015 1.6185 -0.4200
v 0.1015 1.3685 -0.4200
v 0.1115 1.1385 -0.4000
v 0.1115 0.9085 -0.3900
v 0.1115 0.6585 -0.4000
v 0.1115 0.4085 -0.3900
v 0.1115 0.1585 -0.3700
v 0.1215 -0.1015 -0.3800
v 0.1215 -0.3515 -0.3600
v 0.1215 -0.5915 -0.3700
v 0.1215 -0.8315 -0.3400
v 0.1215 -1.0815 -0.3300
v 0.1315 -1.3015 -0.3400
v 0.1315 -1.5515 -0.3200
v 0.1315 -1.7715 -0.3100
v 0.1315 -1.9915 -0.3100
v 0.1415 -2.2615 -0.2800
v 0.1415 -2.4915 -0.2900
v 0.1415 -2.7115 -0.2600
v 0.1415 -2.9315 -0.2500
v 0.1415 -3.1715 -0.2600
v 0.1515 -3.4315 -0.2500
v 0.1515 -3.6715 -0.2400
v 0.1515 -3.9115 -0.2400
v 0.1515 -4.1415 -0.2300
v 0.1515 -4.3915 -0.2100
v 0.1615 -4.6315 -0.1700
v 0.1615 -4.8715 -0.1000
v 0.1615 -5.1115 -0.1500
v -0.1885 5.0385 -0.4500
v -0.1885 4.8085 -0.5000
v -0.1885 4.5485 -0.4500
v -0.1785 4.3085 -0.4500
v -0.1785 4.0785 -0.4500
v -0.1785 3.8485 -0.4500
v -0.1785 3.5885 -0.4400
v -0.1785 3.3485 -0.4400
v -0.1685 3.1385 -0.4300
v -0.1685 2.8685 -0.4500
v -0.1685 2.6385 -0.4500
v -0.1685 2.3885 -0.4400
v -0.1685 2.1885 -0.4400
v -0.1585 1.9185 -0.4400
v -0.1585 1.6485 -0.4300
v -0.1585 1.4085 -0.4100
v -0.1585 1.1885 -0.4200
v -0.1485 0.9085 -0.4000
v -0.1485 0.6485 -0.4100
v -0.1485 0.4385 -0.4000
v -0.1485 0.2085 -0.3800
v -0.1485 -0.0315 -0.3700
v -0.1385 -0.2715 -0.3800
v -0.1385 -0.4915 -0.3800
v -0.1385 -0.7315 -0.3400
v -0.1385 -0.9615 -0.3600
v -0.1285 -1.2115 -0.3500
v -0.1285 -1.4415 -0.3100
v -0.1285 -1.6615 -0.3200
v -0.1285 -1.9115 -0.3100
v -0.1285 -2.1715 -0.3100
v -0.1185 -2.4015 -0.3000
v -0.1185 -2.6415 -0.2800
v -0.1185 -2.8515 -0.2900
v -0.1185 -3.1115 -0.2600
v -0.1185 -3.3515 -0.2600
v -0.1085 -3.6015 -0.2600
v -0.1085 -3.8115 -0.2400
v -0.1085 -4.0415 -0.2300
v -0.1085 -4.3115 -0.2300
v -0.1085 -4.5615 -0.2100
v -0.0985 -4.8115 -0.1400
v -0.0985 -5.0815 -0.1000
v -0.0985 -5.3115 -0.1400
v -0.4385 4.8885 -0.5300
v -0.4385 4.6185 -0.4600
v -0.4385 4.3885 -0.4700
v -0.4385 4.1385 -0.4500
v -0.4285 3.9085 -0.4400
v -0.4285 3.6585 -0.4400
v -0.4285 3.3985 -0.4500
v -0.4285 3.1485 -0.4400
v -0.4285 2.9085 -0.4500
v -0.4185 2.6485 -0.4400
v -0.4185 2.4085 -0.4500
v -0.4185 2.1685 -0.4500
v -0.4185 1.9485 -0.4500
v -0.4085 1.7285 -0.4300
v -0.4085 1.4785 -0.4200
v -0.4085 1.2485 -0.4200
v -0.4085 1.0085 -0.4400
v -0.4085 0.7885 -0.4100
v -0.3985 0.5485 -0.4000
v -0.3985 0.3185 -0.4100
v -0.3985 0.0785 -0.3900
v -0.3985 -0.1615 -0.3900
v -0.3985 -0.4115 -0.3800
v -0.3885 -0.6415 -0.3700
v -0.3885 -0.8815 -0.3600
v -0.3885 -1.0815 -0.3600
v -0.3885 -1.3515 -0.3600
v -0.3785 -1.5815 -0.3400
v -0.3785 -1.8415 -0.3300
v -0.3785 -2.0715 -0.3200
v -0.3785 -2.3015 -0.2900
v -0.3785 -2.5515 -0.2900
v -0.3685 -2.8015 -0.2900
v -0.3685 -3.0515 -0.2900
v -0.3685 -3.3015 -0.2600
v -0.3685 -3.5315 -0.2500
v -0.3685 -3.7815 -0.2500
v -0.3585 -4.0115 -0.2300
v -0.3585 -4.2515 -0.2300
v -0.3585 -4.4715 -0.2200
v -0.3585 -4.7215 -0.2100
v -0.3585 -4.9915 -0.1600
v -0.3485 -5.2515 -0.1000
v -0.3485 -5.4715 -0.1100
v -0.6785 4.5985 -0.4800
v -0.6785 4.3485 -0.5100
v -0.6785 4.0885 -0.4700
v -0.6685 3.8685 -0.4600
v -0.6685 3.6485 -0.4500
v -0.6685 3.4085 -0.4600
v -0.6685 3.1785 -0.4500
v -0.6685 2.9485 -0.4500
v -0.6585 2.7185 -0.4500
v -0.6585 2.4885 -0.4600
v -0.6585 2.2385 -0.4600
v -0.6585 2.0185 -0.4600
v -0.6585 1.7985 -0.4500
v -0.6485 1.5485 -0.4500
v -0.6485 1.2885 -0.4300
v -0.6485 1.0485 -0.4300
v -0.6485 0.8485 -0.4300
v -0.6385 0.5985 -0.4000
v -0.6385 0.3385 -0.4200
v -0.6385 0.1285 -0.4000
v -0.6385 -0.1415 -0.3900
v -0.6385 -0.3615 -0.3900
v -0.6285 -0.5915 -0.3800
v -0.6285 -0.8515 -0.3700
v -0.6285 -1.0915 -0.3600
v -0.6285 -1.3515 -0.3500
v -0.6285 -1.6015 -0.3500
v -0.6185 -1.8415 -0.3500
v -0.6185 -2.0815 -0.3300
v -0.6185 -2.3115 -0.3100
v -0.6185 -2.5415 -0.3200
v -0.6085 -2.7815 -0.3100
v -0.6085 -3.0415 -0.2900
v -0.6085 -3.2715 -0.2900
v -0.6085 -3.5315 -0.2600
v -0.6085 -3.7715 -0.2600
v -0.5985 -4.0015 -0.2500
v -0.5985 -4.2315 -0.2300
v -0.5985 -4.4715 -0.2300
v -0.5985 -4.7115 -0.2100
v -0.5985 -4.9815 -0.1300
v -0.5885 -5.2015 -0.1200
v -0.9285 4.2285 -0.5000
v -0.9285 3.9885 -0.4800
v -0.9285 3.7485 -0.4500
v -0.9285 3.5185 -0.4500
v -0.9185 3.2985 -0.4500
v -0.9185 3.0385 -0.4300
v -0.9185 2.7885 -0.4500
v -0.9185 2.5585 -0.4500
v -0.9085 2.3385 -0.4400
v -0.9085 2.1085 -0.4700
v -0.9085 1.8585 -0.4400
v -0.9085 1.6185 -0.4600
v -0.9085 1.3685 -0.4400
v -0.8985 1.1585 -0.4300
v -0.8985 0.9385 -0.4300
v -0.8985 0.6585 -0.4200
v -0.8985 0.3985 -0.4100
v -0.8985 0.1785 -0.4000
v -0.8885 -0.0715 -0.4000
v -0.8885 -0.3315 -0.3900
v -0.8885 -0.5715 -0.3900
v -0.8885 -0.7915 -0.3800
v -0.8785 -1.0215 -0.3600
v -0.8785 -1.2615 -0.3800
v -0.8785 -1.5215 -0.3500
v -0.8785 -1.7715 -0.3300
v -0.8785 -2.0215 -0.3200
v -0.8685 -2.2615 -0.3300
v -0.8685 -2.4815 -0.3200
v -0.8685 -2.7315 -0.3000
v -0.8685 -2.9615 -0.3000
v -0.8685 -3.1915 -0.2900
v -0.8585 -3.4515 -0.2700
v -0.8585 -3.6815 -0.2600
v -0.8585 -3.9215 -0.2400
v -0.8585 -4.1815 -0.2400
v -0.8585 -4.4215 -0.2200
v -0.8485 -4.6815 -0.1400
v -0.8485 -4.9315 -0.1200
v -0.8485 -5.1415 -0.2600
v -1.1785 4.1085 -0.4900
v -1.1785 3.8685 -0.5000
v -1.1785 3.5985 -0.4700
v -1.1785 3.3785 -0.4500
v -1.1785 3.1385 -0.4700
v -1.1685 2.8985 -0.4500
v -1.1685 2.6585 -0.4700
v -1.1685 2.4285 -0.4600
v -1.1685 2.1785 -0.4600
v -1.1685 1.9485 -0.4700
v -1.1585 1.6685 -0.4500
v -1.1585 1.4385 -0.4600
v -1.1585 1.1985 -0.4400
v -1.1585 0.9785 -0.4300
v -1.1485 0.7385 -0.4500
v -1.1485 0.4985 -0.4400
v -1.1485 0.2685 -0.4300
v -1.1485 0.0085 -0.4000
v -1.1485 -0.2515 -0.4200
v -1.1385 -0.4815 -0.4100
v -1.1385 -0.7015 -0.4000
v -1.1385 -0.9615 -0.3800
v -1.1385 -1.2015 -0.3800
v -1.1285 -1.4315 -0.3700
v -1.1285 -1.6715 -0.3700
v -1.1285 -1.9015 -0.3300
v -1.1285 -2.1615 -0.3600
v -1.1285 -2.4215 -0.3300
v -1.1185 -2.6515 -0.3100
v -1.1185 -2.8915 -0.3100
v -1.1185 -3.1415 -0.3000
v -1.1185 -3.4015 -0.2900
v -1.1185 -3.6315 -0.2700
v -1.1085 -3.8815 -0.2600
v -1.1085 -4.1215 -0.2400
v -1.1085 -4.3915 -0.1600
v -1.1085 -4.6215 -0.1500
v -1.3685 4.0485 -0.5100
v -1.3685 3.8185 -0.5300
v -1.3685 3.5485 -0.4700
v -1.3585 3.2885 -0.4600
v -1.3585 3.0585 -0.4600
v -1.3585 2.8185 -0.4600
v -1.3585 2.5885 -0.4500
v -1.3585 2.3485 -0.4500
v -1.3485 2.1385 -0.4700
v -1.3485 1.8785 -0.4500
v -1.3485 1.6385 -0.4500
v -1.3485 1.3785 -0.4500
v -1.3385 1.1485 -0.4300
v -1.3385 0.9185 -0.4400
v -1.3385 0.6685 -0.4300
v -1.3385 0.4385 -0.4300
v -1.3385 0.2085 -0.4300
v -1.3285 -0.0415 -0.4100
v -1.3285 -0.2615 -0.4100
v -1.3285 -0.5215 -0.4000
v -1.3285 -0.7715 -0.3900
v -1.3285 -1.0015 -0.3900
v -1.3185 -1.2515 -0.3900
v -1.3185 -1.5015 -0.3500
v -1.3185 -1.7615 -0.3500
v -1.3185 -1.9915 -0.3600
v -1.3085 -2.2215 -0.3400
v -1.3085 -2.4915 -0.3300
v -1.3085 -2.7315 -0.3100
v -1.3085 -2.9515 -0.3100
v -1.3085 -3.2115 -0.3000
v -1.2985 -3.4515 -0.2900
v -1.2985 -3.7015 -0.2600
v -1.2985 -3.9515 -0.2400
v -1.2985 -4.1915 -0.1500
v -1.2985 -4.4415 -0.1400
v -1.5085 3.6985 -0.5000
v -1.5085 3.4385 -0.4600
v -1.4985 3.1785 -0.4700
v -1.4985 2.9585 -0.4800
v -1.4985 2.7385 -0.4600
v -1.4985 2.4885 -0.4500
v -1.4985 2.2485 -0.4700
v -1.4885 2.0285 -0.4700
v -1.4885 1.7785 -0.4600
v -1.4885 1.5585 -0.4500
v -1.4885 1.2885 -0.4400
v -1.4885 1.0385 -0.4400
v -1.4785 0.8185 -0.4300
v -1.4785 0.5685 -0.4400
v -1.4785 0.2985 -0.4200
v -1.4785 0.0585 -0.4300
v -1.4785 -0.1815 -0.4100
v -1.4685 -0.4215 -0.3900
v -1.4685 -0.6815 -0.3900
v -1.4685 -0.9115 -0.3800
v -1.4685 -1.1415 -0.3800
v -1.4585 -1.3915 -0.3800
v -1.4585 -1.6315 -0.3700
v -1.4585 -1.8715 -0.3700
v -1.4585 -2.1115 -0.3400
v -1.4585 -2.3415 -0.3500
v -1.4485 -2.6015 -0.3300
v -1.4485 -2.8415 -0.3000
v -1.4485 -3.0915 -0.2900
v -1.4485 -3.3115 -0.2800
v -1.4485 -3.5815 -0.2700
v -1.4385 -3.8515 -0.2200
v -1.4385 -4.1015 -0.1600
v -1.4385 -4.3515 -0.2000
v -1.7185 3.7385 -0.5300
v -1.7185 3.5185 -0.5000
v -1.7085 3.2785 -0.4900
v -1.7085 3.0385 -0.4700
v -1.7085 2.7685 -0.4600
v -1.7085 2.5285 -0.4700
v -1.6985 2.3085 -0.4500
v -1.6985 2.0585 -0.4700
v -1.6985 1.7985 -0.4700
v -1.6985 1.5485 -0.4600
v -1.6985 1.3185 -0.4600
v -1.6885 1.0785 -0.4500
v -1.6885 0.8385 -0.4300
v -1.6885 0.5885 -0.4500
v -1.6885 0.3685 -0.4400
v -1.6885 0.1085 -0.4100
v -1.6785 -0.1315 -0.4200
v -1.6785 -0.3715 -0.4100
v -1.6785 -0.6215 -0.4100
v -1.6785 -0.8415 -0.4000
v -1.6785 -1.0715 -0.3900
v -1.6685 -1.3115 -0.3900
v -1.6685 -1.5915 -0.3700
v -1.6685 -1.8315 -0.3600
v -1.6685 -2.0815 -0.3600
v -1.6585 -2.3315 -0.3500
v -1.6585 -2.5915 -0.3400
v -1.6585 -2.8315 -0.3200
v -1.6585 -3.0715 -0.3100
v -1.6585 -3.2915 -0.2900
v -1.6485 -3.5515 -0.2500
v -1.6485 -3.7815 -0.1900
v -1.6485 -4.0115 -0.2000
v -2.0385 3.2785 -0.5000
v -2.0285 3.0485 -0.4900
v -2.0285 2.7885 -0.4800
v -2.0285 2.5185 -0.4500
v -2.0285 2.2985 -0.4600
v -2.0185 2.0885 -0.4600
v -2.0185 1.8385 -0.4600
v -2.0185 1.5585 -0.4500
v -2.0185 1.3485 -0.4800
v -2.0185 1.1285 -0.4600
v -2.0085 0.8885 -0.4300
v -2.0085 0.5985 -0.4400
v -2.0085 0.3885 -0.4500
v -2.0085 0.1585 -0.4300
v -2.0085 -0.1115 -0.4200
v -1.9985 -0.3715 -0.4300
v -1.9985 -0.6215 -0.4200
v -1.9985 -0.8515 -0.4100
v -1.9985 -1.1115 -0.4200
v -1.9885 -1.3615 -0.3900
v -1.9885 -1.5915 -0.3900
v -1.9885 -1.8015 -0.3700
v -1.9885 -2.0415 -0.3400
v -1.9885 -2.2715 -0.3600
v -1.9785 -2.5415 -0.3300
v -1.9785 -2.7615 -0.3200
v -1.9785 -2.9715 -0.3000
v -1.9785 -3.2315 -0.2600
v -1.9785 -3.4815 -0.1800
v -1.9685 -3.7215 -0.2000
v -2.3385 3.2085 -0.5300
v -2.3385 2.9685 -0.5000
v -2.3385 2.7085 -0.4800
v -2.3385 2.4885 -0.4600
v -2.3385 2.2385 -0.4600
v -2.3285 1.9985 -0.4800
v -2.3285 1.7485 -0.4700
v -2.3285 1.4985 -0.4800
v -2.3285 1.2385 -0.4800
v -2.3185 0.9985 -0.4600
v -2.3185 0.7485 -0.4600
v -2.3185 0.5085 -0.4600
v -2.3185 0.2685 -0.4400
v -2.3185 0.0385 -0.4300
v -2.3085 -0.1615 -0.4400
v -2.3085 -0.4215 -0.4200
v -2.3085 -0.6515 -0.4200
v -2.3085 -0.9015 -0.4100
v -2.3085 -1.1015 -0.4100
v -2.2985 -1.3615 -0.4000
v -2.2985 -1.5915 -0.3900
v -2.2985 -1.8115 -0.3900
v -2.2985 -2.0715 -0.3700
v -2.2985 -2.3315 -0.3400
v -2.2885 -2.5515 -0.3400
v -2.2885 -2.8015 -0.3000
v -2.2885 -3.0315 -0.2100
v -2.2885 -3.2915 -0.2000
v -2.5585 2.7685 -0.5200
v -2.5585 2.5085 -0.4800
v -2.5585 2.2785 -0.4700
v -2.5585 2.0485 -0.4700
v -2.5485 1.8285 -0.4800
v -2.5485 1.5885 -0.4700
v -2.5485 1.3585 -0.4600
v -2.5485 1.1085 -0.4700
v -2.5485 0.8985 -0.4600
v -2.5385 0.6685 -0.4500
v -2.5385 0.4385 -0.4600
v -2.5385 0.1885 -0.4600
v -2.5385 -0.0515 -0.4400
v -2.5385 -0.3015 -0.4300
v -2.5285 -0.5315 -0.4400
v -2.5285 -0.7715 -0.4300
v -2.5285 -1.0015 -0.4100
v -2.5285 -1.2615 -0.4100
v -2.5285 -1.4715 -0.4000
v -2.5185 -1.7315 -0.3800
v -2.5185 -1.9715 -0.3700
v -2.5185 -2.2115 -0.3600
v -2.5185 -2.4515 -0.3300
v -2.5085 -2.7415 -0.2200
v -2.5085 -3.0015 -0.1800
v -2.7585 2.5985 -0.5100
v -2.7585 2.3585 -0.4900
v -2.7585 2.1285 -0.4800
v -2.7585 1.9085 -0.4800
v -2.7585 1.6685 -0.4600
v -2.7485 1.4185 -0.4600
v -2.7485 1.1785 -0.4800
v -2.7485 0.9585 -0.4800
v -2.7485 0.7085 -0.4500
v -2.7485 0.4785 -0.4700
v -2.7385 0.2385 -0.4500
v -2.7385 -0.0015 -0.4600
v -2.7385 -0.2515 -0.4500
v -2.7385 -0.4815 -0.4300
v -2.7285 -0.7015 -0.4200
v -2.7285 -0.9515 -0.4100
v -2.7285 -1.2115 -0.4100
v -2.7285 -1.4715 -0.3900
v -2.7285 -1.7115 -0.3800
v -2.7185 -1.9415 -0.3600
v -2.7185 -2.1915 -0.3200
v -2.7185 -2.4615 -0.2400
v -2.7185 -2.6815 -0.2200
v -2.7185 -2.8715 -0.3500
v -3.0085 2.5085 -0.5100
v -3.0085 2.2885 -0.5400
v -3.0085 2.0585 -0.5100
v -2.9985 1.7885 -0.4700
v -2.9985 1.5485 -0.4700
v -2.9985 1.3285 -0.4800
v -2.9985 1.0985 -0.4600
v -2.9985 0.8585 -0.4700
v -2.9885 0.5985 -0.4600
v -2.9885 0.3585 -0.4500
v -2.9885 0.1085 -0.4300
v -2.9885 -0.1415 -0.4500
v -2.9785 -0.3915 -0.4300
v -2.9785 -0.6315 -0.4400
v -2.9785 -0.8515 -0.4200
v -2.9785 -1.0915 -0.4200
v -2.9785 -1.3215 -0.4100
v -2.9685 -1.5715 -0.3900
v -2.9685 -1.8215 -0.3700
v -2.9685 -2.0915 -0.3000
v -2.9685 -2.3415 -0.2100
v -2.9685 -2.5615 -0.2600
v -3.2585 2.3385 -0.5400
v -3.2585 2.0785 -0.5100
v -3.2585 1.8285 -0.4800
v -3.2485 1.6085 -0.4900
v -3.2485 1.3485 -0.4800
v -3.2485 1.1285 -0.4800
v -3.2485 0.8885 -0.4800
v -3.2485 0.6685 -0.4800
v -3.2385 0.4085 -0.4600
v -3.2385 0.1485 -0.4600
v -3.2385 -0.0915 -0.4500
v -3.2385 -0.3215 -0.4400
v -3.2285 -0.5615 -0.4300
v -3.2285 -0.8015 -0.4200
v -3.2285 -1.0215 -0.4100
v -3.2285 -1.2615 -0.4100
v -3.2285 -1.5215 -0.4000
v -3.2185 -1.7615 -0.3500
v -3.2185 -2.0415 -0.2300
v -3.2185 -2.2915 -0.2700
v -3.4885 2.0185 -0.5300
v -3.4885 1.7785 -0.4900
v -3.4785 1.5185 -0.4900
v -3.4785 1.2885 -0.5000
v -3.4785 1.0485 -0.4800
v -3.4785 0.8185 -0.4800
v -3.4785 0.5885 -0.4800
v -3.4685 0.3485 -0.4700
v -3.4685 0.0885 -0.4600
v -3.4685 -0.1215 -0.4500
v -3.4685 -0.3815 -0.4500
v -3.4685 -0.6415 -0.4500
v -3.4585 -0.8715 -0.4300
v -3.4585 -1.1215 -0.4200
v -3.4585 -1.3815 -0.3600
v -3.4585 -1.6715 -0.2400
v -3.4485 -1.9015 -0.2500
v -3.7085 1.7685 -0.5100
v -3.7085 1.5485 -0.4900
v -3.7085 1.2985 -0.4700
v -3.7085 1.0585 -0.4800
v -3.6985 0.8285 -0.4700
v -3.6985 0.5585 -0.4800
v -3.6985 0.3185 -0.4900
v -3.6985 0.0785 -0.4600
v -3.6985 -0.1615 -0.4600
v -3.6885 -0.4115 -0.4600
v -3.6885 -0.6615 -0.4300
v -3.6885 -0.8915 -0.4400
v -3.6885 -1.1315 -0.4000
v -3.6785 -1.4215 -0.2700
v -3.6785 -1.6715 -0.2600
v -3.9385 1.5185 -0.5200
v -3.9385 1.2885 -0.5000
v -3.9385 1.0085 -0.4700
v -3.9385 0.7785 -0.4800
v -3.9385 0.5585 -0.4800
v -3.9285 0.3185 -0.4800
v -3.9285 0.0585 -0.4700
v -3.9285 -0.1815 -0.4700
v -3.9285 -0.4315 -0.4600
v -3.9285 -0.6515 -0.4200
v -3.9185 -0.9215 -0.3700
v -3.9185 -1.1815 -0.2800
v -3.9185 -1.4315 -0.2800
v -4.1285 1.4785 -0.5300
v -4.1285 1.2185 -0.4900
v -4.1185 1.0085 -0.4700
v -4.1185 0.7485 -0.4700
v -4.1185 0.5185 -0.4700
v -4.1185 0.2785 -0.4900
v -4.1085 0.0085 -0.4900
v -4.1085 -0.2415 -0.4600
v -4.1085 -0.4915 -0.4500
v -4.1085 -0.7615 -0.3700
v -4.1085 -1.0415 -0.2700
v -4.0985 -1.2515 -0.3000
v -4.2685 1.3885 -0.5500
v -4.2685 1.1385 -0.5100
v -4.2685 0.8785 -0.4900
v -4.2685 0.6385 -0.4800
v -4.2585 0.3985 -0.4600
v -4.2585 0.1685 -0.4700
v -4.2585 -0.0615 -0.4700
v -4.2585 -0.2915 -0.4400
v -4.2585 -0.5415 -0.4000
v -4.2485 -0.8315 -0.2700
v -4.2485 -1.0415 -0.3100
v -4.4785 1.3385 -0.5900
v -4.4785 1.0785 -0.5300
v -4.4785 0.8385 -0.4800
v -4.4785 0.6085 -0.4900
v -4.4685 0.3785 -0.4700
v -4.4685 0.1585 -0.4900
v -4.4685 -0.0815 -0.4500
v -4.4685 -0.3815 -0.3600
v -4.4585 -0.6215 -0.2700
v -4.4585 -0.8315 -0.3400
v -4.4185 -6.1415 0.8300
v -4.4185 -6.3315 0.6800
v -4.4085 -6.5415 0.5800
v -4.7885 0.6185 -0.5200
v -4.7885 0.3685 -0.4800
v -4.7885 0.1385 -0.4600
v -4.7885 -0.1615 -0.3100
v -4.7785 -0.4015 -0.3000
v -4.7385 -5.7815 1.2300
v -4.7385 -5.9815 1.0500
v -4.7285 -6.1615 0.9200
v -4.7285 -6.4015 0.8000
v -4.7285 -6.6215 0.6400
v -4.7285 -6.8415 0.5500
v -4.7285 -6.1815 -2.1200
v -5.0885 0.4485 -0.5200
v -5.0885 0.1885 -0.4900
v -5.0385 -5.3815 1.6700
v -5.0385 -5.5815 1.5200
v -5.0385 -5.7815 1.3600
v -5.0385 -5.9815 1.1800
v -5.0385 -6.1915 1.0300
v -5.0285 -6.3915 0.9500
v -5.0285 -6.5915 0.8100
v -5.0285 -6.8215 0.7200
v -5.0285 -7.0415 0.6100
v -5.0285 -6.3815 -2.0700
v -5.3085 0.3585 -0.5400
v -5.2585 -5.2915 1.9300
v -5.2585 -5.4915 1.7300
v -5.2585 -5.6815 1.5700
v -5.2485 -5.8615 1.3900
v -5.2485 -6.0715 1.2700
v -5.2485 -6.2915 1.1200
v -5.2485 -6.4815 0.9700
v -5.2485 -6.6815 0.8700
v -5.2485 -6.9115 0.7400
v -5.2385 -7.1515 0.6700
v -5.2485 -6.5015 -1.9800
v -5.2385 -7.3615 0.5200
v -5.2485 -6.7015 -2.1800
v -5.4585 -4.9915 2.2500
v -5.4585 -5.1815 2.0900
v -5.4585 -5.3715 1.9500
v -5.4485 -5.5815 1.7700
v -5.4485 -5.8015 1.6100
v -5.4485 -6.0015 1.4400
v -5.4485 -6.2115 1.2600
v -5.4485 -6.4215 1.1400
v -5.4485 -6.6315 1.0300
v -5.4385 -6.8215 0.8900
v -5.4385 -7.0315 0.8000
v -5.4385 -7.2215 0.7000
v -5.4385 -6.7615 -2.0700
v -5.7085 -4.7015 2.6000
v -5.7085 -4.9415 2.4500
v -5.7085 -5.1515 2.2700
v -5.7085 -5.3415 2.1400
v -5.6985 -5.5115 1.9900
v -5.6985 -5.7115 1.8500
v -5.6985 -5.9215 1.7200
v -5.6985 -6.1015 1.5200
v -5.6985 -6.3115 1.4000
v -5.6985 -6.4915 1.2000
v -5.6885 -6.7015 1.1100
v -5.6885 -6.9015 1.0000
v -5.6885 -7.0915 0.8500
v -5.6885 -7.3115 0.7700
v -5.6885 -7.0515 -2.2600
v -5.9585 -4.4115 3.0700
v -5.9585 -4.5915 2.8800
v -5.9585 -4.7815 2.7400
v -5.9585 -4.9915 2.5800
v -5.9585 -5.1715 2.4100
v -5.9485 -5.3715 2.3000
v -5.9485 -5.5715 2.1700
v -5.9485 -5.7415 1.9900
v -5.9485 -5.9315 1.8000
v -5.9485 -6.1615 1.6600
v -5.9485 -6.3415 1.4900
v -5.9385 -6.5415 1.3600
v -5.9385 -6.7115 1.2000
v -5.9385 -6.9515 1.1000
v -5.9385 -7.1415 0.9600
v -5.9385 -7.3615 0.8400
v -5.9385 -7.1115 -2.0200
v -5.9385 -7.2715 -2.4200
v -6.1785 -4.1415 3.1700
v -6.1785 -4.3915 3.1900
v -6.1785 -4.6015 3.0300
v -6.1685 -4.8115 2.8700
v -6.1685 -5.0115 2.7400
v -6.1685 -5.1815 2.5800
v -6.1685 -5.3715 2.4200
v -6.1685 -5.5815 2.2100
v -6.1585 -5.7915 2.1000
v -6.1585 -5.9815 1.9400
v -6.1585 -6.1615 1.7800
v -6.1585 -6.3515 1.6200
v -6.1585 -6.5715 1.4700
v -6.1585 -6.7715 1.3000
v -6.1485 -6.9815 1.1600
v -6.1485 -7.2115 1.0500
v -6.1485 -7.3415 -2.1800
v -6.3885 -3.8415 2.8500
v -6.3885 -4.3915 3.0900
v -6.3785 -4.6515 3.1600
v -6.3785 -4.8315 3.0000
v -6.3785 -5.0215 2.8400
v -6.3785 -5.2415 2.6700
v -6.3785 -5.4315 2.4900
v -6.3685 -5.6615 2.3800
v -6.3685 -5.8315 2.1900
v -6.3685 -6.0515 2.0500
v -6.3685 -6.2415 1.8500
v -6.3685 -6.4415 1.7300
v -6.3685 -6.6215 1.5700
v -6.3585 -6.8115 1.4200
v -6.3585 -7.0415 1.2900
v -6.3585 -7.2415 1.1300
v -6.6185 -3.7915 2.6100
v -6.6185 -4.0915 2.7700
v -6.6085 -4.4115 3.0200
v -6.6085 -4.6715 3.1800
v -6.6085 -4.9015 3.1200
v -6.6085 -5.0915 2.9500
v -6.6085 -5.2915 2.7900
v -6.5985 -5.4715 2.6300
v -6.5985 -5.6715 2.4700
v -6.5985 -5.8815 2.3100
v -6.5985 -6.0915 2.1600
v -6.5985 -6.2815 1.9600
v -6.5985 -6.4615 1.8500
v -6.5885 -6.6515 1.6700
v -6.5885 -6.8815 1.5500
v -6.5885 -7.0715 1.3800
v -6.5885 -7.2615 1.2200
v -6.8185 -3.4215 2.0800
v -6.8185 -3.7315 2.4100
v -6.8085 -4.0315 2.6100
v -6.8085 -4.3315 2.8400
v -6.8085 -4.6415 3.0600
v -6.7985 -4.9115 3.2000
v -6.7985 -5.1015 3.0800
v -6.7985 -5.2915 2.9100
v -6.7985 -5.5015 2.7600
v -6.7985 -5.6815 2.6000
v -6.7985 -5.8815 2.4200
v -6.7885 -6.0815 2.3000
v -6.7885 -6.2815 2.1000
v -6.7885 -6.4915 1.9600
v -6.7885 -6.6715 1.8100
v -6.7885 -6.8915 1.6500
v -6.7785 -7.1115 1.5100
v -6.7785 -7.3015 1.3100
v -6.9885 -3.3015 2.0600
v -6.9785 -3.5615 2.1400
v -6.9785 -3.8315 2.3400
v -6.9785 -4.1415 2.5800
v -6.9785 -4.3915 2.7600
v -6.9685 -4.7215 3.0400
v -6.9685 -5.0115 3.1800
v -6.9685 -5.2315 3.1100
v -6.9685 -5.4215 2.9400
v -6.9685 -5.6315 2.7600
v -6.9585 -5.8315 2.5500
v -6.9585 -6.0015 2.4500
v -6.9585 -6.2215 2.2700
v -6.9585 -6.4315 2.1200
v -6.9585 -6.6315 1.9500
v -6.9585 -6.8215 1.8200
v -6.9485 -7.0215 1.6400
v -6.9485 -7.2415 1.5200
v -7.2185 -2.9815 1.5400
v -7.2185 -3.2715 1.7100
v -7.2085 -3.5515 1.9900
v -7.2085 -3.8515 2.1900
v -7.2085 -4.1615 2.3800
v -7.2085 -4.4615 2.5800
v -7.1985 -4.7515 2.8600
v -7.1985 -5.0515 3.1100
v -7.1985 -5.3215 3.1400
v -7.1985 -5.5115 3.0200
v -7.1985 -5.7015 2.8700
v -7.1885 -5.9115 2.7100
v -7.1885 -6.1215 2.5400
v -7.1885 -6.3115 2.3900
v -7.1885 -6.5115 2.2200
v -7.1885 -6.6915 2.0600
v -7.1785 -6.9115 1.9100
v -7.1785 -7.1015 1.7400
v -7.1785 -7.3115 1.6100
f 2989 2564 2574
f 2564 3013 2554
f 3013 2564 2989
f 2151 4165 4154
f 1258 4201 2143
f 2136 2990 2907
f 3163 3131 2659
f 3552 2431 3289
f 1239 530 4365
f 2151 323 4164
f 323 2151 4154
f 2168 2175 4164
f 2175 3977 4164
f 1398 4201 1258
f 639 3013 2989
f 611 2686 2947
f 2702 611 2947
f 611 2702 2926
f 3131 2625 2659
f 4258 1279 1378
f 4363 529 530
f 529 4363 1240
f 4347 1259 1258
f 2175 4076 3977
f 66 125 343
f 2143 364 4164
f 639 2660 3013
f 2660 639 2983
f 2637 2648 3036
f 2627 3087 2617
f 611 2924 2923
f 2924 611 2926
f 2686 2966 2989
f 2616 2702 2947
f 2842 2864 2948
f 563 2764 2857
f 563 2842 2764
f 563 2864 2842
f 2431 3264 3289
f 2971 2972 2685
f 2701 2971 2685
f 2971 2701 2659
f 616 2696 2953
f 821 2543 3291
f 3265 2543 821
f 3163 2590 3131
f 3552 2412 2431
f 3344 2521 2595
f 1239 4364 530
f 4364 4363 530
f 4275 453 4259
f 527 1239 4365
f 4346 527 4365
f 526 1262 4343
f 3977 3681 4164
f 3844 3681 3977
f 3681 3637 3289
f 4076 245 3977
f 1397 203 370
f 370 203 1364
f 309 1330 1364
f 1690 1664 1426
f 354 1409 1258
f 1409 1398 1258
f 1398 368 4201
f 2798 2794 2799
f 2798 2797 2794
f 2797 2798 2809
f 540 2823 2792
f 2791 2804 2803
f 531 2804 2791
f 2804 2805 2803
f 2805 2804 531
f 2802 2805 532
f 2802 2799 2803
f 2805 2802 2803
f 2798 535 2809
f 670 3062 2627
f 670 2627 2554
f 670 2637 3036
f 3062 670 3036
f 3013 670 2554
f 2637 670 3013
f 2564 3206 2574
f 780 3206 2564
f 3206 3207 2574
f 3238 780 2564
f 780 3238 3239
f 3237 2564 2554
f 3237 3238 2564
f 3265 3266 2554
f 3266 3265 821
f 2702 2927 2926
f 2927 2718 2926
f 2927 2702 2907
f 2718 2927 2907
f 2616 3065 2702
f 2702 3065 2907
f 3206 781 3207
f 3240 2562 3239
f 2562 781 3239
f 781 2562 3207
f 640 2991 2990
f 2820 2779 2841
f 2820 2842 2948
f 2718 2906 2926
f 2906 2924 2926
f 777 3236 3235
f 3075 2625 2624
f 2636 3075 2624
f 2997 2971 2659
f 2975 631 2668
f 2607 2606 3109
f 2606 2607 2595
f 3114 703 2606
f 3114 2606 2595
f 2521 3114 2595
f 716 2625 3131
f 2590 716 3131
f 716 2590 2601
f 716 2613 2625
f 2613 716 2601
f 2625 3102 2624
f 3637 2392 3289
f 2392 3552 3289
f 2449 982 3476
f 2466 2449 3476
f 2449 2466 3234
f 2449 3264 2431
f 3264 2449 3234
f 3441 3173 3234
f 2466 3441 3234
f 3142 3145 2585
f 3290 2627 2617
f 2627 3290 2554
f 3290 3265 2554
f 2543 3290 3291
f 3290 2543 3265
f 4199 4213 1378
f 1279 4328 4365
f 4328 4346 4365
f 4293 1299 472
f 1299 4277 472
f 1335 4277 4258
f 4277 1335 453
f 4277 4293 472
f 4258 4277 1279
f 4277 1299 1279
f 4293 4277 1317
f 4276 4275 1317
f 4275 4276 453
f 4277 4276 1317
f 4276 4277 453
f 1336 4275 4259
f 4275 4292 1317
f 4292 4293 1317
f 4364 4345 4363
f 4345 4364 1239
f 527 4345 1239
f 4345 527 4346
f 1257 1259 4347
f 1377 4215 1364
f 2155 323 4154
f 2316 3681 3844
f 1090 1128 3595
f 3914 3844 3977
f 281 2175 2168
f 2174 281 2168
f 296 2161 4128
f 2161 296 2168
f 342 203 1397
f 1418 342 1397
f 342 1418 1417
f 1436 1297 4278
f 1330 1436 4278
f 1436 1330 309
f 344 1428 66
f 1428 346 66
f 1664 347 1426
f 347 1664 1427
f 1664 1639 1427
f 346 1639 66
f 1639 346 1427
f 1126 1746 1798
f 3716 1728 3759
f 1728 1194 3759
f 1156 3715 1756
f 1728 3715 1194
f 1934 893 3407
f 1954 893 1934
f 1409 1410 1398
f 353 1410 1409
f 368 1399 4201
f 1399 1412 367
f 1413 4179 350
f 2797 2796 2794
f 2796 2811 2794
f 2835 540 2840
f 540 2835 2779
f 2813 2793 2794
f 538 2813 2794
f 2813 538 2832
f 2814 2793 539
f 2813 2781 539
f 2781 2813 2832
f 2808 2798 2799
f 2808 535 2798
f 534 2808 2799
f 2806 2802 532
f 2802 2806 2799
f 3014 3012 652
f 3035 3062 3036
f 686 3087 2627
f 3062 3059 2627
f 3238 802 3239
f 2553 3237 2554
f 3266 2553 2554
f 2553 3266 3267
f 2872 2755 570
f 598 2920 2704
f 2987 639 2989
f 2987 622 2673
f 2672 2987 2989
f 2987 2672 622
f 622 2960 2673
f 2920 2941 2704
f 2563 780 3239
f 781 2563 3239
f 2563 3206 780
f 2563 781 3206
f 3176 2989 2574
f 3207 760 2574
f 760 3176 2574
f 3176 760 2573
f 2991 2140 2990
f 641 2991 640
f 2091 628 2130
f 2820 2778 2842
f 2842 2778 2764
f 2817 540 2779
f 2820 2817 2779
f 540 2817 2823
f 2823 2817 2792
f 2817 2820 2792
f 2924 2902 2923
f 2902 2904 2923
f 2906 2902 2924
f 3614 3657 1107
f 3657 1770 1107
f 1770 3615 1107
f 825 3270 2538
f 3270 3269 2538
f 3270 804 2549
f 3259 3233 3163
f 3259 799 3233
f 799 3259 3262
f 3227 777 3235
f 3233 756 3163
f 777 3226 3236
f 799 3226 3233
f 2555 800 3264
f 800 3260 3264
f 3023 3048 662
f 2647 3048 3023
f 3048 680 662
f 680 3048 2636
f 2646 3023 662
f 2646 2998 3023
f 645 2647 3023
f 612 2701 2685
f 612 2949 2701
f 2949 613 2700
f 630 2973 2972
f 613 2973 2683
f 2973 630 2669
f 2646 2657 2998
f 2657 3024 646
f 2657 2646 3024
f 630 2999 2669
f 2656 2999 646
f 2999 2656 2669
f 2999 2657 646
f 2908 599 2717
f 2696 2932 2953
f 2932 2697 2953
f 2913 2712 591
f 2913 603 2712
f 2892 2727 580
f 2728 2892 580
f 2892 2728 591
f 2712 2892 591
f 2727 2892 2712
f 2699 2929 2700
f 600 2929 2699
f 2929 599 2700
f 2716 2929 600
f 2930 600 2699
f 2698 2930 2699
f 2682 614 2683
f 632 2975 2668
f 3001 632 2668
f 632 3001 2667
f 2952 614 2682
f 2952 2697 2931
f 2698 2952 2931
f 2974 2975 2682
f 2975 2974 631
f 2974 2682 2683
f 2973 2974 2683
f 631 2974 2669
f 2974 2973 2669
f 2596 3145 3142
f 2596 3142 2595
f 2607 2596 2595
f 3064 3056 668
f 3117 3110 2606
f 703 3112 2606
f 3112 3117 2606
f 2612 2613 2601
f 2612 3102 2613
f 2612 2601 717
f 3102 2612 2624
f 2613 697 2625
f 697 3102 2625
f 3102 697 2613
f 2601 3132 717
f 2590 3132 2601
f 3807 3844 2281
f 2412 1016 2431
f 1016 3513 2431
f 3513 1016 1017
f 1089 2392 3637
f 2392 1089 3594
f 1052 2412 3552
f 2392 1052 3552
f 1052 2392 3594
f 3173 3375 2585
f 3441 3375 3173
f 3375 3142 2585
f 3375 3344 2595
f 3142 3375 2595
f 3140 3138 2585
f 3114 3316 2617
f 3316 3290 2617
f 3316 3114 2521
f 4241 4258 1378
f 1366 4241 1378
f 1402 4199 1378
f 363 1402 1426
f 1402 1690 1426
f 1402 1378 1718
f 1690 1402 1718
f 1380 4210 4199
f 4211 4213 4199
f 1299 4310 1279
f 4310 1299 4309
f 4310 4328 1279
f 4257 1352 4259
f 453 4257 4259
f 1335 4257 453
f 4260 1335 4258
f 4257 4260 1352
f 4260 4257 1335
f 4272 1338 4253
f 4273 4272 1320
f 4272 4273 1338
f 1337 4273 452
f 4273 1337 1338
f 4254 1337 4255
f 1337 4254 1338
f 4293 1300 1299
f 4292 1300 4293
f 1299 1300 4309
f 4362 529 1240
f 526 4362 1240
f 1241 526 4343
f 4361 1241 4343
f 1241 4362 526
f 1241 4361 529
f 4362 1241 529
f 4363 4344 1240
f 4345 4344 4363
f 4344 526 1240
f 4344 1262 526
f 4344 4326 1262
f 1316 1297 1295
f 1297 1316 4278
f 1262 508 4343
f 4326 4325 1262
f 4325 508 1262
f 1281 4325 4326
f 4325 1282 4324
f 508 4325 4324
f 1282 4325 4307
f 4325 1281 4307
f 491 1282 4307
f 1287 4301 4300
f 4287 1304 4304
f 323 4153 4164
f 2155 4153 323
f 3725 2316 1203
f 2316 3725 3681
f 2316 2333 1203
f 2333 3725 1203
f 2315 2316 1
f 2315 2333 2316
f 3844 2266 2281
f 3914 2266 3844
f 126 3914 3977
f 2225 126 3977
f 3643 3600 1132
f 3981 2221 3980
f 264 4076 2175
f 281 4096 2175
f 4096 281 2174
f 4096 264 2175
f 2166 296 4128
f 2159 4129 311
f 3953 2232 159
f 324 2154 4154
f 4165 324 4154
f 4143 324 4155
f 324 4143 2154
f 4143 2159 311
f 4142 4143 311
f 4143 4142 2154
f 4142 2155 4154
f 2154 4142 4154
f 2148 2151 4164
f 2151 2148 4165
f 364 2148 4164
f 2148 364 2146
f 2372 1105 1143
f 1068 2372 3613
f 2372 3612 1105
f 3612 1068 3570
f 3612 2372 1068
f 1141 2354 3653
f 3612 2352 1105
f 3614 1771 3657
f 1364 4053 4075
f 203 4053 1364
f 1537 4004 203
f 125 1574 343
f 1574 1555 343
f 1574 1595 3946
f 1595 1574 125
f 1536 342 343
f 1555 1536 343
f 342 1536 203
f 3715 3758 1194
f 276 4091 4090
f 1330 1350 1364
f 3913 125 66
f 1616 3913 66
f 345 66 343
f 345 344 66
f 342 345 343
f 346 4175 1427
f 4175 347 1427
f 1414 363 1426
f 1414 4186 363
f 1639 1640 66
f 1202 1690 1718
f 1746 1202 1718
f 1691 1664 1690
f 1202 1691 1690
f 1914 1934 3407
f 1914 921 1934
f 1893 950 949
f 921 1015 1798
f 950 1015 921
f 1729 3715 1156
f 1729 3714 1193
f 3714 1729 1156
f 1729 3758 3715
f 796 2026 3224
f 1990 2007 842
f 1727 3717 1158
f 1727 3716 3759
f 3673 1755 3716
f 1727 3673 3716
f 1157 1728 3716
f 1755 1157 3716
f 364 2144 2146
f 1400 4179 1413
f 1412 1400 367
f 4179 1400 1412
f 4181 1421 352
f 1410 4181 352
f 4181 353 1421
f 353 4181 1410
f 1410 4180 1398
f 4180 1410 352
f 537 2831 2836
f 2796 537 2811
f 538 2795 2836
f 2795 537 2836
f 2782 538 2836
f 538 2782 2832
f 2782 2768 2832
f 2829 2797 2809
f 2756 558 2770
f 558 2756 570
f 2756 2871 570
f 2744 568 2759
f 2793 2821 539
f 2821 2813 539
f 2813 2821 2793
f 2822 2839 540
f 2839 2822 2780
f 2781 2833 539
f 2833 2814 539
f 2814 2833 2780
f 2806 2800 2799
f 2800 2806 533
f 2733 2749 2887
f 2749 2733 576
f 2749 2777 2791
f 2749 2791 2659
f 2701 2749 2659
f 2749 2701 2887
f 2790 531 2791
f 2790 2805 531
f 542 2776 553
f 2790 2776 542
f 2776 2790 2777
f 2775 542 553
f 2844 2775 553
f 2982 2660 2983
f 2982 638 2660
f 2673 2982 2983
f 2660 3010 3013
f 638 3010 2660
f 3010 2637 3013
f 3010 2648 2637
f 3015 3006 637
f 2648 653 3036
f 653 3035 3036
f 3056 2639 668
f 3029 3063 668
f 2652 2641 667
f 3005 2650 652
f 3012 3005 652
f 2662 3012 3014
f 2662 3015 637
f 3015 2662 3014
f 3058 686 2627
f 3059 3058 2627
f 669 3059 3062
f 669 3058 3059
f 669 3039 652
f 801 2553 3267
f 3237 801 3238
f 2553 801 3237
f 802 2551 3239
f 3268 802 3267
f 3268 2551 802
f 824 3268 2540
f 3268 824 3269
f 3266 822 3267
f 2550 2549 3240
f 2550 3270 2549
f 3270 2550 3269
f 3296 825 2538
f 2779 551 2841
f 551 2765 2841
f 2835 551 2779
f 551 2835 2840
f 2751 573 2737
f 2988 2662 637
f 574 2751 2737
f 2876 2881 2899
f 2720 598 2900
f 2920 2720 2899
f 598 2720 2920
f 2921 598 2704
f 598 2921 2900
f 2985 2987 2673
f 2987 2985 639
f 2960 621 2673
f 621 2982 2673
f 2959 621 2689
f 621 2960 2689
f 609 2920 2705
f 609 2941 2920
f 2549 3241 3240
f 3241 2561 3240
f 3241 783 2561
f 804 3241 2549
f 782 2562 3240
f 2561 782 3240
f 2562 782 3207
f 3091 3065 2616
f 2969 628 2948
f 628 2969 2137
f 2969 2138 2137
f 2967 2864 2907
f 2864 2967 2948
f 2990 2967 2907
f 2140 2967 2990
f 2139 2138 624
f 628 644 2130
f 2837 2820 2841
f 2837 2778 2820
f 2765 2837 2841
f 2837 2765 2764
f 2778 2837 2764
f 2734 2902 2906
f 2734 2906 2718
f 2902 2734 2904
f 2734 2718 2907
f 2864 2734 2907
f 2719 2901 2880
f 2901 2719 2703
f 2921 2719 2900
f 2719 2921 2703
f 2922 2901 2703
f 2922 611 2923
f 2904 2922 2923
f 1843 1867 998
f 1867 3495 998
f 1843 1844 3533
f 1844 1843 998
f 3495 1868 998
f 1868 1844 998
f 1844 1868 997
f 1795 3615 1145
f 3615 3658 1145
f 1770 3658 3615
f 3663 1765 1149
f 3502 1004 1859
f 3499 1862 1885
f 3499 1002 1862
f 3353 2500 874
f 3386 3353 2486
f 3297 3296 2526
f 3296 3297 825
f 849 3297 2526
f 3354 3386 902
f 3711 1732 3668
f 1732 1191 3712
f 1733 3711 1190
f 1733 1732 3711
f 2544 3259 3289
f 3259 2544 3262
f 3264 2544 3289
f 3260 2544 3264
f 3229 3227 800
f 2555 3229 800
f 3226 2567 3233
f 2567 3226 777
f 2567 756 3233
f 3227 2556 800
f 2556 3260 800
f 2556 3227 3235
f 3236 2556 3235
f 2556 799 3262
f 3226 2556 3236
f 2556 3226 799
f 661 3048 2647
f 2625 661 2659
f 2656 3000 2669
f 631 3000 2668
f 3000 631 2669
f 3076 2636 2624
f 3076 680 2636
f 2623 3076 2624
f 680 3076 2635
f 3049 680 2635
f 2646 3049 3024
f 680 3049 662
f 3049 2646 662
f 3049 663 3024
f 3049 2635 681
f 663 3049 681
f 2635 3077 681
f 3076 3077 2635
f 3077 3076 2623
f 2610 2599 719
f 2610 2609 3105
f 2622 2621 3078
f 2622 3077 2623
f 3077 2622 681
f 2670 630 2972
f 2671 2670 2972
f 2670 2671 2998
f 2657 2670 2998
f 2670 2999 630
f 2999 2670 2657
f 629 2972 2971
f 629 2671 2972
f 2997 629 2971
f 2671 629 2997
f 2998 2658 3023
f 2658 645 3023
f 2671 2658 2998
f 2658 2671 2997
f 645 2658 2997
f 612 2684 2949
f 2684 613 2949
f 2972 2684 2685
f 2684 612 2685
f 2973 2684 2972
f 2684 2973 613
f 2701 587 2887
f 2908 587 2701
f 587 2733 2887
f 587 2717 2733
f 587 2908 2717
f 2928 2908 2701
f 2908 2928 599
f 599 2928 2700
f 2928 2949 2700
f 2949 2928 2701
f 602 2932 2696
f 2714 602 2912
f 2932 602 2697
f 2697 602 2931
f 602 2714 2931
f 590 2714 2912
f 599 2909 2717
f 2929 2909 599
f 2716 2909 2929
f 2717 2909 588
f 2909 2716 588
f 2930 2910 600
f 2910 2716 600
f 2716 2910 588
f 2950 2699 2700
f 613 2950 2700
f 2950 613 2683
f 2680 616 2953
f 2975 2681 2682
f 2681 2952 2682
f 2681 2680 2953
f 2666 633 2667
f 3002 2666 2667
f 2652 3003 650
f 2666 3003 2665
f 3003 2666 3002
f 2621 701 2620
f 701 2609 3106
f 2609 701 2621
f 3113 3115 2620
f 3113 701 3106
f 701 3113 2620
f 3107 2607 3109
f 683 2631 3053
f 3052 683 3053
f 2631 683 3080
f 683 2620 3080
f 3027 3052 3053
f 3029 3061 3063
f 2641 3054 667
f 3054 2641 2630
f 3054 3061 667
f 3063 3055 668
f 3055 3064 668
f 2628 686 3056
f 3064 2628 3056
f 3055 2628 3064
f 686 2628 3087
f 2606 3108 3109
f 3110 3108 2606
f 2612 3103 2624
f 2555 3232 3231
f 3232 3264 3234
f 3232 2555 3264
f 2609 2608 3106
f 2608 3113 3106
f 2608 2596 2607
f 3115 2608 2607
f 3113 2608 3115
f 2609 700 3105
f 700 2609 2621
f 700 2622 3105
f 2622 700 2621
f 2316 2298 1
f 2298 2 1
f 2298 2316 3844
f 3807 2298 3844
f 2458 2459 3484
f 2459 2460 3483
f 987 3520 2423
f 3482 987 2423
f 3482 2460 955
f 2465 3441 2466
f 2391 1052 3594
f 1089 2391 3594
f 2391 1053 1052
f 1127 2391 1089
f 2391 1090 3595
f 1053 2391 3595
f 3449 927 2475
f 927 3449 3415
f 2496 3408 922
f 3408 2496 3375
f 2460 2477 955
f 2477 2460 3447
f 2403 2404 3561
f 2403 3520 2404
f 3520 2403 1023
f 2491 3348 897
f 2491 3414 898
f 3414 2491 926
f 3448 3414 926
f 927 3414 2475
f 3414 3448 2475
f 3414 2490 898
f 2490 3414 927
f 3349 2490 3382
f 2490 927 3415
f 3382 2490 3415
f 2531 2518 845
f 2531 821 3291
f 2517 2505 871
f 2505 2517 2518
f 2505 2518 870
f 3348 2505 870
f 3145 3139 2585
f 3139 3140 2585
f 3409 2496 922
f 3347 3380 870
f 3348 3380 897
f 3380 3348 870
f 3379 869 2507
f 869 3379 3347
f 4241 436 4258
f 436 4241 1352
f 436 4260 4258
f 4260 436 1352
f 1389 379 4199
f 1402 1389 4199
f 1389 4187 379
f 4187 1389 1402
f 4187 1402 363
f 4273 1319 452
f 1319 4273 4290
f 4291 1319 4290
f 4252 1339 4253
f 1352 4240 4259
f 4240 1353 4259
f 1353 4240 4242
f 1379 406 4211
f 435 1354 4255
f 1354 4254 4255
f 4254 1354 4237
f 1354 4238 4237
f 4256 1337 1336
f 4256 1336 4259
f 4256 435 4255
f 1337 4256 4255
f 1353 4256 4259
f 4256 1353 435
f 4274 1337 452
f 1319 4274 452
f 4274 1319 4291
f 1336 4274 4275
f 1337 4274 1336
f 1318 4292 4275
f 4274 1318 4275
f 1318 4274 4291
f 471 1300 4292
f 1318 471 4292
f 471 1318 4291
f 1300 4308 4309
f 471 4308 1300
f 1281 4308 4307
f 4344 1261 4326
f 1261 4344 4345
f 1261 4327 4326
f 509 4345 4346
f 4327 509 4328
f 509 1261 4345
f 1261 509 4327
f 4310 1280 4328
f 1280 4327 4328
f 1280 4310 4309
f 492 1281 4326
f 4327 492 4326
f 4308 492 4309
f 492 4308 1281
f 492 1280 4309
f 1280 492 4327
f 1316 481 4294
f 4348 1257 4347
f 4348 4347 528
f 1277 1297 1258
f 1326 4282 4265
f 4282 1325 4265
f 4342 4361 4343
f 4361 4342 1242
f 4290 1302 4307
f 1321 4270 4287
f 4360 525 1243
f 529 4360 528
f 4361 4360 529
f 4360 4361 1242
f 524 1266 4338
f 1266 506 4338
f 4360 4359 528
f 4359 4360 1243
f 525 4340 1243
f 4340 4359 1243
f 1304 490 4304
f 490 1284 4304
f 1284 490 4322
f 4337 4356 4338
f 1287 4319 4301
f 4141 2168 4164
f 4141 2161 2168
f 2367 1092 1130
f 2348 3641 1168
f 2348 3728 3685
f 3727 2348 1168
f 2430 3513 1017
f 3513 2430 2431
f 2430 2449 2431
f 2449 2430 982
f 2333 1204 3726
f 2315 1204 2333
f 2332 1204 2315
f 2349 2332 3727
f 2332 2349 3726
f 1204 2332 3726
f 2391 2370 1090
f 2370 2391 1127
f 2370 1127 3681
f 2371 1089 3637
f 2371 1127 1089
f 3681 2371 3637
f 1127 2371 3681
f 2202 4030 204
f 4030 4006 204
f 4006 2212 204
f 2212 4005 204
f 4005 2212 181
f 182 2212 4006
f 42 3817 2287
f 2213 4005 181
f 4005 2213 204
f 126 3915 3914
f 2235 130 2247
f 2246 130 2234
f 2235 2236 3949
f 156 2222 3949
f 2222 2235 3949
f 2236 2237 3949
f 2237 2236 128
f 3647 1135 3690
f 3952 2220 159
f 2232 3952 159
f 157 2221 2234
f 2221 157 3980
f 157 2222 3980
f 2220 158 3981
f 158 2221 3981
f 158 3952 2233
f 3952 158 2220
f 245 2192 4054
f 2220 3982 159
f 3982 2220 3981
f 265 4096 2174
f 4129 2160 311
f 297 2160 4129
f 297 2166 4128
f 2160 297 4128
f 266 4097 2173
f 282 4097 2174
f 4097 282 2173
f 4097 265 2174
f 4098 266 2173
f 282 4098 2173
f 296 4113 2168
f 4113 2174 2168
f 4113 282 2174
f 2166 4114 296
f 4114 2166 283
f 4114 4098 282
f 4099 2179 267
f 132 3952 2232
f 3953 2244 2232
f 2244 132 2232
f 333 324 4165
f 2148 333 4165
f 994 2414 2434
f 1030 2394 3570
f 1069 1797 3614
f 1797 1068 3613
f 1797 1069 1068
f 1068 2393 3570
f 2393 1030 3570
f 1772 3656 3613
f 2372 1772 3613
f 1772 2372 1143
f 1772 1745 3656
f 3818 43 2270
f 3568 3610 1066
f 2352 1142 3698
f 2373 2352 3612
f 2373 3611 1104
f 1142 2373 1104
f 2373 1142 2352
f 3699 1772 1143
f 1772 3699 1745
f 1771 1144 3657
f 3701 1770 3657
f 3701 3658 1770
f 1182 3701 1743
f 3658 3701 1182
f 1745 3700 3656
f 3700 1771 3656
f 3700 1144 1771
f 1660 50 3826
f 3786 1687 17
f 3785 1687 1714
f 1687 1220 1714
f 1220 1687 3786
f 1519 4053 203
f 4004 1519 203
f 240 219 4047
f 4004 178 1538
f 178 4004 1537
f 153 1574 3946
f 1574 153 1555
f 179 1537 203
f 1536 179 203
f 179 3975 1537
f 1595 3912 3946
f 3940 1581 148
f 114 3900 1609
f 3899 113 1609
f 3828 52 1657
f 52 3828 1632
f 52 3829 1657
f 3899 3865 1632
f 3865 52 1632
f 1437 332 1436
f 4091 258 4090
f 1445 1436 309
f 276 1482 4091
f 439 1350 1330
f 1350 439 442
f 1455 309 1364
f 280 1455 1364
f 1466 1455 280
f 2153 4144 312
f 4143 2153 312
f 2153 4143 4155
f 96 1595 125
f 3913 96 125
f 96 3912 1595
f 1726 3761 1196
f 4175 1415 347
f 1414 1415 362
f 1415 1414 347
f 1415 4175 346
f 1416 1415 346
f 344 4174 1428
f 1416 4174 344
f 4174 346 1428
f 4174 1416 346
f 347 4176 1426
f 4176 1414 1426
f 1414 4176 347
f 1404 1414 362
f 1414 1404 4186
f 4221 404 1383
f 4206 389 403
f 3636 1773 1088
f 1773 3636 1126
f 1088 1773 1798
f 1773 1126 1798
f 3636 1125 3679
f 1163 1747 1126
f 1163 3636 3679
f 3636 1163 1126
f 1126 1164 1746
f 1199 1162 1722
f 1162 1199 3722
f 1719 1691 1202
f 920 1914 3407
f 1913 950 921
f 950 1913 949
f 1914 1913 921
f 1913 1914 949
f 950 3475 1892
f 1893 3475 950
f 1799 1051 1050
f 1015 1051 1798
f 1051 1088 1798
f 1051 1799 1088
f 1823 1824 1050
f 1823 1015 1824
f 1051 1823 1050
f 1823 1051 1015
f 3714 3671 1757
f 3671 3714 1156
f 3671 1156 1756
f 1990 2023 2007
f 921 2023 1934
f 2023 1954 1934
f 2023 1990 1954
f 2023 921 1798
f 3551 1824 1014
f 1825 3551 1014
f 1824 3551 1050
f 1124 1750 3678
f 1195 1727 3759
f 1727 1195 3717
f 1779 1083 3630
f 3588 1083 1804
f 3548 3549 1827
f 1754 1727 1158
f 1754 3673 1727
f 3630 1754 1158
f 4201 4189 2143
f 366 1400 1413
f 4189 366 1401
f 366 4189 4201
f 4123 304 1460
f 1438 332 320
f 1420 1409 354
f 1420 353 1409
f 353 1420 1421
f 1432 4171 338
f 4179 1423 350
f 1423 4179 1412
f 329 4160 338
f 4160 329 1441
f 4160 1432 338
f 1432 4160 328
f 4148 4160 1441
f 4160 4148 328
f 2811 2816 2794
f 2816 2795 2794
f 537 2816 2811
f 2795 2816 537
f 2795 2812 2794
f 2812 2795 538
f 548 2782 2836
f 2782 548 2768
f 2831 548 2836
f 2829 536 2797
f 535 2785 2809
f 2785 2829 2809
f 2783 537 2796
f 537 2783 2831
f 2769 547 2770
f 558 2769 2770
f 2769 2783 547
f 2783 2769 2831
f 2769 548 2831
f 548 2769 2768
f 2768 2769 2755
f 2755 2850 570
f 2850 558 570
f 2769 2850 2755
f 2850 2769 558
f 2728 2891 591
f 590 2891 2729
f 2891 590 2912
f 2744 2869 568
f 2869 2728 580
f 2869 2744 2728
f 2818 2814 2780
f 2822 2818 2780
f 2818 2822 2792
f 2793 2818 2792
f 2814 2818 2793
f 2815 540 2792
f 2822 2815 2792
f 2815 2822 540
f 549 2833 2781
f 2767 549 2768
f 549 2781 2832
f 2768 549 2832
f 2833 550 2780
f 549 550 2833
f 550 549 2767
f 550 2839 2780
f 2807 2800 533
f 2807 534 2799
f 2800 2807 2799
f 2777 541 2791
f 541 2790 2791
f 2790 541 2777
f 2789 2790 542
f 2775 2789 542
f 2805 2789 532
f 2790 2789 2805
f 2891 579 2729
f 2744 579 2728
f 579 2891 2728
f 638 2674 2981
f 2982 2674 638
f 2674 621 2959
f 621 2674 2982
f 3007 653 2648
f 653 3007 3006
f 2661 638 2981
f 2661 3010 638
f 2661 2981 637
f 3006 2661 637
f 3007 2661 3006
f 3015 2649 3006
f 2649 653 3006
f 2649 3015 3014
f 2649 3033 3031
f 3034 2649 3031
f 3033 2649 3039
f 653 2649 3035
f 2649 3034 3035
f 2649 3014 652
f 3039 2649 652
f 651 2639 3037
f 651 3037 2650
f 2639 651 668
f 651 3029 668
f 3029 651 2651
f 2640 3029 2651
f 2652 2640 2651
f 2640 2652 667
f 3061 2640 667
f 2640 3061 3029
f 636 3005 3012
f 2662 636 3012
f 3058 3060 686
f 669 3060 3058
f 2638 669 3062
f 3033 2638 3031
f 2638 3033 3039
f 669 2638 3039
f 2638 3034 3031
f 3035 2638 3062
f 3034 2638 3035
f 2552 802 3238
f 801 2552 3238
f 802 2552 3267
f 2552 801 3267
f 2542 3266 821
f 2542 822 3266
f 2530 3292 845
f 3292 2531 845
f 3293 3292 2530
f 3292 3293 822
f 2542 3292 822
f 2531 3292 821
f 3292 2542 821
f 823 3268 3267
f 3268 823 2540
f 2529 3293 2530
f 2550 803 3269
f 803 3268 3269
f 3268 803 2551
f 2551 803 3239
f 803 3240 3239
f 803 2550 3240
f 2539 3296 2538
f 3269 2539 2538
f 824 2539 3269
f 2518 3319 845
f 2517 3319 2518
f 3319 2530 845
f 3319 2517 2530
f 3353 901 2486
f 901 3353 874
f 2834 551 2840
f 551 2834 2839
f 540 2834 2840
f 2839 2834 540
f 2862 2860 2751
f 574 2862 2751
f 2862 574 2855
f 2854 2765 2751
f 2860 2854 2751
f 2854 2860 2765
f 573 2882 2737
f 583 2724 2896
f 2873 583 2896
f 2872 2740 2755
f 2740 583 2873
f 2981 2675 637
f 2675 2988 637
f 597 2919 2705
f 2920 597 2705
f 597 2920 2899
f 574 2750 2855
f 574 2736 2876
f 2736 2881 2876
f 2736 574 2737
f 2881 2736 2737
f 2719 586 2900
f 586 2719 2880
f 586 2720 2900
f 2877 586 2885
f 586 2877 2720
f 2986 2673 2983
f 639 2986 2983
f 623 2672 2989
f 2966 623 2989
f 2945 2946 2703
f 2922 2946 611
f 2946 2922 2703
f 2921 610 2703
f 610 2945 2703
f 610 2921 2704
f 2941 610 2704
f 2687 610 2941
f 2672 2961 622
f 2960 2940 2689
f 2940 2919 2689
f 2919 2940 2705
f 2940 609 2705
f 782 3208 3207
f 3208 782 2561
f 783 3208 2561
f 762 3208 783
f 3208 762 2572
f 1905 970 3464
f 969 3462 1885
f 1906 3428 3462
f 969 1906 3462
f 1906 969 3463
f 774 2041 3193
f 2041 796 3224
f 2091 735 2053
f 2054 735 3162
f 735 2054 2053
f 2103 2091 2130
f 3091 3092 3065
f 2615 3091 2616
f 2129 2136 2907
f 3065 2129 2907
f 2142 2969 2948
f 2967 2142 2948
f 2138 627 624
f 627 2138 2969
f 641 2141 2991
f 2141 2140 2991
f 2141 2967 2140
f 2141 626 2967
f 626 2141 2139
f 2992 641 2133
f 2139 2992 2138
f 2992 2141 641
f 2141 2992 2139
f 2901 2905 2880
f 2905 2734 2880
f 2734 2905 2904
f 2905 2922 2904
f 2922 2905 2901
f 1796 3614 1107
f 1796 1069 3614
f 1821 1033 1032
f 1821 1820 1033
f 1842 1865 999
f 1865 1842 1000
f 3706 1765 3662
f 1765 3706 1149
f 1888 1865 1887
f 3497 1865 1000
f 1865 3497 1887
f 3428 938 3462
f 3462 1886 1885
f 1002 3500 1862
f 970 1883 3464
f 1153 3711 3668
f 1002 1839 3538
f 1839 1037 3538
f 1037 1839 3537
f 3537 1839 1001
f 1839 3499 1001
f 1839 1002 3499
f 3579 1814 1075
f 1814 3579 1813
f 1076 3579 1075
f 3579 1076 1813
f 783 3242 2560
f 3241 3242 783
f 3271 804 3270
f 849 2525 3297
f 2500 2513 874
f 2513 2526 3323
f 2513 849 2526
f 2514 2513 3323
f 2513 2514 874
f 3324 2525 849
f 2513 3324 849
f 3230 2555 3231
f 3230 3229 2555
f 736 2590 3163
f 736 3132 2590
f 3261 2556 3262
f 2556 3261 3260
f 2544 3261 3262
f 3261 2544 3260
f 661 679 3048
f 679 3075 2636
f 3048 679 2636
f 3075 679 2625
f 679 661 2625
f 661 3022 2659
f 3022 661 2647
f 3022 2997 2659
f 645 3022 2647
f 3022 645 2997
f 2655 3001 2668
f 3000 2655 2668
f 2634 2622 3078
f 2622 2634 681
f 2610 2611 2599
f 3103 2611 2623
f 2611 3103 2612
f 2598 2610 719
f 2610 2598 2609
f 699 2622 2623
f 699 2610 3105
f 2622 699 3105
f 2933 602 2696
f 601 2698 2931
f 601 2930 2698
f 2714 601 2931
f 614 2951 2683
f 2951 2950 2683
f 2951 2952 2698
f 2952 2951 614
f 2951 2698 2699
f 2950 2951 2699
f 633 2976 2667
f 2976 632 2667
f 632 2976 2975
f 615 2681 2953
f 2681 615 2952
f 2697 615 2953
f 2952 615 2697
f 3116 3115 2607
f 3107 3116 2607
f 3079 2621 2620
f 683 3079 2620
f 2642 3027 3053
f 3001 2654 2667
f 2654 3002 2667
f 684 2631 3080
f 3088 684 3080
f 684 3088 2630
f 2631 684 3053
f 684 2641 3053
f 2641 684 2630
f 3108 2618 3109
f 2618 3108 3110
f 2618 3110 3117
f 3112 2618 3117
f 2618 3112 703
f 2618 3114 2617
f 3114 2618 703
f 3088 3081 2630
f 2618 3081 3088
f 698 2623 2624
f 3103 698 2624
f 698 3103 2623
f 2587 739 3143
f 739 3171 3173
f 3138 3136 2585
f 2597 2608 2609
f 2597 3135 3144
f 3137 2597 3144
f 3136 2597 3137
f 3684 3727 1168
f 3684 2349 3727
f 3641 3684 1168
f 2367 3684 3641
f 2349 3684 1130
f 3684 2367 1130
f 2 2314 1
f 2332 2314 3727
f 2459 2441 3484
f 2441 2459 3483
f 2460 2442 3483
f 3482 2442 2460
f 2442 3482 2423
f 3555 2410 1054
f 2389 3555 1054
f 2430 3514 982
f 2410 3514 1017
f 3514 2430 1017
f 2465 951 3441
f 951 2465 952
f 3477 2465 2466
f 3410 2479 924
f 3444 2479 3410
f 1016 2411 1017
f 2390 1053 3595
f 1053 2390 1054
f 1128 2390 3595
f 1052 3553 2412
f 1053 3553 1052
f 2411 3553 1053
f 3553 1016 2412
f 3553 2411 1016
f 931 2470 3453
f 901 3418 2486
f 2453 961 3453
f 991 2418 3487
f 2419 3486 990
f 3486 2419 991
f 2482 3375 3441
f 2482 3408 3375
f 951 2482 3441
f 2482 951 952
f 894 2495 3344
f 894 3409 2495
f 3375 3376 3344
f 2496 3376 3375
f 3376 894 3344
f 3409 3376 2496
f 894 3376 3409
f 2476 926 3447
f 2476 3448 926
f 2441 989 3484
f 989 2441 2422
f 2440 2420 990
f 3485 2440 990
f 989 2440 3484
f 2440 2458 3484
f 2440 3485 2458
f 3446 2478 955
f 2477 3446 955
f 2478 3446 925
f 3446 2477 925
f 2477 3413 925
f 926 3413 3447
f 3413 2477 3447
f 3413 2491 897
f 2491 3413 926
f 2398 3565 1063
f 3565 2398 1026
f 3522 989 2422
f 3520 3521 2423
f 3521 3520 1023
f 3522 3521 1023
f 3521 3522 2422
f 3381 2491 898
f 2491 3381 3348
f 3381 2505 3348
f 2505 3381 871
f 3381 3349 871
f 2490 3381 898
f 3381 2490 3349
f 2504 2517 871
f 3349 2504 871
f 2504 3349 2517
f 2519 869 3347
f 2518 2519 870
f 3139 721 3140
f 3140 721 3138
f 2596 721 3145
f 721 3139 3145
f 2608 721 2596
f 721 3136 3138
f 2597 721 2608
f 721 2597 3136
f 923 3444 3410
f 923 3410 2495
f 3409 923 2495
f 923 3409 922
f 3443 923 922
f 2494 3410 924
f 869 3346 2507
f 3379 2492 3347
f 2492 3380 3347
f 3380 2492 897
f 2492 3413 897
f 3413 2492 925
f 1891 2450 3492
f 2433 2432 3492
f 379 4198 4199
f 4198 1380 4199
f 4210 392 4199
f 392 4211 4199
f 392 1379 4211
f 406 392 4210
f 392 406 1379
f 1356 4252 4253
f 4252 1356 4235
f 4234 417 4233
f 1371 4234 4235
f 1371 417 4234
f 4234 1357 4235
f 1357 4252 4235
f 434 4254 4237
f 1355 434 4237
f 1338 434 4253
f 4254 434 1338
f 4240 420 4242
f 420 4240 1352
f 420 4241 1366
f 4241 420 1352
f 406 4226 4211
f 4211 4226 4213
f 4226 420 1366
f 420 4226 406
f 4226 1366 1378
f 4213 4226 1378
f 4308 1301 4307
f 1301 4308 471
f 1301 4290 4307
f 1301 4291 4290
f 1301 471 4291
f 4328 1260 4346
f 1260 509 4346
f 509 1260 4328
f 482 1294 4294
f 481 482 4294
f 479 1316 1295
f 479 481 1316
f 460 1330 4278
f 455 463 1330
f 1346 4262 4263
f 4349 4350 1254
f 4350 4349 4348
f 1259 510 1258
f 510 1277 1258
f 1257 510 1259
f 1277 4311 1297
f 1297 4311 1295
f 516 4349 1254
f 516 4330 515
f 4349 516 515
f 450 4270 1340
f 4268 1342 4267
f 4301 1306 4300
f 4284 1306 4285
f 1324 4268 4267
f 449 1324 4267
f 1324 449 1325
f 1306 1307 4300
f 1307 1306 4284
f 1263 508 4324
f 508 1263 4343
f 1263 4342 4343
f 4341 4342 1264
f 507 4341 1264
f 4342 4341 1242
f 4340 4341 507
f 4341 4340 525
f 4341 4360 1242
f 4360 4341 525
f 4289 1302 4290
f 4289 4273 1320
f 4273 4289 4290
f 1282 4306 4324
f 491 4306 1282
f 4306 491 4307
f 1302 4306 4307
f 4271 4252 1340
f 4270 4271 1340
f 4252 4271 1339
f 1321 4271 4270
f 4182 1418 1397
f 1395 4182 1397
f 1396 4182 1395
f 1376 415 4215
f 415 1376 407
f 415 4230 1374
f 415 399 4215
f 399 381 370
f 399 370 1364
f 4215 399 1364
f 4204 4193 4192
f 1266 4320 506
f 4320 4319 506
f 4319 4320 1286
f 4320 1266 4321
f 4320 4302 1286
f 1247 4355 523
f 4356 4355 528
f 4357 4356 528
f 4340 4339 524
f 1266 4339 4321
f 4339 1266 524
f 4285 1305 469
f 1306 1305 4285
f 1305 1306 4302
f 4303 490 1304
f 4303 1305 4302
f 1305 4303 469
f 4303 4286 469
f 4286 4303 1304
f 4319 489 4301
f 489 4319 1286
f 4302 489 1286
f 489 1306 4301
f 1306 489 4302
f 4319 1267 506
f 506 1267 4338
f 1267 4337 4338
f 1377 1375 4215
f 1375 1376 4215
f 4264 1326 4265
f 4244 1346 4263
f 1345 4244 4263
f 4228 1377 1364
f 4153 322 4164
f 322 4141 4164
f 2161 310 4128
f 4141 310 2161
f 310 2160 4128
f 2160 310 311
f 2348 1131 3641
f 1131 2348 3685
f 1131 3642 2366
f 3642 1131 3685
f 3596 2389 1054
f 2389 3596 1091
f 2390 3596 1054
f 3596 2390 1091
f 3638 1128 1090
f 2370 3638 1090
f 3638 2370 3681
f 4030 205 4006
f 2192 2201 4054
f 2201 2192 226
f 2201 205 4030
f 2212 3979 181
f 3979 2213 181
f 3979 2222 156
f 2222 3979 3980
f 1176 3738 2338
f 2354 2355 3653
f 1140 2355 3652
f 2355 1140 3653
f 3781 2284 13
f 3781 2301 2284
f 2266 67 2281
f 3886 73 3852
f 73 2273 3852
f 2273 73 3887
f 3886 72 2260
f 3884 2276 3849
f 75 3889 2270
f 43 75 2270
f 75 43 3854
f 2271 3817 42
f 2271 75 3854
f 43 2271 3854
f 2271 43 3817
f 103 74 3887
f 103 2244 3922
f 2272 2273 3887
f 74 2272 3887
f 3889 2257 104
f 180 2202 204
f 2213 180 204
f 2202 180 4054
f 180 245 4054
f 245 180 3977
f 130 3950 2234
f 3950 130 2235
f 3950 157 2234
f 2222 3950 2235
f 157 3950 2222
f 154 2225 3977
f 3947 126 2225
f 154 3947 2225
f 3947 154 2238
f 127 3947 2238
f 2237 3948 155
f 154 3948 2238
f 3948 2237 128
f 1135 2343 3690
f 2344 3689 2362
f 3689 2343 1135
f 1095 2385 3600
f 3643 2364 3600
f 2364 1095 3600
f 2221 3951 2234
f 158 3951 2221
f 3951 158 2233
f 131 3951 2233
f 3951 2246 2234
f 3951 131 2246
f 2200 4032 206
f 4077 265 2182
f 4096 4077 264
f 265 4077 4096
f 265 4078 2182
f 4097 4078 265
f 2159 2165 4129
f 2165 297 4129
f 266 2180 4079
f 4098 2180 266
f 2180 4098 267
f 2180 249 4079
f 2167 4113 296
f 4114 2167 296
f 4113 2167 282
f 2167 4114 282
f 2172 4114 283
f 4114 2172 4098
f 4099 2172 283
f 2172 4099 267
f 4098 2172 267
f 250 2179 4081
f 2178 250 4081
f 4059 2186 230
f 2186 4060 230
f 2186 250 4060
f 2179 2186 4059
f 250 2186 2179
f 248 4057 2189
f 4078 248 2189
f 105 3924 2255
f 4166 2147 334
f 2147 4166 2148
f 4166 334 4155
f 348 2148 2146
f 348 2147 2148
f 2147 2149 334
f 1424 1413 350
f 1423 1424 350
f 1592 3929 1593
f 3929 109 1593
f 82 3898 3863
f 1637 3859 3894
f 3859 1637 47
f 1029 2415 3528
f 994 2415 2414
f 2415 994 2435
f 3529 1029 2394
f 1030 3529 2394
f 2415 3529 2414
f 3529 2415 1029
f 1029 3569 2394
f 3611 3569 1066
f 2395 3568 1066
f 2395 1029 3568
f 3569 2395 1066
f 2395 3569 1029
f 1106 1771 3614
f 1797 1106 3614
f 1771 1106 3656
f 3656 1106 3613
f 1106 1797 3613
f 1844 3532 3533
f 3532 1033 3533
f 1033 3532 1032
f 1869 997 3493
f 1869 1846 997
f 1891 1869 3493
f 1869 1891 3492
f 1822 3531 1031
f 3531 1822 1032
f 3532 3531 1032
f 3531 3532 1846
f 3571 1822 1031
f 3571 2393 1068
f 2393 3571 1031
f 1069 3571 1068
f 1822 3571 1069
f 2393 3530 1030
f 3530 3529 1030
f 3530 2393 1031
f 2414 3530 2413
f 3529 3530 2414
f 3530 3531 2413
f 3531 3530 1031
f 3855 3818 2270
f 3855 44 3818
f 1141 1103 2354
f 3610 1103 1141
f 1103 3610 3568
f 2374 1141 2353
f 2374 3610 1141
f 2374 2353 1104
f 3611 2374 1104
f 2374 3611 1066
f 3610 2374 1066
f 1142 3654 3698
f 2353 3654 1104
f 3654 1142 1104
f 2334 2352 3698
f 1745 1717 3743
f 3742 1717 1745
f 1717 3742 1217
f 2299 1717 1217
f 1181 1745 3743
f 1181 3700 1745
f 1144 1744 3657
f 3700 1744 1144
f 1744 3701 3657
f 1181 1744 3700
f 1744 1181 3743
f 140 1571 3962
f 1570 1589 1590
f 140 1570 1590
f 1570 140 3962
f 1571 1551 3962
f 3787 18 1685
f 18 1660 3826
f 1633 3827 3826
f 50 1633 3826
f 1633 50 3863
f 3898 1633 3863
f 3864 1633 3898
f 1715 3745 1182
f 1742 3745 1183
f 1220 3745 1714
f 1219 3785 1714
f 3745 1219 1714
f 1219 3745 1715
f 3744 1182 1743
f 3744 1715 1182
f 3701 3744 1743
f 1744 3744 3701
f 3744 1744 3743
f 3745 3746 1183
f 3746 3745 1220
f 1686 3786 17
f 1660 1686 17
f 1686 18 3787
f 18 1686 1660
f 1686 1220 3786
f 4053 244 4075
f 244 1505 4075
f 1505 244 4052
f 1504 244 4053
f 244 1504 4052
f 4023 219 196
f 219 1510 4047
f 1510 4023 218
f 4023 1510 219
f 240 1509 219
f 4024 1509 220
f 1509 4024 219
f 3874 59 1622
f 149 1579 3941
f 1600 1579 3942
f 153 1575 1555
f 1575 153 3946
f 124 1575 3946
f 3945 1575 124
f 3976 1536 1555
f 1575 3976 1555
f 1557 3975 1577
f 1557 178 1537
f 3975 1557 1537
f 1230 1673 3758
f 3714 1730 1193
f 1730 3757 1193
f 1730 3714 1757
f 1230 3797 1674
f 3797 1230 3757
f 1227 1677 1704
f 1581 1561 148
f 4026 4000 1524
f 4002 1522 1521
f 1560 1580 148
f 1580 1560 149
f 1580 3940 148
f 1580 149 3941
f 3940 1580 3941
f 1560 3972 149
f 3972 1560 1540
f 28 1673 1647
f 3934 114 1609
f 113 3934 1609
f 3934 1587 143
f 114 3934 143
f 51 3864 1632
f 3827 51 1658
f 1633 51 3827
f 51 1633 3864
f 3828 51 1632
f 51 3828 1658
f 83 3864 3898
f 83 3899 1632
f 3864 83 1632
f 3932 1610 112
f 1610 3898 112
f 1610 83 3898
f 1610 113 3899
f 83 1610 3899
f 3934 1588 1587
f 1631 3829 52
f 3865 1631 52
f 3829 20 1657
f 1656 20 3829
f 3868 86 3902
f 86 3868 1629
f 1654 3792 22
f 3792 1654 1653
f 3935 1608 143
f 1608 114 143
f 114 1608 3900
f 1608 85 3900
f 3867 86 1629
f 1656 53 3830
f 53 1656 3829
f 53 3867 3830
f 3791 1655 22
f 3791 1708 1681
f 1678 1227 1705
f 1678 1705 1226
f 3793 1678 1226
f 1707 1679 1226
f 1679 3793 1226
f 3792 1679 1707
f 88 1626 3869
f 3904 88 3869
f 87 3904 3869
f 87 55 3868
f 1626 56 3869
f 56 3833 3869
f 3834 56 1626
f 56 3834 3833
f 3833 1652 1653
f 1678 1652 24
f 3834 1652 3833
f 321 1437 1436
f 1445 321 1436
f 321 1445 4140
f 1446 321 4140
f 4070 258 4091
f 1445 308 4140
f 308 1445 309
f 1458 292 4125
f 1333 439 1330
f 463 1333 1330
f 1347 1350 442
f 1350 1347 1364
f 263 1364 4075
f 1490 263 4075
f 263 1490 4074
f 4074 1506 242
f 1478 1466 280
f 1478 262 4073
f 241 1492 4073
f 257 4089 4090
f 1471 4108 4107
f 1471 4123 1460
f 1483 276 4090
f 3994 1529 3995
f 3994 1549 3993
f 2163 4118 286
f 298 2165 2159
f 298 4116 2165
f 65 1616 66
f 1640 65 66
f 1197 3762 1724
f 1235 3804 1667
f 1235 1668 3804
f 4238 4223 4237
f 4223 1369 4237
f 1369 4223 4222
f 4185 1404 362
f 1404 4185 1392
f 1391 1404 1392
f 1404 1391 4186
f 1382 404 4222
f 1419 1416 344
f 345 1419 344
f 1419 342 1417
f 1419 345 342
f 4220 4221 1383
f 4206 4220 1383
f 4220 4206 403
f 1371 4220 403
f 3635 1162 1125
f 1774 3636 1088
f 1774 1125 3636
f 3635 1774 1088
f 1774 3635 1125
f 1163 3723 1747
f 1125 1748 3679
f 1162 1748 1125
f 1748 1162 3722
f 1748 1163 3679
f 1163 1748 3722
f 3723 1200 1720
f 1200 1163 3722
f 1200 3723 1163
f 1692 3806 1664
f 1694 1235 1667
f 1719 1201 1691
f 1201 3723 1720
f 3723 1201 1164
f 1012 1850 1827
f 3549 1012 1827
f 3510 1011 1827
f 1850 3510 1827
f 1824 1847 1014
f 1015 1847 1824
f 1825 1848 1013
f 1848 1825 1014
f 1847 1848 1014
f 1848 1847 1870
f 2008 2023 2024
f 3288 2008 3287
f 1049 3551 1825
f 3551 1049 1050
f 3719 1197 1724
f 3593 1799 1050
f 1799 3593 1088
f 3593 3635 1088
f 3635 3593 1087
f 1751 1123 3633
f 1123 1751 3677
f 1750 1123 3677
f 1123 1750 1776
f 3634 1750 1124
f 1750 3634 1776
f 3760 1726 3717
f 1195 3760 3717
f 3674 1753 1121
f 1779 3674 1121
f 3717 3674 1158
f 3674 3630 1158
f 3674 1779 3630
f 1726 3674 3717
f 1753 3674 1726
f 3631 1779 1121
f 3715 3672 1756
f 3672 1157 1755
f 3672 3715 1728
f 1157 3672 1728
f 3671 1118 1757
f 3673 1120 1755
f 1120 1754 3630
f 1754 1120 3673
f 3550 1825 1013
f 3632 1085 3590
f 1122 1085 3632
f 1122 1752 1160
f 1752 1122 3632
f 1752 3719 1160
f 365 4189 1401
f 2145 365 1401
f 365 2145 2144
f 4189 365 2143
f 365 364 2143
f 365 2144 364
f 4190 366 4201
f 366 4190 1400
f 1400 4190 367
f 1399 4190 4201
f 4190 1399 367
f 4123 1461 304
f 4151 1438 320
f 1438 4151 319
f 1447 4151 320
f 4151 4138 319
f 4151 1447 4138
f 332 341 1436
f 1436 341 1297
f 341 354 1258
f 1297 341 1258
f 4138 1448 319
f 1448 4137 318
f 4137 1448 1460
f 1420 339 1421
f 337 1432 328
f 4170 337 4159
f 337 328 4159
f 351 1423 1412
f 4147 1443 4159
f 2819 538 2794
f 2812 2819 2794
f 2819 2812 538
f 2810 2796 2797
f 536 2810 2797
f 2810 536 2796
f 2784 536 2829
f 547 2784 2770
f 2784 2771 2770
f 546 556 2771
f 556 546 2772
f 2785 546 2829
f 2784 546 2771
f 546 2784 2829
f 2742 2871 2756
f 569 2742 2756
f 2771 557 2770
f 2727 2870 580
f 2870 2742 569
f 2766 551 2839
f 550 2766 2839
f 2766 550 2767
f 2847 556 2772
f 568 2847 2759
f 2847 555 2759
f 2847 2772 555
f 2757 557 2771
f 2808 2786 535
f 2786 2808 534
f 2786 534 2827
f 545 2786 2827
f 552 2776 2777
f 552 2843 2776
f 552 2777 2763
f 2843 552 2763
f 2772 2773 555
f 545 2773 2772
f 2825 2789 2775
f 2789 2825 532
f 2806 2826 533
f 2826 2806 532
f 2825 2826 532
f 565 2761 2844
f 2761 565 2747
f 2761 2775 2844
f 2868 579 2744
f 579 2868 2745
f 2733 2732 576
f 2732 2717 588
f 2717 2732 2733
f 2866 577 2747
f 565 2866 2747
f 2910 2889 588
f 2889 2732 588
f 2732 2889 577
f 2777 564 2763
f 2749 564 2777
f 564 2748 2763
f 2748 2866 565
f 2732 2748 576
f 2748 2732 577
f 2866 2748 577
f 2762 2844 553
f 2762 565 2844
f 2776 2762 553
f 2843 2762 2776
f 2762 2748 565
f 2762 2843 2763
f 2748 2762 2763
f 3011 2661 3007
f 3011 3007 2648
f 651 3004 2651
f 3004 2652 2651
f 3004 3003 2652
f 686 3057 3056
f 3060 3057 686
f 2541 823 3267
f 823 2541 3293
f 822 2541 3267
f 3293 2541 822
f 2517 3320 2530
f 2514 3322 2515
f 2527 3322 2514
f 3296 848 2526
f 2527 848 3296
f 2526 848 3323
f 848 2514 3323
f 848 2527 2514
f 3295 2527 3296
f 2539 3295 3296
f 3295 2539 824
f 3295 824 2540
f 3385 901 874
f 928 2489 3415
f 2489 928 3416
f 3352 3385 874
f 3351 2502 2515
f 872 3351 2515
f 2860 562 2765
f 2862 562 2860
f 2765 562 2764
f 562 2855 2764
f 562 2862 2855
f 2724 594 2896
f 2708 594 606
f 594 2708 2896
f 2741 2872 570
f 2871 2741 570
f 583 2895 2724
f 2895 594 2724
f 2895 2740 2872
f 2740 2895 583
f 2875 2882 573
f 2767 2856 2852
f 2856 2754 2852
f 2856 2767 2768
f 2739 584 2874
f 2739 2873 2896
f 584 2739 2896
f 571 2740 2873
f 2739 571 2873
f 571 2739 2754
f 2740 571 2755
f 585 2881 2737
f 2882 585 2737
f 585 2875 2722
f 2875 585 2882
f 596 2706 2919
f 597 2903 2919
f 2903 596 2919
f 585 2903 2881
f 2958 2938 2691
f 2863 2750 2857
f 2750 2863 2855
f 2764 2863 2857
f 2855 2863 2764
f 586 2878 2885
f 2878 575 2885
f 575 563 2857
f 2750 575 2857
f 563 575 2864
f 2984 2985 2673
f 2986 2984 2673
f 2985 2984 639
f 2984 2986 639
f 623 2965 2964
f 2964 2965 2941
f 2965 2687 2941
f 2687 2965 2966
f 2965 623 2966
f 611 2943 2686
f 2946 2943 611
f 2943 2966 2686
f 2942 2687 2945
f 610 2942 2945
f 2942 610 2687
f 623 2963 2672
f 2963 2961 2672
f 2963 623 2964
f 2963 2688 2961
f 609 2688 2941
f 2940 2688 609
f 2961 2688 622
f 2688 2964 2941
f 2688 2963 2964
f 2688 2960 622
f 2688 2940 2960
f 761 3208 2572
f 760 761 2573
f 761 760 3207
f 3208 761 3207
f 3209 783 2560
f 3209 762 783
f 1906 939 3428
f 939 1906 3463
f 939 1905 3429
f 1905 939 3463
f 857 3306 1984
f 735 2066 3162
f 2066 2091 2079
f 2066 735 2091
f 754 2054 3193
f 2041 754 3193
f 754 3194 2053
f 2054 754 2053
f 2091 715 2079
f 715 2080 2079
f 2092 715 2091
f 715 2092 2080
f 3092 2626 3065
f 2581 3180 743
f 3118 2615 2616
f 2615 3118 704
f 2077 2090 2078
f 2142 2968 2969
f 2968 627 2969
f 2968 2142 624
f 627 2968 624
f 625 2139 624
f 625 626 2139
f 626 625 2967
f 2142 625 624
f 625 2142 2967
f 2992 642 2138
f 642 2992 2133
f 3019 642 2133
f 2132 642 3019
f 1795 1070 3615
f 3615 1070 1107
f 1070 1796 1107
f 1034 1071 1818
f 1822 3572 1032
f 3572 1821 1032
f 3572 1822 1069
f 1796 3572 1069
f 1070 3572 1796
f 1840 3537 1001
f 3537 1840 1036
f 1840 3536 1036
f 3498 1840 1001
f 1072 1817 1035
f 3536 1817 1036
f 1817 3536 1035
f 3536 1841 1035
f 1842 1841 1000
f 1841 1840 1000
f 1840 1841 3536
f 3621 1076 1075
f 1765 1111 3662
f 1111 1766 3662
f 1766 1111 3618
f 3706 1738 1149
f 1738 3706 1186
f 1795 1769 1108
f 1769 1795 1145
f 3499 1863 1001
f 1863 3498 1001
f 1863 3499 1885
f 1886 1863 1885
f 1863 1886 3498
f 1888 967 3460
f 967 1888 1887
f 3461 967 1887
f 1865 3496 999
f 1888 3496 1865
f 1886 1864 3498
f 1864 3497 1000
f 3497 1864 1887
f 1864 1886 1887
f 1840 1864 1000
f 1864 1840 3498
f 967 1908 3460
f 1908 967 3461
f 1886 968 1887
f 968 3461 1887
f 968 1886 3462
f 1907 938 3427
f 3461 1907 3427
f 938 1907 3462
f 1907 968 3462
f 968 1907 3461
f 3500 1884 1862
f 1884 1883 970
f 1883 1884 3500
f 1862 1884 1885
f 1884 969 1885
f 969 1884 3463
f 1884 1905 3463
f 1905 1884 970
f 3502 1860 1004
f 1076 3580 1813
f 3710 3667 1152
f 3711 3667 1190
f 3667 3710 1190
f 3710 3753 1190
f 3753 1705 1190
f 1705 3753 1226
f 1816 3537 1036
f 1816 1037 3537
f 1039 1814 1813
f 1039 3539 1814
f 3580 1039 1813
f 1837 3540 1836
f 1004 1837 1836
f 1860 1837 1004
f 1039 1837 3539
f 1837 1039 3540
f 1837 1003 3539
f 1003 1860 3501
f 1003 1837 1860
f 1838 1002 3538
f 1003 1838 3539
f 1838 3500 1002
f 3180 3181 743
f 2569 3181 3180
f 764 2558 3212
f 764 3181 2569
f 3181 764 3182
f 2077 2065 3152
f 3298 2524 3299
f 2524 2525 850
f 2525 2524 3298
f 827 3298 3299
f 3297 2537 825
f 2537 3270 825
f 2537 3271 3270
f 3271 2548 804
f 2548 3241 804
f 2548 3242 3241
f 875 2513 2500
f 3353 875 2500
f 875 3353 3386
f 3354 875 3386
f 1227 3754 1705
f 3754 1733 1190
f 1705 3754 1190
f 3754 1227 1704
f 1732 3754 1704
f 1733 3754 1732
f 1976 3313 1977
f 1993 839 3313
f 1994 839 3286
f 839 3287 3286
f 839 1993 3287
f 3339 1978 861
f 862 3339 1960
f 3339 862 1978
f 3312 839 1994
f 3312 862 1977
f 862 3312 1978
f 3313 3312 1977
f 839 3312 3313
f 1828 3548 1827
f 1011 1828 1827
f 1893 3474 979
f 3474 1894 979
f 3474 1893 949
f 1894 3474 949
f 3440 1894 949
f 1914 3440 949
f 920 3440 1914
f 1990 1973 1954
f 1973 1974 3343
f 1974 1990 842
f 1974 1973 1990
f 1759 1732 3712
f 1732 1759 3668
f 838 1994 3286
f 838 3312 1994
f 818 2010 3286
f 2010 817 3286
f 3279 2002 2001
f 3279 3280 812
f 2002 3305 2001
f 3305 1985 1984
f 1985 856 1984
f 3252 2031 792
f 3280 2000 834
f 2000 3306 834
f 836 3309 1997
f 814 3282 2014
f 3253 814 2014
f 814 3253 3252
f 3227 2566 777
f 2566 3195 777
f 3229 2566 3227
f 3230 2566 3229
f 2566 3230 3231
f 736 2589 3132
f 3164 2589 736
f 2600 2612 717
f 2600 2611 2612
f 3132 2600 717
f 2589 2600 3132
f 3141 2587 3143
f 2598 3141 3143
f 2611 3104 2623
f 3104 699 2623
f 3104 2611 2610
f 699 3104 2610
f 2933 2713 602
f 602 2713 2912
f 2913 2713 603
f 2713 2933 603
f 2713 2913 591
f 2891 2713 591
f 2713 2891 2912
f 2715 2910 2930
f 601 2715 2930
f 2910 2715 589
f 2620 2619 3080
f 3115 2619 2620
f 2618 2619 3109
f 2619 3088 3080
f 2619 2618 3088
f 2621 682 3078
f 3079 682 2621
f 2632 683 3052
f 2632 3079 683
f 2632 682 3079
f 3051 2632 3052
f 682 2632 3051
f 3028 2652 650
f 2652 3028 2641
f 666 2642 3053
f 2641 666 3053
f 3028 666 2641
f 666 2653 2642
f 3003 2653 650
f 2653 3003 3002
f 2653 3028 650
f 2653 666 3028
f 3027 665 3052
f 2654 665 3027
f 3086 3055 3063
f 3086 2628 3055
f 2628 3086 3087
f 3081 3089 2630
f 3089 3081 2618
f 3089 2618 2617
f 779 2565 3234
f 2565 3232 3234
f 3171 3203 3173
f 2575 3203 3171
f 3173 3203 3234
f 3203 779 3234
f 758 2576 3172
f 2576 758 3197
f 2586 3135 3143
f 739 2586 3143
f 2586 739 3173
f 3135 2586 3144
f 2586 3137 3144
f 2586 3173 2585
f 3136 2586 2585
f 2586 3136 3137
f 720 2597 2609
f 720 2598 3143
f 2598 720 2609
f 3135 720 3143
f 2597 720 3135
f 2350 2333 3726
f 2333 2350 3725
f 2350 1166 3725
f 3725 1165 3681
f 1165 3638 3681
f 3638 1165 1128
f 3767 2315 1
f 2314 3767 1
f 3767 2332 2315
f 3767 2314 2332
f 2331 2314 1205
f 2314 2331 3727
f 3728 2331 1205
f 2331 2348 3727
f 2348 2331 3728
f 3768 2314 2
f 2314 3768 1205
f 2297 3808 2
f 2297 2298 3807
f 2298 2297 2
f 2297 3807 2281
f 3808 2297 2281
f 3 3809 2295
f 1059 3560 3602
f 2404 1059 3561
f 3560 1059 2404
f 1134 2344 2362
f 3645 1134 2362
f 3688 3645 2363
f 1134 3688 2344
f 3688 1134 3645
f 2442 988 3483
f 988 2441 3483
f 2441 988 2422
f 988 2442 2423
f 3521 988 2423
f 988 3521 2422
f 3597 3555 2389
f 3555 1018 2410
f 1018 3514 2410
f 2448 2466 3476
f 2448 3477 2466
f 3477 2447 2465
f 2481 3443 922
f 3408 2481 922
f 3445 2478 924
f 2479 3445 924
f 3554 1053 1054
f 3554 2411 1053
f 2411 3554 1017
f 3554 2410 1017
f 2410 3554 1054
f 931 3419 2470
f 3419 3386 2486
f 3386 3419 902
f 2453 3490 961
f 3490 2452 961
f 2452 3490 2434
f 3490 994 2434
f 994 3490 2435
f 3526 2418 1027
f 2439 3485 990
f 3486 2439 990
f 3486 2456 958
f 2420 3524 990
f 3524 2419 990
f 2419 3524 1026
f 3525 2419 1026
f 2398 3525 1026
f 3525 2418 991
f 2419 3525 991
f 2418 3525 1027
f 3525 2398 1027
f 3448 956 2458
f 2476 956 3448
f 956 2459 2458
f 956 2476 3447
f 2460 956 3447
f 2459 956 2460
f 2440 2421 2420
f 2421 2440 989
f 2421 3523 2420
f 3522 2421 989
f 3523 2421 1024
f 2421 3522 1024
f 2399 3565 1026
f 2531 3318 2518
f 3318 2519 2518
f 2506 3347 870
f 2519 2506 870
f 2506 2519 3347
f 923 2480 3444
f 2480 923 3443
f 3411 2494 924
f 2494 3411 3378
f 3411 2493 3378
f 2478 3411 924
f 3410 3377 2495
f 2493 3412 3379
f 2492 3412 925
f 3412 2492 3379
f 3411 3412 2493
f 3412 2478 925
f 3412 3411 2478
f 896 3346 3378
f 2493 896 3378
f 896 2493 3379
f 896 3379 2507
f 3346 896 2507
f 3275 2005 3276
f 3305 832 3304
f 832 3305 2002
f 1891 1890 964
f 1911 1890 965
f 936 3425 1910
f 3425 936 3393
f 2414 3491 2434
f 3491 2452 2434
f 2450 2451 3492
f 2451 2433 3492
f 2451 3491 2433
f 2452 2451 962
f 3491 2451 2452
f 4186 1403 363
f 1403 4187 363
f 391 4198 4197
f 4209 391 4197
f 4198 391 1380
f 1380 391 405
f 418 1369 4222
f 404 418 4222
f 1369 418 4237
f 417 1372 4233
f 1372 4204 4218
f 420 1367 4242
f 461 455 1330
f 1313 460 4278
f 464 1333 463
f 447 4262 1346
f 1333 4261 439
f 439 4261 442
f 4261 1329 442
f 1255 4349 515
f 4349 1255 4348
f 4330 1276 515
f 493 1278 515
f 1275 516 4331
f 516 1275 4330
f 477 4312 1294
f 482 477 1294
f 477 482 481
f 1296 479 1295
f 466 4279 1311
f 4279 466 1328
f 4279 465 1311
f 1329 4279 1328
f 465 4279 1329
f 466 1327 1328
f 4262 1327 4263
f 1327 4262 1328
f 433 4234 4233
f 433 1357 4234
f 4269 1341 4268
f 1341 4269 450
f 4266 449 1343
f 449 4266 1325
f 1325 4266 4265
f 4266 4247 4265
f 4247 4266 1343
f 449 4248 1343
f 432 4248 1342
f 1342 4248 4267
f 4248 449 4267
f 4248 4247 1343
f 4247 4248 1360
f 468 1325 4282
f 1308 468 4282
f 468 1308 1307
f 4335 1247 523
f 1307 4299 4300
f 1308 4299 1307
f 4342 4323 1264
f 4323 1263 4324
f 1263 4323 4342
f 4323 507 1264
f 507 4323 4322
f 4323 1284 4322
f 1303 4287 4304
f 451 4271 1321
f 4271 451 1339
f 1339 451 4253
f 451 4272 4253
f 1393 1406 1394
f 1396 372 4192
f 372 1396 1395
f 1396 369 4182
f 4193 369 4192
f 4194 1393 1394
f 4193 4194 1394
f 4194 4193 389
f 4206 4194 389
f 4194 4195 1393
f 4194 4206 1383
f 4195 4194 1383
f 381 4191 370
f 1395 4191 4192
f 4191 1397 370
f 4191 1395 1397
f 4202 401 402
f 401 4202 381
f 401 4216 1374
f 4216 415 1374
f 4193 1384 389
f 4204 1384 4193
f 4218 4203 402
f 416 401 1374
f 4230 416 1374
f 4217 4218 402
f 4217 1373 4218
f 4217 416 1373
f 401 4217 402
f 416 4217 401
f 4337 1246 4356
f 1246 4355 4356
f 1246 4337 523
f 4355 1246 523
f 4358 4357 528
f 4359 4358 528
f 4340 4358 4359
f 1245 524 4338
f 1245 4357 524
f 4356 1245 4338
f 4357 1245 4356
f 4339 1265 4321
f 1265 4339 4340
f 4321 1265 4322
f 1265 507 4322
f 1265 4340 507
f 4303 1285 490
f 1285 4321 4322
f 490 1285 4322
f 1285 4320 4321
f 4320 1285 4302
f 1285 4303 4302
f 1345 448 4245
f 448 4264 4245
f 448 1345 4263
f 1327 448 4263
f 448 1327 4264
f 4244 4243 1346
f 1347 4243 1364
f 4243 1347 1351
f 422 1345 4245
f 422 4244 1345
f 2156 322 4153
f 322 2156 4141
f 2156 4153 2155
f 4142 2156 2155
f 2156 4142 311
f 2156 310 4141
f 310 2156 311
f 2210 3981 3980
f 2201 225 4054
f 225 2201 4030
f 225 2202 4054
f 225 4030 2202
f 4031 2201 226
f 2201 4031 205
f 2200 4031 226
f 2223 3979 156
f 2223 156 3949
f 2223 2237 155
f 2237 2223 3949
f 3607 2377 1063
f 1101 2377 3607
f 2377 1101 3608
f 1064 2377 3608
f 2356 3651 1139
f 3651 2356 3608
f 1101 3651 3608
f 2357 1101 3607
f 2357 3651 1101
f 3651 2357 1139
f 2358 3606 2379
f 2358 1100 3606
f 1100 2358 1138
f 1176 2321 3738
f 2321 1176 3737
f 2321 2303 3738
f 1139 3694 2338
f 3694 1176 2338
f 2357 3694 1139
f 2335 3740 3741
f 1179 2335 3741
f 1179 2334 3698
f 2334 1179 3741
f 3654 1179 3698
f 2301 12 2284
f 3780 12 2301
f 12 3780 2302
f 68 2279 3846
f 69 3882 2278
f 2324 3775 1211
f 7 3774 2308
f 2276 39 3849
f 1209 2327 3772
f 2330 3728 1205
f 3686 3643 1132
f 2365 3686 1132
f 3885 101 2260
f 72 3885 2260
f 3885 72 2275
f 40 3814 2275
f 72 40 2275
f 101 3919 2260
f 130 3919 2247
f 3919 130 2246
f 131 3920 2246
f 3919 3920 2260
f 3920 3919 2246
f 2254 2255 3925
f 106 2254 3925
f 1174 3735 3692
f 2323 3735 1211
f 3735 2324 1211
f 2324 3735 1174
f 2271 3888 75
f 103 3888 74
f 75 3888 3889
f 3888 2257 3889
f 3888 103 3922
f 2257 3888 3922
f 2272 3853 42
f 3853 2272 74
f 3853 2271 42
f 3888 3853 74
f 3853 3888 2271
f 3915 2251 98
f 2251 3915 126
f 3947 2251 126
f 127 2251 3947
f 2250 127 2238
f 2250 3948 128
f 3948 2250 2238
f 3948 2224 155
f 2224 3948 154
f 2224 154 3977
f 3689 3646 2362
f 3646 3689 1135
f 3646 1097 2362
f 1097 2383 2362
f 2383 1059 3602
f 1059 2383 1097
f 3603 1135 3647
f 3560 2405 1058
f 2384 3601 2363
f 1095 3601 1058
f 3601 2384 1058
f 3645 1096 2363
f 1096 2384 2363
f 1096 3645 2362
f 2384 1096 1058
f 2383 1096 2362
f 1096 2383 3602
f 1096 3560 1058
f 3560 1096 3602
f 2364 3644 1095
f 2346 2364 3643
f 3686 2346 3643
f 2273 41 3852
f 2272 41 2273
f 2323 1212 3736
f 2219 3953 159
f 2219 160 3953
f 3982 2219 159
f 160 2231 3953
f 2231 2244 3953
f 4055 2200 226
f 2192 4055 226
f 4077 2183 264
f 2183 4077 246
f 264 2183 4076
f 2183 246 4076
f 4077 2190 246
f 2190 4055 246
f 4055 2190 2200
f 2181 4097 266
f 2181 4078 4097
f 2181 266 4079
f 248 2181 4079
f 2181 248 4078
f 2185 250 2178
f 250 2185 4060
f 2185 231 4060
f 297 4115 2166
f 2165 4115 297
f 2166 4115 283
f 4115 4099 283
f 4080 2180 267
f 2180 4080 249
f 2179 4080 267
f 4080 2187 249
f 4080 2179 4059
f 2187 4080 4059
f 78 2252 3893
f 2252 108 3893
f 108 2252 3927
f 2283 3821 2282
f 2284 2283 13
f 3820 2283 2284
f 3956 162 2228
f 135 3956 2228
f 3956 2241 2229
f 2241 3956 135
f 2241 135 3925
f 2255 2241 3925
f 3924 2241 2255
f 2240 106 3925
f 135 2240 3925
f 2240 135 2228
f 2239 2227 3958
f 2227 2239 136
f 3988 3989 1554
f 3989 3988 1535
f 3959 2226 1554
f 108 79 3893
f 3859 79 3894
f 4060 2195 230
f 231 2195 4060
f 76 3890 2255
f 3890 105 2255
f 3889 3890 2270
f 3890 3855 2270
f 3855 3890 76
f 105 2256 3924
f 2242 2256 3923
f 2256 2242 3924
f 3923 2256 104
f 2256 3889 104
f 2256 3890 3889
f 3890 2256 105
f 2150 333 2148
f 4166 2150 2148
f 333 2150 324
f 324 2150 4155
f 2150 4166 4155
f 1424 4168 1425
f 2152 313 4144
f 4177 349 2147
f 349 4177 2145
f 4177 348 2146
f 348 4177 2147
f 2144 4177 2146
f 2145 4177 2144
f 4178 349 2145
f 4178 2145 1401
f 349 4178 1425
f 4178 366 1413
f 366 4178 1401
f 1424 4178 1413
f 4178 1424 1425
f 138 1592 1593
f 1592 138 3960
f 3959 138 1593
f 1591 1571 140
f 1591 140 1590
f 109 80 3894
f 1614 109 3929
f 80 1614 3895
f 1614 80 109
f 1615 109 3894
f 79 1615 3894
f 1615 79 108
f 1611 3932 112
f 3898 1611 112
f 82 1611 3898
f 3932 1611 1589
f 50 1634 3863
f 1634 82 3863
f 3862 1634 50
f 79 1638 3893
f 1638 79 3859
f 1638 3859 47
f 1637 3823 47
f 3823 1663 47
f 15 3823 1662
f 3823 15 1663
f 2373 1067 3611
f 1067 3569 3611
f 1067 3612 3570
f 1067 2373 3612
f 2394 1067 3570
f 3569 1067 2394
f 992 3526 2417
f 3526 992 2418
f 3527 993 2417
f 3526 3527 2417
f 1846 1845 997
f 3532 1845 1846
f 1845 1844 997
f 1845 3532 1844
f 1869 996 1846
f 996 2432 2413
f 2432 996 3492
f 996 1869 3492
f 3531 996 2413
f 996 3531 1846
f 11 3779 2303
f 1214 3779 2302
f 3779 1214 2303
f 3778 11 2303
f 2321 3778 2303
f 3778 10 2287
f 10 3778 2304
f 3855 2269 44
f 2269 3855 76
f 44 2269 3856
f 2375 2355 2354
f 1103 2375 2354
f 2375 1103 3568
f 2334 3655 2352
f 3655 2334 3699
f 3655 3699 1143
f 1105 3655 1143
f 2352 3655 1105
f 2334 1180 3699
f 3742 1180 2334
f 3699 1180 1745
f 1180 3742 1745
f 2317 2334 3741
f 2317 3742 2334
f 3742 2317 1217
f 3783 15 1689
f 15 3783 1663
f 2299 3783 1717
f 3961 1591 139
f 1591 3961 1571
f 3961 1551 1571
f 3963 1549 1569
f 1550 1570 3962
f 1550 3963 1570
f 3788 18 1658
f 18 3788 1685
f 3827 1659 3826
f 1659 18 3826
f 1659 3827 1658
f 18 1659 1658
f 3745 3702 1182
f 3702 3745 1742
f 3658 3702 1145
f 3702 3658 1182
f 3702 1769 1145
f 1769 3702 1742
f 1716 3744 3743
f 3660 1741 1184
f 1741 3747 1184
f 3747 1741 3746
f 4029 224 4053
f 224 1504 4053
f 4052 224 4028
f 1504 224 4052
f 1519 202 4053
f 202 4029 4053
f 202 1519 4004
f 4003 202 4004
f 4000 3999 1524
f 3999 4000 1542
f 223 4027 4051
f 1505 223 4051
f 223 4052 4028
f 223 1505 4052
f 4025 1525 220
f 242 1507 4073
f 1507 241 4073
f 4022 195 218
f 4023 4022 218
f 1509 4048 220
f 4048 1509 240
f 1596 3911 124
f 1596 124 3946
f 3912 1596 3946
f 95 3912 1618
f 95 1596 3912
f 1596 95 3911
f 3975 152 1577
f 152 3976 1575
f 178 3974 1538
f 1557 3974 178
f 1701 1230 3758
f 1230 1701 3757
f 3757 1701 1193
f 1701 1729 1193
f 1729 1701 3758
f 3669 1758 3626
f 1758 1117 3626
f 27 1648 1647
f 3797 27 1674
f 1648 27 3797
f 58 3836 1649
f 3836 1648 1649
f 1648 3836 59
f 1651 3834 1650
f 1651 1677 24
f 1652 1651 24
f 1651 1652 3834
f 57 3834 1626
f 1603 118 3939
f 1561 174 1541
f 4000 174 1542
f 3971 1561 1541
f 3971 1560 148
f 1561 3971 148
f 1523 4000 4026
f 4001 1522 4002
f 174 4001 1541
f 4001 174 4000
f 177 4004 1538
f 177 4003 4004
f 4003 177 1539
f 3974 177 1538
f 177 3973 1539
f 1520 4003 4002
f 202 1520 4029
f 1520 202 4003
f 60 3838 1647
f 3838 28 1647
f 28 3838 1646
f 3875 3838 60
f 1648 3837 1647
f 3837 60 1647
f 3837 1648 59
f 3874 3837 59
f 60 3837 3874
f 1673 1700 3758
f 1231 1700 1673
f 3758 1700 1194
f 1194 1700 3759
f 1700 1231 3759
f 3799 1646 1672
f 3799 28 1646
f 28 3799 1673
f 1231 3799 1672
f 3799 1231 1673
f 3933 1610 3932
f 1588 3933 3932
f 1610 3933 113
f 3933 3934 113
f 3933 1588 3934
f 1631 84 3900
f 84 1631 3865
f 84 3865 3899
f 3900 84 1609
f 84 3899 1609
f 19 3828 1657
f 3828 19 1658
f 19 3788 1658
f 3788 19 1684
f 1656 3790 20
f 1655 21 3830
f 21 1656 3830
f 3791 21 1655
f 21 3791 1681
f 21 1681 1682
f 3790 21 1682
f 21 3790 1656
f 3868 54 1629
f 54 1655 3830
f 3867 54 3830
f 54 3867 1629
f 3832 55 3869
f 3833 3832 3869
f 3832 3833 1653
f 1654 3832 1653
f 55 3832 1654
f 3901 1608 3935
f 1608 3901 85
f 86 3901 3902
f 3901 3867 85
f 3867 3901 86
f 3867 1630 85
f 53 1630 3867
f 1709 1224 3750
f 1708 1224 1681
f 1681 1224 1682
f 1224 1709 1682
f 1680 1708 3791
f 3792 1680 22
f 1680 3791 22
f 1680 3792 1707
f 1677 3794 24
f 3794 1678 24
f 3794 1677 1227
f 1678 3794 1227
f 3905 89 1626
f 88 3905 1626
f 3905 88 118
f 1603 3905 118
f 3905 1603 89
f 55 1627 3869
f 1627 87 3869
f 87 1627 55
f 1652 23 1653
f 1679 23 3793
f 23 1678 3793
f 23 1652 1678
f 23 3792 1653
f 23 1679 3792
f 321 4152 1437
f 332 4152 320
f 1437 4152 332
f 4152 321 1446
f 4045 1512 217
f 1513 4045 217
f 4045 1513 237
f 1512 4045 1497
f 1458 1469 292
f 4110 1469 293
f 1469 1482 276
f 1469 4110 1482
f 307 1446 4140
f 262 4095 4074
f 4095 263 4074
f 4095 1478 280
f 1478 4095 262
f 4095 280 1364
f 263 4095 1364
f 1491 4074 242
f 1491 262 4074
f 1491 242 4073
f 262 1491 4073
f 1506 243 4051
f 243 1506 4074
f 1490 243 4074
f 243 1490 4075
f 1505 243 4075
f 243 1505 4051
f 273 4106 4088
f 1474 4106 273
f 274 4106 4107
f 4106 274 4088
f 1472 1471 4107
f 1471 1472 4123
f 4089 275 4090
f 275 1483 4090
f 4103 271 1489
f 271 4085 1489
f 1529 4021 3995
f 195 4021 218
f 1512 4021 217
f 4021 1512 218
f 4020 1513 217
f 1513 4020 216
f 3964 1588 1569
f 1549 3964 1569
f 1527 4023 196
f 1527 4022 4023
f 4021 1528 3995
f 1528 4021 195
f 4022 1528 195
f 1527 1528 4022
f 4019 192 215
f 255 4066 1500
f 1465 4133 301
f 2163 299 4118
f 299 2163 4117
f 4116 284 2165
f 64 3879 1616
f 3879 3913 1616
f 3879 96 3913
f 96 3878 3912
f 3912 3878 1618
f 1643 1642 31
f 1643 30 3841
f 1642 3803 31
f 3803 1669 31
f 1668 32 3804
f 32 3803 1642
f 3803 32 1668
f 1696 3763 1724
f 3762 1696 1724
f 1696 1668 3763
f 1696 3803 1668
f 3763 3720 1724
f 3720 1751 1724
f 1751 3720 3677
f 1750 3721 3678
f 1162 3721 1722
f 3721 1162 3678
f 1695 1198 3763
f 1668 1695 3763
f 1235 1695 1668
f 419 1368 4238
f 1368 4223 4238
f 4223 1368 405
f 1391 4196 4197
f 4196 1391 1392
f 4223 4212 4222
f 4196 4212 4197
f 377 4184 1393
f 377 4195 1392
f 4195 377 1393
f 4188 1415 1416
f 4184 4188 1416
f 1162 1749 3678
f 3635 1749 1162
f 1775 3635 1087
f 1775 3634 1124
f 3634 1775 1087
f 1775 1124 3678
f 3723 3680 1747
f 3680 3723 1164
f 1747 3680 1126
f 3680 1164 1126
f 1692 3766 1237
f 3766 3765 1237
f 3765 3766 1200
f 1200 3766 1720
f 3766 1201 1720
f 34 1639 1664
f 3806 34 1664
f 34 1640 1639
f 1665 1692 1237
f 1665 3806 1692
f 1665 34 3806
f 3764 1199 1722
f 3721 3764 1722
f 3764 3721 1198
f 1694 3764 1235
f 1695 3764 1198
f 3764 1695 1235
f 1721 1200 3722
f 1721 3765 1200
f 1199 1721 3722
f 3765 1721 1199
f 1666 1665 1237
f 1201 3724 1164
f 3724 1201 1719
f 1164 3724 1746
f 3724 1202 1746
f 3724 1719 1202
f 3511 1012 1849
f 1012 3511 1850
f 1871 3511 1849
f 3509 1828 1011
f 1847 981 1870
f 1871 981 1892
f 981 1871 1870
f 981 950 1892
f 981 1015 950
f 981 1847 1015
f 3512 1871 1849
f 3512 1849 1013
f 1848 3512 1013
f 3512 1848 1870
f 1871 3512 1870
f 980 3475 1893
f 3475 980 1892
f 980 1871 1892
f 3287 2009 3286
f 2009 818 3286
f 820 2008 3288
f 2023 820 2007
f 2008 820 2023
f 2040 3225 2039
f 3194 755 2053
f 2040 755 3194
f 755 2040 2039
f 755 2091 2053
f 755 2023 2091
f 1751 3676 1724
f 3676 3719 1724
f 3719 3676 1160
f 3676 1122 1160
f 1699 1195 3759
f 1699 3760 1195
f 1231 1699 3759
f 1699 1231 1672
f 1778 3632 3590
f 1778 1752 3632
f 1047 3548 1804
f 1047 3549 3548
f 1779 3589 1083
f 3631 3589 1779
f 1083 3589 1804
f 3589 1047 1804
f 3672 1119 1756
f 1781 1119 1755
f 1119 3672 1755
f 1082 1119 1781
f 3629 1781 1755
f 1120 3629 1755
f 3629 1082 1781
f 1048 3550 3549
f 1048 1049 1825
f 3550 1048 1825
f 1826 1012 3549
f 3550 1826 3549
f 1826 3550 1013
f 1849 1826 1013
f 1012 1826 1849
f 1777 1751 3633
f 1085 1777 3633
f 1122 1777 1085
f 1777 3676 1751
f 3676 1777 1122
f 1752 1725 3719
f 3719 1725 1197
f 3761 1725 1196
f 1725 3762 1197
f 3762 1725 3761
f 307 4139 1446
f 4139 1447 320
f 4152 4139 320
f 4139 4152 1446
f 1448 305 1460
f 305 1448 4138
f 1447 305 4138
f 1459 305 1447
f 1459 306 4125
f 306 1459 1447
f 4139 306 1447
f 306 1458 4125
f 306 307 1458
f 306 4139 307
f 292 1470 4125
f 1470 1459 4125
f 1470 275 4108
f 1439 1438 319
f 340 4162 1430
f 1438 4163 332
f 4163 341 332
f 1450 4136 304
f 318 4149 1440
f 4137 4149 318
f 329 4149 1441
f 304 1449 1460
f 1449 4137 1460
f 4136 1449 304
f 4149 1449 4136
f 1449 4149 4137
f 4149 4161 1440
f 4161 4149 329
f 1431 329 338
f 4171 1431 338
f 1431 4161 329
f 4161 1431 339
f 1431 4171 1421
f 339 1431 1421
f 1411 351 1412
f 351 1411 4180
f 1399 1411 1412
f 1411 1399 368
f 1411 368 1398
f 4180 1411 1398
f 1422 4180 352
f 1422 351 4180
f 337 1422 1432
f 351 1422 1423
f 1432 1422 4171
f 1423 1422 4170
f 1422 337 4170
f 1421 1422 352
f 4171 1422 1421
f 1442 4147 4159
f 328 1442 4159
f 4148 1442 328
f 1464 4120 301
f 4133 1453 301
f 536 2830 2796
f 2784 2830 536
f 2830 2783 2796
f 2783 2830 547
f 2830 2784 547
f 2828 546 2785
f 2828 2786 545
f 2828 545 2772
f 546 2828 2772
f 2828 2785 535
f 2786 2828 535
f 2742 581 2871
f 2870 581 2742
f 581 2870 2727
f 2893 581 2727
f 2849 2756 2770
f 557 2849 2770
f 2849 569 2756
f 2849 2757 569
f 2757 2849 557
f 551 561 2765
f 2766 561 551
f 556 2848 2771
f 2848 2757 2771
f 2743 2870 569
f 2757 2743 569
f 2848 2743 2757
f 2869 2743 568
f 2743 2869 580
f 2870 2743 580
f 2773 544 2774
f 544 2826 2774
f 544 545 2827
f 544 2773 545
f 2774 543 2775
f 2826 543 2774
f 543 2825 2775
f 543 2826 2825
f 2731 2910 589
f 2731 2889 2910
f 577 2867 2747
f 2865 564 2749
f 2865 2748 564
f 2865 2749 576
f 2748 2865 576
f 3008 3011 2648
f 3011 3008 2661
f 636 2663 3005
f 3005 2663 2650
f 2663 651 2650
f 2663 3004 651
f 2666 2977 633
f 2976 2977 2680
f 2977 2976 633
f 3038 3060 669
f 3038 3057 3060
f 3038 669 652
f 3057 3038 3056
f 2650 3038 652
f 846 2529 2530
f 3320 846 2530
f 2528 3294 2529
f 823 3294 2540
f 3294 3295 2540
f 3295 3294 2528
f 3294 823 3293
f 2529 3294 3293
f 847 3322 2527
f 3295 847 2527
f 847 3295 2528
f 3322 847 2515
f 2474 3449 958
f 3449 2474 3415
f 2474 928 3415
f 2502 873 2515
f 873 2514 2515
f 873 2502 3384
f 3352 873 3384
f 3383 3351 872
f 3383 2489 3416
f 2502 900 3384
f 3351 900 2502
f 3383 900 3351
f 2988 2980 2662
f 2980 636 2662
f 2741 582 2872
f 582 2895 2872
f 2894 582 2871
f 582 2741 2871
f 2753 2738 573
f 2738 2875 573
f 2875 2738 2722
f 2738 2897 2722
f 2738 584 2897
f 560 2767 2852
f 560 2766 2767
f 2723 584 2896
f 584 2723 2897
f 595 2723 2896
f 2723 595 2897
f 2851 2768 2755
f 571 2851 2755
f 2851 571 2754
f 2754 572 2852
f 2739 572 2754
f 572 2753 2852
f 572 2739 2874
f 572 2738 2753
f 2690 620 2959
f 620 2958 2675
f 2938 620 2690
f 620 2938 2958
f 620 2674 2959
f 2674 620 2981
f 620 2675 2981
f 2918 2706 596
f 2918 595 2707
f 595 2918 2897
f 2897 2918 2722
f 2918 596 2722
f 2721 597 2899
f 2721 2903 597
f 2881 2721 2899
f 2903 2721 2881
f 596 2898 2722
f 2903 2898 596
f 2898 585 2722
f 2898 2903 585
f 607 2918 2707
f 607 2708 2691
f 2938 607 2691
f 607 2938 2690
f 2886 2734 2864
f 2734 2886 2880
f 575 2886 2864
f 2886 575 2878
f 2886 586 2880
f 2886 2878 586
f 2735 2877 2885
f 575 2735 2885
f 2735 575 2877
f 575 2884 2877
f 2884 574 2876
f 2884 2750 574
f 2884 575 2750
f 2877 2884 2720
f 2884 2876 2899
f 2720 2884 2899
f 2944 2946 2945
f 2944 2943 2946
f 2943 2944 2966
f 2944 2687 2966
f 2687 2944 2945
f 3177 3176 2573
f 761 3177 2573
f 3209 2571 762
f 2571 741 762
f 741 2571 3179
f 1966 883 1965
f 753 774 3193
f 753 2042 774
f 2054 753 3193
f 753 2054 3162
f 2055 753 3162
f 2080 2067 2079
f 2067 2066 2079
f 2066 2067 3162
f 2042 3192 773
f 753 3192 2042
f 3192 753 2055
f 3223 2042 773
f 2042 3223 774
f 3223 2041 774
f 2010 3256 817
f 3256 2026 796
f 3256 2010 2026
f 2994 643 2131
f 644 2994 2131
f 2994 628 2137
f 2994 644 628
f 2138 2993 2137
f 643 2993 2132
f 642 2993 2138
f 2993 642 2132
f 2122 660 2130
f 643 3020 2131
f 3020 643 2132
f 2121 2129 3065
f 688 3092 2102
f 3093 688 2102
f 3149 2581 743
f 2581 3149 2592
f 2582 741 3179
f 3118 2603 704
f 2090 2602 2078
f 2602 2591 2078
f 2602 2603 2591
f 2604 3118 2616
f 2603 2604 2592
f 2604 2603 3118
f 2136 2135 2990
f 2135 640 2990
f 3616 1071 1108
f 3616 1794 1071
f 1794 3616 1146
f 1071 3575 1818
f 3575 1035 1818
f 3575 1072 1035
f 1820 1819 1033
f 1034 1819 1071
f 1033 3534 3533
f 3534 1843 3533
f 1819 3534 1033
f 3534 1819 1034
f 1843 3534 999
f 3534 1842 999
f 3535 1034 1818
f 1035 3535 1818
f 3534 3535 1842
f 3535 3534 1034
f 1841 3535 1035
f 3535 1841 1842
f 3576 1817 1072
f 1817 3576 1036
f 3576 1816 1036
f 1113 3621 1763
f 1113 1151 3622
f 3621 1113 1076
f 1789 3621 1075
f 3621 1789 1763
f 1789 1150 1763
f 1114 1787 3622
f 1787 1114 3623
f 1114 3666 1152
f 1764 1790 3663
f 1110 1766 3618
f 1110 3661 1766
f 1793 1110 1072
f 1110 1793 3617
f 1110 3576 1072
f 1767 1110 3617
f 3661 1110 1767
f 3705 3706 3662
f 3619 1790 1074
f 1790 3619 3663
f 3663 3619 1765
f 3619 1111 1765
f 3790 1683 20
f 1769 3659 1108
f 3659 3616 1108
f 3616 3659 1146
f 1146 3659 1183
f 3659 1742 1183
f 3659 1769 1742
f 1147 3661 1767
f 1147 1767 3617
f 1768 1794 1146
f 910 1927 3428
f 3395 1927 910
f 1927 938 3428
f 938 1927 3427
f 3427 1927 909
f 1927 3395 909
f 883 3363 910
f 3363 3395 910
f 1889 1890 3495
f 1890 1889 965
f 3496 1866 999
f 1866 1843 999
f 1866 1867 1843
f 1867 1866 3495
f 1866 1889 3495
f 1866 3496 1888
f 966 1866 1888
f 1889 1866 966
f 937 3461 3427
f 937 1908 3461
f 1908 937 3460
f 3667 1761 1152
f 1761 1114 1152
f 1114 1761 3623
f 1153 1760 3711
f 1760 3667 3711
f 3666 1189 1152
f 3539 1038 1814
f 1037 1038 3538
f 1815 1038 1037
f 1038 1838 3538
f 1838 1038 3539
f 3578 1815 1074
f 1790 3578 1074
f 1814 3578 1075
f 1038 3578 1814
f 3578 1038 1815
f 3577 1815 1037
f 1816 3577 1037
f 1815 3577 1074
f 1861 1003 3501
f 1883 1861 3501
f 1861 1883 3500
f 1838 1861 3500
f 1861 1838 1003
f 2558 2546 3244
f 3243 2546 2558
f 3210 2571 3209
f 3210 3209 2560
f 2568 764 3212
f 764 2568 3182
f 765 2568 3212
f 2568 765 3182
f 3211 764 2569
f 764 3211 2558
f 2021 3275 3276
f 2065 745 3152
f 3184 2050 746
f 2050 3185 746
f 3185 2050 767
f 3245 2557 3244
f 2558 2557 3212
f 2557 2558 3244
f 2546 807 3244
f 807 2546 3273
f 2535 827 3299
f 2535 3273 3272
f 827 2535 3272
f 3271 2536 3272
f 2536 827 3272
f 827 2536 3298
f 805 3271 3272
f 805 2548 3271
f 2548 805 3242
f 2485 3354 902
f 2485 3387 3354
f 3419 2485 902
f 2485 3419 931
f 3325 2524 850
f 2497 876 3388
f 2512 3324 2513
f 875 2512 2513
f 2512 3325 850
f 2525 2512 850
f 3324 2512 2525
f 1993 840 3287
f 840 1993 3313
f 1976 840 3313
f 863 1976 1977
f 3342 864 1958
f 3339 1961 1960
f 1961 3339 861
f 3440 948 1894
f 865 1974 3342
f 1974 865 3343
f 865 1956 3343
f 1956 1955 3343
f 1955 892 1954
f 1154 1759 3712
f 1759 1154 3669
f 1118 3627 1757
f 1957 3342 1958
f 1957 865 3342
f 865 1957 1956
f 1959 3370 1958
f 3283 836 1997
f 3282 3283 2014
f 2028 3223 773
f 3223 2028 795
f 2093 714 2092
f 2081 714 3129
f 714 2093 3129
f 817 3285 3286
f 3285 838 3286
f 3312 3311 1978
f 838 3311 3312
f 1978 3311 861
f 3311 1979 861
f 3305 833 2001
f 2000 833 3306
f 3306 833 1984
f 833 3305 1984
f 833 2000 3280
f 833 3279 2001
f 3279 833 3280
f 815 3253 2014
f 3253 815 3254
f 3283 815 2014
f 2031 3220 792
f 3280 2017 812
f 2016 2017 3280
f 2017 3250 812
f 2015 814 3252
f 814 2015 3282
f 3164 757 2577
f 757 3204 2577
f 3204 757 3195
f 757 3164 736
f 2587 3166 3167
f 3166 2575 3167
f 2588 2587 719
f 2588 738 2587
f 2599 2588 719
f 737 2589 3164
f 737 3164 2577
f 737 758 3172
f 758 737 2577
f 2588 737 3172
f 3050 2634 3078
f 3050 663 681
f 2634 3050 681
f 3134 2598 719
f 3134 3141 2598
f 2587 3134 719
f 3141 3134 2587
f 2715 2911 589
f 590 2911 2714
f 2911 601 2714
f 2911 2715 601
f 3116 702 3115
f 702 2619 3115
f 702 3116 3107
f 702 3107 3109
f 2619 702 3109
f 682 2633 3078
f 2633 682 3051
f 2633 3050 3078
f 3050 2633 3051
f 649 2654 3027
f 2642 649 3027
f 2653 649 2642
f 2654 649 3002
f 649 2653 3002
f 2655 648 3001
f 648 2654 3001
f 3090 3085 3063
f 3085 3086 3063
f 685 3054 2630
f 3089 685 2630
f 3054 685 3061
f 3085 3083 2617
f 3083 3085 3090
f 759 3203 2575
f 3166 759 2575
f 2576 3165 3172
f 3165 2588 3172
f 2588 3165 738
f 2576 3201 3198
f 3201 2576 3197
f 3201 779 3198
f 3201 2565 779
f 2565 3201 3197
f 3168 2587 3167
f 3168 3169 2587
f 2575 3168 3167
f 3169 3168 2575
f 3170 739 2587
f 3169 3170 2587
f 739 3170 3171
f 3170 2575 3171
f 3170 3169 2575
f 2349 1167 3726
f 1167 2350 3726
f 1167 2349 1130
f 2350 1129 1166
f 1166 2351 3725
f 2351 1165 3725
f 1165 2351 1128
f 2296 3809 3
f 3808 2296 2
f 2280 68 3846
f 3598 2367 3641
f 2385 1057 3600
f 982 983 3476
f 983 2448 3476
f 2448 983 3477
f 2447 3478 2465
f 2465 3478 952
f 2446 3478 2427
f 3478 2464 952
f 2464 3478 2446
f 3442 2482 952
f 2464 3442 952
f 3442 2464 2481
f 2482 3442 3408
f 3442 2481 3408
f 929 2472 3418
f 993 2436 2417
f 2436 992 2417
f 2472 3452 3418
f 2457 2439 3486
f 3449 2457 958
f 2457 3486 958
f 2439 2457 3485
f 2455 2456 3487
f 2438 3486 991
f 2438 2456 3486
f 2438 991 3487
f 2456 2438 3487
f 3524 2400 1026
f 1173 2342 3690
f 2342 1173 3734
f 2359 1099 2380
f 3691 2342 3734
f 3691 1136 2342
f 2520 3346 869
f 2519 2520 869
f 3317 2520 2519
f 2520 3316 2521
f 3346 2520 2521
f 843 2533 3317
f 2520 2533 3316
f 2533 2520 3317
f 3316 2533 3290
f 2533 843 3290
f 3318 844 2519
f 844 3317 2519
f 844 843 3317
f 844 3318 2531
f 2494 895 3410
f 895 3377 3410
f 2495 2509 3344
f 3377 2509 2495
f 2509 2521 3344
f 2005 830 3276
f 3302 830 2005
f 830 2004 3276
f 830 3302 2004
f 3494 1890 1891
f 3494 1891 3493
f 3494 1868 3495
f 1890 3494 3495
f 997 3494 3493
f 1868 3494 997
f 3425 935 1910
f 3458 1911 965
f 3458 1889 1910
f 1889 3458 965
f 935 3458 1910
f 3458 935 1911
f 1928 3427 909
f 1928 937 3427
f 1930 3425 3393
f 935 907 3424
f 907 935 3425
f 3424 907 1931
f 907 3392 1931
f 1930 907 3425
f 907 1930 3392
f 3459 936 1910
f 1889 3459 1910
f 3459 1889 966
f 3459 1909 936
f 1909 3459 966
f 1909 1888 3460
f 1909 966 1888
f 3360 1930 3393
f 1930 3360 3392
f 908 1949 3393
f 1949 3360 3393
f 1949 1968 1969
f 3332 1968 1967
f 856 3332 1967
f 3332 856 1985
f 1986 3305 3304
f 3305 1986 1985
f 1987 1986 3304
f 3303 1987 3304
f 3302 3303 2004
f 995 3491 2414
f 3491 995 2433
f 995 2414 2413
f 2432 995 2413
f 2433 995 2432
f 4198 1390 4197
f 1403 1390 4187
f 4187 1390 379
f 1390 4198 379
f 4214 4209 405
f 391 4214 405
f 4214 391 4209
f 1370 404 4221
f 1370 418 404
f 1370 1371 4235
f 1356 1370 4235
f 4220 1370 4221
f 1370 4220 1371
f 4236 1355 4237
f 418 4236 4237
f 4236 434 1355
f 4236 1370 1356
f 1370 4236 418
f 4236 1356 4253
f 434 4236 4253
f 4225 420 406
f 4225 1367 420
f 4225 406 4210
f 4239 1353 4242
f 1367 4239 4242
f 4239 1367 419
f 4239 419 4238
f 1353 4239 435
f 4239 1354 435
f 1354 4239 4238
f 1367 4224 419
f 4224 1380 405
f 1380 4224 4210
f 4224 4225 4210
f 4225 4224 1367
f 460 462 1330
f 462 461 1330
f 1316 1314 4278
f 1314 1313 4278
f 1314 1316 4294
f 1313 1314 4294
f 483 1313 4294
f 1294 483 4294
f 4312 483 1294
f 447 1349 1351
f 1349 4243 1351
f 1331 4261 1332
f 4261 1331 1329
f 465 1331 1332
f 1331 465 1329
f 4261 1334 1332
f 1334 4261 1333
f 464 1334 1333
f 1334 465 1332
f 465 1334 464
f 465 4295 1311
f 1255 1256 4348
f 514 1256 515
f 1256 1255 515
f 511 512 4348
f 4348 512 1257
f 512 510 1257
f 510 512 1277
f 497 493 515
f 1276 497 515
f 493 497 4311
f 4311 498 1295
f 498 1296 1295
f 498 1276 4330
f 1275 498 4330
f 4329 1278 1277
f 4329 514 515
f 1278 4329 515
f 512 4329 1277
f 4329 512 511
f 494 4311 1277
f 1278 494 1277
f 499 1275 4331
f 498 499 4312
f 499 498 1275
f 1296 1298 479
f 1298 498 4312
f 498 1298 1296
f 4296 466 1311
f 1323 4269 4268
f 1323 4284 4285
f 1323 4285 469
f 1324 1323 4268
f 1323 1324 4284
f 4286 1323 469
f 4269 1323 4286
f 1322 4269 4286
f 4270 1322 4287
f 450 1322 4270
f 4269 1322 450
f 1322 1304 4287
f 1322 4286 1304
f 1373 4232 4218
f 1372 4232 4233
f 4232 1372 4218
f 4249 1342 4268
f 1341 4249 4268
f 4249 432 1342
f 4252 4251 1340
f 4251 450 1340
f 4251 1341 450
f 1357 4251 4252
f 433 4251 1357
f 4283 1324 1325
f 468 4283 1325
f 1324 4283 4284
f 4283 1307 4284
f 4283 468 1307
f 4315 504 1289
f 4316 4298 1289
f 504 4316 1289
f 4306 1283 4324
f 1283 4323 4324
f 4272 4288 1320
f 4288 1321 4287
f 1303 4288 4287
f 451 4288 4272
f 4288 451 1321
f 1406 1407 1394
f 4184 4183 1393
f 4183 1406 1393
f 4183 358 1406
f 371 1395 4192
f 372 371 4192
f 371 372 1395
f 376 4193 1394
f 369 376 1394
f 376 369 4193
f 375 1396 4192
f 369 375 4192
f 375 369 1396
f 4228 409 1377
f 4230 431 1360
f 385 1388 402
f 1388 4202 402
f 1388 384 4202
f 4216 396 415
f 395 401 381
f 397 395 381
f 395 4216 401
f 395 397 4216
f 389 4205 403
f 4205 1384 403
f 1384 4205 389
f 1372 4219 4204
f 4219 1384 4204
f 1384 4219 403
f 4219 1372 417
f 4219 1371 403
f 1371 4219 417
f 4204 1385 4218
f 1385 4203 4218
f 1385 4204 4192
f 388 385 402
f 4203 388 402
f 388 4191 385
f 4191 388 4192
f 388 1385 4192
f 1385 388 4203
f 4357 1244 524
f 4358 1244 4357
f 1244 4340 524
f 1244 4358 4340
f 430 1361 4228
f 430 431 1361
f 431 430 4245
f 2211 182 4006
f 205 2211 4006
f 182 2211 3980
f 2211 2210 3980
f 4008 183 206
f 183 4008 2209
f 2210 183 3981
f 183 3982 3981
f 3982 183 2209
f 4007 2200 206
f 4007 4031 2200
f 183 4007 206
f 4007 183 2210
f 4031 4007 205
f 4007 2211 205
f 2211 4007 2210
f 3979 3978 2213
f 2223 3978 3979
f 3978 2223 155
f 3978 180 2213
f 2224 3978 155
f 180 3978 3977
f 3978 2224 3977
f 2377 3566 1063
f 3566 2377 1064
f 3566 2398 1063
f 2398 3566 1027
f 3650 1100 1138
f 3650 2357 3607
f 2378 3607 1063
f 1100 2378 1063
f 2378 3650 3607
f 3650 2378 1100
f 1213 2321 3737
f 3778 1213 2304
f 1213 3778 2321
f 2339 3694 2357
f 1176 2339 3737
f 3694 2339 1176
f 3696 3739 2336
f 1140 3696 3653
f 3696 1141 3653
f 3696 2336 1141
f 2320 1214 3739
f 1177 2320 3739
f 2320 1177 3738
f 2303 2320 3738
f 1214 2320 2303
f 2337 3696 1140
f 2337 1177 3739
f 3696 2337 3739
f 3740 2318 3741
f 3781 2318 2301
f 3780 2319 2302
f 2319 1214 2302
f 1214 2319 3739
f 1178 3740 2335
f 2336 1178 1141
f 1178 2319 3740
f 3739 1178 2336
f 2319 1178 3739
f 3697 3654 2353
f 3697 1179 3654
f 1179 3697 2335
f 1141 3697 2353
f 1178 3697 1141
f 3697 1178 2335
f 44 2285 3818
f 2285 3779 11
f 12 2285 2284
f 2285 12 2302
f 3779 2285 2302
f 3915 97 3914
f 97 3915 98
f 3847 69 2278
f 3881 2279 68
f 3847 3881 69
f 3881 3847 2279
f 3881 97 98
f 97 3881 68
f 3811 38 2293
f 7 6 2291
f 2293 6 3772
f 2290 3815 2289
f 40 2290 3814
f 2290 40 3815
f 2290 2291 3814
f 2290 7 2291
f 2290 3774 7
f 2306 2323 1211
f 3775 2306 1211
f 3850 39 2276
f 3850 3885 2275
f 1173 2325 3734
f 1209 3732 2327
f 2327 3732 2344
f 3768 2313 1205
f 2313 2330 1205
f 2313 3768 2
f 2296 2313 2
f 2313 2296 3
f 2347 2365 3642
f 2347 3686 2365
f 2347 1169 3686
f 2347 3642 3685
f 3728 2347 3685
f 1169 2347 3728
f 3850 71 3885
f 3884 71 2276
f 71 3850 2276
f 2274 72 3886
f 2274 40 72
f 2274 3886 3852
f 41 2274 3852
f 40 2274 3815
f 2274 41 3815
f 129 2235 2247
f 129 2236 2235
f 2250 3917 2263
f 2261 3919 101
f 2261 71 3884
f 3885 2261 101
f 71 2261 3885
f 3883 3884 3849
f 70 3883 3849
f 3882 3848 2278
f 70 3848 3882
f 3848 3811 2278
f 3811 3848 38
f 3921 2245 132
f 2245 131 2233
f 2245 3920 131
f 3952 2245 2233
f 132 2245 3952
f 103 2258 2244
f 2244 2258 132
f 2258 3921 132
f 2258 103 3887
f 3921 2258 3887
f 2251 3916 98
f 3916 2251 127
f 2250 3916 127
f 3916 2250 2263
f 3882 3916 2263
f 2361 3646 1135
f 3646 2361 1097
f 3603 2361 1135
f 2361 3603 1097
f 2382 1059 1097
f 3603 2382 1097
f 1059 2382 3561
f 1022 3560 2404
f 1022 2405 3560
f 2405 1022 3519
f 3520 1022 2404
f 1021 2405 3519
f 1133 3601 1095
f 3644 1133 1095
f 3601 1133 2363
f 3816 2272 42
f 3816 41 2272
f 3815 3816 2289
f 41 3816 3815
f 3777 1213 3737
f 1213 3777 2304
f 3777 10 2304
f 2244 2243 3922
f 2243 2242 3923
f 2243 2257 3922
f 2243 3923 104
f 2257 2243 104
f 2191 2192 245
f 2191 4055 2192
f 4055 2191 246
f 2191 245 4076
f 246 2191 4076
f 247 4077 2182
f 247 2190 4077
f 4078 247 2182
f 247 4078 2189
f 4056 4032 2200
f 2190 4056 2200
f 4032 4056 227
f 4056 247 227
f 247 4056 2190
f 184 3982 2209
f 4008 184 2209
f 207 184 4008
f 3983 2219 3982
f 184 3983 3982
f 3983 184 2208
f 2219 3983 160
f 185 3983 2208
f 3983 185 3984
f 3984 186 3985
f 270 4103 1489
f 270 1477 4103
f 2169 2163 286
f 269 4083 2177
f 2169 269 4101
f 2164 4116 298
f 4082 2185 2178
f 269 4082 2178
f 4082 269 2177
f 2184 252 4062
f 252 2184 4083
f 3892 106 2253
f 3892 77 106
f 3892 78 2267
f 3891 2254 106
f 77 3891 106
f 3891 76 2255
f 2254 3891 2255
f 3891 2269 76
f 3891 77 3856
f 2269 3891 3856
f 3821 45 2267
f 45 3820 3856
f 45 2283 3820
f 2283 45 3821
f 3782 2299 1217
f 2317 3782 1217
f 3956 2216 162
f 2216 3956 2229
f 106 3926 2253
f 2240 3926 106
f 3926 2240 136
f 2239 3926 136
f 3957 2240 2228
f 2240 3957 136
f 3957 2227 136
f 162 2215 2228
f 2215 3957 2228
f 2226 137 3958
f 137 2239 3958
f 137 3959 1593
f 3959 137 2226
f 3989 1553 1554
f 1553 3959 1554
f 2195 4036 230
f 249 4058 4079
f 2187 4058 249
f 2196 4059 230
f 4036 2196 230
f 2196 4036 209
f 4019 1514 216
f 252 1503 4062
f 4167 2149 2147
f 4167 349 1425
f 349 4167 2147
f 2149 325 334
f 2153 325 4144
f 325 2152 4144
f 334 325 4155
f 325 2153 4155
f 313 4145 4132
f 2152 4145 313
f 3930 1612 3896
f 3930 1591 1612
f 3930 1592 139
f 1591 3930 139
f 3860 1637 3894
f 80 3860 3894
f 3860 3823 1637
f 109 3928 1593
f 1615 3928 109
f 3928 1615 108
f 1611 3897 111
f 3897 1611 82
f 3897 1612 111
f 1612 3897 3896
f 3897 3862 3896
f 1634 3897 82
f 3897 1634 3862
f 3931 1611 111
f 1612 3931 111
f 1589 3931 1590
f 1611 3931 1589
f 3931 1591 1590
f 1591 3931 1612
f 1638 3858 3893
f 3858 78 3893
f 78 3858 2267
f 3822 1638 47
f 1663 3822 47
f 3824 16 1662
f 3527 2416 993
f 2415 2416 3528
f 2416 1028 3528
f 2416 3527 1028
f 2416 2415 2435
f 993 2416 2435
f 2397 3526 1027
f 2397 3527 3526
f 3566 2397 1027
f 3527 2397 1028
f 2397 3567 1028
f 3567 2397 1064
f 2397 3566 1064
f 3567 2396 1028
f 1028 2396 3528
f 2396 1029 3528
f 1029 2396 3568
f 1102 2356 3652
f 14 3783 2299
f 3782 14 2299
f 3822 14 2282
f 14 2283 2282
f 14 3782 2283
f 3783 14 1663
f 14 3822 1663
f 1572 3961 139
f 1592 1572 139
f 1572 1592 3960
f 1552 1572 3960
f 1572 1552 3961
f 1570 141 1589
f 3963 141 1570
f 141 3963 1569
f 1588 141 1569
f 141 3932 1589
f 141 1588 3932
f 1551 167 3962
f 167 1550 3962
f 167 1551 3991
f 1549 168 3993
f 168 1550 3993
f 3963 168 1549
f 1550 168 3963
f 3862 81 3896
f 1635 81 3862
f 81 1635 3861
f 3896 81 3895
f 81 3861 3895
f 49 3824 3861
f 1635 49 3861
f 49 1635 3862
f 15 3784 1689
f 3784 15 1662
f 1716 3784 3744
f 1218 3783 1689
f 3783 1218 1717
f 3784 1218 1689
f 1218 3784 1716
f 1717 1218 3743
f 1218 1716 3743
f 3746 3703 1183
f 1741 3703 3746
f 3703 1146 1183
f 3703 1768 1146
f 3703 1741 3660
f 1768 3703 3660
f 3748 1712 1711
f 1712 3748 3747
f 3788 1712 1685
f 1713 3747 3746
f 1713 3746 1220
f 1686 1713 1220
f 201 224 4029
f 1520 201 4029
f 201 1521 4028
f 224 201 4028
f 201 4002 1521
f 201 1520 4002
f 1543 3999 1542
f 3999 1543 173
f 3998 1544 172
f 3999 3998 1525
f 3998 3999 173
f 1544 3998 173
f 200 223 4028
f 1521 200 4028
f 1522 200 1521
f 200 1522 4027
f 223 200 4027
f 4025 4049 221
f 4049 1507 221
f 1507 4049 241
f 4049 4025 220
f 198 3999 1525
f 4025 198 1525
f 3999 198 1524
f 198 4025 221
f 198 4026 1524
f 4026 198 221
f 4050 4026 221
f 1507 4050 221
f 1506 4050 242
f 4050 1507 242
f 121 1600 3942
f 121 3943 1599
f 3875 3909 93
f 3910 3876 93
f 1579 120 3941
f 120 1579 1600
f 91 120 1600
f 120 91 3907
f 1559 1579 149
f 3972 1559 149
f 3973 1559 3972
f 176 3972 1540
f 176 3973 3972
f 3973 176 1539
f 4002 176 1540
f 4003 176 4002
f 176 4003 1539
f 1556 152 3975
f 152 1556 3976
f 1556 3975 179
f 1556 179 1536
f 3976 1556 1536
f 1576 3944 1577
f 152 1576 1577
f 1576 123 3944
f 123 1576 3945
f 1576 1575 3945
f 1576 152 1575
f 151 1557 1577
f 151 3974 1557
f 3943 151 1577
f 1644 62 3841
f 62 1644 3840
f 30 1644 3841
f 1644 1645 3840
f 62 3877 1618
f 3877 95 1618
f 95 3877 3911
f 3910 94 3876
f 94 1619 3876
f 3876 1619 3839
f 1619 1645 3839
f 1619 62 3840
f 1645 1619 3840
f 1619 3877 62
f 3877 1619 3911
f 1619 94 3911
f 1697 3762 3761
f 1698 3761 1726
f 3760 1698 1726
f 1155 1730 1757
f 3627 1155 1757
f 1730 1702 3757
f 3756 1702 1730
f 1702 3797 3757
f 1732 3755 1191
f 3755 1732 1704
f 1191 1731 3712
f 3755 1731 1191
f 1731 1154 3712
f 1154 1731 3669
f 1673 3798 1647
f 3798 27 1647
f 27 3798 1674
f 3798 1230 1674
f 1230 3798 1673
f 3834 3835 1650
f 57 3835 3834
f 1650 3835 1649
f 3835 58 1649
f 1602 3906 89
f 1603 1602 89
f 1602 1603 3939
f 1581 1602 3939
f 1602 1581 3940
f 1624 3835 57
f 58 1624 3872
f 3835 1624 58
f 3906 3871 89
f 3871 1624 57
f 1624 3871 3906
f 90 3907 3872
f 1624 90 3872
f 90 1624 3906
f 222 1523 4026
f 4050 222 4026
f 222 4050 1506
f 4027 222 4051
f 222 1506 4051
f 175 4002 1540
f 175 4001 4002
f 4001 175 1541
f 1560 175 1540
f 175 3971 1541
f 3971 175 1560
f 1523 199 4000
f 199 4001 4000
f 199 222 4027
f 222 199 1523
f 1522 199 4027
f 4001 199 1522
f 177 1558 3973
f 1558 177 3974
f 1558 1559 3973
f 151 1558 3974
f 1646 61 3839
f 3838 61 1646
f 3875 61 3838
f 61 3876 3839
f 3831 54 3868
f 55 3831 3868
f 3831 55 1654
f 54 3831 1655
f 1655 3831 22
f 3831 1654 22
f 3901 115 3902
f 85 3866 3900
f 1630 3866 85
f 3866 1631 3900
f 3866 1630 53
f 1631 3866 3829
f 3866 53 3829
f 239 1511 4070
f 239 1510 218
f 1511 239 218
f 1512 4046 218
f 4046 1511 218
f 4070 1496 258
f 1511 1496 4070
f 258 1496 4090
f 1466 295 1455
f 307 4126 1458
f 1469 4126 293
f 4126 1469 1458
f 4112 295 1466
f 289 4106 1474
f 274 1485 4088
f 290 1461 4123
f 1472 290 4123
f 290 1472 4107
f 275 1484 4108
f 1484 275 4089
f 4108 1484 4107
f 1484 274 4107
f 1485 1484 4089
f 1484 1485 274
f 4105 1474 273
f 4105 288 1474
f 1530 3994 3993
f 1548 3964 1549
f 1588 142 1587
f 3964 142 1588
f 1587 1567 143
f 3996 1528 1527
f 3996 170 3995
f 1528 3996 3995
f 4019 1531 192
f 4020 193 216
f 193 4019 216
f 1530 193 4020
f 193 1531 4019
f 193 1530 3993
f 1531 193 3993
f 192 4018 215
f 4066 235 1500
f 1515 235 4066
f 4087 255 1500
f 4086 4087 1500
f 4068 4045 237
f 4045 4068 1497
f 1497 4068 257
f 4068 4089 257
f 1465 300 4133
f 300 299 4132
f 299 300 4118
f 1477 287 4103
f 4120 4119 301
f 4119 1465 301
f 287 4119 4120
f 4119 287 1477
f 2157 313 4132
f 299 2157 4132
f 2171 4115 2165
f 284 2171 2165
f 4115 2171 4099
f 268 2178 4081
f 2179 268 4081
f 268 2179 4099
f 2171 268 4099
f 63 1643 3841
f 1643 63 64
f 3878 63 1618
f 63 62 1618
f 62 63 3841
f 1617 3878 96
f 3879 1617 96
f 1617 3879 64
f 63 1617 64
f 1617 63 3878
f 1643 3842 1642
f 3842 1643 64
f 3842 64 1616
f 3842 3843 1642
f 65 3843 1616
f 3843 3842 1616
f 3843 65 1640
f 1234 1696 3762
f 1234 1697 1669
f 1697 1234 3762
f 3803 1234 1669
f 1696 1234 3803
f 1198 1723 3763
f 1723 3720 3763
f 3720 1723 3677
f 3721 1723 1198
f 390 4195 1383
f 404 390 1383
f 1381 4212 4223
f 4209 1381 405
f 1381 4223 405
f 1381 4209 4197
f 4212 1381 4197
f 4208 1382 4222
f 4212 4208 4222
f 4208 4196 1382
f 4208 4212 4196
f 377 1405 4184
f 1405 4188 4184
f 1405 377 1392
f 4185 1405 1392
f 1405 4185 362
f 1415 1405 362
f 4188 1405 1415
f 1201 1238 1691
f 3766 1238 1201
f 1238 3766 1692
f 1691 1238 1664
f 1238 1692 1664
f 1236 3765 1199
f 1236 1694 1667
f 1666 1236 1667
f 3764 1236 1199
f 1236 3764 1694
f 3765 1693 1237
f 1693 1666 1237
f 1236 1693 3765
f 1693 1236 1666
f 33 1666 1667
f 3804 33 1667
f 3510 1851 1011
f 1851 3509 1011
f 1872 1893 979
f 1872 980 1893
f 3511 1872 1850
f 1872 3511 1871
f 980 1872 1871
f 819 2008 3258
f 2009 819 3258
f 2008 819 3287
f 819 2009 3287
f 2026 797 3224
f 797 2040 3224
f 797 3225 2040
f 775 2041 3224
f 2040 775 3224
f 775 2040 3194
f 754 775 3194
f 775 754 2041
f 3225 776 2039
f 2023 776 2024
f 755 776 2023
f 776 755 2039
f 3634 1086 1776
f 1086 3634 1087
f 3592 1086 1087
f 1123 1086 3633
f 1086 1123 1776
f 1800 3592 1087
f 1800 3593 1050
f 3593 1800 1087
f 1049 1800 1050
f 3589 1803 1047
f 1048 1803 3590
f 1047 1803 3549
f 1803 1048 3549
f 1084 3589 3631
f 1084 3631 1121
f 1778 1084 1121
f 1084 1778 3590
f 1803 1084 3590
f 1084 1803 3589
f 1805 1082 3588
f 1829 3547 1828
f 3509 1829 1828
f 3629 1780 1082
f 1780 3629 1120
f 1082 1780 3588
f 1780 1120 3630
f 1083 1780 3630
f 3588 1780 1083
f 1085 1802 3590
f 1802 1048 3590
f 1778 3675 1752
f 3675 1159 1752
f 3675 1778 1121
f 1753 3675 1121
f 1159 3675 1753
f 1159 3718 1752
f 3718 1725 1752
f 1725 3718 1196
f 3718 1159 1753
f 3718 1726 1196
f 3718 1753 1726
f 305 4124 1460
f 4124 305 1459
f 275 4109 1483
f 1470 4109 275
f 1483 4109 276
f 4109 1470 292
f 4109 1469 276
f 1469 4109 292
f 4150 1439 319
f 1448 4150 319
f 4150 1448 318
f 4150 318 1440
f 1439 4150 4162
f 4173 1420 354
f 1420 4173 1430
f 4173 340 1430
f 331 1439 4162
f 1439 331 1438
f 331 4163 1438
f 4163 331 341
f 4149 317 1441
f 317 4149 4136
f 317 4148 1441
f 4172 1420 1430
f 4172 339 1420
f 1451 1450 303
f 1450 1451 4136
f 1451 317 4136
f 1451 4135 4148
f 317 1451 4148
f 1442 316 4147
f 316 1452 4147
f 1452 316 4135
f 316 1442 4148
f 4135 316 4148
f 2765 2861 2751
f 561 2861 2765
f 2861 573 2751
f 2858 561 2766
f 2858 2861 561
f 2743 2758 568
f 2758 2743 2848
f 2758 2848 556
f 2758 2847 568
f 2847 2758 556
f 2787 544 2827
f 544 2787 2826
f 2826 2787 533
f 2787 2807 533
f 534 2787 2827
f 2807 2787 534
f 2846 2773 2774
f 2760 2846 2774
f 2773 2846 555
f 555 2846 2759
f 2845 2774 2775
f 2761 2845 2775
f 2889 578 577
f 578 2867 577
f 2731 578 2889
f 578 579 2745
f 2845 566 2760
f 566 2845 2761
f 566 2761 2747
f 2867 566 2747
f 3010 3009 2648
f 3009 3008 2648
f 2661 3009 3010
f 3008 3009 2661
f 2679 617 2954
f 2977 2679 2680
f 2679 2954 616
f 2680 2679 616
f 603 2934 2712
f 3030 2639 3056
f 3038 3030 3056
f 2639 3030 3037
f 3037 3030 2650
f 3030 3038 2650
f 3350 3349 3382
f 2503 3350 872
f 3350 3383 872
f 2516 846 3320
f 2516 3320 2517
f 2516 2503 872
f 2516 3350 2503
f 2516 872 2515
f 3349 2516 2517
f 3350 2516 3349
f 873 2501 2514
f 2501 873 3352
f 2514 2501 874
f 2501 3352 874
f 2488 3383 3416
f 2488 900 3383
f 634 2978 2977
f 634 2666 2665
f 634 2977 2666
f 2664 634 2665
f 634 2664 2978
f 2663 2664 3004
f 2725 582 2894
f 582 2725 2895
f 2856 559 2754
f 559 2851 2754
f 559 2856 2768
f 2851 559 2768
f 2879 572 2874
f 572 2879 2738
f 584 2879 2874
f 2738 2879 584
f 2708 2937 2691
f 2937 2708 606
f 2958 2676 2675
f 619 2676 2958
f 2675 2676 2988
f 2676 2980 2988
f 2676 619 2677
f 2980 2676 636
f 2918 608 2706
f 608 607 2690
f 607 608 2918
f 2919 608 2689
f 2706 608 2919
f 2917 607 2707
f 607 2917 2708
f 595 2917 2707
f 2708 2917 2896
f 2917 595 2896
f 3177 2584 3176
f 740 3177 761
f 740 2584 3177
f 883 1946 1965
f 1946 3364 1965
f 3365 1963 1964
f 1923 913 3399
f 1923 941 3432
f 913 1923 3432
f 1964 3335 1965
f 3306 1983 834
f 857 1983 3306
f 3333 857 1984
f 3333 1966 857
f 856 3333 1984
f 3333 856 1967
f 1966 3333 1967
f 734 2055 3162
f 2067 734 3162
f 2027 3223 795
f 2027 3256 796
f 3256 2027 795
f 2041 2027 796
f 3223 2027 2041
f 3256 2011 817
f 2011 3285 817
f 2995 2993 643
f 2993 2995 2137
f 2095 2094 3100
f 658 2132 3019
f 2114 660 2122
f 3046 2114 2122
f 696 2093 2092
f 2103 696 2091
f 696 2092 2091
f 2093 713 3129
f 713 2093 2094
f 687 2626 3092
f 688 687 3092
f 2101 3093 2102
f 2077 2089 2090
f 3149 724 2592
f 724 2603 2592
f 2603 724 2591
f 742 2582 3179
f 2581 742 3180
f 723 2581 2592
f 2604 723 2592
f 706 2602 2090
f 2591 3150 2078
f 724 3150 2591
f 3151 2579 2065
f 3150 3151 2078
f 3151 3150 2579
f 3016 2135 2136
f 2129 3016 2136
f 2119 3042 656
f 1794 1109 1071
f 1109 3575 1071
f 3575 1109 1072
f 1109 1147 3617
f 1147 1109 3660
f 1768 1109 1794
f 1109 1768 3660
f 1793 1109 3617
f 1109 1793 1072
f 3573 1819 1820
f 1821 3573 1820
f 3572 3573 1821
f 3573 3572 1070
f 3665 1113 1763
f 1113 3665 1151
f 1076 1788 3622
f 1788 1113 3622
f 1113 1788 1076
f 1225 1680 1707
f 1680 1225 1708
f 1764 1112 1790
f 1112 1789 1075
f 1792 1110 3618
f 1110 1792 3576
f 1738 3749 3750
f 3749 1738 1186
f 3661 1148 1766
f 3705 1148 3661
f 1766 1148 3662
f 1148 3705 3662
f 3747 1740 1184
f 3748 1740 3747
f 1222 3788 1684
f 1712 1222 1711
f 1222 1712 3788
f 882 1966 1967
f 3363 882 3395
f 1759 1116 3668
f 1116 1759 3669
f 1116 1079 3625
f 3540 3541 1836
f 1760 1115 3667
f 1115 1761 3667
f 1734 3753 3710
f 1734 1189 3753
f 1734 3710 1152
f 1189 1734 1152
f 3752 1225 1707
f 1225 3752 1188
f 3709 1189 3666
f 1188 3709 1151
f 3619 1791 1111
f 1791 3619 1074
f 3577 1791 1074
f 3576 1073 1816
f 1073 3577 1816
f 1792 1073 3576
f 1073 1792 3618
f 1073 1791 3577
f 1111 1073 3618
f 1791 1073 1111
f 3243 806 2546
f 3273 806 3272
f 2546 806 3273
f 3243 784 3242
f 3242 784 2560
f 784 3210 2560
f 763 2569 3180
f 763 3211 2569
f 3211 763 3210
f 2579 744 2065
f 744 2579 3182
f 765 744 3182
f 2052 744 765
f 748 2048 3187
f 3217 2048 768
f 2048 3186 768
f 3186 2048 748
f 2048 769 3187
f 2048 3217 769
f 3186 2062 747
f 2062 748 2061
f 2062 3186 748
f 3251 2017 2016
f 3251 791 3250
f 2017 3251 3250
f 809 2021 3276
f 2021 809 3247
f 3275 2022 808
f 2021 2022 3275
f 2022 3245 808
f 2037 2021 3247
f 787 2037 3214
f 832 2003 3304
f 2003 3303 3304
f 3250 2018 812
f 2018 3279 812
f 2051 2052 3214
f 745 2051 3184
f 2036 3248 789
f 2049 3185 767
f 3216 2049 767
f 3185 2049 747
f 2049 3186 747
f 2049 3216 768
f 3186 2049 768
f 3217 2033 769
f 791 2033 3250
f 2035 3216 789
f 3248 2035 789
f 2022 2038 3245
f 3245 2545 808
f 2545 3245 3244
f 807 2545 3244
f 2005 829 3301
f 3275 829 2005
f 828 2534 3273
f 2535 828 3273
f 828 2535 3299
f 2537 826 3271
f 826 2536 3271
f 826 2537 3297
f 2536 826 3298
f 2525 826 3297
f 826 2525 3298
f 2547 805 3272
f 806 2547 3272
f 2547 806 3243
f 2547 3243 3242
f 805 2547 3242
f 2469 931 3453
f 3420 2485 931
f 2485 3420 3387
f 2469 3420 931
f 3387 3355 3354
f 876 3355 3388
f 3355 2484 3388
f 3330 1970 1969
f 934 935 3424
f 935 934 1911
f 2499 875 3354
f 2499 2512 875
f 3340 863 1977
f 863 3340 1959
f 862 3340 1977
f 1959 3340 1960
f 3340 862 1960
f 863 3341 1976
f 864 3341 1958
f 3341 1959 1958
f 3341 863 1959
f 3314 840 1976
f 1963 3336 1964
f 1963 3366 1962
f 3366 1923 3399
f 1923 3366 3398
f 1942 1961 1962
f 941 1903 3432
f 3465 1903 941
f 971 1903 3465
f 948 3439 1895
f 3439 3406 919
f 3374 892 3406
f 866 1973 3343
f 1955 866 3343
f 1973 866 1954
f 866 1955 1954
f 3439 947 1895
f 946 3438 3437
f 1896 947 3438
f 1998 3283 3282
f 3283 1998 836
f 836 1998 3309
f 3255 3254 2012
f 3255 2028 3254
f 2028 3255 795
f 3255 3256 795
f 3255 2011 3256
f 794 2029 2030
f 2028 794 3254
f 3222 2028 773
f 3222 794 2028
f 794 3222 2029
f 769 2047 3187
f 2069 2082 3159
f 2082 713 2094
f 713 2082 3129
f 2082 2081 3129
f 2082 2069 2081
f 2081 2068 2080
f 2068 2067 2080
f 3130 2081 2080
f 3130 714 2081
f 2092 3130 2080
f 714 3130 2092
f 1979 3338 861
f 3338 1961 861
f 1961 3338 1962
f 1980 3309 1981
f 3285 1995 838
f 1995 3311 838
f 2013 815 3283
f 3254 2013 2012
f 815 2013 3254
f 3220 771 2045
f 793 3220 2031
f 793 3253 2030
f 793 771 3220
f 3253 793 3252
f 793 2031 3252
f 3219 3220 2045
f 3220 3219 792
f 813 2015 3252
f 813 3252 792
f 3251 813 792
f 813 3251 2016
f 813 2016 3280
f 2566 778 3195
f 778 3204 3195
f 2565 778 3232
f 3232 778 3231
f 778 2566 3231
f 758 3196 3197
f 3196 2565 3197
f 3196 778 2565
f 757 3202 3195
f 2567 3202 756
f 3202 2567 777
f 3195 3202 777
f 2578 757 736
f 756 2578 3163
f 2578 736 3163
f 3202 2578 756
f 2578 3202 757
f 738 3175 2587
f 3175 3166 2587
f 3175 759 3166
f 3133 2600 2589
f 3133 2588 2599
f 737 3133 2589
f 3133 737 2588
f 3025 3050 3051
f 2643 665 2654
f 648 2643 2654
f 665 2643 3052
f 3087 3084 2617
f 3084 3085 2617
f 3086 3084 3087
f 3085 3084 3086
f 3061 2629 3063
f 685 2629 3061
f 2629 3090 3063
f 2629 685 3089
f 3200 2576 3198
f 3200 759 2576
f 759 3200 3203
f 779 3200 3198
f 3203 3200 779
f 1167 3683 2350
f 3683 1129 2350
f 2369 2390 1128
f 2390 2369 1091
f 35 3808 2281
f 35 2296 3808
f 2296 35 3809
f 35 2280 3809
f 36 2280 3846
f 2280 36 3809
f 2279 36 3846
f 36 2279 3810
f 36 3810 2295
f 3809 36 2295
f 3880 2280 67
f 2280 3880 68
f 3880 97 68
f 3880 67 2266
f 3880 2266 3914
f 97 3880 3914
f 1093 3598 3641
f 3598 1093 2387
f 1131 1093 3641
f 1093 1131 2366
f 3642 1093 2366
f 3599 1093 3642
f 1093 3599 2387
f 2367 2388 1092
f 3598 2388 2367
f 2388 3597 1092
f 3558 1057 2406
f 3559 1057 2385
f 3559 1095 1058
f 3559 2385 1095
f 2405 3559 1058
f 1057 3559 2406
f 1021 3559 2405
f 3559 1021 2406
f 2365 1094 3642
f 1094 3599 3642
f 1094 2365 1132
f 3600 1094 1132
f 2424 3520 987
f 2424 1022 3520
f 1022 2424 3519
f 2462 2479 3444
f 2481 2463 3443
f 2464 2463 2481
f 3517 2426 2427
f 1018 2429 3514
f 3515 2429 1018
f 3514 2429 982
f 2429 983 982
f 2428 3515 3516
f 2428 2429 3515
f 2429 2428 983
f 983 2428 3477
f 3478 984 2427
f 984 3478 2447
f 984 3516 2427
f 984 2428 3516
f 984 2447 3477
f 2428 984 3477
f 2487 929 3418
f 2487 3418 901
f 3385 2487 901
f 2487 3352 3384
f 3352 2487 3385
f 928 2473 3416
f 3490 3489 2435
f 3489 3490 2453
f 3489 993 2435
f 3489 2436 993
f 3452 930 3418
f 3418 930 2486
f 930 3419 2486
f 3419 930 2470
f 3485 957 2458
f 2457 957 3485
f 3448 957 2475
f 957 3448 2458
f 957 3449 2475
f 957 2457 3449
f 2436 3488 992
f 1025 2400 3524
f 3523 1025 2420
f 1025 3524 2420
f 3564 2399 1026
f 2400 3564 1026
f 1137 1099 2359
f 1099 1137 2379
f 1137 1174 3692
f 2342 2360 3690
f 1136 2360 2342
f 2360 3647 3690
f 3691 2341 2359
f 1137 2341 1174
f 2341 1137 2359
f 2341 3691 3734
f 2341 2324 1174
f 2324 2341 3734
f 3648 3691 2359
f 3691 3648 1136
f 3648 2359 2380
f 1136 3648 2380
f 843 2532 3290
f 844 2532 843
f 3290 2532 3291
f 2532 2531 3291
f 2532 844 2531
f 2509 867 2521
f 867 2509 3377
f 1891 963 2450
f 963 2451 2450
f 2451 3455 962
f 963 3455 2451
f 3455 963 2468
f 3426 937 1929
f 1909 3426 936
f 937 3426 3460
f 3426 1909 3460
f 936 3426 3393
f 3426 908 3393
f 908 3426 1929
f 1970 1950 1969
f 3360 1950 3392
f 880 1949 1969
f 1949 880 3360
f 1950 880 1969
f 880 1950 3360
f 3394 908 1929
f 937 3394 1929
f 1928 3394 937
f 3394 1928 909
f 855 3332 1985
f 1986 855 1985
f 3332 855 1968
f 3331 1986 1987
f 3331 3330 1969
f 3330 3331 1987
f 3331 855 1986
f 1968 3331 1969
f 855 3331 1968
f 1988 3303 3302
f 3303 1988 1987
f 1988 3302 853
f 3329 1988 853
f 3329 1971 1970
f 3358 1971 1952
f 1971 3329 853
f 3328 1971 853
f 378 1391 4197
f 1390 378 4197
f 1391 378 4186
f 378 1403 4186
f 378 1390 1403
f 4227 1368 419
f 4224 4227 419
f 1368 4227 405
f 4227 4224 405
f 462 1315 461
f 461 1315 455
f 1313 1315 460
f 1315 462 460
f 483 1315 1313
f 500 483 4312
f 500 499 4331
f 499 500 4312
f 1348 447 1346
f 1348 1349 447
f 4243 1348 1346
f 1349 1348 4243
f 444 438 1347
f 444 1347 442
f 1329 444 442
f 438 444 1329
f 446 447 1351
f 1347 446 1351
f 4262 446 1328
f 447 446 4262
f 4332 518 519
f 4351 1251 519
f 518 4351 519
f 4351 1253 4350
f 4351 4348 528
f 4351 4350 4348
f 1312 465 464
f 1312 4295 465
f 1312 464 463
f 485 4296 1311
f 4296 485 1291
f 513 1256 514
f 4329 513 514
f 513 4329 511
f 513 511 4348
f 1256 513 4348
f 495 497 1276
f 498 495 1276
f 497 495 4311
f 495 498 4311
f 496 1278 493
f 496 494 1278
f 496 493 4311
f 494 496 4311
f 477 474 4312
f 474 1298 4312
f 474 477 481
f 1310 1327 466
f 1310 4280 1327
f 4296 1310 466
f 4298 1309 1289
f 1309 4297 1289
f 1309 1310 4297
f 1310 1309 4280
f 416 4231 1373
f 4231 4232 1373
f 4248 4231 1360
f 4231 4248 432
f 4231 4230 1360
f 4231 416 4230
f 4250 4249 1341
f 4250 4251 433
f 4251 4250 1341
f 1358 4232 432
f 4249 1358 432
f 4232 1358 4233
f 4250 1358 4249
f 1358 433 4233
f 1358 4250 433
f 4336 4335 523
f 4336 1268 4335
f 4337 4336 523
f 4318 1287 4300
f 4318 4319 1287
f 4318 1267 4319
f 1267 4318 4337
f 4318 4336 4337
f 4336 4318 1268
f 4318 4317 1268
f 4335 4354 1247
f 4354 4355 1247
f 4354 1248 4353
f 4355 4354 528
f 521 1249 4353
f 1248 521 4353
f 4334 1270 504
f 4316 1270 1269
f 1270 4316 504
f 521 1270 4334
f 1310 1290 4297
f 1290 503 4315
f 4316 488 4298
f 488 1308 4298
f 488 4299 1308
f 4317 488 4316
f 4289 470 1302
f 470 4288 1303
f 470 4289 1320
f 4288 470 1320
f 4323 4305 1284
f 1283 4305 4323
f 1284 4305 4304
f 4305 1303 4304
f 4305 470 1303
f 4305 1283 4306
f 4305 4306 1302
f 470 4305 1302
f 1407 1408 1394
f 1408 1407 4182
f 1408 369 1394
f 369 1408 4182
f 361 4184 1416
f 361 4183 4184
f 1419 361 1416
f 357 1407 1406
f 4182 357 1418
f 1407 357 4182
f 1361 4229 4228
f 4229 409 4228
f 4229 410 409
f 410 4229 407
f 4229 415 407
f 415 4229 4230
f 4229 431 4230
f 431 4229 1361
f 4246 4247 1360
f 431 4246 1360
f 4247 4246 4265
f 4191 387 385
f 387 1388 385
f 4202 380 381
f 380 4191 381
f 399 394 381
f 394 399 415
f 396 398 381
f 398 396 4216
f 426 430 4228
f 426 422 4245
f 430 426 4245
f 422 425 4244
f 4243 423 1364
f 423 4243 4244
f 429 423 4244
f 2358 3693 1138
f 3693 3650 1138
f 3650 3693 2357
f 3693 2339 2357
f 3695 1140 3652
f 3695 2337 1140
f 2356 3695 3652
f 2337 3695 1177
f 3695 1139 2338
f 3695 2356 1139
f 3738 3695 2338
f 1177 3695 3738
f 2318 1216 3741
f 1216 2318 3781
f 1216 2317 3741
f 1215 3780 2301
f 1215 2319 3780
f 2318 1215 2301
f 1215 2318 3740
f 2319 1215 3740
f 2285 2286 3818
f 2286 2285 11
f 2286 43 3818
f 43 2286 3817
f 3817 2286 2287
f 2286 3778 2287
f 3778 2286 11
f 3819 44 3856
f 3819 2285 44
f 3820 3819 3856
f 3819 3820 2284
f 2285 3819 2284
f 2279 37 3810
f 3847 37 2279
f 37 3847 2278
f 3811 37 2278
f 37 2294 3810
f 37 3811 2294
f 6 2292 2291
f 2292 6 2293
f 3773 7 2308
f 3773 6 7
f 8 2290 2289
f 2306 8 2289
f 8 2306 3775
f 2290 2307 3774
f 2307 3775 2324
f 2307 8 3775
f 8 2307 2290
f 9 3776 2289
f 3776 2306 2289
f 3776 1212 2323
f 2306 3776 2323
f 3774 1210 2308
f 1210 2325 2308
f 2307 1210 3774
f 2325 1210 3734
f 1210 2324 3734
f 1210 2307 2324
f 3689 1172 2343
f 1172 3689 2344
f 3732 1172 2344
f 2236 2249 128
f 129 2249 2236
f 2249 2250 128
f 2249 3917 2250
f 100 2261 3884
f 2261 100 3918
f 3917 99 2263
f 99 3883 70
f 99 3882 2263
f 99 70 3882
f 3848 2277 38
f 2277 3848 70
f 38 2277 3849
f 2277 70 3849
f 2259 2245 3921
f 2259 73 3886
f 73 2259 3887
f 2259 3921 3887
f 3916 2264 98
f 2264 3881 98
f 3881 2264 69
f 2264 3882 69
f 2264 3916 3882
f 1025 3563 2400
f 1060 2403 3561
f 2381 1060 3603
f 2382 1060 3561
f 1060 2382 3603
f 2360 1098 3647
f 1098 3603 3647
f 1098 2381 3603
f 3688 1171 2344
f 3687 1133 3644
f 3687 3644 2364
f 3687 2346 1170
f 2346 3687 2364
f 3730 3687 1170
f 2288 42 2287
f 2288 3816 42
f 10 2288 2287
f 3777 2288 10
f 2288 9 2289
f 3816 2288 2289
f 2322 3777 3737
f 1212 2322 3736
f 2339 2322 3737
f 2322 2339 3736
f 134 3955 2229
f 2241 134 2229
f 2242 134 3924
f 134 2241 3924
f 161 3984 3985
f 2216 161 3985
f 3955 161 2229
f 161 2216 2229
f 2231 133 2244
f 133 2243 2244
f 3954 133 2231
f 2243 133 2242
f 2199 207 4008
f 2199 4032 227
f 4032 2199 206
f 2199 4008 206
f 4034 2197 208
f 4010 2208 208
f 4010 185 2208
f 184 4009 2208
f 4009 184 207
f 2208 4009 208
f 185 2207 3984
f 2207 186 3984
f 4010 2207 185
f 4084 270 1489
f 4084 1503 252
f 1477 4102 286
f 270 4102 1477
f 4102 2169 286
f 269 4102 4083
f 4102 269 2169
f 2170 284 4116
f 2164 2170 4116
f 269 2170 4101
f 4130 298 2159
f 4130 4143 312
f 4143 4130 2159
f 251 4082 2177
f 4082 251 2185
f 4083 251 2177
f 2184 251 4083
f 3892 3857 77
f 3857 3892 2267
f 45 3857 2267
f 2283 2300 13
f 3782 2300 2283
f 2300 3781 13
f 2300 1216 3781
f 2300 3782 2317
f 1216 2300 2317
f 107 2239 3927
f 107 3926 2239
f 3926 107 2253
f 2252 107 3927
f 107 2252 78
f 107 3892 2253
f 3892 107 78
f 164 3988 1554
f 164 2226 3958
f 2226 164 1554
f 2239 1594 3927
f 137 1594 2239
f 1594 108 3927
f 1594 3928 108
f 1594 137 1593
f 3928 1594 1593
f 3961 166 1551
f 1552 166 3961
f 1551 166 3991
f 1534 3989 1535
f 4016 1534 1535
f 1573 1553 3960
f 1553 1573 3959
f 138 1573 3960
f 1573 138 3959
f 165 1552 3960
f 1553 165 3960
f 165 1553 3989
f 186 2206 3985
f 3987 2203 3988
f 3987 188 2203
f 2188 248 4079
f 4058 2188 4079
f 248 2188 4057
f 2188 4058 2197
f 4034 2188 2197
f 229 4058 2187
f 4058 229 2197
f 229 2187 4059
f 2196 229 4059
f 1515 4043 215
f 4043 4019 215
f 4043 1514 4019
f 4044 1514 4067
f 1513 4044 237
f 4044 1513 216
f 1514 4044 216
f 3988 189 1535
f 2203 189 3988
f 188 4014 2203
f 4014 189 2203
f 189 4014 212
f 232 2184 4062
f 2184 232 4038
f 1503 232 4062
f 4168 335 1425
f 335 4167 1425
f 1434 4168 1424
f 1433 1423 4170
f 1433 336 1423
f 1433 4170 4159
f 4167 4156 2149
f 4156 325 2149
f 335 4156 4167
f 325 4156 2152
f 1454 300 4132
f 300 1454 4133
f 4146 1453 4133
f 110 3896 3895
f 110 3930 3896
f 1614 110 3895
f 110 1614 3929
f 1592 110 3929
f 3930 110 1592
f 1636 3860 80
f 3861 1636 3895
f 1636 80 3895
f 3824 1636 3861
f 46 3821 2267
f 3858 46 2267
f 3821 46 2282
f 46 3822 2282
f 46 3858 1638
f 3822 46 1638
f 1065 2396 3567
f 1102 1065 3567
f 1065 2375 3568
f 2396 1065 3568
f 2376 3567 1064
f 2376 1102 3567
f 2376 1064 3608
f 2356 2376 3608
f 1102 2376 2356
f 167 3992 1550
f 1531 3992 192
f 3992 167 3991
f 1550 3992 3993
f 3992 1531 3993
f 3825 1660 17
f 3825 49 3862
f 1660 3825 50
f 3825 3862 50
f 3744 1688 1715
f 3784 1688 3744
f 1688 1219 1715
f 1219 1688 3785
f 1688 16 3785
f 16 1688 1662
f 1688 3784 1662
f 1221 1712 3747
f 1713 1221 3747
f 1221 3787 1685
f 1712 1221 1685
f 1221 1686 3787
f 1221 1713 1686
f 3903 3868 3902
f 3903 87 3868
f 115 1606 3902
f 1606 115 3936
f 3970 1543 1542
f 174 3970 1542
f 3970 174 1561
f 1543 3969 173
f 3969 1544 173
f 3969 3970 1563
f 3970 3969 1543
f 118 3938 3939
f 3998 197 1525
f 1525 197 220
f 197 4024 220
f 3997 3998 172
f 3997 1527 196
f 3997 3996 1527
f 1508 4049 220
f 4049 1508 241
f 4048 1508 220
f 1508 4048 241
f 3943 122 1599
f 122 3909 1599
f 3944 122 1577
f 122 3943 1577
f 3909 122 93
f 3908 3874 1622
f 91 3908 1622
f 121 3908 1600
f 3908 91 1600
f 1621 3875 60
f 1621 3909 3875
f 1621 60 3874
f 59 3873 1622
f 3873 91 1622
f 3836 3873 59
f 1597 3910 123
f 1597 94 3910
f 94 1597 3911
f 1597 123 3945
f 1597 3945 124
f 3911 1597 124
f 1697 3802 1669
f 1643 3802 30
f 1669 3802 31
f 3802 1643 31
f 3802 1670 30
f 1670 3802 1697
f 1644 3801 1645
f 3801 1644 30
f 1670 3801 30
f 1671 3801 1698
f 3801 1671 1645
f 1758 3670 1117
f 3670 3627 1117
f 3670 1155 3627
f 1192 3756 1730
f 1192 1731 3756
f 26 1650 1649
f 26 3796 1650
f 1648 26 1649
f 26 1648 3797
f 25 1651 1650
f 1702 1675 3797
f 1675 26 3797
f 26 1675 3796
f 1229 1702 3756
f 1229 1675 1702
f 1675 1229 3796
f 1228 3755 1704
f 3871 1625 89
f 1625 3871 57
f 89 1625 1626
f 1625 57 1626
f 1601 120 3907
f 90 1601 3907
f 120 1601 3941
f 1601 3940 3941
f 1559 150 1579
f 1558 150 1559
f 1579 150 3942
f 1620 3875 93
f 1620 61 3875
f 3876 1620 93
f 61 1620 3876
f 1607 3901 3935
f 1607 115 3901
f 144 1607 3935
f 1607 144 115
f 238 4046 1512
f 238 1512 1497
f 4046 238 1511
f 238 1496 1511
f 1455 1456 309
f 1456 308 309
f 1456 4127 308
f 1457 4126 307
f 308 1457 4140
f 1457 307 4140
f 4127 1457 308
f 4126 1457 293
f 4071 240 4047
f 4071 1494 240
f 1510 4071 4047
f 239 4071 1510
f 261 1492 241
f 1492 261 4073
f 4092 278 1480
f 4072 4048 240
f 4048 4072 241
f 4072 261 241
f 1468 4110 293
f 1457 1468 293
f 1478 279 1466
f 279 4112 1466
f 4112 279 278
f 279 1479 278
f 288 1475 4120
f 287 1475 4104
f 1475 287 4120
f 4105 1475 288
f 1475 272 4104
f 1475 4105 272
f 1461 4122 304
f 290 4122 1461
f 254 1501 4085
f 1501 4064 4085
f 4085 253 1489
f 4064 253 4085
f 253 4084 1489
f 4086 1488 272
f 272 1488 4104
f 1488 254 4085
f 1488 4086 254
f 1488 271 4104
f 271 1488 4085
f 4065 4086 1500
f 4086 4065 254
f 235 4065 1500
f 4065 1501 254
f 1487 4086 272
f 1487 4105 273
f 4105 1487 272
f 194 1530 4020
f 194 4020 217
f 194 1529 3994
f 1530 194 3994
f 4021 194 217
f 194 4021 1529
f 169 3994 3995
f 169 1549 3994
f 169 1548 1549
f 170 1547 3995
f 1547 169 3995
f 169 1547 1548
f 1547 3965 1548
f 3965 1547 170
f 3966 3965 170
f 1567 3965 3966
f 1586 3935 143
f 1586 144 3935
f 115 1585 3936
f 144 1585 115
f 1585 144 1565
f 3936 1585 145
f 1585 1565 145
f 4042 1515 215
f 4018 4042 215
f 4042 235 1515
f 4042 4018 214
f 1532 4018 192
f 1532 3992 3991
f 3992 1532 192
f 1486 273 4088
f 4087 1486 4088
f 1486 1487 273
f 1486 4087 4086
f 1487 1486 4086
f 1498 4068 237
f 4044 1498 237
f 1498 4044 4067
f 4068 1498 4089
f 1476 271 4103
f 287 1476 4103
f 271 1476 4104
f 1476 287 4104
f 2162 300 1465
f 4119 2162 1465
f 300 2162 4118
f 2162 4119 1477
f 4118 2162 286
f 2162 1477 286
f 313 4131 4144
f 2157 4131 313
f 4144 4131 312
f 4131 2157 299
f 1641 32 1642
f 3843 1641 1642
f 32 1641 3804
f 1641 33 3804
f 1641 3843 1640
f 33 1641 1640
f 1723 1161 3677
f 1161 1723 3721
f 1161 1750 3677
f 1161 3721 1750
f 390 4200 4195
f 4195 4200 1392
f 4200 4196 1392
f 4196 4200 1382
f 4200 390 1382
f 1382 4207 404
f 4207 390 404
f 390 4207 1382
f 3805 33 1640
f 33 3805 1666
f 34 3805 1640
f 1665 3805 34
f 1666 3805 1665
f 1851 1874 3509
f 978 1874 1851
f 3509 1874 1852
f 1874 1895 977
f 1873 1851 3510
f 1873 978 1851
f 1873 1872 979
f 1894 1873 979
f 978 1873 1894
f 1873 3510 1850
f 1872 1873 1850
f 3473 978 1894
f 3473 948 1895
f 948 3473 1894
f 1874 3473 1895
f 3473 1874 978
f 2025 2009 3258
f 797 2025 3225
f 776 798 2024
f 798 776 3225
f 2025 798 3225
f 798 2025 3258
f 798 2008 2024
f 2008 798 3258
f 3591 1802 1085
f 3591 1085 3633
f 1086 3591 3633
f 1048 3591 1049
f 1802 3591 1048
f 1801 1086 3592
f 1801 1800 1049
f 1800 1801 3592
f 3591 1801 1049
f 1801 3591 1086
f 3585 3627 1118
f 1046 1805 3588
f 3548 1046 1804
f 1046 3588 1804
f 1805 1046 3547
f 1828 1046 3548
f 3547 1046 1828
f 1010 3509 1852
f 1010 1829 3509
f 1470 291 1459
f 291 4124 1459
f 1471 291 4108
f 291 1470 4108
f 291 1471 1460
f 4124 291 1460
f 330 4150 1440
f 4150 330 4162
f 4162 330 1430
f 4161 330 1440
f 330 4172 1430
f 330 4161 339
f 4172 330 339
f 331 1429 341
f 4173 1429 340
f 340 1429 4162
f 1429 331 4162
f 341 1429 354
f 1429 4173 354
f 1463 1451 303
f 1452 4134 4147
f 1453 4134 301
f 4134 1464 301
f 4134 1452 1464
f 560 2859 2766
f 2859 2858 2766
f 2753 2859 2852
f 2859 560 2852
f 2861 2752 573
f 2858 2752 2861
f 2752 2753 573
f 2752 2859 2753
f 2859 2752 2858
f 567 2760 2745
f 567 2846 2760
f 2846 567 2759
f 2868 567 2745
f 567 2744 2759
f 567 2868 2744
f 554 2760 2774
f 2845 554 2774
f 554 2845 2760
f 2890 2731 589
f 2890 578 2731
f 2911 2890 589
f 2746 578 2745
f 578 2746 2867
f 2746 566 2867
f 2760 2746 2745
f 566 2746 2760
f 594 2709 606
f 2693 605 2935
f 2955 2693 2935
f 2678 2955 617
f 2679 2678 617
f 2978 2678 2977
f 2678 2679 2977
f 2694 2955 2935
f 2955 2694 617
f 617 2695 2954
f 2694 2695 617
f 2695 2694 2934
f 2954 2695 616
f 2933 2695 603
f 2695 2934 603
f 2695 2696 616
f 2695 2933 2696
f 2726 581 2893
f 2726 2894 2871
f 581 2726 2871
f 2934 2914 2712
f 2711 2914 2934
f 3383 899 2489
f 3350 899 3383
f 899 3350 3382
f 899 3382 3415
f 2489 899 3415
f 846 3321 2529
f 2516 3321 846
f 3321 2528 2529
f 3321 847 2528
f 847 3321 2515
f 3321 2516 2515
f 2664 635 2978
f 635 2664 2663
f 2939 2959 2689
f 608 2939 2689
f 2939 2690 2959
f 2939 608 2690
f 2584 3146 3176
f 2686 3146 2947
f 3146 2686 2989
f 3176 3146 2989
f 3178 761 2572
f 3178 740 761
f 740 3178 741
f 762 3178 2572
f 741 3178 762
f 2583 740 741
f 2583 2582 3147
f 2582 2583 741
f 2594 2583 3147
f 3146 2583 2594
f 740 2583 2584
f 2583 3146 2584
f 1946 3396 3364
f 3364 3396 911
f 3396 883 910
f 3396 1946 883
f 1904 971 3465
f 1883 1904 3464
f 971 1904 1883
f 3334 1983 857
f 3334 1966 1965
f 1966 3334 857
f 3307 1999 834
f 1983 3307 834
f 2011 816 3285
f 816 3255 2012
f 3255 816 2011
f 2994 2996 643
f 2996 2995 643
f 2996 2994 2137
f 2995 2996 2137
f 2105 3074 3073
f 2094 3101 3100
f 2093 3101 2094
f 3101 696 2103
f 696 3101 2093
f 2124 658 3045
f 659 2124 3045
f 2124 659 3020
f 2124 3020 2132
f 658 2124 2132
f 3074 3047 3073
f 3047 2114 3073
f 2114 3047 660
f 659 2115 3046
f 676 2115 3045
f 2115 659 3045
f 3021 3046 2122
f 3021 644 2131
f 644 3021 2130
f 3021 2122 2130
f 2121 3040 2129
f 3040 671 2129
f 3066 687 688
f 3066 3040 2121
f 3040 3066 671
f 687 3066 2626
f 2626 3066 3065
f 3066 2121 3065
f 2101 3094 3093
f 2089 3121 2090
f 3121 2101 2102
f 2101 3121 707
f 3121 2089 707
f 706 3121 2102
f 3121 706 2090
f 726 2077 3152
f 726 2089 2077
f 2089 3122 707
f 3148 742 2581
f 723 3148 2581
f 742 3148 2582
f 2593 723 2604
f 2593 3148 723
f 3092 2614 2102
f 2614 3092 3091
f 2615 2614 3091
f 2580 3150 724
f 2580 3149 743
f 2580 724 3149
f 3181 2580 743
f 2580 3181 3182
f 2579 2580 3182
f 3150 2580 2579
f 725 2065 2077
f 725 3151 2065
f 725 2077 2078
f 3151 725 2078
f 3016 3017 2135
f 2135 3017 640
f 3042 673 3069
f 673 3042 2119
f 3042 2118 656
f 2118 3042 3069
f 3018 2126 657
f 3018 657 2133
f 2063 3185 747
f 3185 2063 746
f 2063 3153 746
f 3574 3573 1070
f 3573 3574 1819
f 3574 1070 1795
f 1819 3574 1071
f 3574 1795 1108
f 1071 3574 1108
f 1224 1187 3750
f 1736 3751 1188
f 1225 3751 1708
f 3751 1225 1188
f 1187 3751 1736
f 3751 1224 1708
f 3751 1187 1224
f 3620 1112 1075
f 1112 3620 1790
f 3578 3620 1075
f 3620 3578 1790
f 3664 1764 1150
f 3664 1112 1764
f 1789 3664 1150
f 1112 3664 1789
f 1710 3748 1711
f 1710 3749 3748
f 1222 1710 1711
f 3749 1739 3748
f 3705 1739 3706
f 3706 1739 1186
f 1739 3749 1186
f 1740 3704 1184
f 3704 3660 1184
f 3704 1147 3660
f 1147 3704 3661
f 3704 3705 3661
f 3704 1740 3705
f 3789 1222 1684
f 19 3789 1684
f 1710 3789 1683
f 3789 1710 1222
f 3789 19 1657
f 20 3789 1657
f 1683 3789 20
f 882 1947 1966
f 1947 882 3363
f 1966 1947 883
f 1947 3363 883
f 1784 3669 3626
f 1784 1116 3669
f 1784 1079 1116
f 1006 1858 1834
f 1005 3503 1859
f 1005 1858 3503
f 1858 1005 1834
f 1812 1039 3580
f 1039 1812 3540
f 1812 3580 1076
f 3624 1115 1760
f 3624 1153 3668
f 3624 1760 1153
f 1189 1706 3753
f 3752 1706 1189
f 3753 1706 1226
f 1706 1707 1226
f 1706 3752 1707
f 3709 1762 1151
f 1762 3709 3666
f 1151 1762 3622
f 1762 1114 3622
f 1762 3666 1114
f 3752 1735 1188
f 1735 3709 1188
f 1735 3752 1189
f 3709 1735 1189
f 2559 3211 3210
f 784 2559 3210
f 3211 2559 2558
f 2559 3243 2558
f 2559 784 3243
f 763 2570 3210
f 2571 2570 3179
f 3210 2570 2571
f 2570 763 3180
f 742 2570 3180
f 2570 742 3179
f 744 3183 2065
f 3183 744 2052
f 3183 745 2065
f 2051 3183 2052
f 3183 2051 745
f 3155 2062 2061
f 2062 3155 728
f 3155 2061 729
f 2073 3155 729
f 3155 2074 728
f 3155 2073 2086
f 2074 3155 2086
f 2004 3277 3276
f 3246 2022 2021
f 3246 2037 787
f 2037 3246 2021
f 2038 3246 787
f 3246 2038 2022
f 3248 2020 810
f 809 2020 3247
f 2020 2036 3247
f 2036 2020 3248
f 2020 3277 810
f 2020 809 3276
f 3277 2020 3276
f 3303 831 2004
f 2003 831 3303
f 831 3277 2004
f 3277 831 2003
f 3278 832 2002
f 3278 2003 832
f 3278 3277 2003
f 2019 3248 810
f 2019 2035 3248
f 3277 2019 810
f 3278 2019 3277
f 766 2051 3214
f 766 2050 3184
f 2051 766 3184
f 2050 3215 767
f 3215 3216 767
f 3216 3215 789
f 3215 2036 789
f 766 3215 2050
f 3215 766 3214
f 2033 3218 769
f 3218 2033 791
f 3218 2047 769
f 2047 3218 2046
f 3218 3219 2046
f 2035 2034 3216
f 3216 2034 768
f 2034 3217 768
f 786 2557 3245
f 2038 786 3245
f 2557 786 3212
f 3274 2545 807
f 2545 3274 808
f 3274 807 3273
f 2534 3274 3273
f 3274 3275 808
f 961 3454 3453
f 3454 2469 3453
f 2452 3454 961
f 3454 2452 962
f 3455 3454 962
f 3420 903 3387
f 903 3420 2484
f 903 3355 3387
f 3355 903 2484
f 3421 2483 3388
f 2484 3421 3388
f 906 3358 1932
f 906 3391 3358
f 906 934 3424
f 934 906 1932
f 906 3424 1931
f 3391 906 1931
f 3358 3390 1932
f 934 3457 1911
f 1890 3457 964
f 1911 3457 1890
f 1989 3328 853
f 3302 1989 853
f 852 1989 3301
f 3328 1989 852
f 1989 2005 3301
f 1989 3302 2005
f 2523 3326 851
f 2524 2523 3299
f 3326 2523 2524
f 828 3300 2534
f 3300 2523 851
f 3300 828 3299
f 2523 3300 3299
f 3356 2497 3388
f 2499 2498 2512
f 2498 3355 876
f 1975 3314 1976
f 3341 1975 1976
f 1975 3341 864
f 1974 1975 3342
f 1975 864 3342
f 3314 1992 840
f 1992 3288 3287
f 840 1992 3287
f 2007 1991 842
f 820 1991 2007
f 1991 820 3288
f 859 3335 1964
f 3336 859 1964
f 3335 859 1982
f 1982 859 1981
f 859 3336 1981
f 3365 885 1963
f 1882 1883 3501
f 1882 971 1883
f 1860 1882 3501
f 1882 1860 3502
f 1882 1903 971
f 1915 3439 948
f 1915 3440 920
f 1915 948 3440
f 3439 1915 3406
f 1915 920 3407
f 1915 3374 3406
f 893 1935 3407
f 1935 1915 3407
f 1915 1935 3374
f 1935 893 1954
f 892 1935 1954
f 3374 1935 892
f 1916 3439 919
f 1916 947 3439
f 947 1916 3438
f 1916 918 3438
f 3471 1897 1898
f 1897 946 1898
f 1896 1897 3471
f 946 1897 3438
f 1897 1896 3438
f 1895 3472 977
f 947 3472 1895
f 1896 3472 947
f 3370 1940 3402
f 1940 3370 1959
f 946 945 1898
f 945 946 3437
f 975 1878 1877
f 3308 3307 1982
f 3308 1982 1981
f 3309 3308 1981
f 1998 3308 3309
f 3222 2043 2029
f 2043 3222 773
f 2043 752 3191
f 3192 2043 773
f 752 2043 3192
f 2082 2070 3159
f 734 3161 2055
f 3161 734 2067
f 2068 3161 2067
f 1980 860 1979
f 3338 860 1962
f 860 3338 1979
f 3310 1996 1997
f 3309 3310 1997
f 1980 3310 3309
f 3310 1980 1979
f 3311 3310 1979
f 3221 793 2030
f 793 3221 771
f 2029 3221 2030
f 2043 3221 2029
f 770 3219 2045
f 3219 770 2046
f 3251 2032 791
f 2032 3218 791
f 3218 2032 3219
f 2032 3251 792
f 3219 2032 792
f 813 3281 2015
f 2015 3281 3282
f 3281 1999 3282
f 1999 3281 834
f 3281 3280 834
f 3281 813 3280
f 778 3205 3204
f 3196 3205 778
f 3204 3205 2577
f 3205 758 2577
f 3205 3196 758
f 3165 3174 738
f 3174 3175 738
f 3174 3165 2576
f 759 3174 2576
f 3175 3174 759
f 2611 718 2599
f 718 3133 2599
f 2600 718 2611
f 3133 718 2600
f 3050 2645 663
f 3025 2645 3050
f 2645 3025 2656
f 663 2645 3024
f 3024 2645 646
f 2645 2656 646
f 3026 648 2655
f 3026 2643 648
f 3026 3051 3052
f 2643 3026 3052
f 3082 2629 3089
f 3082 3089 2617
f 3083 3082 2617
f 3082 3083 3090
f 2629 3082 3090
f 1092 3640 1130
f 3640 1167 1130
f 3640 3683 1167
f 3597 3640 1092
f 1129 3639 1166
f 3639 1129 1091
f 2369 3639 1091
f 3682 2351 1166
f 3639 3682 1166
f 3682 3639 2369
f 2351 3682 1128
f 3682 2369 1128
f 3845 35 2281
f 35 3845 2280
f 67 3845 2281
f 2280 3845 67
f 2312 3 2295
f 3770 2312 2295
f 2409 1018 3555
f 2409 3515 1018
f 3515 2409 3516
f 1055 2388 3598
f 1055 2409 3555
f 3597 1055 3555
f 2388 1055 3597
f 1056 3598 2387
f 1056 3557 2408
f 3599 1056 2387
f 1057 2386 3600
f 2386 1094 3600
f 3558 2386 1057
f 1094 2386 3599
f 2386 1056 3599
f 1056 2386 3557
f 2386 3558 2407
f 3557 2386 2407
f 3481 2424 987
f 3481 2462 2444
f 954 3445 2479
f 2462 954 2479
f 3481 954 2462
f 3479 2464 2446
f 3479 2463 2464
f 953 2480 3443
f 2463 953 3443
f 2480 953 3444
f 953 2462 3444
f 953 2463 2462
f 2425 1021 3519
f 3558 1020 2407
f 1020 3558 2406
f 1020 3517 2407
f 1020 2426 3517
f 3417 2487 3384
f 2487 3417 929
f 900 3417 3384
f 2488 3417 900
f 3417 2488 3416
f 2473 3417 3416
f 3417 2473 929
f 2474 3450 928
f 3450 2473 928
f 3450 2474 958
f 2456 3450 958
f 929 3451 2472
f 2473 3451 929
f 930 2471 2470
f 2471 930 3452
f 2470 2471 3453
f 2471 2453 3453
f 3488 2437 992
f 2418 2437 3487
f 992 2437 2418
f 2437 2455 3487
f 2437 3488 2455
f 3649 2358 2379
f 1137 3649 2379
f 2358 3649 3692
f 3649 1137 3692
f 895 3345 3377
f 3345 867 3377
f 3345 895 2494
f 3345 2494 3378
f 933 3421 2468
f 1950 3359 3392
f 3392 3359 1931
f 3359 3391 1931
f 3361 1949 908
f 3394 3361 908
f 3362 3394 909
f 3395 3362 909
f 882 3362 3395
f 3362 882 1967
f 854 3330 1987
f 1988 854 1987
f 3330 854 1970
f 854 3329 1970
f 854 1988 3329
f 1971 878 1952
f 878 3358 1952
f 878 3390 3358
f 3390 878 905
f 1293 1315 483
f 500 1293 483
f 1274 500 4331
f 4332 1274 518
f 438 441 1347
f 441 438 1329
f 1272 502 501
f 1272 4332 519
f 1253 1252 518
f 1252 4351 518
f 4351 1252 1253
f 4295 1292 1311
f 1292 485 1311
f 485 4314 1291
f 503 4314 502
f 502 4314 501
f 4314 1292 501
f 1292 4314 485
f 1308 4281 4298
f 4281 1309 4298
f 1326 4281 4282
f 4281 1308 4282
f 4264 4281 1326
f 4232 1359 432
f 1359 4231 432
f 4231 1359 4232
f 1268 505 4335
f 4317 505 1268
f 4335 505 1269
f 505 4316 1269
f 505 4317 4316
f 522 4354 4335
f 4354 522 1248
f 522 521 1248
f 522 4335 1269
f 1270 522 1269
f 522 1270 521
f 521 1250 1249
f 1249 1250 4353
f 1290 487 4297
f 487 1290 4315
f 4297 487 1289
f 487 4315 1289
f 486 503 1290
f 486 4296 1291
f 4314 486 1291
f 486 4314 503
f 486 1310 4296
f 486 1290 1310
f 488 1288 4299
f 1288 488 4317
f 4299 1288 4300
f 1288 4318 4300
f 1288 4317 4318
f 355 358 4183
f 361 355 4183
f 355 361 1419
f 355 1419 1417
f 358 355 1417
f 358 356 1406
f 356 358 1417
f 1418 356 1417
f 1344 4264 4265
f 4246 1344 4265
f 4264 1344 4245
f 1344 431 4245
f 1344 4246 431
f 384 382 4191
f 382 387 4191
f 1388 382 384
f 387 382 1388
f 384 386 4202
f 386 380 4202
f 386 384 4191
f 380 386 4191
f 393 396 381
f 394 393 381
f 396 393 415
f 393 394 415
f 400 397 381
f 398 400 381
f 397 400 4216
f 400 398 4216
f 425 421 4244
f 2340 2358 3692
f 2340 3693 2358
f 3735 2340 3692
f 2340 2323 3736
f 2340 3735 2323
f 2292 3813 2291
f 3813 2292 39
f 3850 3813 39
f 3813 3850 2275
f 3814 3813 2275
f 2291 3813 3814
f 39 3812 3849
f 2292 3812 39
f 3812 38 3849
f 38 3812 2293
f 3812 2292 2293
f 3773 2326 1209
f 2326 3773 2308
f 2326 3732 1209
f 2326 1172 3732
f 2309 1209 3772
f 2309 3773 1209
f 6 2309 3772
f 3773 2309 6
f 2249 2248 3918
f 2248 2249 129
f 2248 129 2247
f 2248 2261 3918
f 3919 2248 2247
f 2261 2248 3919
f 2262 2249 3918
f 2249 2262 3917
f 100 2262 3918
f 2262 99 3917
f 99 2262 3883
f 3883 2262 3884
f 2262 100 3884
f 2245 102 3920
f 2259 102 2245
f 102 2259 3886
f 102 3886 2260
f 3920 102 2260
f 1098 3604 2381
f 3604 1136 2380
f 3604 2360 1136
f 3604 1098 2360
f 2401 1025 3523
f 2401 3563 1025
f 2401 3523 1024
f 1062 1099 2379
f 1062 3564 2400
f 3563 1062 2400
f 3606 1062 2379
f 3564 1062 2399
f 2399 1062 3565
f 3565 1062 1063
f 1062 1100 1063
f 1100 1062 3606
f 3731 1208 2327
f 3731 2327 2344
f 1171 3731 2344
f 1133 2345 2363
f 3687 2345 1133
f 2345 3688 2363
f 2345 1171 3688
f 2345 3687 3730
f 2345 3731 1171
f 2305 2322 1212
f 2322 2305 3777
f 2305 3776 9
f 3776 2305 1212
f 2288 2305 9
f 2305 2288 3777
f 2218 2231 160
f 2218 3954 2231
f 2218 3983 3984
f 3983 2218 160
f 134 2230 3955
f 2230 134 2242
f 133 2230 2242
f 2230 133 3954
f 4057 228 2189
f 2188 228 4057
f 228 2188 4034
f 2206 4011 209
f 4011 2206 186
f 4011 4010 208
f 2207 4011 186
f 4011 2207 4010
f 2176 4084 252
f 4084 2176 270
f 2176 252 4083
f 4102 2176 4083
f 2176 4102 270
f 2170 4100 284
f 4100 2171 284
f 4100 268 2171
f 268 4100 2178
f 4100 269 2178
f 4100 2170 269
f 285 2164 4117
f 285 2170 2164
f 2170 285 4101
f 285 2169 4101
f 2163 285 4117
f 2169 285 2163
f 2185 4061 231
f 251 4061 2185
f 4061 251 2184
f 77 2268 3856
f 3857 2268 77
f 2268 45 3856
f 2268 3857 45
f 1534 3990 3989
f 3990 165 3989
f 165 3990 1552
f 166 3990 3991
f 3990 166 1552
f 190 1534 4016
f 164 2214 3988
f 2214 3987 3988
f 2214 164 3958
f 2227 2214 3958
f 4061 2194 231
f 2194 2184 4038
f 2194 4061 2184
f 210 4036 2195
f 3986 3987 2215
f 3986 2215 162
f 3986 2216 3985
f 2216 3986 162
f 236 1515 4066
f 236 4043 1515
f 1514 236 4067
f 4043 236 1514
f 189 4015 1535
f 4015 189 212
f 1518 4015 212
f 4015 4016 1535
f 4014 2193 212
f 232 2193 4038
f 213 1517 4041
f 4015 213 4016
f 213 4015 1518
f 4039 1503 233
f 1518 4039 233
f 4039 232 1503
f 4039 2193 232
f 4039 1518 212
f 2193 4039 212
f 4169 1434 1424
f 1434 4169 336
f 4169 1424 1423
f 336 4169 1423
f 4158 1434 336
f 4156 4157 2152
f 4157 4156 335
f 4157 4145 2152
f 314 4146 4133
f 1454 314 4133
f 4157 314 4145
f 4145 314 4132
f 314 1454 4132
f 48 1636 3824
f 1636 48 3860
f 3860 48 3823
f 48 3824 1662
f 3823 48 1662
f 1065 3609 2375
f 3609 1065 1102
f 2375 3609 2355
f 2355 3609 3652
f 3609 1102 3652
f 1687 1661 17
f 1661 3825 17
f 1661 1687 3785
f 16 1661 3785
f 1661 16 3824
f 49 1661 3824
f 3825 1661 49
f 3903 116 1605
f 116 3903 3902
f 1606 116 3902
f 1605 116 3937
f 116 1606 3936
f 147 1561 1581
f 1604 3938 118
f 88 1604 118
f 1604 88 3904
f 1526 197 3998
f 3997 1526 3998
f 197 1526 4024
f 1526 3997 196
f 219 1526 196
f 4024 1526 219
f 1545 3997 172
f 1598 122 3944
f 123 1598 3944
f 3910 1598 123
f 1598 3910 93
f 122 1598 93
f 92 1621 3874
f 1621 92 3909
f 3908 92 3874
f 3909 92 1599
f 92 121 1599
f 92 3908 121
f 91 1623 3907
f 3873 1623 91
f 3907 1623 3872
f 1623 58 3872
f 1623 3836 58
f 1623 3873 3836
f 1698 1233 3761
f 1233 1697 3761
f 1233 1670 1697
f 3801 1233 1698
f 1233 3801 1670
f 1232 1698 3760
f 1232 1671 1698
f 1699 1232 3760
f 1671 29 1645
f 1646 29 1672
f 29 1646 3839
f 1645 29 3839
f 1192 3713 1731
f 3713 1758 3669
f 1731 3713 3669
f 3713 3670 1758
f 3670 3713 1155
f 1155 3713 1730
f 3713 1192 1730
f 1703 1229 3756
f 1229 1703 3796
f 1228 1703 3755
f 1731 1703 3756
f 1703 1731 3755
f 3796 1676 1650
f 1676 25 1650
f 1703 1676 3796
f 1676 1703 1228
f 119 90 3906
f 119 1601 90
f 1602 119 3906
f 119 1602 3940
f 1601 119 3940
f 150 1578 3942
f 1578 121 3942
f 121 1578 3943
f 1578 151 3943
f 1578 1558 151
f 1578 150 1558
f 4069 238 1497
f 238 4069 1496
f 4069 1497 257
f 4069 257 4090
f 1496 4069 4090
f 1495 239 4070
f 1495 4071 239
f 1495 4070 4091
f 4094 261 1479
f 4094 279 1478
f 279 4094 1479
f 4094 1478 4073
f 261 4094 4073
f 1494 260 240
f 260 4092 1480
f 4092 260 1494
f 1468 277 4110
f 4110 277 1482
f 1482 277 4091
f 294 1457 4127
f 294 1468 1457
f 1473 4122 290
f 4106 1473 4107
f 1473 290 4107
f 289 1473 4106
f 4122 1473 289
f 1501 234 4064
f 1517 234 4041
f 234 1501 4041
f 4084 4063 1503
f 253 4063 4084
f 1503 4063 233
f 1502 253 4064
f 4063 1502 233
f 1502 4063 253
f 234 1502 4064
f 1516 4065 235
f 1516 214 4041
f 1501 1516 4041
f 4065 1516 1501
f 1516 4042 214
f 4042 1516 235
f 1548 1568 3964
f 3965 1568 1548
f 1568 142 3964
f 1568 3965 1567
f 142 1568 1587
f 1568 1567 1587
f 1586 1566 144
f 1565 1566 3966
f 144 1566 1565
f 1566 1586 143
f 1567 1566 143
f 1566 1567 3966
f 3990 1533 3991
f 1533 3990 1534
f 190 1533 1534
f 4018 191 214
f 1532 191 4018
f 191 1532 3991
f 1533 191 3991
f 1498 256 4089
f 1485 256 4088
f 256 1485 4089
f 256 1498 4067
f 2158 4131 299
f 2158 299 4117
f 2164 2158 4117
f 2158 2164 298
f 4130 2158 298
f 2158 4130 312
f 4131 2158 312
f 2025 3257 2009
f 3257 2025 797
f 2009 3257 818
f 3257 2010 818
f 2010 3257 2026
f 3257 797 2026
f 1805 3587 1082
f 3587 1119 1082
f 3587 3586 1119
f 3587 1806 3586
f 3586 1081 1119
f 1782 1081 1118
f 1081 3585 1118
f 3584 1784 3626
f 1784 3584 1079
f 1806 1044 3586
f 4121 289 1474
f 4121 1463 289
f 288 4121 1474
f 4121 288 4120
f 1462 4122 289
f 1463 1462 289
f 1462 1463 303
f 1450 1462 303
f 1462 1450 304
f 4122 1462 304
f 1451 302 4135
f 1463 302 1451
f 302 1452 4135
f 1452 302 1464
f 4121 302 1463
f 1464 302 4120
f 302 4121 4120
f 4146 315 1453
f 315 4134 1453
f 4134 315 4147
f 4147 315 1443
f 315 4158 1443
f 4158 315 4146
f 2730 2911 590
f 2730 2890 2911
f 2730 590 2729
f 579 2730 2729
f 578 2730 579
f 2890 2730 578
f 2709 2936 606
f 2936 2709 605
f 2693 2936 605
f 593 2725 2894
f 2725 593 2895
f 2726 593 2894
f 2895 2916 594
f 2916 2709 594
f 593 2916 2895
f 2956 2936 2693
f 604 2711 2934
f 2694 604 2934
f 604 2694 2935
f 2726 592 2711
f 592 2914 2711
f 592 2726 2893
f 592 2893 2727
f 592 2727 2712
f 2914 592 2712
f 635 2979 2978
f 2676 2979 636
f 2979 2676 2677
f 2979 2663 636
f 2979 635 2663
f 911 1926 3429
f 3396 1926 911
f 1926 3396 910
f 1926 939 3429
f 1926 910 3428
f 939 1926 3428
f 3397 912 3365
f 885 912 3398
f 912 885 3365
f 912 1924 3398
f 884 3364 911
f 3397 884 911
f 884 1964 1965
f 3364 884 1965
f 1904 940 3464
f 940 1905 3464
f 3431 3465 941
f 3431 1904 3465
f 1923 3431 941
f 940 3431 1924
f 3431 940 1904
f 3431 1923 3398
f 1924 3431 3398
f 3334 858 1983
f 858 3335 1982
f 3335 858 1965
f 858 3334 1965
f 3307 858 1982
f 858 3307 1983
f 816 3284 3285
f 3284 3283 1997
f 1996 3284 1997
f 3284 816 2012
f 2013 3284 2012
f 3284 2013 3283
f 3101 695 3100
f 695 2105 3100
f 2105 695 3074
f 2105 694 3100
f 694 2105 3073
f 2106 694 3073
f 677 2106 3073
f 2114 677 3073
f 677 2114 3046
f 2115 677 3046
f 2117 2125 657
f 2125 3019 2133
f 657 2125 2133
f 2125 658 3019
f 658 2116 3045
f 2116 676 3045
f 3047 2113 660
f 2113 2103 2130
f 660 2113 2130
f 2123 659 3046
f 3021 2123 3046
f 2123 3021 2131
f 3020 2123 2131
f 659 2123 3020
f 2112 688 3093
f 2112 3066 688
f 671 2112 3067
f 3066 2112 671
f 3122 2100 707
f 2100 2101 707
f 2100 3094 2101
f 726 2076 2089
f 3153 2064 746
f 2076 2064 3153
f 2064 2076 726
f 2064 3184 746
f 2064 745 3184
f 745 2064 3152
f 2064 726 3152
f 2605 2593 2604
f 2605 2604 2616
f 2605 3146 2594
f 2605 2616 2947
f 3146 2605 2947
f 722 2594 3147
f 2582 722 3147
f 722 2605 2594
f 2605 722 2593
f 3148 722 2582
f 2593 722 3148
f 3119 2615 704
f 2603 3119 704
f 706 3120 2602
f 3120 706 2102
f 2614 3120 2102
f 3017 2128 656
f 2128 3017 3016
f 2128 2119 656
f 2128 655 2119
f 2127 3017 656
f 3017 2127 2126
f 2118 2127 656
f 2127 2118 2126
f 3017 2134 640
f 2134 3017 2126
f 3018 2134 2126
f 2134 641 640
f 641 2134 2133
f 2134 3018 2133
f 671 2120 2129
f 654 3016 2129
f 2120 654 2129
f 654 2128 3016
f 2128 654 655
f 674 2118 3069
f 2117 674 3070
f 727 2063 2075
f 2063 727 3153
f 727 2076 3153
f 3154 2062 728
f 2063 3154 2075
f 2062 3154 747
f 3154 2063 747
f 3154 2074 2075
f 2074 3154 728
f 3070 691 2108
f 709 2098 3124
f 3125 709 2086
f 2098 709 3125
f 1737 1738 3750
f 1187 1737 3750
f 1187 3708 1150
f 3708 1187 1736
f 1150 3708 1763
f 3708 3665 1763
f 3708 1736 1188
f 3708 1188 1151
f 3665 3708 1151
f 1223 1683 3790
f 1223 1710 1683
f 1223 3790 1682
f 1709 1223 1682
f 1710 1223 3749
f 1223 1709 3750
f 3749 1223 3750
f 1740 1185 3705
f 1185 1739 3705
f 1185 1740 3748
f 1739 1185 3748
f 1007 1833 1832
f 1833 1007 1856
f 3468 1879 974
f 1879 3504 1856
f 1878 1879 1856
f 1879 1878 974
f 1858 1857 3504
f 1006 1857 1858
f 1833 1857 1006
f 3504 1857 1856
f 1857 1833 1856
f 3541 1835 1836
f 1835 1004 1836
f 1004 1835 1859
f 1835 1005 1859
f 1077 1076 3622
f 1787 1077 3622
f 1077 1787 3623
f 1811 3542 3541
f 3542 1835 3541
f 1005 3542 1834
f 1835 3542 1005
f 1040 1811 3541
f 1040 3541 3540
f 1812 1040 3540
f 1785 3624 3668
f 1116 1785 3668
f 1785 1116 3625
f 3624 1785 1078
f 1785 3583 1078
f 1079 1785 3625
f 3583 1785 1079
f 811 2019 3278
f 811 3278 2002
f 3279 811 2002
f 2018 811 3279
f 3215 788 2036
f 788 2037 3247
f 2036 788 3247
f 2037 788 3214
f 788 3215 3214
f 790 2018 3250
f 2033 790 3250
f 790 2033 3217
f 2034 790 3217
f 3213 765 3212
f 786 3213 3212
f 3213 786 2038
f 3213 2052 765
f 3213 2038 787
f 2052 3213 3214
f 3213 787 3214
f 2006 3274 2534
f 3300 2006 2534
f 2006 829 3275
f 3274 2006 3275
f 829 2006 3301
f 2006 3300 3301
f 932 2469 2468
f 3421 932 2468
f 932 3420 2469
f 3420 932 2484
f 932 3421 2484
f 3423 3390 905
f 3423 934 1932
f 3390 3423 1932
f 2497 2511 876
f 2511 2498 876
f 3325 2511 2524
f 2511 3326 2524
f 2512 2511 3325
f 2498 2511 2512
f 3356 877 2497
f 1953 877 3389
f 877 3356 3389
f 3327 2522 851
f 2522 3300 851
f 2522 3327 852
f 2522 852 3301
f 3300 2522 3301
f 3356 904 3389
f 2483 904 3388
f 904 3356 3388
f 1975 841 3314
f 841 1992 3314
f 1992 841 3288
f 841 1991 3288
f 3315 1974 842
f 1991 3315 842
f 3315 1975 1974
f 3315 841 1975
f 841 3315 1991
f 3366 1943 1962
f 1943 886 1962
f 1943 3366 3399
f 3367 1942 1962
f 886 3367 1962
f 913 3367 3399
f 3367 1943 3399
f 1943 3367 886
f 1944 3366 1963
f 885 1944 1963
f 3366 1944 3398
f 1944 885 3398
f 1903 3466 3432
f 1882 3466 1903
f 1858 1880 3503
f 1880 1858 3504
f 1879 1880 3504
f 3373 1916 919
f 3406 3373 919
f 3438 1917 3437
f 918 1917 3438
f 3371 1957 1958
f 3371 1938 1957
f 889 3371 1958
f 888 1940 1959
f 888 1959 1960
f 3369 888 1960
f 945 3436 1919
f 1918 3436 3437
f 3436 945 3437
f 945 3470 1898
f 1899 3470 945
f 3470 1899 975
f 3370 1939 1958
f 1939 889 1958
f 3505 1878 1856
f 1007 3505 1856
f 835 3308 1998
f 1999 835 3282
f 835 1998 3282
f 3307 835 1999
f 3308 835 3307
f 2069 3160 2081
f 3160 2068 2081
f 2061 3156 729
f 3128 2082 2094
f 2058 3158 750
f 2058 751 3159
f 2070 2058 3159
f 3337 1963 1962
f 860 3337 1962
f 3337 3336 1963
f 3337 860 1980
f 3336 3337 1981
f 3337 1980 1981
f 751 2044 3191
f 3221 2044 771
f 770 3189 2046
f 750 3189 2045
f 3189 770 2045
f 2644 647 3025
f 647 3000 2656
f 3025 647 2656
f 647 2655 3000
f 647 2644 2655
f 3026 664 3051
f 664 3025 3051
f 664 2644 3025
f 2644 664 2655
f 664 3026 2655
f 3683 2368 1129
f 3640 2368 3683
f 2368 2389 1091
f 1129 2368 1091
f 2368 3597 2389
f 2368 3640 3597
f 3769 2313 3
f 2312 3769 3
f 2330 3729 3728
f 3729 1169 3728
f 3729 2346 3686
f 1169 3729 3686
f 2329 2312 3770
f 3729 2329 2346
f 2346 2329 1170
f 2329 3730 1170
f 2327 2310 3772
f 1208 2310 2327
f 4 3770 2295
f 4 2311 3770
f 3810 4 2295
f 2294 4 3810
f 2409 1019 3516
f 3516 1019 2427
f 1019 3517 2427
f 3517 1019 2407
f 1019 3557 2407
f 3557 1019 2408
f 3556 1055 3598
f 1056 3556 3598
f 3556 1056 2408
f 1055 3556 2409
f 1019 3556 2408
f 3556 1019 2409
f 3482 2443 987
f 2443 3481 987
f 3479 2445 2463
f 2424 986 3519
f 986 2425 3519
f 986 3481 2444
f 3481 986 2424
f 3518 1020 2406
f 1020 3518 2426
f 1021 3518 2406
f 2425 3518 1021
f 3518 2425 2426
f 959 3451 2473
f 3450 959 2473
f 2455 959 2456
f 959 3450 2456
f 3488 2454 2455
f 2454 959 2455
f 959 2454 3451
f 2454 3488 2436
f 2454 3489 2453
f 3489 2454 2436
f 3346 2508 3378
f 2508 3345 3378
f 2508 3346 2521
f 1912 3457 934
f 3423 1912 934
f 1912 3423 933
f 3457 1912 964
f 1951 1950 1970
f 1951 3359 1950
f 1949 881 1968
f 3361 881 1949
f 1968 881 1967
f 1948 3361 3394
f 3362 1948 3394
f 1948 881 3361
f 1948 3362 1967
f 881 1948 1967
f 878 3357 905
f 3357 878 1953
f 905 3357 3389
f 3357 1953 3389
f 484 1312 1315
f 1293 484 1315
f 1312 484 4295
f 484 1292 4295
f 4313 1293 500
f 1274 4313 500
f 4313 484 1293
f 1292 4313 501
f 484 4313 1292
f 517 1253 518
f 1274 517 518
f 517 1274 4331
f 1253 517 4350
f 516 517 4331
f 4350 517 1254
f 517 516 1254
f 445 446 1347
f 441 445 1347
f 446 445 1328
f 445 1329 1328
f 445 441 1329
f 1273 1272 501
f 1272 1273 4332
f 1273 1274 4332
f 4313 1273 501
f 1273 4313 1274
f 4333 503 502
f 1272 4333 502
f 4333 1272 519
f 479 473 481
f 473 480 481
f 1298 473 479
f 480 473 1298
f 480 478 481
f 478 480 1298
f 1309 467 4280
f 4281 467 1309
f 4280 467 1327
f 1327 467 4264
f 467 4281 4264
f 1250 4352 4353
f 4352 4351 528
f 4351 4352 1251
f 4354 4352 528
f 4352 4354 4353
f 359 357 1406
f 356 359 1406
f 357 359 1418
f 359 356 1418
f 409 412 1377
f 412 413 1377
f 411 413 410
f 411 1375 1377
f 413 411 1377
f 427 429 4244
f 421 427 4244
f 1365 421 425
f 1175 2340 3736
f 2340 1175 3693
f 2339 1175 3736
f 3693 1175 2339
f 1172 3733 2343
f 2326 3733 1172
f 2343 3733 3690
f 3733 1173 3690
f 3733 2325 1173
f 2325 3733 2308
f 3733 2326 2308
f 3562 1060 2381
f 3604 3562 2381
f 3562 2401 1024
f 2401 3562 3563
f 1099 3605 2380
f 1062 3605 1099
f 3731 2328 1208
f 2328 2345 3730
f 2345 2328 3731
f 2218 2217 3954
f 2217 2230 3954
f 161 2217 3984
f 2217 2218 3984
f 2217 161 3955
f 2230 2217 3955
f 2199 4033 207
f 228 4033 2189
f 4033 2199 227
f 247 4033 227
f 4033 247 2189
f 2198 228 4034
f 2198 4009 207
f 4033 2198 207
f 2198 4033 228
f 2198 4034 208
f 4009 2198 208
f 229 4035 2197
f 2197 4035 208
f 4035 4011 208
f 4011 4035 209
f 4035 2196 209
f 4035 229 2196
f 3957 163 2227
f 163 2214 2227
f 2215 163 3957
f 3987 163 2215
f 2214 163 3987
f 211 4014 188
f 211 2194 4038
f 2193 211 4038
f 211 2193 4014
f 187 4012 210
f 4036 4012 209
f 210 4012 4036
f 4012 2206 209
f 2204 188 3987
f 3986 2204 3987
f 2204 3986 187
f 2205 3986 3985
f 3986 2205 187
f 2206 2205 3985
f 4012 2205 2206
f 2205 4012 187
f 1499 236 4066
f 236 1499 4067
f 1499 256 4067
f 256 1499 4088
f 255 1499 4066
f 1499 4087 4088
f 4087 1499 255
f 213 4040 1517
f 1502 4040 233
f 4040 1518 233
f 4040 213 1518
f 4040 234 1517
f 4040 1502 234
f 1433 327 336
f 327 4158 336
f 327 1433 4159
f 1443 327 4159
f 4158 327 1443
f 4158 326 1434
f 1434 326 4168
f 326 335 4168
f 326 4157 335
f 314 1444 4146
f 1444 314 4157
f 326 1444 4157
f 1444 4158 4146
f 1444 326 4158
f 1582 1583 1563
f 147 1582 1563
f 1582 3938 1583
f 3938 1582 3939
f 1582 1581 3939
f 1582 147 1581
f 3970 1562 1563
f 1562 147 1563
f 1562 3970 1561
f 147 1562 1561
f 3969 3968 1544
f 1564 3968 3969
f 1544 3968 172
f 3968 1564 145
f 1564 1584 145
f 116 1584 3937
f 1584 3936 145
f 1584 116 3936
f 146 3969 1563
f 146 1564 3969
f 1583 146 1563
f 146 1584 1564
f 146 1583 3937
f 1584 146 3937
f 1604 117 3938
f 117 1605 3937
f 117 3903 1605
f 1583 117 3937
f 3938 117 1583
f 3903 117 87
f 87 117 3904
f 117 1604 3904
f 3967 1565 3966
f 3967 1545 172
f 3968 3967 172
f 1565 3967 145
f 3967 3968 145
f 3997 171 3996
f 1545 171 3997
f 171 3967 3966
f 3967 171 1545
f 29 3800 1672
f 3800 29 1671
f 1232 3800 1671
f 3800 1699 1672
f 3800 1232 1699
f 1676 3795 25
f 1651 3795 1677
f 25 3795 1651
f 3795 1676 1228
f 1677 3795 1704
f 3795 1228 1704
f 277 1481 4091
f 1481 277 1468
f 4092 1481 278
f 4071 259 1494
f 1495 259 4071
f 259 4092 1494
f 259 1481 4092
f 259 1495 4091
f 1481 259 4091
f 1493 4072 240
f 260 1493 240
f 261 1493 1479
f 4072 1493 261
f 4093 260 1480
f 278 4093 1480
f 1479 4093 278
f 1493 4093 1479
f 4093 1493 260
f 294 4111 1468
f 1481 4111 278
f 4111 1481 1468
f 1456 1467 4127
f 1467 294 4127
f 295 1467 1455
f 1467 1456 1455
f 4112 1467 295
f 1467 4111 294
f 1467 4112 278
f 4111 1467 278
f 191 4017 214
f 4017 191 1533
f 214 4017 4041
f 4017 213 4041
f 213 4017 4016
f 4017 190 4016
f 4017 1533 190
f 3587 1045 1806
f 1045 1805 3547
f 1045 3587 1805
f 1081 3628 1119
f 3628 1081 1782
f 1119 3628 1756
f 3628 3671 1756
f 3628 1118 3671
f 3628 1782 1118
f 3585 1080 3627
f 1117 1080 3626
f 1080 3584 3626
f 1807 1081 3586
f 1044 1807 3586
f 1081 1807 3585
f 3508 1010 1852
f 3508 1853 1010
f 1853 1830 1010
f 1829 1830 3547
f 1010 1830 1829
f 2709 2710 605
f 605 2710 2935
f 2710 604 2935
f 604 2710 2711
f 619 2957 2677
f 2957 2956 2677
f 2937 2957 2691
f 2957 2958 2691
f 2957 619 2958
f 618 2678 2677
f 2956 618 2677
f 2678 618 2955
f 618 2693 2955
f 618 2956 2693
f 1945 3397 3365
f 1945 884 3397
f 1945 3365 1964
f 884 1945 1964
f 912 3430 1924
f 3430 940 1924
f 3430 911 3429
f 1905 3430 3429
f 940 3430 1905
f 3284 837 3285
f 837 3284 1996
f 837 1995 3285
f 1995 837 3311
f 837 3310 3311
f 3310 837 1996
f 2107 3072 676
f 3072 2115 676
f 677 3072 2106
f 3072 677 2115
f 3044 2125 2117
f 2125 3044 658
f 3044 2116 658
f 3071 2107 676
f 2116 3071 676
f 3071 692 2107
f 692 3071 2108
f 678 3047 3074
f 2113 678 3074
f 678 2113 3047
f 695 2104 3074
f 2104 2113 3074
f 2113 2104 2103
f 2104 3101 2103
f 2104 695 3101
f 691 3097 2108
f 3097 691 2098
f 3097 692 2108
f 710 2085 3126
f 2085 710 3125
f 2085 2073 729
f 2073 2085 2086
f 2085 3125 2086
f 3156 2085 729
f 2085 3156 2072
f 2085 2084 3126
f 2084 2085 2072
f 3099 2096 2095
f 3099 694 2106
f 3099 2095 3100
f 694 3099 3100
f 3094 689 3093
f 689 2112 3093
f 2112 689 3067
f 689 2111 3067
f 2111 689 3094
f 691 3096 2098
f 3123 2100 3122
f 3120 705 2602
f 705 3120 2614
f 2602 705 2603
f 705 3119 2603
f 705 2614 2615
f 3119 705 2615
f 672 671 3067
f 672 2120 671
f 3041 654 2120
f 655 3041 2119
f 654 3041 655
f 3041 672 3067
f 672 3041 2120
f 3043 2117 657
f 3043 674 2117
f 2126 3043 657
f 2118 3043 2126
f 674 3043 2118
f 2109 691 3070
f 2109 674 3069
f 674 2109 3070
f 3096 2109 3069
f 2109 3096 691
f 1737 3707 1738
f 3707 3663 1149
f 1738 3707 1149
f 3707 1764 3663
f 1764 3707 1150
f 3707 1187 1150
f 3707 1737 1187
f 3581 1077 1811
f 3581 1040 1812
f 1040 3581 1811
f 3581 1812 1076
f 1077 3581 1076
f 1786 3624 1078
f 3624 1786 1115
f 1786 1077 3623
f 1761 1786 3623
f 1115 1786 1761
f 3542 3543 1834
f 3543 1006 1834
f 3543 1833 1006
f 1041 3542 1811
f 1041 3543 3542
f 3249 2034 2035
f 2019 3249 2035
f 811 3249 2019
f 3249 811 2018
f 790 3249 2018
f 3249 790 2034
f 1933 3423 905
f 3423 1933 933
f 1933 905 3389
f 2510 2511 2497
f 2511 2510 3326
f 877 2510 2497
f 3326 2510 851
f 2510 3327 851
f 3367 3400 1942
f 3400 3368 1942
f 3368 3400 914
f 3400 3433 914
f 1961 887 1960
f 1942 887 1961
f 3368 887 1942
f 1940 915 3402
f 3401 915 3369
f 915 888 3369
f 888 915 1940
f 1941 3368 914
f 3401 1941 914
f 1941 3401 3369
f 1941 887 3368
f 1941 3369 1960
f 887 1941 1960
f 3468 943 1901
f 943 3433 1901
f 3466 942 3432
f 942 3466 1902
f 1881 1882 3502
f 1881 3502 1859
f 3503 1881 1859
f 1880 1881 3503
f 3433 3467 1901
f 3467 942 1902
f 942 3467 3433
f 1955 1936 892
f 3373 1936 1955
f 892 1936 3406
f 1936 3373 3406
f 3405 918 1916
f 3373 3405 1916
f 1917 3405 1937
f 3405 1917 918
f 891 1955 1956
f 891 3373 1955
f 1937 891 1956
f 3405 891 1937
f 891 3405 3373
f 3372 1917 1937
f 1957 3372 1956
f 3372 1937 1956
f 916 1939 3370
f 916 3370 3402
f 1919 916 3402
f 3435 945 1919
f 3435 1899 945
f 3435 1919 3402
f 1900 3468 974
f 1878 3469 974
f 3469 1900 974
f 3469 1878 975
f 1899 3469 975
f 733 3161 2068
f 3160 733 2068
f 3161 733 2055
f 732 2069 3159
f 732 3160 2069
f 2083 2070 2082
f 3128 2083 2082
f 2083 2084 2071
f 2095 712 2094
f 712 3128 2094
f 2083 712 2095
f 712 2083 3128
f 730 3157 2071
f 2084 730 2071
f 730 2084 2072
f 3156 730 2072
f 3190 750 2045
f 3190 2058 750
f 771 3190 2045
f 2058 3190 751
f 2044 3190 771
f 3190 2044 751
f 731 2058 2070
f 2058 731 3158
f 2083 731 2070
f 3158 731 2071
f 731 2083 2071
f 772 3221 2043
f 772 2044 3221
f 772 2043 3191
f 2044 772 3191
f 2311 1207 3770
f 1207 2329 3770
f 2329 1207 3730
f 1207 2328 3730
f 2328 1207 2311
f 1206 3729 2330
f 1206 2329 3729
f 2329 1206 2312
f 1206 3769 2312
f 2313 1206 2330
f 3769 1206 2313
f 5 3811 2293
f 3811 5 2294
f 5 2293 3772
f 2310 5 3772
f 2461 954 3481
f 2443 2461 3481
f 2461 2443 3482
f 2461 3482 955
f 2478 2461 955
f 3445 2461 2478
f 954 2461 3445
f 2425 985 2426
f 2445 985 2425
f 985 2445 3479
f 985 3479 2446
f 985 2446 2427
f 2426 985 2427
f 3480 2445 2425
f 986 3480 2425
f 3480 986 2444
f 2445 3480 2463
f 2462 3480 2444
f 2463 3480 2462
f 3451 960 2472
f 2454 960 3451
f 960 3452 2472
f 960 2454 2453
f 2471 960 2453
f 960 2471 3452
f 3345 868 867
f 2508 868 3345
f 867 868 2521
f 868 2508 2521
f 1912 3456 964
f 3456 1912 933
f 3456 1891 964
f 3456 963 1891
f 1971 879 1970
f 879 1951 1970
f 879 1971 3358
f 1951 879 3359
f 3391 879 3358
f 3359 879 3391
f 520 4352 1250
f 520 521 4334
f 520 1250 521
f 520 4333 519
f 1251 520 519
f 4352 520 1251
f 476 474 481
f 478 476 481
f 474 476 1298
f 476 478 1298
f 408 410 407
f 408 411 410
f 1375 408 1376
f 1376 408 407
f 411 408 1375
f 1362 425 422
f 1362 1365 425
f 1365 1362 4228
f 1362 426 4228
f 426 1362 422
f 427 1363 429
f 1363 423 429
f 423 1363 1364
f 1363 4228 1364
f 1363 1365 4228
f 3562 1061 3563
f 1061 3562 3604
f 1061 3604 2380
f 3605 1061 2380
f 1061 1062 3563
f 1061 3605 1062
f 3522 2402 1024
f 2402 3562 1024
f 2402 3522 1023
f 3562 2402 1060
f 2403 2402 1023
f 1060 2402 2403
f 3771 2328 2311
f 3771 5 2310
f 3771 2310 1208
f 2328 3771 1208
f 5 3771 2294
f 3771 4 2294
f 4 3771 2311
f 211 4013 2194
f 4013 187 210
f 4013 2204 187
f 4013 211 188
f 2204 4013 188
f 3996 1546 170
f 171 1546 3996
f 1546 3966 170
f 1546 171 3966
f 1833 3544 1832
f 3627 1783 1117
f 1783 1080 1117
f 1080 1783 3627
f 1808 1043 3584
f 1080 1808 3584
f 1808 1080 3585
f 1875 3508 1852
f 1875 1874 977
f 1874 1875 1852
f 3472 1875 977
f 3508 1875 1853
f 1875 1896 3471
f 1875 3472 1896
f 1855 1007 1832
f 1855 3505 1007
f 3507 1009 1853
f 1009 1830 1853
f 3546 1045 3547
f 1830 3546 3547
f 3546 1044 1806
f 1045 3546 1806
f 2915 2916 593
f 2710 2915 2711
f 2915 2726 2711
f 2915 593 2726
f 2956 2692 2936
f 2957 2692 2956
f 2692 2957 2937
f 2692 2937 606
f 2936 2692 606
f 1925 912 3397
f 1925 3430 912
f 1925 3397 911
f 3430 1925 911
f 675 2117 3070
f 675 3044 2117
f 675 3070 2108
f 3071 675 2108
f 3044 675 2116
f 675 3071 2116
f 2097 710 3126
f 2096 2097 3126
f 3097 2097 692
f 710 2097 3125
f 2097 2098 3125
f 2097 3097 2098
f 711 2096 3126
f 2084 711 3126
f 693 3072 2107
f 3072 693 2106
f 693 3099 2106
f 2098 2099 3124
f 3096 2099 2098
f 2100 3095 3094
f 3095 2111 3094
f 2099 3095 2100
f 2074 2087 2075
f 2099 2087 3124
f 2087 2074 2086
f 709 2087 2086
f 2087 709 3124
f 2088 3122 2089
f 2088 3123 3122
f 2076 2088 2089
f 2088 727 2075
f 727 2088 2076
f 2087 2088 2075
f 3582 1041 1811
f 3582 1786 1078
f 1077 3582 1811
f 1786 3582 1077
f 3583 1810 1078
f 1810 3582 1078
f 3582 1810 1041
f 1041 1810 3543
f 3422 1933 3389
f 1933 3422 933
f 904 3422 3389
f 3422 904 2483
f 3421 3422 2483
f 933 3422 3421
f 1972 877 1953
f 1972 2510 877
f 2510 1972 3327
f 878 1972 1953
f 1972 3328 852
f 3327 1972 852
f 1972 1971 3328
f 1972 878 1971
f 3433 1921 914
f 943 1921 3433
f 1921 3401 914
f 3400 1922 3433
f 1922 942 3433
f 942 1922 3432
f 1922 913 3432
f 1922 3367 913
f 1922 3400 3367
f 972 3466 1882
f 1881 972 1882
f 3466 972 1902
f 972 1881 1880
f 972 3467 1902
f 3467 972 1880
f 3467 973 1901
f 973 3467 1880
f 973 1880 1879
f 973 3468 1901
f 973 1879 3468
f 3372 3404 1917
f 3404 3371 1918
f 3371 3404 1938
f 3436 3403 1919
f 3403 916 1919
f 3403 3436 1918
f 3371 3403 1918
f 3403 3371 889
f 1939 3403 889
f 916 3403 1939
f 915 1920 3402
f 1920 3435 3402
f 2056 733 3160
f 752 2056 3191
f 733 2056 2055
f 2056 3192 2055
f 2056 752 3192
f 749 2059 3157
f 3158 2059 750
f 2059 3189 750
f 2059 749 3189
f 3157 2059 2071
f 2059 3158 2071
f 3189 3188 2046
f 749 3188 3189
f 3188 2047 2046
f 3188 749 2047
f 2060 730 3156
f 730 2060 3157
f 2060 749 3157
f 2060 3156 2061
f 2047 2060 3187
f 749 2060 2047
f 2060 748 3187
f 748 2060 2061
f 2467 933 2468
f 2467 3456 933
f 963 2467 2468
f 3456 2467 963
f 4333 1271 503
f 520 1271 4333
f 1271 520 4334
f 1271 4334 504
f 4315 1271 504
f 503 1271 4315
f 2194 4037 231
f 4013 4037 2194
f 4037 4013 210
f 4037 2195 231
f 4037 210 2195
f 1042 1810 3583
f 1810 1042 3543
f 3543 1042 1833
f 1042 3544 1833
f 1876 3507 1853
f 1875 1876 1853
f 1876 3470 975
f 1876 975 1877
f 3507 1876 1877
f 3470 1876 1898
f 1878 3506 1877
f 3505 3506 1878
f 1855 3506 3505
f 1009 1831 1830
f 1831 3546 1830
f 692 3098 2107
f 2097 3098 692
f 3098 2097 2096
f 3098 693 2107
f 3099 3098 2096
f 693 3098 3099
f 3127 711 2084
f 3127 2083 2095
f 2083 3127 2084
f 2096 3127 2095
f 711 3127 2096
f 3123 708 2100
f 708 2099 2100
f 708 2087 2099
f 2088 708 3123
f 708 2088 2087
f 2110 3096 3069
f 3095 3068 2111
f 3068 673 2119
f 3041 3068 2119
f 2111 3068 3067
f 3068 3041 3067
f 673 3068 3069
f 3068 2110 3069
f 3404 890 1938
f 890 3404 3372
f 1938 890 1957
f 890 3372 1957
f 1917 917 3437
f 3404 917 1917
f 917 1918 3437
f 917 3404 1918
f 1920 944 3435
f 3469 944 1900
f 3435 944 1899
f 944 3469 1899
f 732 2057 3160
f 2057 2056 3160
f 2056 2057 3191
f 2057 751 3191
f 751 2057 3159
f 2057 732 3159
f 1809 3583 1079
f 1809 1042 3583
f 3584 1809 1079
f 1043 1809 3584
f 3544 1809 1043
f 1042 1809 3544
f 976 1875 3471
f 976 1876 1875
f 976 3471 1898
f 1876 976 1898
f 1854 3507 1877
f 3506 1854 1877
f 1854 1009 3507
f 1854 1831 1009
f 3546 3545 1044
f 1831 3545 3546
f 1808 3545 1043
f 3545 3544 1043
f 3545 1807 1044
f 3544 3545 1832
f 3545 1831 1832
f 1807 3545 3585
f 3545 1808 3585
f 690 3095 2099
f 690 2099 3096
f 2110 690 3096
f 690 3068 3095
f 3068 690 2110
f 3434 944 1920
f 3434 1920 915
f 944 3434 1900
f 3434 1921 943
f 3434 943 3468
f 1900 3434 3468
f 3434 915 3401
f 1921 3434 3401
f 1854 1008 1831
f 1008 1855 1832
f 1831 1008 1832
f 1008 3506 1855
f 1008 1854 3506
f 2681 2976 2680
f 2976 2681 2975
f 3979 2212 182
f 3979 182 3980
f 1775 1749 3635
f 1749 1775 3678
f 3004 2664 3003
f 3003 2664 2665
f 794 3253 3254
f 3253 794 2030
f 1315 1312 455
f 1312 463 455
f 3454 3455 2468
f 2469 3454 2468
f 2498 2499 3354
f 3355 2498 3354
f 2979 2678 2978
f 2678 2979 2677
f 413 412 410
f 410 412 409
f 1365 1363 421
f 1363 427 421
f 2915 2710 2709
f 2916 2915 2709
