# Slnecna 988/60, 917 01 Trnava
# GPS: 48.3932477N, 17.5905565E

v -6.4252 -3.9131 5.9200
v -6.4252 -4.2131 5.9200
v -6.4152 -4.5031 5.8700
v -6.4152 -4.7331 5.8900
v -6.4152 -4.9831 5.8700
v -6.4152 -5.3031 5.8800
v -6.4152 -5.5931 5.8400
v -6.4052 -5.8331 5.8300
v -6.4052 -6.0931 5.8300
v -6.4052 -6.3731 5.8400
v -6.4052 -6.6631 5.8300
v -6.4052 -6.8931 5.8100
v -6.3952 -7.1931 5.7800
v -6.3952 -7.4831 5.8000
v -6.3952 -7.7631 5.8100
v -6.3952 -8.0231 5.8000
v -6.3852 -8.3231 5.7700
v -6.3852 -8.6131 5.7800
v -6.3852 -8.8731 5.7300
v -6.3852 -9.1431 5.7100
v -6.3852 -9.3731 5.7300
v -6.7552 -3.9931 5.8800
v -6.7552 -4.2431 5.9000
v -6.7552 -4.5231 5.8800
v -6.7452 -4.7731 5.8600
v -6.7452 -5.0631 5.8700
v -6.7452 -5.3531 5.8500
v -6.7452 -5.6231 5.8600
v -6.7452 -5.8931 5.8400
v -6.7352 -6.1931 5.8500
v -6.7352 -6.4631 5.8400
v -6.7352 -6.7331 5.8200
v -6.7352 -6.9631 5.8200
v -6.7252 -7.2431 5.8200
v -6.7252 -7.5031 5.8100
v -6.7252 -7.7631 5.8100
v -6.7252 -8.0231 5.8000
v -6.7252 -8.2931 5.7800
v -6.7152 -8.5431 5.7900
v -6.7152 -8.8131 5.7800
v -6.7152 -9.0631 5.7600
v -6.7152 -9.3631 5.7300
v -6.7052 -9.6731 5.6800
v -7.0252 -4.1931 5.8900
v -7.0252 -4.4731 5.9100
v -7.0252 -4.7431 5.9000
v -7.0252 -5.0031 5.8800
v -7.0252 -5.2531 5.8800
v -7.0152 -5.5231 5.8600
v -7.0152 -5.7731 5.8800
v -7.0152 -6.0131 5.8500
v -7.0152 -6.3031 5.8500
v -7.0052 -6.5631 5.8400
v -7.0052 -6.8231 5.8300
v -7.0052 -7.0731 5.8200
v -7.0052 -7.3331 5.8200
v -7.0052 -7.6231 5.8000
v -6.9952 -7.9031 5.7900
v -6.9952 -8.1631 5.8100
v -6.9952 -8.4131 5.7600
v -6.9952 -8.6631 5.7900
v -6.9952 -8.9431 5.8000
v -6.9852 -9.2131 5.7700
v -6.9852 -9.4931 5.7700
v -6.9852 -9.7631 5.7200
v -7.1952 -4.1331 5.9300
v -7.1852 -4.3931 5.9000
v -7.1852 -4.6631 5.8900
v -7.1852 -4.9131 5.8800
v -7.1852 -5.1631 5.8900
v -7.1752 -5.4631 5.8800
v -7.1752 -5.7431 5.8700
v -7.1752 -5.9931 5.8700
v -7.1752 -6.2631 5.8500
v -7.1752 -6.4931 5.8600
v -7.1652 -6.7831 5.8600
v -7.1652 -7.0531 5.8300
v -7.1652 -7.3131 5.8200
v -7.1652 -7.5931 5.8000
v -7.1552 -7.8431 5.8100
v -7.1552 -8.1331 5.7900
v -7.1552 -8.4131 5.7900
v -7.1552 -8.6931 5.7700
v -7.1552 -8.9831 5.7800
v -7.1452 -9.2431 5.7600
v -7.1452 -9.5231 5.7600
v -7.1452 -9.7831 5.7200
v -7.3452 -3.9931 5.9400
v -7.3452 -4.2731 5.9300
v -7.3452 -4.5331 5.9100
v -7.3352 -4.7631 5.9100
v -7.3352 -5.0531 5.8900
v -7.3352 -5.3431 5.8900
v -7.3352 -5.5831 5.8900
v -7.3252 -5.8731 5.8600
v -7.3252 -6.1231 5.8600
v -7.3252 -6.3931 5.8800
v -7.3252 -6.6731 5.8500
v -7.3252 -6.9431 5.8500
v -7.3152 -7.2231 5.8400
v -7.3152 -7.5031 5.8400
v -7.3152 -7.7831 5.8100
v -7.3152 -8.0631 5.8000
v -7.3052 -8.3231 5.7800
v -7.3052 -8.5831 5.7800
v -7.3052 -8.8531 5.7800
v -7.3052 -9.1231 5.7800
v -7.3052 -9.3831 5.7900
v -7.2952 -9.6831 5.7500
v -7.2952 -9.9631 5.7200
v -7.5852 -4.1431 5.9500
v -7.5852 -4.4231 5.9200
v -7.5852 -4.6931 5.9200
v -7.5852 -4.9731 5.9000
v -7.5852 -5.2631 5.8800
v -7.5752 -5.5331 5.9000
v -7.5752 -5.7731 5.9000
v -7.5752 -6.0731 5.8700
v -7.5752 -6.3231 5.8600
v -7.5652 -6.5931 5.8700
v -7.5652 -6.8531 5.8400
v -7.5652 -7.1131 5.8500
v -7.5652 -7.4031 5.8300
v -7.5652 -7.6931 5.8400
v -7.5552 -7.9631 5.8300
v -7.5552 -8.2231 5.7900
v -7.5552 -8.4931 5.8200
v -7.5552 -8.7531 5.8100
v -7.5452 -9.0231 5.7800
v -7.5452 -9.2831 5.7800
v -7.5452 -9.5531 5.7800
v -7.5452 -9.8431 5.7800
v -7.8652 -3.9231 5.9500
v -7.8652 -4.1831 5.9500
v -7.8652 -4.4431 5.9500
v -7.8552 -4.7131 5.9300
v -7.8552 -4.9631 5.9200
v -7.8552 -5.2331 5.9100
v -7.8552 -5.5331 5.8900
v -7.8552 -5.8131 5.8900
v -7.8452 -6.0731 5.8900
v -7.8452 -6.3331 5.8700
v -7.8452 -6.6031 5.8700
v -7.8452 -6.8731 5.8600
v -7.8352 -7.1231 5.8800
v -7.8352 -7.4231 5.8200
v -7.8352 -7.6531 5.8300
v -7.8352 -7.9431 5.8500
v -7.8352 -8.2431 5.8100
v -7.8252 -8.4731 5.8000
v -7.8252 -8.7631 5.8100
v -7.8252 -9.0631 5.8000
v -7.8252 -9.3431 5.8000
v -7.8152 -9.5831 5.7800
v -7.8152 -9.8731 5.7600
v -7.8152 -10.1731 5.7400
v -8.1152 -3.9831 5.9400
v -8.1152 -4.2331 5.9300
v -8.1152 -4.4931 5.9300
v -8.1152 -4.7731 5.9300
v -8.1152 -5.0231 5.9300
v -8.1052 -5.2731 5.9100
v -8.1052 -5.5731 5.9000
v -8.1052 -5.8331 5.8800
v -8.1052 -6.1031 5.9000
v -8.0952 -6.4031 5.8700
v -8.0952 -6.6531 5.8800
v -8.0952 -6.9331 5.8900
v -8.0952 -7.2031 5.8700
v -8.0852 -7.5031 5.8300
v -8.0852 -7.7431 5.8500
v -8.0852 -8.0331 5.8100
v -8.0852 -8.3131 5.8300
v -8.0852 -8.5731 5.8200
v -8.0752 -8.8431 5.7900
v -8.0752 -9.1131 5.8100
v -8.0752 -9.3931 5.8000
v -8.0752 -9.6531 5.8000
v -8.0752 -9.9331 5.7700
v -8.0652 -10.2131 5.7500
v -8.3652 -4.1131 5.9600
v -8.3652 -4.3831 5.9600
v -8.3652 -4.6231 5.9500
v -8.3652 -4.9131 5.9400
v -8.3652 -5.1831 5.9300
v -8.3552 -5.4831 5.9300
v -8.3552 -5.7331 5.9200
v -8.3552 -6.0131 5.9000
v -8.3552 -6.3131 5.8700
v -8.3552 -6.5631 5.8800
v -8.3452 -6.8231 5.8600
v -8.3452 -7.0931 5.8600
v -8.3452 -7.3631 5.8700
v -8.3452 -7.6431 5.8600
v -8.3352 -7.9231 5.8500
v -8.3352 -8.1631 5.8500
v -8.3352 -8.4631 5.8200
v -8.3352 -8.7431 5.7900
v -8.3352 -9.0031 5.8100
v -8.3252 -9.2731 5.7900
v -8.3252 -9.5631 5.8000
v -8.3252 -9.8431 5.8100
v -8.3252 -10.1331 5.7800
v -8.3152 -10.4231 5.7300
v -8.3152 -10.6431 5.8300
v -8.6252 -3.9631 5.9900
v -8.6252 -4.2531 5.9400
v -8.6252 -4.5231 5.9400
v -8.6252 -4.7731 5.9300
v -8.6252 -5.0331 5.9400
v -8.6152 -5.3231 5.9300
v -8.6152 -5.5831 5.9500
v -8.6152 -5.8731 5.9100
v -8.6152 -6.1231 5.8900
v -8.6052 -6.4131 5.9100
v -8.6052 -6.6831 5.8700
v -8.6052 -6.9431 5.8700
v -8.6052 -7.2431 5.8600
v -8.6052 -7.5131 5.8800
v -8.5952 -7.8131 5.8300
v -8.5952 -8.0731 5.8500
v -8.5952 -8.3331 5.8500
v -8.5952 -8.6231 5.8400
v -8.5852 -8.8831 5.8200
v -8.5852 -9.1431 5.8200
v -8.5852 -9.4031 5.7800
v -8.5852 -9.6631 5.8100
v -8.5852 -9.9331 5.7900
v -8.5752 -10.1831 5.8100
v -8.5752 -10.4631 5.7600
v -8.5752 -10.6931 5.8000
v -8.8452 -4.0731 5.9800
v -8.8352 -4.3431 5.9700
v -8.8352 -4.6231 5.9700
v -8.8352 -4.8931 5.9500
v -8.8352 -5.1631 5.9600
v -8.8352 -5.4431 5.9500
v -8.8252 -5.7231 5.9600
v -8.8252 -6.0131 5.9200
v -8.8252 -6.2931 5.8900
v -8.8252 -6.5731 5.9000
v -8.8152 -6.8331 5.9000
v -8.8152 -7.1031 5.8900
v -8.8152 -7.3631 5.8600
v -8.8152 -7.6031 5.8700
v -8.8152 -7.8831 5.8500
v -8.8052 -8.1531 5.8400
v -8.8052 -8.4031 5.8600
v -8.8052 -8.6731 5.8200
v -8.8052 -8.9331 5.8100
v -8.7952 -9.1931 5.8300
v -8.7952 -9.4731 5.7900
v -8.7952 -9.7431 5.8100
v -8.7952 -10.0131 5.7900
v -8.7952 -10.2731 5.8100
v -8.7852 -10.5131 5.8000
v -8.7852 -10.8131 5.7600
v -9.0352 -4.0631 5.9700
v -9.0352 -4.3431 5.9700
v -9.0352 -4.6231 5.9700
v -9.0252 -4.8731 5.9400
v -9.0252 -5.1231 5.9400
v -9.0252 -5.3831 5.9500
v -9.0252 -5.6431 5.9400
v -9.0152 -5.9031 5.9500
v -9.0152 -6.1931 5.9200
v -9.0152 -6.4431 5.9100
v -9.0152 -6.7031 5.9200
v -9.0152 -6.9531 5.8900
v -9.0052 -7.2231 5.8800
v -9.0052 -7.4831 5.8700
v -9.0052 -7.7931 5.8500
v -9.0052 -8.0531 5.8500
v -8.9952 -8.3031 5.8400
v -8.9952 -8.5531 5.8400
v -8.9952 -8.8531 5.8300
v -8.9952 -9.1031 5.8100
v -8.9952 -9.3931 5.7800
v -8.9852 -9.6531 5.7900
v -8.9852 -9.9031 5.8000
v -8.9852 -10.1931 5.7900
v -8.9852 -10.4531 5.7800
v -8.9752 -10.7431 5.7700
v -8.9752 -11.0331 5.7500
v -9.2952 -4.1931 6.0000
v -9.2952 -4.4231 6.0100
v -9.2852 -4.6831 5.9700
v -9.2852 -4.9531 5.9800
v -9.2852 -5.2231 5.9500
v -9.2852 -5.4931 5.9500
v -9.2852 -5.7731 5.9400
v -9.2752 -6.0431 5.9400
v -9.2752 -6.3131 5.9200
v -9.2752 -6.5531 5.9400
v -9.2752 -6.8331 5.8900
v -9.2752 -7.0931 5.8900
v -9.2652 -7.3931 5.8800
v -9.2652 -7.6431 5.9000
v -9.2652 -7.9031 5.8500
v -9.2652 -8.1631 5.8600
v -9.2552 -8.4531 5.8600
v -9.2552 -8.7631 5.8400
v -9.2552 -9.0331 5.8400
v -9.2552 -9.2931 5.8200
v -9.2452 -9.5631 5.8000
v -9.2452 -9.8431 5.8100
v -9.2452 -10.0731 5.8400
v -9.2452 -10.3231 5.8100
v -9.2452 -10.6231 5.7900
v -9.2352 -10.9131 5.8000
v -9.2352 -11.2131 5.7600
v -9.2352 -11.4731 5.7200
v -9.6352 -4.1831 5.9800
v -9.6352 -4.4231 5.9900
v -9.6352 -4.6631 5.9900
v -9.6352 -4.9631 5.9700
v -9.6352 -5.2331 5.9600
v -9.6252 -5.5131 5.9400
v -9.6252 -5.7431 5.9500
v -9.6252 -6.0131 5.9400
v -9.6252 -6.3031 5.9200
v -9.6252 -6.5831 5.9200
v -9.6152 -6.8631 5.8900
v -9.6152 -7.1531 5.9000
v -9.6152 -7.4131 5.8900
v -9.6152 -7.6931 5.8800
v -9.6052 -7.9431 5.8800
v -9.6052 -8.2031 5.8700
v -9.6052 -8.4731 5.8600
v -9.6052 -8.7531 5.8500
v -9.6052 -9.0231 5.8500
v -9.5952 -9.3131 5.8200
v -9.5952 -9.5831 5.7800
v -9.5952 -9.8231 5.8200
v -9.5952 -10.1031 5.8200
v -9.5852 -10.3531 5.8000
v -9.5852 -10.6331 5.8100
v -9.5852 -10.9231 5.7900
v -9.5852 -11.1531 5.8200
v -9.5852 -11.3631 5.9600
v -9.5852 -11.4431 6.3700
v -9.9152 -4.1431 6.0100
v -9.9152 -4.4231 6.0100
v -9.9052 -4.7231 5.9800
v -9.9052 -4.9931 5.9600
v -9.9052 -5.2731 5.9800
v -9.9052 -5.5431 5.9500
v -9.9052 -5.8231 5.9600
v -9.8952 -6.0731 5.9400
v -9.8952 -6.3231 5.9600
v -9.8952 -6.5931 5.9500
v -9.8952 -6.8631 5.9400
v -9.8952 -7.1331 5.9000
v -9.8852 -7.4331 5.9000
v -9.8852 -7.6931 5.9000
v -9.8852 -7.9631 5.8800
v -9.8852 -8.2331 5.8700
v -9.8752 -8.5031 5.8400
v -9.8752 -8.7631 5.8500
v -9.8752 -9.0431 5.8500
v -9.8752 -9.2831 5.8500
v -9.8752 -9.5731 5.8400
v -9.8652 -9.8531 5.8300
v -9.8652 -10.1231 5.8200
v -9.8652 -10.4131 5.8300
v -9.8652 -10.6731 5.8200
v -9.8552 -10.9331 5.8600
v -9.8552 -11.1231 6.0200
v -9.8552 -11.2731 6.3100
v -9.8552 -11.5131 6.3900
v -10.0652 -4.0731 5.9900
v -10.0652 -4.3231 6.0200
v -10.0652 -4.5931 6.0000
v -10.0552 -4.8331 5.9900
v -10.0552 -5.1231 5.9800
v -10.0552 -5.4031 5.9700
v -10.0552 -5.6831 5.9800
v -10.0552 -5.9431 5.9700
v -10.0452 -6.2131 5.9400
v -10.0452 -6.4831 5.9400
v -10.0452 -6.7431 5.9400
v -10.0452 -7.0231 5.9000
v -10.0352 -7.3131 5.8700
v -10.0352 -7.5531 5.8900
v -10.0352 -7.8331 5.8800
v -10.0352 -8.1231 5.8600
v -10.0352 -8.3731 5.8600
v -10.0252 -8.6431 5.8900
v -10.0252 -8.9531 5.8300
v -10.0252 -9.2131 5.8700
v -10.0252 -9.4731 5.8400
v -10.0152 -9.7431 5.8400
v -10.0152 -10.0331 5.8500
v -10.0152 -10.2931 5.8200
v -10.0152 -10.5631 5.7900
v -10.0152 -10.8131 5.8600
v -10.0052 -10.9631 6.1900
v -10.0052 -11.1231 6.3400
v -10.0052 -11.4131 6.3600
v -10.2152 -4.0931 6.0500
v -10.2152 -4.3531 6.0200
v -10.2152 -4.6231 6.0200
v -10.2052 -4.8631 6.0000
v -10.2052 -5.1431 6.0100
v -10.2052 -5.4331 5.9900
v -10.2052 -5.6731 5.9700
v -10.2052 -5.9431 5.9400
v -10.1952 -6.2631 5.9400
v -10.1952 -6.5231 5.9400
v -10.1952 -6.7731 5.9300
v -10.1952 -7.0831 5.9200
v -10.1852 -7.3731 5.9000
v -10.1852 -7.6331 5.9100
v -10.1852 -7.8931 5.9000
v -10.1852 -8.1531 5.8900
v -10.1852 -8.4531 5.8700
v -10.1752 -8.7131 5.8600
v -10.1752 -8.9831 5.8600
v -10.1752 -9.2531 5.8500
v -10.1752 -9.5331 5.8300
v -10.1652 -9.8231 5.8300
v -10.1652 -10.0831 5.8200
v -10.1652 -10.3431 5.8300
v -10.1652 -10.5931 5.8400
v -10.1652 -10.7431 6.1600
v -10.1652 -10.9531 6.3200
v -10.1552 -11.1731 6.4200
v -6.2552 6.9069 0.6500
v -6.2552 6.9069 1.2500
v -6.2552 6.9269 1.9400
v -6.2652 7.4969 3.8400
v -6.2552 6.8869 2.4300
v -6.2552 7.2469 3.9200
v -6.2552 7.0569 4.0200
v -6.2552 6.8369 4.2000
v -6.2552 6.6469 4.3900
v -6.2552 6.4169 4.4800
v -6.5152 7.2669 3.7700
v -6.5152 7.0869 3.9300
v -6.5152 6.8769 4.0200
v -6.4352 -2.6831 0.2000
v -6.4352 -2.7331 0.7300
v -6.4352 -2.7131 1.3800
v -6.4352 -2.2731 3.0000
v -6.4352 -2.7531 1.9200
v -6.4352 -2.3031 3.4700
v -6.4352 -2.4431 3.7500
v -6.4352 -2.6531 3.9200
v -6.4352 -2.6531 4.5100
v -6.4352 -2.4331 5.6200
v -6.4352 -2.5631 5.9400
v -6.4352 -2.6931 6.2400
v -6.4352 -3.1031 5.9600
v -6.4252 -3.3731 5.9800
v -6.4252 -3.6631 5.9300
v -6.7652 -2.2731 0.6100
v -6.7652 -2.1931 1.3800
v -6.7752 -1.8831 2.7500
v -6.7652 -2.3731 1.6400
v -6.7752 -1.9731 3.1100
v -6.7752 -1.9931 3.7200
v -6.7652 -2.2231 3.8100
v -6.7752 -1.8331 5.3200
v -6.7652 -2.4431 3.9300
v -6.7752 -2.0031 5.5500
v -6.7752 -2.1731 5.7800
v -6.7652 -2.2431 6.2400
v -6.7652 -2.5631 6.0800
v -6.7652 -2.8831 5.9400
v -6.7652 -3.1531 5.9500
v -6.7652 -3.4331 5.9300
v -6.7552 -3.7031 5.9300
v -7.0452 -1.9631 0.4700
v -7.0452 -1.9131 1.2600
v -7.0452 -2.0731 1.5100
v -7.0452 -1.6731 3.0600
v -7.0452 -2.3231 1.5700
v -7.0452 -1.6831 3.6200
v -7.0452 -1.8631 3.8000
v -7.0452 -1.6731 4.8400
v -7.0452 -2.0931 3.8800
v -7.0452 -1.6531 5.5200
v -7.0452 -1.7731 5.7900
v -7.0452 -1.8931 6.1500
v -7.0452 -2.1731 6.1600
v -7.0452 -2.5131 5.9800
v -7.0452 -2.7831 5.9400
v -7.0352 -3.0331 5.9700
v -7.0352 -3.3431 5.9300
v -7.0352 -3.6231 5.9300
v -7.0352 -3.8931 5.9300
v -7.2052 -1.8031 0.2700
v -7.2052 -1.7831 0.9400
v -7.2052 -1.8031 1.4800
v -7.2152 -1.4131 3.0300
v -7.2052 -2.0131 1.6600
v -7.2152 -1.5331 3.3400
v -7.2052 -2.2931 1.6200
v -7.2052 -1.5731 3.8600
v -7.2052 -1.6231 4.3400
v -7.2152 -1.5431 5.1500
v -7.2152 -1.5831 5.6900
v -7.2152 -1.6631 6.1100
v -7.2052 -1.9131 6.2100
v -7.2052 -2.2931 6.0000
v -7.2052 -2.5731 5.9900
v -7.2052 -2.8131 5.9900
v -7.1952 -3.0931 5.9400
v -7.1952 -3.3431 5.9400
v -7.1952 -3.5931 5.9600
v -7.1952 -3.8731 5.9200
v -7.3652 -1.5631 0.5700
v -7.3652 -1.5631 1.1600
v -7.3652 -1.1131 2.8600
v -7.3652 -1.6031 1.7400
v -7.3652 -1.3131 3.0200
v -7.3652 -1.3931 3.4300
v -7.3652 -1.3931 4.0700
v -7.3652 -1.3931 4.7400
v -7.3652 -1.3831 5.3900
v -7.3652 -1.4731 5.7300
v -7.3652 -1.5031 6.2200
v -7.3652 -1.8131 6.1800
v -7.3552 -2.1231 6.0500
v -7.3552 -2.3931 5.9600
v -7.3552 -2.6731 5.9900
v -7.3552 -2.9331 5.9800
v -7.3552 -3.2031 5.9500
v -7.3452 -3.4531 5.9500
v -7.3452 -3.7031 5.9200
v -7.6052 -1.3731 0.3600
v -7.6052 -1.3931 0.9100
v -7.6152 -0.9031 2.6700
v -7.6052 -1.3731 1.5900
v -7.6152 -0.9831 3.0500
v -7.6052 -1.4431 2.0100
v -7.6152 -1.1131 3.3400
v -7.6152 -1.0731 3.9700
v -7.6152 -1.1231 4.4700
v -7.6152 -1.0531 5.2600
v -7.6152 -1.1231 5.6800
v -7.6152 -1.2131 6.0400
v -7.6152 -1.3731 6.2500
v -7.6052 -1.7131 6.0500
v -7.6052 -2.0031 6.0400
v -7.6052 -2.3031 5.9800
v -7.6052 -2.5631 5.9600
v -7.5952 -2.8231 5.9700
v -7.5952 -3.0631 5.9800
v -7.5952 -3.3531 5.9700
v -7.5952 -3.6031 5.9500
v -7.5952 -3.8831 5.9500
v -7.8852 -1.0731 0.3200
v -7.8852 -0.9531 1.2600
v -7.8852 -1.0731 0.9800
v -7.8952 -0.5031 2.8400
v -7.8852 -0.9031 1.9400
v -7.8852 -0.6831 3.0300
v -7.8852 -0.7931 3.3500
v -7.8852 -0.7931 3.9300
v -7.8852 -0.8131 4.5300
v -7.8852 -0.7731 5.2500
v -7.8852 -0.8431 5.6800
v -7.8852 -0.9531 5.9900
v -7.8852 -1.1031 6.2500
v -7.8852 -1.4531 6.0900
v -7.8852 -1.7031 6.0100
v -7.8752 -2.0031 6.0100
v -7.8752 -2.2731 5.9900
v -7.8752 -2.5331 5.9800
v -7.8752 -2.8031 5.9600
v -7.8752 -3.0831 5.9800
v -7.8652 -3.3631 6.0000
v -7.8652 -3.6631 5.9600
v -8.1452 -0.6831 0.6900
v -8.1452 -0.6431 1.4100
v -8.1452 -0.2431 2.9100
v -8.1452 -0.7431 1.7800
v -8.1452 -0.4131 3.1100
v -8.1452 -0.5131 3.4500
v -8.1452 -0.4631 4.2100
v -8.1452 -0.4531 4.8100
v -8.1452 -0.4831 5.3700
v -8.1452 -0.5131 5.8400
v -8.1452 -0.6631 6.1200
v -8.1452 -0.9131 6.1600
v -8.1452 -1.2531 6.0500
v -8.1352 -1.5331 6.0300
v -8.1352 -1.8131 6.0300
v -8.1352 -2.0831 6.0000
v -8.1352 -2.3731 5.9700
v -8.1252 -2.6031 6.0000
v -8.1252 -2.8731 6.0000
v -8.1252 -3.1231 5.9800
v -8.1252 -3.4031 6.0000
v -8.1252 -3.7031 5.9600
v -8.3952 -0.4031 0.3700
v -8.3952 -0.3931 1.0500
v -8.3952 -0.4931 1.4400
v -8.4052 -0.0631 3.0100
v -8.3952 -0.5531 1.8700
v -8.4052 -0.1831 3.3400
v -8.4052 -0.2131 3.8400
v -8.4052 -0.2531 4.4600
v -8.4052 -0.2031 5.2100
v -8.4052 -0.2431 5.6700
v -8.4052 -0.3431 6.0200
v -8.3952 -0.5731 6.1600
v -8.3952 -0.8731 6.0800
v -8.3952 -1.1231 6.0400
v -8.3952 -1.3931 6.0400
v -8.3852 -1.6931 6.0200
v -8.3852 -1.9731 6.0000
v -8.3852 -2.2231 6.0200
v -8.3852 -2.4631 6.0200
v -8.3852 -2.7431 6.0400
v -8.3752 -3.0231 6.0000
v -8.3752 -3.2831 5.9900
v -8.3752 -3.5431 5.9900
v -8.3752 -3.8031 5.9500
v -8.6552 -0.1631 0.0600
v -8.6652 -0.0731 0.9200
v -8.6652 -0.0931 1.4100
v -8.6652 0.2669 2.9100
v -8.6652 0.1369 3.2000
v -8.6652 0.1169 3.7100
v -8.6652 0.0769 4.1700
v -8.6652 0.0869 4.8300
v -8.6652 0.0869 5.5000
v -8.6652 0.0269 5.9900
v -8.6652 -0.1231 6.2100
v -8.6552 -0.4031 6.1600
v -8.6552 -0.7131 6.0700
v -8.6552 -0.9731 6.0700
v -8.6552 -1.2131 6.0700
v -8.6452 -1.4931 6.0300
v -8.6452 -1.7631 6.0400
v -8.6452 -2.0631 6.0000
v -8.6452 -2.3331 5.9900
v -8.6452 -2.5931 6.0100
v -8.6352 -2.8831 5.9800
v -8.6352 -3.1531 5.9900
v -8.6352 -3.4331 5.9900
v -8.6352 -3.6831 5.9700
v -8.8752 0.0669 0.1300
v -8.8752 0.1469 0.9800
v -8.8752 0.1569 1.6600
v -8.8752 0.4569 2.9400
v -8.8752 0.3469 3.2800
v -8.8752 0.3069 3.7800
v -8.8752 0.2669 4.3300
v -8.8752 0.2869 4.9500
v -8.8752 0.3169 5.6000
v -8.8752 0.2369 6.0400
v -8.8752 0.0569 6.2500
v -8.8752 -0.2731 6.0700
v -8.8752 -0.5531 6.0900
v -8.8652 -0.8031 6.0700
v -8.8652 -1.0831 6.0700
v -8.8652 -1.3731 6.0700
v -8.8652 -1.6531 6.0400
v -8.8552 -1.9131 6.0200
v -8.8552 -2.2031 6.0200
v -8.8552 -2.4831 6.0100
v -8.8552 -2.7231 6.0200
v -8.8552 -2.9831 5.9900
v -8.8452 -3.2731 5.9900
v -8.8452 -3.5531 5.9800
v -8.8452 -3.8131 6.0000
v -9.0652 0.3469 0.1000
v -9.0652 0.3169 0.6200
v -9.0652 0.3569 1.2700
v -9.0752 0.7569 2.8300
v -9.0652 0.3269 1.8400
v -9.0752 0.6069 3.0900
v -9.0752 0.5769 3.6000
v -9.0752 0.5469 4.1700
v -9.0752 0.5169 4.7100
v -9.0752 0.5469 5.4200
v -9.0752 0.4769 5.8400
v -9.0752 0.3769 6.2900
v -9.0652 0.0369 6.1000
v -9.0652 -0.2531 6.0800
v -9.0652 -0.5231 6.0900
v -9.0652 -0.7731 6.0900
v -9.0552 -1.0331 6.0800
v -9.0552 -1.3231 6.0500
v -9.0552 -1.5931 6.0500
v -9.0552 -1.8631 6.0400
v -9.0552 -2.1531 6.0200
v -9.0452 -2.4031 6.0100
v -9.0452 -2.6831 6.0100
v -9.0452 -2.9431 6.0000
v -9.0452 -3.2131 6.0100
v -9.0352 -3.5031 5.9900
v -9.0352 -3.7831 5.9900
v -9.3352 0.6269 0.4000
v -9.3352 0.6369 1.1100
v -9.3352 1.1269 2.9100
v -9.3352 0.5869 1.6700
v -9.3352 0.9169 3.0300
v -9.3352 0.8769 3.4600
v -9.3352 0.8269 4.0500
v -9.3352 0.8569 4.7600
v -9.3352 0.8069 5.2200
v -9.3352 0.8069 5.7200
v -9.3352 0.6869 6.1500
v -9.3352 0.4469 6.2300
v -9.3252 0.1569 6.1300
v -9.3252 -0.1131 6.0900
v -9.3252 -0.3831 6.1200
v -9.3252 -0.6731 6.1100
v -9.3152 -0.9431 6.0500
v -9.3152 -1.2031 6.0700
v -9.3152 -1.4831 6.0700
v -9.3152 -1.7731 6.0600
v -9.3152 -2.0631 6.0400
v -9.3052 -2.3331 6.0200
v -9.3052 -2.6031 6.0300
v -9.3052 -2.8831 6.0300
v -9.3052 -3.1131 6.0400
v -9.3052 -3.3831 5.9900
v -9.2952 -3.6431 6.0000
v -9.2952 -3.9031 6.0000
v -9.6852 1.1169 0.4700
v -9.6852 1.0869 1.0400
v -9.6852 1.0669 1.5500
v -9.6852 1.3369 2.8200
v -9.6852 1.2869 3.3300
v -9.6852 1.2669 3.9100
v -9.6852 1.2469 4.3800
v -9.6852 1.1969 4.9800
v -9.6852 1.2069 5.5800
v -9.6852 1.1169 5.9800
v -9.6852 0.9669 6.2500
v -9.6752 0.6369 6.1300
v -9.6752 0.3569 6.1300
v -9.6752 0.1069 6.1400
v -9.6752 -0.1831 6.0900
v -9.6652 -0.4731 6.1200
v -9.6652 -0.7431 6.1100
v -9.6652 -1.0131 6.0800
v -9.6652 -1.2631 6.0800
v -9.6652 -1.5231 6.1000
v -9.6552 -1.7931 6.0400
v -9.6552 -2.0531 6.0200
v -9.6552 -2.3331 6.0200
v -9.6552 -2.5631 6.0200
v -9.6552 -2.8331 6.0200
v -9.6452 -3.0931 6.0300
v -9.6452 -3.3431 6.0300
v -9.6452 -3.6231 6.0100
v -9.6452 -3.9031 5.9900
v -9.9552 1.3369 0.4200
v -9.9552 1.4369 1.3000
v -9.9652 1.8669 2.8700
v -9.9552 1.3569 1.7100
v -9.9652 1.6369 2.9900
v -9.9652 1.6069 3.4800
v -9.9652 1.5269 3.9500
v -9.9652 1.5569 4.6600
v -9.9652 1.5369 5.2100
v -9.9552 1.4769 5.7300
v -9.9552 1.3669 6.1400
v -9.9552 1.1369 6.2600
v -9.9552 0.8469 6.1400
v -9.9552 0.5769 6.1100
v -9.9552 0.3469 6.1600
v -9.9452 0.0769 6.1400
v -9.9452 -0.1831 6.1000
v -9.9452 -0.4531 6.1200
v -9.9452 -0.7031 6.0900
v -9.9452 -0.9731 6.0900
v -9.9352 -1.2331 6.1000
v -9.9352 -1.5031 6.0600
v -9.9352 -1.7731 6.0600
v -9.9352 -2.0531 6.0700
v -9.9252 -2.3231 6.0400
v -9.9252 -2.5631 6.0600
v -9.9252 -2.8031 6.0300
v -9.9252 -3.1031 6.0400
v -9.9252 -3.3631 6.0300
v -9.9152 -3.6431 6.0300
v -9.9152 -3.8831 6.0200
v -10.1052 1.5969 0.7800
v -10.1152 1.5669 1.3700
v -10.1152 1.9269 2.8600
v -10.1052 1.5069 1.8700
v -10.1152 1.7769 3.1100
v -10.1152 1.7369 3.6900
v -10.1152 1.7369 4.2500
v -10.1152 1.7469 4.8800
v -10.1152 1.6769 5.3000
v -10.1152 1.6669 5.8400
v -10.1152 1.5969 6.2700
v -10.1052 1.3069 6.2300
v -10.1052 1.0269 6.1800
v -10.1052 0.7669 6.1700
v -10.1052 0.5169 6.1400
v -10.1052 0.2569 6.1400
v -10.0952 -0.0231 6.1300
v -10.0952 -0.3131 6.1200
v -10.0952 -0.5731 6.1100
v -10.0952 -0.8231 6.0900
v -10.0952 -1.0731 6.1100
v -10.0852 -1.3631 6.0800
v -10.0852 -1.6231 6.0500
v -10.0852 -1.8931 6.0700
v -10.0852 -2.1531 6.0700
v -10.0752 -2.4031 6.0800
v -10.0752 -2.7031 6.0400
v -10.0752 -2.9731 6.0300
v -10.0752 -3.2531 6.0400
v -10.0652 -3.5431 6.0200
v -10.0652 -3.7931 6.0300
v -10.2652 1.7869 0.7600
v -10.2652 1.7369 1.2500
v -10.2652 1.7369 1.8500
v -10.2652 2.0169 3.0200
v -10.2652 1.9169 3.4400
v -10.2652 1.8769 3.9500
v -10.2652 1.9069 4.6100
v -10.2652 1.9169 5.1900
v -10.2652 1.8669 5.6400
v -10.2652 1.7369 6.0000
v -10.2652 1.5669 6.2600
v -10.2552 1.2869 6.1800
v -10.2552 1.0469 6.1900
v -10.2552 0.7669 6.1400
v -10.2552 0.4769 6.1300
v -10.2552 0.2269 6.1400
v -10.2452 -0.0331 6.1400
v -10.2452 -0.3031 6.1200
v -10.2452 -0.5731 6.1100
v -10.2452 -0.8431 6.1100
v -10.2352 -1.1231 6.0700
v -10.2352 -1.3831 6.0900
v -10.2352 -1.6931 6.0600
v -10.2352 -1.9631 6.0500
v -10.2352 -2.2131 6.0800
v -10.2252 -2.4631 6.0500
v -10.2252 -2.7431 6.0500
v -10.2252 -3.0131 6.0400
v -10.2252 -3.2831 6.0500
v -10.2252 -3.5531 6.0200
v -10.2152 -3.8431 6.0100
v 10.2348 -6.6931 2.2900
v 10.2348 -6.8631 2.4400
v 10.2348 -7.0831 2.5200
v 9.9648 -6.3431 2.3300
v 9.9748 -7.1031 0.6100
v 9.9648 -6.5631 2.4000
v 9.9748 -6.7631 2.4900
v 9.9748 -6.9831 2.6000
v 9.9748 -7.2531 2.6300
v 9.7448 -6.1431 2.2900
v 9.7548 -6.9131 0.5500
v 9.7448 -6.3631 2.3600
v 9.7448 -6.5331 2.5200
v 9.7548 -6.8031 2.5500
v 9.7548 -7.0331 2.6400
v 9.7548 -7.2731 2.7000
v 9.7548 -7.5331 2.6900
v 9.5348 -6.3231 0.5900
v 9.5248 -5.8031 2.3600
v 9.5348 -6.5831 0.6000
v 9.5348 -6.0431 2.4000
v 9.5348 -6.2831 2.5000
v 9.5348 -6.5231 2.5400
v 9.5348 -6.7831 2.5800
v 9.5348 -7.0331 2.7000
v 9.5448 -7.2731 2.7100
v 9.5448 -7.5331 2.7700
v 9.5448 -7.7431 2.8800
v 9.3348 -5.6331 2.3400
v 9.3348 -6.4031 0.6100
v 9.3348 -5.8731 2.3400
v 9.3348 -6.0931 2.4600
v 9.3348 -6.3231 2.5500
v 9.3348 -6.5531 2.6100
v 9.3448 -6.8031 2.6600
v 9.3448 -7.0431 2.7200
v 9.3448 -7.3131 2.7700
v 9.3448 -7.5531 2.8200
v 9.3448 -7.7431 2.9500
v 9.1248 -5.4731 2.2700
v 9.1248 -6.2431 0.5300
v 9.1248 -5.6931 2.4200
v 9.1248 -5.9031 2.5200
v 9.1248 -6.1531 2.5400
v 9.1248 -6.3931 2.6400
v 9.1348 -6.6231 2.6700
v 9.1348 -6.8431 2.7200
v 9.1348 -7.0931 2.8000
v 9.1348 -7.3531 2.8100
v 9.1448 -7.6031 2.8500
v 9.1448 -7.8431 2.9600
v 9.1448 -8.0231 3.1200
v 8.8348 -5.1131 2.2700
v 8.8348 -5.8531 0.5800
v 8.8348 -5.3231 2.3500
v 8.8348 -5.5531 2.4400
v 8.8348 -5.7531 2.5500
v 8.8348 -6.0131 2.6400
v 8.8448 -6.2531 2.7100
v 8.8448 -6.4831 2.7300
v 8.8448 -6.7431 2.8000
v 8.8448 -7.0331 2.8100
v 8.8448 -7.2431 2.9400
v 8.8548 -7.4931 2.9500
v 8.8548 -7.7431 3.0000
v 8.8548 -8.0131 3.0600
v 8.8548 -8.2131 3.1800
v 8.4848 -5.2531 0.5300
v 8.4748 -4.6831 2.3500
v 8.4848 -5.4231 0.6700
v 8.4748 -4.9531 2.4200
v 8.4848 -5.1931 2.5000
v 8.4848 -5.4131 2.6000
v 8.4848 -5.6531 2.6100
v 8.4848 -5.9431 2.6600
v 8.4848 -6.1931 2.7100
v 8.4948 -6.4031 2.7700
v 8.4948 -6.6531 2.8100
v 8.4948 -6.8931 2.9100
v 8.4948 -7.1531 2.9400
v 8.4948 -7.3631 3.0300
v 8.4948 -7.6031 3.0800
v 8.5048 -7.8631 3.1300
v 8.5048 -8.1131 3.2000
v 8.5048 -8.3531 3.2400
v 8.5048 -8.5831 3.3300
v 8.5248 -10.8331 1.4100
v 8.2148 -4.3931 0.5400
v 8.2148 -4.6631 0.5300
v 8.2148 -4.4231 2.3200
v 8.2148 -5.1731 0.6100
v 8.2148 -4.6531 2.4300
v 8.2148 -4.8431 2.4900
v 8.2148 -5.0931 2.5400
v 8.2148 -5.3431 2.6300
v 8.2148 -5.5931 2.7100
v 8.2248 -5.8331 2.7200
v 8.2248 -6.0831 2.7800
v 8.2248 -6.3331 2.8200
v 8.2248 -6.5931 2.8500
v 8.2248 -6.7831 2.9200
v 8.2348 -7.0531 2.9900
v 8.2348 -7.3031 3.0900
v 8.2348 -7.5931 3.0700
v 8.2348 -7.8031 3.1800
v 8.2348 -8.0431 3.2500
v 8.2448 -8.3131 3.3000
v 8.2448 -8.5531 3.3600
v 8.2448 -8.7431 3.4800
v 8.2548 -10.4331 1.4300
v 8.2648 -10.6931 1.4700
v 8.2548 -10.4731 2.5100
v 8.2648 -10.7331 2.5200
v 8.0648 -4.3631 0.5200
v 8.0648 -4.5831 0.5600
v 8.0648 -4.1031 2.3200
v 8.0648 -4.8931 0.5300
v 8.0648 -4.3431 2.3600
v 8.0648 -5.0831 0.6600
v 8.0648 -4.5631 2.4700
v 8.0648 -4.8031 2.5100
v 8.0648 -5.0331 2.6300
v 8.0748 -5.2931 2.6600
v 8.0748 -5.5631 2.6800
v 8.0748 -5.8031 2.7600
v 8.0748 -6.0631 2.8200
v 8.0748 -6.3331 2.8300
v 8.0848 -6.5631 2.9200
v 8.0848 -6.8131 2.9100
v 8.0848 -7.0431 2.9800
v 8.0848 -7.2631 3.0600
v 8.0848 -7.4831 3.1200
v 8.0848 -7.7331 3.2200
v 8.0948 -7.9631 3.2500
v 8.0948 -8.1831 3.3400
v 8.0948 -8.4131 3.3800
v 8.0948 -8.6631 3.4000
v 8.0948 -8.9031 3.4700
v 8.1048 -9.9031 2.4300
v 8.1148 -10.3431 1.4500
v 8.1048 -10.1131 2.5500
v 8.1148 -10.5931 1.4700
v 8.1148 -10.3831 2.5300
v 8.1148 -10.6831 2.4700
v 7.8848 -4.6531 0.5300
v 7.8748 -4.1131 2.3900
v 7.8848 -4.8731 0.6500
v 7.8848 -4.3331 2.4700
v 7.8848 -4.5931 2.5200
v 7.8848 -4.8331 2.5800
v 7.8848 -5.0431 2.6700
v 7.8848 -5.2831 2.7000
v 7.8848 -5.5231 2.7500
v 7.8948 -5.7531 2.8100
v 7.8948 -6.0131 2.8600
v 7.8948 -6.2331 2.9200
v 7.8948 -6.4731 2.9400
v 7.8948 -6.7031 3.0100
v 7.9048 -6.9431 3.0800
v 7.9048 -7.1731 3.1400
v 7.9048 -7.4431 3.1800
v 7.9048 -7.6831 3.2300
v 7.9048 -7.8931 3.3600
v 7.9048 -8.1531 3.3300
v 7.9148 -8.3531 3.4400
v 7.9148 -8.6031 3.4600
v 7.9148 -8.8631 3.5400
v 7.9148 -9.1031 3.5800
v 7.9248 -9.9631 1.6500
v 7.9248 -9.8331 2.4700
v 7.9248 -10.1031 2.5400
v 7.9248 -10.3931 2.5300
v 7.9348 -10.6931 2.4900
v 7.9348 -10.9931 2.4100
v 7.5648 -4.1031 2.5200
v 7.5648 -4.3331 2.5700
v 7.5748 -4.5831 2.6200
v 7.5748 -4.8231 2.6600
v 7.5748 -5.0831 2.6600
v 7.5748 -5.2631 2.7700
v 7.5748 -5.5631 2.7800
v 7.5848 -5.8031 2.8600
v 7.5848 -6.0231 2.9500
v 7.5848 -6.2631 2.9500
v 7.5848 -6.4831 3.0300
v 7.5848 -6.7331 3.0900
v 7.5848 -6.9831 3.1200
v 7.5948 -7.2031 3.2300
v 7.5948 -7.4431 3.2900
v 7.5948 -7.7031 3.2800
v 7.5948 -7.9331 3.4000
v 7.5948 -8.2031 3.4100
v 7.6048 -8.4331 3.5200
v 7.6048 -8.7131 3.5100
v 7.6048 -9.4231 2.4900
v 7.6148 -9.6931 2.5200
v 7.6148 -9.9431 2.4800
v 7.6148 -10.2131 2.4900
v 7.6148 -10.4731 2.4800
v 7.6148 -10.7731 2.4500
v 7.6248 -11.0931 2.3300
v 7.6248 -11.3631 2.3600
v 7.2348 -4.1131 2.6000
v 7.2348 -4.3531 2.6500
v 7.2348 -4.5731 2.6800
v 7.2448 -4.8231 2.7000
v 7.2448 -5.0631 2.8100
v 7.2448 -5.2831 2.8800
v 7.2448 -5.5431 2.9100
v 7.2448 -5.7731 2.9600
v 7.2548 -6.0231 3.0000
v 7.2548 -6.2831 3.0500
v 7.2548 -6.5231 3.1400
v 7.2548 -6.7631 3.2100
v 7.2548 -7.0331 3.2100
v 7.2648 -7.2531 3.3300
v 7.2648 -7.5331 3.3100
v 7.2648 -7.7231 3.4000
v 7.2648 -7.9731 3.4700
v 7.2648 -8.2031 3.5300
v 7.2648 -8.4731 3.5600
v 7.2748 -8.9331 2.5400
v 7.2748 -9.1731 2.5400
v 7.2748 -9.4831 2.5200
v 7.2748 -9.7531 2.5000
v 7.2848 -10.0331 2.4600
v 7.2848 -10.2931 2.4200
v 7.2848 -10.5731 2.4000
v 7.2848 -10.8431 2.3800
v 7.2948 -11.1531 2.3300
v 7.2948 -11.4331 2.2400
v 6.9848 -3.9231 2.6100
v 6.9848 -4.1431 2.6700
v 6.9848 -4.4031 2.7400
v 6.9948 -4.6531 2.8000
v 6.9948 -4.9231 2.8100
v 6.9948 -5.1831 2.8800
v 6.9948 -5.4031 2.9500
v 6.9948 -5.6331 3.0000
v 6.9948 -5.9031 3.0300
v 7.0048 -6.1231 3.0900
v 7.0048 -6.3531 3.1800
v 7.0048 -6.6131 3.2300
v 7.0048 -6.8931 3.2100
v 7.0148 -7.1231 3.3100
v 7.0148 -7.3631 3.3500
v 7.0148 -7.5631 3.4800
v 7.0148 -7.8331 3.4800
v 7.0148 -8.0731 3.5200
v 7.0248 -8.7431 2.5900
v 7.0248 -9.0431 2.5700
v 7.0248 -9.3031 2.5300
v 7.0248 -9.6331 2.4300
v 7.0348 -9.9031 2.4700
v 7.0348 -10.1731 2.3900
v 7.0348 -10.4731 2.3700
v 7.0348 -10.7531 2.3600
v 7.0448 -11.0631 2.3100
v 7.0448 -11.3131 2.2800
v 7.0448 -11.6331 2.2100
v 6.7948 -3.9731 2.6900
v 6.7948 -4.2031 2.7300
v 6.8048 -4.4331 2.7700
v 6.8048 -4.6931 2.7700
v 6.8048 -4.9331 2.8700
v 6.8048 -5.1731 2.9300
v 6.8048 -5.4131 2.9700
v 6.8048 -5.6431 3.0900
v 6.8148 -5.9331 3.0400
v 6.8148 -6.1431 3.1600
v 6.8148 -6.3731 3.1600
v 6.8148 -6.6231 3.2600
v 6.8148 -6.8631 3.3400
v 6.8248 -7.1231 3.3200
v 6.8248 -7.3131 3.4300
v 6.8248 -7.6131 3.4700
v 6.8248 -7.8431 3.5500
v 6.8348 -8.5231 2.6100
v 6.8348 -8.7931 2.5700
v 6.8348 -9.1231 2.5300
v 6.8448 -9.4031 2.4900
v 6.8448 -9.7031 2.4200
v 6.8448 -9.9831 2.4000
v 6.8448 -10.2531 2.3900
v 6.8448 -10.5331 2.3500
v 6.8548 -10.8331 2.3200
v 6.8548 -11.1031 2.3200
v 6.8548 -11.3831 2.2700
v 6.8548 -11.7131 2.1900
v 6.5948 -4.0431 2.7200
v 6.6048 -4.2631 2.8400
v 6.6048 -4.5431 2.8300
v 6.6048 -4.7631 2.9000
v 6.6048 -4.9931 3.0000
v 6.6048 -5.2231 3.0400
v 6.6148 -5.4631 3.0800
v 6.6148 -5.7531 3.1200
v 6.6148 -5.9831 3.1700
v 6.6148 -6.2331 3.2000
v 6.6148 -6.4931 3.2700
v 6.6248 -6.7531 3.3400
v 6.6248 -6.9531 3.4500
v 6.6248 -7.2331 3.4400
v 6.6248 -7.5031 3.4600
v 6.6248 -7.7331 3.5200
v 6.6348 -8.1331 2.6300
v 6.6348 -8.3931 2.6300
v 6.6348 -8.6831 2.5700
v 6.6348 -8.9731 2.5500
v 6.6448 -9.2531 2.4800
v 6.6448 -9.5731 2.4100
v 6.6448 -9.8431 2.3700
v 6.6448 -10.1331 2.3500
v 6.6448 -10.3931 2.3400
v 6.6548 -10.7131 2.2600
v 6.6548 -10.9931 2.2700
v 6.6548 -11.2831 2.2200
v 6.6548 -11.5631 2.2000
v 6.3948 -4.1431 2.8000
v 6.4048 -4.3931 2.8600
v 6.4048 -4.6031 2.9500
v 6.4048 -4.8731 2.9400
v 6.4048 -5.1231 3.0100
v 6.4048 -5.3631 3.1100
v 6.4148 -5.6131 3.1000
v 6.4148 -5.8631 3.1600
v 6.4148 -6.1131 3.2600
v 6.4148 -6.3631 3.2700
v 6.4148 -6.5631 3.3900
v 6.4248 -6.8231 3.4000
v 6.4248 -7.0731 3.4600
v 6.4248 -7.3031 3.5500
v 6.4248 -7.6031 3.4900
v 6.4248 -7.9931 2.6300
v 6.4348 -8.2131 2.6400
v 6.4348 -8.5431 2.5800
v 6.4348 -8.8231 2.5400
v 6.4348 -9.1231 2.4700
v 6.4448 -9.3931 2.4400
v 6.4448 -9.7231 2.3900
v 6.4448 -10.0331 2.3400
v 6.4448 -10.3031 2.3300
v 6.4548 -10.6131 2.2700
v 6.4548 -10.8831 2.2200
v 6.4548 -11.1531 2.2300
v 6.4548 -11.4031 2.2100
v 6.4548 -11.6831 2.1700
v 6.1748 -3.9331 2.3400
v 6.1748 -4.0431 2.7400
v 6.1748 -4.2531 2.8900
v 6.1848 -4.4831 2.9500
v 6.1848 -4.6931 3.0400
v 6.1848 -4.9831 3.0400
v 6.1848 -5.2131 3.1400
v 6.1848 -5.4431 3.1900
v 6.1848 -5.7331 3.1800
v 6.1948 -5.9331 3.2700
v 6.1948 -6.2131 3.2800
v 6.1948 -6.4331 3.3600
v 6.1948 -6.6731 3.3900
v 6.1948 -6.9431 3.4600
v 6.2048 -7.1831 3.5700
v 6.2048 -7.8731 2.6200
v 6.2048 -8.1531 2.5900
v 6.2148 -8.4531 2.5800
v 6.2148 -8.7331 2.5500
v 6.2148 -9.0131 2.4700
v 6.2148 -9.2731 2.4000
v 6.2248 -9.5731 2.3600
v 6.2248 -9.8331 2.3300
v 6.2248 -10.1431 2.2700
v 6.2248 -10.4131 2.2700
v 6.2248 -10.6831 2.2300
v 6.2348 -10.9531 2.2000
v 6.2348 -11.2231 2.1700
v 6.2348 -11.5031 2.1400
v 5.9048 -4.0631 1.0000
v 5.9048 -4.1331 1.5400
v 5.9048 -4.1431 2.1400
v 5.9048 -4.2031 2.5700
v 5.9048 -4.2931 2.9600
v 5.9048 -4.5231 3.0800
v 5.9048 -4.7831 3.0600
v 5.9048 -5.0131 3.1700
v 5.9048 -5.2631 3.2100
v 5.9148 -5.5531 3.2100
v 5.9148 -5.7931 3.3100
v 5.9148 -6.0231 3.3900
v 5.9148 -6.2831 3.4200
v 5.9148 -6.5331 3.4600
v 5.9248 -6.7531 3.5500
v 5.9248 -7.0031 3.5700
v 5.9248 -7.3831 2.7200
v 5.9248 -7.6131 2.7000
v 5.9348 -7.9131 2.6400
v 5.9348 -8.2431 2.5300
v 5.9348 -8.5231 2.5000
v 5.9348 -8.8031 2.4400
v 5.9348 -9.0531 2.4200
v 5.9448 -9.3331 2.3900
v 5.9448 -9.6531 2.3200
v 5.9448 -9.9231 2.2900
v 5.9448 -10.2031 2.2300
v 5.9548 -10.4931 2.1900
v 5.9548 -10.7531 2.1900
v 5.9548 -11.0431 2.1600
v 5.9548 -11.3131 2.1100
v 5.9548 -11.5831 2.1200
v 5.5948 -4.3831 1.9800
v 5.5948 -4.4331 2.5000
v 5.5948 -4.5431 2.8700
v 5.5948 -4.7331 3.1000
v 5.5948 -4.9231 3.2200
v 5.5948 -5.1431 3.2800
v 5.5948 -5.3831 3.3100
v 5.6048 -5.6331 3.3300
v 5.6048 -5.8631 3.4100
v 5.6048 -6.1231 3.4400
v 5.6048 -6.3631 3.4800
v 5.6148 -6.9831 2.6300
v 5.6148 -7.2431 2.6500
v 5.6148 -7.5031 2.6200
v 5.6148 -7.7631 2.6400
v 5.6248 -8.1031 2.5600
v 5.6248 -8.3931 2.4800
v 5.6248 -8.6731 2.4300
v 5.6248 -8.9331 2.3600
v 5.6348 -9.2331 2.3400
v 5.6348 -9.5131 2.2900
v 5.6348 -9.8031 2.2800
v 5.6348 -10.0731 2.2200
v 5.6348 -10.3531 2.1700
v 5.6448 -10.6631 2.1300
v 5.6448 -10.9531 2.1200
v 5.6448 -11.2331 2.0900
v 5.6448 -11.5231 2.0300
v 5.3648 -4.5731 2.0800
v 5.3648 -4.6431 2.5300
v 5.3648 -4.7031 2.9600
v 5.3648 -4.8331 3.2500
v 5.3648 -5.0731 3.3200
v 5.3748 -5.3231 3.3300
v 5.3748 -5.5631 3.4000
v 5.3748 -5.7931 3.4600
v 5.3748 -6.0531 3.5000
v 5.3748 -6.3131 3.4900
v 5.3848 -6.7231 2.5800
v 5.3848 -6.9431 2.6300
v 5.3848 -7.2131 2.6200
v 5.3848 -7.5031 2.5800
v 5.3848 -7.7931 2.5900
v 5.3948 -8.0531 2.5400
v 5.3948 -8.3331 2.4700
v 5.3948 -8.6531 2.3800
v 5.3948 -8.9431 2.3700
v 5.4048 -9.2231 2.3400
v 5.4048 -9.5331 2.2900
v 5.4048 -9.8031 2.2700
v 5.4048 -10.1231 2.2000
v 5.4148 -10.3931 2.1300
v 5.4148 -10.6731 2.1000
v 5.4148 -10.9331 2.0700
v 5.4148 -11.2231 2.0600
v 5.4248 -11.5331 2.0100
v 5.2148 -4.7331 1.8600
v 5.2148 -4.7031 2.5100
v 5.2148 -4.7931 2.8600
v 5.2248 -4.9231 3.2200
v 5.2248 -5.1231 3.3200
v 5.2248 -5.3731 3.3900
v 5.2248 -5.6131 3.4600
v 5.2248 -5.8431 3.4800
v 5.2348 -6.1031 3.5400
v 5.2348 -6.5031 2.6400
v 5.2348 -6.7731 2.6200
v 5.2348 -7.0531 2.6000
v 5.2448 -7.3531 2.5900
v 5.2448 -7.6331 2.5500
v 5.2448 -7.9331 2.4800
v 5.2448 -8.1931 2.4500
v 5.2448 -8.4731 2.4300
v 5.2548 -8.7531 2.3800
v 5.2548 -9.0531 2.3300
v 5.2548 -9.3531 2.2900
v 5.2548 -9.6531 2.2400
v 5.2648 -9.9231 2.2200
v 5.2648 -10.1931 2.1900
v 5.2648 -10.5131 2.0800
v 5.2648 -10.7631 2.0900
v 5.2748 -11.0431 2.0600
v 5.2748 -11.3231 2.0500
v 5.2748 -11.6131 1.9900
v 5.0248 -4.8731 2.2400
v 5.0248 -4.9131 2.7800
v 5.0248 -5.0031 3.1900
v 5.0248 -5.2031 3.3500
v 5.0248 -5.4331 3.4200
v 5.0248 -5.6931 3.4900
v 5.0348 -5.8931 3.5600
v 5.0348 -6.2931 2.6600
v 5.0348 -6.5531 2.6300
v 5.0348 -6.8231 2.6400
v 5.0448 -7.1331 2.6000
v 5.0448 -7.4331 2.5300
v 5.0448 -7.7031 2.4900
v 5.0448 -7.9831 2.4800
v 5.0548 -8.2731 2.4300
v 5.0548 -8.5731 2.3900
v 5.0548 -8.8531 2.3100
v 5.0548 -9.1031 2.2800
v 5.0548 -9.4131 2.2500
v 5.0648 -9.7031 2.2100
v 5.0648 -9.9731 2.2000
v 5.0648 -10.2831 2.1300
v 5.0648 -10.5631 2.0900
v 5.0748 -10.8631 2.0500
v 5.0748 -11.1531 2.0200
v 5.0748 -11.4331 1.9700
v 5.0748 -11.7031 1.9800
v 4.7148 -5.0831 1.6500
v 4.7148 -5.1331 2.1600
v 4.7148 -5.1331 2.7700
v 4.7148 -5.2331 3.1800
v 4.7148 -5.3831 3.4700
v 4.7248 -6.1231 2.3800
v 4.7248 -6.2831 2.6000
v 4.7248 -6.5431 2.6400
v 4.7248 -6.8031 2.5800
v 4.7248 -7.0931 2.5700
v 4.7248 -6.6031 4.2900
v 4.7348 -7.3931 2.5200
v 4.7348 -7.6531 2.4500
v 4.7348 -7.9331 2.4300
v 4.7348 -8.2431 2.4300
v 4.7348 -8.5431 2.3500
v 4.7448 -8.8231 2.3100
v 4.7448 -9.1531 2.2000
v 4.7448 -9.4431 2.2100
v 4.7448 -9.7131 2.1500
v 4.7548 -9.9931 2.1300
v 4.7548 -10.2931 2.0900
v 4.7548 -10.5531 2.0900
v 4.7548 -10.8431 2.0400
v 4.7548 -11.1431 1.9900
v 4.7648 -11.4431 1.9300
v 4.7648 -11.7031 1.9400
v 4.4048 -5.2931 1.7800
v 4.4048 -5.3231 2.3800
v 4.4048 -5.3331 2.9700
v 4.4148 -5.8431 1.8000
v 4.4048 -5.4431 3.2800
v 4.4148 -5.8731 2.3100
v 4.4148 -6.0431 2.5700
v 4.4148 -6.2631 2.6700
v 4.4148 -6.4831 2.8100
v 4.4148 -6.4631 3.4100
v 4.4148 -6.4231 4.1600
v 4.4148 -6.5731 4.4100
v 4.4148 -6.7931 4.5200
v 4.4248 -7.7431 2.3800
v 4.4248 -8.0531 2.3500
v 4.4248 -8.2931 2.3600
v 4.4348 -8.5631 2.3300
v 4.4348 -8.8631 2.3100
v 4.4348 -9.1631 2.2400
v 4.4348 -9.4531 2.1700
v 4.4448 -9.7531 2.1400
v 4.4448 -10.0231 2.1000
v 4.4448 -10.3131 2.0700
v 4.4448 -10.5931 2.0200
v 4.4548 -10.8731 1.9900
v 4.4548 -11.1831 1.9600
v 4.4548 -11.4931 1.9000
v 4.1948 -5.6631 1.8500
v 4.1948 -5.7231 2.3000
v 4.1948 -5.8631 2.6000
v 4.1948 -6.1231 2.6300
v 4.2048 -6.3231 2.7500
v 4.2048 -6.4131 3.1400
v 4.2048 -6.4031 3.8000
v 4.2048 -6.4431 4.3200
v 4.2048 -6.6431 4.4500
v 4.2048 -6.9031 4.4900
v 4.2148 -7.8531 2.3500
v 4.2148 -8.1031 2.3700
v 4.2148 -8.4131 2.3000
v 4.2148 -8.6731 2.2900
v 4.2248 -8.9631 2.2600
v 4.2248 -9.2731 2.2100
v 4.2248 -9.5831 2.1100
v 4.2248 -9.8931 2.0800
v 4.2348 -10.1731 2.0200
v 4.2348 -10.4631 2.0200
v 4.2348 -10.7231 2.0100
v 4.2348 -11.0231 1.9200
v 4.2348 -11.2931 1.9000
v 4.2448 -11.5531 1.8600
v 4.0348 -5.4731 1.9200
v 4.0348 -5.5331 2.3800
v 4.0348 -5.7131 2.6000
v 4.0448 -5.9631 2.6300
v 4.0448 -6.2331 2.6400
v 4.0448 -6.4631 2.7000
v 4.0448 -6.5431 3.1000
v 4.0448 -6.5531 3.7800
v 4.0448 -6.5831 4.3200
v 4.0448 -6.7831 4.4800
v 4.0548 -7.7131 2.3800
v 4.0548 -7.9931 2.3700
v 4.0648 -8.3131 2.3000
v 4.0648 -8.5831 2.2600
v 4.0648 -8.8431 2.2400
v 4.0648 -9.1131 2.2100
v 4.0648 -9.4131 2.1600
v 4.0748 -9.6731 2.1300
v 4.0748 -9.9831 2.0400
v 4.0748 -10.2531 2.0100
v 4.0748 -10.5331 2.0000
v 4.0848 -10.8131 1.9500
v 4.0848 -11.0531 1.9500
v 4.0848 -11.3431 1.8700
v 4.0848 -11.6631 1.8600
v 3.8648 -5.3231 1.8700
v 3.8548 -5.3331 2.4400
v 3.8648 -5.5431 2.6100
v 3.8648 -5.8231 2.6400
v 3.8648 -6.1231 2.5900
v 3.8648 -6.4031 2.5600
v 3.8748 -6.6631 2.5700
v 3.8748 -6.5631 3.3700
v 3.8748 -6.9331 2.5300
v 3.8648 -6.5931 3.8900
v 3.8748 -7.2231 2.4600
v 3.8648 -6.6231 4.3800
v 3.8748 -7.5131 2.3900
v 3.8748 -7.7831 2.3400
v 3.8848 -8.0731 2.3500
v 3.8848 -8.3631 2.2600
v 3.8848 -8.6331 2.2300
v 3.8848 -8.9031 2.2000
v 3.8948 -9.1531 2.2000
v 3.8948 -9.4731 2.1200
v 3.8948 -9.7731 2.0600
v 3.8948 -10.0431 2.0300
v 3.8948 -10.3131 2.0100
v 3.9048 -10.6131 1.9400
v 3.9048 -10.9031 1.9200
v 3.9048 -11.1531 1.9000
v 3.9048 -11.4431 1.8400
v 3.9148 -11.7331 1.8000
v 3.6548 -5.0831 1.7600
v 3.6548 -5.1331 2.2600
v 3.6548 -5.2731 2.5400
v 3.6548 -5.4831 2.6400
v 3.6548 -5.7231 2.5900
v 3.6548 -6.0131 2.5700
v 3.6648 -6.3131 2.5200
v 3.6648 -6.5831 2.5200
v 3.6648 -6.8431 2.4700
v 3.6648 -7.0931 2.4800
v 3.6748 -7.3731 2.4400
v 3.6748 -7.6831 2.3700
v 3.6748 -7.9631 2.3200
v 3.6748 -8.2531 2.2700
v 3.6748 -8.5231 2.2300
v 3.6848 -8.8131 2.1900
v 3.6848 -9.0931 2.1800
v 3.6848 -9.3631 2.1300
v 3.6848 -9.6731 2.0500
v 3.6948 -9.9431 2.0500
v 3.6948 -10.2131 1.9900
v 3.6948 -10.5331 1.9300
v 3.6948 -10.8131 1.9200
v 3.6948 -11.1031 1.8900
v 3.7048 -11.4031 1.8800
v 3.7048 -11.6631 1.8200
v 3.4148 -4.8031 1.8900
v 3.4148 -4.8631 2.3600
v 3.4148 -5.0231 2.5700
v 3.4148 -5.2631 2.6200
v 3.4248 -5.5431 2.6000
v 3.4248 -5.8631 2.5500
v 3.4248 -6.1231 2.5400
v 3.4248 -6.4031 2.4800
v 3.4348 -6.6731 2.4600
v 3.4348 -6.9531 2.4400
v 3.4348 -7.2231 2.4100
v 3.4348 -7.5231 2.3500
v 3.4348 -7.7831 2.3100
v 3.4448 -8.0831 2.2600
v 3.4448 -8.3731 2.2000
v 3.4448 -8.6931 2.1500
v 3.4448 -8.9631 2.1100
v 3.4548 -9.2531 2.1100
v 3.4548 -9.5331 2.0600
v 3.4548 -9.8431 2.0100
v 3.4548 -10.1231 1.9400
v 3.4548 -10.3831 1.9500
v 3.4648 -10.6431 1.9200
v 3.4648 -10.9531 1.8600
v 3.4648 -11.2331 1.8600
v 3.4648 -11.5331 1.8000
v 3.1348 -4.5431 1.5800
v 3.1348 -4.5031 2.2200
v 3.1348 -4.6731 2.4800
v 3.1348 -4.8531 2.6500
v 3.1348 -5.1231 2.6300
v 3.1448 -5.4031 2.5800
v 3.1448 -5.7131 2.5300
v 3.1448 -5.9931 2.5000
v 3.1448 -6.2431 2.4800
v 3.1548 -6.5431 2.4100
v 3.1548 -6.8531 2.3900
v 3.1548 -7.1431 2.3800
v 3.1548 -7.4231 2.3600
v 3.1548 -7.6931 2.2900
v 3.1648 -7.9931 2.2800
v 3.1648 -8.2931 2.1600
v 3.1648 -8.5731 2.1400
v 3.1648 -8.8231 2.1300
v 3.1748 -9.1531 2.0100
v 3.1748 -9.4331 2.0300
v 3.1748 -9.7331 1.9900
v 3.1748 -10.0031 1.9400
v 3.1848 -10.2631 1.9000
v 3.1848 -10.5831 1.8500
v 3.1848 -10.8431 1.8500
v 3.1848 -11.0931 1.8400
v 3.1948 -11.4131 1.7700
v 3.1948 -11.6931 1.7100
v 2.8348 -4.2031 1.8800
v 2.8348 -4.2531 2.2900
v 2.8348 -4.4031 2.6200
v 2.8348 -4.6831 2.6200
v 2.8448 -4.9731 2.6100
v 2.8448 -5.2631 2.5500
v 2.8448 -5.5231 2.5500
v 2.8448 -5.8431 2.4700
v 2.8548 -6.0931 2.4700
v 2.8548 -6.3731 2.4300
v 2.8548 -6.6531 2.3500
v 2.8548 -6.9431 2.3400
v 2.8648 -7.2431 2.2900
v 2.8648 -7.5231 2.2700
v 2.8648 -7.7731 2.3000
v 2.8648 -8.0331 2.2500
v 2.8648 -8.3831 2.1200
v 2.8748 -8.6531 2.0900
v 2.8748 -8.9031 2.0800
v 2.8748 -9.2031 2.0000
v 2.8748 -9.5131 1.9600
v 2.8848 -9.7831 1.9500
v 2.8848 -10.0831 1.9100
v 2.8848 -10.3331 1.8700
v 2.8848 -10.6831 1.7900
v 2.8848 -10.9531 1.8100
v 2.8948 -11.2331 1.7500
v 2.6248 -3.9831 1.6900
v 2.6248 -4.0131 2.2500
v 2.6248 -4.1531 2.5200
v 2.6248 -4.3531 2.6400
v 2.6348 -4.6131 2.6200
v 2.6348 -4.9231 2.5700
v 2.6348 -5.2231 2.5500
v 2.6348 -5.5231 2.4900
v 2.6448 -5.7831 2.4300
v 2.6448 -6.0331 2.4100
v 2.6448 -6.3531 2.3700
v 2.6448 -6.6131 2.3800
v 2.6448 -6.8731 2.3400
v 2.6548 -7.1831 2.2600
v 2.6548 -7.4531 2.2500
v 2.6548 -7.7431 2.2200
v 2.6548 -8.0231 2.2300
v 2.6648 -8.3031 2.1300
v 2.6648 -8.6131 2.0700
v 2.6648 -8.9331 2.0200
v 2.6648 -9.2031 2.0000
v 2.6748 -9.4831 1.9400
v 2.6748 -9.7931 1.9100
v 2.6748 -10.0731 1.9000
v 2.6748 -10.3431 1.8500
v 2.6748 -10.6331 1.7800
v 2.6848 -10.9131 1.7800
v 2.6848 -11.2031 1.7500
v 2.4948 -3.9731 2.4400
v 2.4948 -4.1131 2.6700
v 2.4948 -4.4031 2.6500
v 2.4948 -4.6731 2.6100
v 2.5048 -4.9631 2.5400
v 2.5048 -5.2731 2.4900
v 2.5048 -5.5331 2.4600
v 2.5048 -5.8231 2.4200
v 2.5048 -6.1331 2.3500
v 2.5148 -6.3931 2.3600
v 2.5148 -6.6731 2.3300
v 2.5148 -6.9731 2.2700
v 2.5148 -7.2731 2.2200
v 2.5248 -7.5431 2.2200
v 2.5248 -7.8331 2.1900
v 2.5248 -8.1131 2.1700
v 2.5248 -8.3931 2.1100
v 2.5348 -8.6831 2.0600
v 2.5348 -8.9831 2.0100
v 2.5348 -9.2931 1.9500
v 2.5348 -9.5431 1.9200
v 2.5348 -9.8531 1.8800
v 2.5448 -10.1231 1.8700
v 2.5448 -10.4531 1.7400
v 2.5448 -10.7131 1.7100
v 2.5448 -10.9831 1.7500
v 2.2948 -3.9831 2.6500
v 2.2948 -4.2431 2.6300
v 2.2948 -4.5531 2.5800
v 2.3048 -4.8431 2.5600
v 2.3048 -5.1331 2.5100
v 2.3048 -5.4131 2.4500
v 2.3048 -5.7231 2.3900
v 2.3048 -6.0231 2.3900
v 2.3148 -6.2731 2.3500
v 2.3148 -6.5331 2.2800
v 2.3148 -6.8231 2.2900
v 2.3148 -7.1431 2.2600
v 2.3248 -7.3931 2.2200
v 2.3248 -7.6931 2.1700
v 2.3248 -7.9531 2.1700
v 2.3248 -8.2531 2.1600
v 2.3248 -8.5331 2.0700
v 2.3348 -8.8331 2.0000
v 2.3348 -9.1331 1.9800
v 2.3348 -9.4431 1.9300
v 2.3348 -9.7331 1.8700
v 2.3448 -10.0231 1.8000
v 2.3448 -10.3531 1.7600
v 2.3448 -10.6031 1.7800
v 1.9748 -4.0731 2.5900
v 1.9748 -4.3531 2.5500
v 1.9748 -4.6131 2.5500
v 1.9748 -4.9231 2.4800
v 1.9848 -5.2131 2.4300
v 1.9848 -5.5031 2.3900
v 1.9848 -5.7831 2.3500
v 1.9848 -6.0631 2.3100
v 1.9948 -6.3431 2.2900
v 1.9948 -6.6231 2.2300
v 1.9948 -6.9231 2.1900
v 1.9948 -7.2131 2.1800
v 1.9948 -7.5031 2.1600
v 2.0048 -7.7931 2.0600
v 2.0048 -8.1031 2.0800
v 2.0048 -8.3931 2.0700
v 2.0048 -8.6631 1.9900
v 2.0148 -8.9331 1.9600
v 2.0148 -9.2231 1.9000
v 2.0148 -9.4831 1.8800
v 2.0148 -9.7831 1.8200
v 2.0248 -10.0731 1.7600
v 2.0248 -10.3431 1.7400
v 1.6548 -3.9731 2.5800
v 1.6548 -4.2731 2.5300
v 1.6648 -4.5231 2.5300
v 1.6648 -4.8431 2.4500
v 1.6648 -5.1431 2.4100
v 1.6648 -5.4431 2.3700
v 1.6748 -5.7331 2.3400
v 1.6748 -6.0231 2.2800
v 1.6748 -6.3331 2.2600
v 1.6748 -6.6031 2.2000
v 1.6748 -6.8731 2.1500
v 1.6848 -7.1331 2.1200
v 1.6848 -7.4131 2.0900
v 1.6848 -7.6531 2.1200
v 1.6848 -7.9831 2.0100
v 1.6948 -8.2031 2.0500
v 1.6948 -8.4931 2.0200
v 1.6948 -8.7931 1.9300
v 1.6948 -9.0531 1.9100
v 1.7048 -9.3531 1.8100
v 1.7048 -9.6731 1.7700
v 1.7048 -9.8631 1.9100
v 1.4548 -4.1131 2.5000
v 1.4548 -4.4131 2.4700
v 1.4548 -4.6831 2.4200
v 1.4548 -4.9631 2.4000
v 1.4548 -5.2131 2.3600
v 1.4648 -5.5031 2.3200
v 1.4648 -5.7631 2.2900
v 1.4648 -6.0631 2.2500
v 1.4648 -6.3231 2.2300
v 1.4748 -6.5931 2.1700
v 1.4748 -6.8731 2.1700
v 1.4748 -7.1331 2.1000
v 1.4748 -7.4231 2.1100
v 1.4748 -7.7231 2.0600
v 1.4848 -7.9931 2.0300
v 1.4848 -8.2531 2.0000
v 1.4848 -8.5331 1.9600
v 1.4848 -8.8331 1.9100
v 1.4948 -9.1131 1.8300
v 1.4948 -9.4231 1.7700
v 1.4948 -9.6531 1.8600
v 1.2848 -3.9531 2.4800
v 1.2848 -4.2131 2.4700
v 1.2948 -4.4731 2.4700
v 1.2948 -4.7531 2.4300
v 1.2948 -5.0131 2.4000
v 1.2948 -5.3231 2.3100
v 1.3048 -5.6131 2.2900
v 1.3048 -5.8931 2.2600
v 1.3048 -6.1531 2.2500
v 1.3048 -6.4131 2.1900
v 1.3048 -6.7231 2.1600
v 1.3148 -7.0031 2.1100
v 1.3148 -7.3031 2.0700
v 1.3148 -7.5631 2.0200
v 1.3148 -7.8231 2.0000
v 1.3248 -8.1231 1.9800
v 1.3248 -8.4231 1.9600
v 1.3248 -8.7131 1.9200
v 1.3248 -9.0331 1.8100
v 1.3348 -9.3231 1.7700
v 1.3348 -9.5431 1.9000
v 1.0748 -4.1231 2.4300
v 1.0748 -4.3531 2.4200
v 1.0848 -4.6631 2.3900
v 1.0848 -4.9531 2.3600
v 1.0848 -5.2031 2.3300
v 1.0848 -5.5331 2.2400
v 1.0948 -5.8031 2.2300
v 1.0948 -6.0731 2.1900
v 1.0948 -6.3531 2.1900
v 1.0948 -6.6531 2.1200
v 1.0948 -6.9531 2.0800
v 1.1048 -7.2431 2.0700
v 1.1048 -7.5231 2.0100
v 1.1048 -7.8031 2.0000
v 1.1048 -8.0831 1.9400
v 1.1048 -8.3531 1.9100
v 1.1148 -8.6331 1.8700
v 1.1148 -8.9131 1.8400
v 1.1148 -9.2131 1.8100
v 0.8248 -3.9831 2.4500
v 0.8348 -4.2431 2.4200
v 0.8348 -4.5431 2.3600
v 0.8348 -4.8231 2.3300
v 0.8348 -5.1131 2.3300
v 0.8448 -5.4331 2.2500
v 0.8448 -5.7031 2.2200
v 0.8448 -5.9831 2.1700
v 0.8448 -6.2531 2.1700
v 0.8448 -6.5131 2.1600
v 0.8548 -6.7931 2.1200
v 0.8548 -7.0931 2.0600
v 0.8548 -7.3931 2.0100
v 0.8548 -7.6931 1.9800
v 0.8648 -7.9631 1.9700
v 0.8648 -8.2131 1.9500
v 0.8648 -8.5031 1.9100
v 0.8648 -8.7731 1.9100
v 0.5748 -3.9731 2.3900
v 0.5848 -4.2231 2.3900
v 0.5848 -4.5031 2.3300
v 0.5848 -4.7831 2.3000
v 0.5848 -5.1031 2.2500
v 0.5948 -5.3731 2.2700
v 0.5948 -5.6631 2.2200
v 0.5948 -5.9031 2.1700
v 0.5948 -6.2231 2.1000
v 0.5948 -6.4931 2.0900
v 0.6048 -6.7531 2.0800
v 0.6048 -7.0231 2.0400
v 0.6048 -7.3231 1.9900
v 0.6048 -7.6131 1.9600
v 0.6048 -7.9131 1.9200
v 0.6148 -8.1431 1.9300
v 0.2948 -4.0631 2.3500
v 0.2948 -4.3431 2.3400
v 0.3048 -4.6131 2.3200
v 0.3048 -4.8831 2.2900
v 0.3048 -5.1931 2.2100
v 0.3048 -5.4431 2.2100
v 0.3148 -5.7431 2.1700
v 0.3148 -6.0631 2.1100
v 0.3148 -6.3331 2.0500
v 0.3148 -6.6231 2.0200
v 0.3148 -6.9031 2.0100
v 0.3248 -7.2131 1.9700
v 0.3248 -7.4831 1.9400
v 0.3248 -7.7731 1.8800
v 0.3248 -8.0631 1.8700
v -0.0052 -4.1831 2.3200
v 0.0048 -4.4431 2.2900
v 0.0048 -4.7431 2.2300
v 0.0048 -5.0431 2.2000
v 0.0048 -5.3331 2.1700
v 0.0048 -5.5931 2.1100
v 0.0148 -5.9031 2.1000
v 0.0148 -6.2131 2.0600
v 0.0148 -6.4831 1.9900
v 0.0148 -6.7131 2.0000
v 0.0248 -7.0331 1.9700
v 0.0248 -7.3331 1.9100
v 0.0248 -7.6031 1.8700
v -0.2252 -4.2031 2.2800
v -0.2252 -4.4631 2.2400
v -0.2152 -4.7131 2.2400
v -0.2152 -5.0331 2.1300
v -0.2152 -5.3131 2.1600
v -0.2152 -5.5931 2.1100
v -0.2052 -5.8831 2.0700
v -0.2052 -6.1431 2.0500
v -0.2052 -6.4731 1.9600
v -0.2052 -6.7331 1.9600
v -0.2052 -7.0231 1.9200
v -0.1952 -7.3031 1.8900
v -0.1952 -7.6131 1.8600
v -0.3852 -4.1031 2.2900
v -0.3852 -4.4131 2.2400
v -0.3852 -4.6731 2.2000
v -0.3752 -4.9731 2.1600
v -0.3752 -5.2731 2.1300
v -0.3752 -5.5731 2.0800
v -0.3752 -5.8731 2.0400
v -0.3752 -6.1631 1.9900
v -0.3652 -6.4531 1.9800
v -0.3652 -6.7331 1.9500
v -0.3652 -7.0031 1.9100
v -0.6152 -4.1231 2.2200
v -0.6152 -4.4031 2.2100
v -0.6152 -4.7231 2.1400
v -0.6152 -4.9931 2.1300
v -0.6152 -5.2431 2.1100
v -0.6052 -5.5231 2.0500
v -0.6052 -5.8031 2.0100
v -0.6052 -6.0631 2.0100
v -0.6052 -6.3531 1.9700
v -0.6052 -6.6131 1.9400
v -0.5952 -6.8731 1.9100
v -0.5952 -7.1131 2.0000
v -0.9652 -4.1231 2.2000
v -0.9652 -4.4031 2.1700
v -0.9552 -4.6831 2.1100
v -0.9552 -4.9431 2.1100
v -0.9552 -5.2131 2.0500
v -0.9552 -5.4931 2.0300
v -0.9452 -5.7831 1.9900
v -0.9452 -6.0631 1.9900
v -0.9452 -6.3331 1.9500
v -0.9452 -6.5731 1.9500
v -1.2852 -4.0931 2.1800
v -1.2752 -4.3831 2.1100
v -1.2752 -4.6231 2.1100
v -1.2752 -4.9131 2.1000
v -1.2752 -5.2131 2.0300
v -1.2652 -5.4931 2.0000
v -1.2652 -5.7631 1.9700
v -1.2652 -6.0231 1.9600
v -1.2652 -6.3331 1.9200
v -1.4852 -4.1031 2.1400
v -1.4852 -4.4131 2.0800
v -1.4852 -4.6831 2.0700
v -1.4752 -4.9731 2.0400
v -1.4752 -5.2831 2.0000
v -1.4752 -5.5531 1.9600
v -1.4752 -5.8531 1.9400
v -1.4652 -6.0931 1.9400
v -1.6552 -4.1431 2.1000
v -1.6452 -4.4031 2.0600
v -1.6452 -4.6931 2.0200
v -1.6452 -4.9931 2.0100
v -1.6452 -5.2631 2.0100
v -1.6352 -5.5531 1.9600
v -1.6352 -5.8231 1.9300
v -1.8852 -3.9831 2.1400
v -1.8752 -4.2531 2.0600
v -1.8752 -4.5431 2.0400
v -1.8752 -4.8331 2.0000
v -1.8752 -5.1031 1.9500
v -1.8652 -5.3831 1.9400
v -1.8652 -5.6131 1.9600
v -2.1352 -4.1131 2.0600
v -2.1352 -4.3931 2.0600
v -2.1352 -4.6731 2.0100
v -2.1352 -4.9631 1.9500
v -2.1252 -5.2331 1.9700
v -2.3952 -3.9531 2.0300
v -2.3952 -4.2631 1.9800
v -2.3952 -4.5431 1.9600
v -2.3952 -4.8031 1.9600
v -2.3852 -5.0631 1.9300
v -2.6652 -3.9331 2.0000
v -2.6652 -4.2131 1.9800
v -2.6652 -4.4831 1.9500
v -2.6652 -4.7531 1.9800
v -2.9452 -4.0531 1.9700
v -2.9452 -4.3431 1.9300
v -2.9252 -6.2231 2.4400
v -3.1552 -3.9531 1.9200
v -3.1552 -4.2231 1.9100
v -3.3152 -5.9231 0.8700
v -3.3152 -5.9531 1.4100
v -3.3152 -5.9731 1.9400
v -3.3252 -5.7731 2.9700
v -3.3152 -5.8831 3.3400
v -3.3152 -5.8631 4.0200
v -3.3152 -5.8831 4.5900
v -3.3252 -5.8831 5.2300
v -3.3152 -5.9431 5.6800
v -3.3152 -6.0231 6.1300
v -3.3152 -6.1831 6.3400
v -3.5752 -5.7831 0.6800
v -3.5752 -5.8431 1.1500
v -3.5752 -5.8731 1.6500
v -3.5752 -5.6031 2.9500
v -3.5752 -5.6831 3.3300
v -3.5752 -5.6731 3.9000
v -3.5752 -5.6931 4.4500
v -3.5752 -5.6831 5.1300
v -3.5752 -5.7231 5.6600
v -3.5752 -5.7631 6.1300
v -3.5752 -5.9931 6.2100
v -3.5752 -6.4631 5.7600
v -3.9252 -5.4731 0.6700
v -3.9252 -5.4331 1.3700
v -3.9252 -5.4531 1.9100
v -3.9252 -5.1931 3.1500
v -3.9252 -5.2931 3.5500
v -3.9252 -5.2931 4.1100
v -3.9252 -5.2731 4.7800
v -3.9252 -5.3031 5.2400
v -3.9252 -5.3431 5.7900
v -3.9252 -5.4431 6.1900
v -3.9252 -5.8531 5.8200
v -3.9152 -6.1631 5.7600
v -3.9152 -6.4231 5.7700
v -3.9152 -6.7131 5.7100
v -3.9152 -6.9731 5.7400
v -4.2152 -5.1231 0.9300
v -4.2152 -5.1931 1.3200
v -4.2152 -4.7831 2.8500
v -4.2152 -5.1931 1.9200
v -4.2152 -4.8931 3.2200
v -4.2152 -4.9531 3.6500
v -4.2152 -4.9631 4.2700
v -4.2152 -5.0031 4.8400
v -4.2152 -5.0031 5.3900
v -4.2152 -5.0531 5.9000
v -4.2152 -5.1531 6.2800
v -4.2052 -5.6431 5.8000
v -4.2052 -5.9131 5.8000
v -4.2052 -6.1831 5.8000
v -4.2052 -6.4631 5.7400
v -4.2052 -6.7431 5.7500
v -4.1952 -7.0131 5.7100
v -4.1952 -7.3131 5.6600
v -4.3752 -4.9231 0.8700
v -4.3752 -4.9831 1.3900
v -4.3752 -4.9831 1.9900
v -4.3852 -4.7431 3.1800
v -4.3852 -4.8131 3.5900
v -4.3852 -4.7731 4.3100
v -4.3752 -4.8031 4.8700
v -4.3852 -4.7731 5.5000
v -4.3852 -4.8731 5.8600
v -4.3752 -5.0331 6.1400
v -4.3752 -5.4531 5.8000
v -4.3752 -5.7231 5.7900
v -4.3752 -6.0031 5.7900
v -4.3652 -6.2631 5.7600
v -4.3652 -6.5331 5.7400
v -4.3652 -6.7931 5.7700
v -4.3652 -7.0731 5.7600
v -4.3552 -7.3731 5.7100
v -4.5152 -4.8531 0.5700
v -4.5152 -4.8531 1.1900
v -4.5252 -4.4031 2.8200
v -4.5152 -4.9031 1.6900
v -4.5252 -4.5431 3.0700
v -4.5252 -4.5931 3.5500
v -4.5252 -4.6031 4.1700
v -4.5252 -4.6231 4.7300
v -4.5252 -4.6131 5.4000
v -4.5252 -4.7031 5.7400
v -4.5152 -4.7831 6.1800
v -4.5152 -5.1431 5.9700
v -4.5152 -5.5031 5.8200
v -4.5152 -5.7731 5.7900
v -4.5052 -6.0231 5.7800
v -4.5052 -6.3331 5.7800
v -4.5052 -6.6131 5.7900
v -4.5052 -6.8931 5.7700
v -4.5052 -7.1531 5.7500
v -4.4952 -7.4131 5.6900
v -4.7552 -4.7131 0.4400
v -4.7552 -4.7131 1.0400
v -4.7552 -4.1231 2.9800
v -4.7552 -4.7531 1.5600
v -4.7552 -4.3131 3.2000
v -4.7552 -4.3431 3.7000
v -4.7552 -4.3231 4.3600
v -4.7552 -4.3631 4.9100
v -4.7552 -4.3831 5.5100
v -4.7552 -4.4031 6.0900
v -4.7552 -4.5931 6.2800
v -4.7452 -5.0831 5.8100
v -4.7452 -5.3331 5.7700
v -4.7452 -5.6031 5.8000
v -4.7452 -5.8531 5.7900
v -4.7452 -6.1031 5.7800
v -4.7352 -6.3531 5.7800
v -4.7352 -6.6531 5.7700
v -4.7352 -6.9231 5.7500
v -4.7352 -7.1531 5.7600
v -4.7252 -7.4231 5.7600
v -4.7252 -7.7131 5.6800
v -5.0252 -4.0131 3.0400
v -5.0152 -4.8931 1.0500
v -5.0252 -4.0631 3.4500
v -5.0252 -4.0531 4.0700
v -5.0252 -4.0631 4.6700
v -5.0252 -4.0531 5.2700
v -5.0252 -4.1231 5.7000
v -5.0252 -4.2131 6.0500
v -5.0252 -4.5431 5.9500
v -5.0252 -4.8431 5.8500
v -5.0152 -5.1031 5.8300
v -5.0152 -5.3531 5.8200
v -5.0152 -5.5931 5.8100
v -5.0152 -5.9031 5.8100
v -5.0052 -6.1931 5.7900
v -5.0052 -6.4131 5.8000
v -5.0052 -6.6931 5.7700
v -5.0052 -6.9431 5.7900
v -5.0052 -7.2431 5.7600
v -4.9952 -7.5031 5.7300
v -4.9952 -7.7731 5.7400
v -4.9952 -8.0031 5.8000
v -5.2752 -4.2631 5.9800
v -5.2752 -4.6031 5.8400
v -5.2752 -4.8631 5.8400
v -5.2652 -5.1231 5.8200
v -5.2652 -5.3931 5.8100
v -5.2652 -5.6631 5.8100
v -5.2652 -5.9531 5.7900
v -5.2552 -6.2031 5.7900
v -5.2552 -6.4431 5.7700
v -5.2552 -6.7431 5.7700
v -5.2552 -7.0231 5.7700
v -5.2552 -7.2931 5.7800
v -5.2452 -7.5831 5.7600
v -5.2452 -7.8431 5.7300
v -5.2452 -8.1331 5.7200
v -5.5252 -4.1131 5.9100
v -5.5152 -4.3731 5.8900
v -5.5152 -4.6231 5.8900
v -5.5152 -4.9131 5.8500
v -5.5152 -5.1931 5.8400
v -5.5152 -5.4831 5.8400
v -5.5052 -5.7731 5.8200
v -5.5052 -6.0131 5.8200
v -5.5052 -6.2831 5.8200
v -5.5052 -6.5531 5.8200
v -5.4952 -6.8131 5.8100
v -5.4952 -7.0731 5.7800
v -5.4952 -7.3631 5.7700
v -5.4952 -7.6431 5.7900
v -5.4952 -7.9331 5.7600
v -5.4852 -8.1831 5.7400
v -5.4852 -8.4431 5.6800
v -5.7752 -4.1331 5.9000
v -5.7752 -4.4131 5.8800
v -5.7752 -4.6831 5.8600
v -5.7652 -4.9331 5.8300
v -5.7652 -5.1831 5.8400
v -5.7652 -5.4831 5.8300
v -5.7652 -5.7531 5.8300
v -5.7652 -6.0231 5.8400
v -5.7552 -6.3131 5.8000
v -5.7552 -6.5631 5.8100
v -5.7552 -6.8531 5.7800
v -5.7552 -7.1031 5.7800
v -5.7452 -7.3631 5.7700
v -5.7452 -7.6431 5.7700
v -5.7452 -7.9031 5.7500
v -5.7452 -8.1731 5.7800
v -5.7452 -8.4831 5.7100
v -5.7352 -8.7131 5.7600
v -5.9852 -4.1531 5.8700
v -5.9752 -4.3931 5.8800
v -5.9752 -4.7031 5.8300
v -5.9752 -4.9431 5.8700
v -5.9752 -5.1931 5.8600
v -5.9752 -5.4731 5.8500
v -5.9652 -5.7431 5.8200
v -5.9652 -6.0431 5.8100
v -5.9652 -6.3031 5.8000
v -5.9652 -6.5631 5.8100
v -5.9552 -6.8431 5.7900
v -5.9552 -7.1231 5.8100
v -5.9552 -7.4031 5.8000
v -5.9552 -7.6631 5.7600
v -5.9552 -7.9431 5.7900
v -5.9452 -8.2231 5.8000
v -5.9452 -8.4931 5.7600
v -5.9452 -8.7331 5.7200
v -6.1652 -4.0331 5.8800
v -6.1652 -4.3231 5.8800
v -6.1652 -4.5931 5.8900
v -6.1652 -4.8531 5.8600
v -6.1552 -5.1431 5.8700
v -6.1552 -5.4431 5.8200
v -6.1552 -5.7131 5.8400
v -6.1552 -5.9731 5.8300
v -6.1552 -6.2431 5.8400
v -6.1452 -6.5331 5.8200
v -6.1452 -6.7931 5.8100
v -6.1452 -7.0331 5.8100
v -6.1452 -7.3331 5.8000
v -6.1352 -7.6031 5.7700
v -6.1352 -7.8531 5.8000
v -6.1352 -8.1531 5.7800
v -6.1352 -8.4131 5.7600
v -6.1352 -8.6931 5.7300
v -6.1252 -8.9631 5.7200
v 13.8448 12.3369 4.9300
v 13.8448 12.0069 4.8100
v 13.8448 11.6469 4.5400
v 13.8548 11.3169 4.3700
v 13.8548 10.9869 4.2500
v 13.6648 12.4869 5.2500
v 13.6648 12.1369 5.0100
v 13.6648 11.7069 4.6800
v 13.6748 11.3869 4.5400
v 13.6748 11.0669 4.3500
v 13.6748 10.7669 4.2300
v 13.3848 12.5269 5.3800
v 13.3848 12.1469 5.1500
v 13.3948 11.8069 4.9400
v 13.3948 11.4269 4.6800
v 13.3948 11.0669 4.4600
v 13.3948 10.7269 4.2600
v 13.0848 12.2369 5.3500
v 13.0848 11.8769 5.1400
v 13.0848 11.4569 4.8300
v 13.0948 11.0969 4.5600
v 13.0948 10.7569 4.4200
v 13.0948 10.4169 4.2600
v 12.8148 12.2669 5.5100
v 12.8148 11.9069 5.2900
v 12.8148 11.5169 5.0400
v 12.8248 11.1569 4.7600
v 12.8248 10.8369 4.6000
v 12.8248 10.4669 4.3900
v 12.8248 10.1369 4.2500
v 12.5748 12.5069 5.8100
v 12.5748 12.1169 5.5700
v 12.5748 11.7669 5.3100
v 12.5748 11.4569 5.1800
v 12.5848 11.0969 4.9600
v 12.5848 10.6869 4.6800
v 12.5848 10.2669 4.3500
v 12.5948 9.9769 4.2700
v 12.3448 12.1969 5.7000
v 12.3448 11.8569 5.5700
v 12.3448 11.4469 5.2300
v 12.3548 11.0969 5.0200
v 12.3548 10.7469 4.7900
v 12.3548 10.4069 4.6000
v 12.3648 10.0569 4.3600
v 12.1548 12.5269 6.0700
v 12.1548 12.1569 5.7900
v 12.1548 11.7669 5.5400
v 12.1548 11.4469 5.3700
v 12.1648 11.0869 5.1400
v 12.1648 10.7569 4.9200
v 12.1648 10.3769 4.6200
v 12.1648 10.0269 4.4800
v 11.9648 12.5169 6.1400
v 11.9648 12.1569 5.8900
v 11.9648 11.8169 5.6700
v 11.9648 11.5169 5.5600
v 11.9748 11.0969 5.1900
v 11.9748 10.7769 5.0700
v 11.9748 10.3469 4.7000
v 11.9748 10.1069 4.7500
v 11.6948 12.2369 6.1300
v 11.6948 11.8969 5.9100
v 11.7048 11.5169 5.6500
v 11.7048 11.1469 5.4400
v 11.7048 10.7669 5.2200
v 11.7048 10.4169 5.0100
v 11.3448 12.4969 6.4100
v 11.3548 12.1669 6.2700
v 11.3548 11.8269 6.0300
v 11.3548 11.4669 5.8000
v 11.3548 11.1469 5.6600
v 11.0648 12.4969 6.6400
v 11.0648 12.1369 6.4100
v 11.0648 11.7569 6.1800
v 11.0748 11.4169 5.9500
v 11.0748 11.0769 5.7400
v 10.8848 12.4669 6.7100
v 10.8848 12.0969 6.4800
v 10.8848 11.7269 6.2300
v 10.8948 11.3869 6.0700
v 10.6948 12.2469 6.7400
v 10.7048 11.8969 6.4800
v 10.7048 11.5369 6.3400
v 10.4048 12.5069 7.0000
v 10.4048 12.0869 6.6300
v 10.0748 12.4169 7.2400
v 7.4848 6.7169 4.0600
v 7.4848 6.4069 3.9700
v 7.4848 6.1469 4.0200
v 7.5648 -3.6731 2.3400
v 7.5648 -3.8831 2.4500
v 7.1448 6.7269 0.5700
v 7.1448 6.7769 1.3100
v 7.1448 6.7869 1.9600
v 7.1448 6.8069 2.5800
v 7.1448 6.7769 3.1600
v 7.1448 6.7669 3.6900
v 7.1448 6.7469 4.2600
v 7.1548 6.4469 4.2400
v 7.1548 6.1169 4.0400
v 7.2248 -3.1331 2.3800
v 7.2248 -3.3931 2.3900
v 7.2348 -3.5631 2.5200
v 7.2348 -3.8631 2.5200
v 6.8948 7.0469 0.9500
v 6.8948 7.0469 1.5300
v 6.8948 7.0869 2.2700
v 6.8948 7.0469 2.8200
v 6.8948 7.0069 3.3200
v 6.8948 7.0169 3.9900
v 6.8948 7.0169 4.6200
v 6.9048 6.6669 4.4400
v 6.9048 6.3069 4.2200
v 6.9048 5.9669 4.0500
v 6.9048 5.6769 4.0200
v 6.9848 -3.6031 0.3400
v 6.9848 -3.6031 0.9300
v 6.9748 -3.2431 2.3600
v 6.9848 -3.4331 2.5200
v 6.9848 -3.6831 2.5800
v 6.7048 7.3069 1.0600
v 6.7048 7.2569 1.6600
v 6.7048 7.2869 2.3100
v 6.7048 7.2969 2.9600
v 6.7048 7.2569 3.4600
v 6.7048 7.2569 4.1000
v 6.7048 7.2969 4.8000
v 6.7048 7.0169 4.8000
v 6.7148 6.6369 4.5300
v 6.7148 6.3069 4.3300
v 6.7148 5.9369 4.1400
v 6.7148 5.6269 4.0200
v 6.7948 -3.4331 0.8100
v 6.7948 -3.4331 1.4200
v 6.7948 -3.4331 2.0700
v 6.7948 -3.5131 2.5000
v 6.7948 -3.7231 2.6400
v 6.5048 7.4369 0.4400
v 6.5048 7.4969 1.1900
v 6.5048 7.5069 1.8700
v 6.5048 7.5269 2.4800
v 6.5048 7.5169 3.1500
v 6.5048 7.5069 3.7000
v 6.5048 7.4769 4.2500
v 6.5048 7.5469 5.0200
v 6.5048 7.2569 4.9800
v 6.5148 6.8969 4.7700
v 6.5148 6.4869 4.4700
v 6.5148 6.1269 4.2800
v 6.5248 5.7569 4.0800
v 6.5248 5.4469 4.0000
v 6.5948 -3.4731 0.4000
v 6.5948 -3.5131 0.8700
v 6.5948 -3.5331 1.4700
v 6.5948 -3.5331 2.0900
v 6.5948 -3.6231 2.5300
v 6.5948 -3.7931 2.7200
v 6.3048 7.6969 0.7100
v 6.3048 7.7069 1.3800
v 6.3048 7.7169 2.0100
v 6.3048 7.7369 2.7100
v 6.3048 7.6969 3.2000
v 6.3048 7.7369 3.9800
v 6.3048 7.6769 4.4900
v 6.3048 7.7669 5.3400
v 6.3048 7.4469 5.2100
v 6.3048 7.0969 4.9900
v 6.3148 6.7269 4.7500
v 6.3148 6.3969 4.5500
v 6.3148 6.0569 4.3600
v 6.3248 5.7469 4.1900
v 6.3248 5.3869 4.0300
v 6.3348 3.7969 0.9300
v 6.3948 -3.6131 0.9500
v 6.3948 -3.6831 1.4000
v 6.3948 -3.6731 1.9800
v 6.3948 -3.7931 2.3300
v 6.3948 -3.8831 2.7400
v 6.0848 7.9869 0.4900
v 6.0848 7.9469 1.0900
v 6.0848 8.0269 1.8900
v 6.0848 8.0269 2.4900
v 6.0848 8.0069 3.0300
v 6.0848 7.9869 3.5900
v 6.0848 8.0069 4.1900
v 6.0848 7.9769 4.7400
v 6.0848 8.0569 5.5900
v 6.0848 7.7969 5.5200
v 6.0848 7.4569 5.3200
v 6.0848 7.0969 5.0800
v 6.0948 6.7469 4.8600
v 6.0948 6.3669 4.6100
v 6.0948 5.9969 4.3700
v 6.1048 5.6769 4.2300
v 6.1048 5.3369 4.0500
v 6.1048 5.0469 3.9600
v 6.1148 3.8169 1.1300
v 6.1148 3.5669 1.1800
v 6.1248 2.8969 3.3200
v 6.1248 2.6969 3.4700
v 6.1748 -3.8531 1.3400
v 6.1748 -3.8531 1.9600
v 5.8048 8.3369 0.8600
v 5.8048 8.3169 1.4200
v 5.8048 8.3169 2.1000
v 5.8048 8.3369 2.7100
v 5.8048 8.3169 3.2400
v 5.8048 8.3369 3.8300
v 5.8048 8.2569 4.3200
v 5.8048 8.3069 5.0700
v 5.8048 8.4369 5.9700
v 5.8048 8.1669 5.8700
v 5.8048 7.8169 5.6800
v 5.8048 7.4469 5.4800
v 5.8148 7.0769 5.2200
v 5.8148 6.7369 5.0000
v 5.8148 6.3669 4.8100
v 5.8148 6.0069 4.5700
v 5.8248 5.6769 4.4000
v 5.8248 5.3069 4.1400
v 5.8248 4.9769 4.0400
v 5.8348 3.7269 1.1400
v 5.8348 3.5569 1.4200
v 5.8448 3.3969 1.7100
v 5.8448 2.9769 1.2700
v 5.8448 2.8769 1.6800
v 5.8448 3.2969 3.2500
v 5.8448 2.8269 2.1600
v 5.8448 3.1069 3.4000
v 5.8448 2.9169 3.5100
v 5.8448 2.6069 3.4200
v 5.4848 8.6469 0.6500
v 5.4848 8.7069 1.3800
v 5.4848 8.7169 2.0400
v 5.4848 8.6769 2.5700
v 5.4848 8.6869 3.1900
v 5.4848 8.6569 3.7300
v 5.4848 8.6469 4.2600
v 5.4848 8.6169 4.8400
v 5.4848 8.7269 5.6700
v 5.4848 8.7069 6.3100
v 5.4848 8.4269 6.2300
v 5.4948 8.1369 6.0600
v 5.4948 7.7169 5.7700
v 5.4948 7.3169 5.5100
v 5.5048 6.9769 5.3400
v 5.5048 6.5969 5.1000
v 5.5048 6.2369 4.8900
v 5.5148 5.8469 4.6200
v 5.5148 5.5269 4.4500
v 5.5148 5.1869 4.2400
v 5.5148 4.8669 4.0900
v 5.5248 4.5469 4.0100
v 5.5248 3.5069 1.6000
v 5.5348 3.2369 1.6100
v 5.5248 3.6669 3.2400
v 5.5348 2.9469 1.5800
v 5.5248 3.4969 3.4300
v 5.5348 2.8969 2.0400
v 5.5348 3.2669 3.4900
v 5.5348 2.9569 3.4200
v 5.5348 2.6469 3.2800
v 5.5348 2.3769 3.2500
v 5.5348 2.0869 3.2200
v 5.2548 8.9169 0.5800
v 5.2548 8.9569 1.3000
v 5.2548 8.9369 1.8800
v 5.2548 8.9669 2.5900
v 5.2548 8.9069 3.0100
v 5.2548 8.9269 3.6400
v 5.2548 8.9169 4.2700
v 5.2548 8.9469 4.9800
v 5.2548 8.9269 5.5900
v 5.2548 9.1469 6.6800
v 5.2548 8.8469 6.6400
v 5.2548 8.4669 6.3900
v 5.2648 8.1169 6.1600
v 5.2648 7.7969 5.9400
v 5.2648 7.4269 5.7100
v 5.2748 7.0369 5.4800
v 5.2748 6.6569 5.2400
v 5.2748 6.3269 5.0500
v 5.2848 5.9569 4.8000
v 5.2848 5.5969 4.5900
v 5.2848 5.2369 4.3800
v 5.2848 4.9169 4.1800
v 5.2948 4.6069 4.0500
v 5.2948 3.5469 1.6100
v 5.2948 4.0969 3.5400
v 5.3048 3.2569 1.6100
v 5.2948 3.7669 3.3800
v 5.3048 2.9769 1.5400
v 5.2948 3.5369 3.5000
v 5.3048 3.2069 3.3600
v 5.3048 2.9169 3.2900
v 5.3048 2.6269 3.2300
v 5.3048 2.3469 3.2300
v 5.3148 2.0969 3.2600
v 5.3148 1.8169 3.2600
v 5.1048 9.1269 0.7000
v 5.1048 9.1069 1.3100
v 5.1048 9.1669 2.0900
v 5.1048 9.1269 2.5800
v 5.1048 9.1469 3.2500
v 5.1048 9.0969 3.7400
v 5.1048 9.1069 4.3500
v 5.1048 9.1069 4.9400
v 5.1048 9.1269 5.6100
v 5.1048 9.3269 6.7200
v 5.1048 9.1169 6.8900
v 5.1148 8.7569 6.6300
v 5.1148 8.4069 6.4100
v 5.1148 8.0169 6.1300
v 5.1248 7.6869 5.9600
v 5.1248 7.3369 5.7300
v 5.1248 6.9869 5.5300
v 5.1248 6.6169 5.3100
v 5.1348 6.2469 5.0400
v 5.1348 5.8569 4.8000
v 5.1348 5.5169 4.5900
v 5.1448 5.1569 4.3900
v 5.1448 4.7869 4.1600
v 5.1448 4.4369 4.0100
v 5.1548 3.3569 1.5100
v 5.1548 3.9469 3.4500
v 5.1548 3.1269 1.5600
v 5.1548 3.6669 3.4600
v 5.1548 3.3569 3.3500
v 5.1548 3.0569 3.2700
v 5.1548 2.7969 3.2600
v 5.1648 2.5169 3.2100
v 5.1648 2.2569 3.2000
v 5.1648 1.9869 3.2200
v 5.1648 1.7269 3.2700
v 4.9048 9.3669 0.7000
v 4.9148 9.3669 1.2500
v 4.9148 9.3369 1.9300
v 4.9048 9.3369 2.5400
v 4.9048 9.3069 3.0900
v 4.9148 9.3169 3.6800
v 4.9048 9.3469 4.4000
v 4.9048 9.3469 5.0500
v 4.9048 9.3269 5.5500
v 4.9048 9.5869 6.7100
v 4.9048 9.3369 6.8300
v 4.9148 9.1469 6.9700
v 4.9148 8.8169 6.8300
v 4.9148 8.4369 6.5100
v 4.9148 8.0669 6.3300
v 4.9248 7.6769 6.0500
v 4.9248 7.3469 5.8900
v 4.9248 6.9469 5.6100
v 4.9348 6.6069 5.4100
v 4.9348 6.2169 5.1900
v 4.9348 5.8469 4.9400
v 4.9448 5.5069 4.7300
v 4.9448 5.1669 4.5500
v 4.9448 4.7869 4.3400
v 4.9448 4.4069 4.0800
v 4.9548 4.0269 3.7400
v 4.9548 3.5969 3.4000
v 4.9548 3.2869 3.3000
v 4.9548 2.9769 3.2500
v 4.9648 2.7769 3.3100
v 4.9648 2.4769 3.2700
v 4.9648 2.1769 3.2600
v 4.9648 1.9069 3.2600
v 4.9748 1.6569 3.2800
v 4.5948 9.7369 0.8900
v 4.5948 9.7069 1.4600
v 4.5948 9.7269 2.0700
v 4.5948 9.6869 2.6000
v 4.5948 9.7069 3.3100
v 4.5948 9.7169 3.8900
v 4.5948 9.6869 4.4400
v 4.5948 9.6769 5.1100
v 4.5948 10.0869 6.6400
v 4.5948 9.6769 5.7000
v 4.5948 9.8469 6.7200
v 4.5948 9.6369 6.8500
v 4.5948 9.3869 6.9400
v 4.5948 9.1869 7.0500
v 4.6048 8.9069 7.0200
v 4.6048 8.4969 6.6700
v 4.6048 8.1569 6.4900
v 4.6048 7.7969 6.2900
v 4.6148 7.4469 6.0900
v 4.6148 7.0569 5.8200
v 4.6148 6.7069 5.6300
v 4.6248 6.3269 5.3900
v 4.6248 5.9869 5.1600
v 4.6248 5.6269 4.9200
v 4.6348 5.2669 4.7100
v 4.6348 4.8669 4.4700
v 4.6348 4.5369 4.3200
v 4.6348 4.2069 4.1700
v 4.6448 3.8469 3.9800
v 4.6448 3.2469 3.2800
v 4.6448 2.9769 3.2800
v 4.6548 2.7169 3.2700
v 4.6548 2.4669 3.2600
v 4.6548 2.2069 3.2700
v 4.6548 1.9469 3.2600
v 4.6548 1.6969 3.2400
v 4.6648 1.3869 3.1700
v 4.2848 10.0369 0.3900
v 4.2848 10.0369 1.0300
v 4.2848 10.0469 1.6400
v 4.2848 10.1169 2.4600
v 4.2848 10.0469 2.9600
v 4.2848 10.0669 3.6400
v 4.2848 10.0069 4.1100
v 4.2848 10.0369 4.8200
v 4.2848 10.0869 5.5800
v 4.2848 9.9769 5.8900
v 4.2848 10.1169 6.7900
v 4.2848 9.8669 6.8900
v 4.2848 9.6369 6.9900
v 4.2848 9.4369 7.0800
v 4.2948 9.2069 7.1900
v 4.2948 8.9569 7.2300
v 4.2948 8.5469 6.9100
v 4.2948 8.2569 6.7500
v 4.3048 7.8569 6.5000
v 4.3048 7.4669 6.2700
v 4.3048 7.0869 5.9900
v 4.3148 6.7269 5.7800
v 4.3148 6.3269 5.5400
v 4.3148 5.9669 5.3500
v 4.3248 5.6069 5.0900
v 4.3248 5.2869 4.9000
v 4.3248 4.9469 4.7000
v 4.3248 4.5869 4.5000
v 4.3348 4.2669 4.3300
v 4.3348 3.8869 4.0800
v 4.3348 3.5669 3.9300
v 4.3448 3.0569 3.3200
v 4.3448 2.8069 3.3600
v 4.3448 2.5369 3.3000
v 4.3448 2.2569 3.2900
v 4.3448 1.9769 3.2800
v 4.3548 1.6969 3.2400
v 4.3548 1.4269 3.2200
v 4.3548 1.1869 3.2300
v 4.0648 10.3369 0.7000
v 4.0648 10.2569 1.1600
v 4.0648 10.3869 2.1000
v 4.0648 10.3669 2.6300
v 4.0648 10.3369 3.1500
v 4.0648 10.2969 3.7200
v 4.0648 10.3069 4.3600
v 4.0648 10.3069 4.9800
v 4.0648 10.3269 5.6600
v 4.0648 10.4869 6.6000
v 4.0648 10.2969 6.8200
v 4.0748 10.0869 6.9100
v 4.0748 9.8469 6.9900
v 4.0748 9.6269 7.1100
v 4.0748 9.3969 7.2000
v 4.0748 9.1569 7.3300
v 4.0848 8.8569 7.2700
v 4.0848 8.4569 6.9800
v 4.0848 8.1369 6.7900
v 4.0848 7.7969 6.6000
v 4.0948 7.4269 6.3300
v 4.0948 7.1069 6.1400
v 4.0948 6.7369 5.9100
v 4.0948 6.3669 5.6900
v 4.1048 6.0269 5.4900
v 4.1048 5.6969 5.2700
v 4.1048 5.3369 5.0600
v 4.1148 5.0169 4.8800
v 4.1148 4.6369 4.6600
v 4.1148 4.2569 4.3800
v 4.1148 3.9269 4.2300
v 4.1248 3.5669 4.0000
v 4.1248 3.0669 3.4400
v 4.1248 2.7969 3.4500
v 4.1348 2.4769 3.3000
v 4.1348 2.1969 3.2900
v 4.1348 1.9369 3.2800
v 4.1348 1.6469 3.2100
v 4.1348 1.3769 3.2200
v 4.1448 1.1069 3.2200
v 4.1448 0.8269 3.2300
v 3.9148 10.4969 0.7000
v 3.9148 10.4869 1.3500
v 3.9148 10.5069 2.0200
v 3.9148 10.5169 2.6600
v 3.9148 10.5069 3.1800
v 3.9148 10.4769 3.7400
v 3.9148 10.5069 4.5400
v 3.9148 10.4969 5.1200
v 3.9148 10.5069 5.7300
v 3.9048 10.6369 6.7500
v 3.9148 10.3969 6.8600
v 3.9148 10.1969 6.9400
v 3.9148 9.9869 7.0300
v 3.9148 9.7769 7.1100
v 3.9148 9.5469 7.2200
v 3.9148 9.3369 7.3100
v 3.9248 9.1369 7.4400
v 3.9248 8.8669 7.4200
v 3.9248 8.4869 7.1200
v 3.9248 8.1269 6.8900
v 3.9348 7.7969 6.6800
v 3.9348 7.4169 6.4500
v 3.9348 7.0669 6.2600
v 3.9448 6.6569 5.9500
v 3.9448 6.3269 5.7400
v 3.9448 6.0069 5.5700
v 3.9448 5.6269 5.3300
v 3.9548 5.2869 5.1400
v 3.9548 4.8969 4.8800
v 3.9548 4.5669 4.6700
v 3.9648 4.2369 4.5100
v 3.9648 3.8669 4.3200
v 3.9648 3.4969 4.1100
v 3.9648 2.9969 3.5700
v 3.9748 2.6169 3.3500
v 3.9748 2.3269 3.2700
v 3.9748 2.0569 3.2900
v 3.9748 1.8269 3.2900
v 3.9848 1.5569 3.2700
v 3.9848 1.2669 3.2200
v 3.9848 0.9869 3.2300
v 3.9848 0.7369 3.2500
v 3.7348 10.7369 0.9200
v 3.7348 10.7469 1.5900
v 3.7348 10.7269 2.1900
v 3.7348 10.7169 2.8300
v 3.7348 10.7169 3.4600
v 3.7348 10.7269 4.0800
v 3.7348 10.7269 4.6300
v 3.7348 10.6869 5.1900
v 3.7348 10.7069 5.7900
v 3.7348 10.8369 6.6700
v 3.7348 10.6469 6.8500
v 3.7348 10.4069 6.9100
v 3.7348 10.2069 7.0100
v 3.7348 9.9769 7.0800
v 3.7348 9.7869 7.1800
v 3.7448 9.5469 7.3100
v 3.7448 9.3369 7.4400
v 3.7448 9.1369 7.5400
v 3.7448 8.8269 7.4100
v 3.7448 8.4669 7.2000
v 3.7548 8.0969 6.9800
v 3.7548 7.7269 6.6800
v 3.7548 7.3769 6.4800
v 3.7648 7.0169 6.2900
v 3.7648 6.6569 6.0400
v 3.7648 6.3069 5.8400
v 3.7748 5.9269 5.5700
v 3.7748 5.5369 5.3500
v 3.7748 5.1669 5.1400
v 3.7748 4.8269 4.9400
v 3.7848 4.4769 4.7300
v 3.7848 4.1069 4.4900
v 3.7848 3.7769 4.3200
v 3.7948 3.4369 4.1000
v 3.7948 3.0669 3.8900
v 3.7948 2.5169 3.2800
v 3.8048 2.2469 3.2900
v 3.8048 1.9869 3.2700
v 3.8048 1.7269 3.2500
v 3.8048 1.4269 3.2300
v 3.8048 1.1769 3.2400
v 3.8148 0.9169 3.2300
v 3.8148 0.6269 3.2000
v 3.8248 -0.5131 1.7900
v 3.8248 -0.7831 3.6400
v 3.8248 -1.0631 3.6500
v 3.5248 10.9869 0.8300
v 3.5248 10.9269 1.3100
v 3.5248 10.9069 1.8400
v 3.5248 10.9069 2.4300
v 3.5248 10.9369 3.0800
v 3.5248 10.8669 3.5700
v 3.5248 10.8969 4.2600
v 3.5248 10.9069 4.8400
v 3.5248 10.9269 5.4600
v 3.5248 10.9069 6.0200
v 3.5248 10.9669 6.8200
v 3.5248 10.7369 6.9200
v 3.5248 10.5269 6.9900
v 3.5248 10.2969 7.0600
v 3.5348 10.0769 7.1600
v 3.5348 9.8469 7.2500
v 3.5348 9.6469 7.3600
v 3.5348 9.4169 7.4700
v 3.5348 9.2169 7.6100
v 3.5348 8.9969 7.6900
v 3.5448 8.6169 7.3800
v 3.5448 8.2269 7.1400
v 3.5448 7.8469 6.9300
v 3.5548 7.4469 6.6500
v 3.5548 7.1369 6.4700
v 3.5548 6.7469 6.2200
v 3.5648 6.3969 6.0000
v 3.5648 6.0369 5.7600
v 3.5648 5.7169 5.5700
v 3.5648 5.3369 5.3200
v 3.5748 4.9669 5.1200
v 3.5748 4.5869 4.9200
v 3.5748 4.2469 4.7000
v 3.5848 3.9269 4.5300
v 3.5848 3.5469 4.2900
v 3.5848 3.2069 4.1100
v 3.5848 2.8569 3.8900
v 3.5948 2.3369 3.3100
v 3.5948 2.0769 3.3000
v 3.5948 1.7769 3.2900
v 3.5948 1.4969 3.2200
v 3.6048 1.2469 3.2300
v 3.6048 0.9669 3.2200
v 3.6048 0.6669 3.1900
v 3.6048 0.3569 3.1300
v 3.6148 -0.2531 1.7400
v 3.6148 -0.4631 1.8200
v 3.6148 -0.6831 1.9400
v 3.6148 -0.6531 2.6700
v 3.6148 -0.6431 3.2600
v 3.6148 -0.7031 3.7100
v 3.6148 -0.9931 3.6700
v 3.2848 11.2469 0.9500
v 3.2848 11.2669 1.5900
v 3.2848 11.2369 2.0900
v 3.2848 11.2169 2.7100
v 3.2848 11.2069 3.3400
v 3.2848 11.1969 3.9000
v 3.2848 11.2369 4.5700
v 3.2848 11.1969 5.0900
v 3.2848 11.1669 5.6100
v 3.2848 11.2469 6.4300
v 3.2848 11.0769 6.7100
v 3.2948 10.8769 6.8100
v 3.2948 10.6869 6.9400
v 3.2948 10.4569 7.0400
v 3.2948 10.2469 7.1900
v 3.2948 10.0269 7.3300
v 3.2948 9.8069 7.4500
v 3.3048 9.6069 7.5700
v 3.3048 9.3869 7.7100
v 3.3048 9.1769 7.7800
v 3.3048 8.9069 7.7600
v 3.3048 8.5169 7.4300
v 3.3148 8.1269 7.1700
v 3.3148 7.7769 6.9900
v 3.3148 7.3569 6.6600
v 3.3248 7.0569 6.5100
v 3.3248 6.6769 6.2600
v 3.3248 6.3269 6.0800
v 3.3248 5.9769 5.8500
v 3.3348 5.6369 5.6100
v 3.3348 5.2669 5.4500
v 3.3348 4.9169 5.1900
v 3.3448 4.5269 4.9300
v 3.3448 4.1769 4.7300
v 3.3448 3.8269 4.5600
v 3.3448 3.4569 4.3400
v 3.3548 3.0769 4.1000
v 3.3548 2.7569 3.9600
v 3.3548 2.1869 3.2600
v 3.3648 1.8969 3.2600
v 3.3648 1.6169 3.2200
v 3.3648 1.3669 3.2300
v 3.3648 1.1169 3.2400
v 3.3748 0.8169 3.2200
v 3.3748 0.5169 3.1800
v 3.3748 0.2869 3.1700
v 3.3848 -0.4831 2.0800
v 3.3848 -0.4631 2.7100
v 3.3748 -0.3431 3.6000
v 3.3848 -0.5731 3.6600
v 3.3848 -0.8731 3.6300
v 3.3848 -1.1931 3.5200
v 3.3848 -1.5031 3.4400
v 3.0048 11.5969 0.8100
v 3.0048 11.5769 1.3500
v 3.0048 11.5569 1.9100
v 3.0048 11.5569 2.5400
v 3.0048 11.5369 3.0700
v 3.0048 11.5269 3.7200
v 3.0048 11.5669 4.4200
v 3.0048 11.5369 4.9200
v 3.0048 11.5169 5.5000
v 3.0048 11.5569 6.2100
v 3.0048 11.3169 6.3500
v 3.0148 11.1269 6.5100
v 3.0148 10.9269 6.6200
v 3.0148 10.7069 6.7400
v 3.0148 10.4769 6.8500
v 3.0148 10.2769 6.9700
v 3.0148 10.0969 7.0900
v 3.0248 9.8669 7.2400
v 3.0248 9.6569 7.3900
v 3.0248 9.4369 7.5300
v 3.0248 9.2769 7.6700
v 3.0248 9.0569 7.7900
v 3.0248 8.7969 7.8500
v 3.0348 8.4169 7.5500
v 3.0348 8.0769 7.3100
v 3.0348 7.7269 7.1200
v 3.0448 7.3569 6.8900
v 3.0448 6.9669 6.6300
v 3.0448 6.6069 6.4300
v 3.0448 6.2769 6.2100
v 3.0548 5.9069 6.0000
v 3.0548 5.5069 5.7400
v 3.0548 5.1269 5.4900
v 3.0648 4.7869 5.2800
v 3.0648 4.3969 5.0300
v 3.0648 4.0269 4.8200
v 3.0648 3.6969 4.6300
v 3.0748 3.3569 4.4200
v 3.0748 3.0069 4.2100
v 3.0748 2.6069 4.0300
v 3.0848 2.3369 3.9600
v 3.0848 1.7669 3.2600
v 3.0848 1.5169 3.2600
v 3.0848 1.2169 3.2700
v 3.0948 0.9769 3.2800
v 3.0948 0.6869 3.2300
v 3.0948 0.4169 3.2500
v 3.0948 0.1069 3.1900
v 3.0948 -0.0031 3.5900
v 3.1048 -0.2131 3.7100
v 3.1048 -0.5231 3.6500
v 3.1048 -0.8231 3.5400
v 3.1048 -1.1031 3.4900
v 3.1048 -1.3431 3.5200
v 3.1148 -1.5931 3.4800
v 2.7048 11.9169 0.3900
v 2.7048 11.8869 0.9400
v 2.7048 11.9369 1.7000
v 2.7048 11.8869 2.2500
v 2.7048 11.8569 2.8300
v 2.7048 11.8569 3.4400
v 2.7048 11.8669 4.0000
v 2.7048 11.8569 4.7200
v 2.7048 11.9869 5.6100
v 2.7048 11.8469 5.8500
v 2.7048 11.6669 6.0000
v 2.7148 11.4469 6.1400
v 2.7148 11.2269 6.2700
v 2.7148 11.0169 6.3800
v 2.7148 10.7969 6.5000
v 2.7148 10.5969 6.6200
v 2.7148 10.3769 6.7400
v 2.7248 10.1769 6.8700
v 2.7248 9.9769 7.0000
v 2.7248 9.7669 7.1500
v 2.7248 9.5769 7.2800
v 2.7248 9.3469 7.4200
v 2.7248 9.1469 7.5500
v 2.7348 8.9569 7.7100
v 2.7348 8.7369 7.8200
v 2.7348 8.4269 7.7500
v 2.7348 8.0469 7.4900
v 2.7448 7.6769 7.2600
v 2.7448 7.2769 6.9700
v 2.7448 6.9169 6.7500
v 2.7448 6.5869 6.5800
v 2.7548 6.2169 6.3100
v 2.7548 5.8369 6.1000
v 2.7548 5.4769 5.8700
v 2.7648 5.1369 5.6600
v 2.7648 4.7469 5.4400
v 2.7648 4.3969 5.2200
v 2.7748 4.0169 4.9600
v 2.7748 3.6869 4.8000
v 2.7748 3.2969 4.5500
v 2.7748 2.9169 4.3200
v 2.7848 2.5569 4.1200
v 2.7848 2.2169 3.9500
v 2.7648 4.9169 10.7700
v 2.7848 1.6569 3.2900
v 2.7648 4.5969 10.6900
v 2.7648 4.3769 10.7800
v 2.7948 1.1069 3.2700
v 2.7948 0.8569 3.2800
v 2.7948 0.6169 3.2500
v 2.7948 0.4069 3.4000
v 2.8048 0.2569 3.6600
v 2.8048 0.0069 3.7300
v 2.8048 -0.3031 3.5700
v 2.8048 -0.5831 3.5300
v 2.8048 -0.8231 3.5500
v 2.8148 -1.1031 3.5100
v 2.8148 -1.3731 3.5200
v 2.8148 -1.6531 3.5100
v 2.8148 -1.9031 3.5200
v 2.4948 12.1369 0.9400
v 2.4948 12.1269 1.5200
v 2.4948 12.1469 2.1600
v 2.4948 12.1169 2.6000
v 2.4948 12.1469 3.3600
v 2.4948 12.0869 3.8900
v 2.4948 12.1069 4.5700
v 2.4948 12.2069 5.3400
v 2.4948 12.0469 5.6100
v 2.4948 11.8269 5.7700
v 2.5048 11.6469 5.9000
v 2.5048 11.4469 6.0200
v 2.5048 11.2169 6.1300
v 2.5048 11.0069 6.2700
v 2.5048 10.8069 6.3900
v 2.5048 10.5869 6.5200
v 2.5148 10.3969 6.6500
v 2.5148 10.1569 6.7900
v 2.5148 9.9469 6.9300
v 2.5148 9.7269 7.0700
v 2.5148 9.5469 7.1900
v 2.5148 9.3169 7.3300
v 2.5248 9.0969 7.4500
v 2.5248 8.9169 7.6100
v 2.5248 8.7269 7.7300
v 2.5248 8.4869 7.8400
v 2.5248 8.1369 7.6500
v 2.5348 7.7769 7.4300
v 2.5348 7.4069 7.1500
v 2.5348 7.0469 6.9500
v 2.5448 6.6669 6.7100
v 2.5448 6.3369 6.5200
v 2.5448 5.9569 6.2700
v 2.5448 5.5869 6.0500
v 2.5548 5.1969 5.8100
v 2.5548 4.8269 5.6000
v 2.5548 4.4769 5.3500
v 2.5648 4.0669 5.0800
v 2.5648 3.6969 4.8600
v 2.5648 3.3769 4.7000
v 2.5648 3.0369 4.4400
v 2.5448 5.5569 10.8400
v 2.5748 2.6969 4.2800
v 2.5548 5.2769 10.8100
v 2.5748 2.3569 4.0900
v 2.5748 2.0269 3.9600
v 2.5848 1.4669 3.2800
v 2.5848 1.2369 3.3100
v 2.5848 0.9569 3.2600
v 2.5848 0.7069 3.2900
v 2.5848 0.5969 3.6400
v 2.5948 0.3569 3.7000
v 2.5948 0.0869 3.6900
v 2.5948 -0.2131 3.6000
v 2.5948 -0.4831 3.5700
v 2.6048 -0.7731 3.5500
v 2.6048 -1.0231 3.5100
v 2.6048 -1.3331 3.4600
v 2.6048 -1.5831 3.4900
v 2.6048 -1.8231 3.4700
v 2.3648 12.3369 0.8800
v 2.3648 12.2869 1.3900
v 2.3648 12.2569 1.9200
v 2.3648 12.2769 2.5900
v 2.3648 12.2469 3.1000
v 2.3648 12.2669 3.7700
v 2.3648 12.2669 4.3800
v 2.3648 12.3769 5.2500
v 2.3648 12.2169 5.4600
v 2.3648 11.9869 5.6200
v 2.3648 11.7869 5.7300
v 2.3648 11.5869 5.8900
v 2.3648 11.3469 5.9900
v 2.3748 11.1269 6.1300
v 2.3748 10.9369 6.2600
v 2.3748 10.7269 6.3900
v 2.3748 10.5069 6.5100
v 2.3748 10.3069 6.6300
v 2.3748 10.0969 6.7600
v 2.3848 9.8869 6.9100
v 2.3848 9.6669 7.0500
v 2.3848 9.4669 7.1600
v 2.3848 9.2469 7.2900
v 2.3848 9.0669 7.4300
v 2.3848 8.8469 7.5800
v 2.3948 8.6469 7.7000
v 2.3948 8.4269 7.8300
v 2.3948 8.1269 7.7600
v 2.3948 7.6969 7.3900
v 2.4048 7.3369 7.2000
v 2.4048 6.9269 6.9000
v 2.4048 6.5769 6.7200
v 2.4148 6.2269 6.4900
v 2.4148 5.8869 6.3000
v 2.4148 5.5469 6.0900
v 2.4148 5.2069 5.8800
v 2.4248 4.8569 5.6900
v 2.4248 4.4769 5.4200
v 2.4248 4.1269 5.1900
v 2.4348 3.7869 5.0100
v 2.4048 6.1069 10.9200
v 2.4348 3.4269 4.7700
v 2.4348 3.0969 4.6100
v 2.4348 2.7269 4.3900
v 2.4448 2.3469 4.1400
v 2.4448 2.0469 4.0300
v 2.4448 1.4769 3.2900
v 2.4548 1.2469 3.3300
v 2.4548 0.9469 3.3200
v 2.4548 0.7669 3.4800
v 2.4548 0.5769 3.6800
v 2.4548 0.3469 3.6700
v 2.4548 0.0569 3.6200
v 2.4648 -0.2631 3.5400
v 2.4648 -0.5431 3.5200
v 2.4648 -0.8231 3.5300
v 2.4748 -1.1231 3.4900
v 2.4748 -1.3731 3.5200
v 2.4748 -1.6431 3.5000
v 2.4748 -1.9031 3.4900
v 2.4748 -2.1431 3.5000
v 2.4948 -3.8231 1.5400
v 2.4948 -3.8531 2.1000
v 2.1648 12.4869 0.8100
v 2.1648 12.4769 1.4500
v 2.1648 12.5069 2.0900
v 2.1648 12.4969 2.7100
v 2.1648 12.4969 3.3800
v 2.1648 12.4369 3.8800
v 2.1648 12.4869 5.1900
v 2.1648 12.2569 5.3400
v 2.1648 12.0369 5.4700
v 2.1648 11.8469 5.5900
v 2.1648 11.6469 5.6900
v 2.1648 11.4269 5.8200
v 2.1748 11.1969 5.9700
v 2.1748 11.0169 6.0900
v 2.1748 10.8069 6.2100
v 2.1748 10.6069 6.3400
v 2.1748 10.3669 6.4900
v 2.1748 10.1769 6.6200
v 2.1848 9.9769 6.7300
v 2.1848 9.7569 6.8800
v 2.1848 9.5169 7.0200
v 2.1848 9.3069 7.1600
v 2.1848 9.1069 7.2700
v 2.1848 8.8669 7.4200
v 2.1948 8.6669 7.5700
v 2.1948 8.4869 7.7000
v 2.1948 8.2869 7.8100
v 2.1948 8.0269 7.7800
v 2.1948 7.6169 7.4800
v 2.2048 7.2769 7.2900
v 2.2048 6.9269 7.0500
v 2.2048 6.5869 6.8300
v 2.2148 6.2369 6.6300
v 2.2148 5.8669 6.3800
v 2.2148 5.5269 6.2000
v 2.2148 5.1669 6.0000
v 2.2248 4.8069 5.7400
v 2.2248 4.4669 5.5700
v 2.2048 6.5369 10.9200
v 2.2248 4.0969 5.2900
v 2.2048 6.2969 10.9500
v 2.2348 3.7469 5.1000
v 2.2148 6.0269 10.8800
v 2.2348 3.4169 4.8900
v 2.2348 2.9969 4.6400
v 2.2348 2.6769 4.4800
v 2.2448 2.3169 4.2200
v 2.2448 1.9869 4.0300
v 2.2448 1.6169 3.8900
v 2.2548 1.0969 3.3500
v 2.2548 0.9469 3.6000
v 2.2548 0.7369 3.6900
v 2.2548 0.4369 3.6800
v 2.2548 0.1669 3.6200
v 2.2648 -0.0831 3.6000
v 2.2648 -0.3431 3.6000
v 2.2648 -0.6431 3.5700
v 2.2648 -0.9431 3.5400
v 2.2748 -1.2331 3.4800
v 2.2748 -1.4631 3.5300
v 2.2748 -1.7431 3.4700
v 2.2748 -2.0431 3.4500
v 2.2748 -2.2731 3.4900
v 2.2948 -3.5831 1.7100
v 2.2948 -3.6931 2.0800
v 2.2948 -3.7931 2.4800
v 1.8448 12.3969 5.0800
v 1.8448 12.1669 5.2000
v 1.8448 11.9569 5.3100
v 1.8448 11.7569 5.4600
v 1.8448 11.5469 5.5800
v 1.8448 11.3369 5.7400
v 1.8548 11.1169 5.8700
v 1.8548 10.8969 5.9800
v 1.8548 10.6669 6.1100
v 1.8548 10.4569 6.2800
v 1.8548 10.2569 6.4200
v 1.8548 10.0569 6.5200
v 1.8648 9.8369 6.6300
v 1.8648 9.6469 6.7600
v 1.8648 9.4469 6.8800
v 1.8648 9.2569 7.0200
v 1.8648 9.0369 7.1400
v 1.8648 8.8469 7.2800
v 1.8748 8.6269 7.4000
v 1.8748 8.4469 7.5600
v 1.8748 8.2569 7.6700
v 1.8748 8.0369 7.8100
v 1.8748 7.7569 7.7900
v 1.8848 7.3769 7.5100
v 1.8848 7.0569 7.3500
v 1.8848 6.6869 7.0200
v 1.8848 6.3069 6.8400
v 1.8948 5.9569 6.6500
v 1.8948 5.5869 6.4100
v 1.8948 5.2469 6.1700
v 1.9048 4.8669 5.9000
v 1.9048 4.5269 5.7600
v 1.8948 5.3069 8.1700
v 1.9048 4.1769 5.5700
v 1.8948 5.0869 8.3000
v 1.9048 3.7269 5.1800
v 1.9148 3.3969 5.0400
v 1.9148 3.0369 4.8300
v 1.9148 2.6669 4.6000
v 1.9248 2.2969 4.3200
v 1.9248 1.9769 4.1500
v 1.9248 1.6369 3.9800
v 1.9348 1.2369 3.7000
v 1.9348 0.9769 3.7000
v 1.9348 0.6469 3.6100
v 1.9348 0.3569 3.5500
v 1.9348 0.1069 3.5600
v 1.9448 -0.1731 3.5200
v 1.9448 -0.4131 3.5300
v 1.9448 -0.6931 3.5200
v 1.9448 -0.9731 3.5300
v 1.9448 -1.2231 3.5000
v 1.9548 -1.4831 3.5200
v 1.9548 -1.7831 3.5000
v 1.9548 -2.0331 3.5100
v 1.9548 -2.2631 3.6100
v 1.9548 -2.4831 3.7300
v 1.9648 -3.1831 2.1400
v 1.9648 -3.3431 2.4200
v 1.9648 -3.5031 2.6400
v 1.9648 -3.7831 2.6300
v 1.5248 12.3769 4.9100
v 1.5248 12.1769 5.0100
v 1.5348 11.9469 5.1500
v 1.5348 11.7069 5.2900
v 1.5348 11.5169 5.4000
v 1.5348 11.3469 5.5300
v 1.5348 11.1269 5.6700
v 1.5348 10.9269 5.7900
v 1.5348 10.7269 5.9100
v 1.5448 10.5169 6.0500
v 1.5448 10.3269 6.1900
v 1.5448 10.1269 6.3100
v 1.5448 9.9069 6.4400
v 1.5448 9.7269 6.5700
v 1.5448 9.5069 6.7000
v 1.5548 9.2969 6.8400
v 1.5548 9.0869 6.9500
v 1.5548 8.8969 7.1000
v 1.5548 8.6969 7.2000
v 1.5548 8.4769 7.3200
v 1.5548 8.2769 7.4600
v 1.5648 8.0669 7.6200
v 1.5648 7.8769 7.7500
v 1.5648 7.6669 7.8400
v 1.5648 7.3369 7.7300
v 1.5648 7.0769 7.7800
v 1.5648 6.9869 8.1600
v 1.5748 6.7669 8.2700
v 1.5748 6.1269 6.7900
v 1.5748 5.8469 6.7500
v 1.5848 5.4469 6.5100
v 1.5848 5.1669 6.3600
v 1.5848 4.7669 6.0300
v 1.5848 5.3369 7.9500
v 1.5848 4.4269 5.8700
v 1.5848 5.1969 8.3000
v 1.5948 4.0869 5.7500
v 1.5848 5.2269 9.0000
v 1.5948 3.6169 5.3100
v 1.5948 3.2969 5.1600
v 1.5848 5.2869 10.3300
v 1.6048 2.9269 4.9100
v 1.5848 5.2469 10.8300
v 1.6048 2.5769 4.7200
v 1.6048 2.1969 4.4800
v 1.6148 1.8669 4.2800
v 1.6148 1.5269 4.0900
v 1.6148 1.1769 3.9400
v 1.6148 0.7869 3.6400
v 1.6248 0.4969 3.5900
v 1.6248 0.2169 3.5800
v 1.6248 -0.0431 3.5500
v 1.6248 -0.3331 3.5600
v 1.6248 -0.5931 3.5500
v 1.6348 -0.8731 3.5600
v 1.6348 -1.1331 3.5500
v 1.6348 -1.4431 3.5200
v 1.6348 -1.6931 3.5400
v 1.6448 -1.9131 3.6200
v 1.6448 -2.1331 3.7000
v 1.6448 -2.3931 3.7500
v 1.6448 -2.9331 2.5200
v 1.6448 -3.1431 2.6200
v 1.6548 -3.4031 2.6600
v 1.6548 -3.7031 2.6100
v 1.3148 12.4869 4.7000
v 1.3148 12.2869 4.8200
v 1.3148 12.1069 4.9400
v 1.3248 11.8669 5.0700
v 1.3248 11.6769 5.2200
v 1.3248 11.4669 5.3200
v 1.3248 11.2869 5.4700
v 1.3248 11.0769 5.5800
v 1.3248 10.8669 5.7300
v 1.3348 10.6569 5.8700
v 1.3348 10.4569 6.0000
v 1.3348 10.2769 6.1200
v 1.3348 10.0669 6.2400
v 1.3348 9.8469 6.3600
v 1.3348 9.6569 6.5200
v 1.3448 9.4269 6.6300
v 1.3448 9.2269 6.7600
v 1.3448 9.0269 6.8700
v 1.3448 8.8169 7.0200
v 1.3448 8.5869 7.1500
v 1.3448 8.3769 7.2600
v 1.3548 8.1569 7.4100
v 1.3548 7.9669 7.5600
v 1.3548 7.7469 7.7000
v 1.3548 7.5569 7.8200
v 1.3548 7.3269 7.8800
v 1.3548 7.1169 7.9800
v 1.3648 6.9469 8.1900
v 1.3648 6.6769 8.2200
v 1.3648 6.1569 7.0100
v 1.3748 5.7969 6.8500
v 1.3748 5.4369 6.6100
v 1.3748 5.0869 6.3200
v 1.3748 4.7069 6.1100
v 1.3848 4.3969 6.0000
v 1.3848 4.0369 5.7500
v 1.3848 3.6569 5.4500
v 1.3948 3.3069 5.2800
v 1.3748 5.5169 11.0000
v 1.3948 2.9069 5.0000
v 1.3748 5.2169 10.9500
v 1.3948 2.5169 4.7300
v 1.3948 2.1969 4.5800
v 1.4048 1.8269 4.3700
v 1.4048 1.4269 4.0900
v 1.4048 1.0969 3.9500
v 1.4148 0.7069 3.6500
v 1.4148 0.3869 3.5500
v 1.4148 0.1269 3.5600
v 1.4148 -0.1331 3.5800
v 1.4148 -0.3931 3.5700
v 1.4248 -0.6931 3.5400
v 1.4248 -0.9631 3.5200
v 1.4248 -1.2131 3.5200
v 1.4248 -1.4931 3.5500
v 1.4348 -1.6831 3.6700
v 1.4348 -1.9431 3.7200
v 1.4348 -2.2031 3.7000
v 1.4348 -2.7431 2.4800
v 1.4448 -2.9431 2.6500
v 1.4448 -3.2031 2.6300
v 1.4448 -3.5231 2.6000
v 1.4448 -3.8131 2.5800
v 1.1548 12.4269 4.6800
v 1.1548 12.1769 4.8100
v 1.1548 11.9669 4.9200
v 1.1648 11.7669 5.0200
v 1.1648 11.5769 5.1600
v 1.1648 11.3569 5.3000
v 1.1648 11.1669 5.4500
v 1.1648 10.9469 5.5900
v 1.1648 10.7669 5.7100
v 1.1748 10.5869 5.8200
v 1.1748 10.3469 5.9800
v 1.1748 10.1269 6.1100
v 1.1748 9.9169 6.2500
v 1.1748 9.6969 6.3600
v 1.1748 9.4969 6.5100
v 1.1848 9.2769 6.6500
v 1.1848 9.0869 6.7700
v 1.1848 8.8869 6.8900
v 1.1848 8.6969 6.9900
v 1.1848 8.4669 7.1500
v 1.1848 8.2669 7.3000
v 1.1948 8.0469 7.4100
v 1.1948 7.8469 7.5200
v 1.1948 7.6469 7.6800
v 1.1948 7.4269 7.8200
v 1.1948 7.2069 7.8800
v 1.1948 6.9869 7.9400
v 1.2048 6.7569 8.0800
v 1.2048 6.4069 7.2600
v 1.2048 6.0669 7.0600
v 1.2048 5.7269 6.8800
v 1.2148 5.3369 6.6300
v 1.2148 4.9769 6.4000
v 1.2148 4.5969 6.1600
v 1.2248 4.2669 6.0200
v 1.2248 3.8669 5.7100
v 1.2248 3.4969 5.4500
v 1.2348 3.1369 5.3100
v 1.2148 5.3769 11.0600
v 1.2348 2.7169 4.9400
v 1.2348 2.3769 4.7300
v 1.2348 2.0569 4.5600
v 1.2448 1.6469 4.3100
v 1.2448 1.2769 4.1000
v 1.2448 0.9869 3.9900
v 1.2548 0.5569 3.6300
v 1.2548 0.2669 3.5900
v 1.2548 -0.0231 3.5500
v 1.2548 -0.2531 3.5600
v 1.2548 -0.5331 3.5700
v 1.2648 -0.8331 3.5500
v 1.2648 -1.1031 3.5500
v 1.2648 -1.3431 3.6100
v 1.2648 -1.5931 3.6600
v 1.2748 -1.8631 3.7200
v 1.2748 -2.4331 2.4300
v 1.2748 -2.1231 3.7100
v 1.2748 -2.6231 2.5800
v 1.2748 -2.8331 2.6500
v 1.2848 -3.0931 2.6300
v 1.2848 -3.3731 2.6000
v 1.2848 -3.6431 2.5700
v 0.9448 12.4469 4.5200
v 0.9448 12.2269 4.6500
v 0.9448 12.0269 4.7700
v 0.9448 11.8369 4.9000
v 0.9448 11.6269 5.0500
v 0.9548 11.4169 5.1700
v 0.9548 11.1969 5.3300
v 0.9548 10.9769 5.4600
v 0.9548 10.7869 5.5900
v 0.9548 10.5669 5.7300
v 0.9648 10.3569 5.8400
v 0.9648 10.1569 5.9600
v 0.9648 9.9569 6.0900
v 0.9648 9.7469 6.2300
v 0.9648 9.5269 6.3500
v 0.9648 9.3069 6.5000
v 0.9648 9.1069 6.6400
v 0.9748 8.9069 6.7300
v 0.9748 8.7169 6.8800
v 0.9748 8.5169 7.0100
v 0.9748 8.2969 7.1400
v 0.9748 8.0769 7.2600
v 0.9748 7.8869 7.3800
v 0.9848 7.6869 7.5400
v 0.9848 7.4669 7.7000
v 0.9848 7.2569 7.8100
v 0.9848 6.9969 7.8200
v 0.9848 6.5669 7.5000
v 0.9948 6.2269 7.3100
v 0.9948 5.8669 7.0600
v 0.9948 5.4969 6.8200
v 1.0048 5.1169 6.6300
v 1.0048 4.7269 6.3300
v 1.0048 4.3969 6.1300
v 1.0048 4.0369 5.9200
v 1.0148 3.6369 5.6600
v 1.0148 3.2769 5.4300
v 0.9948 5.4169 10.9600
v 1.0148 2.9169 5.2200
v 0.9948 5.2269 11.1100
v 1.0248 2.5569 4.9600
v 1.0248 2.1869 4.7600
v 1.0248 1.8169 4.5200
v 1.0348 1.4469 4.2900
v 1.0348 1.0969 4.0900
v 1.0348 0.7569 3.9500
v 1.0448 0.3169 3.5800
v 1.0448 0.0469 3.6400
v 1.0448 -0.2431 3.5800
v 1.0448 -0.5031 3.5600
v 1.0448 -0.7431 3.5900
v 1.0548 -1.0031 3.6000
v 1.0548 -1.2331 3.6600
v 1.0548 -1.4631 3.7000
v 1.0648 -2.0731 2.3000
v 1.0548 -1.7231 3.7600
v 1.0648 -2.2831 2.4900
v 1.0648 -2.4531 2.6600
v 1.0648 -2.7031 2.6700
v 1.0648 -2.9731 2.6100
v 1.0648 -3.2331 2.5800
v 1.0748 -3.5431 2.5600
v 1.0748 -3.8431 2.5200
v 0.6948 12.4669 4.3800
v 0.6948 12.2469 4.5100
v 0.7048 12.0469 4.6400
v 0.7048 11.8469 4.7600
v 0.7048 11.6369 4.9100
v 0.7048 11.4469 5.0400
v 0.7048 11.2469 5.1600
v 0.7048 11.0469 5.3000
v 0.7148 10.8169 5.4300
v 0.7148 10.5969 5.5600
v 0.7148 10.3969 5.7100
v 0.7148 10.2069 5.8200
v 0.7148 9.9969 5.9600
v 0.7148 9.7869 6.0900
v 0.7248 9.5769 6.2000
v 0.7248 9.3669 6.3400
v 0.7248 9.1769 6.4500
v 0.7248 8.9569 6.6100
v 0.7248 8.7369 6.7200
v 0.7248 8.5469 6.8600
v 0.7348 8.3369 7.0000
v 0.7348 8.1169 7.1400
v 0.7348 7.8869 7.2800
v 0.7348 7.6769 7.3800
v 0.7348 7.4769 7.5300
v 0.7348 7.2769 7.6900
v 0.7448 7.0569 7.8000
v 0.7448 6.8169 7.8200
v 0.7448 6.4469 7.5800
v 0.7448 6.0469 7.3100
v 0.7548 5.7069 7.1100
v 0.7548 5.3469 6.9200
v 0.7548 4.9969 6.6700
v 0.7648 4.5869 6.3800
v 0.7648 4.2569 6.2100
v 0.7648 3.8569 5.9500
v 0.7648 3.5169 5.7000
v 0.7748 3.1269 5.4800
v 0.7548 5.2469 11.0200
v 0.7748 2.7469 5.2800
v 0.7748 2.3469 4.9500
v 0.7848 1.9769 4.7200
v 0.7848 1.6369 4.5400
v 0.7848 1.2669 4.3100
v 0.7848 0.9569 4.1400
v 0.7948 0.6169 3.9500
v 0.7948 0.2669 3.7500
v 0.7948 -0.0831 3.5800
v 0.7948 -0.3231 3.6000
v 0.8048 -0.6031 3.5700
v 0.8048 -0.8131 3.6400
v 0.8048 -1.0531 3.6800
v 0.8048 -1.3231 3.7400
v 0.8148 -1.9331 2.3500
v 0.8048 -1.5731 3.7700
v 0.8148 -2.1231 2.5400
v 0.8148 -2.3131 2.6600
v 0.8148 -2.5431 2.6900
v 0.8248 -2.8431 2.6300
v 0.8248 -3.1431 2.5600
v 0.8248 -3.4031 2.5400
v 0.8248 -3.7231 2.4500
v 0.4448 12.4469 2.3100
v 0.4448 12.4769 4.2500
v 0.4548 12.2569 4.3800
v 0.4548 12.0569 4.4900
v 0.4548 11.8469 4.6100
v 0.4548 11.6369 4.7600
v 0.4548 11.4469 4.9000
v 0.4548 11.2569 5.0100
v 0.4548 11.0269 5.1500
v 0.4648 10.8369 5.2800
v 0.4648 10.6069 5.4100
v 0.4648 10.3969 5.5400
v 0.4648 10.2069 5.6800
v 0.4648 9.9869 5.8100
v 0.4648 9.7669 5.9500
v 0.4748 9.5569 6.1000
v 0.4748 9.3469 6.2100
v 0.4748 9.1469 6.3400
v 0.4748 8.9069 6.4700
v 0.4748 8.7169 6.5900
v 0.4748 8.5169 6.7300
v 0.4848 8.2969 6.8500
v 0.4848 8.0969 6.9900
v 0.4848 7.9069 7.1300
v 0.4848 7.6769 7.2500
v 0.4848 7.4769 7.3800
v 0.4848 7.2669 7.5200
v 0.4848 7.0669 7.6700
v 0.4948 6.8569 7.8000
v 0.4948 6.5969 7.8000
v 0.4948 6.1869 7.5200
v 0.4948 5.8169 7.3100
v 0.5048 5.4469 7.1100
v 0.5048 5.0569 6.8500
v 0.5048 4.7069 6.6200
v 0.5148 4.3269 6.3500
v 0.5148 3.9969 6.1500
v 0.5148 3.6569 5.9500
v 0.5148 3.3269 5.7700
v 0.5248 2.9369 5.5000
v 0.5048 5.0269 10.8700
v 0.5248 2.5969 5.2800
v 0.5248 2.2269 5.0000
v 0.5348 1.8769 4.8200
v 0.5348 1.5369 4.6100
v 0.5348 1.1569 4.3800
v 0.5448 0.7769 4.1100
v 0.5448 0.4669 4.0000
v 0.5448 0.1069 3.7800
v 0.5448 -0.2131 3.6100
v 0.5548 -0.4931 3.6100
v 0.5548 -0.7231 3.6800
v 0.5548 -0.9831 3.7100
v 0.5648 -1.6031 2.2900
v 0.5548 -1.2231 3.7500
v 0.5648 -1.7831 2.4800
v 0.5648 -1.9531 2.6700
v 0.5648 -2.2231 2.6700
v 0.5648 -2.5131 2.6400
v 0.5648 -2.8131 2.5900
v 0.5748 -3.1031 2.5600
v 0.5748 -3.3931 2.5100
v 0.5748 -3.6931 2.4400
v 0.1648 12.3869 0.5200
v 0.1648 12.3969 1.1900
v 0.1648 12.3769 1.7300
v 0.1648 12.3369 2.2600
v 0.1648 12.3669 4.2000
v 0.1648 12.1869 4.2900
v 0.1748 11.9469 4.4300
v 0.1748 11.7069 4.5500
v 0.1748 11.5269 4.6900
v 0.1748 11.3269 4.8100
v 0.1748 11.1069 4.9400
v 0.1748 10.8769 5.1000
v 0.1848 10.6769 5.2200
v 0.1848 10.4669 5.3400
v 0.1848 10.2469 5.4900
v 0.1848 10.0469 5.6200
v 0.1848 9.8369 5.7400
v 0.1848 9.6369 5.8700
v 0.1848 9.4269 6.0100
v 0.1948 9.2069 6.1400
v 0.1948 8.9869 6.2900
v 0.1948 8.8069 6.3900
v 0.1948 8.6069 6.5100
v 0.1948 8.3869 6.6500
v 0.1948 8.1569 6.7700
v 0.2048 7.9669 6.9300
v 0.2048 7.7669 7.0500
v 0.2048 7.5269 7.2100
v 0.2048 7.2869 7.3200
v 0.2048 7.0969 7.4600
v 0.2048 6.8969 7.5800
v 0.2148 6.7069 7.7500
v 0.2148 6.4869 7.8500
v 0.2148 6.1969 7.7500
v 0.2148 5.8469 7.5200
v 0.2248 5.4469 7.2500
v 0.2248 5.1169 7.0500
v 0.2248 4.7369 6.7900
v 0.2248 4.4069 6.5600
v 0.2348 4.0669 6.3400
v 0.2348 3.6769 6.1000
v 0.2348 3.2969 5.8800
v 0.2448 2.9469 5.6400
v 0.2448 2.6269 5.4600
v 0.2248 4.7269 10.9100
v 0.2448 2.2469 5.2300
v 0.2548 1.8569 4.9800
v 0.2548 1.5269 4.7600
v 0.2548 1.1369 4.5000
v 0.2548 0.7869 4.3000
v 0.2648 0.4469 4.1000
v 0.2648 0.1069 3.9700
v 0.2648 -0.2731 3.7200
v 0.2648 -0.5031 3.8100
v 0.2648 -0.2231 5.1200
v 0.2748 -0.8131 3.7900
v 0.2748 -1.3731 2.5000
v 0.2648 -0.4731 5.1000
v 0.2748 -1.5631 2.6300
v 0.2748 -1.8131 2.6800
v 0.2848 -2.0531 2.6400
v 0.2848 -2.3431 2.6300
v 0.2848 -2.6431 2.5600
v 0.2848 -2.9131 2.5400
v 0.2948 -3.1931 2.4800
v 0.2948 -3.5131 2.4600
v 0.2948 -3.7931 2.4100
v -0.1352 12.1469 0.7600
v -0.1352 12.1069 1.2900
v -0.1352 12.1869 2.1000
v -0.1352 12.0569 2.4400
v -0.1352 12.4469 4.0100
v -0.1352 12.2369 4.1400
v -0.1352 12.0369 4.2700
v -0.1252 11.8169 4.4000
v -0.1252 11.5869 4.5000
v -0.1252 11.3869 4.6400
v -0.1252 11.2069 4.7700
v -0.1252 10.9869 4.8800
v -0.1252 10.7469 5.0200
v -0.1152 10.5569 5.1500
v -0.1152 10.3369 5.2700
v -0.1152 10.1669 5.4300
v -0.1152 9.9169 5.5400
v -0.1152 9.7169 5.6700
v -0.1152 9.5169 5.8200
v -0.1052 9.2969 5.9400
v -0.1052 9.0769 6.0900
v -0.1052 8.8569 6.2100
v -0.1052 8.6569 6.3300
v -0.1052 8.4269 6.4800
v -0.1052 8.2269 6.6200
v -0.0952 8.0169 6.7200
v -0.0952 7.8369 6.8500
v -0.0952 7.6369 6.9900
v -0.0952 7.4169 7.1100
v -0.0952 7.2069 7.2400
v -0.0952 7.0269 7.3700
v -0.0952 6.8169 7.4600
v -0.0852 6.6269 7.6400
v -0.0852 6.4169 7.7500
v -0.0852 6.1869 7.8500
v -0.0852 5.8269 7.6400
v -0.0752 5.4969 7.4700
v -0.0752 5.1369 7.2200
v -0.0752 5.2769 8.1300
v -0.0752 4.7669 6.9500
v -0.0752 4.3669 6.6700
v -0.0652 4.0469 6.4600
v -0.0652 3.6769 6.3000
v -0.0652 3.3169 6.0600
v -0.0552 2.9769 5.8100
v -0.0552 2.6169 5.6000
v -0.0552 2.2069 5.3600
v -0.0552 1.8169 5.0900
v -0.0452 1.4169 4.8100
v -0.0452 1.1069 4.6100
v -0.0452 0.7169 4.4100
v -0.0352 0.3669 4.2000
v -0.0352 0.0569 4.0600
v -0.0352 -0.2931 3.8500
v -0.0252 -1.0031 2.2300
v -0.0252 -1.1631 2.4900
v -0.0252 -1.3631 2.6800
v -0.0252 -1.6431 2.6700
v -0.0252 -1.9131 2.6400
v -0.0152 -2.1831 2.6200
v -0.0152 -2.4831 2.5500
v -0.0152 -2.7531 2.5100
v -0.0152 -3.0231 2.4700
v -0.0052 -3.3231 2.4300
v -0.0052 -3.5831 2.4100
v -0.0052 -3.8831 2.3700
v -0.3552 11.9869 0.3900
v -0.3552 11.9469 0.9600
v -0.3552 11.8769 1.3600
v -0.3452 11.7769 1.7200
v -0.3552 12.4369 3.9200
v -0.3552 12.2169 4.0600
v -0.3552 12.0369 4.2200
v -0.3552 11.8069 4.3200
v -0.3452 11.6069 4.4500
v -0.3452 11.3669 4.5600
v -0.3452 11.1869 4.7200
v -0.3452 10.9669 4.8400
v -0.3452 10.7469 4.9700
v -0.3452 10.5169 5.0700
v -0.3352 10.2969 5.2100
v -0.3352 10.0869 5.3500
v -0.3352 9.8669 5.4700
v -0.3352 9.6769 5.6200
v -0.3352 9.4769 5.7500
v -0.3352 9.2769 5.8700
v -0.3252 9.0969 5.9900
v -0.3252 8.8769 6.1000
v -0.3252 8.6569 6.2500
v -0.3252 8.4469 6.3300
v -0.3252 8.2669 6.4800
v -0.3252 8.0769 6.6200
v -0.3152 7.8569 6.7100
v -0.3152 7.6469 6.8800
v -0.3152 7.4269 6.9900
v -0.3152 7.2369 7.1000
v -0.3152 7.0269 7.2300
v -0.3152 6.8269 7.3600
v -0.3052 6.6269 7.4900
v -0.3052 6.4469 7.6200
v -0.3052 6.2169 7.7800
v -0.3052 5.9869 7.8700
v -0.3052 5.6769 7.6900
v -0.3052 5.3569 7.5800
v -0.3052 5.3669 8.2500
v -0.2952 5.2169 8.5400
v -0.2952 4.4469 6.7800
v -0.2952 4.9869 8.6600
v -0.2952 4.1169 6.6600
v -0.2852 3.7869 6.4300
v -0.2852 3.4069 6.2400
v -0.2852 3.0469 5.9800
v -0.2752 2.6969 5.7800
v -0.2752 2.3169 5.5000
v -0.2752 1.9769 5.3100
v -0.2652 1.5669 5.0200
v -0.2652 1.2069 4.8200
v -0.2652 0.8569 4.6100
v -0.2652 0.5169 4.4100
v -0.2552 0.1469 4.2100
v -0.2552 -0.1731 4.0600
v -0.2452 -0.8331 2.5500
v -0.2452 -1.0431 2.6600
v -0.2452 -1.2931 2.6900
v -0.2452 -1.5731 2.6400
v -0.2452 -1.8731 2.6200
v -0.2352 -2.1531 2.5800
v -0.2352 -2.4431 2.5000
v -0.2352 -2.7231 2.5000
v -0.2352 -3.0431 2.4300
v -0.2252 -3.3431 2.4100
v -0.2252 -3.6031 2.3400
v -0.2252 -3.8831 2.3400
v -0.5152 11.8169 0.4700
v -0.5152 11.8069 1.0600
v -0.5152 11.7169 1.4500
v -0.5152 12.4869 3.9200
v -0.5152 11.5669 1.7700
v -0.5152 12.2369 3.9800
v -0.5152 12.0769 4.2400
v -0.5152 11.8669 4.4000
v -0.5152 11.6369 4.5100
v -0.5152 11.4169 4.6400
v -0.5052 11.2269 4.7700
v -0.5052 11.0169 4.8700
v -0.5052 10.8169 4.9800
v -0.5052 10.6269 5.1200
v -0.5052 10.4269 5.2400
v -0.5052 10.2069 5.3800
v -0.5052 10.0069 5.4900
v -0.4952 9.8069 5.6100
v -0.4952 9.6069 5.7300
v -0.4952 9.4069 5.8800
v -0.4952 9.2069 6.0200
v -0.4952 8.9869 6.1500
v -0.4952 8.7769 6.2700
v -0.4852 8.5969 6.3900
v -0.4852 8.3769 6.5000
v -0.4852 8.1569 6.6400
v -0.4852 7.9569 6.7600
v -0.4852 7.7069 6.8200
v -0.4852 7.5069 6.8800
v -0.4752 7.2869 7.0000
v -0.4752 7.0569 7.1200
v -0.4752 6.8369 7.2500
v -0.4752 6.6269 7.4000
v -0.4752 6.4069 7.5200
v -0.4752 6.2169 7.6700
v -0.4652 5.9969 7.8100
v -0.4652 5.7769 7.8400
v -0.4652 5.4769 7.7600
v -0.4652 5.4669 8.3200
v -0.4652 5.2769 8.5200
v -0.4652 5.0369 8.6000
v -0.4552 4.2169 6.7100
v -0.4552 3.9069 6.6200
v -0.4452 3.5769 6.4400
v -0.4452 3.2169 6.2000
v -0.4452 2.8169 5.9400
v -0.4452 2.4769 5.6900
v -0.4352 2.1369 5.4900
v -0.4352 1.7069 5.1800
v -0.4352 1.3869 5.0100
v -0.4252 1.0469 4.8100
v -0.4252 0.6469 4.5700
v -0.4252 0.3069 4.4000
v -0.4252 -0.0231 4.2500
v -0.4152 -0.7531 2.5900
v -0.4052 -1.4331 1.0300
v -0.4152 -1.0031 2.6600
v -0.4152 -1.2731 2.6800
v -0.4052 -1.5531 2.6200
v -0.4052 -1.8431 2.5900
v -0.4052 -2.1231 2.5600
v -0.4052 -2.4031 2.5100
v -0.3952 -2.6931 2.4600
v -0.3952 -2.9931 2.4100
v -0.3952 -3.2831 2.3800
v -0.3952 -3.5431 2.3700
v -0.3852 -3.8431 2.3200
v -0.7452 11.6269 0.5800
v -0.7452 11.5569 1.1300
v -0.7452 11.5269 1.6500
v -0.7452 11.3369 1.7700
v -0.7452 12.1569 4.2600
v -0.7452 11.7269 3.2500
v -0.7452 11.9569 4.4400
v -0.7452 11.5469 3.4800
v -0.7452 11.7669 4.5900
v -0.7452 11.5569 4.7000
v -0.7452 11.3669 4.8500
v -0.7452 11.1469 4.9600
v -0.7452 10.9369 5.0700
v -0.7352 10.7469 5.2000
v -0.7352 10.5369 5.3400
v -0.7352 10.3169 5.4500
v -0.7352 10.0969 5.5700
v -0.7352 9.9069 5.6800
v -0.7352 9.7369 5.8300
v -0.7252 9.5169 5.9700
v -0.7252 9.3069 6.1000
v -0.7252 9.0569 6.1700
v -0.7252 8.8769 6.3100
v -0.7252 8.6969 6.4500
v -0.7252 8.4569 6.5700
v -0.7152 8.2369 6.7100
v -0.7152 8.0169 6.8100
v -0.7152 7.7169 6.7500
v -0.7152 7.4769 6.7300
v -0.7152 7.2269 6.8800
v -0.7052 7.0369 7.0100
v -0.7052 6.8569 7.1200
v -0.7052 6.6469 7.2500
v -0.7052 6.4169 7.3900
v -0.7052 6.2169 7.5400
v -0.7052 6.0069 7.6700
v -0.7052 5.8269 7.8000
v -0.6952 5.5769 7.8900
v -0.6952 5.3469 7.9800
v -0.6952 5.3469 8.5300
v -0.6952 5.1269 8.5600
v -0.6852 4.4669 7.0400
v -0.6952 4.8869 8.6900
v -0.6852 4.0869 6.8500
v -0.6852 3.7669 6.7200
v -0.6852 3.3869 6.4500
v -0.6752 2.9969 6.1800
v -0.6752 2.6369 5.9400
v -0.6752 2.2469 5.7000
v -0.6652 1.8669 5.4500
v -0.6652 1.5169 5.2200
v -0.6652 1.1469 5.0000
v -0.6552 0.7869 4.8400
v -0.6552 0.4269 4.6500
v -0.6452 -1.3931 0.5000
v -0.6552 0.1369 4.5200
v -0.6452 -1.4631 0.8800
v -0.6452 -0.9731 2.6100
v -0.6452 -1.2331 2.6300
v -0.6452 -1.5231 2.6200
v -0.6352 -1.7831 2.5600
v -0.6352 -2.0931 2.5100
v -0.6352 -2.3531 2.5000
v -0.6352 -2.6831 2.4100
v -0.6252 -2.9331 2.3900
v -0.6252 -3.2331 2.3500
v -0.6252 -3.5331 2.3000
v -0.6252 -3.8131 2.3100
v -1.0852 11.3169 0.4000
v -1.0852 11.3169 0.9600
v -1.0852 11.2069 1.3000
v -1.0852 11.1669 1.7900
v -1.0852 11.4869 3.2400
v -1.0852 11.8369 4.6800
v -1.0852 11.3069 3.4500
v -1.0852 11.6669 4.8600
v -1.0852 11.2069 3.7800
v -1.0852 11.4969 4.9900
v -1.0852 11.2669 5.1300
v -1.0852 11.0769 5.2900
v -1.0852 10.8469 5.4000
v -1.0852 10.6469 5.5300
v -1.0752 10.4469 5.6400
v -1.0752 10.2269 5.7700
v -1.0752 10.0169 5.9100
v -1.0752 9.7869 6.0300
v -1.0752 9.5669 6.1600
v -1.0652 9.3869 6.2700
v -1.0652 9.1369 6.3800
v -1.0652 8.9369 6.5000
v -1.0652 8.7669 6.6200
v -1.0652 8.5469 6.7500
v -1.0652 8.2769 6.8000
v -1.0552 7.9069 6.5900
v -1.0552 7.5969 6.4800
v -1.0552 7.4069 6.5900
v -1.0552 7.1869 6.7300
v -1.0552 6.9669 6.8300
v -1.0452 6.7869 6.9700
v -1.0452 6.5869 7.1200
v -1.0452 6.3769 7.2700
v -1.0452 6.1569 7.3800
v -1.0452 5.9669 7.5000
v -1.0452 5.7369 7.6700
v -1.0352 5.5269 7.7800
v -1.0352 5.2869 7.8500
v -1.0352 4.9269 7.6300
v -1.0352 4.5169 7.3300
v -1.0252 4.1369 7.0500
v -1.0252 3.7769 6.8600
v -1.0252 3.4069 6.6100
v -1.0152 3.0369 6.3500
v -1.0152 2.7069 6.1600
v -1.0152 2.2969 5.9000
v -1.0152 1.9169 5.6700
v -1.0052 1.5869 5.4600
v -1.0052 1.2269 5.2500
v -1.0052 0.8769 5.0900
v -1.0052 0.5569 4.9900
v -0.9852 -1.3331 2.5100
v -0.9852 -1.5931 2.5400
v -0.9852 -1.8931 2.4800
v -0.9752 -2.1931 2.4500
v -0.9752 -2.4931 2.3900
v -0.9752 -2.7531 2.3800
v -0.9752 -3.0231 2.3500
v -0.9652 -3.3131 2.2800
v -0.9652 -3.5831 2.2600
v -0.9652 -3.8431 2.2400
v -1.3952 10.9769 0.7900
v -1.3952 10.9469 1.3100
v -1.3952 10.9069 1.8200
v -1.4052 11.2069 3.0900
v -1.3952 10.8469 2.2300
v -1.4052 11.0769 3.4500
v -1.4052 11.5169 5.1200
v -1.3952 10.9869 3.8800
v -1.4052 11.3369 5.3600
v -1.4052 11.1369 5.4900
v -1.3952 10.9169 5.6000
v -1.3952 10.6869 5.7200
v -1.3952 10.4969 5.8500
v -1.3952 10.2969 5.9400
v -1.3952 10.0969 6.0800
v -1.3952 9.8769 6.2200
v -1.3852 9.6469 6.3500
v -1.3852 9.4469 6.4600
v -1.3852 9.2369 6.6000
v -1.3852 9.0269 6.7100
v -1.3852 8.7769 6.7600
v -1.3852 8.5069 6.6700
v -1.3752 8.1469 6.4200
v -1.3752 7.8169 6.3300
v -1.3752 7.5569 6.3100
v -1.3752 7.3569 6.4600
v -1.3652 7.1369 6.5700
v -1.3652 6.9269 6.7200
v -1.3652 6.7169 6.8700
v -1.3652 6.4969 6.9700
v -1.3652 6.2869 7.1300
v -1.3652 6.0869 7.2500
v -1.3552 5.8569 7.4000
v -1.3552 5.6469 7.5200
v -1.3552 5.4769 7.6500
v -1.3552 5.2669 7.7800
v -1.3552 4.9969 7.8500
v -1.3452 4.6169 7.5900
v -1.3452 4.2769 7.3600
v -1.3452 3.8769 7.0900
v -1.3452 3.5569 6.9400
v -1.3352 3.1769 6.6800
v -1.3352 2.7869 6.3700
v -1.3352 2.4469 6.2000
v -1.3252 2.0469 5.9700
v -1.3252 1.6869 5.7600
v -1.3252 1.3069 5.5100
v -1.3252 1.0069 5.4600
v -1.2952 -1.6231 2.4500
v -1.2952 -1.8631 2.4500
v -1.2952 -2.1631 2.4100
v -1.2952 -2.4031 2.3800
v -1.2952 -2.7031 2.3400
v -1.2852 -2.9831 2.2900
v -1.2852 -3.2431 2.2900
v -1.2852 -3.5431 2.2300
v -1.2852 -3.8231 2.2000
v -1.6052 10.8769 0.6400
v -1.6052 10.8569 1.1900
v -1.6052 10.8069 1.7300
v -1.6052 10.8269 2.3400
v -1.6052 10.8669 3.0400
v -1.6052 10.8569 3.6100
v -1.6052 11.3469 5.4000
v -1.6052 10.8069 4.1200
v -1.6052 11.1569 5.5800
v -1.6052 10.9469 5.7500
v -1.6052 10.7569 5.8700
v -1.6052 10.5369 5.9800
v -1.6052 10.3269 6.1000
v -1.5952 10.1269 6.2200
v -1.5952 9.9269 6.3500
v -1.5952 9.7069 6.4700
v -1.5952 9.4969 6.5800
v -1.5952 9.2669 6.6800
v -1.5952 9.0269 6.7700
v -1.5852 8.7169 6.6200
v -1.5852 8.3569 6.4300
v -1.5852 7.9869 6.2200
v -1.5752 7.6769 6.1300
v -1.5752 7.4869 6.2800
v -1.5752 7.2969 6.4000
v -1.5752 7.0369 6.5100
v -1.5752 6.8469 6.6600
v -1.5752 6.6469 6.7800
v -1.5752 6.4469 6.9400
v -1.5652 6.2369 7.0700
v -1.5652 6.0169 7.1800
v -1.5652 5.7969 7.3100
v -1.5652 5.6069 7.4400
v -1.5652 5.3969 7.5800
v -1.5652 5.1869 7.7100
v -1.5552 4.9669 7.8400
v -1.5552 4.6569 7.7500
v -1.5552 4.2469 7.4100
v -1.5452 3.8869 7.2400
v -1.5452 3.4869 6.9800
v -1.5452 3.1169 6.7400
v -1.5452 2.7469 6.4700
v -1.5352 2.3969 6.2500
v -1.5352 2.0569 6.0700
v -1.5352 1.7269 5.8500
v -1.5352 1.3969 5.7200
v -1.5252 1.1069 5.6600
v -1.5052 -1.6331 2.3900
v -1.5052 -1.8931 2.4300
v -1.5052 -2.1631 2.4000
v -1.4952 -2.4231 2.3600
v -1.4952 -2.7231 2.2900
v -1.4952 -3.0031 2.2800
v -1.4952 -3.2631 2.2600
v -1.4852 -3.5631 2.1900
v -1.4852 -3.8431 2.1600
v -1.7652 10.7269 0.9100
v -1.7652 10.6969 1.4500
v -1.7652 10.6769 1.9900
v -1.7652 10.6769 2.6300
v -1.7652 10.7269 3.3200
v -1.7652 10.7269 3.9300
v -1.7752 11.1369 5.5700
v -1.7652 10.6469 4.4300
v -1.7752 10.9969 5.8100
v -1.7752 10.7969 5.9800
v -1.7652 10.5869 6.1100
v -1.7652 10.3569 6.2000
v -1.7652 10.1269 6.3300
v -1.7652 9.9169 6.4500
v -1.7652 9.6669 6.5200
v -1.7652 9.4669 6.5900
v -1.7552 9.2069 6.6900
v -1.7552 8.9169 6.6100
v -1.7552 8.5869 6.4200
v -1.7452 8.2269 6.2000
v -1.7452 7.8869 6.0300
v -1.7452 7.6369 6.1000
v -1.7452 7.4369 6.2100
v -1.7452 7.2269 6.3500
v -1.7452 7.0069 6.4500
v -1.7352 6.8069 6.6000
v -1.7352 6.6069 6.7100
v -1.7352 6.3869 6.8600
v -1.7352 6.1569 6.9800
v -1.7352 5.9569 7.1300
v -1.7352 5.7469 7.2700
v -1.7252 5.5169 7.4000
v -1.7252 5.2969 7.5500
v -1.7252 5.0969 7.6700
v -1.7252 4.9169 7.7900
v -1.7252 4.6769 7.8200
v -1.7152 4.3069 7.6000
v -1.7152 3.9569 7.3700
v -1.7152 3.5769 7.0800
v -1.7152 3.2269 6.8600
v -1.7052 2.9069 6.6900
v -1.7052 2.5069 6.4200
v -1.7052 2.1969 6.2600
v -1.6952 1.8469 6.0500
v -1.6952 1.5069 5.9200
v -1.6652 -1.8931 2.3100
v -1.6652 -2.1331 2.3600
v -1.6652 -2.4431 2.3300
v -1.6652 -2.7431 2.2900
v -1.6552 -3.0231 2.2500
v -1.6552 -3.3131 2.2100
v -1.6552 -3.5831 2.1900
v -1.6552 -3.8731 2.1600
v -1.9952 10.5169 0.5700
v -1.9952 10.5169 1.2000
v -1.9952 10.4969 1.8500
v -1.9952 10.5169 2.4600
v -1.9952 10.5269 3.1300
v -1.9952 10.5069 3.7400
v -2.0052 11.1169 5.7800
v -1.9952 10.4969 4.3300
v -2.0052 10.9469 5.9800
v -1.9952 10.7369 6.1200
v -1.9952 10.4869 6.1900
v -1.9952 10.2569 6.2600
v -1.9952 10.0269 6.3100
v -1.9952 9.7869 6.4000
v -1.9852 9.5469 6.4800
v -1.9852 9.3369 6.5700
v -1.9852 9.0669 6.5900
v -1.9852 8.7269 6.3300
v -1.9752 8.3169 6.0600
v -1.9752 8.0069 5.9300
v -1.9752 7.7269 5.9100
v -1.9752 7.5069 6.0500
v -1.9752 7.2969 6.1800
v -1.9652 7.0869 6.3100
v -1.9652 6.8569 6.4500
v -1.9652 6.6469 6.5800
v -1.9652 6.4469 6.7200
v -1.9652 6.2569 6.8200
v -1.9652 6.0469 6.9700
v -1.9552 5.8469 7.0900
v -1.9552 5.6369 7.1900
v -1.9552 5.4369 7.3300
v -1.9552 5.2269 7.4600
v -1.9552 5.0269 7.5900
v -1.9552 4.8369 7.7200
v -1.9552 4.6369 7.8200
v -1.9452 4.3169 7.7400
v -1.9452 3.8969 7.4200
v -1.9452 3.5769 7.2300
v -1.9352 3.2169 7.0100
v -1.9352 2.8769 6.8100
v -1.9352 2.4769 6.5300
v -1.9352 2.1469 6.3400
v -1.9252 1.7969 6.1700
v -1.8952 -2.0331 2.3400
v -1.8952 -2.3131 2.2900
v -1.8952 -2.5631 2.2700
v -1.8852 -2.8331 2.2400
v -1.8852 -3.1331 2.2000
v -1.8852 -3.4331 2.1400
v -1.8852 -3.7131 2.1500
v -2.2552 10.3269 0.4700
v -2.2552 10.3169 1.1100
v -2.2552 10.3069 1.7400
v -2.2552 10.2969 2.3000
v -2.2552 10.2769 2.8600
v -2.2552 10.2669 3.4400
v -2.2552 10.2769 4.1100
v -2.2552 10.8269 6.0000
v -2.2552 10.1469 4.4200
v -2.2552 10.5569 6.0200
v -2.2552 10.3469 6.0900
v -2.2552 10.1169 6.1700
v -2.2552 9.8869 6.2600
v -2.2452 9.6469 6.3600
v -2.2452 9.4269 6.4700
v -2.2452 9.1469 6.4300
v -2.2452 8.7369 6.1600
v -2.2352 8.3669 5.9600
v -2.2352 8.0269 5.7800
v -2.2352 7.7769 5.7500
v -2.2352 7.5669 5.8900
v -2.2252 7.3569 6.0000
v -2.2252 7.1669 6.1200
v -2.2252 6.9769 6.2200
v -2.2252 6.7469 6.3800
v -2.2252 6.5369 6.5100
v -2.2252 6.3469 6.6400
v -2.2252 6.1669 6.7400
v -2.2152 5.9569 6.8800
v -2.2152 5.7269 7.0100
v -2.2152 5.4969 7.1200
v -2.2152 5.3169 7.2700
v -2.2152 5.1169 7.3900
v -2.2152 4.9069 7.5100
v -2.2052 4.7069 7.6700
v -2.2052 4.5169 7.7900
v -2.2052 4.2469 7.8200
v -2.2052 3.8969 7.6200
v -2.2052 3.5669 7.4400
v -2.1952 3.1669 7.1500
v -2.1952 2.7969 6.8800
v -2.1952 2.4169 6.6800
v -2.1852 2.0469 6.4800
v -2.1552 -2.4431 2.2200
v -2.1452 -2.7331 2.2000
v -2.1452 -2.9831 2.2100
v -2.1452 -3.2631 2.1800
v -2.1452 -3.5631 2.1200
v -2.1452 -3.8131 2.1000
v -2.5052 10.0969 0.8200
v -2.5052 10.0569 1.2900
v -2.5052 10.0969 2.0300
v -2.5152 10.0969 2.6100
v -2.5052 10.0869 3.2700
v -2.5052 10.0369 3.8000
v -2.5152 10.6769 5.9200
v -2.5052 9.9869 4.3100
v -2.5152 10.4369 6.0100
v -2.5152 10.1969 6.0600
v -2.5052 9.9569 6.1400
v -2.5052 9.7369 6.2400
v -2.5052 9.5269 6.3500
v -2.5052 9.2469 6.2300
v -2.5052 8.8869 6.0100
v -2.4952 8.5469 5.8200
v -2.4952 8.1869 5.6400
v -2.4952 7.9069 5.5500
v -2.4952 7.6969 5.6400
v -2.4852 7.4869 5.7500
v -2.4852 7.3069 5.8900
v -2.4852 7.0769 6.0200
v -2.4852 6.8769 6.1600
v -2.4852 6.6669 6.3000
v -2.4852 6.4669 6.4100
v -2.4852 6.2869 6.5300
v -2.4752 6.0569 6.6600
v -2.4752 5.8469 6.7800
v -2.4752 5.6269 6.9200
v -2.4752 5.4369 7.0500
v -2.4752 5.2369 7.1500
v -2.4752 5.0169 7.3200
v -2.4652 4.7969 7.4500
v -2.4652 4.6169 7.6200
v -2.4652 4.3669 7.7200
v -2.4652 4.0369 7.5500
v -2.4552 3.6669 7.3700
v -2.4552 3.3269 7.1400
v -2.4552 3.0269 7.0100
v -2.4552 2.7169 6.8800
v -2.4452 2.4169 6.8400
v -2.4052 -2.5531 2.1400
v -2.4052 -2.8031 2.1800
v -2.4052 -3.1031 2.1300
v -2.4052 -3.4031 2.1000
v -2.4052 -3.6831 2.0900
v -2.7752 9.8669 0.8400
v -2.7752 9.8469 1.4200
v -2.7752 9.8369 2.0400
v -2.7752 9.8169 2.6000
v -2.7752 9.8369 3.2000
v -2.7752 9.7869 3.6700
v -2.7752 9.7769 4.2300
v -2.7852 10.2269 5.9700
v -2.7852 10.0069 6.0200
v -2.7752 9.8069 6.1300
v -2.7752 9.5969 6.2200
v -2.7752 9.2469 6.0300
v -2.7752 8.8769 5.8100
v -2.7652 8.5369 5.6000
v -2.7652 8.2169 5.4300
v -2.7652 7.9169 5.3500
v -2.7652 7.7169 5.4900
v -2.7652 7.5069 5.6200
v -2.7552 7.3169 5.7300
v -2.7552 7.0769 5.8600
v -2.7552 6.8869 6.0200
v -2.7552 6.6769 6.1200
v -2.7552 6.4869 6.2400
v -2.7552 6.2569 6.3800
v -2.7452 6.0269 6.5300
v -2.7452 5.8069 6.6700
v -2.7452 5.6169 6.8100
v -2.7452 5.3969 6.9200
v -2.7452 5.1969 7.0300
v -2.7452 4.9969 7.1600
v -2.7352 4.8069 7.2900
v -2.7352 4.5969 7.4200
v -2.7352 4.3769 7.5900
v -2.7352 3.9969 7.3500
v -2.7352 3.6969 7.2200
v -2.7252 3.3669 7.0400
v -2.7252 3.0169 6.8800
v -2.7252 2.7169 6.7900
v -2.7252 2.4769 6.8200
v -2.6752 -2.8031 2.1600
v -2.6752 -3.0631 2.1300
v -2.6752 -3.3531 2.0800
v -2.6752 -3.6631 2.0200
v -3.0552 9.6269 0.3900
v -3.0552 9.6169 0.9500
v -3.0552 9.5869 1.5200
v -3.0552 9.5669 2.0700
v -3.0552 9.5969 2.6900
v -3.0552 9.6169 3.3700
v -3.0552 9.6169 4.0500
v -3.0652 10.1769 5.9400
v -3.0552 9.5669 4.5200
v -3.0552 9.9469 6.0100
v -3.0552 9.7369 6.0900
v -3.0552 9.3869 5.8900
v -3.0552 9.0469 5.7000
v -3.0452 8.6569 5.4300
v -3.0452 8.3369 5.2500
v -3.0452 8.0569 5.1900
v -3.0452 7.8269 5.3000
v -3.0352 7.5969 5.4200
v -3.0352 7.3769 5.5400
v -3.0352 7.1669 5.7000
v -3.0352 6.9669 5.8100
v -3.0352 6.7469 5.9500
v -3.0352 6.5469 6.0700
v -3.0252 6.3369 6.1800
v -3.0252 6.1469 6.3100
v -3.0252 5.9269 6.4400
v -3.0252 5.7069 6.5700
v -3.0252 5.4969 6.7100
v -3.0252 5.2969 6.8500
v -3.0252 5.0769 6.9300
v -3.0152 4.8769 7.1100
v -3.0152 4.6969 7.2200
v -3.0152 4.4969 7.3800
v -3.0152 4.2069 7.3700
v -3.0152 3.8669 7.1500
v -3.0052 3.5169 6.9600
v -3.0052 3.1769 6.8200
v -3.0052 2.9169 6.7900
v -2.9552 -2.9731 1.9300
v -2.9552 -3.1931 2.0300
v -2.9552 -3.4731 2.0100
v -2.9452 -3.7731 2.0000
v -3.2652 9.4169 0.7900
v -3.2652 9.4069 1.3700
v -3.2652 9.4669 2.1200
v -3.2652 9.4869 2.8100
v -3.2652 9.4769 3.3700
v -3.2652 9.4069 3.7600
v -3.2652 10.0169 5.8500
v -3.2652 9.3969 4.4100
v -3.2652 9.7769 5.9700
v -3.2652 9.4169 5.7700
v -3.2652 9.0869 5.5600
v -3.2552 8.7069 5.3200
v -3.2552 8.3369 5.1300
v -3.2552 8.0569 5.0600
v -3.2552 7.8669 5.1200
v -3.2452 7.6569 5.2800
v -3.2452 7.4369 5.4000
v -3.2452 7.2169 5.5500
v -3.2452 7.0169 5.6700
v -3.2452 6.8069 5.7900
v -3.2452 6.5969 5.9200
v -3.2452 6.3769 6.0700
v -3.2352 6.1969 6.1800
v -3.2352 5.9869 6.3000
v -3.2352 5.7769 6.4600
v -3.2352 5.5569 6.5600
v -3.2352 5.3469 6.7100
v -3.2252 5.1269 6.8300
v -3.2252 4.9369 6.9600
v -3.2252 4.7169 7.1100
v -3.2252 4.4969 7.2600
v -3.2252 4.2269 7.2300
v -3.2252 3.8869 7.0200
v -3.2152 3.5369 6.8700
v -3.2152 3.2269 6.8100
v -3.2152 2.9769 6.8200
v -3.1652 -3.1631 2.0200
v -3.1652 -3.4231 1.9900
v -3.1552 -3.6831 1.9800
v -3.4452 9.2769 0.3000
v -3.4452 9.2769 0.9700
v -3.4352 9.1769 1.3900
v -3.4452 9.4869 2.7100
v -3.4352 9.0769 1.7600
v -3.4452 9.4269 3.2000
v -3.4352 8.8069 1.7400
v -3.4452 9.3069 3.5100
v -3.4452 9.2469 3.9600
v -3.4452 9.7569 5.7200
v -3.4452 9.2269 4.4900
v -3.4452 9.4369 5.6300
v -3.4452 9.0869 5.4700
v -3.4352 8.6969 5.1700
v -3.4352 8.3669 5.0300
v -3.4352 8.0769 4.9400
v -3.4252 7.8469 5.0600
v -3.4252 7.6569 5.1700
v -3.4252 7.4569 5.3000
v -3.4252 7.2469 5.4400
v -3.4252 7.0469 5.5300
v -3.4252 6.8269 5.6800
v -3.4252 6.6069 5.8400
v -3.4152 6.4069 5.9500
v -3.4152 6.1869 6.0800
v -3.4152 5.9669 6.2100
v -3.4152 5.7569 6.3400
v -3.4152 5.5569 6.4800
v -3.4152 5.3269 6.5900
v -3.4052 5.1269 6.7300
v -3.4052 4.9269 6.8800
v -3.4052 4.7269 6.9900
v -3.4052 4.5069 7.1400
v -3.4052 4.2469 7.1200
v -3.3952 3.8969 6.9300
v -3.3952 3.5569 6.8200
v -3.3952 3.3069 6.8200
v -3.3452 -3.3431 1.8900
v -3.3352 -3.5731 1.9800
v -3.3352 -3.8431 1.9800
v -3.6952 9.0169 0.4500
v -3.6952 9.0169 1.0800
v -3.6952 8.9669 1.5900
v -3.6952 8.7969 1.7300
v -3.6952 9.1669 3.2300
v -3.6952 8.9969 3.5000
v -3.6952 9.5369 5.3400
v -3.6952 8.9869 4.0500
v -3.6952 9.2969 5.3300
v -3.6952 8.9369 5.1800
v -3.6952 8.5769 4.9700
v -3.6852 8.2469 4.7900
v -3.6852 7.9769 4.8200
v -3.6852 7.7769 4.9400
v -3.6852 7.5569 5.1000
v -3.6852 7.3569 5.2200
v -3.6852 7.1369 5.3500
v -3.6752 6.9469 5.4700
v -3.6752 6.7069 5.6100
v -3.6752 6.4969 5.7400
v -3.6752 6.3169 5.8900
v -3.6752 6.0869 5.9900
v -3.6752 5.8669 6.1400
v -3.6652 5.6569 6.2500
v -3.6652 5.4669 6.3900
v -3.6652 5.2369 6.5000
v -3.6652 5.0369 6.6400
v -3.6652 4.8169 6.7800
v -3.6652 4.6369 6.9200
v -3.6552 4.4469 7.0500
v -3.6552 4.0669 6.9100
v -3.6552 3.7469 6.8200
v -3.6552 3.4969 6.8300
v -4.0352 8.7669 0.9500
v -4.0352 8.6869 1.3700
v -4.0352 8.5369 1.7200
v -4.0352 8.9269 3.2300
v -4.0452 9.3769 4.9200
v -4.0352 8.7469 3.4500
v -4.0352 9.1569 4.9700
v -4.0352 8.6869 3.8900
v -4.0352 8.7769 4.7800
v -4.0352 8.4669 4.6400
v -4.0352 8.1469 4.5500
v -4.0352 7.9269 4.6700
v -4.0252 7.7269 4.8000
v -4.0252 7.5169 4.9200
v -4.0252 7.3069 5.0500
v -4.0252 7.0969 5.1900
v -4.0252 6.8969 5.3300
v -4.0252 6.6769 5.4600
v -4.0152 6.4669 5.5800
v -4.0152 6.2669 5.7000
v -4.0152 6.0569 5.8100
v -4.0152 5.8269 5.9400
v -4.0152 5.6169 6.0900
v -4.0152 5.4069 6.2500
v -4.0052 5.1869 6.3800
v -4.0052 4.9669 6.5100
v -4.0052 4.7669 6.6800
v -4.0052 4.5769 6.8100
v -4.0052 4.3569 6.8900
v -4.0052 4.0669 6.7900
v -4.3252 8.4369 0.3500
v -4.3252 8.4769 1.0700
v -4.3252 8.3869 1.4300
v -4.3252 8.3069 1.8800
v -4.3252 8.6269 3.2500
v -4.3252 8.9369 4.6200
v -4.3252 8.4169 3.4200
v -4.3252 8.6769 4.5700
v -4.3252 8.3369 4.3900
v -4.3152 8.0569 4.4200
v -4.3152 7.8569 4.5400
v -4.3152 7.6569 4.7000
v -4.3152 7.4569 4.8100
v -4.3152 7.2469 4.9600
v -4.3152 7.0169 5.0800
v -4.3052 6.7969 5.2100
v -4.3052 6.5869 5.3500
v -4.3052 6.3669 5.4900
v -4.3052 6.1269 5.6000
v -4.3052 5.9469 5.7500
v -4.3052 5.7469 5.8600
v -4.2952 5.5369 5.9800
v -4.2952 5.3469 6.1200
v -4.2952 5.1569 6.2500
v -4.2952 4.9469 6.4000
v -4.2952 4.7569 6.5300
v -4.2952 4.5569 6.6800
v -4.2852 4.3769 6.8400
v -4.4852 8.3469 0.8900
v -4.4852 8.2469 1.3000
v -4.4852 8.2069 1.8000
v -4.4852 8.5169 3.1400
v -4.4852 8.7669 4.3800
v -4.4852 8.3269 3.3600
v -4.4852 8.4469 4.2900
v -4.4852 8.1669 4.2900
v -4.4852 7.9469 4.4300
v -4.4852 7.7269 4.5600
v -4.4752 7.5369 4.6900
v -4.4752 7.3469 4.8100
v -4.4752 7.1369 4.9200
v -4.4752 6.9369 5.0600
v -4.4752 6.7469 5.1700
v -4.4752 6.5169 5.2800
v -4.4652 6.3169 5.4200
v -4.4652 6.1069 5.5500
v -4.4652 5.9169 5.6700
v -4.4652 5.7169 5.7800
v -4.4652 5.4969 5.9300
v -4.4652 5.2969 6.0800
v -4.4552 5.0969 6.1900
v -4.4552 4.9069 6.3500
v -4.4552 4.7169 6.4800
v -4.4552 4.5169 6.6600
v -4.6252 8.2569 0.8300
v -4.6252 8.1669 1.2800
v -4.6252 8.1569 1.8700
v -4.6252 8.1369 2.4100
v -4.6252 8.6069 4.1100
v -4.6252 8.3769 4.1800
v -4.6252 8.1269 4.2300
v -4.6252 7.9569 4.3700
v -4.6252 7.7369 4.4800
v -4.6152 7.5469 4.6100
v -4.6152 7.3369 4.7300
v -4.6152 7.1269 4.8500
v -4.6152 6.9369 4.9500
v -4.6152 6.7169 5.0900
v -4.6152 6.4869 5.2300
v -4.6052 6.2969 5.3600
v -4.6052 6.0969 5.4700
v -4.6052 5.9169 5.5800
v -4.6052 5.6769 5.7500
v -4.6052 5.4869 5.8900
v -4.6052 5.2669 6.0000
v -4.5952 5.0869 6.1600
v -4.5952 4.8869 6.3000
v -4.5952 4.6669 6.4800
v -4.8552 8.0569 0.4200
v -4.8552 8.0169 1.0000
v -4.8552 8.0069 1.5700
v -4.8552 8.0169 2.1600
v -4.8552 8.4869 3.8400
v -4.8552 7.9069 2.5000
v -4.8552 8.3269 4.0200
v -4.8552 8.0869 4.1500
v -4.8552 7.8769 4.2800
v -4.8552 7.6969 4.4100
v -4.8452 7.4769 4.5200
v -4.8452 7.2669 4.6500
v -4.8452 7.0469 4.7700
v -4.8452 6.8669 4.9000
v -4.8452 6.6469 5.0300
v -4.8452 6.4169 5.1400
v -4.8352 6.2269 5.2800
v -4.8352 6.0269 5.4200
v -4.8352 5.7969 5.5300
v -4.8352 5.5769 5.6900
v -4.8352 5.3669 5.8400
v -4.8352 5.1869 5.9700
v -4.8252 4.9869 6.1500
v -5.1252 7.8469 0.7100
v -5.1252 7.8169 1.2700
v -5.1252 7.7769 1.8300
v -5.1252 8.3769 3.7900
v -5.1152 7.7369 2.3000
v -5.1252 8.1769 3.9500
v -5.1252 7.9769 4.0900
v -5.1252 7.7869 4.2100
v -5.1152 7.5569 4.3400
v -5.1152 7.3369 4.4400
v -5.1152 7.1069 4.5800
v -5.1152 6.8869 4.7300
v -5.1152 6.6969 4.8700
v -5.1152 6.4769 4.9800
v -5.1052 6.2869 5.1300
v -5.1052 6.0869 5.2700
v -5.1052 5.8869 5.3800
v -5.1052 5.6569 5.5100
v -5.1052 5.4669 5.6600
v -5.1052 5.2669 5.8600
v -5.0252 -3.7731 2.9300
v -5.3652 7.6269 0.9600
v -5.3652 7.6369 1.6200
v -5.3652 7.6069 2.1500
v -5.3752 8.0869 3.8800
v -5.3652 7.4469 2.3800
v -5.3752 7.8569 4.0100
v -5.3652 7.6569 4.1300
v -5.3652 7.4669 4.2600
v -5.3652 7.2669 4.3900
v -5.3652 7.0369 4.4900
v -5.3652 6.8269 4.6500
v -5.3652 6.6069 4.7800
v -5.3652 6.4169 4.9200
v -5.3552 6.2269 5.0500
v -5.3552 5.9969 5.1600
v -5.3552 5.7969 5.3100
v -5.3552 5.6169 5.4500
v -5.3552 5.4369 5.6500
v -5.2852 -3.5231 2.9200
v -5.2752 -3.7031 3.1100
v -5.2752 -3.7931 3.5400
v -5.2752 -3.7331 4.2500
v -5.2752 -3.7531 4.7700
v -5.2752 -3.7631 5.3300
v -5.2752 -3.8131 5.8000
v -5.2752 -3.8931 6.2600
v -5.6152 7.3769 0.5400
v -5.6152 7.3669 1.1600
v -5.6152 7.3469 1.7700
v -5.6152 7.9469 3.8100
v -5.6152 7.2669 2.2400
v -5.6152 7.7769 3.9400
v -5.6152 7.5569 4.0600
v -5.6152 7.3269 4.2000
v -5.6152 7.1269 4.2900
v -5.6152 6.9469 4.4500
v -5.6052 6.7269 4.5800
v -5.6052 6.5169 4.7000
v -5.6052 6.2969 4.8400
v -5.6052 6.0869 4.9800
v -5.6052 5.9069 5.1300
v -5.5252 -3.2831 2.9500
v -5.5252 -3.4331 3.2600
v -5.5252 -3.4531 3.8300
v -5.5252 -3.4731 4.3200
v -5.5252 -3.4431 5.0200
v -5.5252 -3.5031 5.4600
v -5.5252 -3.5731 5.9000
v -5.5252 -3.6831 6.1800
v -5.8652 7.1669 0.7000
v -5.8652 7.1969 1.4100
v -5.8652 7.1469 1.9000
v -5.8752 7.7069 3.8100
v -5.8652 7.0769 2.3400
v -5.8652 7.5069 3.9700
v -5.8652 7.2869 4.0800
v -5.8652 7.0869 4.2500
v -5.8652 6.8669 4.3600
v -5.8652 6.6569 4.5100
v -5.8652 6.4569 4.6500
v -5.8552 6.2269 4.7800
v -5.8552 6.0569 5.0000
v -5.7852 -3.0331 2.9300
v -5.7852 -3.1831 3.2000
v -5.7852 -3.2231 3.7400
v -5.7852 -3.1831 4.3700
v -5.7852 -3.1531 5.0200
v -5.7852 -3.1831 5.6200
v -5.7852 -3.2731 6.0100
v -5.7852 -3.4931 6.1400
v -5.7752 -3.8731 5.9200
v -6.0752 7.0469 0.5700
v -6.0752 7.0369 1.0600
v -6.0752 7.0369 1.7600
v -6.0752 7.6169 3.7600
v -6.0752 6.9769 2.2800
v -6.0752 7.4469 3.8800
v -6.0752 7.2369 4.0300
v -6.0752 7.0169 4.1600
v -6.0652 6.7969 4.3100
v -6.0652 6.6069 4.4600
v -6.0652 6.3969 4.5800
v -5.9852 -3.1331 1.5100
v -5.9952 -2.8031 2.9200
v -5.9952 -2.9331 3.2300
v -5.9952 -2.9631 3.7100
v -5.9952 -2.9431 4.4200
v -5.9952 -2.9631 4.9500
v -5.9952 -2.9931 5.4700
v -5.9952 -3.0631 5.8600
v -5.9852 -3.1431 6.3100
v -5.9852 -3.5931 5.9300
v -5.9852 -3.8931 5.9100
v -6.1752 -2.9931 0.4900
v -6.1752 -2.9531 1.1300
v -6.1752 -2.9731 1.6800
v -6.1752 -2.6431 3.0100
v -6.1752 -2.6931 3.5500
v -6.1752 -2.7431 4.0400
v -6.1752 -2.7531 4.6900
v -6.1752 -2.6931 5.3700
v -6.1752 -2.8031 5.7200
v -6.1752 -2.8831 6.1500
v -6.1752 -3.1431 6.1200
v -6.1752 -3.4831 5.9500
v -6.1752 -3.7831 5.9200
v -10.2352 -11.3531 6.3400
v -10.2352 -11.1431 6.3500
v -10.2452 -10.9031 6.3700
v -10.2452 -10.6731 6.3000
v -10.2452 -10.4631 5.8600
v -10.2452 -10.2731 5.8400
v -10.2452 -10.0331 5.8200
v -10.2452 -9.7931 5.8400
v -10.2552 -9.5831 5.8300
v -10.2552 -9.3531 5.8500
v -10.2552 -9.1231 5.8400
v -10.2552 -8.9231 5.8700
v -10.2552 -8.6731 5.8600
v -10.2652 -8.4531 5.8700
v -10.2652 -8.2131 5.8800
v -10.2652 -7.9731 5.8700
v -10.2652 -7.7531 5.9000
v -10.2652 -7.5231 5.8900
v -10.2752 -7.3131 5.9000
v -10.2752 -7.0831 5.9100
v -10.2752 -6.8731 5.9400
v -10.2752 -6.6531 5.9300
v -10.2752 -6.4031 5.9300
v -10.2852 -6.1631 5.9500
v -10.2852 -5.9631 5.9500
v -10.2852 -5.7331 5.9500
v -10.2852 -5.5031 5.9700
v -10.2852 -5.2831 5.9800
v -10.0852 -11.4231 6.4000
v -10.0952 -11.1831 6.3500
v -10.0952 -10.9731 6.3200
v -10.0952 -10.7431 5.9800
v -10.0952 -10.5431 5.8200
v -10.0952 -10.3231 5.8200
v -10.1052 -10.0831 5.8200
v -10.1052 -9.8431 5.8100
v -10.1052 -9.6131 5.8400
v -10.1052 -9.3831 5.8200
v -10.1052 -9.1731 5.8400
v -10.1152 -8.9231 5.8500
v -10.1152 -8.7031 5.8600
v -10.1152 -8.5031 5.8600
v -10.1152 -8.2931 5.8600
v -10.1152 -8.0431 5.8800
v -10.1152 -7.8031 5.8800
v -10.1252 -7.5731 5.8900
v -10.1252 -7.3731 5.8900
v -10.1252 -7.1431 5.9200
v -10.1252 -6.9131 5.9200
v -10.1252 -6.6831 5.9200
v -10.1352 -6.4731 5.9300
v -10.1352 -6.2331 5.9400
v -10.1352 -6.0131 5.9500
v -10.1352 -5.7831 5.9500
v -10.1352 -5.5631 5.9600
v -10.1452 -5.3331 5.9700
v -10.1452 -5.0931 5.9800
v -9.9152 -11.7331 6.3500
v -9.9152 -11.5131 6.3500
v -9.9152 -11.2531 6.3500
v -9.9252 -11.0231 6.2500
v -9.9252 -10.8131 5.8100
v -9.9252 -10.6031 5.8200
v -9.9252 -10.3631 5.8000
v -9.9252 -10.1431 5.8100
v -9.9352 -9.9231 5.8300
v -9.9352 -9.7231 5.8400
v -9.9352 -9.4831 5.8400
v -9.9352 -9.2431 5.8300
v -9.9352 -9.0131 5.8200
v -9.9452 -8.7931 5.8600
v -9.9452 -8.5731 5.8700
v -9.9452 -8.3431 5.8700
v -9.9452 -8.1231 5.8700
v -9.9452 -7.9131 5.8600
v -9.9452 -7.6931 5.8800
v -9.9552 -7.4531 5.9000
v -9.9552 -7.2131 5.9000
v -9.9552 -6.9931 5.9300
v -9.9552 -6.7731 5.9200
v -9.9552 -6.5231 5.9300
v -9.9652 -6.2831 5.9300
v -9.9652 -6.0631 5.9500
v -9.9652 -5.8431 5.9600
v -9.9652 -5.6131 5.9600
v -9.9652 -5.3731 5.9500
v -9.9752 -5.1631 5.9700
v -9.6652 -11.6531 6.3200
v -9.6652 -11.4431 6.2200
v -9.6652 -11.1931 5.8800
v -9.6652 -10.9631 5.7900
v -9.6752 -10.7531 5.7900
v -9.6752 -10.5231 5.8200
v -9.6752 -10.3031 5.7900
v -9.6752 -10.0631 5.8100
v -9.6752 -9.8631 5.8200
v -9.6752 -9.6431 5.8300
v -9.6852 -9.4031 5.8400
v -9.6852 -9.1731 5.8300
v -9.6852 -8.9531 5.8400
v -9.6852 -8.7131 5.8500
v -9.6852 -8.5031 5.8500
v -9.6952 -8.2631 5.8300
v -9.6952 -8.0231 5.8600
v -9.6952 -7.8031 5.8800
v -9.6952 -7.5931 5.8800
v -9.6952 -7.3331 5.8800
v -9.7052 -7.1031 5.9100
v -9.7052 -6.9031 5.9000
v -9.7052 -6.6731 5.9100
v -9.7052 -6.4331 5.9200
v -9.7052 -6.1931 5.9300
v -9.7152 -5.9931 5.9300
v -9.7152 -5.7531 5.9400
v -9.7152 -5.5231 5.9600
v -9.7152 -5.2931 5.9600
v -9.7152 -5.0931 5.9600
v -9.4152 -11.6231 5.7100
v -9.4152 -11.4031 5.7300
v -9.4152 -11.2131 5.7600
v -9.4152 -10.9531 5.8000
v -9.4252 -10.7331 5.7900
v -9.4252 -10.5031 5.7900
v -9.4252 -10.2631 5.8100
v -9.4252 -10.0531 5.8100
v -9.4252 -9.8031 5.7900
v -9.4352 -9.5931 5.8100
v -9.4352 -9.3431 5.8300
v -9.4352 -9.1331 5.8400
v -9.4352 -8.8831 5.8400
v -9.4352 -8.6631 5.8600
v -9.4452 -8.4431 5.8600
v -9.4452 -8.2231 5.8700
v -9.4452 -7.9831 5.8600
v -9.4452 -7.7431 5.8400
v -9.4452 -7.5331 5.8800
v -9.4552 -7.3031 5.8900
v -9.4552 -7.0731 5.8800
v -9.4552 -6.8431 5.9000
v -9.4552 -6.6331 5.9200
v -9.4552 -6.4131 5.9000
v -9.4552 -6.1531 5.9200
v -9.4652 -5.9231 5.9200
v -9.4652 -5.6831 5.9500
v -9.4652 -5.4631 5.9600
v -9.4652 -5.2131 5.9400
v -9.2252 -11.2631 5.7000
v -9.2252 -11.0331 5.7500
v -9.2252 -10.8031 5.7800
v -9.2252 -10.5731 5.7800
v -9.2352 -10.3531 5.8000
v -9.2352 -10.1231 5.8000
v -9.2352 -9.9031 5.8100
v -9.2352 -9.6731 5.8100
v -9.2352 -9.4431 5.8200
v -9.2352 -9.2231 5.8200
v -9.2452 -8.9831 5.8400
v -9.2452 -8.7631 5.8200
v -9.2452 -8.5431 5.8500
v -9.2452 -8.3231 5.8100
v -9.2452 -8.0731 5.8500
v -9.2552 -7.8431 5.8500
v -9.2552 -7.6131 5.8500
v -9.2552 -7.3731 5.8800
v -9.2552 -7.1431 5.8800
v -9.2552 -6.8931 5.9100
v -9.2652 -6.6931 5.9000
v -9.2652 -6.4731 5.9200
v -9.2652 -6.2531 5.9200
v -9.2652 -6.0331 5.9100
v -9.2652 -5.8131 5.9200
v -9.2652 -5.5931 5.9500
v -9.2752 -5.3731 5.9500
v -9.2752 -5.1531 5.9600
v -9.0352 -11.1831 5.6700
v -9.0352 -10.9531 5.7500
v -9.0452 -10.7431 5.7800
v -9.0452 -10.5231 5.7800
v -9.0452 -10.2831 5.8000
v -9.0452 -10.0431 5.8100
v -9.0452 -9.8431 5.7900
v -9.0552 -9.6031 5.8100
v -9.0552 -9.3531 5.8200
v -9.0552 -9.1231 5.8200
v -9.0552 -8.8931 5.8200
v -9.0552 -8.6831 5.8400
v -9.0652 -8.4131 5.8300
v -9.0652 -8.1931 5.8300
v -9.0652 -7.9931 5.8400
v -9.0652 -7.7931 5.8600
v -9.0652 -7.5431 5.8600
v -9.0652 -7.3231 5.8800
v -9.0752 -7.1131 5.8700
v -9.0752 -6.9031 5.8700
v -9.0752 -6.6731 5.8900
v -9.0752 -6.4431 5.9000
v -9.0752 -6.2331 5.9100
v -9.0852 -6.0231 5.9100
v -9.0852 -5.7631 5.9300
v -9.0852 -5.5431 5.9500
v -9.0852 -5.3331 5.9300
v -9.0852 -5.1231 5.9600
v -8.8052 -11.0531 5.7000
v -8.8052 -10.8331 5.7100
v -8.8052 -10.5831 5.7600
v -8.8052 -10.3331 5.7700
v -8.8052 -10.0931 5.8000
v -8.8152 -9.8831 5.8000
v -8.8152 -9.6731 5.8000
v -8.8152 -9.4431 5.7900
v -8.8152 -9.2231 5.8100
v -8.8152 -9.0131 5.8000
v -8.8252 -8.8031 5.8300
v -8.8252 -8.5631 5.8300
v -8.8252 -8.3331 5.8500
v -8.8252 -8.1231 5.8300
v -8.8252 -7.9131 5.8400
v -8.8252 -7.7031 5.8600
v -8.8352 -7.4631 5.8600
v -8.8352 -7.2231 5.8700
v -8.8352 -7.0131 5.8800
v -8.8352 -6.7831 5.8900
v -8.8352 -6.5731 5.8900
v -8.8452 -6.3231 5.8900
v -8.8452 -6.1131 5.9300
v -8.8452 -5.8931 5.9100
v -8.8452 -5.6631 5.9300
v -8.8452 -5.4431 5.9100
v -8.8552 -5.2131 5.9500
v -8.5552 -10.7631 5.7200
v -8.5652 -10.5531 5.7200
v -8.5652 -10.3231 5.7700
v -8.5652 -10.1031 5.7700
v -8.5652 -9.8831 5.8000
v -8.5652 -9.6631 5.7900
v -8.5752 -9.4531 5.8100
v -8.5752 -9.2231 5.8000
v -8.5752 -8.9831 5.8000
v -8.5752 -8.7631 5.8200
v -8.5752 -8.5731 5.8300
v -8.5852 -8.3331 5.8300
v -8.5852 -8.0931 5.8200
v -8.5852 -7.8731 5.8300
v -8.5852 -7.6331 5.8400
v -8.5852 -7.4331 5.8400
v -8.5852 -7.2131 5.8800
v -8.5952 -6.9731 5.8800
v -8.5952 -6.7631 5.9000
v -8.5952 -6.5131 5.8700
v -8.5952 -6.2731 5.9100
v -8.5952 -6.0531 5.9000
v -8.6052 -5.8231 5.9000
v -8.6052 -5.6031 5.9200
v -8.6052 -5.3831 5.9400
v -8.6052 -5.1631 5.9300
v -8.3252 -10.6731 5.5200
v -8.3352 -10.4331 5.6800
v -8.3352 -10.2331 5.7600
v -8.3352 -10.0031 5.7800
v -8.3352 -9.7831 5.8000
v -8.3352 -9.5531 5.8000
v -8.3352 -9.3631 5.7800
v -8.3452 -9.1031 5.8000
v -8.3452 -8.8831 5.7800
v -8.3452 -8.6631 5.8200
v -8.3452 -8.4531 5.8100
v -8.3452 -8.1931 5.8200
v -8.3552 -7.9531 5.8300
v -8.3552 -7.7231 5.8400
v -8.3552 -7.5131 5.8600
v -8.3552 -7.2631 5.8600
v -8.3552 -7.0531 5.8500
v -8.3652 -6.8431 5.8400
v -8.3652 -6.6331 5.8700
v -8.3652 -6.3931 5.8900
v -8.3652 -6.1431 5.8700
v -8.3652 -5.9131 5.9000
v -8.3752 -5.7031 5.9100
v -8.3752 -5.4831 5.9200
v -8.3752 -5.2431 5.9400
v -8.0752 -10.2731 5.7300
v -8.0852 -10.0431 5.7600
v -8.0852 -9.8131 5.7700
v -8.0852 -9.5831 5.7900
v -8.0852 -9.3231 5.7800
v -8.0852 -9.1131 5.7900
v -8.0952 -8.8931 5.7900
v -8.0952 -8.6731 5.8000
v -8.0952 -8.4531 5.7900
v -8.0952 -8.2331 5.8200
v -8.0952 -8.0031 5.8200
v -8.0952 -7.7631 5.8400
v -8.1052 -7.5231 5.8300
v -8.1052 -7.3131 5.8500
v -8.1052 -7.1031 5.8500
v -8.1052 -6.8631 5.8700
v -8.1052 -6.6631 5.8600
v -8.1152 -6.4231 5.8700
v -8.1152 -6.1831 5.8900
v -8.1152 -5.9831 5.9000
v -8.1152 -5.7631 5.8700
v -8.1152 -5.5031 5.8900
v -8.1252 -5.2931 5.9100
v -7.8052 -10.1131 5.6800
v -7.8052 -9.9031 5.7400
v -7.8052 -9.6631 5.7600
v -7.8052 -9.4331 5.7900
v -7.8052 -9.1931 5.7900
v -7.8152 -8.9831 5.7900
v -7.8152 -8.7631 5.8100
v -7.8152 -8.5131 5.8100
v -7.8152 -8.3031 5.8200
v -7.8152 -8.0931 5.8100
v -7.8152 -7.8831 5.8200
v -7.8252 -7.6431 5.8200
v -7.8252 -7.4031 5.8400
v -7.8252 -7.1731 5.8500
v -7.8252 -6.9831 5.8400
v -7.8252 -6.7231 5.8400
v -7.8352 -6.4731 5.8800
v -7.8352 -6.2431 5.8700
v -7.8352 -6.0431 5.8800
v -7.8352 -5.7831 5.8800
v -7.8352 -5.5431 5.8900
v -7.8452 -5.3431 5.9000
v -7.8452 -5.1331 5.9100
v -7.5852 -9.9231 5.6700
v -7.5852 -9.7131 5.7400
v -7.5952 -9.4831 5.7700
v -7.5952 -9.2531 5.7800
v -7.5952 -9.0231 5.7800
v -7.5952 -8.7831 5.7900
v -7.5952 -8.5931 5.7900
v -7.6052 -8.3331 5.8000
v -7.6052 -8.0931 5.8000
v -7.6052 -7.8531 5.8100
v -7.6052 -7.6531 5.8400
v -7.6052 -7.4131 5.8300
v -7.6152 -7.1731 5.8400
v -7.6152 -6.9531 5.8400
v -7.6152 -6.7431 5.8500
v -7.6152 -6.5031 5.8700
v -7.6152 -6.2731 5.8700
v -7.6252 -6.0531 5.8700
v -7.6252 -5.8131 5.8800
v -7.6252 -5.6031 5.8900
v -7.6252 -5.3731 5.8900
v -7.6252 -5.1431 5.9000
v -7.4452 -9.9931 5.6600
v -7.4452 -9.7531 5.6900
v -7.4452 -9.5231 5.7500
v -7.4552 -9.3031 5.7900
v -7.4552 -9.0631 5.7800
v -7.4552 -8.8331 5.7900
v -7.4552 -8.6031 5.8000
v -7.4552 -8.4031 5.8000
v -7.4652 -8.1531 5.8000
v -7.4652 -7.9131 5.8000
v -7.4652 -7.6931 5.8200
v -7.4652 -7.4731 5.8200
v -7.4652 -7.2631 5.8500
v -7.4652 -7.0131 5.8300
v -7.4752 -6.7931 5.8700
v -7.4752 -6.5631 5.8600
v -7.4752 -6.3331 5.8600
v -7.4752 -6.0931 5.8700
v -7.4752 -5.8531 5.8700
v -7.4852 -5.6431 5.8900
v -7.4852 -5.3831 5.8900
v -7.4852 -5.1731 5.8900
v -7.2752 -9.9631 5.6800
v -7.2852 -9.7631 5.7200
v -7.2852 -9.5231 5.7400
v -7.2852 -9.2831 5.7500
v -7.2852 -9.0531 5.7800
v -7.2852 -8.8431 5.7700
v -7.2952 -8.6231 5.7900
v -7.2952 -8.3731 5.8000
v -7.2952 -8.1531 5.7900
v -7.2952 -7.9331 5.7900
v -7.2952 -7.7031 5.8100
v -7.3052 -7.4531 5.8200
v -7.3052 -7.2231 5.8300
v -7.3052 -6.9931 5.8400
v -7.3052 -6.7631 5.8500
v -7.3052 -6.5331 5.8500
v -7.3152 -6.3131 5.8600
v -7.3152 -6.1031 5.8600
v -7.3152 -5.8931 5.8500
v -7.3152 -5.6831 5.8800
v -7.3152 -5.4331 5.8500
v -7.3252 -5.2131 5.8800
v -7.0352 -9.8031 5.6700
v -7.0452 -9.5531 5.7100
v -7.0452 -9.3131 5.7400
v -7.0452 -9.0731 5.7600
v -7.0452 -8.8531 5.7500
v -7.0452 -8.6131 5.7800
v -7.0552 -8.3631 5.7800
v -7.0552 -8.1531 5.8000
v -7.0552 -7.9531 5.8000
v -7.0552 -7.7331 5.8000
v -7.0552 -7.5031 5.8000
v -7.0652 -7.2931 5.8000
v -7.0652 -7.0631 5.8200
v -7.0652 -6.8531 5.8400
v -7.0652 -6.6331 5.8400
v -7.0652 -6.4131 5.8400
v -7.0752 -6.1831 5.8400
v -7.0752 -5.9631 5.8600
v -7.0752 -5.7331 5.8500
v -7.0752 -5.5031 5.8700
v -7.0752 -5.2831 5.8700
v -6.8052 -9.7331 5.6400
v -6.8052 -9.5131 5.7100
v -6.8052 -9.3031 5.7600
v -6.8052 -9.0731 5.7700
v -6.8052 -8.8531 5.7600
v -6.8152 -8.6231 5.7700
v -6.8152 -8.4131 5.7800
v -6.8152 -8.2031 5.7800
v -6.8152 -7.9831 5.8000
v -6.8152 -7.7631 5.8000
v -6.8152 -7.5531 5.8100
v -6.8252 -7.3031 5.8000
v -6.8252 -7.0731 5.8200
v -6.8252 -6.8731 5.8200
v -6.8252 -6.6631 5.8200
v -6.8252 -6.4131 5.8300
v -6.8352 -6.1931 5.8300
v -6.8352 -5.9531 5.8400
v -6.8352 -5.7431 5.8500
v -6.8352 -5.5331 5.8600
v -6.8352 -5.2931 5.8600
v -6.6152 -9.5331 5.7100
v -6.6252 -9.3431 5.7100
v -6.6252 -9.0831 5.7300
v -6.6252 -8.8331 5.7600
v -6.6252 -8.6431 5.7600
v -6.6252 -8.4331 5.7700
v -6.6252 -8.2031 5.7800
v -6.6352 -7.9531 5.7800
v -6.6352 -7.7431 5.7700
v -6.6352 -7.5331 5.7900
v -6.6352 -7.2931 5.8000
v -6.6352 -7.0731 5.8100
v -6.6452 -6.8431 5.8300
v -6.6452 -6.6031 5.8200
v -6.6452 -6.3731 5.8600
v -6.6452 -6.1331 5.8000
v -6.6452 -5.9131 5.8600
v -6.6552 -5.7031 5.8400
v -6.6552 -5.4631 5.8500
v -6.6552 -5.2531 5.8600
v -6.4452 -9.2631 5.6400
v -6.4452 -9.0231 5.7200
v -6.4452 -8.8131 5.7400
v -6.4452 -8.6131 5.7500
v -6.4452 -8.3431 5.7800
v -6.4552 -8.1131 5.7900
v -6.4552 -7.8831 5.7900
v -6.4552 -7.6531 5.8000
v -6.4552 -7.4331 5.7900
v -6.4552 -7.1931 5.7900
v -6.4652 -6.9831 5.8100
v -6.4652 -6.7731 5.8200
v -6.4652 -6.5531 5.8100
v -6.4652 -6.3031 5.8400
v -6.4652 -6.0831 5.8300
v -6.4652 -5.8531 5.8400
v -6.4752 -5.6431 5.8400
v -6.4752 -5.4031 5.8400
v -6.4752 -5.1731 5.8500
v -6.2152 -9.1231 5.6400
v -6.2152 -8.9131 5.6800
v -6.2152 -8.6931 5.7600
v -6.2152 -8.4631 5.7500
v -6.2152 -8.2331 5.7600
v -6.2252 -8.0331 5.7800
v -6.2252 -7.8031 5.7800
v -6.2252 -7.5631 5.7900
v -6.2252 -7.3231 5.8000
v -6.2252 -7.1131 5.8100
v -6.2252 -6.8931 5.8100
v -6.2352 -6.6531 5.8000
v -6.2352 -6.4231 5.8100
v -6.2352 -6.2231 5.8000
v -6.2352 -5.9931 5.8300
v -6.2352 -5.7931 5.8300
v -6.2452 -5.5431 5.8400
v -6.2452 -5.2931 5.8500
v -5.9852 -8.8331 5.6700
v -5.9852 -8.6131 5.7300
v -5.9852 -8.3731 5.7600
v -5.9952 -8.1631 5.7600
v -5.9952 -7.9431 5.7800
v -5.9952 -7.7131 5.7800
v -5.9952 -7.5031 5.7700
v -5.9952 -7.2631 5.7600
v -5.9952 -7.0231 5.7800
v -6.0052 -6.8031 5.8100
v -6.0052 -6.5731 5.8200
v -6.0052 -6.3431 5.8000
v -6.0052 -6.1031 5.8200
v -6.0052 -5.8831 5.8300
v -6.0152 -5.6531 5.8500
v -6.0152 -5.4231 5.8400
v -6.0152 -5.2031 5.8400
v -5.7752 -8.6631 5.6700
v -5.7752 -8.4431 5.7100
v -5.7752 -8.2131 5.7400
v -5.7852 -7.9831 5.7500
v -5.7852 -7.7331 5.7600
v -5.7852 -7.5231 5.7600
v -5.7852 -7.2931 5.7900
v -5.7852 -7.0531 5.7700
v -5.7952 -6.8331 5.7900
v -5.7952 -6.6131 5.7900
v -5.7952 -6.3931 5.8000
v -5.7952 -6.1531 5.8000
v -5.7952 -5.9431 5.8200
v -5.8052 -5.6931 5.8200
v -5.8052 -5.4831 5.8500
v -5.8052 -5.2531 5.8200
v -5.5352 -8.4631 5.7200
v -5.5352 -8.2431 5.7200
v -5.5352 -8.0231 5.7500
v -5.5452 -7.7931 5.7700
v -5.5452 -7.5631 5.7600
v -5.5452 -7.3331 5.7800
v -5.5452 -7.1031 5.7800
v -5.5452 -6.8931 5.7700
v -5.5452 -6.6531 5.7700
v -5.5552 -6.4431 5.8100
v -5.5552 -6.2031 5.8000
v -5.5552 -5.9731 5.8000
v -5.5552 -5.7431 5.8100
v -5.5552 -5.4931 5.8400
v -5.5652 -5.2531 5.8200
v -5.2552 -8.2631 5.6400
v -5.2552 -8.0331 5.7000
v -5.2552 -7.8131 5.7400
v -5.2552 -7.5831 5.7600
v -5.2652 -7.3331 5.7700
v -5.2652 -7.0931 5.7800
v -5.2652 -6.8631 5.7800
v -5.2652 -6.6331 5.7900
v -5.2652 -6.4131 5.8000
v -5.2652 -6.1931 5.7800
v -5.2752 -5.9731 5.8000
v -5.2752 -5.7731 5.8000
v -5.2752 -5.5531 5.8000
v -5.2752 -5.3031 5.8200
v -5.2752 -5.0931 5.8400
v -5.0252 -7.8631 5.6800
v -5.0252 -7.6431 5.7200
v -5.0352 -7.4431 5.7600
v -5.0352 -7.2231 5.7600
v -5.0352 -7.0131 5.7600
v -5.0352 -6.7731 5.7700
v -5.0352 -6.5531 5.7600
v -5.0452 -6.3431 5.7900
v -5.0452 -6.1231 5.7800
v -5.0452 -5.9031 5.7900
v -5.0452 -5.6631 5.7900
v -5.0452 -5.4331 5.8000
v -5.0552 -5.2331 5.8300
v -4.8752 -7.8331 5.6600
v -4.8852 -7.6031 5.7300
v -4.8852 -7.3731 5.7700
v -4.8852 -7.1531 5.7500
v -4.8852 -6.9331 5.7600
v -4.8852 -6.7031 5.7600
v -4.8952 -6.4831 5.7600
v -4.8952 -6.2631 5.7900
v -4.8952 -6.0431 5.7900
v -4.8952 -5.8131 5.8000
v -4.8952 -5.5831 5.8000
v -4.9052 -5.3731 5.8100
v -4.9052 -5.1431 5.8200
v -4.7152 -7.5631 5.7000
v -4.7252 -7.3231 5.7300
v -4.7252 -7.1031 5.7700
v -4.7252 -6.8931 5.7500
v -4.7252 -6.6531 5.7600
v -4.7252 -6.4331 5.7600
v -4.7252 -6.1731 5.7700
v -4.7352 -5.9431 5.8100
v -4.7352 -5.7431 5.8100
v -4.7352 -5.5031 5.8100
v -4.7352 -5.2831 5.8000
v -4.4752 -7.4031 5.7000
v -4.4752 -7.1631 5.7300
v -4.4752 -6.9231 5.7700
v -4.4852 -6.7231 5.7500
v -4.4852 -6.5131 5.7700
v -4.4852 -6.2731 5.7600
v -4.4852 -6.0431 5.7800
v -4.4852 -5.8131 5.7900
v -4.4852 -5.6031 5.8000
v -4.4952 -5.3631 5.8000
v -4.4952 -5.1331 5.9600
v -4.2352 -7.3631 5.6700
v -4.2352 -7.1531 5.6900
v -4.2352 -6.9231 5.7300
v -4.2352 -6.6931 5.7500
v -4.2452 -6.4731 5.7500
v -4.2452 -6.2631 5.7800
v -4.2452 -6.0131 5.7800
v -4.2452 -5.8031 5.7800
v -4.2452 -5.5631 5.8000
v -4.2452 -5.3331 6.0100
v -4.2552 -5.1131 6.3000
v -4.0452 -7.0031 5.6800
v -4.0452 -6.7831 5.7000
v -4.0552 -6.5631 5.7500
v -4.0552 -6.3131 5.7400
v -4.0552 -6.0731 5.7700
v -4.0552 -5.8531 5.7800
v -4.0552 -5.6331 5.8700
v -4.0652 -5.3831 6.2700
v -4.0652 -5.1531 6.3200
v -3.8652 -6.8531 5.6700
v -3.8652 -6.6231 5.6800
v -3.8652 -6.3831 5.7600
v -3.8652 -6.1531 5.7600
v -3.8752 -5.9431 5.7800
v -3.8752 -5.6931 6.2000
v -3.8752 -5.4631 6.3200
v -3.8752 -5.2231 6.3600
v -3.6252 -6.5631 5.7200
v -3.6252 -6.3231 5.7400
v -3.6252 -6.0831 5.9000
v -3.6352 -5.8531 6.3100
v -3.6352 -5.6031 6.3500
v -3.6352 -5.3631 6.2900
v -3.3752 -6.5331 5.5900
v -3.3852 -6.3131 5.7000
v -3.3852 -6.0731 6.2700
v -3.3852 -5.8531 6.3700
v -3.3852 -5.6431 6.3000
v -3.1452 -6.5331 2.3600
v -3.1552 -6.2131 5.7700
v -3.1552 -5.9531 6.3400
v -2.8952 -6.1931 2.4500
v -2.2552 -5.2031 1.8400
v -2.0852 -5.3931 1.9100
v -2.0852 -5.1831 1.9000
v -1.8352 -5.6931 1.8700
v -1.8352 -5.4331 1.9000
v -1.8352 -5.2331 1.9400
v -1.5852 -5.8531 1.9400
v -1.5852 -5.6431 1.9200
v -1.5852 -5.3931 1.9700
v -1.5952 -5.1731 2.0100
v -1.3952 -6.1531 1.8200
v -1.3952 -5.9331 1.8800
v -1.4052 -5.6931 1.9300
v -1.4052 -5.4831 1.9700
v -1.4052 -5.2731 1.9900
v -1.2152 -6.4231 1.8400
v -1.2152 -6.2031 1.8800
v -1.2252 -5.9731 1.9300
v -1.2252 -5.7431 1.9500
v -1.2252 -5.5031 1.9900
v -1.2252 -5.3031 2.0200
v -0.9852 -6.6631 1.8500
v -0.9852 -6.4031 1.8700
v -0.9852 -6.1931 1.9200
v -0.9852 -5.9731 1.9500
v -0.9952 -5.7431 2.0000
v -0.9952 -5.5231 2.0000
v -0.9952 -5.2931 2.0500
v -0.7452 -6.7531 1.8800
v -0.7552 -6.5231 1.9200
v -0.7552 -6.2831 1.9500
v -0.7552 -6.0631 1.9800
v -0.7552 -5.8231 1.9900
v -0.7552 -5.6131 2.0200
v -0.7652 -5.3931 2.0400
v -0.7652 -5.1731 2.0900
v -0.5352 -7.0031 1.9000
v -0.5352 -6.7831 1.9000
v -0.5352 -6.5531 1.9500
v -0.5352 -6.3231 1.9800
v -0.5352 -6.0631 2.0100
v -0.5452 -5.8631 2.0100
v -0.5452 -5.6431 2.0400
v -0.5452 -5.4131 2.0800
v -0.5452 -5.1831 2.1100
v -0.2852 -7.4231 1.8300
v -0.2852 -7.2131 1.8400
v -0.2952 -7.0131 1.8700
v -0.2952 -6.7731 1.9300
v -0.2952 -6.5431 1.9600
v -0.2952 -6.3231 2.0100
v -0.2952 -6.0931 2.0300
v -0.3052 -5.8831 2.0500
v -0.3052 -5.6231 2.0900
v -0.3052 -5.3931 2.1000
v -0.3052 -5.1831 2.1600
v -0.0152 -7.7131 1.8100
v -0.0252 -7.4631 1.8700
v -0.0252 -7.2231 1.9200
v -0.0252 -7.0231 1.9300
v -0.0252 -6.7831 1.9700
v -0.0252 -6.5431 2.0100
v -0.0352 -6.2931 2.0500
v -0.0352 -6.0831 2.0700
v -0.0352 -5.8631 2.1200
v -0.0352 -5.6031 2.1000
v -0.0352 -5.3831 2.1500
v -0.0352 -5.1831 2.1800
v 0.1848 -7.8831 1.8700
v 0.1848 -7.6731 1.8700
v 0.1848 -7.4331 1.9300
v 0.1848 -7.2031 1.9200
v 0.1748 -6.9831 1.9900
v 0.1748 -6.7531 2.0100
v 0.1748 -6.5231 2.0300
v 0.1748 -6.2831 2.0600
v 0.1748 -6.0731 2.0800
v 0.1648 -5.8331 2.1100
v 0.1648 -5.6331 2.1300
v 0.1648 -5.3831 2.1700
v 0.1648 -5.1631 2.2000
v 0.3348 -8.1031 1.8100
v 0.3248 -7.8731 1.8500
v 0.3248 -7.6431 1.9000
v 0.3248 -7.4231 1.9300
v 0.3248 -7.1731 1.9800
v 0.3248 -6.9631 1.9800
v 0.3148 -6.7231 2.0200
v 0.3148 -6.5131 2.0500
v 0.3148 -6.2731 2.0500
v 0.3148 -6.0231 2.1200
v 0.3148 -5.7931 2.1300
v 0.3048 -5.5631 2.1600
v 0.3048 -5.3231 2.1700
v 0.5148 -8.2831 1.8900
v 0.5148 -8.0731 1.8500
v 0.5148 -7.8331 1.9100
v 0.5048 -7.6131 1.9500
v 0.5048 -7.3531 1.9400
v 0.5048 -7.1131 2.0000
v 0.5048 -6.8831 2.0200
v 0.5048 -6.6531 2.0800
v 0.4948 -6.4131 2.0900
v 0.4948 -6.2031 2.1100
v 0.4948 -5.9931 2.1500
v 0.4948 -5.7831 2.1600
v 0.4948 -5.5631 2.2100
v 0.4948 -5.3131 2.2300
v 0.4848 -5.0931 2.2500
v 0.7848 -8.4231 1.8300
v 0.7848 -8.1831 1.9100
v 0.7848 -7.9631 1.9300
v 0.7848 -7.7531 1.9600
v 0.7848 -7.5431 1.9800
v 0.7848 -7.3031 2.0200
v 0.7748 -7.0931 2.0300
v 0.7748 -6.8631 2.0500
v 0.7748 -6.6331 2.0800
v 0.7748 -6.4231 2.0900
v 0.7748 -6.2031 2.1700
v 0.7648 -5.9931 2.1600
v 0.7648 -5.7631 2.2100
v 0.7648 -5.5131 2.2300
v 0.7648 -5.2931 2.2800
v 0.7648 -5.0931 2.2900
v 1.0548 -9.2231 1.8200
v 1.0548 -8.9931 1.7500
v 1.0548 -8.7731 1.8600
v 1.0548 -8.5631 1.8600
v 1.0448 -8.3231 1.9200
v 1.0448 -8.1031 1.9600
v 1.0448 -7.8831 1.9600
v 1.0448 -7.6731 1.9900
v 1.0448 -7.4331 2.0200
v 1.0348 -7.1931 2.0600
v 1.0348 -6.9731 2.0900
v 1.0348 -6.7531 2.1200
v 1.0348 -6.5431 2.1400
v 1.0348 -6.3131 2.1600
v 1.0348 -6.0831 2.2200
v 1.0248 -5.8431 2.2200
v 1.0248 -5.6231 2.2700
v 1.0248 -5.4131 2.2400
v 1.0248 -5.1731 2.3000
v 1.2548 -9.4731 1.7600
v 1.2548 -9.2631 1.7300
v 1.2448 -9.0131 1.8200
v 1.2448 -8.7631 1.9000
v 1.2448 -8.5531 1.9100
v 1.2448 -8.3531 1.9500
v 1.2448 -8.1231 1.9400
v 1.2348 -7.8831 2.0000
v 1.2348 -7.6531 2.0200
v 1.2348 -7.4231 2.0600
v 1.2348 -7.2131 2.0800
v 1.2348 -6.9831 2.1200
v 1.2248 -6.7531 2.1400
v 1.2248 -6.5231 2.1600
v 1.2248 -6.2831 2.2200
v 1.2248 -6.0331 2.2300
v 1.2248 -5.8131 2.2300
v 1.2148 -5.5931 2.2400
v 1.2148 -5.3831 2.3200
v 1.2148 -5.1531 2.3500
v 1.4348 -9.4831 1.7300
v 1.4348 -9.2531 1.7600
v 1.4348 -9.0231 1.8400
v 1.4348 -8.8231 1.9200
v 1.4348 -8.5931 1.9800
v 1.4248 -8.3431 1.9800
v 1.4248 -8.1031 2.0200
v 1.4248 -7.8831 2.0400
v 1.4248 -7.6431 2.0600
v 1.4248 -7.4131 2.0900
v 1.4148 -7.1731 2.1000
v 1.4148 -6.9731 2.1300
v 1.4148 -6.7531 2.1600
v 1.4148 -6.5231 2.1700
v 1.4148 -6.2831 2.2000
v 1.4148 -6.0631 2.2300
v 1.4048 -5.8331 2.2800
v 1.4048 -5.6231 2.3200
v 1.4048 -5.3731 2.3200
v 1.4048 -5.1531 2.4000
v 1.6948 -9.7731 1.7800
v 1.6948 -9.5331 1.7900
v 1.6848 -9.2831 1.8500
v 1.6848 -9.0731 1.9100
v 1.6848 -8.8431 1.9300
v 1.6848 -8.6331 1.9900
v 1.6848 -8.3931 2.0100
v 1.6748 -8.1731 2.0400
v 1.6748 -7.9531 2.0400
v 1.6748 -7.7031 2.0600
v 1.6748 -7.4631 2.0800
v 1.6748 -7.2531 2.1200
v 1.6648 -7.0431 2.1200
v 1.6648 -6.8031 2.1900
v 1.6648 -6.5731 2.1900
v 1.6648 -6.3631 2.2400
v 1.6648 -6.1331 2.2700
v 1.6648 -5.9231 2.3300
v 1.6548 -5.6731 2.3400
v 1.6548 -5.4331 2.3600
v 1.6548 -5.2231 2.3800
v 1.9548 -10.1831 1.7300
v 1.9548 -9.9531 1.7600
v 1.9548 -9.7131 1.8000
v 1.9548 -9.4731 1.8400
v 1.9548 -9.2331 1.8800
v 1.9448 -9.0231 1.9100
v 1.9448 -8.8131 1.9600
v 1.9448 -8.5631 2.0300
v 1.9448 -8.3531 2.0500
v 1.9448 -8.1331 2.0600
v 1.9348 -7.8931 2.1000
v 1.9348 -7.6731 2.1400
v 1.9348 -7.4531 2.1400
v 1.9348 -7.2031 2.1700
v 1.9348 -6.9831 2.2000
v 1.9248 -6.7431 2.2000
v 1.9248 -6.5131 2.2500
v 1.9248 -6.2831 2.2700
v 1.9248 -6.0531 2.3200
v 1.9248 -5.8031 2.3500
v 1.9148 -5.5731 2.3700
v 1.9148 -5.3731 2.3800
v 1.9148 -5.1531 2.4300
v 2.1948 -10.4431 1.7100
v 2.1948 -10.1831 1.7400
v 2.1948 -9.9631 1.8000
v 2.1948 -9.7431 1.8300
v 2.1848 -9.5331 1.8900
v 2.1848 -9.3031 1.9100
v 2.1848 -9.0531 1.9400
v 2.1848 -8.8131 2.0000
v 2.1848 -8.5931 2.0400
v 2.1748 -8.3631 2.0900
v 2.1748 -8.1131 2.1200
v 2.1748 -7.8831 2.1300
v 2.1748 -7.6731 2.1400
v 2.1748 -7.4431 2.1800
v 2.1648 -7.1931 2.2100
v 2.1648 -6.9831 2.2400
v 2.1648 -6.7531 2.2700
v 2.1648 -6.5331 2.2800
v 2.1648 -6.2831 2.3000
v 2.1548 -6.0631 2.3400
v 2.1548 -5.8331 2.3900
v 2.1548 -5.6331 2.4200
v 2.1548 -5.3831 2.4100
v 2.1548 -5.1631 2.4300
v 2.4548 -10.9531 1.8300
v 2.4448 -10.7231 1.7000
v 2.4448 -10.4931 1.7300
v 2.4448 -10.2531 1.7900
v 2.4448 -10.0431 1.8000
v 2.4448 -9.8031 1.8600
v 2.4448 -9.5631 1.8900
v 2.4348 -9.3231 1.9700
v 2.4348 -9.1131 1.9600
v 2.4348 -8.8831 2.0100
v 2.4348 -8.6231 2.0500
v 2.4348 -8.4131 2.0900
v 2.4248 -8.2031 2.1600
v 2.4248 -7.9631 2.1700
v 2.4248 -7.7431 2.1900
v 2.4248 -7.5031 2.1900
v 2.4248 -7.2631 2.2300
v 2.4148 -7.0531 2.2600
v 2.4148 -6.8131 2.3100
v 2.4148 -6.6031 2.3300
v 2.4148 -6.3531 2.3200
v 2.4148 -6.1231 2.3700
v 2.4048 -5.9131 2.3900
v 2.4048 -5.6431 2.4100
v 2.4048 -5.4131 2.4800
v 2.4048 -5.1731 2.4800
v 2.7248 -11.1031 1.7200
v 2.7248 -10.8831 1.7400
v 2.7148 -10.6631 1.7900
v 2.7148 -10.4031 1.7800
v 2.7148 -10.1931 1.8500
v 2.7148 -9.9831 1.8900
v 2.7148 -9.7631 1.9000
v 2.7048 -9.5031 1.9300
v 2.7048 -9.2731 1.9900
v 2.7048 -9.0331 2.0200
v 2.7048 -8.8431 2.0600
v 2.7048 -8.5831 2.0700
v 2.6948 -8.3531 2.1200
v 2.6948 -8.1131 2.2000
v 2.6948 -7.9131 2.2300
v 2.6948 -7.6431 2.2400
v 2.6948 -7.4131 2.2400
v 2.6848 -7.1831 2.2600
v 2.6848 -6.9431 2.2900
v 2.6848 -6.7331 2.3100
v 2.6848 -6.5031 2.3400
v 2.6848 -6.2931 2.3900
v 2.6848 -6.0831 2.4100
v 2.6748 -5.8531 2.4200
v 2.6748 -5.6131 2.4700
v 2.6748 -5.4031 2.5200
v 2.6748 -5.1831 2.5500
v 2.9248 -11.3431 1.7300
v 2.9248 -11.1031 1.7800
v 2.9248 -10.8531 1.8000
v 2.9148 -10.6431 1.8300
v 2.9148 -10.4131 1.8500
v 2.9148 -10.1931 1.8800
v 2.9148 -9.9531 1.9200
v 2.9148 -9.7331 1.9300
v 2.9048 -9.5031 1.9800
v 2.9048 -9.2731 2.0000
v 2.9048 -9.0231 2.0100
v 2.9048 -8.7931 2.0900
v 2.9048 -8.5631 2.1300
v 2.8948 -8.3131 2.1500
v 2.8948 -8.0831 2.2400
v 2.8948 -7.8831 2.2400
v 2.8948 -7.6431 2.2800
v 2.8948 -7.4431 2.2900
v 2.8948 -7.2131 2.3000
v 2.8848 -6.9831 2.3200
v 2.8848 -6.7731 2.3400
v 2.8848 -6.5531 2.4000
v 2.8848 -6.3331 2.3900
v 2.8848 -6.1131 2.4400
v 2.8748 -5.8731 2.4700
v 2.8748 -5.6731 2.4900
v 2.8748 -5.4331 2.5300
v 2.8748 -5.2031 2.5700
v 3.0648 -11.5931 1.7700
v 3.0548 -11.3731 1.7100
v 3.0548 -11.1531 1.7900
v 3.0548 -10.9031 1.8300
v 3.0548 -10.6531 1.8400
v 3.0548 -10.4431 1.8600
v 3.0448 -10.1931 1.8600
v 3.0448 -9.9531 1.9200
v 3.0448 -9.7431 1.9600
v 3.0448 -9.5231 2.0000
v 3.0448 -9.3031 2.0000
v 3.0348 -9.0931 2.0500
v 3.0348 -8.8731 2.1000
v 3.0348 -8.6231 2.1400
v 3.0348 -8.4131 2.1500
v 3.0348 -8.1931 2.2100
v 3.0348 -7.9831 2.2300
v 3.0248 -7.7531 2.2800
v 3.0248 -7.5331 2.3100
v 3.0248 -7.2931 2.3500
v 3.0248 -7.0731 2.3400
v 3.0248 -6.8431 2.3700
v 3.0148 -6.6331 2.4000
v 3.0148 -6.3931 2.4400
v 3.0148 -6.1731 2.4600
v 3.0148 -5.9231 2.5400
v 3.0148 -5.7231 2.5200
v 3.0048 -5.5231 2.5200
v 3.0048 -5.2731 2.5900
v 3.2248 -11.3631 1.7800
v 3.2248 -11.1531 1.8100
v 3.2248 -10.9331 1.8400
v 3.2248 -10.7231 1.8800
v 3.2248 -10.5031 1.9000
v 3.2148 -10.2531 1.9500
v 3.2148 -10.0331 1.9600
v 3.2148 -9.8231 2.0000
v 3.2148 -9.6131 2.0000
v 3.2148 -9.3831 2.0400
v 3.2048 -9.1431 2.0700
v 3.2048 -8.9231 2.0900
v 3.2048 -8.7031 2.1600
v 3.2048 -8.4931 2.1700
v 3.2048 -8.2531 2.2100
v 3.2048 -8.0231 2.2500
v 3.1948 -7.8131 2.3000
v 3.1948 -7.5931 2.3300
v 3.1948 -7.3531 2.3600
v 3.1948 -7.1431 2.3400
v 3.1948 -6.9031 2.3900
v 3.1848 -6.6831 2.3900
v 3.1848 -6.4331 2.4500
v 3.1848 -6.1831 2.4800
v 3.1848 -5.9731 2.5100
v 3.1848 -5.7231 2.5700
v 3.1748 -5.5231 2.5600
v 3.1748 -5.2831 2.6100
v 3.4848 -11.7431 1.7800
v 3.4848 -11.5231 1.8400
v 3.4848 -11.3131 1.8300
v 3.4848 -11.0831 1.8400
v 3.4848 -10.8731 1.8600
v 3.4748 -10.6331 1.9100
v 3.4748 -10.4031 1.9400
v 3.4748 -10.1631 1.9700
v 3.4748 -9.9531 1.9900
v 3.4748 -9.7531 2.0200
v 3.4648 -9.5031 2.0300
v 3.4648 -9.2731 2.1100
v 3.4648 -9.0431 2.1000
v 3.4648 -8.8431 2.1200
v 3.4648 -8.6131 2.1700
v 3.4548 -8.3631 2.2300
v 3.4548 -8.1231 2.2500
v 3.4548 -7.9131 2.2900
v 3.4548 -7.6531 2.3300
v 3.4548 -7.4331 2.3700
v 3.4448 -7.2031 2.4300
v 3.4448 -6.9931 2.4400
v 3.4448 -6.7731 2.4400
v 3.4448 -6.5431 2.4700
v 3.4448 -6.3031 2.4900
v 3.4348 -6.0831 2.5200
v 3.4348 -5.8531 2.5500
v 3.4348 -5.6231 2.6100
v 3.4348 -5.3931 2.6300
v 3.4348 -5.1731 2.6100
v 3.7248 -11.5931 1.8300
v 3.7248 -11.3731 1.8700
v 3.7248 -11.1431 1.8600
v 3.7248 -10.9131 1.9000
v 3.7248 -10.6831 1.9200
v 3.7148 -10.4631 1.9500
v 3.7148 -10.2531 2.0000
v 3.7148 -10.0031 1.9900
v 3.7148 -9.7631 2.0400
v 3.7148 -9.5431 2.0900
v 3.7048 -9.3031 2.1600
v 3.7048 -9.0731 2.1700
v 3.7048 -8.8431 2.1500
v 3.7048 -8.6131 2.2100
v 3.7048 -8.4031 2.2400
v 3.6948 -8.1831 2.2800
v 3.6948 -7.9431 2.3100
v 3.6948 -7.7031 2.3600
v 3.6948 -7.4731 2.3900
v 3.6948 -7.2531 2.4300
v 3.6948 -7.0331 2.4800
v 3.6848 -6.7931 2.4600
v 3.6848 -6.5731 2.5200
v 3.6848 -6.3731 2.5300
v 3.6848 -6.1231 2.5500
v 3.6848 -5.9031 2.5400
v 3.6748 -5.6731 2.5900
v 3.6748 -5.4331 2.6300
v 3.6748 -5.2231 2.6200
v 3.8948 -11.7331 1.8000
v 3.8948 -11.5031 1.8500
v 3.8948 -11.2631 1.8900
v 3.8948 -11.0231 1.9100
v 3.8948 -10.7931 1.9200
v 3.8848 -10.5731 1.9700
v 3.8848 -10.3431 2.0100
v 3.8848 -10.1431 2.0200
v 3.8848 -9.9031 2.0400
v 3.8848 -9.6831 2.0600
v 3.8848 -9.4431 2.0900
v 3.8748 -9.2031 2.1400
v 3.8748 -8.9831 2.1900
v 3.8748 -8.7731 2.1900
v 3.8748 -8.5331 2.2200
v 3.8748 -8.3231 2.2800
v 3.8648 -8.1031 2.3200
v 3.8648 -7.8631 2.3500
v 3.8648 -7.6431 2.3900
v 3.8648 -7.4131 2.4500
v 3.8648 -7.1631 2.4600
v 3.8548 -6.9531 2.5000
v 3.8548 -6.7131 2.5500
v 3.8548 -6.4831 2.5600
v 3.8548 -6.2431 2.5700
v 3.8548 -6.0331 2.6100
v 3.8548 -5.7831 2.6000
v 3.8448 -5.5631 2.6400
v 3.8448 -5.3431 2.6100
v 3.8448 -5.1131 2.5700
v 4.0648 -11.5331 1.8700
v 4.0648 -11.2831 1.8900
v 4.0648 -11.0431 1.9300
v 4.0648 -10.8231 1.9500
v 4.0548 -10.6031 1.9600
v 4.0548 -10.3731 2.0100
v 4.0548 -10.1431 2.0400
v 4.0548 -9.9231 2.0600
v 4.0548 -9.7131 2.0700
v 4.0548 -9.4831 2.1500
v 4.0448 -9.2431 2.1900
v 4.0448 -9.0031 2.2100
v 4.0448 -8.7831 2.2300
v 4.0448 -8.5631 2.2600
v 4.0448 -8.3131 2.2900
v 4.0348 -8.0831 2.3500
v 4.0348 -7.8531 2.3700
v 4.0348 -7.6331 2.3900
v 4.0348 -7.3831 2.4400
v 4.0348 -7.1531 2.4800
v 4.0248 -6.8831 4.4600
v 4.0248 -6.9431 2.5300
v 4.0248 -6.6531 4.4300
v 4.0248 -6.7131 2.5400
v 4.0248 -6.4131 4.4700
v 4.0248 -6.4731 2.6400
v 4.0248 -6.2431 2.6000
v 4.0248 -6.0431 2.6100
v 4.0148 -5.7931 2.6400
v 4.0148 -5.5831 2.6100
v 4.0148 -5.3431 2.4400
v 4.3048 -11.6431 1.8700
v 4.3048 -11.4131 1.8900
v 4.3048 -11.1831 1.9400
v 4.3048 -10.9431 1.9700
v 4.3048 -10.7431 1.9900
v 4.2948 -10.4931 2.0100
v 4.2948 -10.2531 2.0400
v 4.2948 -10.0431 2.0900
v 4.2948 -9.8131 2.1000
v 4.2948 -9.5731 2.0900
v 4.2948 -9.3131 2.1900
v 4.2848 -9.1031 2.1900
v 4.2848 -8.8731 2.2300
v 4.2848 -8.6331 2.2800
v 4.2848 -8.4231 2.3100
v 4.2848 -8.1931 2.3300
v 4.2748 -7.9631 2.3600
v 4.2748 -7.7231 2.4100
v 4.2748 -7.5031 2.4500
v 4.2748 -7.2631 2.4800
v 4.2748 -6.9831 4.4800
v 4.2748 -7.0531 2.5300
v 4.2648 -6.7531 4.4500
v 4.2648 -6.8131 2.5600
v 4.2648 -6.5331 4.4600
v 4.2648 -6.2931 4.4400
v 4.2648 -6.3531 2.6700
v 4.2648 -6.1231 2.6900
v 4.2648 -5.9031 2.5800
v 4.2548 -5.6531 2.4100
v 4.5548 -11.6831 1.9000
v 4.5548 -11.4431 1.9300
v 4.5548 -11.2131 1.9500
v 4.5548 -10.9731 1.9800
v 4.5548 -10.7531 2.0100
v 4.5548 -10.5131 2.0300
v 4.5448 -10.2831 2.0700
v 4.5448 -10.0631 2.0700
v 4.5448 -9.8431 2.1200
v 4.5448 -9.6031 2.1600
v 4.5448 -9.3731 2.2000
v 4.5348 -9.1431 2.2300
v 4.5348 -8.9031 2.3000
v 4.5348 -8.6931 2.3100
v 4.5348 -8.4631 2.3200
v 4.5348 -8.2531 2.3300
v 4.5248 -8.0031 2.3800
v 4.5248 -7.7631 2.4100
v 4.5248 -7.5331 2.4500
v 4.5248 -7.3031 2.5100
v 4.5248 -6.9831 4.5900
v 4.5248 -7.0431 2.5500
v 4.5148 -6.7431 4.4400
v 4.5148 -6.5431 4.4600
v 4.5148 -6.3431 4.4400
v 4.5148 -6.3931 2.6500
v 4.5148 -6.1531 2.6900
v 4.5148 -5.9431 2.6100
v 4.5048 -5.2531 3.4700
v 4.7848 -11.7331 1.8900
v 4.7748 -11.5131 1.9600
v 4.7748 -11.3031 1.9700
v 4.7748 -11.0431 2.0000
v 4.7748 -10.8231 2.0200
v 4.7748 -10.5831 2.0700
v 4.7648 -10.3931 2.0900
v 4.7648 -10.1331 2.1000
v 4.7648 -9.9231 2.1400
v 4.7648 -9.6831 2.1800
v 4.7648 -9.4431 2.2100
v 4.7548 -9.2131 2.2300
v 4.7548 -8.9731 2.3300
v 4.7548 -8.7231 2.3300
v 4.7548 -8.5031 2.3600
v 4.7548 -8.2931 2.3700
v 4.7448 -8.0631 2.3900
v 4.7448 -7.8431 2.4500
v 4.7448 -7.6231 2.4800
v 4.7448 -7.4131 2.4900
v 4.7448 -7.1731 2.5200
v 4.7448 -6.9531 2.5600
v 4.7348 -6.7331 2.6000
v 4.7348 -6.5231 2.6500
v 4.7348 -6.3131 2.6600
v 4.7348 -6.0631 2.6700
v 4.7348 -5.8031 3.4000
v 4.7248 -5.6131 3.5200
v 4.7248 -5.3731 3.5200
v 4.7248 -5.1631 3.4300
v 5.0048 -11.6131 1.9600
v 5.0048 -11.3931 1.9600
v 5.0048 -11.1431 2.0000
v 5.0048 -10.9231 2.0300
v 5.0048 -10.6831 2.0600
v 4.9948 -10.4431 2.1200
v 4.9948 -10.1931 2.1400
v 4.9948 -9.9731 2.1600
v 4.9948 -9.7531 2.1800
v 4.9948 -9.5331 2.2100
v 4.9848 -9.3031 2.2500
v 4.9848 -9.0931 2.2700
v 4.9848 -8.8831 2.3100
v 4.9848 -8.6431 2.3900
v 4.9848 -8.4231 2.4200
v 4.9848 -8.2031 2.4500
v 4.9748 -7.9931 2.4300
v 4.9748 -7.7831 2.4800
v 4.9748 -7.5331 2.5100
v 4.9748 -7.2931 2.5700
v 4.9748 -7.0831 2.5800
v 4.9648 -6.8731 2.6000
v 4.9648 -6.6631 2.6300
v 4.9648 -6.3931 2.6700
v 4.9648 -6.2031 2.2700
v 4.9648 -5.9431 3.4700
v 4.9648 -5.7031 3.5200
v 4.9548 -5.4931 3.4700
v 4.9548 -5.2531 3.4000
v 5.2648 -11.7231 1.9700
v 5.2648 -11.4831 2.0000
v 5.2548 -11.2531 2.0300
v 5.2548 -11.0331 2.0500
v 5.2548 -10.8231 2.0800
v 5.2548 -10.6231 2.0900
v 5.2548 -10.3831 2.1200
v 5.2448 -10.1431 2.1400
v 5.2448 -9.9331 2.2100
v 5.2448 -9.7331 2.2400
v 5.2448 -9.5031 2.2700
v 5.2448 -9.2731 2.2700
v 5.2448 -9.0431 2.3300
v 5.2348 -8.8131 2.3500
v 5.2348 -8.5931 2.3800
v 5.2348 -8.3631 2.4500
v 5.2348 -8.1531 2.4600
v 5.2348 -7.9331 2.5200
v 5.2248 -7.7031 2.5100
v 5.2248 -7.4531 2.5300
v 5.2248 -7.2431 2.5900
v 5.2248 -7.0331 2.6300
v 5.2248 -6.7931 2.6400
v 5.2248 -6.5431 2.6600
v 5.2148 -6.2831 3.5500
v 5.2148 -6.0531 3.5000
v 5.2148 -5.8431 3.4700
v 5.2148 -5.6031 3.4300
v 5.2148 -5.3831 3.3900
v 5.2048 -5.1831 3.3600
v 5.4548 -11.6931 1.9900
v 5.4548 -11.4831 2.0200
v 5.4548 -11.2631 2.0200
v 5.4548 -11.0431 2.0600
v 5.4548 -10.8031 2.1000
v 5.4548 -10.5831 2.1300
v 5.4448 -10.3431 2.1600
v 5.4448 -10.1331 2.1800
v 5.4448 -9.9031 2.2300
v 5.4448 -9.6731 2.2700
v 5.4448 -9.4531 2.2900
v 5.4348 -9.2231 2.3400
v 5.4348 -9.0031 2.3500
v 5.4348 -8.7931 2.3900
v 5.4348 -8.5431 2.4400
v 5.4348 -8.3131 2.4700
v 5.4348 -8.0831 2.4900
v 5.4248 -7.8331 2.5500
v 5.4248 -7.6131 2.5800
v 5.4248 -7.3831 2.5900
v 5.4248 -7.1631 2.6200
v 5.4248 -6.9431 2.6300
v 5.4148 -6.7231 2.6400
v 5.4148 -6.4731 3.4900
v 5.4148 -6.2231 3.5600
v 5.4148 -5.9931 3.4300
v 5.4148 -5.7731 3.4600
v 5.4048 -5.5831 3.4000
v 5.4048 -5.3331 3.4100
v 5.4048 -5.1131 3.3000
v 5.6048 -11.6931 2.0000
v 5.6048 -11.4831 2.0400
v 5.6048 -11.2631 2.0700
v 5.6048 -11.0331 2.1000
v 5.6048 -10.8031 2.1100
v 5.5948 -10.5631 2.1400
v 5.5948 -10.3531 2.1700
v 5.5948 -10.1431 2.2100
v 5.5948 -9.9031 2.2300
v 5.5948 -9.6531 2.3000
v 5.5848 -9.4331 2.3100
v 5.5848 -9.1931 2.3500
v 5.5848 -8.9631 2.3800
v 5.5848 -8.7231 2.4200
v 5.5848 -8.5231 2.4500
v 5.5848 -8.3031 2.5000
v 5.5748 -8.0831 2.5200
v 5.5748 -7.8431 2.5900
v 5.5748 -7.6031 2.6100
v 5.5748 -7.3831 2.6300
v 5.5748 -7.1631 2.6300
v 5.5648 -6.9331 2.6100
v 5.5648 -6.6731 3.4900
v 5.5648 -6.4531 3.5000
v 5.5648 -6.2431 3.5000
v 5.5648 -5.9931 3.4400
v 5.5548 -5.7831 3.3800
v 5.5548 -5.5731 3.3300
v 5.5548 -5.3231 3.2500
v 5.5548 -5.0931 3.2600
v 5.7948 -11.6031 2.0400
v 5.7948 -11.3531 2.0700
v 5.7948 -11.1131 2.0900
v 5.7948 -10.8731 2.1400
v 5.7848 -10.6731 2.1600
v 5.7848 -10.4431 2.1900
v 5.7848 -10.2131 2.2100
v 5.7848 -9.9831 2.2500
v 5.7848 -9.7831 2.2900
v 5.7748 -9.5331 2.3300
v 5.7748 -9.2931 2.3700
v 5.7748 -9.0631 2.4000
v 5.7748 -8.8531 2.4300
v 5.7748 -8.6431 2.4800
v 5.7748 -8.3831 2.5100
v 5.7648 -8.1631 2.5300
v 5.7648 -7.9631 2.5800
v 5.7648 -7.7331 2.6100
v 5.7648 -7.4931 2.6700
v 5.7648 -7.2631 2.6600
v 5.7548 -6.7931 3.4900
v 5.7548 -6.5531 3.5700
v 5.7548 -6.3031 3.4200
v 5.7548 -6.0731 3.3700
v 5.7448 -5.8731 3.3100
v 5.7448 -5.6331 3.2600
v 5.7448 -5.3931 3.2000
v 5.7448 -5.1731 3.1700
v 6.0648 -11.6531 2.0800
v 6.0548 -11.4331 2.1100
v 6.0548 -11.2231 2.1400
v 6.0548 -10.9731 2.1700
v 6.0548 -10.7431 2.2000
v 6.0548 -10.5031 2.2000
v 6.0548 -10.2831 2.2500
v 6.0448 -10.0631 2.2700
v 6.0448 -9.8331 2.3200
v 6.0448 -9.6331 2.3600
v 6.0448 -9.3931 2.3800
v 6.0448 -9.1431 2.4400
v 6.0348 -8.9431 2.4600
v 6.0348 -8.7031 2.5000
v 6.0348 -8.4631 2.5100
v 6.0348 -8.2431 2.5700
v 6.0348 -8.0031 2.6100
v 6.0248 -7.7831 2.6000
v 6.0248 -7.5331 2.7200
v 6.0248 -7.3031 2.7200
v 6.0248 -7.0531 3.5100
v 6.0248 -6.8231 3.4800
v 6.0148 -6.6031 3.4500
v 6.0148 -6.3831 3.4300
v 6.0148 -6.1431 3.3800
v 6.0148 -5.9231 3.2600
v 6.0148 -5.7031 3.2300
v 6.0048 -5.4731 3.1900
v 6.0048 -5.2431 3.1500
v 6.3048 -11.7231 2.1300
v 6.3048 -11.4831 2.1600
v 6.3048 -11.2731 2.1700
v 6.2948 -11.0731 2.1700
v 6.2948 -10.8231 2.1800
v 6.2948 -10.6031 2.2400
v 6.2948 -10.3631 2.2600
v 6.2948 -10.1331 2.2700
v 6.2848 -9.9131 2.3200
v 6.2848 -9.6731 2.3700
v 6.2848 -9.4431 2.4000
v 6.2848 -9.2131 2.4600
v 6.2848 -8.9831 2.4900
v 6.2848 -8.7431 2.5100
v 6.2748 -8.5031 2.5600
v 6.2748 -8.3031 2.6100
v 6.2748 -8.0831 2.6100
v 6.2748 -7.8331 2.6900
v 6.2748 -7.5931 2.6800
v 6.2648 -7.3831 3.4900
v 6.2648 -7.1331 3.5000
v 6.2648 -6.9031 3.4500
v 6.2648 -6.6731 3.3400
v 6.2648 -6.4731 3.4000
v 6.2548 -6.2231 3.3100
v 6.2548 -5.9831 3.2100
v 6.2548 -5.7531 3.2000
v 6.2548 -5.5231 3.1400
v 6.2548 -5.2931 3.1100
v 6.4848 -11.7431 2.1600
v 6.4848 -11.5231 2.1700
v 6.4848 -11.3031 2.2000
v 6.4748 -11.0731 2.2200
v 6.4748 -10.8231 2.2300
v 6.4748 -10.6031 2.2600
v 6.4748 -10.3631 2.3200
v 6.4748 -10.1331 2.3100
v 6.4648 -9.9031 2.3300
v 6.4648 -9.6931 2.3800
v 6.4648 -9.4631 2.4500
v 6.4648 -9.2231 2.4600
v 6.4648 -9.0031 2.5000
v 6.4648 -8.7731 2.5400
v 6.4548 -8.5531 2.6000
v 6.4548 -8.3131 2.6300
v 6.4548 -8.0931 2.6500
v 6.4548 -7.8531 2.6900
v 6.4548 -7.5831 3.5100
v 6.4448 -7.3531 3.5100
v 6.4448 -7.1131 3.4800
v 6.4448 -6.8731 3.3600
v 6.4448 -6.6431 3.3300
v 6.4448 -6.4431 3.3000
v 6.4348 -6.2231 3.2900
v 6.4348 -5.9931 3.2400
v 6.4348 -5.7831 3.1200
v 6.4348 -5.5831 3.0800
v 6.4348 -5.3531 3.0400
v 6.4248 -5.1331 2.9900
v 6.6748 -11.6131 2.1700
v 6.6748 -11.3831 2.2100
v 6.6748 -11.1731 2.2300
v 6.6648 -10.9331 2.2700
v 6.6648 -10.7131 2.2700
v 6.6648 -10.4831 2.3100
v 6.6648 -10.2431 2.3400
v 6.6648 -10.0231 2.3600
v 6.6648 -9.7931 2.3800
v 6.6548 -9.5731 2.4200
v 6.6548 -9.3331 2.4600
v 6.6548 -9.0831 2.5200
v 6.6548 -8.8531 2.5800
v 6.6548 -8.6231 2.5800
v 6.6448 -8.3731 2.6200
v 6.6448 -8.1331 2.6400
v 6.6448 -7.6831 3.5600
v 6.6448 -7.4831 3.5000
v 6.6348 -7.2431 3.4100
v 6.6348 -7.0331 3.4100
v 6.6348 -6.8131 3.3700
v 6.6348 -6.5831 3.2700
v 6.6348 -6.3731 3.2300
v 6.6248 -6.1531 3.1500
v 6.6248 -5.9431 3.1700
v 6.6248 -5.7131 3.1300
v 6.6248 -5.4731 3.0700
v 6.6248 -5.2531 2.9900
v 6.9448 -11.7131 2.1900
v 6.9348 -11.4631 2.2300
v 6.9348 -11.2431 2.2800
v 6.9348 -11.0031 2.2900
v 6.9348 -10.7831 2.3000
v 6.9348 -10.5431 2.3300
v 6.9248 -10.2831 2.3500
v 6.9248 -10.0431 2.4000
v 6.9248 -9.8431 2.3900
v 6.9248 -9.6031 2.4600
v 6.9248 -9.3731 2.4800
v 6.9248 -9.1531 2.5300
v 6.9148 -8.9531 2.5700
v 6.9148 -8.7431 2.6000
v 6.9148 -8.4931 2.6000
v 6.9148 -8.0331 3.5400
v 6.9048 -7.8131 3.5400
v 6.9048 -7.6231 3.4600
v 6.9048 -7.3631 3.3800
v 6.9048 -7.1331 3.3200
v 6.9048 -6.9231 3.2300
v 6.9048 -6.7231 3.2500
v 6.8948 -6.4831 3.2100
v 6.8948 -6.2431 3.1700
v 6.8948 -6.0431 3.1200
v 6.8948 -5.8131 3.0400
v 6.8948 -5.5931 3.0000
v 6.8848 -5.3731 2.9600
v 6.8848 -5.1431 2.8900
v 7.2148 -11.6631 2.2100
v 7.2148 -11.2631 1.3900
v 7.2148 -11.0231 1.8700
v 7.2048 -10.7831 2.3600
v 7.2048 -10.5631 2.3800
v 7.2048 -10.3531 2.3900
v 7.2048 -10.1131 2.4100
v 7.2048 -9.8931 2.4800
v 7.1948 -9.6831 2.4800
v 7.1948 -9.4531 2.5100
v 7.1948 -9.2431 2.5400
v 7.1948 -9.0031 2.5400
v 7.1948 -8.7631 2.5000
v 7.1848 -8.5331 3.5300
v 7.1848 -8.3031 3.5100
v 7.1848 -8.0831 3.4900
v 7.1848 -7.8531 3.3700
v 7.1848 -7.6231 3.4500
v 7.1848 -7.4131 3.3400
v 7.1748 -7.1931 3.2900
v 7.1748 -6.9531 3.2500
v 7.1748 -6.7431 3.1800
v 7.1748 -6.5031 3.1400
v 7.1748 -6.2631 3.0400
v 7.1648 -6.0231 3.0300
v 7.1648 -5.8131 2.9800
v 7.1648 -5.5831 2.9200
v 7.1648 -5.3731 2.8700
v 7.1648 -5.1531 2.8200
v 7.4548 -11.4131 2.2400
v 7.4548 -11.2231 2.3100
v 7.4548 -10.9931 2.3700
v 7.4548 -10.7431 2.4200
v 7.4448 -10.5031 2.4400
v 7.4448 -10.3031 2.4500
v 7.4448 -10.0731 2.4800
v 7.4448 -9.8531 2.5100
v 7.4448 -9.6131 2.5000
v 7.4348 -9.4231 2.5500
v 7.4348 -9.1731 2.3900
v 7.4348 -8.9631 2.0300
v 7.4348 -8.6931 3.5500
v 7.4348 -8.4831 3.5200
v 7.4248 -8.2331 3.4800
v 7.4248 -7.9831 3.4400
v 7.4248 -7.7531 3.3600
v 7.4248 -7.5631 3.3300
v 7.4248 -7.3131 3.2800
v 7.4248 -7.0931 3.2500
v 7.4148 -6.8831 3.2300
v 7.4148 -6.6631 3.0900
v 7.4148 -6.4431 3.0200
v 7.4148 -6.1931 3.0300
v 7.4148 -5.9631 2.9100
v 7.4048 -5.7431 2.9300
v 7.4048 -5.5431 2.8400
v 7.4048 -5.3031 2.8100
v 7.6948 -11.2431 2.3300
v 7.6948 -11.0231 2.3500
v 7.6948 -10.7931 2.4200
v 7.6948 -10.5831 2.4600
v 7.6948 -10.3431 2.4800
v 7.6948 -10.1131 2.4700
v 7.6848 -9.8831 2.5400
v 7.6848 -9.6631 2.5300
v 7.6848 -9.4031 2.2600
v 7.6848 -9.1931 2.0400
v 7.6848 -8.9131 3.5100
v 7.6748 -8.7031 3.5300
v 7.6748 -8.4831 3.4400
v 7.6748 -8.2531 3.4700
v 7.6748 -8.0331 3.3900
v 7.6748 -7.8231 3.3200
v 7.6648 -7.5731 3.2700
v 7.6648 -7.3531 3.2000
v 7.6648 -7.1431 3.1200
v 7.6648 -6.9131 3.0500
v 7.6648 -6.6931 3.0300
v 7.6648 -6.4631 3.0000
v 7.6548 -6.2331 2.9000
v 7.6548 -6.0331 2.8900
v 7.6548 -5.7931 2.8300
v 7.6548 -5.5531 2.7700
v 7.6548 -5.3431 2.7600
v 7.6448 -5.1231 2.6300
v 7.9548 -10.9731 2.3800
v 7.9548 -10.7731 2.4300
v 7.9548 -10.5231 2.5100
v 7.9448 -10.3031 2.5400
v 7.9448 -10.0731 2.5600
v 7.9448 -9.8631 2.5500
v 7.9448 -9.6331 2.5600
v 7.9348 -8.9231 3.5300
v 7.9348 -8.7031 3.4900
v 7.9348 -8.4631 3.3900
v 7.9348 -8.2431 3.3400
v 7.9348 -8.0331 3.3100
v 7.9348 -7.8231 3.2500
v 7.9248 -7.6131 3.2000
v 7.9248 -7.3531 3.0900
v 7.9248 -7.1131 3.0700
v 7.9248 -6.9231 2.9900
v 7.9248 -6.6831 3.0100
v 7.9148 -6.4331 2.9200
v 7.9148 -6.2031 2.8500
v 7.9148 -6.0031 2.8100
v 7.9148 -5.7831 2.7600
v 7.9148 -5.5131 2.7300
v 7.9048 -5.3031 2.6300
v 7.9048 -5.1031 2.6100
v 8.1648 -10.7831 2.4400
v 8.1548 -10.5431 2.5000
v 8.1548 -10.3231 2.5600
v 8.1548 -10.1031 2.5800
v 8.1548 -9.8731 2.5400
v 8.1448 -8.9531 3.4200
v 8.1448 -8.7131 3.4300
v 8.1448 -8.5031 3.3900
v 8.1448 -8.2831 3.2700
v 8.1348 -8.0431 3.2600
v 8.1348 -7.8031 3.2200
v 8.1348 -7.5931 3.1500
v 8.1348 -7.3631 3.0500
v 8.1348 -7.1231 3.0600
v 8.1248 -6.8931 2.9500
v 8.1248 -6.6931 2.9200
v 8.1248 -6.4731 2.8800
v 8.1248 -6.2331 2.8000
v 8.1248 -5.9931 2.7800
v 8.1248 -5.7731 2.7100
v 8.1148 -5.5431 2.6600
v 8.1148 -5.3331 2.6000
v 8.1148 -5.0931 2.6100
v 8.3148 -10.6631 2.4800
v 8.3148 -10.7031 1.4000
v 8.3048 -10.4331 2.5000
v 8.3048 -10.1931 2.5900
v 8.2948 -8.7731 3.4200
v 8.2948 -8.5331 3.3300
v 8.2948 -8.3331 3.2700
v 8.2948 -8.1231 3.2200
v 8.2848 -7.8831 3.1200
v 8.2848 -7.6431 3.1200
v 8.2848 -7.4331 3.1100
v 8.2848 -7.2131 3.0300
v 8.2848 -6.9831 2.9800
v 8.2848 -6.7331 2.9400
v 8.2748 -6.5331 2.8400
v 8.2748 -6.3131 2.8200
v 8.2748 -6.0631 2.7700
v 8.2748 -5.8231 2.6800
v 8.2748 -5.6131 2.6500
v 8.2648 -5.3631 2.6300
v 8.2648 -5.1231 2.5200
v 8.5048 -10.7231 1.4100
v 8.4948 -10.4531 2.5000
v 8.4848 -8.6231 3.2500
v 8.4848 -8.3731 3.2500
v 8.4848 -8.1631 3.1900
v 8.4748 -7.9331 3.1200
v 8.4748 -7.7231 3.0400
v 8.4748 -7.4631 3.0200
v 8.4748 -7.2131 3.0600
v 8.4748 -6.9931 2.9300
v 8.4648 -6.7631 2.8800
v 8.4648 -6.5431 2.8200
v 8.4648 -6.3331 2.7300
v 8.4648 -6.1131 2.7000
v 8.4648 -5.9031 2.6400
v 8.4648 -5.6931 2.6400
v 8.4548 -5.4531 2.5800
v 8.4548 -5.2331 2.5000
v 8.7448 -8.4431 3.1300
v 8.7448 -7.8231 2.0000
v 8.7448 -7.5731 3.0200
v 8.7348 -7.3531 2.9000
v 8.7348 -7.1331 2.8800
v 8.7348 -6.9031 2.8300
v 8.7348 -6.6931 2.7800
v 8.7348 -6.4631 2.7200
v 8.7248 -6.2531 2.6700
v 8.7248 -6.0331 2.6200
v 8.7248 -5.8131 2.5500
v 8.7248 -5.5831 2.5600
v 8.7248 -5.3531 2.5400
v 8.7248 -5.1431 2.3900
v 8.9848 -8.1531 3.0700
v 8.9848 -7.9331 3.0100
v 8.9848 -7.7231 2.9700
v 8.9748 -7.5031 2.9300
v 8.9748 -7.2731 2.8500
v 8.9748 -7.0331 2.7900
v 8.9748 -6.8131 2.7100
v 8.9748 -6.6031 2.6800
v 8.9648 -6.4031 2.6100
v 8.9648 -6.1731 2.5600
v 8.9648 -5.9431 2.5100
v 8.9648 -5.7131 2.5100
v 8.9648 -5.4931 2.4500
v 8.9648 -5.2831 2.2900
v 9.1548 -8.0331 2.9700
v 9.1548 -7.8031 3.0000
v 9.1548 -7.5731 2.8700
v 9.1548 -7.3831 2.8000
v 9.1448 -7.1431 2.7800
v 9.1448 -6.9131 2.7100
v 9.1448 -6.6731 2.6900
v 9.1448 -6.4431 2.6500
v 9.1448 -6.2031 2.5700
v 9.1348 -5.9931 2.5100
v 9.1348 -5.7631 2.4200
v 9.1348 -5.5731 2.3400
v 9.1348 -5.3331 2.3600
v 9.3448 -7.8631 2.9200
v 9.3348 -7.6331 2.8300
v 9.3348 -7.4231 2.7700
v 9.3348 -7.1631 2.7500
v 9.3348 -6.9631 2.6700
v 9.3348 -6.7531 2.6100
v 9.3348 -6.5531 2.5700
v 9.3248 -6.2931 2.5300
v 9.3248 -6.0631 2.4800
v 9.3248 -5.8531 2.3800
v 9.3248 -5.6331 2.3500
v 9.6148 -8.0631 0.5600
v 9.6148 -7.5331 2.7600
v 9.6048 -7.2831 2.7300
v 9.6048 -7.0731 2.6600
v 9.6048 -6.8631 2.6200
v 9.6048 -6.6331 2.5200
v 9.6048 -6.4131 2.4900
v 9.6048 -6.1931 2.4400
v 9.5948 -5.9631 2.3000
v 9.9048 -7.8631 0.7500
v 9.8948 -7.3531 2.5800
v 9.8948 -7.1131 2.6000
v 9.8948 -6.9031 2.4900
v 9.8948 -6.6631 2.4500
v 9.8948 -6.4331 2.3800
v 9.8948 -6.2031 2.3700
v 10.1448 -7.1231 2.5200
v 10.1448 -6.9031 2.4800
v 10.1448 -6.7031 2.3100
v 10.3948 -6.8331 2.2800
v -10.2952 -5.0631 5.9900
v -10.2952 -4.8231 5.9800
v -10.2952 -4.6231 5.9900
v -10.2952 -4.3831 6.0200
v -10.2952 -4.1431 6.0300
v -10.3052 -3.9331 6.0200
v -10.3052 -3.7031 6.0200
v -10.3052 -3.4631 6.0300
v -10.3052 -3.2231 6.0100
v -10.3052 -3.0131 6.0300
v -10.3152 -2.7731 6.0500
v -10.3152 -2.5431 6.0500
v -10.3152 -2.3231 6.0500
v -10.3152 -2.0931 6.0600
v -10.3152 -1.8831 6.0700
v -10.3252 -1.6331 6.0900
v -10.3252 -1.4131 6.0600
v -10.3252 -1.1931 6.0800
v -10.3252 -0.9731 6.1200
v -10.3252 -0.7431 6.1100
v -10.3252 -0.5231 6.0900
v -10.3352 -0.2831 6.1100
v -10.3352 -0.0631 6.1300
v -10.3352 0.1869 6.1300
v -10.3352 0.4269 6.1400
v -10.3352 0.6669 6.1500
v -10.3452 0.9069 6.1400
v -10.3452 1.0969 6.1700
v -10.3452 1.3369 6.1900
v -10.3452 1.5469 6.2300
v -10.3452 1.7769 6.3200
v -10.3552 1.9769 6.3500
v -10.3552 2.2069 6.2800
v -10.1452 -4.8731 5.9700
v -10.1452 -4.6231 6.0000
v -10.1452 -4.4031 5.9800
v -10.1552 -4.1731 6.0100
v -10.1552 -3.9431 6.0200
v -10.1552 -3.7231 6.0300
v -10.1552 -3.5131 6.0300
v -10.1552 -3.2631 6.0300
v -10.1652 -3.0331 6.0300
v -10.1652 -2.8131 6.0300
v -10.1652 -2.5931 6.0400
v -10.1652 -2.3531 6.0400
v -10.1652 -2.1231 6.0500
v -10.1652 -1.9131 6.0600
v -10.1752 -1.6831 6.0700
v -10.1752 -1.4431 6.0600
v -10.1752 -1.2031 6.0900
v -10.1752 -0.9631 6.0900
v -10.1752 -0.7531 6.0900
v -10.1852 -0.4931 6.0900
v -10.1852 -0.2831 6.1100
v -10.1852 -0.0831 6.1100
v -10.1852 0.1269 6.1400
v -10.1852 0.3669 6.1500
v -10.1952 0.5869 6.1600
v -10.1952 0.8269 6.1600
v -10.1952 1.0269 6.1600
v -10.1952 1.2469 6.2100
v -10.1952 1.4669 6.2700
v -10.2052 1.6869 6.3300
v -10.2052 1.9169 6.3200
v -9.9752 -4.9631 5.9600
v -9.9752 -4.7031 5.9800
v -9.9752 -4.4631 5.9800
v -9.9752 -4.2531 5.9900
v -9.9852 -4.0231 5.9900
v -9.9852 -3.8031 6.0200
v -9.9852 -3.5531 6.0200
v -9.9852 -3.3531 6.0200
v -9.9852 -3.1231 6.0300
v -9.9952 -2.8731 6.0200
v -9.9952 -2.6331 6.0500
v -9.9952 -2.4031 6.0400
v -9.9952 -2.1731 6.0400
v -9.9952 -1.9331 6.0700
v -9.9952 -1.7131 6.0500
v -10.0052 -1.4931 6.0700
v -10.0052 -1.2831 6.0800
v -10.0052 -1.0831 6.0800
v -10.0052 -0.8431 6.0700
v -10.0052 -0.6031 6.1000
v -10.0152 -0.4031 6.1000
v -10.0152 -0.1931 6.1100
v -10.0152 0.0369 6.1200
v -10.0152 0.2469 6.1400
v -10.0152 0.4769 6.1400
v -10.0252 0.7169 6.1500
v -10.0252 0.9169 6.1700
v -10.0252 1.1569 6.2300
v -10.0252 1.3669 6.3300
v -10.0252 1.6069 6.3800
v -10.0252 1.8169 6.3600
v -9.7252 -4.8431 5.9800
v -9.7252 -4.6031 6.0100
v -9.7252 -4.3631 5.9900
v -9.7252 -4.1431 6.0200
v -9.7252 -3.9031 5.9900
v -9.7352 -3.6731 6.0100
v -9.7352 -3.4431 6.0300
v -9.7352 -3.2431 6.0300
v -9.7352 -3.0231 6.0200
v -9.7352 -2.8031 6.0300
v -9.7452 -2.5831 6.0400
v -9.7452 -2.3531 6.0400
v -9.7452 -2.1431 6.0600
v -9.7452 -1.9231 6.0600
v -9.7452 -1.7031 6.0700
v -9.7452 -1.4831 6.0800
v -9.7552 -1.2531 6.0800
v -9.7552 -1.0331 6.0800
v -9.7552 -0.7931 6.0800
v -9.7552 -0.5731 6.0900
v -9.7552 -0.3731 6.0900
v -9.7652 -0.1631 6.0800
v -9.7652 0.0869 6.1300
v -9.7652 0.3169 6.1300
v -9.7652 0.5369 6.1600
v -9.7652 0.7369 6.1600
v -9.7752 0.9969 6.3000
v -9.7752 1.2269 6.3300
v -9.7752 1.4569 6.3400
v -9.4652 -4.9931 5.9700
v -9.4752 -4.7731 5.9700
v -9.4752 -4.5731 5.9800
v -9.4752 -4.3431 5.9700
v -9.4752 -4.1331 5.9800
v -9.4752 -3.9131 6.0000
v -9.4852 -3.6931 6.0000
v -9.4852 -3.4731 6.0200
v -9.4852 -3.2531 6.0200
v -9.4852 -3.0331 6.0200
v -9.4852 -2.7931 6.0300
v -9.4952 -2.5731 6.0400
v -9.4952 -2.3431 6.0200
v -9.4952 -2.1331 6.0200
v -9.4952 -1.9331 6.0500
v -9.4952 -1.6931 6.0500
v -9.4952 -1.4731 6.0700
v -9.5052 -1.2231 6.0600
v -9.5052 -1.0131 6.0700
v -9.5052 -0.7931 6.0900
v -9.5052 -0.5631 6.1000
v -9.5052 -0.3231 6.1100
v -9.5152 -0.0931 6.1000
v -9.5152 0.1169 6.1200
v -9.5152 0.3469 6.1400
v -9.5152 0.5969 6.2000
v -9.5152 0.8169 6.3000
v -9.5252 1.0169 6.3300
v -9.5252 1.2369 6.3800
v -9.2752 -4.9331 5.9600
v -9.2752 -4.7231 5.9500
v -9.2752 -4.4931 5.9800
v -9.2852 -4.2431 5.9700
v -9.2852 -4.0231 5.9800
v -9.2852 -3.8131 6.0000
v -9.2852 -3.6131 5.9900
v -9.2852 -3.3631 6.0000
v -9.2952 -3.1531 6.0100
v -9.2952 -2.9231 6.0000
v -9.2952 -2.7031 6.0200
v -9.2952 -2.4831 6.0100
v -9.2952 -2.2431 6.0200
v -9.3052 -2.0031 6.0400
v -9.3052 -1.7831 6.0300
v -9.3052 -1.5531 6.0600
v -9.3052 -1.3231 6.0500
v -9.3052 -1.0831 6.0600
v -9.3152 -0.8731 6.0700
v -9.3152 -0.6531 6.0800
v -9.3152 -0.4331 6.0900
v -9.3152 -0.2031 6.0800
v -9.3152 0.0269 6.1300
v -9.3252 0.2669 6.1900
v -9.3252 0.4869 6.2800
v -9.3252 0.7169 6.3400
v -9.3252 0.9469 6.3300
v -9.0952 -4.8731 5.9600
v -9.0952 -4.6631 5.9700
v -9.0952 -4.4131 5.9800
v -9.0952 -4.2131 5.9600
v -9.0952 -4.0131 5.9700
v -9.0952 -3.7531 5.9800
v -9.1052 -3.5231 5.9800
v -9.1052 -3.2931 6.0200
v -9.1052 -3.0631 6.0000
v -9.1052 -2.8431 6.0000
v -9.1152 -2.6131 6.0000
v -9.1152 -2.3831 6.0100
v -9.1152 -2.1831 6.0100
v -9.1152 -1.9631 6.0500
v -9.1152 -1.7231 6.0300
v -9.1252 -1.4931 6.0300
v -9.1252 -1.2631 6.0500
v -9.1252 -1.0431 6.0800
v -9.1252 -0.8331 6.0600
v -9.1252 -0.5831 6.0800
v -9.1252 -0.3731 6.0800
v -9.1352 -0.1631 6.0900
v -9.1352 0.0869 6.1700
v -9.1352 0.3069 6.3000
v -9.1352 0.5469 6.4000
v -9.1352 0.7469 6.3100
v -8.8552 -4.9831 5.9500
v -8.8552 -4.7331 5.9500
v -8.8552 -4.5031 5.9600
v -8.8552 -4.2931 5.9500
v -8.8652 -4.0731 5.9900
v -8.8652 -3.8331 5.9900
v -8.8652 -3.6131 5.9700
v -8.8652 -3.4031 5.9700
v -8.8652 -3.1731 5.9700
v -8.8752 -2.9531 6.0100
v -8.8752 -2.6931 6.0000
v -8.8752 -2.4731 5.9900
v -8.8752 -2.2731 6.0000
v -8.8752 -2.0431 6.0200
v -8.8852 -1.8131 6.0400
v -8.8852 -1.5931 6.0300
v -8.8852 -1.3731 6.0500
v -8.8852 -1.1531 6.0600
v -8.8852 -0.9131 6.0800
v -8.8852 -0.6731 6.0700
v -8.8952 -0.4531 6.0600
v -8.8952 -0.2331 6.1400
v -8.8952 0.0169 6.2500
v -8.8952 0.2569 6.3300
v -8.8952 0.4669 6.3500
v -8.6052 -4.9331 5.9400
v -8.6152 -4.7031 5.9400
v -8.6152 -4.4631 5.9600
v -8.6152 -4.2431 5.9400
v -8.6152 -4.0231 5.9600
v -8.6152 -3.7931 5.9800
v -8.6252 -3.5831 5.9800
v -8.6252 -3.3631 5.9800
v -8.6252 -3.1231 6.0200
v -8.6252 -2.9031 6.0000
v -8.6252 -2.6731 5.9900
v -8.6352 -2.4431 5.9800
v -8.6352 -2.2231 6.0100
v -8.6352 -1.9831 6.0100
v -8.6352 -1.7531 6.0100
v -8.6352 -1.5231 6.0300
v -8.6452 -1.2931 6.0500
v -8.6452 -1.0531 6.0700
v -8.6452 -0.8331 6.0400
v -8.6452 -0.6231 6.1000
v -8.6452 -0.3931 6.1900
v -8.6552 -0.1531 6.3300
v -8.6552 0.0769 6.3300
v -8.6552 0.2869 6.3500
v -8.3752 -5.0231 5.9200
v -8.3752 -4.8131 5.9200
v -8.3852 -4.5931 5.9300
v -8.3852 -4.3631 5.9500
v -8.3852 -4.1231 5.9500
v -8.3852 -3.8831 5.9400
v -8.3852 -3.6731 5.9400
v -8.3852 -3.4431 5.9700
v -8.3952 -3.2031 5.9900
v -8.3952 -2.9531 5.9800
v -8.3952 -2.7731 6.0000
v -8.3952 -2.5231 6.0100
v -8.3952 -2.2731 6.0000
v -8.4052 -2.0631 5.9900
v -8.4052 -1.8631 6.0100
v -8.4052 -1.6131 6.0200
v -8.4052 -1.3731 6.0400
v -8.4052 -1.1631 6.0500
v -8.4152 -0.9231 6.0700
v -8.4152 -0.7131 6.1500
v -8.4152 -0.4631 6.3100
v -8.4152 -0.2431 6.3100
v -8.4152 -0.0231 6.3500
v -8.1252 -5.0731 5.9200
v -8.1252 -4.8231 5.9200
v -8.1252 -4.5831 5.9300
v -8.1252 -4.3631 5.9400
v -8.1252 -4.1531 5.9500
v -8.1352 -3.8931 5.9600
v -8.1352 -3.6731 5.9400
v -8.1352 -3.4631 5.9600
v -8.1352 -3.2331 5.9800
v -8.1452 -3.0031 5.9700
v -8.1452 -2.7731 5.9800
v -8.1452 -2.5431 6.0000
v -8.1452 -2.3231 6.0000
v -8.1452 -2.0931 6.0000
v -8.1452 -1.8731 6.0000
v -8.1552 -1.6331 6.0100
v -8.1552 -1.4031 6.0400
v -8.1552 -1.1731 6.0700
v -8.1552 -0.9231 6.2100
v -8.1652 -0.6831 6.3100
v -8.1652 -0.4531 6.3600
v -8.1652 -0.2431 6.3700
v -7.8452 -4.8831 5.9200
v -7.8452 -4.6531 5.9200
v -7.8452 -4.4231 5.9200
v -7.8552 -4.2031 5.9500
v -7.8552 -3.9931 5.9400
v -7.8552 -3.7531 5.9500
v -7.8552 -3.5331 5.9700
v -7.8552 -3.3031 5.9600
v -7.8652 -3.0631 5.9800
v -7.8652 -2.8331 5.9900
v -7.8652 -2.5831 5.9800
v -7.8652 -2.3531 6.0100
v -7.8652 -2.1331 6.0300
v -7.8752 -1.9031 6.0000
v -7.8752 -1.6831 6.0100
v -7.8752 -1.4731 6.0600
v -7.8752 -1.2731 6.1700
v -7.8752 -1.0331 6.3200
v -7.8852 -0.7831 6.3200
v -7.8852 -0.5831 6.3400
v -7.6352 -4.9131 5.9100
v -7.6352 -4.6831 5.9100
v -7.6352 -4.4431 5.9200
v -7.6352 -4.2031 5.9300
v -7.6352 -3.9631 5.9500
v -7.6452 -3.7431 5.9400
v -7.6452 -3.5331 5.9400
v -7.6452 -3.3031 5.9800
v -7.6452 -3.0831 5.9500
v -7.6452 -2.8931 5.9800
v -7.6552 -2.6731 5.9700
v -7.6552 -2.4231 5.9700
v -7.6552 -2.2031 6.0100
v -7.6552 -2.0031 6.0000
v -7.6552 -1.7831 6.0300
v -7.6552 -1.5631 6.1300
v -7.6652 -1.3131 6.3200
v -7.6652 -1.0731 6.3700
v -7.6652 -0.8731 6.3600
v -7.4852 -4.9531 5.8800
v -7.4852 -4.7531 5.9100
v -7.4952 -4.5331 5.9100
v -7.4952 -4.3031 5.9100
v -7.4952 -4.0631 5.9300
v -7.4952 -3.8631 5.9200
v -7.4952 -3.6331 5.9500
v -7.5052 -3.4231 5.9500
v -7.5052 -3.2031 5.9600
v -7.5052 -2.9731 5.9600
v -7.5052 -2.7431 5.9600
v -7.5052 -2.5231 5.9700
v -7.5052 -2.3031 5.9800
v -7.5152 -2.0831 6.0000
v -7.5152 -1.8531 6.0500
v -7.5152 -1.6331 6.2000
v -7.5152 -1.3931 6.3400
v -7.5152 -1.1631 6.3400
v -7.5252 -0.9631 6.3600
v -7.3252 -5.0131 5.9000
v -7.3252 -4.7831 5.8900
v -7.3252 -4.5631 5.8800
v -7.3252 -4.3231 5.9300
v -7.3252 -4.1031 5.9400
v -7.3352 -3.8831 5.9400
v -7.3352 -3.6631 5.9400
v -7.3352 -3.4431 5.9500
v -7.3352 -3.2131 5.9400
v -7.3352 -2.9931 5.9600
v -7.3452 -2.7531 5.9800
v -7.3452 -2.5331 5.9700
v -7.3452 -2.3331 5.9800
v -7.3452 -2.1031 6.0200
v -7.3452 -1.8631 6.1800
v -7.3552 -1.6131 6.3300
v -7.3552 -1.3831 6.3300
v -7.3552 -1.1731 6.2400
v -7.0752 -5.0831 5.9000
v -7.0852 -4.8431 5.8700
v -7.0852 -4.6131 5.9000
v -7.0852 -4.3831 5.8900
v -7.0852 -4.1731 5.9200
v -7.0852 -3.9831 5.9100
v -7.0952 -3.7131 5.9300
v -7.0952 -3.4831 5.9200
v -7.0952 -3.2531 5.9200
v -7.0952 -3.0331 5.9300
v -7.0952 -2.7931 5.9500
v -7.1052 -2.5531 5.9700
v -7.1052 -2.3431 5.9900
v -7.1052 -2.1331 6.1700
v -7.1052 -1.9131 6.3300
v -7.1052 -1.6631 6.3500
v -7.1052 -1.4331 6.3700
v -6.8452 -5.0431 5.8800
v -6.8452 -4.8031 5.8800
v -6.8452 -4.5731 5.9100
v -6.8452 -4.3631 5.9000
v -6.8452 -4.1231 5.9100
v -6.8552 -3.9031 5.9200
v -6.8552 -3.6931 5.9100
v -6.8552 -3.4731 5.9300
v -6.8552 -3.2431 5.9200
v -6.8552 -2.9931 5.9300
v -6.8552 -2.7631 5.9600
v -6.8652 -2.5531 6.0200
v -6.8652 -2.3331 6.1800
v -6.8652 -2.0931 6.3300
v -6.8652 -1.8731 6.3600
v -6.8652 -1.9431 3.7900
v -6.8652 -1.7331 3.8200
v -6.6552 -5.0331 5.8600
v -6.6552 -4.7931 5.8700
v -6.6652 -4.5631 5.8900
v -6.6652 -4.3131 5.8900
v -6.6652 -4.1031 5.8900
v -6.6652 -3.8831 5.9100
v -6.6652 -3.6531 5.9100
v -6.6652 -3.4431 5.9200
v -6.6752 -3.2131 5.9300
v -6.6752 -2.9731 5.9300
v -6.6752 -2.7631 5.9900
v -6.6752 -2.5331 6.2300
v -6.6752 -2.2831 6.3200
v -6.6852 -2.0631 6.3700
v -6.6852 -2.1431 3.7600
v -6.6852 -1.9131 3.7300
v -6.7552 6.6369 0.9500
v -6.7552 6.8369 0.6400
v -6.4752 -4.9631 5.8500
v -6.4752 -4.7531 5.8800
v -6.4852 -4.5131 5.8700
v -6.4852 -4.2931 5.8800
v -6.4852 -4.0631 5.8900
v -6.4852 -3.8231 5.9100
v -6.4852 -3.6131 5.9000
v -6.4952 -3.3731 5.9200
v -6.4952 -3.1431 5.9400
v -6.4952 -2.9031 6.1000
v -6.4952 -2.6631 6.2700
v -6.4952 -2.4331 6.3400
v -6.5052 -2.2031 6.3600
v -6.4952 -2.2731 3.7900
v -6.5752 6.4569 0.9800
v -6.5752 6.9869 3.8600
v -6.5752 7.1869 3.7700
v -6.2452 -5.0831 5.8300
v -6.2452 -4.8731 5.8700
v -6.2452 -4.6131 5.8800
v -6.2552 -4.3731 5.8800
v -6.2552 -4.1631 5.8800
v -6.2552 -3.9331 5.9000
v -6.2552 -3.6831 5.9100
v -6.2552 -3.4631 5.9100
v -6.2652 -3.2631 5.9600
v -6.2652 -3.0231 6.1900
v -6.2652 -2.7831 6.3000
v -6.2652 -2.5531 6.3700
v -6.3352 6.0969 0.9700
v -6.3452 6.3269 0.8300
v -6.3452 6.6169 4.2600
v -6.3452 6.8769 4.1300
v -6.3452 7.0869 3.9600
v -6.3452 7.2869 3.9000
v -6.0152 -4.9731 5.8400
v -6.0152 -4.7331 5.8600
v -6.0252 -4.5031 5.8800
v -6.0252 -4.3031 5.8700
v -6.0252 -4.0531 5.8800
v -6.0252 -3.8331 5.8900
v -6.0252 -3.6231 5.9200
v -6.0352 -3.3931 6.0200
v -6.0352 -3.1431 6.3100
v -6.0352 -2.9031 6.3400
v -6.0352 -2.6831 6.3700
v -6.1052 5.9469 0.9900
v -6.1152 6.4869 4.4700
v -6.1152 6.7069 4.3300
v -6.1152 6.9269 4.2000
v -6.1152 7.1769 4.0100
v -6.1252 7.3769 3.9100
v -6.1252 7.6069 3.8300
v -5.8052 -5.0331 5.8400
v -5.8052 -4.7931 5.8600
v -5.8152 -4.5631 5.8600
v -5.8152 -4.3331 5.8600
v -5.8152 -4.0831 5.8900
v -5.8152 -3.8431 5.9100
v -5.8152 -3.6131 5.9400
v -5.8252 -3.4031 6.2600
v -5.8252 -3.1731 6.3400
v -5.8252 -2.9531 6.2800
v -5.9052 6.2269 4.7000
v -5.9052 6.4669 4.5900
v -5.9052 6.6669 4.4600
v -5.9052 6.8869 4.3100
v -5.9052 7.1469 4.1500
v -5.9152 7.3569 4.0300
v -5.9152 7.5669 3.9400
v -5.9152 7.7769 3.8000
v -5.5652 -5.0331 5.8500
v -5.5652 -4.8131 5.8700
v -5.5652 -4.5931 5.8600
v -5.5652 -4.3731 5.8600
v -5.5752 -4.1531 5.8800
v -5.5752 -3.9431 5.9500
v -5.5752 -3.6931 6.2600
v -5.5752 -3.4631 6.3400
v -5.5752 -3.2631 6.2500
v -5.6552 5.7469 5.1900
v -5.6552 5.9669 5.0100
v -5.6552 6.1769 4.8700
v -5.6552 6.4069 4.7400
v -5.6652 6.6269 4.6000
v -5.6652 6.8569 4.4800
v -5.6652 7.0969 4.3000
v -5.6652 7.2969 4.1800
v -5.6652 7.5069 4.0200
v -5.6752 7.7569 3.9200
v -5.6752 7.9869 3.8600
v -5.2852 -4.8831 5.8200
v -5.2852 -4.6731 5.8600
v -5.2852 -4.4531 5.8500
v -5.2852 -4.2131 6.0100
v -5.2852 -3.9731 6.2700
v -5.2852 -3.7531 6.3300
v -5.2952 -3.5331 6.3600
v -5.3652 4.9569 0.8700
v -5.3652 5.1869 0.7900
v -5.3652 5.5069 5.4400
v -5.3652 5.7069 5.2900
v -5.3752 5.9669 5.2000
v -5.3752 6.1769 5.0500
v -5.3752 6.4069 4.8900
v -5.3752 6.6269 4.7300
v -5.3752 6.8569 4.6100
v -5.3852 7.1169 4.4500
v -5.3852 7.3369 4.3100
v -5.3852 7.5569 4.1900
v -5.3852 7.7769 4.0200
v -5.3852 7.9969 3.9500
v -5.3852 8.2069 3.8200
v -5.0552 -5.0031 5.8400
v -5.0552 -4.7731 5.8300
v -5.0552 -4.5331 5.9400
v -5.0552 -4.3331 6.2200
v -5.0652 -4.0931 6.3000
v -5.0652 -3.8631 6.3300
v -5.1352 4.6169 0.8600
v -5.1352 4.8469 0.8900
v -5.1352 5.1769 5.7900
v -5.1352 5.4269 5.6600
v -5.1452 5.6569 5.4900
v -5.1452 5.8669 5.3300
v -5.1452 6.1169 5.1700
v -5.1452 6.3269 5.0200
v -5.1452 6.5469 4.9100
v -5.1552 6.7569 4.7900
v -5.1552 6.9769 4.6200
v -5.1552 7.1769 4.5000
v -5.1552 7.4269 4.3800
v -5.1552 7.6169 4.2500
v -5.1652 7.8269 4.1200
v -5.1652 8.0569 4.0000
v -5.1652 8.2769 3.8900
v -4.9052 -4.8931 5.8300
v -4.9052 -4.6531 5.9500
v -4.9052 -4.4131 6.2700
v -4.9152 -4.2031 6.3300
v -4.9152 -3.9631 6.3000
v -4.9852 5.0769 5.9300
v -4.9852 5.2769 5.8100
v -4.9952 5.4969 5.6700
v -4.9952 5.7369 5.5200
v -4.9952 5.9569 5.4000
v -4.9952 6.1569 5.2500
v -4.9952 6.3769 5.0900
v -5.0052 6.5869 4.9700
v -5.0052 6.8169 4.8200
v -5.0052 7.0369 4.6600
v -5.0052 7.2569 4.5600
v -5.0052 7.4769 4.4400
v -5.0052 7.6969 4.2900
v -5.0152 7.9169 4.1700
v -5.0152 8.1269 4.0300
v -5.0152 8.3769 3.9300
v -5.0152 8.5969 3.8500
v -4.7352 -5.0631 5.8100
v -4.7452 -4.8531 5.9100
v -4.7452 -4.6231 6.3000
v -4.7452 -4.3631 6.2800
v -4.8152 4.5369 0.6300
v -4.8252 4.8769 6.1600
v -4.8252 5.0969 6.0200
v -4.8252 5.3269 5.8700
v -4.8252 5.5569 5.7200
v -4.8252 5.7669 5.5600
v -4.8352 5.9869 5.4500
v -4.8352 6.2069 5.3000
v -4.8352 6.4369 5.1500
v -4.8352 6.6369 5.0000
v -4.8352 6.8769 4.8600
v -4.8452 7.0969 4.7600
v -4.8452 7.3069 4.6100
v -4.8452 7.5269 4.4700
v -4.8452 7.7369 4.3400
v -4.8452 8.0069 4.2000
v -4.8552 8.2369 4.0600
v -4.8552 8.4369 3.8900
v -4.8552 8.6569 3.8600
v -4.4952 -4.9031 6.2800
v -4.4952 -4.6931 6.3000
v -4.4952 -4.4631 6.3500
v -4.5752 4.2269 0.8900
v -4.5752 4.5669 6.4600
v -4.5752 4.7569 6.3600
v -4.5752 5.0169 6.1900
v -4.5852 5.2369 6.0700
v -4.5852 5.4569 5.9000
v -4.5852 5.6569 5.7600
v -4.5852 5.8969 5.6400
v -4.5852 6.1169 5.4800
v -4.5952 6.3469 5.3300
v -4.5952 6.5669 5.2000
v -4.5952 6.8069 5.0500
v -4.5952 7.0369 4.9300
v -4.5952 7.2569 4.7900
v -4.5952 7.4569 4.6400
v -4.6052 7.6769 4.5300
v -4.6052 7.8969 4.4000
v -4.6052 8.1369 4.2500
v -4.6052 8.3569 4.1700
v -4.6052 8.5969 4.3000
v -4.6152 8.8269 4.3700
v -4.2552 -4.8731 6.3100
v -4.3252 3.9969 0.7300
v -4.3352 4.3669 6.7800
v -4.3352 4.6069 6.5600
v -4.3352 4.8369 6.4400
v -4.3352 5.0669 6.2700
v -4.3352 5.2869 6.1300
v -4.3452 5.5069 5.9600
v -4.3452 5.7169 5.8600
v -4.3452 5.9169 5.7000
v -4.3452 6.1469 5.5900
v -4.3452 6.3769 5.4100
v -4.3552 6.6169 5.2900
v -4.3552 6.8469 5.1500
v -4.3552 7.0569 4.9900
v -4.3552 7.2769 4.8700
v -4.3552 7.5069 4.7500
v -4.3552 7.7169 4.6200
v -4.3652 7.9269 4.4900
v -4.3652 8.1669 4.3400
v -4.3652 8.3869 4.3300
v -4.3652 8.6269 4.4800
v -4.3652 8.8569 4.6100
v -4.3752 9.0769 4.8500
v -4.0652 -4.9331 6.3700
v -4.1352 3.5169 0.9200
v -4.1352 3.7369 0.6800
v -4.1452 4.0869 6.7300
v -4.1452 4.3069 6.8300
v -4.1452 4.5269 6.7700
v -4.1452 4.7369 6.5900
v -4.1452 4.9769 6.4300
v -4.1452 5.2069 6.2800
v -4.1552 5.4269 6.1300
v -4.1552 5.6369 5.9900
v -4.1552 5.8769 5.8500
v -4.1552 6.0869 5.7200
v -4.1552 6.2969 5.5900
v -4.1652 6.5369 5.4500
v -4.1652 6.7469 5.3300
v -4.1652 6.9669 5.2000
v -4.1652 7.2069 5.0100
v -4.1652 7.4269 4.8900
v -4.1752 7.6669 4.7700
v -4.1752 7.8969 4.6100
v -4.1752 8.1269 4.5100
v -4.1752 8.3469 4.4700
v -4.1752 8.5769 4.5900
v -4.1752 8.8169 4.7300
v -4.1852 9.0269 4.8500
v -4.1852 9.2469 5.0100
v -3.9452 3.2069 1.0000
v -3.9552 3.4269 0.8900
v -3.9552 3.7769 6.7800
v -3.9552 4.0069 6.7600
v -3.9552 4.2469 6.8400
v -3.9552 4.4469 6.9000
v -3.9552 4.6569 6.7300
v -3.9652 4.8869 6.5900
v -3.9652 5.1069 6.4400
v -3.9652 5.3369 6.3000
v -3.9652 5.5669 6.1600
v -3.9652 5.7569 6.0100
v -3.9752 6.0169 5.8500
v -3.9752 6.2369 5.7000
v -3.9752 6.4669 5.6000
v -3.9752 6.6769 5.4700
v -3.9752 6.9369 5.3000
v -3.9852 7.1669 5.1600
v -3.9852 7.3669 5.0300
v -3.9852 7.5769 4.9000
v -3.9852 7.8269 4.7700
v -3.9852 8.0469 4.6100
v -3.9852 8.2469 4.5800
v -3.9952 8.4969 4.6900
v -3.9952 8.7169 4.8100
v -3.9952 8.9669 4.9700
v -3.9952 9.1669 5.1100
v -3.7052 2.9969 0.8700
v -3.7052 3.2369 0.8600
v -3.7052 3.5669 6.7500
v -3.7152 3.8169 6.7700
v -3.7152 4.0569 6.8300
v -3.7152 4.2769 6.9600
v -3.7152 4.4969 6.9700
v -3.7152 4.7169 6.7900
v -3.7252 4.9869 6.6300
v -3.7252 5.1869 6.5300
v -3.7252 5.3969 6.3600
v -3.7252 5.6369 6.2300
v -3.7252 5.8569 6.1000
v -3.7252 6.0769 5.9500
v -3.7352 6.2969 5.8300
v -3.7352 6.5269 5.6700
v -3.7352 6.7469 5.5200
v -3.7352 6.9869 5.4000
v -3.7352 7.1969 5.2800
v -3.7452 7.4169 5.1100
v -3.7452 7.6369 5.0000
v -3.7452 7.8669 4.8600
v -3.7452 8.0969 4.7200
v -3.7452 8.3269 4.7600
v -3.7552 8.5669 4.8700
v -3.7552 8.8169 5.0100
v -3.7552 9.0569 5.1800
v -3.7552 9.2469 5.3200
v -3.7552 9.4869 5.4000
v -3.3952 -4.0131 1.8900
v -3.4052 -3.7731 1.9300
v -3.4052 -3.5731 1.9600
v -3.4552 2.9969 0.7700
v -3.4652 3.3769 6.7400
v -3.4652 3.6069 6.7500
v -3.4652 3.8369 6.8400
v -3.4652 4.0569 6.9600
v -3.4652 4.2869 7.1100
v -3.4652 4.4969 7.1000
v -3.4752 4.7369 6.9400
v -3.4752 4.9669 6.7400
v -3.4752 5.1669 6.6300
v -3.4752 5.4169 6.5000
v -3.4752 5.6269 6.3800
v -3.4852 5.8469 6.2200
v -3.4852 6.0669 6.0700
v -3.4852 6.3069 5.9500
v -3.4852 6.5369 5.8000
v -3.4852 6.7669 5.6600
v -3.4952 6.9969 5.5100
v -3.4952 7.2369 5.3900
v -3.4952 7.4469 5.2300
v -3.4952 7.6669 5.0800
v -3.4952 7.8869 4.9700
v -3.4952 8.1069 4.8700
v -3.5052 8.3169 4.9400
v -3.5052 8.5369 5.0500
v -3.5052 8.7669 5.1700
v -3.5052 8.9869 5.3200
v -3.5052 9.2069 5.4400
v -3.5152 9.4269 5.5600
v -3.5152 9.6469 5.6800
v -3.1652 -4.0931 1.9000
v -3.1752 -3.8731 1.9300
v -3.1752 -3.6231 1.9700
v -3.1752 -3.3731 2.0000
v -3.1752 -3.1331 1.9800
v -3.2252 2.7169 0.7600
v -3.2252 3.0869 6.7400
v -3.2352 3.3369 6.7700
v -3.2352 3.5469 6.8300
v -3.2352 3.7869 6.9300
v -3.2352 3.9969 7.0600
v -3.2352 4.2369 7.2200
v -3.2452 4.4669 7.2800
v -3.2452 4.6869 7.1000
v -3.2452 4.8969 6.9400
v -3.2452 5.1469 6.7800
v -3.2452 5.3869 6.6600
v -3.2452 5.6169 6.5100
v -3.2552 5.8369 6.3700
v -3.2552 6.0569 6.2200
v -3.2552 6.2669 6.1000
v -3.2552 6.4869 5.9900
v -3.2552 6.6769 5.8500
v -3.2652 6.9069 5.7100
v -3.2652 7.1469 5.5800
v -3.2652 7.3569 5.4300
v -3.2652 7.5769 5.3000
v -3.2652 7.7769 5.1700
v -3.2652 7.9969 5.0500
v -3.2752 8.2469 5.0500
v -3.2752 8.4569 5.1700
v -3.2752 8.6869 5.3100
v -3.2752 8.9069 5.4300
v -3.2752 9.1369 5.5800
v -3.2852 9.3469 5.7100
v -3.2852 9.5769 5.8500
v -3.2852 9.8269 6.0000
v -3.2852 10.0369 5.9800
v -2.9152 -4.3731 1.8800
v -2.9152 -4.1531 1.9300
v -2.9152 -3.9331 1.9800
v -2.9152 -3.7131 1.9800
v -2.9252 -3.4731 2.0300
v -2.9252 -3.2431 2.0500
v -2.9252 -2.9931 2.0900
v -2.9752 2.4069 0.7300
v -2.9752 2.7769 6.7300
v -2.9752 3.0169 6.7800
v -2.9752 3.2569 6.8600
v -2.9852 3.4869 6.9700
v -2.9852 3.7269 7.1000
v -2.9852 3.9769 7.2300
v -2.9852 4.2169 7.3600
v -2.9852 4.4169 7.4300
v -2.9852 4.6369 7.2500
v -2.9952 4.8569 7.1000
v -2.9952 5.0769 6.9800
v -2.9952 5.2769 6.8500
v -2.9952 5.4869 6.7100
v -2.9952 5.7169 6.5500
v -3.0052 5.9369 6.4700
v -3.0052 6.1469 6.3100
v -3.0052 6.3369 6.1800
v -3.0052 6.5869 6.0400
v -3.0052 6.8369 5.9000
v -3.0052 7.0469 5.7600
v -3.0152 7.2469 5.6400
v -3.0152 7.4469 5.5100
v -3.0152 7.6969 5.3600
v -3.0152 7.9169 5.2200
v -3.0152 8.1469 5.2100
v -3.0152 8.3369 5.2900
v -3.0252 8.5869 5.4200
v -3.0252 8.8269 5.6000
v -3.0252 9.0469 5.7300
v -3.0252 9.2769 5.8600
v -3.0252 9.5369 6.0300
v -3.0352 9.7469 6.1200
v -3.0352 9.9669 5.9900
v -3.0352 10.1869 5.9300
v -2.6252 -4.8431 1.8500
v -2.6252 -4.5931 1.9000
v -2.6352 -4.3831 1.9500
v -2.6352 -4.1731 1.9800
v -2.6352 -3.9431 2.0100
v -2.6352 -3.7031 2.0300
v -2.6352 -3.4931 2.0700
v -2.6352 -3.2631 2.0900
v -2.6452 -3.0331 2.1200
v -2.6452 -2.7931 2.1300
v -2.6852 2.3869 6.7600
v -2.6852 2.6069 6.7600
v -2.6952 2.8269 6.8100
v -2.6952 3.0569 6.8900
v -2.6952 3.2669 6.9900
v -2.6952 3.4769 7.1200
v -2.6952 3.6769 7.2100
v -2.7052 3.9469 7.3400
v -2.7052 4.1569 7.4600
v -2.7052 4.3769 7.6200
v -2.7052 4.5869 7.4700
v -2.7052 4.7969 7.3100
v -2.7152 5.0369 7.1500
v -2.7152 5.2569 7.0300
v -2.7152 5.4769 6.9100
v -2.7152 5.6869 6.7400
v -2.7152 5.9069 6.6200
v -2.7152 6.1369 6.4600
v -2.7252 6.3369 6.3600
v -2.7252 6.5769 6.2200
v -2.7252 6.7969 6.0500
v -2.7252 7.0069 5.9600
v -2.7252 7.2269 5.8100
v -2.7352 7.4569 5.6300
v -2.7352 7.6969 5.4900
v -2.7352 7.9369 5.3900
v -2.7352 8.1469 5.4300
v -2.7352 8.3669 5.5400
v -2.7352 8.6169 5.6500
v -2.7452 8.8369 5.7500
v -2.7452 9.0469 5.9000
v -2.7452 9.2869 6.0700
v -2.7452 9.5269 6.2200
v -2.7452 9.7669 6.1600
v -2.7552 9.9669 6.0300
v -2.7552 10.1769 5.9900
v -2.7552 10.4269 6.0100
v -2.4052 -5.0831 1.8500
v -2.4052 -4.8431 1.9200
v -2.4052 -4.6131 1.9500
v -2.4052 -4.3831 1.9700
v -2.4152 -4.1431 1.9900
v -2.4152 -3.9331 2.0300
v -2.4152 -3.7031 2.0600
v -2.4152 -3.4631 2.1000
v -2.4252 -3.2131 2.1100
v -2.4252 -2.9931 2.1300
v -2.4252 -2.7731 2.1800
v -2.4252 -2.5231 2.2200
v -2.4652 2.1069 6.7300
v -2.4652 1.9569 0.8100
v -2.4652 2.3469 6.7900
v -2.4652 2.5569 6.8300
v -2.4752 2.7869 6.9000
v -2.4752 2.9869 7.0200
v -2.4752 3.2069 7.0900
v -2.4752 3.4569 7.2100
v -2.4752 3.6869 7.3300
v -2.4752 3.9069 7.4700
v -2.4852 4.1169 7.6000
v -2.4852 4.3469 7.7200
v -2.4852 4.5769 7.5600
v -2.4852 4.7769 7.4500
v -2.4852 5.0169 7.2700
v -2.4952 5.2369 7.1200
v -2.4952 5.4569 7.0200
v -2.4952 5.6869 6.8700
v -2.4952 5.9069 6.7300
v -2.4952 6.1469 6.5800
v -2.5052 6.3769 6.4400
v -2.5052 6.5769 6.3100
v -2.5052 6.8269 6.1500
v -2.5052 7.0269 6.0400
v -2.5052 7.2569 5.8900
v -2.5052 7.4469 5.7600
v -2.5152 7.6869 5.6200
v -2.5152 7.9269 5.5100
v -2.5152 8.1669 5.5900
v -2.5152 8.3769 5.6800
v -2.5152 8.5869 5.8300
v -2.5252 8.8269 5.9700
v -2.5252 9.0469 6.1100
v -2.5252 9.2669 6.2300
v -2.5252 9.5069 6.3400
v -2.5252 9.7169 6.2200
v -2.5352 9.9569 6.1300
v -2.5352 10.1869 6.0400
v -2.5352 10.4069 5.9900
v -2.5352 10.6269 5.9800
v -2.2652 -4.9831 1.8700
v -2.2652 -4.7331 1.9500
v -2.2652 -4.5131 1.9900
v -2.2652 -4.2731 2.0000
v -2.2652 -4.0331 2.0400
v -2.2752 -3.8231 2.0700
v -2.2752 -3.6131 2.0800
v -2.2752 -3.3631 2.1200
v -2.2752 -3.1331 2.1400
v -2.2752 -2.9131 2.1800
v -2.2852 -2.6831 2.2000
v -2.2852 -2.4531 2.2300
v -2.3152 1.7869 0.9100
v -2.3252 2.1769 6.6300
v -2.3252 2.3969 6.7600
v -2.3252 2.6169 6.8800
v -2.3252 2.8369 6.9800
v -2.3252 3.0669 7.1300
v -2.3252 3.2869 7.2200
v -2.3352 3.5269 7.3700
v -2.3352 3.7469 7.4800
v -2.3352 3.9569 7.5900
v -2.3352 4.1969 7.7100
v -2.3352 4.4369 7.7700
v -2.3452 4.6769 7.6100
v -2.3452 4.8969 7.4400
v -2.3452 5.1069 7.3100
v -2.3452 5.3469 7.1600
v -2.3452 5.5569 7.0400
v -2.3552 5.7469 6.9000
v -2.3552 5.9669 6.7600
v -2.3552 6.2069 6.6400
v -2.3552 6.4469 6.4800
v -2.3552 6.6569 6.3300
v -2.3652 6.8769 6.2000
v -2.3652 7.0969 6.0800
v -2.3652 7.3269 5.9000
v -2.3652 7.5469 5.8000
v -2.3652 7.7569 5.6900
v -2.3652 7.9869 5.6200
v -2.3752 8.2069 5.6900
v -2.3752 8.4469 5.8100
v -2.3752 8.6769 5.9600
v -2.3752 8.8969 6.1100
v -2.3752 9.1369 6.2500
v -2.3852 9.3669 6.4100
v -2.3852 9.6069 6.3400
v -2.3852 9.8169 6.2300
v -2.3852 10.0569 6.1400
v -2.3852 10.2869 6.0500
v -2.3952 10.5069 6.0100
v -2.3952 10.7069 5.9800
v -2.0952 -4.9431 1.9500
v -2.0952 -4.6931 1.9800
v -2.0952 -4.4731 2.0100
v -2.0952 -4.2431 2.0300
v -2.0952 -4.0331 2.0700
v -2.1052 -3.8031 2.0800
v -2.1052 -3.5731 2.1300
v -2.1052 -3.3431 2.1400
v -2.1052 -3.1131 2.1400
v -2.1052 -2.8831 2.2100
v -2.1152 -2.6231 2.2300
v -2.1152 -2.3931 2.2800
v -2.1452 1.5669 0.9100
v -2.1452 1.9369 6.3300
v -2.1552 2.1569 6.5000
v -2.1552 2.3669 6.6400
v -2.1552 2.5969 6.7600
v -2.1552 2.8469 6.9100
v -2.1552 3.0969 7.0700
v -2.1652 3.3269 7.2300
v -2.1652 3.5369 7.3700
v -2.1652 3.7769 7.5200
v -2.1652 4.0069 7.6600
v -2.1652 4.2269 7.8000
v -2.1752 4.4269 7.8400
v -2.1752 4.6569 7.7200
v -2.1752 4.9069 7.5400
v -2.1752 5.1369 7.3800
v -2.1752 5.3369 7.2300
v -2.1752 5.5569 7.1200
v -2.1852 5.7769 7.0100
v -2.1852 6.0069 6.8400
v -2.1852 6.2069 6.7200
v -2.1852 6.4269 6.5700
v -2.1852 6.6369 6.4300
v -2.1952 6.8869 6.3000
v -2.1952 7.1269 6.1700
v -2.1952 7.3269 6.0300
v -2.1952 7.5669 5.8600
v -2.1952 7.8069 5.7500
v -2.2052 8.0469 5.7800
v -2.2052 8.2469 5.8800
v -2.2052 8.4869 5.9900
v -2.2052 8.7269 6.1700
v -2.2052 8.9469 6.2800
v -2.2052 9.1569 6.4400
v -2.2152 9.3969 6.4800
v -2.2152 9.6469 6.3400
v -2.2152 9.8469 6.2600
v -2.2152 10.0769 6.1800
v -2.2152 10.2969 6.1000
v -2.2252 10.5369 6.0400
v -2.2252 10.7469 6.0100
v -1.8352 -5.0031 1.9900
v -1.8452 -4.7531 1.9900
v -1.8452 -4.5131 2.0400
v -1.8452 -4.2831 2.0700
v -1.8452 -4.0731 2.1000
v -1.8452 -3.8031 2.1400
v -1.8552 -3.5731 2.1500
v -1.8552 -3.3731 2.2000
v -1.8552 -3.1831 2.2100
v -1.8552 -2.9431 2.2400
v -1.8552 -2.7131 2.3000
v -1.8552 -2.4831 2.2700
v -1.8652 -2.2831 2.3200
v -1.8652 -2.0531 2.3100
v -1.8952 1.4369 5.9600
v -1.8952 1.3069 0.8700
v -1.8952 1.6669 6.0600
v -1.8952 1.8769 6.1600
v -1.8952 2.1269 6.3100
v -1.9052 2.3469 6.4500
v -1.9052 2.5569 6.5800
v -1.9052 2.7569 6.7000
v -1.9052 3.0269 6.8300
v -1.9052 3.2669 7.0200
v -1.9152 3.4769 7.1600
v -1.9152 3.7069 7.3000
v -1.9152 3.9369 7.4300
v -1.9152 4.1769 7.6200
v -1.9152 4.3869 7.7400
v -1.9152 4.5869 7.8300
v -1.9252 4.8369 7.7400
v -1.9252 5.0669 7.5700
v -1.9252 5.2969 7.4100
v -1.9252 5.5069 7.2800
v -1.9252 5.7269 7.1500
v -1.9352 5.9669 6.9900
v -1.9352 6.1969 6.8600
v -1.9352 6.4169 6.7300
v -1.9352 6.6369 6.5900
v -1.9352 6.8669 6.4600
v -1.9452 7.1069 6.3100
v -1.9452 7.3069 6.1800
v -1.9452 7.5169 6.0400
v -1.9452 7.7669 5.8900
v -1.9452 7.9969 5.9400
v -1.9552 8.1969 6.0200
v -1.9552 8.4069 6.1500
v -1.9552 8.6469 6.3000
v -1.9552 8.9069 6.4500
v -1.9552 9.1169 6.5900
v -1.9552 9.3369 6.5600
v -1.9652 9.5769 6.4500
v -1.9652 9.8169 6.3700
v -1.9652 10.0469 6.3300
v -1.9652 10.2769 6.2500
v -1.9652 10.5269 6.1900
v -1.9752 10.7469 6.1400
v -1.9752 10.9569 6.0500
v -1.5952 -4.9431 2.0200
v -1.5952 -4.7531 2.0300
v -1.5952 -4.5231 2.0700
v -1.5952 -4.2931 2.0800
v -1.6052 -4.0531 2.1300
v -1.6052 -3.8631 2.1500
v -1.6052 -3.6231 2.1800
v -1.6052 -3.4131 2.2100
v -1.6052 -3.1831 2.2200
v -1.6152 -2.9631 2.2600
v -1.6152 -2.7231 2.2900
v -1.6152 -2.5031 2.3100
v -1.6152 -2.2831 2.3500
v -1.6152 -2.0731 2.3700
v -1.6252 -1.8331 2.4200
v -1.6452 1.1869 5.6700
v -1.6452 1.0669 0.9300
v -1.6452 1.4269 5.7600
v -1.6452 1.6669 5.8800
v -1.6552 1.8969 6.0600
v -1.6552 2.1169 6.1700
v -1.6552 2.3369 6.2700
v -1.6552 2.5769 6.4600
v -1.6552 2.7869 6.5900
v -1.6652 3.0069 6.7300
v -1.6652 3.2569 6.8600
v -1.6652 3.4769 7.0000
v -1.6652 3.7169 7.1800
v -1.6652 3.9469 7.3300
v -1.6752 4.1569 7.4600
v -1.6752 4.4069 7.6300
v -1.6752 4.6569 7.8100
v -1.6752 4.8769 7.8200
v -1.6752 5.0869 7.7000
v -1.6852 5.3169 7.5600
v -1.6852 5.5569 7.3900
v -1.6852 5.7469 7.2400
v -1.6852 5.9669 7.1400
v -1.6852 6.2069 6.9800
v -1.6852 6.4469 6.8200
v -1.6952 6.6569 6.7100
v -1.6952 6.8869 6.5600
v -1.6952 7.1069 6.4300
v -1.6952 7.3369 6.2800
v -1.6952 7.5569 6.1300
v -1.7052 7.7869 6.0300
v -1.7052 8.0169 6.1200
v -1.7052 8.2569 6.2700
v -1.7052 8.4969 6.4000
v -1.7052 8.7369 6.5500
v -1.7152 8.9769 6.7000
v -1.7152 9.1969 6.6900
v -1.7152 9.4169 6.6200
v -1.7152 9.6069 6.5600
v -1.7152 9.8269 6.4700
v -1.7152 10.0569 6.3400
v -1.7252 10.2769 6.2400
v -1.7252 10.4769 6.1100
v -1.7252 10.7069 5.9600
v -1.7252 10.9169 5.8600
v -1.7252 11.1469 5.7300
v -1.4052 -5.0431 2.0300
v -1.4052 -4.8231 2.0500
v -1.4152 -4.6031 2.0700
v -1.4152 -4.3531 2.1100
v -1.4152 -4.1331 2.1400
v -1.4152 -3.9331 2.1700
v -1.4152 -3.7131 2.1700
v -1.4252 -3.4731 2.2200
v -1.4252 -3.2531 2.2500
v -1.4252 -3.0131 2.2600
v -1.4252 -2.7931 2.3000
v -1.4252 -2.5831 2.3500
v -1.4352 -2.3431 2.3500
v -1.4352 -2.1031 2.3600
v -1.4352 -1.8731 2.4200
v -1.4352 -1.6331 2.5000
v -1.4552 0.8169 1.0200
v -1.4552 1.1269 5.5100
v -1.4552 1.0069 0.9800
v -1.4652 1.3469 5.6400
v -1.4652 1.6069 5.7600
v -1.4652 1.8169 5.8700
v -1.4652 2.0469 6.0000
v -1.4652 2.2869 6.1600
v -1.4752 2.5169 6.2600
v -1.4752 2.7569 6.4500
v -1.4752 2.9969 6.6000
v -1.4752 3.2269 6.7600
v -1.4752 3.4569 6.9000
v -1.4852 3.6869 7.0400
v -1.4852 3.9269 7.2000
v -1.4852 4.1469 7.3000
v -1.4852 4.3669 7.4800
v -1.4852 4.5969 7.6500
v -1.4952 4.8469 7.8000
v -1.4952 5.0569 7.8000
v -1.4952 5.2769 7.6700
v -1.4952 5.5069 7.5200
v -1.4952 5.7269 7.3800
v -1.4952 5.9369 7.2200
v -1.5052 6.1669 7.1100
v -1.5052 6.4069 6.9600
v -1.5052 6.6369 6.8000
v -1.5052 6.8469 6.6800
v -1.5052 7.0969 6.5200
v -1.5152 7.3369 6.3800
v -1.5152 7.5569 6.2700
v -1.5152 7.7469 6.1600
v -1.5152 7.9769 6.2100
v -1.5152 8.2069 6.3400
v -1.5252 8.4069 6.5000
v -1.5252 8.6469 6.6300
v -1.5252 8.8669 6.7700
v -1.5252 9.0869 6.7400
v -1.5252 9.2869 6.6800
v -1.5252 9.5069 6.5000
v -1.5352 9.7369 6.3800
v -1.5352 9.9769 6.2300
v -1.5352 10.1869 6.1400
v -1.5352 10.4069 5.9800
v -1.5352 10.6069 5.8900
v -1.5452 10.8569 5.7400
v -1.5452 11.0769 5.6400
v -1.5452 11.3069 5.4900
v -1.2252 -5.0831 2.0600
v -1.2352 -4.8431 2.0800
v -1.2352 -4.6231 2.1000
v -1.2352 -4.3831 2.1300
v -1.2352 -4.1831 2.1500
v -1.2352 -3.9531 2.1900
v -1.2452 -3.7131 2.2200
v -1.2452 -3.4731 2.2700
v -1.2452 -3.2431 2.2900
v -1.2452 -3.0131 2.3000
v -1.2452 -2.7831 2.3600
v -1.2552 -2.5431 2.3600
v -1.2552 -2.3331 2.3900
v -1.2552 -2.1231 2.3900
v -1.2552 -1.8931 2.4500
v -1.2552 -1.6631 2.4600
v -1.2752 0.1069 0.7200
v -1.2752 0.3269 0.9300
v -1.2752 0.5669 1.0000
v -1.2752 0.9069 5.2600
v -1.2752 0.7969 0.9700
v -1.2852 1.1369 5.3700
v -1.2852 1.3769 5.5200
v -1.2852 1.5969 5.6600
v -1.2852 1.8369 5.7600
v -1.2852 2.0669 5.9200
v -1.2952 2.3069 6.0600
v -1.2952 2.5369 6.2000
v -1.2952 2.7569 6.3400
v -1.2952 2.9869 6.5000
v -1.2952 3.2269 6.6500
v -1.3052 3.4569 6.8100
v -1.3052 3.6769 6.9500
v -1.3052 3.9169 7.0700
v -1.3052 4.1369 7.2200
v -1.3052 4.3669 7.3900
v -1.3052 4.5869 7.5500
v -1.3152 4.8169 7.7100
v -1.3152 5.0669 7.8400
v -1.3152 5.2969 7.7400
v -1.3152 5.5169 7.6400
v -1.3152 5.7469 7.4300
v -1.3252 6.0069 7.3000
v -1.3252 6.2169 7.2100
v -1.3252 6.4169 7.0500
v -1.3252 6.6169 6.9500
v -1.3252 6.8569 6.8000
v -1.3352 7.0769 6.6400
v -1.3352 7.2869 6.4900
v -1.3352 7.4869 6.3900
v -1.3352 7.7269 6.3000
v -1.3352 7.9369 6.3700
v -1.3452 8.1569 6.4800
v -1.3452 8.3769 6.6400
v -1.3452 8.6269 6.7600
v -1.3452 8.8469 6.7400
v -1.3452 9.0669 6.6300
v -1.3452 9.2669 6.5300
v -1.3552 9.5069 6.3900
v -1.3552 9.7169 6.2400
v -1.3552 9.9469 6.1300
v -1.3552 10.1569 5.9800
v -1.3552 10.3769 5.8700
v -1.3652 10.6169 5.7400
v -1.3652 10.8469 5.6100
v -1.3652 11.0769 5.4600
v -1.3652 11.3069 5.3100
v -1.3652 11.5169 5.1600
v -0.9952 -5.0631 2.0600
v -0.9952 -4.8131 2.0800
v -1.0052 -4.5731 2.1200
v -1.0052 -4.3531 2.1700
v -1.0052 -4.1331 2.2000
v -1.0052 -3.9131 2.2300
v -1.0052 -3.6931 2.2500
v -1.0052 -3.4731 2.2700
v -1.0152 -3.2431 2.3000
v -1.0152 -3.0031 2.3400
v -1.0152 -2.7531 2.3800
v -1.0152 -2.5431 2.4000
v -1.0152 -2.3331 2.4200
v -1.0252 -2.1031 2.4700
v -1.0252 -1.8731 2.5000
v -1.0252 -1.6431 2.5200
v -1.0252 -1.4231 2.5500
v -1.0352 -0.0731 0.8900
v -1.0452 0.1769 1.0200
v -1.0452 0.3769 0.9900
v -1.0452 0.7069 4.9900
v -1.0452 0.6069 0.9000
v -1.0452 0.9569 5.1500
v -1.0452 1.1769 5.2700
v -1.0552 1.3969 5.3900
v -1.0552 1.6369 5.5500
v -1.0552 1.8669 5.6700
v -1.0552 2.0969 5.8000
v -1.0552 2.3369 5.9600
v -1.0652 2.5469 6.1000
v -1.0652 2.7869 6.2400
v -1.0652 3.0169 6.3800
v -1.0652 3.2569 6.5400
v -1.0652 3.4869 6.6900
v -1.0752 3.7169 6.8500
v -1.0752 3.9669 7.0000
v -1.0752 4.2069 7.1100
v -1.0752 4.4469 7.2900
v -1.0752 4.6569 7.4400
v -1.0752 4.8769 7.6100
v -1.0852 5.1069 7.7600
v -1.0852 5.3169 7.8500
v -1.0852 5.5069 7.7500
v -1.0852 5.7669 7.6000
v -1.0852 5.9869 7.4600
v -1.0952 6.1869 7.3500
v -1.0952 6.3969 7.1900
v -1.0952 6.6069 7.0700
v -1.0952 6.8569 6.9100
v -1.0952 7.0869 6.7700
v -1.1052 7.2869 6.6300
v -1.1052 7.4869 6.5400
v -1.1052 7.7169 6.4300
v -1.1052 7.9669 6.5800
v -1.1052 8.1769 6.6800
v -1.1052 8.3969 6.7800
v -1.1152 8.6169 6.7300
v -1.1152 8.8369 6.6100
v -1.1152 9.0669 6.4700
v -1.1152 9.2769 6.3500
v -1.1152 9.5369 6.2000
v -1.1252 9.7769 6.0500
v -1.1252 9.9869 5.9400
v -1.1252 10.2069 5.7900
v -1.1252 10.4169 5.6900
v -1.1252 10.6369 5.5600
v -1.1352 10.8569 5.4000
v -1.1352 11.0869 5.3100
v -1.1352 11.3169 5.1500
v -1.1352 11.5669 5.0200
v -1.1352 11.7669 4.8600
v -0.7652 -4.9331 2.1000
v -0.7652 -4.7031 2.1600
v -0.7652 -4.4731 2.1900
v -0.7752 -4.2331 2.2000
v -0.7752 -4.0231 2.2400
v -0.7752 -3.7931 2.2800
v -0.7752 -3.5831 2.2900
v -0.7752 -3.3531 2.3200
v -0.7752 -3.1131 2.3600
v -0.7852 -2.9031 2.3800
v -0.7852 -2.6731 2.4100
v -0.7852 -2.4231 2.4400
v -0.7852 -2.2031 2.4900
v -0.7852 -1.9931 2.5100
v -0.7952 -1.7331 2.5500
v -0.7952 -1.5031 2.5400
v -0.7952 -1.2731 2.6000
v -0.7952 -1.0331 2.6300
v -0.8052 -0.4131 1.0300
v -0.8052 -0.1831 1.0800
v -0.8052 0.0369 1.0300
v -0.8052 0.3569 4.6700
v -0.8052 0.2669 0.9900
v -0.8152 0.6069 4.8300
v -0.8152 0.8269 4.9400
v -0.8152 1.0569 5.0500
v -0.8152 1.2669 5.1700
v -0.8152 1.5269 5.2900
v -0.8252 1.7569 5.4700
v -0.8252 1.9969 5.6200
v -0.8252 2.2369 5.7800
v -0.8252 2.4769 5.9300
v -0.8252 2.7069 6.0900
v -0.8352 2.9269 6.2100
v -0.8352 3.1469 6.3600
v -0.8352 3.3669 6.4900
v -0.8352 3.5969 6.6100
v -0.8352 3.7969 6.7600
v -0.8352 4.0569 6.9300
v -0.8452 4.2669 7.0800
v -0.8452 4.4869 7.2000
v -0.8452 4.7069 7.3500
v -0.8452 4.9269 7.5000
v -0.8452 5.1769 8.4900
v -0.8452 5.1669 7.7200
v -0.8552 5.3969 7.8600
v -0.8552 5.6169 7.8200
v -0.8552 5.8269 7.6800
v -0.8552 6.0369 7.5400
v -0.8552 6.2769 7.4100
v -0.8652 6.4769 7.2700
v -0.8652 6.7169 7.0800
v -0.8652 6.9269 6.9500
v -0.8652 7.1469 6.8500
v -0.8652 7.3769 6.7000
v -0.8652 7.6169 6.5900
v -0.8752 7.8469 6.7000
v -0.8752 8.0769 6.8200
v -0.8752 8.2969 6.7600
v -0.8752 8.5369 6.6300
v -0.8752 8.7269 6.5100
v -0.8852 8.9469 6.3600
v -0.8852 9.1669 6.2400
v -0.8852 9.3969 6.1300
v -0.8852 9.6369 5.9800
v -0.8852 9.8669 5.8500
v -0.8952 10.0869 5.7000
v -0.8952 10.3069 5.5700
v -0.8952 10.5169 5.4400
v -0.8952 10.7369 5.3000
v -0.8952 10.9569 5.1700
v -0.8952 11.1869 5.0500
v -0.9052 11.4069 4.9200
v -0.9052 11.6169 4.7800
v -0.9052 11.8669 4.6300
v -0.5452 -4.9631 2.1500
v -0.5552 -4.7331 2.1800
v -0.5552 -4.5231 2.2000
v -0.5552 -4.2731 2.2300
v -0.5552 -4.0331 2.2600
v -0.5552 -3.8231 2.2800
v -0.5652 -3.6031 2.3300
v -0.5652 -3.3431 2.3600
v -0.5652 -3.1031 2.4000
v -0.5652 -2.8931 2.3900
v -0.5652 -2.6631 2.4400
v -0.5652 -2.4231 2.4700
v -0.5752 -2.2031 2.5000
v -0.5752 -1.9931 2.5600
v -0.5752 -1.7531 2.5700
v -0.5752 -1.5131 2.5800
v -0.5752 -1.2931 2.5800
v -0.5852 -1.0531 2.6200
v -0.5852 -0.8631 2.7200
v -0.5852 -0.9131 0.9200
v -0.5852 -0.6531 1.0800
v -0.5852 -0.4331 1.1100
v -0.5852 -0.2131 1.1000
v -0.5952 0.1169 4.3200
v -0.5952 0.0269 1.0000
v -0.5952 0.3569 4.5300
v -0.5952 0.6069 4.6500
v -0.5952 0.8469 4.7800
v -0.5952 1.0869 4.9100
v -0.6052 1.2969 5.0700
v -0.6052 1.5169 5.1800
v -0.6052 1.7369 5.3200
v -0.6052 1.9569 5.4700
v -0.6052 2.1769 5.5900
v -0.6052 2.4169 5.7600
v -0.6152 2.6369 5.9000
v -0.6152 2.8469 6.0400
v -0.6152 3.0669 6.1600
v -0.6152 3.2869 6.3200
v -0.6152 3.5269 6.4700
v -0.6252 3.7669 6.6300
v -0.6252 3.9769 6.7500
v -0.6252 4.1969 6.9000
v -0.6252 4.4269 7.0600
v -0.6252 4.6669 7.1900
v -0.6252 4.9069 8.5600
v -0.6352 4.8769 7.3500
v -0.6352 5.1369 8.5900
v -0.6352 5.3469 8.5600
v -0.6352 5.5569 7.8900
v -0.6352 5.7969 7.8500
v -0.6352 6.0069 7.7100
v -0.6452 6.2569 7.5400
v -0.6452 6.4969 7.3900
v -0.6452 6.6969 7.2400
v -0.6452 6.9269 7.1100
v -0.6452 7.1369 7.0000
v -0.6552 7.3569 6.8600
v -0.6552 7.5769 6.7600
v -0.6552 7.7869 6.8100
v -0.6552 8.0369 6.7800
v -0.6552 8.2769 6.6700
v -0.6652 8.4869 6.5300
v -0.6652 8.6769 6.4000
v -0.6652 8.9269 6.2300
v -0.6652 9.1469 6.1300
v -0.6652 9.3469 6.0100
v -0.6652 9.5969 5.8500
v -0.6752 9.8069 5.7400
v -0.6752 10.0369 5.6000
v -0.6752 10.2769 5.4400
v -0.6752 10.4669 5.3000
v -0.6752 10.7169 5.1900
v -0.6852 10.9469 5.0200
v -0.6852 11.1869 4.9000
v -0.6852 11.3969 4.7700
v -0.6852 11.6269 4.6200
v -0.6852 11.8569 4.4900
v -0.6952 12.0769 4.3600
v -0.6952 12.2769 3.9000
v -0.3052 -4.9431 2.2000
v -0.3152 -4.7031 2.1900
v -0.3152 -4.4531 2.2400
v -0.3152 -4.2531 2.2500
v -0.3152 -4.0231 2.3000
v -0.3152 -3.7731 2.3600
v -0.3152 -3.5531 2.3700
v -0.3252 -3.3331 2.3700
v -0.3252 -3.1131 2.4300
v -0.3252 -2.8831 2.4500
v -0.3252 -2.6431 2.4600
v -0.3252 -2.4131 2.5100
v -0.3352 -2.2031 2.5600
v -0.3352 -1.9531 2.6100
v -0.3352 -1.7431 2.6200
v -0.3352 -1.5031 2.6300
v -0.3352 -1.2731 2.6600
v -0.3452 -1.0431 2.6800
v -0.3452 -0.7931 2.7400
v -0.3452 -0.8331 1.1700
v -0.3452 -0.6031 1.1600
v -0.3452 -0.3031 3.9300
v -0.3452 -0.3731 1.1000
v -0.3452 -0.0731 4.1500
v -0.3452 -0.1531 1.0500
v -0.3552 0.1569 4.2400
v -0.3552 0.3769 4.3800
v -0.3552 0.5869 4.5200
v -0.3552 0.7969 4.6700
v -0.3552 1.0369 4.7700
v -0.3552 1.2769 4.8800
v -0.3652 1.4869 5.0200
v -0.3652 1.7069 5.1600
v -0.3652 1.9269 5.3300
v -0.3652 2.1569 5.4600
v -0.3652 2.4069 5.6100
v -0.3752 2.6069 5.7600
v -0.3752 2.8369 5.9000
v -0.3752 3.0469 6.0400
v -0.3752 3.3069 6.2100
v -0.3752 3.5169 6.3500
v -0.3752 3.7469 6.5000
v -0.3852 3.9869 6.6200
v -0.3852 4.1969 6.7600
v -0.3852 4.4369 6.9100
v -0.3852 4.6469 7.0600
v -0.3852 4.9469 8.5700
v -0.3852 4.9169 7.1900
v -0.3952 5.1869 8.5800
v -0.3952 5.3869 8.5700
v -0.3952 5.5869 7.6900
v -0.3952 5.8269 7.8100
v -0.3952 6.0469 7.8300
v -0.4052 6.2569 7.7000
v -0.4052 6.4769 7.5100
v -0.4052 6.7069 7.3700
v -0.4052 6.9469 7.2300
v -0.4052 7.1669 7.0900
v -0.4152 7.3669 6.9800
v -0.4152 7.6069 6.8700
v -0.4152 7.8269 6.7900
v -0.4152 8.0269 6.6600
v -0.4152 8.2569 6.5100
v -0.4152 8.4669 6.3500
v -0.4252 8.7169 6.2300
v -0.4252 8.9569 6.0900
v -0.4252 9.1569 5.9700
v -0.4252 9.3769 5.8500
v -0.4252 9.6069 5.6800
v -0.4352 9.8569 5.5400
v -0.4352 10.0769 5.3900
v -0.4352 10.2769 5.2500
v -0.4352 10.5369 5.1300
v -0.4352 10.7569 5.0100
v -0.4352 10.9569 4.8300
v -0.4452 11.1869 4.6900
v -0.4452 11.3969 4.5700
v -0.4452 11.6469 4.4400
v -0.4452 11.8769 4.3200
v -0.4452 12.0669 4.1800
v -0.4552 12.3169 3.9200
v -0.0452 -4.9531 2.1800
v -0.0452 -4.6931 2.2000
v -0.0452 -4.4831 2.2800
v -0.0452 -4.2531 2.2700
v -0.0552 -4.0331 2.3200
v -0.0552 -3.8131 2.3700
v -0.0552 -3.5731 2.3900
v -0.0552 -3.3431 2.4100
v -0.0552 -3.1331 2.4400
v -0.0552 -2.8731 2.4700
v -0.0652 -2.6231 2.5200
v -0.0652 -2.3931 2.5500
v -0.0652 -2.1831 2.5900
v -0.0652 -1.9331 2.6300
v -0.0652 -1.7131 2.6400
v -0.0752 -1.4931 2.6900
v -0.0752 -1.2831 2.7000
v -0.0752 -1.0731 2.7100
v -0.0752 -1.1231 1.0300
v -0.0752 -0.8231 2.7200
v -0.0752 -0.8731 1.1200
v -0.0752 -0.5731 3.6900
v -0.0752 -0.6431 1.1000
v -0.0852 -0.3731 3.7700
v -0.0852 -0.4431 1.0500
v -0.0852 -0.1431 3.9400
v -0.0852 0.0669 4.0400
v -0.0852 0.3169 4.2000
v -0.0852 0.5469 4.3100
v -0.0852 0.7669 4.4500
v -0.0952 0.9869 4.6000
v -0.0952 1.2169 4.7300
v -0.0952 1.4569 4.8600
v -0.0952 1.6569 5.0200
v -0.0952 1.8869 5.1700
v -0.1052 2.1269 5.3200
v -0.1052 2.3569 5.4400
v -0.1052 2.5769 5.6000
v -0.1052 2.8169 5.7500
v -0.1052 3.0669 5.9000
v -0.1152 3.3069 6.0600
v -0.1152 3.5169 6.2100
v -0.1152 3.7369 6.3500
v -0.1152 3.9869 6.4900
v -0.1152 4.1969 6.6100
v -0.1252 4.5169 10.9100
v -0.1152 4.4169 6.7500
v -0.1252 4.6369 6.9000
v -0.1252 4.8969 7.0700
v -0.1252 5.1669 8.5700
v -0.1252 5.1369 7.2000
v -0.1252 5.3769 8.5000
v -0.1252 5.3469 7.3900
v -0.1252 5.5569 7.5000
v -0.1352 5.8069 7.6900
v -0.1352 6.0269 7.7900
v -0.1352 6.2469 7.8300
v -0.1352 6.4669 7.6900
v -0.1352 6.6769 7.5500
v -0.1452 6.9269 7.3700
v -0.1452 7.1569 7.2400
v -0.1452 7.3569 7.0900
v -0.1452 7.5869 6.9800
v -0.1452 7.8369 6.8300
v -0.1552 8.0669 6.6800
v -0.1552 8.2669 6.5200
v -0.1552 8.4969 6.3800
v -0.1552 8.7469 6.2700
v -0.1552 8.9569 6.1400
v -0.1552 9.1669 5.9800
v -0.1652 9.3869 5.8500
v -0.1652 9.6269 5.6800
v -0.1652 9.8469 5.5700
v -0.1652 10.0669 5.4200
v -0.1652 10.2869 5.2800
v -0.1752 10.5069 5.1300
v -0.1752 10.7469 5.0100
v -0.1752 10.9669 4.8600
v -0.1752 11.1969 4.7100
v -0.1752 11.4369 4.5800
v -0.1852 11.6669 4.4400
v -0.1852 11.8969 4.2700
v -0.1852 12.1069 4.1700
v -0.1852 12.3269 4.0400
v 0.1648 -4.9231 2.2300
v 0.1548 -4.6831 2.2900
v 0.1548 -4.4531 2.2900
v 0.1548 -4.2131 2.3300
v 0.1548 -3.9631 2.3500
v 0.1548 -3.7331 2.3800
v 0.1448 -3.5331 2.4000
v 0.1448 -3.2931 2.4400
v 0.1448 -3.0831 2.4800
v 0.1448 -2.8631 2.5000
v 0.1448 -2.6531 2.5500
v 0.1448 -2.4131 2.5600
v 0.1348 -2.1931 2.6000
v 0.1348 -1.9731 2.6300
v 0.1348 -1.7731 2.6600
v 0.1348 -1.5531 2.6800
v 0.1348 -1.3031 2.7200
v 0.1348 -1.3631 0.5600
v 0.1248 -1.0631 2.7500
v 0.1248 -1.1131 0.8500
v 0.1248 -0.8531 3.7600
v 0.1248 -0.9331 0.8200
v 0.1248 -0.6131 3.6900
v 0.1248 -0.6931 0.7600
v 0.1248 -0.3631 5.1200
v 0.1248 -0.4031 3.7100
v 0.1248 -0.1231 5.0900
v 0.1248 -0.1531 3.8200
v 0.1148 0.0669 3.9800
v 0.1148 0.2969 4.0800
v 0.1148 0.5169 4.2200
v 0.1148 0.7369 4.3500
v 0.1148 0.9869 4.4800
v 0.1148 1.2069 4.6300
v 0.1048 1.4569 4.7800
v 0.1048 1.6969 4.9500
v 0.1048 1.9169 5.0700
v 0.1048 2.1569 5.2400
v 0.1048 2.3769 5.3700
v 0.0948 2.5969 5.5000
v 0.0948 2.8069 5.6700
v 0.0948 3.0469 5.7800
v 0.0948 3.2869 5.9400
v 0.0948 3.5269 6.1100
v 0.0848 3.7669 6.2400
v 0.0848 3.9769 6.3600
v 0.0848 4.2069 6.5300
v 0.0848 4.5169 10.9500
v 0.0848 4.4269 6.6600
v 0.0848 4.6469 6.7800
v 0.0748 4.8869 6.9800
v 0.0748 5.0969 7.0900
v 0.0748 5.3369 7.2500
v 0.0748 5.5769 7.4000
v 0.0748 5.7969 7.5400
v 0.0748 6.0169 7.7000
v 0.0648 6.2669 7.8300
v 0.0648 6.5069 7.7800
v 0.0648 6.7169 7.6600
v 0.0648 6.9369 7.4700
v 0.0548 7.1769 7.3000
v 0.0548 7.3969 7.1700
v 0.0548 7.6169 7.0600
v 0.0548 7.8369 6.9000
v 0.0548 8.0669 6.7600
v 0.0548 8.2869 6.6200
v 0.0448 8.5069 6.4700
v 0.0448 8.7269 6.3500
v 0.0448 8.9569 6.1900
v 0.0448 9.1769 6.0300
v 0.0448 9.4069 5.9100
v 0.0348 9.6369 5.7500
v 0.0348 9.8769 5.6400
v 0.0348 10.1069 5.4900
v 0.0348 10.3269 5.3400
v 0.0348 10.5669 5.2200
v 0.0248 10.7869 5.0500
v 0.0248 10.9969 4.9200
v 0.0248 11.2269 4.8100
v 0.0248 11.4169 4.6700
v 0.0248 11.6369 4.5600
v 0.0248 11.8769 4.3900
v 0.0148 12.0869 4.2700
v 0.0148 12.2969 4.1200
v 0.0148 12.5069 4.0300
v 0.3048 -5.0831 2.2100
v 0.3048 -4.8731 2.2500
v 0.3048 -4.6431 2.2900
v 0.3048 -4.4431 2.3100
v 0.2948 -4.2131 2.3500
v 0.2948 -3.9931 2.3700
v 0.2948 -3.7531 2.4000
v 0.2948 -3.5531 2.4100
v 0.2948 -3.3131 2.4600
v 0.2848 -3.1031 2.4900
v 0.2848 -2.8831 2.5000
v 0.2848 -2.6531 2.5900
v 0.2848 -2.4131 2.5600
v 0.2848 -2.1831 2.6300
v 0.2748 -1.9731 2.6400
v 0.2748 -1.7731 2.6800
v 0.2748 -1.5231 2.7400
v 0.2748 -1.3031 2.7100
v 0.2748 -1.3731 0.2900
v 0.2748 -1.0331 3.7400
v 0.2748 -1.1231 0.5300
v 0.2748 -0.8331 3.7200
v 0.2748 -0.9131 0.5800
v 0.2648 -0.6131 3.7000
v 0.2648 -0.7031 0.6200
v 0.2648 -0.3431 5.1100
v 0.2648 -0.3831 3.6900
v 0.2648 -0.0931 5.1400
v 0.2648 -0.1331 3.7800
v 0.2648 0.0969 3.8900
v 0.2648 0.3369 4.0600
v 0.2548 0.5569 4.1700
v 0.2548 0.7969 4.3100
v 0.2548 1.0269 4.4400
v 0.2548 1.2369 4.5600
v 0.2548 1.4569 4.7100
v 0.2448 1.7069 4.8600
v 0.2448 1.9469 5.0100
v 0.2448 2.1769 5.1700
v 0.2448 2.3869 5.3100
v 0.2448 2.6169 5.4600
v 0.2348 2.8469 5.5800
v 0.2348 3.0769 5.7400
v 0.2348 3.2869 5.8700
v 0.2348 3.5369 6.0200
v 0.2348 3.7569 6.1600
v 0.2348 3.9969 6.3000
v 0.2248 4.2269 6.4500
v 0.2248 4.4469 6.5700
v 0.2248 4.7769 10.9700
v 0.2248 4.6869 6.7500
v 0.2248 4.9269 6.9000
v 0.2248 5.1369 7.0500
v 0.2148 5.3769 7.1900
v 0.2148 5.6169 7.3400
v 0.2148 5.8569 7.5100
v 0.2148 6.0669 7.6600
v 0.2148 6.2869 7.7900
v 0.2148 6.5269 7.8400
v 0.2048 6.7569 7.7000
v 0.2048 6.9669 7.5400
v 0.2048 7.2069 7.3800
v 0.2048 7.4269 7.2300
v 0.1948 7.6569 7.1100
v 0.1948 7.8669 6.9900
v 0.1948 8.0869 6.8100
v 0.1948 8.3269 6.6700
v 0.1948 8.5669 6.5400
v 0.1948 8.7969 6.3700
v 0.1848 9.0269 6.2400
v 0.1848 9.2669 6.0900
v 0.1848 9.4769 5.9700
v 0.1848 9.6869 5.8200
v 0.1848 9.8769 5.7000
v 0.1748 10.1169 5.5600
v 0.1748 10.3369 5.4200
v 0.1748 10.5369 5.3200
v 0.1748 10.7669 5.1400
v 0.1748 10.9769 5.0100
v 0.1748 11.2069 4.8700
v 0.1648 11.3969 4.7600
v 0.1648 11.6369 4.6100
v 0.1648 11.8869 4.4500
v 0.1648 12.1069 4.3300
v 0.1648 12.3069 4.2100
v 0.1548 12.5269 4.0700
v 0.4848 -4.8831 2.2800
v 0.4848 -4.6831 2.3200
v 0.4848 -4.4431 2.3100
v 0.4848 -4.2131 2.3600
v 0.4748 -3.9831 2.4000
v 0.4748 -3.7731 2.4300
v 0.4748 -3.5331 2.4600
v 0.4748 -3.3131 2.5100
v 0.4748 -3.0931 2.5400
v 0.4748 -2.8831 2.5600
v 0.4648 -2.6231 2.5600
v 0.4648 -2.4231 2.6200
v 0.4648 -2.2031 2.6400
v 0.4648 -1.9731 2.6700
v 0.4648 -1.7231 2.7100
v 0.4548 -1.4831 2.7400
v 0.4548 -1.2331 3.6800
v 0.4548 -1.0131 3.6800
v 0.4548 -1.1031 0.5100
v 0.4548 -0.7631 3.7000
v 0.4548 -0.8431 0.5600
v 0.4548 -0.5431 3.6700
v 0.4448 -0.2931 5.1400
v 0.4448 -0.3331 3.5900
v 0.4448 -0.1331 3.6100
v 0.4448 0.1169 3.8300
v 0.4448 0.3669 3.9600
v 0.4448 0.5969 4.0800
v 0.4448 0.8069 4.2200
v 0.4348 1.0369 4.3600
v 0.4348 1.2669 4.4900
v 0.4348 1.4969 4.6400
v 0.4348 1.7169 4.7800
v 0.4348 1.9469 4.9100
v 0.4248 2.1669 5.0500
v 0.4248 2.4169 5.2100
v 0.4248 2.6469 5.3500
v 0.4248 2.8669 5.5100
v 0.4248 3.1169 5.6700
v 0.4148 3.3569 5.8000
v 0.4148 3.5769 5.9500
v 0.4148 3.7969 6.0900
v 0.4148 4.0569 6.2300
v 0.4148 4.2969 6.3900
v 0.4148 4.4969 6.5500
v 0.4048 4.7969 10.9500
v 0.4048 4.7069 6.6700
v 0.4048 5.0569 10.9700
v 0.4048 4.9669 6.8400
v 0.4048 5.2069 7.0000
v 0.4048 5.4169 7.1500
v 0.4048 5.6469 7.2800
v 0.3948 5.8869 7.4000
v 0.3948 6.1169 7.5800
v 0.3948 6.3369 7.7200
v 0.3948 6.5669 7.8400
v 0.3948 6.8069 7.7600
v 0.3848 7.0369 7.6100
v 0.3848 7.2769 7.4200
v 0.3848 7.4969 7.3000
v 0.3848 7.7369 7.1500
v 0.3848 7.9469 7.0200
v 0.3748 8.1669 6.8700
v 0.3748 8.3669 6.7300
v 0.3748 8.5669 6.6100
v 0.3748 8.7969 6.4600
v 0.3748 9.0369 6.3300
v 0.3748 9.2469 6.1700
v 0.3648 9.4569 6.0500
v 0.3648 9.6769 5.9400
v 0.3648 9.8869 5.8000
v 0.3648 10.1169 5.6500
v 0.3648 10.3469 5.5100
v 0.3548 10.5669 5.3900
v 0.3548 10.7869 5.2500
v 0.3548 10.9969 5.1200
v 0.3548 11.2169 4.9700
v 0.3548 11.4269 4.8400
v 0.3448 11.6769 4.6600
v 0.3448 11.8969 4.5400
v 0.3448 12.0969 4.4100
v 0.3448 12.3269 4.2800
v 0.7548 -4.8831 2.3100
v 0.7548 -4.6431 2.3400
v 0.7548 -4.4031 2.3700
v 0.7548 -4.1731 2.4000
v 0.7548 -3.9731 2.4200
v 0.7548 -3.7431 2.4500
v 0.7448 -3.5031 2.5000
v 0.7448 -3.2631 2.5500
v 0.7448 -3.0331 2.5900
v 0.7448 -2.8031 2.6000
v 0.7348 -2.5731 2.6100
v 0.7348 -2.3331 2.6700
v 0.7348 -2.1231 2.6900
v 0.7348 -1.9131 2.7000
v 0.7348 -1.4231 3.7000
v 0.7248 -1.2131 3.6700
v 0.7248 -0.9831 3.6900
v 0.7248 -0.7331 3.6500
v 0.7248 -0.5231 3.5700
v 0.7248 -0.2831 3.5800
v 0.7248 -0.0731 3.6000
v 0.7148 0.1469 3.6200
v 0.7148 0.3869 3.8400
v 0.7148 0.6069 3.9800
v 0.7148 0.8369 4.0900
v 0.7148 1.0869 4.2400
v 0.7048 1.2969 4.3500
v 0.7048 1.5469 4.4900
v 0.7048 1.7769 4.6800
v 0.7048 2.0169 4.8000
v 0.7048 2.2469 4.9600
v 0.6948 2.4769 5.0800
v 0.6948 2.7069 5.2700
v 0.6948 2.9169 5.4000
v 0.6948 3.1569 5.5300
v 0.6948 3.3969 5.6800
v 0.6848 3.6169 5.8400
v 0.6848 3.8469 5.9500
v 0.6848 4.0869 6.1100
v 0.6848 4.3069 6.2700
v 0.6848 4.5469 6.4200
v 0.6848 4.7269 6.5400
v 0.6748 5.0769 10.8400
v 0.6748 4.9869 6.7000
v 0.6748 5.2469 6.8600
v 0.6748 5.4769 7.0200
v 0.6748 5.7069 7.1500
v 0.6748 5.9469 7.3000
v 0.6648 6.1969 7.4200
v 0.6648 6.4069 7.6000
v 0.6648 6.6169 7.7300
v 0.6648 6.8369 7.8500
v 0.6648 7.0569 7.7700
v 0.6548 7.2669 7.6200
v 0.6548 7.4769 7.4500
v 0.6548 7.7069 7.3300
v 0.6548 7.9269 7.1900
v 0.6548 8.1569 7.0600
v 0.6548 8.3469 6.9100
v 0.6448 8.5769 6.7900
v 0.6448 8.8169 6.6100
v 0.6448 9.0269 6.5000
v 0.6448 9.2469 6.3600
v 0.6448 9.4469 6.2300
v 0.6348 9.6869 6.0900
v 0.6348 9.8969 5.9500
v 0.6348 10.1269 5.8300
v 0.6348 10.3369 5.6900
v 0.6348 10.5369 5.5500
v 0.6248 10.8069 5.3900
v 0.6248 11.0369 5.2600
v 0.6248 11.2469 5.1200
v 0.6248 11.4669 4.9500
v 0.6248 11.7069 4.8100
v 0.6248 11.9369 4.6600
v 0.6148 12.1369 4.5200
v 0.6148 12.3369 4.4000
v 1.0248 -4.9231 2.3700
v 1.0148 -4.7131 2.3700
v 1.0148 -4.4631 2.4000
v 1.0148 -4.2531 2.4400
v 1.0148 -4.0031 2.4900
v 1.0148 -3.7931 2.4900
v 1.0048 -3.5731 2.5000
v 1.0048 -3.3631 2.5500
v 1.0048 -3.1131 2.5900
v 1.0048 -2.8931 2.6100
v 1.0048 -2.6431 2.6600
v 1.0048 -2.4331 2.6700
v 0.9948 -2.2131 2.7200
v 0.9948 -1.7231 3.7100
v 0.9948 -1.5231 3.7000
v 0.9948 -1.2831 3.6900
v 0.9848 -1.0631 3.6400
v 0.9848 -0.8331 3.5600
v 0.9848 -0.6031 3.5700
v 0.9848 -0.3831 3.5800
v 0.9848 -0.1331 3.5600
v 0.9748 0.0969 3.5700
v 0.9748 0.3269 3.6300
v 0.9748 0.5569 3.7900
v 0.9748 0.7869 3.9500
v 0.9748 1.0269 4.0800
v 0.9648 1.2469 4.2100
v 0.9648 1.4669 4.3500
v 0.9648 1.7169 4.5000
v 0.9648 1.9469 4.6400
v 0.9648 2.1669 4.7800
v 0.9548 2.3969 4.9400
v 0.9548 2.6269 5.0900
v 0.9548 2.8669 5.2100
v 0.9548 3.0669 5.3400
v 0.9548 3.3169 5.5100
v 0.9548 3.5669 5.6600
v 0.9448 3.7869 5.8100
v 0.9448 4.0269 5.9800
v 0.9448 4.2669 6.0900
v 0.9448 4.5169 6.2600
v 0.9448 4.7269 6.3900
v 0.9348 4.9569 6.5400
v 0.9348 5.2669 10.9500
v 0.9348 5.1769 6.7000
v 0.9348 5.4769 11.0300
v 0.9348 5.3869 6.8200
v 0.9348 5.6069 6.9700
v 0.9348 5.8469 7.1200
v 0.9248 6.0569 7.2400
v 0.9248 6.2769 7.3700
v 0.9248 6.4969 7.4800
v 0.9248 6.7169 7.6800
v 0.9248 6.9569 7.8300
v 0.9248 7.1969 7.8100
v 0.9148 7.4069 7.6500
v 0.9148 7.6269 7.5000
v 0.9148 7.8269 7.3600
v 0.9148 8.0569 7.2300
v 0.9148 8.2769 7.0700
v 0.9048 8.5069 6.9600
v 0.9048 8.7069 6.8000
v 0.9048 8.9269 6.6800
v 0.9048 9.1669 6.5500
v 0.9048 9.3969 6.3900
v 0.8948 9.6069 6.2600
v 0.8948 9.8569 6.1100
v 0.8948 10.0769 6.0000
v 0.8948 10.3069 5.8600
v 0.8948 10.5269 5.6900
v 0.8848 10.7369 5.5600
v 0.8848 10.9469 5.4300
v 0.8848 11.1769 5.2700
v 0.8848 11.4169 5.1100
v 0.8848 11.6469 4.9800
v 0.8848 11.8469 4.8500
v 0.8748 12.0869 4.7000
v 0.8748 12.3069 4.5600
v 0.8748 12.5169 4.4400
v 1.2148 -4.9331 2.3700
v 1.2148 -4.6931 2.3900
v 1.2148 -4.4631 2.4400
v 1.2048 -4.2231 2.4700
v 1.2048 -3.9931 2.5000
v 1.2048 -3.8031 2.5300
v 1.2048 -3.5531 2.5400
v 1.2048 -3.3431 2.6200
v 1.1948 -3.1131 2.6300
v 1.1948 -2.8831 2.6800
v 1.1948 -2.6631 2.6800
v 1.1948 -2.4231 2.7100
v 1.1948 -2.1731 2.8200
v 1.1848 -1.9331 3.6900
v 1.1848 -1.7031 3.6900
v 1.1848 -1.4731 3.6900
v 1.1848 -1.2331 3.6100
v 1.1848 -1.0231 3.5500
v 1.1748 -0.7931 3.5700
v 1.1748 -0.5631 3.5600
v 1.1748 -0.3331 3.5700
v 1.1748 -0.1131 3.5700
v 1.1748 0.1169 3.5800
v 1.1748 0.3469 3.6300
v 1.1648 0.5669 3.6500
v 1.1648 0.8169 3.9000
v 1.1648 1.0269 3.9900
v 1.1648 1.2669 4.1100
v 1.1648 1.4869 4.2400
v 1.1548 1.7269 4.4000
v 1.1548 1.9669 4.5600
v 1.1548 2.1869 4.7000
v 1.1548 2.4369 4.8300
v 1.1548 2.6869 5.0100
v 1.1448 2.9169 5.1400
v 1.1448 3.1269 5.2800
v 1.1448 3.3569 5.3900
v 1.1448 3.5769 5.5500
v 1.1448 3.7969 5.7000
v 1.1348 3.9969 5.8200
v 1.1348 4.2469 5.9900
v 1.1348 4.4669 6.1400
v 1.1348 4.6869 6.2800
v 1.1348 4.8969 6.3900
v 1.1348 5.2169 10.9900
v 1.1348 5.1269 6.5600
v 1.1248 5.4669 11.1100
v 1.1248 5.3669 6.7000
v 1.1248 5.6969 11.0800
v 1.1248 5.6069 6.8600
v 1.1248 5.8069 6.9500
v 1.1248 6.0469 7.0900
v 1.1248 6.2569 7.2400
v 1.1148 6.5069 7.3900
v 1.1148 6.7169 7.5600
v 1.1148 6.9569 7.8000
v 1.1148 7.1669 7.8400
v 1.1148 7.3869 7.8100
v 1.1048 7.6169 7.6200
v 1.1048 7.8469 7.4700
v 1.1048 8.0769 7.3000
v 1.1048 8.3169 7.1700
v 1.1048 8.5369 7.0500
v 1.0948 8.7569 6.8800
v 1.0948 8.9769 6.7600
v 1.0948 9.1869 6.6300
v 1.0948 9.4169 6.5200
v 1.0948 9.6369 6.3600
v 1.0948 9.8569 6.2200
v 1.0848 10.0969 6.0600
v 1.0848 10.3169 5.9400
v 1.0848 10.5369 5.8100
v 1.0848 10.7469 5.6600
v 1.0848 10.9769 5.5400
v 1.0748 11.1969 5.3700
v 1.0748 11.4169 5.2200
v 1.0748 11.6269 5.1000
v 1.0748 11.8569 4.9500
v 1.0748 12.1069 4.8100
v 1.0648 12.3269 4.6700
v 1.4048 -4.9431 2.3900
v 1.3948 -4.7331 2.4400
v 1.3948 -4.4631 2.4600
v 1.3948 -4.2531 2.5000
v 1.3948 -4.0331 2.5100
v 1.3948 -3.8131 2.5400
v 1.3848 -3.5631 2.6100
v 1.3848 -3.3231 2.6100
v 1.3848 -3.1031 2.6300
v 1.3848 -2.8831 2.6900
v 1.3848 -2.6331 2.7000
v 1.3748 -2.1431 3.6700
v 1.3748 -1.9231 3.6900
v 1.3748 -1.7231 3.6800
v 1.3748 -1.4631 3.6200
v 1.3648 -1.2531 3.5100
v 1.3648 -1.0331 3.5500
v 1.3648 -0.7831 3.5500
v 1.3648 -0.5531 3.5900
v 1.3648 -0.3331 3.5700
v 1.3648 -0.1231 3.5800
v 1.3548 0.1169 3.5600
v 1.3548 0.3669 3.6000
v 1.3548 0.5969 3.5900
v 1.3548 0.8069 3.7400
v 1.3548 1.0669 3.9400
v 1.3448 1.3169 4.0700
v 1.3448 1.5269 4.1700
v 1.3448 1.7369 4.3100
v 1.3448 1.9669 4.4400
v 1.3448 2.1969 4.6100
v 1.3348 2.4169 4.7300
v 1.3348 2.6469 4.8800
v 1.3348 2.8569 5.0100
v 1.3348 3.0869 5.1500
v 1.3348 3.3169 5.3000
v 1.3248 3.5269 5.4300
v 1.3248 3.7569 5.5700
v 1.3248 4.0069 5.7200
v 1.3248 4.2269 5.8800
v 1.3248 4.4369 6.0000
v 1.3248 4.6469 6.1800
v 1.3148 4.8869 6.2800
v 1.3148 5.1069 6.4200
v 1.3148 5.4469 11.0200
v 1.3148 5.3469 6.5800
v 1.3148 5.5569 6.7300
v 1.3148 5.7869 6.8500
v 1.3048 6.0269 6.9900
v 1.3048 6.2669 7.1400
v 1.3048 6.4969 7.3000
v 1.3048 6.7369 7.6200
v 1.3048 6.9569 8.1000
v 1.2948 7.1969 7.8400
v 1.2948 7.4169 7.8600
v 1.2948 7.6169 7.7500
v 1.2948 7.8469 7.5900
v 1.2948 8.0769 7.4300
v 1.2848 8.2969 7.3000
v 1.2848 8.5269 7.1300
v 1.2848 8.7469 7.0200
v 1.2848 8.9769 6.8700
v 1.2848 9.1869 6.7200
v 1.2848 9.3769 6.6100
v 1.2748 9.6269 6.4600
v 1.2748 9.8569 6.3300
v 1.2748 10.0669 6.1800
v 1.2748 10.2769 6.0300
v 1.2748 10.5269 5.9100
v 1.2648 10.7469 5.7600
v 1.2648 10.9769 5.6000
v 1.2648 11.1969 5.4400
v 1.2648 11.4369 5.2800
v 1.2648 11.6569 5.1600
v 1.2548 11.8869 5.0300
v 1.2548 12.1169 4.8800
v 1.2548 12.3069 4.7400
v 1.6548 -4.9831 2.4300
v 1.6548 -4.7531 2.4200
v 1.6448 -4.5031 2.4800
v 1.6448 -4.2731 2.5300
v 1.6448 -4.0531 2.5500
v 1.6448 -3.8231 2.5800
v 1.6448 -3.5931 2.6200
v 1.6348 -3.3731 2.6300
v 1.6348 -3.1431 2.6800
v 1.6348 -2.9231 2.6800
v 1.6348 -2.6831 2.6700
v 1.6348 -2.4131 3.7000
v 1.6248 -2.2131 3.6900
v 1.6248 -1.9931 3.6700
v 1.6248 -1.7531 3.6400
v 1.6248 -1.5131 3.5100
v 1.6248 -1.3031 3.5300
v 1.6148 -1.0531 3.5300
v 1.6148 -0.8131 3.5700
v 1.6148 -0.5631 3.5700
v 1.6148 -0.3431 3.5800
v 1.6148 -0.1231 3.5500
v 1.6148 0.0969 3.5500
v 1.6048 0.3069 3.5500
v 1.6048 0.5169 3.5700
v 1.6048 0.7369 3.6000
v 1.6048 0.9669 3.6700
v 1.6048 1.2069 3.8900
v 1.5948 1.4269 4.0000
v 1.5948 1.6369 4.1300
v 1.5948 1.8369 4.2600
v 1.5948 2.0969 4.4100
v 1.5948 2.3369 4.5400
v 1.5848 2.5469 4.6600
v 1.5848 2.7769 4.8000
v 1.5848 2.9969 4.9500
v 1.5848 3.2469 5.1200
v 1.5848 3.4569 5.2600
v 1.5848 3.6869 5.3800
v 1.5748 3.9369 6.6000
v 1.5748 3.9169 5.5400
v 1.5748 4.1369 5.7000
v 1.5748 4.3669 5.8300
v 1.5748 4.5969 6.1100
v 1.5748 4.8469 6.1900
v 1.5648 5.1369 8.4300
v 1.5648 5.0869 6.3400
v 1.5648 5.2969 6.4700
v 1.5648 5.5369 6.5500
v 1.5648 5.7469 6.7000
v 1.5648 5.9869 6.8200
v 1.5548 6.1969 6.9700
v 1.5548 6.4269 7.0900
v 1.5548 6.6869 8.1500
v 1.5548 6.9169 8.1900
v 1.5548 7.1569 8.0000
v 1.5448 7.3469 7.7100
v 1.5448 7.5769 7.8200
v 1.5448 7.7969 7.7700
v 1.5448 8.0169 7.6400
v 1.5448 8.2469 7.4400
v 1.5448 8.4369 7.3500
v 1.5348 8.6869 7.1800
v 1.5348 8.9369 7.0500
v 1.5348 9.1469 6.8900
v 1.5348 9.3569 6.7600
v 1.5348 9.6069 6.6400
v 1.5248 9.8369 6.4800
v 1.5248 10.0469 6.3500
v 1.5248 10.2669 6.2000
v 1.5248 10.5069 6.0600
v 1.5248 10.7369 5.9100
v 1.5148 10.9369 5.7800
v 1.5148 11.1669 5.6200
v 1.5148 11.3969 5.4600
v 1.5148 11.6269 5.3200
v 1.5148 11.8569 5.2000
v 1.5048 12.0569 5.0600
v 1.5048 12.2969 4.8800
v 1.5048 12.5169 4.7800
v 1.9148 -4.9031 2.4400
v 1.9148 -4.6931 2.4800
v 1.9148 -4.4531 2.5300
v 1.9048 -4.2231 2.5300
v 1.9048 -4.0031 2.5800
v 1.9048 -3.7631 2.6200
v 1.9048 -3.5531 2.6500
v 1.8948 -3.3131 2.6800
v 1.8948 -3.0731 2.7100
v 1.8948 -2.5731 3.6800
v 1.8948 -2.3331 3.6900
v 1.8848 -2.0931 3.6400
v 1.8848 -1.9131 3.5300
v 1.8848 -1.6831 3.5000
v 1.8848 -1.4631 3.5200
v 1.8848 -1.2531 3.5200
v 1.8848 -1.0431 3.5500
v 1.8748 -0.7931 3.5400
v 1.8748 -0.5731 3.5600
v 1.8748 -0.3531 3.5500
v 1.8748 -0.1531 3.5800
v 1.8748 0.0769 3.5700
v 1.8748 0.3069 3.5700
v 1.8648 0.5569 3.5800
v 1.8648 0.7669 3.6100
v 1.8648 0.9869 3.6800
v 1.8648 1.2069 3.7200
v 1.8648 1.4469 3.8600
v 1.8548 1.6769 4.0200
v 1.8548 1.9069 4.1800
v 1.8548 2.1169 4.2800
v 1.8548 2.3469 4.4200
v 1.8548 2.5869 4.5800
v 1.8448 2.8269 4.7300
v 1.8448 3.0369 4.8900
v 1.8448 3.2869 5.0200
v 1.8448 3.5169 5.1500
v 1.8448 3.7569 5.3100
v 1.8348 4.0069 6.6200
v 1.8348 3.9769 5.4200
v 1.8348 4.1869 5.5900
v 1.8348 4.4069 5.7200
v 1.8348 4.6769 6.8800
v 1.8348 4.6569 5.9300
v 1.8348 4.9369 8.2500
v 1.8348 4.8869 6.0000
v 1.8248 5.2269 10.7000
v 1.8348 5.1669 8.2400
v 1.8348 5.1269 6.1700
v 1.8248 5.3469 6.2900
v 1.8248 5.5669 6.4400
v 1.8248 5.8069 6.6200
v 1.8248 6.0269 6.7300
v 1.8248 6.2369 6.8400
v 1.8148 6.4769 6.9500
v 1.8148 6.7269 8.0800
v 1.8148 6.7069 7.0500
v 1.8148 6.9369 8.0100
v 1.8148 6.9269 7.3200
v 1.8148 7.1669 7.4200
v 1.8148 7.3969 7.5600
v 1.8048 7.6169 7.7400
v 1.8048 7.8569 7.8500
v 1.8048 8.0969 7.7100
v 1.8048 8.3169 7.5800
v 1.8048 8.5469 7.4000
v 1.7948 8.7569 7.2700
v 1.7948 8.9869 7.1200
v 1.7948 9.2069 7.0100
v 1.7948 9.4369 6.8100
v 1.7948 9.6669 6.7000
v 1.7848 9.8869 6.5600
v 1.7848 10.1169 6.4400
v 1.7848 10.3169 6.3000
v 1.7848 10.5569 6.1300
v 1.7848 10.7669 6.0200
v 1.7848 11.0069 5.8800
v 1.7748 11.2469 5.7000
v 1.7748 11.4569 5.5700
v 1.7748 11.6969 5.4500
v 1.7748 11.9369 5.2700
v 1.7748 12.1569 5.1500
v 1.7648 12.3869 5.0000
v 2.1548 -4.9231 2.5000
v 2.1448 -4.7131 2.5500
v 2.1448 -4.4531 2.5700
v 2.1448 -4.2031 2.6000
v 2.1448 -3.9831 2.6100
v 2.1448 -3.7431 2.6100
v 2.1348 -3.5231 2.6700
v 2.1348 -3.3031 2.7100
v 2.1348 -2.6331 3.5200
v 2.1248 -2.3931 3.5300
v 2.1248 -2.1831 3.5000
v 2.1248 -1.9631 3.4600
v 2.1248 -1.7531 3.5100
v 2.1248 -1.5331 3.5300
v 2.1148 -1.2931 3.4900
v 2.1148 -1.0631 3.5300
v 2.1148 -0.8331 3.5200
v 2.1148 -0.6331 3.5500
v 2.1148 -0.4131 3.5700
v 2.1148 -0.1731 3.5800
v 2.1048 0.0269 3.5700
v 2.1048 0.2669 3.5600
v 2.1048 0.4969 3.5800
v 2.1048 0.7169 3.6900
v 2.1048 0.9369 3.7100
v 2.0948 1.1769 3.6900
v 2.0948 1.4269 3.5200
v 2.0948 1.6769 3.9300
v 2.0948 1.8669 4.0500
v 2.0948 2.1169 4.1900
v 2.0848 2.3469 4.2900
v 2.0848 2.5669 4.4500
v 2.0848 2.7869 4.5700
v 2.0848 3.0169 4.7100
v 2.0848 3.2569 4.8600
v 2.0848 3.5069 5.0000
v 2.0748 3.7169 5.1600
v 2.0748 3.9369 5.2800
v 2.0748 4.1769 5.4400
v 2.0748 4.3869 5.5800
v 2.0748 4.6369 6.8900
v 2.0748 4.6169 5.6900
v 2.0648 4.8369 5.8500
v 2.0648 5.0669 5.9700
v 2.0648 5.4169 10.6900
v 2.0648 5.3169 6.1300
v 2.0648 5.5569 6.2800
v 2.0648 5.7469 6.4400
v 2.0648 5.9969 6.5700
v 2.0548 6.2469 6.7300
v 2.0548 6.5669 11.0200
v 2.0548 6.4769 6.8500
v 2.0548 6.7569 10.9100
v 2.0548 6.6769 6.9800
v 2.0548 7.0069 10.9700
v 2.0548 6.9369 7.1700
v 2.0548 7.1769 7.3000
v 2.0448 7.3969 7.3900
v 2.0448 7.5969 7.5800
v 2.0448 7.8369 7.7500
v 2.0448 8.0869 7.8400
v 2.0448 8.2969 7.7200
v 2.0348 8.5269 7.5800
v 2.0348 8.7469 7.4100
v 2.0348 8.9669 7.2800
v 2.0348 9.1969 7.1400
v 2.0348 9.4269 7.0000
v 2.0248 9.6469 6.8700
v 2.0248 9.8869 6.7100
v 2.0248 10.1169 6.5500
v 2.0248 10.3569 6.4300
v 2.0248 10.5669 6.2600
v 2.0148 10.7869 6.1400
v 2.0148 11.0069 5.9900
v 2.0148 11.2269 5.8600
v 2.0148 11.4369 5.7200
v 2.0148 11.6369 5.5800
v 2.0148 11.8869 5.4600
v 2.0048 12.1069 5.3400
v 2.0048 12.3169 5.2200
v 2.0048 12.5169 5.0700
v 2.4048 -4.9731 2.5300
v 2.3948 -4.7331 2.5500
v 2.3948 -4.5131 2.6000
v 2.3948 -4.3031 2.6100
v 2.3948 -4.1131 2.6500
v 2.3948 -3.8531 2.6700
v 2.3948 -3.6231 2.6000
v 2.3848 -2.4831 3.2800
v 2.3748 -2.2731 3.3600
v 2.3748 -2.0631 3.4500
v 2.3748 -1.8331 3.4900
v 2.3748 -1.5931 3.5100
v 2.3748 -1.3931 3.5100
v 2.3748 -1.1531 3.5300
v 2.3648 -0.9331 3.5200
v 2.3648 -0.7031 3.5400
v 2.3648 -0.4731 3.5800
v 2.3648 -0.2531 3.5700
v 2.3648 -0.0231 3.5400
v 2.3548 0.2369 3.6100
v 2.3548 0.4469 3.7000
v 2.3548 0.6769 3.7000
v 2.3548 0.8969 3.6600
v 2.3548 1.1269 3.3400
v 2.3448 1.3269 3.2900
v 2.3448 1.5469 3.3500
v 2.3448 1.8069 3.8900
v 2.3448 2.0569 3.9900
v 2.3448 2.2769 4.1400
v 2.3448 2.4869 4.2700
v 2.3348 2.7269 4.4100
v 2.3348 2.9469 4.5500
v 2.3348 3.1769 4.6800
v 2.3348 3.4069 4.8200
v 2.3348 3.6269 4.9600
v 2.3248 3.8769 5.1200
v 2.3248 4.1069 5.2400
v 2.3248 4.3269 5.3900
v 2.3248 4.5469 5.5600
v 2.3248 4.8069 5.6600
v 2.3148 5.0469 5.8100
v 2.3148 5.3569 10.8500
v 2.3148 5.2569 5.9700
v 2.3148 5.5769 10.8300
v 2.3148 5.4769 6.1400
v 2.3148 5.8369 10.9600
v 2.3148 5.7369 6.2600
v 2.3148 6.0469 10.9300
v 2.3148 5.9569 6.3700
v 2.3048 6.2569 10.9000
v 2.3048 6.1669 6.5400
v 2.3048 6.4769 10.9900
v 2.3048 6.3869 6.6700
v 2.3048 6.6369 6.8100
v 2.3048 6.8669 6.9500
v 2.3048 7.0969 7.1100
v 2.2948 7.2969 7.2400
v 2.2948 7.5569 7.3700
v 2.2948 7.7769 7.5300
v 2.2948 8.0169 7.7100
v 2.2948 8.2269 7.8300
v 2.2848 8.4769 7.7300
v 2.2848 8.7169 7.6000
v 2.2848 8.9569 7.4100
v 2.2848 9.1769 7.2600
v 2.2848 9.3869 7.1600
v 2.2848 9.6069 7.0100
v 2.2748 9.8269 6.8700
v 2.2748 10.0269 6.7400
v 2.2748 10.2369 6.6000
v 2.2748 10.4569 6.4400
v 2.2748 10.6969 6.3300
v 2.2748 10.8969 6.1900
v 2.2648 11.1169 6.0800
v 2.2648 11.3069 5.9100
v 2.2648 11.5669 5.7800
v 2.2648 11.7969 5.6700
v 2.2648 11.9969 5.5400
v 2.2548 12.2169 5.4300
v 2.2548 12.4369 5.3000
v 2.6748 -4.9731 2.5600
v 2.6648 -4.7631 2.5800
v 2.6648 -4.5031 2.6400
v 2.6648 -4.2731 2.6600
v 2.6648 -4.0631 2.6500
v 2.6648 -3.8331 2.7500
v 2.6448 -2.0231 3.4200
v 2.6448 -1.7631 3.4800
v 2.6448 -1.5331 3.4900
v 2.6448 -1.3231 3.5200
v 2.6348 -1.0831 3.5100
v 2.6348 -0.8531 3.5300
v 2.6348 -0.6431 3.5400
v 2.6348 -0.4331 3.5500
v 2.6348 -0.2131 3.5900
v 2.6248 0.0369 3.6700
v 2.6248 0.2869 3.6900
v 2.6248 0.4969 3.7000
v 2.6248 0.6969 3.4800
v 2.6248 0.9369 3.2600
v 2.6148 1.1669 3.2600
v 2.6148 1.3769 3.3000
v 2.6148 1.6069 3.2900
v 2.6148 1.8269 3.3000
v 2.6148 2.0769 3.9200
v 2.6048 2.3069 4.0100
v 2.6048 2.5169 4.1500
v 2.6048 2.7669 4.3000
v 2.6048 3.0169 4.4400
v 2.6048 3.2569 4.5800
v 2.6048 3.4669 4.7200
v 2.5948 3.7069 4.8600
v 2.5948 3.9469 4.9900
v 2.5948 4.1769 5.1200
v 2.5948 4.5069 10.8400
v 2.5948 4.3869 5.2500
v 2.5848 4.7369 10.8600
v 2.5948 4.6169 5.4200
v 2.5848 4.9869 10.8600
v 2.5848 4.8669 5.5700
v 2.5848 5.1969 10.8400
v 2.5848 5.0869 5.6800
v 2.5848 5.4269 10.8900
v 2.5848 5.3169 5.8400
v 2.5848 5.6369 10.9300
v 2.5848 5.5369 5.9500
v 2.5848 5.7869 6.1300
v 2.5748 6.0069 6.2500
v 2.5748 6.2269 6.3900
v 2.5748 6.4669 6.5600
v 2.5748 6.7169 6.7100
v 2.5748 6.9569 6.8300
v 2.5648 7.1869 6.9900
v 2.5648 7.4169 7.1400
v 2.5648 7.6469 7.2800
v 2.5648 7.8669 7.4200
v 2.5648 8.0869 7.6100
v 2.5648 8.2869 7.7400
v 2.5548 8.5069 7.8200
v 2.5548 8.7469 7.7300
v 2.5548 8.9669 7.5700
v 2.5548 9.1669 7.4500
v 2.5548 9.3769 7.3000
v 2.5448 9.5969 7.1800
v 2.5448 9.8369 7.0300
v 2.5448 10.0469 6.8800
v 2.5448 10.2669 6.7400
v 2.5448 10.4869 6.6000
v 2.5348 10.7069 6.4600
v 2.5348 10.9369 6.3400
v 2.5348 11.1369 6.2100
v 2.5348 11.3769 6.0900
v 2.5348 11.5969 5.9500
v 2.5348 11.8069 5.8100
v 2.5248 12.0269 5.7300
v 2.5248 12.2569 5.5400
v 2.5248 12.5169 5.4500
v 2.8748 -4.9831 2.5500
v 2.8648 -4.7731 2.6300
v 2.8648 -4.5431 2.6600
v 2.8648 -4.3031 2.6300
v 2.8648 -4.0831 2.6800
v 2.8448 -2.0131 3.3700
v 2.8448 -1.8131 3.4600
v 2.8448 -1.5731 3.4500
v 2.8448 -1.3231 3.5000
v 2.8348 -1.0931 3.4900
v 2.8348 -0.8731 3.5500
v 2.8348 -0.6531 3.5500
v 2.8348 -0.4131 3.5200
v 2.8348 -0.1931 3.6300
v 2.8248 0.0269 3.6900
v 2.8248 0.2469 3.6700
v 2.8248 0.4569 3.3600
v 2.8248 0.6969 3.2400
v 2.8248 0.9069 3.2200
v 2.8148 1.1369 3.2400
v 2.8148 1.3769 3.2300
v 2.8148 1.6169 3.2700
v 2.8148 1.8569 3.3100
v 2.8148 2.0469 3.4000
v 2.8148 2.3169 3.9000
v 2.8048 2.5669 4.0500
v 2.8048 2.7569 4.2000
v 2.8048 2.9969 4.3300
v 2.8048 3.2369 4.4800
v 2.7948 3.4769 4.6200
v 2.7948 3.6869 4.7500
v 2.7948 3.9269 4.8800
v 2.7948 4.2769 10.8400
v 2.7948 4.1469 5.0700
v 2.7948 4.5169 10.8400
v 2.7948 4.3869 5.1700
v 2.7948 4.7269 10.7900
v 2.7948 4.6069 5.3200
v 2.7848 4.9569 10.8200
v 2.7848 4.8369 5.4700
v 2.7848 5.0769 5.6200
v 2.7848 5.3169 5.7500
v 2.7848 5.5669 5.9100
v 2.7848 5.7969 6.0500
v 2.7748 6.0369 6.2000
v 2.7748 6.2469 6.3200
v 2.7748 6.4769 6.4700
v 2.7748 6.6969 6.6000
v 2.7748 6.8969 6.7300
v 2.7648 7.1269 6.8600
v 2.7648 7.3669 7.0200
v 2.7648 7.5869 7.1700
v 2.7648 7.7869 7.2800
v 2.7648 8.0169 7.4300
v 2.7648 8.2469 7.5800
v 2.7548 8.4869 7.7500
v 2.7548 8.6969 7.8200
v 2.7548 8.9269 7.7200
v 2.7548 9.1369 7.5500
v 2.7548 9.3469 7.4100
v 2.7448 9.5869 7.2500
v 2.7448 9.7969 7.1100
v 2.7448 10.0369 6.9600
v 2.7448 10.2469 6.8300
v 2.7448 10.4669 6.7000
v 2.7348 10.6769 6.6000
v 2.7348 10.9269 6.4500
v 2.7348 11.1469 6.3100
v 2.7348 11.3869 6.1800
v 2.7348 11.5969 6.0600
v 2.7348 11.8369 5.9000
v 2.7248 12.0569 5.7500
v 3.0048 -5.0231 2.5900
v 3.0048 -4.7931 2.6300
v 3.0048 -4.5731 2.6700
v 3.0048 -4.3331 2.6100
v 2.9748 -1.8431 3.4300
v 2.9748 -1.6231 3.4800
v 2.9748 -1.3831 3.4700
v 2.9748 -1.1631 3.4900
v 2.9748 -0.9431 3.5400
v 2.9748 -0.7031 3.5100
v 2.9648 -0.4831 3.6000
v 2.9648 -0.2331 3.6500
v 2.9648 0.0069 3.6900
v 2.9648 0.2169 3.5100
v 2.9648 0.4269 3.2600
v 2.9548 0.6769 3.2100
v 2.9548 0.9069 3.2500
v 2.9548 1.1169 3.2700
v 2.9548 1.3369 3.2700
v 2.9548 1.5769 3.2500
v 2.9448 1.8069 3.3100
v 2.9448 2.0269 3.3000
v 2.9448 2.2669 3.7100
v 2.9448 2.5069 3.9600
v 2.9448 2.7469 4.1000
v 2.9348 2.9469 4.2300
v 2.9348 3.1869 4.3800
v 2.9348 3.4369 4.5300
v 2.9348 3.6769 4.6800
v 2.9348 3.9069 4.8100
v 2.9248 4.2769 10.8100
v 2.9248 4.1469 4.9600
v 2.9248 4.5269 10.7300
v 2.9248 4.3969 5.0900
v 2.9248 4.7369 10.8300
v 2.9248 4.6169 5.2500
v 2.9248 4.8369 5.4100
v 2.9248 5.0469 5.5200
v 2.9248 5.2669 5.6200
v 2.9148 5.4869 5.7600
v 2.9148 5.7269 5.9200
v 2.9148 5.9269 6.0600
v 2.9148 6.1669 6.1900
v 2.9148 6.3869 6.3300
v 2.9048 6.5969 6.4700
v 2.9048 6.8369 6.6300
v 2.9048 7.0669 6.7500
v 2.9048 7.2969 6.8700
v 2.9048 7.5069 7.0500
v 2.8948 7.7369 7.1900
v 2.8948 7.9769 7.3100
v 2.8948 8.1969 7.4400
v 2.8948 8.4369 7.6400
v 2.8948 8.6669 7.7800
v 2.8848 8.8469 7.8100
v 2.8848 9.0969 7.7000
v 2.8848 9.3269 7.5000
v 2.8848 9.5669 7.3700
v 2.8848 9.7869 7.2000
v 2.8848 10.0069 7.0600
v 2.8748 10.2369 6.9100
v 2.8748 10.4569 6.8000
v 2.8748 10.6669 6.6900
v 2.8748 10.8769 6.5700
v 2.8748 11.1169 6.4400
v 2.8648 11.3469 6.2700
v 2.8648 11.5569 6.1500
v 2.8648 11.7869 6.0300
v 2.8648 12.0069 5.9300
v 3.1748 -5.0831 2.6200
v 3.1748 -4.8731 2.6400
v 3.1748 -4.6031 2.5600
v 3.1448 -1.6331 3.4500
v 3.1448 -1.4031 3.4800
v 3.1448 -1.1931 3.4900
v 3.1448 -0.9431 3.5100
v 3.1348 -0.7031 3.5900
v 3.1348 -0.4831 3.6700
v 3.1348 -0.2831 3.6800
v 3.1348 -0.0431 3.6900
v 3.1348 0.1869 3.2300
v 3.1348 0.3969 3.2200
v 3.1248 0.6269 3.2300
v 3.1248 0.8469 3.2600
v 3.1248 1.0869 3.2400
v 3.1248 1.3069 3.2400
v 3.1248 1.5369 3.2600
v 3.1148 1.7669 3.2900
v 3.1148 2.0069 3.2800
v 3.1148 2.2569 3.3300
v 3.1148 2.4969 3.8800
v 3.1148 2.7269 4.0200
v 3.1048 2.9469 4.1300
v 3.1048 3.1669 4.2900
v 3.1048 3.3869 4.3900
v 3.1048 3.5969 4.5700
v 3.1048 3.8069 4.7100
v 3.0948 4.0669 4.8200
v 3.0948 4.2869 4.9400
v 3.0948 4.6169 10.8100
v 3.0948 4.4969 5.0800
v 3.0948 4.7069 5.2500
v 3.0948 4.9469 5.3300
v 3.0948 5.1869 5.4900
v 3.0848 5.4169 5.6600
v 3.0848 5.6069 5.7800
v 3.0848 5.8569 5.9200
v 3.0848 6.0769 6.0600
v 3.0848 6.3069 6.2000
v 3.0748 6.5169 6.3400
v 3.0748 6.7569 6.5000
v 3.0748 6.9869 6.6000
v 3.0748 7.2069 6.7500
v 3.0748 7.4269 6.8900
v 3.0648 7.6769 7.0600
v 3.0648 7.9169 7.1700
v 3.0648 8.1569 7.3300
v 3.0648 8.3669 7.4700
v 3.0648 8.6169 7.6500
v 3.0648 8.8369 7.8000
v 3.0548 9.0569 7.8200
v 3.0548 9.2569 7.6800
v 3.0548 9.4669 7.5200
v 3.0548 9.7269 7.3500
v 3.0548 9.9569 7.2000
v 3.0448 10.1769 7.0500
v 3.0448 10.3769 6.9100
v 3.0448 10.6169 6.7900
v 3.0448 10.8369 6.7000
v 3.0448 11.0369 6.5700
v 3.0448 11.2669 6.4400
v 3.0348 11.4869 6.3100
v 3.0348 11.7269 6.1600
v 3.4348 -4.9531 2.6200
v 3.4248 -4.7431 2.4500
v 3.4048 -1.5631 1.4700
v 3.3948 -1.2731 3.4500
v 3.3948 -1.0731 3.4700
v 3.3948 -0.8231 3.6100
v 3.3948 -0.5931 3.6800
v 3.3948 -0.3631 3.7100
v 3.3948 -0.1531 3.7200
v 3.3948 -0.2031 1.7800
v 3.3848 0.0269 1.7800
v 3.3848 0.3069 3.1600
v 3.3848 0.5369 3.2000
v 3.3848 0.7569 3.2400
v 3.3848 1.0069 3.2000
v 3.3748 1.2669 3.2700
v 3.3748 1.4669 3.2300
v 3.3748 1.6769 3.2200
v 3.3748 1.9069 3.2700
v 3.3748 2.1269 3.2600
v 3.3648 2.3369 3.2800
v 3.3648 2.5669 3.3900
v 3.3648 2.7969 3.9500
v 3.3648 3.0269 4.0400
v 3.3648 3.2569 4.1800
v 3.3648 3.4569 4.3300
v 3.3548 3.6969 4.4700
v 3.3548 3.9469 4.6300
v 3.3548 4.1669 4.7400
v 3.3548 4.3769 4.8900
v 3.3548 4.5869 4.9800
v 3.3448 4.8369 5.1600
v 3.3448 5.0569 5.2900
v 3.3448 5.2969 5.4400
v 3.3448 5.5069 5.5800
v 3.3448 5.7269 5.7000
v 3.3348 5.9769 5.8500
v 3.3348 6.2069 5.9800
v 3.3348 6.4369 6.1100
v 3.3348 6.6769 6.2800
v 3.3348 6.9069 6.4200
v 3.3248 7.1469 6.5400
v 3.3248 7.3469 6.6900
v 3.3248 7.5669 6.8200
v 3.3248 7.7869 6.9600
v 3.3248 8.0369 7.1200
v 3.3248 8.2669 7.2600
v 3.3148 8.4969 7.4000
v 3.3148 8.7269 7.5700
v 3.3148 8.9469 7.7600
v 3.3148 9.1769 7.7900
v 3.3148 9.3769 7.6700
v 3.3148 9.5969 7.5500
v 3.3048 9.8469 7.4400
v 3.3048 10.0569 7.3200
v 3.3048 10.2769 7.2000
v 3.3048 10.5069 7.0400
v 3.3048 10.7269 6.9200
v 3.2948 10.9669 6.7700
v 3.2948 11.1769 6.6400
v 3.2948 11.4269 6.4600
v 3.6748 -4.9831 2.4000
v 3.6448 -1.2931 3.4300
v 3.6448 -1.0531 3.6300
v 3.6348 -0.8231 3.6900
v 3.6348 -0.5931 3.7100
v 3.6348 -0.3431 3.6700
v 3.6348 -0.3931 1.7700
v 3.6348 -0.1731 1.7600
v 3.6248 0.5069 3.1500
v 3.6248 0.7269 3.2100
v 3.6248 0.9669 3.2300
v 3.6248 1.1569 3.2200
v 3.6148 1.3969 3.2400
v 3.6148 1.6069 3.2100
v 3.6148 1.8369 3.2700
v 3.6148 2.0469 3.2900
v 3.6148 2.2969 3.2300
v 3.6148 2.5269 3.3200
v 3.6048 2.7369 3.3600
v 3.6048 2.9469 3.8800
v 3.6048 3.1969 4.0600
v 3.6048 3.4169 4.1900
v 3.6048 3.6669 4.3500
v 3.5948 3.8769 4.4800
v 3.5948 4.0869 4.5900
v 3.5948 4.3369 4.7200
v 3.5948 4.5769 4.8700
v 3.5948 4.8169 5.0200
v 3.5848 5.0569 5.1800
v 3.5848 5.2769 5.3000
v 3.5848 5.5069 5.4400
v 3.5848 5.7269 5.5700
v 3.5848 5.9569 5.7000
v 3.5748 6.1669 5.8500
v 3.5748 6.4069 5.9800
v 3.5748 6.6469 6.1400
v 3.5748 6.8869 6.2900
v 3.5748 7.0969 6.4200
v 3.5648 7.3269 6.5600
v 3.5648 7.5469 6.7100
v 3.5648 7.7769 6.8500
v 3.5648 7.9869 6.9800
v 3.5648 8.2269 7.1300
v 3.5648 8.4569 7.2800
v 3.5548 8.6869 7.4400
v 3.5548 8.9169 7.6300
v 3.5548 9.1469 7.6500
v 3.5548 9.3769 7.4700
v 3.5548 9.6069 7.3800
v 3.5448 9.8369 7.2700
v 3.5448 10.0469 7.1400
v 3.5448 10.2869 7.0800
v 3.5448 10.5169 6.9900
v 3.5448 10.7269 6.9100
v 3.5348 10.9469 6.8500
v 3.5348 11.1769 6.7400
v 3.8048 -0.9931 3.6100
v 3.8048 -0.7731 3.6900
v 3.8048 -0.5431 3.6900
v 3.8048 -0.6031 1.7800
v 3.8048 -0.3731 1.7900
v 3.7948 0.5669 3.1900
v 3.7948 0.7869 3.1900
v 3.7948 0.9869 3.2300
v 3.7948 1.2069 3.2300
v 3.7848 1.4569 3.2500
v 3.7848 1.6669 3.2700
v 3.7848 1.8969 3.2300
v 3.7848 2.0969 3.2500
v 3.7848 2.3369 3.2200
v 3.7748 2.5669 3.2700
v 3.7748 2.7969 3.3200
v 3.7748 3.0569 3.7700
v 3.7748 3.2869 3.9900
v 3.7748 3.5269 4.1500
v 3.7648 3.7669 4.3100
v 3.7648 3.9769 4.4300
v 3.7648 4.1869 4.5400
v 3.7648 4.4069 4.7000
v 3.7648 4.6469 4.8300
v 3.7648 4.8869 4.9800
v 3.7548 5.1169 5.1200
v 3.7548 5.3469 5.2500
v 3.7548 5.5669 5.3600
v 3.7548 5.8069 5.5100
v 3.7548 6.0169 5.6400
v 3.7448 6.2369 5.8000
v 3.7448 6.4769 5.9200
v 3.7448 6.6969 6.0800
v 3.7448 6.9169 6.2300
v 3.7448 7.1669 6.3700
v 3.7448 7.4069 6.4800
v 3.7348 7.6269 6.6600
v 3.7348 7.8569 6.7800
v 3.7348 8.0969 6.9700
v 3.7348 8.3269 7.1100
v 3.7248 8.5569 7.2500
v 3.7248 8.7869 7.4000
v 3.7248 9.0169 7.6200
v 3.7248 9.2269 7.4900
v 3.7248 9.4669 7.3600
v 3.7248 9.6969 7.2500
v 3.7148 9.8969 7.1400
v 3.7148 10.1469 7.0200
v 3.7148 10.3669 6.9400
v 3.7148 10.5769 6.8700
v 3.7148 10.8069 6.8100
v 3.7048 11.0369 6.8100
v 3.9648 0.7169 3.1700
v 3.9648 0.9569 3.2100
v 3.9648 1.2069 3.2400
v 3.9548 1.4469 3.2300
v 3.9548 1.6769 3.2700
v 3.9548 1.8869 3.2700
v 3.9548 2.1369 3.2800
v 3.9548 2.3469 3.2500
v 3.9548 2.5469 3.2600
v 3.9448 2.7769 3.3500
v 3.9448 3.0169 3.3700
v 3.9448 3.2669 3.9100
v 3.9448 3.4869 4.0400
v 3.9448 3.6969 4.2100
v 3.9348 3.9469 4.3300
v 3.9348 4.1869 4.4500
v 3.9348 4.3869 4.6000
v 3.9348 4.6169 4.7300
v 3.9348 4.8669 4.8900
v 3.9248 5.0869 4.9900
v 3.9248 5.3169 5.1200
v 3.9248 5.5469 5.2700
v 3.9248 5.7769 5.4200
v 3.9248 6.0169 5.5600
v 3.9148 6.2569 5.7000
v 3.9148 6.4669 5.8400
v 3.9148 6.7069 5.9600
v 3.9148 6.9469 6.1900
v 3.9148 6.9069 3.8500
v 3.9148 7.1869 6.2900
v 3.9148 7.3969 6.4200
v 3.9048 7.5969 6.5400
v 3.9048 7.8669 6.6900
v 3.9048 8.1069 6.8600
v 3.9048 8.3069 7.0000
v 3.9048 8.5369 7.1400
v 3.8948 8.7669 7.2700
v 3.8948 9.0069 7.4400
v 3.8948 9.2169 7.3800
v 3.8948 9.4269 7.2600
v 3.8948 9.6869 7.1400
v 3.8848 9.9169 7.0500
v 3.8848 10.1469 6.9500
v 3.8848 10.3769 6.8500
v 3.8848 10.6169 6.8000
v 3.8848 10.8269 6.7500
v 4.2048 0.8569 3.1000
v 4.2048 1.0969 3.2200
v 4.2048 1.3269 3.2300
v 4.1948 1.5569 3.2300
v 4.1948 1.7869 3.2300
v 4.1948 2.0269 3.2500
v 4.1948 2.2569 3.2800
v 4.1948 2.4569 3.2800
v 4.1948 2.6769 3.3500
v 4.1848 2.9169 3.4400
v 4.1848 3.1369 3.3800
v 4.1848 3.3769 3.8200
v 4.1848 3.5869 3.9700
v 4.1848 3.8369 4.1300
v 4.1748 4.0869 4.2700
v 4.1748 4.2969 4.4100
v 4.1748 4.5269 4.5600
v 4.1748 4.7669 4.6900
v 4.1748 5.0169 4.8200
v 4.1648 5.2469 4.9600
v 4.1648 5.4669 5.1000
v 4.1648 5.7069 5.2400
v 4.1648 5.9269 5.3900
v 4.1648 6.1569 5.5100
v 4.1548 6.3669 5.6500
v 4.1548 6.6169 5.8000
v 4.1548 6.8469 5.9200
v 4.1548 7.0869 6.0800
v 4.1548 7.2969 6.1900
v 4.1548 7.5269 6.3700
v 4.1448 7.7569 6.5200
v 4.1448 8.0069 6.6700
v 4.1448 8.2269 6.8100
v 4.1448 8.4569 6.9600
v 4.1448 8.6869 7.1100
v 4.1348 8.9569 7.2900
v 4.1348 9.1769 7.3100
v 4.1348 9.3669 7.1700
v 4.1348 9.5969 7.0600
v 4.1348 9.8269 6.9900
v 4.1248 10.0369 6.8700
v 4.1248 10.2369 6.8300
v 4.1248 10.4669 6.7900
v 4.1248 10.6869 6.7900
v 4.4548 1.0469 3.2100
v 4.4548 1.2569 3.1900
v 4.4548 1.4869 3.2200
v 4.4448 1.7269 3.2200
v 4.4448 1.9269 3.2600
v 4.4448 2.1669 3.3000
v 4.4448 2.4169 3.3000
v 4.4448 2.6369 3.2700
v 4.4348 2.8669 3.3200
v 4.4348 3.0969 3.2900
v 4.4348 3.3269 3.3200
v 4.4348 3.5669 3.8200
v 4.4348 3.7969 3.9500
v 4.4248 4.0369 4.1300
v 4.4248 4.2669 4.2700
v 4.4248 4.4769 4.3900
v 4.4248 4.7169 4.5400
v 4.4248 4.9569 4.6800
v 4.4248 5.1669 4.8300
v 4.4148 5.4169 4.9300
v 4.4148 5.6369 5.0700
v 4.4148 5.8669 5.2400
v 4.4148 6.0869 5.3600
v 4.4148 6.3269 5.4900
v 4.4048 6.5669 5.6400
v 4.4048 6.7969 5.8000
v 4.4048 7.0369 5.9500
v 4.4048 7.2869 6.0800
v 4.4048 7.5269 6.2700
v 4.3948 7.7369 6.4100
v 4.3948 7.9469 6.5200
v 4.3948 8.1769 6.6600
v 4.3948 8.3969 6.7800
v 4.3948 8.6169 6.9400
v 4.3848 8.8469 7.0900
v 4.3848 9.0669 7.2200
v 4.3848 9.2769 7.0900
v 4.3848 9.4969 6.9800
v 4.3848 9.6869 6.9200
v 4.3848 9.9469 6.8400
v 4.3748 10.1769 6.8100
v 4.3748 10.4069 6.8200
v 4.6748 1.4269 3.2200
v 4.6648 1.6669 3.2400
v 4.6648 1.8769 3.2700
v 4.6648 2.1069 3.2600
v 4.6648 2.3469 3.2900
v 4.6648 2.5669 3.2800
v 4.6648 2.7869 3.2700
v 4.6548 3.0169 3.2500
v 4.6548 3.2569 3.2700
v 4.6548 3.4869 3.3100
v 4.6548 3.7169 3.4900
v 4.6548 3.9269 3.9400
v 4.6448 4.1769 4.0900
v 4.6448 4.3969 4.2100
v 4.6448 4.6369 4.3800
v 4.6448 4.8669 4.4800
v 4.6448 5.1069 4.6300
v 4.6348 5.3569 4.7900
v 4.6348 5.5869 4.9300
v 4.6348 5.8069 5.0700
v 4.6348 6.0469 5.1800
v 4.6348 6.2569 5.3400
v 4.6248 6.4869 5.4600
v 4.6248 6.6869 5.6200
v 4.6248 6.9169 5.7600
v 4.6248 7.1669 5.8900
v 4.6248 7.3769 6.0500
v 4.6248 7.6069 6.1700
v 4.6148 7.8069 6.2900
v 4.6148 8.0269 6.4200
v 4.6148 8.2669 6.5500
v 4.6148 8.5169 6.7300
v 4.6148 8.7269 6.8900
v 4.6048 8.9369 7.0400
v 4.6048 9.1669 7.0800
v 4.6048 9.3969 6.9300
v 4.6048 9.6069 6.8400
v 4.6048 9.8369 6.7900
v 4.5948 10.0569 6.7700
v 4.9548 -5.0231 3.3400
v 4.8948 1.5569 3.1900
v 4.8948 1.7769 3.2200
v 4.8948 1.9969 3.2800
v 4.8948 2.2569 3.2400
v 4.8948 2.4569 3.2400
v 4.8948 2.6869 3.2600
v 4.8848 2.9169 3.2500
v 4.8848 3.1569 3.2900
v 4.8848 3.3869 3.3000
v 4.8848 3.5969 3.3300
v 4.8848 3.8669 3.4900
v 4.8748 4.1169 3.8700
v 4.8748 4.3469 4.0700
v 4.8748 4.5569 4.2000
v 4.8748 4.7869 4.3300
v 4.8748 5.0069 4.4500
v 4.8648 5.2269 4.5700
v 4.8648 5.4369 4.7000
v 4.8648 5.6569 4.8600
v 4.8648 5.8969 4.9900
v 4.8648 6.1269 5.1200
v 4.8648 6.3369 5.2400
v 4.8548 6.5269 5.3700
v 4.8548 6.7969 5.5400
v 4.8548 7.0369 5.6900
v 4.8548 7.2469 5.8400
v 4.8548 7.4469 5.9700
v 4.8448 7.6869 6.1000
v 4.8448 7.9269 6.2300
v 4.8448 8.1469 6.3600
v 4.8448 8.3669 6.5500
v 4.8448 8.5969 6.6800
v 4.8448 8.8269 6.8100
v 4.8348 9.0669 6.9700
v 4.8348 9.2769 6.8700
v 4.8348 9.4969 6.7900
v 4.8348 9.7569 6.7600
v 5.2048 -4.9631 3.2600
v 5.2048 -4.7231 3.2000
v 5.1448 1.8669 3.2500
v 5.1448 2.1069 3.2400
v 5.1448 2.3569 3.2200
v 5.1448 2.5769 3.2500
v 5.1448 2.8269 3.2800
v 5.1448 3.0369 3.3200
v 5.1348 3.2569 3.3500
v 5.1348 3.4669 3.3800
v 5.1348 3.6869 3.4800
v 5.1348 3.9069 3.5100
v 5.1348 3.8369 0.6100
v 5.1348 4.1469 3.6000
v 5.1348 4.0769 0.5600
v 5.1248 4.3669 3.9600
v 5.1248 4.2869 0.5300
v 5.1248 4.5569 4.0700
v 5.1248 4.8069 4.2000
v 5.1248 5.0269 4.3300
v 5.1248 5.2569 4.4700
v 5.1148 5.4969 4.5900
v 5.1148 5.7069 4.7200
v 5.1148 5.9369 4.8600
v 5.1148 6.1569 5.0100
v 5.1148 6.3869 5.1500
v 5.1148 6.6069 5.2900
v 5.1048 6.8569 5.4500
v 5.1048 7.0769 5.5700
v 5.1048 7.2869 5.7100
v 5.1048 7.5169 5.8500
v 5.1048 7.7669 6.0000
v 5.0948 8.0169 6.1500
v 5.0948 8.2269 6.3100
v 5.0948 8.4569 6.4600
v 5.0948 8.7069 6.6100
v 5.0948 8.9269 6.7500
v 5.0948 9.1369 6.8700
v 5.0848 9.3369 6.8000
v 5.0848 9.5769 6.7900
v 5.4048 -4.8931 3.2200
v 5.4048 -4.6831 3.2000
v 5.3948 -4.4631 3.1100
v 5.3448 1.9369 3.2000
v 5.3448 2.1469 3.2300
v 5.3448 2.3869 3.2300
v 5.3448 2.5969 3.2700
v 5.3348 2.8269 3.2300
v 5.3348 3.0369 3.2600
v 5.3348 3.2469 3.4300
v 5.3348 3.4869 3.4900
v 5.3348 3.7369 3.5100
v 5.3348 3.6669 0.6100
v 5.3248 3.9469 3.4900
v 5.3348 3.8769 0.5600
v 5.3248 4.0869 0.4900
v 5.3248 4.3969 3.9500
v 5.3248 4.6269 4.0100
v 5.3248 4.8469 4.1400
v 5.3248 5.0869 4.3000
v 5.3148 5.2969 4.4000
v 5.3148 5.5269 4.5300
v 5.3148 5.7669 4.6700
v 5.3148 5.9869 4.8200
v 5.3148 6.2369 4.9800
v 5.3048 6.4769 5.1100
v 5.3048 6.7069 5.2400
v 5.3048 6.9369 5.3800
v 5.3048 7.1469 5.5200
v 5.3048 7.3669 5.6700
v 5.2948 7.5869 5.8000
v 5.2948 7.8169 5.9800
v 5.2948 8.0569 6.1300
v 5.2948 8.2969 6.2800
v 5.2948 8.5069 6.4000
v 5.2948 8.7169 6.5500
v 5.2848 8.9769 6.7300
v 5.2848 9.1969 6.8400
v 5.5548 -4.8631 3.1900
v 5.5448 -4.6331 3.1200
v 5.5448 -4.4031 3.0400
v 5.4948 2.1169 3.2700
v 5.4948 2.3669 3.2300
v 5.4848 2.6069 3.2500
v 5.4848 2.8169 3.2600
v 5.4848 3.0369 3.3600
v 5.4848 3.2769 3.5000
v 5.4848 3.4969 3.5100
v 5.4848 3.4569 1.6900
v 5.4848 3.7369 3.5100
v 5.4848 3.6669 0.5700
v 5.4748 3.8869 0.4900
v 5.4748 4.4069 3.8700
v 5.4748 4.6469 3.9800
v 5.4748 4.8769 4.0800
v 5.4648 5.1169 4.2200
v 5.4648 5.3469 4.3300
v 5.4648 5.5869 4.4800
v 5.4648 5.7969 4.6000
v 5.4648 5.9969 4.7400
v 5.4548 6.2369 4.8800
v 5.4548 6.4869 5.0400
v 5.4548 6.7069 5.1700
v 5.4548 6.9469 5.3200
v 5.4548 7.1669 5.4300
v 5.4548 7.3869 5.5800
v 5.4448 7.6069 5.7400
v 5.4448 7.8369 5.8700
v 5.4448 8.0469 6.0300
v 5.4448 8.2869 6.1600
v 5.4448 8.5169 6.3100
v 5.4348 8.7569 6.4700
v 5.4348 8.9869 6.6200
v 5.7448 -4.9731 3.1800
v 5.7448 -4.7431 3.0900
v 5.7348 -4.5031 3.0200
v 5.7348 -4.2631 3.0500
v 5.7348 -4.0831 1.6900
v 5.6848 2.2569 3.2100
v 5.6748 2.4669 3.2100
v 5.6748 2.6969 3.2800
v 5.6748 2.9269 3.4900
v 5.6748 3.1869 3.5000
v 5.6748 3.4169 3.4900
v 5.6748 3.3769 1.6600
v 5.6748 3.5769 1.6200
v 5.6648 4.5269 3.9600
v 5.6648 4.7369 3.9700
v 5.6548 5.0069 4.0500
v 5.6548 5.2469 4.1900
v 5.6548 5.4469 4.3400
v 5.6548 5.6769 4.4400
v 5.6548 5.9269 4.5900
v 5.6548 6.1369 4.7200
v 5.6448 6.3469 4.8600
v 5.6448 6.5869 4.9900
v 5.6448 6.8169 5.1300
v 5.6448 7.0569 5.2600
v 5.6448 7.2869 5.4300
v 5.6348 7.5069 5.5600
v 5.6348 7.7569 5.7100
v 5.6348 7.9869 5.8600
v 5.6348 8.2269 6.0400
v 5.6348 8.4369 6.1600
v 5.6248 8.6869 6.3100
v 5.6248 8.9169 6.3600
v 6.0048 -5.0231 3.0800
v 6.0048 -4.8331 3.0300
v 6.0048 -4.5631 2.9900
v 6.0048 -4.3231 3.0000
v 5.9948 -4.1031 2.8500
v 5.9448 2.4369 3.2500
v 5.9448 2.6569 3.4600
v 5.9448 2.8569 3.5000
v 5.9348 3.0969 3.4900
v 5.9348 3.3369 3.4700
v 5.9348 3.2769 1.0800
v 5.9348 3.5169 1.2000
v 5.9348 3.7369 1.1400
v 5.9348 3.9769 1.0200
v 5.9248 4.9169 3.9200
v 5.9248 5.1569 3.9900
v 5.9248 5.3669 4.1500
v 5.9148 5.5969 4.2700
v 5.9148 5.8469 4.4100
v 5.9148 6.0769 4.5400
v 5.9148 6.3069 4.6600
v 5.9148 6.5369 4.8000
v 5.9048 6.7769 4.9800
v 5.9048 7.0069 5.1100
v 5.9048 7.2469 5.2700
v 5.9048 7.4669 5.4200
v 5.9048 7.7069 5.5400
v 5.8948 7.9169 5.7000
v 5.8948 8.1569 5.8700
v 5.8948 8.3869 5.9900
v 5.8948 8.6069 6.1900
v 6.2448 -5.0531 3.0300
v 6.2448 -4.8431 2.9700
v 6.2448 -4.6231 2.9000
v 6.2448 -4.4131 2.9500
v 6.2448 -4.1931 2.8000
v 6.2448 -3.9831 2.8500
v 6.1848 2.5769 3.3600
v 6.1848 2.7969 3.4800
v 6.1848 3.0269 3.5000
v 6.1748 3.4269 1.0100
v 6.1748 3.6469 1.1300
v 6.1748 3.8769 1.0900
v 6.1648 5.0969 3.9500
v 6.1648 5.3269 4.0200
v 6.1648 5.5669 4.1400
v 6.1548 5.7769 4.2800
v 6.1548 6.0069 4.4000
v 6.1548 6.2269 4.5300
v 6.1548 6.4769 4.6800
v 6.1548 6.7169 4.8300
v 6.1548 6.9069 4.9500
v 6.1448 7.1669 5.1100
v 6.1448 7.3969 5.2600
v 6.1448 7.6269 5.4000
v 6.1448 7.8169 5.5500
v 6.1448 8.0769 5.6900
v 6.1348 8.3269 5.8800
v 6.3448 5.0769 3.9600
v 6.3448 5.3069 3.9500
v 6.3448 5.5469 4.0500
v 6.3348 5.7569 4.1400
v 6.3348 5.9869 4.2900
v 6.3348 6.2069 4.4300
v 6.3348 6.4569 4.5500
v 6.3348 6.6869 4.7300
v 6.3348 6.9269 4.8400
v 6.3248 7.1669 5.0300
v 6.3248 7.4169 5.2000
v 6.3248 7.6569 5.3400
v 6.3248 7.8569 5.4400
v 6.3248 8.0769 5.6300
v 6.4248 -4.9031 2.9100
v 6.4248 -4.7131 2.8700
v 6.4248 -4.4831 2.8800
v 6.4248 -4.2531 2.8400
v 6.4248 -4.0031 2.8200
v 6.4148 -3.8131 2.7800
v 6.4148 -3.5831 2.6700
v 6.6248 -5.0431 2.9700
v 6.6148 -4.8331 2.8700
v 6.6148 -4.5831 2.8200
v 6.6148 -4.3731 2.8100
v 6.6148 -4.1531 2.7200
v 6.6148 -3.9331 2.7500
v 6.6048 -3.7131 2.6700
v 6.6048 -3.4731 2.6300
v 6.5348 5.2169 3.9200
v 6.5348 5.4469 3.9300
v 6.5348 5.6869 4.0500
v 6.5248 5.9169 4.1800
v 6.5248 6.1669 4.3100
v 6.5248 6.3769 4.4200
v 6.5248 6.5969 4.5700
v 6.5248 6.8069 4.7100
v 6.5248 7.0469 4.8400
v 6.5148 7.2569 4.9800
v 6.5148 7.4869 5.1400
v 6.5148 7.7169 5.2800
v 6.8848 -4.9231 2.8300
v 6.8848 -4.6731 2.8200
v 6.8848 -4.4231 2.7100
v 6.8748 -4.2231 2.7200
v 6.8748 -4.0131 2.6300
v 6.8748 -3.7731 2.6100
v 6.8748 -3.5631 2.5600
v 6.8748 -3.3431 2.5400
v 6.7948 5.5469 3.8900
v 6.7948 5.7769 3.9800
v 6.7948 6.0169 4.0900
v 6.7948 6.2369 4.2100
v 6.7948 6.4469 4.3500
v 6.7948 6.6469 4.4800
v 6.7848 6.9069 4.6600
v 6.7848 7.1469 4.7700
v 6.7848 7.3569 4.9200
v 6.7848 7.5569 5.0300
v 7.1548 -4.9331 2.7300
v 7.1548 -4.7031 2.7600
v 7.1548 -4.4731 2.6900
v 7.1548 -4.2231 2.6400
v 7.1548 -4.0131 2.6100
v 7.1548 -3.8031 2.5700
v 7.1448 -3.5731 2.4900
v 7.1448 -3.3631 2.3600
v 7.1448 -3.1431 2.2900
v 7.0748 5.7469 3.9100
v 7.0748 5.9569 3.9700
v 7.0648 6.1769 4.0600
v 7.0648 6.4069 4.2000
v 7.0648 6.6369 4.3400
v 7.0648 6.8669 4.4800
v 7.0648 7.0969 4.6600
v 7.4048 -5.0831 2.7700
v 7.4048 -4.8631 2.7200
v 7.3948 -4.6431 2.6700
v 7.3948 -4.4131 2.6300
v 7.3948 -4.1831 2.5600
v 7.3948 -3.9431 2.5400
v 7.3948 -3.7431 2.4100
v 7.3948 -3.5131 2.3100
v 7.3848 -3.2631 2.4100
v 7.3148 6.0169 3.9300
v 7.3148 6.2669 4.0000
v 7.3048 6.5069 4.1400
v 7.3048 6.7069 4.2600
v 7.3048 6.9469 4.4600
v 7.6448 -4.8831 2.6400
v 7.6448 -4.6331 2.6100
v 7.6448 -4.4231 2.5600
v 7.6448 -4.1931 2.5600
v 7.6348 -3.9831 2.3900
v 7.6348 -3.7431 2.3200
v 7.5548 6.2269 3.9200
v 7.5548 6.4569 3.9900
v 7.9048 -4.8731 2.6300
v 7.9048 -4.6131 2.4500
v 7.9048 -4.3931 2.4500
v 7.8948 -4.1731 2.4000
v 7.8948 -3.9631 2.3000
v 8.1148 -4.8731 2.5600
v 8.1148 -4.6331 2.5000
v 8.1048 -4.4131 2.3100
v 8.1048 -4.4731 0.5300
v 8.1048 -4.1731 2.3100
v 8.2648 -4.9031 2.4700
v 8.2648 -4.6831 2.4700
v 8.2648 -4.4931 2.3400
v 8.2648 -4.5531 0.4100
v 8.2548 -4.2731 2.2800
v 8.2548 -4.3231 0.4500
v 8.4548 -5.0231 2.5000
v 8.4548 -4.8231 2.3900
v 8.4548 -4.6131 2.2600
v 8.7148 -4.9431 2.2900
v 9.9948 12.4069 7.1200
v 10.2348 12.0169 6.8000
v 10.2348 12.2369 6.9100
v 10.2348 12.4569 7.0300
v 10.4948 11.8769 6.5500
v 10.4948 12.0969 6.7100
v 10.4848 12.3369 6.7900
v 10.6948 11.5869 6.2100
v 10.6948 11.8269 6.3700
v 10.6948 12.0369 6.5200
v 10.6948 12.2669 6.6300
v 10.6948 12.4869 6.7400
v 10.8648 11.3569 5.9800
v 10.8648 11.5969 6.1300
v 10.8648 11.8169 6.3300
v 10.8648 12.0369 6.4200
v 10.8648 12.2669 6.5500
v 10.8548 12.5069 6.7600
v 11.0748 11.1469 5.7400
v 11.0748 11.3869 5.9000
v 11.0748 11.5869 6.0900
v 11.0748 11.8569 6.2400
v 11.0748 12.0869 6.3700
v 11.0648 12.2969 6.5400
v 11.3548 10.7569 5.3500
v 11.3548 11.0069 5.4800
v 11.3548 11.2269 5.6800
v 11.3548 11.4469 5.8100
v 11.3448 11.6669 5.9400
v 11.3448 11.9269 6.1400
v 11.3448 12.1569 6.2700
v 11.3448 12.3469 6.2900
v 11.5948 10.6069 5.1100
v 11.5948 10.8369 5.3100
v 11.5948 11.0569 5.3900
v 11.5948 11.3069 5.5800
v 11.5948 11.5469 5.7200
v 11.5848 11.7569 5.8500
v 11.5848 11.9869 6.0500
v 11.5848 12.2069 6.1800
v 11.5848 12.4469 6.3000
v 11.7748 10.2669 4.8000
v 11.7748 10.4969 4.9900
v 11.7748 10.7269 5.0900
v 11.7648 10.9369 5.2600
v 11.7648 11.1769 5.4000
v 11.7648 11.4269 5.5700
v 11.7648 11.6469 5.6800
v 11.7648 11.8869 5.8300
v 11.7548 12.1269 6.0000
v 11.7548 12.3669 6.1400
v 11.9648 10.2169 4.6700
v 11.9648 10.4469 4.8400
v 11.9648 10.6869 4.9800
v 11.9648 10.9369 5.1600
v 11.9648 11.1469 5.2300
v 11.9648 11.3569 5.4100
v 11.9548 11.5769 5.5000
v 11.9548 11.7969 5.7000
v 11.9548 12.0169 5.8700
v 11.9548 12.2569 5.9900
v 11.9548 12.4569 6.1200
v 12.2548 9.8269 4.3300
v 12.2548 10.0569 4.4200
v 12.2548 10.2669 4.5200
v 12.2548 10.4969 4.7000
v 12.2548 10.7169 4.8300
v 12.2448 10.9369 5.0000
v 12.2448 11.1669 5.1200
v 12.2448 11.3669 5.2200
v 12.2448 11.6069 5.4500
v 12.2448 11.8469 5.5700
v 12.2448 12.0669 5.7300
v 12.2348 12.2769 5.8600
v 12.2348 12.4769 5.9800
v 12.5548 9.8069 4.1500
v 12.5548 10.0469 4.2700
v 12.5548 10.2869 4.3900
v 12.5548 10.5169 4.5600
v 12.5448 10.7369 4.7000
v 12.5448 10.9569 4.8300
v 12.5448 11.1769 4.9400
v 12.5448 11.4169 5.1500
v 12.5448 11.6369 5.2400
v 12.5348 11.8669 5.4900
v 12.5348 12.0969 5.6000
v 12.5348 12.3069 5.7300
v 12.8048 10.1669 4.1900
v 12.8048 10.3869 4.3500
v 12.8048 10.6069 4.5000
v 12.8048 10.8169 4.6200
v 12.7948 11.0769 4.7700
v 12.7948 11.3269 4.9600
v 12.7948 11.5469 5.0700
v 12.7948 11.7769 5.2000
v 12.7848 12.0069 5.3500
v 12.7848 12.2369 5.4800
v 12.7848 12.4569 5.6300
v 13.0348 10.2169 4.1800
v 13.0348 10.4369 4.2400
v 13.0348 10.6769 4.4200
v 13.0348 10.8969 4.5400
v 13.0248 11.1169 4.6900
v 13.0248 11.3469 4.7700
v 13.0248 11.5769 4.9500
v 13.0248 11.8269 5.1200
v 13.0248 12.0469 5.2900
v 13.0148 12.2669 5.4000
v 13.0148 12.5069 5.5800
v 13.2748 10.4269 4.1400
v 13.2748 10.6369 4.1900
v 13.2748 10.8869 4.3600
v 13.2748 11.1169 4.5100
v 13.2748 11.3369 4.5900
v 13.2748 11.5569 4.8400
v 13.2648 11.8069 4.9700
v 13.2648 12.0469 5.0900
v 13.2648 12.2469 5.2400
v 13.2648 12.4669 5.4000
v 13.4848 10.5069 4.1100
v 13.4848 10.7369 4.1900
v 13.4848 10.9369 4.3600
v 13.4848 11.1969 4.4700
v 13.4848 11.4369 4.6200
v 13.4748 11.6769 4.8300
v 13.4748 11.8769 4.9100
v 13.4748 12.1169 5.0800
v 13.4748 12.3569 5.1900
v 13.6648 10.7569 4.2200
v 13.6648 10.9569 4.1800
v 13.6648 11.1769 4.3500
v 13.6648 11.4169 4.4600
v 13.6548 11.6569 4.7100
v 13.6548 11.8669 4.7700
v 13.6548 12.1069 5.0200
v 13.6548 12.3369 5.1300
v 13.8748 11.6169 4.5300
v 13.8748 11.8469 4.6800
v 13.8748 12.0969 4.8200
v 13.8748 12.3269 4.9800
v 10.3348 -6.8531 2.4000
v 10.0548 -6.8331 2.4500
v 10.0548 -7.0931 2.4700
v 10.0548 -7.1631 2.0000
v 10.0548 -7.2431 1.4900
v 10.0548 -7.2331 0.7300
v 10.0648 -7.7531 0.8400
v 9.8448 -6.4131 2.4000
v 9.8548 -6.9731 2.5800
v 9.8548 -7.2031 2.5000
v 9.8548 -7.3131 2.0800
v 9.8548 -7.3631 1.5100
v 9.8548 -7.3231 0.7000
v 9.8648 -7.8531 0.7800
v 9.7148 -6.1331 2.2800
v 9.7148 -6.4731 2.4800
v 9.7248 -6.7231 2.5300
v 9.7248 -6.9631 2.5800
v 9.7248 -7.2431 2.5600
v 9.7248 -7.3731 2.2300
v 9.7248 -7.4831 1.8700
v 9.7248 -7.4431 1.0100
v 9.7248 -7.4831 0.3600
v 9.7348 -7.8831 0.7300
v 9.5448 -5.9931 2.4200
v 9.5448 -6.2431 2.4200
v 9.5448 -6.5031 2.4900
v 9.5448 -6.8031 2.5700
v 9.5548 -7.0731 2.6000
v 9.5548 -7.3631 2.6900
v 9.5548 -7.4531 2.3200
v 9.5548 -7.6431 1.9900
v 9.5548 -7.6231 1.2000
v 9.5548 -7.6231 0.5300
v 9.2448 -5.6331 2.3600
v 9.2448 -5.8931 2.3600
v 9.2448 -6.2031 2.5400
v 9.2548 -6.4231 2.5300
v 9.2548 -6.7031 2.5800
v 9.2548 -7.0231 2.7200
v 9.2548 -7.2831 2.7600
v 9.2648 -7.5431 2.8600
v 9.2648 -7.7131 2.5500
v 9.2648 -7.8431 2.1600
v 9.2648 -7.8831 1.5500
v 9.2648 -7.8131 0.7200
v 8.9248 -5.2331 2.4200
v 8.9248 -5.4731 2.3600
v 8.9248 -5.7731 2.4900
v 8.9348 -6.0831 2.6800
v 8.9348 -6.3131 2.6100
v 8.9348 -6.5731 2.7200
v 8.9348 -6.8531 2.6900
v 8.9448 -7.1731 2.8500
v 8.9448 -7.4531 2.9200
v 8.9448 -7.7431 2.9900
v 8.9448 -7.9731 2.9100
v 8.9448 -8.0831 2.4700
v 8.9548 -8.1531 1.9500
v 8.6648 -4.8631 2.4200
v 8.6648 -5.1231 2.3600
v 8.6648 -5.4231 2.4900
v 8.6648 -5.7131 2.5900
v 8.6748 -5.9731 2.5700
v 8.6748 -6.2731 2.6800
v 8.6748 -6.5531 2.7400
v 8.6748 -6.8131 2.8100
v 8.6848 -7.0831 2.8700
v 8.6848 -7.3331 2.9100
v 8.6848 -7.6131 3.0000
v 8.6848 -7.8631 3.0600
v 8.6948 -8.1331 3.0900
v 8.6948 -8.2631 2.7100
v 8.6948 -8.4031 2.4700
v 8.4248 -4.6131 2.3500
v 8.4248 -4.8531 2.3800
v 8.4348 -5.1031 2.4500
v 8.4348 -5.4031 2.5800
v 8.4348 -5.6431 2.5700
v 8.4348 -5.9131 2.6900
v 8.4448 -6.1931 2.7700
v 8.4448 -6.4331 2.7300
v 8.4448 -6.9831 2.9100
v 8.4448 -7.2331 2.9500
v 8.4548 -7.5031 2.9900
v 8.4548 -7.8331 3.1300
v 8.4548 -8.0431 3.0500
v 8.4548 -8.3131 3.1600
v 8.4648 -8.4231 2.8000
v 8.4648 -8.5531 2.4000
v 8.4648 -8.5831 1.7900
v 8.4748 -10.3631 2.5400
v 8.4748 -10.5931 2.4600
v 8.4748 -10.2131 1.3900
v 8.4748 -10.4931 1.4100
v 8.1548 -4.3331 2.3300
v 8.1648 -4.6031 2.4300
v 8.1648 -4.8631 2.4800
v 8.1648 -5.3731 2.6300
v 8.1648 -5.6431 2.6100
v 8.1748 -5.9431 2.7300
v 8.1748 -6.2031 2.7900
v 8.1748 -6.4731 2.9200
v 8.1748 -6.7231 2.8300
v 8.1848 -7.0131 2.9500
v 8.1848 -7.2631 3.0100
v 8.1848 -7.5231 3.0600
v 8.1848 -7.8431 3.1900
v 8.1948 -8.0931 3.2000
v 8.1948 -8.3731 3.3300
v 8.1948 -8.6331 3.3000
v 8.1948 -8.7231 2.8000
v 8.1948 -8.8531 2.3700
v 8.2048 -9.9331 2.6700
v 8.2148 -10.1331 2.5800
v 8.2148 -10.3731 2.5400
v 8.2148 -10.6231 2.4600
v 8.2148 -10.7931 2.1800
v 8.2148 -10.5331 1.4100
v 7.8948 -4.1231 2.4200
v 7.8948 -4.3631 2.4500
v 7.9048 -4.6531 2.5500
v 7.9048 -4.9431 2.6200
v 7.9048 -5.1731 2.6000
v 7.9048 -5.4731 2.7000
v 7.9148 -5.7331 2.7800
v 7.9148 -6.0031 2.8400
v 7.9148 -6.2831 2.8800
v 7.9148 -6.5431 2.8900
v 7.9248 -6.8331 3.0000
v 7.9248 -7.1331 3.0700
v 7.9248 -7.3631 3.1000
v 7.9248 -7.6931 3.2400
v 7.9348 -7.9331 3.2700
v 7.9348 -8.2031 3.3300
v 7.9348 -8.4431 3.3800
v 7.9348 -8.7531 3.4700
v 7.9348 -8.8531 3.0200
v 7.9448 -9.0131 2.6700
v 7.9448 -8.9931 1.9700
v 7.9448 -9.7031 2.5600
v 7.9448 -9.9431 2.5600
v 7.9548 -10.1831 2.5600
v 7.9548 -10.4431 2.5200
v 7.9548 -10.6331 2.4600
v 7.9548 -10.8831 2.4000
v 7.9548 -10.5431 1.4100
v 7.9548 -11.1031 2.2400
v 7.6448 -3.6731 2.3900
v 7.6548 -3.9031 2.3400
v 7.6548 -4.1531 2.4400
v 7.6548 -4.4631 2.5500
v 7.6548 -4.7231 2.5200
v 7.6648 -5.0331 2.6600
v 7.6648 -5.3131 2.7000
v 7.6648 -5.5731 2.7500
v 7.6648 -5.8631 2.8300
v 7.6748 -6.1231 2.8900
v 7.6748 -6.3931 2.9600
v 7.6748 -6.6431 3.0100
v 7.6748 -6.9331 3.1100
v 7.6848 -7.2331 3.1400
v 7.6848 -7.5431 3.2900
v 7.6848 -7.7731 3.3000
v 7.6848 -8.0231 3.3300
v 7.6948 -8.3331 3.4400
v 7.6948 -8.5631 3.4100
v 7.6948 -8.7631 3.2900
v 7.6948 -8.8731 2.9100
v 7.6948 -8.9931 2.5400
v 7.6948 -9.0631 1.9300
v 7.7048 -9.5331 2.5600
v 7.7048 -9.7431 2.5400
v 7.7048 -10.0131 2.5000
v 7.7048 -10.2831 2.5100
v 7.7148 -10.5331 2.4700
v 7.7148 -10.7431 2.4300
v 7.7148 -10.9931 2.3700
v 7.7148 -11.2331 2.3000
v 7.3748 -3.6731 2.4200
v 7.3848 -4.2231 2.5600
v 7.3848 -4.5131 2.6800
v 7.3848 -4.7531 2.6700
v 7.3948 -5.0331 2.7500
v 7.3948 -5.3031 2.7900
v 7.3948 -5.6031 2.8500
v 7.3948 -5.8731 2.9400
v 7.4048 -6.1131 2.9800
v 7.4048 -6.4131 3.0400
v 7.4048 -6.6631 3.0900
v 7.4048 -6.9431 3.1700
v 7.4148 -7.2131 3.2500
v 7.4148 -7.4631 3.2600
v 7.4148 -7.7531 3.3200
v 7.4148 -8.0531 3.4300
v 7.4248 -8.2631 3.3700
v 7.4248 -8.4831 3.2500
v 7.4248 -8.6431 2.9300
v 7.4248 -8.6931 2.3200
v 7.4248 -8.9831 2.5000
v 7.4248 -9.2631 2.5500
v 7.4348 -9.5231 2.5100
v 7.4348 -9.7531 2.4900
v 7.4348 -9.9831 2.4600
v 7.4348 -10.2331 2.4500
v 7.4448 -10.4831 2.4400
v 7.4448 -10.7231 2.3900
v 7.4448 -10.9631 2.3700
v 7.4448 -11.1731 2.3000
v 7.4448 -11.4231 2.2300
v 7.0848 -3.3231 2.3600
v 7.0948 -3.6231 2.4900
v 7.0948 -3.8831 2.5500
v 7.0948 -4.1531 2.6400
v 7.0948 -4.4631 2.7200
v 7.1048 -4.7131 2.7600
v 7.1048 -4.9331 2.7200
v 7.1048 -5.2031 2.7500
v 7.1048 -5.4831 2.8500
v 7.1148 -5.7931 2.9800
v 7.1148 -6.0631 3.0400
v 7.1148 -6.3431 3.1200
v 7.1148 -6.6231 3.1800
v 7.1248 -6.9131 3.2200
v 7.1248 -7.1731 3.2600
v 7.1248 -7.4331 3.3500
v 7.1248 -7.7131 3.3900
v 7.1348 -8.0231 3.4700
v 7.1348 -8.1931 3.3200
v 7.1348 -8.3031 2.9700
v 7.1348 -8.4431 2.5600
v 7.1348 -8.7031 2.5300
v 7.1448 -8.9431 2.5800
v 7.1448 -9.1731 2.5400
v 7.1448 -9.4131 2.5100
v 7.1448 -9.6731 2.4500
v 7.1448 -9.9031 2.4400
v 7.1548 -10.1231 2.4100
v 7.1548 -10.4031 2.3900
v 7.1548 -10.6631 2.3500
v 7.1548 -10.9131 2.3200
v 7.1548 -11.1631 2.3100
v 7.1648 -11.4031 2.2600
v 7.1648 -11.6231 2.1600
v 6.8748 -3.4031 2.5700
v 6.8748 -3.6531 2.5600
v 6.8848 -3.9231 2.5900
v 6.8848 -4.2231 2.7300
v 6.8848 -4.4631 2.7500
v 6.8948 -4.7431 2.7600
v 6.8948 -5.0431 2.8700
v 6.8948 -5.3431 2.9500
v 6.8948 -5.5831 2.9700
v 6.9048 -5.8531 3.0000
v 6.9048 -6.1731 3.1500
v 6.9048 -6.3731 3.0900
v 6.9048 -6.6731 3.2500
v 6.9148 -6.9631 3.3100
v 6.9148 -7.2431 3.3400
v 6.9148 -7.5131 3.4300
v 6.9148 -7.7931 3.4800
v 6.9148 -7.9331 3.1800
v 6.9248 -8.0731 2.8300
v 6.9248 -8.1931 2.5300
v 6.9248 -8.5031 2.6300
v 6.9248 -8.7431 2.6000
v 6.9248 -8.9931 2.5500
v 6.9348 -9.2431 2.5100
v 6.9348 -9.4931 2.4700
v 6.9348 -9.7331 2.4200
v 6.9348 -9.9731 2.4100
v 6.9348 -10.2031 2.3800
v 6.9448 -10.4331 2.3500
v 6.9448 -10.6731 2.3400
v 6.9448 -10.8931 2.3000
v 6.9448 -11.1531 2.2800
v 6.9548 -11.3831 2.2500
v 6.9548 -11.6031 2.2100
v 6.7248 -3.4631 2.5500
v 6.7248 -3.7431 2.6400
v 6.7348 -4.0231 2.6900
v 6.7348 -4.2931 2.7500
v 6.7348 -4.5331 2.7600
v 6.7348 -4.8131 2.8500
v 6.7448 -5.1031 2.8800
v 6.7448 -5.3831 2.9400
v 6.7448 -5.6431 3.0200
v 6.7448 -5.9231 3.0700
v 6.7548 -6.1931 3.1400
v 6.7548 -6.4731 3.1800
v 6.7548 -6.7231 3.2600
v 6.7548 -7.0031 3.3100
v 6.7648 -7.3131 3.4100
v 6.7648 -7.5931 3.4500
v 6.7648 -7.7831 3.3000
v 6.7648 -7.9031 2.8800
v 6.7648 -8.0031 2.4100
v 6.7748 -8.3231 2.6100
v 6.7748 -8.5631 2.6300
v 6.7748 -8.7731 2.5800
v 6.7748 -9.0231 2.5300
v 6.7748 -9.2431 2.4800
v 6.7848 -9.4631 2.4500
v 6.7848 -9.7031 2.4200
v 6.7848 -9.9431 2.3900
v 6.7848 -10.1931 2.3600
v 6.7848 -10.3931 2.3400
v 6.7948 -10.6531 2.3000
v 6.7948 -10.9031 2.2800
v 6.7948 -11.1431 2.2600
v 6.7948 -11.3631 2.2100
v 6.7948 -11.6031 2.1900
v 6.5348 -3.8531 2.7200
v 6.5348 -4.1231 2.8000
v 6.5348 -4.3931 2.8200
v 6.5448 -4.6731 2.8500
v 6.5448 -4.9331 2.9100
v 6.5448 -5.2131 2.9600
v 6.5448 -5.5131 3.0500
v 6.5548 -5.8031 3.1200
v 6.5548 -6.0731 3.2000
v 6.5548 -6.3431 3.2200
v 6.5548 -6.6331 3.3000
v 6.5648 -6.8831 3.3000
v 6.5648 -7.1831 3.5000
v 6.5648 -7.3731 3.3700
v 6.5648 -7.5631 3.2200
v 6.5648 -7.6731 2.8300
v 6.5648 -7.7931 2.4100
v 6.5748 -8.1031 2.6400
v 6.5748 -8.3531 2.6400
v 6.5748 -8.5731 2.5900
v 6.5748 -8.7931 2.5600
v 6.5748 -9.0431 2.5100
v 6.5848 -9.2831 2.4600
v 6.5848 -9.4931 2.4300
v 6.5848 -9.7431 2.3800
v 6.5848 -9.9631 2.3400
v 6.5848 -10.2131 2.3200
v 6.5948 -10.4231 2.2900
v 6.5948 -10.7031 2.2600
v 6.5948 -10.9331 2.2400
v 6.5948 -11.1731 2.2300
v 6.6048 -11.4131 2.2000
v 6.6048 -11.6731 2.1700
v 6.2348 -4.0131 2.8400
v 6.2348 -4.2731 2.8300
v 6.2348 -4.5531 2.8900
v 6.2348 -4.8531 2.9900
v 6.2448 -5.1031 3.0400
v 6.2448 -5.3731 3.1400
v 6.2448 -5.6231 3.1400
v 6.2448 -5.8831 3.1900
v 6.2548 -6.1431 3.2800
v 6.2548 -6.4131 3.3200
v 6.2548 -6.6931 3.3700
v 6.2548 -6.9631 3.4600
v 6.2648 -7.1831 3.4200
v 6.2648 -7.2531 2.9600
v 6.2648 -7.4131 2.6800
v 6.2648 -7.6331 2.4800
v 6.2648 -7.9331 2.6600
v 6.2648 -8.1531 2.6100
v 6.2748 -8.3731 2.5800
v 6.2748 -8.6431 2.5500
v 6.2748 -8.8631 2.5000
v 6.2748 -9.0931 2.4600
v 6.2748 -9.3231 2.4100
v 6.2848 -9.5631 2.3900
v 6.2848 -9.8131 2.3400
v 6.2848 -10.0431 2.2900
v 6.2848 -10.2931 2.2600
v 6.2948 -10.5631 2.2400
v 6.2948 -10.7931 2.2000
v 6.2948 -11.0331 2.1900
v 6.2948 -11.2631 2.1700
v 6.2948 -11.4931 2.1400
v 6.3048 -11.7431 2.1100
v 5.9248 -4.1631 2.9800
v 5.9248 -4.4331 2.9900
v 5.9248 -4.6831 3.0200
v 5.9348 -4.9431 3.0700
v 5.9348 -5.2231 3.1700
v 5.9348 -5.4531 3.2000
v 5.9348 -5.7631 3.2800
v 5.9448 -6.0431 3.3200
v 5.9448 -6.2831 3.3500
v 5.9448 -6.5631 3.4200
v 5.9448 -6.8131 3.4800
v 5.9448 -6.9131 3.0000
v 5.9548 -7.0431 2.6900
v 5.9548 -7.1931 2.3400
v 5.9548 -7.5331 2.6500
v 5.9548 -7.7631 2.6300
v 5.9548 -8.0331 2.6200
v 5.9648 -8.2731 2.5500
v 5.9648 -8.4931 2.5000
v 5.9648 -8.7531 2.4600
v 5.9648 -8.9831 2.4300
v 5.9748 -9.2431 2.4000
v 5.9748 -9.4531 2.3600
v 5.9748 -9.6831 2.3300
v 5.9748 -9.9231 2.2900
v 5.9748 -10.1631 2.2400
v 5.9848 -10.4131 2.2100
v 5.9848 -10.6631 2.1900
v 5.9848 -10.9031 2.1500
v 5.9848 -11.1231 2.1300
v 5.9848 -11.3731 2.1100
v 5.9948 -11.6131 2.0800
v 5.6948 -4.3531 3.0900
v 5.6948 -4.6031 3.1200
v 5.7048 -4.8431 3.1200
v 5.7048 -5.1631 3.2700
v 5.7048 -5.4331 3.3500
v 5.7048 -5.6931 3.3300
v 5.7148 -5.9331 3.3600
v 5.7148 -6.2031 3.4200
v 5.7148 -6.4631 3.4100
v 5.7148 -6.5931 3.0600
v 5.7148 -6.7231 2.7200
v 5.7248 -6.9131 2.4900
v 5.7248 -7.2131 2.6200
v 5.7248 -7.4731 2.6000
v 5.7248 -7.7031 2.6000
v 5.7248 -7.9331 2.5800
v 5.7348 -8.1731 2.5500
v 5.7348 -8.4131 2.5000
v 5.7348 -8.6331 2.4600
v 5.7348 -8.9031 2.4000
v 5.7448 -9.1431 2.3700
v 5.7448 -9.3731 2.3500
v 5.7448 -9.5931 2.3100
v 5.7448 -9.8331 2.2900
v 5.7448 -10.0731 2.2300
v 5.7548 -10.3131 2.1800
v 5.7548 -10.5431 2.1600
v 5.7548 -10.7931 2.1300
v 5.7548 -11.0531 2.1100
v 5.7648 -11.2931 2.0900
v 5.7648 -11.5131 2.0500
v 5.4948 -4.6231 3.1600
v 5.4948 -4.8831 3.1700
v 5.4948 -5.1831 3.3300
v 5.5048 -5.4631 3.3500
v 5.5048 -5.7131 3.3800
v 5.5048 -6.0031 3.4300
v 5.5048 -6.2131 3.4000
v 5.5048 -6.3331 3.0500
v 5.5048 -6.4731 2.7300
v 5.5148 -6.5931 2.3300
v 5.5148 -6.9631 2.6500
v 5.5148 -7.2131 2.6200
v 5.5148 -7.4331 2.5900
v 5.5248 -7.6831 2.5700
v 5.5248 -7.9431 2.5400
v 5.5248 -8.1731 2.5300
v 5.5248 -8.4031 2.4900
v 5.5248 -8.6431 2.4200
v 5.5348 -8.8631 2.3900
v 5.5348 -9.1231 2.3500
v 5.5348 -9.3531 2.3200
v 5.5348 -9.5931 2.2900
v 5.5348 -9.8531 2.2600
v 5.5448 -10.0931 2.2000
v 5.5448 -10.3331 2.1800
v 5.5448 -10.5731 2.1400
v 5.5448 -10.8231 2.1000
v 5.5548 -11.0631 2.0700
v 5.5548 -11.2831 2.0600
v 5.5548 -11.5331 2.0200
v 5.2348 -4.9631 3.2100
v 5.2448 -5.2431 3.2900
v 5.2448 -5.5431 3.3700
v 5.2448 -5.8531 3.4700
v 5.2448 -6.0831 3.4500
v 5.2448 -6.1331 2.9300
v 5.2448 -6.2631 2.5900
v 5.2548 -6.5231 2.6000
v 5.2548 -6.7831 2.6400
v 5.2548 -7.0331 2.6200
v 5.2548 -7.2531 2.5900
v 5.2648 -7.5031 2.5400
v 5.2648 -7.7631 2.4900
v 5.2648 -7.9931 2.4800
v 5.2648 -8.2431 2.4900
v 5.2648 -8.4831 2.4400
v 5.2748 -8.7531 2.3900
v 5.2748 -8.9731 2.3400
v 5.2748 -9.2031 2.3000
v 5.2748 -9.4531 2.2700
v 5.2848 -9.6931 2.2400
v 5.2848 -9.9231 2.2100
v 5.2848 -10.1631 2.1700
v 5.2848 -10.4131 2.1400
v 5.2848 -10.6531 2.1000
v 5.2948 -10.9031 2.0600
v 5.2948 -11.1131 2.0300
v 5.2948 -11.3731 2.0100
v 5.2948 -11.6231 1.9800
v 4.9848 -5.1031 3.4100
v 4.9848 -5.3731 3.4500
v 4.9948 -5.6231 3.5400
v 4.9948 -5.7831 3.1800
v 4.9948 -5.9531 2.8900
v 4.9948 -5.9831 2.3200
v 4.9948 -6.3731 2.6500
v 4.9948 -6.6231 2.6500
v 5.0048 -6.8731 2.6100
v 5.0048 -7.0931 2.5800
v 5.0048 -7.3531 2.5400
v 5.0048 -7.6031 2.4900
v 5.0148 -7.8231 2.4500
v 5.0148 -8.0731 2.4500
v 5.0148 -8.3131 2.4000
v 5.0148 -8.5731 2.3900
v 5.0148 -8.7931 2.3600
v 5.0248 -9.0331 2.3100
v 5.0248 -9.2631 2.2700
v 5.0248 -9.5031 2.2300
v 5.0248 -9.7331 2.2100
v 5.0248 -9.9931 2.1600
v 5.0348 -10.2431 2.1400
v 5.0348 -10.4631 2.0900
v 5.0348 -10.7431 2.0500
v 5.0348 -10.9931 2.0100
v 5.0448 -11.2431 2.0000
v 5.0448 -11.4531 1.9700
v 5.0448 -11.6931 1.9400
v 4.7648 -5.2731 3.4900
v 4.7648 -5.5331 3.4600
v 4.7748 -5.6431 3.0900
v 4.7748 -5.6831 2.4800
v 4.7748 -5.6831 1.7100
v 4.7748 -6.2731 2.7100
v 4.7748 -6.5031 2.6700
v 4.7848 -6.7331 2.6200
v 4.7848 -6.9931 2.5700
v 4.7848 -7.2231 2.5500
v 4.7848 -7.4631 2.4900
v 4.7848 -7.6831 2.4600
v 4.7948 -7.9431 2.4200
v 4.7948 -8.1731 2.3800
v 4.7948 -8.4431 2.3900
v 4.7948 -8.6631 2.3300
v 4.7948 -8.9131 2.2600
v 4.8048 -9.1931 2.2700
v 4.8048 -9.4231 2.2100
v 4.8048 -9.6731 2.1800
v 4.8048 -9.9031 2.1500
v 4.8148 -10.1431 2.1200
v 4.8148 -10.3531 2.1000
v 4.8148 -10.5931 2.0600
v 4.8148 -10.8131 2.0200
v 4.8148 -11.0731 1.9700
v 4.8248 -11.3131 1.9600
v 4.8248 -11.5431 1.9400
v 4.5348 -5.3631 3.1600
v 4.5448 -5.4631 2.7600
v 4.5448 -5.5231 2.1200
v 4.5548 -6.5731 4.4800
v 4.5548 -6.7631 4.2900
v 4.5448 -6.1831 2.6400
v 4.5548 -6.7831 3.6500
v 4.5548 -6.4531 2.7000
v 4.5548 -6.7131 2.6700
v 4.5548 -6.9331 2.5600
v 4.5548 -7.1631 2.5100
v 4.5548 -7.4031 2.4900
v 4.5648 -7.6831 2.4600
v 4.5648 -7.9131 2.3900
v 4.5648 -8.1331 2.3500
v 4.5648 -8.3731 2.3200
v 4.5648 -8.6131 2.3200
v 4.5748 -8.8431 2.2700
v 4.5748 -9.0631 2.2400
v 4.5748 -9.3031 2.1900
v 4.5748 -9.5431 2.1700
v 4.5748 -9.7631 2.1200
v 4.5848 -9.9931 2.0900
v 4.5848 -10.2131 2.0600
v 4.5848 -10.4831 2.0400
v 4.5848 -10.7331 2.0300
v 4.5948 -10.9531 1.9700
v 4.5948 -11.1831 1.9400
v 4.5948 -11.4231 1.9300
v 4.5948 -11.6631 1.8900
v 4.3048 -6.4131 4.4800
v 4.3048 -6.6531 4.4600
v 4.3048 -6.8731 4.3100
v 4.3048 -6.8631 3.6100
v 4.3048 -6.8131 2.7700
v 4.3048 -6.9931 2.5800
v 4.3148 -7.1931 2.5000
v 4.3148 -7.4031 2.4500
v 4.3148 -7.6931 2.4300
v 4.3148 -7.9131 2.3700
v 4.3148 -8.1231 2.3300
v 4.3248 -8.3431 2.3000
v 4.3248 -8.5931 2.2400
v 4.3248 -8.8531 2.2600
v 4.3248 -9.0831 2.2100
v 4.3248 -9.2931 2.2000
v 4.3348 -9.5531 2.1300
v 4.3348 -9.7931 2.1100
v 4.3348 -10.0231 2.0800
v 4.3348 -10.2431 2.0500
v 4.3348 -10.5031 2.0100
v 4.3448 -10.7531 2.0000
v 4.3448 -10.9731 1.9700
v 4.3448 -11.1931 1.9400
v 4.3448 -11.4631 1.8800
v 4.3548 -11.7331 1.8600
v 4.1048 -5.5231 2.7000
v 4.1148 -6.3831 4.4500
v 4.1048 -5.7431 2.6200
v 4.1148 -6.6331 4.4600
v 4.1048 -6.0031 2.6500
v 4.1148 -6.8131 4.2500
v 4.1148 -6.8031 3.5200
v 4.1148 -6.8231 2.8800
v 4.1148 -6.9431 2.5600
v 4.1148 -7.1731 2.4800
v 4.1248 -7.4231 2.4600
v 4.1248 -7.6631 2.4200
v 4.1248 -7.8831 2.3600
v 4.1248 -8.1131 2.3300
v 4.1248 -8.3431 2.2900
v 4.1348 -8.5931 2.2700
v 4.1348 -8.8231 2.2200
v 4.1348 -9.0731 2.1900
v 4.1348 -9.2931 2.1700
v 4.1348 -9.5331 2.1400
v 4.1448 -9.7731 2.0900
v 4.1448 -10.0231 2.0500
v 4.1448 -10.2831 2.0300
v 4.1448 -10.5231 1.9800
v 4.1548 -10.7731 1.9800
v 4.1548 -11.0231 1.9500
v 4.1548 -11.2531 1.9100
v 4.1548 -11.4831 1.8600
v 4.1548 -11.6931 1.8300
v 3.9548 -5.3231 2.6400
v 3.9548 -5.5831 2.6800
v 3.9648 -6.4831 4.4700
v 3.9548 -5.8231 2.5900
v 3.9648 -6.6731 4.3100
v 3.9548 -6.0731 2.5900
v 3.9648 -6.7131 3.7300
v 3.9648 -6.7231 3.0800
v 3.9648 -6.8031 2.5800
v 3.9648 -7.0131 2.5000
v 3.9648 -7.2631 2.4200
v 3.9748 -7.5031 2.4400
v 3.9748 -7.7031 2.3900
v 3.9748 -7.9731 2.3300
v 3.9748 -8.2131 2.2900
v 3.9848 -8.4631 2.2600
v 3.9848 -8.6931 2.2000
v 3.9848 -8.9431 2.1700
v 3.9848 -9.2031 2.1600
v 3.9848 -9.4431 2.1400
v 3.9948 -9.6431 2.0600
v 3.9948 -9.8831 2.0600
v 3.9948 -10.1431 2.0100
v 3.9948 -10.3831 1.9800
v 4.0048 -10.6331 1.9500
v 4.0048 -10.8631 1.9500
v 4.0048 -11.1031 1.9100
v 4.0048 -11.3631 1.8800
v 4.0048 -11.5631 1.8400
v 3.7448 -5.2331 2.6700
v 3.7448 -5.4731 2.6200
v 3.7448 -5.7231 2.6000
v 3.7448 -5.9531 2.5800
v 3.7548 -6.1831 2.5700
v 3.7548 -6.4431 2.5500
v 3.7548 -6.6831 2.5100
v 3.7548 -6.9431 2.4800
v 3.7648 -7.1831 2.4500
v 3.7648 -7.4231 2.4200
v 3.7648 -7.6831 2.3900
v 3.7648 -7.9031 2.3400
v 3.7648 -8.1231 2.3000
v 3.7748 -8.3631 2.2500
v 3.7748 -8.5831 2.2000
v 3.7748 -8.8431 2.1600
v 3.7748 -9.0931 2.1300
v 3.7848 -9.3431 2.1400
v 3.7848 -9.5531 2.0800
v 3.7848 -9.8131 2.0500
v 3.7848 -10.0531 2.0300
v 3.7848 -10.2531 1.9800
v 3.7948 -10.5131 1.9200
v 3.7948 -10.7631 1.9200
v 3.7948 -10.9931 1.8900
v 3.7948 -11.2431 1.8700
v 3.7948 -11.4931 1.8500
v 3.8048 -11.7431 1.8100
v 3.4348 -4.8231 2.6700
v 3.4348 -5.0631 2.6400
v 3.4348 -5.3031 2.6600
v 3.4348 -5.5531 2.6000
v 3.4448 -5.8031 2.5500
v 3.4448 -6.0231 2.5200
v 3.4448 -6.2531 2.5000
v 3.4448 -6.4931 2.4700
v 3.4448 -6.7331 2.4000
v 3.4548 -6.9931 2.4100
v 3.4548 -7.2531 2.4200
v 3.4548 -7.4631 2.3700
v 3.4548 -7.7231 2.3400
v 3.4648 -7.9631 2.2900
v 3.4648 -8.1631 2.2400
v 3.4648 -8.4031 2.2100
v 3.4648 -8.6731 2.1800
v 3.4648 -8.8931 2.1300
v 3.4748 -9.1131 2.0800
v 3.4748 -9.3931 2.0900
v 3.4748 -9.6131 2.0200
v 3.4748 -9.8731 2.0000
v 3.4848 -10.1031 1.9800
v 3.4848 -10.3631 1.9400
v 3.4848 -10.6031 1.9100
v 3.4848 -10.8531 1.8700
v 3.4848 -11.0931 1.8500
v 3.4948 -11.3331 1.8300
v 3.4948 -11.5631 1.8000
v 3.1048 -1.5531 3.3900
v 3.1348 -4.5931 2.7100
v 3.1348 -4.8131 2.6400
v 3.1348 -5.0631 2.6200
v 3.1448 -5.3231 2.5700
v 3.1448 -5.5831 2.5700
v 3.1448 -5.7931 2.5100
v 3.1448 -6.0331 2.5100
v 3.1548 -6.2931 2.5000
v 3.1548 -6.5131 2.4200
v 3.1548 -6.7331 2.3800
v 3.1548 -7.0031 2.3800
v 3.1548 -7.2331 2.3500
v 3.1648 -7.4931 2.3400
v 3.1648 -7.7331 2.3000
v 3.1648 -7.9631 2.2500
v 3.1648 -8.2231 2.2400
v 3.1648 -8.4531 2.1800
v 3.1748 -8.7031 2.1400
v 3.1748 -8.9231 2.0800
v 3.1748 -9.1731 2.0400
v 3.1748 -9.4131 2.0000
v 3.1848 -9.6531 1.9900
v 3.1848 -9.8831 1.9700
v 3.1848 -10.1531 1.9500
v 3.1848 -10.3931 1.9200
v 3.1848 -10.6131 1.9000
v 3.1948 -10.8731 1.8300
v 3.1948 -11.1131 1.8200
v 3.1948 -11.3431 1.7600
v 3.1948 -11.5631 1.7000
v 2.8848 -1.5931 3.4800
v 2.8848 -1.8531 3.4300
v 2.8848 -1.3831 1.3000
v 2.9048 -3.4831 1.5800
v 2.9148 -4.3531 2.6600
v 2.9148 -4.5931 2.6400
v 2.9148 -4.8331 2.6300
v 2.9148 -5.0631 2.5900
v 2.9248 -5.3131 2.5200
v 2.9248 -5.5531 2.5500
v 2.9248 -5.7831 2.4900
v 2.9248 -6.0531 2.4600
v 2.9248 -6.2831 2.4300
v 2.9348 -6.5231 2.3900
v 2.9348 -6.7731 2.3600
v 2.9348 -7.0431 2.3300
v 2.9348 -7.2731 2.3000
v 2.9348 -7.5031 2.2900
v 2.9448 -7.7931 2.3200
v 2.9448 -8.0031 2.2300
v 2.9448 -8.2431 2.1900
v 2.9448 -8.4831 2.1400
v 2.9548 -8.7131 2.1100
v 2.9548 -8.9531 2.0600
v 2.9548 -9.2131 2.0300
v 2.9548 -9.4331 2.0000
v 2.9548 -9.6631 1.9200
v 2.9648 -9.9131 1.9300
v 2.9648 -10.1631 1.8800
v 2.9648 -10.4131 1.8700
v 2.9648 -10.6631 1.8500
v 2.9748 -10.9031 1.8000
v 2.9748 -11.1631 1.7600
v 2.9748 -11.3831 1.6800
v 2.6748 -1.4031 3.5000
v 2.6748 -1.6331 3.4800
v 2.6748 -1.8931 3.4300
v 2.6748 -2.1331 3.4200
v 2.6748 -1.4731 1.5400
v 2.6748 -1.6031 1.1500
v 2.6948 -4.1231 2.6900
v 2.6948 -4.3931 2.6600
v 2.7048 -4.6131 2.6100
v 2.7048 -4.8531 2.5700
v 2.7048 -5.0931 2.5400
v 2.7048 -5.3331 2.5100
v 2.7048 -5.6031 2.4800
v 2.7148 -5.8431 2.4400
v 2.7148 -6.0831 2.4100
v 2.7148 -6.3331 2.3800
v 2.7148 -6.5531 2.3500
v 2.7248 -6.7931 2.3200
v 2.7248 -7.0531 2.3000
v 2.7248 -7.2831 2.2600
v 2.7248 -7.5431 2.2500
v 2.7248 -7.7831 2.2300
v 2.7348 -8.0331 2.2400
v 2.7348 -8.2531 2.1500
v 2.7348 -8.5131 2.1100
v 2.7348 -8.7531 2.0700
v 2.7348 -8.9931 2.0300
v 2.7448 -9.2431 2.0000
v 2.7448 -9.4931 1.9400
v 2.7448 -9.7431 1.9000
v 2.7448 -9.9631 1.8700
v 2.7548 -10.2031 1.8600
v 2.7548 -10.4431 1.8300
v 2.7548 -10.6631 1.7800
v 2.7548 -10.8931 1.7700
v 2.4048 -1.4031 3.5300
v 2.4048 -1.6331 3.4800
v 2.4148 -1.8731 3.5000
v 2.4148 -2.1131 3.4600
v 2.4048 -1.7031 1.6000
v 2.4048 -1.8031 1.1300
v 2.4148 -1.8431 0.4700
v 2.4148 -2.3631 0.5300
v 2.4248 -3.6531 2.7000
v 2.4248 -3.8931 2.7000
v 2.4348 -4.1131 2.6300
v 2.4348 -4.3731 2.6300
v 2.4348 -4.6231 2.5900
v 2.4348 -4.8331 2.5300
v 2.4348 -5.0731 2.5100
v 2.4448 -5.3331 2.5000
v 2.4448 -5.5731 2.4500
v 2.4448 -5.8231 2.4300
v 2.4448 -6.0331 2.3800
v 2.4548 -6.3131 2.3700
v 2.4548 -6.5431 2.3300
v 2.4548 -6.8031 2.3300
v 2.4548 -7.0131 2.2600
v 2.4548 -7.2831 2.2400
v 2.4648 -7.5531 2.1900
v 2.4648 -7.8031 2.1900
v 2.4648 -8.0431 2.1700
v 2.4648 -8.2531 2.1300
v 2.4748 -8.5131 2.1100
v 2.4748 -8.7431 2.0500
v 2.4748 -8.9431 2.0100
v 2.4748 -9.1831 1.9600
v 2.4748 -9.4331 1.9300
v 2.4848 -9.6631 1.8900
v 2.4848 -9.8831 1.8300
v 2.4848 -10.0931 1.8000
v 2.4848 -10.3431 1.8000
v 2.4848 -10.5831 1.6800
v 2.4948 -10.8431 1.7000
v 2.1548 -1.4231 3.5500
v 2.1548 -1.6631 3.4900
v 2.1648 -1.9231 3.4800
v 2.1648 -2.1731 3.4800
v 2.1648 -2.4231 3.4800
v 2.1648 -1.7931 1.7000
v 2.1648 -1.9431 1.3900
v 2.1648 -1.9931 0.7700
v 2.1648 -2.1431 0.5200
v 2.1648 -2.3531 0.4300
v 2.1748 -3.4231 2.7300
v 2.1748 -3.6731 2.6600
v 2.1748 -3.8931 2.6300
v 2.1848 -4.1431 2.5900
v 2.1848 -4.3731 2.5700
v 2.1848 -4.6231 2.5400
v 2.1848 -4.8531 2.5000
v 2.1948 -5.1131 2.5000
v 2.1948 -5.3431 2.4400
v 2.1948 -5.6031 2.3900
v 2.1948 -5.8531 2.3700
v 2.1948 -6.1031 2.3200
v 2.2048 -6.3331 2.2900
v 2.2048 -6.5931 2.2700
v 2.2048 -6.8331 2.2700
v 2.2048 -7.0531 2.2100
v 2.2048 -7.2831 2.1800
v 2.2148 -7.5131 2.1400
v 2.2148 -7.7831 2.1600
v 2.2148 -8.0131 2.1100
v 2.2148 -8.2431 2.1200
v 2.2148 -8.4531 2.0500
v 2.2248 -8.6831 2.0100
v 2.2248 -8.9431 1.9900
v 2.2248 -9.1931 1.9400
v 2.2248 -9.4131 1.9100
v 2.2348 -9.6431 1.8700
v 2.2348 -9.8731 1.8400
v 2.2348 -10.1031 1.7800
v 2.2348 -10.3131 1.6600
v 2.2348 -10.5731 1.6600
v 1.9548 -1.5431 3.4800
v 1.9548 -1.8231 3.5100
v 1.9548 -2.1431 3.6200
v 1.9648 -2.3831 3.6400
v 1.9648 -2.5631 3.4400
v 1.9548 -2.1831 1.6600
v 1.9548 -2.1731 0.8400
v 1.9548 -2.2431 0.3500
v 1.9648 -3.3231 2.7000
v 1.9748 -3.5631 2.6400
v 1.9748 -3.8331 2.6500
v 1.9748 -4.0731 2.5700
v 1.9748 -4.3231 2.5300
v 1.9748 -4.5631 2.5200
v 1.9848 -4.8131 2.5000
v 1.9848 -5.0431 2.4700
v 1.9848 -5.2631 2.4300
v 1.9848 -5.4731 2.3900
v 1.9948 -5.7231 2.3400
v 1.9948 -5.9731 2.3200
v 1.9948 -6.2031 2.3100
v 1.9948 -6.4231 2.2700
v 1.9948 -6.6531 2.2400
v 2.0048 -6.9031 2.2300
v 2.0048 -7.1531 2.1700
v 2.0048 -7.3931 2.1400
v 2.0048 -7.6231 2.1200
v 2.0048 -7.8731 2.1100
v 2.0148 -8.1031 2.0700
v 2.0148 -8.3531 2.0700
v 2.0148 -8.5731 2.0200
v 2.0148 -8.8231 1.9600
v 2.0248 -9.0631 1.9400
v 2.0248 -9.2631 1.9100
v 2.0248 -9.5231 1.8600
v 2.0248 -9.7731 1.8200
v 2.0248 -10.0031 1.7500
v 2.0348 -10.2431 1.6600
v 1.7448 -1.4831 3.5000
v 1.7448 -1.7531 3.5300
v 1.7548 -2.0631 3.6700
v 1.7548 -2.3131 3.6500
v 1.7548 -2.2531 2.6900
v 1.7548 -2.2531 1.9700
v 1.7548 -2.2531 1.2300
v 1.7648 -3.0231 2.7400
v 1.7548 -2.3331 0.7900
v 1.7648 -3.2531 2.6800
v 1.7648 -3.4631 2.6200
v 1.7648 -3.7031 2.5700
v 1.7648 -3.9331 2.5900
v 1.7748 -4.1831 2.5400
v 1.7748 -4.4131 2.5100
v 1.7748 -4.6431 2.4700
v 1.7748 -4.8731 2.4600
v 1.7748 -5.0931 2.3900
v 1.7848 -5.3631 2.3900
v 1.7848 -5.6131 2.3400
v 1.7848 -5.8331 2.3300
v 1.7848 -6.0531 2.2900
v 1.7848 -6.2931 2.2400
v 1.7948 -6.5631 2.2400
v 1.7948 -6.7731 2.1900
v 1.7948 -7.0131 2.1800
v 1.7948 -7.2331 2.1400
v 1.7948 -7.4931 2.1000
v 1.8048 -7.7431 2.0700
v 1.8048 -7.9931 2.0400
v 1.8048 -8.2331 2.0200
v 1.8048 -8.5231 2.0300
v 1.8148 -8.7331 1.9800
v 1.8148 -8.9731 1.9100
v 1.8148 -9.1831 1.9000
v 1.8148 -9.4431 1.8700
v 1.8148 -9.6531 1.7900
v 1.8248 -9.8631 1.6700
v 1.5048 -1.5731 3.5800
v 1.5048 -1.8431 3.6700
v 1.5048 -2.0531 3.6000
v 1.5048 -1.9931 2.8100
v 1.5148 -2.0431 2.1900
v 1.5148 -2.1131 1.6300
v 1.5148 -2.7131 2.7000
v 1.5148 -2.1331 1.0300
v 1.5148 -2.9231 2.6900
v 1.5148 -2.2831 0.8500
v 1.5148 -3.1831 2.6500
v 1.5248 -3.4331 2.6300
v 1.5248 -3.6531 2.5700
v 1.5248 -3.9031 2.5400
v 1.5248 -4.1231 2.4900
v 1.5348 -4.3731 2.5000
v 1.5348 -4.6131 2.4400
v 1.5348 -4.8431 2.4100
v 1.5348 -5.0731 2.3800
v 1.5348 -5.3331 2.3500
v 1.5448 -5.5531 2.3000
v 1.5448 -5.7931 2.3000
v 1.5448 -6.0331 2.2700
v 1.5448 -6.2731 2.2200
v 1.5548 -6.5531 2.2100
v 1.5548 -6.7931 2.1500
v 1.5548 -7.0031 2.1200
v 1.5548 -7.2531 2.0900
v 1.5548 -7.5231 2.0900
v 1.5648 -7.7231 2.0400
v 1.5648 -7.9631 2.0400
v 1.5648 -8.1931 2.0000
v 1.5648 -8.4731 1.9500
v 1.5648 -8.7231 1.9500
v 1.5748 -8.9431 1.8900
v 1.5748 -9.1431 1.8400
v 1.5748 -9.4131 1.7800
v 1.5748 -9.6631 1.8100
v 1.3048 -1.5231 3.6500
v 1.3048 -1.7631 3.6700
v 1.3048 -1.9431 3.4600
v 1.3048 -1.8531 2.5300
v 1.3048 -1.8731 1.8400
v 1.3148 -2.4431 2.7200
v 1.3048 -1.8431 1.0400
v 1.3148 -2.6831 2.7000
v 1.3048 -2.0231 0.8300
v 1.3148 -2.8931 2.6600
v 1.3148 -3.1331 2.6400
v 1.3148 -3.3631 2.5700
v 1.3248 -3.6131 2.5700
v 1.3248 -3.8531 2.4900
v 1.3248 -4.0931 2.4800
v 1.3248 -4.3331 2.5000
v 1.3348 -4.5631 2.4100
v 1.3348 -4.8131 2.3700
v 1.3348 -5.0631 2.3800
v 1.3348 -5.3131 2.3000
v 1.3348 -5.5531 2.3000
v 1.3448 -5.8131 2.2700
v 1.3448 -6.0531 2.2400
v 1.3448 -6.2531 2.1900
v 1.3448 -6.4931 2.1600
v 1.3548 -6.7531 2.1500
v 1.3548 -7.0031 2.1400
v 1.3548 -7.2431 2.0800
v 1.3548 -7.4931 2.0800
v 1.3548 -7.7231 2.0400
v 1.3648 -7.9731 2.0100
v 1.3648 -8.1931 1.9500
v 1.3648 -8.4131 1.9500
v 1.3648 -8.6831 1.9200
v 1.3648 -8.9131 1.8900
v 1.3748 -9.1331 1.7700
v 1.3748 -9.3731 1.7100
v 1.1348 -1.4331 3.6400
v 1.1448 -1.6531 3.5500
v 1.1348 -1.6231 2.7600
v 1.1448 -1.6131 1.9600
v 1.1448 -1.6131 1.3300
v 1.1448 -2.3331 2.6800
v 1.1448 -1.7231 0.9400
v 1.1448 -2.5831 2.6800
v 1.1548 -2.8531 2.6500
v 1.1548 -3.1031 2.6100
v 1.1548 -3.3531 2.5900
v 1.1548 -3.5731 2.5400
v 1.1648 -3.8331 2.5000
v 1.1648 -4.0731 2.4800
v 1.1648 -4.2831 2.4400
v 1.1648 -4.5131 2.3900
v 1.1648 -4.7631 2.3700
v 1.1748 -5.0231 2.3300
v 1.1748 -5.2731 2.2900
v 1.1748 -5.5031 2.2900
v 1.1748 -5.7431 2.2800
v 1.1748 -5.9831 2.2100
v 1.1848 -6.2131 2.1800
v 1.1848 -6.4431 2.1700
v 1.1848 -6.6831 2.1200
v 1.1848 -6.9431 2.1000
v 1.1948 -7.1831 2.0800
v 1.1948 -7.4331 2.0400
v 1.1948 -7.6531 2.0000
v 1.1948 -7.9131 1.9700
v 1.1948 -8.1831 1.9700
v 1.2048 -8.4031 1.9100
v 1.2048 -8.6331 1.8900
v 1.2048 -8.8831 1.8100
v 1.2048 -9.1331 1.7500
v 1.2048 -9.3231 1.6900
v 0.9248 -1.4231 3.5700
v 0.9248 -1.4031 2.7600
v 0.9248 -1.3931 1.9500
v 0.9248 -1.4031 1.2700
v 0.9348 -2.1631 2.7300
v 0.9348 -1.5131 0.9100
v 0.9348 -2.4031 2.6600
v 0.9448 -2.6331 2.6400
v 0.9448 -2.8531 2.6100
v 0.9448 -3.0731 2.6000
v 0.9448 -3.3531 2.5500
v 0.9448 -3.6031 2.5200
v 0.9548 -3.8531 2.4800
v 0.9548 -4.0631 2.4300
v 0.9548 -4.3031 2.4100
v 0.9548 -4.5531 2.3800
v 0.9548 -4.7831 2.3500
v 0.9648 -5.0131 2.3200
v 0.9648 -5.2831 2.2900
v 0.9648 -5.4931 2.2400
v 0.9648 -5.7531 2.2200
v 0.9748 -6.0031 2.2200
v 0.9748 -6.2231 2.1800
v 0.9748 -6.4831 2.1200
v 0.9748 -6.7431 2.1100
v 0.9748 -6.9731 2.0600
v 0.9848 -7.2131 2.0400
v 0.9848 -7.4631 2.0200
v 0.9848 -7.7331 2.0000
v 0.9848 -7.9431 1.9400
v 0.9948 -8.1831 1.9400
v 0.9948 -8.4331 1.8800
v 0.9948 -8.6931 1.8800
v 0.9948 -8.8831 1.7700
v 0.6248 -1.7331 2.7100
v 0.6348 -1.9731 2.7100
v 0.6348 -2.2031 2.6800
v 0.6348 -2.4331 2.6100
v 0.6348 -2.6931 2.6100
v 0.6348 -2.9031 2.5700
v 0.6448 -3.1331 2.5200
v 0.6448 -3.4131 2.5200
v 0.6448 -3.6331 2.4500
v 0.6448 -3.8731 2.4200
v 0.6548 -4.1131 2.3800
v 0.6548 -4.3631 2.3600
v 0.6548 -4.6231 2.3400
v 0.6548 -4.8531 2.2900
v 0.6548 -5.1031 2.2700
v 0.6648 -5.3431 2.2300
v 0.6648 -5.6031 2.2000
v 0.6648 -5.8531 2.1700
v 0.6648 -6.0731 2.1500
v 0.6648 -6.2931 2.1300
v 0.6748 -6.5731 2.0600
v 0.6748 -6.8231 2.0400
v 0.6748 -7.0331 2.0300
v 0.6748 -7.2931 2.0000
v 0.6848 -7.5331 1.9700
v 0.6848 -7.7931 1.9600
v 0.6848 -7.9831 1.9000
v 0.6848 -8.2431 1.8500
v 0.3348 -1.6031 2.7200
v 0.3348 -1.8431 2.6700
v 0.3348 -2.0631 2.6400
v 0.3448 -2.3331 2.6200
v 0.3448 -2.5831 2.5800
v 0.3448 -2.8131 2.5500
v 0.3448 -3.0531 2.5000
v 0.3448 -3.3131 2.4600
v 0.3548 -3.5531 2.4300
v 0.3548 -3.7931 2.4000
v 0.3548 -4.0231 2.3400
v 0.3548 -4.2931 2.3400
v 0.3548 -4.5131 2.2900
v 0.3648 -4.7631 2.2800
v 0.3648 -5.0231 2.2800
v 0.3648 -5.2631 2.2200
v 0.3648 -5.4731 2.1900
v 0.3748 -5.7431 2.1600
v 0.3748 -5.9731 2.1300
v 0.3748 -6.2231 2.1100
v 0.3748 -6.4431 2.0400
v 0.3848 -6.7031 2.0300
v 0.3848 -6.9531 1.9800
v 0.3848 -7.2231 1.9800
v 0.3848 -7.4331 1.9100
v 0.3848 -7.7031 1.8900
v 0.3948 -7.9531 1.8400
v 0.3948 -8.1531 1.7700
v 0.0948 -1.4131 2.6800
v 0.0948 -1.6731 2.6500
v 0.1048 -1.9131 2.6400
v 0.1048 -2.1531 2.6000
v 0.1048 -2.3931 2.5500
v 0.1048 -2.6331 2.5300
v 0.1048 -2.8631 2.5100
v 0.1148 -3.1231 2.4700
v 0.1148 -3.3631 2.4400
v 0.1148 -3.5931 2.4100
v 0.1148 -3.8431 2.3500
v 0.1248 -4.0731 2.3100
v 0.1248 -4.3031 2.3000
v 0.1248 -4.5431 2.2700
v 0.1248 -4.8231 2.2600
v 0.1248 -5.0731 2.2000
v 0.1348 -5.3031 2.2000
v 0.1348 -5.5631 2.1300
v 0.1348 -5.8131 2.1100
v 0.1348 -6.0531 2.0700
v 0.1448 -6.2831 2.0600
v 0.1448 -6.5231 2.0200
v 0.1448 -6.7531 1.9800
v 0.1448 -6.9831 1.9500
v 0.1448 -7.2231 1.9400
v 0.1548 -7.4731 1.9000
v 0.1548 -7.6931 1.8300
v -0.1352 -1.3831 2.6500
v -0.1352 -1.6431 2.6300
v -0.1352 -1.9031 2.6300
v -0.1352 -2.1331 2.5800
v -0.1252 -2.3831 2.5600
v -0.1252 -2.6031 2.4900
v -0.1252 -2.8531 2.4500
v -0.1252 -3.0731 2.4500
v -0.1252 -3.3331 2.3900
v -0.1152 -3.5931 2.3600
v -0.1152 -3.8231 2.3300
v -0.1152 -4.0931 2.3000
v -0.1152 -4.3431 2.2800
v -0.1052 -4.5931 2.2400
v -0.1052 -4.8231 2.2100
v -0.1052 -5.0431 2.1800
v -0.1052 -5.2931 2.1700
v -0.1052 -5.5131 2.1200
v -0.0952 -5.7331 2.0900
v -0.0952 -5.9931 2.0600
v -0.0952 -6.2231 2.0500
v -0.0952 -6.4531 1.9800
v -0.0852 -6.6931 1.9900
v -0.0852 -6.9031 1.9400
v -0.0852 -7.1631 1.9000
v -0.0852 -7.4031 1.8500
v -0.0852 -7.6531 1.8500
v -0.4152 -1.5931 2.6100
v -0.4052 -1.8331 2.5800
v -0.4052 -2.0831 2.5500
v -0.4052 -2.3531 2.4900
v -0.4052 -2.5931 2.4600
v -0.4052 -2.8331 2.4200
v -0.3952 -3.0631 2.4100
v -0.3952 -3.3031 2.3500
v -0.3952 -3.5431 2.3600
v -0.3952 -3.7631 2.3000
v -0.3852 -3.9831 2.3000
v -0.3852 -4.2531 2.2600
v -0.3852 -4.4831 2.2200
v -0.3852 -4.6931 2.1700
v -0.3852 -4.9331 2.1600
v -0.3752 -5.1631 2.1200
v -0.3752 -5.4331 2.0900
v -0.3752 -5.6731 2.0700
v -0.3752 -5.8931 2.0100
v -0.3752 -6.1231 2.0100
v -0.3652 -6.3731 1.9700
v -0.3652 -6.6231 1.9400
v -0.3652 -6.8431 1.9400
v -0.3652 -7.0831 1.8600
v -0.3652 -7.3031 1.7900
v -0.6652 -1.3831 2.6100
v -0.6652 -1.6131 2.5700
v -0.6552 -1.8231 2.5500
v -0.6552 -2.0731 2.5100
v -0.6552 -2.3131 2.4800
v -0.6552 -2.5431 2.4300
v -0.6552 -2.7731 2.4100
v -0.6452 -3.0031 2.3800
v -0.6452 -3.2431 2.3400
v -0.6452 -3.4931 2.3200
v -0.6452 -3.7531 2.2900
v -0.6452 -3.9931 2.2800
v -0.6352 -4.2131 2.2300
v -0.6352 -4.4431 2.2100
v -0.6352 -4.6831 2.1400
v -0.6352 -4.9031 2.1200
v -0.6252 -5.1731 2.1100
v -0.6252 -5.3931 2.0700
v -0.6252 -5.6231 2.0200
v -0.6252 -5.8831 2.0200
v -0.6252 -6.1231 1.9800
v -0.6152 -6.3831 1.9500
v -0.6152 -6.6331 1.9000
v -0.6152 -6.8531 1.8800
v -0.8652 -1.4731 2.5600
v -0.8652 -1.7231 2.5100
v -0.8652 -1.9831 2.5000
v -0.8552 -2.1831 2.4800
v -0.8552 -2.4431 2.4500
v -0.8552 -2.6631 2.3800
v -0.8552 -2.9231 2.3600
v -0.8552 -3.1331 2.3300
v -0.8452 -3.3931 2.3200
v -0.8452 -3.6231 2.2700
v -0.8452 -3.8631 2.2600
v -0.8452 -4.1131 2.2000
v -0.8352 -4.3531 2.1700
v -0.8352 -4.6031 2.1200
v -0.8352 -4.8731 2.1300
v -0.8352 -5.0931 2.0700
v -0.8352 -5.3431 2.0600
v -0.8252 -5.5731 2.0200
v -0.8252 -5.8031 2.0000
v -0.8252 -6.0531 1.9900
v -0.8252 -6.2831 1.9600
v -0.8152 -6.5031 1.8500
v -0.8152 -6.7831 1.8200
v -1.0752 -1.5931 2.5300
v -1.0752 -1.8331 2.4800
v -1.0652 -2.0731 2.4500
v -1.0652 -2.2931 2.4000
v -1.0652 -2.5431 2.3800
v -1.0652 -2.7931 2.3700
v -1.0652 -3.0331 2.3000
v -1.0552 -3.3031 2.2900
v -1.0552 -3.5231 2.2500
v -1.0552 -3.7831 2.2200
v -1.0552 -4.0131 2.1900
v -1.0552 -4.2431 2.1800
v -1.0452 -4.4831 2.1500
v -1.0452 -4.7231 2.1100
v -1.0452 -4.9731 2.0700
v -1.0452 -5.2231 2.0400
v -1.0352 -5.4531 2.0100
v -1.0352 -5.6931 1.9700
v -1.0352 -5.9131 1.9600
v -1.0352 -6.1731 1.9200
v -1.0352 -6.3931 1.8400
v -1.3252 -1.7431 2.4600
v -1.3252 -1.9631 2.4200
v -1.3252 -2.2231 2.3800
v -1.3152 -2.4531 2.3400
v -1.3152 -2.6831 2.3300
v -1.3152 -2.9131 2.2900
v -1.3152 -3.1731 2.2500
v -1.3052 -3.4231 2.2200
v -1.3052 -3.6731 2.2100
v -1.3052 -3.9031 2.1900
v -1.3052 -4.1331 2.1500
v -1.3052 -4.3931 2.1100
v -1.2952 -4.6131 2.0800
v -1.2952 -4.8331 2.0700
v -1.2952 -5.1031 2.0400
v -1.2952 -5.3331 1.9900
v -1.2952 -5.5731 1.9500
v -1.2852 -5.8231 1.9500
v -1.2852 -6.0231 1.8900
v -1.2852 -6.3031 1.8300
v -1.5452 -1.7931 2.4800
v -1.5452 -2.0031 2.4000
v -1.5452 -2.2031 2.3400
v -1.5452 -2.4831 2.3400
v -1.5452 -2.7131 2.3000
v -1.5352 -2.9431 2.2700
v -1.5352 -3.2031 2.2400
v -1.5352 -3.4231 2.2000
v -1.5352 -3.6931 2.2100
v -1.5352 -3.9131 2.1600
v -1.5252 -4.1731 2.1500
v -1.5252 -4.4231 2.0900
v -1.5252 -4.6731 2.0800
v -1.5252 -4.9031 2.0300
v -1.5252 -5.1431 2.0000
v -1.5152 -5.3931 1.9600
v -1.5152 -5.6531 1.9200
v -1.5152 -5.8731 1.8700
v -1.7352 -1.8631 2.4000
v -1.7252 -2.1031 2.3500
v -1.7252 -2.3431 2.3300
v -1.7252 -2.5731 2.2700
v -1.7252 -2.8431 2.2500
v -1.7252 -3.1031 2.2400
v -1.7152 -3.3231 2.1900
v -1.7152 -3.5731 2.1600
v -1.7152 -3.8331 2.1300
v -1.7152 -4.0731 2.1100
v -1.7052 -4.3131 2.0900
v -1.7052 -4.5431 2.0600
v -1.7052 -4.7831 2.0100
v -1.7052 -5.0431 2.0300
v -1.7052 -5.2731 1.9700
v -1.6952 -5.5131 1.9200
v -1.6952 -5.7331 1.8300
v -1.9552 -2.1231 2.3100
v -1.9452 -2.4131 2.3100
v -1.9452 -2.6231 2.2500
v -1.9452 -2.8431 2.2100
v -1.9452 -3.0931 2.1900
v -1.9452 -3.3631 2.1700
v -1.9352 -3.5831 2.1100
v -1.9352 -3.8331 2.1100
v -1.9352 -4.0831 2.0800
v -1.9352 -4.3331 2.0600
v -1.9252 -4.5531 2.0000
v -1.9252 -4.8031 1.9800
v -1.9252 -5.0631 1.9400
v -1.9252 -5.2931 1.8900
v -1.9252 -5.5431 1.8300
v -2.2552 -2.3731 2.2700
v -2.2552 -2.6131 2.2200
v -2.2552 -2.8431 2.2000
v -2.2452 -3.0931 2.1600
v -2.2452 -3.3531 2.1200
v -2.2452 -3.6131 2.1100
v -2.2452 -3.8431 2.0600
v -2.2452 -4.1131 2.0500
v -2.2352 -4.3731 2.0000
v -2.2352 -4.6031 1.9900
v -2.2352 -4.8131 1.9500
v -2.2352 -5.0131 1.8800
v -2.2352 -5.2431 1.7900
v -2.5452 -2.5931 2.2700
v -2.5352 -2.8231 2.1700
v -2.5352 -3.0331 2.1300
v -2.5352 -3.2731 2.0800
v -2.5352 -3.5131 2.0700
v -2.5352 -3.7431 2.0400
v -2.5252 -3.9731 2.0100
v -2.5252 -4.2231 1.9800
v -2.5252 -4.4531 1.9500
v -2.5252 -4.6731 1.9000
v -2.5252 -4.8631 1.7900
v -2.7552 -2.8031 2.2300
v -2.7552 -2.9931 2.1200
v -2.7552 -3.2131 2.0800
v -2.7452 -3.4731 2.0400
v -2.7452 -3.7331 2.0000
v -2.7452 -3.9631 1.9900
v -2.7452 -4.1831 1.9500
v -2.7352 -4.3931 1.8900
v -2.7352 -4.6531 1.8400
v -2.9652 -3.0831 2.1000
v -2.9652 -3.3031 2.0400
v -2.9552 -3.5531 2.0100
v -2.9552 -3.7631 2.0000
v -2.9552 -4.0031 1.9500
v -2.9552 -4.2531 1.8700
v -2.9352 -6.2231 2.4700
v -3.2152 -3.3531 2.0200
v -3.2152 -3.5831 1.9700
v -3.2052 -3.7731 1.9200
v -3.2052 -4.0231 1.8900
v -3.1952 -6.0631 6.2400
v -3.1852 -6.1231 5.6700
v -3.1852 -6.4931 2.4400
v -3.4452 -3.5131 1.9800
v -3.4452 -3.7231 1.8800
v -3.4252 -5.7831 6.3500
v -3.4252 -6.0031 6.3100
v -3.4252 -6.1031 5.8100
v -3.4152 -6.2831 5.6600
v -3.4152 -6.4831 5.4800
v -3.4252 -6.0331 4.1900
v -3.4252 -6.0731 3.5700
v -3.4252 -6.1131 2.9700
v -3.4252 -6.0631 2.1400
v -3.4252 -6.0931 1.4500
v -3.4252 -6.0331 0.4900
v -3.6152 -5.6131 6.2900
v -3.6152 -5.8631 6.2600
v -3.6152 -6.0631 6.0700
v -3.6152 -6.2231 5.7500
v -3.6052 -6.4331 5.6800
v -3.6052 -6.6331 5.5000
v -3.6152 -6.1631 4.1500
v -3.6152 -6.2631 3.6600
v -3.6152 -6.2031 2.8000
v -3.6152 -6.2231 2.1600
v -3.6152 -6.1631 1.2800
v -3.6152 -6.2631 0.7600
v -3.8152 -5.4231 6.3700
v -3.8152 -5.6631 6.2900
v -3.8152 -5.8231 6.0500
v -3.8152 -5.9831 5.7800
v -3.8152 -6.2131 5.7400
v -3.8052 -6.4831 5.7300
v -3.8052 -6.7131 5.6400
v -3.8152 -6.2831 4.4200
v -3.8052 -6.3531 3.9700
v -3.8052 -6.4731 3.5600
v -3.8052 -6.7031 3.4900
v -3.8052 -6.4131 2.6700
v -3.8052 -6.4431 1.9800
v -3.8052 -6.3931 1.1000
v -3.8052 -6.5031 0.6600
v -4.0552 -5.0831 6.3400
v -4.0552 -5.3031 6.3000
v -4.0552 -5.5131 6.1700
v -4.0552 -5.6731 5.8300
v -4.0552 -5.8731 5.7600
v -4.0452 -6.1231 5.7500
v -4.0452 -6.3931 5.7500
v -4.0452 -6.6431 5.7200
v -4.0452 -6.8831 5.6500
v -4.0452 -6.3631 4.1700
v -4.0352 -7.1231 5.5900
v -4.0452 -6.5031 3.8300
v -4.0452 -6.7331 3.7600
v -4.0452 -6.6231 2.7000
v -4.0452 -6.4831 1.6000
v -4.0452 -6.4831 0.9400
v -4.0452 -6.6531 0.7500
v -4.0452 -6.7431 0.3000
v -4.2652 -4.9031 6.3200
v -4.2552 -5.1431 6.2600
v -4.2552 -5.3331 6.0500
v -4.2552 -5.5031 5.8000
v -4.2552 -5.7631 5.7800
v -4.2552 -5.9931 5.7600
v -4.2452 -6.2331 5.7600
v -4.2452 -6.4731 5.7400
v -4.2452 -6.7131 5.7400
v -4.2452 -6.9431 5.7300
v -4.2452 -7.1731 5.6300
v -4.2452 -6.5531 3.8600
v -4.2452 -6.7831 3.8000
v -4.2452 -6.9831 3.7100
v -4.2452 -6.8531 2.6400
v -4.2452 -6.2931 1.0100
v -4.2352 -7.0431 2.5000
v -4.2452 -6.4831 0.8900
v -4.2452 -6.7231 0.8200
v -4.2452 -6.9331 0.6900
v -4.4352 -4.6331 6.3300
v -4.4352 -4.8731 6.3200
v -4.4352 -5.0531 6.1700
v -4.4252 -5.2131 5.9000
v -4.4252 -5.4331 5.8000
v -4.4252 -5.6731 5.8000
v -4.4252 -5.8931 5.7700
v -4.4252 -6.1431 5.7500
v -4.4152 -6.3731 5.7500
v -4.4152 -6.6131 5.7600
v -4.4152 -6.8931 5.7500
v -4.4152 -7.1231 5.7200
v -4.4052 -7.3331 5.6200
v -4.4152 -6.7231 3.8500
v -4.4152 -6.9331 3.8100
v -4.4152 -7.1631 3.7300
v -4.4152 -7.0131 2.5800
v -4.4152 -6.4231 0.8900
v -4.4152 -7.1931 2.3100
v -4.4152 -6.6831 0.8700
v -4.4152 -6.8931 0.8000
v -4.4152 -7.0931 0.6900
v -4.6652 -4.2931 6.3700
v -4.6652 -4.5131 6.3200
v -4.6652 -4.7531 6.3300
v -4.6652 -4.8931 5.9700
v -4.6552 -5.1031 5.8300
v -4.6552 -5.3331 5.8000
v -4.6552 -5.5531 5.7800
v -4.6552 -5.8131 5.8000
v -4.6552 -6.0631 5.7700
v -4.6452 -6.2831 5.7800
v -4.6452 -6.5831 5.7700
v -4.6452 -6.8031 5.7500
v -4.6452 -7.0431 5.7600
v -4.6352 -7.2831 5.7200
v -4.6352 -7.5331 5.6700
v -4.6452 -6.9131 3.8900
v -4.6452 -7.1531 3.8100
v -4.6352 -7.1931 3.2000
v -4.6352 -7.2331 2.6200
v -4.6352 -7.3931 2.3600
v -4.6452 -6.8931 0.9200
v -4.6452 -7.1231 0.8100
v -4.6352 -7.3331 0.7300
v -4.9952 -3.9831 6.3400
v -4.9952 -4.2031 6.3000
v -4.9952 -4.4131 6.2300
v -4.9852 -4.5731 5.9100
v -4.9852 -4.7931 5.8300
v -4.9852 -5.0431 5.8200
v -4.9852 -5.2431 5.8000
v -4.9852 -5.5231 5.8000
v -4.9752 -5.7831 5.7900
v -4.9752 -6.0431 5.7800
v -4.9752 -6.2931 5.7800
v -4.9752 -6.5531 5.7700
v -4.9652 -6.8031 5.7700
v -4.9652 -7.0331 5.7400
v -4.9652 -7.2931 5.7500
v -4.9652 -7.5231 5.7300
v -4.9652 -7.7531 5.6800
v -4.9652 -7.4731 4.1400
v -4.9652 -7.4831 3.4800
v -4.9652 -7.4731 2.6500
v -4.9652 -7.5531 2.1500
v -4.9652 -7.4431 1.1600
v -4.9652 -7.5031 0.6200
v -5.2952 -3.5731 6.4000
v -5.2952 -3.8231 6.3400
v -5.2852 -4.0531 6.2500
v -5.2852 -4.2331 6.0100
v -5.2852 -4.4131 5.8500
v -5.2852 -4.6831 5.8300
v -5.2852 -4.9231 5.8200
v -5.2752 -5.1831 5.8000
v -5.2752 -5.4131 5.8300
v -5.2752 -5.6631 5.7900
v -5.2752 -5.8931 5.8000
v -5.2652 -6.1531 5.8000
v -5.2652 -6.4231 5.7900
v -5.2652 -6.6731 5.7700
v -5.2652 -6.9031 5.7700
v -5.2652 -7.1531 5.7800
v -5.2552 -7.4231 5.7800
v -5.2552 -7.6531 5.7500
v -5.2552 -7.8631 5.7100
v -5.2552 -8.1131 5.6600
v -5.2552 -7.6531 4.3400
v -5.2552 -7.7731 3.9900
v -5.2552 -7.7231 3.1100
v -5.2552 -7.7431 2.4200
v -5.2552 -7.7431 1.6900
v -5.2552 -7.7731 1.0100
v -5.5052 -3.4731 6.3700
v -5.5052 -3.6831 6.3000
v -5.5052 -3.8631 6.1500
v -5.4952 -4.0331 5.9100
v -5.4952 -4.2831 5.8500
v -5.4952 -4.5331 5.8500
v -5.4952 -4.7931 5.8300
v -5.4952 -5.0331 5.8300
v -5.4852 -5.2731 5.8100
v -5.4852 -5.5331 5.8200
v -5.4852 -5.7531 5.8100
v -5.4852 -6.0031 5.8000
v -5.4752 -6.2531 5.7900
v -5.4752 -6.4831 5.7600
v -5.4752 -6.7631 5.7900
v -5.4752 -7.0131 5.7600
v -5.4752 -7.2531 5.7600
v -5.4652 -7.5131 5.7700
v -5.4652 -7.7631 5.7700
v -5.4652 -8.0231 5.7300
v -5.4652 -8.2531 5.6900
v -5.4652 -7.8131 4.4300
v -5.4552 -8.4831 5.6000
v -5.4652 -7.9531 4.0700
v -5.4652 -7.9631 3.4000
v -5.4652 -7.9131 2.5700
v -5.4652 -7.9831 2.0600
v -5.4652 -7.9831 1.2500
v -5.4652 -8.0531 0.7500
v -5.7152 -3.1831 6.2800
v -5.7052 -3.4131 6.3000
v -5.7052 -3.6331 6.1600
v -5.7052 -3.8031 5.9200
v -5.7052 -4.0231 5.8600
v -5.7052 -4.2631 5.8600
v -5.6952 -4.5231 5.8300
v -5.6952 -4.7631 5.8200
v -5.6952 -5.0231 5.8400
v -5.6952 -5.2831 5.8300
v -5.6852 -5.5231 5.8200
v -5.6852 -5.7831 5.8100
v -5.6852 -6.0331 5.8000
v -5.6852 -6.3031 5.8000
v -5.6852 -6.5431 5.8100
v -5.6752 -6.8031 5.7800
v -5.6752 -7.0531 5.7700
v -5.6752 -7.2931 5.7600
v -5.6752 -7.5231 5.7500
v -5.6652 -7.7831 5.7400
v -5.6652 -8.0431 5.7500
v -5.6652 -8.2631 5.7000
v -5.6652 -8.4931 5.6600
v -5.6652 -8.0131 4.2800
v -5.6652 -8.1331 3.8800
v -5.6652 -8.1831 3.2400
v -5.6652 -8.1631 2.5100
v -5.6652 -8.1631 1.7400
v -5.6652 -8.2031 1.0900
v -5.6652 -8.3031 0.6200
v -5.9752 -2.9531 6.3600
v -5.9652 -3.1631 6.3000
v -5.9652 -3.3831 6.1500
v -5.9652 -3.5731 5.9200
v -5.9652 -3.8031 5.9000
v -5.9652 -4.0531 5.8900
v -5.9552 -4.3131 5.8900
v -5.9552 -4.5731 5.8600
v -5.9552 -4.8031 5.8500
v -5.9552 -5.0531 5.8300
v -5.9552 -5.3231 5.8200
v -5.9452 -5.5631 5.8300
v -5.9452 -5.8131 5.8400
v -5.9452 -6.0431 5.8000
v -5.9452 -6.2931 5.8100
v -5.9352 -6.5531 5.7800
v -5.9352 -6.8131 5.7900
v -5.9352 -7.0431 5.7700
v -5.9352 -7.2831 5.7800
v -5.9252 -7.5531 5.7800
v -5.9252 -7.8131 5.7700
v -5.9252 -8.0631 5.7600
v -5.9252 -8.3031 5.7400
v -5.9252 -8.5731 5.7200
v -5.9152 -8.8031 5.5900
v -5.9252 -8.2031 3.8600
v -5.9252 -8.3731 3.6700
v -5.9252 -8.3731 2.9500
v -5.9252 -8.4031 2.3100
v -5.9252 -8.4031 1.6000
v -5.9252 -8.4131 0.9500
v -5.9252 -8.4531 0.4300
v -6.2252 -2.7831 6.3600
v -6.2252 -3.0131 6.2700
v -6.2252 -3.1831 6.0500
v -6.2252 -3.3731 5.9100
v -6.2152 -3.6431 5.8900
v -6.2152 -3.8931 5.8900
v -6.2152 -4.1331 5.8900
v -6.2152 -4.3931 5.9000
v -6.2152 -4.6431 5.8700
v -6.2052 -4.8831 5.8500
v -6.2052 -5.1331 5.8300
v -6.2052 -5.3831 5.8400
v -6.2052 -5.6331 5.8300
v -6.1952 -5.8831 5.8400
v -6.1952 -6.1431 5.8300
v -6.1952 -6.3831 5.8300
v -6.1952 -6.6531 5.8200
v -6.1852 -6.9131 5.7900
v -6.1852 -7.1731 5.7900
v -6.1852 -7.4231 5.7900
v -6.1852 -7.6631 5.7700
v -6.1852 -7.9231 5.7800
v -6.1752 -8.1431 5.7600
v -6.1752 -8.3731 5.7700
v -6.1752 -8.6131 5.7300
v -6.1752 -8.8531 5.7000
v -6.1752 -8.2131 3.8600
v -6.1752 -9.0731 5.6000
v -6.1752 -8.4331 3.7800
v -6.1752 -8.6231 3.6700
v -6.1752 -8.6131 2.9000
v -6.1752 -8.6231 2.2600
v -6.1752 -8.6131 1.4800
v -6.1752 -8.7031 0.9500
v -6.4452 -2.2931 6.3300
v -6.4352 -2.7931 6.2800
v -6.4352 -2.9731 6.0100
v -6.4352 -3.1631 5.9400
v -6.4352 -3.4131 5.9100
v -6.4352 -3.6531 5.8800
v -6.4252 -3.9331 5.9000
v -6.4252 -4.1631 5.8800
v -6.4252 -4.4131 5.8700
v -6.4252 -4.6631 5.8600
v -6.4252 -4.9431 5.8500
v -6.4152 -5.1931 5.8200
v -6.4152 -5.4531 5.8400
v -6.4152 -5.7031 5.8400
v -6.4152 -5.9531 5.8500
v -6.4052 -6.1931 5.8200
v -6.4052 -6.4331 5.8100
v -6.4052 -6.6431 5.8200
v -6.4052 -6.9031 5.8100
v -6.3952 -7.1631 5.7900
v -6.3952 -7.4031 5.8100
v -6.3952 -7.6131 5.8000
v -6.3952 -7.8631 5.7800
v -6.3952 -8.1131 5.7700
v -6.3852 -8.3731 5.7700
v -6.3852 -8.6131 5.7400
v -6.3852 -8.8431 5.7200
v -6.3852 -9.0931 5.7000
v -6.3852 -8.4431 3.8300
v -6.3852 -9.3131 5.6600
v -6.3852 -8.6731 3.8200
v -6.3852 -8.8231 3.5700
v -6.3852 -8.7931 2.7200
v -6.3852 -8.8331 2.0900
v -6.3852 -8.8331 1.3400
v -6.3852 -8.9031 0.8700
v -6.6552 -2.0731 6.3400
v -6.6452 -2.3331 6.3300
v -6.6452 -2.5531 6.2400
v -6.6452 -2.7331 6.0100
v -6.6452 -2.9631 5.9400
v -6.6352 -3.2031 5.9300
v -6.6352 -3.4631 5.9000
v -6.6352 -3.7331 5.9000
v -6.6352 -3.9931 5.9200
v -6.6352 -4.2231 5.8800
v -6.6252 -4.4831 5.8900
v -6.6252 -4.7131 5.8700
v -6.6252 -4.9431 5.8700
v -6.6252 -5.1631 5.8700
v -6.6152 -5.4431 5.8400
v -6.6152 -5.6731 5.8300
v -6.6152 -5.9131 5.8400
v -6.6152 -6.1231 5.8200
v -6.6152 -6.3731 5.8400
v -6.6052 -6.6531 5.8100
v -6.6052 -6.9231 5.8200
v -6.6052 -7.1331 5.8100
v -6.6052 -7.3831 5.8000
v -6.6052 -7.6331 5.7900
v -6.5952 -7.8731 5.7700
v -6.5952 -8.1131 5.7700
v -6.5952 -8.3731 5.7700
v -6.5952 -8.6131 5.7500
v -6.5852 -8.8431 5.7500
v -6.5852 -9.0931 5.7300
v -6.5852 -9.3331 5.6500
v -6.5852 -8.8931 4.3900
v -6.5852 -9.0331 3.9900
v -6.5852 -9.0131 3.2000
v -6.5852 -9.0231 2.5300
v -6.5852 -9.0531 1.8800
v -6.5852 -9.0731 1.2400
v -6.5852 -9.1131 0.6500
v -6.8852 -1.8531 6.2900
v -6.8852 -2.1131 6.3000
v -6.8752 -2.3531 6.2200
v -6.8752 -2.5331 6.0000
v -6.8752 -2.7431 5.9500
v -6.8752 -2.9631 5.9300
v -6.8752 -3.2131 5.9300
v -6.8652 -3.4531 5.9300
v -6.8652 -3.7131 5.9100
v -6.8652 -3.9331 5.9100
v -6.8652 -4.1831 5.9000
v -6.8552 -4.4331 5.9000
v -6.8552 -4.6731 5.8800
v -6.8552 -4.9131 5.8500
v -6.8552 -5.1731 5.8700
v -6.8552 -5.4131 5.8600
v -6.8452 -5.6531 5.8300
v -6.8452 -5.8931 5.8400
v -6.8452 -6.1331 5.8300
v -6.8452 -6.3831 5.8500
v -6.8352 -6.6631 5.8300
v -6.8352 -6.8931 5.8200
v -6.8352 -7.1131 5.8100
v -6.8352 -7.3831 5.8100
v -6.8352 -7.6431 5.7900
v -6.8252 -7.9031 5.7800
v -6.8252 -8.1531 5.7800
v -6.8252 -8.3931 5.7700
v -6.8252 -8.6531 5.7700
v -6.8152 -8.9031 5.7500
v -6.8152 -9.1331 5.7500
v -6.8152 -9.3531 5.7300
v -6.8152 -9.5831 5.6100
v -6.8152 -9.1331 4.2900
v -6.8152 -9.2231 3.8100
v -6.8152 -9.2531 3.1600
v -6.8152 -9.2331 2.4100
v -6.8152 -9.2231 1.7000
v -6.8152 -9.2731 1.0300
v -6.8152 -9.3731 0.6200
v -7.0852 -1.5531 6.3900
v -7.0852 -1.7831 6.3300
v -7.0752 -2.0331 6.2900
v -7.0752 -2.1931 6.1200
v -7.0752 -2.3831 5.9700
v -7.0752 -2.6331 5.9600
v -7.0752 -2.8531 5.9000
v -7.0752 -3.1131 5.9200
v -7.0652 -3.3931 5.9500
v -7.0652 -3.6331 5.9200
v -7.0652 -3.8631 5.9000
v -7.0652 -4.1031 5.9000
v -7.0552 -4.3731 5.8900
v -7.0552 -4.6031 5.9000
v -7.0552 -4.8631 5.8900
v -7.0552 -5.0931 5.8900
v -7.0552 -5.3331 5.8600
v -7.0452 -5.5931 5.8500
v -7.0452 -5.8531 5.8600
v -7.0452 -6.1031 5.8400
v -7.0452 -6.3731 5.8200
v -7.0352 -6.6031 5.8300
v -7.0352 -6.8631 5.8200
v -7.0352 -7.1131 5.8200
v -7.0352 -7.3331 5.8100
v -7.0252 -7.5831 5.8000
v -7.0252 -7.8331 5.7900
v -7.0252 -8.0931 5.7800
v -7.0252 -8.3631 5.8000
v -7.0252 -8.5931 5.7700
v -7.0152 -8.8331 5.7700
v -7.0152 -9.0931 5.7600
v -7.0152 -9.3131 5.7000
v -7.0152 -9.5531 5.7200
v -7.0152 -9.7831 5.6400
v -7.0152 -9.3031 4.2600
v -7.0152 -9.4031 3.8500
v -7.0152 -9.4431 3.1900
v -7.0152 -9.4231 2.3800
v -7.0152 -9.4431 1.7700
v -7.0152 -9.4331 0.9700
v -7.2652 -1.4331 6.3300
v -7.2652 -1.6531 6.3200
v -7.2552 -1.8931 6.2300
v -7.2552 -2.0831 6.0700
v -7.2552 -2.2731 5.9700
v -7.2552 -2.5231 5.9600
v -7.2552 -2.7731 5.9600
v -7.2452 -3.0431 5.9500
v -7.2452 -3.2631 5.9200
v -7.2452 -3.4931 5.9200
v -7.2452 -3.7731 5.9600
v -7.2452 -4.0331 5.9100
v -7.2352 -4.2831 5.9200
v -7.2352 -4.5331 5.8900
v -7.2352 -4.7731 5.8900
v -7.2352 -5.0431 5.8900
v -7.2252 -5.2731 5.8600
v -7.2252 -5.5131 5.8600
v -7.2252 -5.7431 5.8500
v -7.2252 -6.0131 5.8600
v -7.2152 -6.2631 5.8300
v -7.2152 -6.5231 5.8300
v -7.2152 -6.7631 5.8300
v -7.2152 -7.0031 5.8500
v -7.2152 -7.2631 5.8100
v -7.2052 -7.5031 5.8200
v -7.2052 -7.7331 5.8000
v -7.2052 -7.9931 5.8100
v -7.2052 -8.2431 5.7900
v -7.1952 -8.5031 5.7900
v -7.1952 -8.7431 5.7600
v -7.1952 -8.9831 5.7700
v -7.1952 -9.2531 5.7600
v -7.1952 -9.5031 5.7400
v -7.1852 -9.7331 5.6700
v -7.1852 -9.9431 5.5900
v -7.1952 -9.4931 4.2800
v -7.1852 -9.5931 3.7800
v -7.1852 -9.5331 2.8700
v -7.1852 -9.5131 2.1100
v -7.1852 -9.5131 1.4700
v -7.1852 -9.5531 0.7500
v -7.5052 -1.4831 6.3400
v -7.4952 -1.6831 6.2000
v -7.4952 -1.8531 6.0400
v -7.4952 -2.0931 5.9900
v -7.4952 -2.3631 5.9600
v -7.4852 -2.6331 5.9600
v -7.4852 -2.8831 5.9600
v -7.4852 -3.1231 5.9600
v -7.4852 -3.3831 5.9600
v -7.4852 -3.6231 5.9300
v -7.4752 -3.8631 5.9400
v -7.4752 -4.0831 5.9300
v -7.4752 -4.3631 5.9100
v -7.4752 -4.6131 5.9100
v -7.4752 -4.8631 5.8900
v -7.4652 -5.0931 5.8800
v -7.4652 -5.3431 5.8800
v -7.4652 -5.5931 5.8800
v -7.4652 -5.8431 5.8500
v -7.4552 -6.0831 5.8700
v -7.4552 -6.3231 5.8600
v -7.4552 -6.5631 5.8600
v -7.4552 -6.8431 5.8600
v -7.4452 -7.0931 5.8200
v -7.4452 -7.3231 5.8300
v -7.4452 -7.5831 5.8300
v -7.4452 -7.8531 5.8000
v -7.4452 -8.1031 5.8000
v -7.4352 -8.3431 5.8000
v -7.4352 -8.6031 5.8000
v -7.4352 -8.8631 5.7800
v -7.4352 -9.0931 5.7700
v -7.4252 -9.3231 5.7900
v -7.4252 -9.5931 5.7500
v -7.4252 -9.8331 5.6600
v -7.4252 -9.4131 4.4600
v -7.4252 -9.5131 4.0800
v -7.4252 -9.5231 3.3700
v -7.4252 -9.3531 2.2100
v -7.4252 -9.4231 1.6000
v -7.4252 -9.4231 0.8700
v -7.8252 -1.5731 6.0300
v -7.8252 -1.7931 6.0000
v -7.8152 -2.0231 5.9900
v -7.8152 -2.2931 5.9900
v -7.8152 -2.5531 5.9700
v -7.8152 -2.8031 5.9700
v -7.8052 -3.0631 5.9700
v -7.8052 -3.2931 5.9500
v -7.8052 -3.5531 5.9400
v -7.8052 -3.7931 5.9400
v -7.8052 -4.0331 5.9500
v -7.7952 -4.2631 5.9100
v -7.7952 -4.5431 5.9000
v -7.7952 -4.7731 5.9000
v -7.7952 -5.0331 5.9000
v -7.7852 -5.2831 5.8900
v -7.7852 -5.5331 5.8700
v -7.7852 -5.7931 5.8800
v -7.7852 -6.0331 5.8600
v -7.7852 -6.2831 5.8900
v -7.7752 -6.5431 5.8500
v -7.7752 -6.8231 5.8700
v -7.7752 -7.0631 5.8600
v -7.7752 -7.2831 5.8300
v -7.7652 -7.5331 5.8200
v -7.7652 -7.8131 5.8200
v -7.7652 -8.0731 5.8300
v -7.7652 -8.2731 5.7900
v -7.7652 -8.5431 5.7900
v -7.7552 -8.7931 5.7900
v -7.7552 -9.0531 5.7900
v -7.7552 -9.2731 5.7800
v -7.7552 -9.5331 5.7700
v -7.7452 -9.7831 5.7100
v -7.7452 -10.0331 5.6700
v -7.7552 -9.4531 3.9800
v -7.7452 -9.6331 3.8000
v -7.7552 -9.5531 2.8100
v -7.7552 -9.5631 2.0200
v -7.7452 -9.6631 1.6300
v -8.1152 -1.5131 6.0400
v -8.1052 -1.7531 6.0300
v -8.1052 -2.0131 6.0100
v -8.1052 -2.2331 6.0100
v -8.1052 -2.4931 6.0200
v -8.0952 -2.7431 5.9800
v -8.0952 -2.9831 5.9700
v -8.0952 -3.2331 5.9500
v -8.0952 -3.5031 5.9800
v -8.0952 -3.7331 5.9400
v -8.0852 -3.9931 5.9500
v -8.0852 -4.2531 5.9200
v -8.0852 -4.5031 5.9200
v -8.0852 -4.7531 5.9300
v -8.0752 -5.0131 5.9200
v -8.0752 -5.2631 5.8800
v -8.0752 -5.5031 5.9000
v -8.0752 -5.7331 5.8800
v -8.0752 -6.0031 5.8800
v -8.0652 -6.2431 5.8800
v -8.0652 -6.5031 5.8800
v -8.0652 -6.7531 5.8600
v -8.0652 -6.9931 5.8400
v -8.0552 -7.2631 5.8300
v -8.0552 -7.4931 5.8400
v -8.0552 -7.7331 5.8100
v -8.0552 -8.0131 5.8200
v -8.0452 -8.2731 5.8100
v -8.0452 -8.5231 5.7900
v -8.0452 -8.7931 5.8100
v -8.0452 -9.0431 5.8000
v -8.0452 -9.2731 5.7700
v -8.0352 -9.5131 5.7900
v -8.0352 -9.7331 5.7700
v -8.0352 -9.9731 5.7400
v -8.0352 -10.2031 5.6800
v -8.0352 -9.5831 3.9000
v -8.0352 -9.8231 3.8300
v -8.0352 -10.0231 3.7200
v -8.0352 -9.8431 2.5300
v -8.0352 -9.8131 1.7000
v -8.0352 -10.0031 1.5400
v -8.3252 -1.3831 6.0400
v -8.3152 -1.6431 6.0200
v -8.3152 -1.8931 6.0100
v -8.3152 -2.1531 6.0100
v -8.3152 -2.3931 6.0200
v -8.3152 -2.6631 5.9800
v -8.3052 -2.9031 5.9800
v -8.3052 -3.1531 5.9600
v -8.3052 -3.4131 5.9500
v -8.3052 -3.6631 5.9600
v -8.2952 -3.8831 5.9100
v -8.2952 -4.1631 5.9300
v -8.2952 -4.3931 5.9300
v -8.2952 -4.6331 5.9200
v -8.2952 -4.9131 5.9100
v -8.2852 -5.1431 5.9100
v -8.2852 -5.4131 5.9200
v -8.2852 -5.6331 5.9100
v -8.2852 -5.9031 5.9000
v -8.2752 -6.1631 5.8800
v -8.2752 -6.4031 5.8700
v -8.2752 -6.6731 5.8500
v -8.2752 -6.9331 5.8400
v -8.2652 -7.1931 5.8400
v -8.2652 -7.4331 5.8200
v -8.2652 -7.6731 5.8400
v -8.2652 -7.9031 5.8200
v -8.2652 -8.1531 5.8100
v -8.2552 -8.3731 5.8100
v -8.2552 -8.6331 5.8000
v -8.2552 -8.8831 5.8100
v -8.2552 -9.1231 5.7800
v -8.2452 -9.3631 5.7900
v -8.2452 -9.5931 5.7700
v -8.2452 -9.8431 5.7800
v -8.2452 -10.1031 5.7300
v -8.2452 -10.3331 5.7000
v -8.2452 -9.7131 3.9200
v -8.2352 -10.5531 5.6500
v -8.2452 -9.9331 3.8600
v -8.2452 -10.1331 3.7800
v -8.2452 -10.0631 2.7800
v -8.2452 -9.9831 1.8400
v -8.2452 -10.1031 1.4400
v -8.2452 -10.0131 0.5200
v -8.5252 -1.4931 6.0300
v -8.5252 -1.7531 6.0300
v -8.5252 -2.0031 6.0200
v -8.5252 -2.2431 6.0100
v -8.5152 -2.4831 5.9800
v -8.5152 -2.7431 5.9800
v -8.5152 -2.9931 5.9900
v -8.5152 -3.2331 5.9700
v -8.5152 -3.5031 5.9700
v -8.5052 -3.7331 5.9700
v -8.5052 -3.9931 5.9500
v -8.5052 -4.2231 5.9400
v -8.5052 -4.4831 5.9400
v -8.4952 -4.7531 5.9300
v -8.4952 -5.0031 5.9100
v -8.4952 -5.2431 5.9300
v -8.4952 -5.5331 5.9100
v -8.4952 -5.7931 5.9100
v -8.4852 -6.0231 5.8900
v -8.4852 -6.2531 5.8900
v -8.4852 -6.5031 5.8800
v -8.4852 -6.7431 5.8700
v -8.4752 -6.9631 5.8500
v -8.4752 -7.2331 5.8500
v -8.4752 -7.4731 5.8300
v -8.4752 -7.7031 5.8500
v -8.4752 -7.9331 5.8200
v -8.4652 -8.1731 5.8300
v -8.4652 -8.4331 5.8100
v -8.4652 -8.6931 5.8300
v -8.4652 -8.9331 5.8000
v -8.4652 -9.1631 5.7700
v -8.4552 -9.4131 5.8000
v -8.4552 -9.6731 5.8000
v -8.4552 -9.9131 5.7900
v -8.4552 -10.1631 5.7800
v -8.4452 -10.3831 5.7600
v -8.4552 -9.7631 3.9900
v -8.4452 -10.5931 5.6900
v -8.4552 -9.9731 3.9100
v -8.4552 -10.2331 3.8000
v -8.4452 -10.4331 3.6800
v -8.4452 -10.2031 2.2800
v -8.4552 -10.1931 1.4200
v -8.4552 -10.1631 0.6500
v -8.7952 -1.4631 6.0400
v -8.7952 -1.7031 6.0200
v -8.7952 -1.9331 6.0300
v -8.7952 -2.2031 6.0200
v -8.7952 -2.4431 6.0000
v -8.7852 -2.7031 6.0000
v -8.7852 -2.9431 6.0000
v -8.7852 -3.2031 6.0000
v -8.7852 -3.4831 5.9800
v -8.7752 -3.7331 5.9700
v -8.7752 -3.9931 5.9800
v -8.7752 -4.2231 5.9500
v -8.7752 -4.4931 5.9600
v -8.7652 -4.7231 5.9500
v -8.7652 -4.9431 5.9500
v -8.7652 -5.1831 5.9400
v -8.7652 -5.4431 5.9100
v -8.7652 -5.6831 5.9100
v -8.7552 -5.9131 5.9200
v -8.7552 -6.1431 5.9100
v -8.7552 -6.3931 5.8800
v -8.7552 -6.6531 5.8800
v -8.7552 -6.9131 5.8700
v -8.7452 -7.1331 5.8700
v -8.7452 -7.3731 5.8300
v -8.7452 -7.6231 5.8400
v -8.7452 -7.8831 5.8500
v -8.7352 -8.1131 5.8400
v -8.7352 -8.3531 5.8300
v -8.7352 -8.6231 5.8400
v -8.7352 -8.8531 5.8200
v -8.7252 -9.1031 5.8000
v -8.7252 -9.3431 5.7900
v -8.7252 -9.6131 5.7900
v -8.7252 -9.8931 5.8000
v -8.7252 -10.1231 5.7800
v -8.7152 -10.3531 5.7700
v -8.7152 -10.6131 5.7500
v -8.7152 -10.8331 5.6800
v -8.7252 -10.2431 3.9800
v -8.7152 -10.4631 3.9200
v -8.7152 -10.4631 3.2000
v -8.7152 -10.4331 2.3600
v -8.7152 -10.3931 1.4200
v -8.7152 -10.4131 0.8200
v -8.7152 -10.4531 0.2400
v -9.0652 -1.6131 6.0500
v -9.0652 -1.8531 6.0300
v -9.0652 -2.1031 6.0300
v -9.0652 -2.3731 6.0500
v -9.0552 -2.6031 6.0100
v -9.0552 -2.8431 6.0100
v -9.0552 -3.0731 5.9800
v -9.0552 -3.3231 5.9900
v -9.0452 -3.5731 5.9800
v -9.0452 -3.8131 5.9700
v -9.0452 -4.0631 5.9800
v -9.0452 -4.3031 5.9800
v -9.0452 -4.5331 5.9800
v -9.0352 -4.7831 5.9500
v -9.0352 -5.0431 5.9300
v -9.0352 -5.2831 5.9400
v -9.0352 -5.5131 5.9200
v -9.0252 -5.7631 5.9300
v -9.0252 -6.0231 5.9000
v -9.0252 -6.2631 5.9200
v -9.0252 -6.5031 5.8900
v -9.0252 -6.7531 5.8900
v -9.0152 -6.9831 5.8700
v -9.0152 -7.2331 5.8700
v -9.0152 -7.5031 5.8400
v -9.0152 -7.7631 5.8500
v -9.0052 -8.0131 5.8400
v -9.0052 -8.2631 5.8400
v -9.0052 -8.5231 5.8300
v -9.0052 -8.7531 5.8100
v -9.0052 -8.9731 5.7900
v -8.9952 -9.2231 5.8000
v -8.9952 -9.4831 5.8100
v -8.9952 -9.7431 5.7900
v -8.9952 -10.0031 5.8000
v -8.9952 -10.2331 5.7700
v -8.9852 -10.4931 5.7900
v -8.9852 -10.7331 5.7700
v -8.9852 -10.9631 5.7300
v -8.9852 -10.5131 4.4200
v -8.9852 -11.1731 5.6300
v -8.9852 -10.7131 4.3000
v -8.9852 -10.6931 3.4800
v -8.9852 -10.7431 2.9600
v -8.9852 -10.8431 2.4600
v -8.9852 -10.4831 1.4200
v -8.9852 -10.7031 1.2900
v -8.9852 -10.6731 0.4900
v -9.2952 -1.3831 6.0600
v -9.2952 -1.6131 6.0000
v -9.2852 -1.9031 6.0300
v -9.2852 -2.1331 6.0400
v -9.2852 -2.3531 6.0000
v -9.2852 -2.6131 6.0400
v -9.2752 -2.8531 6.0000
v -9.2752 -3.1031 5.9900
v -9.2752 -3.3631 5.9900
v -9.2752 -3.5931 6.0100
v -9.2752 -3.8331 5.9800
v -9.2652 -4.0731 5.9700
v -9.2652 -4.3531 5.9900
v -9.2652 -4.5631 5.9700
v -9.2652 -4.8431 5.9600
v -9.2552 -5.0731 5.9300
v -9.2552 -5.3131 5.9500
v -9.2552 -5.5731 5.9500
v -9.2552 -5.8231 5.9400
v -9.2552 -6.1031 5.9300
v -9.2452 -6.3431 5.9100
v -9.2452 -6.5731 5.8900
v -9.2452 -6.8331 5.8900
v -9.2452 -7.0831 5.8800
v -9.2352 -7.3131 5.8700
v -9.2352 -7.5531 5.8800
v -9.2352 -7.7931 5.8500
v -9.2352 -8.0631 5.8300
v -9.2352 -8.3331 5.8500
v -9.2252 -8.5731 5.8400
v -9.2252 -8.8031 5.8400
v -9.2252 -9.0731 5.8400
v -9.2252 -9.3131 5.8100
v -9.2252 -9.5331 5.8100
v -9.2152 -9.7831 5.8200
v -9.2152 -10.0331 5.7900
v -9.2152 -10.2931 5.7700
v -9.2152 -10.5631 5.7900
v -9.2052 -10.7831 5.7900
v -9.2052 -11.0431 5.7700
v -9.2052 -11.2831 5.6600
v -9.2052 -10.8431 4.4000
v -9.2052 -10.9931 4.1000
v -9.2052 -10.9431 3.2700
v -9.2052 -10.9331 2.4900
v -9.2052 -10.8931 1.5700
v -9.2052 -10.8531 0.8000
v -9.2052 -10.9131 0.3000
v -9.2052 -11.1031 0.0500
v -9.5052 -1.3831 6.0600
v -9.4952 -1.6431 6.0400
v -9.4952 -1.8831 6.0500
v -9.4952 -2.1031 6.0200
v -9.4952 -2.3531 6.0300
v -9.4952 -2.6231 6.0200
v -9.4852 -2.8531 6.0100
v -9.4852 -3.1131 6.0300
v -9.4852 -3.3531 6.0100
v -9.4852 -3.5931 6.0000
v -9.4752 -3.8431 5.9900
v -9.4752 -4.1031 5.9900
v -9.4752 -4.3631 5.9800
v -9.4752 -4.6331 5.9700
v -9.4752 -4.8631 5.9800
v -9.4652 -5.1131 5.9600
v -9.4652 -5.3331 5.9500
v -9.4652 -5.5831 5.9400
v -9.4652 -5.8431 5.9300
v -9.4552 -6.0931 5.9300
v -9.4552 -6.3531 5.9200
v -9.4552 -6.6031 5.9100
v -9.4552 -6.8531 5.9000
v -9.4552 -7.0831 5.8900
v -9.4452 -7.3331 5.8700
v -9.4452 -7.5631 5.8800
v -9.4452 -7.8231 5.8600
v -9.4452 -8.0731 5.8500
v -9.4452 -8.2931 5.8700
v -9.4352 -8.5731 5.8400
v -9.4352 -8.8331 5.8200
v -9.4352 -9.0631 5.8200
v -9.4352 -9.3231 5.8400
v -9.4252 -9.5831 5.8100
v -9.4252 -9.8431 5.8000
v -9.4252 -10.0831 5.8000
v -9.4252 -10.3231 5.8000
v -9.4152 -10.6031 5.7800
v -9.4152 -10.8431 5.7800
v -9.4152 -11.0731 5.7800
v -9.4152 -11.3231 5.7600
v -9.4152 -10.8631 4.4300
v -9.4152 -11.5631 5.6800
v -9.4152 -11.0931 4.3200
v -9.4152 -11.1031 3.6200
v -9.4152 -11.1331 2.9900
v -9.4152 -11.0931 2.1700
v -9.4152 -11.0631 1.3200
v -9.4152 -11.0331 0.5200
v -9.4152 -11.1731 0.1600
v -9.7352 -1.5331 6.0700
v -9.7352 -1.7631 6.0400
v -9.7352 -1.9931 6.0500
v -9.7252 -2.2531 6.0300
v -9.7252 -2.5231 6.0100
v -9.7252 -2.7831 6.0100
v -9.7252 -3.0331 6.0100
v -9.7252 -3.2731 6.0100
v -9.7152 -3.5431 6.0200
v -9.7152 -3.7831 6.0000
v -9.7152 -4.0031 5.9900
v -9.7152 -4.2431 5.9800
v -9.7052 -4.5031 5.9800
v -9.7052 -4.7831 5.9700
v -9.7052 -5.0331 5.9700
v -9.7052 -5.2731 5.9700
v -9.7052 -5.4931 5.9500
v -9.6952 -5.7731 5.9300
v -9.6952 -6.0131 5.9500
v -9.6952 -6.2131 5.9000
v -9.6952 -6.5031 5.9200
v -9.6852 -6.7331 5.8900
v -9.6852 -7.0031 5.8800
v -9.6852 -7.2331 5.8800
v -9.6852 -7.4831 5.8700
v -9.6852 -7.7631 5.8600
v -9.6752 -8.0031 5.8500
v -9.6752 -8.2731 5.8900
v -9.6752 -8.5031 5.8600
v -9.6752 -8.7631 5.8300
v -9.6652 -9.0331 5.8300
v -9.6652 -9.2531 5.8300
v -9.6652 -9.4831 5.8200
v -9.6652 -9.7531 5.8100
v -9.6552 -10.0231 5.8100
v -9.6552 -10.2431 5.7900
v -9.6552 -10.4931 5.8000
v -9.6552 -10.7431 5.7600
v -9.6552 -11.0131 5.7800
v -9.6452 -11.3031 5.9400
v -9.6452 -11.4631 5.7200
v -9.6452 -11.3031 4.4900
v -9.6452 -11.3431 3.7700
v -9.6452 -11.3131 2.9500
v -9.6452 -11.2731 2.1100
v -9.6452 -11.2931 1.3800
v -9.6452 -11.2631 0.5400
v -9.6452 -11.3331 0.0700
v -9.9452 -1.6231 6.0600
v -9.9452 -1.8631 6.0400
v -9.9452 -2.1031 6.0400
v -9.9352 -2.3431 6.0500
v -9.9352 -2.6031 6.0300
v -9.9352 -2.8531 6.0000
v -9.9352 -3.1231 6.0300
v -9.9352 -3.3431 6.0200
v -9.9252 -3.6031 6.0200
v -9.9252 -3.8531 6.0000
v -9.9252 -4.0931 6.0100
v -9.9252 -4.3431 6.0000
v -9.9152 -4.5831 5.9600
v -9.9152 -4.8331 5.9600
v -9.9152 -5.0931 5.9700
v -9.9152 -5.3331 5.9700
v -9.9152 -5.5831 5.9600
v -9.9052 -5.8431 5.9400
v -9.9052 -6.1031 5.9400
v -9.9052 -6.3631 5.9200
v -9.9052 -6.6031 5.9300
v -9.8952 -6.8531 5.9200
v -9.8952 -7.1231 5.9200
v -9.8952 -7.3531 5.8900
v -9.8952 -7.5931 5.8900
v -9.8852 -7.8431 5.8900
v -9.8852 -8.1131 5.8500
v -9.8852 -8.3531 5.8400
v -9.8852 -8.6231 5.8600
v -9.8852 -8.8331 5.8400
v -9.8752 -9.0931 5.8300
v -9.8752 -9.3431 5.8400
v -9.8752 -9.5931 5.8100
v -9.8752 -9.8431 5.8200
v -9.8652 -10.1031 5.7900
v -9.8652 -10.3731 5.7900
v -9.8652 -10.6231 5.8100
v -9.8652 -10.9131 5.8300
v -9.8552 -11.3131 6.3300
v -9.8552 -11.3031 5.5700
v -9.8552 -11.3331 4.9600
v -9.8552 -11.3631 4.3600
v -9.8552 -11.3731 3.6900
v -9.8552 -11.4431 3.1400
v -9.8552 -11.2431 1.8500
v -9.8552 -11.2631 1.2200
v -9.8552 -11.2331 0.4500
v -9.8552 -11.3331 0.0000
v -10.1352 -1.5631 6.0800
v -10.1352 -1.7931 6.0400
v -10.1252 -2.0531 6.0300
v -10.1252 -2.3131 6.0500
v -10.1252 -2.5431 6.0500
v -10.1252 -2.7931 6.0300
v -10.1152 -3.0431 6.0100
v -10.1152 -3.3131 6.0300
v -10.1152 -3.5431 6.0400
v -10.1152 -3.7931 6.0200
v -10.1152 -4.0531 6.0000
v -10.1052 -4.3231 6.0100
v -10.1052 -4.5631 5.9700
v -10.1052 -4.8031 5.9800
v -10.1052 -5.0731 5.9800
v -10.0952 -5.3331 5.9600
v -10.0952 -5.5631 5.9400
v -10.0952 -5.7931 5.9500
v -10.0952 -6.0631 5.9400
v -10.0952 -6.3231 5.9300
v -10.0852 -6.5531 5.9400
v -10.0852 -6.8131 5.9200
v -10.0852 -7.0531 5.9200
v -10.0852 -7.3131 5.8700
v -10.0752 -7.5531 5.8800
v -10.0752 -7.8031 5.8800
v -10.0752 -8.0631 5.8700
v -10.0752 -8.3231 5.8400
v -10.0752 -8.5931 5.8200
v -10.0652 -8.8331 5.8200
v -10.0652 -9.0931 5.8300
v -10.0652 -9.3431 5.8300
v -10.0652 -9.5931 5.8400
v -10.0552 -9.8131 5.8100
v -10.0552 -10.0331 5.8000
v -10.0552 -10.2831 5.8000
v -10.0552 -10.5631 5.8200
v -10.0452 -10.9731 6.3100
v -10.0452 -11.1731 6.2900
v -10.0452 -11.1131 5.3800
v -10.0452 -11.2131 4.9100
v -10.0452 -11.2231 4.2000
v -10.0452 -11.2131 3.4800
v -10.0452 -11.3231 3.0700
v -10.0452 -10.9531 1.9800
v -10.0452 -11.5531 2.9800
v -10.0452 -11.0631 1.5700
v -10.0452 -11.0631 0.8800
v -10.0452 -11.0731 0.2400
v -10.3752 -1.3831 6.0500
v -10.3752 -1.6231 6.0600
v -10.3752 -1.8831 6.0600
v -10.3752 -2.1331 6.0700
v -10.3652 -2.3831 6.0500
v -10.3652 -2.6431 6.0500
v -10.3652 -2.9131 6.0400
v -10.3652 -3.1431 6.0400
v -10.3652 -3.3931 6.0100
v -10.3552 -3.6531 5.9900
v -10.3552 -3.9231 6.0300
v -10.3552 -4.1431 6.0200
v -10.3552 -4.3831 5.9900
v -10.3452 -4.6631 6.0000
v -10.3452 -4.9031 5.9600
v -10.3452 -5.1431 5.9700
v -10.3452 -5.4131 5.9700
v -10.3452 -5.6431 5.9400
v -10.3352 -5.9031 5.9400
v -10.3352 -6.1331 5.9500
v -10.3352 -6.3931 5.9400
v -10.3352 -6.6631 5.9300
v -10.3252 -6.9131 5.9000
v -10.3252 -7.1731 5.9100
v -10.3252 -7.4231 5.8900
v -10.3252 -7.6831 5.8600
v -10.3252 -7.9131 5.8400
v -10.3152 -8.1731 5.8900
v -10.3152 -8.4031 5.8800
v -10.3152 -8.6231 5.8200
v -10.3152 -8.8831 5.8500
v -10.3052 -9.1231 5.8300
v -10.3052 -9.3731 5.8400
v -10.3052 -9.5931 5.8400
v -10.3052 -9.8531 5.8200
v -10.3052 -10.0831 5.8200
v -10.2952 -10.3431 5.8300
v -10.2952 -10.7731 6.3400
v -10.2952 -10.7831 5.6100
v -10.2952 -10.8631 5.1600
v -10.2952 -10.9131 4.6200
v -10.2952 -10.9331 3.9500
v -10.2952 -10.9631 3.3000
v -10.2952 -11.1131 2.9700
v -10.2952 -10.7231 1.8500
v -10.2952 -10.7431 1.1900
v -10.2952 -10.6931 0.4400
v -10.2952 -10.8431 0.0300
v 13.6948 12.3669 5.1400
v 13.6948 12.1569 5.0000
v 13.6948 11.9469 4.8700
v 13.6948 11.7369 4.6900
v 13.6948 11.5169 4.5500
v 13.6948 11.3169 4.4600
v 13.7048 11.1069 4.3200
v 13.7048 10.9169 4.1500
v 13.6948 12.0669 0.9900
v 13.4448 12.4269 5.2300
v 13.4548 12.1969 5.1700
v 13.4548 12.0269 5.0000
v 13.4548 11.7969 4.8900
v 13.4548 11.5969 4.7500
v 13.4548 11.3669 4.6200
v 13.4648 11.1769 4.4700
v 13.4648 10.9869 4.3200
v 13.4648 10.7769 4.2000
v 13.4548 11.8969 1.1300
v 13.4648 10.5669 4.0800
v 13.4548 11.6769 1.0500
v 13.4548 11.5269 0.7800
v 13.2448 12.3169 5.3600
v 13.2448 12.1069 5.1800
v 13.2448 11.9069 5.0600
v 13.2448 11.7069 4.9500
v 13.2548 11.5269 4.8000
v 13.2548 11.3069 4.6800
v 13.2548 11.0769 4.5500
v 13.2548 10.8769 4.3800
v 13.2548 10.7069 4.2600
v 13.2648 10.4669 4.1500
v 13.2548 11.5969 1.0500
v 13.2548 11.3669 0.8900
v 12.9948 12.4469 5.5200
v 12.9948 12.2069 5.4500
v 12.9948 12.0169 5.3100
v 13.0048 11.8169 5.1400
v 13.0048 11.5969 5.0000
v 13.0048 11.3969 4.8600
v 13.0048 11.1869 4.7600
v 13.0048 10.9769 4.6300
v 13.0048 10.7669 4.4700
v 13.0148 10.5569 4.3800
v 13.0148 10.3869 4.1600
v 13.0048 11.4869 1.1300
v 13.0148 10.1469 4.1100
v 13.0048 11.2569 1.0500
v 12.6948 12.4169 5.6500
v 12.6948 12.1669 5.5800
v 12.6948 11.9869 5.4400
v 12.7048 11.8369 5.2400
v 12.7048 11.5769 5.1900
v 12.7048 11.3369 5.0700
v 12.7048 11.1469 4.9500
v 12.7048 10.9569 4.7800
v 12.7148 10.7769 4.6400
v 12.7148 10.5369 4.5000
v 12.7148 10.3369 4.3700
v 12.7148 10.1269 4.2500
v 12.7148 9.9069 4.1400
v 12.7048 11.0469 1.0000
v 12.4648 12.4669 5.8800
v 12.4648 12.2669 5.7100
v 12.4648 12.0869 5.5600
v 12.4648 11.8569 5.4400
v 12.4748 11.6769 5.3100
v 12.4748 11.4669 5.1800
v 12.4748 11.2369 5.0200
v 12.4748 11.0169 4.9000
v 12.4748 10.8169 4.7600
v 12.4848 10.5669 4.6700
v 12.4848 10.3569 4.5000
v 12.4848 10.1669 4.3900
v 12.4848 9.9969 4.2500
v 12.4848 9.7769 4.1400
v 12.4748 10.8969 1.0600
v 12.3148 12.3969 5.9100
v 12.3148 12.1869 5.7600
v 12.3248 11.9869 5.5900
v 12.3248 11.7569 5.4500
v 12.3248 11.5569 5.3700
v 12.3248 11.3569 5.2300
v 12.3248 11.1869 5.0600
v 12.3348 10.9469 5.0200
v 12.3348 10.7569 4.8500
v 12.3348 10.5769 4.7000
v 12.3348 10.3869 4.5600
v 12.3348 10.1569 4.4700
v 12.3348 9.9769 4.2900
v 12.3448 9.7769 4.1700
v 12.3348 10.7969 1.3500
v 12.3348 10.6369 1.1000
v 12.1448 12.4969 6.0100
v 12.1448 12.2869 5.8900
v 12.1448 12.0869 5.7400
v 12.1448 11.8769 5.6300
v 12.1548 11.6769 5.5000
v 12.1548 11.4669 5.4300
v 12.1548 11.2769 5.2500
v 12.1548 11.0669 5.1300
v 12.1548 10.8769 4.9400
v 12.1548 10.6869 4.8400
v 12.1648 10.4569 4.7400
v 12.1648 10.2669 4.6000
v 12.1648 10.0569 4.4400
v 12.1648 9.8869 4.2400
v 12.1648 10.6769 2.0800
v 12.1648 10.5969 1.6200
v 12.1648 10.5269 1.0800
v 11.8748 12.4169 6.1600
v 11.8748 12.1969 5.9700
v 11.8748 11.9869 5.8500
v 11.8848 11.7969 5.7100
v 11.8848 11.6069 5.6000
v 11.8848 11.3769 5.5000
v 11.8848 11.1769 5.3500
v 11.8948 10.9769 5.1800
v 11.8948 10.7869 5.1100
v 11.8948 10.5669 4.9800
v 11.8948 10.3669 4.8000
v 11.8948 10.1969 4.5300
v 11.8948 10.8969 2.6200
v 11.8948 10.0269 4.3200
v 11.8948 10.7969 2.1900
v 11.8948 10.7669 1.5400
v 11.8948 10.6469 1.1900
v 11.5748 12.3069 6.2400
v 11.5848 12.1169 6.1300
v 11.5848 11.9569 5.9200
v 11.5848 11.7069 5.8500
v 11.5848 11.5069 5.7300
v 11.5848 11.2669 5.6000
v 11.5948 11.0769 5.4200
v 11.5948 10.8769 5.2900
v 11.5948 10.6969 5.1100
v 11.5948 10.5469 4.8000
v 11.5848 11.2369 2.9200
v 11.5948 10.3969 4.5800
v 11.5948 11.1469 2.5200
v 11.5948 11.0869 1.9900
v 11.5948 11.0969 1.2500
v 11.3148 12.4769 6.4500
v 11.3148 12.2769 6.3300
v 11.3148 12.0569 6.2100
v 11.3248 11.8669 6.1000
v 11.3248 11.6769 5.9100
v 11.3248 11.4669 5.8400
v 11.3248 11.2569 5.6700
v 11.3248 11.0669 5.5000
v 11.3348 10.8669 5.2800
v 11.3248 11.5969 3.3100
v 11.3348 10.7069 5.0400
v 11.3248 11.4469 3.0100
v 11.3248 11.3869 2.5300
v 11.3248 11.4569 1.6600
v 11.3248 11.3369 1.2900
v 11.0748 12.3369 6.4800
v 11.0748 12.1269 6.3700
v 11.0848 11.9069 6.2900
v 11.0848 11.6969 6.1300
v 11.0848 11.5269 5.9700
v 11.0848 11.3169 5.8700
v 11.0848 11.1469 5.6000
v 11.0848 11.8769 3.5900
v 11.0848 11.0369 5.2600
v 11.0848 11.7669 3.2500
v 11.0848 11.6769 2.7800
v 11.0848 11.7069 1.9700
v 11.0848 11.6569 1.4300
v 10.8248 12.4769 6.7200
v 10.8248 12.2669 6.6100
v 10.8248 12.0469 6.4600
v 10.8248 11.8169 6.3700
v 10.8248 11.6469 6.1800
v 10.8248 11.4969 5.9200
v 10.8248 12.1769 4.0500
v 10.8348 11.3169 5.6200
v 10.8248 12.0169 3.6900
v 10.8248 11.9769 3.0800
v 10.8248 11.9969 2.4200
v 10.8248 11.9969 1.7100
v 10.8248 11.8969 1.2300
v 10.5948 12.3469 6.7500
v 10.6048 12.1569 6.6800
v 10.6048 11.9369 6.5000
v 10.6048 11.7469 6.2900
v 10.5948 12.4469 4.3800
v 10.6048 11.6069 6.0200
v 10.6048 12.3269 4.0700
v 10.6048 12.2469 3.6700
v 10.6048 12.2269 2.9100
v 10.6048 12.2269 2.2100
v 10.6048 12.2569 1.4900
v 10.6048 12.1669 0.9900
v 10.4048 12.3269 6.9600
v 10.4048 12.1669 6.7700
v 10.4048 11.9969 6.5200
v 10.4048 11.8269 6.3200
v 10.3948 12.4669 3.8300
v 10.4048 12.4569 3.1700
v 10.3948 12.4869 2.3900
v 10.4048 12.4769 1.7200
v 10.4048 12.3569 1.2800
v 10.1548 12.3869 7.0400
v 10.1548 12.2269 6.7900
v 10.1648 12.0569 6.5200
v 9.8748 12.4469 6.9900
v 7.5548 6.5969 4.1000
v 7.5548 6.3869 3.9900
v 7.5648 6.1569 3.8600
v 7.2848 6.9769 4.4400
v 7.2848 6.7569 4.3100
v 7.2848 6.5469 4.1500
v 7.2848 6.3469 4.0400
v 7.2848 6.1269 3.9500
v 7.2848 6.5669 1.9700
v 7.2848 6.5569 1.3000
v 7.2848 6.5669 0.6300
v 6.9948 7.1769 4.7400
v 6.9948 7.0169 4.6000
v 6.9948 6.7769 4.4600
v 7.0048 6.5569 4.3300
v 7.0048 6.3669 4.1900
v 7.0048 6.1569 4.0700
v 7.0048 5.9469 3.9500
v 6.9948 6.6169 2.1100
v 7.0048 5.6969 3.9000
v 7.0048 6.4369 1.8400
v 7.0048 6.4069 1.2800
v 7.0048 6.3069 0.8500
v 7.0048 6.1669 0.4900
v 6.7748 7.5369 5.0500
v 6.7848 7.3469 4.9300
v 6.7848 7.1369 4.7700
v 6.7848 6.9369 4.6500
v 6.7848 6.7269 4.5100
v 6.7848 6.5069 4.3800
v 6.7848 6.2869 4.2400
v 6.7948 6.0769 4.1200
v 6.7948 5.8569 3.9800
v 6.7948 5.6269 3.9100
v 6.7848 6.3469 1.9200
v 6.7948 6.1869 1.6500
v 6.7948 6.1869 0.9800
v 6.7948 6.0269 0.7300
v 6.6248 7.6769 5.2300
v 6.6248 7.4669 5.0600
v 6.6248 7.2469 4.9200
v 6.6348 7.0269 4.7900
v 6.6348 6.8269 4.6700
v 6.6348 6.6369 4.5400
v 6.6348 6.4469 4.4200
v 6.6348 6.2469 4.3000
v 6.6448 6.0469 4.1800
v 6.6448 5.8269 4.0400
v 6.6448 5.6269 3.9500
v 6.6348 6.3069 2.0600
v 6.6448 5.4069 3.8700
v 6.6348 6.1369 1.8300
v 6.6448 6.0369 1.4100
v 6.6448 6.0069 0.8400
v 6.6448 5.8269 0.6400
v 6.4248 7.9369 5.6100
v 6.4248 7.7869 5.3800
v 6.4348 7.5869 5.2700
v 6.4348 7.3869 5.1100
v 6.4348 7.1769 4.9800
v 6.4348 6.9969 4.8500
v 6.4348 6.7969 4.7300
v 6.4348 6.5869 4.6000
v 6.4448 6.3869 4.4800
v 6.4448 6.1869 4.3300
v 6.4448 5.9669 4.2300
v 6.4448 5.7469 4.1200
v 6.4448 5.5569 3.9900
v 6.4548 5.3469 3.9100
v 6.4448 6.0169 2.0400
v 6.4448 5.9269 1.5500
v 6.4448 5.8969 0.9800
v 6.4448 5.7769 0.5700
v 6.1248 8.2969 5.8900
v 6.1248 8.0869 5.7800
v 6.1248 7.9169 5.6200
v 6.1248 7.7369 5.4800
v 6.1248 7.5169 5.3500
v 6.1348 7.2869 5.1900
v 6.1348 7.0969 5.0600
v 6.1348 6.9169 4.9500
v 6.1348 6.7169 4.8100
v 6.1348 6.4869 4.6700
v 6.1348 6.2869 4.5800
v 6.1448 6.0869 4.4300
v 6.1448 5.8769 4.3500
v 6.1448 5.6669 4.2300
v 6.1448 5.4569 4.0800
v 6.1448 5.2469 3.9700
v 6.1548 5.0169 3.8900
v 6.1448 5.7169 1.9100
v 6.1448 5.6169 1.4400
v 6.1448 5.5869 0.7900
v 6.1548 3.9869 1.0800
v 6.1748 2.8669 3.5000
v 6.1648 3.7469 1.0300
v 6.1748 2.6569 3.3600
v 6.1748 2.4869 3.1400
v 5.8148 8.5869 6.2100
v 5.8148 8.4069 6.0600
v 5.8148 8.2269 5.9400
v 5.8148 7.9869 5.8100
v 5.8148 7.7969 5.6600
v 5.8148 7.6069 5.5100
v 5.8248 7.3869 5.4000
v 5.8248 7.1869 5.2800
v 5.8248 6.9769 5.1300
v 5.8248 6.7569 5.0100
v 5.8248 6.5569 4.8600
v 5.8348 6.3369 4.7300
v 5.8348 6.1369 4.6000
v 5.8348 5.9269 4.5000
v 5.8348 5.7069 4.3700
v 5.8348 5.5169 4.2600
v 5.8348 5.3169 4.1300
v 5.8448 5.0969 4.0200
v 5.8448 4.8569 3.9100
v 5.8348 5.5669 1.9500
v 5.8448 4.6569 3.7900
v 5.8348 5.4469 1.5800
v 5.8348 5.3869 1.0300
v 5.8548 3.2469 3.5500
v 5.8648 3.0369 3.5000
v 5.8548 3.8769 1.1500
v 5.8648 2.7669 3.4600
v 5.8648 2.5569 3.2900
v 5.8648 2.3569 3.2000
v 5.8648 2.8069 1.2500
v 5.5748 9.1869 6.2200
v 5.5748 8.8469 6.4900
v 5.5848 8.6469 6.3500
v 5.5848 8.4469 6.2000
v 5.5848 8.2369 6.0800
v 5.5848 8.0169 5.9300
v 5.5848 7.7969 5.7800
v 5.5948 7.6069 5.6500
v 5.5948 7.3869 5.5200
v 5.5948 7.1969 5.3900
v 5.5948 7.0069 5.2600
v 5.5948 6.7769 5.1400
v 5.5948 6.5869 5.0100
v 5.6048 6.3669 4.9000
v 5.6048 6.1469 4.7700
v 5.6048 5.9469 4.6300
v 5.6048 5.7469 4.5000
v 5.6048 5.5469 4.3900
v 5.6148 5.3369 4.2700
v 5.6148 5.1169 4.1800
v 5.6148 4.9069 4.0300
v 5.6148 4.7069 3.9100
v 5.6148 4.4969 3.7900
v 5.6148 5.2969 1.5600
v 5.6148 5.2369 0.9600
v 5.6248 3.5569 3.5900
v 5.6248 3.2969 3.5100
v 5.6348 3.0769 3.4500
v 5.6348 2.8669 3.3200
v 5.6348 2.6369 3.2300
v 5.6348 2.3969 3.2000
v 5.6348 2.1669 3.1600
v 5.6348 2.8069 1.3600
v 5.6348 2.6769 1.0500
v 5.3648 9.1669 6.8800
v 5.3748 8.9769 6.6800
v 5.3748 8.7769 6.5200
v 5.3748 8.5869 6.4000
v 5.3748 8.3869 6.2900
v 5.3748 8.1869 6.1700
v 5.3848 7.9769 6.0100
v 5.3848 7.7669 5.8700
v 5.3848 7.5569 5.7300
v 5.3848 7.3569 5.6000
v 5.3848 7.1669 5.4800
v 5.3848 6.9369 5.3500
v 5.3948 6.7569 5.2300
v 5.3948 6.5469 5.1200
v 5.3948 6.3269 4.9800
v 5.3948 6.1369 4.8600
v 5.3948 5.9169 4.7300
v 5.4048 5.7069 4.5900
v 5.4048 5.5169 4.4700
v 5.4048 5.2769 4.3500
v 5.4048 5.0769 4.2100
v 5.4048 4.8569 4.1200
v 5.4048 4.6369 3.9900
v 5.4148 4.4169 3.8900
v 5.4048 5.2269 1.6200
v 5.4048 5.0769 1.3400
v 5.4048 5.0169 0.8300
v 5.4148 3.7969 3.5300
v 5.4248 3.5369 3.5000
v 5.4248 3.2969 3.4600
v 5.4248 3.1069 3.3300
v 5.4248 2.8669 3.2600
v 5.4248 2.6169 3.2300
v 5.4348 2.3569 3.2500
v 5.4348 2.1469 3.2100
v 5.4348 1.9069 3.1000
v 5.4248 2.5769 1.2300
v 5.4248 2.4669 0.8000
v 5.1048 9.3969 6.8400
v 5.1148 9.1069 6.8800
v 5.1148 8.8769 6.7500
v 5.1148 8.6769 6.6100
v 5.1148 8.5069 6.4700
v 5.1148 8.2969 6.3200
v 5.1248 8.0869 6.2000
v 5.1248 7.8869 6.0700
v 5.1248 7.6869 5.9500
v 5.1248 7.4869 5.8400
v 5.1248 7.2669 5.6900
v 5.1348 7.0469 5.5500
v 5.1348 6.8569 5.4400
v 5.1348 6.6469 5.3100
v 5.1348 6.4169 5.1700
v 5.1348 6.1969 5.0200
v 5.1348 6.0169 4.9100
v 5.1448 5.8169 4.7700
v 5.1448 5.5969 4.6600
v 5.1448 5.3669 4.5400
v 5.1448 5.1769 4.4200
v 5.1448 4.9669 4.3000
v 5.1548 4.7569 4.1500
v 5.1548 4.5469 4.0400
v 5.1548 4.3169 3.9200
v 5.1548 4.1369 3.7800
v 5.1448 4.9369 1.5500
v 5.1548 3.9769 3.5200
v 5.1448 4.8369 1.1000
v 5.1548 3.7269 3.4800
v 5.1548 4.7369 0.6700
v 5.1648 3.4869 3.4200
v 5.1648 3.2869 3.2700
v 5.1648 3.0269 3.2800
v 5.1648 2.7469 3.2700
v 5.1748 2.4969 3.2300
v 5.1748 2.2469 3.2100
v 5.1748 2.0169 3.2700
v 5.1748 1.7669 3.2000
v 5.1748 2.4069 1.3900
v 5.1748 2.2469 1.1300
v 4.8548 9.8069 6.8800
v 4.8548 9.5969 6.7900
v 4.8548 9.3269 6.8300
v 4.8648 9.0269 6.9600
v 4.8648 8.8269 6.8000
v 4.8648 8.5969 6.6700
v 4.8648 8.4069 6.5300
v 4.8648 8.1969 6.3800
v 4.8648 7.9969 6.2400
v 4.8748 7.7569 6.1100
v 4.8748 7.5669 6.0000
v 4.8748 7.3569 5.8800
v 4.8748 7.1269 5.7400
v 4.8748 6.9269 5.6200
v 4.8848 6.7369 5.5000
v 4.8848 6.5369 5.3700
v 4.8848 6.3169 5.2200
v 4.8848 6.1069 5.1000
v 4.8848 5.8869 4.9600
v 4.8848 5.7069 4.8400
v 4.8948 5.4869 4.7100
v 4.8948 5.2769 4.6000
v 4.8948 5.0669 4.4700
v 4.8948 4.8469 4.3500
v 4.8948 4.6469 4.1900
v 4.9048 4.4069 4.0900
v 4.9048 4.1969 3.9600
v 4.9048 4.0569 3.6300
v 4.9048 3.8669 3.4700
v 4.9048 3.6969 3.3100
v 4.9148 3.4169 3.3300
v 4.9148 3.2069 3.2800
v 4.9148 2.9569 3.2900
v 4.9148 2.7069 3.2900
v 4.9148 2.4769 3.2500
v 4.9248 2.2269 3.2600
v 4.9248 1.9969 3.2300
v 4.9248 1.7869 3.1500
v 4.9248 1.5269 3.1200
v 4.9248 2.1769 1.3100
v 4.9248 2.0569 0.8800
v 4.6348 9.9769 6.8400
v 4.6348 9.7069 6.8100
v 4.6348 9.3969 6.8900
v 4.6348 9.0969 7.0700
v 4.6448 8.8869 6.9600
v 4.6448 8.6769 6.8200
v 4.6448 8.4469 6.6800
v 4.6448 8.2569 6.5500
v 4.6448 8.0669 6.4400
v 4.6448 7.8569 6.2900
v 4.6548 7.6269 6.1700
v 4.6548 7.4269 6.0500
v 4.6548 7.2169 5.9000
v 4.6548 7.0169 5.8000
v 4.6548 6.8069 5.6500
v 4.6648 6.6169 5.5200
v 4.6648 6.3969 5.3800
v 4.6648 6.2069 5.2700
v 4.6648 5.9669 5.1300
v 4.6648 5.7469 4.9900
v 4.6648 5.5269 4.8800
v 4.6748 5.3369 4.7400
v 4.6748 5.1169 4.6100
v 4.6748 4.9169 4.4900
v 4.6748 4.7069 4.3900
v 4.6748 4.5369 4.2700
v 4.6848 4.3169 4.1500
v 4.6848 4.0969 4.0200
v 4.6848 3.9269 3.8300
v 4.6848 3.8369 3.4000
v 4.6848 3.6369 3.3000
v 4.6848 3.3869 3.3000
v 4.6948 3.1369 3.2700
v 4.6948 2.8769 3.2700
v 4.6948 2.6269 3.3000
v 4.6948 2.3969 3.2600
v 4.7048 2.1469 3.2500
v 4.7048 1.9069 3.2300
v 4.7048 1.6569 3.2400
v 4.7048 1.3969 3.2100
v 4.7048 2.0569 1.3500
v 4.7048 1.8969 1.1200
v 4.7048 1.8669 0.5000
v 4.4048 10.2169 6.8200
v 4.4048 9.9669 6.7900
v 4.4048 9.7069 6.8800
v 4.4048 9.4069 6.9900
v 4.4148 9.0669 7.2000
v 4.4148 8.8569 7.0900
v 4.4148 8.6569 6.9200
v 4.4148 8.4669 6.8100
v 4.4148 8.2469 6.6700
v 4.4148 8.0369 6.5600
v 4.4248 7.8269 6.4100
v 4.4248 7.6169 6.2900
v 4.4248 7.4069 6.1600
v 4.4248 7.1869 6.0300
v 4.4248 6.9769 5.8900
v 4.4348 6.7469 5.7500
v 4.4348 6.5669 5.6200
v 4.4348 6.3669 5.5000
v 4.4348 6.1569 5.3900
v 4.4348 5.9669 5.2600
v 4.4348 5.7769 5.1200
v 4.4448 5.5669 5.0300
v 4.4448 5.3569 4.8800
v 4.4448 5.1569 4.7600
v 4.4448 4.9669 4.6400
v 4.4448 4.7769 4.5400
v 4.4548 4.5369 4.4100
v 4.4548 4.3169 4.2800
v 4.4548 4.1169 4.1700
v 4.4548 3.9369 4.0100
v 4.4548 3.7369 3.8800
v 4.4548 3.6269 3.4300
v 4.4648 3.4469 3.3000
v 4.4648 3.1869 3.3000
v 4.4648 2.9369 3.3200
v 4.4648 2.6969 3.3000
v 4.4648 2.4469 3.2700
v 4.4748 2.1969 3.2400
v 4.4748 1.9269 3.2600
v 4.4748 1.6869 3.2000
v 4.4748 1.4269 3.2200
v 4.4848 1.1969 3.1500
v 4.4748 1.8369 1.3300
v 4.4748 1.6969 1.0600
v 4.4748 1.6069 0.6500
v 4.1548 10.4569 6.8200
v 4.1548 10.2269 6.8000
v 4.1548 9.9269 6.9000
v 4.1548 9.6369 7.0000
v 4.1648 9.3169 7.1800
v 4.1648 9.0369 7.3000
v 4.1648 8.7969 7.1600
v 4.1648 8.5769 7.0300
v 4.1748 8.3669 6.8800
v 4.1748 8.1869 6.7400
v 4.1748 7.9369 6.6600
v 4.1748 7.7369 6.5100
v 4.1748 7.5569 6.3800
v 4.1748 7.3869 6.2600
v 4.1848 7.1669 6.1100
v 4.1848 6.9369 5.9900
v 4.1848 6.7469 5.8800
v 4.1848 6.5669 5.7600
v 4.1848 6.3569 5.6400
v 4.1948 6.1469 5.5100
v 4.1948 5.9269 5.3700
v 4.1948 5.7369 5.2400
v 4.1948 5.5369 5.1200
v 4.1948 5.3269 5.0100
v 4.1948 5.1169 4.9000
v 4.2048 4.9069 4.7700
v 4.2048 4.7269 4.6400
v 4.2048 4.4969 4.5100
v 4.2048 4.2769 4.4000
v 4.2048 4.0969 4.2800
v 4.2148 3.8969 4.1500
v 4.2148 3.6769 3.9900
v 4.2148 3.4569 3.8100
v 4.2148 3.3769 3.3400
v 4.2148 3.1369 3.4100
v 4.2148 2.8469 3.4000
v 4.2248 2.6369 3.2900
v 4.2248 2.4069 3.2500
v 4.2248 2.1969 3.2400
v 4.2248 1.9169 3.2500
v 4.2348 1.6469 3.2300
v 4.2348 1.3869 3.2300
v 4.2348 1.1769 3.1800
v 4.2348 0.9669 3.1000
v 4.2348 1.6169 1.2500
v 4.2348 1.4369 0.9800
v 3.9548 10.6869 6.7900
v 3.9548 10.4069 6.8400
v 3.9648 10.1269 6.9000
v 3.9648 9.7969 7.0600
v 3.9648 9.4869 7.1900
v 3.9748 9.1869 7.3800
v 3.9748 8.9269 7.4000
v 3.9748 8.7469 7.2200
v 3.9748 8.5569 7.1000
v 3.9748 8.3569 6.9700
v 3.9748 8.1369 6.8400
v 3.9848 7.9369 6.7200
v 3.9848 7.7469 6.6000
v 3.9848 7.5469 6.4600
v 3.9848 7.3669 6.3400
v 3.9848 7.1269 6.2200
v 3.9948 6.9269 6.0700
v 3.9848 7.7369 3.8500
v 3.9948 6.7269 5.9500
v 3.9948 6.5269 5.8400
v 3.9948 6.3269 5.7000
v 3.9948 6.1169 5.5800
v 3.9948 5.9169 5.4600
v 4.0048 5.6969 5.3200
v 4.0048 5.5069 5.2100
v 4.0048 5.2969 5.0900
v 4.0048 5.0969 4.9500
v 4.0048 4.8669 4.8300
v 4.0148 4.6469 4.7000
v 4.0148 4.4569 4.5700
v 4.0148 4.2369 4.4500
v 4.0148 4.0169 4.3300
v 4.0148 3.8269 4.2200
v 4.0248 3.6169 4.0900
v 4.0248 3.4269 3.9700
v 4.0248 3.2469 3.7200
v 4.0248 3.0969 3.3900
v 4.0248 2.8569 3.3900
v 4.0248 2.6269 3.3000
v 4.0348 2.3969 3.2700
v 4.0348 2.1369 3.2600
v 4.0348 1.8969 3.2500
v 4.0348 1.6669 3.2400
v 4.0448 1.4269 3.1700
v 4.0448 1.1869 3.1700
v 4.0448 0.8969 3.2000
v 4.0448 0.6869 3.1000
v 4.0448 1.3869 1.1200
v 4.0448 1.2869 0.7000
v 4.0548 -0.6731 1.8200
v 3.8048 10.8069 6.8300
v 3.8048 10.5669 6.8100
v 3.8148 10.2869 6.9300
v 3.8148 9.9669 7.0500
v 3.8148 9.6969 7.1600
v 3.8148 9.3969 7.3200
v 3.8248 9.0869 7.4900
v 3.8248 8.8669 7.4000
v 3.8248 8.6769 7.2500
v 3.8248 8.4469 7.1400
v 3.8248 8.2569 7.0000
v 3.8348 8.0569 6.8800
v 3.8348 7.8669 6.7500
v 3.8348 7.6669 6.6000
v 3.8348 7.4469 6.4800
v 3.8348 7.2269 6.3500
v 3.8448 7.0269 6.2600
v 3.8448 6.8369 6.1200
v 3.8448 6.6269 5.9800
v 3.8448 6.3969 5.8600
v 3.8448 6.1869 5.7100
v 3.8548 5.9969 5.5800
v 3.8548 5.7869 5.4500
v 3.8548 5.5669 5.3200
v 3.8548 5.3669 5.2100
v 3.8548 5.1669 5.1000
v 3.8548 4.9669 4.9800
v 3.8648 4.7469 4.8400
v 3.8648 4.5369 4.7000
v 3.8648 4.3269 4.5900
v 3.8648 4.1169 4.4900
v 3.8648 3.9069 4.3500
v 3.8748 3.7069 4.2000
v 3.8748 3.5069 4.0900
v 3.8748 3.3169 3.9700
v 3.8748 3.1169 3.7600
v 3.8748 3.0069 3.4100
v 3.8748 2.7869 3.2900
v 3.8848 2.5269 3.2800
v 3.8848 2.2769 3.2600
v 3.8848 2.0369 3.2300
v 3.8848 1.7769 3.2100
v 3.8948 1.5169 3.2200
v 3.8948 1.2669 3.2500
v 3.8948 1.0069 3.1900
v 3.8948 0.7469 3.2000
v 3.8948 1.3869 1.4100
v 3.8948 1.2369 1.1300
v 3.8948 1.1669 0.6800
v 3.9148 -0.9031 3.5900
v 3.9148 -1.1031 3.4500
v 3.5948 11.1769 6.8500
v 3.5948 10.9269 6.8600
v 3.6048 10.6769 6.8800
v 3.6048 10.3669 7.0000
v 3.6048 10.0869 7.0800
v 3.6048 9.7669 7.2300
v 3.6148 9.4769 7.3900
v 3.6148 9.1569 7.5800
v 3.6148 8.9269 7.5800
v 3.6148 8.7269 7.4000
v 3.6248 8.5069 7.2700
v 3.6248 8.3169 7.1600
v 3.6248 8.1269 7.0300
v 3.6248 7.9069 6.9000
v 3.6248 7.6969 6.7400
v 3.6248 7.4769 6.6100
v 3.6348 7.2669 6.4900
v 3.6348 7.0769 6.3600
v 3.6348 6.8569 6.2300
v 3.6348 6.6469 6.1300
v 3.6348 6.4569 6.0100
v 3.6448 6.2569 5.8500
v 3.6448 6.0469 5.7200
v 3.6448 5.8169 5.6100
v 3.6448 5.6069 5.4800
v 3.6448 5.4069 5.3600
v 3.6448 5.2069 5.2500
v 3.6548 4.9969 5.0900
v 3.6548 4.8069 4.9600
v 3.6548 4.5869 4.8800
v 3.6548 4.3769 4.7300
v 3.6548 4.1869 4.6000
v 3.6648 3.9569 4.5000
v 3.6648 3.7469 4.3600
v 3.6648 3.5469 4.2400
v 3.6648 3.3369 4.1000
v 3.6648 3.1269 3.9500
v 3.6748 2.9369 3.7400
v 3.6748 2.8669 3.3000
v 3.6748 2.5969 3.2800
v 3.6748 2.3269 3.2700
v 3.6748 2.0969 3.2600
v 3.6848 1.8669 3.2300
v 3.6848 1.5969 3.2500
v 3.6848 1.3369 3.2300
v 3.6848 1.0969 3.2400
v 3.6848 0.8269 3.2300
v 3.6948 0.6069 3.1600
v 3.6948 0.3369 3.1900
v 3.6848 1.0469 1.1600
v 3.6848 0.9669 0.7500
v 3.7048 -0.6131 3.7200
v 3.7048 -0.8631 3.6800
v 3.7048 -1.0831 3.5400
v 3.2848 11.5069 6.5200
v 3.2848 11.2269 6.6000
v 3.2948 10.8869 6.8000
v 3.2948 10.5769 6.9600
v 3.2948 10.2469 7.1900
v 3.3048 9.9669 7.3800
v 3.3048 9.6069 7.5300
v 3.3048 9.2769 7.7100
v 3.3048 8.9969 7.7800
v 3.3148 8.7969 7.6600
v 3.3148 8.6069 7.4900
v 3.3148 8.3769 7.3400
v 3.3148 8.1969 7.2100
v 3.3148 7.9969 7.1200
v 3.3148 7.8069 6.9900
v 3.3248 7.5669 6.8600
v 3.3248 7.3669 6.7300
v 3.3248 7.1469 6.6100
v 3.3248 6.9469 6.4800
v 3.3248 6.7469 6.3300
v 3.3348 6.5369 6.1900
v 3.3348 6.3769 6.0800
v 3.3348 6.1469 5.9700
v 3.3348 5.9269 5.8300
v 3.3348 5.7269 5.7100
v 3.3448 5.5369 5.5700
v 3.3448 5.3069 5.4600
v 3.3448 5.1069 5.3100
v 3.3448 4.8869 5.1600
v 3.3448 4.6769 5.0700
v 3.3448 4.4669 4.9200
v 3.3548 4.2469 4.8300
v 3.3548 4.0269 4.6900
v 3.3548 3.8269 4.5300
v 3.3548 3.6269 4.4400
v 3.3548 3.4169 4.3100
v 3.3648 3.1969 4.1700
v 3.3648 2.9969 4.0300
v 3.3648 2.8069 3.9200
v 3.3648 2.7169 3.4400
v 3.3648 2.5069 3.2800
v 3.3648 2.2469 3.2700
v 3.3748 2.0269 3.2900
v 3.3748 1.7669 3.2400
v 3.3748 1.4969 3.2400
v 3.3748 1.2469 3.2200
v 3.3848 0.9869 3.2200
v 3.3848 0.7069 3.2200
v 3.3848 0.4369 3.2100
v 3.3848 0.2269 3.1700
v 3.3848 0.8969 1.2900
v 3.3948 -0.2131 3.7400
v 3.3848 0.7769 0.9400
v 3.3948 -0.4331 3.7000
v 3.3848 0.6869 0.5300
v 3.3948 -0.6831 3.6800
v 3.3948 -0.8831 3.5600
v 3.3948 -1.1131 3.5000
v 3.4048 -1.3031 3.4200
v 3.3948 -0.7131 1.7600
v 3.3948 -0.9131 1.5400
v 3.3948 -0.9531 0.9500
v 3.3948 -0.9831 0.3700
v 2.9948 11.5769 6.2200
v 2.9948 11.2269 6.4400
v 2.9948 10.9069 6.6100
v 2.9948 10.6069 6.7800
v 3.0048 10.2869 6.9200
v 3.0048 9.9569 7.1600
v 3.0048 9.6569 7.3700
v 3.0148 9.3169 7.6000
v 3.0148 8.9769 7.8100
v 3.0148 8.7269 7.7700
v 3.0148 8.5169 7.6200
v 3.0148 8.3469 7.4500
v 3.0248 8.1369 7.3500
v 3.0248 7.9169 7.2000
v 3.0248 7.7169 7.1100
v 3.0248 7.5169 7.0000
v 3.0248 7.3069 6.8300
v 3.0348 7.1169 6.7000
v 3.0348 6.8969 6.5800
v 3.0348 6.6769 6.4500
v 3.0348 6.4869 6.3300
v 3.0348 6.2669 6.1800
v 3.0448 6.0469 6.0500
v 3.0448 5.8369 5.9200
v 3.0448 5.6369 5.8000
v 3.0448 5.4169 5.6800
v 3.0448 5.2069 5.5400
v 3.0548 5.0069 5.4200
v 3.0548 4.8069 5.3000
v 3.0548 4.5869 5.1700
v 3.0548 4.3669 5.0400
v 3.0548 4.1869 4.9000
v 3.0548 3.9569 4.7800
v 3.0648 3.7569 4.6700
v 3.0648 3.5369 4.5400
v 3.0648 3.3469 4.4200
v 3.0648 3.1369 4.2800
v 3.0648 2.9169 4.1400
v 3.0648 2.7069 3.9900
v 3.0748 2.4869 3.8700
v 3.0748 2.3969 3.3600
v 3.0748 2.1569 3.3100
v 3.0748 1.9269 3.2700
v 3.0748 1.6769 3.2900
v 3.0848 1.4569 3.2600
v 3.0848 1.2069 3.2800
v 3.0848 0.9669 3.2600
v 3.0848 0.7169 3.2500
v 3.0948 0.4669 3.2300
v 3.0948 0.0769 3.6800
v 3.0948 -0.1831 3.7100
v 3.0948 -0.3831 3.6300
v 3.0948 -0.6031 3.5400
v 3.1048 -0.8731 3.5200
v 3.1048 -1.1131 3.5000
v 3.1048 -1.3331 3.4900
v 3.1048 -0.9631 1.7100
v 3.1048 -1.1531 1.5100
v 3.1048 -1.2831 1.1900
v 2.7648 11.9569 5.8700
v 2.7648 11.6369 6.0500
v 2.7748 11.3269 6.2100
v 2.7748 10.9969 6.4200
v 2.7748 10.6369 6.6400
v 2.7848 10.3369 6.8000
v 2.7848 10.0169 6.9900
v 2.7848 9.6769 7.2300
v 2.7848 9.3469 7.4600
v 2.7948 9.0269 7.6400
v 2.7948 8.7069 7.8200
v 2.7948 8.5169 7.7400
v 2.7948 8.3069 7.5800
v 2.7948 8.0769 7.4400
v 2.8048 7.8769 7.3300
v 2.8048 7.6869 7.1800
v 2.8048 7.4569 7.0600
v 2.8048 7.2369 6.9000
v 2.8048 7.0269 6.8100
v 2.8148 6.8269 6.6600
v 2.8148 6.6269 6.5200
v 2.8248 4.8169 10.8200
v 2.8148 6.4069 6.4000
v 2.8348 4.5669 10.8200
v 2.8148 6.2169 6.2400
v 2.8348 4.2969 10.8700
v 2.8148 5.9969 6.1600
v 2.8248 5.7969 6.0100
v 2.8248 5.5869 5.8700
v 2.8248 5.3569 5.7700
v 2.8248 5.1769 5.6200
v 2.8248 4.9569 5.5300
v 2.8348 4.7569 5.3800
v 2.8348 4.5269 5.2400
v 2.8348 4.3169 5.0900
v 2.8348 4.1069 4.9800
v 2.8348 3.8869 4.8500
v 2.8448 3.6569 4.7200
v 2.8448 3.4469 4.5700
v 2.8448 3.2669 4.4800
v 2.8448 3.0569 4.3600
v 2.8448 2.8469 4.2200
v 2.8448 2.6469 4.1100
v 2.8548 2.4669 3.9600
v 2.8548 2.2669 3.8300
v 2.8548 2.1669 3.3700
v 2.8548 1.9469 3.3200
v 2.8548 1.7269 3.2800
v 2.8548 1.5169 3.2600
v 2.8648 1.2269 3.2800
v 2.8648 0.9569 3.2300
v 2.8648 0.7169 3.2700
v 2.8748 0.3669 3.6500
v 2.8748 0.0969 3.6900
v 2.8748 -0.1631 3.6400
v 2.8748 -0.3631 3.5800
v 2.8748 -0.6131 3.5500
v 2.8848 -0.8531 3.5100
v 2.8848 -1.1131 3.5400
v 2.8848 -1.3731 3.5300
v 2.8848 -1.2131 1.6200
v 2.8848 -1.2431 0.2700
v 2.5448 12.2469 5.6100
v 2.5548 11.9369 5.7600
v 2.5548 11.6369 5.9200
v 2.5548 11.3169 6.0800
v 2.5648 10.9769 6.3100
v 2.5648 10.6769 6.4900
v 2.5648 10.3369 6.7100
v 2.5648 9.9969 6.8900
v 2.5748 9.6669 7.1300
v 2.5748 9.3269 7.3300
v 2.5748 8.9969 7.5500
v 2.5848 8.6369 7.8100
v 2.5848 8.3869 7.8000
v 2.5848 8.1869 7.6500
v 2.5848 7.9869 7.5000
v 2.5848 7.7969 7.3600
v 2.5948 7.5969 7.2500
v 2.5948 7.3769 7.0800
v 2.5948 7.1569 6.9800
v 2.5948 6.9669 6.8400
v 2.6148 5.2869 10.7700
v 2.5948 6.7669 6.7100
v 2.6148 5.0469 10.7700
v 2.6048 6.5469 6.6100
v 2.6148 4.7769 10.7800
v 2.6048 6.3269 6.4800
v 2.6148 4.5269 10.8200
v 2.6048 6.1369 6.3400
v 2.6048 5.9269 6.2100
v 2.6048 5.7069 6.0700
v 2.6048 5.4969 5.9300
v 2.6148 5.2769 5.8000
v 2.6148 5.0569 5.6800
v 2.6148 4.8269 5.5800
v 2.6148 4.6369 5.4400
v 2.6148 4.4469 5.3000
v 2.6248 4.2469 5.1900
v 2.6248 4.0469 5.0700
v 2.6248 3.8569 4.9400
v 2.6248 3.6369 4.8100
v 2.6248 3.4569 4.6900
v 2.6348 3.2369 4.5600
v 2.6348 3.0369 4.4600
v 2.6348 2.8469 4.3400
v 2.6348 2.6369 4.1900
v 2.6348 2.4069 4.0700
v 2.6348 2.2069 3.9400
v 2.6448 2.0569 3.7200
v 2.6448 1.9669 3.2900
v 2.6448 1.7069 3.2700
v 2.6448 1.4669 3.2500
v 2.6448 1.2069 3.2500
v 2.6548 0.9569 3.3000
v 2.6548 0.5969 3.6000
v 2.6548 0.2969 3.6800
v 2.6548 0.0569 3.6200
v 2.6648 -0.1831 3.5600
v 2.6648 -0.4331 3.5400
v 2.6648 -0.6731 3.5400
v 2.6648 -0.9131 3.4800
v 2.6648 -1.1331 3.4300
v 2.6748 -1.3231 0.3500
v 2.2848 12.3569 5.3500
v 2.2848 12.0669 5.4900
v 2.2848 11.7369 5.6800
v 2.2948 11.3869 5.8900
v 2.2948 11.0269 6.1300
v 2.2948 10.7369 6.3000
v 2.3048 10.3869 6.5300
v 2.3048 10.0369 6.7500
v 2.3048 9.7169 6.9400
v 2.3048 9.4269 7.1100
v 2.3148 9.0869 7.3400
v 2.3148 8.7169 7.6000
v 2.3148 8.3969 7.7900
v 2.3248 8.1469 7.7800
v 2.3248 7.9769 7.6600
v 2.3248 7.7669 7.4800
v 2.3248 7.5469 7.3600
v 2.3348 6.0069 10.8900
v 2.3248 7.3369 7.2000
v 2.3448 5.7669 10.8600
v 2.3248 7.1269 7.1000
v 2.3348 6.9169 6.9700
v 2.3448 5.2669 10.7500
v 2.3348 6.6869 6.8200
v 2.3348 6.4769 6.6900
v 2.3348 6.2669 6.5600
v 2.3348 6.0769 6.4400
v 2.3448 5.8669 6.3000
v 2.3448 5.6569 6.1900
v 2.3448 5.4669 6.0900
v 2.3448 5.2869 5.9500
v 2.3448 5.0469 5.8100
v 2.3448 4.8569 5.6900
v 2.3548 4.6669 5.5800
v 2.3548 4.4669 5.4600
v 2.3548 4.2669 5.3400
v 2.3548 4.0369 5.2000
v 2.3548 3.8369 5.0800
v 2.3648 3.6469 4.9500
v 2.3648 3.4469 4.8400
v 2.3648 3.2369 4.7100
v 2.3648 3.0169 4.5800
v 2.3648 2.8369 4.4500
v 2.3648 2.6369 4.3300
v 2.3748 2.3969 4.2200
v 2.3748 2.2069 4.0900
v 2.3748 2.0069 3.9400
v 2.3748 1.8369 3.7500
v 2.3748 1.6969 3.3000
v 2.3848 1.4469 3.2600
v 2.3848 1.1869 3.3800
v 2.3848 0.8269 3.6600
v 2.3848 0.5569 3.6700
v 2.3948 0.3269 3.6300
v 2.3948 0.1269 3.5500
v 2.3948 -0.1031 3.5400
v 2.3948 -0.3831 3.5200
v 2.3948 -0.6631 3.5400
v 2.4048 -0.8931 3.5100
v 2.4048 -1.1331 3.5100
v 2.0348 12.3769 5.1600
v 2.0348 12.0569 5.3700
v 2.0348 11.7469 5.5500
v 2.0448 11.4169 5.7600
v 2.0448 11.0769 5.9600
v 2.0448 10.7569 6.1400
v 2.0548 10.4069 6.3600
v 2.0548 10.1069 6.5700
v 2.0548 9.7569 6.7800
v 2.0548 9.4469 6.9700
v 2.0648 9.0969 7.2000
v 2.0648 8.7569 7.4400
v 2.0648 8.3969 7.6800
v 2.0848 6.9569 10.9100
v 2.0748 8.0669 7.8400
v 2.0748 7.8469 7.7400
v 2.0848 6.4269 10.9000
v 2.0748 7.6469 7.5600
v 2.0748 7.4569 7.4300
v 2.0748 7.2469 7.3200
v 2.0848 7.0669 7.1900
v 2.0848 6.8569 7.0800
v 2.0848 6.6769 6.9300
v 2.0848 6.4569 6.7900
v 2.0848 6.2569 6.6800
v 2.0948 6.0569 6.5600
v 2.0948 5.8569 6.4500
v 2.0948 5.6569 6.3100
v 2.0948 5.4469 6.1800
v 2.0948 5.2469 6.0500
v 2.1048 4.6569 7.0000
v 2.0948 5.0369 5.9400
v 2.1048 4.5869 6.5000
v 2.1048 4.8269 5.8200
v 2.1048 4.6369 5.7000
v 2.1048 4.4169 5.5700
v 2.1048 4.2169 5.4500
v 2.1048 4.0069 5.3100
v 2.1048 3.8069 5.1900
v 2.1148 3.6169 5.0600
v 2.1148 3.3869 4.9300
v 2.1148 3.1869 4.8000
v 2.1148 2.9669 4.6600
v 2.1148 2.7469 4.5400
v 2.1248 2.5469 4.4100
v 2.1248 2.3569 4.2700
v 2.1248 2.1469 4.1600
v 2.1248 1.9369 4.0500
v 2.1248 1.7369 3.9200
v 2.1248 1.6069 3.5800
v 2.1348 1.4069 3.3800
v 2.1348 1.0369 3.6800
v 2.1348 0.7969 3.6900
v 2.1348 0.5769 3.6300
v 2.1448 0.3169 3.5700
v 2.1448 0.0869 3.5700
v 2.1448 -0.1431 3.5400
v 2.1448 -0.4131 3.5300
v 2.1448 -0.6431 3.5500
v 2.1548 -0.9031 3.5400
v 2.1548 -1.1631 3.5200
v 1.8248 12.2269 5.1500
v 1.8348 11.9269 5.3200
v 1.8348 11.5969 5.5100
v 1.8348 11.2569 5.7500
v 1.8448 10.8969 5.9700
v 1.8448 10.5569 6.1700
v 1.8448 10.2169 6.4200
v 1.8548 9.8869 6.5900
v 1.8548 9.5569 6.7900
v 1.8548 9.2469 6.9800
v 1.8548 8.9369 7.1900
v 1.8648 8.6369 7.3700
v 1.8648 8.2869 7.6400
v 1.8648 7.9669 7.7900
v 1.8648 7.7369 7.7700
v 1.8748 7.5569 7.6300
v 1.8748 7.3669 7.4800
v 1.8748 7.1569 7.3600
v 1.8748 6.9569 7.2200
v 1.8748 6.7469 7.0600
v 1.8848 6.5469 6.9700
v 1.8848 6.3269 6.8800
v 1.8848 6.1169 6.7400
v 1.8948 5.2969 8.3000
v 1.8848 5.9169 6.6000
v 1.8948 5.1169 8.2200
v 1.8848 5.7469 6.4800
v 1.8848 5.5069 6.3500
v 1.8948 5.3069 6.2300
v 1.8948 4.7569 7.0600
v 1.8948 5.1169 6.0800
v 1.8948 4.6069 6.7800
v 1.8948 4.6669 5.8600
v 1.8948 4.4569 5.6800
v 1.9048 4.2469 5.5800
v 1.9048 4.0669 5.4600
v 1.9048 3.8369 5.3300
v 1.9048 3.6269 5.1800
v 1.9048 3.4369 5.0600
v 1.9048 3.2569 4.9600
v 1.9148 3.0269 4.8100
v 1.9148 2.7969 4.6800
v 1.9148 2.5969 4.5400
v 1.9148 2.3969 4.4100
v 1.9148 2.2069 4.2900
v 1.9248 1.9769 4.1600
v 1.9248 1.7869 4.0500
v 1.9248 1.5869 3.9300
v 1.9248 1.3969 3.7400
v 1.9248 1.1569 3.7200
v 1.9348 0.8969 3.6700
v 1.9348 0.6569 3.6000
v 1.9348 0.4569 3.5600
v 1.9348 0.1869 3.5500
v 1.9348 -0.0931 3.5600
v 1.9448 -0.3531 3.5700
v 1.9448 -0.5631 3.5500
v 1.9448 -0.8231 3.5100
v 1.9448 -1.0831 3.5000
v 1.9548 -1.3331 3.4800
v 1.6248 12.3569 4.9500
v 1.6248 12.0569 5.1100
v 1.6248 11.7569 5.2800
v 1.6248 11.4169 5.5000
v 1.6348 11.0969 5.7200
v 1.6348 10.7969 5.9300
v 1.6348 10.4369 6.1500
v 1.6448 10.1269 6.3000
v 1.6448 9.8169 6.5100
v 1.6448 9.5169 6.7100
v 1.6448 9.2069 6.9000
v 1.6548 8.8569 7.1300
v 1.6548 8.5169 7.3400
v 1.6548 8.2069 7.5400
v 1.6648 7.8669 7.7800
v 1.6648 7.6169 7.8100
v 1.6648 7.3869 7.7000
v 1.6648 7.1869 7.5800
v 1.6748 6.7869 7.9800
v 1.6748 6.7369 7.4400
v 1.6848 5.3069 10.7100
v 1.6748 6.6069 7.1200
v 1.6748 6.3969 6.9700
v 1.6748 6.1869 6.8600
v 1.6848 5.3369 8.4800
v 1.6748 5.9669 6.7300
v 1.6848 5.1769 8.1900
v 1.6848 5.7269 6.6400
v 1.6848 4.9569 8.1000
v 1.6848 5.5369 6.5000
v 1.6848 5.3169 6.4000
v 1.6848 5.1469 6.2700
v 1.6848 4.6869 6.8300
v 1.6948 4.5369 6.5400
v 1.6948 4.5269 5.8700
v 1.6948 3.9869 6.6200
v 1.6948 4.3069 5.7300
v 1.6948 4.0969 5.5800
v 1.6948 3.8869 5.4700
v 1.6948 3.6969 5.3400
v 1.7048 3.4969 5.2400
v 1.7048 3.2969 5.0900
v 1.7048 3.0769 4.9800
v 1.7048 2.8769 4.8400
v 1.7048 2.6769 4.7000
v 1.7148 2.4869 4.5700
v 1.7148 2.2369 4.4600
v 1.7148 2.0469 4.3200
v 1.7148 1.8369 4.1900
v 1.7148 1.6169 4.0500
v 1.7148 1.3969 3.9200
v 1.7248 1.2069 3.7800
v 1.7248 1.0069 3.6400
v 1.7248 0.7469 3.5900
v 1.7248 0.4869 3.6000
v 1.7248 0.2569 3.5700
v 1.7348 0.0169 3.5700
v 1.7348 -0.2531 3.5700
v 1.7348 -0.5031 3.5700
v 1.7348 -0.7531 3.5500
v 1.7448 -0.9831 3.5100
v 1.7448 -1.2431 3.5200
v 1.3748 12.4769 4.7400
v 1.3848 12.1969 4.9000
v 1.3848 11.8769 5.0700
v 1.3848 11.5669 5.2600
v 1.3948 11.2169 5.4800
v 1.3948 10.8769 5.7300
v 1.3948 10.5569 5.9400
v 1.3948 10.2169 6.1800
v 1.4048 9.9069 6.3300
v 1.4048 9.5869 6.5300
v 1.4048 9.2769 6.7200
v 1.4148 8.9069 6.9700
v 1.4148 8.6069 7.1400
v 1.4148 8.2969 7.3300
v 1.4148 7.9569 7.5700
v 1.4248 7.6169 7.8100
v 1.4248 7.3169 7.8300
v 1.4248 6.9269 8.2300
v 1.4348 6.7269 8.1300
v 1.4348 6.6569 7.5800
v 1.4348 6.5269 7.2600
v 1.4348 6.3369 7.1400
v 1.4448 5.4569 8.9500
v 1.4348 6.1569 7.0100
v 1.4448 5.2269 8.8100
v 1.4348 5.9169 6.8900
v 1.4448 5.1069 8.3500
v 1.4348 5.6969 6.7300
v 1.4448 5.4769 6.6300
v 1.4448 5.2869 6.5300
v 1.4448 5.1069 6.3900
v 1.4448 4.7169 6.6400
v 1.4448 4.5869 6.3100
v 1.4548 4.4969 5.9700
v 1.4548 4.2769 5.8500
v 1.4548 4.0669 5.7200
v 1.4548 3.8569 5.5600
v 1.4548 3.6469 5.4500
v 1.4548 3.4769 5.3300
v 1.4648 3.2369 5.1700
v 1.4648 3.0069 5.0500
v 1.4648 2.8069 4.9100
v 1.4648 2.6269 4.7800
v 1.4648 2.3869 4.6400
v 1.4748 2.1669 4.5100
v 1.4748 1.9869 4.3900
v 1.4748 1.7969 4.2600
v 1.4748 1.5769 4.1600
v 1.4748 1.3469 4.0100
v 1.4848 1.1369 3.9100
v 1.4848 0.9569 3.7000
v 1.4848 0.7669 3.5800
v 1.4848 0.4969 3.5700
v 1.4848 0.2669 3.5400
v 1.4948 0.0069 3.5500
v 1.4948 -0.2431 3.5500
v 1.4948 -0.5231 3.5400
v 1.4948 -0.7931 3.5500
v 1.5048 -1.0131 3.5200
v 1.5048 -1.2831 3.4800
v 1.1748 12.2869 4.7300
v 1.1848 11.9869 4.9100
v 1.1848 11.6569 5.0800
v 1.1848 11.3269 5.3300
v 1.1948 10.9769 5.5300
v 1.1948 10.6669 5.7500
v 1.1948 10.3469 5.9200
v 1.1948 10.0069 6.1900
v 1.2048 9.6569 6.4100
v 1.2048 9.3169 6.6100
v 1.2048 8.9869 6.8000
v 1.2148 8.6469 7.0500
v 1.2148 8.3269 7.2100
v 1.2148 8.0169 7.3900
v 1.2148 7.6869 7.6200
v 1.2248 7.3869 7.8100
v 1.2248 7.0969 7.8800
v 1.2248 6.8169 7.9100
v 1.2348 5.4369 10.9900
v 1.2248 6.6969 7.5100
v 1.2348 6.5269 7.3400
v 1.2348 6.3369 7.2100
v 1.2348 6.1069 7.1000
v 1.2348 5.9269 6.9600
v 1.2348 5.7169 6.8400
v 1.2348 5.4969 6.7100
v 1.2448 5.2969 6.5800
v 1.2448 5.0869 6.4600
v 1.2448 4.8669 6.3600
v 1.2448 4.6669 6.2200
v 1.2448 4.4669 6.0500
v 1.2548 4.2469 5.9200
v 1.2548 4.0469 5.8100
v 1.2548 3.8369 5.6700
v 1.2548 3.6169 5.5300
v 1.2548 3.4069 5.4000
v 1.2648 3.2269 5.2600
v 1.2648 3.0269 5.1400
v 1.2648 2.7969 5.0100
v 1.2648 2.5869 4.8700
v 1.2648 2.3869 4.7400
v 1.2648 2.1769 4.6000
v 1.2748 1.9769 4.4900
v 1.2748 1.7569 4.3700
v 1.2748 1.5769 4.2400
v 1.2748 1.3369 4.1100
v 1.2748 1.1269 3.9700
v 1.2848 0.9069 3.8600
v 1.2848 0.7169 3.6300
v 1.2848 0.4669 3.6000
v 1.2848 0.2069 3.6000
v 1.2848 -0.0131 3.5100
v 1.2948 -0.2631 3.5800
v 1.2948 -0.5031 3.5600
v 1.2948 -0.7331 3.5500
v 1.2948 -0.9731 3.5200
v 1.3048 -1.2531 3.5500
v 1.0148 12.4069 4.5600
v 1.0148 12.0669 4.7700
v 1.0148 11.7269 4.9900
v 1.0248 11.4269 5.1900
v 1.0248 11.0669 5.4200
v 1.0248 10.7469 5.6100
v 1.0348 10.4269 5.8400
v 1.0348 10.1469 5.9900
v 1.0348 9.7769 6.2300
v 1.0448 9.4269 6.4300
v 1.0448 9.0869 6.6600
v 1.0448 8.7969 6.8400
v 1.0448 8.4669 7.0600
v 1.0548 8.1169 7.2600
v 1.0548 7.7869 7.4900
v 1.0548 7.4869 7.7000
v 1.0648 7.1569 7.8600
v 1.0648 6.9369 7.8000
v 1.0748 5.5069 11.0300
v 1.0648 6.7369 7.6300
v 1.0748 5.2969 10.8900
v 1.0648 6.5469 7.4500
v 1.0648 6.3469 7.3200
v 1.0648 6.1269 7.1900
v 1.0748 5.8969 7.0500
v 1.0748 5.6969 6.9200
v 1.0748 5.4969 6.8100
v 1.0748 5.2669 6.6900
v 1.0748 5.0669 6.5300
v 1.0848 4.8769 6.4000
v 1.0848 4.6669 6.3100
v 1.0848 4.4569 6.1500
v 1.0848 4.2369 6.0000
v 1.0848 4.0469 5.8900
v 1.0848 3.8369 5.7600
v 1.0948 3.6369 5.6100
v 1.0948 3.4069 5.5100
v 1.0948 3.2169 5.3600
v 1.0948 3.0369 5.2200
v 1.1048 2.8069 5.0800
v 1.1048 2.5769 4.9500
v 1.1048 2.3569 4.8200
v 1.1048 2.1669 4.7000
v 1.1048 1.9469 4.5400
v 1.1048 1.7469 4.4300
v 1.1148 1.5369 4.3200
v 1.1148 1.3469 4.1900
v 1.1148 1.1569 4.0800
v 1.1148 0.9369 3.9700
v 1.1148 0.7269 3.7900
v 1.1248 0.5569 3.6000
v 1.1248 0.3469 3.5700
v 1.1248 0.0869 3.5700
v 1.1248 -0.1531 3.5900
v 1.1248 -0.4131 3.5700
v 1.1348 -0.6331 3.5100
v 1.1348 -0.9031 3.5300
v 1.1348 -1.1831 3.6200
v 0.8048 12.4169 4.4400
v 0.8048 12.1269 4.6300
v 0.8148 11.7569 4.8600
v 0.8148 11.4169 5.0700
v 0.8148 11.0669 5.3000
v 0.8148 10.7669 5.5100
v 0.8248 10.4469 5.6700
v 0.8248 10.0869 5.9500
v 0.8248 9.7869 6.1100
v 0.8348 9.4669 6.3200
v 0.8348 9.1469 6.5000
v 0.8348 8.8069 6.7300
v 0.8348 8.4669 6.9300
v 0.8448 8.1469 7.1500
v 0.8448 7.8169 7.3500
v 0.8448 7.4669 7.5600
v 0.8548 7.1169 7.8000
v 0.8548 6.8669 7.7900
v 0.8648 5.4569 11.0000
v 0.8548 6.6569 7.6800
v 0.8648 5.2069 10.9600
v 0.8548 6.4569 7.5200
v 0.8548 6.2469 7.3700
v 0.8648 6.0569 7.2500
v 0.8648 5.8469 7.1500
v 0.8648 5.6269 7.0100
v 0.8648 5.4169 6.8700
v 0.8648 5.2169 6.7500
v 0.8748 5.0169 6.6100
v 0.8748 4.8069 6.5100
v 0.8748 4.5969 6.3600
v 0.8748 4.3969 6.2300
v 0.8748 4.1769 6.1000
v 0.8848 3.9669 5.9400
v 0.8848 3.7569 5.8000
v 0.8848 3.5369 5.6900
v 0.8848 3.3369 5.5400
v 0.8848 3.1269 5.4000
v 0.8948 2.9069 5.2700
v 0.8948 2.7269 5.1600
v 0.8948 2.5269 5.0200
v 0.8948 2.3269 4.9100
v 0.8948 2.1369 4.7800
v 0.8948 1.9069 4.6600
v 0.9048 1.7269 4.5200
v 0.9048 1.5369 4.4100
v 0.9048 1.3269 4.2800
v 0.9048 1.1269 4.1700
v 0.9048 0.9169 4.0400
v 0.9048 0.6969 3.9200
v 0.9148 0.5069 3.7500
v 0.9148 0.3069 3.6000
v 0.9148 0.0669 3.6300
v 0.9148 -0.1831 3.6000
v 0.9148 -0.4131 3.5500
v 0.9248 -0.6831 3.5600
v 0.9248 -0.9331 3.6300
v 0.9248 -1.1931 3.6700
v 0.5048 12.4169 4.3400
v 0.5048 12.1069 4.4800
v 0.5048 11.7569 4.7100
v 0.5148 11.4469 4.8900
v 0.5148 11.0969 5.1300
v 0.5148 10.7669 5.3500
v 0.5148 10.4469 5.5600
v 0.5248 10.0769 5.7600
v 0.5248 9.7469 5.9500
v 0.5248 9.4269 6.1900
v 0.5348 9.0869 6.3900
v 0.5348 8.7369 6.6100
v 0.5348 8.4269 6.7800
v 0.5348 8.1169 7.0100
v 0.5448 7.7869 7.2000
v 0.5448 7.4269 7.4200
v 0.5448 7.0869 7.6600
v 0.5548 6.7969 7.8300
v 0.5548 6.5469 7.7700
v 0.5648 5.1169 11.0300
v 0.5548 6.3369 7.6400
v 0.5648 4.9069 10.9100
v 0.5548 6.1469 7.4800
v 0.5548 5.9469 7.3700
v 0.5648 5.7369 7.2300
v 0.5648 5.5069 7.1000
v 0.5648 5.2869 6.9700
v 0.5648 5.0869 6.8300
v 0.5648 4.8869 6.7000
v 0.5748 4.6569 6.5500
v 0.5748 4.4469 6.4300
v 0.5748 4.2669 6.3100
v 0.5748 4.0769 6.1700
v 0.5748 3.8869 6.0200
v 0.5848 3.6769 5.9200
v 0.5848 3.4569 5.7900
v 0.5848 3.2969 5.6700
v 0.5848 3.0669 5.5400
v 0.5848 2.8669 5.4200
v 0.5848 2.6769 5.2700
v 0.5948 2.4769 5.1600
v 0.5948 2.2469 5.0200
v 0.5948 2.0369 4.8900
v 0.5948 1.8469 4.7700
v 0.5948 1.6669 4.6300
v 0.6048 1.4369 4.5100
v 0.6048 1.2269 4.3900
v 0.6048 1.0169 4.2600
v 0.6048 0.8269 4.1200
v 0.6048 0.6369 4.0300
v 0.6048 0.4069 3.8800
v 0.6148 0.1969 3.7000
v 0.6148 -0.0031 3.5700
v 0.6148 -0.2831 3.6200
v 0.6148 -0.5231 3.6600
v 0.6248 -0.8231 3.6700
v 0.6248 -1.0331 3.6100
v 0.6248 -1.0231 2.9400
v 0.6248 -1.0331 2.2600
v 0.6248 -1.0131 1.4200
v 0.6248 -1.0931 0.9200
v 0.2048 12.2369 4.2700
v 0.2148 11.8969 4.4700
v 0.2148 11.5769 4.6300
v 0.2148 11.2469 4.8700
v 0.2248 10.8969 5.1100
v 0.2248 10.5669 5.3100
v 0.2248 10.2469 5.5100
v 0.2348 9.9269 5.7000
v 0.2348 9.6069 5.8900
v 0.2348 9.2569 6.1100
v 0.2348 8.9369 6.3200
v 0.2448 8.5969 6.5300
v 0.2448 8.2769 6.7500
v 0.2448 7.9469 6.9300
v 0.2548 7.6269 7.1300
v 0.2548 7.3069 7.3100
v 0.2548 6.9569 7.5500
v 0.2648 6.5969 7.8300
v 0.2648 6.3469 7.7800
v 0.2748 4.9269 10.9700
v 0.2648 6.1269 7.6400
v 0.2748 4.6969 10.8900
v 0.2648 5.9269 7.4800
v 0.2648 5.7269 7.3700
v 0.2648 5.5469 7.2600
v 0.2748 5.3369 7.1200
v 0.2748 5.1469 7.0000
v 0.2748 4.9469 6.8900
v 0.2748 4.7369 6.7300
v 0.2748 4.5269 6.6400
v 0.2848 4.3369 6.5100
v 0.2848 4.1369 6.3600
v 0.2848 3.9469 6.2300
v 0.2848 3.7369 6.1100
v 0.2848 3.5069 5.9800
v 0.2848 3.3269 5.8600
v 0.2948 3.1169 5.7200
v 0.2948 2.9169 5.6200
v 0.2948 2.7169 5.4600
v 0.2948 2.5169 5.3400
v 0.2948 2.3069 5.1800
v 0.3048 2.1169 5.0700
v 0.3048 1.8969 4.9500
v 0.3048 1.6969 4.8100
v 0.3048 1.4669 4.7000
v 0.3048 1.2569 4.5500
v 0.3148 1.0469 4.4100
v 0.3148 0.8369 4.3000
v 0.3148 0.6269 4.1700
v 0.3148 0.4169 4.0500
v 0.3248 -0.2231 5.1900
v 0.3148 0.2169 3.9500
v 0.3248 -0.4131 5.0600
v 0.3148 0.0369 3.7800
v 0.3248 -0.2131 3.7400
v 0.3248 -0.4631 3.7200
v 0.3248 -0.6831 3.6600
v 0.3248 -0.6831 2.9400
v 0.3248 -0.6831 2.2300
v 0.3248 -0.6631 1.4300
v 0.3348 -1.3531 2.7400
v 0.3248 -0.7231 0.9400
v 0.3248 -0.9031 0.7400
v -0.0252 12.2069 4.1700
v -0.0252 11.8769 4.3600
v -0.0252 11.5869 4.5600
v -0.0152 11.2169 4.7900
v -0.0152 10.9169 4.9500
v -0.0152 10.5869 5.1900
v -0.0052 10.2569 5.3800
v -0.0052 9.9169 5.5800
v -0.0052 9.5669 5.8000
v 0.0048 9.2569 6.0100
v 0.0048 8.9069 6.1900
v 0.0048 8.5469 6.4300
v 0.0148 8.1869 6.6600
v 0.0148 7.9069 6.8500
v 0.0148 7.5869 7.0400
v 0.0148 7.2769 7.2100
v 0.0248 6.9569 7.4300
v 0.0248 6.6269 7.6800
v 0.0248 6.3069 7.8500
v 0.0248 6.0969 7.7600
v 0.0348 5.8869 7.6600
v 0.0348 5.7169 7.4900
v 0.0348 5.5069 7.3800
v 0.0348 5.3069 7.2400
v 0.0348 5.0869 7.0800
v 0.0448 4.8769 6.9700
v 0.0448 4.6969 6.8300
v 0.0448 4.5069 6.7200
v 0.0448 4.2769 6.5800
v 0.0448 4.0669 6.4600
v 0.0448 3.8569 6.3200
v 0.0548 3.6769 6.2000
v 0.0548 3.4569 6.0800
v 0.0548 3.2469 5.9400
v 0.0548 3.0369 5.7900
v 0.0548 2.8369 5.6600
v 0.0648 2.6169 5.5400
v 0.0648 2.4069 5.4200
v 0.0648 2.1969 5.2600
v 0.0648 2.0169 5.1700
v 0.0648 1.8069 5.0300
v 0.0748 1.6069 4.8900
v 0.0748 1.3869 4.7600
v 0.0748 1.1869 4.6400
v 0.0748 0.9669 4.5000
v 0.0748 0.7569 4.3800
v 0.0748 0.5769 4.2300
v 0.0848 0.3769 4.1400
v 0.0848 -0.2331 5.1000
v 0.0848 0.1569 4.0200
v 0.0848 -0.4631 5.0400
v 0.0848 -0.0631 3.9300
v 0.0848 -0.2631 3.7300
v 0.0848 -0.4331 3.6100
v 0.0848 -0.4031 2.7600
v 0.0848 -0.4231 2.0500
v 0.0848 -0.3631 1.2000
v 0.0948 -1.1831 2.7600
v 0.0848 -0.5331 0.9100
v 0.0948 -0.6731 0.5900
v -0.2652 12.2969 3.9900
v -0.2552 11.9469 4.2200
v -0.2552 11.5969 4.4500
v -0.2552 11.3069 4.5800
v -0.2452 10.9369 4.8700
v -0.2452 10.6269 5.0100
v -0.2452 10.2569 5.2500
v -0.2452 9.9469 5.4400
v -0.2352 9.6269 5.6500
v -0.2352 9.2969 5.8700
v -0.2352 9.0169 5.9800
v -0.2252 8.6969 6.2300
v -0.2252 8.3769 6.3900
v -0.2252 8.0369 6.6100
v -0.2152 7.6969 6.8800
v -0.2152 7.4069 7.0400
v -0.2152 7.1069 7.2000
v -0.2152 6.7669 7.4200
v -0.2052 6.3869 7.7200
v -0.2052 6.1069 7.8400
v -0.2052 5.8969 7.7600
v -0.1952 5.4269 8.4000
v -0.2052 5.6869 7.6600
v -0.1952 5.1569 8.3800
v -0.1952 5.4869 7.4800
v -0.1952 5.2769 7.4100
v -0.1952 5.0769 7.2200
v -0.1952 4.8869 7.1100
v -0.1952 4.7069 6.9600
v -0.1952 4.4669 6.8300
v -0.1852 4.2569 6.7100
v -0.1852 4.0769 6.5600
v -0.1852 3.8369 6.4600
v -0.1852 3.6269 6.3200
v -0.1852 3.4169 6.1600
v -0.1852 3.2369 6.0400
v -0.1752 3.0169 5.9200
v -0.1752 2.8269 5.7900
v -0.1752 2.6169 5.6600
v -0.1752 2.4069 5.5400
v -0.1752 2.1869 5.3900
v -0.1652 1.9969 5.2500
v -0.1652 1.7769 5.1500
v -0.1652 1.5869 4.9700
v -0.1652 1.3869 4.8700
v -0.1652 1.1869 4.7400
v -0.1552 0.9569 4.6100
v -0.1552 0.7769 4.5000
v -0.1552 0.5569 4.3800
v -0.1552 0.3169 4.2500
v -0.1552 0.1169 4.1400
v -0.1552 -0.0831 3.9900
v -0.1452 -0.2431 3.7000
v -0.1452 -0.1331 2.6200
v -0.1452 -0.1331 1.9500
v -0.1452 -0.1431 1.2700
v -0.1452 -0.9331 2.7400
v -0.1452 -0.2631 0.8300
v -0.1352 -1.1531 2.7000
v -0.5352 12.1969 4.2400
v -0.5352 11.9169 4.3400
v -0.5352 11.6169 4.4900
v -0.5252 11.2869 4.7300
v -0.5252 11.0169 4.8700
v -0.5252 10.6369 5.1200
v -0.5152 10.3469 5.2300
v -0.5152 10.0569 5.4100
v -0.5152 9.7569 5.6300
v -0.5152 9.4069 5.8900
v -0.5052 9.0569 6.0600
v -0.5052 8.7469 6.2400
v -0.5052 8.4369 6.4200
v -0.5052 8.1269 6.6500
v -0.4952 7.8169 6.7700
v -0.4952 7.5269 6.8500
v -0.4952 7.2469 6.9900
v -0.4852 6.8969 7.2000
v -0.4852 6.5769 7.4100
v -0.4852 6.2469 7.6100
v -0.4852 5.9269 7.8400
v -0.4752 5.4069 8.5300
v -0.4752 5.1369 8.5300
v -0.4752 5.0069 8.1600
v -0.4752 4.9969 7.5500
v -0.4652 4.8669 7.2200
v -0.4652 4.6469 7.1100
v -0.4652 4.4469 6.9700
v -0.4652 4.2569 6.8400
v -0.4652 4.0469 6.7100
v -0.4652 3.8469 6.5700
v -0.4552 3.6069 6.4500
v -0.4552 3.4169 6.3100
v -0.4552 3.2369 6.1900
v -0.4552 3.0169 6.0800
v -0.4552 2.8069 5.9200
v -0.4452 2.6069 5.8100
v -0.4452 2.4169 5.6900
v -0.4452 2.2169 5.5400
v -0.4452 1.9869 5.4100
v -0.4452 1.7669 5.2600
v -0.4452 1.5969 5.1400
v -0.4352 1.3769 4.9900
v -0.4352 1.1469 4.8700
v -0.4352 0.9269 4.7400
v -0.4352 0.7469 4.6400
v -0.4352 0.5169 4.5300
v -0.4252 0.2869 4.3800
v -0.4252 0.1069 4.2200
v -0.4252 0.2169 3.2800
v -0.4252 0.2269 2.5000
v -0.4252 0.1469 1.9600
v -0.4252 0.1469 1.2600
v -0.4252 0.1769 0.4700
v -0.4152 -0.8631 2.7300
v -0.4252 -0.2531 1.0000
v -0.4152 -1.0931 2.6700
v -0.4152 -1.3431 2.6400
v -0.7852 11.8969 4.5500
v -0.7852 11.5969 4.6500
v -0.7752 11.2369 4.9100
v -0.7752 10.9469 5.0700
v -0.7752 10.6469 5.2700
v -0.7652 10.3469 5.3900
v -0.7652 9.9869 5.6400
v -0.7652 9.6769 5.8600
v -0.7552 9.3269 6.0500
v -0.7552 9.0069 6.2600
v -0.7552 8.7169 6.4100
v -0.7552 8.3769 6.6200
v -0.7452 8.0369 6.8000
v -0.7452 7.7969 6.7500
v -0.7452 7.5569 6.7000
v -0.7452 7.2769 6.8300
v -0.7352 6.9269 7.0100
v -0.7352 6.6069 7.2500
v -0.7352 6.3069 7.4300
v -0.7252 5.9869 7.6600
v -0.7252 5.3969 8.5500
v -0.7252 5.1469 8.5000
v -0.7252 5.1269 7.8200
v -0.7252 4.9869 7.5400
v -0.7252 4.8169 7.3400
v -0.7152 4.6169 7.2000
v -0.7152 4.4169 7.0900
v -0.7152 4.2169 6.9600
v -0.7152 4.0169 6.8000
v -0.7152 3.7969 6.7000
v -0.7052 3.5969 6.5600
v -0.7052 3.3869 6.4100
v -0.7052 3.1769 6.3000
v -0.7052 2.9669 6.1700
v -0.7052 2.7469 6.0400
v -0.6952 2.5369 5.8800
v -0.6952 2.3369 5.7700
v -0.6952 2.1269 5.6300
v -0.6952 1.9169 5.4900
v -0.6952 1.7169 5.3500
v -0.6852 1.5269 5.2300
v -0.6852 1.3069 5.1100
v -0.6852 1.0869 4.9800
v -0.6852 0.8869 4.8900
v -0.6852 0.6669 4.7400
v -0.6852 0.4869 4.6100
v -0.6752 0.2769 4.4300
v -0.6852 0.4569 3.2400
v -0.6752 0.4669 2.4600
v -0.6852 0.4569 1.7300
v -0.6852 0.4869 0.9600
v -0.6752 0.3369 0.6000
v -0.6752 -0.0931 1.0500
v -0.6652 -0.9131 2.6900
v -0.6752 -0.3331 1.0500
v -0.6652 -1.1531 2.6400
v -0.6752 -0.5531 0.9200
v -0.9852 11.9169 4.7600
v -0.9852 11.6469 4.8000
v -0.9852 11.3269 5.0000
v -0.9752 11.0069 5.2000
v -0.9752 10.6669 5.3600
v -0.9752 10.3369 5.6100
v -0.9652 9.9969 5.7900
v -0.9652 9.6569 5.9800
v -0.9652 9.3569 6.2100
v -0.9652 9.0269 6.3800
v -0.9552 8.7069 6.5600
v -0.9552 8.3869 6.7400
v -0.9552 8.1469 6.7600
v -0.9552 7.9169 6.6800
v -0.9452 7.7069 6.5300
v -0.9452 7.3769 6.6600
v -0.9452 7.0869 6.8300
v -0.9352 6.7869 7.0300
v -0.9352 6.4469 7.2600
v -0.9352 6.1169 7.4300
v -0.9352 5.7969 7.6600
v -0.9252 5.4769 7.8400
v -0.9252 5.2669 7.8000
v -0.9252 5.0369 7.6500
v -0.9252 4.8369 7.4700
v -0.9252 4.6369 7.3500
v -0.9152 4.4469 7.2000
v -0.9152 4.2169 7.0700
v -0.9152 3.9969 6.9400
v -0.9152 3.8169 6.8200
v -0.9152 3.5969 6.7000
v -0.9052 3.3769 6.5600
v -0.9052 3.1769 6.4100
v -0.9052 2.9869 6.3000
v -0.9052 2.7669 6.1700
v -0.9052 2.5569 6.0200
v -0.8952 2.3469 5.8900
v -0.8952 2.1469 5.7700
v -0.8952 1.9469 5.6300
v -0.8952 1.7369 5.4900
v -0.8952 1.5369 5.3700
v -0.8952 1.3169 5.2500
v -0.8852 1.1069 5.1300
v -0.8852 0.8869 5.0000
v -0.8852 0.6669 4.8600
v -0.8852 0.5569 4.4200
v -0.8852 0.7269 3.9600
v -0.8852 0.6569 3.4400
v -0.8852 0.6269 2.8300
v -0.8852 0.6969 1.9500
v -0.8852 0.6969 1.2100
v -0.8852 0.6969 0.5800
v -0.8852 0.3469 0.9100
v -0.8752 0.0169 1.0600
v -0.8752 -0.2131 1.0200
v -0.8752 -0.3731 0.7900
v -0.8652 -1.2131 2.5700
v -1.1952 11.6069 5.0900
v -1.1952 11.3469 5.1700
v -1.1852 11.0169 5.3900
v -1.1852 10.6869 5.5600
v -1.1852 10.3869 5.7400
v -1.1752 10.0969 5.8600
v -1.1752 9.7569 6.1200
v -1.1752 9.4169 6.3000
v -1.1752 9.0869 6.4700
v -1.1652 8.7769 6.6700
v -1.1652 8.4969 6.7700
v -1.1652 8.2569 6.7000
v -1.1652 8.0569 6.5700
v -1.1552 7.8669 6.4500
v -1.1552 7.6169 6.4300
v -1.1552 7.3169 6.5800
v -1.1552 6.9769 6.8100
v -1.1452 6.6169 7.0400
v -1.1452 6.3169 7.2000
v -1.1452 5.9969 7.4000
v -1.1452 5.6469 7.6600
v -1.1352 5.3069 7.8200
v -1.1352 5.0669 7.7800
v -1.1352 4.8769 7.6400
v -1.1352 4.6669 7.4800
v -1.1252 4.4669 7.3300
v -1.1252 4.2769 7.2000
v -1.1252 4.0569 7.0800
v -1.1252 3.8569 6.9600
v -1.1252 3.6469 6.8200
v -1.1152 3.4269 6.6900
v -1.1152 3.2369 6.5500
v -1.1152 3.0269 6.4100
v -1.1152 2.8269 6.2800
v -1.1152 2.6069 6.1600
v -1.1152 2.3969 6.0100
v -1.1052 2.1769 5.8900
v -1.1052 1.9769 5.7700
v -1.1052 1.7469 5.6200
v -1.1052 1.5369 5.5000
v -1.1052 1.3369 5.4000
v -1.0952 1.1369 5.2700
v -1.0952 0.9469 5.1300
v -1.0952 0.7869 4.9100
v -1.0952 0.9469 3.7600
v -1.0952 0.8869 3.2000
v -1.0952 0.8669 2.5700
v -1.0952 0.9769 1.5500
v -1.0952 0.9669 0.9600
v -1.0952 0.9269 0.4200
v -1.0952 0.4469 0.9700
v -1.0852 0.1769 0.9900
v -1.0852 -0.0131 0.8500
v -1.0752 -1.3631 2.5400
v -1.4452 11.3669 5.4200
v -1.4452 11.0669 5.5400
v -1.4352 10.7869 5.6800
v -1.4352 10.4469 5.9000
v -1.4352 10.0969 6.1000
v -1.4252 9.8169 6.2300
v -1.4252 9.5169 6.4300
v -1.4252 9.1869 6.6300
v -1.4252 8.8669 6.7500
v -1.4152 8.6369 6.7300
v -1.4152 8.4169 6.5800
v -1.4152 8.2369 6.4900
v -1.4152 7.9869 6.3400
v -1.4152 7.7669 6.2200
v -1.4052 7.4669 6.3600
v -1.4052 7.1669 6.5100
v -1.4052 6.7969 6.7700
v -1.3952 6.4769 6.9600
v -1.3952 6.1769 7.1400
v -1.3952 5.8869 7.3500
v -1.3952 5.4969 7.5800
v -1.3852 5.1369 7.8300
v -1.3852 4.9369 7.7800
v -1.3852 4.7069 7.6600
v -1.3852 4.5169 7.5400
v -1.3752 4.2969 7.3500
v -1.3752 4.1169 7.2600
v -1.3752 3.9169 7.1200
v -1.3752 3.6769 6.9900
v -1.3752 3.4469 6.8500
v -1.3752 3.2469 6.7100
v -1.3652 3.0569 6.5600
v -1.3652 2.8169 6.4300
v -1.3652 2.6269 6.2800
v -1.3652 2.4369 6.1800
v -1.3652 2.2469 6.0600
v -1.3552 2.0469 5.9400
v -1.3552 1.8269 5.8200
v -1.3552 1.6169 5.6800
v -1.3552 1.4169 5.5800
v -1.3552 1.2369 5.4600
v -1.3552 1.0569 5.2500
v -1.3552 1.1969 4.1400
v -1.3552 1.2269 3.3700
v -1.3552 1.2369 2.6400
v -1.3552 1.2469 1.8600
v -1.3552 1.2269 1.2000
v -1.3552 1.2069 0.6300
v -1.3452 0.8269 1.0200
v -1.3452 0.5669 0.9900
v -1.3452 0.3469 0.8600
v -1.6652 11.2669 5.6500
v -1.6652 10.9469 5.7800
v -1.6652 10.6469 5.9200
v -1.6552 10.3269 6.1100
v -1.6552 9.9969 6.3000
v -1.6552 9.6569 6.5300
v -1.6552 9.3369 6.6700
v -1.6452 9.0669 6.7500
v -1.6452 8.8269 6.6800
v -1.6452 8.6169 6.5500
v -1.6452 8.4169 6.4100
v -1.6452 8.2169 6.2700
v -1.6352 8.0069 6.1600
v -1.6352 7.7769 6.0400
v -1.6352 7.4669 6.2500
v -1.6352 7.1369 6.4200
v -1.6252 6.8069 6.6600
v -1.6252 6.4869 6.8100
v -1.6252 6.1569 7.0500
v -1.6152 5.8269 7.2300
v -1.6152 5.4969 7.4400
v -1.6152 5.1269 7.7100
v -1.6152 4.8369 7.8000
v -1.6052 4.6069 7.7300
v -1.6052 4.3969 7.5700
v -1.6052 4.2069 7.4300
v -1.6052 3.9969 7.3200
v -1.6052 3.8269 7.1900
v -1.5952 3.6169 7.0600
v -1.5952 3.4169 6.9300
v -1.5952 3.1969 6.8100
v -1.5952 3.0069 6.6800
v -1.5952 2.8169 6.5200
v -1.5952 2.6169 6.4200
v -1.5852 2.4169 6.3000
v -1.5852 2.2069 6.1600
v -1.5852 1.9869 6.0200
v -1.5852 1.7869 5.9100
v -1.5852 1.5769 5.8100
v -1.5752 1.4169 5.6500
v -1.5752 1.2769 5.2800
v -1.5752 1.4969 4.6700
v -1.5752 1.5169 3.9100
v -1.5752 1.4669 3.3200
v -1.5752 1.4369 2.7100
v -1.5852 1.4769 1.9600
v -1.5752 1.4869 1.1500
v -1.5752 1.5469 0.2500
v -1.5752 1.0069 1.0100
v -1.8452 10.9969 5.9600
v -1.8452 10.6769 6.0800
v -1.8452 10.3769 6.2400
v -1.8352 10.0769 6.3900
v -1.8352 9.8169 6.4400
v -1.8352 9.4969 6.5400
v -1.8352 9.2169 6.6700
v -1.8252 8.9669 6.6500
v -1.8252 8.7569 6.4900
v -1.8252 8.5569 6.3600
v -1.8252 8.3369 6.2100
v -1.8252 8.1469 6.1000
v -1.8152 7.9369 5.9500
v -1.8152 7.6269 6.0900
v -1.8152 7.2969 6.2400
v -1.8152 6.9669 6.4500
v -1.8052 6.6269 6.6900
v -1.8052 6.2769 6.8700
v -1.8052 5.9769 7.0400
v -1.7952 5.6969 7.2400
v -1.7952 5.3669 7.4700
v -1.7952 5.0169 7.7000
v -1.7952 4.7269 7.8100
v -1.7852 4.5069 7.7600
v -1.7852 4.3169 7.6200
v -1.7852 4.1169 7.4900
v -1.7852 3.9069 7.3600
v -1.7852 3.7369 7.2400
v -1.7852 3.5069 7.1100
v -1.7752 3.2969 6.9500
v -1.7752 3.0969 6.8200
v -1.7752 2.9069 6.7000
v -1.7752 2.7069 6.5800
v -1.7752 2.5069 6.4400
v -1.7652 2.2869 6.3200
v -1.7652 2.0769 6.1900
v -1.7652 1.8869 6.0600
v -1.7652 1.6969 5.9400
v -1.7652 1.4969 5.7500
v -1.7652 1.6769 4.4500
v -1.7652 1.7569 3.5200
v -1.7652 1.6969 3.0100
v -1.7652 1.6669 2.3500
v -1.7652 1.6769 1.5900
v -1.7652 1.6869 0.8600
v -2.0652 10.8869 6.1600
v -2.0652 10.6469 6.1000
v -2.0652 10.3769 6.1600
v -2.0652 10.0869 6.2300
v -2.0552 9.7969 6.3400
v -2.0552 9.4969 6.4700
v -2.0552 9.1969 6.5700
v -2.0552 8.9769 6.4400
v -2.0452 8.7669 6.2800
v -2.0452 8.5669 6.1800
v -2.0452 8.3369 6.0500
v -2.0452 8.1269 5.9100
v -2.0452 7.9369 5.8000
v -2.0352 7.6669 5.9100
v -2.0352 7.3569 6.0800
v -2.0352 7.0569 6.2400
v -2.0352 6.7169 6.4400
v -2.0252 6.3969 6.6400
v -2.0252 6.0969 6.8500
v -2.0252 5.7769 7.0700
v -2.0252 5.4569 7.2300
v -2.0152 5.1269 7.4500
v -2.0152 4.7669 7.7200
v -2.0152 4.4969 7.8400
v -2.0052 4.2769 7.7500
v -2.0052 4.0869 7.6000
v -2.0052 3.8769 7.4700
v -2.0052 3.6969 7.3600
v -2.0052 3.4569 7.2100
v -2.0052 3.2669 7.0600
v -1.9952 3.0769 6.9500
v -1.9952 2.8869 6.8100
v -1.9952 2.6469 6.6800
v -1.9952 2.4269 6.5400
v -1.9952 2.2069 6.4300
v -1.9852 2.0069 6.3100
v -1.9852 1.8269 6.1000
v -1.9852 1.9769 4.9800
v -1.9852 1.9569 4.3700
v -1.9852 1.9369 3.7700
v -1.9852 1.9469 2.9600
v -1.9852 1.9369 2.2500
v -1.9852 1.9769 1.4200
v -1.9852 1.9269 0.9000
v -1.9852 1.3969 0.9200
v -2.3752 10.6469 6.0700
v -2.3752 10.3869 6.0400
v -2.3652 10.0869 6.1200
v -2.3652 9.8069 6.2300
v -2.3652 9.5269 6.3600
v -2.3652 9.2769 6.3900
v -2.3552 9.0869 6.2400
v -2.3552 8.8669 6.1400
v -2.3552 8.6869 6.0000
v -2.3552 8.4669 5.8800
v -2.3552 8.2669 5.7700
v -2.3452 8.0569 5.6700
v -2.3452 7.8169 5.6700
v -2.3452 7.5369 5.8200
v -2.3452 7.1469 6.0600
v -2.3352 6.8269 6.2500
v -2.3352 6.5369 6.3900
v -2.3352 6.2269 6.6400
v -2.3352 5.8669 6.8700
v -2.3252 5.5569 7.0200
v -2.3252 5.2269 7.2200
v -2.3252 4.9269 7.4300
v -2.3152 4.5869 7.6600
v -2.3152 4.2769 7.7700
v -2.3152 4.0469 7.6900
v -2.3152 3.8369 7.5700
v -2.3152 3.6169 7.4500
v -2.3052 3.4169 7.3200
v -2.3052 3.1869 7.2000
v -2.3052 3.0169 7.0600
v -2.3052 2.8069 6.9700
v -2.3052 2.5969 6.8600
v -2.2952 2.3769 6.7200
v -2.2952 2.1869 6.5500
v -2.2952 2.0769 6.1400
v -2.2952 2.3669 5.3200
v -2.2952 2.3169 4.7700
v -2.2952 2.2769 4.1900
v -2.2952 2.3169 3.3700
v -2.2952 2.1769 3.0900
v -2.2952 2.3069 2.0400
v -2.2952 2.3369 1.1900
v -2.2952 2.3069 0.5900
v -2.2952 1.6969 0.8600
v -2.6552 10.5269 6.0500
v -2.6552 10.2569 6.0200
v -2.6552 9.9969 6.0900
v -2.6552 9.6969 6.2200
v -2.6452 9.4469 6.2600
v -2.6452 9.2369 6.1300
v -2.6452 9.0269 5.9800
v -2.6452 8.8069 5.8600
v -2.6452 8.6269 5.7600
v -2.6352 8.4169 5.6200
v -2.6352 8.2269 5.5000
v -2.6352 7.9869 5.4200
v -2.6352 7.6969 5.5900
v -2.6252 7.3469 5.7600
v -2.6252 7.0569 5.9200
v -2.6252 6.7269 6.1400
v -2.6252 6.3869 6.3900
v -2.6152 6.0369 6.6000
v -2.6152 5.7069 6.8100
v -2.6152 5.3869 6.9800
v -2.6052 5.0569 7.2000
v -2.6052 4.7169 7.4100
v -2.6052 4.3969 7.6600
v -2.6052 4.1769 7.5600
v -2.6052 3.9769 7.4500
v -2.5952 3.7669 7.3200
v -2.5952 3.5569 7.2200
v -2.5952 3.3269 7.0900
v -2.5952 3.1169 6.9900
v -2.5852 2.9069 6.9000
v -2.5852 2.6869 6.8000
v -2.5852 2.4769 6.7200
v -2.5852 2.2569 6.6500
v -2.5852 2.6669 5.4900
v -2.5852 2.6369 4.8300
v -2.5852 2.6469 4.1700
v -2.5852 2.6069 3.5400
v -2.5852 2.4569 3.1900
v -2.5952 2.9069 1.9400
v -2.5852 2.7569 1.6400
v -2.5852 2.7069 1.1300
v -2.5852 2.5969 0.6300
v -2.8752 10.2869 6.0200
v -2.8652 10.0569 6.0300
v -2.8652 9.7269 6.1600
v -2.8652 9.4869 6.1200
v -2.8652 9.3069 5.9800
v -2.8652 9.0869 5.8700
v -2.8552 8.8869 5.7300
v -2.8552 8.6569 5.6100
v -2.8552 8.4769 5.4700
v -2.8552 8.2269 5.3700
v -2.8552 7.9869 5.2900
v -2.8452 7.6869 5.4600
v -2.8452 7.3669 5.6300
v -2.8452 7.0569 5.8100
v -2.8352 6.7369 6.0400
v -2.8352 6.3969 6.2500
v -2.8352 6.0869 6.4000
v -2.8352 5.7669 6.6000
v -2.8252 5.4169 6.8400
v -2.8252 5.1069 7.0300
v -2.8252 4.7669 7.2600
v -2.8152 4.4269 7.5300
v -2.8152 4.2069 7.4600
v -2.8152 4.0069 7.3300
v -2.8152 3.7769 7.2100
v -2.8152 3.5769 7.1100
v -2.8052 3.3669 6.9700
v -2.8052 3.1369 6.8800
v -2.8052 2.9269 6.8000
v -2.8052 2.7069 6.6800
v -2.8052 2.9169 5.3700
v -2.8052 2.8969 4.6800
v -2.8052 2.8669 4.0600
v -2.8052 2.8669 3.3700
v -2.8052 2.9569 2.3800
v -2.8052 2.9069 1.8300
v -2.8052 2.9169 1.0900
v -2.8052 2.8869 0.5300
v -2.7952 2.2269 0.8900
v -3.0852 10.1669 6.0200
v -3.0752 9.8869 6.0700
v -3.0752 9.6469 6.0500
v -3.0752 9.4169 5.9100
v -3.0752 9.2169 5.8000
v -3.0752 9.0169 5.6500
v -3.0652 8.8169 5.5400
v -3.0652 8.6069 5.4100
v -3.0652 8.4169 5.2600
v -3.0652 8.1969 5.1500
v -3.0652 7.9069 5.2400
v -3.0552 7.5869 5.3800
v -3.0552 7.2869 5.5600
v -3.0552 6.9669 5.7400
v -3.0452 6.6269 5.9800
v -3.0452 6.3369 6.1400
v -3.0452 6.0069 6.3800
v -3.0452 5.6669 6.5800
v -3.0352 5.3469 6.7800
v -3.0352 5.0369 6.9500
v -3.0352 4.6769 7.1700
v -3.0252 4.3469 7.4200
v -3.0252 4.1469 7.2800
v -3.0252 3.9269 7.1400
v -3.0252 3.7069 7.0300
v -3.0252 3.4969 6.9500
v -3.0152 3.2769 6.8200
v -3.0152 3.0469 6.7500
v -3.0152 3.1769 5.7200
v -3.0152 3.1669 5.0500
v -3.0152 3.1269 4.4200
v -3.0152 3.1369 3.6600
v -3.0152 3.1469 2.9600
v -3.0152 3.1669 2.1400
v -3.0152 3.1769 1.4600
v -3.0152 3.1369 0.8500
v -3.0152 2.6269 0.9100
v -3.0152 2.4369 0.6300
v -3.3352 9.8969 6.0500
v -3.3352 9.6969 5.9200
v -3.3252 9.4769 5.7600
v -3.3252 9.2669 5.6400
v -3.3252 9.0769 5.5200
v -3.3252 8.8669 5.3900
v -3.3252 8.6669 5.2400
v -3.3252 8.4569 5.1400
v -3.3152 8.2369 5.0200
v -3.3152 8.0069 5.0200
v -3.3152 7.6869 5.1900
v -3.3152 7.3269 5.4100
v -3.3052 7.0069 5.6100
v -3.3052 6.6869 5.8000
v -3.3052 6.3469 6.0200
v -3.2952 5.9969 6.2100
v -3.2952 5.6769 6.4200
v -3.2952 5.3569 6.6100
v -3.2852 5.0169 6.8500
v -3.2852 4.6969 7.0600
v -3.2852 4.3669 7.2600
v -3.2852 4.1469 7.1500
v -3.2752 3.9569 7.0000
v -3.2752 3.7369 6.9100
v -3.2752 3.4869 6.8200
v -3.2752 3.2969 6.7400
v -3.2752 3.4669 5.5400
v -3.2752 3.4569 4.9500
v -3.2752 3.4369 4.1700
v -3.2752 3.3969 3.5900
v -3.2752 3.4269 2.8300
v -3.2752 3.4269 2.0300
v -3.2752 3.4069 1.3100
v -3.2752 3.4069 0.5700
v -3.2652 2.8369 0.8700
v -3.5652 9.7669 5.8600
v -3.5652 9.5969 5.7100
v -3.5652 9.3669 5.5200
v -3.5552 9.1569 5.3900
v -3.5552 8.9569 5.2700
v -3.5552 8.7369 5.1400
v -3.5552 8.5269 5.0100
v -3.5552 8.3069 4.8900
v -3.5452 8.0669 4.8900
v -3.5452 7.7369 5.0500
v -3.5452 7.4069 5.2300
v -3.5352 7.1069 5.4100
v -3.5352 6.8069 5.6000
v -3.5352 6.4569 5.8100
v -3.5352 6.1069 6.0500
v -3.5252 5.8069 6.2200
v -3.5252 5.4869 6.3800
v -3.5252 5.1469 6.6600
v -3.5152 4.8069 6.8800
v -3.5152 4.4869 7.1000
v -3.5152 4.2369 7.0600
v -3.5152 4.0169 6.9300
v -3.5152 3.7869 6.8100
v -3.5052 3.5769 6.7100
v -3.5052 3.7269 5.5500
v -3.5052 3.6769 4.9300
v -3.5052 3.7069 4.2300
v -3.5052 3.7169 3.4900
v -3.5052 3.6669 2.9400
v -3.5052 3.6769 2.2400
v -3.5052 3.6969 1.5300
v -3.5052 3.6869 0.7700
v -3.5052 3.0169 0.6700
v -3.7552 9.5269 5.5500
v -3.7552 9.3169 5.3500
v -3.7452 9.0869 5.2000
v -3.7452 8.8969 5.1200
v -3.7452 8.6969 4.9600
v -3.7452 8.4869 4.8500
v -3.7452 8.2769 4.6800
v -3.7352 7.9869 4.7800
v -3.7352 7.6569 4.9700
v -3.7352 7.3469 5.1600
v -3.7352 7.0069 5.3700
v -3.7252 6.6969 5.5500
v -3.7252 6.3569 5.7800
v -3.7252 6.0369 5.9500
v -3.7152 5.6869 6.1700
v -3.7152 5.3469 6.3900
v -3.7152 5.0069 6.5800
v -3.7052 4.6469 6.8900
v -3.7052 4.3569 7.0300
v -3.7052 4.1569 6.9000
v -3.7052 3.9569 6.7800
v -3.7052 3.7469 6.7000
v -3.7052 3.9569 5.4900
v -3.7052 3.9169 4.8100
v -3.7052 3.9069 4.1100
v -3.7052 3.9169 3.4700
v -3.7052 3.9369 2.7700
v -3.7052 3.9269 2.0800
v -3.7052 3.9269 1.3300
v -3.7052 3.8869 0.7000
v -3.6952 3.3469 0.8600
v -3.6952 3.1769 0.6500
v -3.9552 9.3169 5.2500
v -3.9452 9.1269 5.1000
v -3.9452 8.9269 4.9700
v -3.9452 8.7069 4.8400
v -3.9452 8.4969 4.7100
v -3.9452 8.2769 4.5900
v -3.9352 7.9769 4.7000
v -3.9352 7.6669 4.8800
v -3.9352 7.3269 5.0500
v -3.9252 6.9569 5.3400
v -3.9252 6.6669 5.4900
v -3.9252 6.3469 5.6800
v -3.9252 6.0569 5.8300
v -3.9152 5.7269 6.0400
v -3.9152 5.4369 6.2500
v -3.9152 5.0869 6.4500
v -3.9052 4.7469 6.6800
v -3.9052 4.4469 6.8900
v -3.9052 4.2369 6.8300
v -3.9052 4.0269 6.7100
v -3.9052 3.9169 6.3200
v -3.9052 4.1869 5.5600
v -3.9052 4.1669 4.8600
v -3.9052 4.1369 4.2900
v -3.9052 4.1369 3.6100
v -3.9052 4.1369 2.9400
v -3.9052 4.1869 2.0500
v -3.9052 4.1369 1.5000
v -3.9052 4.1469 0.7400
v -3.8952 3.4169 0.6700
v -4.1852 9.2069 5.0600
v -4.1852 9.0269 4.9100
v -4.1852 8.8069 4.7200
v -4.1752 8.6069 4.6200
v -4.1752 8.3969 4.4900
v -4.1752 8.1969 4.4600
v -4.1752 7.8969 4.5900
v -4.1752 7.5669 4.7900
v -4.1652 7.2269 5.0100
v -4.1652 6.9369 5.2000
v -4.1652 6.6269 5.3500
v -4.1552 6.2969 5.5900
v -4.1552 5.9769 5.7700
v -4.1552 5.6669 5.9300
v -4.1452 5.3269 6.1900
v -4.1452 5.0169 6.4100
v -4.1452 4.6569 6.6400
v -4.1452 4.3569 6.8200
v -4.1452 4.1469 6.7000
v -4.1452 4.4869 5.7700
v -4.1452 4.4369 5.2600
v -4.1452 4.3769 4.5800
v -4.1452 4.4469 3.7500
v -4.1452 4.4069 3.2300
v -4.1452 4.3869 2.5400
v -4.1452 4.4169 1.7400
v -4.1452 4.3969 1.0200
v -4.1452 4.3769 0.3600
v -4.3852 9.0269 4.7700
v -4.3852 8.8269 4.6100
v -4.3852 8.6369 4.4900
v -4.3752 8.4369 4.3700
v -4.3752 8.1969 4.3600
v -4.3752 7.8869 4.4900
v -4.3752 7.5369 4.7200
v -4.3652 7.2369 4.9100
v -4.3652 6.9269 5.0900
v -4.3652 6.6169 5.2600
v -4.3652 6.2569 5.5200
v -4.3552 5.9569 5.6900
v -4.3552 5.6169 5.8900
v -4.3552 5.2869 6.1300
v -4.3452 4.9869 6.3200
v -4.3452 4.6669 6.4800
v -4.3452 4.4269 6.4100
v -4.3452 4.6969 5.6700
v -4.3452 4.6569 5.0100
v -4.3452 4.6469 4.3000
v -4.3452 4.6369 3.6800
v -4.3452 4.6469 2.9100
v -4.3452 4.6469 2.2500
v -4.3452 4.6669 1.5000
v -4.3452 4.6669 0.8400
v -4.3452 4.6169 0.2500
v -4.3352 3.9269 0.7600
v -4.5552 8.9369 4.5500
v -4.5552 8.7269 4.4600
v -4.5552 8.5369 4.3000
v -4.5452 8.3169 4.2000
v -4.5452 7.9969 4.3500
v -4.5452 7.7169 4.5500
v -4.5452 7.3969 4.7500
v -4.5352 7.0469 4.9200
v -4.5352 6.6869 5.1700
v -4.5352 6.3669 5.3500
v -4.5352 6.0669 5.5200
v -4.5252 5.7269 5.7300
v -4.5252 5.3669 5.9700
v -4.5252 5.0669 6.1500
v -4.5152 4.7969 6.3000
v -4.5152 4.8669 5.4000
v -4.5152 4.8169 4.7300
v -4.5152 4.8069 4.0700
v -4.5152 4.8669 3.1600
v -4.5152 4.8769 2.4800
v -4.5152 4.8269 1.8900
v -4.5152 4.8569 1.1200
v -4.5152 4.8169 0.5200
v -4.5152 4.1969 0.8600
v -4.7852 8.5969 4.2000
v -4.7752 8.3969 4.0400
v -4.7752 8.1069 4.1700
v -4.7752 7.7569 4.3900
v -4.7752 7.4569 4.5300
v -4.7652 7.1369 4.7600
v -4.7652 6.8469 4.9300
v -4.7652 6.4969 5.1400
v -4.7552 6.1569 5.3500
v -4.7552 5.8269 5.5300
v -4.7552 5.5069 5.7600
v -4.7552 5.1869 5.9900
v -4.7552 5.1469 5.3400
v -4.7552 5.1669 4.6200
v -4.7452 5.1169 4.0700
v -4.7452 5.1269 3.3600
v -4.7452 5.1069 2.7600
v -4.7452 5.1369 1.8800
v -4.7452 5.1669 1.0600
v -4.7452 5.1169 0.5500
v -4.7452 4.4969 0.8100
v -4.7452 4.3869 0.3600
v -5.1052 8.2269 3.9900
v -5.1052 7.9069 4.1100
v -5.0952 7.5969 4.2600
v -5.0952 7.2669 4.5000
v -5.0952 6.9669 4.6700
v -5.0952 6.6469 4.8800
v -5.0852 6.3169 5.0800
v -5.0852 5.9569 5.3300
v -5.0852 5.6769 5.5000
v -5.0752 5.4269 5.4800
v -5.0752 5.5269 4.4000
v -5.0752 5.5169 3.7400
v -5.0752 5.4869 3.1300
v -5.0852 5.5369 2.2800
v -5.0752 5.4869 1.6600
v -5.0752 5.5069 0.9100
v -5.0752 4.7869 0.7900
v -5.3952 8.1269 4.0000
v -5.3952 7.8369 4.0200
v -5.3952 7.5069 4.2100
v -5.3852 7.1969 4.3900
v -5.3852 6.8669 4.5800
v -5.3852 6.5069 4.8200
v -5.3852 6.1769 5.0400
v -5.3752 5.8669 5.2100
v -5.3752 5.8669 4.4700
v -5.3752 5.8569 3.7200
v -5.3752 5.8669 3.0900
v -5.3752 5.8069 2.5500
v -5.3752 5.8469 1.7400
v -5.3752 5.8369 0.9800
v -5.3752 5.7469 0.5600
v -5.3752 5.1269 0.8900
v -5.6052 7.9769 4.0000
v -5.6052 7.7269 3.9900
v -5.6052 7.4269 4.1400
v -5.5952 7.0969 4.3400
v -5.5952 6.7769 4.5300
v -5.5952 6.4269 4.7300
v -5.5952 6.1269 4.9300
v -5.5952 6.1669 4.0700
v -5.5852 6.0869 3.6400
v -5.5852 6.0769 2.9000
v -5.5952 6.1169 2.1400
v -5.5852 6.0669 1.5300
v -5.5852 5.9969 0.9600
v -5.5852 5.6469 0.5000
v -5.8052 7.7169 3.9900
v -5.8052 7.4269 4.0600
v -5.8052 7.1469 4.2000
v -5.8052 6.7669 4.4400
v -5.7952 6.4269 4.6400
v -5.7952 6.2069 4.5600
v -5.7952 6.3469 3.4700
v -5.7952 6.2869 2.8900
v -5.7952 6.3369 2.0000
v -5.7952 6.3269 1.3600
v -5.7952 6.1669 1.1400
v -5.7952 5.9869 1.0000
v -5.7952 5.7669 0.9100
v -6.0652 7.3869 4.0000
v -6.0652 7.0969 4.1300
v -6.0552 6.7869 4.2900
v -6.0552 6.4969 4.3800
v -6.0552 6.6169 3.4200
v -6.0552 6.6069 2.8100
v -6.0552 6.6369 1.9900
v -6.0552 6.5969 1.3600
v -6.0552 6.5469 0.8600
v -6.0552 6.2769 1.0000
v -6.0552 6.0369 0.9500
v -6.3152 7.3969 3.9700
v -6.3152 7.1669 3.9800
v -6.3152 6.8469 4.1300
v -6.3152 6.6169 4.0900
v -6.3152 6.7869 2.8800
v -6.3152 6.7869 2.1500
v -6.3152 6.7669 1.5300
v -6.3152 6.7769 0.8500
v -6.3052 6.2869 0.8200
v -6.5252 7.1769 3.8900
v -6.5252 6.9069 3.9300
v -6.5252 6.4969 0.8400
v -6.7252 6.7269 0.8400
v -7.5052 -0.9931 6.3600
v -7.5052 -1.2131 6.3500
v -7.8252 -0.8931 6.2800
v -7.8252 -1.1331 6.2800
v -7.8252 -1.3331 6.1200
v -8.1152 -0.5831 6.3100
v -8.1152 -0.8431 6.2900
v -8.1152 -1.0431 6.1200
v -8.1152 -1.2831 6.0300
v -8.3352 -0.2431 6.3200
v -8.3252 -0.4631 6.3300
v -8.3252 -0.6931 6.2100
v -8.3252 -0.9131 6.0900
v -8.3252 -1.1331 6.0400
v -8.5452 -0.0631 6.3300
v -8.5352 -0.3231 6.3100
v -8.5352 -0.5231 6.1800
v -8.5352 -0.7431 6.0700
v -8.5352 -0.9831 6.0400
v -8.5352 -1.2631 6.0500
v -8.8152 0.2369 6.3400
v -8.8152 -0.0331 6.3300
v -8.8152 -0.2231 6.1300
v -8.8052 -0.4531 6.0800
v -8.8052 -0.6831 6.0700
v -8.8052 -0.9331 6.0600
v -8.8052 -1.2031 6.0500
v -9.0852 0.5969 6.3400
v -9.0852 0.3469 6.3400
v -9.0852 0.1369 6.2200
v -9.0852 -0.0731 6.1200
v -9.0752 -0.3431 6.1100
v -9.0752 -0.5731 6.0700
v -9.0752 -0.8231 6.0800
v -9.0752 -1.0931 6.0500
v -9.0652 -1.3531 6.0500
v -9.3152 0.7969 6.3300
v -9.3052 0.5269 6.3100
v -9.3052 0.2869 6.2200
v -9.3052 0.0669 6.1000
v -9.3052 -0.1731 6.0900
v -9.3052 -0.4331 6.0800
v -9.2952 -0.6831 6.0800
v -9.2952 -0.9231 6.0700
v -9.2952 -1.1531 6.0200
v -9.5252 1.2069 6.3500
v -9.5252 0.9869 6.3300
v -9.5252 0.7369 6.3200
v -9.5152 0.5469 6.1700
v -9.5152 0.3269 6.1500
v -9.5152 0.1069 6.1100
v -9.5152 -0.1631 6.0800
v -9.5152 -0.4131 6.1100
v -9.5052 -0.6531 6.1000
v -9.5052 -0.8831 6.0800
v -9.5052 -1.1131 6.0900
v -9.7652 1.3269 6.3800
v -9.7652 1.1169 6.3200
v -9.7552 0.9269 6.2500
v -9.7552 0.6869 6.1400
v -9.7552 0.4669 6.0900
v -9.7552 0.2169 6.1100
v -9.7452 -0.0431 6.1000
v -9.7452 -0.2831 6.0800
v -9.7452 -0.5331 6.0800
v -9.7452 -0.7531 6.0700
v -9.7452 -1.0131 6.0800
v -9.7352 -1.2631 6.0700
v -9.9752 1.5469 6.3600
v -9.9752 1.3369 6.2700
v -9.9652 1.1069 6.2600
v -9.9652 0.8669 6.1700
v -9.9652 0.6369 6.1400
v -9.9652 0.3769 6.1300
v -9.9652 0.1469 6.1100
v -9.9552 -0.1031 6.1200
v -9.9552 -0.3631 6.1300
v -9.9552 -0.6031 6.0600
v -9.9552 -0.8731 6.1000
v -9.9452 -1.1331 6.0700
v -9.9452 -1.3731 6.0700
v -10.1652 1.8869 6.3600
v -10.1652 1.6269 6.3800
v -10.1552 1.4169 6.2700
v -10.1552 1.1769 6.1800
v -10.1552 0.9069 6.1400
v -10.1552 0.6669 6.1300
v -10.1552 0.4369 6.1400
v -10.1452 0.1769 6.1300
v -10.1452 -0.0631 6.1300
v -10.1452 -0.3031 6.1000
v -10.1452 -0.5331 6.1100
v -10.1452 -0.8031 6.0800
v -10.1352 -1.0731 6.0700
v -10.1352 -1.3231 6.0700
v -10.3952 0.8569 6.1800
v -10.3952 0.6169 6.1600
v -10.3952 0.3469 6.1300
v -10.3952 0.0869 6.1400
v -10.3852 -0.1531 6.1200
v -10.3852 -0.3931 6.1000
v -10.3852 -0.6431 6.0900
v -10.3852 -0.8831 6.0900
v -10.3852 -1.1231 6.1000
f 12797 2176 2182
f 10243 10244 2172
f 10241 12788 2176
f 12789 12788 10241
f 5734 12182 312
f 4873 5734 312
f 2272 10072 13093
f 10100 12998 13093
f 10072 10100 13093
f 4873 4843 4813
f 2177 12789 10241
f 10244 12796 2172
f 12789 12796 10244
f 12796 2177 10240
f 2177 12796 12789
f 2176 2171 10245
f 12788 2171 2176
f 2171 12788 12789
f 2171 10244 10245
f 2171 12789 10244
f 12986 9988 10002
f 2255 9201 12995
f 12998 9968 13093
f 1576 5734 4873
f 1576 4813 5791
f 1576 4873 4813
f 13193 2272 13093
f 2272 13193 2470
f 12998 12863 12878
f 10100 12863 12998
f 12587 4873 312
f 12587 4843 4873
f 7121 7346 3796
f 6962 6963 6568
f 9342 13567 12995
f 9201 9342 12995
f 10168 12894 12911
f 10147 12926 12911
f 10047 13051 13034
f 13051 10047 10002
f 5588 11264 11265
f 5545 11340 5526
f 11340 1787 5526
f 6504 12863 10100
f 6531 10181 865
f 10181 6504 865
f 6504 10181 12863
f 10252 6525 933
f 12182 5011 312
f 15529 12748 12743
f 15529 15528 15524
f 7346 4261 3796
f 6568 6980 438
f 6963 6980 6568
f 2216 9201 2255
f 10047 12940 12953
f 13124 12994 12995
f 12986 12994 9988
f 12994 13124 9988
f 12994 10108 12993
f 13567 13513 12995
f 13513 9665 12995
f 9707 13237 12995
f 9665 9707 12995
f 13237 9824 12995
f 9824 13124 12995
f 10001 13051 10002
f 10001 13052 13051
f 12926 2258 12911
f 11339 1766 5547
f 5527 11339 5547
f 1787 5527 5526
f 11339 5527 1787
f 2614 9668 13410
f 13317 13275 9748
f 10056 2272 2470
f 11008 9827 9902
f 9409 11008 9902
f 13512 9409 9902
f 13461 13458 9528
f 13275 13461 2470
f 13461 10056 2470
f 6531 847 6535
f 847 10246 6535
f 10246 847 848
f 6464 10339 6516
f 1048 6292 933
f 10393 1048 933
f 1106 6263 6292
f 1048 10455 6292
f 6448 10339 6464
f 1548 1576 5791
f 9408 9827 11008
f 4874 12587 312
f 12754 12755 6536
f 4783 12755 12756
f 556 7247 7220
f 6893 7247 556
f 6650 15479 6680
f 10243 2173 10242
f 12791 2173 10243
f 12790 10243 2172
f 12796 12790 2172
f 12790 12796 10240
f 12799 12790 10240
f 12820 12813 10210
f 2177 10232 10240
f 10232 12799 10240
f 6993 6962 6568
f 15425 6963 6962
f 12833 2190 10210
f 12841 10188 12856
f 10148 10149 10138
f 10106 2257 12995
f 2257 10106 12993
f 12994 10106 12995
f 10106 12994 12993
f 12992 2257 12993
f 10108 12992 12993
f 10107 12994 12986
f 10107 10108 12994
f 10131 12938 12922
f 12940 12938 12953
f 12938 10131 12953
f 9044 3090 9201
f 3090 9124 9201
f 13052 2336 2334
f 2336 13052 10001
f 13051 10029 13034
f 13052 10029 13051
f 2505 13275 2470
f 13092 9968 9969
f 2371 13092 9969
f 13092 2371 9968
f 13063 10019 13044
f 10147 2237 12926
f 10168 12996 12878
f 12996 10168 12911
f 2258 12996 12911
f 5169 5148 12182
f 11227 1724 5586
f 11226 11227 5610
f 11227 11226 1724
f 5545 1704 1768
f 1704 21 43
f 1704 5545 21
f 11105 1650 5661
f 1700 11186 5610
f 1676 11105 5661
f 11105 5660 1651
f 1676 5660 11105
f 5660 1676 11147
f 2083 5295 5526
f 5295 11889 5526
f 5358 2061 2083
f 11648 14991 11661
f 2614 13361 9668
f 9708 13317 9748
f 13361 9708 9668
f 2272 2273 10072
f 9582 2693 13452
f 2693 9582 13502
f 11042 9052 11008
f 10009 13512 9902
f 6321 1048 6322
f 6321 10455 1048
f 6263 1135 6205
f 931 10334 10319
f 10973 1548 5791
f 1650 5688 1623
f 5962 10839 10813
f 5126 5011 12182
f 12629 4851 363
f 12757 12766 12761
f 12766 12757 12748
f 12764 12763 12761
f 12760 12757 12761
f 12746 12745 12743
f 12745 12744 12743
f 6642 12599 747
f 12753 12754 6537
f 12742 15529 12743
f 15110 6928 15072
f 15319 7148 15295
f 7148 15319 7171
f 15319 7170 7171
f 7170 15319 15295
f 7083 6790 7194
f 7083 7148 15341
f 15295 7083 7194
f 7148 7083 15295
f 756 6993 6568
f 6993 756 7062
f 756 6659 6688
f 746 6644 12597
f 635 15452 6783
f 659 15452 6784
f 15452 635 6784
f 12496 12545 715
f 699 756 6688
f 699 7083 7062
f 756 699 7062
f 10239 12791 10243
f 12790 10239 10243
f 12808 12813 12820
f 2173 12792 10242
f 12797 10233 2176
f 10233 10241 2176
f 12810 10233 12797
f 10233 12810 10223
f 10222 12811 10212
f 7487 14992 4263
f 14992 7487 4261
f 7054 7076 7121
f 7121 4502 7346
f 4502 15146 7346
f 4502 15179 15146
f 12827 10198 10209
f 2190 12827 10209
f 12827 2190 12833
f 10187 12841 12856
f 10224 12797 2182
f 10224 12810 12797
f 2201 2216 12850
f 2216 2201 2182
f 10188 12855 12856
f 10149 12923 10138
f 10138 12923 12940
f 2236 10150 12922
f 10150 2236 10149
f 2236 12923 10149
f 10159 12914 12907
f 12914 10148 12907
f 12914 10149 10148
f 12912 10150 10149
f 10204 2200 12834
f 12908 2237 10147
f 2237 12908 10148
f 12909 10147 12911
f 12909 12908 10147
f 10181 12862 12863
f 10109 12992 10108
f 12992 10109 2257
f 10109 2255 12995
f 2257 10109 12995
f 4261 4161 3796
f 13124 9961 9988
f 2515 9824 13237
f 9589 13444 2688
f 13444 9589 13445
f 13309 13353 9676
f 2564 9764 13299
f 2564 13300 9764
f 13300 2564 9724
f 9764 13258 13299
f 2531 9758 13265
f 9798 2531 9799
f 9762 13302 13261
f 13302 2565 13346
f 9722 2566 13303
f 2566 9722 13347
f 9722 13302 13346
f 13263 2531 9798
f 9999 13053 2337
f 10073 10057 12998
f 13313 9712 9751
f 9787 13234 2470
f 13234 2505 2470
f 13274 13234 9787
f 13234 13274 2505
f 9789 2536 9751
f 9828 9787 2470
f 13193 9828 2470
f 13089 13085 13114
f 10057 2344 12998
f 2344 9968 12998
f 9968 2344 9969
f 2343 13063 9991
f 9716 9755 13268
f 9716 13309 9676
f 9943 13119 2393
f 9943 9942 2369
f 9942 9971 2369
f 9970 9971 9941
f 2344 9970 9969
f 9971 9970 2344
f 2370 2371 9969
f 2370 9938 2371
f 12924 10148 10138
f 12924 2237 10148
f 2237 12924 12926
f 12924 12940 12926
f 12924 10138 12940
f 13004 12996 2258
f 7196 7170 15295
f 7195 15295 7194
f 7222 7195 7194
f 7195 7196 15295
f 15226 7228 4523
f 15195 4491 7256
f 15195 7255 4491
f 15226 15195 7256
f 7255 15195 15226
f 4492 15227 7254
f 15227 4492 7255
f 7255 4492 4491
f 4491 4490 7256
f 65 5148 5169
f 5148 65 12140
f 11226 5611 11225
f 11186 5611 5610
f 5611 11226 5610
f 5588 1723 11264
f 11226 1723 5588
f 1723 11226 11225
f 5589 11225 11224
f 1723 5589 11264
f 5589 1723 11225
f 11266 5566 1746
f 1724 11266 5586
f 5546 1787 11340
f 5546 11339 1787
f 5566 11304 1746
f 11304 5545 1768
f 1745 5566 11265
f 11264 1745 11265
f 5567 1745 11264
f 5587 5588 11265
f 5587 11226 5588
f 11226 5587 1724
f 5587 11266 1724
f 5566 5587 11265
f 11266 5587 5566
f 5653 1704 43
f 5169 5653 43
f 1650 11104 5661
f 11104 1676 5661
f 1676 11104 11146
f 11104 1650 1623
f 5613 11223 11224
f 11184 5637 11144
f 1676 5635 11147
f 5635 1676 11146
f 1700 5635 11186
f 5635 1700 11147
f 12054 12020 5214
f 2150 2168 5248
f 2168 5249 11981
f 2150 5249 2168
f 5310 5296 2083
f 5229 2133 11985
f 2133 5229 21
f 5545 2133 21
f 2133 5545 5526
f 11889 2133 5526
f 21 5190 43
f 1766 11302 5547
f 5567 11302 1766
f 5323 5310 2083
f 2061 5323 2083
f 5310 5323 2082
f 11838 2081 5311
f 2042 11696 11695
f 4199 11648 11633
f 6961 14991 15072
f 11661 6961 444
f 14991 6961 11661
f 9667 13361 2614
f 13274 2539 2505
f 13275 2539 9748
f 2505 2539 13275
f 2539 9749 9748
f 9749 2539 13274
f 2538 13274 9787
f 2538 9749 13274
f 2613 13406 13410
f 9666 13461 13275
f 9666 13317 13362
f 13317 9666 13275
f 9582 9536 13502
f 9485 13553 2734
f 9539 9486 13552
f 9486 9485 13552
f 9485 9486 9428
f 13551 9486 9539
f 13551 13550 9487
f 13550 13551 9539
f 9625 2614 13410
f 1312 9408 1339
f 9408 1312 9827
f 9469 9409 13512
f 9469 2849 9409
f 9346 9278 9409
f 2849 9346 9409
f 11042 9207 9131
f 9207 11042 11008
f 9409 9207 11008
f 9278 9207 9409
f 13461 13511 13512
f 2744 9469 13512
f 13511 2744 13512
f 10225 12834 6535
f 2175 10225 6535
f 10009 2323 13512
f 2373 10009 9902
f 1227 10656 10625
f 1075 6324 10452
f 6295 1075 10452
f 6293 1077 6322
f 1077 6321 6322
f 6321 1077 10455
f 10455 1077 6292
f 1106 10523 6263
f 6264 10523 1106
f 10523 6264 10557
f 10523 1135 6263
f 1135 10523 10557
f 1045 10421 6353
f 6329 10417 1041
f 6192 6163 1210
f 6192 10607 6163
f 6504 875 865
f 10101 10104 10100
f 6525 10269 6516
f 850 847 6531
f 6304 1068 10444
f 6332 6333 10444
f 1068 6332 10444
f 1041 10446 6330
f 10417 6357 1041
f 6089 6147 6119
f 1254 10686 6119
f 10686 1254 10654
f 1548 11004 1576
f 1575 11004 1548
f 1576 11004 5734
f 11004 1575 5734
f 5763 1575 1548
f 5688 11065 1623
f 5716 11065 5688
f 5961 5962 10812
f 5961 10838 5962
f 1405 5961 10812
f 5960 10839 5930
f 10839 5960 10813
f 10838 5932 5962
f 5932 10839 5962
f 1375 5962 10813
f 5962 1375 10812
f 1377 5960 10814
f 1348 10754 6050
f 5897 10899 5868
f 10841 5929 10870
f 5809 5839 1534
f 5780 5809 1534
f 10957 5809 5780
f 1535 5837 5838
f 10957 1535 5838
f 5036 12350 156
f 5126 12350 5011
f 12350 5126 156
f 4874 341 12587
f 12587 341 4843
f 12395 4985 5011
f 4985 12395 231
f 341 340 4844
f 12585 340 4874
f 340 341 4874
f 4875 340 12585
f 12305 5036 156
f 4851 12628 363
f 414 4799 385
f 12258 5088 127
f 151 12258 5066
f 12136 12095 5173
f 405 4783 12756
f 12752 12751 12748
f 12757 12752 12748
f 12752 12757 12756
f 12755 12752 12756
f 12752 12755 12754
f 12753 12752 12754
f 4800 414 385
f 409 12760 12761
f 12711 4805 381
f 12663 12711 381
f 12711 409 4805
f 12745 6546 842
f 12746 6546 12745
f 12749 12750 6542
f 12751 12750 12748
f 12750 12749 12748
f 6549 12742 12743
f 15110 7314 7247
f 6855 6874 556
f 6831 15433 15439
f 6668 750 6638
f 6722 12455 6723
f 667 12455 6749
f 12168 12169 5162
f 265 239 4981
f 7084 7085 7062
f 7083 7084 7062
f 7084 7083 15358
f 4581 7148 7171
f 7148 4581 15341
f 4581 7149 15341
f 7149 15340 15341
f 6659 728 6688
f 15471 699 6688
f 6564 6565 15521
f 15523 831 6560
f 15522 15523 6560
f 6559 15523 15524
f 15523 6559 831
f 6643 746 12597
f 12596 6644 745
f 6644 777 12597
f 777 6643 12597
f 6645 12596 745
f 12596 6645 776
f 6645 12643 776
f 12643 6645 12595
f 12545 6676 715
f 6759 15452 659
f 15470 714 6732
f 15528 15527 15524
f 15527 15526 15524
f 833 6589 6590
f 6588 833 15526
f 6558 15525 6590
f 15525 833 6590
f 15526 15525 15524
f 15525 6558 15524
f 6553 836 15529
f 836 6553 6585
f 12740 6553 15529
f 15519 6585 805
f 15519 836 6585
f 773 6586 805
f 6586 15519 805
f 15519 6586 836
f 714 15481 6677
f 6706 15481 15470
f 15481 714 15470
f 6650 741 15479
f 6648 15505 6647
f 6648 773 15505
f 741 6679 15479
f 740 6650 6680
f 15479 6708 6680
f 15467 6708 6735
f 12800 12808 10230
f 10231 12790 12799
f 10231 10239 12790
f 10231 12800 10239
f 10199 12826 10200
f 12813 12826 10210
f 10211 12826 12813
f 12826 12833 10210
f 10238 2173 12791
f 10238 12792 2173
f 12792 2174 10242
f 12794 2174 10236
f 2174 2175 10242
f 2174 12794 2175
f 12798 10233 10223
f 10233 12798 10241
f 12798 2177 10241
f 12798 10232 2177
f 2183 12811 10222
f 10232 2183 12799
f 2183 10222 12799
f 12798 2183 10232
f 12811 2183 10223
f 2183 12798 10223
f 2189 10222 10212
f 2189 10211 12813
f 10221 2189 12813
f 7010 15401 15400
f 7010 6993 7062
f 15401 7010 7062
f 15424 15425 6962
f 10198 12835 10209
f 10207 12829 2198
f 10197 12829 10208
f 12829 10197 2198
f 12840 10199 10200
f 10187 12857 2205
f 10214 10224 2182
f 2201 10214 2182
f 10214 2201 10203
f 12811 2188 10212
f 2188 12811 10223
f 12810 2188 10223
f 2201 12836 10203
f 12836 2194 10203
f 10130 12938 12940
f 12923 10130 12940
f 12896 10159 12907
f 2222 10170 12875
f 10170 2222 12892
f 12892 2222 2230
f 12913 12914 10159
f 12914 12913 10149
f 2200 12848 12834
f 12834 12848 6535
f 12848 6531 6535
f 12848 10181 6531
f 12846 10194 12845
f 12860 10184 12859
f 10184 12846 12845
f 2231 12909 12911
f 12863 12877 12878
f 12862 12877 12863
f 12877 12862 2215
f 12877 10168 12878
f 10169 12877 2215
f 12877 12894 10168
f 12847 12848 2200
f 12876 10169 2215
f 10169 12876 10170
f 12876 12860 12875
f 10170 12876 12875
f 2243 2248 12945
f 10109 12989 2255
f 9342 9406 13567
f 9467 13513 13567
f 8405 9044 9201
f 2216 8405 9201
f 3094 3089 9124
f 3089 3094 9044
f 9930 9961 13124
f 9862 13158 13124
f 13158 9862 2445
f 9862 2473 2445
f 2515 13238 9783
f 2646 13443 2688
f 13444 2646 2688
f 2606 13395 13396
f 2606 9678 13350
f 9678 2568 13350
f 9635 2606 13396
f 2646 9635 13396
f 9635 2646 13444
f 9632 2648 13400
f 9676 13399 13400
f 13353 13399 9676
f 9677 13352 2607
f 13353 9677 2607
f 2565 13345 13346
f 13392 9682 13346
f 9722 9682 13347
f 9682 9722 13346
f 9845 9846 13215
f 2427 9910 2393
f 13305 9719 13306
f 2568 9719 13350
f 9719 2568 13306
f 13349 9719 13305
f 9718 13352 13308
f 9758 13266 13265
f 13266 13308 9757
f 13266 9718 13308
f 2568 13307 13306
f 13307 9758 13306
f 9718 13307 2568
f 13307 13266 9758
f 13266 13307 9718
f 2531 13264 9758
f 9758 13264 13306
f 13264 13263 9759
f 13263 13264 2531
f 13305 13264 9759
f 13264 13305 13306
f 9796 2531 13265
f 2529 9762 13261
f 2529 13260 9762
f 9762 9723 13302
f 9723 2565 13302
f 9760 13304 13263
f 9801 13263 9798
f 13262 9761 13303
f 9761 9722 13303
f 13302 9761 13261
f 9722 9761 13302
f 13226 2529 13261
f 3564 14318 8529
f 8452 3564 8451
f 13053 10000 2337
f 10000 10029 13052
f 10000 13053 10029
f 10029 2316 13034
f 13053 2316 10029
f 12999 12940 10047
f 12940 12999 12926
f 12999 2258 12926
f 2316 13035 13034
f 13007 12999 10047
f 12999 13007 10063
f 10038 13046 10018
f 10019 13046 13044
f 13015 2286 10038
f 13015 10038 10018
f 2344 13015 10018
f 13015 2344 10057
f 9752 13313 9751
f 2536 9752 9751
f 9752 2536 13271
f 2692 9582 13452
f 9582 2692 13501
f 13451 2650 9584
f 2650 13451 13403
f 13451 9628 13403
f 2611 9628 13404
f 9628 2611 13403
f 13121 13122 9936
f 9936 13122 13093
f 9829 13192 13191
f 13085 9945 13114
f 9972 2344 13091
f 9943 9972 13091
f 9972 9943 2369
f 9971 9972 2369
f 9972 9971 2344
f 9949 13107 13108
f 9949 9950 13107
f 13046 13064 10018
f 13064 13046 10019
f 9989 13085 13089
f 9989 2344 10018
f 2344 9989 13089
f 13145 9912 2423
f 9912 9911 13114
f 9911 9912 13145
f 9882 13140 13175
f 2467 9832 13230
f 9832 2467 13190
f 9790 2467 13230
f 9869 9832 13190
f 13189 9869 2430
f 9869 13189 9832
f 2572 13357 9712
f 13313 2572 9712
f 9752 2572 13313
f 2572 9713 13357
f 9713 2572 9752
f 2608 13354 13400
f 13354 9676 13400
f 2368 9943 13091
f 9938 2396 2401
f 9870 2426 13188
f 9970 13090 9969
f 13090 2370 9969
f 2370 13090 9970
f 13004 10061 2270
f 7552 14939 14991
f 11648 14947 14991
f 14947 7552 14991
f 4199 14947 11648
f 7607 14947 7608
f 14947 7607 7552
f 14836 7679 14884
f 14885 14836 14884
f 7279 7314 15145
f 7314 7279 7247
f 7228 15256 4523
f 7227 15227 7255
f 7227 15226 4523
f 7227 7255 15226
f 7227 4524 15227
f 7223 7195 7222
f 7195 7223 7196
f 7964 3894 14608
f 4456 4455 15164
f 4493 4492 7254
f 4492 4493 15164
f 4455 7287 15164
f 4492 7287 4491
f 7287 4492 15164
f 4490 15194 7256
f 15162 4488 4489
f 7290 4488 15162
f 15090 7368 4370
f 7289 15194 4490
f 7289 15162 4489
f 15194 7289 4489
f 4417 15132 15095
f 15056 7361 15095
f 7564 4242 7563
f 14927 7564 7563
f 7462 4286 4285
f 4456 7323 4455
f 4412 7325 15128
f 4412 4372 15091
f 7325 4412 15091
f 4454 7287 4455
f 5150 12179 12183
f 12142 5150 12183
f 87 5148 12140
f 5148 87 12182
f 65 5149 12140
f 5149 65 12139
f 1699 5611 11186
f 5635 1699 11186
f 1699 5635 11146
f 5611 1699 11225
f 1722 5589 11224
f 11183 5638 11143
f 5565 11304 1768
f 11304 5565 1746
f 5546 1767 5566
f 1767 11304 5566
f 1767 5546 11340
f 5545 1767 11340
f 11304 1767 5545
f 1745 11303 5566
f 11303 5546 5566
f 11303 5567 1766
f 11303 1745 5567
f 11339 11303 1766
f 5546 11303 11339
f 11228 11227 5586
f 1631 5653 5169
f 5734 1631 12182
f 1631 5169 12182
f 1697 5613 11184
f 1697 11184 11144
f 5638 1697 11144
f 1697 5638 11183
f 5637 1674 11144
f 1674 5664 11144
f 5664 1674 11102
f 1674 5637 11145
f 11916 2131 11920
f 11922 2131 11921
f 2131 11922 11920
f 2130 11915 5268
f 11915 2130 11919
f 12094 12136 5173
f 12136 12094 61
f 12020 5195 5213
f 5195 12020 12054
f 38 5195 12054
f 12020 12016 5214
f 18 12020 5213
f 5295 2115 11889
f 11887 2115 5295
f 2098 5295 2083
f 5296 2098 2083
f 2098 11887 5295
f 11859 5310 2097
f 11859 5296 5310
f 11950 2170 11985
f 2133 11950 11985
f 5265 2132 11918
f 107 5129 12179
f 12058 5190 21
f 5190 12058 5191
f 5210 12058 21
f 11302 1744 5568
f 5589 1744 11264
f 1744 5567 11264
f 1744 11302 5567
f 5323 11834 2082
f 11834 5311 2082
f 1983 11745 5397
f 11713 1983 5397
f 1943 11687 5397
f 11687 1943 5400
f 11992 446 444
f 446 6992 444
f 7104 2042 11695
f 4649 7104 11695
f 7009 7313 4382
f 7009 7026 7313
f 11672 7009 4382
f 7009 11661 444
f 7009 11672 11661
f 6992 7009 444
f 4462 4649 11695
f 4649 4462 4668
f 2022 11696 2042
f 2022 7147 7276
f 11696 2022 7276
f 11647 5402 5400
f 5404 11647 5400
f 7436 7389 5396
f 11648 7551 11633
f 458 6961 463
f 6975 446 11992
f 35 12050 12089
f 5223 12046 10
f 2576 9708 13361
f 9667 2576 13361
f 9708 2576 13317
f 13317 2576 13362
f 2576 9667 13362
f 9708 13365 9668
f 9668 13365 13410
f 13365 2613 13410
f 13363 13405 2613
f 2693 9627 13452
f 9626 13406 2613
f 13405 9626 2613
f 9622 9666 13409
f 13461 9622 13458
f 9666 9622 13461
f 2735 9582 13501
f 2735 9536 9582
f 2735 13554 9536
f 2735 13553 9484
f 13554 2735 9484
f 2836 13609 9362
f 13609 2836 9425
f 13609 9425 9483
f 2694 9626 13453
f 9143 3015 13804
f 13671 9295 9362
f 13672 2836 9362
f 9295 13672 9362
f 2782 13608 9484
f 2782 9427 13608
f 13553 2782 9484
f 2782 13553 9485
f 13607 9485 9428
f 2782 13607 9427
f 13607 2782 9485
f 2781 13551 9487
f 13551 2781 9486
f 9585 2649 13449
f 13401 2649 9630
f 9631 2648 13449
f 2649 9631 13449
f 9631 2649 13401
f 9631 2608 13400
f 2648 9631 13400
f 9631 2609 2608
f 2609 9631 13401
f 2609 13401 9630
f 13543 9493 13544
f 13597 9493 2776
f 13498 13550 9539
f 13550 13549 9487
f 9486 13606 9428
f 9295 13734 9225
f 13734 9295 13671
f 9666 9623 13409
f 10053 10458 2275
f 10425 10053 2275
f 1312 1283 9827
f 8972 11158 8890
f 13622 9350 13626
f 9352 9285 13681
f 9417 9353 9415
f 9417 2789 13616
f 2959 9284 9214
f 13625 2849 9469
f 2849 13625 9347
f 2964 11041 9131
f 9207 2964 9131
f 2743 13511 13461
f 2742 13461 9528
f 9526 2742 2791
f 10215 10204 12834
f 10225 10215 12834
f 10055 10054 2273
f 10055 2290 10054
f 10055 10456 2290
f 10055 2273 2272
f 10056 10055 2272
f 10456 10055 10056
f 2291 10053 10457
f 2291 10458 10053
f 2323 2289 13512
f 2289 13461 13512
f 13461 2289 10056
f 2289 10456 10056
f 10456 2289 2290
f 2327 2346 10016
f 1227 9901 10656
f 1255 9901 9902
f 9901 1255 10656
f 1197 9965 1196
f 9934 1197 1196
f 9934 1227 10625
f 9935 9934 1196
f 1168 10594 9962
f 1255 1256 10656
f 1228 10657 10626
f 10363 10393 933
f 6324 1046 10452
f 1048 6349 6322
f 1076 6293 6322
f 10487 1076 6294
f 1076 10487 6293
f 1075 10453 6324
f 10453 1046 6324
f 10453 1075 6294
f 10339 6447 6516
f 6525 6447 933
f 6447 6525 6516
f 6447 6427 10340
f 1074 6295 10452
f 10487 1104 10521
f 1104 10487 6294
f 1075 10486 6294
f 10486 1075 6295
f 10486 1104 6294
f 1104 10486 10520
f 10553 10519 1131
f 6265 1134 10522
f 1134 6264 10522
f 6264 1134 10557
f 10488 6264 1106
f 6264 10488 10522
f 10488 1077 6293
f 6352 1046 10422
f 1045 6352 10421
f 1046 6352 10452
f 10447 1041 6330
f 10447 6329 1041
f 1042 10418 6356
f 10417 1042 6356
f 6329 1042 10417
f 1126 6246 10547
f 6190 1211 10610
f 6277 10509 10543
f 1124 6277 10543
f 6277 1124 10510
f 6304 6305 10477
f 10477 6305 10510
f 6412 6389 980
f 10334 932 10319
f 10335 932 10334
f 932 6464 10319
f 932 6448 6464
f 932 10336 6448
f 10336 932 10335
f 1181 6191 6220
f 10576 1181 6220
f 1178 6224 10571
f 6224 6195 10605
f 6195 6224 1178
f 6165 6164 10606
f 886 6503 10280
f 6515 886 10280
f 6490 886 6504
f 886 6490 6503
f 886 875 6504
f 886 6515 875
f 10305 6504 10100
f 10104 10305 10100
f 10428 10066 1051
f 10307 6475 902
f 6478 6464 6516
f 6478 913 6464
f 850 852 847
f 849 10246 848
f 10246 849 6535
f 849 10252 6535
f 849 10250 10252
f 1178 10570 6225
f 10570 1178 10571
f 6329 6300 1071
f 10514 1099 10480
f 10514 1127 10548
f 10513 1126 10547
f 10478 1068 6304
f 10478 6303 1068
f 6303 10478 1097
f 10415 6332 10416
f 6332 10415 6359
f 10445 6332 1068
f 10445 6331 10416
f 6332 10445 10416
f 1069 10446 6331
f 10446 1069 6302
f 10445 1069 6331
f 6303 1069 1068
f 1069 10445 1068
f 6358 10446 1041
f 6357 6358 1041
f 10446 6358 6331
f 6331 6358 10416
f 1282 10686 6090
f 10686 1282 6119
f 1282 6089 6119
f 6089 10623 6147
f 10623 6089 6029
f 10623 6029 5970
f 10944 10623 5970
f 1364 6030 10744
f 6030 6060 10744
f 6060 6030 1310
f 6089 6059 6029
f 10716 1282 6090
f 1282 10716 6089
f 6060 10716 6090
f 10716 6060 1310
f 10716 6059 6089
f 6059 10716 1310
f 1254 6148 10654
f 10972 5763 1548
f 10973 5792 1548
f 5792 10972 1548
f 10972 5792 1521
f 5821 5792 10973
f 5792 5821 1521
f 1371 6024 5995
f 9899 10657 1258
f 10657 9899 10626
f 6116 10660 1261
f 10660 6116 1262
f 9408 9468 1339
f 6128 1247 10646
f 5812 5811 10954
f 5901 10897 10867
f 10897 5899 10867
f 5781 5810 10955
f 5810 5781 1534
f 1481 10899 5869
f 10899 1481 5868
f 1481 10927 5868
f 10927 1481 5839
f 1428 5935 10862
f 1428 10865 5933
f 10865 1428 10862
f 5963 1404 1405
f 1429 10866 10867
f 5961 10835 10838
f 10835 5961 1405
f 5960 10840 10814
f 10840 5960 5930
f 5931 5932 10838
f 10835 5931 10838
f 5931 10835 1429
f 5931 1429 10867
f 5932 5931 10867
f 5990 1375 10813
f 5960 5990 10813
f 5990 1377 10784
f 1377 5990 5960
f 10756 6019 10785
f 1377 6019 10784
f 10839 10868 5930
f 5932 10868 10839
f 5899 10868 10867
f 10868 5932 10867
f 10899 5898 5869
f 10841 5959 5929
f 10840 5959 10814
f 5959 10840 5929
f 1430 5927 10842
f 10762 5983 1382
f 10790 5983 10762
f 1381 10790 5984
f 5983 1381 10819
f 1381 5983 10790
f 5897 1454 10870
f 1454 1430 10870
f 5927 1431 10843
f 5695 5723 11058
f 1644 5695 11058
f 10902 5865 5894
f 10902 5866 5865
f 10902 1483 5866
f 5807 10959 5836
f 1509 5807 5836
f 1509 10929 5837
f 1483 10929 5866
f 10929 1509 5836
f 5865 10929 5836
f 5866 10929 5865
f 5780 10987 5752
f 10987 5780 1534
f 5781 10987 1534
f 5723 5753 11021
f 5753 11022 5752
f 11022 5753 5723
f 5753 5724 11021
f 5809 1508 5839
f 10927 1508 5838
f 1508 10927 5839
f 1508 10957 5838
f 1508 5809 10957
f 5808 1509 5837
f 1535 5808 5837
f 1509 5808 10958
f 10958 5808 5778
f 10988 10957 5780
f 10988 1535 10957
f 1550 9408 11008
f 8889 8972 8890
f 12480 279 252
f 341 12635 4843
f 12635 341 4844
f 12395 5012 12398
f 5012 12350 204
f 12350 205 5011
f 205 12395 5011
f 5012 205 12350
f 205 5012 12395
f 5011 4958 312
f 4985 4958 5011
f 5107 107 12220
f 107 5107 5129
f 12179 108 12183
f 5129 108 12179
f 12264 5082 5060
f 5082 12263 5060
f 334 12628 4851
f 334 4851 12629
f 304 4883 4910
f 4771 414 12766
f 4771 4799 414
f 4799 4771 415
f 4855 4885 330
f 329 4856 330
f 5089 12258 127
f 5089 126 12257
f 5088 5110 127
f 5110 5088 128
f 5131 12178 84
f 5088 5087 128
f 129 5087 5086
f 83 12136 61
f 12135 60 82
f 12176 12135 82
f 5133 12176 82
f 12298 151 5066
f 12298 5043 151
f 12757 4782 12756
f 4782 405 12756
f 6571 12703 6602
f 4781 12757 12758
f 351 4865 12615
f 4865 351 12663
f 4865 322 12615
f 322 4896 12615
f 4866 351 12615
f 4896 4866 12615
f 4866 4896 321
f 4799 4830 385
f 12669 357 4858
f 4950 12518 12469
f 4921 12518 295
f 12716 4800 385
f 12766 12765 12761
f 12765 12764 12761
f 408 4779 12760
f 4779 12759 12760
f 12757 12759 12758
f 12760 12759 12757
f 12758 12759 4780
f 12759 4779 4780
f 4777 409 12761
f 409 4777 4805
f 4863 12665 353
f 382 4804 12713
f 4804 382 4834
f 382 12665 4834
f 4804 410 4776
f 4777 410 4805
f 4776 410 12761
f 410 4777 12761
f 12711 4806 409
f 351 4836 12663
f 4836 12711 12663
f 4866 4836 351
f 12662 4836 4866
f 4835 12663 381
f 4835 4865 12663
f 4865 4835 12664
f 12712 4804 4834
f 12712 4835 381
f 12712 410 4804
f 4805 12712 381
f 410 12712 4805
f 12755 404 6536
f 404 12755 4783
f 403 12704 6537
f 12754 403 6537
f 403 12754 6536
f 6546 6578 842
f 6578 6546 12746
f 12748 12747 12743
f 12747 12746 12743
f 6547 12744 12745
f 6720 12507 6719
f 749 750 6669
f 6541 12750 12751
f 6551 12741 12742
f 12741 12740 15529
f 12742 12741 15529
f 839 6581 12693
f 839 6549 6581
f 6583 12692 807
f 12466 239 265
f 239 12466 4980
f 5010 211 12372
f 12371 5010 12372
f 6717 6690 6716
f 12461 6717 6716
f 15109 7314 15110
f 7354 15110 15072
f 7354 15109 15110
f 15109 7354 4339
f 15433 586 6832
f 586 15433 554
f 533 6893 556
f 6874 533 556
f 6853 553 15429
f 15433 6853 554
f 553 6853 15433
f 6909 12190 523
f 524 6887 6906
f 6961 6945 463
f 6928 6945 15072
f 6945 6961 15072
f 512 12189 6890
f 15430 15429 6852
f 12189 6871 6890
f 571 593 6845
f 12599 748 747
f 587 6831 15439
f 12312 587 15439
f 15445 635 6783
f 635 15445 6784
f 6808 12312 15439
f 610 6808 15439
f 15445 6808 6784
f 6731 12496 715
f 667 6774 12409
f 6774 667 6749
f 6774 12410 643
f 12410 6774 6749
f 6922 12153 507
f 6938 488 12072
f 209 12416 6767
f 12504 6722 6723
f 6722 12504 722
f 750 12552 6669
f 6668 12552 750
f 12552 721 6669
f 6692 12508 6719
f 12508 6692 6663
f 6747 696 12457
f 12455 695 6749
f 695 12455 6722
f 6796 6772 12367
f 6772 6796 12366
f 12410 6773 643
f 147 5070 12294
f 147 12295 5069
f 12295 147 12294
f 12251 5074 144
f 5118 121 12211
f 5093 5071 12254
f 5093 123 5094
f 242 269 4976
f 12468 12517 4950
f 12468 4978 267
f 5071 146 12254
f 5070 146 12294
f 146 5070 12254
f 5072 12253 5094
f 12253 5093 5094
f 5093 12253 5071
f 5074 12291 144
f 12293 12253 5072
f 12253 12293 5071
f 145 12293 5072
f 169 12293 145
f 146 12293 12294
f 12293 146 5071
f 5048 12295 12294
f 194 5025 12381
f 5025 193 12381
f 193 5025 12336
f 193 12335 5026
f 12335 193 12336
f 12134 60 12093
f 5196 12054 5214
f 5196 38 12054
f 5326 11832 5325
f 11832 11839 5325
f 11832 5312 11839
f 2095 5312 5313
f 2111 5284 11884
f 7084 7105 7085
f 7105 7084 15358
f 7127 7105 15358
f 7105 7127 4628
f 6567 6568 15521
f 6565 6567 15521
f 787 756 6568
f 15482 728 6659
f 6562 6563 15521
f 6563 6564 15521
f 763 755 6659
f 12598 6642 747
f 6643 12598 746
f 777 12645 6643
f 12645 777 12693
f 12644 777 6644
f 12644 12596 776
f 12596 12644 6644
f 744 6645 12546
f 6645 744 12595
f 6676 744 12546
f 744 6646 12595
f 744 6676 12545
f 12643 6614 776
f 6614 12643 807
f 12692 6614 807
f 6614 12644 776
f 743 12545 6677
f 743 744 12545
f 744 743 6646
f 15481 743 6677
f 743 15481 742
f 743 6648 6647
f 6648 743 742
f 6706 15469 713
f 15469 6707 713
f 15469 6734 6707
f 6733 6706 15470
f 6733 15469 6706
f 6733 6734 15469
f 12545 6705 6677
f 6705 714 6677
f 12496 6705 12545
f 6705 12496 6732
f 714 6705 6732
f 771 15503 6650
f 771 6619 15503
f 6555 15527 15528
f 6588 834 15517
f 6555 834 15527
f 833 6557 15526
f 6557 15525 15526
f 15525 6557 833
f 15516 6588 802
f 15516 6589 833
f 6588 15516 833
f 6617 773 805
f 773 6617 15505
f 837 6553 12740
f 6553 837 6585
f 12691 6583 807
f 12691 6584 6551
f 6617 6616 15505
f 6585 6616 805
f 6616 6617 805
f 6586 804 15518
f 835 6586 15518
f 835 6555 15528
f 15491 741 6650
f 15481 6678 742
f 6678 6706 713
f 6678 15481 6706
f 15501 770 6652
f 770 15489 6652
f 6681 15489 6651
f 740 6681 6651
f 6679 712 15479
f 712 6708 15479
f 712 6679 6707
f 6736 15467 6735
f 10231 2184 12800
f 12800 2184 12808
f 12808 2184 12813
f 2184 10221 12813
f 12826 12825 10200
f 12825 12826 10211
f 12825 2195 10200
f 12826 2196 12833
f 2196 12826 10199
f 2196 12827 12833
f 12827 2196 10198
f 10198 2196 12841
f 2196 12840 12841
f 12840 2196 10199
f 10225 2181 10234
f 2181 10225 2175
f 2180 12794 10236
f 12794 2180 2175
f 10238 2178 10230
f 2178 10238 12791
f 2178 12800 10230
f 10239 2178 12791
f 12800 2178 10239
f 10238 12809 12792
f 2179 2174 12792
f 10228 2180 10236
f 12821 2190 10209
f 2189 12812 10222
f 12812 2189 10221
f 2184 12812 10221
f 10222 12812 12799
f 4394 7344 15075
f 15111 4392 7346
f 15146 15111 7346
f 15111 7345 4392
f 14992 7486 4263
f 7435 7486 14992
f 7486 7435 14993
f 7053 4679 7054
f 15375 7076 7054
f 15375 15359 7076
f 4679 15375 7054
f 15412 7010 15400
f 7010 15412 6993
f 6979 6980 6963
f 6993 6978 6962
f 6978 15424 6962
f 431 7054 7121
f 431 7016 7054
f 7016 7034 7054
f 15036 7385 15037
f 15037 15038 7430
f 7219 15296 7192
f 7144 15296 7121
f 15296 7144 7168
f 15296 4502 7121
f 15296 7219 4502
f 4502 7275 15179
f 12829 2191 10208
f 2191 12829 10207
f 10217 2186 12816
f 12842 10198 12841
f 10187 12842 12841
f 12842 10187 2205
f 2191 12828 10208
f 12828 2191 12835
f 2204 10188 12841
f 12840 2204 12841
f 2204 12840 10189
f 12855 2204 10189
f 2204 12855 10188
f 2212 10187 12856
f 2212 12857 10187
f 12871 2212 12856
f 10196 12843 12844
f 10197 12843 2198
f 12843 10196 2198
f 12822 10214 10203
f 2194 12822 10203
f 12822 2194 10213
f 2188 12822 10213
f 12822 2188 12810
f 10224 12822 12810
f 10214 12822 10224
f 2194 12823 10213
f 2188 12823 10212
f 12823 2188 10213
f 10202 12836 12837
f 12836 10202 2194
f 10201 10202 12837
f 10202 12823 2194
f 12823 10202 10201
f 12836 10192 12837
f 10192 2201 12850
f 10192 12836 2201
f 12854 12855 10189
f 12840 2203 10189
f 2203 12840 10200
f 2203 12854 10189
f 12854 2203 12853
f 12976 12986 10002
f 10175 2211 12886
f 2216 10180 12850
f 10180 12865 12850
f 10180 10179 12865
f 10179 10180 12882
f 2217 10179 12882
f 2217 2225 12883
f 2225 2217 12882
f 10139 10130 12923
f 10139 2236 12922
f 2236 10139 12923
f 12938 10139 12922
f 10130 10139 12938
f 10158 12896 12907
f 12896 10158 12897
f 10158 12908 2230
f 2222 10158 2230
f 10148 10158 12907
f 12908 10158 10148
f 10171 2222 12875
f 10171 12896 12897
f 10171 12874 12896
f 12880 12874 12859
f 12874 12880 12896
f 12905 10160 2228
f 12889 2221 12879
f 12906 12912 10149
f 12913 12906 10149
f 10184 2206 12859
f 2206 10184 12845
f 2231 10157 12909
f 12908 10157 2230
f 12909 10157 12908
f 10157 12892 2230
f 10157 2231 12892
f 12877 2223 12894
f 2223 12877 10169
f 12894 2223 12911
f 2223 2231 12911
f 12847 10193 12846
f 10193 12847 2200
f 10193 10194 12846
f 10193 2200 10204
f 10194 10193 10204
f 2207 12847 12846
f 12847 2208 12848
f 2208 12862 10181
f 12848 2208 10181
f 2248 10122 12945
f 12985 10107 12986
f 12985 2256 10107
f 12989 12990 2255
f 10117 10123 2255
f 10123 2216 2255
f 10123 2248 2243
f 2238 10123 2243
f 12987 12989 10109
f 12990 12987 12988
f 12987 12990 12989
f 9405 9467 13567
f 9405 9339 2860
f 9467 9523 13513
f 8405 8880 9044
f 8880 8405 8643
f 3090 3091 9124
f 3091 3094 9124
f 3091 3090 9044
f 3094 3091 9044
f 3895 3894 7963
f 3894 3895 8041
f 4213 4161 4261
f 7487 14948 4261
f 9884 2420 13139
f 9886 2418 13171
f 2336 13072 2334
f 13158 9897 13124
f 13159 9897 13158
f 9897 9930 13124
f 9930 9897 13125
f 2515 2507 9824
f 2507 2515 9783
f 9824 13196 13124
f 13196 9862 13124
f 2507 13196 9824
f 13238 9744 9783
f 13443 9590 2688
f 13492 9590 13443
f 9590 13492 9544
f 9545 13543 13544
f 2605 13349 9680
f 13349 2605 13395
f 2604 9681 13347
f 9682 2604 13347
f 2604 9682 13392
f 9636 13395 2645
f 2646 9636 13443
f 9636 2646 13396
f 13395 9636 13396
f 9543 13545 9491
f 13397 9678 2606
f 9635 13397 2606
f 13397 9634 2607
f 2647 13397 13445
f 13397 2647 9634
f 13397 13444 13445
f 13397 9635 13444
f 9634 13398 2607
f 13398 13353 2607
f 13398 13399 13353
f 2647 13398 9634
f 13398 2647 13446
f 9717 9677 13353
f 9717 13353 13309
f 13352 9717 13308
f 9677 9717 13352
f 13308 9717 9757
f 9494 13542 2776
f 13542 9494 13543
f 9493 9494 2776
f 9494 9493 13543
f 9638 2604 13392
f 9545 9546 13543
f 2528 13258 9764
f 9847 2454 13213
f 9846 2491 13215
f 9756 9716 13268
f 9716 9756 13309
f 9756 9717 13309
f 9756 13267 9757
f 9717 9756 9757
f 9793 2533 13268
f 2533 9756 13268
f 9756 2533 13267
f 2497 9793 13268
f 2497 9792 2500
f 9755 2497 13268
f 2464 9835 2459
f 9835 13186 2459
f 9837 2498 2459
f 13186 9837 2459
f 13119 9876 2393
f 9840 9876 9877
f 13185 9876 9839
f 13226 2458 9842
f 9878 13145 2423
f 9679 13395 2606
f 9679 13349 13395
f 9679 2606 13350
f 9719 9679 13350
f 13349 9679 9719
f 9678 13351 2568
f 13351 9718 2568
f 9718 13351 13352
f 13397 13351 9678
f 13352 13351 2607
f 13351 13397 2607
f 2498 13227 2459
f 13227 2498 9794
f 13227 2464 2459
f 2464 13227 9835
f 9795 2498 13225
f 9841 2494 13220
f 2460 9841 13220
f 9841 2460 9840
f 2531 13223 9799
f 9796 13223 2531
f 13223 2460 9799
f 9796 9797 9839
f 9797 9796 13265
f 13266 9797 13265
f 9797 9795 13225
f 9795 9797 13266
f 13260 13301 9762
f 13301 9723 9762
f 13301 13260 9763
f 13300 13301 9763
f 13301 13300 9724
f 9723 13301 2565
f 13345 13301 9724
f 13301 13345 2565
f 2566 9721 13303
f 9760 9721 13304
f 9721 13262 13303
f 9721 9760 13262
f 9721 2566 13347
f 9681 9721 13347
f 13349 2567 9680
f 2494 9800 13220
f 9800 9801 13220
f 2530 9761 13262
f 2530 9800 2494
f 9800 2530 9801
f 9760 2530 13262
f 2530 9760 13263
f 9801 2530 13263
f 13226 9803 2529
f 2525 9768 13254
f 14318 8528 8529
f 8528 3501 8529
f 3185 14028 8922
f 14028 3185 14027
f 3564 14317 8451
f 14317 3564 8529
f 2314 2310 10028
f 2310 13053 9999
f 2310 2314 13053
f 13035 2312 10028
f 2312 13035 2316
f 2312 2316 13053
f 10076 13004 2258
f 13000 10076 2258
f 10062 2280 13009
f 10062 12999 10063
f 2300 13024 13038
f 10077 13000 2258
f 12999 10077 2258
f 13020 10047 13034
f 13035 13020 13034
f 2309 13035 10028
f 9981 9982 2362
f 9981 2339 9982
f 2339 9981 9996
f 13063 2342 9991
f 13062 2342 13063
f 9951 2363 9952
f 13358 2573 9712
f 9712 2573 9751
f 2573 13314 9751
f 9711 2573 13358
f 2573 9711 13314
f 2538 9750 9749
f 9672 2611 13358
f 13357 9672 9712
f 9672 13358 9712
f 2611 9672 13403
f 13403 9672 2610
f 9672 13357 2610
f 2692 9583 13501
f 9583 13451 9584
f 9583 2692 13451
f 9629 13403 2610
f 9629 2650 13403
f 2692 2651 13451
f 2651 9628 13451
f 2651 2692 13452
f 9628 2651 13404
f 9627 2651 13452
f 2651 9627 13404
f 9904 13122 13121
f 13122 9904 13154
f 9904 13121 2402
f 13153 9904 2402
f 9904 2434 13154
f 9903 13122 13154
f 2434 9903 13154
f 13192 9867 13191
f 2468 13236 9829
f 2468 9829 13191
f 9830 2468 13191
f 2504 13233 9788
f 2504 2538 9787
f 9828 2504 9787
f 13233 2504 9828
f 2469 13233 9828
f 2469 13192 9829
f 13192 2469 9828
f 13233 2469 9788
f 2469 13236 9788
f 13236 2469 9829
f 13057 2339 9996
f 13058 13057 9996
f 13139 9917 9918
f 2420 9917 13139
f 9917 2420 13140
f 13107 9917 13108
f 9917 13140 13108
f 9949 9977 13081
f 2342 9977 13086
f 9950 2389 13107
f 9917 2389 9918
f 2389 9917 13107
f 9948 9949 13108
f 2366 9947 9946
f 13084 2366 9946
f 13063 2322 10019
f 2322 13064 10019
f 2343 2322 13063
f 13064 2322 2343
f 2367 13084 9946
f 9945 2367 9946
f 2367 9945 13085
f 9990 13084 9989
f 9990 13064 2343
f 13064 9990 10018
f 9990 9989 10018
f 2467 9831 13190
f 9831 13231 9830
f 13231 9831 2467
f 2433 9869 13190
f 2433 13153 13157
f 9792 13229 2500
f 2534 2497 9755
f 2497 2534 9792
f 13270 2536 9790
f 2536 2502 9790
f 13231 2502 2536
f 2502 2467 9790
f 2502 13231 2467
f 9938 9937 2371
f 13120 9937 9938
f 9937 13120 2402
f 13121 9937 2402
f 9937 13121 9936
f 2371 9937 9968
f 9968 9937 13093
f 9937 9936 13093
f 13156 2433 13157
f 2433 13156 9869
f 9869 13156 2430
f 13156 13152 2430
f 2395 9940 9942
f 9971 9940 9941
f 9940 9971 9942
f 9940 2398 9941
f 2398 9940 2395
f 2394 2395 9942
f 9910 2394 2393
f 2394 9910 9908
f 2395 2394 9908
f 2394 9943 2393
f 9943 2394 9942
f 9973 2344 13089
f 2368 9973 13089
f 2344 9973 13091
f 9973 2368 13091
f 2426 13151 9907
f 9870 13151 2426
f 13188 9871 13187
f 2426 9871 13188
f 2260 10073 12998
f 10073 2260 13003
f 2300 13040 13025
f 7607 7609 7552
f 7609 14939 7552
f 7609 14895 14898
f 14808 4199 7792
f 14808 14947 4199
f 14947 14808 7608
f 4033 14795 7800
f 14794 14795 4033
f 14797 14796 7732
f 7679 4139 14884
f 14737 7805 7804
f 7248 15240 7220
f 15240 7248 15209
f 15030 15020 7402
f 15020 15030 15021
f 7356 15068 15061
f 15194 7229 7256
f 7229 15194 15225
f 4551 15256 7201
f 7175 4551 7201
f 4578 4551 15282
f 4551 7175 15282
f 4581 4580 7149
f 15338 4603 7152
f 7199 4553 15257
f 4524 7199 15257
f 7199 7173 4553
f 15231 7223 7222
f 15276 4541 7184
f 4575 7154 4576
f 4599 15306 4598
f 15306 4599 4574
f 15280 4574 7178
f 4517 7205 4518
f 7205 15253 4518
f 7965 7964 14608
f 4324 7371 7370
f 4457 4456 7285
f 4416 4457 7321
f 4457 15131 7321
f 7284 4457 7285
f 4457 7284 15131
f 4456 7286 7285
f 7286 4456 15164
f 4493 7286 15164
f 7257 15194 4489
f 15194 7257 15225
f 7233 4517 4518
f 15223 7233 4518
f 7233 15223 7260
f 7327 4450 4451
f 4452 7289 15128
f 4452 7290 15162
f 7289 4452 15162
f 7325 4452 15128
f 4452 7325 4411
f 15090 7367 7368
f 15089 7370 4368
f 7327 4369 4409
f 4369 15089 4409
f 15089 4369 7369
f 7368 4369 4370
f 7369 4369 7368
f 4410 7327 4451
f 4410 15090 4370
f 4369 4410 4370
f 4410 4369 7327
f 7403 15061 7402
f 15020 7403 7402
f 15019 7403 15020
f 15061 7403 15060
f 7509 4243 7562
f 7457 7509 4290
f 14972 7562 7563
f 14972 7509 7562
f 7509 14972 4290
f 7562 14928 7563
f 14928 14927 7563
f 14927 14928 7620
f 4191 14927 7620
f 7746 14781 7813
f 7746 14831 4082
f 14781 7746 4082
f 7684 4135 14879
f 14723 7818 4021
f 7748 4079 7685
f 7461 4288 7512
f 4189 4188 7566
f 4188 7623 14879
f 7623 4188 4189
f 4240 7513 7512
f 14925 7565 4190
f 7623 14925 4190
f 14925 7623 4189
f 14925 4240 7565
f 14925 4189 7566
f 4240 14925 7566
f 7463 7462 4285
f 4286 7514 4285
f 14968 7514 4238
f 14968 7515 4285
f 7514 14968 4285
f 4238 4239 7566
f 4239 4240 7566
f 4240 4239 7513
f 14966 4235 7570
f 4235 14922 7570
f 14923 4236 7568
f 7626 14923 4186
f 14923 7626 4185
f 14878 7626 4186
f 7361 4377 15095
f 4377 4417 15095
f 7323 4374 4414
f 15055 7363 4376
f 15130 7323 4456
f 4457 15130 4456
f 15130 4416 7322
f 15130 4457 4416
f 15129 4454 4455
f 7323 15129 4455
f 15129 7323 4414
f 4453 7289 4490
f 7289 4453 15128
f 7287 15163 4491
f 4454 15163 7287
f 15163 4490 4491
f 12144 12142 12183
f 12138 5150 12142
f 12097 12138 12142
f 12104 12138 12097
f 5149 86 12184
f 86 5149 12145
f 86 12144 12183
f 5691 11062 1621
f 1592 11061 5720
f 5636 1699 11146
f 5636 1675 11145
f 1675 5636 11146
f 1644 5668 1645
f 5724 1589 11021
f 5723 1589 11058
f 1589 5723 11021
f 1589 5696 11058
f 5664 1673 11144
f 1673 5638 11144
f 5638 1673 11143
f 11101 1673 5664
f 1725 11228 5586
f 11067 1597 11030
f 11031 1597 5713
f 11150 1679 11108
f 5653 11153 1704
f 11104 5662 11146
f 5662 1675 11146
f 11063 1622 5690
f 1648 5664 11102
f 1648 11063 5691
f 1648 5691 1621
f 1622 1648 11102
f 11063 1648 1622
f 11101 1648 1621
f 1648 11101 5664
f 11150 1678 5632
f 1597 11068 5713
f 11068 1597 11067
f 1677 11106 5660
f 5660 11106 1651
f 11228 5609 11227
f 11227 5609 5610
f 1700 5634 11147
f 5634 5660 11147
f 11946 2130 5268
f 11946 2148 2130
f 2147 11946 5268
f 11946 2147 5252
f 2166 11946 5252
f 11915 2129 5268
f 2129 11914 5269
f 2129 5284 11914
f 5284 2129 11915
f 2129 2147 5268
f 38 5176 12093
f 5176 12134 12093
f 12134 5176 59
f 5196 5176 38
f 5174 5194 39
f 5194 5174 12094
f 12135 5174 60
f 12094 5174 61
f 5174 12135 61
f 17 12016 11981
f 12016 17 5214
f 18 5232 12020
f 12016 5232 11981
f 5232 12016 12020
f 5229 12021 21
f 12021 5210 21
f 20 12021 5229
f 12021 20 5210
f 5249 11955 11952
f 11956 11955 5249
f 11955 5265 11952
f 11955 11956 5265
f 11957 5249 2150
f 11957 11956 5249
f 11956 11957 5265
f 2115 5280 11889
f 5280 2133 11889
f 2133 5280 11918
f 2113 11915 11919
f 11915 2113 5283
f 11894 11886 5296
f 2169 2151 5248
f 11949 2132 5265
f 11949 11957 2150
f 11957 11949 5265
f 11949 2150 5248
f 2151 11949 5248
f 12096 12137 63
f 5131 5152 12177
f 5152 5131 84
f 5152 83 12177
f 83 5152 12136
f 85 107 12179
f 85 5150 63
f 5150 85 12179
f 85 12137 5151
f 12137 85 63
f 12178 5130 84
f 85 5130 107
f 107 5130 12220
f 5130 5151 84
f 5130 85 5151
f 11861 11863 5311
f 5310 11862 2097
f 11862 5310 2082
f 5311 11864 2082
f 11863 11864 5311
f 11864 11862 2082
f 11835 2081 11836
f 5312 11835 11839
f 11835 5312 2081
f 5325 11835 11836
f 11839 11835 5325
f 5446 11509 1885
f 5324 5323 2061
f 5324 11834 5323
f 5324 11838 5311
f 11834 5324 5311
f 5324 5325 11836
f 1956 5393 5398
f 2001 1885 5397
f 11745 2001 5397
f 1885 2001 5358
f 5392 11713 5397
f 3654 8332 11406
f 14575 8019 8018
f 6961 6976 444
f 7082 7104 4649
f 7147 2024 11773
f 1949 7436 5396
f 1949 5399 7436
f 1953 1946 1950
f 1946 5399 1950
f 7389 1940 11680
f 5399 11660 7436
f 5402 11660 5400
f 11660 5399 5400
f 7353 11672 4382
f 7353 11673 11672
f 7398 11662 11661
f 7447 11648 11661
f 4249 11649 7550
f 4249 7551 11648
f 12151 524 6906
f 524 12151 12150
f 7018 11934 2137
f 4746 7009 6992
f 6991 4746 6992
f 6977 6975 11992
f 6975 6977 12029
f 6977 11992 444
f 6976 6977 444
f 450 6975 447
f 6975 450 446
f 450 447 6992
f 446 450 6992
f 11994 6973 12032
f 7009 4733 7026
f 6932 12118 12077
f 6932 6949 23
f 24 6932 12077
f 6949 6932 24
f 12076 6932 23
f 489 12072 6920
f 489 6937 12072
f 6949 12037 23
f 6967 12037 6949
f 2005 1986 11773
f 1986 7147 11773
f 7147 1986 7276
f 7146 2005 11773
f 11697 1949 5396
f 11907 5276 11908
f 97 12167 5142
f 5204 12085 5184
f 5184 12085 53
f 12046 12008 10
f 5199 35 12051
f 35 5199 12050
f 5217 5199 12051
f 11937 5277 5278
f 5337 5326 5325
f 11809 2019 2039
f 2019 2061 5358
f 2019 11809 2061
f 9709 13365 9708
f 13363 13364 2575
f 13363 2612 13405
f 2612 9627 13405
f 9627 2612 13404
f 9710 13363 2575
f 13320 9710 2575
f 13236 2503 9788
f 2503 2537 9788
f 2503 2468 9789
f 2468 2503 13236
f 13272 9789 9751
f 13272 2503 9789
f 2503 13272 2537
f 2652 2693 13453
f 2652 9627 2693
f 9627 2652 13405
f 9626 2652 13453
f 2652 9626 13405
f 13619 9477 2840
f 13867 3076 9064
f 2783 13554 9484
f 13554 2783 9483
f 2783 13609 9483
f 2835 13671 9362
f 2836 13610 9425
f 13610 2784 9425
f 13610 9424 2784
f 9425 9482 9483
f 2784 9482 9425
f 2694 13454 9626
f 13867 9141 3076
f 2952 9291 9221
f 9144 13803 3013
f 9144 9143 2953
f 13803 9144 2953
f 13740 9290 2953
f 9224 9148 13800
f 9148 13861 13800
f 13861 9148 13860
f 14262 8528 8527
f 8528 14262 3501
f 14325 8444 14326
f 3502 14262 8527
f 14262 3502 8604
f 9538 9539 13552
f 9485 9538 13552
f 9538 9485 2734
f 2691 13450 9585
f 13450 2649 9585
f 2649 13450 9630
f 2650 13450 9584
f 13450 2691 9584
f 13402 2609 9630
f 13402 9629 2610
f 9629 13402 2650
f 13450 13402 9630
f 13402 13450 2650
f 2648 2690 13449
f 13498 13497 2733
f 13499 13498 9539
f 9538 13499 9539
f 13499 2690 13498
f 13499 2691 9585
f 13499 9538 2691
f 13499 9585 13449
f 2690 13499 13449
f 9540 13549 13550
f 13549 9540 2733
f 13498 9540 13550
f 9540 13498 2733
f 9429 13606 9486
f 2781 9429 9486
f 9429 2781 13605
f 9364 13607 9428
f 13607 9364 9427
f 9228 13731 9298
f 9297 13670 13669
f 13670 9364 13669
f 13670 2890 9427
f 9364 13670 9427
f 13670 9296 2890
f 9296 13670 9297
f 9296 13734 13671
f 9625 13411 2614
f 2615 9624 13408
f 9667 2615 13362
f 2615 9667 2614
f 2615 9666 13362
f 2615 9623 9666
f 9623 2615 13408
f 9477 13617 2840
f 9421 2839 9358
f 9530 13559 9477
f 8340 8422 8424
f 1049 10052 10459
f 10458 10052 2275
f 1107 10034 10492
f 10035 1107 10492
f 1107 10526 10034
f 10425 2274 10053
f 2274 10054 10457
f 10053 2274 10457
f 10054 2274 2273
f 10069 1049 10068
f 10052 10069 2275
f 10069 10052 1049
f 1312 1311 1285
f 1311 1313 1285
f 9826 1284 1285
f 1284 1312 1285
f 1284 1283 1312
f 11230 3272 8816
f 13564 9526 2791
f 2790 9473 9528
f 13622 2846 9350
f 2789 9418 13616
f 9419 9356 2841
f 9356 9419 13621
f 9354 9417 13616
f 9622 2656 13458
f 13743 9285 9286
f 13743 9215 9285
f 2957 13743 9286
f 13743 2957 9215
f 2845 9352 13681
f 2845 13618 9352
f 9285 13680 9286
f 9353 13680 9415
f 9475 9417 9415
f 9475 2790 9528
f 13683 2901 9282
f 13745 9284 2959
f 9284 13744 9214
f 9285 13744 13681
f 13744 9284 13681
f 2848 9470 13624
f 9470 2848 9469
f 13747 9281 9282
f 9281 13688 13687
f 9281 9280 13688
f 9212 9211 9282
f 9211 13747 9282
f 9346 9279 9278
f 2904 9279 9346
f 11006 9207 9278
f 11006 2964 9207
f 2964 9208 11041
f 11006 9208 2964
f 9208 9279 2963
f 9279 9208 9278
f 9208 11006 9278
f 2743 9527 9525
f 9527 13564 9525
f 13564 9527 9526
f 9527 2743 13461
f 2742 9527 13461
f 9527 2742 9526
f 2744 13566 9469
f 13566 9470 9469
f 10008 2328 10016
f 2346 10008 10016
f 10008 10558 2328
f 10558 10008 2349
f 2373 2345 10009
f 2289 10037 2290
f 10037 2289 2323
f 2327 2325 10009
f 2347 2327 10009
f 2327 2347 2346
f 2345 2347 10009
f 2346 2347 2373
f 2347 2345 2373
f 2307 2325 2327
f 10561 1167 10004
f 1167 10561 1138
f 10011 1140 10529
f 1140 10011 10562
f 6234 1140 10562
f 10005 1167 1138
f 9965 10005 1166
f 10049 10428 1051
f 9966 1195 1196
f 1195 9935 1196
f 9935 1195 1194
f 9901 1225 9902
f 10592 9966 1196
f 9965 10592 1196
f 10592 10006 9966
f 10592 9965 1166
f 10006 10592 1166
f 10006 1165 9966
f 10011 10003 10562
f 1168 10003 10011
f 10003 1168 9962
f 1198 9933 10626
f 9933 1228 10626
f 1228 9933 10625
f 9933 9934 10625
f 9934 9933 1197
f 1167 9964 10004
f 9963 1198 10594
f 9963 1168 10004
f 1168 9963 10594
f 9964 9963 10004
f 9963 9964 1198
f 9865 1256 1255
f 9827 9865 9902
f 9865 1255 9902
f 1283 10687 9827
f 10687 1284 9826
f 1284 10687 1283
f 10687 9826 1258
f 1228 9900 10657
f 1256 9900 10656
f 10656 9900 10625
f 9900 1228 10625
f 6377 1020 10393
f 10363 6377 10393
f 6377 10391 1020
f 1046 6351 10422
f 10422 6351 6378
f 6351 10391 6378
f 6350 10424 10393
f 10424 1048 10393
f 10424 6349 1048
f 6349 1047 6322
f 1047 10424 6350
f 10424 1047 6349
f 6447 6446 933
f 957 6425 10362
f 990 957 10362
f 10337 6447 10339
f 10337 6427 6447
f 6428 10337 10339
f 10337 6428 6427
f 6325 1074 10452
f 6352 6325 10452
f 6325 6352 1045
f 10482 10483 6298
f 1104 6266 10521
f 6266 1104 10520
f 10554 6266 10520
f 1103 10486 6295
f 10486 1103 10520
f 10519 6268 1131
f 1135 10590 6205
f 10555 6265 10521
f 6206 10590 1164
f 1077 10489 6292
f 10488 10489 1077
f 10489 1106 6292
f 10489 10488 1106
f 1105 6265 10522
f 10488 1105 10522
f 1105 10488 6293
f 10487 1105 6293
f 6265 1105 10521
f 1105 10487 10521
f 10421 1018 6353
f 10389 1018 10421
f 6425 10364 10362
f 6352 10390 10421
f 6327 6354 1043
f 10483 1073 6298
f 1073 10483 6297
f 6242 10550 1158
f 6270 10551 10517
f 6269 1101 10517
f 10483 1101 6297
f 1101 6270 10517
f 6270 1101 10483
f 10484 6269 1102
f 6296 10484 1102
f 1101 10484 6297
f 10484 1101 6269
f 6297 10484 1074
f 10484 6296 1074
f 6269 1130 10552
f 10551 1130 10517
f 1130 6269 10517
f 10578 6217 1155
f 6217 10578 1183
f 1127 6245 10548
f 6245 1127 10547
f 1153 1124 10543
f 1153 10544 1124
f 6191 10609 6220
f 10609 6191 1211
f 6190 10609 1211
f 6163 6162 1210
f 6162 6191 1210
f 6191 6162 1211
f 6162 6161 1211
f 6161 6162 10641
f 1038 6362 6363
f 10474 1066 6307
f 1066 10474 6306
f 6305 10476 10510
f 10476 6277 10510
f 10476 6305 1067
f 6306 10476 1067
f 6362 1010 6363
f 981 1010 10380
f 1010 981 6388
f 1009 10409 6364
f 10409 1009 6389
f 10318 931 10319
f 6464 10318 10319
f 913 10318 6464
f 10353 6412 980
f 6412 10353 951
f 10353 6433 951
f 10317 10318 913
f 6452 10331 929
f 6433 10331 951
f 10331 6452 951
f 10316 6452 929
f 6116 10691 1262
f 1181 10608 6191
f 10608 6192 1210
f 6191 10608 1210
f 10603 1178 6225
f 6165 6194 10605
f 6194 6165 10606
f 1239 6138 6137
f 6138 1239 10637
f 10668 6138 10637
f 6164 1209 10606
f 10607 1209 6163
f 1209 6164 6163
f 6164 1241 6163
f 1240 6164 6165
f 6461 920 10324
f 920 10307 916
f 10307 920 6475
f 920 6461 10308
f 6475 920 10308
f 10098 10104 10101
f 10098 10320 10104
f 10105 899 6504
f 10305 10105 6504
f 10080 1023 10397
f 10080 10067 1023
f 10427 10066 1023
f 10067 10427 1023
f 10066 10427 1051
f 10427 1050 1051
f 1050 10427 10067
f 10341 10101 10100
f 960 10088 10094
f 917 10105 10305
f 899 10292 6504
f 10105 6477 899
f 913 10304 10303
f 10304 6478 10303
f 6478 10304 913
f 852 6534 847
f 847 6534 848
f 6533 849 848
f 6534 6533 848
f 6533 6534 10247
f 10262 860 6529
f 860 857 6528
f 6514 6515 10280
f 6502 6514 10280
f 875 6514 865
f 6515 6514 875
f 10288 10287 896
f 10287 10288 6506
f 10315 10316 6465
f 10316 10315 6452
f 910 6467 6466
f 910 10301 6481
f 10269 874 6516
f 874 6505 6516
f 1095 10474 6307
f 10474 1095 10509
f 10509 6250 10543
f 1095 1094 10507
f 10409 1036 6364
f 1036 1037 6364
f 10407 1006 6367
f 10570 6254 6225
f 6254 1177 6225
f 1092 10505 1093
f 6300 10481 10482
f 6301 10481 6300
f 6301 6302 10480
f 1099 6301 10480
f 10481 6301 1099
f 10447 1070 6329
f 1070 6300 6329
f 1070 6301 6300
f 1070 10447 6330
f 10446 1070 6330
f 1070 10446 6302
f 6301 1070 6302
f 10514 6272 1099
f 6272 10514 10548
f 6362 1039 10411
f 1039 6362 1038
f 10381 6386 982
f 1011 10381 982
f 6430 10336 10335
f 6430 10335 10334
f 6431 6430 10334
f 954 6430 10355
f 6430 6431 10355
f 6409 10355 982
f 6409 954 10355
f 6386 6409 982
f 6409 6386 1012
f 10336 6429 6448
f 6430 6429 10336
f 1127 6273 10547
f 6273 10513 10547
f 10514 6273 1127
f 6273 10514 10480
f 10513 6274 1126
f 10479 6303 1097
f 6274 10479 1097
f 1069 10479 6302
f 10479 1069 6303
f 10479 6274 10513
f 5975 1388 10828
f 5856 10939 5855
f 5856 10938 5826
f 10939 5856 5826
f 10853 5946 1415
f 1388 5946 10828
f 1436 5919 10850
f 1390 5973 10830
f 5972 1390 10830
f 5943 5972 10830
f 5941 10832 1419
f 10832 5941 5970
f 1392 10832 5970
f 10858 10944 5970
f 5941 10858 5970
f 5972 10831 1391
f 10831 5972 5943
f 5944 1418 10830
f 1418 5943 10830
f 5797 1518 5826
f 1518 10939 5826
f 10968 5797 5826
f 5824 1546 1520
f 10941 5824 1520
f 1520 10971 1547
f 10705 6102 6072
f 10677 6128 10646
f 1222 6148 6147
f 6030 10745 1310
f 6059 10745 6029
f 10745 6059 1310
f 6148 10655 6147
f 10655 6148 1254
f 6147 10655 6119
f 10655 1254 6119
f 1522 10973 5791
f 1522 5821 10973
f 10944 1522 5791
f 5821 1522 10944
f 5763 5793 1547
f 10972 5793 5763
f 5823 10941 1520
f 5823 5793 10972
f 5823 1520 1547
f 5793 5823 1547
f 5737 5738 5708
f 5764 5763 1547
f 10971 5764 1547
f 1575 5735 5734
f 11028 5716 5745
f 5746 11028 5745
f 1540 5802 10963
f 1539 5803 10962
f 5803 5832 10962
f 5774 1539 10962
f 6024 10751 5995
f 10751 6025 5995
f 5967 1371 5995
f 10806 1373 10810
f 10751 6054 1345
f 1291 6054 10721
f 6054 1291 10720
f 6054 10751 6024
f 1201 1200 6175
f 10595 1200 6204
f 1340 1314 1339
f 1314 1313 1339
f 1288 6087 10689
f 9899 1229 10626
f 10627 1229 9898
f 10594 1199 9962
f 1199 10595 9962
f 6087 6117 10689
f 1230 10627 9898
f 6146 1230 9898
f 10628 1230 6146
f 6144 10660 1262
f 10628 1231 6175
f 1231 10628 6146
f 10749 6025 1345
f 10778 10777 5997
f 10777 10748 6027
f 5996 10778 5997
f 1396 5996 5997
f 6025 5996 5995
f 10749 5996 6025
f 5968 5967 5995
f 5967 5968 1399
f 5996 5968 5995
f 5968 5996 1396
f 9468 1366 1339
f 1366 9468 5879
f 6056 10748 1344
f 1384 5980 10793
f 5983 10820 1382
f 1514 5802 10964
f 5802 1514 5831
f 5812 5782 5811
f 5839 10956 1534
f 10956 5810 1534
f 5810 10956 5839
f 10927 1482 5868
f 1428 10834 5935
f 10834 1404 5935
f 10834 1428 5933
f 1405 10834 5933
f 1404 10834 1405
f 5903 10865 10862
f 1477 10897 5901
f 10837 1405 5933
f 6019 5989 10785
f 5989 6019 1377
f 5989 1377 10814
f 5959 5989 10814
f 6019 6020 10784
f 6020 5990 10784
f 1375 6020 10783
f 5990 6020 1375
f 6049 6019 10756
f 5898 10898 5869
f 10898 10868 5899
f 10898 5898 10868
f 10869 5898 10899
f 10869 10899 5897
f 10840 10869 5929
f 5929 10869 10870
f 10869 5897 10870
f 10869 10840 5930
f 10868 10869 5930
f 5898 10869 10868
f 5928 1430 10842
f 5928 10841 10870
f 1430 5928 10870
f 1455 1431 5927
f 1431 1455 10872
f 1455 5896 10901
f 1381 5955 10819
f 10818 5955 5984
f 5955 1381 5984
f 6138 10669 6137
f 6049 1323 10727
f 1323 6049 10756
f 6018 10756 10785
f 1406 5959 10841
f 1406 10815 5959
f 1406 5928 10842
f 5928 1406 10841
f 10815 5988 5959
f 5989 5988 10785
f 5988 5989 5959
f 5988 6018 10785
f 1407 5927 10843
f 5927 1407 10842
f 1407 5957 10842
f 10790 6013 5984
f 6013 10790 10762
f 5865 1484 5894
f 1484 10903 5894
f 10903 1484 5864
f 1484 10930 5864
f 10930 1484 5865
f 1408 1407 10843
f 1408 5955 10818
f 10876 5891 1459
f 10904 10874 1457
f 5832 5862 10932
f 5926 1431 10872
f 1431 5926 10843
f 5926 1408 10843
f 1618 1644 1645
f 1618 5695 1644
f 1618 11059 5695
f 11059 1645 5694
f 11059 1618 1645
f 10930 5835 5864
f 1536 1509 10958
f 1536 5807 1509
f 1536 10958 5778
f 1561 10987 5781
f 5753 1561 5781
f 10987 1561 5752
f 1561 5753 5752
f 5753 10986 1560
f 10986 5753 5781
f 10986 5782 1560
f 10989 1563 5778
f 5750 1563 10989
f 5749 1563 5750
f 5749 10990 5778
f 1563 5749 5778
f 11023 1591 5721
f 5750 11023 5721
f 11023 5750 5751
f 1591 11060 5721
f 11060 1591 5694
f 5722 5751 5752
f 11022 5722 5752
f 5722 11023 5751
f 11023 5722 1591
f 1591 5722 5694
f 5722 11059 5694
f 5779 5808 1535
f 10988 5779 1535
f 5779 10989 5778
f 5808 5779 5778
f 5779 10988 5751
f 5779 5750 10989
f 5750 5779 5751
f 5751 1562 5752
f 10988 1562 5751
f 1562 5780 5752
f 1562 10988 5780
f 1551 10976 9408
f 9052 8971 11008
f 8972 8971 9052
f 12480 4937 279
f 12536 4874 312
f 12536 12585 4874
f 280 4935 12482
f 12483 4934 282
f 4934 4906 282
f 4906 4934 12532
f 254 280 12482
f 4906 4933 282
f 283 257 4960
f 283 4959 257
f 4959 283 12492
f 12440 4985 231
f 12440 4958 4985
f 12440 4959 4958
f 4959 12440 257
f 257 12439 4960
f 12439 12440 231
f 12440 12439 257
f 4986 12395 12398
f 12439 4986 12442
f 12395 4986 231
f 4986 12439 231
f 4987 12397 229
f 12439 256 4960
f 256 12439 12442
f 12392 4988 229
f 4903 4876 12593
f 4904 12534 309
f 12534 4932 309
f 4933 4932 12495
f 5107 12221 5129
f 12221 108 5129
f 5085 12265 5084
f 12265 5085 12261
f 5085 129 5086
f 12263 155 5060
f 5060 155 12304
f 155 12309 12304
f 5126 5104 156
f 5104 12264 156
f 5104 5082 12264
f 12311 5060 12304
f 5059 12264 5060
f 12311 5059 5060
f 5059 12311 12308
f 12264 5059 156
f 5059 12305 156
f 5059 12308 12305
f 12390 4990 12394
f 4990 4991 227
f 4990 12390 4991
f 4936 4935 280
f 4936 4908 4935
f 12581 336 4878
f 4906 12581 4878
f 4766 12771 419
f 4794 4766 419
f 4852 4822 12628
f 4822 4852 12675
f 334 12579 4881
f 4911 12527 4884
f 304 4911 4884
f 12530 4909 4881
f 4909 4882 4881
f 4937 4909 12530
f 305 4909 4937
f 12475 274 4970
f 245 12473 4973
f 4771 12767 415
f 12768 12767 12766
f 12767 4771 12766
f 358 387 4827
f 387 358 4828
f 12717 4830 4799
f 12717 4799 415
f 332 12577 4884
f 12577 332 4883
f 12577 304 4884
f 304 12577 4883
f 4854 12626 4884
f 12626 332 4884
f 332 12626 4853
f 361 12626 4854
f 12625 4855 360
f 4855 12672 360
f 12626 12674 4853
f 12674 12626 361
f 12673 361 4854
f 12673 12625 360
f 12625 12673 4854
f 12769 12768 12766
f 12624 4855 330
f 4856 12624 330
f 12624 12672 4855
f 12670 4857 4858
f 12670 358 4857
f 358 12670 4828
f 357 12670 4858
f 12670 357 4828
f 4857 12622 4858
f 329 12622 4857
f 4856 12623 4857
f 12623 329 4857
f 329 12623 4856
f 12771 4765 419
f 12772 4765 12771
f 12592 4903 12593
f 339 4875 12594
f 339 12592 12593
f 12630 4850 364
f 4790 393 12725
f 150 12298 5066
f 12258 150 5066
f 5089 150 12258
f 5067 150 12257
f 150 5089 12257
f 5111 5089 127
f 5110 5111 127
f 5111 5110 12218
f 5087 5109 128
f 5109 129 12219
f 5109 5087 129
f 149 5067 12257
f 5068 149 12257
f 126 5090 12257
f 5112 5090 126
f 5090 5112 12216
f 129 5108 12219
f 5130 5108 12220
f 5108 5130 12219
f 5108 5085 12220
f 5085 5108 129
f 12260 5064 152
f 5064 12260 5086
f 12260 5085 5086
f 5065 12258 151
f 5087 12259 5086
f 12259 5064 5086
f 12259 5087 5088
f 5064 12259 151
f 12259 5065 151
f 12258 12259 5088
f 5065 12259 12258
f 5132 83 12176
f 83 5132 12177
f 5132 5131 12177
f 5109 5132 12218
f 83 5153 12176
f 5153 12135 12176
f 5153 83 61
f 12135 5153 61
f 12299 5064 151
f 5043 12299 151
f 5064 12300 152
f 12345 201 12349
f 12390 201 5016
f 201 12390 12349
f 178 12345 12349
f 6538 12752 12753
f 6538 12753 6537
f 12654 372 6602
f 372 6571 6602
f 372 12654 6603
f 6541 6540 400
f 6540 6541 12751
f 407 12758 4780
f 407 378 12708
f 4809 407 12708
f 407 4781 12758
f 407 4809 4781
f 4893 12567 323
f 12567 4894 323
f 4921 12567 4893
f 4894 12567 295
f 12567 4921 295
f 294 12517 4923
f 4896 294 4923
f 4894 12616 323
f 12616 4894 4895
f 12616 4865 12664
f 322 12616 4895
f 12616 322 4865
f 4896 12565 321
f 247 12475 4970
f 12430 247 4970
f 247 12430 12429
f 219 12426 4974
f 219 5000 12426
f 5000 219 12381
f 357 12718 4828
f 12718 387 4828
f 12517 4922 4950
f 4922 12518 4950
f 12518 4922 295
f 4922 4894 295
f 4894 4922 4895
f 4922 294 4895
f 294 4922 12517
f 269 12470 4976
f 12518 4949 12469
f 4949 269 12469
f 4921 4949 12518
f 4949 12470 269
f 12470 4949 4948
f 12520 4948 4920
f 12520 4947 4948
f 4948 12519 4920
f 4949 12519 4948
f 12519 4949 4921
f 4803 4833 12713
f 12665 4833 353
f 4833 382 12713
f 382 4833 12665
f 12764 4774 12763
f 4774 4803 12763
f 4803 4774 12714
f 4807 408 12710
f 408 4807 4779
f 4775 12762 12763
f 12763 12762 12761
f 12762 4776 12761
f 12617 4893 323
f 12665 12617 4834
f 4863 12617 12665
f 12618 4863 353
f 4778 408 12760
f 409 4778 12760
f 4806 4778 409
f 408 4778 12710
f 4778 4806 12710
f 350 12662 4866
f 380 4806 12711
f 4836 380 12711
f 4806 380 12710
f 380 12662 12710
f 380 4836 12662
f 4927 4899 291
f 4954 4927 291
f 290 4927 12513
f 4811 404 4783
f 404 4811 12706
f 405 4811 4783
f 376 4811 405
f 4811 376 12706
f 4782 4810 405
f 4810 376 405
f 12703 373 6602
f 375 404 12706
f 843 6578 12746
f 6578 12696 842
f 12749 6543 12748
f 6579 12745 842
f 6579 6547 12745
f 12744 6548 12743
f 841 6579 12695
f 6579 841 6547
f 6547 841 12744
f 841 6548 12744
f 6548 841 6580
f 6641 748 12599
f 6642 779 12599
f 12646 779 6642
f 779 6641 12599
f 6641 779 12647
f 6720 258 12457
f 258 6747 12457
f 12505 6722 722
f 6667 12505 722
f 6639 749 6640
f 286 12508 6663
f 12557 286 6663
f 343 12654 6602
f 12607 6632 315
f 6605 6604 784
f 12750 846 6542
f 6541 846 12750
f 808 6614 12692
f 6614 808 12644
f 6549 6550 12742
f 839 6550 6549
f 6550 6551 12742
f 4953 4925 12515
f 4953 12466 265
f 4955 290 12513
f 4927 4955 12513
f 12465 265 4981
f 12465 4954 265
f 12329 5034 5033
f 5034 12329 186
f 12417 211 5010
f 12328 12329 5057
f 12329 12328 186
f 12328 5034 186
f 4956 12463 4957
f 287 6717 12509
f 287 6690 6717
f 6690 12510 6716
f 6717 12460 12509
f 12462 261 6716
f 261 12461 6716
f 12510 6689 6716
f 288 6689 12559
f 6689 12510 12559
f 262 12462 4957
f 262 12463 4984
f 12463 262 4957
f 6742 12416 235
f 261 6742 235
f 6742 261 12462
f 6742 12417 12416
f 262 6742 12462
f 6743 261 235
f 261 6743 12461
f 15063 7400 4338
f 15063 15109 4339
f 7400 15063 4339
f 6831 565 15433
f 565 553 15433
f 15429 565 6852
f 553 565 15429
f 6853 15428 554
f 558 6874 6855
f 558 562 6874
f 12190 12191 523
f 12191 12190 6889
f 545 12191 6889
f 6907 524 12150
f 12066 6945 483
f 6945 12066 463
f 515 512 6890
f 512 515 6909
f 12190 515 6890
f 515 12190 6909
f 12148 6909 523
f 493 12148 523
f 12148 493 503
f 12189 522 521
f 522 12189 512
f 522 12147 521
f 15430 6872 15429
f 6872 15430 543
f 544 12190 6890
f 6871 544 6890
f 12190 544 6889
f 536 6871 12189
f 6891 536 12189
f 15430 536 543
f 12230 544 6871
f 613 6804 12315
f 6778 12406 640
f 12235 571 6845
f 6865 12235 6845
f 548 6885 6866
f 12235 548 6866
f 548 12235 6865
f 6823 12319 594
f 6823 593 12318
f 12275 593 571
f 6670 12550 749
f 748 12550 6671
f 6775 12408 12409
f 12406 664 640
f 6830 587 12312
f 6808 6807 12312
f 6807 6808 15445
f 12497 6704 12546
f 6676 6704 715
f 6704 6676 12546
f 6704 6731 715
f 6731 6704 12497
f 12448 12497 6730
f 12448 6731 12497
f 12448 6730 661
f 6675 12497 12546
f 12547 6675 745
f 6675 6645 745
f 6645 6675 12546
f 12497 6703 6730
f 6703 12498 6730
f 6703 12547 12498
f 6673 12598 747
f 12598 6673 746
f 6730 6756 661
f 6756 689 662
f 6828 6849 589
f 6828 12272 6849
f 6827 613 12315
f 617 6823 12318
f 6823 617 12319
f 12319 617 6799
f 617 12363 6799
f 642 6775 12409
f 6774 642 12409
f 12320 618 6798
f 618 12319 6799
f 551 6881 12198
f 12152 12110 6924
f 12071 6938 469
f 6938 12071 488
f 114 12204 6875
f 12204 92 6875
f 12205 5147 5125
f 5147 12204 5125
f 12204 5147 92
f 115 12205 5125
f 92 6894 6875
f 12286 5058 5057
f 5058 12328 5057
f 5100 12247 12248
f 12370 6793 6768
f 209 12370 6768
f 12370 209 6767
f 12371 12370 6767
f 6793 12369 6768
f 6876 113 6856
f 6840 12240 133
f 6696 6668 722
f 12504 6696 722
f 12507 285 6719
f 285 6692 6719
f 6692 285 6663
f 6770 6771 12413
f 669 6772 12411
f 6748 669 12411
f 6747 669 696
f 669 6748 696
f 6796 620 12366
f 620 12322 12321
f 620 6796 12322
f 6773 12365 643
f 12365 6774 643
f 6774 12365 6798
f 12365 6773 12366
f 644 6772 12366
f 6773 644 12366
f 6772 644 12411
f 644 6773 12411
f 12255 147 5069
f 12255 5070 147
f 5023 12339 12338
f 5117 99 12211
f 121 5117 12211
f 5139 5117 12212
f 5117 5139 99
f 5117 122 12212
f 99 5140 12211
f 5140 99 12169
f 5140 5118 12211
f 122 5116 12212
f 5116 122 5094
f 123 5116 5094
f 12213 5116 123
f 12171 12129 77
f 12129 12171 5159
f 5073 12251 144
f 5096 12251 121
f 5096 5118 120
f 5118 5096 121
f 12251 5096 5074
f 12250 5096 120
f 5096 12250 5074
f 12129 5160 77
f 5160 5161 77
f 5161 5160 12128
f 56 12129 5159
f 12130 56 5159
f 12088 56 5180
f 56 12088 12129
f 5180 56 12089
f 56 5158 12089
f 56 12130 5158
f 5115 12213 123
f 5093 5115 123
f 101 5115 12214
f 12213 5115 5137
f 5115 101 5137
f 5032 12375 188
f 12375 213 5006
f 5098 119 5120
f 12249 119 5098
f 5101 5123 116
f 12246 5101 116
f 5101 12247 5100
f 12247 5101 12246
f 117 5100 5122
f 117 5101 5100
f 5101 117 5123
f 12208 5144 5122
f 5144 95 5122
f 95 12207 5122
f 12207 117 5122
f 117 12207 5123
f 12207 5145 5123
f 5145 12207 95
f 4977 242 12423
f 4978 4977 12423
f 269 4977 12469
f 242 4977 269
f 12517 4951 4923
f 12468 4951 12517
f 4951 12468 267
f 4951 12516 4923
f 12467 4951 267
f 4978 4979 267
f 4979 12467 267
f 5050 12335 169
f 5050 169 145
f 5049 12335 12336
f 12293 5049 12294
f 5049 12293 169
f 12335 5049 169
f 5134 5112 104
f 5112 5134 12216
f 5114 5136 12214
f 5136 101 12214
f 5215 5196 5214
f 17 5215 5214
f 5215 17 12015
f 2080 5326 5313
f 2080 11832 5326
f 5312 2080 5313
f 11832 2080 5312
f 2095 11856 11883
f 11856 2095 5313
f 5298 11857 11884
f 11857 2111 11884
f 2111 5299 11883
f 5299 2095 11883
f 11857 5299 2111
f 2095 5299 5312
f 5299 11857 5312
f 11855 11882 2094
f 2112 11915 5283
f 2112 5284 11915
f 5284 2112 11884
f 2112 5298 11884
f 2112 11861 5298
f 5286 11913 11883
f 5270 11913 2127
f 7105 7106 7085
f 7086 7064 4667
f 7131 4625 4600
f 7131 7108 4625
f 7107 7106 4626
f 7106 7107 15351
f 7108 7107 4625
f 4580 4605 7149
f 4605 15340 7149
f 15336 7128 4628
f 7128 7105 4628
f 6567 819 6568
f 819 787 6568
f 6567 6566 821
f 6566 6567 6565
f 827 796 15509
f 6563 827 6564
f 729 15482 730
f 15482 729 728
f 729 730 6688
f 728 729 6688
f 15522 6561 15521
f 830 15522 6560
f 830 6561 15522
f 6561 830 6593
f 755 764 6659
f 764 15482 6659
f 778 12646 6642
f 12598 778 6642
f 12694 778 6612
f 778 12694 12646
f 778 12598 6643
f 778 12645 6612
f 12645 778 6643
f 6646 15493 6647
f 15493 743 6647
f 743 15493 6646
f 15461 687 6732
f 12496 15461 6732
f 6731 15461 12496
f 685 6734 15459
f 658 685 15459
f 15460 15470 6732
f 15460 6733 15470
f 687 15460 6732
f 15460 687 6759
f 804 6587 15518
f 6587 834 6555
f 6587 835 15518
f 835 6587 6555
f 15490 771 6650
f 771 15490 6651
f 740 15490 6650
f 15490 740 6651
f 6556 6588 15526
f 6556 834 6588
f 15527 6556 15526
f 834 6556 15527
f 6622 769 15500
f 769 6622 15501
f 6622 801 15501
f 15514 6622 15500
f 15514 15500 6623
f 800 15514 6623
f 15514 800 831
f 6552 837 12740
f 12741 6552 12740
f 6552 12741 6551
f 6584 6552 6551
f 837 6552 6584
f 837 15520 6585
f 15520 6616 6585
f 15520 837 6584
f 15506 6646 6647
f 6618 773 15504
f 6618 6586 773
f 6618 804 6586
f 6554 835 15528
f 835 6554 6586
f 15529 6554 15528
f 836 6554 15529
f 6586 6554 836
f 15503 772 6650
f 772 15491 6650
f 772 6618 15504
f 6619 772 15503
f 6618 772 804
f 6587 772 6619
f 772 6587 804
f 15492 6648 742
f 773 15492 15504
f 6648 15492 773
f 6678 15480 742
f 15480 741 742
f 15480 6679 741
f 6679 15480 6707
f 6707 15480 713
f 15480 6678 713
f 6621 15516 802
f 6621 770 15501
f 6621 15515 6590
f 6589 6621 6590
f 15516 6621 6589
f 801 6621 15501
f 6621 801 15515
f 6588 6620 802
f 6620 6588 15517
f 15502 771 6651
f 15489 15502 6651
f 770 15502 15489
f 15502 6620 771
f 6621 15502 770
f 15502 6621 802
f 6620 15502 802
f 6708 6709 6680
f 15467 6709 6708
f 15478 740 6680
f 15478 6681 740
f 6709 15478 6680
f 6734 15468 6707
f 15468 712 6707
f 712 15468 6708
f 685 15468 6734
f 6708 15468 6735
f 15468 685 6735
f 711 6736 6710
f 6736 711 15467
f 711 6709 15467
f 6681 711 6710
f 15478 711 6681
f 711 15478 6709
f 6736 15457 683
f 15500 768 6623
f 15488 15501 6652
f 15488 769 15501
f 6715 673 699
f 7083 673 6790
f 699 673 7083
f 6808 15444 6784
f 15444 6808 610
f 15444 6809 15443
f 6809 15444 610
f 6760 658 15459
f 12825 12824 2195
f 12824 10201 2195
f 12824 12825 10211
f 12823 12824 10212
f 12824 12823 10201
f 12824 2189 10212
f 2189 12824 10211
f 12801 12808 12820
f 12808 12801 10230
f 12801 10238 10230
f 12801 12809 10238
f 2179 10229 12802
f 12809 10229 12792
f 10228 12803 2180
f 12803 10228 12802
f 12793 2179 12802
f 10228 12793 12802
f 12793 10228 10236
f 2174 12793 10236
f 2179 12793 2174
f 12821 12814 2190
f 12814 12820 10210
f 2190 12814 10210
f 12806 2184 10231
f 12806 12812 2184
f 12806 10231 12799
f 12812 12806 12799
f 4344 15036 7386
f 15036 4311 7432
f 4311 15036 15037
f 4434 15111 15146
f 4434 7345 15111
f 4354 4394 15075
f 4344 4354 15075
f 4354 4344 7386
f 14993 4308 7434
f 7435 4308 14993
f 4392 15073 7346
f 15073 7435 14992
f 15073 4261 7346
f 15073 14992 4261
f 7345 15074 4392
f 15074 7345 4394
f 4354 15074 4394
f 15074 4354 7386
f 15036 15074 7386
f 7387 15074 15036
f 7387 15035 7388
f 4308 15035 7434
f 15401 7045 15400
f 4690 7045 15401
f 7064 15388 4667
f 15388 7063 4667
f 7085 15374 7062
f 7063 15374 7085
f 15374 15401 7062
f 15374 15388 15401
f 15388 15374 7063
f 15308 4577 4576
f 4578 4577 7152
f 4577 4578 15282
f 4602 15338 7152
f 4577 4602 7152
f 4602 4577 15308
f 7154 4601 4576
f 4681 4679 7053
f 4566 15275 7186
f 15275 4539 7186
f 4509 7214 7213
f 7240 4509 7213
f 4509 7240 15217
f 4537 7214 7188
f 7214 4537 7213
f 4711 15412 15400
f 15425 440 6963
f 15424 440 15425
f 6995 440 15424
f 430 6997 6996
f 6980 15422 438
f 6994 6978 6993
f 6978 6994 15424
f 15412 15411 6993
f 15422 6998 438
f 4724 7034 7016
f 7052 15389 4704
f 15389 7053 7054
f 7034 15389 7054
f 15389 4682 7053
f 15389 7052 4682
f 7344 15113 4389
f 4428 15113 7344
f 7383 15077 4356
f 15077 7383 15039
f 15114 7343 4432
f 15114 15077 7343
f 4312 15038 15039
f 15038 4312 7430
f 4312 14997 7430
f 7296 4446 4445
f 15220 7264 15189
f 7237 15220 15189
f 15220 7237 4513
f 7263 15220 15221
f 15220 7263 7264
f 7298 15156 4444
f 7332 4446 4405
f 7270 15184 15215
f 15005 7421 7472
f 7421 15005 4319
f 15047 7421 7375
f 7429 4312 15039
f 4312 7429 14997
f 15214 4500 15215
f 7307 15148 4432
f 7307 4428 15147
f 7275 4473 15148
f 7306 4473 15149
f 4473 7306 15148
f 4469 4466 15149
f 4469 4473 7274
f 4473 4469 15149
f 15211 7275 4502
f 7219 4504 4502
f 4504 15211 4502
f 15211 4504 7246
f 12807 10225 10234
f 12842 2197 10198
f 2197 12842 10197
f 2197 12835 10198
f 2197 12828 12835
f 2197 10197 10208
f 12828 2197 10208
f 2212 10174 2220
f 10174 2212 12871
f 10174 12887 2220
f 10174 10175 12887
f 10175 10174 12871
f 10173 2212 2220
f 10173 12889 12879
f 12842 12849 10197
f 12849 12843 10197
f 12849 12842 2205
f 12858 12864 12879
f 10177 12884 2218
f 12868 12854 12853
f 12868 10177 2218
f 10201 12838 2195
f 12838 10201 12837
f 2247 12965 12953
f 12976 12965 2254
f 12965 10047 12953
f 10047 12965 10002
f 12965 12976 10002
f 12965 12963 2254
f 12937 2247 12953
f 10131 12937 12953
f 12937 12951 2247
f 10125 12950 12942
f 12950 12951 12936
f 2219 10175 12886
f 10175 2219 12887
f 2227 2219 12886
f 10175 12870 2211
f 12855 12870 12856
f 2211 12870 12855
f 12870 12871 12856
f 12870 10175 12871
f 2211 12869 12886
f 12869 10176 12886
f 12869 2211 12855
f 12854 12869 12855
f 12868 12869 12854
f 12869 12868 10176
f 12881 10180 2216
f 10180 12881 12882
f 12881 10167 12882
f 10167 10166 12882
f 10166 2225 12882
f 10166 10167 12898
f 10167 2224 12898
f 2224 10146 12898
f 2224 12881 2216
f 12881 2224 10167
f 10146 2224 2238
f 10123 2224 2216
f 2224 10123 2238
f 12930 2243 12945
f 12930 2238 2243
f 2232 10145 12916
f 10137 10146 2238
f 12930 10137 2238
f 12931 10137 12945
f 10137 12930 12945
f 2214 10171 12875
f 10171 2214 12874
f 12874 2214 12859
f 12860 2214 12875
f 2214 12860 12859
f 12891 10171 12897
f 10171 12891 2222
f 10158 12891 12897
f 12891 10158 2222
f 12910 10160 12905
f 10150 12910 12905
f 12912 12910 10150
f 10160 2229 12889
f 2229 12910 12912
f 12910 2229 10160
f 12906 2229 12912
f 2229 2221 12889
f 2229 12913 10159
f 2229 12906 12913
f 12888 10160 12889
f 12888 10173 2220
f 10173 12888 12889
f 12888 2220 2228
f 10160 12888 2228
f 12896 12890 10159
f 12890 2229 10159
f 2229 12890 2221
f 2206 10185 12859
f 10185 2206 12844
f 12893 2223 10169
f 2231 12893 12892
f 2223 12893 2231
f 10183 2207 12846
f 10184 10183 12846
f 10183 10184 12860
f 2207 10182 12847
f 10182 2208 12847
f 2208 10182 12862
f 10123 12958 2248
f 12958 10123 10117
f 12976 12974 12986
f 10115 12964 2252
f 12991 10109 10108
f 12983 12991 10108
f 12991 12987 10109
f 12987 12991 12988
f 9406 2850 13567
f 2916 9339 9340
f 13816 3036 9120
f 9273 9342 9201
f 13751 9273 9201
f 9124 3032 9201
f 14003 8866 8950
f 13513 9575 9665
f 9575 9621 9665
f 9621 13412 9665
f 2798 9523 9467
f 3169 3168 8950
f 4161 8069 3796
f 8405 3531 8643
f 8484 8483 3535
f 14497 14495 3762
f 8120 14497 3762
f 8462 14367 8461
f 14367 8462 3624
f 8460 14307 8461
f 7539 4213 4261
f 14948 7539 4261
f 4213 7539 7592
f 7539 14948 7592
f 14903 4213 7592
f 4213 14903 4161
f 14758 7775 3997
f 7650 14858 4161
f 3994 3996 7841
f 8956 3161 13938
f 13999 8956 13938
f 3225 8871 3290
f 13174 9884 9848
f 9884 13174 2420
f 2454 13174 9848
f 9847 13174 2454
f 13138 13139 9918
f 13138 9884 13139
f 9884 13173 9848
f 13173 9849 9848
f 13173 13138 2419
f 13138 13173 9884
f 9849 2453 2489
f 9851 2452 13171
f 2452 9851 13209
f 13209 13208 9812
f 9851 13208 13209
f 13208 2487 9812
f 9986 2336 10001
f 9986 13072 2336
f 2385 9956 13099
f 9956 9957 13099
f 9985 13072 9957
f 9985 2329 13072
f 10000 9985 2337
f 9984 2360 13074
f 9984 9999 2337
f 9984 13074 9999
f 9961 9960 9988
f 9924 2385 13099
f 13160 9897 13159
f 9822 2517 2476
f 2517 9822 2473
f 9782 9742 13281
f 2553 9742 9782
f 2511 2517 2473
f 2480 2473 9862
f 13196 2480 9862
f 9705 2550 13322
f 9707 2548 13237
f 9744 13280 9783
f 13280 13239 9783
f 13280 2553 9782
f 13239 13280 9782
f 9705 13323 2550
f 13279 9744 13238
f 2730 9545 13544
f 2730 13545 9544
f 13492 2730 9544
f 9545 2730 13492
f 13348 2605 9680
f 2605 13348 9681
f 13348 9721 9681
f 2567 13348 9680
f 9721 13348 13304
f 13348 2567 13304
f 13494 9543 9542
f 13494 9589 2688
f 9490 9433 13601
f 13493 9590 9544
f 9590 13493 2688
f 13493 13494 2688
f 2689 9588 13446
f 2689 2647 13445
f 2647 2689 13446
f 13604 2781 9487
f 2781 13604 13605
f 13604 9366 13605
f 9633 13398 13446
f 13398 9633 13399
f 2644 9638 13392
f 13393 2605 9681
f 2604 13393 9681
f 9638 13393 2604
f 9592 2729 9546
f 2729 13542 13543
f 9546 2729 13543
f 2457 13222 13224
f 13222 2457 13217
f 13222 9803 13224
f 9803 13222 2529
f 2529 13222 13260
f 13222 13217 9763
f 13260 13222 9763
f 9843 13226 9842
f 9843 2457 13224
f 13259 2528 9764
f 13259 13300 9763
f 13300 13259 9764
f 13178 13184 9880
f 13184 9913 9880
f 13258 9805 13215
f 2528 9805 13258
f 9804 2492 2528
f 13259 9804 2528
f 13217 9804 9763
f 9804 13259 9763
f 9804 9844 2492
f 13184 9844 2457
f 9844 13184 13178
f 2457 9844 13217
f 9844 9804 13217
f 13212 2454 9848
f 2527 13258 13215
f 2455 2491 9846
f 9847 2455 13175
f 2455 9882 13175
f 9768 13296 13254
f 13296 9768 9728
f 2495 2533 9793
f 13228 2495 9793
f 13267 2495 9794
f 2533 2495 13267
f 2495 13227 9794
f 13227 2495 9835
f 9833 9870 13188
f 9833 2497 2500
f 9833 2463 13189
f 9870 9833 13189
f 13229 9833 2500
f 9833 13229 2463
f 13149 9910 2427
f 9910 13149 9908
f 9873 9835 13187
f 9873 13186 9835
f 9871 9873 13187
f 2465 9833 13188
f 9833 2465 2497
f 2497 2465 9793
f 2465 13228 9793
f 2498 2462 13225
f 9837 2462 2498
f 9797 2462 9839
f 2462 9797 13225
f 2462 13185 9839
f 9874 9876 13185
f 9874 2427 2393
f 9876 9874 2393
f 9875 9837 13186
f 9874 9875 2427
f 13146 9944 9911
f 9944 13146 9877
f 9944 2368 13089
f 9944 13089 13114
f 9911 9944 13114
f 9876 9944 9877
f 9944 9876 13119
f 9943 9944 13119
f 2368 9944 9943
f 9802 13226 13261
f 9761 9802 13261
f 9802 2530 2494
f 2530 9802 9761
f 9878 2424 13145
f 2424 9911 13145
f 2424 13146 9911
f 13146 2424 9877
f 2532 13266 9757
f 2532 9795 13266
f 13267 2532 9757
f 2532 13267 9794
f 2498 2532 9794
f 9795 2532 2498
f 13181 9840 9877
f 13181 9841 9840
f 2424 13181 9877
f 2458 13181 9842
f 9841 13181 2458
f 13221 9798 9799
f 2460 13221 9799
f 13221 2460 13220
f 9801 13221 13220
f 13221 9801 9798
f 2496 9796 9839
f 2496 13223 9796
f 2460 9838 9840
f 13223 9838 2460
f 9876 9838 9839
f 9838 9876 9840
f 9838 2496 9839
f 2496 9838 13223
f 9720 13349 13305
f 9720 2567 13349
f 9720 13305 9759
f 13263 9720 9759
f 13304 9720 13263
f 2567 9720 13304
f 9803 2493 13224
f 2493 9843 13224
f 13537 2773 9498
f 13339 9688 9728
f 2603 13392 13346
f 13392 2603 13391
f 13344 13345 9724
f 2564 13344 9724
f 13343 13344 2564
f 13344 13343 9684
f 13583 9449 9506
f 13649 9319 9318
f 9320 9319 2877
f 13706 9320 9321
f 8866 3230 8950
f 3230 14004 8950
f 14004 3230 8865
f 9559 13528 9506
f 9771 13292 9731
f 13292 2560 9731
f 13380 2597 13334
f 9810 2525 2489
f 2453 9810 2489
f 3185 13905 9005
f 13905 3185 13908
f 13907 9004 9005
f 13905 13907 9005
f 13967 3185 8922
f 14378 8452 8451
f 14378 14371 8452
f 14369 14378 8451
f 3500 8531 8529
f 8531 14317 8529
f 8531 3500 8530
f 2313 2314 10028
f 2312 2313 10028
f 2314 2313 13053
f 2313 2312 13053
f 2263 10076 13000
f 2263 10061 13004
f 10076 2263 13004
f 10061 2263 13009
f 13008 10062 10063
f 10062 13008 2280
f 13007 13008 10063
f 2278 13008 13007
f 13024 2283 13009
f 2280 10044 13009
f 10044 13024 13009
f 13024 10044 13038
f 10044 2299 13038
f 10062 2266 12999
f 2266 10077 12999
f 10077 2266 13000
f 2294 13036 2297
f 13035 13036 2292
f 2309 13036 13035
f 2309 2315 13054
f 2315 9999 13054
f 2315 2310 9999
f 2310 2315 10028
f 2315 2309 10028
f 13077 2362 9952
f 13077 9981 2362
f 9992 2342 13062
f 9992 9993 13081
f 9977 9992 13081
f 9992 9977 2342
f 10073 10058 10057
f 10059 13018 13019
f 13047 13031 13041
f 9993 13065 2341
f 10021 13043 13049
f 13065 10021 13049
f 10021 2321 13043
f 2286 13029 10038
f 9710 13315 2574
f 9711 13318 13314
f 13318 13315 9750
f 13318 9711 2574
f 13315 13318 2574
f 13273 9750 2538
f 2504 13273 2538
f 9583 9537 13501
f 9537 2735 13501
f 13553 9537 2734
f 2735 9537 13553
f 13500 9583 9584
f 13500 9538 2734
f 9537 13500 2734
f 13500 9537 9583
f 2691 13500 9584
f 9538 13500 2691
f 13155 9903 2434
f 9867 13155 2434
f 9903 13155 13122
f 13155 2435 13193
f 13155 13193 13093
f 13122 13155 13093
f 13231 13235 9830
f 13235 2468 9830
f 2468 13235 9789
f 9789 13235 2536
f 13235 13231 2536
f 13111 9945 9946
f 13111 2392 9945
f 2391 13111 9946
f 13111 2391 9914
f 2392 13111 9913
f 13144 2392 9913
f 9912 13144 2423
f 13184 13144 9913
f 2392 13112 9945
f 9945 13112 13114
f 13112 9912 13114
f 13112 13144 9912
f 13144 13112 2392
f 9882 9916 13140
f 13141 9916 9882
f 13140 9916 13108
f 2389 13106 9918
f 13106 2389 9950
f 13106 13105 9918
f 13106 9950 9951
f 13105 13106 9951
f 2342 13087 9991
f 13083 9948 9947
f 2366 13083 9947
f 13083 2343 9991
f 9975 2366 13084
f 9975 9990 2343
f 9990 9975 13084
f 13083 9975 2343
f 9975 13083 2366
f 9974 2367 13085
f 2367 9974 13084
f 9989 9974 13085
f 13084 9974 9989
f 2422 13182 9880
f 13182 13178 9880
f 13182 9844 13178
f 9845 13176 9846
f 9881 13176 9845
f 13176 2455 9846
f 2455 13176 9882
f 9868 9904 13153
f 2433 9868 13153
f 9904 9868 2434
f 9868 2433 13190
f 9791 13229 9792
f 2534 9791 9792
f 13269 2534 9755
f 13269 9715 9754
f 9715 13311 9754
f 13311 13270 9754
f 2569 9716 9676
f 13354 2569 9676
f 9675 13354 2608
f 9675 9715 13354
f 2536 9753 13271
f 13270 9753 2536
f 9753 13311 9714
f 13311 9753 13270
f 9905 13156 13157
f 13120 9905 2402
f 9905 13153 2402
f 13153 9905 13157
f 13156 2399 13152
f 2399 9905 13120
f 9905 2399 13156
f 13151 2400 9907
f 2400 13151 2396
f 2398 13150 9907
f 13150 2426 9907
f 9909 2395 9908
f 9909 2398 2395
f 9909 13150 2398
f 9873 9909 9908
f 13150 9909 9873
f 13151 9906 2396
f 2396 9906 2401
f 2399 9906 13152
f 2432 13151 9870
f 2432 9870 13189
f 2432 9906 13151
f 2259 10085 12996
f 12997 10085 2259
f 12996 10085 12878
f 10085 12998 12878
f 10085 12997 12998
f 10084 12997 2259
f 12997 10084 12998
f 10084 2260 12998
f 10075 13002 2259
f 13004 10075 12996
f 10075 2259 12996
f 13002 10075 2270
f 2271 10073 13003
f 2271 10058 10073
f 13002 10074 2259
f 10074 10084 2259
f 10084 10074 2260
f 2260 10074 13003
f 10074 2271 13003
f 10074 13002 10059
f 2271 10074 10059
f 10024 13057 13058
f 13057 10024 10025
f 8095 3779 8096
f 14896 7607 7608
f 14896 7609 7607
f 14895 7669 14898
f 4198 7609 14898
f 7609 4198 14939
f 14743 7799 7798
f 7799 14797 7798
f 14797 7799 14796
f 14686 3975 14687
f 7942 14686 14687
f 14688 7942 14687
f 7941 7942 14688
f 7942 7943 14686
f 7943 7942 14629
f 14744 14743 7798
f 14797 4035 7798
f 4035 14797 7731
f 4035 14744 7798
f 14744 4035 7797
f 4035 14798 7797
f 8017 14576 8018
f 7941 14689 7940
f 3911 7941 7940
f 8019 3911 8018
f 4087 14841 7674
f 14793 7802 7735
f 14928 14883 7620
f 14883 14928 7619
f 14883 7619 14884
f 4139 14883 14884
f 7806 14735 14734
f 7616 7617 14931
f 14784 7742 14785
f 4421 7279 15145
f 4421 7315 7279
f 7315 4421 15100
f 7279 15178 7247
f 7315 4461 7279
f 4461 15178 7279
f 7221 7194 7220
f 15240 7221 7220
f 7221 7222 7194
f 7221 15240 7222
f 15240 7249 7222
f 7283 15133 15132
f 4459 15133 7283
f 15133 4459 4418
f 15167 4459 7283
f 15059 7358 15060
f 7358 15059 4379
f 15098 7358 4379
f 15099 7358 15098
f 4243 14929 7562
f 14929 14928 7562
f 14928 14929 7619
f 14929 4243 7561
f 15057 15056 15095
f 7360 15057 15095
f 15056 15057 7407
f 15016 7457 4290
f 15016 15017 7457
f 15017 15016 7406
f 15063 7355 15109
f 15109 7355 7314
f 7314 7355 15145
f 15061 4337 7402
f 15068 4337 15061
f 4337 15030 7402
f 4337 7401 15030
f 15255 4550 7201
f 4550 7175 7201
f 7202 4550 15255
f 7175 4550 15282
f 4550 7202 4549
f 7176 4550 4549
f 4550 7176 4576
f 4550 4577 15282
f 4577 4550 4576
f 15256 4522 7201
f 4522 15256 7228
f 4522 15255 7201
f 4522 7229 15255
f 4522 7228 15226
f 4522 15226 7256
f 7229 4522 7256
f 4521 7202 15255
f 7229 4521 15255
f 4521 7229 15225
f 4551 7174 15256
f 7174 4578 15283
f 7174 4551 4578
f 4579 7173 15283
f 4578 4579 15283
f 7173 4552 15283
f 4552 7174 15283
f 7174 4552 15256
f 7199 4552 7173
f 15309 4578 7152
f 4603 15309 7152
f 15309 4579 4578
f 15337 4603 15338
f 7127 4604 4628
f 4555 15285 7171
f 4554 15285 4555
f 15285 4581 7171
f 15285 4554 4581
f 15231 15230 7223
f 7183 15277 4542
f 15277 7183 4569
f 15276 7183 4541
f 7202 7203 4549
f 15281 7176 4549
f 7203 15281 4549
f 15281 4575 4576
f 7176 15281 4576
f 7177 4548 7178
f 15281 7177 4575
f 7177 15281 4548
f 15253 7204 4519
f 4599 7155 4574
f 4573 15280 7179
f 4573 15306 4574
f 15280 4573 4574
f 7205 4547 15253
f 4547 15280 7178
f 4547 7204 15253
f 4548 4547 7178
f 7204 4547 4548
f 7628 4183 7571
f 4183 14921 7571
f 7627 14922 4185
f 14922 4234 7570
f 4234 14966 7570
f 4417 7320 15132
f 15166 4494 15197
f 4494 15166 7284
f 7226 4524 15257
f 4525 7226 15257
f 4524 7226 15227
f 15260 4554 4555
f 4525 15260 7225
f 7223 4527 7196
f 15230 4527 7223
f 15229 4526 7224
f 4494 15165 4493
f 7286 15165 7285
f 15165 7286 4493
f 15165 7284 7285
f 15165 4494 7284
f 7253 4494 4493
f 4494 7253 15197
f 15192 15223 7259
f 15223 15192 7260
f 7232 4519 7259
f 15223 7232 7259
f 7232 15223 4518
f 15253 7232 4518
f 7232 15253 4519
f 15161 7290 4451
f 15161 4488 7290
f 15126 7327 4409
f 15126 4450 7327
f 7329 15088 4407
f 15124 4446 7295
f 4447 15124 7295
f 4446 15124 4405
f 4519 7231 7259
f 7231 15224 7259
f 15224 15193 7259
f 4326 15010 7415
f 15052 7367 15091
f 4371 7325 15091
f 7367 4371 15091
f 7325 4371 4411
f 4371 15090 4411
f 4371 7367 15090
f 15090 7326 4411
f 4410 7326 15090
f 7326 4452 4411
f 7505 4293 14977
f 7453 15020 15021
f 7453 4293 15020
f 4293 7453 14977
f 7454 15019 15020
f 7454 14976 7506
f 4293 7454 15020
f 7505 7454 4293
f 14976 7454 7505
f 15016 15015 7407
f 7407 15015 7408
f 4241 7511 7564
f 4242 7510 7563
f 7510 14972 7563
f 4137 7622 14881
f 7681 14882 4138
f 14882 7681 14881
f 14882 4191 7620
f 14882 14883 4138
f 14883 14882 7620
f 14781 4026 7813
f 7746 4081 14831
f 14780 7746 7813
f 4081 14780 7747
f 14780 4081 7746
f 14779 4080 7747
f 4080 14779 7748
f 4080 7748 7685
f 7887 14723 4021
f 14725 14726 7884
f 14726 7814 14727
f 7814 14726 7815
f 14726 14725 7815
f 3961 7889 14723
f 3961 14666 7964
f 3894 14666 7963
f 7964 14666 3894
f 4079 14829 7685
f 7461 15013 4288
f 7462 4287 4286
f 4287 7513 4286
f 7513 4287 7512
f 4287 7461 7512
f 4188 14924 7566
f 4026 7745 14782
f 7745 14781 4082
f 7745 4026 14781
f 14880 7623 4190
f 7622 14880 4190
f 14880 7622 4137
f 7681 14832 14881
f 14832 7745 4082
f 7565 14926 4190
f 4241 14926 7565
f 14926 7622 4190
f 14926 4241 7564
f 14927 14926 7564
f 4191 14926 14927
f 4284 7515 7516
f 7464 4284 7516
f 7515 4284 4285
f 4284 7463 4285
f 4283 7464 7516
f 4283 15010 7413
f 7464 4283 7413
f 15011 7464 7413
f 7463 15011 7412
f 4284 15011 7463
f 15011 4284 7464
f 14968 4237 7515
f 4236 4237 7568
f 4237 4236 7515
f 7514 14969 4238
f 14969 4239 4238
f 4239 14969 7513
f 7513 14969 4286
f 14969 7514 4286
f 7569 14923 4185
f 14923 7569 4236
f 14922 7569 4185
f 4235 7569 14922
f 14878 4134 7685
f 4134 4080 7685
f 14878 4133 7626
f 4133 14829 7686
f 4133 14878 7685
f 14829 4133 7685
f 7409 4333 7408
f 15055 4333 7409
f 4333 15055 15056
f 4333 7407 7408
f 4333 15056 7407
f 15056 15094 7361
f 15055 15094 15056
f 15094 4377 7361
f 4377 15094 4417
f 15094 7320 4417
f 15094 4416 7321
f 15094 4376 4416
f 15131 15094 7321
f 7320 15094 15131
f 4416 15093 7322
f 4376 15093 4416
f 7363 15093 4376
f 15129 7324 4454
f 7324 4412 15128
f 4412 7324 4372
f 4453 7324 15128
f 7324 4453 4454
f 4453 7288 4454
f 7288 15163 4454
f 7288 4453 4490
f 15163 7288 4490
f 12105 12097 12142
f 12144 12105 12142
f 12100 12096 63
f 12105 42 12097
f 42 12105 5170
f 42 5190 5191
f 42 5170 5190
f 5150 12141 63
f 12138 12141 5150
f 12141 12104 63
f 12141 12138 12104
f 5190 12098 43
f 5170 12098 5190
f 12098 5169 43
f 12098 65 5169
f 65 12098 12139
f 86 12188 12184
f 12146 86 12145
f 86 12146 12144
f 11061 5692 5720
f 5692 11062 5720
f 11062 5692 1621
f 5749 11025 5748
f 11062 11025 5720
f 11025 5749 5720
f 11024 1592 5720
f 5749 11024 5720
f 11024 5749 5750
f 11024 5750 5721
f 1592 11024 5721
f 5636 11185 1699
f 1668 5670 11096
f 5669 5670 1669
f 5670 5669 1644
f 11097 5668 1644
f 5669 11097 1644
f 5668 11097 1670
f 11097 5669 1670
f 1617 1644 11058
f 5696 1617 11058
f 5670 1617 11096
f 1617 5670 1644
f 1617 1643 11096
f 11267 1725 5586
f 11266 11267 5586
f 1704 1726 1768
f 1631 1657 5653
f 5773 1540 10963
f 5803 5773 10963
f 5773 5803 1539
f 5774 5773 1539
f 5715 11067 11030
f 5744 5715 11030
f 5715 5687 11067
f 5687 5715 11066
f 1597 5714 11030
f 11031 5714 1597
f 5742 11031 5713
f 11150 5631 1679
f 5631 1702 11190
f 5631 11150 1702
f 11152 11191 1704
f 1702 11189 5608
f 11189 11150 5632
f 11150 11189 1702
f 5662 11103 1675
f 11103 11104 1623
f 11103 5662 11104
f 11063 1593 5691
f 1593 11062 5691
f 1594 11063 5690
f 5658 11150 11108
f 5658 1678 11150
f 1678 5658 11107
f 5659 11106 1677
f 5659 1678 11107
f 5686 11068 11067
f 11188 11228 5608
f 11188 5609 11228
f 5609 11188 1701
f 11188 5633 1701
f 11189 11188 5608
f 11188 11189 5632
f 11187 1700 5610
f 11187 5609 1701
f 5609 11187 5610
f 11187 5634 1700
f 5634 11187 1701
f 1678 11149 5632
f 11149 11188 5632
f 11188 11149 5633
f 5659 11149 1678
f 5633 11149 1677
f 11149 5659 1677
f 5633 11148 1701
f 11148 5634 1701
f 11148 5633 1677
f 11148 1677 5660
f 5634 11148 5660
f 2166 5235 11979
f 5235 12014 11979
f 2148 5267 2130
f 11916 5267 2131
f 2130 5267 11919
f 5267 11916 11919
f 11951 11948 5266
f 11948 5265 5266
f 5265 11948 11952
f 11948 5249 11952
f 5249 11984 11981
f 11946 5251 2148
f 5251 11946 2166
f 5251 2166 11979
f 11945 2129 5269
f 2129 11945 2147
f 11945 5253 2147
f 5176 12092 59
f 12092 5196 37
f 12092 5176 5196
f 5195 12055 5213
f 12055 5212 5213
f 5212 12055 5194
f 12055 5195 39
f 5194 12055 39
f 5194 40 5193
f 40 5194 12094
f 40 12094 5173
f 12095 40 5173
f 12059 40 12095
f 40 12059 5193
f 12022 18 5213
f 5212 12022 5213
f 12022 5231 18
f 5175 5174 39
f 5195 5175 39
f 60 5175 12093
f 5174 5175 60
f 5175 38 12093
f 5175 5195 38
f 2170 5230 11985
f 11986 2168 11981
f 5232 11986 11981
f 5231 11990 18
f 11990 5232 18
f 11990 11986 5232
f 11990 2169 5248
f 2168 11990 5248
f 11986 11990 2168
f 12019 20 5229
f 12019 5229 11985
f 5230 12019 11985
f 5280 11925 11918
f 11925 5265 11918
f 5265 11925 5266
f 2113 11892 5283
f 2113 5282 11894
f 5282 11886 11894
f 5282 2113 11919
f 11916 5282 11919
f 5282 11916 11920
f 2098 2114 11887
f 11922 2114 11920
f 2114 5282 11920
f 11860 2098 5296
f 11860 2114 2098
f 5247 2151 2169
f 2151 5247 11950
f 11950 5247 2170
f 5264 11949 2151
f 5264 11950 2133
f 5264 2151 11950
f 11949 5264 2132
f 5264 2133 11918
f 2132 5264 11918
f 5172 12137 12096
f 2096 11861 5311
f 11861 2096 5298
f 2081 2096 5311
f 5312 2096 2081
f 2096 11857 5298
f 11857 2096 5312
f 5297 11859 2097
f 11862 5297 2097
f 5416 1943 5397
f 1943 5416 5400
f 5446 1862 11483
f 1862 1885 5358
f 1862 5446 1885
f 1862 5358 2083
f 1744 11263 5568
f 1722 11263 5589
f 11263 1744 5589
f 11809 5336 2061
f 5336 5324 2061
f 5324 11833 11838
f 11838 11833 2081
f 11700 1956 11704
f 1956 11700 5393
f 5359 2001 11745
f 5369 11745 1983
f 11694 5392 5397
f 5393 11694 5398
f 11687 11694 5397
f 11694 11687 5398
f 11700 1968 5393
f 8001 8000 11489
f 8000 8001 11515
f 8080 3787 11489
f 7924 3924 11516
f 8339 8340 8424
f 8337 8422 8340
f 3718 11434 8248
f 8165 3718 8249
f 3718 8165 11460
f 3783 3848 8085
f 8333 3654 11406
f 3654 8246 8332
f 8246 8247 11435
f 8247 8246 3654
f 8333 8247 3654
f 3653 8334 8248
f 11434 3653 8248
f 8247 3653 11434
f 3653 8247 8333
f 8006 3848 14589
f 8006 8005 3848
f 8011 14644 14646
f 8011 8092 14587
f 13928 8985 13987
f 14223 8667 8668
f 3074 9144 3013
f 14462 3712 8263
f 3644 14462 8263
f 8985 3199 13987
f 3199 8903 13987
f 6977 6958 12029
f 6958 6977 6976
f 11795 2022 2042
f 2044 11795 2042
f 11795 11796 2022
f 2022 11796 7147
f 11796 2024 7147
f 4712 7025 4716
f 1951 1953 1950
f 5399 1951 1950
f 1949 1951 5399
f 5399 1954 1947
f 1946 1954 5399
f 4463 4462 11695
f 11691 4464 7276
f 11647 1925 5402
f 11660 5401 7436
f 5401 5403 11659
f 7353 11681 11673
f 7313 11681 4382
f 11681 7353 4382
f 11673 4340 11672
f 7445 11662 11663
f 7447 7499 11648
f 7499 4249 11648
f 4249 7499 11649
f 4296 7447 11661
f 4296 7498 11649
f 7499 4296 11649
f 4296 7499 7447
f 4296 7446 7498
f 11662 7446 11661
f 7446 4296 11661
f 547 6886 6867
f 6886 12193 6867
f 546 12193 6887
f 12193 546 6867
f 525 12193 6886
f 6887 12193 6906
f 12193 525 6906
f 6940 12069 486
f 12110 477 6924
f 12151 6925 12150
f 6957 12029 464
f 6957 6975 12029
f 6957 12030 6975
f 12071 6939 487
f 6939 12071 469
f 6931 24 12077
f 24 6931 12078
f 12118 45 12077
f 45 6931 12077
f 45 12160 6914
f 12203 6876 6856
f 114 12203 6856
f 12203 114 6875
f 6876 12203 91
f 6894 12203 6875
f 70 5147 12163
f 5168 70 12163
f 11934 2155 2137
f 2136 11934 7018
f 2118 2136 7018
f 4746 4747 7009
f 4747 4746 6991
f 6936 6952 471
f 6952 12035 6970
f 455 11997 6969
f 11997 12035 6969
f 12035 11997 6970
f 6988 11997 455
f 11997 11996 6970
f 11996 11997 6988
f 7025 4732 11927
f 6972 11994 12032
f 12033 6972 12032
f 6972 6971 11995
f 6972 12033 6971
f 7005 7004 11930
f 4742 7004 11963
f 7004 4742 11930
f 6987 6988 455
f 6987 455 6969
f 12001 4 6983
f 3 12001 6983
f 12158 66 6917
f 12075 22 6934
f 491 12075 6934
f 12074 491 6934
f 491 12074 12116
f 12075 491 6917
f 491 12116 6917
f 12116 511 6917
f 511 12158 6917
f 12158 511 6899
f 511 12157 6899
f 1954 11698 1947
f 11698 1954 1946
f 11718 11716 11704
f 11716 11700 11704
f 11700 11716 11711
f 2160 2142 5259
f 11854 11881 2093
f 11881 5301 2093
f 5275 5290 11908
f 5290 5275 11909
f 11881 5302 2108
f 5302 11881 11854
f 5242 11973 2160
f 31 5204 5184
f 31 5183 5203
f 31 5203 12046
f 5204 31 12046
f 12167 96 5142
f 5121 96 12208
f 12125 5164 5185
f 5164 12125 12166
f 12085 30 5185
f 30 12085 5204
f 30 5204 12046
f 5238 13 11976
f 5238 11975 5239
f 5239 11975 2162
f 5182 33 5202
f 12049 5219 5220
f 34 12088 5180
f 12086 5184 53
f 12086 31 5184
f 31 12086 5183
f 5203 32 12047
f 5183 32 5203
f 32 5202 12047
f 32 5182 5202
f 12086 32 5183
f 32 12086 5182
f 5161 12170 77
f 5139 12170 99
f 12169 76 5162
f 76 12170 5161
f 99 76 12169
f 12170 76 99
f 33 12087 5181
f 12087 33 5182
f 2122 5276 11907
f 5277 2122 11907
f 5263 11935 2156
f 11935 5263 2138
f 5223 12045 12046
f 2122 11938 5276
f 11938 2122 5277
f 2157 2139 5262
f 2139 11937 5278
f 11970 2157 5245
f 2158 11970 5244
f 7 11970 5245
f 6 5209 5227
f 12004 7 5245
f 12004 6 5227
f 11970 12005 5244
f 12005 11970 7
f 2059 5338 5326
f 5337 2059 5326
f 9709 13316 2575
f 13320 13316 9749
f 13316 13320 2575
f 9749 13316 9748
f 13316 9708 9748
f 13316 9709 9708
f 13364 13360 2575
f 13360 9709 2575
f 9709 13360 13365
f 13365 13360 2613
f 9669 13363 2613
f 9669 13364 13363
f 13360 9669 2613
f 9669 13360 13364
f 13359 9710 2574
f 9710 13359 13363
f 9711 13359 2574
f 9671 2611 13404
f 2612 9671 13404
f 2611 9671 13358
f 9671 9711 13358
f 9671 13359 9711
f 13272 13276 2537
f 13314 13276 9751
f 13276 13272 9751
f 3077 13868 9140
f 13868 3077 9063
f 3077 13867 9063
f 2835 9363 13671
f 9363 9296 13671
f 9296 9363 2890
f 9363 2835 13608
f 9427 9363 13608
f 2890 9363 9427
f 2783 9426 13609
f 13609 9426 9362
f 9426 2835 9362
f 2835 9426 13608
f 13608 9426 9484
f 9426 2783 9484
f 9625 2695 13455
f 2957 13806 9140
f 9141 3016 3076
f 2954 9143 13804
f 9220 13803 2953
f 9220 2952 13803
f 9290 9220 2953
f 9290 13676 9291
f 13735 9295 9225
f 13923 8990 8989
f 9070 13923 13862
f 9071 13861 13860
f 13923 9069 13862
f 9069 13923 8989
f 13803 9145 3013
f 2952 9145 13803
f 3438 14262 8604
f 8605 3438 14204
f 3438 8605 14262
f 14037 8915 14036
f 3502 14263 8604
f 13356 2571 9714
f 2571 13356 9713
f 2571 9753 9714
f 9713 9673 13357
f 13356 9673 9713
f 13357 9673 2610
f 9673 13402 2610
f 9673 13356 2609
f 13402 9673 2609
f 9495 13596 2776
f 13596 9495 9438
f 2729 9547 13542
f 13390 2603 9684
f 9304 13661 9372
f 9492 2730 13544
f 2730 9492 13545
f 13598 9436 9372
f 9436 2884 9372
f 2884 9436 13597
f 13597 9436 9493
f 9541 13549 2733
f 13497 9541 2733
f 13548 9541 2732
f 2690 9586 13498
f 9586 13497 13498
f 8915 13974 3191
f 3191 13974 8997
f 13974 13915 8997
f 13732 9296 9297
f 2654 13460 9624
f 2654 9625 13455
f 2654 13411 9625
f 13457 9622 13409
f 13457 2656 9622
f 2785 13611 9423
f 13611 2785 2837
f 8422 3584 8424
f 1078 10052 10458
f 10034 1078 10492
f 1078 10035 10492
f 1078 2291 10035
f 2291 1078 10458
f 2273 10071 10072
f 2274 10071 2273
f 10071 2274 10425
f 2261 10071 10425
f 10071 10394 10072
f 10071 2261 10394
f 1021 10069 10068
f 10069 1021 2262
f 2261 10083 10394
f 10083 2261 2262
f 10083 10090 10394
f 10070 2261 10425
f 2261 10070 2262
f 10070 10069 2262
f 10070 10425 2275
f 10069 10070 2275
f 10746 1342 1315
f 1342 10746 6028
f 1341 10746 1315
f 1313 9786 1339
f 1311 9786 1313
f 9786 1312 1339
f 9786 1311 1312
f 3270 8817 14055
f 8817 3270 14115
f 8503 3520 14288
f 3085 11042 9131
f 3150 3149 11121
f 9054 3150 11077
f 3150 9054 3149
f 11200 8812 8890
f 13565 2743 9525
f 9471 13565 9525
f 13565 9471 2796
f 9350 9412 13626
f 2901 9412 9350
f 2795 9471 9525
f 13564 2795 9525
f 2795 13622 13626
f 9412 2795 13626
f 2795 9412 9471
f 9473 9474 9528
f 9474 2742 9528
f 2742 9474 2791
f 9351 2845 13681
f 9472 13564 2791
f 13564 9472 2794
f 13615 9418 2789
f 9476 13615 2789
f 9355 13615 2841
f 9418 13615 9355
f 13615 9419 2841
f 13615 9476 9419
f 13678 9355 2841
f 9356 13678 2841
f 13678 9289 9288
f 9289 13678 9356
f 9289 9290 13740
f 13614 9356 13621
f 13617 9357 2840
f 9357 13676 9290
f 9417 13679 9353
f 9354 13679 9417
f 2842 9418 9355
f 9354 2842 9355
f 9418 2842 13616
f 2842 9354 13616
f 9287 9354 9355
f 13741 9287 9288
f 9287 13741 9217
f 9576 2741 13458
f 2741 9529 13458
f 9414 2845 13620
f 9414 9474 9473
f 9414 9473 2790
f 9414 13620 2791
f 9474 9414 2791
f 13618 9414 2790
f 2845 9414 13618
f 9352 2899 9285
f 2899 13680 9285
f 13680 2899 9415
f 9416 13618 2790
f 9475 9416 2790
f 9416 9475 9415
f 2899 9416 9415
f 13618 9416 9352
f 9416 2899 9352
f 9417 13561 2789
f 9475 13561 9417
f 13561 9476 2789
f 9476 13561 9529
f 13561 9475 9528
f 13458 13561 9528
f 9529 13561 13458
f 13808 2959 9214
f 2957 13807 9215
f 13807 2957 9140
f 13869 3079 3019
f 9136 3080 3021
f 13746 9212 9282
f 2901 13746 9282
f 9212 13746 2960
f 9410 13625 9469
f 2848 9410 9469
f 13625 9410 9347
f 9410 13688 9347
f 9348 2848 13624
f 13688 9348 13687
f 9410 9348 13688
f 9348 9410 2848
f 2903 9280 9347
f 9281 13750 9280
f 9211 2961 13747
f 9057 3147 11074
f 11114 11118 3148
f 8977 3147 11113
f 8977 11114 3147
f 10974 9279 2904
f 9279 10974 9280
f 9280 10974 9347
f 10974 2849 9347
f 10974 9346 2849
f 10974 2904 9346
f 13750 13812 9210
f 3082 11043 3022
f 3082 9057 11074
f 9057 3082 9058
f 3147 9056 11074
f 9056 11114 3148
f 11114 9056 3147
f 9208 9132 11041
f 9132 9208 2963
f 13629 9411 2796
f 9470 9411 13624
f 9411 9470 2796
f 9411 9348 13624
f 13627 13628 2796
f 13628 13629 2796
f 9281 2902 9282
f 9411 2902 9348
f 12830 10207 2198
f 10196 12830 2198
f 10215 2193 10204
f 10194 2199 12845
f 10526 10015 1136
f 10558 10015 2328
f 10015 10526 1107
f 2348 2346 2373
f 2348 10008 2346
f 2349 2348 2373
f 10008 2348 2349
f 2324 2323 10009
f 2325 2324 10009
f 1139 10561 10004
f 1168 1139 10004
f 1139 1168 10011
f 1139 10011 10529
f 1140 1111 10529
f 10526 1108 10034
f 1108 10033 10034
f 1110 1139 10529
f 10495 1082 10461
f 1110 10495 10031
f 10495 1110 10529
f 1049 10426 10068
f 10426 1050 10067
f 1050 10050 1051
f 10050 1050 10460
f 10050 10049 1051
f 10050 10460 10461
f 10049 10050 10461
f 1223 2373 9902
f 2373 1223 1194
f 1223 9935 1194
f 10624 9934 9935
f 10591 1195 9966
f 1165 10591 9966
f 1195 10591 1194
f 10559 1165 10006
f 9964 10593 1198
f 9933 10593 1197
f 10593 9933 1198
f 10593 9965 1197
f 10593 10005 9965
f 10005 10593 1167
f 10593 9964 1167
f 9900 1257 10657
f 1257 9900 1256
f 9865 1257 1256
f 1257 9865 9827
f 10687 1257 9827
f 10423 6351 1046
f 10423 10453 6350
f 10453 10423 1046
f 6351 10423 10391
f 10391 10423 1020
f 1020 10423 10393
f 10423 6350 10393
f 1047 10454 6322
f 10454 1076 6322
f 10453 6323 6350
f 6323 1047 6350
f 6323 10454 1047
f 10454 6323 1076
f 1076 6323 6294
f 6323 10453 6294
f 6446 10338 6425
f 6427 10338 10340
f 10338 6427 6425
f 10338 6447 10340
f 10338 6446 6447
f 957 6426 6425
f 6446 6426 933
f 6426 6446 6425
f 6402 957 990
f 6402 990 6378
f 10391 6402 6378
f 6377 6402 10391
f 6402 6377 10363
f 985 10359 6406
f 10359 6428 10339
f 6448 10359 10339
f 6429 10359 6448
f 10359 6407 6406
f 6407 10359 6429
f 10485 6296 1102
f 6268 10485 1102
f 10485 6268 10519
f 1103 10485 10519
f 10485 1103 6295
f 1074 10485 6295
f 6296 10485 1074
f 10451 6325 1045
f 10451 1073 6297
f 10451 6297 1074
f 6325 10451 1074
f 1100 10483 10482
f 1100 6271 10516
f 6270 1100 10516
f 1100 6270 10483
f 10481 1100 10482
f 6208 10587 1190
f 1132 10554 10520
f 6239 1132 10553
f 1132 6239 10554
f 10554 6239 6238
f 10518 6269 10552
f 10518 10552 1131
f 6268 10518 1131
f 6269 10518 1102
f 10518 6268 1102
f 1164 6235 10557
f 10590 6235 1164
f 6235 1135 10557
f 6235 10590 1135
f 6266 1133 10521
f 1133 10555 10521
f 10554 1133 6266
f 10555 1162 6237
f 10587 1162 6238
f 1162 10554 6238
f 1162 10587 6208
f 1162 1133 10554
f 1133 1162 10555
f 1134 10556 10557
f 10556 1134 6265
f 10555 10556 6265
f 10556 1164 10557
f 1164 10556 6236
f 10589 1164 6236
f 10589 6206 1164
f 1193 10623 6205
f 10590 1193 6205
f 6206 1193 10590
f 10390 10392 10421
f 1019 6352 10422
f 1019 10390 6352
f 1019 10422 6378
f 990 1019 6378
f 10390 1019 990
f 10359 10360 6428
f 6428 10361 6427
f 989 1018 10389
f 6381 10388 987
f 10388 986 987
f 10420 10388 6354
f 1018 10420 6353
f 10449 6327 1043
f 6328 10449 1043
f 10448 1042 6329
f 10448 6328 1042
f 10448 6329 1071
f 6328 10448 1071
f 6383 10417 6356
f 6407 6383 6406
f 6383 6357 10417
f 10550 6243 1158
f 6243 10582 1158
f 6270 1129 10551
f 10551 1129 6242
f 1129 10550 6242
f 1129 6270 10516
f 6271 1129 10516
f 1129 6271 10550
f 1130 6241 10552
f 6241 1130 10551
f 10582 6213 1158
f 6213 10615 6184
f 1042 6355 10418
f 6355 6328 1043
f 6328 6355 1042
f 6355 10419 1015
f 6354 10419 1043
f 10419 6355 1043
f 10579 6217 1184
f 6216 10579 1184
f 10579 6216 6246
f 10579 6246 1155
f 6217 10579 1155
f 10544 10577 6248
f 1153 10577 10544
f 6219 10577 10576
f 10577 1153 10576
f 10578 6218 1183
f 6218 6219 10610
f 6218 10577 6219
f 1182 10576 6220
f 1182 6219 10576
f 10609 1182 6220
f 1182 10609 6190
f 1182 6190 10610
f 6219 1182 10610
f 1156 6245 10547
f 6245 1156 10580
f 6246 1156 10547
f 6216 1156 6246
f 1156 6216 10580
f 6188 6217 1183
f 6217 6188 1184
f 6188 10612 1184
f 6187 10612 1214
f 10612 6187 1184
f 6187 6216 1184
f 10478 6275 1097
f 6247 10578 1155
f 6249 1153 10543
f 1153 6249 10576
f 6250 6249 10543
f 6249 6250 10576
f 6162 1242 10641
f 10641 1242 6133
f 1242 6134 6133
f 1243 6132 10643
f 10440 1038 6363
f 1065 10440 6336
f 10440 1037 6336
f 1037 10440 6363
f 1066 10440 6307
f 10440 1065 6307
f 10441 1039 1038
f 1039 10441 6334
f 10441 6306 1067
f 10441 1066 6306
f 6277 10475 10509
f 10476 10475 6277
f 10475 10476 6306
f 10475 10474 10509
f 10474 10475 6306
f 6390 1007 10408
f 6391 1006 10407
f 1010 10410 6363
f 10410 1010 6388
f 1009 10410 6388
f 10410 1009 6364
f 1037 10410 6364
f 10410 1037 6363
f 10379 6388 980
f 10379 1009 6388
f 6389 10379 980
f 1009 10379 6389
f 6431 10333 6432
f 10333 6431 10334
f 953 6431 6432
f 6431 953 10355
f 10354 6411 981
f 6388 6411 980
f 981 6411 6388
f 952 10354 6432
f 10332 952 6432
f 952 10332 6433
f 952 6411 10354
f 6411 952 980
f 952 10353 980
f 10353 952 6433
f 912 913 10303
f 912 10317 913
f 912 10316 10317
f 10316 912 6465
f 6478 898 10303
f 10332 6451 6433
f 6451 10331 6433
f 10331 6451 929
f 6451 10316 929
f 6451 10332 930
f 10317 6451 930
f 10316 6451 10317
f 10691 6115 1262
f 6085 6115 10691
f 6084 6085 1290
f 10720 6084 1290
f 1291 6084 10720
f 1203 6172 6171
f 1203 1202 6172
f 1204 10599 6171
f 1203 10599 6201
f 10599 1203 6171
f 10604 6195 1178
f 10603 10604 1178
f 10668 1267 6138
f 1267 10668 6109
f 10698 1267 6109
f 1270 6135 10671
f 6135 1270 6134
f 1239 10638 6165
f 10638 1240 6165
f 10638 1239 6137
f 1240 10638 6137
f 10639 1241 6164
f 1240 10639 6164
f 920 6462 10324
f 6462 920 916
f 6462 6443 10324
f 1031 1032 10405
f 10079 10398 991
f 1023 10079 10397
f 10398 10079 1023
f 10066 1024 1023
f 1024 10398 1023
f 1024 10066 10428
f 1024 10428 10065
f 10088 966 10094
f 10342 10098 10094
f 966 10342 10094
f 938 10342 10092
f 10093 960 10094
f 10093 10341 960
f 10366 10080 10397
f 10088 10366 10397
f 915 10305 10104
f 10320 915 10104
f 915 10320 10097
f 10307 919 916
f 6491 6490 6504
f 10292 6491 6504
f 6476 10307 902
f 6505 10289 10290
f 10291 10289 6505
f 10291 885 10288
f 885 10291 6505
f 10288 885 6506
f 874 885 6505
f 853 852 6529
f 853 6534 852
f 6534 853 10247
f 853 6528 10247
f 860 853 6529
f 853 860 6528
f 6530 852 850
f 859 10262 6529
f 852 859 6529
f 6530 859 852
f 6528 854 10247
f 854 6533 10247
f 895 6496 6482
f 6496 895 10286
f 908 10299 6483
f 6496 10299 6482
f 925 10312 6456
f 893 6497 881
f 6497 893 6484
f 10284 893 881
f 6521 870 10262
f 859 6521 10262
f 6521 10272 869
f 10272 6521 10261
f 6521 859 10261
f 6521 866 870
f 880 866 869
f 866 6521 869
f 6520 860 10262
f 860 6520 857
f 857 6520 10263
f 10270 6524 865
f 856 6524 10260
f 6524 6531 865
f 6524 856 6531
f 6523 856 10260
f 876 10272 864
f 876 880 869
f 10272 876 869
f 10281 6514 6502
f 877 10270 865
f 6514 877 865
f 10281 877 6514
f 6503 888 10280
f 888 6502 10280
f 6488 10294 900
f 904 6488 900
f 6475 903 902
f 903 10308 6474
f 903 6475 10308
f 900 903 6474
f 10294 903 900
f 6467 10314 6466
f 10314 10315 6466
f 6481 6480 896
f 10301 6480 6481
f 6480 10301 6479
f 6494 6481 896
f 10287 6494 896
f 911 910 6466
f 910 911 10301
f 10315 911 6466
f 911 10315 6465
f 10301 911 6479
f 10300 910 6481
f 10300 895 6482
f 895 10300 6481
f 910 10300 6467
f 6496 6508 10285
f 6508 6496 10286
f 10259 10269 6525
f 10259 863 10269
f 10259 6525 10252
f 863 10259 10252
f 10277 6517 10279
f 6517 10277 863
f 10277 10279 6506
f 863 10277 10269
f 10277 874 10269
f 885 10277 6506
f 10277 885 874
f 1095 10508 10509
f 6193 1209 10607
f 1209 6193 10606
f 6224 6223 10571
f 6223 6224 10605
f 1152 1181 10576
f 6250 1152 10576
f 1065 10473 6307
f 10473 1095 6307
f 10473 1094 1095
f 1037 6337 6336
f 1036 6337 1037
f 1032 6369 10405
f 1034 10407 6367
f 1060 6312 6341
f 6312 1060 10469
f 1091 6312 10469
f 1006 6392 6367
f 6392 10406 6367
f 10406 6392 1005
f 1005 6392 976
f 10438 1035 6339
f 6366 6391 10407
f 1034 6366 10407
f 1007 6366 10408
f 6366 1035 10408
f 1035 6366 6339
f 6366 1034 6339
f 1035 6365 10408
f 6365 1036 10409
f 1207 10602 6197
f 10536 1119 6284
f 1119 10536 6255
f 6227 10568 1175
f 6196 1177 10602
f 1207 6196 10602
f 6196 10603 6225
f 1177 6196 6225
f 1148 1119 6255
f 6254 1148 1177
f 10472 10506 1094
f 6253 10538 1120
f 10538 6253 10571
f 6254 1149 1120
f 1149 6253 1120
f 1149 6254 10570
f 1149 10570 10571
f 6253 1149 10571
f 10471 1092 1093
f 6332 1040 6333
f 1011 6387 10411
f 6387 6362 10411
f 6387 981 10380
f 1010 6387 10380
f 6387 1010 6362
f 6387 1011 982
f 1014 10415 10416
f 6358 1014 10416
f 1014 6383 6407
f 1014 6358 6357
f 6383 1014 6357
f 1098 6273 10480
f 6273 1098 10513
f 6302 1098 10480
f 10479 1098 6302
f 1098 10479 10513
f 1492 10912 5855
f 10851 10852 1414
f 10852 10851 5918
f 10851 1414 10850
f 5919 10851 10850
f 5856 1491 10938
f 10911 5856 5855
f 10911 1491 5856
f 1463 10911 5885
f 10911 1463 1491
f 1416 5946 10853
f 5946 1416 10828
f 1465 10912 5883
f 1416 5945 10828
f 5945 1416 10854
f 1413 5920 10850
f 5920 1436 10850
f 10908 10878 5889
f 10878 1460 5889
f 5920 10878 1436
f 10879 5919 1436
f 1462 1437 5887
f 1437 10879 5887
f 10879 1437 5919
f 10851 1437 5918
f 1437 10851 5919
f 5974 5975 10828
f 1389 5974 10828
f 6029 1365 5970
f 1365 10774 5970
f 10773 1364 6001
f 6002 1363 10771
f 1363 6032 10771
f 6002 10800 1390
f 10800 5973 1390
f 10800 6002 10771
f 6003 10800 10771
f 5973 10800 6003
f 10772 1363 6002
f 1364 10772 6001
f 10801 6002 1390
f 5972 10801 1390
f 10801 10772 6002
f 10772 10801 6001
f 10801 1391 6001
f 10801 5972 1391
f 10802 1392 5970
f 1391 10802 6001
f 10802 10773 6001
f 5911 5941 1419
f 5911 10858 5941
f 5942 10831 5943
f 1418 5942 5943
f 10832 5942 1419
f 10831 5942 10832
f 5942 5912 1419
f 5942 1418 5912
f 10831 5971 1391
f 5971 10831 10832
f 5971 10802 1391
f 5971 10832 1392
f 10802 5971 1392
f 10968 1544 5797
f 5798 1544 10968
f 1679 5657 11108
f 5738 11035 5708
f 5739 11035 5738
f 5766 10970 1545
f 5825 1492 5855
f 10939 5825 5855
f 1518 5825 10939
f 10912 5854 5883
f 5854 10912 1492
f 1546 5794 1520
f 5794 10971 1520
f 5794 1546 5765
f 5764 5794 5765
f 5794 5764 10971
f 10705 1273 6102
f 1273 10705 6101
f 6130 1273 6101
f 1246 10677 10646
f 10677 1246 6129
f 1246 10645 6129
f 10612 6158 1214
f 6158 10645 1214
f 6158 6159 10644
f 1222 10622 6177
f 10622 6206 6177
f 10622 1193 6206
f 1309 10714 6062
f 10686 6120 6090
f 6120 10685 6090
f 6120 10686 10654
f 6062 1308 1336
f 10713 1308 1280
f 5850 5821 10944
f 5850 5851 5821
f 10942 5822 5852
f 5823 5822 10942
f 5822 10972 1521
f 5822 5823 10972
f 5821 10943 1521
f 5851 10943 5821
f 10943 5822 1521
f 5737 1574 5765
f 5735 5736 11037
f 5736 1574 5737
f 5706 5735 11037
f 5706 1631 5734
f 5716 1595 11065
f 11028 1595 5716
f 1595 11028 5746
f 5775 5804 1538
f 1512 5804 10962
f 5804 5775 1566
f 5804 5774 10962
f 5774 5804 1566
f 1513 5803 10963
f 5803 1513 5832
f 5802 1513 10963
f 1513 5802 5831
f 5746 10993 1566
f 10993 5774 1566
f 10993 5746 5745
f 10993 5773 5774
f 6025 10750 1345
f 10750 10751 1345
f 10751 10750 6025
f 5967 10808 1371
f 6024 10752 1346
f 6023 10752 6024
f 1371 10780 6024
f 10780 6023 6024
f 10806 5964 1404
f 5964 10806 10810
f 1321 10753 1348
f 6052 10753 1321
f 10753 6022 1348
f 6022 10753 10781
f 1373 5993 10810
f 5993 1373 10781
f 6054 6055 1345
f 6055 6054 10720
f 6055 10749 1345
f 10749 6055 1344
f 1319 6054 6024
f 6054 1319 10721
f 1111 10010 10530
f 10010 1111 1140
f 10010 1140 6234
f 10563 10010 6234
f 1169 6204 6234
f 1169 10595 6204
f 10595 1169 9962
f 1169 10003 9962
f 1169 6234 10562
f 10003 1169 10562
f 10596 1200 1201
f 1200 10596 6204
f 10596 1201 6203
f 1259 6118 9898
f 1313 1286 1285
f 1286 9826 1285
f 1314 1286 1313
f 1286 1314 9825
f 9785 1341 1315
f 9785 1314 1340
f 1341 9785 1340
f 9825 10717 1287
f 1314 10717 9825
f 9785 10717 1314
f 1287 10717 1315
f 10717 9785 1315
f 10718 1342 6057
f 6057 1343 10719
f 1343 6056 10719
f 10748 1343 6027
f 6056 1343 10748
f 1289 6087 1288
f 1229 10658 9898
f 10658 1229 9899
f 10658 1259 9898
f 10658 9863 1259
f 10658 9899 1258
f 9863 10658 1258
f 9932 1199 10594
f 9932 1229 10627
f 1198 9932 10594
f 9932 1198 10626
f 1229 9932 10626
f 1230 9931 10627
f 9931 9932 10627
f 9932 9931 1199
f 1200 9931 6175
f 9931 10628 6175
f 10628 9931 1230
f 9931 1200 10595
f 1199 9931 10595
f 10630 6144 1233
f 6172 10630 1233
f 1231 10629 6175
f 6026 10777 10778
f 10777 6026 10748
f 5996 6026 10778
f 6026 5996 10749
f 10748 6026 1344
f 6026 10749 1344
f 5968 1398 1399
f 1398 5968 1396
f 5940 10859 1420
f 10746 5999 6028
f 10945 9468 9408
f 9468 1497 5879
f 1497 1498 5879
f 6097 1276 10709
f 6097 10710 1277
f 1276 6098 10709
f 6098 6068 10709
f 1414 5949 10850
f 5949 1413 10850
f 10827 5946 1388
f 5946 10827 1415
f 10827 5947 1415
f 6035 10740 1306
f 6011 10764 1356
f 6011 10763 10791
f 10763 6011 1356
f 6041 10763 1356
f 6042 1328 10762
f 1329 6041 1356
f 1384 5951 10823
f 5951 1384 10822
f 10821 5982 5953
f 5982 10820 5953
f 5982 10821 1383
f 5982 10791 1382
f 10820 5982 1382
f 5982 6011 10791
f 10821 5952 1383
f 10847 10821 5953
f 10820 1410 5953
f 1410 10847 5953
f 5861 5860 10906
f 10877 10876 1459
f 5830 1515 10935
f 5830 10965 1515
f 10984 5783 5813
f 5783 10984 1559
f 1532 5812 10954
f 5783 1532 5813
f 5811 1506 10954
f 1506 5841 10954
f 1482 10900 5868
f 10900 5897 5868
f 10900 1454 5897
f 1454 10900 5896
f 10900 1482 5896
f 5867 1483 10901
f 5896 5867 10901
f 1482 5867 5896
f 10928 10927 5838
f 10928 1482 10927
f 10928 5867 1482
f 5837 10928 5838
f 5867 10928 1483
f 10929 10928 5837
f 10928 10929 1483
f 5935 1427 10862
f 5844 1530 10952
f 5843 1504 10923
f 10953 1504 1531
f 1504 5814 1531
f 5814 1504 10952
f 1504 5844 10952
f 5844 1504 5843
f 5902 5903 10862
f 5903 1453 10865
f 1532 1505 5813
f 5841 1505 10954
f 1505 1532 10954
f 10836 10835 1405
f 10837 10836 1405
f 10835 10836 1429
f 1349 6020 6019
f 6049 1349 6019
f 10897 5870 5899
f 5870 10898 5899
f 1430 10871 5927
f 10871 1455 5927
f 1455 10871 5896
f 10871 1454 5896
f 1454 10871 1430
f 10902 5895 1483
f 1483 5895 10901
f 5895 1455 10901
f 5895 10902 10872
f 1455 5895 10872
f 5955 1409 10819
f 1409 5955 5925
f 1295 6078 10698
f 10699 6078 1296
f 6078 1323 1296
f 6078 1295 10727
f 1323 6078 10727
f 6018 1350 10756
f 1350 1323 10756
f 1323 1350 6048
f 5957 10816 10842
f 10816 1406 10842
f 5956 1408 10818
f 1408 5956 1407
f 1378 5988 10815
f 5987 1378 10815
f 10759 10788 6015
f 10788 5985 6015
f 1323 10728 1296
f 10728 1323 6048
f 6076 1325 10730
f 6107 6077 10700
f 6077 10699 1296
f 6077 6107 10699
f 6106 10701 10671
f 6106 10700 6076
f 10701 6106 6076
f 1298 6076 10730
f 1298 10701 6076
f 1271 10673 6133
f 10673 1243 6133
f 1243 10673 6132
f 6104 1270 10702
f 6104 1271 6133
f 10874 5893 1457
f 5893 10903 5864
f 5893 10904 1457
f 10876 1434 5891
f 1434 10876 5922
f 10847 1434 5922
f 1434 10847 5923
f 1485 5893 5864
f 5893 1485 10904
f 10875 1434 5923
f 1487 5861 10906
f 1487 10906 1459
f 5891 1487 1459
f 5862 1487 5891
f 10873 5926 10872
f 5893 10873 10903
f 5807 5777 10959
f 10990 5777 5778
f 5777 1536 5778
f 1536 5777 5807
f 5832 5833 10962
f 5833 1512 10962
f 5833 5832 10932
f 1512 5833 10932
f 1510 5835 10930
f 1510 5865 5836
f 1510 10930 5865
f 10959 1510 5836
f 5782 1533 5811
f 10986 1533 5782
f 1533 10986 5781
f 1533 5781 10955
f 5811 1533 10955
f 11060 5693 5721
f 5693 1592 5721
f 1592 5693 11061
f 1590 5722 11022
f 5722 1590 11059
f 1590 11022 5723
f 5695 1590 5723
f 11059 1590 5695
f 7992 7991 1865
f 11499 7991 7990
f 7997 7922 11519
f 9277 1550 11008
f 9206 9277 11008
f 9277 9276 1550
f 1550 9345 9408
f 9345 1551 9408
f 9130 9206 11008
f 8889 3211 8972
f 3211 8971 8972
f 8964 1661 11129
f 8886 8887 11203
f 12309 179 12304
f 5038 178 12349
f 178 5038 12303
f 5038 179 12309
f 279 4964 252
f 12576 4912 4885
f 4885 12575 330
f 12575 4886 330
f 12574 329 330
f 4886 12574 330
f 329 12574 4887
f 4875 311 12594
f 4935 281 12482
f 281 4934 12483
f 254 4963 280
f 12487 4933 12495
f 12487 12495 4960
f 256 12487 4960
f 4987 12393 12397
f 12393 5013 12397
f 5012 12393 12398
f 12393 5012 204
f 5013 12393 204
f 12447 256 12442
f 12447 12444 256
f 230 4986 12398
f 12447 230 12444
f 12393 230 12398
f 230 12393 4987
f 4986 230 12442
f 230 12447 12442
f 12348 5013 204
f 12348 12350 5036
f 12350 12348 204
f 12352 12348 5036
f 12348 12352 5013
f 12397 12400 229
f 12400 12392 229
f 4988 12396 228
f 12392 12396 4988
f 4931 12539 12538
f 12543 4931 12541
f 4930 284 12544
f 311 4930 12544
f 4930 311 12536
f 4930 12536 312
f 12535 4903 12544
f 4903 12535 12538
f 12535 4931 12538
f 284 12535 12544
f 4931 12535 284
f 4903 310 4876
f 12539 310 12538
f 310 4903 12538
f 310 12586 4876
f 310 12543 12541
f 310 4904 12583
f 12586 310 12583
f 4904 12537 12534
f 12537 4932 12534
f 4932 12537 12492
f 4932 12533 309
f 12533 4932 4933
f 12533 4933 4906
f 12533 4906 4878
f 108 12227 12224
f 12221 12227 108
f 12227 12221 5107
f 12265 12262 5084
f 130 5085 5084
f 130 5084 12224
f 130 5107 12220
f 5085 130 12220
f 12227 130 12224
f 130 12227 5107
f 12269 5061 12263
f 155 5061 12303
f 5061 155 12263
f 12266 5061 12269
f 12310 155 12303
f 5038 12310 12303
f 5084 12229 12224
f 5106 12229 5084
f 12229 108 12224
f 131 5106 5084
f 5106 131 12222
f 131 5084 12268
f 12266 131 12268
f 110 5104 5126
f 110 12223 5104
f 12481 4964 279
f 4964 12481 253
f 4937 12481 279
f 12481 4936 280
f 12481 4937 12530
f 4936 12481 12530
f 4963 12481 280
f 12481 4963 253
f 4934 4907 12532
f 4907 281 4935
f 281 4907 4934
f 308 4906 12532
f 308 12581 4906
f 12721 4766 4794
f 4766 4767 12771
f 12723 4822 12675
f 12723 4792 392
f 4822 12723 392
f 12774 4763 12773
f 4852 362 12675
f 362 12723 12675
f 362 12627 4853
f 12627 362 4852
f 12627 332 4853
f 332 12627 4883
f 333 4852 12628
f 334 333 12628
f 333 12627 4852
f 333 334 4881
f 4882 333 4881
f 12627 333 4883
f 12676 4822 392
f 12724 12676 392
f 12628 12676 363
f 4822 12676 12628
f 4880 334 12629
f 4880 12579 334
f 12579 4880 4908
f 306 12579 4908
f 306 4936 12530
f 306 4908 4936
f 306 12530 4881
f 12579 306 4881
f 305 12529 4910
f 12529 305 4937
f 12529 12480 4910
f 12529 4937 12480
f 4909 12578 4882
f 12578 4909 305
f 12578 305 4910
f 4883 12578 4910
f 333 12578 4883
f 12578 333 4882
f 4942 12475 12524
f 4942 274 12475
f 246 272 4972
f 12473 272 4973
f 272 246 4973
f 4946 12473 245
f 299 12571 4889
f 4770 4798 415
f 12767 4770 415
f 4798 4770 12768
f 4770 12767 12768
f 12769 4769 12768
f 12718 386 4798
f 386 12718 357
f 4798 386 415
f 386 12717 415
f 4855 331 4885
f 12625 331 4855
f 331 12576 4885
f 12576 331 4884
f 331 4854 4884
f 331 12625 4854
f 12672 4825 360
f 4825 12672 389
f 12721 4825 389
f 4825 12673 360
f 4825 12721 12673
f 12671 358 4827
f 12671 4856 4857
f 358 12671 4857
f 12674 12722 391
f 4915 300 4888
f 300 12572 4888
f 12572 328 4888
f 12621 328 12572
f 12622 328 4858
f 12573 329 4887
f 12573 12622 329
f 12573 328 12622
f 328 12573 4888
f 4915 12573 4887
f 12573 4915 4888
f 420 4765 12772
f 420 12723 391
f 12723 420 4792
f 12590 339 12594
f 339 12590 12589
f 311 12590 12594
f 12589 12590 12544
f 12590 311 12544
f 12588 339 12589
f 12588 12589 12544
f 4903 12588 12544
f 4876 338 12593
f 12586 338 4876
f 338 12586 12583
f 12630 335 4850
f 4850 335 12629
f 335 4880 12629
f 4880 335 12580
f 4850 12677 364
f 12677 12629 363
f 12677 4850 12629
f 4761 422 12775
f 422 4790 12725
f 150 5044 12298
f 5089 12217 126
f 5111 12217 5089
f 12217 5112 126
f 5112 12217 104
f 12217 5133 104
f 12217 5111 5133
f 12297 149 5068
f 12297 12296 5045
f 12296 12297 5068
f 173 12297 5045
f 149 12297 5067
f 12297 150 5067
f 5044 12297 173
f 12297 5044 150
f 12256 5068 12257
f 5090 12256 12257
f 125 5090 12216
f 125 12256 5090
f 12339 5046 12338
f 5133 105 12176
f 105 5132 12176
f 5132 105 12218
f 105 5111 12218
f 5111 105 5133
f 5132 106 5131
f 106 5132 5109
f 106 5109 12219
f 5130 106 12219
f 5131 106 12178
f 106 5130 12178
f 12528 4911 304
f 12528 304 4910
f 12478 4912 12527
f 4965 12480 252
f 4965 278 12480
f 4991 226 252
f 177 12301 5040
f 178 5039 12345
f 177 5039 12302
f 5039 177 12345
f 6538 6539 12752
f 12704 402 6537
f 402 6538 6537
f 6571 402 12703
f 6539 402 6571
f 402 6539 6538
f 378 4839 12708
f 4839 378 4838
f 319 4869 12612
f 294 12566 4895
f 12566 294 4896
f 12566 322 4895
f 12566 4896 322
f 12379 5027 12334
f 4996 12385 12384
f 12429 12428 4972
f 221 12428 12429
f 12428 221 4998
f 12428 246 4972
f 220 12428 4998
f 12428 220 4973
f 246 12428 4973
f 12298 174 5043
f 174 12341 5043
f 5044 174 12298
f 174 5044 12341
f 12386 5020 12385
f 245 12427 4974
f 12427 219 4974
f 12427 245 4973
f 220 12427 4973
f 12382 5024 194
f 12382 194 12381
f 12717 356 4830
f 12571 327 4889
f 327 12572 4889
f 327 12621 12572
f 12426 244 4974
f 4975 244 12426
f 270 244 4975
f 12519 296 4920
f 296 4921 4893
f 296 12519 4921
f 12716 413 4800
f 4801 413 12716
f 4831 4801 12716
f 4831 12716 385
f 12667 4831 355
f 411 4803 12713
f 4804 411 12713
f 411 4775 12763
f 4803 411 12763
f 411 4804 4776
f 12762 411 4776
f 411 12762 4775
f 383 4802 4832
f 4802 383 12714
f 383 4803 12714
f 383 4833 4803
f 4807 12709 4779
f 378 12709 4838
f 12617 324 4893
f 324 12617 4863
f 12618 324 4863
f 4864 12617 323
f 12616 4864 323
f 4864 12616 12664
f 12617 4864 4834
f 12619 12570 4891
f 4833 12666 353
f 12666 12618 353
f 12666 383 4832
f 383 12666 4833
f 12662 4837 12710
f 350 4837 12662
f 4837 350 12661
f 4810 12707 376
f 347 12707 4840
f 12707 347 376
f 406 4782 12757
f 406 4810 4782
f 4781 406 12757
f 4809 406 4781
f 6577 6576 12697
f 12747 6545 12746
f 6545 843 12746
f 843 6545 12747
f 6579 811 12695
f 12696 811 842
f 811 6579 842
f 6609 811 12696
f 12602 6668 6638
f 12650 12602 6638
f 12650 813 6607
f 6576 813 12697
f 809 12694 6612
f 6581 809 12693
f 12645 809 6612
f 809 12645 12693
f 840 6548 6580
f 12694 840 6580
f 6549 840 6581
f 840 809 6581
f 809 840 12694
f 840 6549 12743
f 6548 840 12743
f 810 12694 6580
f 810 841 12695
f 841 810 6580
f 12600 6641 12647
f 6641 12600 748
f 749 12600 6640
f 12550 12600 749
f 12600 12550 748
f 12458 6720 6719
f 258 12458 6719
f 12458 258 6720
f 6668 12553 722
f 12553 6667 722
f 12554 12505 6667
f 12505 6721 6722
f 696 6721 12457
f 749 12601 750
f 6639 12601 749
f 750 12601 6638
f 12601 781 6638
f 12601 6639 781
f 12460 6691 12509
f 373 12655 6602
f 12655 343 6602
f 343 12655 12607
f 12655 6632 12607
f 6631 344 12656
f 12655 344 6632
f 12701 371 6604
f 6605 12652 783
f 12652 6605 784
f 815 6605 783
f 313 314 6663
f 12606 314 313
f 314 12557 6663
f 342 371 6603
f 12654 342 6603
f 12606 342 12654
f 12644 6613 777
f 808 6613 12644
f 777 6613 12693
f 6613 808 12693
f 6550 6582 12692
f 6582 6550 839
f 6582 808 12692
f 6582 839 12693
f 808 6582 12693
f 6550 838 6551
f 838 12691 6551
f 12691 838 6583
f 6583 838 12692
f 838 6550 12692
f 12514 4898 4925
f 4953 12514 4925
f 12514 4954 291
f 4954 12514 265
f 12514 4953 265
f 4899 12563 291
f 12563 4899 319
f 12466 266 4980
f 4953 266 12466
f 238 12465 4981
f 12465 264 4954
f 264 4927 4954
f 264 4955 4927
f 4955 264 12464
f 12374 12375 5032
f 12375 12374 213
f 210 12417 5010
f 12417 210 12416
f 12416 210 6767
f 210 12371 6767
f 12371 210 5010
f 4956 263 12463
f 12463 263 4984
f 263 4955 12464
f 263 4956 4955
f 184 12326 6792
f 12326 184 6791
f 184 12371 6791
f 12370 184 6792
f 184 12370 12371
f 12284 5081 137
f 160 12325 6792
f 160 12283 6816
f 12325 160 6816
f 12286 139 5080
f 139 12246 5080
f 139 12287 5078
f 6691 6662 12509
f 314 6662 12557
f 6662 286 12557
f 6662 6691 286
f 6662 12607 315
f 6662 314 12607
f 287 6661 6690
f 12510 6661 12559
f 6661 12510 6690
f 4929 289 4957
f 4956 289 12512
f 289 4956 4957
f 12511 4929 4957
f 12462 12511 4957
f 12511 6689 288
f 12511 12462 6716
f 6689 12511 6716
f 260 12460 6717
f 260 6743 234
f 12461 260 6717
f 6743 260 12461
f 233 12414 6769
f 12460 6744 259
f 6744 233 259
f 6744 12414 233
f 12414 6744 234
f 6744 260 234
f 260 6744 12460
f 233 6745 259
f 6745 233 12413
f 207 6770 12413
f 233 207 12413
f 207 233 6769
f 12369 207 6769
f 12417 236 4984
f 6742 236 12417
f 236 262 4984
f 236 6742 262
f 12415 209 6768
f 6743 12415 234
f 12415 6743 235
f 12416 12415 235
f 209 12415 12416
f 587 15434 6831
f 15434 565 6831
f 565 15434 6852
f 6830 15434 587
f 562 6854 6874
f 6854 15428 6874
f 6854 562 15432
f 12191 6908 523
f 12192 6908 12191
f 6908 12192 6907
f 6907 12192 524
f 524 12192 6887
f 6945 478 483
f 12106 6945 6928
f 12106 482 6945
f 500 12148 503
f 540 6873 538
f 6873 6853 15429
f 6873 15428 6853
f 544 6870 6889
f 545 6870 6869
f 6870 545 6889
f 12230 6870 544
f 536 532 543
f 532 536 6891
f 6851 536 15430
f 536 6851 6871
f 6851 12230 6871
f 6756 12403 661
f 12361 6778 640
f 6803 12361 615
f 6778 639 12406
f 12361 639 6778
f 639 12360 6779
f 12360 12361 6803
f 12360 639 12361
f 616 6801 12318
f 12236 6865 6845
f 12277 572 594
f 6921 12113 488
f 12072 12113 6920
f 488 12113 12072
f 12112 6921 488
f 6922 12112 487
f 12112 6922 507
f 6921 12112 507
f 12112 12071 487
f 12071 12112 488
f 6823 12276 593
f 593 12276 6845
f 572 12276 594
f 12276 6823 594
f 6699 6725 6726
f 6725 6699 12502
f 6699 12550 6670
f 12551 749 6669
f 12551 6670 749
f 6697 12504 6723
f 6697 6696 12504
f 6696 6697 6668
f 6697 12552 6668
f 12552 6697 721
f 721 6698 6669
f 6698 6725 12502
f 6698 12551 6669
f 6698 6724 693
f 6725 6698 693
f 12454 6751 693
f 6724 12454 693
f 12408 6776 641
f 6776 12408 6775
f 12363 6776 6775
f 6753 6752 664
f 6753 664 12406
f 12408 665 6751
f 6807 611 12312
f 6757 12448 661
f 12403 6757 661
f 6757 12403 12402
f 6644 6674 745
f 6674 12547 745
f 6674 6644 746
f 12547 6674 12498
f 6675 716 12497
f 716 6703 12497
f 716 6675 12547
f 6703 716 12547
f 6672 6673 747
f 12498 12449 6730
f 12449 6756 6730
f 12449 689 6756
f 6800 617 12318
f 617 6800 12363
f 6801 6800 12318
f 12364 642 6774
f 12364 618 6799
f 642 12364 6775
f 12364 6774 6798
f 618 12364 6798
f 12363 12364 6799
f 12364 12363 6775
f 6881 6880 12199
f 6861 12239 552
f 6861 6881 551
f 6880 6861 552
f 6861 6880 6881
f 12277 6843 572
f 12110 6923 486
f 12152 6923 12110
f 505 12152 6924
f 505 6925 12151
f 505 525 12152
f 505 12151 6906
f 525 505 6906
f 6971 454 11995
f 454 6971 11996
f 454 11996 6988
f 12034 6952 6970
f 11996 12034 6970
f 6971 12034 11996
f 470 6938 12072
f 6937 470 12072
f 12245 5102 115
f 5102 12246 116
f 12246 5102 5080
f 5102 12245 5080
f 5103 115 5125
f 12245 5103 5081
f 5103 12245 115
f 12204 5103 5125
f 5103 12204 114
f 12245 138 5080
f 138 12245 5081
f 185 12371 12372
f 12371 185 6791
f 12325 183 6792
f 183 12325 6793
f 183 12370 6792
f 12370 183 6793
f 208 12369 6769
f 12369 208 6768
f 12414 208 6769
f 208 12414 234
f 12415 208 234
f 208 12415 6768
f 207 12368 6770
f 12368 207 12369
f 6771 12368 12367
f 12368 6771 6770
f 181 157 12322
f 181 12323 157
f 6796 181 12322
f 181 6796 12367
f 12241 6838 6858
f 6838 12241 6839
f 6773 668 12411
f 668 6748 12411
f 668 6773 12410
f 668 12410 6749
f 695 668 6749
f 6772 206 12367
f 206 6771 12367
f 6797 12365 12366
f 6797 620 12321
f 620 6797 12366
f 12337 5024 12338
f 5024 12337 194
f 12337 5025 194
f 12337 5048 12336
f 5025 12337 12336
f 5024 195 12338
f 195 5023 12338
f 12385 5022 12384
f 5021 5022 12385
f 97 5141 12168
f 100 12213 5137
f 100 5116 12213
f 5116 100 12212
f 100 5139 12212
f 12252 5073 145
f 12252 5072 5094
f 12252 145 5072
f 122 12252 5094
f 78 12171 5137
f 12130 78 5158
f 12171 78 5159
f 78 12130 5159
f 55 5160 12129
f 55 12088 5181
f 12088 55 12129
f 12087 55 5181
f 5160 55 12128
f 55 12087 12128
f 5091 12255 5069
f 12256 5091 5069
f 125 5091 12256
f 5092 5093 12254
f 5070 5092 12254
f 5092 5115 5093
f 5115 5092 12214
f 12255 5092 5070
f 12332 12331 189
f 5076 12249 12248
f 5097 12250 120
f 119 5097 5120
f 5097 119 12249
f 12209 5098 5120
f 12209 5121 5098
f 12209 96 5121
f 96 12209 5142
f 12209 97 5142
f 97 12209 5120
f 5100 5099 5122
f 5099 5100 12248
f 12249 5099 12248
f 5099 12249 5098
f 118 12208 5122
f 118 5121 12208
f 5099 118 5122
f 5121 118 5098
f 118 5099 5098
f 12165 5145 95
f 12165 5144 72
f 5144 12165 95
f 5145 12206 5123
f 5123 12206 116
f 12164 12123 5167
f 12123 12164 72
f 12164 12165 72
f 12165 12164 5145
f 12121 48 12080
f 70 48 12121
f 48 70 5168
f 4977 268 12469
f 268 4977 4978
f 268 4950 12469
f 268 12468 4950
f 268 4978 12468
f 241 4978 12423
f 5004 241 12423
f 216 5004 12423
f 216 12378 12377
f 5004 216 12377
f 5050 168 12334
f 5030 12332 189
f 167 5052 12291
f 5048 170 12336
f 170 5049 12336
f 170 5048 12294
f 5049 170 12294
f 5113 125 12216
f 5091 5113 12215
f 5113 5091 125
f 5113 5135 12215
f 12175 5155 81
f 5133 12175 104
f 12175 5133 82
f 12175 5134 104
f 5134 12175 81
f 101 12172 5137
f 12172 78 5137
f 78 12172 5158
f 36 12090 5178
f 5178 12090 57
f 12090 36 12051
f 58 12091 5178
f 12091 36 5178
f 12132 58 5178
f 12132 5156 58
f 2146 11944 5254
f 2146 5270 11944
f 2146 11945 5269
f 11945 2146 5253
f 16 5215 12015
f 36 5198 12051
f 5198 5217 12051
f 5196 12053 37
f 5215 12053 5196
f 11856 2110 11883
f 2110 5286 11883
f 5286 2110 11882
f 11882 5300 2094
f 5300 11856 5313
f 2110 5300 11882
f 5300 2110 11856
f 5326 11831 5313
f 2078 5302 11854
f 11913 11912 2127
f 11912 11913 5286
f 11912 5286 11882
f 5301 5315 2093
f 2078 5315 11830
f 5315 11854 2093
f 5315 2078 11854
f 11861 11885 11863
f 2112 11885 11861
f 11885 11864 11863
f 11885 2112 5283
f 11864 11885 11862
f 5284 5285 11914
f 5285 5284 2111
f 5285 2111 11883
f 11913 5285 11883
f 11914 2128 5269
f 2128 11913 5270
f 2128 2146 5269
f 2146 2128 5270
f 5285 2128 11914
f 2128 5285 11913
f 7106 7129 4626
f 4648 7106 15351
f 7086 4648 15351
f 7106 4648 7085
f 4648 7063 7085
f 7063 4648 4667
f 4648 7086 4667
f 7086 4647 7064
f 4647 7086 15351
f 7088 4664 15367
f 7131 4624 7108
f 7130 7107 4626
f 7107 7130 4625
f 4605 7126 15340
f 7126 4605 7127
f 7126 7127 15358
f 7083 7126 15358
f 7126 7083 15341
f 15340 7126 15341
f 6564 6597 6565
f 6597 827 15509
f 827 6597 6564
f 818 6566 6565
f 6566 818 816
f 756 758 6659
f 6566 824 821
f 824 6566 816
f 15507 824 816
f 823 819 6567
f 819 6599 787
f 6599 15507 787
f 823 6599 819
f 824 6599 821
f 6599 824 15507
f 796 6596 15510
f 827 6596 796
f 6596 6563 15510
f 6596 827 6563
f 6658 15482 754
f 15482 6658 730
f 15483 15496 6657
f 707 15473 6685
f 829 6562 15521
f 6561 829 15521
f 796 6628 15509
f 6628 764 755
f 686 6759 659
f 686 15460 6759
f 6760 686 659
f 15460 686 6733
f 686 6760 15459
f 6734 686 15459
f 6733 686 6734
f 803 6587 6619
f 803 6620 15517
f 834 803 15517
f 6587 803 834
f 771 803 6619
f 6620 803 771
f 6591 801 6622
f 15514 6591 6622
f 6591 6559 15524
f 6559 6591 831
f 6591 15514 831
f 774 15506 6647
f 15506 774 6616
f 15505 774 6647
f 6616 774 15505
f 15506 775 6646
f 775 12643 12595
f 6646 775 12595
f 15520 806 6616
f 806 15506 6616
f 806 15520 6584
f 6649 772 15504
f 772 6649 15491
f 15492 6649 15504
f 6649 15492 742
f 741 6649 742
f 15491 6649 741
f 684 6736 6735
f 684 15457 6736
f 15499 800 6623
f 768 15499 6623
f 15488 6653 769
f 769 6653 15500
f 15477 6681 6710
f 710 15477 6710
f 15477 710 6682
f 15474 700 6685
f 15462 6741 702
f 6741 673 6715
f 702 6741 6715
f 624 625 6790
f 562 578 15432
f 558 578 562
f 6809 609 15443
f 15431 6855 556
f 15431 558 6855
f 6785 15444 15443
f 15442 6786 15443
f 6786 15442 632
f 12795 2181 2175
f 12795 10235 2181
f 2180 12795 2175
f 10235 12795 2180
f 2181 10227 10234
f 10235 10227 2181
f 10237 2179 12792
f 10229 10237 12792
f 10237 10229 2179
f 10218 2191 12816
f 2186 10218 12816
f 12803 10218 2186
f 10219 12803 12802
f 12801 10220 12809
f 10220 12801 12820
f 12814 10220 12820
f 2185 12814 12821
f 10229 2185 12802
f 2185 10229 12809
f 2185 10219 12802
f 10219 2185 12821
f 10220 2185 12809
f 2185 10220 12814
f 4349 7385 15036
f 4344 4349 15036
f 4349 4344 15075
f 7308 15146 15147
f 7308 4434 15146
f 4428 7308 15147
f 15112 7344 4394
f 7345 15112 4394
f 4434 15112 7345
f 7308 15112 4434
f 15112 4428 7344
f 15112 7308 4428
f 15034 4308 7435
f 15035 15034 7388
f 15034 15035 4308
f 15073 4351 7435
f 15034 4351 7388
f 4351 15034 7435
f 4351 7387 7388
f 4351 15073 7387
f 15074 4353 4392
f 4353 15074 7387
f 4353 15073 4392
f 15073 4353 7387
f 4307 15036 7432
f 4301 7387 15036
f 4301 15035 7387
f 7433 4301 14994
f 15035 4309 7434
f 4309 14994 7434
f 4309 7433 14994
f 4309 4301 7433
f 4301 4309 15035
f 15399 4711 15400
f 7044 4690 15401
f 15388 7044 15401
f 15328 4597 4622
f 7089 4643 7090
f 7110 7089 4644
f 7089 7110 4643
f 7066 4690 15367
f 4664 7066 15367
f 7110 7133 4622
f 7133 15328 4622
f 7109 7110 4644
f 7109 4624 7132
f 4624 7109 7108
f 7110 15348 4643
f 4643 15348 7090
f 7182 4570 4543
f 4570 7182 4569
f 7182 15277 4569
f 7153 15308 4576
f 4601 7153 4576
f 7153 4602 15308
f 7153 7129 4602
f 7129 7153 4626
f 4682 15376 7053
f 15376 4681 7053
f 4681 15376 7074
f 15359 4653 7076
f 4653 4634 7076
f 7076 4632 7121
f 4615 7140 7117
f 4587 15321 4582
f 15321 7142 4582
f 4586 15321 4587
f 7142 15322 4582
f 4565 4566 7186
f 7139 4615 7117
f 15324 7139 4616
f 4591 4566 7163
f 4566 4591 7162
f 4591 15324 7162
f 15324 4591 7139
f 7139 4591 4615
f 4540 7211 15248
f 4541 4540 7184
f 7211 4540 4541
f 7144 15320 7168
f 15320 4586 7168
f 15320 15321 4586
f 4560 15296 7168
f 7212 4539 15248
f 4538 7212 7213
f 7212 4538 7186
f 4539 7212 7186
f 4510 7240 7213
f 7212 4510 7213
f 7241 7269 7242
f 4508 7241 7242
f 7269 7241 15217
f 7241 4509 15217
f 4509 7241 7214
f 7241 4508 7214
f 7187 4537 4564
f 7187 4538 7213
f 4537 7187 7213
f 7214 15246 7188
f 4508 15246 7214
f 15246 4508 7242
f 7215 15246 7242
f 4556 15299 4561
f 6997 15423 6996
f 15423 440 6996
f 15423 6979 6963
f 440 15423 6963
f 15421 6994 6993
f 15411 15421 6993
f 15411 7027 4731
f 15399 7027 4711
f 4711 7027 15412
f 7027 15411 15412
f 15405 7011 4731
f 7011 4730 436
f 437 6995 15424
f 6994 437 15424
f 437 7011 436
f 15421 437 6994
f 7011 437 4731
f 437 15411 4731
f 437 15421 15411
f 15419 440 6995
f 15414 15422 6997
f 15414 6998 15422
f 15389 7033 4704
f 4637 15344 7096
f 4633 15344 7117
f 15344 4633 7096
f 4657 7095 7096
f 7095 4637 7096
f 7343 4430 4432
f 15113 4430 7343
f 4430 7307 4432
f 4391 4393 15076
f 4393 15113 7343
f 4393 4391 15113
f 4355 15038 15037
f 15077 4355 7343
f 7385 4355 15037
f 4355 7385 15076
f 4393 4355 15076
f 4355 4393 7343
f 15038 7384 15039
f 7384 15077 15039
f 4355 7384 15038
f 7384 4355 15077
f 15077 4396 4356
f 7264 4482 15189
f 4482 4481 15189
f 7263 4482 7264
f 4446 15158 7295
f 7296 15158 4446
f 4482 15158 7296
f 15158 4482 7263
f 15249 7211 4541
f 15277 15250 4542
f 15250 7209 4542
f 7182 15250 15277
f 15250 7182 4543
f 7297 15156 4480
f 15156 7297 4444
f 15188 7265 4480
f 7265 7297 4480
f 7297 7265 4481
f 7265 15188 15219
f 7237 7265 15219
f 7265 7237 15189
f 4481 7265 15189
f 4446 15123 4445
f 7332 15123 4446
f 15123 7332 4404
f 4365 7373 4405
f 4363 15047 7375
f 4363 7374 15047
f 7374 4363 4404
f 15086 7374 4404
f 7332 15086 4404
f 15086 7332 4405
f 7373 15086 4405
f 15078 7383 4356
f 4396 15078 4356
f 4362 15085 7375
f 15085 4362 7334
f 15085 4363 7375
f 4362 4402 7334
f 4402 15084 7335
f 4402 15122 7334
f 4318 15045 4361
f 7376 4318 4361
f 15084 7376 4361
f 7376 4402 4362
f 4402 7376 15084
f 7271 15184 4475
f 15183 7271 4475
f 15184 7271 15215
f 7271 15214 15215
f 7271 15183 15214
f 4507 7215 7242
f 15244 15243 4535
f 4471 7275 15148
f 7307 4471 15148
f 4471 7307 15147
f 7275 4471 15179
f 15146 4471 15147
f 15179 4471 15146
f 4473 15180 7274
f 15180 4473 7275
f 15180 15211 7274
f 15211 15180 7275
f 15214 7272 15213
f 7272 15182 15213
f 15183 7272 15214
f 7272 15183 4468
f 15182 7272 4468
f 7273 4470 4466
f 15182 7273 15213
f 15241 7219 7192
f 15241 4504 7219
f 7245 4501 15213
f 2212 12872 12857
f 10173 12872 2212
f 12872 12864 12857
f 12872 10173 12879
f 12864 12872 12879
f 12843 10186 12844
f 10186 10185 12844
f 12864 10186 12857
f 10186 12864 12858
f 10185 10186 12858
f 12857 10186 2205
f 10186 12849 2205
f 12849 10186 12843
f 10179 2209 12865
f 10192 2202 12837
f 2202 12838 12837
f 2210 12868 12853
f 12868 2210 10177
f 2203 10190 12853
f 10190 12852 12853
f 10114 12962 12961
f 12962 10114 12974
f 2251 12950 10125
f 12950 12944 12942
f 12944 12950 12936
f 10124 12950 12965
f 12950 10124 12951
f 10124 12965 2247
f 12951 10124 2247
f 10140 10131 12922
f 10150 10140 12922
f 12951 2242 12936
f 2242 12951 12937
f 2242 12937 10131
f 10151 10150 12905
f 2220 10161 2228
f 12887 10161 2220
f 10146 10156 12898
f 10155 2232 12916
f 2225 10165 12883
f 10165 12884 12883
f 10137 12915 10146
f 12915 10145 2232
f 12915 10156 10146
f 10156 12915 2232
f 12895 12890 12896
f 12890 12895 2221
f 2213 12858 12879
f 12873 2213 12879
f 2213 10185 12858
f 2213 12873 12880
f 2213 12880 12859
f 10185 2213 12859
f 10183 12861 2207
f 12861 10182 2207
f 12876 12861 12860
f 12861 10183 12860
f 12861 12876 2215
f 12862 12861 2215
f 10182 12861 12862
f 10122 10129 12945
f 2244 10129 10122
f 10129 12931 12945
f 12964 12959 2252
f 12959 12964 10122
f 12959 10122 2248
f 12958 12959 2248
f 2249 2244 10122
f 12964 2249 10122
f 10120 12970 12961
f 12974 10110 12986
f 10110 12985 12986
f 12985 10111 2256
f 10115 12960 12964
f 2249 12960 10121
f 12960 2249 12964
f 3099 13816 9120
f 9271 2916 9340
f 2916 9271 9197
f 9339 9270 13691
f 2916 9270 9339
f 9341 9406 9342
f 2850 9341 9340
f 9341 2850 9406
f 9119 3037 13816
f 3099 9119 13816
f 9119 3099 3100
f 9196 9270 2916
f 9404 2798 9467
f 9404 9405 2860
f 9405 9404 9467
f 2807 9403 9465
f 9273 13689 9342
f 13689 9341 9342
f 3089 3093 9124
f 13462 13412 9621
f 13462 9574 2700
f 13366 9707 9665
f 9664 13366 9665
f 2625 9664 9665
f 13412 2625 9665
f 9035 3163 13879
f 9030 3168 3169
f 13882 9030 3109
f 8880 14056 3215
f 8319 8405 3796
f 3664 8319 3796
f 3730 3664 3796
f 3664 3730 8234
f 8564 3468 14289
f 3531 3468 8643
f 3468 3531 14289
f 3806 8143 14537
f 3407 3408 8721
f 3500 14251 8530
f 14262 14261 3501
f 8605 14261 14262
f 8382 8465 3620
f 8378 3625 8461
f 14367 8378 8461
f 8378 3624 14430
f 8378 14367 3624
f 3625 14368 8461
f 14368 8460 8461
f 3494 3495 14248
f 3495 3494 8539
f 8462 3558 8463
f 3558 8462 14306
f 8539 3558 14306
f 14307 3559 8461
f 3559 8462 8461
f 8462 3559 14306
f 14309 14307 8460
f 8538 8539 14306
f 3559 8538 14306
f 8538 3559 14307
f 8538 3495 8539
f 3495 8538 14250
f 14250 8538 3496
f 4163 7650 4161
f 14903 4163 4161
f 7486 14949 4263
f 7836 7769 4004
f 4161 4052 3995
f 4052 14758 3995
f 14758 4052 7775
f 7775 3992 3997
f 7773 4055 4046
f 4055 7773 3990
f 3989 4055 3990
f 14544 8051 3817
f 8051 14544 8052
f 3480 14238 8554
f 3483 8551 8550
f 8551 14298 8550
f 14298 3546 8550
f 3546 14298 8474
f 14065 3228 3294
f 3289 8872 14061
f 13999 8872 3223
f 8872 14062 3223
f 14062 8872 3289
f 8871 14062 3290
f 14062 3224 3223
f 3224 14062 8871
f 9883 9847 13175
f 9883 13174 9847
f 13174 9883 2420
f 13140 9883 13175
f 2420 9883 13140
f 13104 2388 9952
f 2388 9951 9952
f 2388 13105 9951
f 9885 13173 2419
f 13173 9885 9849
f 9850 9886 13171
f 2452 9850 13171
f 9852 13208 9851
f 9852 13169 2451
f 2487 9852 2451
f 13208 9852 2487
f 13100 9956 2385
f 2418 9887 13171
f 9887 9851 13171
f 2331 13052 2334
f 13072 2331 2334
f 13071 10001 10002
f 13071 9986 10001
f 13072 2359 9957
f 9986 2359 13072
f 13071 2359 9986
f 9956 13073 9957
f 13073 9985 9957
f 13073 9956 2360
f 9985 13073 2337
f 13073 9984 2337
f 9984 13073 2360
f 2329 2335 10000
f 2335 9985 10000
f 9985 2335 2329
f 13288 13247 9775
f 9897 9896 13125
f 13160 9896 9897
f 13200 9859 13199
f 9859 13200 2447
f 13325 9742 2553
f 9702 13325 2553
f 9742 13325 13281
f 2506 2507 9783
f 13239 2506 9783
f 2517 2510 9782
f 2511 2510 2517
f 2510 13239 9782
f 9823 13196 2507
f 9823 2480 13196
f 9823 2511 2473
f 2480 9823 2473
f 2548 9706 13322
f 2550 13278 13322
f 2548 13278 13237
f 9743 9744 9703
f 9743 13280 9744
f 13278 9745 13237
f 9745 13278 2550
f 9543 13547 9542
f 9542 13547 2732
f 13494 2731 9543
f 13493 2731 13494
f 2731 13493 9544
f 13545 2731 9544
f 9543 2731 13545
f 2689 13495 9588
f 13494 13495 9589
f 9589 13495 13445
f 13495 2689 13445
f 13495 13494 9542
f 13495 9542 2732
f 9588 13495 2732
f 13549 2780 9487
f 2833 2780 13603
f 9366 9365 13605
f 13606 9365 9428
f 9367 2833 13603
f 13440 9593 2686
f 2644 13440 2686
f 13394 13393 9637
f 13393 13394 2605
f 2605 13394 13395
f 13394 9637 2645
f 13395 13394 2645
f 9637 13441 2645
f 13393 13441 9637
f 13441 13393 9638
f 13441 2644 2686
f 2644 13441 9638
f 13491 9546 9545
f 13491 9592 9546
f 13491 2687 9592
f 13490 2729 9592
f 13490 13441 2686
f 13441 13490 9592
f 9593 13490 2686
f 9547 13490 9593
f 13490 9547 2729
f 13144 9879 2423
f 9879 13144 13184
f 13180 9843 9842
f 13180 2424 9878
f 13181 13180 9842
f 13180 13181 2424
f 9844 2456 2492
f 2456 9845 13215
f 9805 2456 13215
f 2456 13182 9845
f 13182 2456 9844
f 9849 9809 9848
f 9809 13212 9848
f 9809 2525 13254
f 13212 9809 13254
f 13212 9808 2454
f 13255 9808 13254
f 9808 13212 13254
f 2491 9806 13215
f 9806 2527 13215
f 13258 9765 13299
f 2527 9765 13258
f 9807 9847 13213
f 9807 2455 9847
f 9807 13256 2527
f 9767 13255 13254
f 13296 9767 13254
f 9767 13256 13255
f 13149 2429 9908
f 2429 9873 9908
f 9834 13188 13187
f 9834 2465 13188
f 2462 9836 13185
f 9836 2462 9837
f 9836 9874 13185
f 13219 2458 13226
f 9802 13219 13226
f 13219 9802 2494
f 9841 13219 2494
f 13219 9841 2458
f 13218 9803 13226
f 13218 2493 9803
f 9843 13218 13226
f 2493 13218 9843
f 9438 2828 9376
f 9313 13654 13717
f 9312 9313 13718
f 9243 9312 13718
f 2771 13587 9445
f 9725 2564 13299
f 9725 13343 2564
f 9727 9767 13296
f 13537 9499 2773
f 9688 13340 9728
f 13340 9688 2600
f 13295 13339 9728
f 9768 13295 9728
f 2603 9683 9684
f 13345 9683 13346
f 9683 2603 13346
f 13587 9503 9446
f 9503 2770 9446
f 2770 9503 13532
f 9504 9505 13585
f 9504 2770 13531
f 13583 2821 9449
f 2821 13583 9387
f 2878 13649 9318
f 13650 2878 9318
f 13711 9317 9318
f 9317 13650 9318
f 13706 9251 9320
f 9384 9319 13649
f 2878 9384 13649
f 13644 13645 9388
f 13645 13644 9322
f 3117 9021 13892
f 3117 13893 9100
f 2993 13829 3054
f 13829 2993 13767
f 9251 2933 13769
f 2933 9251 13706
f 9322 13705 9321
f 14004 8949 8950
f 3170 8948 13944
f 8948 8949 14004
f 8949 8948 3170
f 9450 2820 9388
f 13583 9450 9387
f 13645 9450 9388
f 9450 13645 9387
f 9693 13380 13334
f 2768 13528 9507
f 13528 2768 9506
f 2768 13583 9506
f 9450 2768 9507
f 2768 9450 13583
f 2597 9692 13334
f 9692 2597 13335
f 9692 2559 13334
f 2559 9692 13335
f 2597 13381 13335
f 9771 13251 9812
f 13251 13209 9812
f 3125 13905 13908
f 4024 7814 7815
f 4024 14779 7814
f 14779 4024 7748
f 4023 4024 7815
f 4024 4023 7748
f 7961 3896 7962
f 14672 7956 14671
f 8369 14378 14369
f 8531 14310 14317
f 14310 8531 3570
f 2276 13008 2278
f 2276 2278 13022
f 2299 2276 13022
f 10043 2300 13025
f 2283 10043 13025
f 10043 13024 2300
f 10043 2283 13024
f 13023 10044 2280
f 10044 13023 2299
f 13023 2276 2299
f 2318 10025 13038
f 2318 13057 10025
f 2338 13075 9982
f 13075 2338 9983
f 2339 9997 9982
f 13057 9997 2339
f 9997 2338 9982
f 2338 9997 13056
f 2318 9997 13057
f 9997 2318 13056
f 13021 2294 2297
f 2318 10026 13056
f 13036 2298 2292
f 2298 13036 2294
f 2298 13021 2292
f 13021 2298 2294
f 13077 13078 9981
f 2363 13078 9952
f 13078 13077 9952
f 2364 13080 9950
f 2364 9949 13081
f 2364 9950 9949
f 9978 9993 2341
f 13080 9978 2341
f 2364 9978 13080
f 9993 9978 13081
f 9978 2364 13081
f 10058 13013 10057
f 13013 13015 10057
f 13012 10059 13019
f 13012 13013 10058
f 13012 2271 10059
f 2271 13012 10058
f 13013 13012 2285
f 13031 13012 13019
f 13018 10060 13011
f 10060 13002 2270
f 13002 10060 10059
f 10060 13018 10059
f 10061 13010 2270
f 13010 2283 13025
f 13016 13010 13025
f 13010 10060 2270
f 10060 13010 13016
f 13015 10039 2286
f 10039 13029 2286
f 13043 2302 13049
f 13042 13047 2320
f 10042 13016 13025
f 13040 10042 13025
f 13030 10042 13040
f 2284 13031 13019
f 13018 2284 13019
f 2284 13018 13011
f 2284 10042 13030
f 2301 13040 13045
f 2301 13030 13040
f 2301 13045 13041
f 13065 13060 2341
f 13060 13065 2320
f 9950 9979 9951
f 13080 9979 9950
f 2319 10024 13058
f 10024 2319 13040
f 13043 10020 13044
f 2321 10020 13043
f 10020 13063 13044
f 10020 2321 13062
f 10020 13062 13063
f 10021 13061 13066
f 13061 10021 13065
f 13061 9993 13066
f 13061 13065 9993
f 10021 13067 2321
f 13067 10021 13066
f 9993 13067 13066
f 9992 13067 9993
f 9750 13319 9749
f 13319 13320 9749
f 13315 13319 9750
f 13319 9710 13320
f 13319 13315 9710
f 9866 9867 13192
f 9866 13155 9867
f 13155 9866 2435
f 2435 9866 13193
f 9866 9828 13193
f 9866 13192 9828
f 13111 13143 9913
f 13143 13111 9914
f 13148 13143 9914
f 13143 13148 2422
f 9913 13143 9880
f 13143 2422 9880
f 9948 13109 9947
f 13109 13115 9947
f 13115 13109 9915
f 13115 13116 9947
f 2391 13116 9915
f 13116 13115 9915
f 9948 2365 9949
f 9977 2365 13086
f 2365 9977 9949
f 13083 13088 9948
f 13088 2365 9948
f 2365 13088 13087
f 13147 9881 2422
f 13148 13147 2422
f 13147 13148 9914
f 9881 13177 2422
f 13177 13182 2422
f 13177 9881 9845
f 13182 13177 9845
f 2421 13141 9882
f 13176 2421 9882
f 2421 13176 9881
f 13141 2421 9915
f 13195 9867 2434
f 9868 13195 2434
f 9867 13195 13191
f 13195 9830 13191
f 13195 9831 9830
f 13229 2466 2463
f 9791 2466 13229
f 2466 9791 9832
f 13189 2466 9832
f 2463 2466 13189
f 9832 2501 13230
f 9791 2501 9832
f 13270 2535 9754
f 2535 9791 2534
f 2535 2501 9791
f 2535 13269 9754
f 13269 2535 2534
f 2501 2535 13230
f 2535 9790 13230
f 2535 13270 9790
f 13310 13269 9755
f 13269 13310 9715
f 9716 13310 9755
f 2569 13310 9716
f 9715 13310 13354
f 13310 2569 13354
f 2570 13311 9715
f 13123 13120 9938
f 13123 2399 13120
f 13117 2398 9907
f 2400 13117 9907
f 2398 13117 9941
f 9939 9970 9941
f 13117 9939 9941
f 9939 13117 2400
f 9939 2370 9970
f 9939 9938 2370
f 2431 9871 2426
f 13150 2431 2426
f 2431 9873 9871
f 2431 13150 9873
f 9906 2397 2401
f 2397 9906 2399
f 2397 9938 2401
f 2397 13123 9938
f 13123 2397 2399
f 2428 13189 2430
f 2428 2432 13189
f 13152 2428 2430
f 9906 2428 13152
f 2432 2428 9906
f 10075 13001 2270
f 13039 13040 2300
f 13039 10024 13040
f 13039 2300 13038
f 10025 13039 13038
f 10024 13039 10025
f 14579 8096 3845
f 14579 8095 8096
f 7667 14808 7728
f 14857 7667 7728
f 14808 7667 7608
f 7667 7666 7608
f 8015 14579 3845
f 4091 14797 7732
f 14797 4091 7731
f 7731 4091 14849
f 4091 14848 14849
f 14896 14900 7609
f 14900 14896 4146
f 7669 14900 4146
f 7399 7354 15072
f 7354 7399 4339
f 7500 7553 14982
f 14939 7553 14991
f 7553 7500 14991
f 14847 7669 4146
f 4090 14847 7732
f 14847 4090 7669
f 4198 7610 14939
f 7610 4198 14898
f 7730 14857 7728
f 14806 7730 7728
f 7796 7794 14747
f 14808 14807 7728
f 7794 14807 14808
f 14807 14806 7728
f 14807 7796 14806
f 7796 14807 7794
f 7799 4034 14796
f 14795 4034 7800
f 4034 14795 7733
f 14796 4034 7732
f 4034 4090 7732
f 4090 4034 7733
f 3975 7869 14743
f 7869 3975 14686
f 7869 7799 14743
f 7734 14845 7733
f 14795 7734 7733
f 7734 14795 14794
f 14793 7734 14794
f 7734 7735 14844
f 7734 14793 7735
f 14793 7801 7802
f 7801 4033 7800
f 14741 7801 7800
f 7801 14794 4033
f 7801 14793 14794
f 7801 14740 7802
f 14572 14571 8022
f 14631 7942 7941
f 14631 3911 8019
f 3911 14631 7941
f 14627 14628 8022
f 14628 14627 7944
f 8020 8021 14629
f 8021 8020 14573
f 8020 14631 8019
f 14744 7868 14743
f 3975 7868 14687
f 7868 3975 14743
f 7868 14688 14687
f 14803 4035 7731
f 14798 14803 7731
f 14803 14798 4035
f 3911 14632 8018
f 14632 3911 7940
f 7796 7795 14806
f 14745 14744 7797
f 14751 14745 7797
f 7672 4088 14843
f 4088 7736 14843
f 7735 4088 14844
f 4088 7672 14844
f 7804 4031 14791
f 7805 4031 7804
f 7802 14792 7735
f 14792 4088 7735
f 4088 14792 7736
f 8024 8025 14625
f 14624 8025 8026
f 7946 14682 14683
f 14682 7946 14625
f 7947 14682 14625
f 3972 7947 14681
f 7947 3972 14682
f 7945 14627 3908
f 8025 3839 14568
f 3839 8025 8024
f 8444 3569 14326
f 8443 3569 8444
f 14387 8443 8444
f 8104 14571 3774
f 14571 8104 3840
f 8023 8024 3908
f 14627 8023 3908
f 8023 14627 8022
f 14571 8023 8022
f 8023 14571 3840
f 14680 7874 14681
f 7874 3972 14681
f 14737 7874 7875
f 7874 14680 7875
f 7948 14680 14681
f 7947 7948 14681
f 7948 7947 14624
f 14680 7949 14679
f 7950 7949 14622
f 7949 7950 14679
f 7948 7949 14680
f 14841 4142 7674
f 7616 14888 4141
f 14888 14839 4141
f 14888 7675 14839
f 14680 3971 7875
f 3971 14680 14679
f 7805 14736 4030
f 14736 7806 4030
f 14736 14735 7806
f 14736 14737 7875
f 14736 7805 14737
f 3971 14736 7875
f 14736 3971 14735
f 7950 14678 14679
f 7807 7806 14734
f 7739 14838 14839
f 14838 7739 7740
f 4244 14930 7561
f 14930 14929 7561
f 14887 7616 4141
f 7616 14887 7617
f 14835 4139 7679
f 14835 4084 7742
f 4084 7679 14836
f 4084 14835 7679
f 15178 15210 7247
f 7247 15210 7220
f 15210 7248 7220
f 4461 15210 15178
f 7248 7280 15209
f 15210 7280 7248
f 7280 15210 4461
f 7280 4461 15140
f 4497 15240 15209
f 4497 7249 15240
f 7280 4497 15209
f 7250 15231 7222
f 4419 15098 4379
f 15097 4419 4379
f 15132 7319 15095
f 15133 7319 15132
f 7319 7360 15095
f 7319 15133 4418
f 7316 15099 15098
f 4419 7316 15098
f 14929 4192 7619
f 4192 14885 14884
f 7619 4192 14884
f 15017 7456 7457
f 7456 7508 7457
f 7508 7456 4291
f 7456 15018 4291
f 15018 7456 15017
f 15057 4334 7407
f 4334 15057 7406
f 4334 15016 7407
f 15016 4334 7406
f 4381 7356 15100
f 4421 4381 15100
f 4381 4421 15145
f 7355 4381 15145
f 15067 7355 15063
f 15067 4381 7355
f 15067 15063 4338
f 7401 15067 4338
f 4552 7200 15256
f 7200 4552 7199
f 15256 7200 4523
f 7200 7227 4523
f 7227 7200 4524
f 7200 7199 4524
f 15337 15335 4603
f 15332 15337 15338
f 15332 15335 15337
f 4605 7150 7127
f 7150 4604 7127
f 7150 4580 15310
f 7150 4605 4580
f 15309 7151 4579
f 7151 15309 4603
f 7151 4603 15336
f 7151 15336 4628
f 4604 7151 4628
f 4553 15284 15257
f 15284 15287 15257
f 15287 15284 4580
f 7172 4554 15257
f 4554 7172 4581
f 7235 4514 4515
f 4514 7235 15221
f 15250 4514 7209
f 4516 7235 4515
f 4546 4547 7205
f 15280 4546 7179
f 4547 4546 15280
f 4521 4520 7202
f 4520 7203 7202
f 7231 4520 15224
f 15254 7204 4548
f 15281 15254 4548
f 15254 15281 7203
f 7204 15254 4519
f 15254 7231 4519
f 4520 15254 7203
f 15254 4520 7231
f 15329 7155 4599
f 15329 4624 7131
f 15329 7131 4600
f 7155 15329 4600
f 15329 4599 7132
f 4624 15329 7132
f 15307 4575 4574
f 7155 15307 4574
f 15307 7155 4600
f 7154 15307 4600
f 15307 7154 4575
f 3757 8125 14490
f 8045 3824 14549
f 3757 3824 8125
f 8042 3894 8041
f 3827 8042 8041
f 3894 8042 14608
f 14495 14493 3762
f 3893 7965 14608
f 8042 3893 14608
f 8043 3826 14550
f 3893 3826 8043
f 3826 3893 8042
f 4183 14876 4130
f 14876 4131 4130
f 14876 4183 7628
f 14877 4133 7686
f 14877 7627 4185
f 7626 14877 4185
f 4133 14877 7626
f 4325 7369 7415
f 15050 4324 7370
f 15050 7416 4324
f 15050 4325 7416
f 4325 15050 7369
f 15089 15050 7370
f 15050 15089 7369
f 15008 7417 4324
f 7421 15006 7472
f 7575 7522 14963
f 4495 15166 15198
f 4495 15198 7251
f 4495 15167 7283
f 15166 4495 7283
f 15166 4458 7284
f 7320 4458 15132
f 4458 7283 15132
f 4458 15166 7283
f 7284 4458 15131
f 4458 7320 15131
f 15228 4525 7225
f 15228 7226 4525
f 15228 7253 7226
f 7253 15228 15197
f 15228 15229 15197
f 4526 15228 7225
f 15229 15228 4526
f 4527 15259 7196
f 15259 4527 7224
f 15259 4555 7171
f 7170 15259 7171
f 7196 15259 7170
f 4554 7198 15257
f 15260 7198 4554
f 7198 4525 15257
f 7198 15260 4525
f 15229 7252 15197
f 7252 15166 15197
f 15166 7252 15198
f 15234 4527 15230
f 15198 15234 7251
f 15234 15230 7251
f 7253 15196 7226
f 15227 15196 7254
f 7226 15196 15227
f 15196 4493 7254
f 15196 7253 4493
f 15126 7292 4450
f 4367 15088 4368
f 4367 7371 4366
f 15088 4367 4366
f 7261 7233 7260
f 4449 7292 15126
f 15158 4483 7295
f 4483 15158 7263
f 7330 15088 4366
f 15088 7330 4407
f 4520 7230 15224
f 7230 4521 15225
f 7230 4520 4521
f 15010 4327 7413
f 7367 4327 7368
f 4327 15052 7413
f 15052 4327 7367
f 7463 15012 7462
f 15012 7463 7412
f 15127 4410 4451
f 15127 7326 4410
f 7326 15127 4452
f 7290 15127 4451
f 4452 15127 7290
f 4292 7454 7506
f 7454 4292 15019
f 7405 15017 4335
f 7405 15018 15017
f 15059 7405 4335
f 7455 7507 4291
f 15018 7455 4291
f 4292 7455 15019
f 7403 4336 15060
f 4336 7403 15019
f 15015 15014 7408
f 15014 15015 7459
f 15014 7409 7408
f 15014 7460 7409
f 7460 15013 7409
f 15013 7460 4288
f 4288 14970 7512
f 14970 7511 4241
f 7460 14970 4288
f 14970 7460 7511
f 14970 4241 7565
f 14970 4240 7512
f 4240 14970 7565
f 14973 7509 7457
f 7508 14973 7457
f 7509 14973 4243
f 4243 14973 7561
f 14973 7508 7561
f 14974 7507 4244
f 14974 4244 7561
f 7508 14974 7561
f 7507 14974 4291
f 14974 7508 4291
f 7510 14971 7459
f 14971 7510 4242
f 14971 4242 7564
f 7511 14971 7564
f 14972 7458 4290
f 7510 7458 14972
f 7458 15016 4290
f 7458 15015 15016
f 15015 7458 7459
f 7458 7510 7459
f 7621 14882 14881
f 14882 7621 4191
f 7621 14926 4191
f 7622 7621 14881
f 14926 7621 7622
f 14728 7883 14727
f 7813 14728 14727
f 4026 14728 7813
f 14728 14729 3967
f 4136 7684 14879
f 4136 4081 7684
f 7623 4136 14879
f 14880 4136 7623
f 4025 7813 14727
f 4025 14780 7813
f 7814 4025 14727
f 14780 4025 7747
f 4025 14779 7747
f 14779 4025 7814
f 4080 14830 7747
f 14830 4081 7747
f 4081 14830 7684
f 4134 14830 4080
f 7684 14830 4135
f 14830 4134 4135
f 7817 7887 4021
f 7750 7817 4021
f 7817 7750 4022
f 14724 7886 3964
f 14724 7817 4022
f 7817 14724 7887
f 7889 7819 14723
f 7819 4019 14776
f 7819 7889 14722
f 4019 7819 14722
f 3962 14666 3961
f 14666 3962 7963
f 3962 7962 7963
f 3896 14609 7962
f 14609 3895 7963
f 7962 14609 7963
f 3895 14609 8041
f 14609 3896 8041
f 3829 8039 8120
f 3829 8120 3762
f 4019 7752 14776
f 7751 4076 14828
f 4077 7751 14828
f 4131 7688 4130
f 7688 4131 14828
f 4076 7688 14828
f 7749 14829 4079
f 7410 15013 7461
f 15012 7410 7462
f 15054 7410 4331
f 7410 4287 7462
f 4287 7410 7461
f 7567 14924 7568
f 4237 7567 7568
f 7567 4238 7566
f 14924 7567 7566
f 7567 14968 4238
f 7567 4237 14968
f 14924 4187 7568
f 4134 4187 4135
f 14833 14832 7681
f 14832 14833 7745
f 14833 7681 4138
f 7682 4137 14881
f 14832 7682 14881
f 7682 14832 4082
f 14831 7682 4082
f 4137 7682 14831
f 7517 4235 14966
f 4282 7517 14966
f 7517 4283 7516
f 4328 15011 7413
f 15011 4328 7412
f 15052 4328 7413
f 4328 15052 7412
f 14967 7569 4235
f 14967 7517 7516
f 7517 14967 4235
f 7569 14967 4236
f 7515 14967 7516
f 4236 14967 7515
f 7362 15055 4376
f 15094 7362 4376
f 7362 15094 15055
f 4332 15054 7363
f 4332 15055 7409
f 4332 7363 15055
f 4332 7410 15054
f 15013 4332 7409
f 7410 4332 15013
f 15093 4415 7322
f 4415 4374 7323
f 4415 15130 7322
f 15130 4415 7323
f 7364 7365 4374
f 15054 4375 7363
f 4375 15093 7363
f 7364 4375 15054
f 4375 7364 4374
f 4415 4375 4374
f 4375 4415 15093
f 4413 15129 4414
f 4413 7324 15129
f 7324 4413 4372
f 12105 64 5170
f 64 12146 12145
f 64 5149 12139
f 5149 64 12145
f 12098 64 12139
f 64 12098 5170
f 64 12105 12144
f 12146 64 12144
f 5171 12104 12097
f 42 5171 12097
f 12104 12101 63
f 5171 12101 12104
f 12101 5171 42
f 12101 42 5191
f 12186 86 12183
f 12180 12186 12183
f 1647 11101 1621
f 5692 1647 1621
f 1698 5613 11224
f 5613 1698 11184
f 5637 1698 11145
f 1698 5637 11184
f 1698 5636 11145
f 1698 11185 5636
f 1699 5612 11225
f 11185 5612 1699
f 11225 5612 11224
f 5612 1698 11224
f 1698 5612 11185
f 11057 1589 5724
f 11057 5696 1589
f 11057 1617 5696
f 11057 1643 1617
f 5754 5753 1560
f 5753 5754 5724
f 5565 1747 1746
f 1747 5565 1768
f 1726 1747 1768
f 1747 1726 11267
f 1725 5585 11228
f 11267 5585 1725
f 1726 5585 11267
f 11191 5606 1704
f 5606 1726 1704
f 5679 1657 1631
f 1657 5679 1630
f 1657 11112 5653
f 11112 1657 1630
f 1656 11112 1630
f 11153 1681 5655
f 5744 10994 5745
f 11029 5744 5745
f 11029 5715 5744
f 5716 11029 5745
f 1624 11105 1651
f 5687 1624 1651
f 1624 1650 11105
f 1624 5688 1650
f 1624 11066 5688
f 1624 5687 11066
f 1598 5742 5713
f 11068 1598 5713
f 5742 5743 11031
f 5714 5743 11030
f 5743 5714 11031
f 1703 5631 11190
f 1703 5606 11191
f 11152 5630 11191
f 5630 1703 11191
f 11153 5629 1704
f 5629 11152 1704
f 1649 1622 11102
f 1675 5663 11145
f 11103 5663 1675
f 5663 1674 11145
f 1674 5663 11102
f 5663 1649 11102
f 1649 5663 11103
f 5719 11025 11062
f 1593 5719 11062
f 11025 5719 5748
f 5719 1593 5748
f 5659 1652 11106
f 1652 5659 11107
f 5235 15 12014
f 5198 15 5217
f 2149 11948 11951
f 11948 2149 5249
f 2149 11984 5249
f 5234 16 12015
f 5234 5251 11979
f 12014 5234 11979
f 16 5234 12014
f 5233 17 11981
f 11984 5233 11981
f 17 5233 12015
f 12092 12133 59
f 5156 12133 58
f 12133 5155 59
f 5155 12133 81
f 12059 12056 5193
f 12056 12059 5212
f 12056 5194 5193
f 12056 5212 5194
f 12059 12061 5211
f 12024 12022 5212
f 12022 12024 5231
f 12065 12100 5191
f 12065 5192 12100
f 12058 12065 5191
f 12065 12058 5210
f 20 12065 5210
f 12065 12019 5211
f 12019 12065 20
f 11989 5231 11991
f 11989 11990 5231
f 2169 11989 11991
f 11990 11989 2169
f 11925 11917 5266
f 5281 5280 2115
f 5281 11925 5280
f 5281 2115 11887
f 5281 11917 11925
f 2114 5281 11887
f 5281 11922 11921
f 5281 2114 11922
f 11890 11892 2113
f 11859 11890 5296
f 11892 11890 11859
f 11886 11895 5296
f 11895 11860 5296
f 11860 11895 2114
f 5282 11895 11886
f 2114 11895 5282
f 62 5172 12095
f 5172 62 12137
f 12136 62 12095
f 12137 62 5151
f 5152 62 12136
f 5151 62 84
f 62 5152 84
f 5582 11250 1732
f 11288 5582 1732
f 1710 5603 11211
f 11250 5603 1710
f 11421 5505 5506
f 5505 11421 1829
f 5504 5505 1829
f 5454 11502 5453
f 11484 1862 5457
f 5483 5469 1836
f 1861 5446 11483
f 1861 11509 5446
f 11263 11301 5568
f 11301 11263 5569
f 5590 1722 11224
f 5590 11263 1722
f 11223 5590 11224
f 11302 11338 5547
f 5495 1805 5510
f 1805 5495 5526
f 11372 1803 5510
f 11259 5593 5594
f 5495 5482 5526
f 5482 2083 5526
f 5482 1862 2083
f 5469 5482 1836
f 1862 5482 5457
f 5482 5469 5457
f 2060 5336 11809
f 2060 5337 5325
f 5324 2060 5325
f 5336 2060 5324
f 2081 11840 11836
f 11833 11840 2081
f 11840 5324 11836
f 11840 11833 5324
f 11700 11719 5387
f 11719 11700 11711
f 11687 11693 5398
f 11693 1956 5398
f 11693 11687 5400
f 5399 11693 5400
f 1948 5399 1947
f 11698 1948 1947
f 1948 11698 1955
f 1956 5394 11704
f 1955 5394 1956
f 5359 11763 2001
f 11763 11785 2019
f 11785 11763 11791
f 2001 11763 5358
f 11763 2019 5358
f 11743 5369 1983
f 11743 2000 5369
f 2000 5359 11745
f 5369 2000 11745
f 1968 11701 5393
f 11701 11694 5393
f 11694 11701 5392
f 5392 11701 11713
f 11712 11700 5387
f 11712 1968 11700
f 3854 8001 11489
f 8000 3923 11516
f 3923 8000 11515
f 8162 3720 11435
f 11436 3720 8161
f 3720 8246 11435
f 8246 3720 11436
f 11460 3786 11461
f 8080 11463 3787
f 3720 11463 8161
f 11463 3788 8161
f 11463 8080 3788
f 3783 8167 14531
f 3848 8086 14589
f 8086 3848 3783
f 8167 3715 14531
f 8254 14470 8340
f 3715 14470 8254
f 14470 3715 8167
f 8336 11431 8250
f 3718 11433 8249
f 11433 3718 8248
f 8334 11433 8248
f 8164 11460 11461
f 8164 3718 11460
f 3718 8164 11434
f 11432 8165 8249
f 8335 11432 8249
f 11459 3784 8084
f 3848 3851 8085
f 8005 3851 3848
f 3851 3784 8085
f 3788 3721 8161
f 3721 11436 8161
f 4199 11616 7792
f 14702 14644 7934
f 8175 14471 14463
f 8091 8094 14587
f 8092 8091 14587
f 14471 8173 14472
f 8010 8011 14646
f 13928 3141 8985
f 3141 13867 9064
f 13867 3141 9063
f 3141 13928 9063
f 3266 14050 8823
f 14049 8903 14048
f 8824 14049 14048
f 3265 14049 8824
f 8903 14049 13987
f 14049 8902 13987
f 8902 14049 14050
f 14050 14049 8823
f 14049 3265 8823
f 14109 8824 3327
f 14109 3265 8824
f 14109 3328 8823
f 3265 14109 8823
f 14224 8667 14223
f 14109 14166 3328
f 8667 14165 8668
f 14225 3452 8665
f 3452 14225 8586
f 3519 8503 14288
f 8504 3519 14287
f 13925 3139 3138
f 3137 13924 3138
f 13924 3137 8989
f 3137 9069 8989
f 9069 3137 13863
f 13925 8988 13984
f 8988 3197 13984
f 3197 8988 13924
f 8988 13925 3138
f 13924 8988 3138
f 14165 3388 8668
f 3264 8824 14048
f 8825 3264 14048
f 9143 3014 3015
f 9144 3014 9143
f 3074 3014 9144
f 3073 3074 3013
f 9145 3073 3013
f 14095 8758 14096
f 8992 9071 13920
f 8907 3196 13982
f 8990 3196 8989
f 3196 8990 13982
f 8261 8262 8348
f 8177 3712 14462
f 8176 3713 14461
f 8262 8176 14461
f 3712 14464 8263
f 8176 14464 3712
f 14464 8262 8261
f 14464 8176 8262
f 14397 3642 14398
f 8513 3575 14336
f 14335 3575 8513
f 8099 3843 14576
f 3843 8099 14575
f 14576 3843 8018
f 3843 14575 8018
f 8508 8509 14341
f 14401 3644 8431
f 3644 14401 14462
f 14403 8430 8431
f 3644 14403 8431
f 13986 3199 8986
f 8903 13986 14048
f 3199 13986 8903
f 12028 6976 6961
f 6959 12028 6961
f 7040 4720 11900
f 11899 4720 7040
f 4741 7005 11930
f 7005 4741 4754
f 11868 7060 4669
f 7060 11868 11842
f 7103 2044 2042
f 7104 7103 2042
f 11822 7101 7078
f 2048 7102 2049
f 7102 2048 2047
f 2045 7102 2047
f 7103 7102 2044
f 2050 11796 2049
f 7102 2050 2049
f 4712 11896 7043
f 11896 4712 4716
f 11696 7278 11695
f 7278 4463 11695
f 4463 7278 11696
f 7310 11691 1944
f 7310 4464 11691
f 7277 4463 11696
f 7277 11696 7276
f 4464 7277 7276
f 1945 7309 7276
f 7309 11691 7276
f 11691 7309 1944
f 7349 7310 1944
f 1915 7652 11610
f 7652 1907 11610
f 11658 7540 7541
f 7540 11644 7541
f 1931 5401 11660
f 1931 5403 5401
f 1931 11660 5402
f 11646 1925 5406
f 1925 11646 5402
f 11646 1931 5402
f 1931 11646 5403
f 5401 1936 7436
f 1936 5401 11659
f 7437 7488 11658
f 7488 1936 11659
f 1936 7488 7437
f 11671 7389 7436
f 1936 11671 7436
f 11671 1936 7437
f 7489 1935 11658
f 1935 7437 11658
f 7438 1935 7489
f 1935 11671 7437
f 4383 11682 7352
f 4340 7397 7398
f 7398 7397 11662
f 11662 7397 11663
f 7397 4341 11663
f 4341 7397 11673
f 7397 4340 11673
f 7851 11565 3987
f 7782 11565 4044
f 11566 7781 7849
f 11636 11637 7602
f 11634 4249 7550
f 4249 11634 7551
f 11542 7921 11519
f 7922 11542 11519
f 11542 7851 3987
f 11584 7784 7785
f 7784 11564 7852
f 11564 11565 7851
f 1875 1864 7993
f 1864 1875 7992
f 1863 1874 7993
f 1915 7653 11627
f 7653 1915 11610
f 4297 7445 7497
f 11650 4297 7497
f 7445 4297 11662
f 4297 7446 11662
f 7446 4297 7498
f 4297 11650 7498
f 6905 525 6886
f 525 6905 12152
f 6905 526 12152
f 477 6941 485
f 6939 12070 487
f 6973 6956 12032
f 12031 6956 6973
f 6956 469 12032
f 6956 6939 469
f 6957 468 12030
f 468 12031 12030
f 468 6957 464
f 468 6956 12031
f 12069 468 464
f 468 12069 6940
f 6956 468 6939
f 12070 468 6940
f 468 12070 6939
f 6931 12119 12078
f 12119 45 6914
f 45 12119 6931
f 67 12160 45
f 12160 68 6914
f 12161 68 91
f 6877 112 6858
f 12203 6895 91
f 6895 12203 6894
f 6895 6894 69
f 12161 6895 69
f 6895 12161 91
f 5147 12162 92
f 70 12162 5147
f 12162 6894 92
f 6894 12162 69
f 12119 46 12078
f 46 12119 6914
f 68 46 6914
f 25 12079 12040
f 12123 49 5167
f 49 12123 12082
f 5188 49 12082
f 5226 12005 7
f 5225 5226 12043
f 12005 5226 5225
f 5208 28 12043
f 28 5208 5188
f 28 5188 12082
f 5187 28 12082
f 6 5228 5209
f 5208 12042 27
f 12042 5209 27
f 5209 12042 5227
f 12004 12042 7
f 12042 12004 5227
f 12042 5226 7
f 12042 5208 12043
f 5226 12042 12043
f 5228 12041 5209
f 4720 7021 11900
f 2118 11902 7019
f 11902 2117 7019
f 6981 6982 5
f 6982 6981 11967
f 2155 6982 11967
f 11966 6982 2155
f 4 11966 6983
f 6982 11966 4
f 6936 12073 490
f 489 12073 6937
f 6937 12073 471
f 12073 6936 471
f 6918 12074 490
f 12074 6918 12116
f 6918 510 12157
f 6918 511 12116
f 511 6918 12157
f 6935 6936 490
f 12074 6935 490
f 6951 12036 6969
f 12035 6951 6969
f 6951 22 12036
f 22 6951 6934
f 4740 7007 11927
f 4732 4740 11927
f 4740 4732 7007
f 4753 7007 4743
f 4753 6990 11960
f 11994 6990 6991
f 11961 6988 4754
f 11961 454 6988
f 453 6972 11995
f 6972 453 11994
f 453 6990 11994
f 11960 453 11995
f 6990 453 11960
f 11962 7005 4754
f 6988 11962 4754
f 6987 11962 6988
f 12039 6965 12001
f 6965 4 12001
f 6966 12039 12001
f 3 6966 12001
f 6932 44 12118
f 12076 44 6932
f 6933 22 12075
f 6933 12076 23
f 6933 44 12076
f 12073 6919 490
f 510 6900 12157
f 7193 5385 1945
f 7193 1945 7276
f 1986 7193 7276
f 5394 11702 11705
f 11698 11702 1955
f 11702 5394 1955
f 1951 5395 1953
f 5395 1946 1953
f 5395 11698 1946
f 11697 5395 1949
f 5395 1951 1949
f 11848 5308 5322
f 2072 5335 11823
f 5308 2073 5322
f 5274 11910 11909
f 11910 5274 2125
f 5274 11941 2125
f 11973 5258 2160
f 5258 2142 2160
f 5258 5257 2143
f 11941 5258 2143
f 5258 5274 2142
f 5274 5258 11941
f 5276 2123 11908
f 2123 5275 11908
f 2142 11940 5259
f 11940 5275 5259
f 5274 11940 2142
f 5273 5272 11911
f 11910 5273 11911
f 5273 11910 2125
f 11941 5273 2125
f 5287 11912 11882
f 2107 5290 11909
f 12007 5223 10
f 5242 12007 10
f 12045 12007 5224
f 12007 12045 5223
f 75 12167 97
f 75 74 12167
f 75 97 12168
f 75 12168 5162
f 5143 96 12167
f 74 5143 12167
f 5144 5143 12166
f 5143 5164 12166
f 5143 74 5164
f 5143 5144 12208
f 96 5143 12208
f 12084 12125 5185
f 30 12084 5185
f 12011 5238 5220
f 5238 12011 13
f 5219 12011 5220
f 12011 5219 13
f 5240 5239 2162
f 5240 11 5239
f 5222 5203 12047
f 5203 5222 12046
f 5222 12008 12046
f 11 12 5239
f 2163 5238 11976
f 2163 11975 5238
f 5201 33 5181
f 12088 5201 5181
f 5201 12049 5220
f 5201 34 12049
f 34 5201 12088
f 5219 5200 12050
f 5200 5219 12049
f 34 5200 12049
f 12050 5200 12089
f 5200 5180 12089
f 5200 34 5180
f 12127 12086 53
f 75 12127 53
f 12127 75 5162
f 12086 54 5182
f 12087 54 12128
f 54 12087 5182
f 54 5161 12128
f 54 12127 5162
f 12127 54 12086
f 76 54 5162
f 54 76 5161
f 6999 11935 2137
f 11935 6999 2156
f 2155 6999 2137
f 6999 2155 11967
f 6999 6981 2156
f 6981 6999 11967
f 11936 5263 5262
f 5263 11936 2138
f 11936 2139 5278
f 2139 11936 5262
f 5246 5263 2156
f 12004 5246 6
f 12044 12045 5224
f 12044 5206 12045
f 29 5187 12083
f 11938 5260 5276
f 2140 5277 11937
f 2140 11938 5277
f 5260 2140 2158
f 2140 5260 11938
f 12005 8 5244
f 8 12005 5225
f 11808 11813 5337
f 2059 11813 11812
f 11813 2059 5337
f 11813 2038 11812
f 11813 11808 2038
f 11808 5347 11785
f 2019 5347 2039
f 11785 5347 2019
f 5348 11808 11785
f 11808 5348 2038
f 5348 11785 11791
f 11807 11816 2038
f 11816 11807 5338
f 2059 11816 5338
f 5348 11794 2038
f 9670 2612 13363
f 13359 9670 13363
f 9670 9671 2612
f 9671 9670 13359
f 13276 13277 2537
f 2537 13277 9788
f 13273 13277 9750
f 13277 2504 9788
f 13277 13273 2504
f 13277 13318 9750
f 13318 13277 13314
f 13277 13276 13314
f 13560 9476 9529
f 2741 13560 9529
f 13560 9530 9477
f 13560 2741 9530
f 13868 9062 3078
f 9062 13869 3078
f 9062 3143 13869
f 9062 13929 3143
f 9058 13872 3145
f 3080 13871 3021
f 9482 13555 9483
f 13555 9482 2784
f 9581 2694 13453
f 9581 2693 13502
f 2693 9581 13453
f 9581 13503 2694
f 13503 9581 9535
f 2653 2695 9625
f 2695 2653 13454
f 13406 2653 13410
f 2653 9625 13410
f 9626 2653 13406
f 13454 2653 9626
f 2695 9579 13455
f 13504 9579 2695
f 13806 3017 9140
f 3017 13806 9141
f 3017 3077 9140
f 3017 9141 13867
f 3077 3017 13867
f 13741 2956 9217
f 2956 13741 2955
f 9216 13806 2957
f 9216 2957 9286
f 9142 3016 2955
f 3015 9142 13804
f 3016 9142 3076
f 9218 13741 9288
f 13741 9218 2955
f 9289 9218 9288
f 9218 9289 2954
f 9218 9142 2955
f 9218 2954 13804
f 9142 9218 13804
f 2954 9219 9143
f 9143 9219 2953
f 9219 13740 2953
f 9219 9289 13740
f 9289 9219 2954
f 9222 9292 13737
f 13861 9147 13800
f 2952 13739 9291
f 9220 13739 2952
f 13739 9290 9291
f 13739 9220 9290
f 9291 2894 9358
f 13676 2894 9291
f 9357 2894 13676
f 9294 13735 9224
f 13736 9294 9224
f 9294 13672 9295
f 13735 9294 9295
f 13673 9294 13736
f 9147 2949 13800
f 2949 9224 13800
f 2949 13736 9224
f 13922 8990 13923
f 3072 9069 13863
f 9145 3072 13863
f 9069 3072 13862
f 8843 3249 14089
f 14151 14152 8759
f 14095 14152 8758
f 14094 14151 8759
f 3187 8921 13969
f 9002 3187 13969
f 13973 8915 3191
f 13910 9002 13969
f 14265 3503 8524
f 14266 14265 8524
f 3438 8684 14204
f 8603 14263 14264
f 8445 14385 8444
f 13312 2571 9713
f 2571 13312 9753
f 9753 13312 13271
f 13312 9752 13271
f 13312 9713 9752
f 2829 13597 2776
f 13489 9547 9593
f 9547 13489 2728
f 13440 13489 9593
f 13489 13440 13439
f 9639 2644 13392
f 9639 13392 13391
f 13439 9639 13391
f 9639 13440 2644
f 13440 9639 13439
f 2643 13439 13391
f 13660 9304 9372
f 2884 13660 9372
f 2777 9492 13544
f 9493 2777 13544
f 9436 2777 9493
f 2777 9436 13598
f 9433 2831 9370
f 2831 9434 9370
f 13545 2778 9491
f 9492 2778 13545
f 9160 2941 13786
f 3001 9160 13786
f 9541 13496 2732
f 13496 9588 2732
f 13496 13497 9587
f 13496 9541 13497
f 13496 9587 13446
f 9588 13496 13446
f 9586 13448 13497
f 13497 13448 9587
f 13448 2690 2648
f 13448 9586 2690
f 9632 13448 2648
f 13732 9226 9296
f 9226 13732 13796
f 13459 2654 13455
f 2654 13459 13460
f 9579 13459 13455
f 13407 2654 9624
f 2654 13407 13411
f 13411 13407 2614
f 13407 2615 2614
f 2615 13407 9624
f 2655 9623 13408
f 9623 2655 13409
f 2655 13457 13409
f 2698 9576 13458
f 2656 2698 13458
f 13457 2698 2656
f 2784 13556 9534
f 9481 9424 2837
f 2785 9481 2837
f 9424 9481 2784
f 9481 13556 2784
f 13556 9481 2785
f 14349 3584 8503
f 3519 14349 8503
f 14349 3519 8504
f 3584 14349 8424
f 1021 10082 2262
f 10082 1021 10396
f 10090 962 10394
f 962 10100 10072
f 10394 962 10072
f 1341 9747 10746
f 9747 5999 10746
f 5999 9747 1366
f 9747 1341 1340
f 9747 1340 1339
f 1366 9747 1339
f 3274 11197 11194
f 11407 8331 8416
f 3271 8817 14115
f 3333 8739 14115
f 3270 3333 14115
f 14172 8660 3395
f 8739 14172 3395
f 8893 3273 11194
f 3273 8893 11193
f 11192 3271 8816
f 3272 11192 8816
f 11193 11192 3272
f 11192 8895 14055
f 8817 11192 14055
f 3271 11192 8817
f 3652 11433 8334
f 3652 8335 8249
f 11433 3652 8249
f 3653 11405 8334
f 11405 3653 8333
f 3335 8737 11231
f 3335 3272 11230
f 11276 8657 3399
f 8735 11276 3399
f 3521 3459 8578
f 3459 8657 8578
f 8657 3459 3399
f 13932 8980 3204
f 8979 13932 3204
f 8980 13932 3145
f 13932 8979 3145
f 13933 3205 8978
f 13933 9058 3145
f 8979 13933 3145
f 3205 13993 8978
f 8978 13993 11113
f 8975 3208 11121
f 3150 11117 9052
f 11117 8972 9052
f 11117 11158 8972
f 11117 11122 8973
f 11122 11117 3150
f 11081 3150 9052
f 11042 11081 9052
f 3085 11081 11042
f 9053 3085 11077
f 3150 9053 11077
f 9053 11081 3085
f 11081 9053 3150
f 8812 3275 11239
f 3275 8812 11200
f 8812 8811 8890
f 11157 3210 8973
f 11117 3210 11158
f 3210 11117 8973
f 11158 3210 8890
f 3210 11200 8890
f 11197 11161 11159
f 2743 9524 13511
f 13565 9524 2743
f 9524 2744 13511
f 9524 13566 2744
f 9524 13565 2796
f 9470 9524 2796
f 13566 9524 9470
f 9412 13623 9471
f 13623 13627 2796
f 9471 13623 2796
f 2847 9412 2901
f 2847 13623 9412
f 13623 2847 13627
f 2792 2795 13564
f 2795 2792 13622
f 2846 13682 9350
f 9351 13682 2846
f 2843 9351 2846
f 13620 2843 2791
f 9472 9413 2794
f 9413 13622 2794
f 9413 2846 13622
f 9413 9472 2791
f 2843 9413 2791
f 9413 2843 2846
f 2896 13678 9288
f 13678 2896 9355
f 9287 2896 9288
f 2896 9287 9355
f 13614 2895 9356
f 2895 9289 9356
f 2898 13679 9286
f 13679 2898 9353
f 13680 2898 9286
f 2898 13680 9353
f 2897 13679 9354
f 9287 2897 9354
f 13679 2897 9286
f 2897 9287 9286
f 2741 13507 9530
f 13507 2741 9576
f 2698 13507 9576
f 13507 2698 13457
f 2958 13808 9214
f 13808 2958 9139
f 13744 2958 9214
f 13807 2958 9215
f 2958 13807 9139
f 9215 2958 9285
f 2958 13744 9285
f 9138 13808 9139
f 13808 9138 3019
f 13869 9138 3078
f 9138 13869 3019
f 9060 13871 3080
f 9060 8980 3145
f 13871 9060 3145
f 3143 9061 13869
f 9061 3079 13869
f 13810 9136 3021
f 13810 9212 2960
f 9136 13810 2960
f 13810 9211 9212
f 13810 2961 9211
f 13808 9137 2959
f 9137 13808 3019
f 3079 9137 3019
f 13746 9213 2960
f 9213 13745 2959
f 9283 13746 2901
f 9283 2901 9350
f 9213 9283 13745
f 9283 9213 13746
f 13682 9283 9350
f 13745 9283 9284
f 9283 13682 9284
f 9280 13685 13688
f 2903 13685 9280
f 13688 13685 9347
f 13685 2903 9347
f 13812 2962 9210
f 11005 9279 9280
f 11007 11005 9280
f 9279 11005 2963
f 13748 11007 9280
f 13750 13748 9280
f 13748 13750 9210
f 2962 13748 9210
f 13748 2962 11007
f 13749 9281 13747
f 13749 13750 9281
f 2961 13749 13747
f 13749 13812 13750
f 3146 9057 9058
f 3146 13933 8978
f 13933 3146 9058
f 3146 8978 11113
f 3147 3146 11113
f 9057 3146 3147
f 8976 11114 3207
f 8976 11118 11114
f 11043 11039 3022
f 2962 11039 11043
f 11039 2962 13812
f 13811 13749 2961
f 13749 13811 13812
f 11040 9132 2963
f 13628 9349 13629
f 9349 13628 13627
f 9349 9411 13629
f 9349 2902 9411
f 2847 9349 13627
f 9349 2901 13683
f 9349 2847 2901
f 9348 13684 13687
f 2902 13684 9348
f 13684 9281 13687
f 13684 2902 9281
f 10195 12830 10196
f 10195 10196 12844
f 2199 10195 12845
f 10195 2199 12831
f 10195 2206 12845
f 2206 10195 12844
f 12817 2191 10207
f 2191 12817 12816
f 12817 10217 12816
f 10216 10206 12831
f 10206 10195 12831
f 10195 10206 12830
f 12832 10194 10204
f 2193 12832 10204
f 12832 2199 10194
f 12819 10216 12831
f 2193 12819 12831
f 12819 2193 10215
f 10216 12819 12807
f 12819 10215 10225
f 12807 12819 10225
f 2324 10017 2323
f 10017 10037 2323
f 2307 10524 2325
f 10524 2324 2325
f 10524 10017 2324
f 2305 10524 2307
f 10524 2305 10037
f 10017 10524 10037
f 2288 2291 10457
f 10036 2288 2290
f 10054 2288 10457
f 2290 2288 10054
f 10525 2307 2327
f 10525 2308 2307
f 10525 2327 10016
f 2328 10525 10016
f 10015 10525 2328
f 10525 10015 1107
f 10525 1107 10035
f 2308 10525 10035
f 10491 10036 2307
f 2308 10491 2307
f 2288 10491 2291
f 10491 2288 10036
f 2291 10491 10035
f 10491 2308 10035
f 10037 10490 2290
f 2305 10490 10037
f 10490 10036 2290
f 10036 10490 2307
f 10490 2305 2307
f 10561 10012 1138
f 1139 10012 10561
f 1110 10012 1139
f 10496 1111 10530
f 1082 10462 10461
f 10462 10048 10461
f 1052 10049 10461
f 10048 1052 10461
f 10049 1052 10428
f 10428 1052 10065
f 1052 10048 1053
f 1052 10429 10065
f 10429 1052 1053
f 1079 1078 10034
f 10052 1079 10459
f 1078 1079 10052
f 1050 10051 10460
f 10051 1080 10460
f 10051 1049 10459
f 1079 10051 10459
f 10051 1079 1080
f 10051 10426 1049
f 10426 10051 1050
f 1080 10494 10460
f 10014 10526 1136
f 10014 1108 10526
f 10559 10014 1136
f 1081 10495 10461
f 10495 1081 10031
f 10460 1081 10461
f 10494 1081 10460
f 1081 10494 10031
f 10080 1022 10067
f 1022 10426 10067
f 1022 1021 10068
f 10426 1022 10068
f 1223 1224 9935
f 1224 10624 9935
f 10624 1224 1225
f 1225 1224 9902
f 1224 1223 9902
f 9934 1226 1227
f 10624 1226 9934
f 1226 10624 1225
f 1226 9901 1227
f 1226 1225 9901
f 10007 10591 1165
f 10559 10007 1165
f 10007 10559 1136
f 10007 10558 2349
f 10015 10007 1136
f 10007 10015 10558
f 10657 9864 1258
f 1257 9864 10657
f 9864 10687 1258
f 9864 1257 10687
f 959 6426 957
f 959 6402 10363
f 6402 959 957
f 959 10363 933
f 6426 959 933
f 10515 10481 1099
f 10515 1100 10481
f 1100 10515 6271
f 6271 10515 1128
f 6272 10515 1099
f 10515 6272 1128
f 10587 6209 1190
f 6209 10587 10586
f 6209 6180 1190
f 6267 1103 10519
f 6267 10519 10553
f 1132 6267 10553
f 1103 6267 10520
f 6267 1132 10520
f 1161 10587 6238
f 6239 1161 6238
f 10587 1161 10586
f 1162 10588 6237
f 10588 1162 6208
f 1191 10588 6208
f 1163 10555 6237
f 1163 10556 10555
f 10556 1163 6236
f 10588 1163 6237
f 1163 10589 6236
f 10685 1253 6121
f 1253 6120 10654
f 6120 1253 10685
f 1163 6207 10589
f 6207 10588 1191
f 6207 1163 10588
f 6379 10389 10421
f 10392 6379 10421
f 988 10390 990
f 988 10392 10390
f 988 990 10362
f 988 6379 10392
f 10360 6405 987
f 6405 10360 10359
f 6405 985 987
f 6405 10359 985
f 10361 956 6427
f 989 956 10361
f 986 6404 987
f 6404 10360 987
f 989 6404 986
f 6404 989 10361
f 10360 6404 6428
f 6404 10361 6428
f 10388 6380 986
f 989 6380 1018
f 6380 989 986
f 6380 10420 1018
f 10420 6380 10388
f 1017 10388 6381
f 10388 1017 6354
f 1017 10419 6354
f 1015 1017 6381
f 10419 1017 1015
f 10451 6326 1073
f 6326 1045 6353
f 6326 10451 1045
f 6299 10449 6328
f 6299 6328 1071
f 6300 6299 1071
f 6299 6300 10482
f 6355 1016 10418
f 1016 6355 1015
f 10549 6243 10550
f 10549 6271 1128
f 6271 10549 10550
f 6243 10549 10582
f 10549 6272 10548
f 6272 10549 1128
f 6241 1159 10584
f 1159 10551 6242
f 1159 6241 10551
f 1188 6211 10584
f 1160 6241 10584
f 6211 1160 10584
f 6241 1160 10552
f 1247 6156 10646
f 6156 1247 10647
f 10583 6242 1158
f 6213 10583 1158
f 10583 1159 6242
f 10577 1154 6248
f 6247 1154 10578
f 1154 6218 10578
f 6218 1154 10577
f 10581 6245 10580
f 6245 10581 10548
f 6214 10581 6215
f 10611 6188 1183
f 6159 10611 1212
f 10613 6187 1214
f 6187 10613 6216
f 1096 6275 10478
f 1096 6304 10477
f 1096 10478 6304
f 1096 10477 10510
f 10512 6274 1097
f 6275 10512 1097
f 6274 10512 1126
f 6246 10546 1155
f 10546 6246 1126
f 10546 6247 1155
f 10512 10546 1126
f 10546 10512 6275
f 10546 6275 1125
f 6247 10546 1125
f 6159 6160 10643
f 6160 6159 1212
f 6160 1243 10643
f 6160 1212 10610
f 1211 6160 10610
f 6161 6160 1211
f 1242 10640 6134
f 1241 10640 6163
f 10640 6162 6163
f 10640 1242 6162
f 10640 6135 6134
f 6135 10640 1241
f 10642 6161 10641
f 10642 10641 6133
f 1243 10642 6133
f 10642 6160 6161
f 6160 10642 1243
f 1270 6105 10702
f 10701 6105 10671
f 6105 1270 10671
f 10440 6335 1038
f 6335 10441 1038
f 6335 10440 1066
f 10441 6335 1066
f 10442 10441 1067
f 10441 10442 6334
f 6412 979 6389
f 979 6412 951
f 10333 6450 6432
f 6450 10332 6432
f 10332 6450 930
f 6450 10333 931
f 10318 6450 931
f 6450 10317 930
f 10317 6450 10318
f 6449 10334 931
f 10333 6449 931
f 6449 10333 10334
f 953 6410 10355
f 10355 6410 982
f 6410 10354 981
f 6410 6387 982
f 6387 6410 981
f 10354 6410 6432
f 6410 953 6432
f 912 10302 6465
f 10302 911 6465
f 911 10302 6479
f 10302 912 10303
f 898 10302 10303
f 10302 898 6479
f 6492 6505 10290
f 898 6492 10290
f 6505 6492 6516
f 6492 6478 6516
f 6492 898 6478
f 10661 6143 1233
f 6144 10661 1233
f 10661 6144 1262
f 6115 10661 1262
f 10661 1263 6143
f 1263 10661 6115
f 6051 1348 6050
f 6051 1321 1348
f 1321 6051 10725
f 6051 1294 10725
f 6142 10662 6114
f 10662 1263 6114
f 1263 10662 6143
f 6143 1234 1233
f 1234 6172 1233
f 10662 1234 6143
f 1234 10662 6142
f 10632 1204 6171
f 10632 6170 1204
f 6052 1293 10724
f 1293 1321 10725
f 1293 6052 1321
f 1294 1293 10725
f 1293 6082 10724
f 6082 1293 10696
f 1208 10604 10603
f 6196 1208 10603
f 1208 6196 1207
f 10636 10668 10637
f 10636 1238 10668
f 6108 1267 10698
f 6108 6078 10699
f 6078 6108 10698
f 6108 10669 6138
f 1267 6108 6138
f 10434 6344 1058
f 1059 10434 1058
f 10598 1203 6201
f 1202 10598 6202
f 1203 10598 1202
f 10597 1202 6202
f 1201 10597 6203
f 10400 6375 998
f 6375 10400 1026
f 6347 10430 1055
f 10532 1113 6261
f 10398 996 991
f 1024 10078 10398
f 10078 996 10398
f 996 10078 993
f 996 10367 991
f 935 938 10092
f 938 935 10097
f 10342 10099 10098
f 938 10099 10342
f 10099 938 10097
f 10320 10099 10097
f 10098 10099 10320
f 10098 936 10094
f 936 10093 10094
f 917 10321 10096
f 6462 6444 6443
f 10322 6463 918
f 10322 6445 6463
f 940 6445 10096
f 10344 6444 941
f 10306 6476 6477
f 10306 10322 918
f 917 10306 10105
f 10306 6477 10105
f 6476 901 6477
f 901 10292 899
f 6477 901 899
f 901 6491 10292
f 901 6476 902
f 10253 850 6531
f 10253 6530 850
f 859 10253 10261
f 10253 859 6530
f 854 10248 6533
f 851 10248 854
f 906 6471 10311
f 6471 906 905
f 6468 908 10313
f 907 10298 6484
f 10298 908 6483
f 10298 6497 6484
f 6497 10298 6483
f 907 6470 10312
f 6470 906 10311
f 906 6470 10297
f 6470 907 10297
f 894 6497 6483
f 10299 894 6483
f 894 10299 6496
f 894 6496 10285
f 6497 894 10285
f 6510 10284 881
f 10284 6510 880
f 6510 866 880
f 870 6510 881
f 866 6510 870
f 6485 907 6484
f 907 6485 10297
f 870 10273 10262
f 10273 6520 10262
f 10273 870 881
f 867 6523 10260
f 6524 867 10260
f 867 6524 10270
f 6486 906 10297
f 6486 6485 6499
f 6485 6486 10297
f 887 6512 10282
f 10281 889 6501
f 889 10281 6502
f 889 6488 6501
f 10294 889 6502
f 6488 889 10294
f 6513 10281 6501
f 890 6513 6501
f 6513 890 10282
f 6513 877 10281
f 877 6513 10270
f 6513 867 10270
f 904 6473 905
f 6489 10294 6502
f 888 6489 6502
f 6489 6490 902
f 6490 6489 6503
f 6489 888 6503
f 903 6489 902
f 6489 903 10294
f 10279 884 6506
f 884 10287 6506
f 884 6507 10287
f 897 6480 6479
f 10289 897 10290
f 897 898 10290
f 898 897 6479
f 6495 895 6481
f 6494 6495 6481
f 6495 6494 10287
f 6507 6495 10287
f 895 6495 10286
f 6495 6507 10286
f 10275 6518 872
f 10275 6507 10276
f 10275 10265 6518
f 6508 882 10285
f 6508 883 872
f 883 10275 872
f 10275 883 6507
f 6507 883 10286
f 883 6508 10286
f 6526 863 10252
f 10250 6526 10252
f 855 6526 10250
f 873 6517 10276
f 6517 873 10279
f 873 884 10279
f 6507 873 10276
f 884 873 6507
f 10268 6517 863
f 6278 1095 10507
f 6278 10508 1095
f 6194 1179 10605
f 1179 6223 10605
f 1179 6194 10606
f 6193 1179 10606
f 6192 1180 10607
f 10575 1152 6250
f 1152 10575 1181
f 1063 6309 1064
f 6309 10472 1064
f 10472 6309 1093
f 6309 10471 1093
f 10471 6309 1063
f 6308 10472 1094
f 6308 10473 1065
f 10473 6308 1094
f 10472 6308 1064
f 10439 1065 6336
f 6337 10439 6336
f 6308 10439 1064
f 10439 6308 1065
f 6314 1059 1058
f 10467 6314 1058
f 6257 1117 10534
f 10435 1060 6341
f 1060 10435 1059
f 1060 6313 10469
f 6313 1089 6284
f 6313 1060 1059
f 10504 6282 1120
f 1091 6282 10504
f 10503 6282 1091
f 6282 10503 1120
f 1092 10470 10504
f 10470 1091 10504
f 6311 10470 1092
f 10470 6312 1091
f 10406 1033 6367
f 1033 1034 6367
f 1034 1033 6340
f 1033 1032 6341
f 1034 10437 6339
f 10437 1034 6340
f 6339 10437 1062
f 10437 6340 1062
f 6340 1061 1062
f 1061 6311 1062
f 1061 10470 6311
f 10470 1061 6312
f 6392 10376 976
f 10376 6392 1006
f 10438 6338 1035
f 6338 6365 1035
f 6365 6338 1036
f 6338 6337 1036
f 6338 10439 6337
f 6338 10438 1063
f 6338 1063 1064
f 10439 6338 1064
f 10536 1147 6255
f 6227 1147 10568
f 10568 1146 1175
f 1176 10601 6197
f 1176 1147 6227
f 1148 10537 1119
f 10537 1148 6254
f 10537 6254 1120
f 10503 10537 1120
f 1121 10504 1120
f 10538 1121 1120
f 1121 10538 10505
f 6310 10471 1063
f 10438 6310 1063
f 6311 6310 1062
f 6310 6339 1062
f 6310 10438 6339
f 6310 6311 1092
f 10471 6310 1092
f 1013 10414 6359
f 10414 6332 6359
f 10414 1040 6332
f 10412 1039 6334
f 10412 1040 6360
f 10412 6360 1012
f 6386 10412 1012
f 10382 10383 984
f 10383 10382 1013
f 6408 10382 984
f 10384 1014 6407
f 1014 10384 10415
f 5975 10798 1388
f 1333 1360 6035
f 1494 10942 5852
f 5881 1494 5852
f 1494 5823 10942
f 5823 1494 10941
f 10912 10883 5884
f 1465 10883 10912
f 10882 1439 5885
f 1463 1438 5886
f 1438 10852 5918
f 1464 10882 5885
f 10911 1464 5885
f 10882 1464 5884
f 1464 10911 5855
f 1464 10912 5884
f 10912 1464 5855
f 5914 1417 10854
f 1417 5945 10854
f 10829 5973 1389
f 10829 1417 5944
f 1417 10829 5945
f 10829 1389 10828
f 5945 10829 10828
f 10829 5944 10830
f 5973 10829 10830
f 10965 5800 1515
f 1490 1462 5887
f 5859 1489 10908
f 1515 5859 10935
f 1489 5859 10936
f 10878 1461 1436
f 1461 10879 1436
f 1461 10878 10908
f 1437 10880 5918
f 10880 1437 1462
f 10880 1438 5918
f 10880 1462 5886
f 1438 10880 5886
f 1338 10745 6030
f 10745 1338 6029
f 1338 1365 6029
f 1338 6030 1364
f 6032 1362 10771
f 1362 6003 10771
f 1362 10770 6003
f 10802 6000 10773
f 1365 6000 10774
f 10774 6000 5970
f 6000 10802 5970
f 1338 6000 1365
f 10773 6000 1364
f 6000 1338 1364
f 5911 10887 10858
f 5912 10857 1419
f 10857 5911 1419
f 1442 10886 5912
f 1418 10856 5912
f 10856 1442 5912
f 1442 10856 5913
f 5850 10916 5851
f 1517 5798 10968
f 1517 10967 5798
f 10967 1517 5828
f 10937 1517 10938
f 1517 10937 5828
f 1544 5768 10999
f 5768 1544 5798
f 10969 1518 5797
f 10969 5825 1518
f 5656 5630 11152
f 11034 5739 5740
f 5680 1656 1630
f 5737 1573 5738
f 1573 5766 5738
f 1572 5739 5738
f 5795 5824 1519
f 10970 5795 1519
f 5824 5795 1546
f 1546 5795 5765
f 5795 10970 5765
f 1493 5824 10941
f 5824 10940 1519
f 10940 5825 1519
f 1493 10940 5824
f 10940 1493 5854
f 5825 10940 1492
f 10940 5854 1492
f 6131 1272 6102
f 10645 10676 6129
f 10676 6130 6101
f 6158 1245 10645
f 1245 10676 10645
f 10676 1245 6130
f 6130 1245 10644
f 1245 6158 10644
f 10711 6065 1306
f 6065 10711 6066
f 6065 6035 1306
f 6065 1333 6035
f 10710 6096 1277
f 6096 6095 1278
f 6095 6096 10711
f 10711 6096 6066
f 6096 10710 6066
f 6155 6156 10647
f 1248 6155 10647
f 6155 1248 10648
f 10682 6124 1278
f 6123 10682 1279
f 6124 10682 1250
f 10682 6123 1250
f 1193 6176 10623
f 10622 6176 1193
f 6176 10622 1222
f 10623 6176 6147
f 6176 1222 6147
f 1281 10685 6121
f 10772 6031 1363
f 10743 6062 1336
f 10743 1309 6062
f 10743 6031 1309
f 6032 10743 1336
f 1363 10743 6032
f 6031 10743 1363
f 10684 6122 1280
f 10684 1281 6121
f 6123 10651 1250
f 10651 6123 1251
f 10651 6152 1250
f 1335 1362 6033
f 1362 1335 10770
f 10683 6123 1279
f 6122 10683 1280
f 10683 6122 1251
f 6123 10683 1251
f 10742 6032 1336
f 1308 10742 1336
f 1362 10742 6033
f 10742 1362 6032
f 10714 6092 6062
f 6092 1308 6062
f 1308 6092 1280
f 6092 10684 1280
f 1281 6092 10714
f 10684 6092 1281
f 11002 5736 5764
f 5736 11002 1574
f 11002 5764 5765
f 1574 11002 5765
f 11003 5736 5735
f 5763 11003 1575
f 11003 5735 1575
f 5764 11003 5763
f 5736 11003 5764
f 5707 5736 5737
f 5736 5707 11037
f 5679 5707 1602
f 5735 11038 5734
f 11038 5706 5734
f 5706 11038 5735
f 11065 5689 1623
f 1595 5689 11065
f 5689 11103 1623
f 5689 1649 11103
f 1513 10933 5832
f 1487 10933 5861
f 5861 10933 5831
f 10933 1513 5831
f 10933 5862 5832
f 10933 1487 5862
f 6023 5994 10781
f 10780 5994 6023
f 5994 5993 10781
f 5993 5994 10810
f 5994 5965 10810
f 1320 6052 10724
f 6082 1320 10724
f 1320 6082 1292
f 5964 1401 1404
f 1404 1401 5935
f 1402 1401 10810
f 1401 5964 10810
f 1347 10753 6052
f 1347 1320 10752
f 1320 1347 6052
f 1347 10752 6023
f 1347 6023 10781
f 10753 1347 10781
f 1374 10809 10812
f 10809 1405 10812
f 10809 5963 1405
f 1376 1373 10806
f 1373 1376 10781
f 1376 6022 10781
f 5991 1374 10812
f 1375 5991 10812
f 5991 1375 10783
f 6021 10754 1348
f 6022 6021 1348
f 5991 6021 1374
f 6021 5991 10783
f 6020 6021 10783
f 6021 6020 10754
f 1317 6056 1344
f 6055 1317 1344
f 6056 1317 10719
f 1317 1289 10719
f 1318 10720 1290
f 1318 6055 10720
f 1317 1318 1290
f 1318 1317 6055
f 6053 1320 1292
f 10752 6053 1346
f 1320 6053 10752
f 6083 10693 1291
f 10530 1141 6262
f 10010 1141 10530
f 1141 10563 6262
f 1141 10010 10563
f 6118 6088 10689
f 6088 6118 1287
f 6088 1288 10689
f 6088 10718 1288
f 6088 1287 1315
f 10718 6088 1315
f 1260 6118 10689
f 6117 1260 10689
f 6118 1260 9898
f 10688 1286 9825
f 9863 10688 1259
f 1286 10688 9826
f 10688 6118 1259
f 9826 10688 1258
f 10688 9863 1258
f 10688 9825 1287
f 6118 10688 1287
f 10718 1316 1288
f 1316 10718 6057
f 1316 1289 1288
f 1316 6057 10719
f 1289 1316 10719
f 1342 6058 1315
f 6058 10718 1315
f 10718 6058 1342
f 1343 10747 6027
f 10747 1342 6028
f 1342 10747 6057
f 10747 1343 6057
f 1289 10690 6087
f 10690 6116 1261
f 6117 10690 1261
f 10690 6117 6087
f 6144 1232 10660
f 10630 1232 6144
f 6145 10629 1231
f 6145 1231 6146
f 1232 6145 10660
f 6145 1232 10629
f 10660 6145 1261
f 10920 1502 5845
f 1498 10917 5879
f 1500 5848 5819
f 5940 1421 1396
f 1421 5940 1420
f 10861 1421 1420
f 10859 5909 1420
f 10945 9407 9468
f 10976 1523 9408
f 1523 10945 9408
f 1497 10946 1498
f 10946 5820 1498
f 10946 9407 1525
f 10946 1497 9468
f 9407 10946 9468
f 10678 1247 6128
f 10825 5949 1414
f 10824 5950 1413
f 5949 10824 1413
f 10798 5976 1388
f 5976 10798 6005
f 5976 10827 1388
f 10827 5976 5947
f 5976 1387 5947
f 10797 5976 6005
f 5976 10797 1387
f 1361 10798 6004
f 10798 1361 6005
f 10770 1361 6004
f 10792 10764 6011
f 10792 5982 1383
f 5982 10792 6011
f 6039 1357 10765
f 1357 10793 10765
f 10763 6012 10791
f 6012 10762 1382
f 10791 6012 1382
f 1355 10763 6041
f 1355 6012 10763
f 1355 6042 10762
f 6012 1355 10762
f 1301 10705 6072
f 6042 1301 6072
f 1357 6040 10764
f 10764 6040 1356
f 10793 6009 10765
f 6068 1304 10709
f 5951 1412 10823
f 1412 5950 10823
f 1411 5952 10821
f 10847 1411 10821
f 1411 10847 5922
f 5952 1411 10822
f 1460 10907 5889
f 10907 10908 5889
f 5860 10907 10906
f 10934 5861 5831
f 10934 5860 5861
f 1514 10934 5831
f 5860 10934 10935
f 10934 5830 10935
f 5830 10934 1514
f 10877 5890 1460
f 10907 5890 10906
f 5890 10907 1460
f 10906 5890 1459
f 5890 10877 1459
f 5770 10997 1542
f 5800 5770 1542
f 10953 5784 5813
f 5784 10984 5813
f 5784 10953 1531
f 5814 5784 1531
f 10984 5784 5756
f 5810 1507 10955
f 1507 5810 5839
f 10833 1427 5935
f 1403 10833 1402
f 1401 10833 5935
f 10833 1401 1402
f 1447 5908 10891
f 1503 10921 5845
f 5844 1503 1530
f 5873 10922 5843
f 10922 5844 5843
f 10922 5873 1474
f 5844 10922 1474
f 1453 10864 10865
f 10864 1453 10866
f 1453 5900 10866
f 5900 5901 10867
f 10866 5900 10867
f 5900 1477 5901
f 5905 1449 5904
f 10924 1505 5841
f 5872 10924 1477
f 10836 5934 1429
f 5934 10836 10837
f 5934 10837 5933
f 10865 5934 5933
f 10864 5934 10865
f 5934 10866 1429
f 5934 10864 10866
f 10755 1349 6050
f 1349 10755 6020
f 10754 10755 6050
f 6020 10755 10754
f 1349 1322 6050
f 1322 1349 6049
f 1322 6049 10727
f 1295 1322 10727
f 1506 10925 5841
f 10925 5870 5841
f 10898 1479 5869
f 5870 1479 10898
f 10925 1479 5870
f 10845 1409 5925
f 1409 5954 10819
f 5954 1410 10820
f 10845 5954 1409
f 5954 5983 10819
f 5954 10820 5983
f 1406 5958 10815
f 10816 5958 1406
f 5958 5987 10815
f 5958 10816 5987
f 5987 1379 10787
f 10816 1379 5987
f 1379 5986 10787
f 5986 1379 5957
f 1379 10816 5957
f 1407 10817 5957
f 5956 10817 1407
f 10817 5986 5957
f 10786 1378 5987
f 5988 10786 6018
f 1378 10786 5988
f 10786 10757 6018
f 1350 10757 6048
f 10757 1350 6018
f 1352 6016 10759
f 5986 6016 10787
f 10788 6016 5986
f 6016 10788 10759
f 1325 6046 10730
f 6046 1352 10730
f 6107 1268 10699
f 1268 6108 10699
f 6108 1268 10669
f 10669 1268 6137
f 6136 10639 1240
f 10639 6136 1241
f 6135 6136 10671
f 6136 6135 1241
f 10729 6046 1325
f 10700 1297 6076
f 6077 1297 10700
f 10729 1297 6077
f 1297 1325 6076
f 1297 10729 1325
f 10729 1324 6047
f 1324 10729 6077
f 10728 1324 1296
f 1324 6077 1296
f 1324 10728 6048
f 10757 1324 6048
f 10731 1353 6044
f 1353 10759 6015
f 6014 1327 6044
f 10789 6014 5985
f 10789 10818 5984
f 10789 5985 10818
f 10673 10674 6132
f 10674 6131 6132
f 6131 10674 1272
f 1270 10672 6134
f 6104 10672 1270
f 6134 10672 6133
f 10672 6104 6133
f 10904 5892 10874
f 10873 10844 5926
f 5926 10844 1408
f 5955 10844 5925
f 1408 10844 5955
f 10903 1456 5894
f 10873 1456 10903
f 1456 10873 10872
f 1456 10902 5894
f 10902 1456 10872
f 1537 5776 10960
f 1537 5777 5776
f 5777 1564 5776
f 1564 5777 10990
f 1564 5749 5748
f 5749 1564 10990
f 5834 10961 1512
f 5804 10961 1538
f 10961 5804 1512
f 5835 10931 5864
f 10931 1485 5864
f 1619 11060 5694
f 1645 1619 5694
f 1619 5693 11060
f 1619 1646 5693
f 1888 11548 7916
f 11548 7915 7916
f 7652 7713 1907
f 11524 7991 7992
f 7991 11498 1865
f 11499 11498 7991
f 8151 1853 11473
f 8151 11472 1853
f 8071 8072 1865
f 11498 8071 1865
f 8071 11498 11499
f 11497 7992 1865
f 11497 1864 7992
f 8072 11497 1865
f 1864 11497 8072
f 8073 1864 8072
f 8073 11470 1850
f 1863 8073 1850
f 7994 1874 1863
f 1874 7994 11521
f 7920 11521 3927
f 7920 11544 11521
f 11544 7919 11521
f 7919 1874 11521
f 1874 7919 7918
f 7919 11544 7849
f 7920 3988 11544
f 3988 11566 7849
f 11544 3988 7849
f 8155 3725 11468
f 3926 7996 3858
f 3926 7997 11519
f 7997 3926 3858
f 7921 3926 11519
f 7996 3926 7921
f 11521 7995 3927
f 7994 7995 11521
f 7997 11518 7922
f 11169 8964 1685
f 11127 1659 8967
f 1660 11127 8966
f 8644 11285 1751
f 11285 8725 1751
f 8725 11285 11247
f 9045 11087 1661
f 9045 1661 8964
f 9276 11009 9204
f 11009 9276 9277
f 11010 9204 1580
f 11010 9276 9204
f 10975 9276 1551
f 9345 10975 1551
f 8971 9051 11008
f 11123 9051 8971
f 3212 11123 8971
f 1708 8802 11247
f 9046 11087 1635
f 11087 9046 1661
f 11243 1705 8806
f 4964 12435 252
f 12435 4991 252
f 4991 12435 227
f 12435 253 227
f 12435 4964 253
f 4912 303 12527
f 303 4912 12576
f 12527 303 4884
f 303 12576 4884
f 12536 4902 12585
f 311 4902 12536
f 4902 4875 12585
f 4902 311 4875
f 255 281 12483
f 12436 254 228
f 12436 4963 254
f 4963 12436 253
f 253 12436 227
f 4933 12493 282
f 12493 256 282
f 12308 5037 12305
f 12311 5037 12308
f 5037 12311 12304
f 179 5037 12304
f 12352 203 5013
f 12400 12399 12392
f 203 12399 5013
f 12399 203 12392
f 5013 12399 12397
f 12399 12400 12397
f 12396 12391 228
f 4931 12486 12492
f 12486 4931 284
f 12486 4959 12492
f 4959 12486 4958
f 12486 284 4958
f 4931 12540 12539
f 12540 4931 12543
f 12540 310 12539
f 310 12540 12543
f 284 12488 4958
f 4930 12488 284
f 4958 12488 312
f 12488 4930 312
f 310 12542 4904
f 12542 12537 4904
f 12542 310 12541
f 4931 12542 12541
f 12542 4931 12492
f 12537 12542 12492
f 4905 12533 4878
f 12533 4905 309
f 12495 12490 4960
f 12490 283 4960
f 4932 12490 12495
f 283 12491 12492
f 12491 4932 12492
f 5084 12267 12268
f 12262 12267 5084
f 154 12266 12268
f 154 5061 12266
f 12267 154 12268
f 154 12267 12262
f 155 12307 12309
f 12310 12307 155
f 12307 5038 12309
f 12307 12310 5038
f 12229 5128 108
f 108 5128 12183
f 5128 12180 12183
f 109 5128 12222
f 12188 5128 12184
f 5128 109 12184
f 131 5083 12222
f 5083 12269 12263
f 5083 12266 12269
f 5083 131 12266
f 109 12181 12184
f 12181 5149 12184
f 12181 87 12140
f 5149 12181 12140
f 4908 12531 4935
f 12531 4907 4935
f 12673 4824 361
f 4824 12674 361
f 4824 12722 12674
f 418 12721 389
f 12721 418 4766
f 418 4767 4766
f 12769 12770 4768
f 4767 12770 12771
f 12770 12772 12771
f 12772 12770 12773
f 12770 12774 12773
f 12774 12770 12775
f 12775 12770 12766
f 12770 12769 12766
f 393 4821 12725
f 4821 12676 12724
f 12676 4821 363
f 4821 12677 363
f 12677 4821 393
f 4823 12674 391
f 12723 4823 391
f 362 4823 12723
f 12674 4823 4853
f 4823 362 4853
f 4946 271 4947
f 244 271 4974
f 271 244 4947
f 12572 4916 4889
f 4916 299 4889
f 300 4916 12572
f 4945 4946 4918
f 4946 4945 12473
f 4945 272 12473
f 272 4945 4944
f 4945 299 4944
f 12570 298 4918
f 298 12570 4890
f 298 4945 4918
f 12522 298 4890
f 298 12522 4945
f 12718 416 387
f 416 12718 4798
f 416 4798 12768
f 4769 416 12768
f 416 12769 4768
f 416 4769 12769
f 4829 357 12669
f 4829 386 357
f 356 4829 12669
f 386 4829 12717
f 4829 356 12717
f 12671 359 4856
f 359 12624 4856
f 12624 359 12672
f 12672 4826 389
f 359 4826 12672
f 4826 359 12671
f 12770 417 4768
f 417 12770 4767
f 4943 300 4915
f 12475 4943 12524
f 4943 4915 12524
f 273 4943 12475
f 4943 273 4944
f 420 4764 4792
f 4763 4764 12773
f 4764 4763 4792
f 4764 12772 12773
f 4764 420 12772
f 420 4793 4765
f 4765 4793 419
f 4793 12722 419
f 12722 4793 391
f 4793 420 391
f 4843 370 4813
f 12635 370 4843
f 370 12635 4844
f 340 12637 4844
f 12642 12637 340
f 12689 4845 368
f 339 12584 12592
f 12588 12584 339
f 12592 12584 4903
f 12584 12588 4903
f 12633 339 12593
f 338 12633 12593
f 12633 4845 339
f 4845 12633 368
f 12633 367 368
f 12632 338 12583
f 338 12632 4847
f 4849 12630 364
f 12630 4849 336
f 394 12726 4789
f 422 12726 4790
f 12726 4761 4789
f 12726 422 4761
f 12677 4820 364
f 4820 12677 393
f 4820 393 4790
f 12726 4820 4790
f 4820 12726 394
f 4879 335 12630
f 12581 4879 336
f 4879 12630 336
f 335 4879 12580
f 4879 4907 12580
f 308 4879 12581
f 4907 4879 12532
f 4879 308 12532
f 4762 12774 12775
f 422 4762 12775
f 4762 422 12725
f 12340 5044 173
f 12340 5022 5021
f 5022 12340 12339
f 12340 173 5045
f 12339 12340 5045
f 148 12256 5069
f 12256 148 5068
f 148 12296 5068
f 12295 148 5069
f 12296 148 12295
f 5047 12296 12295
f 5047 5046 12296
f 5046 5047 12338
f 5047 12337 12338
f 172 12339 5045
f 172 5046 12339
f 12296 172 5045
f 5046 172 12296
f 4938 278 12479
f 4938 12479 4911
f 12528 4938 4911
f 4938 12528 4910
f 12480 4938 4910
f 278 4938 12480
f 12478 277 4967
f 277 251 4967
f 278 4966 12479
f 4966 277 12479
f 277 4966 251
f 4965 4966 278
f 12433 251 4992
f 251 12433 4967
f 5018 199 12387
f 225 12433 4992
f 12433 225 4993
f 5063 12260 152
f 5085 5063 12261
f 12260 5063 5085
f 153 12301 177
f 153 177 12302
f 153 12265 12261
f 5063 153 12261
f 153 5063 12301
f 5039 12306 12302
f 12306 5039 178
f 12306 154 12302
f 12306 178 12303
f 5061 12306 12303
f 154 12306 5061
f 6539 401 6540
f 401 6539 6571
f 6570 402 12704
f 6570 373 12703
f 402 6570 12703
f 12660 4839 4838
f 4839 12660 348
f 12660 4868 12612
f 4869 12660 12612
f 12660 4869 348
f 4924 293 12516
f 293 4924 12565
f 293 12565 4896
f 293 4896 4923
f 12516 293 4923
f 5000 218 12426
f 218 5001 12425
f 218 4975 12426
f 4975 218 12425
f 217 5002 12379
f 5002 5001 12379
f 5001 5002 12425
f 192 5050 12334
f 5027 192 12334
f 5050 192 12335
f 12335 192 5026
f 5001 12380 12379
f 12380 5027 12379
f 12380 192 5027
f 192 12380 5026
f 218 12380 5001
f 12380 218 5000
f 12380 193 5026
f 12380 5000 12381
f 193 12380 12381
f 12430 222 12429
f 247 4971 12475
f 4971 273 12475
f 4971 12429 4972
f 4971 247 12429
f 273 12474 4944
f 272 12474 4972
f 12474 272 4944
f 12474 4971 4972
f 4971 12474 273
f 12427 4999 219
f 219 4999 12381
f 4999 12382 12381
f 4999 12427 220
f 12382 4999 220
f 12383 220 4998
f 12383 12382 220
f 195 12383 5023
f 12382 12383 5024
f 12383 195 5024
f 221 12383 4998
f 5023 12383 12384
f 4859 356 12669
f 356 4859 12621
f 4859 12669 4858
f 328 4859 4858
f 4859 328 12621
f 4860 356 12621
f 327 4860 12621
f 4860 327 12571
f 324 12568 4893
f 296 12568 4920
f 12568 296 4893
f 12521 297 4891
f 12521 12570 4918
f 12570 12521 4891
f 4946 12521 4918
f 297 12521 4946
f 243 270 4975
f 243 12425 4976
f 243 4975 12425
f 270 243 4948
f 12470 243 4976
f 243 12470 4948
f 244 12471 4947
f 12471 244 270
f 4947 12471 4948
f 12471 270 4948
f 413 4772 4800
f 4772 413 12765
f 4800 4772 414
f 414 4772 12766
f 4772 12765 12766
f 4773 413 4801
f 12765 4773 12764
f 413 4773 12765
f 4774 412 12714
f 412 4802 12714
f 412 4774 12764
f 4773 412 12764
f 4802 412 4801
f 412 4773 4801
f 384 4831 12667
f 384 12667 4832
f 12709 4808 4779
f 4779 4808 4780
f 4808 407 4780
f 407 4808 378
f 4808 12709 378
f 12709 379 4838
f 379 12709 4807
f 379 12661 4838
f 379 4837 12661
f 379 4807 12710
f 4837 379 12710
f 4892 324 12618
f 4892 12568 324
f 4892 12520 4920
f 12568 4892 4920
f 4864 352 4834
f 352 4864 12664
f 352 12712 4834
f 4835 352 12664
f 12712 352 4835
f 354 12666 4832
f 12667 354 4832
f 12619 354 12667
f 12611 318 4871
f 4928 4900 290
f 4928 4956 12512
f 4955 4928 290
f 4956 4928 4955
f 317 12610 4871
f 12659 347 4840
f 348 12659 4840
f 4869 12659 348
f 12658 12611 4871
f 12658 347 12611
f 12707 377 4840
f 4839 377 12708
f 377 4809 12708
f 377 348 4840
f 377 4839 348
f 377 406 4809
f 377 12707 4810
f 406 377 4810
f 403 6569 12704
f 6569 374 12704
f 6631 12609 316
f 6577 6544 6576
f 6544 12747 12748
f 6544 843 12747
f 6544 6577 843
f 6609 812 781
f 812 6577 12697
f 812 12696 6578
f 812 6609 12696
f 843 812 6578
f 6577 812 843
f 12600 780 6640
f 780 12600 12647
f 6609 780 811
f 6639 12648 781
f 12648 6609 781
f 12648 780 6609
f 12648 6639 6640
f 780 12648 6640
f 846 6574 6542
f 6574 846 12700
f 815 6574 12700
f 813 12698 6607
f 12698 813 6576
f 12698 6575 6607
f 781 12649 6638
f 12649 12650 6638
f 12694 6611 12646
f 810 6611 12694
f 6611 779 12646
f 779 6611 12695
f 6611 810 12695
f 258 6746 6747
f 6746 258 6719
f 6745 6746 6719
f 232 6746 12413
f 6746 6745 12413
f 751 12602 6637
f 6667 751 6637
f 12553 751 6667
f 12602 751 6668
f 751 12553 6668
f 723 12554 6666
f 752 12554 6667
f 12554 752 6666
f 12456 668 695
f 668 12456 6748
f 12456 695 6722
f 6721 12456 6722
f 6748 12456 696
f 12456 6721 696
f 12506 6720 12457
f 6721 12506 12457
f 12651 6606 783
f 6636 12651 783
f 12602 782 6637
f 782 12602 12650
f 782 12651 6637
f 12651 782 6606
f 782 12650 6607
f 6606 782 6607
f 814 6606 6607
f 6575 814 6607
f 814 6575 12699
f 6574 814 12699
f 814 6574 815
f 6606 814 783
f 814 815 783
f 286 6718 12508
f 6691 6718 286
f 6718 12460 259
f 6718 6691 12460
f 12608 344 6631
f 344 12608 6632
f 6632 12608 315
f 12608 6661 315
f 6661 12608 12559
f 12559 12608 316
f 12608 6631 316
f 6601 12655 373
f 6601 344 12655
f 6601 6570 12704
f 6570 6601 373
f 374 6601 12704
f 6601 374 12656
f 344 6601 12656
f 6605 6573 6604
f 815 6573 6605
f 6573 12701 6604
f 6573 815 12700
f 846 6573 12700
f 6573 846 6541
f 6573 6541 400
f 12701 6573 400
f 6664 313 6663
f 285 6664 6663
f 314 6633 12607
f 6633 314 12606
f 6633 343 12607
f 343 6633 12654
f 6633 12606 12654
f 6604 12653 784
f 12653 12605 784
f 371 12653 6604
f 342 12653 371
f 6634 342 12606
f 12605 6634 313
f 6634 12606 313
f 12653 6634 12605
f 6634 12653 342
f 12514 4926 4898
f 4926 12563 4898
f 4926 12514 291
f 12563 4926 291
f 4898 292 4925
f 12564 292 4898
f 4925 292 12515
f 292 12564 12515
f 350 4867 12661
f 320 12564 4898
f 4868 320 12612
f 320 319 12612
f 320 12563 319
f 12563 320 4898
f 4952 4953 12515
f 4952 266 4953
f 4924 4952 12515
f 266 4952 12467
f 4952 4924 12516
f 4951 4952 12516
f 4952 4951 12467
f 238 12420 12419
f 12420 238 4981
f 239 12420 4981
f 5006 12420 239
f 213 12420 5006
f 4983 263 12464
f 4983 237 4984
f 263 4983 4984
f 238 4982 12465
f 4982 264 12465
f 4982 238 12419
f 264 4982 12464
f 4982 4983 12464
f 4983 4982 237
f 5034 12373 5033
f 12417 12418 211
f 212 12418 12419
f 12418 12417 4984
f 237 12418 4984
f 12418 4982 12419
f 4982 12418 237
f 6836 12284 137
f 6836 136 12283
f 6857 6877 6858
f 6877 6857 113
f 113 6857 6856
f 160 6815 12283
f 6815 6836 12283
f 6836 6815 12284
f 12284 6815 161
f 6815 12326 161
f 12326 6815 6792
f 6815 160 6792
f 12287 140 5078
f 164 140 12287
f 140 164 12288
f 5077 140 12288
f 140 5077 12248
f 140 12247 5078
f 12247 140 12248
f 12330 5032 188
f 5056 164 12287
f 5056 12330 164
f 163 139 12286
f 139 163 12287
f 163 12286 5057
f 12329 163 5057
f 5056 163 12329
f 163 5056 12287
f 5079 139 5078
f 139 5079 12246
f 12558 6661 287
f 12558 287 12509
f 6662 12558 12509
f 12558 6662 315
f 6661 12558 315
f 6660 12559 316
f 6660 288 12559
f 6660 12511 288
f 12459 6745 6719
f 6745 12459 259
f 12459 6718 259
f 12508 12459 6719
f 6718 12459 12508
f 557 563 15432
f 557 586 554
f 586 557 15432
f 15428 557 554
f 563 557 15428
f 561 563 15428
f 563 561 15432
f 6925 496 12150
f 496 6925 12108
f 12149 496 504
f 496 12149 12150
f 12149 6907 12150
f 12149 6908 6907
f 545 6888 12191
f 6888 12192 12191
f 482 480 6945
f 480 478 6945
f 478 12107 483
f 458 460 6961
f 481 6925 485
f 479 12066 483
f 12107 479 483
f 517 12189 521
f 517 6891 12189
f 12147 517 521
f 6893 514 7247
f 15110 514 6928
f 514 15110 7247
f 516 15427 6891
f 15428 535 6874
f 6873 535 15428
f 535 533 6874
f 535 6873 540
f 533 535 6893
f 12231 6849 6869
f 6870 12231 6869
f 6849 12231 567
f 532 531 543
f 531 532 6891
f 15427 531 6891
f 531 6872 543
f 566 6830 12270
f 6851 566 12270
f 566 15434 6830
f 15434 566 6852
f 566 15430 6852
f 566 6851 15430
f 6805 612 12358
f 637 6780 12358
f 6781 637 12358
f 637 6781 12403
f 12362 6801 616
f 6776 12362 641
f 12362 6776 12363
f 6800 12362 12363
f 12362 6800 6801
f 12360 614 6804
f 614 12360 6803
f 6804 614 12315
f 6825 12317 592
f 12316 6803 615
f 6825 12316 615
f 12316 6825 591
f 12316 614 6803
f 12273 6827 12315
f 6824 616 12318
f 6824 12317 616
f 593 6824 12318
f 12275 6824 593
f 6824 12275 592
f 12317 6824 592
f 12153 527 507
f 6844 12236 6845
f 12236 6844 572
f 12276 6844 6845
f 6844 12276 572
f 595 12320 6821
f 12278 595 6821
f 12319 6822 594
f 6822 12277 594
f 618 6822 12319
f 6822 618 12320
f 595 6822 12320
f 6822 595 12277
f 6725 692 6726
f 6700 12501 6726
f 12501 6699 6726
f 12551 720 6670
f 720 6699 6670
f 6699 720 12502
f 720 6698 12502
f 6698 720 12551
f 12503 6698 721
f 6698 12503 6724
f 6697 12503 721
f 12503 6697 6724
f 667 694 12455
f 12455 694 6723
f 694 12454 6724
f 694 6697 6723
f 6697 694 6724
f 694 6750 12454
f 6750 667 12409
f 6750 694 667
f 12407 12408 641
f 12407 665 12408
f 665 12407 6752
f 664 12407 640
f 6752 12407 664
f 6782 6781 12358
f 12403 6782 12402
f 6781 6782 12403
f 12448 688 6731
f 6757 688 12448
f 15452 660 6783
f 660 12402 6783
f 6674 6702 12498
f 6700 12549 6671
f 12549 748 6671
f 748 12549 747
f 12549 6672 747
f 718 12549 6700
f 12549 718 6672
f 6727 6700 6726
f 689 6755 662
f 12272 568 6849
f 6848 568 12272
f 6827 590 12272
f 590 6848 12272
f 12273 590 6827
f 590 12273 6848
f 6868 545 6869
f 6868 6888 545
f 6888 6868 12192
f 6868 546 6887
f 12192 6868 6887
f 111 6860 12240
f 12240 6860 133
f 12239 6860 552
f 6860 12239 133
f 6861 574 12239
f 12278 574 6842
f 6820 6821 12321
f 6820 12278 6821
f 6820 574 12278
f 574 6820 12279
f 157 6819 12322
f 12279 6819 133
f 6863 6862 550
f 6923 12111 486
f 12070 12111 487
f 12111 6922 487
f 12111 6940 486
f 12111 12070 6940
f 12111 12153 6922
f 526 12194 6885
f 547 12194 6886
f 12194 6905 6886
f 6905 12194 526
f 6885 12194 6866
f 12194 547 6866
f 6925 12109 485
f 505 12109 6925
f 12109 505 6924
f 12109 477 485
f 477 12109 6924
f 6989 11960 11995
f 454 6989 11995
f 6989 11961 11960
f 11961 6989 454
f 12033 6953 6971
f 6953 12034 6971
f 6952 6953 471
f 12034 6953 6952
f 6955 12033 12032
f 6955 470 12033
f 470 6955 6938
f 469 6955 12032
f 6938 6955 469
f 6954 470 6937
f 470 6954 12033
f 6954 6937 471
f 6953 6954 471
f 6954 6953 12033
f 5081 12244 137
f 5103 12244 5081
f 6836 12244 6856
f 12244 6836 137
f 12244 114 6856
f 12244 5103 114
f 138 12285 5080
f 12285 138 5081
f 12285 12286 5080
f 12285 5058 12286
f 6814 12284 161
f 12326 6814 161
f 12284 6814 5081
f 6814 12285 5081
f 5058 5035 12328
f 5035 185 12372
f 5034 5035 12372
f 12328 5035 5034
f 12280 6840 133
f 6819 12280 133
f 12280 6819 157
f 12323 6818 157
f 158 6818 12323
f 6818 12280 157
f 12368 6795 12367
f 6795 181 12367
f 181 6795 12323
f 6859 6878 111
f 6859 111 12240
f 6878 6859 112
f 6859 12240 6839
f 12241 6859 6839
f 112 6859 6858
f 6859 12241 6858
f 206 12412 6771
f 6771 12412 12413
f 12412 232 12413
f 6746 12412 6747
f 12412 6746 232
f 12412 669 6747
f 669 12412 6772
f 12412 206 6772
f 12365 619 6798
f 6797 619 12365
f 619 6797 12321
f 619 12320 6798
f 6821 619 12321
f 12320 619 6821
f 5023 196 12339
f 196 5022 12339
f 196 5023 12384
f 5022 196 12384
f 5140 98 5118
f 98 5140 12169
f 12168 98 12169
f 5141 98 12168
f 12171 5138 5137
f 5138 100 5137
f 5138 12171 77
f 12170 5138 77
f 5138 12170 5139
f 100 5138 5139
f 5095 12252 122
f 5095 5117 121
f 5117 5095 122
f 12252 5095 5073
f 12251 5095 121
f 5073 5095 12251
f 124 5114 12214
f 5092 124 12214
f 5114 124 12215
f 124 5091 12215
f 5091 124 12255
f 124 5092 12255
f 12375 5031 188
f 5031 12331 188
f 12331 5031 189
f 5077 141 12248
f 141 5076 12248
f 141 5077 12288
f 165 141 12288
f 12206 5124 116
f 5124 5102 116
f 5146 5124 12206
f 115 5124 12205
f 5102 5124 115
f 93 5147 12205
f 5124 93 12205
f 93 5124 5146
f 5147 93 12163
f 93 5146 12163
f 5146 71 12163
f 12164 71 5146
f 71 12164 5167
f 94 12206 5145
f 12164 94 5145
f 94 5146 12206
f 94 12164 5146
f 48 5189 12080
f 5189 5209 12080
f 5209 5189 27
f 12422 241 5004
f 12422 4979 4978
f 241 12422 4978
f 242 5003 12423
f 5003 216 12423
f 216 5003 12378
f 5003 12379 12378
f 5003 217 12379
f 214 12375 5006
f 214 12421 5005
f 12421 239 4980
f 12421 5006 239
f 12421 214 5006
f 168 5051 12334
f 12291 5051 144
f 5051 168 144
f 12292 168 5050
f 5073 12292 145
f 12292 5050 145
f 12292 5073 144
f 168 12292 144
f 12376 5030 189
f 5031 12376 189
f 12376 214 5005
f 12376 5031 12375
f 214 12376 12375
f 12250 143 5074
f 143 12290 167
f 143 12291 5074
f 143 167 12291
f 5076 142 12249
f 5052 12333 12291
f 12333 5051 12291
f 12290 12333 167
f 12333 5052 167
f 12133 12174 81
f 12174 12133 5156
f 12175 5154 5155
f 5154 12134 59
f 5155 5154 59
f 5154 12175 82
f 60 5154 82
f 12134 5154 60
f 12131 79 57
f 5136 79 101
f 79 12172 101
f 79 12131 5158
f 12172 79 5158
f 35 5179 12051
f 5179 12090 12051
f 5179 35 12089
f 5158 5179 12089
f 12131 5179 5158
f 5179 12131 57
f 12090 5179 57
f 5177 12092 37
f 12091 5177 37
f 5177 12133 12092
f 5177 12091 58
f 12133 5177 58
f 5135 102 12215
f 102 5114 12215
f 102 5136 5114
f 11976 2164 5254
f 2164 2146 5254
f 2146 2164 5253
f 2164 11977 5253
f 11977 14 5236
f 2147 2165 5252
f 5253 2165 2147
f 11977 2165 5253
f 2165 11977 5236
f 16 5197 5215
f 5197 12053 5215
f 12053 5197 37
f 5197 12091 37
f 12091 5197 36
f 5338 5327 5326
f 5327 11831 5326
f 5314 5300 5313
f 11831 5314 5313
f 5300 5314 2094
f 5314 11855 2094
f 2078 5316 5302
f 5272 2126 11911
f 2126 5287 11911
f 5287 2126 11912
f 11892 11888 5283
f 11888 11885 5283
f 11888 11892 11859
f 5297 11888 11859
f 11888 5297 11862
f 11885 11888 11862
f 15333 15332 15338
f 4627 7129 7106
f 4627 7106 7105
f 7128 4627 7105
f 15332 4627 7128
f 15333 4627 15332
f 7064 15355 7087
f 4647 15355 7064
f 15355 4646 7087
f 7107 15356 15351
f 15356 4647 15351
f 15330 7130 4626
f 7153 15330 4626
f 15330 7153 4601
f 15330 7154 4600
f 15330 4601 7154
f 4625 15330 4600
f 7130 15330 4625
f 7088 15350 7108
f 15350 7107 7108
f 15350 7088 7087
f 4646 15350 7087
f 15355 15350 4646
f 788 6597 15509
f 6628 788 15509
f 788 755 763
f 788 6628 755
f 826 818 6565
f 6597 826 6565
f 822 6567 821
f 822 823 6567
f 6599 822 821
f 822 6599 823
f 6658 731 730
f 730 731 6688
f 732 6658 15483
f 725 732 15483
f 732 725 15471
f 725 6687 15471
f 15471 6687 699
f 6687 6715 699
f 6687 15472 6715
f 727 15483 6657
f 15484 766 6656
f 15496 15497 6657
f 15497 15496 6626
f 15497 15484 6657
f 15484 15497 766
f 766 15498 6656
f 828 6563 6562
f 6595 828 6562
f 6563 828 15510
f 828 6595 15510
f 15496 797 6626
f 6595 797 15510
f 6627 796 15510
f 797 6627 15510
f 6627 797 15496
f 6658 765 15483
f 765 15496 15483
f 765 6658 754
f 6627 765 754
f 765 6627 15496
f 15472 701 6715
f 701 702 6715
f 706 15462 703
f 6686 701 15472
f 701 6686 702
f 15473 6686 6656
f 6686 15484 6656
f 6686 706 703
f 706 6686 15473
f 15511 6595 6562
f 797 15511 6626
f 15511 797 6595
f 6628 15495 764
f 15495 6628 796
f 15495 6627 754
f 6627 15495 796
f 801 832 15515
f 6591 832 801
f 15515 832 6590
f 832 6558 6590
f 6558 832 15524
f 832 6591 15524
f 6615 775 15506
f 806 6615 15506
f 6615 12691 807
f 12691 6615 6584
f 6615 806 6584
f 12643 6615 807
f 775 6615 12643
f 15448 15449 632
f 15449 6786 632
f 15449 657 6786
f 657 15450 6786
f 6785 15450 658
f 684 6762 15457
f 6762 684 657
f 15449 6762 657
f 685 15458 6735
f 15458 684 6735
f 684 15458 657
f 830 15513 6593
f 15499 15513 800
f 15486 768 6654
f 15486 15499 768
f 737 15486 6654
f 15474 15486 737
f 6653 15487 15500
f 15487 768 15500
f 768 15487 6654
f 15487 737 6654
f 6683 738 15476
f 738 6653 15488
f 738 15487 6653
f 738 6682 15476
f 6682 738 15488
f 738 6683 15475
f 737 738 15475
f 15487 738 737
f 6681 739 15489
f 15477 739 6681
f 15489 739 6652
f 739 15477 6682
f 739 15488 6652
f 739 6682 15488
f 15466 710 6710
f 6684 737 15475
f 6684 15474 737
f 15462 704 703
f 704 15462 702
f 704 6686 703
f 6686 704 702
f 698 6741 707
f 698 707 6685
f 15440 630 622
f 630 15440 6789
f 15437 578 6833
f 578 15438 15432
f 15438 609 6809
f 15437 15438 578
f 15438 15437 609
f 15438 15433 6832
f 15433 15438 15439
f 15438 610 15439
f 15438 6809 610
f 575 578 558
f 578 575 6833
f 15444 634 6784
f 6785 634 15444
f 6760 15451 658
f 15451 6785 658
f 15451 634 6785
f 15451 6760 659
f 15451 659 6784
f 634 15451 6784
f 15442 608 601
f 10217 12804 2186
f 10227 12804 10217
f 12804 12803 2186
f 12803 12804 2180
f 12804 10235 2180
f 12804 10227 10235
f 12805 10227 10217
f 10227 12805 10234
f 12815 10218 12803
f 10219 12815 12803
f 10218 12815 2191
f 2191 12815 12835
f 12835 12815 10209
f 12815 12821 10209
f 12815 10219 12821
f 15076 4347 4389
f 7385 4347 15076
f 4347 7344 4389
f 7046 15396 15394
f 15399 7046 15394
f 4663 7089 7090
f 7044 15370 4690
f 4666 15388 7064
f 4666 7065 15388
f 4666 7064 7087
f 7065 4666 7087
f 7088 4665 7087
f 4665 7065 7087
f 15306 7156 4598
f 4573 7156 15306
f 7156 15328 4598
f 7156 4597 15328
f 4546 15279 7179
f 15279 4573 7179
f 7088 15349 4664
f 15349 7089 4664
f 7089 15349 4644
f 15349 7109 4644
f 15387 7045 4690
f 7066 15387 4690
f 4623 7109 7132
f 7109 4623 7110
f 4623 7133 7110
f 7133 4623 15328
f 15328 4623 4598
f 7093 4660 4640
f 15348 4642 7090
f 4642 7111 7112
f 7111 4642 15348
f 7111 7110 4622
f 7111 15348 7110
f 4658 4680 15362
f 7094 4658 15362
f 15390 7052 4704
f 4685 4703 4707
f 7050 4703 4685
f 4639 7094 4659
f 7093 4639 4659
f 4568 7183 15276
f 4620 7113 7112
f 7113 4620 4619
f 7159 4595 15304
f 4570 7159 15304
f 7159 4570 4569
f 4594 7159 4569
f 7166 4587 4582
f 15299 7166 4582
f 4556 7166 15299
f 4587 7166 4562
f 7166 4556 4562
f 4634 7099 7076
f 7099 4632 7076
f 4612 15321 7143
f 15321 4612 7142
f 4612 7120 7142
f 7120 4612 7143
f 4632 7120 7121
f 4653 7098 4634
f 4634 7098 7119
f 4611 4614 4589
f 7140 4614 7117
f 15323 7140 4615
f 15323 4591 7163
f 4591 15323 4615
f 15323 4614 7140
f 7118 4614 4611
f 4614 7118 7117
f 7118 4630 7117
f 15322 4583 4582
f 4583 4558 4582
f 4558 4583 7165
f 4613 15322 7142
f 15322 4613 4606
f 4613 7142 7119
f 4606 4613 7119
f 7141 15322 4606
f 7141 4611 4589
f 15322 7141 4589
f 4566 15301 7163
f 4565 15301 4566
f 7185 4540 15248
f 7185 4539 15275
f 4539 7185 15248
f 4566 7185 15275
f 15321 4610 7143
f 15320 4610 15321
f 4610 15320 7144
f 4610 7144 7121
f 7120 4610 7121
f 4610 7120 7143
f 4586 15297 7168
f 15297 4560 7168
f 7269 15216 7242
f 15185 15216 7269
f 15216 15185 7270
f 15216 7270 15215
f 4507 15216 15215
f 15216 4507 7242
f 4476 7269 15154
f 4476 15185 7269
f 15185 4476 7270
f 4565 15274 4564
f 15274 7187 4564
f 7187 15274 4538
f 4538 15274 7186
f 15274 4565 7186
f 15246 15273 7188
f 7048 4687 4686
f 15392 7048 4686
f 7048 15392 4708
f 7048 15393 4687
f 15393 7048 4708
f 15423 439 6979
f 439 15423 6997
f 15422 439 6997
f 6979 439 6980
f 439 15422 6980
f 7012 4730 15408
f 4730 7012 436
f 15404 7012 15408
f 7012 15404 4729
f 435 7012 4729
f 435 15419 436
f 7012 435 436
f 15396 4710 15394
f 4710 15399 15394
f 4710 7027 15399
f 15405 15410 7011
f 15410 4730 7011
f 15416 437 436
f 437 15416 6995
f 15419 15416 436
f 15416 15419 6995
f 440 15417 6996
f 15417 15415 6996
f 15417 435 15415
f 434 15414 6997
f 15414 434 7014
f 430 434 6997
f 15414 433 6998
f 433 15414 7014
f 4702 15389 7034
f 4702 7033 15389
f 4724 4702 7034
f 7033 4702 4724
f 4658 7072 4680
f 7072 4658 7095
f 4651 15376 4682
f 4639 15345 7094
f 15345 4639 7115
f 7095 7116 4637
f 7139 7116 4616
f 7116 15344 4637
f 7116 7139 7117
f 15344 7116 7117
f 4436 15113 4428
f 4436 4430 15113
f 7307 4436 4428
f 4430 4436 7307
f 4386 4391 15076
f 4388 4386 15076
f 4391 4386 15113
f 4386 4388 15113
f 15113 4390 4389
f 4388 4390 15113
f 4390 15076 4389
f 4390 4388 15076
f 15114 7342 15077
f 7342 4396 15077
f 4512 7238 7211
f 15249 4512 7211
f 4512 15249 7237
f 4512 7237 15219
f 7238 4512 15219
f 7183 7210 4541
f 7210 15249 4541
f 7210 7183 4542
f 7209 7210 4542
f 7210 7209 4513
f 7237 7210 4513
f 15249 7210 7237
f 15157 7297 4481
f 15157 4482 7296
f 4482 15157 4481
f 15157 7296 4445
f 4444 15157 4445
f 7297 15157 4444
f 4479 15156 7298
f 15156 4479 4480
f 7240 7268 15217
f 7211 4511 15248
f 7238 4511 7211
f 15124 7331 4405
f 7331 4365 4405
f 15122 4403 7334
f 4403 15085 7334
f 15085 4403 4363
f 4403 15122 4444
f 4364 15086 7373
f 15086 4364 7374
f 4364 7373 15047
f 7374 4364 15047
f 7700 4065 14817
f 3949 14712 7901
f 14712 3949 7902
f 7475 4272 7527
f 7476 7475 7527
f 7341 15078 4396
f 15183 15151 4468
f 15151 15183 4475
f 4402 4443 15122
f 4443 7298 4444
f 15122 4443 4444
f 4443 4402 7335
f 7376 15046 4318
f 15046 7376 4362
f 15046 4362 7375
f 7421 15046 7375
f 15046 7421 4319
f 14959 7476 7527
f 14914 7580 14915
f 14962 7524 7472
f 15004 4272 7475
f 7424 15004 7475
f 15005 7422 4319
f 7422 15004 4318
f 15004 7422 4274
f 7422 15046 4319
f 15046 7422 4318
f 7524 4275 7472
f 4275 15005 7472
f 4222 14955 14956
f 7531 14955 7584
f 14955 4222 7584
f 4500 7243 15215
f 7243 4507 15215
f 4507 7243 4500
f 7217 4506 4501
f 4498 4506 7217
f 4501 4506 15213
f 4506 15214 15213
f 4506 7244 15214
f 7244 4506 4498
f 15244 4499 15243
f 4499 15244 4500
f 4499 4500 15214
f 7244 4499 15214
f 4507 15245 7215
f 15245 4530 7215
f 15148 4426 4432
f 7306 4426 15148
f 4426 15114 4432
f 4470 15150 4466
f 15149 15150 7305
f 4466 15150 15149
f 15150 4431 7305
f 4431 15150 7304
f 15151 15150 4468
f 15150 15151 7304
f 4469 15181 4466
f 15181 7273 4466
f 15181 4469 7274
f 15181 15212 7273
f 4504 15212 7246
f 7245 15212 4504
f 7273 15212 15213
f 15212 7245 15213
f 15212 15181 7274
f 15211 15212 7274
f 15212 15211 7246
f 12851 2209 12852
f 12851 2202 10192
f 2209 12851 12865
f 12865 12851 12850
f 12851 10192 12850
f 2217 12866 10179
f 12866 2209 10179
f 2209 12866 12852
f 12839 10190 2203
f 10190 12839 12838
f 12839 2203 10200
f 2195 12839 10200
f 12838 12839 2195
f 12963 10119 2254
f 10119 12962 2254
f 2251 10119 12963
f 12957 10119 10126
f 2250 10120 12961
f 12962 2250 12961
f 10119 2250 12962
f 2250 10119 12957
f 10113 12976 2254
f 12962 10113 2254
f 10113 12974 12976
f 10113 12962 12974
f 10118 12963 12965
f 10118 2251 12963
f 12950 10118 12965
f 2251 10118 12950
f 2246 2251 10125
f 2246 10125 12942
f 12904 12905 2228
f 12904 10151 12905
f 10161 12904 2228
f 2235 10140 10150
f 10151 2235 10150
f 10164 12885 2218
f 12885 12868 2218
f 12868 12885 10176
f 10176 12885 12886
f 12902 10152 2227
f 10154 10143 10153
f 10155 10154 12900
f 12918 10143 10134
f 10143 12918 10153
f 12899 10155 12900
f 12899 10165 2225
f 10165 12899 12900
f 10166 12899 2225
f 10155 12899 2232
f 12899 10156 2232
f 12899 10166 12898
f 10156 12899 12898
f 2226 10165 12900
f 10165 2226 12884
f 12884 2226 2218
f 2226 10164 2218
f 12915 2239 10145
f 10145 2239 12916
f 10136 2239 12931
f 2239 10137 12931
f 2239 12915 10137
f 10128 2249 10121
f 2249 10128 2244
f 12895 10172 2221
f 2221 10172 12879
f 10172 12873 12879
f 12873 10172 12880
f 12880 10172 12896
f 10172 12895 12896
f 10114 12973 12974
f 12973 10110 12974
f 10111 12973 10115
f 10110 12973 12985
f 12973 10111 12985
f 12972 10111 10115
f 12972 10115 2252
f 10111 12984 2256
f 12984 12983 10108
f 10107 12984 10108
f 2256 12984 10107
f 12960 12966 10121
f 12966 12960 10115
f 12975 12990 12988
f 12975 12971 10117
f 12975 10117 2255
f 12990 12975 2255
f 12971 12977 10117
f 13630 2850 9340
f 2858 9339 9405
f 2855 2858 9405
f 9339 2858 9340
f 2858 2855 9340
f 3100 13876 9038
f 3099 13876 3100
f 13876 9039 9038
f 13876 3099 9039
f 3038 9195 2977
f 3037 3038 2977
f 9119 3038 3037
f 2976 2916 9197
f 2976 9196 2916
f 3036 2976 9197
f 9196 2976 3037
f 2976 3036 13816
f 3037 2976 13816
f 9196 13754 9270
f 13754 3037 2977
f 13754 9196 3037
f 9466 2807 9523
f 9268 9337 13692
f 9337 9268 2919
f 9117 3102 13818
f 2967 9273 13751
f 13689 9272 9341
f 2915 9272 2914
f 9272 2915 9341
f 3154 13873 9044
f 13873 3154 9043
f 13873 3089 9044
f 13873 3093 3089
f 3155 9042 9043
f 8962 3216 13995
f 3154 13934 9043
f 13934 3155 9043
f 13934 8962 3155
f 14059 3284 8797
f 3285 14059 8797
f 8961 13996 3157
f 8961 8962 13995
f 3098 3099 9120
f 13462 2666 13412
f 2666 2625 13412
f 2708 9574 13462
f 9575 2708 9621
f 2708 13462 9621
f 2745 2807 9465
f 2755 2745 9465
f 2807 2745 9523
f 9523 2745 13513
f 2745 9575 13513
f 9336 13633 2863
f 9337 9336 2863
f 9336 9267 13693
f 9336 9337 2919
f 9267 9336 2919
f 2925 9188 2985
f 3102 9116 13818
f 9267 2920 13693
f 2920 9266 13693
f 9263 13696 9332
f 3103 9035 13879
f 3041 3103 9115
f 3103 3041 9116
f 3103 9116 3102
f 9263 2923 9189
f 3470 14232 8563
f 3343 3280 8643
f 3280 8880 8643
f 3280 14056 8880
f 8564 3532 8563
f 3532 8564 14289
f 8318 8319 3664
f 8318 3664 8234
f 3661 3660 8233
f 3660 8317 14413
f 8317 3660 3661
f 8069 8150 3796
f 3798 8150 8069
f 8150 3730 3796
f 14231 3468 8564
f 3468 14231 8643
f 3806 3807 8142
f 3807 3806 14537
f 14354 8398 3604
f 14354 8481 8398
f 14417 8311 3604
f 14417 3672 8311
f 3999 7773 3991
f 7773 3999 3990
f 3933 4161 3995
f 3933 8069 4161
f 3472 8639 14233
f 8639 3472 14234
f 8639 3408 14233
f 8039 3830 8120
f 3830 8119 8120
f 3765 14496 14498
f 3764 14497 8120
f 8119 3764 8120
f 14554 3833 8118
f 14496 8200 14498
f 13966 13963 8923
f 13963 13966 9004
f 14202 14201 8607
f 8845 8766 14087
f 8533 14315 3499
f 14251 3506 8530
f 8608 14257 3499
f 8453 3570 3563
f 14497 8204 14495
f 8288 8204 14435
f 3376 8685 14146
f 8684 8685 14204
f 14203 8605 14204
f 8685 14203 14204
f 14203 3376 8686
f 14203 8685 3376
f 8619 8620 3493
f 8620 14246 3493
f 14131 3305 8778
f 3431 14189 8619
f 14365 8465 8382
f 8299 3685 14426
f 3685 3686 14426
f 14303 3553 8466
f 3554 8465 3555
f 8465 3554 8466
f 3554 14303 8466
f 14303 3554 8543
f 3554 8542 8543
f 8542 3554 3555
f 14364 8465 8466
f 3619 14364 8466
f 14364 3619 8383
f 8465 14364 3620
f 14364 8383 3620
f 3553 8467 8466
f 8467 3553 3552
f 14429 8295 3690
f 8295 3622 8381
f 8381 3622 8463
f 14429 3622 8295
f 8377 14368 3625
f 14368 8377 8460
f 8616 14252 8615
f 14252 14250 3496
f 14252 8616 14250
f 14133 14192 3370
f 3560 14309 8460
f 8462 8379 3624
f 3623 8379 8462
f 14366 8462 8463
f 14366 3623 8462
f 3623 14366 8380
f 3622 14366 8463
f 14366 3622 8380
f 14309 8537 14307
f 8538 8537 3496
f 8537 8538 14307
f 8537 14309 8536
f 4301 7484 14994
f 14997 14996 7430
f 4311 14995 7432
f 14995 7484 7432
f 7773 4049 4048
f 14948 4215 7592
f 7537 14949 7486
f 7536 7535 4218
f 7535 7536 4265
f 4111 7710 14858
f 4111 14858 7650
f 4111 7709 4048
f 4049 4111 4048
f 4111 4049 7710
f 3998 3994 7841
f 3992 3998 7841
f 14858 4108 4161
f 13946 9025 3173
f 3360 8708 14184
f 3360 3361 8784
f 8628 14241 3421
f 14241 8627 3421
f 14241 3485 8627
f 8708 3422 14184
f 3422 3423 14184
f 8627 3422 3421
f 8630 8711 3418
f 8709 8628 3421
f 14238 3479 8554
f 8133 3749 3748
f 3749 8133 3817
f 8133 14544 3817
f 3616 8469 8470
f 8546 8547 14301
f 3548 14300 8548
f 3549 14300 3548
f 8547 14300 3549
f 14300 3486 8548
f 14300 8547 3486
f 8471 3549 3548
f 3549 8471 8470
f 8221 8305 3678
f 3744 8221 3678
f 8221 3744 14482
f 14239 8630 3418
f 14239 3480 3481
f 8305 3611 8391
f 8391 3611 8474
f 3482 14239 3481
f 14239 3482 8630
f 8551 3545 14298
f 8475 3545 14297
f 3482 3545 8551
f 14298 3545 8474
f 3545 8475 8474
f 3480 8553 3481
f 8553 14297 3481
f 14003 3229 8866
f 3229 3295 8866
f 3295 3229 14065
f 8956 8955 3162
f 13999 8955 8956
f 8955 13999 3223
f 3224 8955 3223
f 14296 3480 8554
f 14296 8553 3480
f 8794 3350 3288
f 3287 8794 14061
f 8794 3288 14061
f 3477 8557 14294
f 2388 9919 13105
f 13105 9919 9918
f 9919 13138 9918
f 9919 13137 2419
f 13138 9919 2419
f 9850 13172 9886
f 13172 9850 2453
f 13172 13137 9886
f 13172 2453 9849
f 9885 13172 9849
f 13137 13172 2419
f 13172 9885 2419
f 13210 9810 2453
f 9850 13210 2453
f 13249 9814 9773
f 9814 13249 9813
f 13207 2451 9853
f 9813 13207 9853
f 13207 2487 2451
f 13207 9813 2487
f 9734 13290 9773
f 13290 13249 9773
f 13290 9693 13334
f 9693 13290 9734
f 9732 2559 13335
f 9886 13136 2418
f 13137 13136 9886
f 9887 13170 9851
f 13170 9852 9851
f 9852 13170 13169
f 2362 9953 9952
f 2361 13075 9983
f 2330 2329 10000
f 2330 10000 13052
f 2331 2330 13052
f 2329 2330 13072
f 2330 2331 13072
f 9987 13071 10002
f 2351 2359 13071
f 2379 9928 9927
f 2415 9925 13130
f 2414 13129 9927
f 2414 9894 13163
f 9924 9891 9890
f 9774 9815 13247
f 13165 9891 2415
f 9894 9858 13163
f 9858 13201 9818
f 2517 13240 2476
f 13240 9821 2476
f 13201 9778 9818
f 9778 13201 2519
f 9819 13200 2519
f 13197 2439 2445
f 2439 13197 2476
f 9821 2439 2476
f 2446 9860 13160
f 9859 9860 13199
f 9860 9896 13160
f 2472 9822 2476
f 2472 2481 9822
f 13197 2472 2476
f 2481 2472 13197
f 2479 2481 13197
f 2481 2479 9822
f 9702 13370 2591
f 13370 9658 2591
f 9701 9702 2591
f 9701 13325 9702
f 2508 9823 2507
f 9823 2508 2511
f 13321 2548 9707
f 13321 9706 2548
f 9746 2548 13322
f 13278 9746 13322
f 9746 13278 2548
f 2588 13323 9705
f 2588 9704 13323
f 9745 9784 13237
f 9784 9745 13279
f 9784 13279 13238
f 9784 2515 13237
f 9784 13238 2515
f 13279 2551 9744
f 9704 2551 13323
f 9744 2551 9703
f 2551 9704 9703
f 9745 2540 13279
f 2540 9745 2550
f 13323 2540 2550
f 13546 13547 9543
f 13547 13546 9490
f 13546 9543 9491
f 9490 13546 9491
f 2779 13547 9490
f 2779 9490 13601
f 9432 2779 13601
f 9541 9488 13549
f 9488 2780 13549
f 9488 9541 13548
f 2780 9488 13548
f 9489 2780 13548
f 9489 2779 9432
f 2779 9489 13547
f 9489 13548 2732
f 13547 9489 2732
f 9153 2945 13793
f 2945 13794 9228
f 9153 13794 2945
f 13730 9228 9298
f 13730 2945 9228
f 9430 9366 13604
f 9430 2833 9366
f 9430 13604 9487
f 2780 9430 9487
f 2833 9430 2780
f 9429 2834 13606
f 2834 9365 13606
f 2834 9429 13605
f 9365 2834 13605
f 2889 9364 9428
f 9365 2889 9428
f 13668 2889 9365
f 9364 2889 13669
f 2889 9297 13669
f 2889 13668 9298
f 13731 2889 9298
f 9297 2889 13731
f 9431 9367 13603
f 9367 9431 9368
f 2780 9431 13603
f 9489 9431 2780
f 2833 2888 9366
f 9367 2888 2833
f 9591 9545 13492
f 9591 13492 13443
f 9591 13491 9545
f 13491 9591 2687
f 13180 13179 9843
f 13179 9879 13184
f 13179 13180 9878
f 9843 13179 2457
f 13179 13184 2457
f 13179 9878 2423
f 9879 13179 2423
f 2456 13216 2492
f 13216 2456 9805
f 2492 13216 2528
f 13216 9805 2528
f 13211 9849 2489
f 13211 9809 9849
f 2525 13211 2489
f 9809 13211 2525
f 2454 2490 13213
f 9808 2490 2454
f 9765 13298 13299
f 13298 9725 13299
f 13256 9766 2527
f 2455 13214 2491
f 9807 13214 2455
f 13214 9807 2527
f 13214 9806 2491
f 9806 13214 2527
f 13256 2526 13255
f 9807 2526 13256
f 2526 9807 13213
f 2490 2526 13213
f 2526 9808 13255
f 2526 2490 9808
f 9873 9872 13186
f 2429 9872 9873
f 2425 13149 2427
f 2425 2429 13149
f 9875 2425 2427
f 2425 9872 2429
f 2425 9875 13186
f 9872 2425 13186
f 9835 2461 13187
f 2461 9834 13187
f 2495 2461 9835
f 2461 2495 13228
f 2465 2461 13228
f 9834 2461 2465
f 9319 13709 9318
f 9249 13709 9319
f 13708 9249 9319
f 9243 13782 2939
f 13782 9243 13771
f 13782 13771 3008
f 9165 9166 2939
f 9165 2999 9166
f 13782 9165 2939
f 2999 9165 3008
f 9165 13782 3008
f 13846 9161 3061
f 9242 13719 2939
f 13719 9243 2939
f 9243 13719 9312
f 9495 13595 9438
f 13595 2828 9438
f 9313 2881 13654
f 13655 9313 9312
f 2881 13655 9378
f 13655 2881 9313
f 2938 9243 13718
f 9313 2938 13718
f 13588 2771 9445
f 13588 2824 2771
f 9767 13297 13256
f 9727 13297 9767
f 13297 9766 13256
f 9766 13297 2563
f 13297 13341 2563
f 13297 9727 13341
f 9685 13298 13342
f 9725 9685 13343
f 13298 9685 9725
f 2601 9685 13342
f 13341 9686 2563
f 9686 13342 2563
f 2601 9686 13341
f 9686 2601 13342
f 9552 9499 13537
f 2726 13538 9550
f 2562 9727 13296
f 2562 13296 9728
f 13340 2562 9728
f 9727 9687 13341
f 9687 13340 2600
f 2562 9687 9727
f 9687 2562 13340
f 13295 9729 13339
f 2525 13253 9768
f 13253 13295 9768
f 9810 13253 2525
f 2598 13381 9648
f 9557 9504 13531
f 9557 13478 2722
f 13533 9555 13532
f 9503 13533 13532
f 9555 2723 13532
f 2599 13338 9690
f 9187 2925 2985
f 9329 13638 2871
f 13638 9329 13698
f 13765 9180 13703
f 13827 9180 13765
f 9179 13829 13767
f 13829 9179 3053
f 2721 13476 9559
f 9606 13426 2678
f 9606 13477 13426
f 9606 2721 13477
f 13476 9606 2678
f 2721 9606 13476
f 13477 9605 13426
f 2770 13586 9446
f 13478 9558 2722
f 9605 9558 13478
f 9558 9605 13477
f 9505 2822 13585
f 2769 2822 9505
f 2822 9385 13585
f 2876 2821 9387
f 13645 2876 9387
f 2876 13645 9322
f 13646 2876 9321
f 2876 9322 9321
f 9383 2878 13650
f 13587 9383 9445
f 9251 13707 9320
f 13707 9319 9320
f 9320 13647 9321
f 13647 9320 2877
f 9385 13647 2877
f 2822 13647 9385
f 9319 13648 2877
f 9384 13648 9319
f 13648 9385 2877
f 2993 9178 13767
f 9178 2993 13768
f 13705 9178 13768
f 9323 13643 13703
f 13644 9323 9322
f 9323 13704 9322
f 13886 9018 9019
f 9018 13886 13893
f 9020 3117 13892
f 3117 9020 13893
f 9176 2994 3055
f 13888 3116 9103
f 2933 9177 13769
f 9177 2933 13768
f 9177 2993 3054
f 2993 9177 13768
f 9177 2994 13769
f 9178 9253 13767
f 9253 9178 13705
f 13704 9253 9322
f 9253 13705 9322
f 2933 9252 13768
f 9252 13705 13768
f 13705 9252 9321
f 9252 13706 9321
f 9252 2933 13706
f 3047 9110 3109
f 9109 3047 3109
f 3047 9186 2986
f 3048 3047 9109
f 9186 3047 2987
f 3047 3048 2987
f 13943 8949 3170
f 13943 3169 8950
f 8949 13943 8950
f 8948 14005 13944
f 13638 9394 2871
f 9457 2763 13574
f 9255 13765 13703
f 9693 9650 13380
f 13380 9650 2637
f 13425 13476 2678
f 13471 13421 2675
f 2720 9560 13475
f 9560 13528 9559
f 13476 9560 9559
f 13528 9560 9507
f 9508 9450 9507
f 13381 9649 2637
f 9649 13381 2597
f 9649 13380 2637
f 9649 2597 13380
f 3125 9083 13905
f 13907 9083 13846
f 9083 13907 13905
f 13904 9085 3123
f 9085 9087 3123
f 9007 13904 3123
f 14729 7881 3967
f 3965 14725 7884
f 8037 3833 14554
f 8035 8037 14613
f 14667 7961 7962
f 3962 14667 7962
f 14667 3962 7887
f 14668 7961 3964
f 7961 14668 7960
f 14668 3965 7960
f 7886 14668 3964
f 7961 3897 3896
f 3897 7961 7960
f 14726 3966 7884
f 14671 3966 7883
f 7957 3966 14671
f 7883 3966 14727
f 3966 14726 14727
f 7957 3902 14613
f 3902 8035 14613
f 8035 3902 8036
f 8371 8369 14369
f 14377 8371 14369
f 13008 2281 2280
f 2276 2281 13008
f 2281 13023 2280
f 13023 2281 2276
f 9998 13074 9983
f 2338 9998 9983
f 13074 9998 9999
f 9999 9998 13054
f 2269 2263 13000
f 2268 2269 13000
f 2263 2269 13009
f 2269 2268 13009
f 2266 2265 13000
f 2265 10062 13009
f 2265 2266 10062
f 13021 10045 13007
f 2278 10045 13022
f 10045 2278 13007
f 10045 13021 2297
f 10045 13036 13022
f 13036 10045 2297
f 10046 13035 2292
f 13021 10046 2292
f 10046 13020 13035
f 13020 10046 10047
f 10046 13007 10047
f 10046 13021 13007
f 10027 10026 13036
f 10027 13036 2309
f 2317 10027 13054
f 10027 2309 13054
f 10026 13037 13036
f 13037 2299 13022
f 13036 13037 13022
f 13037 10026 2318
f 2299 13037 13038
f 13037 2318 13038
f 2340 9980 2363
f 9980 13078 2363
f 9981 9980 9996
f 13078 9980 9981
f 13027 13033 2285
f 13012 13027 2285
f 13027 13012 13031
f 13047 13027 13031
f 13042 13027 13047
f 13027 13042 13033
f 10060 13017 13011
f 13017 10060 13016
f 13017 2284 13011
f 10042 13017 13016
f 2284 13017 10042
f 13014 13010 10061
f 13010 13014 2283
f 13014 10061 13009
f 2283 13014 13009
f 10039 2303 13029
f 13029 2303 10038
f 2303 13043 13044
f 2303 10039 13043
f 13046 2303 13044
f 2303 13046 10038
f 13028 13013 2285
f 10039 13028 13043
f 13028 2302 13043
f 13013 13028 13015
f 13028 10039 13015
f 13065 13048 2320
f 13048 13042 2320
f 13048 13065 13049
f 13042 13048 13033
f 13026 2284 13030
f 2301 13026 13030
f 10022 13060 2320
f 10022 13047 13041
f 13047 10022 2320
f 13060 9994 2341
f 9994 13080 2341
f 9994 9979 13080
f 13079 2340 2363
f 13079 2363 9951
f 9979 13079 9951
f 13079 9994 2340
f 9994 13079 9979
f 9994 13059 2340
f 13059 9994 13060
f 2321 13068 13062
f 13067 13068 2321
f 13068 9992 13062
f 13068 13067 9992
f 13113 13109 9948
f 13113 9916 13141
f 13113 13141 9915
f 13109 13113 9915
f 13116 13110 9947
f 13110 13116 2391
f 9947 13110 9946
f 13110 2391 9946
f 2365 13082 13086
f 13082 2365 13087
f 13082 2342 13086
f 13082 13087 2342
f 9976 13083 9991
f 9976 13088 13083
f 13087 9976 9991
f 13088 9976 13087
f 13147 13142 9881
f 2421 13142 9915
f 13142 2421 9881
f 13142 2391 9915
f 2391 13142 9914
f 13142 13147 9914
f 13194 9868 13190
f 13194 13195 9868
f 9831 13194 13190
f 13195 13194 9831
f 2609 9674 2608
f 9674 13356 9714
f 13356 9674 2609
f 9675 13355 9715
f 13355 2570 9715
f 13355 9675 2608
f 9674 13355 2608
f 2570 13355 13311
f 13311 13355 9714
f 13355 9674 9714
f 13118 2400 2396
f 13118 9939 2400
f 13118 2396 9938
f 9939 13118 9938
f 13005 10075 13004
f 13005 13001 10075
f 13005 13004 2270
f 13001 13005 2270
f 14582 14581 8095
f 14579 14582 8095
f 8015 14582 14579
f 7866 14745 14751
f 7862 14699 7863
f 14699 7937 7936
f 7937 7862 14700
f 7862 7937 14699
f 8015 14641 14636
f 14641 8015 3913
f 14641 7937 14636
f 7937 14641 7936
f 14896 7668 4146
f 14848 7668 14849
f 7668 14896 7608
f 7666 7668 7608
f 7668 7666 14849
f 14853 4091 14852
f 4091 14853 14848
f 14853 7668 14848
f 14900 14901 7609
f 14901 14900 7669
f 4294 7451 7503
f 7451 14979 7503
f 7453 7504 14977
f 7504 7557 14977
f 7449 7500 14982
f 14991 7449 15072
f 7500 7449 14991
f 4090 14846 7669
f 14846 4145 14898
f 7669 14846 14898
f 14846 7670 4145
f 14846 4090 7733
f 14845 14846 7733
f 7670 14846 14845
f 7729 7731 14849
f 7729 14798 7731
f 7793 7794 14808
f 7793 14754 7794
f 14754 7793 7863
f 7793 14808 7792
f 3978 14754 7863
f 14699 3978 7863
f 7670 14894 4145
f 4145 14894 14898
f 14894 7610 14898
f 7672 4144 14844
f 4144 7671 14844
f 7734 4089 14845
f 4089 7671 14845
f 4089 7734 14844
f 7671 4089 14844
f 14893 7670 14845
f 7671 14893 14845
f 14893 14894 7670
f 14893 4144 7611
f 4144 14893 7671
f 14894 14893 7610
f 14938 14893 7611
f 14893 14938 7610
f 7943 14685 14686
f 14685 3974 14686
f 14685 14628 7944
f 14628 14685 7943
f 14742 7869 14686
f 4034 14742 7800
f 14742 4034 7799
f 7869 14742 7799
f 14571 8103 3774
f 8103 14571 14572
f 8103 14572 8102
f 14515 8103 8102
f 8103 14515 3774
f 3909 7943 14629
f 3909 14628 7943
f 8021 3909 14629
f 14628 3909 8022
f 3909 14572 8022
f 3909 8021 14572
f 8021 3841 14572
f 3841 8021 14573
f 14572 3841 8102
f 3841 14573 8102
f 7942 14630 14629
f 14630 8020 14629
f 14631 14630 7942
f 8017 14577 14576
f 3912 14577 8017
f 4036 14751 7797
f 4036 7795 14751
f 4036 7730 14806
f 7795 4036 14806
f 7868 3976 14688
f 3976 7868 14744
f 3976 7941 14688
f 3976 14689 7941
f 8106 3839 8105
f 3839 8106 14568
f 8024 14626 3908
f 14626 7945 3908
f 14626 8024 14625
f 7946 14626 14625
f 14626 7946 14683
f 7945 14626 14683
f 7803 7804 14791
f 7736 7803 14791
f 14792 7803 7736
f 3907 7947 14625
f 7947 3907 14624
f 8025 3907 14625
f 3907 8025 14624
f 14627 14684 7944
f 7945 14684 14627
f 14684 14685 7944
f 14621 7950 14622
f 14385 14386 8444
f 14386 14387 8444
f 14515 8185 3774
f 3640 14394 8437
f 8355 14394 3640
f 14394 8355 14395
f 8104 14570 3840
f 14570 8023 3840
f 8023 14570 8024
f 14513 8104 3774
f 7675 4086 14839
f 4086 7739 14839
f 14790 4031 7805
f 7738 14790 7805
f 7876 3971 14679
f 3971 7876 14735
f 14678 7876 14679
f 14735 7876 14734
f 14620 14621 8029
f 8030 14620 8029
f 14885 7678 14836
f 4140 7678 14885
f 7678 4140 14837
f 7739 14788 7740
f 7807 14788 7806
f 7806 14788 4030
f 14788 7739 4030
f 14839 7676 4141
f 14838 7676 14839
f 7676 14887 4141
f 14887 7676 14838
f 4085 14838 7740
f 7617 4193 14931
f 7560 7559 14931
f 4193 7560 14931
f 7560 14930 4244
f 7560 4193 14930
f 7558 7505 14977
f 7557 7558 14977
f 14934 7558 7557
f 14784 7743 7742
f 7743 14835 7742
f 7810 14731 7880
f 7809 14732 7879
f 14731 7809 7879
f 7810 7809 14731
f 7809 14784 14785
f 7809 7810 14784
f 7249 15200 7222
f 15200 7250 7222
f 15058 15059 4335
f 15057 15058 7406
f 15058 15057 7360
f 4378 15058 7360
f 15017 15058 4335
f 15058 15017 7406
f 7318 4378 4418
f 4378 7318 15097
f 4459 7318 4418
f 15096 4378 7360
f 7319 15096 7360
f 4378 15096 4418
f 15096 7319 4418
f 15142 7316 4419
f 4461 15136 15140
f 15136 7316 15140
f 15103 7315 15100
f 7356 15103 15100
f 15103 7356 15061
f 7357 15061 15060
f 7358 7357 15060
f 15099 7357 7358
f 7316 4420 15099
f 15136 4420 7316
f 4420 4461 7315
f 4420 15136 4461
f 4381 15071 15065
f 15067 15071 4381
f 15071 7401 15065
f 15071 15067 7401
f 7401 15069 15065
f 15070 15069 7401
f 15069 4381 15065
f 15069 15070 4381
f 4337 15062 7401
f 15062 15070 7401
f 15062 4337 15068
f 15070 15062 4381
f 15062 15068 7356
f 4381 15062 7356
f 15339 7128 15336
f 4603 15339 15336
f 15335 15339 4603
f 15339 15332 7128
f 15332 15339 15335
f 7150 15316 4604
f 15314 15315 4604
f 15315 7151 4604
f 15315 15314 4579
f 7151 15315 4579
f 15286 15284 4553
f 15284 15286 4580
f 7173 15286 4553
f 4580 15286 7173
f 15287 15291 15257
f 15291 7172 15257
f 15291 15287 4580
f 15220 7236 15221
f 7236 4514 15221
f 7236 15220 4513
f 7209 7236 4513
f 4514 7236 7209
f 4544 7208 4543
f 7208 15250 4543
f 4514 7208 4515
f 7208 4514 15250
f 4570 15278 4543
f 15278 4570 15304
f 4516 7206 4517
f 7206 7205 4517
f 7206 4546 7205
f 15279 7206 4545
f 7206 15279 4546
f 7207 4544 4545
f 7206 7207 4545
f 7207 7206 4516
f 7207 4516 4515
f 7235 7234 15221
f 4516 7234 7235
f 14719 3955 7895
f 3955 14719 7894
f 8126 3757 3756
f 3824 8126 14549
f 8126 3824 3757
f 3691 8210 14490
f 8210 3757 14490
f 8210 14429 3690
f 14429 8210 3691
f 3757 8210 3756
f 14489 8210 3690
f 8210 14489 3756
f 3824 3825 8125
f 8127 14489 3755
f 14489 8127 3756
f 8045 3890 14606
f 8206 3695 14433
f 3695 8206 14493
f 14493 8206 3761
f 3828 3827 8041
f 3828 8122 3827
f 8122 3828 3761
f 3692 8209 8208
f 8209 3691 14490
f 3759 14491 8208
f 14491 3759 3760
f 8207 14491 3760
f 3819 8049 14546
f 8049 3819 8050
f 8049 3820 14546
f 3820 8049 8048
f 3890 7967 14606
f 14607 7966 7965
f 3893 14607 7965
f 14607 3893 8043
f 7968 14605 7969
f 7967 7968 14663
f 7968 7967 3890
f 14719 7893 7894
f 7965 14665 7964
f 7820 4019 14722
f 7890 7820 14722
f 7820 7753 4019
f 3826 8124 14550
f 8124 3826 3759
f 14551 8042 3827
f 14551 3826 8042
f 3759 8123 3760
f 3826 8123 3759
f 14551 8123 3826
f 8123 14551 3827
f 8123 8122 3760
f 8122 8123 3827
f 3889 8047 14605
f 7968 3889 14605
f 3889 3890 8046
f 3889 7968 3890
f 14605 3888 7969
f 8047 3888 14605
f 3821 3888 8047
f 4182 7572 14921
f 7520 4231 14964
f 4231 7521 14964
f 7687 4077 14828
f 7687 14877 7686
f 4184 14876 7628
f 7627 4184 14922
f 4184 7628 7571
f 4234 4184 7571
f 4184 4234 14922
f 4324 15049 7371
f 7417 15049 4324
f 7371 15049 4366
f 15049 7372 4366
f 4179 14918 7575
f 7633 7693 4125
f 14872 7633 4125
f 7634 7633 14872
f 15006 4276 7472
f 4276 15006 7471
f 4276 14962 7472
f 4320 7421 15047
f 4320 15006 7421
f 15006 4277 7471
f 4277 7522 7471
f 4526 7197 7224
f 15258 7197 4526
f 7197 15259 7224
f 15259 7197 4555
f 7197 15258 4555
f 4527 15233 7224
f 4487 15192 7259
f 15193 4487 7259
f 15161 4487 4488
f 4487 15193 4488
f 4486 7261 7260
f 15192 4486 7260
f 4487 4486 15192
f 4486 4487 7292
f 15125 7329 4407
f 15125 4449 7329
f 7330 15125 4407
f 4449 4408 7329
f 15088 4408 4368
f 7329 4408 15088
f 15190 7263 15221
f 15190 4483 7263
f 7258 15193 15224
f 7230 7258 15224
f 7258 7230 15225
f 7258 7257 4489
f 7257 7258 15225
f 4488 7258 4489
f 15193 7258 4488
f 4326 7414 15010
f 7414 4327 15010
f 4372 7366 15091
f 7366 15052 15091
f 4329 15012 7412
f 15012 4329 7411
f 15052 4329 7412
f 7366 4329 15052
f 4374 15092 4414
f 7365 15092 4374
f 15092 4413 4414
f 14975 4292 7506
f 7559 14975 7506
f 7455 14975 7507
f 14975 7455 4292
f 7560 14975 7559
f 7507 14975 4244
f 14975 7560 4244
f 7404 7405 15059
f 7405 7404 15018
f 7404 15059 15060
f 4336 7404 15060
f 7404 4336 15019
f 7455 7404 15019
f 7404 7455 15018
f 14971 4289 7459
f 4289 14971 7511
f 7460 4289 7511
f 4289 15014 7459
f 4289 7460 15014
f 7812 14728 4026
f 14728 7812 14729
f 7812 4026 14782
f 7811 7812 14782
f 7812 7811 14729
f 7882 14671 7883
f 14728 7882 7883
f 7882 14672 14671
f 14672 7882 3967
f 7882 14728 3967
f 4081 7683 14831
f 4136 7683 4081
f 7683 4136 14880
f 7683 4137 14831
f 7683 14880 4137
f 14724 7816 7886
f 7886 7816 14725
f 7816 14724 4022
f 14725 7816 7815
f 7816 4023 7815
f 4020 7819 14776
f 7752 4020 14776
f 4020 7818 14723
f 7819 4020 14723
f 4020 7752 4076
f 4020 7751 7818
f 7751 4020 4076
f 7888 3961 14723
f 7888 3962 3961
f 7887 7888 14723
f 3962 7888 7887
f 3896 8040 8041
f 3829 8040 8039
f 8040 3897 8039
f 3897 8040 3896
f 7752 14827 4076
f 14827 7689 4130
f 7688 14827 4130
f 14827 7688 4076
f 7818 14777 4021
f 7751 14777 7818
f 14777 7751 4077
f 14777 7750 4021
f 14777 4077 7750
f 7749 4078 14829
f 14829 4078 7686
f 7750 4078 4022
f 4078 7749 4022
f 4078 7687 7686
f 4077 4078 7750
f 7687 4078 4077
f 7749 14778 4022
f 14778 7816 4022
f 7816 14778 4023
f 14778 7749 4079
f 14778 4079 7748
f 4023 14778 7748
f 4330 15012 7411
f 4330 7410 15012
f 7410 4330 4331
f 4330 15054 4331
f 4330 7364 15054
f 7364 4330 7365
f 7625 14923 7568
f 4187 7625 7568
f 14923 7625 4186
f 7625 14878 4186
f 7625 4134 14878
f 7625 4187 4134
f 4135 7624 14879
f 4187 7624 4135
f 7624 4188 14879
f 7624 14924 4188
f 7624 4187 14924
f 7517 7465 4283
f 7465 7517 4282
f 4283 7465 15010
f 7465 4282 15010
f 12102 12100 63
f 12101 12102 63
f 12100 12102 5191
f 12102 12101 5191
f 12185 12188 86
f 12186 12185 86
f 12180 12185 12186
f 12185 5128 12188
f 5128 12185 12180
f 5665 1673 11101
f 1647 5665 11101
f 1646 1620 5693
f 5693 1620 11061
f 1620 5692 11061
f 1620 1647 5692
f 5640 1672 11141
f 5668 11098 1645
f 1671 11098 5668
f 5593 11220 5594
f 1696 11181 5616
f 11140 5668 1670
f 11140 1671 5668
f 11020 11057 5724
f 5754 11020 5724
f 10985 5783 1559
f 10985 5754 1560
f 5782 10985 1560
f 10985 5782 5812
f 1532 10985 5812
f 10985 1532 5783
f 1702 5607 11190
f 5607 1703 11190
f 1703 5607 5606
f 1681 11111 5655
f 10994 1567 5745
f 1567 10994 5773
f 1567 10993 5745
f 10993 1567 5773
f 10995 5744 11030
f 5743 10995 11030
f 5715 1596 11066
f 11029 1596 5715
f 1596 11029 5716
f 1596 5716 5688
f 11066 1596 5688
f 1627 5683 11070
f 5683 1627 1654
f 5683 1628 11070
f 1628 5683 1654
f 1627 1653 11108
f 1653 5658 11108
f 5658 1653 11107
f 1653 1626 11107
f 1627 11109 1654
f 11109 5656 1654
f 5657 11109 11108
f 11109 1627 11108
f 11109 5657 1679
f 5656 11109 1679
f 5685 1626 11069
f 5685 1598 11068
f 1598 5685 11069
f 1626 5685 11107
f 5685 1652 11107
f 5686 5685 11068
f 1652 5685 5686
f 5711 1599 11070
f 1599 1627 11070
f 11027 5747 1594
f 11027 5746 1566
f 5747 1565 5748
f 11026 5747 5748
f 1593 11026 5748
f 1652 1625 11106
f 1625 1652 5686
f 11106 1625 1651
f 1625 5687 1651
f 5687 1625 11067
f 1625 5686 11067
f 11978 15 5235
f 11978 2165 5236
f 11978 5235 2166
f 11978 2166 5252
f 2165 11978 5252
f 2149 5250 11984
f 5250 2149 11951
f 12063 12064 5211
f 12063 5192 12064
f 41 12059 12095
f 41 12061 12059
f 5172 41 12095
f 12061 41 5192
f 41 5172 12096
f 12100 41 12096
f 5192 41 12100
f 12024 11983 5231
f 5231 11983 11991
f 11983 2169 11991
f 11983 5247 2169
f 11983 5230 2170
f 5247 11983 2170
f 12019 12027 5211
f 12027 12019 5230
f 12027 12059 5211
f 12059 12027 5212
f 5192 12057 12064
f 12065 12057 5192
f 12064 12057 5211
f 12057 12065 5211
f 11924 5281 11921
f 5281 11924 11917
f 2131 11924 11921
f 11924 2131 5266
f 11917 11924 5266
f 11891 2113 11894
f 11891 11890 2113
f 11891 11894 5296
f 11890 11891 5296
f 11476 1855 5454
f 11421 5491 1829
f 11450 5491 5478
f 11422 5504 1829
f 5504 11422 5503
f 5505 1813 5506
f 5504 11393 5505
f 11393 1813 5505
f 1813 11393 5521
f 1919 1912 5407
f 1912 5404 5400
f 1912 1919 5404
f 5436 1890 11550
f 1890 5436 11549
f 11526 5436 1878
f 5435 5436 11550
f 5436 5435 1878
f 5445 11526 1878
f 5445 1878 5444
f 1868 11502 5454
f 1855 1868 5454
f 5455 1868 1855
f 11298 5571 1741
f 11456 5484 1834
f 11429 5483 1836
f 11429 5497 5483
f 1862 5458 11483
f 11484 5458 1862
f 5459 1861 11483
f 1861 5459 11482
f 5447 1861 11482
f 1861 5447 11509
f 5614 1697 11183
f 5615 5614 11183
f 5613 5614 11223
f 1697 5614 5613
f 5548 11338 11302
f 5548 11302 5568
f 5530 11372 1784
f 11372 5530 1803
f 1805 1804 5510
f 1804 11372 5510
f 11259 11260 5593
f 11260 1719 5593
f 1719 11260 5592
f 1764 5549 5569
f 5549 11301 5569
f 11301 5549 11337
f 11336 5549 1764
f 2060 11814 5337
f 11814 11809 2039
f 11814 2060 11809
f 1948 11692 5399
f 11692 1948 1955
f 11692 11693 5399
f 11692 1955 1956
f 11693 11692 1956
f 11764 11748 5371
f 1981 11734 11725
f 11713 5378 1983
f 11726 5378 11713
f 5378 11743 1983
f 11701 5386 11713
f 5386 11701 1968
f 11712 5386 1968
f 5386 11712 11725
f 11734 5386 11725
f 3787 8081 11489
f 8081 3854 11489
f 8001 11488 8002
f 3854 11488 8001
f 11488 8082 8002
f 11488 8081 8082
f 8081 11488 3854
f 7784 11563 7785
f 11563 7784 7852
f 11563 11562 7785
f 11562 11563 7853
f 11462 3720 8162
f 11463 11462 3787
f 11462 11463 3720
f 11462 3786 8082
f 11462 8081 3787
f 8081 11462 8082
f 8083 3786 11460
f 8000 3855 11489
f 11490 3855 8000
f 3855 8080 11489
f 8080 3855 3788
f 3855 11490 3788
f 7999 8000 11516
f 7999 11490 8000
f 3924 7999 11516
f 8007 3918 8006
f 8253 3715 8254
f 8253 8339 8256
f 8339 8253 8340
f 8253 8254 8340
f 8251 8337 8340
f 14470 8251 8340
f 8251 8167 3716
f 8251 14470 8167
f 8337 14410 8422
f 3649 14410 8337
f 14410 3649 8336
f 8001 3922 11515
f 3922 7926 11515
f 3922 8001 8002
f 3719 8164 11461
f 8164 3719 11434
f 3719 8247 11434
f 3719 8162 11435
f 8247 3719 11435
f 11459 8166 3784
f 8166 11431 3716
f 11431 8166 8250
f 11511 8005 3919
f 11511 8004 8005
f 8004 11485 8005
f 11485 3851 8005
f 11485 8004 8084
f 3784 11485 8084
f 3851 11485 3784
f 11536 11537 7928
f 11537 11536 7857
f 3981 11535 7858
f 3981 11536 11535
f 11536 3981 7857
f 3713 14465 14461
f 14465 8259 3645
f 8006 3914 8005
f 11559 3981 7858
f 3981 11559 7857
f 3918 11510 8006
f 11510 3914 8006
f 14757 14702 7792
f 14702 7861 7792
f 14644 7933 14646
f 14702 7933 14644
f 8094 3846 14587
f 8091 3780 8094
f 8172 14471 8175
f 8172 8173 14471
f 3715 8169 14531
f 3714 8253 8256
f 8253 3714 3715
f 8170 8255 14472
f 8173 8170 14472
f 14466 8175 14463
f 14467 8174 8175
f 8174 8092 8175
f 13988 8902 14050
f 3203 8980 8981
f 8980 13991 3204
f 13991 8898 3204
f 3203 13991 8980
f 13991 3203 8898
f 3454 14227 8584
f 14165 8746 3327
f 8746 14165 8667
f 8746 14109 3327
f 8746 14166 14109
f 14166 8745 3328
f 14167 8745 8666
f 8745 14166 8666
f 14108 14165 3327
f 14108 3264 8825
f 8824 14108 3327
f 3264 14108 8824
f 11375 3522 3583
f 3458 11341 8579
f 8738 8739 3395
f 8739 8738 14115
f 3390 14225 8665
f 3390 14167 8666
f 14225 3390 8666
f 14227 3453 8584
f 14283 3452 8586
f 14283 8585 3452
f 3455 8582 14229
f 3456 8661 14229
f 3456 8582 14287
f 8582 3456 14229
f 3456 14230 8661
f 3139 9067 3138
f 3074 13864 9066
f 13864 3139 9066
f 13864 9067 3139
f 3073 13864 3074
f 9067 13864 3073
f 3139 13926 9066
f 3137 9068 13863
f 9068 9145 13863
f 9068 3073 9145
f 9068 3137 3138
f 9067 9068 3138
f 9068 9067 3073
f 3075 3074 9066
f 3075 9142 3015
f 3014 3075 3015
f 3075 3014 3074
f 3075 9065 3076
f 9142 3075 3076
f 3076 13866 9064
f 9065 13866 3076
f 8838 3254 14035
f 14094 3254 8838
f 8992 13921 9071
f 3512 8513 14336
f 14394 8436 8437
f 8436 14394 14395
f 8436 3575 14335
f 8436 14334 8437
f 14334 8436 14335
f 13921 13980 8991
f 13980 13921 8992
f 13983 3196 8907
f 3196 13983 8989
f 13983 13924 8989
f 13983 3197 13924
f 3324 8829 14103
f 14044 8907 13982
f 8908 14044 13982
f 8829 3261 14103
f 14044 3261 8829
f 3647 8262 14461
f 14465 3647 14461
f 3647 14465 3645
f 8262 3647 8348
f 8176 14527 14528
f 14527 3780 14528
f 8177 14524 3712
f 14524 8176 3712
f 14524 14527 8176
f 14524 8177 14523
f 3779 14524 14523
f 14527 14524 3780
f 8352 3642 14397
f 8353 8352 14397
f 3575 8435 14336
f 8436 8435 3575
f 14338 3577 8511
f 14460 8264 8350
f 8264 14401 8350
f 14401 8264 14462
f 3711 8264 14460
f 3777 8099 14576
f 8099 3776 14575
f 8269 3640 14454
f 8269 8355 3640
f 3453 14284 8584
f 14284 3453 8585
f 8430 8347 8348
f 14403 8347 8430
f 8347 8261 8348
f 8347 14464 8261
f 14464 8347 8263
f 8349 3644 8263
f 8349 14403 3644
f 8347 8349 8263
f 8349 8347 14403
f 3198 13986 8986
f 13926 3198 8986
f 6960 6959 466
f 6960 12028 6959
f 6960 6958 6976
f 12028 6960 6976
f 4674 4670 11842
f 4670 7060 11842
f 4670 4674 7082
f 4742 7022 11930
f 7022 4720 11899
f 4691 4462 7313
f 4462 4691 4668
f 7026 4691 7313
f 4712 4691 7026
f 4691 4712 7043
f 11841 11868 4669
f 11841 4649 4668
f 11841 4669 4649
f 11841 4697 11868
f 11869 11899 7040
f 11868 11869 11842
f 7125 2045 2047
f 2048 7125 2047
f 7125 2048 2049
f 11796 7125 2049
f 7125 11796 11795
f 7082 11818 7104
f 2062 11818 7082
f 7079 11845 7057
f 11845 7080 2084
f 7102 7080 11820
f 7080 7102 7103
f 7080 7079 11820
f 7080 11845 7079
f 11871 11845 2084
f 2027 11797 2029
f 7146 2027 2029
f 2027 7146 11773
f 7101 11821 7078
f 2050 11821 7101
f 11821 2050 7102
f 11821 7102 11820
f 7102 2046 2044
f 2046 7102 2045
f 2046 11795 2044
f 2046 7125 11795
f 7125 2046 2045
f 7124 7101 2040
f 7124 2050 7101
f 11797 7124 2040
f 2027 7124 11797
f 2050 7124 11796
f 7124 2027 11796
f 4463 11688 4462
f 4423 11688 4463
f 4423 11689 7311
f 11689 4423 4463
f 4423 4384 11682
f 7310 11690 4464
f 11690 7277 4464
f 7277 11690 4463
f 11689 11690 7311
f 11690 11689 4463
f 7348 7309 1945
f 7309 7348 1941
f 11679 11678 7347
f 11679 7347 11680
f 11685 7349 1944
f 7349 11685 1941
f 7309 11685 1944
f 11685 7309 1941
f 11684 11690 7310
f 11684 4385 7350
f 7349 4385 7310
f 4385 11684 7310
f 11677 7349 1941
f 7348 11677 1941
f 11677 7348 11678
f 11677 11678 7392
f 7595 1922 11627
f 11629 1916 7593
f 1926 11647 5404
f 11631 1926 5404
f 5405 1925 11647
f 1926 5405 11647
f 5405 1926 11631
f 1919 11632 5404
f 11632 11631 5404
f 5410 1916 11629
f 11644 11643 7541
f 7595 11643 1922
f 7594 1915 11627
f 1922 7594 11627
f 11643 7594 1922
f 7594 11643 11644
f 5403 1930 11659
f 7540 1930 5403
f 1930 7488 11659
f 1930 7540 11658
f 7488 1930 11658
f 11645 7540 5403
f 1940 7390 11680
f 11670 1935 7438
f 1935 11670 11671
f 11670 7390 1940
f 11670 1940 7389
f 11671 11670 7389
f 11670 7438 11669
f 7390 11670 11669
f 11565 7850 3987
f 3988 7850 11566
f 7850 7782 11566
f 7782 7850 11565
f 7850 3988 7920
f 7781 11567 7849
f 7782 4045 11566
f 4045 7781 11566
f 4045 11587 7781
f 11587 4045 7717
f 7546 7547 4253
f 7598 11640 1920
f 11637 4203 7602
f 4152 7658 4099
f 7658 4152 11622
f 4151 11620 7602
f 7603 11620 4150
f 4200 11634 7604
f 11618 4200 7604
f 7551 4200 11633
f 11634 4200 7551
f 7999 11517 7998
f 11517 7999 3924
f 11517 3924 7924
f 11540 11562 7853
f 7721 7720 11584
f 11542 3986 7851
f 3986 11564 7851
f 11564 3986 7852
f 3986 11541 7852
f 3986 11542 7922
f 11541 3986 7922
f 7783 11564 7784
f 11565 7783 4044
f 11564 7783 11565
f 7846 7778 11570
f 7846 11569 7778
f 1888 7846 11570
f 7779 7780 1897
f 11569 7779 7778
f 7778 7779 11590
f 7779 11589 11590
f 7779 1897 11589
f 7779 11568 7780
f 1874 11522 7993
f 11522 1874 7918
f 11522 1875 7993
f 1875 11522 7918
f 1907 7714 11610
f 7714 7653 11610
f 11589 7714 11590
f 1906 7714 11589
f 7714 7713 11590
f 7713 7714 1907
f 11567 1896 7780
f 1896 11567 7781
f 7716 1896 7717
f 1896 11587 7717
f 11587 1896 7781
f 7715 1906 11589
f 1897 7715 11589
f 7780 7715 1897
f 7548 7496 4252
f 7548 11637 4251
f 11637 7548 4252
f 11637 7549 4251
f 11636 7549 11637
f 7549 7497 4251
f 7549 11650 7497
f 12068 477 12110
f 12068 6941 477
f 12068 12110 486
f 12069 12068 486
f 12068 12069 464
f 11993 12031 6973
f 11994 11993 6973
f 11993 11994 6991
f 12031 6974 12030
f 12202 113 6876
f 12202 6877 113
f 12202 6876 91
f 12201 6878 112
f 6877 12201 112
f 89 12201 6897
f 12201 89 6878
f 6912 70 12121
f 6912 12162 70
f 47 6912 12121
f 6912 47 69
f 12162 6912 69
f 6913 12161 69
f 6913 68 12161
f 6913 46 68
f 6947 25 12040
f 25 6947 12039
f 6965 6947 12040
f 6947 6965 12039
f 12079 26 12040
f 5209 26 12080
f 12041 26 5209
f 6929 12079 47
f 6929 12121 12080
f 6929 47 12121
f 26 6929 12080
f 6929 26 12079
f 6930 25 12078
f 6930 12079 25
f 46 6930 12078
f 12081 49 5188
f 5189 12081 27
f 12081 5208 27
f 5208 12081 5188
f 12003 5228 6
f 5246 12003 6
f 12003 6981 5
f 5228 12003 5
f 5309 11874 2103
f 11848 5309 2103
f 7100 2063 11823
f 7020 2117 11901
f 7021 2116 11900
f 2116 7020 11901
f 2134 2116 7021
f 11903 2118 7018
f 7000 11966 2155
f 7000 2155 11934
f 2136 7000 11934
f 2154 7000 2136
f 7000 2154 11966
f 11966 2154 6983
f 12115 6918 490
f 6918 12115 510
f 6919 12115 490
f 12115 6919 510
f 472 6951 12035
f 472 6935 12074
f 472 12074 6934
f 6951 472 6934
f 472 12035 6952
f 6936 472 6952
f 6935 472 6936
f 7007 4739 4743
f 4739 4738 4743
f 4732 4739 7007
f 4712 4739 7025
f 4739 4732 7025
f 4739 4712 7026
f 4738 4739 7026
f 4738 4745 4743
f 11959 4753 4743
f 11959 6990 4753
f 4745 11959 4743
f 6990 11959 4744
f 11959 4745 4744
f 6990 4752 6991
f 4752 6990 4744
f 4749 4733 7009
f 4749 4751 4733
f 12036 11998 6969
f 6968 11998 12036
f 4755 11962 6987
f 7004 4755 11963
f 4755 6987 11963
f 4755 7004 7005
f 11962 4755 7005
f 6964 6965 12040
f 6964 5228 5
f 6965 12002 4
f 6982 12002 5
f 12002 6982 4
f 12002 6964 5
f 6964 12002 6965
f 6966 6948 12039
f 6948 24 12078
f 25 6948 12078
f 6948 25 12039
f 66 12117 6917
f 6933 12117 44
f 12117 12075 6917
f 12117 6933 12075
f 67 12159 6897
f 12159 89 6897
f 12037 6950 23
f 6950 6933 23
f 6933 6950 22
f 22 6950 12036
f 6950 6968 12036
f 6968 6950 12037
f 12114 12073 489
f 12114 6919 12073
f 12114 489 6920
f 12157 530 6899
f 6900 530 12157
f 530 12199 6899
f 530 6881 12199
f 6881 530 12198
f 530 6900 12198
f 6862 6882 550
f 6882 551 12198
f 6882 6862 551
f 12156 6900 510
f 6919 12156 510
f 7193 1972 5385
f 11799 11798 7122
f 11710 11718 11704
f 11779 2013 5354
f 2073 11824 5322
f 11824 2072 5322
f 2072 11824 5335
f 5306 5320 2089
f 5291 11907 11908
f 5291 5292 11907
f 5292 5291 2105
f 5307 2074 5321
f 5320 5307 2089
f 2074 5307 5320
f 5333 2074 5320
f 11910 5288 2108
f 5288 11910 11911
f 5288 11881 2108
f 5275 11939 5259
f 2123 11939 5275
f 11939 2123 5276
f 5260 11939 5276
f 11940 2124 5275
f 2124 11940 5274
f 5275 2124 11909
f 2124 5274 11909
f 5287 2109 11911
f 2109 5288 11911
f 5288 2109 11881
f 2109 11855 5301
f 11881 2109 5301
f 11855 2109 11882
f 2109 5287 11882
f 5289 2107 11909
f 5289 11910 2108
f 11910 5289 11909
f 2107 11879 5290
f 11972 5242 2160
f 11972 2160 5259
f 11780 1997 5364
f 11803 11780 5353
f 1997 5372 11740
f 2034 11803 5353
f 2034 11779 5354
f 11782 5361 11764
f 11748 5361 11742
f 5361 11748 11764
f 5361 11751 11742
f 74 52 5164
f 12126 52 74
f 5164 52 5185
f 52 12085 5185
f 52 12126 12085
f 5163 12126 74
f 75 5163 74
f 5163 75 53
f 12085 5163 53
f 12126 5163 12085
f 5186 29 12083
f 12125 73 12166
f 73 5144 12166
f 5144 73 72
f 73 12124 72
f 5187 50 12083
f 50 12124 12083
f 12123 50 12082
f 50 5187 12082
f 5257 11974 2162
f 11974 5240 2162
f 12008 5241 10
f 5241 5242 10
f 5242 5241 11973
f 5240 12009 11
f 11 12009 12047
f 12009 5222 12047
f 5222 12009 12008
f 12010 5238 5239
f 12 12010 5239
f 5238 12010 5220
f 12010 12 5220
f 5221 12 11
f 5202 5221 12047
f 5221 11 12047
f 11944 2145 5254
f 2145 11976 5254
f 2145 2163 11976
f 5270 2145 11944
f 2145 5270 2127
f 12048 5201 5220
f 12048 5221 5202
f 33 12048 5202
f 5201 12048 33
f 12 12048 5220
f 5221 12048 12
f 11874 7035 2103
f 5279 11936 5278
f 11936 5279 2138
f 5246 11969 5263
f 11969 2157 5262
f 5263 11969 5262
f 2157 11969 5245
f 11969 12004 5245
f 11969 5246 12004
f 6981 11968 2156
f 11968 5246 2156
f 12003 11968 6981
f 11968 12003 5246
f 12044 5207 5206
f 5207 29 5206
f 5207 5225 12043
f 5207 12044 5225
f 29 5207 5187
f 28 5207 12043
f 5207 28 5187
f 2159 11972 5259
f 11972 2159 5243
f 5261 2140 11937
f 2140 5261 2158
f 5261 11970 2158
f 11970 5261 2157
f 2139 5261 11937
f 5261 2139 2157
f 8 11971 5244
f 2159 11971 5243
f 11971 2159 5260
f 11971 2158 5244
f 11971 5260 2158
f 12006 8 5225
f 11971 12006 5243
f 12006 11971 8
f 12006 12044 5224
f 12044 12006 5225
f 2038 11811 11812
f 11816 11811 2038
f 11811 2059 11812
f 11811 11816 2059
f 11788 5348 11791
f 11763 11788 11791
f 11810 2037 11815
f 2037 11810 11807
f 5349 2037 11807
f 11793 5349 11787
f 5349 11793 2037
f 2037 11793 5350
f 11786 2017 11761
f 2017 11793 11767
f 2017 11786 5350
f 11793 2017 5350
f 11792 11786 11761
f 5361 11792 11761
f 11792 5361 11782
f 11786 11792 5350
f 2788 13560 9477
f 13560 2788 9476
f 2788 13614 13621
f 9419 2788 13621
f 9476 2788 9419
f 8983 13988 3201
f 13988 8983 13929
f 13929 8983 3143
f 13928 3142 9063
f 3142 13868 9063
f 3142 9062 13868
f 3142 13929 9062
f 3082 3081 9058
f 3081 13872 9058
f 3081 3082 3022
f 13811 3081 3022
f 13871 3081 3021
f 8896 8897 14055
f 8896 13993 3205
f 8895 8896 14055
f 13993 8896 8895
f 13992 13933 8979
f 13933 13992 3205
f 13992 8979 3204
f 8897 13992 3204
f 13992 8896 3205
f 8896 13992 8897
f 8741 3331 14170
f 3393 8741 14170
f 2736 9581 13502
f 9581 2736 9535
f 9536 2736 13502
f 13554 2736 9536
f 2736 13554 9483
f 13555 2736 9483
f 2736 13555 9535
f 2737 13503 9535
f 13555 2737 9535
f 2737 2784 9534
f 2737 13555 2784
f 9580 2695 13454
f 9580 13454 2694
f 13503 9580 2694
f 13504 9580 9534
f 9580 13504 2695
f 9580 2737 9534
f 2737 9580 13503
f 13806 13805 9141
f 2956 13805 13806
f 13805 2956 2955
f 13805 3016 9141
f 3016 13805 2955
f 9287 13742 9286
f 13742 9216 9286
f 13742 9287 9217
f 2956 13742 9217
f 13742 2956 13806
f 9216 13742 13806
f 13675 9291 9358
f 13675 2893 9291
f 2839 13675 9358
f 13675 2839 13612
f 9424 9361 2837
f 9361 13673 2837
f 13610 9361 9424
f 13672 9361 2836
f 9361 13610 2836
f 9222 13738 9292
f 9291 13738 9221
f 2893 13738 9291
f 13738 2893 9292
f 13802 9222 9146
f 13802 13738 9222
f 13738 13802 9221
f 13802 2952 9221
f 13802 9145 2952
f 13801 9222 13737
f 9222 13801 9146
f 9070 3071 13861
f 3071 9147 13861
f 3071 9070 13862
f 3072 3071 13862
f 3071 3072 9146
f 13613 9421 9358
f 2894 13613 9358
f 13613 9357 13617
f 13613 2894 9357
f 2949 9223 13736
f 9223 13801 13737
f 9223 2949 9147
f 13801 9223 9147
f 3136 9070 13861
f 9070 3136 13923
f 3136 13922 13923
f 9071 3136 13861
f 13921 3136 9071
f 13922 3136 8991
f 3136 13921 8991
f 13981 13922 8991
f 13922 13981 8990
f 8990 13981 13982
f 13981 8908 13982
f 3380 14152 8679
f 14152 3380 8758
f 14094 8760 14151
f 3253 14094 8838
f 8917 13971 14033
f 14032 8839 14033
f 8839 3253 14033
f 8840 14032 14029
f 14030 14031 8921
f 14030 3249 8843
f 14028 14030 8922
f 3249 14030 14028
f 9300 9367 13665
f 13915 3132 8997
f 13912 3131 9079
f 3129 13912 9079
f 13912 3129 9000
f 13971 13912 9000
f 8916 13973 3190
f 8916 14035 14036
f 8915 8916 14036
f 13973 8916 8915
f 13973 8998 3190
f 13851 3064 13850
f 13851 3129 9079
f 3129 13851 13850
f 3127 13849 9081
f 13910 3127 9002
f 3127 13909 9002
f 9080 3129 13850
f 13849 9080 13850
f 3127 9080 13849
f 9080 3127 13910
f 8760 3379 14151
f 8680 14152 14151
f 3379 8680 14151
f 8680 3379 14209
f 3441 8680 14209
f 8522 14325 14326
f 3505 8522 14326
f 8522 8523 14325
f 8523 8522 14267
f 8522 3505 14267
f 3505 14268 14267
f 3441 14268 8599
f 3504 8523 14267
f 14266 3504 14267
f 3504 14266 8524
f 8684 14205 14206
f 14205 3438 8604
f 14205 8684 3438
f 14325 3568 8444
f 3568 8445 8444
f 14557 8036 8034
f 8035 14557 14556
f 14557 8035 8036
f 14558 14557 8034
f 14557 14558 8115
f 14672 14615 7956
f 8368 3631 14380
f 8445 14384 14385
f 9373 9437 13596
f 9437 9373 2829
f 13596 9437 2776
f 9437 2829 2776
f 9374 9373 13659
f 9374 2884 13597
f 2829 9374 13597
f 9373 9374 2829
f 2775 13595 9495
f 13595 2775 2828
f 9548 13541 2728
f 13541 9547 2728
f 13541 2775 9495
f 9547 13541 13542
f 13542 13541 2776
f 13541 9495 2776
f 9549 13488 9595
f 9641 13438 13390
f 13438 2643 13390
f 2602 13390 9684
f 2602 9641 13390
f 13343 2602 9684
f 9685 2602 13343
f 9640 2643 13391
f 2643 9640 13390
f 2603 9640 13391
f 13390 9640 2603
f 13540 9549 9496
f 2775 13540 9496
f 13488 13540 9548
f 13540 13488 9549
f 13540 13541 9548
f 13541 13540 2775
f 9549 13539 9496
f 13487 9549 9595
f 13487 13438 2684
f 13438 13487 9595
f 9371 2830 13661
f 2830 13598 9372
f 13661 2830 9372
f 9307 13723 9304
f 13660 9307 9304
f 13723 9307 9237
f 9307 13660 2884
f 13600 2831 9433
f 13600 9490 9491
f 9490 13600 9433
f 2778 13600 9491
f 2831 13600 9434
f 13600 2778 9434
f 2951 9160 13787
f 9160 2951 2941
f 2951 13723 9237
f 2941 2951 9237
f 3062 9160 3001
f 9083 3062 13846
f 13447 13448 9632
f 13448 13447 9587
f 9633 13447 9632
f 9587 13447 13446
f 13447 9633 13446
f 13974 13975 13915
f 9151 13856 9074
f 8995 13916 3192
f 13732 2946 13796
f 2946 9151 13796
f 8835 14038 14037
f 3261 8830 14103
f 8993 13978 8911
f 9296 13733 13734
f 9226 13733 9296
f 9150 9226 13796
f 9148 3010 13860
f 13799 13735 9225
f 13798 13799 9225
f 13735 13799 9224
f 9224 13799 9148
f 13799 3010 9148
f 3010 13799 13798
f 2655 2697 13457
f 13504 9533 2738
f 9533 13556 2785
f 9533 13504 9534
f 13556 9533 9534
f 9533 13557 2738
f 13505 13508 2738
f 13508 13504 2738
f 13504 13508 9579
f 13508 13459 9579
f 13613 2787 9421
f 2787 13613 13617
f 2787 13617 9477
f 13559 2787 9477
f 9532 13505 2738
f 13557 9532 2738
f 9480 2785 9423
f 9480 9533 2785
f 9533 9480 13557
f 9532 13558 2739
f 14349 3582 8424
f 10083 10395 10090
f 10395 10082 10090
f 10395 10083 2262
f 10082 10395 2262
f 10089 10095 962
f 10095 10341 10100
f 962 10095 10100
f 11237 3337 11239
f 3337 11237 8735
f 8811 3276 8890
f 8733 11238 3338
f 11378 8498 3525
f 8245 8246 11436
f 3721 8245 11436
f 3655 11407 8332
f 3655 8331 11407
f 8246 3655 8332
f 3655 8245 8331
f 8245 3655 8246
f 14172 3394 8660
f 3394 14230 8660
f 14230 3394 8661
f 3394 14172 8739
f 3394 3333 8740
f 3333 3394 8739
f 11193 11155 3207
f 8893 11155 11193
f 11155 8976 3207
f 11155 8893 3208
f 8975 11155 3208
f 8976 11155 11118
f 8814 3274 11194
f 3273 8814 11194
f 8815 11193 3272
f 8815 3273 11193
f 3273 8815 11231
f 8815 3335 11231
f 3335 8815 3272
f 11192 8894 8895
f 8894 11192 11193
f 8894 11193 3207
f 11114 8894 3207
f 8501 3522 11375
f 8501 3521 8578
f 3522 8501 8578
f 8420 11403 8335
f 8420 11375 3583
f 11403 8420 3583
f 8418 8333 11406
f 8418 11405 8333
f 11274 11269 3397
f 8737 11274 11231
f 11269 11274 8737
f 11311 8657 3397
f 8659 11268 3395
f 11268 8738 3395
f 8657 11270 3397
f 11276 11270 8657
f 3206 13993 8895
f 3206 8977 11113
f 13993 3206 11113
f 3149 11120 11121
f 11120 8975 11121
f 11116 3150 11121
f 11116 11122 3150
f 9054 11076 3149
f 9132 3024 11041
f 3024 11079 11080
f 8892 11156 3208
f 8892 8893 11194
f 8893 8892 3208
f 11197 8892 11194
f 8892 11197 11159
f 11195 3275 11200
f 2793 13564 2794
f 2793 2792 13564
f 13622 2793 2794
f 2792 2793 13622
f 13682 2900 9284
f 2900 13682 9351
f 9284 2900 13681
f 2900 9351 13681
f 2844 2843 13620
f 2843 2844 9351
f 2845 2844 13620
f 9351 2844 2845
f 2895 13677 9289
f 13677 2895 9357
f 9289 13677 9290
f 13677 9357 9290
f 9420 2895 13614
f 13619 9420 9477
f 2895 9420 9357
f 9420 2788 9477
f 2788 9420 13614
f 9420 13619 2840
f 9357 9420 2840
f 9138 3018 3078
f 3018 9138 9139
f 3018 13868 3078
f 13807 3018 9139
f 13868 3018 9140
f 3018 13807 9140
f 9060 3144 8980
f 3020 9136 2960
f 9136 3020 3080
f 13870 9137 3079
f 13870 3144 9060
f 13870 3020 9137
f 9061 13870 3079
f 3144 13870 9061
f 13870 9060 3080
f 3020 13870 3080
f 9137 13809 2959
f 13809 9213 2959
f 9213 13809 2960
f 13809 3020 2960
f 3020 13809 9137
f 2962 9209 11007
f 9209 11005 11007
f 9209 2962 11043
f 11005 9209 2963
f 11039 9134 3022
f 9134 11039 13812
f 9134 13811 3022
f 13811 9134 13812
f 9135 13811 2961
f 9135 13810 3021
f 13810 9135 2961
f 3081 9135 3021
f 9135 3081 13811
f 11040 3023 9132
f 2902 13686 9282
f 9349 13686 2902
f 13686 13683 9282
f 13686 9349 13683
f 10206 2192 12830
f 12830 2192 10207
f 2192 12817 10207
f 10205 2193 12831
f 10205 12832 2193
f 2199 10205 12831
f 12832 10205 2199
f 10030 10496 1082
f 10496 10030 1111
f 10495 10030 1082
f 1111 10030 10529
f 10030 10495 10529
f 6291 10496 10530
f 1084 6319 10463
f 6319 1054 10463
f 10430 1054 1055
f 1054 6319 1055
f 10064 10429 1053
f 1054 10064 1053
f 10064 1054 10430
f 6291 1083 10496
f 10496 1083 1082
f 1083 10462 1082
f 1083 6291 10497
f 1083 1084 10463
f 1084 1083 10497
f 1079 10493 1080
f 10033 10493 10034
f 10493 1079 10034
f 10012 10528 1138
f 10528 10012 1110
f 10528 1110 10031
f 10494 10528 10031
f 1137 10559 10006
f 1137 10014 10559
f 10081 1022 10080
f 1021 10081 10396
f 1022 10081 1021
f 10081 10089 10396
f 9967 10007 2349
f 10007 9967 10591
f 10591 9967 1194
f 9967 2373 1194
f 9967 2349 2373
f 6122 10652 1251
f 6149 1253 10654
f 6148 6149 10654
f 1221 6149 6148
f 10620 6208 1190
f 6178 1222 6177
f 6178 6207 1191
f 988 6403 6379
f 6403 989 10389
f 6379 6403 10389
f 10364 6403 10362
f 6403 988 10362
f 956 958 6427
f 6427 958 6425
f 958 10364 6425
f 958 6403 10364
f 958 956 989
f 6403 958 989
f 6326 10450 1073
f 1073 10450 6298
f 6299 1072 10449
f 10449 1072 6327
f 1072 10482 6298
f 1072 6299 10482
f 10450 1072 6298
f 1072 10450 6327
f 6382 1016 1015
f 10386 985 6406
f 6383 10386 6406
f 10386 6382 985
f 6382 10386 1016
f 1016 10386 10418
f 10418 10386 6356
f 10386 6383 6356
f 10618 1218 6152
f 10618 6210 6211
f 1159 6212 10584
f 10583 6212 1159
f 6212 1188 10584
f 10545 6247 1125
f 10545 1154 6247
f 1154 10545 6248
f 10545 10544 6248
f 1185 10581 10580
f 10581 1185 6215
f 6216 1185 10580
f 10613 1185 6216
f 6244 10549 10548
f 10581 6244 10548
f 10549 6244 10582
f 1186 6213 10582
f 6214 1186 10582
f 6213 1186 10615
f 6189 10611 1183
f 10611 6189 1212
f 1212 6189 10610
f 6189 6218 10610
f 6218 6189 1183
f 10611 1213 6188
f 1213 10611 6159
f 6188 1213 10612
f 1213 6158 10612
f 6158 1213 6159
f 10614 6214 6215
f 6275 10511 1125
f 1096 10511 6275
f 10511 1096 10510
f 1298 6075 10701
f 6075 6105 10701
f 6105 6075 10702
f 979 10378 6389
f 10378 979 6390
f 10693 10692 1291
f 10692 6084 1291
f 1263 10692 6114
f 10692 1263 6115
f 10692 6115 6085
f 6084 10692 6085
f 1264 6142 6114
f 6142 1264 10663
f 10692 1264 6114
f 1264 10692 10693
f 6082 10694 1292
f 10694 6083 1292
f 6083 10694 10693
f 10726 6051 6050
f 10726 1294 6051
f 1322 10726 6050
f 1294 6079 6080
f 6079 10697 6080
f 10726 6079 1294
f 6079 1295 10698
f 6079 1322 1295
f 6079 10726 1322
f 6079 10698 6109
f 10697 6079 6109
f 10668 1266 6109
f 1266 10697 6109
f 6259 6230 1144
f 6141 10663 1265
f 10664 6141 1265
f 1235 10632 6171
f 1235 6142 10663
f 6141 1235 10663
f 10632 1235 6170
f 6200 10599 1204
f 10600 6200 1204
f 10633 6169 6170
f 6112 10664 1265
f 10694 6112 1265
f 10604 6166 6195
f 1208 6166 10604
f 6166 1239 6165
f 1239 6166 10637
f 6166 1208 10637
f 6195 6166 10605
f 6166 6165 10605
f 6167 1208 1207
f 6167 1207 6168
f 1208 6167 10637
f 6167 10636 10637
f 10636 6167 1238
f 1000 6398 10371
f 999 1000 10371
f 10402 6373 1028
f 1000 10402 6398
f 10402 1000 6373
f 6370 1031 10405
f 6370 10404 1031
f 10404 6370 1003
f 1029 10403 6372
f 10402 1029 6372
f 6345 1029 1028
f 1029 10402 1028
f 6344 10433 1058
f 1029 10433 6344
f 10433 1029 6345
f 10434 1030 6344
f 10404 1030 1031
f 1030 10434 1031
f 1029 1030 10403
f 1030 1029 6344
f 10432 6345 1028
f 6347 6348 10430
f 6348 6375 1026
f 10064 6348 1026
f 6348 10064 10430
f 6374 999 6375
f 6259 1143 10565
f 1170 10596 6203
f 6232 1170 6203
f 10596 1170 6204
f 6204 1170 6234
f 1084 6290 10498
f 6290 1113 10498
f 6290 1084 10497
f 1113 6290 10497
f 1113 10531 6261
f 10531 1113 10497
f 967 935 10092
f 10367 967 10092
f 967 10367 996
f 6400 10369 998
f 10369 6400 969
f 10368 997 968
f 10400 6376 1026
f 6376 10400 998
f 10369 6376 998
f 961 10367 10092
f 10342 961 10092
f 961 10342 966
f 995 966 10088
f 995 10088 10397
f 10079 995 10397
f 995 10079 991
f 10093 934 10341
f 936 934 10093
f 10341 934 10101
f 934 10098 10101
f 934 936 10098
f 10089 992 10396
f 992 10082 10396
f 10082 992 10090
f 10103 915 10097
f 10321 10103 10097
f 915 10103 10305
f 10103 917 10305
f 10103 10321 917
f 10323 6444 6462
f 10323 6462 916
f 919 10323 916
f 6444 10323 6463
f 6445 937 6463
f 937 6444 6463
f 6444 937 941
f 940 937 6445
f 6445 10102 10096
f 10322 10102 6445
f 10102 917 10096
f 10102 10306 917
f 10306 10102 10322
f 6423 10344 941
f 937 6423 941
f 6423 937 969
f 6444 942 6443
f 10344 942 6444
f 942 10345 6443
f 6398 971 10371
f 971 970 10371
f 914 10306 918
f 10306 914 6476
f 6476 914 10307
f 6463 914 918
f 914 919 10307
f 10323 914 6463
f 914 10323 919
f 6491 10293 6490
f 901 10293 6491
f 6490 10293 902
f 10293 901 902
f 856 858 6531
f 858 10253 6531
f 6523 858 856
f 10253 858 10261
f 6533 6532 849
f 10248 6532 6533
f 849 6532 10250
f 10251 855 10250
f 6532 10251 10250
f 6527 851 854
f 851 6527 855
f 6518 6519 872
f 6519 861 10263
f 6520 6519 10263
f 6472 6471 905
f 6471 6472 10310
f 6473 6472 905
f 6472 6473 10310
f 909 10299 908
f 6468 909 908
f 10299 909 6482
f 909 10314 6467
f 909 6468 10314
f 909 10300 6482
f 10300 909 6467
f 6469 907 10312
f 6469 10298 907
f 10298 6469 908
f 908 6469 10313
f 6469 925 10313
f 925 6469 10312
f 10284 6498 893
f 893 6498 6484
f 6498 6485 6484
f 906 10296 905
f 6486 10296 906
f 6500 887 10282
f 890 6500 10282
f 6500 890 887
f 10295 6488 904
f 10295 904 905
f 6488 10295 6501
f 10295 890 6501
f 10283 6512 887
f 880 10283 6499
f 876 10283 880
f 867 10271 6523
f 10309 900 6474
f 10309 904 900
f 10309 6473 904
f 6434 979 951
f 6434 10330 6435
f 6452 6434 951
f 6493 10289 10291
f 6493 897 10289
f 6493 10291 10288
f 6493 10288 896
f 6480 6493 896
f 897 6493 6480
f 6509 10273 881
f 882 6509 10285
f 6509 6497 10285
f 6497 6509 881
f 10265 10258 862
f 10267 10268 863
f 6517 10267 10276
f 10268 10267 6517
f 10575 10541 10574
f 10541 10540 10574
f 6278 10542 10508
f 10542 6250 10509
f 10508 10542 10509
f 10542 10575 6250
f 10542 10541 10575
f 10542 6278 10507
f 10541 10542 10507
f 6223 10572 10571
f 10572 1150 10571
f 6252 10538 10571
f 1150 6252 10571
f 6222 1179 6193
f 6222 10575 10574
f 10575 6222 1180
f 6222 6193 10607
f 1180 6222 10607
f 10575 6221 1181
f 6221 10575 1180
f 6221 1180 6192
f 10608 6221 6192
f 6221 10608 1181
f 1116 6287 1115
f 1117 6286 10534
f 6286 1116 10534
f 6343 10434 1059
f 10435 6343 1059
f 10434 6343 1031
f 10468 6314 1089
f 6313 10468 1089
f 6314 10468 1059
f 10468 6313 1059
f 1090 1091 10469
f 1090 10503 1091
f 1090 6313 6284
f 6313 1090 10469
f 10350 6416 976
f 6369 1004 10405
f 924 6470 10311
f 10312 924 6456
f 6470 924 10312
f 6457 924 10311
f 10436 1033 6341
f 1033 10436 6340
f 10436 1061 6340
f 6312 10436 6341
f 1061 10436 6312
f 1033 6368 1032
f 6368 1033 10406
f 6368 6369 1032
f 1146 6228 1175
f 6256 1146 10568
f 1147 6256 10568
f 6256 1147 10536
f 6226 1176 6197
f 10602 6226 6197
f 1177 6226 10602
f 1092 6281 10505
f 6281 1121 10505
f 6281 1092 10504
f 1121 6281 10504
f 1040 10413 6360
f 10414 10413 1040
f 10382 10413 1013
f 10413 10414 1013
f 10443 10412 6334
f 10412 10443 1040
f 1040 10443 6333
f 6333 10443 10444
f 10442 10443 6334
f 10443 10442 1067
f 6305 10443 1067
f 10443 6304 10444
f 10443 6305 6304
f 1039 6361 10411
f 10412 6361 1039
f 6361 1011 10411
f 1011 6361 10381
f 6361 6386 10381
f 6361 10412 6386
f 10358 6408 984
f 6407 10358 984
f 10358 6407 6429
f 6409 10356 954
f 6408 983 10382
f 983 6409 1012
f 983 10356 6409
f 10356 983 6408
f 10385 6407 984
f 10385 10384 6407
f 10384 10385 10415
f 10798 10799 6004
f 10799 10770 6004
f 10770 10799 6003
f 10799 5974 1389
f 10799 5973 6003
f 5973 10799 1389
f 10797 10768 6006
f 1360 10768 6005
f 10768 10797 6005
f 5915 5914 10854
f 5915 10883 5914
f 5915 1416 10853
f 1416 5915 10854
f 10881 1463 5885
f 1439 10881 5885
f 10881 1438 1463
f 5916 1439 10882
f 5916 10853 1415
f 1417 10855 5944
f 10855 1417 5914
f 10855 1418 5944
f 10855 10856 1418
f 10855 5914 1441
f 5913 10855 1441
f 10856 10855 5913
f 10884 1465 5883
f 1466 10884 5882
f 5914 10884 1441
f 10884 5913 1441
f 10883 10884 5914
f 10884 10883 1465
f 5858 1489 10936
f 1490 5858 10937
f 1516 5858 10936
f 5858 1516 5828
f 10937 5858 5828
f 1462 10910 5886
f 1490 10910 1462
f 10910 1463 5886
f 1463 10910 1491
f 5859 5829 10936
f 5829 5859 1515
f 5829 1516 10936
f 5800 5829 1515
f 1461 5888 10879
f 1489 5888 10908
f 5888 1461 10908
f 10857 1443 5911
f 1443 10887 5911
f 10886 1443 5912
f 1443 10857 5912
f 10887 1443 1468
f 1442 1467 10886
f 5880 10916 1468
f 1443 5880 1468
f 5880 1443 10886
f 1467 5880 10886
f 10916 1496 1468
f 1496 10916 5850
f 1496 10887 1468
f 10887 1496 10858
f 10858 1496 10944
f 1496 5850 10944
f 1516 5799 5828
f 5799 10967 5828
f 10997 5799 1542
f 5827 10968 5826
f 5827 1517 10968
f 10938 5827 5826
f 1517 5827 10938
f 5768 1571 10999
f 1571 5739 10999
f 5739 1571 5740
f 5769 5799 10997
f 5796 10969 1545
f 10969 5796 5825
f 5825 5796 1519
f 5796 10970 1519
f 10970 5796 1545
f 1680 5656 11152
f 5629 1680 11152
f 1680 11153 5655
f 1680 5629 11153
f 1655 5682 1628
f 11111 1655 5655
f 11110 1628 1654
f 5656 11110 1654
f 11110 1655 1628
f 1680 11110 5656
f 11110 1680 5655
f 1655 11110 5655
f 11151 5656 1679
f 5656 11151 5630
f 5631 11151 1679
f 1703 11151 5631
f 5630 11151 1703
f 5711 1600 5740
f 1600 11034 5740
f 11034 1600 5710
f 1600 5711 11070
f 1628 1600 11070
f 5682 1600 1628
f 11001 5737 5765
f 11001 1573 5737
f 10970 11001 5765
f 11001 10970 5766
f 1573 11001 5766
f 5766 11000 5738
f 11000 1572 5738
f 11000 5766 1545
f 10969 5767 1545
f 5767 11000 1545
f 11000 5767 1572
f 1544 5767 5797
f 5767 10969 5797
f 5767 1544 10999
f 5739 5767 10999
f 1572 5767 5739
f 1494 5853 10941
f 5853 1493 10941
f 1493 5853 5882
f 10913 1493 5882
f 10913 10884 5883
f 10884 10913 5882
f 5854 10913 5883
f 1493 10913 5854
f 10675 1273 6130
f 10675 6130 10644
f 6131 10675 10644
f 1273 10675 6102
f 10675 6131 6102
f 1244 6131 10644
f 6159 1244 10644
f 1244 6159 10643
f 6132 1244 10643
f 6131 1244 6132
f 1274 10677 6129
f 10676 1274 6129
f 1274 10676 6100
f 6068 10708 1303
f 6098 10708 6068
f 10708 6069 1303
f 6069 10708 6099
f 10615 1216 6184
f 6155 1216 6156
f 6126 6097 1277
f 6154 6155 10648
f 1216 6154 6184
f 6154 1216 6155
f 1248 6154 10648
f 10682 6094 1279
f 6095 6094 1278
f 6094 10682 1278
f 10715 6060 6090
f 6031 1337 1309
f 1337 1364 10744
f 1337 10772 1364
f 1337 6031 10772
f 1219 10618 6152
f 10651 1219 6152
f 6063 1308 10713
f 6063 10742 1308
f 6063 1335 6033
f 10742 6063 6033
f 10713 6093 1279
f 6093 10683 1279
f 6093 10713 1280
f 10683 6093 1280
f 11036 5707 5737
f 5707 11036 1602
f 11036 5737 5708
f 1602 11036 5708
f 1603 5706 11037
f 5707 1603 11037
f 5706 1603 1631
f 1603 5679 1631
f 1603 5707 5679
f 11064 5689 1595
f 1622 11064 5690
f 11064 1594 5690
f 1649 11064 1622
f 5689 11064 1649
f 5965 5966 10810
f 5966 5965 1403
f 5966 1402 10810
f 5966 1403 1402
f 1372 10780 1371
f 1372 5994 10780
f 10808 1372 1371
f 5965 1372 10808
f 5994 1372 5965
f 10811 1376 10806
f 10811 1404 5963
f 10811 10806 1404
f 1376 10782 6022
f 10782 6021 6022
f 6021 10782 1374
f 10722 6083 1291
f 10722 1291 10721
f 1319 10722 10721
f 6053 10722 1346
f 10722 6024 1346
f 10722 1319 6024
f 10659 6146 9898
f 1260 10659 9898
f 10659 1260 6117
f 10659 6145 6146
f 10659 6117 1261
f 6145 10659 1261
f 10747 5998 6027
f 10690 6086 6116
f 6086 10690 1289
f 6086 10691 6116
f 6086 6085 10691
f 6085 6086 1290
f 6086 1317 1290
f 1317 6086 1289
f 6173 1232 10630
f 1202 6173 6172
f 6173 10630 6172
f 10597 6173 1202
f 5876 1472 10891
f 5846 1502 10920
f 1472 5846 10920
f 5846 1472 5876
f 5846 5817 1502
f 5847 5818 1501
f 5847 1500 5818
f 1500 10918 5848
f 10918 5878 5848
f 10918 5847 5877
f 5847 10918 1500
f 1446 5908 10861
f 1446 10861 1420
f 5909 1446 1420
f 5908 1446 10891
f 1446 5876 10891
f 10888 1471 1444
f 5878 1471 10888
f 1471 10918 5877
f 10918 1471 5878
f 1445 10859 1444
f 1445 5909 10859
f 10805 1396 5997
f 10805 5940 1396
f 1524 9407 10945
f 1523 1524 10945
f 5878 1499 5848
f 1499 5878 10917
f 5848 1499 5819
f 1499 10947 5819
f 10947 1499 5820
f 10825 5978 5949
f 5978 10824 5949
f 1387 10826 5947
f 10826 10852 1415
f 5947 10826 1415
f 1384 5979 5980
f 5979 1384 10823
f 5950 5979 10823
f 1361 10769 6005
f 1360 10769 6035
f 10769 1360 6005
f 6010 10792 10793
f 10792 6010 10764
f 1357 6010 10793
f 6010 1357 10764
f 5981 10792 1383
f 5952 5981 1383
f 5981 5952 10822
f 1384 5981 10822
f 5981 1384 10793
f 10792 5981 10793
f 10705 6071 6101
f 1301 6071 10705
f 1329 10734 6041
f 10734 1301 6042
f 6071 10734 1329
f 10734 6071 1301
f 10734 1355 6041
f 1355 10734 6042
f 1330 1357 6039
f 1330 6040 1357
f 6039 1331 1303
f 5921 10878 5920
f 10878 5921 1460
f 5921 10877 1460
f 10907 1488 10908
f 1488 10907 5860
f 1488 5860 10935
f 5859 1488 10935
f 1488 5859 10908
f 5965 1400 1403
f 1400 10833 1403
f 1400 10808 5967
f 1400 5965 10808
f 1400 5967 1399
f 5908 1422 10861
f 1447 1422 5908
f 1422 1421 10861
f 1449 10860 5904
f 10860 1449 1427
f 5904 5906 1474
f 10860 5906 5904
f 5906 10860 1448
f 5900 10896 1477
f 10896 5872 1477
f 10896 5900 1453
f 5873 10890 1474
f 10890 5904 1474
f 10890 5905 5904
f 1475 5872 10894
f 5872 1475 10923
f 1475 1480 10923
f 5870 5871 5841
f 5871 10924 5841
f 10924 5871 1477
f 1477 5871 10897
f 5871 5870 10897
f 5842 10924 5872
f 10924 5842 1505
f 5842 5872 10923
f 1504 5842 10923
f 5842 1504 10953
f 5842 10953 5813
f 1505 5842 5813
f 5840 1479 10925
f 5840 10925 1506
f 1507 5840 10955
f 5840 5811 10955
f 5840 1506 5811
f 10847 10846 5923
f 1410 10846 10847
f 10788 1380 5985
f 1380 10817 5956
f 1380 10788 5986
f 10817 1380 5986
f 1380 5956 10818
f 5985 1380 10818
f 6046 10758 1352
f 10758 6016 1352
f 10758 10729 6047
f 10729 10758 6046
f 6106 1269 10700
f 1269 6107 10700
f 1269 6106 10671
f 6136 1269 10671
f 6045 1298 10730
f 1352 6045 10730
f 6045 1352 10759
f 1353 6045 10759
f 10733 6043 1328
f 10733 1300 6043
f 1300 10733 6072
f 10733 6042 6072
f 6042 10733 1328
f 1272 10704 6102
f 6102 10704 6072
f 10704 1300 6072
f 10760 6014 6044
f 1353 10760 6044
f 10760 1353 6015
f 5985 10760 6015
f 6014 10760 5985
f 1327 1354 6043
f 1354 1327 6014
f 6043 1354 1328
f 1328 1354 10762
f 1354 6013 10762
f 1300 6073 6043
f 10704 6073 1300
f 5892 1433 10874
f 1433 5892 10875
f 1433 10875 5923
f 10846 1433 5923
f 5863 5892 10904
f 1485 5863 10904
f 5863 1512 10932
f 5863 5834 1512
f 10931 5863 1485
f 5863 10931 5834
f 5892 1458 10875
f 1434 1458 5891
f 10875 1458 1434
f 10844 1432 5925
f 1432 10844 10873
f 1432 10845 5925
f 10845 1432 10874
f 1432 5893 10874
f 1432 10873 5893
f 5777 5806 10959
f 1537 5806 5777
f 5806 1510 10959
f 5806 1537 10960
f 5835 5806 10960
f 1510 5806 5835
f 10991 1564 5748
f 1564 10991 5776
f 1565 10991 5748
f 10991 1565 5776
f 1511 5835 10960
f 1511 10931 5835
f 10931 1511 5834
f 7991 11525 7990
f 7915 11525 7916
f 1916 1908 7651
f 1898 7778 11590
f 11572 7776 1900
f 7845 1888 11570
f 1888 7845 11548
f 7915 1889 11549
f 1889 7915 11548
f 7845 1889 11548
f 1889 7845 11571
f 8070 8071 11499
f 11472 8070 1853
f 1864 11496 7993
f 8073 11496 1864
f 11496 1863 7993
f 11496 8073 1863
f 8075 11494 3859
f 11494 7995 3859
f 7995 11494 7996
f 7996 11494 3858
f 11494 8076 3858
f 8076 11494 8075
f 11520 7920 3927
f 7920 11520 7921
f 11520 7996 7921
f 7995 11520 3927
f 11520 7995 7996
f 3725 8156 11468
f 8239 8155 11442
f 8239 3725 8155
f 8074 1863 1850
f 11469 8074 1850
f 11470 8154 1850
f 8154 11469 1850
f 8154 11470 1838
f 3925 11518 7997
f 3925 3857 7998
f 3857 3925 7997
f 7923 11541 7922
f 11518 7923 7922
f 7923 11517 7924
f 11517 7923 7998
f 11540 7923 7924
f 7923 11540 11541
f 7923 3925 7998
f 3925 7923 11518
f 11492 7997 3858
f 11492 3857 7997
f 5479 1828 5493
f 11361 1795 5541
f 1795 11362 5541
f 11169 5628 1686
f 5628 11169 11209
f 5628 11170 1686
f 5604 5605 11249
f 5604 11249 1732
f 11250 5604 1732
f 5604 11250 1710
f 5605 1731 11249
f 1709 5605 11209
f 11127 9047 11085
f 1660 9047 11127
f 8644 8724 11285
f 11285 8724 11247
f 8726 11284 11246
f 11284 8726 1750
f 8725 11284 1751
f 5564 11287 5584
f 1753 11287 5564
f 11287 1731 5584
f 5627 5626 11171
f 11170 5627 11171
f 5628 5627 11170
f 11169 11130 8964
f 9045 11130 1662
f 11130 9045 8964
f 9343 10946 1525
f 10946 9343 5820
f 1643 5671 11096
f 11095 5671 1643
f 5671 1668 11096
f 11094 1642 1615
f 5697 11057 1588
f 11056 5697 1588
f 11057 5697 1643
f 5699 11094 1615
f 11018 5727 5756
f 1530 5785 10952
f 5785 5814 10952
f 9204 11047 1580
f 9127 11047 9204
f 11009 1579 9204
f 1579 9127 9204
f 1577 9128 1578
f 1577 11045 9128
f 11045 1577 9206
f 1577 9277 9206
f 9129 11045 9206
f 1549 9345 1550
f 1549 10975 9345
f 9276 1549 1550
f 10975 1549 9276
f 1500 10948 5818
f 10948 1527 5818
f 10948 1500 5819
f 1527 10948 5819
f 9050 11083 3087
f 3152 8969 3153
f 11240 11241 8808
f 8887 11202 11203
f 11202 8807 11203
f 3211 11162 8971
f 11162 3212 8971
f 11123 3213 8970
f 3212 3213 11123
f 3213 11202 8887
f 8726 11283 1750
f 8801 1709 11209
f 8801 1708 11247
f 11168 8964 11129
f 8964 11168 1685
f 11204 11205 8885
f 1705 11204 8806
f 8806 11204 11203
f 11204 8886 11203
f 11245 11244 8727
f 12575 302 4886
f 4914 12574 4886
f 4961 12483 282
f 4961 255 12483
f 256 4961 282
f 12444 4961 256
f 4961 12438 255
f 12438 12441 255
f 12441 4987 229
f 12441 12438 4987
f 255 4962 281
f 4962 254 12482
f 281 4962 12482
f 12487 12484 4933
f 12484 12493 4933
f 12484 12487 256
f 12493 12484 256
f 5037 180 12305
f 180 5037 12352
f 12305 180 5036
f 180 12352 5036
f 12354 5037 179
f 12391 4989 228
f 4989 12391 12394
f 4989 12436 228
f 12436 4989 227
f 4989 4990 227
f 4990 4989 12394
f 12494 12489 283
f 12490 12494 283
f 12489 12494 4932
f 12494 12490 4932
f 12485 12489 4932
f 12491 12485 4932
f 12489 12485 283
f 12485 12491 283
f 12225 12229 5106
f 12225 5128 12229
f 5083 5105 12222
f 5105 109 12222
f 12181 5127 87
f 5127 5126 12182
f 87 5127 12182
f 5127 110 5126
f 110 5127 12223
f 5127 12181 109
f 5127 5105 12223
f 5105 5127 109
f 12531 307 4907
f 4907 307 12580
f 307 4880 12580
f 4880 307 4908
f 307 12531 4908
f 4824 390 12722
f 390 4794 419
f 12722 390 419
f 390 12721 4794
f 12721 390 12673
f 390 4824 12673
f 12472 4946 245
f 12472 271 4946
f 12472 245 4974
f 271 12472 4974
f 299 12523 4944
f 4916 12523 299
f 12523 4943 4944
f 12523 4916 300
f 4943 12523 300
f 299 4917 12571
f 12571 4917 4890
f 4917 12522 4890
f 4945 4917 299
f 12522 4917 4945
f 387 4797 4827
f 416 4797 387
f 4797 416 4768
f 388 12671 4827
f 388 4826 12671
f 4826 388 4796
f 417 12720 4796
f 4826 12720 389
f 12720 4826 4796
f 12686 370 4844
f 12780 12781 4758
f 12781 12782 4758
f 12781 12780 12775
f 12782 12781 12775
f 12783 12782 12775
f 367 4816 368
f 337 12582 4878
f 12582 4905 4878
f 4905 12582 309
f 4761 423 4789
f 4788 423 4760
f 423 4788 4789
f 4760 12786 4759
f 12682 4815 12681
f 4815 12682 369
f 4815 12689 368
f 12688 4815 369
f 12682 12640 369
f 12640 12639 369
f 12639 12640 340
f 12633 4846 367
f 4846 12633 338
f 4846 338 4847
f 4877 12632 12583
f 12632 4877 337
f 4877 12582 337
f 12582 4877 309
f 4904 4877 12583
f 4877 4904 309
f 12774 421 4763
f 4762 421 12774
f 4763 421 4792
f 4792 421 392
f 421 12724 392
f 197 12340 5021
f 12340 197 5044
f 5044 197 12341
f 197 5020 12341
f 197 5021 12385
f 5020 197 12385
f 171 5047 12295
f 5047 171 12337
f 5048 171 12295
f 12337 171 5048
f 4939 12478 12527
f 4939 277 12478
f 4911 4939 12527
f 12479 4939 4911
f 277 4939 12479
f 250 12478 4967
f 12433 250 4967
f 250 12433 4993
f 224 4993 12387
f 12434 4966 4965
f 12434 4965 252
f 226 12434 252
f 12434 226 4992
f 251 12434 4992
f 4966 12434 251
f 12343 199 5018
f 200 12343 5018
f 12300 12343 5041
f 12343 12301 5041
f 12301 12343 5040
f 5042 12300 5064
f 5042 12343 12300
f 12344 177 5040
f 12343 12344 5040
f 12344 12343 200
f 177 12344 12345
f 201 12344 5016
f 12344 201 12345
f 12389 12390 5016
f 12390 12389 4991
f 12389 226 4991
f 226 12389 4992
f 12388 200 5018
f 12388 225 4992
f 12389 12388 4992
f 12388 12389 200
f 225 12388 4993
f 4993 12388 12387
f 12388 5018 12387
f 12301 176 5041
f 5063 176 12301
f 176 5063 152
f 12300 176 152
f 176 12300 5041
f 154 5062 12302
f 5062 153 12302
f 153 5062 12265
f 5062 12262 12265
f 5062 154 12262
f 6540 6572 400
f 401 6572 6540
f 6572 12701 400
f 6572 371 12701
f 6572 372 6603
f 371 6572 6603
f 12660 349 4868
f 4867 349 12661
f 12661 349 4838
f 349 12660 4838
f 4997 221 12429
f 222 4997 12429
f 12383 4997 12384
f 4997 12383 221
f 4997 4996 12384
f 4997 222 4996
f 356 12668 4830
f 4860 12668 356
f 12668 4860 355
f 4831 12668 355
f 4830 12668 385
f 12668 4831 385
f 326 12571 4890
f 12570 326 4890
f 4831 12715 4801
f 384 12715 4831
f 12715 4802 4801
f 4802 12715 4832
f 12715 384 4832
f 297 12569 4891
f 4892 12569 12520
f 4862 4892 12618
f 12666 4862 12618
f 4862 354 12619
f 354 4862 12666
f 318 12562 4900
f 4927 12562 4899
f 4899 12562 319
f 12562 318 319
f 12562 4927 290
f 4900 12562 290
f 12561 318 4900
f 318 12561 4871
f 12561 317 4871
f 4928 12561 4900
f 289 12561 12512
f 12561 4928 12512
f 347 4870 12611
f 12659 4870 347
f 4870 12659 4869
f 4870 318 12611
f 4870 4869 319
f 318 4870 319
f 347 4841 376
f 12658 4841 347
f 376 4841 12706
f 4841 346 12706
f 346 4841 12658
f 12610 346 4871
f 346 12658 4871
f 345 6631 12656
f 345 12609 6631
f 375 4812 404
f 12705 4812 375
f 404 4812 6536
f 4812 403 6536
f 4812 6569 403
f 4812 12705 6569
f 844 6544 12748
f 6544 844 6576
f 6543 844 12748
f 844 12698 6576
f 6575 844 6543
f 12698 844 6575
f 6610 780 12647
f 780 6610 811
f 811 6610 12695
f 6610 779 12695
f 779 6610 12647
f 6574 845 6542
f 845 12749 6542
f 6575 845 12699
f 845 6574 12699
f 845 6543 12749
f 845 6575 6543
f 6608 813 12650
f 12649 6608 12650
f 813 6608 12697
f 6608 12649 781
f 6608 812 12697
f 812 6608 781
f 12554 6695 12505
f 723 6695 12554
f 6695 6721 12505
f 6695 723 6721
f 752 12603 6636
f 12651 12603 6637
f 12603 12651 6636
f 12603 6667 6637
f 12603 752 6667
f 12506 724 6720
f 723 6694 6721
f 6694 12506 6721
f 6694 723 6666
f 6694 724 12506
f 12556 285 12507
f 12556 6664 285
f 753 12556 6665
f 12556 753 12605
f 12556 12605 313
f 6664 12556 313
f 12605 6635 784
f 753 6635 12605
f 12565 4897 321
f 320 4897 12564
f 4897 320 4867
f 4924 4897 12565
f 4897 4924 12515
f 12564 4897 12515
f 12613 320 4868
f 320 12613 4867
f 349 12613 4868
f 12613 349 4867
f 12420 5007 12419
f 5007 12420 213
f 12374 5007 213
f 12373 5009 212
f 12418 5009 211
f 5009 12418 212
f 5009 12373 5034
f 211 5009 12372
f 5009 5034 12372
f 5008 12374 5033
f 12373 5008 5033
f 5008 12373 212
f 5008 5007 12374
f 5008 212 12419
f 5007 5008 12419
f 12242 6857 6858
f 6838 12242 6858
f 12242 6838 135
f 6836 12243 136
f 12243 6836 6856
f 6857 12243 6856
f 164 5055 12288
f 12330 5055 164
f 5055 165 12288
f 5055 12330 188
f 12331 5055 188
f 5055 12331 165
f 12330 187 5032
f 12374 187 5033
f 187 12374 5032
f 5056 187 12330
f 187 12329 5033
f 187 5056 12329
f 317 4872 12610
f 4872 346 12610
f 346 4872 12657
f 4872 345 12657
f 345 4872 12609
f 6854 560 15428
f 560 561 15428
f 560 6854 15432
f 561 560 15432
f 12149 494 6908
f 494 493 523
f 6908 494 523
f 494 12149 504
f 494 12107 493
f 480 6927 478
f 6927 12107 478
f 6927 500 503
f 493 6927 503
f 12107 6927 493
f 6927 480 482
f 12106 6927 482
f 500 6927 12106
f 6959 465 466
f 465 6942 466
f 12067 481 485
f 6941 12067 485
f 6942 12067 466
f 484 474 12066
f 479 484 12066
f 475 473 12108
f 6925 475 12108
f 481 475 6925
f 12067 475 481
f 475 12067 6942
f 474 6944 12066
f 473 6944 474
f 6944 460 458
f 465 6944 6942
f 500 502 12148
f 12148 502 6909
f 502 512 6909
f 502 501 512
f 497 522 512
f 501 497 512
f 522 497 12147
f 12147 497 495
f 495 497 6928
f 497 12106 6928
f 520 516 6891
f 517 520 6891
f 15426 514 6893
f 15426 540 538
f 535 15426 6893
f 15426 535 540
f 6911 516 495
f 6911 495 6928
f 514 6911 6928
f 6911 15427 516
f 6850 6870 12230
f 6850 12231 6870
f 12231 6850 567
f 6851 6850 12230
f 6850 6851 12270
f 531 542 6872
f 542 531 15427
f 6872 542 15429
f 542 6873 15429
f 542 541 6873
f 6805 12314 612
f 12313 12314 589
f 12314 12313 612
f 12314 6828 589
f 12314 6805 613
f 6828 12314 12272
f 6827 12314 613
f 12314 6827 12272
f 6829 12313 589
f 6850 6829 567
f 6829 6850 12270
f 12313 588 12312
f 588 6830 12312
f 6830 588 12270
f 588 6829 12270
f 6829 588 12313
f 12359 6804 613
f 6805 12359 613
f 12359 12360 6804
f 12359 6805 12358
f 6780 12359 12358
f 12404 6780 637
f 12404 6756 662
f 6755 12404 662
f 12404 12403 6756
f 12404 637 12403
f 6777 12361 640
f 6777 12362 12361
f 12407 6777 640
f 12362 6777 641
f 6777 12407 641
f 12362 6802 12361
f 12361 6802 615
f 12317 6802 616
f 6802 12362 616
f 6802 6825 615
f 6825 6802 12317
f 6826 12316 591
f 12273 6826 591
f 6826 12273 12315
f 614 6826 12315
f 12316 6826 614
f 526 6904 12153
f 6904 527 12153
f 6904 526 6885
f 527 6884 6903
f 6884 12196 6903
f 573 6843 12277
f 595 573 12277
f 573 595 12278
f 573 12278 6842
f 6863 573 6862
f 12113 508 6920
f 508 12113 6921
f 12196 528 6903
f 12156 509 6901
f 509 12114 6920
f 12114 509 6919
f 509 12156 6919
f 692 12452 6726
f 6753 12452 6752
f 12452 692 6752
f 12453 692 6725
f 12453 6725 693
f 12453 665 6752
f 692 12453 6752
f 6751 12453 693
f 665 12453 6751
f 719 6700 6671
f 719 12501 6700
f 12550 719 6671
f 6699 719 12550
f 12501 719 6699
f 12454 666 6751
f 6750 666 12454
f 666 12408 6751
f 12408 666 12409
f 666 6750 12409
f 12357 6782 12358
f 12357 611 6807
f 12357 6807 15445
f 12357 15445 6783
f 6758 688 6757
f 6758 6757 12402
f 660 6758 12402
f 6758 15461 6731
f 688 6758 6731
f 15461 6758 687
f 687 6758 6759
f 6759 6758 15452
f 6758 660 15452
f 6673 12548 746
f 12548 6674 746
f 6729 6755 689
f 6702 6729 12498
f 6729 12449 12498
f 12449 6729 689
f 12500 718 6700
f 6727 12500 6700
f 12405 639 6779
f 12232 568 6848
f 12232 6868 6869
f 6868 12232 6848
f 6849 12232 6869
f 568 12232 6849
f 6825 12274 591
f 12274 6847 591
f 12274 6825 592
f 12233 6868 6848
f 6868 12233 546
f 546 12233 6867
f 12233 6847 6867
f 12273 569 6848
f 569 12233 6848
f 12233 569 6847
f 569 12273 591
f 6847 569 591
f 574 6841 12239
f 6841 574 12279
f 12239 6841 133
f 6841 12279 133
f 12238 574 6861
f 12238 6861 551
f 6862 12238 551
f 574 12238 6842
f 12238 573 6842
f 573 12238 6862
f 12322 596 12321
f 596 6820 12321
f 6820 596 12279
f 6819 596 12322
f 596 6819 12279
f 12237 12236 572
f 6843 12237 572
f 573 12237 6843
f 12237 573 6863
f 12237 6864 12236
f 6864 12237 6863
f 12236 6864 6865
f 506 6923 12152
f 506 12111 6923
f 12111 506 12153
f 506 526 12153
f 526 506 12152
f 12285 162 5058
f 6814 162 12285
f 12327 5035 5058
f 5035 12327 185
f 162 12327 5058
f 12327 162 6814
f 185 12327 6791
f 12327 12326 6791
f 12327 6814 12326
f 12281 6818 158
f 12281 6838 6839
f 6838 12281 135
f 6818 134 12280
f 12280 134 6840
f 134 12281 6839
f 12281 134 6818
f 12240 134 6839
f 6840 134 12240
f 12324 158 12323
f 12325 12324 6793
f 12199 88 6899
f 88 12158 6899
f 6878 12200 111
f 89 12200 6878
f 98 12210 5118
f 12210 98 5141
f 12210 97 5120
f 12210 5141 97
f 12289 141 165
f 141 12289 5076
f 12289 142 5076
f 215 12422 5004
f 12422 215 5005
f 215 5004 12377
f 215 12376 5005
f 5030 215 12377
f 12376 215 5030
f 12424 5003 242
f 5003 12424 217
f 12424 242 4976
f 12424 5002 217
f 12425 12424 4976
f 5002 12424 12425
f 240 12422 5005
f 12421 240 5005
f 12422 240 4979
f 240 12421 4980
f 266 240 4980
f 4979 240 12467
f 240 266 12467
f 142 5075 12249
f 5097 5075 12250
f 5075 5097 12249
f 5075 143 12250
f 143 5075 12290
f 5051 191 12334
f 12333 191 5051
f 12378 5029 12377
f 191 5029 12378
f 5029 191 12333
f 103 12174 5135
f 5134 103 12216
f 103 5134 81
f 12174 103 81
f 103 5113 12216
f 103 5135 5113
f 12132 80 5156
f 80 12174 5156
f 12174 80 5135
f 80 102 5135
f 13 5237 11976
f 5237 2164 11976
f 5237 11977 2164
f 5218 5219 12050
f 5199 5218 12050
f 5218 5199 5217
f 14 5218 5217
f 5216 16 12014
f 5216 5197 16
f 15 5216 12014
f 5216 15 5198
f 5314 2079 11855
f 11855 2079 5301
f 2079 5315 5301
f 5315 2079 11830
f 2079 5327 11830
f 5327 2079 11831
f 2079 5314 11831
f 5328 2078 11830
f 5327 5328 11830
f 2037 11806 11815
f 11806 2037 5350
f 11805 11806 5350
f 4627 15331 7129
f 15331 4627 15333
f 15331 15333 15338
f 4602 15331 15338
f 7129 15331 4602
f 15350 15352 7107
f 15352 15350 15355
f 15357 15355 4647
f 15356 15357 4647
f 15357 15356 7107
f 788 786 6597
f 826 786 15508
f 786 826 6597
f 6598 826 15508
f 826 6598 818
f 818 6598 816
f 789 15507 816
f 6598 789 816
f 789 6598 792
f 15507 789 787
f 6630 758 756
f 6630 789 792
f 787 6630 756
f 789 6630 787
f 733 731 6658
f 732 733 6658
f 731 733 6688
f 733 15471 6688
f 733 732 15471
f 726 725 15483
f 727 726 15483
f 726 6687 725
f 726 727 6687
f 6687 735 15472
f 727 735 6687
f 735 6686 15472
f 6686 735 15484
f 735 727 6657
f 15484 735 6657
f 6714 15473 707
f 6714 706 15473
f 706 6714 15462
f 6741 6714 707
f 6714 6741 15462
f 829 6594 6562
f 6594 15511 6562
f 757 15495 754
f 15495 757 764
f 15482 757 754
f 764 757 15482
f 631 15448 621
f 15450 633 6786
f 633 15450 6785
f 6786 633 15443
f 633 6785 15443
f 656 6762 15449
f 656 15448 6763
f 656 15449 15448
f 6762 656 15457
f 15457 656 683
f 656 6763 683
f 6761 15458 685
f 15458 6761 657
f 6761 15450 657
f 6761 685 658
f 15450 6761 658
f 6624 15513 15499
f 6592 830 6560
f 6592 15513 830
f 831 6592 6560
f 800 6592 831
f 15513 6592 800
f 15498 15485 6656
f 736 15474 6685
f 736 15486 15474
f 15473 736 6685
f 736 15473 6656
f 15485 736 6656
f 709 6683 15476
f 15465 709 15476
f 6682 6711 15476
f 6711 15465 15476
f 710 6711 6682
f 15446 625 624
f 15446 624 6790
f 700 697 6685
f 697 698 6685
f 15440 6813 6789
f 6813 15440 600
f 6813 625 6789
f 625 6813 6790
f 577 556 7220
f 7194 577 7220
f 6790 577 7194
f 6813 577 6790
f 6835 577 600
f 577 6813 600
f 15441 6812 621
f 602 15440 621
f 6812 602 621
f 15440 602 600
f 15435 6835 600
f 602 15435 600
f 609 6810 15443
f 15437 6810 609
f 608 6810 15437
f 6810 15442 15443
f 6810 608 15442
f 15431 585 558
f 585 575 558
f 575 585 6833
f 583 580 556
f 580 15431 556
f 2187 10216 12807
f 2187 12805 10217
f 4349 4348 7385
f 4348 4349 15075
f 4307 4306 15036
f 4306 4307 7432
f 4304 4305 15036
f 4305 4304 7432
f 4687 7047 15380
f 15393 7047 4687
f 7047 4688 15380
f 4688 7046 15382
f 7046 4688 15396
f 4688 7068 15380
f 7068 4688 4663
f 15365 4688 15382
f 4688 15365 4663
f 7065 15373 15388
f 15373 7044 15388
f 15373 15370 7044
f 4665 15373 7065
f 15373 4665 15370
f 15370 15372 4690
f 4665 15372 15370
f 4645 15349 7088
f 15349 4645 7109
f 4645 7088 7108
f 7109 4645 7108
f 15387 4689 7045
f 7045 4689 15400
f 4689 15399 15400
f 4689 7046 15399
f 7070 7093 4659
f 7070 4660 7093
f 4641 7092 4661
f 4660 7092 4640
f 7092 7113 4640
f 7113 7092 4641
f 7113 15347 7112
f 15347 7113 4641
f 7111 7134 7112
f 15327 7134 7157
f 15390 4676 7052
f 7071 7094 15362
f 7094 7071 4659
f 4639 7114 7115
f 7114 7113 4619
f 7114 7136 4618
f 7136 7114 4619
f 15303 4594 4569
f 7183 15303 4569
f 4568 15303 7183
f 4567 15276 7184
f 4567 4568 15276
f 4540 4567 7184
f 4567 7185 4566
f 7185 4567 4540
f 15324 4592 7162
f 4620 15326 4619
f 15326 7136 4619
f 7159 15326 4595
f 15326 7159 4594
f 15326 4594 4618
f 7136 15326 4618
f 15299 4557 4561
f 15273 4557 4558
f 4557 15299 4582
f 4558 4557 4582
f 15300 4563 7165
f 4563 4558 7165
f 4563 4537 7188
f 15273 4563 7188
f 4563 15273 4558
f 4537 4563 4564
f 4563 15300 4564
f 7099 15342 4632
f 15342 7120 4632
f 15342 7099 4634
f 15342 4634 7119
f 7142 15342 7119
f 7120 15342 7142
f 4630 4636 7117
f 7118 4635 15343
f 7098 4635 7119
f 4635 7118 7119
f 4629 7118 15343
f 7118 4629 4630
f 4588 15322 4589
f 15300 4588 4589
f 4588 15300 7165
f 4608 7118 4611
f 7141 4608 4611
f 4590 15323 7163
f 15301 4590 7163
f 7164 4565 4564
f 7164 15301 4565
f 7164 4590 15301
f 7164 15300 4589
f 15300 7164 4564
f 4590 7164 15323
f 4614 7164 4589
f 15323 7164 4614
f 7167 15297 4586
f 4529 7190 4559
f 15297 15271 4560
f 4560 15271 4535
f 15271 7190 4535
f 7190 15271 4559
f 15242 7217 4501
f 15242 15241 7192
f 15241 15242 4504
f 7245 15242 4501
f 15242 7245 4504
f 7217 4533 15243
f 4533 7191 15243
f 15242 4533 7217
f 4560 15270 15296
f 15270 7191 15296
f 15270 4560 4535
f 15243 15270 4535
f 7191 15270 15243
f 4476 15153 7270
f 15153 15184 7270
f 7189 4556 4561
f 4556 7189 4562
f 4531 15246 7215
f 4531 15273 15246
f 4531 7189 4561
f 4557 4531 4561
f 4531 4557 15273
f 7049 15379 4685
f 7049 4685 4707
f 15392 7049 4707
f 15379 7049 4686
f 7049 15392 4686
f 7028 15410 15405
f 7028 15405 4731
f 7027 7028 4731
f 7032 15390 4704
f 7032 4705 15390
f 7029 15392 4707
f 15392 7029 4708
f 7029 15404 15408
f 7029 7028 4708
f 7028 7029 15410
f 4725 7013 4729
f 7013 435 4729
f 7013 434 430
f 4703 7030 4707
f 4725 7030 4703
f 7030 4725 4729
f 15404 7030 4729
f 7030 7029 4707
f 7029 7030 15404
f 435 432 15415
f 15415 432 6996
f 7013 432 435
f 15410 15409 4730
f 7029 15409 15410
f 15419 15420 440
f 15420 15417 440
f 435 15420 15419
f 15417 15420 435
f 15413 7015 431
f 15413 433 7015
f 433 15413 6998
f 15413 431 438
f 6998 15413 438
f 15361 4654 4657
f 4654 7095 4657
f 4654 7072 7095
f 15361 7073 4682
f 7073 15361 4657
f 15376 4656 7074
f 4651 4656 15376
f 4633 4656 7096
f 4656 4651 7096
f 4658 4638 7095
f 4638 7116 7095
f 4638 4658 7094
f 15345 4638 7094
f 4638 15345 7115
f 7116 4638 7115
f 4435 4427 15114
f 4427 7342 15114
f 4427 4435 7306
f 4427 7306 15149
f 7299 4479 7298
f 7266 15188 4480
f 4479 7266 4480
f 15188 7266 15219
f 7266 7238 15219
f 15186 7269 15217
f 7268 15186 15217
f 4477 15186 7268
f 7269 4477 15154
f 15186 4477 7269
f 7331 15087 4365
f 15087 7372 4365
f 7372 15087 4366
f 7333 4444 4445
f 7333 4403 4444
f 15123 7333 4445
f 7333 15123 4404
f 4363 7333 4404
f 4403 7333 4363
f 4009 4065 7763
f 14869 14868 7638
f 7637 14869 7638
f 14867 14868 7699
f 4010 7762 14768
f 7762 4010 7763
f 4066 7698 14820
f 14957 7582 14956
f 14913 14914 7638
f 7700 14818 4065
f 4065 14818 7763
f 14818 7762 7763
f 14717 7897 14716
f 7897 14717 3953
f 14716 7897 14659
f 7897 14660 14659
f 14660 7897 3953
f 7827 14717 14716
f 7695 4123 14871
f 4068 4123 7695
f 4123 4068 14822
f 3883 8052 8053
f 14601 8051 8052
f 14601 3885 8051
f 14600 3882 7975
f 3883 3882 14600
f 3882 3883 8053
f 14543 3882 8053
f 3882 3815 8054
f 3882 14543 3815
f 15043 15044 7425
f 15044 7424 7425
f 4272 14960 7527
f 14960 4272 7526
f 4225 14960 7526
f 7476 15003 7475
f 7424 15003 7425
f 15003 7424 7475
f 4271 14959 7528
f 14959 4271 7476
f 15003 15002 7425
f 15002 15003 7476
f 15001 15002 7477
f 15002 4271 7477
f 4271 15002 7476
f 4400 15120 4441
f 15120 4400 7337
f 4401 15121 7335
f 15084 4401 7335
f 15045 7377 4361
f 4360 7377 15045
f 7377 15084 4361
f 7377 4401 15084
f 7341 15079 15078
f 4357 15079 4397
f 15079 7341 4397
f 15115 7341 4396
f 7342 15115 4396
f 4427 15115 7342
f 4431 15116 7305
f 15115 15116 7341
f 7341 15116 4397
f 15116 7340 4397
f 4224 14959 7527
f 14959 4224 7580
f 14960 4224 7527
f 7580 4224 14915
f 4174 7637 7638
f 14914 4174 7638
f 7637 4174 14915
f 4174 14914 14915
f 4276 7523 14962
f 7522 7523 7471
f 7523 4276 7471
f 14962 4228 7524
f 4226 4225 7526
f 4226 7578 4225
f 7636 7637 14915
f 4175 7636 14915
f 7636 4175 14871
f 7578 14916 4225
f 7423 15004 4317
f 15004 7423 4318
f 15045 7423 4317
f 7423 15045 4318
f 4272 4273 7526
f 7473 7422 15005
f 7422 7473 4274
f 4275 7473 15005
f 4274 7473 7524
f 7473 4275 7524
f 15001 15000 4314
f 15000 7427 4314
f 7478 15000 15001
f 7427 15000 14999
f 15000 7479 14999
f 15000 7478 7479
f 7427 15041 4314
f 15041 15042 4314
f 7380 15042 15081
f 15042 7380 15043
f 15080 7339 15081
f 15080 7340 7339
f 15080 4357 4397
f 7340 15080 4397
f 7426 15042 15043
f 7426 15002 15001
f 7426 15001 4314
f 15042 7426 4314
f 7339 4398 15081
f 15119 4398 4439
f 4398 15119 7338
f 7429 14998 14997
f 14998 7480 14997
f 4313 14998 7429
f 14954 7480 7531
f 7480 14954 7532
f 14954 7531 7584
f 4006 14764 7767
f 7644 4169 14863
f 14814 4062 7767
f 4499 4503 15243
f 4503 7217 15243
f 4503 4498 7217
f 4503 7244 4498
f 4503 4499 7244
f 4435 4433 7306
f 4433 4426 7306
f 4433 4435 15114
f 4426 4433 15114
f 4474 15182 4468
f 15150 4474 4468
f 10191 12851 12852
f 12851 10191 2202
f 10190 10191 12852
f 2202 10191 12838
f 10191 10190 12838
f 10178 2217 12883
f 10178 12866 2217
f 12884 10178 12883
f 2240 12934 10134
f 12934 2240 12933
f 10143 2240 10134
f 12917 2240 10143
f 10119 12949 10126
f 12949 10119 2251
f 2246 12949 2251
f 12955 2250 12957
f 12934 12955 12957
f 12925 2242 12927
f 2235 12925 12927
f 12920 12925 10151
f 12925 2235 10151
f 12929 2235 12927
f 2242 12929 12927
f 12939 2241 12919
f 12934 12939 10134
f 12949 12939 10126
f 12939 12957 10126
f 12939 12934 12957
f 12944 10133 12942
f 2241 10133 12919
f 2219 10162 12887
f 10162 2219 2227
f 10162 10161 12887
f 10162 12904 10161
f 10152 2234 12919
f 2234 12902 10153
f 12902 2234 10152
f 10141 12920 10151
f 10152 10141 10151
f 10141 10152 12919
f 10133 10141 12919
f 12920 10141 12944
f 10141 10133 12944
f 12902 12901 10153
f 12901 12902 10164
f 12901 10154 10153
f 2226 12901 10164
f 10154 12901 12900
f 12901 2226 12900
f 10163 12902 2227
f 10163 2227 12886
f 12885 10163 12886
f 10163 12885 10164
f 12902 10163 10164
f 10144 10155 12916
f 2233 12917 10143
f 10154 2233 10143
f 2233 10144 12917
f 2233 10154 10155
f 10144 2233 10155
f 2250 2245 10120
f 10128 12946 2244
f 12946 10136 12931
f 10129 12946 12931
f 12946 10129 2244
f 10144 10135 12917
f 2240 10135 12933
f 10135 2240 12917
f 2253 12973 10114
f 12973 2253 10115
f 2253 10114 12961
f 12970 2253 12961
f 12984 10112 12983
f 10112 12991 12983
f 12977 10112 12981
f 10112 12977 12971
f 12975 10112 12971
f 12991 10112 12988
f 10112 12975 12988
f 12979 12984 10111
f 12979 10112 12984
f 12967 12970 10121
f 12967 2253 12970
f 2253 12967 10115
f 12977 10116 10117
f 12959 10116 2252
f 10116 12981 2252
f 10116 12977 12981
f 10116 12958 10117
f 10116 12959 12958
f 2854 2855 9405
f 2855 2854 9340
f 2854 13630 9340
f 2851 9405 13567
f 2851 2856 9405
f 2850 2851 13567
f 13630 2851 2850
f 2856 2851 13630
f 3101 9117 13817
f 9117 3101 3102
f 9036 8956 3162
f 8956 9036 3161
f 2978 13755 9195
f 3038 2978 9195
f 9118 9119 3100
f 9118 3038 9119
f 3038 9118 13817
f 3101 9118 3100
f 9118 3101 13817
f 13690 2915 9271
f 2915 13690 9341
f 13690 9271 9340
f 9341 13690 9340
f 9198 2915 2914
f 3035 13815 3036
f 13815 3035 9121
f 3036 13815 9120
f 13815 3098 9120
f 3098 13815 9121
f 2807 2805 9403
f 2805 2861 9403
f 2805 9466 2804
f 9466 2805 2807
f 9404 2805 2804
f 2861 2805 9404
f 9338 9339 13691
f 9338 9269 13692
f 2861 9338 9403
f 9337 9338 13692
f 13632 9338 9337
f 9404 2797 2798
f 2799 2797 9404
f 2798 2797 9523
f 2797 2799 9523
f 2918 9268 13692
f 9268 2918 13755
f 9269 2918 13692
f 13755 2918 9195
f 2918 9269 9195
f 2979 9193 2919
f 13756 9267 2919
f 9193 13756 2919
f 13756 2920 9267
f 13756 9193 2980
f 2920 13756 2980
f 9199 2970 2973
f 2971 9199 9273
f 2971 2970 9199
f 2970 2971 13814
f 9199 2913 9273
f 2913 13689 9273
f 2913 2907 13689
f 2965 2966 9273
f 2967 2965 9273
f 2972 2967 13751
f 8962 13994 3216
f 13934 13994 8962
f 13994 8880 3215
f 13937 3160 9038
f 3160 13937 8958
f 13998 3160 8958
f 8958 13997 3220
f 8959 13997 8958
f 13996 8960 3157
f 13937 3159 8958
f 3159 8959 8958
f 9039 3159 9038
f 3159 13937 9038
f 8872 3222 14061
f 3222 8872 13999
f 14060 8795 3287
f 8796 8719 3348
f 8962 3156 3155
f 8961 3156 8962
f 3156 9042 3155
f 9042 3156 13874
f 3156 9041 13874
f 9122 3097 9121
f 3097 3098 9121
f 9040 13875 3157
f 13875 9041 3157
f 13875 3097 9041
f 3098 13875 9040
f 3097 13875 3098
f 9402 9337 2863
f 9402 13632 9337
f 2709 13463 9620
f 13463 2709 9573
f 2707 2666 13462
f 2709 13515 9573
f 9574 13515 2700
f 9522 2745 2755
f 2925 9262 13696
f 3041 13819 3042
f 13819 3041 9115
f 13819 9114 3042
f 2864 9401 13633
f 13633 9401 2863
f 9401 9463 13570
f 9463 9401 2864
f 2982 9191 3042
f 9192 2920 2980
f 2920 9192 9266
f 3041 9192 2980
f 9191 9265 13757
f 2924 9263 9189
f 9263 2924 13696
f 14001 8954 3225
f 8954 14001 8953
f 9114 3104 3105
f 13819 3104 9114
f 3104 13819 9115
f 3104 3103 13879
f 3103 3104 9115
f 13820 9114 3105
f 13758 9190 2983
f 13758 2983 9189
f 2923 13758 9189
f 9190 13758 9264
f 13758 2923 9264
f 13695 9263 9332
f 13695 2923 9263
f 9333 13695 9332
f 2923 13695 9264
f 9031 13942 13882
f 13942 9030 13882
f 9030 13942 3168
f 13942 14003 8950
f 3168 13942 8950
f 3046 9187 2985
f 9187 3046 2986
f 3047 3046 9110
f 3046 3047 2986
f 9188 3045 2985
f 3045 3046 2985
f 3046 3045 9111
f 9031 3107 13881
f 3108 13882 3109
f 9110 3108 3109
f 3108 9031 13882
f 3108 3107 9031
f 3107 3108 9111
f 2716 9614 9567
f 2672 13417 2630
f 13417 13370 2630
f 9614 13417 2672
f 13417 9614 2673
f 9614 2715 9567
f 2715 9614 2672
f 3284 3346 8797
f 8799 3282 14057
f 3282 8799 14117
f 8799 8722 14117
f 8722 3345 14117
f 3343 8723 14116
f 14173 8723 3343
f 8641 14232 3470
f 14232 8641 3406
f 3280 3281 14056
f 3281 8799 14057
f 3532 14290 8563
f 14290 3532 8486
f 8487 3532 14289
f 3532 8487 8486
f 3665 8318 8234
f 8318 3665 14413
f 3731 8150 3798
f 14532 8069 3864
f 14532 3798 8069
f 14532 3731 3798
f 3469 14231 8564
f 3469 8564 8563
f 14232 3469 8563
f 8723 8642 3406
f 8642 8723 14173
f 3469 8642 14231
f 8642 14232 3406
f 8642 3469 14232
f 3808 14538 8060
f 3875 14595 7982
f 14481 3744 3678
f 3949 14656 7902
f 14711 4006 7833
f 8480 3540 14294
f 8480 8481 14354
f 8481 3603 8398
f 14353 8482 8483
f 14293 8482 3538
f 8482 8481 3538
f 8482 3603 8481
f 3603 8482 14353
f 3738 3806 8142
f 3806 3738 8143
f 3669 3670 14416
f 8062 3874 14537
f 3534 8485 8484
f 8485 14351 8484
f 3599 8317 8316
f 3599 8485 8486
f 8485 3599 14351
f 8562 3471 3470
f 8562 3470 8563
f 14290 8562 8563
f 3408 8640 14233
f 8640 3471 14233
f 8640 3408 3407
f 3471 8640 3470
f 8641 8640 3407
f 8640 8641 3470
f 8560 8561 3535
f 8561 8560 3472
f 8561 3472 14233
f 3471 8561 14233
f 3472 3473 14234
f 8560 3473 3472
f 3473 3474 14234
f 8719 8718 3348
f 14177 8718 3411
f 3764 14494 14497
f 3763 3765 14498
f 14494 3763 14498
f 3763 14494 3764
f 3763 3764 8119
f 8286 14436 14437
f 9087 13843 9086
f 3185 13965 14027
f 13965 3185 9005
f 9004 13965 9005
f 13966 13965 9004
f 13963 8926 8923
f 14260 14202 8607
f 14260 3500 8529
f 14260 8607 3500
f 3501 14260 8529
f 14261 14260 3501
f 14144 8766 3375
f 14088 8844 14087
f 8844 14088 14089
f 3249 8844 14089
f 8844 14028 14027
f 8844 3249 14028
f 14258 8608 3499
f 3506 14258 3499
f 14258 3506 14251
f 8609 14258 14251
f 14258 8609 8608
f 3570 14316 3563
f 14316 14308 3563
f 8531 14316 3570
f 14316 8531 8530
f 14308 14316 8530
f 14308 8532 14315
f 14315 8532 3499
f 8532 3506 3499
f 3506 8532 8530
f 8532 14308 8530
f 8454 14377 14369
f 8454 8453 14377
f 8454 14369 8451
f 8453 8454 3570
f 8454 14310 3570
f 14317 8454 8451
f 14310 8454 14317
f 8457 14373 8374
f 14314 8533 8534
f 8453 14376 14377
f 8288 3628 8374
f 3628 8288 14435
f 3437 14261 8605
f 14203 3437 8605
f 14260 3437 14202
f 14202 3437 8686
f 3437 14203 8686
f 3818 8131 3751
f 8132 3818 3751
f 8132 3749 3817
f 8051 8132 3817
f 3818 8132 8051
f 14660 7972 14659
f 8621 3429 14188
f 3429 8621 14246
f 8620 3429 14246
f 14246 3492 3493
f 3492 8542 3493
f 8542 8541 3493
f 14305 8541 3556
f 8541 3494 3493
f 14189 3430 8619
f 3430 8620 8619
f 3430 14189 8700
f 3367 14131 8778
f 3305 14072 8778
f 14303 8544 3553
f 3489 14244 3488
f 14244 8624 3488
f 14244 3489 8623
f 14247 3431 8619
f 14247 8619 3493
f 3494 14247 3493
f 3821 3754 8129
f 14488 3754 3755
f 3689 8295 14428
f 8295 3689 3690
f 8213 14427 3687
f 8213 3754 14488
f 3688 8213 14488
f 8213 3688 14427
f 8383 8297 3620
f 8297 14427 3620
f 3619 8297 8383
f 14427 8297 3687
f 14365 3621 8381
f 3621 8295 8381
f 8295 3621 14428
f 3621 14365 8382
f 14365 8464 8465
f 8464 3556 3555
f 8465 8464 3555
f 8464 14365 8381
f 8464 8381 8463
f 8299 14425 3685
f 8384 3619 8466
f 8467 8384 8466
f 8766 3312 3375
f 8855 14012 8939
f 8855 3242 14012
f 14076 14015 8854
f 8855 8938 3241
f 8938 8855 8939
f 8857 3239 14010
f 3239 14011 14010
f 3622 8294 8380
f 8294 3622 14429
f 8294 3623 8380
f 8294 14429 3691
f 14431 8207 3694
f 14431 8377 3625
f 8290 8206 14433
f 8617 14192 14248
f 3495 8617 14248
f 8617 3495 14250
f 14247 8618 3431
f 8618 3494 14248
f 8618 14247 3494
f 14190 14192 14133
f 8618 14190 3431
f 14192 14190 14248
f 14190 8618 14248
f 14076 8774 14077
f 3308 8774 14076
f 14195 8616 8615
f 3433 14195 8615
f 14313 3561 8457
f 14313 14314 8534
f 14314 14313 8457
f 8535 14313 8534
f 8459 3560 8460
f 14309 14311 8536
f 3560 14311 14309
f 14311 3497 8536
f 3497 14311 8535
f 8459 14311 3560
f 14253 3433 8615
f 3497 14253 8536
f 14253 14252 3496
f 14252 14253 8615
f 8537 14253 3496
f 14253 8537 8536
f 3557 14305 3556
f 3557 8464 8463
f 8464 3557 3556
f 3558 3557 8463
f 14305 3557 3558
f 8540 3558 8539
f 8540 14305 3558
f 3494 8540 8539
f 8541 8540 3494
f 8540 8541 14305
f 3624 8293 14430
f 8379 8293 3624
f 8293 3692 14430
f 8293 8294 3691
f 8209 8293 3691
f 8293 8209 3692
f 7484 4266 4265
f 4266 7535 4265
f 4266 14995 7483
f 14995 4266 7484
f 4266 7483 7534
f 4267 14952 7534
f 7483 4267 7534
f 14995 4267 7483
f 4267 14995 7482
f 14908 7587 4220
f 7587 4169 7644
f 4169 7587 14908
f 7533 4267 7482
f 4267 7533 14952
f 14952 7533 4220
f 14953 4268 7532
f 7480 4268 14997
f 4268 7480 7532
f 7533 4268 14953
f 7431 14996 7482
f 14995 7431 7482
f 7431 14995 4311
f 7431 4311 15037
f 7431 15037 7430
f 14996 7431 7430
f 4049 4051 7710
f 4051 4049 7773
f 7538 4215 14948
f 4215 7538 14949
f 14949 7538 4263
f 7538 7487 4263
f 7538 14948 7487
f 14905 4216 7590
f 7591 4216 14905
f 7591 4215 14949
f 4216 7591 14949
f 4163 7649 7650
f 7649 4163 14903
f 7649 4111 7650
f 4111 7649 14859
f 4264 7486 14993
f 4264 7537 7486
f 7484 4260 14994
f 4264 14950 7537
f 7536 14950 4255
f 14950 4264 4255
f 7589 7536 4218
f 7588 7589 4218
f 7589 7588 14906
f 14950 7589 4217
f 7589 14950 7536
f 7708 7771 4057
f 7588 4167 14906
f 14762 7769 7836
f 7837 14709 7907
f 4002 7837 7907
f 7709 4056 4048
f 4056 7773 4048
f 4102 4111 14859
f 4111 4102 7709
f 4052 14809 7775
f 14809 4052 4161
f 4108 14809 4161
f 7710 4110 14858
f 4110 4108 14858
f 14005 3233 8947
f 14006 3233 8863
f 14006 8946 8947
f 3233 14006 8947
f 8946 14006 3173
f 3423 8707 14184
f 8707 3360 14184
f 3360 8707 3361
f 8707 3423 8706
f 3361 8707 8706
f 3299 14068 8784
f 3300 8782 14069
f 3300 14068 3299
f 3361 14127 8784
f 14127 3299 8784
f 14127 3361 8706
f 3484 3483 8550
f 3484 14241 3483
f 3484 3485 14241
f 14299 3484 8550
f 3419 8711 8630
f 3419 8629 14182
f 14183 8709 3421
f 3422 14183 3421
f 14183 3422 8708
f 8629 3420 14182
f 8709 3420 8628
f 3420 14241 8628
f 14241 3420 3483
f 3420 8629 3483
f 8631 14239 3418
f 3480 8631 14238
f 14239 8631 3480
f 3291 3225 3290
f 8633 3479 14238
f 3816 14543 8053
f 8052 3816 8053
f 14544 3816 8052
f 8133 3816 14544
f 3816 8133 3748
f 3815 3814 8054
f 8135 3814 3815
f 14543 8134 3815
f 8134 3816 3748
f 3816 8134 14543
f 14484 3682 8218
f 8302 3682 14424
f 3682 8302 8218
f 8471 3614 8388
f 3614 8302 8388
f 3553 14302 3552
f 8544 14302 3553
f 8387 8301 3616
f 14361 3616 8470
f 14361 8387 3616
f 8471 14361 8470
f 14361 8471 8388
f 14362 8469 3616
f 8547 3550 14301
f 8469 3550 8470
f 3550 8469 14301
f 3550 3549 8470
f 3550 8547 3549
f 3487 8546 3488
f 3487 8547 8546
f 8547 3487 3486
f 3487 8626 3486
f 3422 14242 3423
f 14242 8626 3423
f 14242 3422 8627
f 8626 14242 3486
f 3485 14242 8627
f 3486 14242 8548
f 14242 3485 8548
f 3423 3424 8706
f 8626 3424 3423
f 14358 8391 8474
f 8475 14358 8474
f 3544 8475 14297
f 8553 3544 14297
f 3482 14240 8630
f 14240 3419 8630
f 3419 14240 8629
f 8629 14240 3483
f 14240 8551 3483
f 14240 3482 8551
f 3545 8552 14297
f 8552 3545 3482
f 14297 8552 3481
f 8552 3482 3481
f 8867 3229 14003
f 14065 8867 3228
f 3229 8867 14065
f 8955 13939 3162
f 13939 8955 3163
f 13939 9035 3162
f 13939 3163 9035
f 8478 8395 14356
f 3672 14418 8311
f 14296 3543 8553
f 3543 3544 8553
f 8477 8478 14356
f 8477 3543 14296
f 8305 14421 3678
f 14421 8305 8391
f 8306 14421 8391
f 14120 8794 3287
f 8794 14120 3350
f 3350 14120 8717
f 14237 8633 3415
f 14236 3477 8635
f 3540 8556 14294
f 8556 3477 14294
f 9811 13210 9850
f 13333 9693 9734
f 2558 13333 9734
f 9693 13333 2596
f 9814 13206 2486
f 13206 9813 9853
f 13206 9814 9813
f 13290 9733 13249
f 2559 9733 13334
f 9733 13290 13334
f 13250 13292 9771
f 13250 9732 13292
f 13248 9734 9773
f 13289 13288 9735
f 2558 13289 9735
f 13288 13289 13247
f 13289 9774 13247
f 13289 2558 9734
f 13248 13289 9734
f 13289 13248 9774
f 2387 13104 9952
f 9953 2387 9952
f 9953 9954 13102
f 13170 9888 13169
f 9957 13098 13099
f 13098 9925 13099
f 9987 2350 13071
f 13127 9895 2413
f 13126 13127 9928
f 13094 13126 9928
f 2382 13094 9928
f 2382 9960 9961
f 13094 2382 9961
f 13131 9925 2415
f 13131 9891 9924
f 9891 13131 2415
f 13131 9924 13099
f 9925 13131 13099
f 13128 2414 9927
f 2414 13128 9894
f 9928 13128 9927
f 13127 13128 9928
f 9894 13128 2413
f 13128 13127 2413
f 13167 2416 9890
f 2450 13205 2486
f 9891 13166 9890
f 13166 13167 9890
f 13167 13166 2450
f 13246 13287 9775
f 13287 13246 9776
f 13468 9613 2673
f 9614 13468 2673
f 13468 9614 2716
f 13468 2716 9566
f 9613 13468 9566
f 13162 9894 2413
f 13162 9858 9894
f 9895 13162 2413
f 13162 9895 9859
f 13162 9859 2447
f 9858 13162 2447
f 13241 13240 9780
f 2482 2446 13198
f 2482 9860 2446
f 2482 9820 13199
f 9860 2482 13199
f 13240 13282 9780
f 9781 13240 2517
f 9781 9782 13281
f 9781 2517 9782
f 9781 13282 13240
f 13243 9778 2519
f 9778 13284 13285
f 13243 13284 9778
f 2556 9777 13285
f 13200 2483 2447
f 9819 2483 13200
f 2483 9858 2447
f 9858 2483 13201
f 13201 2483 2519
f 2483 9819 2519
f 2446 2440 13198
f 2475 2479 13197
f 2473 2475 2445
f 2475 13197 2445
f 9822 2475 2473
f 2479 2475 9822
f 13370 9659 2630
f 9700 2592 13372
f 2592 9700 13326
f 13325 2592 13326
f 9701 2592 13325
f 2513 2506 13239
f 2509 2513 13239
f 2506 2513 2507
f 2508 2513 2509
f 2513 2508 2507
f 2510 2514 13239
f 2514 2509 13239
f 2514 2510 2511
f 2508 2514 2511
f 2514 2508 2509
f 13413 2618 2625
f 2625 2618 9664
f 2618 13366 9664
f 2581 2578 13322
f 13367 13321 9707
f 13321 13367 9706
f 13366 13367 9707
f 2616 13367 13366
f 2552 13324 9702
f 2552 9702 2553
f 2552 9743 9703
f 13324 2552 9703
f 13280 2552 2553
f 9743 2552 13280
f 9704 2589 9703
f 2588 2589 9704
f 2546 2549 13279
f 2549 2551 13279
f 2549 2546 13323
f 2551 2549 13323
f 2541 2546 13279
f 2546 2541 13323
f 2946 13795 9151
f 9228 13795 13731
f 13795 2946 13731
f 9431 13602 9368
f 13602 9489 9432
f 13602 9431 9489
f 9299 13730 9298
f 13730 9299 2945
f 9591 13442 2687
f 2687 13442 9592
f 13442 9636 2645
f 13441 13442 2645
f 13442 13441 9592
f 9636 13442 13443
f 13442 9591 13443
f 13342 9726 2563
f 13298 9726 13342
f 9726 9766 2563
f 9766 9726 13298
f 13257 13298 9765
f 13257 9766 13298
f 13257 9765 2527
f 9766 13257 2527
f 9248 13711 9318
f 13709 9248 9318
f 13776 9248 9174
f 9248 13776 13711
f 9250 13708 9319
f 9250 13707 2934
f 13707 9250 9319
f 13779 9172 2997
f 9171 13779 2997
f 13779 9171 2937
f 9247 9317 13711
f 9247 13713 9317
f 13776 9247 13711
f 13779 9246 9172
f 9246 13779 2937
f 13654 9314 13717
f 3058 9171 2997
f 13780 9245 2937
f 9171 13780 2937
f 13592 9441 9498
f 9441 2881 9378
f 2773 2826 9498
f 2826 13592 9498
f 9310 13720 13710
f 9236 2941 9237
f 2941 9236 13786
f 13719 9311 9312
f 9310 9311 13720
f 13720 9311 9242
f 9311 13719 9242
f 13594 2827 9377
f 9377 2827 9378
f 9499 13536 2773
f 13536 9500 2773
f 9552 13536 9499
f 9500 13536 2725
f 13536 9552 2725
f 2824 9444 2771
f 9444 9501 2771
f 9501 9444 13589
f 2772 9501 13589
f 2772 9500 13535
f 9501 2772 13535
f 9553 9500 2725
f 9500 9553 13535
f 9554 9501 13535
f 9553 9554 13535
f 13656 13655 9312
f 9311 13656 9312
f 13656 9377 9378
f 13655 13656 9378
f 9243 9167 13771
f 2938 9167 9243
f 9167 13843 3008
f 13843 9167 9086
f 13387 2601 13341
f 9687 13387 13341
f 9685 13388 9642
f 2601 13388 9685
f 13483 9553 2725
f 13435 9598 2683
f 13434 13435 2641
f 9598 13435 13434
f 9598 13484 2683
f 9552 13484 2725
f 13484 13483 2725
f 13484 9598 13434
f 13483 13484 13434
f 9551 9552 13537
f 9551 13537 9498
f 9551 13484 9552
f 13538 9551 9498
f 2726 9551 13538
f 13486 2726 9550
f 13487 13486 9550
f 13338 13337 9690
f 2560 13337 9731
f 9729 9689 13339
f 9689 2599 13339
f 2599 9689 13338
f 9689 9729 2561
f 13338 9689 2561
f 2598 13383 9690
f 13383 2599 9690
f 2599 13383 13384
f 13381 9691 13335
f 2598 9691 13381
f 9691 9732 13335
f 2679 9605 13478
f 9502 13533 9503
f 9502 13587 2771
f 9502 9503 13587
f 2723 9556 13532
f 9556 2770 13532
f 2770 9556 13531
f 9556 9557 13531
f 9556 2723 9602
f 13431 9601 13432
f 13480 2723 9555
f 9601 13480 9555
f 2723 13480 9602
f 13431 13480 9601
f 13385 9688 13339
f 2599 13385 13339
f 9688 13385 2600
f 13385 2599 13384
f 9186 13760 2986
f 13760 9187 2986
f 3052 13827 13765
f 3052 9104 13827
f 2927 13760 9186
f 2927 9186 2987
f 2927 13697 9261
f 13697 2925 9261
f 13697 9262 2925
f 3172 8946 3173
f 14005 3171 13944
f 3171 14005 8947
f 3048 9185 2987
f 9328 9393 13638
f 9328 9327 13639
f 9328 13638 13698
f 13828 13827 9103
f 13828 9180 13827
f 3116 13828 9103
f 9179 2992 3053
f 2992 9179 13766
f 9180 2992 13766
f 2992 13828 3053
f 13828 2992 9180
f 9180 9254 13703
f 9254 9180 13766
f 9254 9323 13703
f 9323 9254 13704
f 9504 9447 2770
f 9447 13586 2770
f 9447 9504 13585
f 13586 9447 9384
f 9447 13648 9384
f 9385 9447 13585
f 13648 9447 9385
f 13530 2769 9505
f 9558 13530 2722
f 9504 13530 9505
f 13530 9557 2722
f 9557 13530 9504
f 2769 13529 9506
f 13530 13529 2769
f 13529 13530 9558
f 13529 9559 9506
f 13529 2721 9559
f 2721 13529 13477
f 13529 9558 13477
f 13584 2822 2769
f 9449 13584 9506
f 13584 2769 9506
f 13584 13647 2822
f 9386 2876 13646
f 2876 9386 2821
f 13584 9386 13647
f 2821 9386 9449
f 9386 13584 9449
f 9386 13646 9321
f 13647 9386 9321
f 14009 13948 14008
f 13948 8943 14008
f 13948 14009 8942
f 8943 13948 3176
f 13949 13948 8942
f 13947 8943 3176
f 8944 13947 3175
f 8943 13947 14008
f 13947 8944 14008
f 9025 13885 3173
f 3114 13885 9025
f 13885 3114 3113
f 9383 2823 2878
f 2823 9384 2878
f 2823 13587 9446
f 2823 9383 13587
f 13586 2823 9446
f 2823 13586 9384
f 13588 9382 2824
f 9382 13588 9445
f 9383 9382 9445
f 9382 9444 2824
f 9382 9383 13650
f 9317 9382 13650
f 2879 9382 9317
f 13651 2879 9317
f 2874 2819 9390
f 9389 2874 13643
f 2874 9389 13580
f 13893 3118 9100
f 13886 3118 13893
f 13833 3117 9100
f 13833 9101 3117
f 9101 13833 3054
f 13833 9177 3054
f 9177 13833 2994
f 3055 13833 9100
f 2994 13833 3055
f 13829 13831 3054
f 13831 9101 3054
f 9101 13831 3117
f 13770 9251 13769
f 2994 13770 13769
f 13770 2994 9176
f 13770 13707 9251
f 13707 13770 2934
f 2935 13709 9249
f 2935 9248 13709
f 13772 9176 3055
f 13770 13772 2934
f 13772 13770 9176
f 13708 13772 9249
f 13772 9250 2934
f 9250 13772 13708
f 9102 13829 3053
f 13828 9102 3053
f 9102 13828 3116
f 9102 13831 13829
f 13890 3116 13888
f 13948 13890 3176
f 9253 2932 13767
f 2932 9253 13704
f 2932 9179 13767
f 9254 2932 13704
f 9179 2932 13766
f 2932 9254 13766
f 3298 3360 8784
f 14067 3298 8863
f 3298 14068 8863
f 14068 3298 8784
f 3297 3231 8865
f 3231 14004 8865
f 3231 8948 14004
f 2816 9457 13574
f 9564 13522 2765
f 9565 13522 13470
f 13522 9564 13470
f 13520 2716 9567
f 2763 13520 9567
f 2716 13520 9566
f 9450 9451 2820
f 9508 9451 9450
f 13420 9611 2675
f 9611 13420 13470
f 9564 9611 13470
f 9611 13471 2675
f 13471 9611 9564
f 9656 13420 13373
f 9740 13283 9780
f 13282 9740 9780
f 13378 13425 9651
f 13378 9651 2596
f 9736 13288 9775
f 13287 9736 9775
f 13379 9693 2596
f 13379 9650 9693
f 9651 13379 2596
f 13425 9607 13476
f 9560 9607 13475
f 9607 9560 13476
f 13425 2636 9651
f 2636 13379 9651
f 13426 2636 2678
f 2636 13425 2678
f 9650 2636 13426
f 13379 2636 9650
f 13523 9564 2765
f 9511 13523 2765
f 2766 2819 9509
f 13525 2766 9509
f 13420 2633 13373
f 2633 9655 13373
f 2633 13420 2675
f 13421 2633 2675
f 13525 9562 9563
f 9562 13472 9563
f 9562 13525 9509
f 13526 9562 9509
f 2677 2720 13475
f 13423 2677 2635
f 13376 2595 9696
f 13376 13423 2635
f 13423 13376 9653
f 2595 13331 9696
f 13331 2595 9695
f 13331 13287 9696
f 13331 9736 13287
f 13423 9609 13473
f 13422 9609 13423
f 9610 13422 13421
f 13471 9610 13421
f 9610 13471 9563
f 13472 9610 9563
f 2634 13423 9653
f 2634 13422 13423
f 9560 13527 9507
f 13527 9508 9507
f 13527 9560 2720
f 2767 13526 9509
f 13526 2767 9508
f 2767 9451 9508
f 13580 2767 9509
f 9561 13526 9508
f 9561 13527 2720
f 13527 9561 9508
f 9562 9561 13473
f 9561 9562 13526
f 13662 9303 9370
f 9303 13662 2885
f 9434 13662 9370
f 13662 9371 2885
f 9371 13662 9434
f 9433 9369 13601
f 2943 13725 13789
f 9303 9233 13725
f 2942 9233 9303
f 13725 9233 13789
f 9158 9235 13787
f 13788 9235 9158
f 9235 13788 2942
f 9003 13909 13908
f 3185 9003 13908
f 13967 9003 3185
f 13968 3187 9002
f 13909 13968 9002
f 9003 13968 13909
f 3187 13968 8921
f 13968 13967 8922
f 13968 9003 13967
f 14030 13968 8922
f 13968 14030 8921
f 3124 9085 13904
f 13906 3124 13904
f 9006 13963 9004
f 9006 13906 13904
f 13902 9007 3123
f 9087 13902 3123
f 13902 9086 9009
f 13902 9087 9086
f 7881 14673 3967
f 14673 14672 3967
f 7744 7811 14782
f 7745 7744 14782
f 14833 7744 7745
f 8037 14555 3833
f 14555 8035 14556
f 14555 8037 8035
f 3963 14667 7887
f 14667 3963 7961
f 7961 3963 3964
f 3963 14724 3964
f 14724 3963 7887
f 7885 14668 7886
f 14668 7885 3965
f 7885 7886 14725
f 3965 7885 14725
f 14614 3902 7957
f 7956 14614 14671
f 14614 7957 14671
f 14614 14615 8034
f 14615 14614 7956
f 8036 14614 8034
f 3902 14614 8036
f 13055 10027 2317
f 10027 13055 10026
f 13055 2317 13054
f 9998 13055 13054
f 10026 13055 13056
f 13055 2338 13056
f 13055 9998 2338
f 2267 2268 13000
f 2265 2267 13000
f 2268 2267 13009
f 2267 2265 13009
f 13028 10040 2302
f 2302 10040 13049
f 13033 10040 2285
f 10040 13028 2285
f 10041 13026 2301
f 13031 10041 13041
f 10041 2301 13041
f 2284 10041 13031
f 13026 10041 2284
f 9995 2319 13058
f 9995 13059 2319
f 13059 9995 2340
f 9995 13058 9996
f 9980 9995 9996
f 9995 9980 2340
f 13045 10023 13041
f 10023 10022 13041
f 13040 10023 13045
f 10022 10023 13060
f 10023 13059 13060
f 2319 10023 13040
f 13059 10023 2319
f 9916 2390 13108
f 13113 2390 9916
f 2390 9948 13108
f 2390 13113 9948
f 14693 14696 14634
f 14749 3977 7866
f 14633 3912 8017
f 14633 14632 7940
f 14633 8017 8018
f 14632 14633 8018
f 7937 3915 14636
f 7938 14640 14634
f 7938 14694 14695
f 14694 7938 14691
f 14696 7938 14634
f 7938 14696 14691
f 8015 14578 3913
f 8096 14578 3845
f 14578 8015 3845
f 3778 14578 8096
f 14637 14640 7936
f 14640 14637 14638
f 14638 14637 3913
f 14641 14637 7936
f 14637 14641 3913
f 14902 7669 14895
f 14902 14901 7669
f 7609 14902 14895
f 14901 14902 7609
f 7400 15022 4338
f 15022 15032 4338
f 15032 15022 4294
f 15031 7401 4338
f 15032 15031 4338
f 7401 15031 15030
f 15030 15031 15021
f 15031 15032 4294
f 7451 15023 4295
f 15023 7400 4339
f 14978 4294 7503
f 14978 7504 4294
f 4142 14889 7674
f 14889 14888 7615
f 14889 4142 7675
f 14888 14889 7675
f 15024 7399 15072
f 7553 4248 14982
f 4248 7554 14982
f 14938 4248 7553
f 4248 14938 7554
f 14938 14937 7554
f 14854 14851 4146
f 7668 14854 4146
f 14854 14853 14852
f 14853 14854 7668
f 14856 14847 4146
f 14851 14856 4146
f 14847 14856 7732
f 14856 14851 7732
f 14851 14850 7732
f 14854 14850 14851
f 14946 7553 14939
f 7610 14946 14939
f 7666 4092 14849
f 4092 7729 14849
f 7667 4092 7666
f 4092 7667 14857
f 7730 4092 14857
f 7729 4092 7730
f 14937 7612 14936
f 3974 7870 14686
f 7870 14742 14686
f 7870 3974 14741
f 7870 14741 7800
f 14742 7870 7800
f 8020 3910 14631
f 3910 14630 14631
f 14630 3910 8020
f 14577 8016 3844
f 8016 14578 3844
f 8016 3912 14634
f 8016 14577 3912
f 14640 8016 14634
f 8016 14640 14638
f 8016 14638 3913
f 14578 8016 3913
f 14578 8097 3844
f 8097 14578 3778
f 8097 14521 14520
f 14521 8097 3778
f 14799 4036 7797
f 14800 14799 7797
f 14799 14800 7729
f 14799 7729 7730
f 4036 14799 7730
f 14745 7867 14744
f 7867 3976 14744
f 3976 7867 14689
f 7867 7866 14689
f 7866 7867 14745
f 3838 14567 8107
f 8106 14567 14568
f 14567 8025 14568
f 8025 14567 8026
f 14567 3838 8026
f 14740 14739 7802
f 7872 14739 14740
f 7871 7801 14741
f 7871 14740 7801
f 3974 7871 14741
f 14685 7871 3974
f 14684 7871 14685
f 7872 3973 14683
f 3973 7945 14683
f 3973 14684 7945
f 3973 7872 14740
f 7871 3973 14740
f 3973 7871 14684
f 14386 3635 14387
f 14569 14570 8105
f 14570 14569 8024
f 3839 14569 8105
f 14569 3839 8024
f 14513 3773 8104
f 14570 3773 8105
f 3773 14570 8104
f 14388 8275 3636
f 8275 8274 3636
f 8275 3635 14448
f 14387 8361 8443
f 8361 14388 8443
f 8361 8275 14388
f 3635 8361 14387
f 8275 8361 3635
f 14623 7949 7948
f 14623 14624 8026
f 14623 7948 14624
f 14510 3771 8107
f 14840 4086 7675
f 4086 14840 7738
f 7738 14840 14841
f 14840 4142 14841
f 4142 14840 7675
f 7739 14789 4030
f 4086 14789 7739
f 14789 4086 7738
f 14789 7805 4030
f 14789 7738 7805
f 4031 7737 14791
f 14790 7737 4031
f 4087 7737 14841
f 7737 7738 14841
f 7737 14790 7738
f 7876 3970 14734
f 3970 7876 14678
f 3970 7877 14734
f 14732 14733 7878
f 7808 14733 14732
f 7877 14733 14734
f 14733 7807 14734
f 7741 4084 14836
f 7678 7741 14836
f 7741 7678 14837
f 7741 4085 7740
f 4085 7741 14837
f 14788 14787 7740
f 14787 14788 7807
f 4085 7677 14838
f 7677 14887 14838
f 4140 7677 14837
f 7677 4085 14837
f 4193 7618 14930
f 4192 7618 14885
f 7618 4140 14885
f 14930 7618 14929
f 7618 4192 14929
f 14886 4193 7617
f 14886 7677 4140
f 7618 14886 4140
f 14886 7618 4193
f 14887 14886 7617
f 7677 14886 14887
f 14932 7616 14931
f 7559 14932 14931
f 14933 14934 7615
f 14933 7558 14934
f 14933 14932 7558
f 4083 14833 4138
f 4083 7744 14833
f 14730 7810 7880
f 7811 14730 14729
f 14730 7881 14729
f 7250 15208 15231
f 15230 15201 7251
f 15201 4495 7251
f 15201 15230 15231
f 15205 15201 15231
f 4495 15201 15167
f 15201 15205 15167
f 15167 7282 4459
f 15200 4496 7250
f 4496 15208 7250
f 15208 4496 15168
f 4496 15200 7249
f 7359 4378 15097
f 7359 15058 4378
f 15058 7359 15059
f 15059 7359 4379
f 7359 15097 4379
f 15143 7280 15140
f 15143 15142 7280
f 7316 15143 15140
f 15142 15143 7316
f 15105 4420 7315
f 4420 15105 15102
f 4420 15107 15099
f 15107 4420 15102
f 15107 7357 15099
f 15314 15317 4579
f 15317 15316 4579
f 15317 15314 4604
f 15316 15317 4604
f 4580 15313 15310
f 15313 4580 7173
f 15313 7150 15310
f 7172 15294 4581
f 15294 4580 4581
f 7181 4544 4543
f 15278 7181 4543
f 7181 15278 4544
f 4571 15278 15304
f 15278 4571 4544
f 7208 15251 4515
f 15251 7207 4515
f 15251 7208 4544
f 7207 15251 4544
f 7261 15222 7233
f 7233 15222 4517
f 15222 4516 4517
f 15222 7234 4516
f 4070 14824 7756
f 14824 4071 7756
f 4071 14824 7693
f 7693 14824 4125
f 14824 4070 4125
f 14773 4070 7756
f 7825 7895 14718
f 4014 7825 14772
f 7825 14719 7895
f 7825 4014 14719
f 4068 7759 14822
f 3823 8126 3756
f 8127 3823 3756
f 8126 3823 14549
f 3823 8045 14549
f 3823 3890 8045
f 3890 3823 8046
f 8205 14493 14495
f 8205 3695 14493
f 8288 14434 8204
f 14434 8288 8374
f 8205 14434 3695
f 8204 14434 14495
f 14434 8205 14495
f 14492 8206 3694
f 14492 8207 3760
f 8207 14492 3694
f 8206 14492 3761
f 8122 14492 3760
f 14492 8122 3761
f 8121 14493 3761
f 14493 8121 3762
f 8121 3829 3762
f 8049 3887 8048
f 3887 8049 14603
f 7970 3887 14603
f 14661 14660 3953
f 14661 7970 14603
f 3752 8131 3819
f 3752 14486 3751
f 8131 3752 3751
f 4126 4071 7693
f 4071 4126 7692
f 7692 4126 14873
f 4126 7633 14873
f 7633 4126 7693
f 8044 8043 14550
f 3825 8044 14550
f 8044 3825 3824
f 14662 7968 7969
f 14662 3955 7894
f 7970 14662 7969
f 7755 7754 14774
f 7893 3956 7894
f 3956 7893 14663
f 7968 3956 14663
f 3956 14662 7894
f 14662 3956 7968
f 14665 3960 7964
f 3960 14665 7890
f 3960 3961 7964
f 3960 7889 3961
f 7889 3960 14722
f 3960 7890 14722
f 14665 3959 7890
f 3959 7891 7890
f 3959 14665 7965
f 7966 3959 7965
f 7821 7754 4018
f 4075 7752 4019
f 7753 4075 4019
f 14827 4075 7689
f 4075 14827 7752
f 3825 3758 8125
f 3758 8124 3759
f 3758 3825 14550
f 8124 3758 14550
f 8125 3758 14490
f 3758 8209 14490
f 3758 3759 8208
f 8209 3758 8208
f 3822 3821 8047
f 3822 8127 3755
f 3888 14547 8048
f 14547 3888 3821
f 14547 3820 8048
f 3820 14547 8129
f 14547 3821 8129
f 4234 7518 14966
f 7518 4234 7571
f 4280 7520 7468
f 15008 4280 7468
f 7416 4280 4324
f 4280 15008 4324
f 4325 15009 7416
f 15009 4325 7415
f 4230 7575 14963
f 7521 4230 14963
f 7629 4183 4130
f 4183 7629 14921
f 7629 4182 14921
f 7572 14920 4232
f 4182 14920 7572
f 4231 14920 4181
f 7690 4074 14826
f 4074 7754 14826
f 4074 4075 7753
f 4075 4129 7689
f 4129 4074 7690
f 4074 4129 4075
f 4184 4132 14876
f 14876 4132 4131
f 14877 4132 7627
f 4132 4184 7627
f 7687 4132 14877
f 4131 4132 14828
f 4132 7687 14828
f 4323 7417 15008
f 4323 15049 7417
f 15049 4323 7372
f 4179 7632 14918
f 4177 7634 14917
f 4177 7633 7634
f 7420 4320 15047
f 4320 7420 15006
f 7420 4277 15006
f 4278 7521 14963
f 15261 4526 7225
f 15261 15266 4526
f 15266 15261 4555
f 15234 15239 4527
f 15239 15233 4527
f 15239 15234 15198
f 15233 15239 15198
f 15232 15229 7224
f 15233 15232 7224
f 15232 15233 15198
f 7252 15232 15198
f 15232 7252 15229
f 7291 4487 15161
f 4487 7291 7292
f 7292 7291 4450
f 4450 7291 4451
f 7291 15161 4451
f 15125 7293 4449
f 15191 15222 7261
f 15159 7294 4484
f 7294 4483 4484
f 7294 4447 7295
f 4483 7294 7295
f 7328 15126 4409
f 15089 7328 4409
f 7328 4449 15126
f 7328 4408 4449
f 7328 15089 4368
f 4408 7328 4368
f 4327 15051 7368
f 7414 15051 4327
f 15051 7414 4326
f 15051 7369 7368
f 7369 15051 7415
f 15051 4326 7415
f 4373 15092 7365
f 15092 4373 4413
f 4413 4373 4372
f 4373 7366 4372
f 7366 4373 7365
f 14552 8040 3829
f 8121 14552 3829
f 14552 3828 8041
f 8040 14552 8041
f 3828 14552 3761
f 14552 8121 3761
f 4329 15053 7411
f 15053 4330 7411
f 4330 15053 7365
f 15053 7366 7365
f 15053 4329 7366
f 1646 11099 5666
f 11099 1672 5666
f 1619 11099 1646
f 1673 5639 11143
f 1672 11100 5666
f 11100 1672 5665
f 11100 5665 1647
f 1620 11100 1647
f 11100 1646 5666
f 11100 1620 1646
f 1718 11220 11219
f 11220 1718 5594
f 1718 11259 5594
f 5641 11140 11180
f 1671 5641 11141
f 11140 5641 1671
f 11220 5617 11219
f 5643 11139 1669
f 5669 11139 1670
f 11139 5669 1669
f 11139 5643 1693
f 11179 11139 1693
f 5617 5618 11219
f 5618 11218 11219
f 5642 11139 11179
f 5642 11140 1670
f 11139 5642 1670
f 11138 5643 1669
f 5670 11138 1669
f 11138 5670 1668
f 5644 11138 1668
f 1795 11363 11362
f 5600 11215 11214
f 11213 5601 11214
f 5601 11213 1712
f 11178 11138 5644
f 5643 11178 1693
f 11138 11178 5643
f 11177 1692 5644
f 1692 11178 5644
f 1714 5598 11216
f 11215 1714 11216
f 11057 5725 1588
f 11020 5725 11057
f 5755 10985 1559
f 10985 5755 5754
f 5755 11020 5754
f 5755 5725 11020
f 10984 5755 1559
f 5755 11019 1588
f 5725 5755 1588
f 5755 10984 5756
f 11019 5755 5756
f 5606 11229 1726
f 5607 11229 5606
f 11229 5585 1726
f 11229 1702 5608
f 11229 5607 1702
f 11228 11229 5608
f 5585 11229 11228
f 11111 5654 1656
f 5654 11111 1681
f 5654 11112 1656
f 11112 5654 5653
f 5654 11153 5653
f 5654 1681 11153
f 1541 5771 10965
f 5771 5800 10965
f 1626 5684 11069
f 1653 5684 1626
f 5684 1653 1627
f 5684 1599 11069
f 1599 5684 1627
f 11033 5711 5740
f 11033 1599 5711
f 5717 1595 5746
f 11027 5717 5746
f 5717 11064 1595
f 5717 11027 1594
f 11064 5717 1594
f 10992 11027 1566
f 11027 10992 5747
f 5775 10992 1566
f 1565 10992 5775
f 10992 1565 5747
f 5747 5718 1594
f 11026 5718 5747
f 1594 5718 11063
f 5718 1593 11063
f 5718 11026 1593
f 12013 11978 5236
f 11978 12013 15
f 15 12013 5217
f 12013 14 5217
f 14 12013 5236
f 5250 2167 11984
f 5234 2167 5251
f 2167 5250 5251
f 5251 11947 2148
f 5250 11947 5251
f 11947 5267 2148
f 11947 5250 11951
f 5267 11947 2131
f 2131 11947 5266
f 11947 11951 5266
f 12060 12063 5211
f 12063 12060 5192
f 11452 5462 1846
f 5466 11476 1842
f 11476 5466 1855
f 1843 11450 5478
f 5492 11421 5506
f 5492 1828 5478
f 5491 5492 5478
f 5492 5491 11421
f 1828 11420 5493
f 11420 5492 5506
f 5492 11420 1828
f 5491 5477 1829
f 5477 5491 11450
f 1844 5477 11450
f 11423 1830 5489
f 1830 11423 5503
f 11422 1830 5503
f 1795 5522 5521
f 5522 1795 11361
f 1814 11393 5504
f 1814 5504 5503
f 11393 5520 5521
f 5520 1795 5521
f 1814 5520 11393
f 11363 5520 1796
f 5520 11363 1795
f 1873 11507 5437
f 1859 5449 11481
f 5449 1859 11506
f 1882 11531 5440
f 1878 11527 5444
f 5435 11527 1878
f 5428 1890 11572
f 1890 5428 11550
f 5421 11572 1900
f 5421 5428 11572
f 5428 5421 11573
f 1877 5436 11526
f 1877 11525 7915
f 1877 7915 11549
f 5436 1877 11549
f 11525 1877 7990
f 1877 5445 7990
f 5445 1877 11526
f 8070 1866 1853
f 1866 8070 11499
f 1866 11499 7990
f 1867 5445 5444
f 1854 1867 5455
f 5441 11529 1881
f 5434 11551 11552
f 5434 5435 11551
f 11502 1869 5453
f 1868 11501 5444
f 11501 1868 5455
f 11501 1867 5444
f 1867 11501 5455
f 1763 11298 5551
f 11298 1763 5571
f 5571 11261 1741
f 11261 11260 1741
f 11260 11261 5592
f 11298 11334 5551
f 5538 5558 11328
f 5519 11364 1796
f 11218 1717 11219
f 1835 5469 5483
f 5497 1835 5483
f 5484 5498 1834
f 5498 5497 1819
f 5470 5484 11456
f 5470 1835 5484
f 1801 5513 11369
f 11430 5482 5495
f 11402 5495 5510
f 1803 11402 5510
f 11429 1820 5497
f 1802 5531 11370
f 11369 1802 11370
f 5513 1802 11369
f 1848 5458 11456
f 5459 1848 11455
f 5458 1848 11483
f 1848 5459 11483
f 1849 11484 5457
f 1849 5458 11484
f 5458 1849 11456
f 1849 5470 11456
f 11423 5502 5503
f 5502 11423 5489
f 1860 5447 11482
f 5449 1860 11481
f 11509 11508 1885
f 5447 11508 11509
f 11508 5437 1885
f 11508 1873 5437
f 11222 5614 5615
f 11263 1743 5569
f 1743 11262 5570
f 5590 1743 11263
f 11262 1743 5590
f 1721 5590 11223
f 1721 11262 5590
f 1765 11301 11337
f 5548 1765 11337
f 11301 1765 5568
f 1765 5548 5568
f 5548 5528 11338
f 5530 11371 1803
f 11371 1802 1803
f 1802 11371 5531
f 11335 5530 1784
f 11371 11335 5531
f 11335 11371 5530
f 5572 1740 11297
f 5572 11298 1741
f 11260 5572 1741
f 1740 5572 11259
f 5572 11260 11259
f 11817 11814 2039
f 5347 11817 2039
f 11817 5347 11808
f 11817 11808 5337
f 11814 11817 5337
f 5394 11699 11704
f 11706 11699 5394
f 11699 11710 11704
f 11710 11699 11706
f 1982 11748 11742
f 11751 1982 11742
f 1982 5378 11726
f 5378 5370 11743
f 11743 5370 11767
f 5370 1982 11752
f 1982 5370 5378
f 5360 2000 11743
f 5360 11762 2000
f 5360 11743 11767
f 11766 11762 11787
f 11762 11766 2000
f 11730 5386 11734
f 11730 1982 11726
f 11730 11726 11713
f 5386 11730 11713
f 8083 11487 3786
f 11487 3921 8002
f 3785 8083 11460
f 8165 3785 11460
f 3785 11459 8084
f 11459 3785 8165
f 3785 3852 8083
f 7999 3856 11490
f 3856 7999 7998
f 3850 8006 14589
f 8086 3850 14589
f 3782 3783 14531
f 3782 8086 3783
f 3651 8336 8250
f 3651 11403 8336
f 11432 3651 8250
f 3651 11432 8335
f 11403 3651 8335
f 14410 8421 8422
f 8421 3584 8422
f 8421 11403 3583
f 11403 8421 8336
f 8421 14410 8336
f 11431 8252 3716
f 8252 8251 3716
f 8336 8252 11431
f 3649 8252 8336
f 8251 8252 8337
f 8252 3649 8337
f 8163 3719 11461
f 3786 8163 11461
f 11462 8163 3786
f 8163 11462 8162
f 3719 8163 8162
f 8166 11458 3784
f 11458 3783 8085
f 3784 11458 8085
f 11458 8167 3783
f 8167 11458 3716
f 11458 8166 3716
f 3717 11459 8165
f 3717 8166 11459
f 11432 3717 8165
f 3717 11432 8250
f 8166 3717 8250
f 7929 7928 11512
f 7929 11536 7928
f 11536 7929 11535
f 8004 3920 11512
f 11511 3920 8004
f 3920 7929 11512
f 7929 3920 11511
f 7927 11513 7928
f 11537 7927 7928
f 11513 7927 3921
f 3921 7927 8002
f 11537 3982 7856
f 3982 11537 7857
f 14465 14469 8259
f 14469 14465 3713
f 8174 14469 3713
f 14469 8174 14467
f 8005 3916 3919
f 3914 3916 8005
f 11510 3916 3914
f 11559 11560 7857
f 3982 11560 7856
f 11560 3982 7857
f 7861 14756 7792
f 7862 14756 14700
f 14756 7861 14700
f 14701 14702 7934
f 14701 7861 14702
f 14700 14701 7934
f 7861 14701 14700
f 14644 8012 7934
f 8012 14642 7934
f 8012 8011 14587
f 8011 8012 14644
f 3846 8012 14587
f 14642 8012 8014
f 8012 3846 8014
f 8093 3779 8095
f 8093 14524 3779
f 8093 3846 8094
f 3780 8093 8094
f 14524 8093 3780
f 14580 8093 8095
f 8093 14580 3846
f 3846 14580 8014
f 8092 8090 8175
f 8090 8172 8175
f 8172 8090 8173
f 8090 8092 8011
f 8010 8090 8011
f 8168 8169 3715
f 3714 8168 3715
f 8168 3714 14529
f 3782 8168 14529
f 8169 8168 14531
f 8168 3782 14531
f 8171 3714 8256
f 8255 8171 8256
f 8170 8171 8255
f 3714 8171 14529
f 8171 8170 14529
f 8008 3847 8010
f 8090 3847 8088
f 3847 8090 8010
f 14643 8010 14646
f 14643 8008 8010
f 14468 14467 8175
f 14466 14468 8175
f 14530 8174 3713
f 14530 3780 8091
f 14530 8091 8092
f 8174 14530 8092
f 13988 8901 3201
f 8901 13988 14050
f 8901 8900 3201
f 13988 3200 8902
f 3200 13928 13987
f 8902 3200 13987
f 8984 13988 13929
f 8984 3142 13928
f 3142 8984 13929
f 3200 8984 13928
f 8984 3200 13988
f 3328 14110 8823
f 14110 3266 8823
f 8745 14110 3328
f 14110 8745 14167
f 3331 8742 14170
f 8900 14052 3202
f 8900 13989 3201
f 13989 8900 3202
f 13989 8983 3201
f 13990 3203 8981
f 14171 3394 8740
f 3394 14171 8661
f 8661 14171 14229
f 14171 3393 14229
f 8662 3455 14229
f 3393 8662 14229
f 3455 8662 14228
f 8662 14170 14228
f 8662 3393 14170
f 14225 3451 8586
f 14224 3451 8666
f 3451 14225 8666
f 3389 8746 8667
f 8746 3389 14166
f 14166 3389 8666
f 3389 14224 8666
f 14224 3389 8667
f 8502 11341 3520
f 8502 3522 11341
f 3522 8502 3583
f 8502 8421 3583
f 8421 8502 3584
f 3584 8502 8503
f 8502 3520 8503
f 11341 11346 8579
f 3522 11346 11341
f 8579 11346 8578
f 11346 3522 8578
f 11305 3458 8659
f 8660 11305 3395
f 11305 8659 3395
f 8508 3515 8509
f 3515 14283 8509
f 14283 3515 8585
f 3515 14284 8585
f 8257 14471 14472
f 14471 3646 14463
f 8257 3646 14471
f 3646 8257 8343
f 3518 8504 14287
f 8582 3518 14287
f 14230 3457 8660
f 3457 11305 8660
f 8987 3139 13925
f 8987 13926 3139
f 8987 13925 13984
f 3198 8987 13985
f 8987 3198 13926
f 13926 13865 9066
f 13865 3075 9066
f 3075 13865 9065
f 3140 13926 8986
f 13865 3140 9065
f 3140 13865 13926
f 3140 13866 9065
f 13866 3140 9064
f 14035 8837 14036
f 3254 8837 14035
f 8837 3254 14095
f 8837 8836 14036
f 3254 3317 14095
f 3317 3254 14094
f 3317 14094 8759
f 14152 3317 8759
f 3317 14152 14095
f 8591 14277 3511
f 14277 14219 3448
f 14277 8591 14219
f 13979 13980 8992
f 13979 8992 13920
f 13979 8993 8911
f 8993 13979 13920
f 14043 13981 8909
f 13981 14043 8908
f 14043 8830 3261
f 14043 14044 8908
f 14043 3261 14044
f 14400 3647 3645
f 3642 8266 14398
f 8352 8266 3642
f 14396 8435 8436
f 14396 8353 14397
f 8435 14396 14397
f 8512 3512 14336
f 14337 8512 14336
f 8512 14337 14338
f 8512 14338 8511
f 8434 14397 14398
f 8434 8435 14397
f 8435 8434 14336
f 8434 14337 14336
f 3577 14339 8511
f 8265 3711 14460
f 8265 14459 8179
f 3711 8265 8179
f 14522 3779 14523
f 3779 14522 8096
f 14522 3778 8096
f 14522 14521 3778
f 14522 3711 8179
f 14521 14522 8179
f 14577 8098 14576
f 8098 3777 14576
f 8098 14577 3844
f 8097 8098 3844
f 3777 8098 14520
f 8098 8097 14520
f 3777 14519 8099
f 14519 3777 14520
f 14575 14574 8019
f 3708 8269 14454
f 8352 8267 14457
f 8267 8352 8353
f 14396 3641 8353
f 3641 8267 8353
f 3641 8436 14395
f 3641 14396 8436
f 13986 8904 14048
f 3198 8904 13986
f 8904 3198 13985
f 4673 7082 4649
f 4673 4670 7082
f 4670 4673 7060
f 4718 7025 11927
f 11928 4718 11927
f 11896 4718 7043
f 4741 7006 4754
f 7006 11961 4754
f 4753 7006 7007
f 7007 7006 11927
f 7006 11928 11927
f 7006 4753 11960
f 11961 7006 11960
f 11929 7006 4741
f 7006 11929 11928
f 4697 4698 11868
f 4698 11869 11868
f 7061 11841 4668
f 7061 4697 11841
f 7080 2069 2084
f 2069 2068 7081
f 7038 11902 11872
f 7038 11871 11901
f 2117 7038 11901
f 11902 7038 2117
f 11843 7058 7081
f 7058 2069 7081
f 2069 7058 2084
f 4675 4674 11842
f 11869 4675 11842
f 4674 4675 7082
f 2099 7040 11900
f 7058 2099 11871
f 2099 7058 11843
f 2068 2066 7081
f 2066 7103 7104
f 2066 2068 7103
f 11796 2025 2024
f 2024 2025 11773
f 7100 2043 11822
f 7101 2043 2040
f 11822 2043 7101
f 2043 11797 2040
f 11798 7123 7122
f 7123 7100 7122
f 7123 2043 7100
f 11797 7123 11798
f 2043 7123 11797
f 2070 7079 7078
f 11821 2070 7078
f 7079 2070 11820
f 2070 11821 11820
f 4462 4422 7313
f 11688 4422 4462
f 4383 4422 11682
f 4422 11681 7313
f 4422 4383 11681
f 11683 4423 7311
f 11683 4384 4423
f 11686 7348 1945
f 11678 11686 7347
f 7348 11686 11678
f 11678 1938 7392
f 11679 1938 11678
f 11690 4424 7311
f 11684 4424 11690
f 4424 11683 7311
f 4424 11684 7350
f 11683 4424 7350
f 11667 7393 7392
f 7393 11677 7392
f 11676 4385 7349
f 11677 11676 7349
f 4385 11676 7350
f 11676 11683 7350
f 11630 5405 11631
f 1925 11630 5406
f 5405 11630 1925
f 11630 11629 5406
f 11630 5410 11629
f 5408 11632 1919
f 7491 7440 1933
f 7439 7491 1933
f 11628 7652 1915
f 7594 11628 1915
f 7652 11628 7651
f 11628 1916 7651
f 1916 11628 7593
f 1923 7594 11644
f 1923 11645 7593
f 11628 1923 7593
f 1923 11628 7594
f 7540 1923 11644
f 11645 1923 7540
f 11645 1924 7593
f 11629 1924 5406
f 1924 11629 7593
f 1924 11646 5406
f 11646 1924 5403
f 1924 11645 5403
f 1939 7390 11669
f 1939 11679 11680
f 7390 1939 11680
f 7850 11543 3987
f 11543 11542 3987
f 11542 11543 7921
f 11543 7920 7921
f 11543 7850 7920
f 4045 4101 7717
f 4101 4045 7718
f 7719 4100 4044
f 11586 7782 4044
f 4100 11586 4044
f 11586 4100 7718
f 11586 4045 7782
f 4045 11586 7718
f 11624 7598 1920
f 7658 11605 4099
f 11605 7720 4099
f 7720 11605 7719
f 11605 4100 7719
f 11605 7658 4153
f 4100 11605 4153
f 11621 4151 7602
f 4203 11621 7602
f 11621 4203 7601
f 11622 11621 7601
f 7721 11583 7722
f 4042 11584 7785
f 4042 7721 11584
f 11583 4042 7785
f 4042 11583 7721
f 11621 7659 4151
f 4152 7659 11622
f 7659 11621 11622
f 11620 7660 4150
f 7660 11620 4151
f 11635 11634 7550
f 7603 11635 11636
f 4202 7603 11636
f 7603 4202 11620
f 4202 11636 7602
f 11620 4202 7602
f 7606 11616 4199
f 7606 11617 11616
f 7606 4199 11633
f 11616 4147 7665
f 11617 4147 11616
f 4200 7605 11633
f 7605 7606 11633
f 7606 7605 11617
f 11617 7605 11618
f 7605 4200 11618
f 11560 11561 7856
f 4149 11618 7604
f 11619 4149 7604
f 4149 11619 7662
f 11619 7603 4150
f 7661 11619 4150
f 11619 7661 7662
f 3985 11540 7853
f 11540 3985 11541
f 11563 3985 7853
f 11541 3985 7852
f 3985 11563 7852
f 11584 4043 7784
f 7720 4043 11584
f 7720 11604 4099
f 11604 7720 7721
f 11604 4152 4099
f 11604 7659 4152
f 11547 1888 7916
f 11547 7846 1888
f 11524 11547 7916
f 7846 1887 11569
f 11547 1887 7846
f 7848 11567 7780
f 11568 7848 7780
f 4342 11674 7352
f 11674 4383 7352
f 11674 4341 11673
f 11681 11674 11673
f 4383 11674 11681
f 11682 11675 7352
f 11675 4342 7352
f 11676 11675 11683
f 11664 4342 11665
f 7440 11668 1933
f 1938 11668 7392
f 11668 11667 7392
f 11668 7440 11667
f 7439 11668 11669
f 11668 7439 1933
f 11666 11665 7394
f 7441 11666 11667
f 11666 7393 11667
f 1896 11588 7780
f 11588 1896 7716
f 11588 7715 7780
f 7715 11588 7716
f 1905 7716 7717
f 11625 7655 4154
f 11625 11624 1920
f 11624 11625 4154
f 11651 7548 4251
f 7548 11651 7496
f 7497 11651 4251
f 7445 11651 7497
f 4250 7549 11636
f 4250 11635 7550
f 11635 4250 11636
f 7549 4250 11650
f 11650 4250 7498
f 11649 4250 7550
f 7498 4250 11649
f 12067 462 466
f 462 12067 6941
f 6960 462 6958
f 459 456 6941
f 459 12068 464
f 12068 459 6941
f 12029 459 464
f 6958 459 12029
f 456 459 6958
f 12030 451 6975
f 6974 451 12030
f 6975 451 447
f 447 451 6992
f 445 11993 6991
f 11993 445 12031
f 445 6974 12031
f 6896 12202 91
f 68 6896 91
f 6896 68 12160
f 6913 12120 46
f 12120 6930 46
f 6930 12120 12079
f 12079 12120 47
f 47 12120 69
f 12120 6913 69
f 26 6946 12040
f 6946 26 12041
f 6946 6964 12040
f 6946 12041 5228
f 6964 6946 5228
f 12122 5189 48
f 12122 12081 5189
f 12122 48 5168
f 12081 12122 49
f 49 12122 5167
f 12122 71 5167
f 12122 5168 12163
f 71 12122 12163
f 2085 7057 11872
f 2085 7079 7057
f 7079 2085 7078
f 2085 7056 7078
f 2101 2085 11872
f 2085 2101 7056
f 11873 7055 2086
f 11873 2101 7036
f 2087 11848 5322
f 2087 5309 11848
f 2072 2087 5322
f 2086 2071 7078
f 2063 2071 2086
f 2071 11822 7078
f 2071 7100 11822
f 2071 2063 7100
f 11933 2154 2136
f 11933 2118 7019
f 11933 2136 2118
f 11931 2134 7021
f 11931 7021 4720
f 11931 7022 4742
f 7022 11931 4720
f 2116 11932 7020
f 2134 11932 2116
f 2119 11904 7036
f 11903 2119 7036
f 2119 11903 7018
f 2119 7018 2137
f 5309 11847 11874
f 7055 11847 2086
f 4733 11926 7026
f 4734 11926 4733
f 11926 4738 7026
f 11926 4737 4738
f 7008 4752 4744
f 7008 4734 4733
f 4745 7008 4744
f 4751 7008 4733
f 4752 7008 4751
f 7008 4745 4738
f 4737 7008 4738
f 4749 11958 4751
f 4752 11958 6991
f 11958 4752 4751
f 11958 4747 6991
f 4747 4748 7009
f 4748 4749 7009
f 11958 4748 4747
f 4748 11958 4749
f 11998 1 6969
f 1 11998 6986
f 1 6986 11963
f 6987 1 11963
f 1 6987 6969
f 12038 6949 24
f 6948 12038 24
f 12038 6948 6966
f 12038 6967 6949
f 6916 12117 66
f 12117 6916 44
f 12159 6916 66
f 44 6916 12118
f 6915 12159 67
f 6915 45 12118
f 6915 67 45
f 6916 6915 12118
f 6915 6916 12159
f 529 6882 12198
f 6900 529 12198
f 12156 529 6900
f 529 12156 6901
f 1972 1975 5385
f 2021 11797 11798
f 11710 5388 11718
f 5388 11710 11723
f 11710 1967 11723
f 1967 11702 11698
f 11702 1967 11705
f 11703 11710 11706
f 11703 5394 11705
f 11703 11706 5394
f 1967 11703 11705
f 11703 1967 11710
f 5391 7389 11680
f 7389 5391 5396
f 7347 5391 11680
f 5385 5391 1945
f 5391 7347 1945
f 1997 5373 5364
f 5373 1997 11740
f 11779 5365 2013
f 5376 11756 11737
f 11850 5306 2089
f 5307 11850 2089
f 11851 11877 2105
f 5306 11877 11851
f 11850 11877 5306
f 11877 5292 2105
f 11878 11851 2105
f 5291 11878 2105
f 11878 11879 11852
f 2074 11825 5321
f 5333 11825 2074
f 5332 5344 5333
f 5303 11879 2107
f 2014 11780 5364
f 11780 2014 5353
f 2014 2034 5353
f 2034 2014 11779
f 5352 11803 11804
f 5352 11780 11803
f 5381 5388 11723
f 11719 11727 5387
f 11727 11728 5387
f 1999 5361 11761
f 1999 5370 11752
f 5361 1999 11751
f 5370 1999 11767
f 5165 73 12125
f 73 5165 12124
f 5205 5186 12084
f 5205 12084 30
f 5206 5205 12045
f 5205 30 12046
f 12045 5205 12046
f 29 5205 5206
f 5186 5205 29
f 5166 12123 72
f 5166 50 12123
f 12124 5166 72
f 50 5166 12124
f 2161 5241 5240
f 11974 2161 5240
f 2161 11974 5257
f 5241 2161 11973
f 2161 5258 11973
f 5258 2161 5257
f 2163 5255 11975
f 2145 5255 2163
f 5256 5257 2162
f 11975 5256 2162
f 5257 5256 2143
f 5255 5256 11975
f 5256 5255 2144
f 11904 2102 7036
f 7035 2102 11904
f 2102 7035 11874
f 2102 11873 7036
f 11847 2102 11874
f 11873 2102 7055
f 2102 11847 7055
f 2120 7035 11904
f 2120 11935 2138
f 5279 2120 2138
f 2141 11939 5260
f 2159 2141 5260
f 11939 2141 5259
f 2141 2159 5259
f 9 12006 5224
f 12006 9 5243
f 12007 9 5224
f 9 11972 5243
f 9 12007 5242
f 11972 9 5242
f 11784 11794 5348
f 11788 11784 5348
f 11762 11772 11787
f 11772 11793 11787
f 11793 11772 11767
f 11772 5360 11767
f 5360 11772 11762
f 11765 2017 11767
f 1999 11765 11767
f 3081 9059 13872
f 9059 3081 13871
f 13872 9059 3145
f 9059 13871 3145
f 14054 3270 14055
f 8897 14054 14055
f 8898 14054 3204
f 14054 8897 3204
f 8741 14113 3331
f 3333 14114 8740
f 14114 3333 3270
f 14113 14114 3269
f 13674 2838 9423
f 2838 9480 9423
f 9480 2838 9422
f 2893 9359 9292
f 9359 13674 9292
f 9359 2838 13674
f 2838 9359 9422
f 9422 9359 13612
f 9359 13675 13612
f 13675 9359 2893
f 13611 9360 9423
f 9360 13674 9423
f 9360 13611 2837
f 13673 9360 2837
f 9292 9293 13737
f 13674 9293 9292
f 9293 9223 13737
f 9293 13673 13736
f 9223 9293 13736
f 9294 2891 13672
f 2891 9361 13672
f 2891 9294 13673
f 9361 2891 13673
f 3012 3072 9145
f 13802 3012 9145
f 3072 3012 9146
f 3012 13802 9146
f 13801 3011 9146
f 3011 3071 9146
f 3011 13801 9147
f 3071 3011 9147
f 13980 3195 8991
f 3195 13981 8991
f 3195 13980 8909
f 13981 3195 8909
f 14150 3379 8760
f 14034 3253 8838
f 14034 8838 14035
f 14034 8917 14033
f 3253 14034 14033
f 8916 14034 14035
f 9001 13910 13969
f 9001 9080 13910
f 8920 9001 13969
f 9001 8920 13970
f 14032 8920 14029
f 13970 8920 14032
f 3189 13971 9000
f 13970 3189 9000
f 14093 8760 14094
f 3253 14093 14094
f 8839 14093 3253
f 8841 8839 14032
f 8840 8841 14032
f 14030 8842 14031
f 14091 8842 14090
f 14090 8842 8843
f 8842 14030 8843
f 9075 13856 3068
f 3005 9153 13793
f 3005 13794 9153
f 3005 9154 3067
f 13666 2888 9367
f 9300 13666 9367
f 13666 9299 2888
f 13854 3132 9076
f 13854 3005 3067
f 3005 13854 9076
f 9077 13854 3067
f 3132 13854 9077
f 13852 9078 3066
f 13852 13851 9079
f 13851 13852 3066
f 3131 13852 9079
f 9078 13852 3131
f 13853 9078 3131
f 9078 13853 3066
f 13853 9077 3067
f 9154 13853 3067
f 13912 8999 3131
f 8999 13912 13971
f 8600 3441 14209
f 8600 14266 14267
f 14268 8600 14267
f 8600 14268 3441
f 14210 8599 8679
f 14210 3441 8599
f 14210 8680 3441
f 14152 14210 8679
f 8680 14210 14152
f 8528 14319 8527
f 14319 8528 14318
f 14266 8601 14265
f 8601 3440 14265
f 8601 8600 14209
f 8600 8601 14266
f 14149 8762 3378
f 8683 14207 3378
f 14207 3440 14208
f 8603 3439 14263
f 14263 3439 8604
f 3439 14205 8604
f 14205 3439 14206
f 3439 8683 14206
f 3439 14207 8683
f 3439 8603 14264
f 14207 3439 14264
f 3314 8843 14089
f 3314 14090 8843
f 14147 3377 8684
f 8685 3377 14146
f 3377 8685 8684
f 14091 8763 3315
f 8763 14091 14090
f 3314 8763 14090
f 8763 3314 14147
f 8523 14324 14325
f 14324 3568 14325
f 14324 3504 8524
f 3504 14324 8523
f 3568 14324 8445
f 14563 8030 8029
f 14564 3770 8110
f 8189 14510 14511
f 3772 8106 14511
f 14510 3772 14511
f 3772 14510 8107
f 14567 3772 8107
f 3772 14567 8106
f 3765 14499 14496
f 14504 8194 3701
f 8194 8280 3701
f 8280 8194 14443
f 14384 8364 14385
f 8364 8278 14445
f 8364 14384 3633
f 8278 8364 3633
f 14323 14324 8524
f 8368 8283 3631
f 9373 9375 13659
f 9375 13596 9438
f 9375 9373 13596
f 9375 9309 13659
f 9309 9375 9308
f 2775 9439 2828
f 2828 9439 9376
f 13594 9439 9496
f 9439 2775 9496
f 9439 13594 9377
f 9594 13489 13439
f 13489 9594 2728
f 9594 9548 2728
f 9594 13488 9548
f 2642 13437 9641
f 13438 13437 2684
f 13437 13438 9641
f 13389 2642 9641
f 2602 13389 9641
f 2642 13389 9642
f 13389 9685 9642
f 13389 2602 9685
f 2774 13538 9498
f 9441 2774 9498
f 2727 13487 9550
f 13487 2727 9549
f 13539 2727 9550
f 2727 13539 9549
f 13599 9371 9434
f 13599 2830 9371
f 13599 2778 9492
f 2778 13599 9434
f 3062 13848 9160
f 13848 9158 13787
f 9160 13848 13787
f 13848 3127 9081
f 3127 13848 13909
f 13975 8996 13915
f 8996 3132 13915
f 3132 8996 13916
f 13916 8996 3192
f 8996 13975 3192
f 14038 8914 14037
f 8914 8915 14037
f 8914 14038 3192
f 13975 8914 3192
f 8914 13974 8915
f 8914 13975 13974
f 13976 8995 3192
f 9227 9297 13731
f 2946 9227 13731
f 9227 13732 9297
f 9227 2946 13732
f 3256 8835 14037
f 3256 14037 14036
f 8836 3256 14036
f 14096 3256 8836
f 3193 13978 8994
f 13978 3193 8912
f 3135 8993 13920
f 3135 13859 9072
f 13859 3135 13860
f 3135 9071 13860
f 9071 3135 13920
f 14039 3258 8834
f 3258 14039 14038
f 8835 3258 14038
f 14039 14040 8912
f 13978 14040 8911
f 14040 13978 8912
f 14101 8832 14100
f 2947 13733 9226
f 2947 9150 13797
f 9150 2947 9226
f 13733 2947 13734
f 13734 2947 9225
f 2947 13798 9225
f 13798 2947 13797
f 3009 9150 13796
f 9150 3009 3069
f 9151 3009 13796
f 3069 3009 9151
f 9149 13798 13797
f 9149 3010 13798
f 13558 9531 2739
f 9531 13558 13562
f 13459 2696 13460
f 13508 2696 13459
f 2696 13508 13505
f 2786 9532 13557
f 9480 2786 13557
f 2786 9422 13612
f 2786 9480 9422
f 10341 964 960
f 10095 964 10341
f 964 10095 10089
f 964 10088 960
f 964 10366 10088
f 8656 8735 3399
f 3459 8656 3399
f 8656 3337 8735
f 8656 3398 3337
f 3337 11273 11239
f 3398 11273 3337
f 11273 8812 11239
f 11273 8734 8812
f 8813 11237 11239
f 11237 8813 3274
f 3274 8813 11197
f 3275 8813 11239
f 8813 11195 11197
f 11195 8813 3275
f 11232 11276 8735
f 11276 11232 3336
f 3276 8810 11238
f 8810 3276 8811
f 11199 8889 8890
f 3276 11199 8890
f 11199 3276 3277
f 11378 3588 8498
f 3524 8499 3525
f 8499 11378 3525
f 3585 8501 11375
f 8420 3585 11375
f 11376 3585 3586
f 3585 11376 8501
f 11404 3652 8334
f 11404 3585 8420
f 3652 11404 8335
f 11404 8420 8335
f 8417 8418 11406
f 8417 3588 11378
f 8332 8417 11406
f 11407 8417 8332
f 8417 11407 8416
f 3588 8417 8416
f 8736 3336 11231
f 11274 8736 11231
f 8736 11276 3336
f 8736 11270 11276
f 11269 8658 3397
f 8658 11311 3397
f 8657 3460 8578
f 11311 3460 8657
f 3460 8579 8578
f 11268 3334 8738
f 3334 3335 11230
f 3334 11268 3335
f 3334 11230 8816
f 3271 3334 8816
f 3334 3271 14115
f 8738 3334 14115
f 8577 8656 3459
f 8656 8577 3461
f 8894 11154 8895
f 11154 3206 8895
f 3206 11154 8977
f 8977 11154 11114
f 11154 8894 11114
f 11155 11115 11118
f 11115 11155 8975
f 11118 11115 3148
f 11116 8974 11122
f 11161 8974 11159
f 8974 11116 11121
f 3208 8974 11121
f 11156 8974 3208
f 3084 11076 9054
f 3084 9054 11077
f 3084 3085 9131
f 3085 3084 11077
f 11041 3084 9131
f 3024 3084 11041
f 11076 3084 11080
f 3084 3024 11080
f 9055 11079 3148
f 11079 9055 11080
f 9055 11076 11080
f 11115 9055 3148
f 11076 9055 3149
f 9055 11115 3149
f 8891 11161 11197
f 11195 8891 11197
f 8891 11195 11200
f 3210 8891 11200
f 8891 3210 11157
f 8980 13931 8981
f 3144 13931 8980
f 11044 9209 11043
f 11044 3023 11040
f 11044 11040 2963
f 9209 11044 2963
f 3083 3082 11074
f 3083 3023 3082
f 9056 3083 11074
f 3023 3083 9132
f 3083 3024 9132
f 3024 3083 11079
f 12818 10206 10216
f 12818 2192 10206
f 2192 12818 12817
f 2187 12818 10216
f 12817 12818 10217
f 12818 2187 10217
f 1054 6320 10463
f 6320 1054 1053
f 6320 1083 10463
f 1083 6320 10462
f 10048 6320 1053
f 10462 6320 10048
f 10032 10494 1080
f 10493 10032 1080
f 10032 10493 10033
f 10005 10560 1166
f 10560 10005 1138
f 10560 10006 1166
f 10560 1137 10006
f 10081 994 10089
f 964 994 10366
f 994 964 10089
f 10366 994 10080
f 994 10081 10080
f 6151 10652 6150
f 10652 6151 1251
f 6151 10651 1251
f 6151 1219 10651
f 10684 1252 6122
f 1252 10652 6122
f 1252 10684 6121
f 10652 1252 6150
f 6151 1220 6180
f 1220 6151 6150
f 6180 1220 1190
f 1220 10620 1190
f 6179 1191 6208
f 10620 6179 6208
f 6179 6149 1221
f 6149 6179 6150
f 6179 1220 6150
f 1220 6179 10620
f 1192 6178 6177
f 6178 1192 6207
f 6206 1192 6177
f 10589 1192 6206
f 6207 1192 10589
f 6178 10621 1222
f 1222 10621 6148
f 10621 1221 6148
f 10621 6179 1221
f 10621 6178 1191
f 6179 10621 1191
f 1044 6354 6327
f 10450 1044 6327
f 1044 10420 6354
f 1044 10450 6326
f 10420 1044 6353
f 1044 6326 6353
f 6382 10387 985
f 10387 6382 1015
f 10387 1015 6381
f 6182 10618 6211
f 6182 1218 10618
f 1218 6182 10617
f 6182 1188 10617
f 1188 6182 6211
f 10585 1160 6211
f 6210 10585 6211
f 1189 6209 10586
f 6210 1189 10586
f 1189 6210 10618
f 1187 10583 6213
f 1187 6212 10583
f 1187 6213 6184
f 1157 6214 10582
f 6244 1157 10582
f 6214 1157 10581
f 1157 6244 10581
f 1185 6186 6215
f 6186 10614 6215
f 6186 1185 10613
f 6185 1186 6214
f 10614 6185 6214
f 1186 6185 10615
f 6185 1216 10615
f 1216 6185 6156
f 10544 6276 1124
f 1124 6276 10510
f 6276 10511 10510
f 10545 6276 10544
f 6276 10545 1125
f 10511 6276 1125
f 1008 10409 6389
f 10378 1008 6389
f 1008 6365 10409
f 1008 10378 6390
f 1008 6390 10408
f 6365 1008 10408
f 1264 6113 10663
f 6113 1264 10693
f 10663 6113 1265
f 6113 10694 1265
f 10694 6113 10693
f 1238 10667 10668
f 10667 1266 10668
f 1116 6258 10534
f 6258 1116 1144
f 1172 10598 6201
f 6230 1172 6201
f 1172 6231 6202
f 10598 1172 6202
f 6231 1172 10565
f 1172 6259 10565
f 6259 1172 6230
f 10631 1234 6142
f 1235 10631 6142
f 10631 1235 6171
f 6172 10631 6171
f 1234 10631 6172
f 1236 10633 6170
f 1235 1236 6170
f 6140 1236 10664
f 1236 6140 10633
f 1236 6141 10664
f 1236 1235 6141
f 1206 6169 6168
f 10601 1206 6197
f 1206 1207 6197
f 1207 1206 6168
f 1293 6081 10696
f 6081 6111 10696
f 6081 1294 6080
f 6081 1293 1294
f 6111 10665 10696
f 10665 6112 10696
f 10665 6140 10664
f 6112 10665 10664
f 10695 6082 10696
f 6112 10695 10696
f 10695 10694 6082
f 10695 6112 10694
f 6167 10635 1238
f 10635 6167 6168
f 10635 6168 10634
f 10635 10667 1238
f 999 10370 6375
f 6375 10370 998
f 10370 6400 998
f 6400 10370 969
f 10370 6423 969
f 6423 10370 970
f 970 6399 10371
f 6399 999 10371
f 10370 6399 970
f 6399 10370 999
f 10373 1002 10404
f 10403 1001 6372
f 1001 10402 6372
f 10402 1001 6398
f 1030 6371 10403
f 6371 1030 10404
f 6371 1002 10403
f 1002 6371 10404
f 6346 10432 1028
f 1027 6374 6375
f 6348 1027 6375
f 1027 6348 6347
f 1027 6346 1028
f 6373 1027 1028
f 10464 6319 1084
f 6319 10464 1055
f 10464 6318 1055
f 6260 6231 10565
f 1143 6260 10565
f 6260 10532 6261
f 6260 1143 10532
f 6288 1114 10532
f 1113 1114 10498
f 1114 1113 10532
f 1085 6288 10465
f 6318 1085 10465
f 10464 1085 6318
f 1085 1084 10498
f 1085 10464 1084
f 1143 10533 10532
f 10533 6288 10532
f 6288 10533 1115
f 10533 1143 6259
f 10533 6259 1144
f 10533 1116 1115
f 1116 10533 1144
f 1142 10531 6262
f 10531 1142 6261
f 6291 1112 10497
f 1112 10531 10497
f 1112 6291 10530
f 1112 10530 6262
f 10531 1112 6262
f 997 6401 968
f 6376 6401 997
f 6401 6376 10369
f 10368 10086 993
f 10086 996 993
f 10086 967 996
f 10368 10399 997
f 10399 6376 997
f 10078 10399 993
f 10399 10368 993
f 1025 10064 1026
f 6376 1025 1026
f 10399 1025 6376
f 10064 1025 10429
f 1025 10399 10078
f 1025 10078 1024
f 1025 1024 10065
f 10429 1025 10065
f 10367 10087 991
f 10087 995 991
f 961 10087 10367
f 10087 961 966
f 995 10087 966
f 10365 962 10090
f 992 10365 10090
f 10365 10089 962
f 10365 992 10089
f 6424 940 968
f 6424 937 940
f 937 6424 969
f 6422 6423 970
f 6423 6422 10344
f 6422 942 10344
f 10345 6422 970
f 942 6422 10345
f 6522 858 864
f 858 6522 10261
f 10272 6522 864
f 6522 10272 10261
f 10249 6532 10248
f 10249 10251 6532
f 10249 10248 851
f 10249 851 855
f 10251 10249 855
f 10254 854 6528
f 10254 6527 854
f 6527 10254 861
f 857 10254 6528
f 10254 857 10263
f 861 10254 10263
f 10255 6527 861
f 6527 10255 855
f 6485 892 6499
f 6498 892 6485
f 892 880 6499
f 892 10284 880
f 892 6498 10284
f 10296 6487 905
f 6487 10295 905
f 6487 10296 887
f 890 6487 887
f 10295 6487 890
f 10283 891 6499
f 891 10283 887
f 891 6486 6499
f 10296 891 887
f 891 10296 6486
f 879 10283 876
f 10283 879 6512
f 879 876 864
f 10271 878 6512
f 6512 878 10282
f 878 6513 10282
f 6513 878 867
f 878 10271 867
f 10271 868 6523
f 858 868 864
f 868 858 6523
f 868 10271 6512
f 868 879 864
f 879 868 6512
f 6415 10350 976
f 10376 6415 976
f 926 6468 10313
f 6468 926 10314
f 10315 928 6452
f 928 6434 6452
f 6434 928 10330
f 10377 6366 1007
f 6366 10377 6391
f 979 6413 6390
f 6414 10352 6435
f 10377 6414 6391
f 871 6509 882
f 871 6519 6520
f 10273 871 6520
f 6509 871 10273
f 10256 6526 855
f 10256 10258 6526
f 10255 10256 855
f 10258 10256 862
f 10256 10255 862
f 6526 10257 863
f 10257 10267 863
f 10258 10257 6526
f 10267 10257 10265
f 10257 10258 10265
f 10540 1123 10506
f 10541 1123 10540
f 1123 10541 10507
f 10540 1151 10574
f 10539 6252 1150
f 10538 10539 10505
f 6252 10539 10538
f 6288 1086 10465
f 1086 6287 1087
f 10432 1057 6345
f 1057 10433 6345
f 10433 1057 1058
f 6315 10467 1058
f 6315 1087 10467
f 1057 6315 1058
f 1118 10536 6284
f 1118 6256 10536
f 1087 1088 10467
f 6286 1088 1087
f 1088 6314 10467
f 6314 1088 1089
f 1088 6285 1089
f 10500 6286 1087
f 6286 10500 1116
f 6287 10500 1087
f 1116 10500 6287
f 6343 6342 1031
f 6342 6343 10435
f 1031 6342 1032
f 1032 6342 6341
f 6342 10435 6341
f 1119 6283 6284
f 6283 1090 6284
f 1090 6283 10503
f 10537 6283 1119
f 6283 10537 10503
f 6393 6416 975
f 6393 1005 976
f 6416 6393 976
f 6416 947 975
f 1004 10374 10405
f 10374 6370 10405
f 6370 10374 1003
f 10348 946 6439
f 923 6471 10310
f 6471 923 10311
f 923 6457 10311
f 10309 6459 6473
f 10567 1146 6257
f 10567 6228 1146
f 1148 10569 1177
f 10569 6226 1177
f 10569 1148 6255
f 6226 10569 1176
f 1147 10569 6255
f 1176 10569 1147
f 955 10358 6429
f 955 6429 6430
f 955 6430 954
f 10356 955 954
f 6385 983 1012
f 983 6385 10382
f 6385 10413 10382
f 6360 6385 1012
f 10413 6385 6360
f 10383 6384 984
f 6384 10385 984
f 6384 10383 1013
f 10385 6384 10415
f 10415 6384 6359
f 6384 1013 6359
f 5915 1440 10883
f 1440 10882 5884
f 10883 1440 5884
f 1440 5916 10882
f 1440 5915 10853
f 5916 1440 10853
f 5917 10881 1439
f 5916 5917 1439
f 1438 5917 10852
f 10881 5917 1438
f 10852 5917 1415
f 5917 5916 1415
f 1491 5857 10938
f 10910 5857 1491
f 5857 10910 1490
f 5857 10937 10938
f 5857 1490 10937
f 10909 5888 1489
f 5858 10909 1489
f 10879 10909 5887
f 5888 10909 10879
f 10909 1490 5887
f 10909 5858 1490
f 1467 10885 5881
f 10885 1467 1442
f 10885 1442 5913
f 10884 10885 5913
f 10885 10884 1466
f 10915 5880 1467
f 10915 5881 5852
f 10915 1467 5881
f 5799 10966 1542
f 10966 5799 1516
f 5829 10966 1516
f 10966 5800 1542
f 10966 5829 5800
f 1570 5769 10997
f 1571 10998 5740
f 10998 1570 5740
f 1570 10998 5769
f 10998 1571 5768
f 5709 11034 5710
f 5709 11035 5739
f 11034 5709 5739
f 1600 11071 5710
f 11071 1600 5682
f 11071 5709 5710
f 5709 11071 11072
f 1655 11071 5682
f 5680 5681 1656
f 11072 5681 5680
f 11073 11072 5680
f 11073 1602 5708
f 11073 5680 1630
f 5679 11073 1630
f 11073 5679 1602
f 5853 10914 5882
f 10914 5853 1494
f 10914 1466 5882
f 10914 1494 5881
f 10885 10914 5881
f 10914 10885 1466
f 10708 1275 6099
f 1275 10678 6128
f 10678 1275 6098
f 1275 10708 6098
f 10677 1275 6128
f 6099 1275 10677
f 1335 6034 10770
f 6034 1361 10770
f 6097 10679 1276
f 6126 10679 6097
f 10679 6126 1248
f 10680 6126 1277
f 6096 10680 1277
f 6125 10680 6096
f 1249 10680 6125
f 6154 10616 6184
f 10616 6154 1217
f 10616 1187 6184
f 10650 6124 1250
f 6152 10650 1250
f 6094 10712 1279
f 6064 10712 1306
f 10712 10711 1306
f 10712 6095 10711
f 10712 6094 6095
f 6091 1281 10714
f 10715 6091 10714
f 1281 6091 10685
f 10685 6091 6090
f 6091 10715 6090
f 10715 6061 6060
f 6060 6061 10744
f 1309 6061 10714
f 6061 10715 10714
f 6061 1337 10744
f 1337 6061 1309
f 10809 10807 5963
f 10807 10811 5963
f 10807 10809 1374
f 10723 10722 6053
f 10722 10723 6083
f 10723 6053 1292
f 6083 10723 1292
f 10775 10747 6028
f 10775 5998 10747
f 5999 10775 6028
f 5998 10776 6027
f 10776 10777 6027
f 10777 10776 5997
f 10776 10805 5997
f 6174 10597 1201
f 6174 6173 10597
f 6173 6174 1232
f 1232 6174 10629
f 6174 1201 6175
f 10629 6174 6175
f 5875 1472 10920
f 5875 1447 10891
f 1472 5875 10891
f 5875 10920 5845
f 5846 10919 1501
f 10919 5846 5876
f 10919 5847 1501
f 10919 5876 5877
f 5847 10919 5877
f 1469 10888 5879
f 10917 1469 5879
f 5876 10889 5877
f 1446 10889 5876
f 10889 1446 5909
f 10889 1471 5877
f 1445 10889 5909
f 1471 10889 1444
f 10889 1445 1444
f 10776 10804 10805
f 10859 5910 1444
f 1395 5910 10859
f 5910 10888 1444
f 10888 5910 5879
f 5969 1366 5879
f 5849 10917 1498
f 5849 1499 10917
f 5820 5849 1498
f 1499 5849 5820
f 5948 10825 1414
f 10852 5948 1414
f 10826 5948 10852
f 5977 10826 1387
f 5948 5977 10825
f 5977 5948 10826
f 6008 10794 10795
f 6009 10794 6008
f 10794 6009 10793
f 5980 10794 10793
f 5979 10794 5980
f 10736 1330 6039
f 1330 10736 6069
f 10736 6039 1303
f 6069 10736 1303
f 10707 6069 6099
f 10707 6099 10677
f 1274 10707 10677
f 10707 1274 6100
f 6070 10707 6100
f 10706 6070 6100
f 6070 10706 6071
f 6071 10706 6101
f 10706 10676 6101
f 10676 10706 6100
f 1302 1330 6069
f 10707 1302 6069
f 1302 10707 6070
f 1330 1302 6040
f 1302 6071 1329
f 1302 6070 6071
f 6009 1358 10765
f 1358 6039 10765
f 1358 1331 6039
f 10849 5921 5920
f 5921 10849 1412
f 1412 10849 5950
f 5950 10849 1413
f 10849 5920 1413
f 5921 1435 10877
f 10876 1435 5922
f 10877 1435 10876
f 10848 1411 5922
f 1435 10848 5922
f 10848 1435 5921
f 10848 5951 10822
f 1411 10848 10822
f 10848 1412 5951
f 10848 5921 1412
f 5939 1398 1396
f 1421 5939 1396
f 1422 5939 1421
f 1398 5939 1399
f 10860 1424 1448
f 5906 5874 1474
f 1503 5874 10921
f 5874 5844 1474
f 5874 1503 5844
f 10895 5903 10894
f 5872 10895 10894
f 10896 10895 5872
f 10895 1453 5903
f 10895 10896 1453
f 1476 10890 5873
f 1476 5873 5843
f 10926 5840 1507
f 10926 1507 5839
f 1479 10926 5869
f 5840 10926 1479
f 10926 1481 5869
f 1481 10926 5839
f 1351 10758 6047
f 1324 1351 6047
f 1351 1324 10757
f 1269 10670 6107
f 10670 1269 6136
f 1268 10670 6137
f 10670 1268 6107
f 10670 1240 6137
f 10670 6136 1240
f 1326 6075 1298
f 6045 1326 1298
f 6075 1326 10731
f 1326 1353 10731
f 1326 6045 1353
f 1354 10761 6013
f 10761 1354 6014
f 10789 10761 6014
f 6013 10761 5984
f 10761 10789 5984
f 10732 1327 6043
f 6073 10732 6043
f 1327 10732 6044
f 6103 6073 10704
f 6103 10704 1272
f 10674 6103 1272
f 6103 10673 1271
f 6103 10674 10673
f 6104 10703 1271
f 10703 6103 1271
f 6103 10703 6073
f 5924 10845 10874
f 1433 5924 10874
f 5924 1433 10846
f 5924 5954 10845
f 5954 5924 1410
f 5924 10846 1410
f 5862 1486 10932
f 1486 5863 10932
f 5863 1486 5892
f 1486 1458 5892
f 5805 10961 5834
f 1511 5805 5834
f 5805 1511 10960
f 5776 5805 10960
f 10961 5805 1538
f 5805 5775 1538
f 5805 1565 5775
f 1565 5805 5776
f 11524 1876 7991
f 1876 11525 7991
f 1876 11524 7916
f 11525 1876 7916
f 1908 11611 7651
f 11611 1908 7713
f 11611 7652 7651
f 11611 7713 7652
f 5410 11612 1916
f 11612 1908 1916
f 11612 5410 1909
f 1908 1899 7713
f 1899 7776 11571
f 1889 7844 11549
f 7844 1889 11571
f 7844 1890 11549
f 1890 7844 11572
f 7844 7776 11572
f 7776 7844 11571
f 5468 1841 11447
f 1841 5480 11447
f 5480 1841 5467
f 1840 8151 11473
f 5468 1840 11473
f 11446 1840 5468
f 1852 8070 11472
f 8070 1852 8071
f 11470 8153 1838
f 8239 11441 3725
f 11441 8156 3725
f 1822 8239 11442
f 11413 1822 8324
f 8325 1822 11413
f 1822 8325 8239
f 11495 7994 1863
f 8074 11495 1863
f 7995 11495 3859
f 11495 7995 7994
f 8075 3792 11468
f 3792 8155 11468
f 3792 8075 3859
f 3792 11469 8155
f 3792 8074 11469
f 11495 3792 3859
f 3792 11495 8074
f 8155 1837 11442
f 11469 1837 8155
f 8154 1837 11469
f 11449 5479 1842
f 11476 11449 1842
f 1828 11449 5478
f 5479 11449 1828
f 11449 1843 5478
f 5479 11448 1842
f 11448 5467 1842
f 11448 5480 5467
f 11448 5479 5493
f 5508 1810 5509
f 1827 11448 5493
f 11448 1827 5480
f 11420 5507 5493
f 1812 5507 5506
f 5507 11420 5506
f 1775 11361 5541
f 1775 5561 11325
f 11248 1731 5605
f 1709 11248 5605
f 1731 11248 5584
f 8801 11248 1709
f 9047 1634 11085
f 11086 9046 1635
f 11086 1634 9047
f 9046 11086 1660
f 11086 9047 1660
f 11286 5564 5584
f 11284 1729 11246
f 1729 11284 8725
f 1729 8725 11247
f 8802 1729 11247
f 1729 8802 11246
f 11320 11284 1750
f 11320 1770 8567
f 1731 5583 11249
f 11287 5583 1731
f 11249 5583 1732
f 5583 11288 1732
f 5583 11287 1753
f 5583 5563 11288
f 5563 5583 1753
f 5626 1687 11171
f 1687 5650 11132
f 11210 1710 11211
f 5626 11210 11211
f 5627 11210 5626
f 11210 5604 1710
f 5604 11210 5605
f 11210 5627 5628
f 5605 11210 11209
f 11210 5628 11209
f 5651 11170 11171
f 5651 11131 11170
f 5651 1687 11132
f 1687 5651 11171
f 1663 5651 11132
f 5651 1663 11131
f 11130 5652 1662
f 5652 11131 1662
f 5652 11169 1686
f 5652 11130 11169
f 11170 5652 1686
f 11131 5652 11170
f 5623 11213 11214
f 5623 5624 11213
f 5624 5623 11174
f 5676 1663 11132
f 1663 5676 11090
f 11133 5648 1665
f 5703 5676 1612
f 5676 5703 11090
f 5789 1527 5819
f 1527 5789 5818
f 1551 9275 10976
f 9276 9275 1551
f 11010 9275 9276
f 1526 10947 5820
f 9344 1523 10976
f 9344 1524 1523
f 9344 9343 1525
f 9407 9344 1525
f 1524 9344 9407
f 11088 9045 1662
f 5674 11092 1665
f 1642 5698 1615
f 5672 5671 11095
f 1642 5672 11095
f 5671 5672 1668
f 1667 5672 11094
f 5672 1642 11094
f 1668 5672 11136
f 5672 1667 11136
f 1616 11095 1643
f 5697 1616 1643
f 1616 1642 11095
f 1616 5698 1642
f 1616 5697 11056
f 5698 1616 11056
f 11016 5729 5758
f 5729 11016 1585
f 1586 5727 11018
f 11055 5699 1615
f 5698 11055 1615
f 11055 1586 5699
f 1586 11055 5727
f 5757 1586 11018
f 1586 5757 5728
f 5784 1558 5756
f 1558 5784 5814
f 1608 11047 9127
f 1608 11086 1635
f 1634 1608 9127
f 11086 1608 1634
f 9205 1579 11009
f 9205 11009 9277
f 9205 1577 1578
f 1577 9205 9277
f 9128 11046 1578
f 11046 9205 1578
f 9205 11046 1579
f 1579 11046 9127
f 5788 10949 5818
f 5818 10949 1501
f 10949 5846 1501
f 5846 10949 5817
f 8969 11125 3153
f 1682 8968 8885
f 11205 1682 8885
f 1659 11126 8967
f 11126 1682 8967
f 1682 11126 8968
f 3086 9050 3087
f 9130 3086 3087
f 3152 11082 9051
f 3086 11082 9050
f 9050 11082 3153
f 11082 3152 3153
f 11082 3086 9130
f 11082 9130 11008
f 9051 11082 11008
f 3152 11124 8969
f 11240 8809 11238
f 8809 3276 11238
f 3276 8809 3277
f 3277 8809 8808
f 8809 11240 8808
f 8651 11278 8652
f 3403 8651 8650
f 8651 11315 8650
f 8571 11352 8570
f 11352 3528 8494
f 11352 8571 3528
f 3279 8806 11203
f 8807 3279 11203
f 3279 11242 8806
f 3279 8807 11242
f 11241 3278 8808
f 3278 11241 8807
f 11202 3278 8807
f 8807 3341 11242
f 11241 3341 8807
f 3341 11241 8731
f 3278 11201 8808
f 11201 3278 11202
f 11201 3277 8808
f 11201 3211 8889
f 11199 11201 8889
f 11201 11199 3277
f 1749 11283 8727
f 1749 8727 11282
f 11318 1749 11282
f 1728 11245 8727
f 11283 1728 8727
f 1728 11283 8726
f 1728 8726 11246
f 8965 11168 11129
f 1661 8965 11129
f 9046 8965 1661
f 11207 11208 8882
f 1708 11208 8802
f 11208 11207 8802
f 8801 11208 1708
f 11208 8801 11209
f 8802 1707 11246
f 11207 1707 8802
f 11204 8805 11205
f 8805 11204 1705
f 11205 8805 1706
f 8805 1705 11243
f 11244 8805 11243
f 8804 11244 11245
f 8805 8804 1706
f 8804 8805 11244
f 8727 1727 11282
f 11244 1727 8727
f 12526 12575 4885
f 12526 302 12575
f 4912 12526 4885
f 302 12526 4913
f 301 4942 12524
f 301 4914 4942
f 4915 301 12524
f 301 4915 4887
f 12574 301 4887
f 4914 301 12574
f 12525 302 4913
f 302 12525 4886
f 12525 4914 4886
f 4914 12525 4942
f 12445 230 4987
f 12438 12445 4987
f 12445 12438 4961
f 12441 12437 255
f 12437 4962 255
f 4988 12437 229
f 12437 12441 229
f 4962 12437 254
f 12437 4988 228
f 254 12437 228
f 12351 12354 179
f 12226 5106 12222
f 12226 12225 5106
f 5128 12226 12222
f 12225 12226 5128
f 132 5105 5083
f 5082 132 12263
f 132 5083 12263
f 5105 132 12223
f 5104 132 5082
f 12223 132 5104
f 388 12719 4796
f 12719 417 4796
f 4797 12719 4827
f 12719 388 4827
f 417 12719 4768
f 12719 4797 4768
f 4795 417 4767
f 4795 12720 417
f 418 4795 4767
f 4795 418 389
f 12720 4795 389
f 12685 12686 4844
f 12637 12685 4844
f 12685 399 12686
f 399 4815 12734
f 12783 4756 4757
f 12736 4756 4813
f 4756 427 4757
f 427 4756 12734
f 4786 12738 12728
f 427 12738 4786
f 12738 427 12739
f 12776 423 4761
f 423 12776 4760
f 12776 4761 12775
f 12786 12776 12775
f 12776 12786 4760
f 12738 397 12728
f 397 12738 4816
f 12632 4848 4847
f 4848 12679 4847
f 4848 12632 337
f 366 4817 4847
f 12679 366 4847
f 4819 394 4789
f 4788 4819 4789
f 4819 4820 394
f 12780 12779 12775
f 12779 12787 12775
f 12779 12780 4758
f 12787 12779 4758
f 12787 12778 12775
f 12784 12785 4759
f 12786 12784 4759
f 12785 12784 12775
f 12784 12786 12775
f 12689 12687 4845
f 12687 12688 4845
f 4815 12687 12689
f 12688 12687 4815
f 12688 12641 4845
f 4845 12641 339
f 339 12641 4875
f 4875 12641 340
f 12641 12639 340
f 12638 12642 340
f 4791 4762 12725
f 4791 421 4762
f 421 4791 12724
f 4821 4791 12725
f 4791 4821 12724
f 248 12430 4970
f 274 248 4970
f 4996 4995 12385
f 222 4995 4996
f 4995 12386 12385
f 4995 222 12430
f 12477 4968 249
f 12299 175 5064
f 175 5042 5064
f 175 12299 5043
f 12343 12342 199
f 5042 12342 12343
f 175 12342 5042
f 12342 175 5043
f 5017 12344 200
f 12389 5017 200
f 12344 5017 5016
f 5017 12389 5016
f 6572 12702 372
f 12702 6572 401
f 372 12702 6571
f 12702 401 6571
f 12620 4860 12571
f 326 12620 12571
f 4860 12620 355
f 12619 4861 12570
f 4861 326 12570
f 4861 12619 12667
f 4861 12620 326
f 4861 12667 355
f 12620 4861 355
f 12569 4919 12520
f 4919 12569 297
f 12520 4919 4947
f 4919 4946 4947
f 4919 297 4946
f 325 12569 4892
f 4862 325 4892
f 325 4862 12619
f 325 12619 4891
f 12569 325 4891
f 12560 4872 317
f 12560 6660 316
f 12511 12560 4929
f 6660 12560 12511
f 12609 12560 316
f 4872 12560 12609
f 4842 12657 375
f 4842 346 12657
f 4842 375 12706
f 346 4842 12706
f 374 6600 12656
f 6600 345 12656
f 6569 6600 374
f 12705 6600 6569
f 6600 12705 375
f 12657 6600 375
f 345 6600 12657
f 6720 6693 12507
f 724 6693 6720
f 6693 724 6665
f 6693 12556 12507
f 12556 6693 6665
f 12555 6694 6666
f 12555 753 6665
f 724 12555 6665
f 6694 12555 724
f 12604 6635 753
f 12604 752 6636
f 752 12604 6666
f 12604 6636 783
f 12652 12604 783
f 12604 12652 784
f 6635 12604 784
f 12604 12555 6666
f 12555 12604 753
f 4897 12614 321
f 12614 4897 4867
f 12614 4866 321
f 12614 350 4866
f 12614 4867 350
f 12242 6837 6857
f 12243 6837 136
f 6837 12243 6857
f 6837 12282 6816
f 12282 6837 135
f 6837 12242 135
f 12283 6837 6816
f 136 6837 12283
f 6926 479 12107
f 494 6926 12107
f 6926 494 504
f 6926 484 479
f 484 6926 474
f 6926 473 474
f 496 6926 504
f 6926 496 12108
f 473 6926 12108
f 6943 6944 458
f 6944 6943 12066
f 6943 458 463
f 12066 6943 463
f 6944 461 460
f 461 6944 465
f 460 461 6961
f 461 6959 6961
f 461 465 6959
f 499 500 12106
f 499 502 500
f 502 499 501
f 497 499 12106
f 499 497 501
f 6910 517 12147
f 6910 520 517
f 520 6910 516
f 6910 12147 495
f 516 6910 495
f 6873 537 538
f 541 537 6873
f 12271 6829 589
f 6829 12271 567
f 6849 12271 589
f 12271 6849 567
f 12360 638 6779
f 12359 638 12360
f 638 12359 6780
f 638 12405 6779
f 12405 638 6755
f 12404 638 6780
f 638 12404 6755
f 12195 6904 6885
f 6904 12195 527
f 12195 6884 527
f 548 12195 6885
f 12195 548 6865
f 6884 12195 6865
f 12154 508 6921
f 12154 6921 507
f 528 12154 6903
f 527 12154 507
f 12154 527 6903
f 508 12154 6902
f 12154 528 6902
f 6882 12197 550
f 12197 529 6901
f 529 12197 6882
f 6902 12197 6901
f 528 12197 6902
f 12155 6902 6901
f 509 12155 6901
f 12155 509 6920
f 508 12155 6920
f 12155 508 6902
f 691 12452 6753
f 691 6727 6726
f 12452 691 6726
f 12313 6806 612
f 612 6806 12358
f 6806 12357 12358
f 12357 6806 611
f 611 6806 12312
f 6806 12313 12312
f 636 12357 6783
f 12357 636 6782
f 12402 636 6783
f 6782 636 12402
f 12499 6701 6728
f 12500 6701 718
f 6701 12499 6673
f 6701 6727 6728
f 6701 12500 6727
f 6672 6701 6673
f 718 6701 6672
f 12450 12499 6728
f 12499 12450 6729
f 690 12450 6728
f 6729 12450 6755
f 12450 690 6755
f 717 6729 6702
f 717 12499 6729
f 717 6702 6674
f 12548 717 6674
f 717 12548 6673
f 12499 717 6673
f 639 6754 12406
f 12405 6754 639
f 6754 6753 12406
f 6754 691 6753
f 12275 6846 592
f 6846 12275 571
f 6846 12235 6866
f 12235 6846 571
f 6883 6864 6863
f 6883 6863 550
f 12197 6883 550
f 6883 528 12196
f 6883 12197 528
f 549 6884 6865
f 6864 549 6865
f 6884 549 12196
f 549 6883 12196
f 6883 549 6864
f 6817 12281 158
f 12324 6817 158
f 6817 12282 135
f 12281 6817 135
f 182 12369 6793
f 12324 182 6793
f 6898 12200 89
f 12200 6898 88
f 88 6898 12158
f 6898 66 12158
f 6898 12159 66
f 12159 6898 89
f 6879 6860 111
f 12200 6879 111
f 6879 6880 552
f 6860 6879 552
f 6880 6879 12199
f 6879 88 12199
f 6879 12200 88
f 5119 5097 120
f 5118 5119 120
f 12210 5119 5118
f 5097 5119 5120
f 5119 12210 5120
f 12289 166 142
f 5075 166 12290
f 166 5075 142
f 166 12289 12332
f 12331 5054 165
f 5054 12289 165
f 5054 12331 12332
f 12289 5054 12332
f 5028 12379 12334
f 191 5028 12334
f 12379 5028 12378
f 5028 191 12378
f 190 5030 12377
f 5029 190 12377
f 5030 190 12332
f 190 5029 12333
f 190 12333 12290
f 12173 79 5136
f 102 12173 5136
f 80 12173 102
f 12012 5218 14
f 12012 14 11977
f 5237 12012 11977
f 12012 5237 13
f 5219 12012 13
f 5218 12012 5219
f 12052 5216 5198
f 5216 12052 5197
f 12052 5198 36
f 5197 12052 36
f 5330 5342 2055
f 5342 11803 2055
f 11803 5342 11804
f 5329 5328 2057
f 11805 2036 5351
f 2036 11805 5350
f 2036 11782 5351
f 11792 2036 5350
f 2036 11792 11782
f 5341 11805 5351
f 11805 5341 2057
f 5341 5329 2057
f 5328 5339 2057
f 5339 11806 2057
f 5339 5328 5327
f 11806 5339 11815
f 5339 11810 11815
f 5340 11805 2057
f 11806 5340 2057
f 5340 11806 11805
f 15353 15352 15355
f 15357 15353 15355
f 15352 15353 7107
f 15353 15357 7107
f 6629 786 788
f 793 6598 15508
f 793 6629 758
f 798 15497 6626
f 15497 798 766
f 15511 798 6626
f 6594 798 15511
f 798 6594 829
f 623 15440 622
f 623 631 15440
f 15440 6788 621
f 6788 631 621
f 631 6788 15440
f 736 6655 15486
f 6655 736 15485
f 15513 799 6593
f 6624 799 15513
f 6683 6712 15475
f 709 6712 6683
f 6712 6684 15475
f 15466 6737 710
f 6737 15466 6710
f 6737 6736 683
f 6736 6737 6710
f 15442 6787 632
f 15441 6787 15442
f 6787 15441 621
f 6787 15448 632
f 15448 6787 621
f 576 585 15431
f 580 576 15431
f 585 576 6833
f 576 15437 6833
f 10226 2187 12807
f 2187 10226 12805
f 10226 12807 10234
f 12805 10226 10234
f 4346 4347 7385
f 4348 4346 7385
f 4346 4348 15075
f 7344 4346 15075
f 4347 4346 7344
f 4310 4304 15036
f 4306 4310 15036
f 4304 4310 7432
f 4310 4306 7432
f 4302 4305 7432
f 7484 4302 7432
f 4302 7484 4301
f 4302 4301 15036
f 4305 4302 15036
f 15395 7047 15393
f 15395 7028 7027
f 4642 4662 7090
f 4662 4663 7090
f 4662 7068 4663
f 7089 7067 4664
f 7067 15365 4664
f 4663 7067 7089
f 15365 7067 4663
f 4690 15368 15367
f 7046 15381 15382
f 15381 15365 15382
f 4685 15363 4659
f 15363 7070 4659
f 15379 15363 4685
f 4660 15363 15379
f 7070 15363 4660
f 7092 7069 4661
f 7069 7092 4660
f 4687 7069 4686
f 7069 15379 4686
f 7069 4660 15379
f 7091 4662 4642
f 7091 4641 4661
f 7091 15347 4641
f 7091 4642 7112
f 15347 7091 7112
f 7135 7134 15327
f 7135 4620 7112
f 7134 7135 7112
f 15326 7135 4595
f 7135 15326 4620
f 4621 7111 4622
f 4621 7134 7111
f 4597 4621 4622
f 4621 4597 7157
f 7134 4621 7157
f 7051 4676 15390
f 4705 7051 15390
f 7031 4703 4706
f 15378 7050 4685
f 15378 4685 4659
f 7071 15378 4659
f 15378 7071 15362
f 15346 4639 7093
f 15346 7114 4639
f 15346 7093 4640
f 7113 15346 4640
f 7114 15346 7113
f 4594 7160 4618
f 15303 7160 4594
f 4592 15302 7162
f 15302 4592 4567
f 15302 4566 7162
f 15302 4567 4566
f 7075 7098 4653
f 7075 4635 7098
f 4635 7075 4655
f 15375 7075 15359
f 7075 4653 15359
f 7097 4635 4655
f 4629 7097 4630
f 4635 7097 15343
f 7097 4629 15343
f 7097 4636 4630
f 7097 4655 7074
f 4656 7097 7074
f 7097 4656 4633
f 4588 4585 15322
f 4585 4588 7165
f 4609 7141 4606
f 4609 4608 7141
f 4609 4606 7119
f 7118 4609 7119
f 4608 4609 7118
f 15272 4559 4562
f 15272 4529 4559
f 7189 15272 4562
f 4529 4532 7190
f 4532 15244 4535
f 7190 4532 4535
f 7167 15298 15297
f 15298 15271 15297
f 15271 15298 4559
f 15298 4587 4562
f 4559 15298 4562
f 15298 4586 4587
f 15298 7167 4586
f 15269 15242 7192
f 15269 4533 15242
f 15296 15269 7192
f 7191 15269 15296
f 4533 15269 7191
f 4530 4536 7215
f 4536 4531 7215
f 7189 4536 4530
f 4531 4536 7189
f 4709 15393 4708
f 7028 4709 4708
f 4709 15395 15393
f 15395 4709 7028
f 7033 4726 4704
f 4726 7032 4704
f 4726 7033 4724
f 4726 4724 7016
f 431 4726 7016
f 7015 4726 431
f 429 430 6996
f 432 429 6996
f 429 7013 430
f 429 432 7013
f 15406 7029 15408
f 4730 15406 15408
f 4728 7013 4725
f 7013 4728 434
f 4728 4725 4703
f 15377 4676 7072
f 4654 15377 7072
f 15377 4654 15361
f 15377 15361 4682
f 7052 15377 4682
f 4676 15377 7052
f 4650 4651 4682
f 7073 4650 4682
f 4651 4650 7096
f 4652 4657 7096
f 4652 7073 4657
f 4650 4652 7096
f 4652 4650 7073
f 4441 4442 15121
f 7299 4442 4441
f 15121 4442 7335
f 4442 4443 7335
f 4479 15155 15187
f 7299 15155 4479
f 15155 7299 4441
f 7239 4511 7238
f 7266 7239 7238
f 7239 4510 7212
f 7239 7212 15248
f 4511 7239 15248
f 4406 7330 4366
f 15087 4406 4366
f 4406 15087 7331
f 4406 7331 15124
f 4406 15124 4447
f 7330 4406 4447
f 4010 14767 7763
f 14767 4010 7830
f 14767 4009 7763
f 4009 14767 7830
f 14712 7831 7901
f 14867 14866 7640
f 7761 7762 4066
f 7761 4066 14820
f 7698 4121 14820
f 14869 4121 14868
f 4121 7698 14868
f 14957 4223 7582
f 4223 14913 7582
f 14867 7639 14868
f 14912 14867 7640
f 14912 7639 14867
f 14913 14912 7582
f 7639 14912 14913
f 4120 14867 7699
f 14818 4120 7699
f 4120 14818 7700
f 14866 4120 7700
f 4120 14866 14867
f 14819 14818 7699
f 14818 14819 7762
f 7762 14819 4066
f 14819 7698 4066
f 14868 14819 7699
f 7698 14819 14868
f 7974 14600 7975
f 7974 3883 14600
f 14601 7974 14658
f 7974 3951 14658
f 7973 14601 14658
f 14601 7973 3885
f 7972 7973 14659
f 7973 7972 3885
f 14713 4009 7830
f 7831 14713 7901
f 14713 7831 4009
f 4010 14714 7830
f 7973 3952 14659
f 3952 7973 14658
f 14715 7828 14716
f 7828 7827 14716
f 7378 4360 15045
f 4401 7336 15121
f 7336 4441 15121
f 7336 4400 4441
f 4400 7336 4360
f 7336 7377 4360
f 7377 7336 4401
f 4429 15115 4427
f 15116 4429 7305
f 4429 15116 15115
f 15152 15151 4475
f 15152 7303 15151
f 15184 15152 4475
f 15153 15152 15184
f 7303 15152 4439
f 7340 15117 7339
f 15117 15116 4431
f 15116 15117 7340
f 4228 7577 7524
f 7577 4177 14917
f 14918 4229 7575
f 4229 7522 7575
f 4229 7523 7522
f 14916 7579 4225
f 7579 14916 4175
f 7579 4175 14915
f 4224 7579 14915
f 7579 14960 4225
f 7579 4224 14960
f 4176 7578 14917
f 4176 14916 7578
f 7634 4176 14917
f 7474 15004 4274
f 15004 7474 4272
f 7474 4273 4272
f 7525 7474 4274
f 7474 7525 4273
f 7525 4226 7526
f 4273 7525 7526
f 4270 15001 7477
f 4270 7478 15001
f 7382 15079 4357
f 15041 7382 4357
f 15078 7382 7383
f 15079 7382 15078
f 7428 7427 14999
f 7428 15041 7427
f 14998 7428 14999
f 7428 14998 4313
f 15119 4399 7338
f 4399 15120 7337
f 15041 7381 15042
f 15042 7381 15081
f 7381 15080 15081
f 7381 15041 4357
f 15080 7381 4357
f 4315 15043 7425
f 4315 7426 15043
f 15002 4315 7425
f 7426 4315 15002
f 4358 7380 15081
f 4398 4358 15081
f 4399 4440 15120
f 4440 4399 15119
f 7479 4269 14999
f 4269 14998 14999
f 14998 4269 7480
f 7480 4269 7531
f 4269 14955 7531
f 14955 4269 7479
f 7769 14763 4004
f 7586 14908 4220
f 7586 4170 14908
f 7585 7586 14953
f 7533 7586 4220
f 7586 7533 14953
f 4062 7703 14815
f 4063 14815 7702
f 14816 4063 7702
f 4474 4467 15182
f 4467 7273 15182
f 4467 4474 15150
f 2210 12867 10177
f 12867 12884 10177
f 12867 10178 12884
f 12852 12867 12853
f 12867 2210 12853
f 12866 12867 12852
f 10178 12867 12866
f 12948 12934 12956
f 12948 12955 12934
f 12955 12948 2250
f 2245 12948 12956
f 12948 2245 2250
f 2242 10132 12936
f 12925 10132 2242
f 10132 12925 12920
f 10132 12944 12936
f 10132 12920 12944
f 2235 12921 10140
f 10140 12921 10131
f 12921 2242 10131
f 12939 12935 2241
f 12935 12939 12949
f 10162 12903 12904
f 12904 12903 10151
f 12903 10152 10151
f 10152 12903 2227
f 12903 10162 2227
f 2234 10142 12919
f 10142 12918 10134
f 12918 10142 10153
f 10142 2234 10153
f 12939 10142 10134
f 10142 12939 12919
f 12954 2245 12956
f 12934 12954 12956
f 12954 12934 12933
f 12952 12954 12933
f 12946 12932 10136
f 12932 12946 10128
f 12932 10135 10144
f 12932 10144 12916
f 2239 12932 12916
f 12932 2239 10136
f 12981 12978 2252
f 12978 12979 2252
f 10112 12978 12981
f 12979 12978 10112
f 12982 12972 2252
f 12979 12982 2252
f 12972 12982 10111
f 12982 12979 10111
f 12966 12969 10121
f 12969 12967 10121
f 12969 12966 10115
f 12967 12969 10115
f 2856 2852 9405
f 2852 2854 9405
f 2852 2856 13630
f 2854 2852 13630
f 9035 13878 3162
f 13878 9036 3162
f 3103 13878 9035
f 13878 3103 3102
f 9036 13878 3102
f 3160 13877 9038
f 13877 3100 9038
f 13877 3101 3100
f 3101 9037 3102
f 9037 9036 3102
f 13877 9037 3101
f 9036 9037 3161
f 9037 13877 3160
f 3039 3038 13817
f 3039 2978 3038
f 9117 3039 13817
f 3034 13814 9122
f 2970 3034 2973
f 3034 2970 13814
f 3034 9199 2973
f 3034 9122 9121
f 3035 3034 9121
f 3095 13873 9043
f 13873 3095 3093
f 9042 3095 9043
f 2975 3036 9197
f 2975 3035 3036
f 2908 9272 13689
f 2907 2905 13689
f 2905 2908 13689
f 9270 2917 13691
f 13754 2917 9270
f 2917 9338 13691
f 9338 2917 9269
f 9269 2917 9195
f 9195 2917 2977
f 2917 13754 2977
f 13631 9404 2860
f 9339 13631 2860
f 9338 13631 9339
f 13631 2861 9404
f 13631 9338 2861
f 13568 2800 9466
f 2799 13568 9523
f 13568 9466 9523
f 13568 2799 9404
f 2800 13568 9404
f 2801 9404 2804
f 2801 2800 9404
f 9466 2801 2804
f 2800 2801 9466
f 2978 9194 13755
f 9194 2979 2919
f 3039 9194 2978
f 9194 3039 2979
f 9268 9194 2919
f 9194 9268 13755
f 2966 2968 9273
f 2968 2971 9273
f 3033 2965 2967
f 2972 3033 2967
f 2965 3033 2966
f 3033 2968 2966
f 2971 3033 13814
f 2968 3033 2971
f 9200 2972 13751
f 9200 13751 9201
f 3032 9200 9201
f 8879 13994 3215
f 13994 8879 3216
f 3216 8879 14057
f 8879 3281 14057
f 14056 8879 3215
f 3281 8879 14056
f 8963 13934 3154
f 8963 13994 13934
f 13994 8963 8880
f 8880 8963 9044
f 8963 3154 9044
f 3161 8957 13938
f 8957 3160 13998
f 9037 8957 3161
f 8957 9037 3160
f 3222 8957 13998
f 8957 13999 13938
f 8957 3222 13999
f 13997 8875 3220
f 8875 14059 3285
f 13936 9040 3157
f 8960 13936 3157
f 13936 8960 8959
f 3219 13997 8959
f 8960 3219 8959
f 3219 8875 13997
f 8875 3219 14059
f 13935 8961 3157
f 13935 3156 8961
f 9041 13935 3157
f 3156 13935 9041
f 3096 3097 9122
f 13814 3096 9122
f 9041 3096 13874
f 3097 3096 9041
f 3096 9042 13874
f 3096 3095 9042
f 9402 2862 13632
f 9338 2862 9403
f 2862 9338 13632
f 9403 2862 9465
f 2808 9464 2750
f 9464 2808 9402
f 2706 13515 2709
f 13515 2706 2707
f 2706 2709 9620
f 2666 2706 9620
f 2707 2706 2666
f 13515 9520 9573
f 2750 9521 9574
f 9521 13515 9574
f 9399 2866 2812
f 2749 9522 2755
f 2749 2755 9465
f 2751 13514 2748
f 2708 13514 9574
f 13514 2708 9575
f 13514 2750 9574
f 13514 2751 2750
f 2745 13514 9575
f 9522 13514 2745
f 13636 9397 9332
f 9462 2810 9400
f 2810 2864 9400
f 2810 9463 2864
f 2981 3041 3042
f 2981 9192 3041
f 9192 2981 13757
f 9191 2981 3042
f 2981 9191 13757
f 9265 2921 13757
f 9192 2921 9266
f 2921 9192 13757
f 2925 13759 9188
f 13759 2924 9189
f 13759 2925 13696
f 2924 13759 13696
f 9397 2867 9332
f 2867 9397 2813
f 9460 2867 2813
f 9334 9333 2866
f 9334 13695 9333
f 9399 9334 2866
f 9334 9399 2865
f 8954 3164 3163
f 14000 8955 3224
f 8954 14000 3225
f 8955 14000 3163
f 14000 8954 3163
f 14000 8871 3225
f 14000 3224 8871
f 3105 13880 3106
f 9033 13880 3105
f 9034 9033 3105
f 9034 3104 13879
f 3104 9034 3105
f 9034 3164 9033
f 3163 9034 13879
f 3164 9034 3163
f 14001 8952 8953
f 3167 9031 13881
f 3167 13942 9031
f 8952 3165 8953
f 3165 8952 13941
f 9113 3105 3106
f 9113 13820 3105
f 9190 3043 2983
f 3043 9190 2982
f 13820 3043 9114
f 3043 2982 3042
f 9114 3043 3042
f 13822 3046 9111
f 3108 13822 9111
f 3046 13822 9110
f 13822 3108 9110
f 2761 9569 13518
f 9515 2715 13519
f 9515 2763 9567
f 2715 9515 9567
f 2763 9515 13574
f 14058 3284 3218
f 8639 14175 3408
f 3408 14175 8721
f 14175 3346 8721
f 14174 8722 3406
f 14174 8641 3407
f 8641 14174 3406
f 8722 14174 3345
f 14174 3407 8721
f 3345 14174 8721
f 8722 3344 3406
f 3344 8723 3406
f 8723 3344 14116
f 3344 8722 8799
f 3531 3530 14289
f 3530 8487 14289
f 8487 3530 3531
f 3594 3531 8405
f 3594 8487 3531
f 8319 3594 8405
f 8318 3594 8319
f 3662 3660 14413
f 3665 3662 14413
f 3660 3662 8233
f 14473 3665 8234
f 3730 14473 8234
f 14473 3662 3665
f 8150 14473 3730
f 3731 14473 8150
f 14473 3731 8233
f 3662 14473 8233
f 8068 14532 3864
f 14532 8068 3799
f 3405 8642 14173
f 8642 3405 14231
f 14231 3405 8643
f 3405 3343 8643
f 3405 14173 3343
f 8061 3807 14537
f 3874 8061 14537
f 8061 14538 3807
f 3875 8061 14595
f 8061 3874 14595
f 14538 8061 8060
f 8061 3875 8060
f 14595 7983 7982
f 3874 7983 14595
f 3743 14481 8223
f 14481 3743 3744
f 3743 8138 3744
f 14656 3948 7902
f 3948 14712 7902
f 3882 7976 7975
f 7976 14656 3949
f 3744 3745 14482
f 7834 14764 4006
f 14711 7834 4006
f 3876 3875 7982
f 3875 3876 8060
f 3876 3808 8060
f 14710 7836 4004
f 14710 3946 7905
f 8480 8479 3540
f 8479 8478 3541
f 3539 8480 14294
f 8557 3539 14294
f 8481 3539 3538
f 8480 3539 8481
f 8311 8397 3604
f 8397 14354 3604
f 8397 8480 14354
f 8399 3603 14353
f 3603 8312 8398
f 8398 8312 3604
f 8312 14417 3604
f 3672 8227 14478
f 8227 3738 14478
f 14351 3600 8484
f 8315 3600 8316
f 8314 3669 14416
f 3663 8317 3661
f 3663 3666 8317
f 3663 3661 8233
f 3666 3663 8233
f 3667 14414 8232
f 14414 3666 8232
f 14414 8315 8316
f 14414 3667 8315
f 8317 14414 8316
f 3666 14414 8317
f 3667 8231 8315
f 3992 7842 3997
f 14705 7842 3992
f 7911 3992 7841
f 7911 14705 3992
f 8064 8065 3863
f 8230 3669 3668
f 14476 8230 3735
f 8230 14476 3669
f 3669 14476 3670
f 14476 8229 3670
f 8144 3805 8143
f 3805 8144 14536
f 8143 3805 14537
f 3805 8062 14537
f 3533 8485 3534
f 8562 3533 3534
f 3533 8562 14290
f 3533 14290 8486
f 8485 3533 8486
f 8402 3599 8316
f 3599 8402 14351
f 3600 8402 8316
f 8402 3600 14351
f 8561 14291 3535
f 14291 8484 3535
f 14291 3534 8484
f 14291 8562 3534
f 8562 14291 3471
f 14291 8561 3471
f 8638 8639 14234
f 3410 8638 3411
f 3474 8637 14234
f 8637 8638 14234
f 8638 8637 3411
f 8637 14177 3411
f 8559 3473 8560
f 8559 3474 3473
f 8718 14119 3348
f 14119 8796 3348
f 14176 3410 3411
f 8718 14176 3411
f 14176 8718 8719
f 8204 3696 14435
f 3696 14436 14435
f 3696 8204 14497
f 14494 3696 14497
f 8200 3698 14498
f 8924 13966 8923
f 8924 13965 13966
f 13965 8924 14027
f 8926 14026 8923
f 14026 8926 14022
f 14026 8844 14027
f 8924 14026 14027
f 14026 8924 8923
f 8926 8925 14022
f 8607 14259 3500
f 14259 14251 3500
f 14259 8609 14251
f 8687 14202 8686
f 14144 8687 8686
f 8687 14144 3375
f 14201 8687 3375
f 14202 8687 14201
f 3376 14145 8686
f 14145 14144 8686
f 8372 14436 8286
f 8372 14376 14375
f 8455 14376 8453
f 8455 14308 14315
f 14376 8455 14375
f 14308 8455 3563
f 8455 8453 3563
f 14374 8457 8374
f 3628 14374 8374
f 3628 8373 14375
f 8373 8372 14375
f 8606 14260 14261
f 3437 8606 14261
f 8606 3437 14260
f 8131 14545 3819
f 14545 8131 3818
f 3819 14545 8050
f 14545 3818 8051
f 14545 3885 8050
f 3885 14545 8051
f 3885 14602 8050
f 7972 14602 3885
f 14245 3491 8621
f 8542 3491 8543
f 3492 3491 8542
f 8621 3491 14246
f 3491 3492 14246
f 14304 8542 3555
f 3556 14304 3555
f 14304 8541 8542
f 8541 14304 3556
f 8701 3429 8620
f 3430 8701 8620
f 3429 8701 14188
f 8701 3367 14188
f 3367 8701 14131
f 8701 3430 8700
f 3369 14132 8700
f 8856 14072 3306
f 3239 8856 14011
f 14072 8856 8857
f 8856 3239 8857
f 14009 8858 14010
f 8858 8857 14010
f 8779 3367 8778
f 8779 14071 3303
f 3490 14245 8623
f 3489 3490 8623
f 8544 3490 3489
f 3491 3490 8543
f 3490 3491 14245
f 3490 14303 8543
f 3490 8544 14303
f 14489 8211 3755
f 8211 14489 3690
f 3689 8211 3690
f 8212 3689 14428
f 3688 8212 14428
f 8212 3688 14488
f 8212 14488 3755
f 8211 8212 3755
f 8212 8211 3689
f 8296 3688 14428
f 3621 8296 14428
f 8296 3621 8382
f 3688 8296 14427
f 8296 8382 3620
f 14427 8296 3620
f 8298 8297 3619
f 8298 8384 14426
f 8384 8298 3619
f 3686 8298 14426
f 8298 3686 3687
f 8297 8298 3687
f 3617 8299 8385
f 3617 14425 8299
f 8215 14486 3685
f 14425 8215 3685
f 14486 8215 3751
f 14363 8467 8385
f 14363 8384 8467
f 14140 8693 8770
f 14083 14140 8770
f 14200 8688 14193
f 14083 14084 8849
f 8845 14086 8766
f 14086 3312 8766
f 3312 14086 3320
f 8929 14025 14022
f 8925 8929 14022
f 8929 8925 3188
f 13900 9088 9091
f 14023 13961 8931
f 9088 13841 9091
f 3122 13900 9010
f 13900 3122 9088
f 14012 8936 8939
f 8936 13953 8939
f 14073 8855 3241
f 8855 14073 3242
f 14015 14013 8854
f 14013 3242 8854
f 3242 14013 14012
f 14013 8936 14012
f 14011 8941 14010
f 8941 13949 8942
f 8941 14009 14010
f 14009 8941 8942
f 13949 3177 9021
f 9021 3177 13892
f 3177 13950 13892
f 8941 3177 13949
f 3177 8941 13950
f 13951 9020 13892
f 13950 13951 13892
f 8938 3240 3241
f 3240 8938 14011
f 8856 3240 14011
f 3240 8856 3306
f 3240 14073 3241
f 14073 3240 3306
f 14431 3693 8207
f 14491 3693 8208
f 3693 14491 8207
f 8206 14432 3694
f 8290 14432 8206
f 8699 3369 8700
f 14189 8699 8700
f 8699 14133 3369
f 8699 14190 14133
f 3431 8699 14189
f 14190 8699 3431
f 14075 14076 8854
f 14075 3308 14076
f 8775 14133 3370
f 14079 8852 14077
f 14016 8852 14017
f 14192 8698 3370
f 8697 14195 3371
f 8696 14195 3433
f 8376 14432 8290
f 8376 8290 14372
f 8459 8376 14372
f 8458 8459 14372
f 3627 8458 14372
f 8458 3627 14373
f 3561 8458 8457
f 8458 14373 8457
f 14952 4219 7534
f 4219 14952 4220
f 7587 4219 4220
f 4219 7587 7588
f 7481 14996 14997
f 4268 7481 14997
f 14996 7481 7482
f 7481 7533 7482
f 7481 4268 7533
f 4050 7773 4046
f 4050 4051 7773
f 7710 4050 4046
f 4051 4050 7710
f 7708 14860 4113
f 14860 7707 4113
f 14860 7647 7707
f 14811 4056 7709
f 4056 14760 7773
f 7983 14652 7982
f 4002 14708 7838
f 14708 4002 7907
f 4215 14904 7592
f 7591 14904 4215
f 7485 4264 14993
f 7485 14993 7434
f 7485 4258 4255
f 4264 7485 4255
f 14994 7485 7434
f 4258 7485 14994
f 4214 4211 7537
f 4214 14950 4217
f 14950 4214 7537
f 4211 4214 7590
f 4214 14906 7590
f 7589 4214 4217
f 4214 7589 14906
f 7536 4262 4265
f 4260 4262 7536
f 4262 7484 4265
f 4262 4260 7484
f 4256 4260 7536
f 4256 4258 14994
f 4260 4256 14994
f 4166 14905 7590
f 4166 7647 14905
f 14906 4166 7590
f 14761 4002 7838
f 4002 14761 7771
f 7771 14761 4057
f 4167 7646 14906
f 7646 4166 14906
f 4003 14762 7836
f 14762 4003 7837
f 14709 4003 7836
f 4003 14709 7837
f 14762 4059 7769
f 14709 3944 7907
f 7770 14762 7837
f 4002 7770 7837
f 7770 4059 14762
f 14761 7772 4057
f 7772 14811 4057
f 14811 7772 4056
f 14760 7772 4000
f 7772 14760 4056
f 4103 4102 14859
f 4102 4103 7709
f 3998 14759 3994
f 7774 14759 3998
f 3994 14759 3996
f 14759 3989 3996
f 14759 4055 3989
f 14759 7774 4055
f 14810 4110 7710
f 14810 7710 4046
f 4055 14810 4046
f 7774 14810 4055
f 3232 3233 14005
f 3232 14067 8863
f 3233 3232 8863
f 8945 13946 3173
f 14006 8945 3173
f 8944 8945 14007
f 8945 3235 14007
f 3362 14127 8706
f 3300 8862 14068
f 8862 3300 14069
f 3235 8862 14069
f 8862 8945 14006
f 8945 8862 3235
f 3484 8549 3485
f 8549 3484 14299
f 8549 14299 3548
f 8549 3548 8548
f 3485 8549 8548
f 14062 8792 3290
f 8792 14062 3289
f 8714 14179 3415
f 8711 14181 3418
f 14181 8631 3418
f 14181 3417 8631
f 3417 14181 8712
f 8868 3228 14002
f 3293 8868 14064
f 3228 3293 3294
f 8868 3293 3228
f 8791 3291 3290
f 8631 8632 14238
f 3417 8632 8631
f 8633 3416 3415
f 3416 8714 3415
f 8714 3416 14180
f 3416 8632 14180
f 3416 8633 14238
f 8632 3416 14238
f 8389 8304 8303
f 8302 3615 8388
f 3615 14361 8388
f 14361 3615 8387
f 3615 8302 14424
f 8301 3615 14424
f 3615 8301 8387
f 8302 3681 8218
f 3747 14484 8218
f 3681 3747 8218
f 3747 3681 8219
f 3747 8135 3815
f 8134 3747 3815
f 3747 8134 3748
f 14484 3747 3748
f 14423 3614 8303
f 3614 14423 8302
f 14423 3681 8302
f 3681 14423 8219
f 8469 3551 14301
f 3551 8546 14301
f 14302 3551 3552
f 8545 8544 3489
f 8545 14302 8544
f 8545 3489 3488
f 8546 8545 3488
f 3551 8545 8546
f 8545 3551 14302
f 8301 8300 3616
f 3617 8300 14425
f 3487 8625 8626
f 8625 3424 8626
f 3420 8710 14182
f 3673 3672 14478
f 3673 14418 3672
f 14418 8310 8311
f 3673 8310 14418
f 8394 8308 3608
f 8477 8394 3608
f 8394 8477 14356
f 8477 3542 8478
f 3542 8477 14296
f 8478 3542 3541
f 3542 14296 8554
f 3677 14421 8306
f 14481 3677 8223
f 3414 14178 8635
f 14179 8634 3415
f 8634 14237 3415
f 3414 8634 14179
f 14237 8634 3477
f 3477 8634 8635
f 8634 3414 8635
f 14295 8556 3540
f 14295 8479 3541
f 8479 14295 3540
f 3478 14237 3477
f 8556 3478 3477
f 8633 3478 3479
f 14237 3478 8633
f 2488 2452 13209
f 9811 2488 13209
f 2488 9850 2452
f 2488 9811 9850
f 9854 2450 2486
f 13206 9854 2486
f 9854 13167 2450
f 9854 13206 9853
f 13291 9772 13249
f 9733 13291 13249
f 13291 9733 2559
f 9732 13291 2559
f 13250 13291 9732
f 13291 13250 9772
f 13250 2523 9772
f 13249 2523 9813
f 9772 2523 13249
f 9813 2523 2487
f 2487 2523 9812
f 2523 9771 9812
f 2523 13250 9771
f 2522 9815 9774
f 13248 2522 9774
f 2522 13205 9815
f 13205 2522 2486
f 2522 9814 2486
f 9814 2522 9773
f 2522 13248 9773
f 2387 9920 13104
f 9920 2388 13104
f 9920 9919 2388
f 9919 9920 13137
f 9920 13136 13137
f 13134 9921 13102
f 13103 9953 13102
f 13103 2387 9953
f 9921 13103 13102
f 13103 9921 2387
f 9954 13076 2361
f 13075 13076 9982
f 2361 13076 13075
f 13076 9954 9953
f 9982 13076 2362
f 13076 9953 2362
f 9955 9954 2361
f 13100 9955 9956
f 13074 9955 9983
f 9955 2361 9983
f 2360 9955 13074
f 9956 9955 2360
f 13133 9889 13134
f 13133 9923 2416
f 9889 13133 2416
f 9923 13132 2416
f 13132 9924 9890
f 2416 13132 9890
f 9924 13132 2385
f 13132 13100 2385
f 13132 9923 13100
f 9988 13069 10002
f 13069 9987 10002
f 9960 13069 9988
f 9959 13069 9960
f 13096 9959 9960
f 2351 9958 2359
f 2359 9958 9957
f 9958 13098 9957
f 2357 2351 13071
f 2350 2357 13071
f 2357 9958 2351
f 9958 2357 2350
f 9958 2353 9959
f 9860 13161 9896
f 13161 9860 9859
f 9895 13161 9859
f 9896 2411 13125
f 13095 2379 9960
f 2382 13095 9960
f 2379 13095 9928
f 13095 2382 9928
f 2414 9893 13129
f 9893 13164 13129
f 9893 2414 13163
f 13165 9892 9856
f 9892 13164 9856
f 9892 2415 13130
f 9892 13165 2415
f 13129 9892 13130
f 13164 9892 13129
f 13165 9855 9891
f 9855 13166 9891
f 13205 9855 9815
f 9855 13205 2450
f 13166 9855 2450
f 2521 13246 9775
f 13246 2521 9816
f 13247 2521 9775
f 9815 2521 13247
f 13203 9817 9776
f 13246 13203 9776
f 13203 13246 9816
f 2448 9858 9818
f 9858 2448 13163
f 9658 13371 2591
f 13371 9701 2591
f 13371 2592 9701
f 2632 13419 13372
f 13419 9656 13372
f 13420 13419 13470
f 9656 13419 13420
f 9820 13242 13199
f 13242 13200 13199
f 13200 13242 2519
f 2482 2518 9820
f 2518 13242 9820
f 13242 2518 13241
f 2518 2482 13198
f 9821 2518 13198
f 13240 2518 9821
f 13241 2518 13240
f 13325 9741 13281
f 9741 9781 13281
f 9781 9741 13282
f 9741 13325 13326
f 13284 9738 13285
f 9738 2556 13285
f 2556 9738 13329
f 9778 13244 9818
f 13244 9778 13285
f 9777 13244 13285
f 9817 13245 9776
f 13330 13376 9696
f 13376 13330 9653
f 2439 9861 2445
f 9861 13158 2445
f 9861 13159 13158
f 9659 9660 2630
f 9660 2589 13369
f 2616 2619 13413
f 2619 2618 13413
f 2619 2616 13366
f 2618 2619 13366
f 2586 2588 9705
f 2586 13368 2588
f 13367 2580 9706
f 2617 2668 13414
f 2671 9616 13466
f 2715 9568 13519
f 2545 2541 13279
f 2541 2545 13323
f 13795 3007 9151
f 13856 3007 3068
f 3007 13856 9151
f 2832 13602 9432
f 13602 2832 9368
f 2832 9369 9368
f 2832 9432 13601
f 9369 2832 13601
f 2888 13667 9366
f 9299 13667 2888
f 13667 9299 9298
f 13668 13667 9298
f 13667 9365 9366
f 13667 13668 9365
f 9230 13729 9300
f 13729 13666 9300
f 13666 13729 9299
f 13729 9230 13793
f 9090 3121 9091
f 2936 13776 9173
f 2936 9247 13776
f 9247 2936 13713
f 2936 9246 13713
f 13715 2937 9315
f 13715 9246 2937
f 13716 9314 9315
f 2937 13716 9315
f 9245 13716 2937
f 13716 9245 13717
f 9314 13716 13717
f 9314 13653 9315
f 9380 13653 13654
f 13653 9314 13654
f 3058 13832 9171
f 13841 13832 9091
f 13832 3058 13840
f 13832 13780 9171
f 13832 13841 13780
f 13832 9090 9091
f 9090 13832 13840
f 9169 13841 2998
f 13841 9169 13780
f 13593 9441 9378
f 2827 13593 9378
f 13593 2827 9440
f 2774 13593 9440
f 13593 2774 9441
f 9500 13590 2773
f 2826 9379 13592
f 9379 9441 13592
f 9441 9379 2881
f 2881 9379 13654
f 9379 9380 13654
f 9240 13720 9242
f 9240 2948 13720
f 13773 9240 9242
f 9240 13773 2948
f 9307 13722 9237
f 13722 9236 9237
f 9236 13722 13712
f 9236 13777 13786
f 9439 13657 9376
f 13657 9310 9376
f 13657 9311 9310
f 13481 9601 9555
f 9502 13534 13533
f 13534 9502 2771
f 9501 13534 2771
f 9554 13534 9501
f 13482 13483 9599
f 13482 9554 9553
f 13483 13482 9553
f 13771 9168 3008
f 9168 9167 3008
f 9167 9168 13771
f 9643 13387 2641
f 13388 9643 2641
f 13387 9643 2601
f 9643 13388 2601
f 2640 2682 13434
f 2682 13483 13434
f 13483 2682 9599
f 9644 2640 13434
f 9644 13434 2641
f 13387 9644 2641
f 13485 9551 2726
f 13486 13485 2726
f 13484 13485 2683
f 9551 13485 13484
f 9730 13338 2561
f 9730 13337 13338
f 9729 13294 2561
f 13294 9730 2561
f 9730 13294 9770
f 13293 9770 13251
f 13293 9771 9731
f 13293 13251 9771
f 13293 9730 9770
f 13337 13293 9731
f 9730 13293 13337
f 9770 2524 13251
f 13251 2524 13209
f 2524 9811 13209
f 9811 2524 13210
f 13336 2598 9690
f 13337 13336 9690
f 13336 9691 2598
f 13336 13337 2560
f 13292 13336 2560
f 9732 13336 13292
f 9691 13336 9732
f 13382 9648 2638
f 13382 2598 9648
f 13427 2679 2637
f 2679 13427 9605
f 9650 13427 2637
f 9605 13427 13426
f 13427 9650 13426
f 13430 13479 9602
f 9604 13479 13430
f 13479 9604 9557
f 9556 13479 9557
f 13479 9556 9602
f 9557 9603 13478
f 9604 9603 9557
f 9603 2679 13478
f 13428 9604 13430
f 9648 13428 2638
f 13428 13430 2638
f 13428 9603 9604
f 13381 13428 9648
f 13428 13381 2637
f 2679 13428 2637
f 9603 13428 2679
f 2639 13431 13432
f 13431 2639 13383
f 13480 2680 9602
f 2680 13480 13431
f 2680 13430 9602
f 13433 13482 9599
f 2682 13433 9599
f 13433 2682 2640
f 13760 2926 9187
f 2925 2926 9261
f 9187 2926 2925
f 2926 2927 9261
f 2927 2926 13760
f 9104 3115 13827
f 13827 3115 9103
f 3115 13888 9103
f 3114 3115 9105
f 13826 3052 9105
f 3052 13826 9104
f 3115 13826 9105
f 13826 3115 9104
f 3051 2990 3050
f 13641 13701 9325
f 13641 9391 2873
f 9391 13641 9390
f 13762 9183 9257
f 2990 9183 3050
f 9183 13762 3050
f 3051 13763 2990
f 13763 9183 2990
f 13701 9256 9325
f 9329 9260 13698
f 9260 2927 13698
f 9260 13697 2927
f 13697 9331 9262
f 9331 2869 9396
f 13636 9331 9396
f 9262 9331 13696
f 13696 9331 9332
f 9331 13636 9332
f 9395 9329 2871
f 9395 2870 9329
f 9394 9395 2871
f 2816 9395 9394
f 9395 2816 13574
f 2815 9395 13574
f 9395 2815 9396
f 9331 9330 2869
f 9330 9331 13697
f 2870 9330 9329
f 9330 9260 9329
f 9260 9330 13697
f 8946 13945 8947
f 3172 13945 8946
f 13945 3171 8947
f 9027 13945 3172
f 13945 9027 3171
f 9030 9029 3109
f 9029 9030 3169
f 13943 9029 3169
f 9029 13943 3170
f 13883 9029 3170
f 13699 9328 2929
f 9328 13699 9327
f 9259 9328 13698
f 9328 9259 2929
f 9393 2872 13639
f 2872 9328 13639
f 9328 2872 9393
f 9026 3172 3173
f 13885 9026 3173
f 9026 13885 3113
f 9026 9027 3172
f 13651 9381 2879
f 9381 9382 2879
f 9444 9381 13589
f 9382 9381 9444
f 13642 2874 9390
f 2874 13642 9325
f 13641 13642 9390
f 13642 13641 9325
f 9324 2874 9325
f 2874 9324 13643
f 13643 9324 13703
f 9324 9255 13703
f 2874 9452 2819
f 9452 2874 13580
f 2819 9452 9509
f 9452 13580 9509
f 2875 9389 13643
f 2875 9323 13644
f 9323 2875 13643
f 2875 13644 9388
f 2820 2875 9388
f 13834 3055 9100
f 3118 13834 9100
f 9248 13774 9174
f 2935 13774 9248
f 9175 13772 3055
f 13772 9175 9249
f 9175 2935 9249
f 13774 9175 2995
f 9175 13774 2935
f 13891 9102 3116
f 3117 13891 9021
f 13891 13949 9021
f 13831 13891 3117
f 9102 13891 13831
f 13890 9023 3176
f 9023 13890 13888
f 9023 13947 3176
f 9022 13948 13949
f 9022 13890 13948
f 13891 9022 13949
f 13890 9022 3116
f 9022 13891 3116
f 9107 3112 3050
f 3112 9026 3113
f 9027 3112 13884
f 9026 3112 9027
f 8785 3298 14067
f 3297 8785 14067
f 3298 8785 3360
f 13469 9613 9566
f 2717 13469 9566
f 9612 9565 13470
f 9612 2717 9565
f 9612 13469 2717
f 13419 9612 13470
f 9512 13522 9513
f 13576 9512 9513
f 13522 9512 2765
f 13575 9394 13638
f 13575 2816 9394
f 2816 13575 9457
f 13521 2717 9566
f 2717 13521 9565
f 13521 13522 9565
f 13522 13521 9513
f 13521 2764 9513
f 13575 2764 9457
f 13520 2764 9566
f 2764 13521 9566
f 2766 13579 2819
f 2819 13579 9390
f 13578 2766 9511
f 9740 2554 13326
f 2554 9740 13282
f 2554 9741 13326
f 9741 2554 13282
f 13378 13429 13425
f 13429 9607 13425
f 9607 13429 13475
f 13429 2677 13475
f 2595 13377 9695
f 13377 13378 9695
f 13378 13332 9695
f 13288 2557 9735
f 9736 2557 13288
f 2557 13332 9735
f 13332 2557 9695
f 2557 13331 9695
f 13331 2557 9736
f 13471 2718 9563
f 2718 13471 9564
f 13523 2718 9564
f 13524 13525 9563
f 2766 13524 9511
f 2718 13524 9563
f 13524 13523 9511
f 13524 2718 13523
f 9655 2593 13373
f 2593 9656 13373
f 13329 9698 2594
f 2593 9698 13328
f 9738 9698 13329
f 9698 9738 13284
f 2555 13284 9739
f 2555 9698 13284
f 9698 2555 13328
f 2719 9562 13473
f 9562 2719 13472
f 9609 2719 13473
f 2719 9609 13472
f 9609 2676 13472
f 2676 9609 13422
f 2676 9610 13472
f 9610 2676 13422
f 13422 9654 13421
f 2634 9654 13422
f 2677 13474 2720
f 13474 9561 2720
f 9561 13474 13473
f 9301 9302 13726
f 9302 9303 13725
f 2943 9231 13726
f 2887 9301 13665
f 9301 2887 9368
f 9367 2887 13665
f 2887 9367 9368
f 9369 13664 9368
f 13664 9301 9368
f 9302 13664 9369
f 13664 9302 9301
f 2943 9232 13725
f 9232 2943 13726
f 9232 9302 13725
f 9302 9232 13726
f 3064 3003 13789
f 13851 3003 3064
f 3003 13851 3066
f 9157 3064 13789
f 13788 9157 2942
f 9157 13849 13850
f 3064 9157 13850
f 9233 9157 13789
f 9157 9233 2942
f 13723 13714 9304
f 13724 9235 2942
f 13724 2942 9303
f 2999 3060 9166
f 3060 13844 9166
f 9085 3060 9087
f 13844 3060 9085
f 3060 2999 3008
f 13843 3060 3008
f 9084 13846 3061
f 9084 3124 13846
f 13903 3124 13906
f 13907 13903 9004
f 13903 13907 13846
f 3124 13903 13846
f 13903 9006 9004
f 9006 13903 13906
f 9007 3184 13904
f 3184 9006 13904
f 3184 9007 3188
f 8925 3184 3188
f 3184 8925 8926
f 3184 8926 13963
f 9006 3184 13963
f 9007 13959 3188
f 13902 13959 9007
f 13959 8929 3188
f 7955 14615 14672
f 14673 7955 14672
f 7744 14783 7811
f 14783 4083 7743
f 4083 14783 7744
f 14670 7957 14613
f 14670 3966 7957
f 3966 14670 7884
f 3832 8037 14554
f 3832 8038 8037
f 3832 14554 8118
f 3832 3763 8119
f 3765 3832 8118
f 3763 3832 3765
f 3897 14610 8039
f 14610 8038 8039
f 14610 3897 7960
f 14378 3637 14371
f 3637 8370 14371
f 8117 14557 8115
f 14501 8117 8115
f 14696 7864 14691
f 7864 14694 14691
f 7794 7864 14747
f 7864 14696 14693
f 7864 3977 14747
f 3977 7864 14693
f 14753 14749 7866
f 14749 14753 7795
f 3977 14750 14747
f 14750 3977 14749
f 14750 7796 14747
f 14750 7795 7796
f 14750 14749 7795
f 14633 7939 3912
f 7939 14693 14634
f 3912 7939 14634
f 7935 14642 8014
f 3915 7935 8014
f 7935 14700 7934
f 14642 7935 7934
f 7935 7937 14700
f 7935 3915 7937
f 14692 3978 14699
f 14692 14699 7936
f 3978 14692 14695
f 14692 7938 14695
f 14640 14692 7936
f 7938 14692 14640
f 15026 7451 4294
f 15031 7452 15021
f 7452 15031 4294
f 7452 7453 15021
f 7452 7504 7453
f 7504 7452 4294
f 15029 7450 4295
f 15023 15029 4295
f 15029 15024 7450
f 15024 15029 7399
f 7399 15029 4339
f 15029 15023 4339
f 7504 4246 7557
f 14978 4246 7504
f 14979 4246 7503
f 4246 14978 7503
f 4247 7556 14979
f 7556 4247 14936
f 7556 4246 14979
f 14889 14890 7674
f 7614 14890 14889
f 7614 4195 14934
f 4195 7614 14889
f 14934 4195 7615
f 4195 14889 7615
f 7449 7448 15072
f 7448 15024 15072
f 7448 7449 14982
f 15024 7448 7450
f 14937 7555 7554
f 4247 7555 14936
f 7555 14937 14936
f 14855 4091 7732
f 14850 14855 7732
f 4091 14855 14852
f 14855 14854 14852
f 14855 14850 14854
f 14945 14938 7553
f 14938 14945 7610
f 7729 14804 14798
f 14798 14804 7797
f 14892 4144 7672
f 4144 14892 7611
f 4197 7612 14937
f 4197 14938 7611
f 4197 14937 14938
f 14892 4197 7611
f 4197 14892 7612
f 8274 8360 3636
f 7803 14738 7804
f 7874 14738 3972
f 14738 14737 7804
f 14738 7874 14737
f 7873 14739 7872
f 14682 7873 14683
f 7873 7872 14683
f 3972 7873 14682
f 14738 7873 3972
f 14739 7873 7803
f 7873 14738 7803
f 4032 14792 7802
f 14739 4032 7802
f 4032 7803 14792
f 4032 14739 7803
f 7954 7955 14673
f 3640 8356 14454
f 3707 8271 8185
f 8184 3707 14515
f 3707 8185 14515
f 8271 14452 8185
f 3773 14512 8105
f 14512 8188 14511
f 3906 14623 8026
f 3906 8027 14622
f 7949 3906 14622
f 14623 3906 7949
f 3904 14620 8030
f 3970 14677 7877
f 14677 3970 14678
f 14733 14677 7878
f 14677 14733 7877
f 14676 14677 7952
f 4028 7809 14785
f 7742 4028 14785
f 4028 7808 14732
f 7809 4028 14732
f 4084 4028 7742
f 7741 4028 4084
f 4029 14787 7807
f 4029 7741 7740
f 14787 4029 7740
f 14733 4029 7807
f 4029 14733 7808
f 4245 14932 7559
f 14932 4245 7558
f 14976 4245 7506
f 4245 7559 7506
f 4245 14976 7505
f 7558 4245 7505
f 14932 4194 7616
f 14933 4194 14932
f 4194 14933 7615
f 14888 4194 7615
f 4194 14888 7616
f 14883 7680 4138
f 7680 14883 4139
f 14835 7680 4139
f 15208 15203 15231
f 15203 7282 15167
f 15203 15208 15168
f 7282 15203 15168
f 15138 4460 7280
f 15169 4497 7280
f 4460 15169 7280
f 15169 4460 7281
f 4497 15169 7249
f 15139 15142 4419
f 15138 15139 4419
f 15142 15139 7280
f 15139 15138 7280
f 15103 15104 7315
f 15104 15105 7315
f 15312 15313 7173
f 4579 15312 7173
f 15316 15312 4579
f 15312 15316 7150
f 15313 15312 7150
f 15291 15289 7172
f 15289 15294 7172
f 15289 15291 4580
f 15294 15289 4580
f 7158 4571 15304
f 4595 7158 15304
f 7135 7158 4595
f 7158 7135 15327
f 15279 4572 4573
f 4572 7156 4573
f 7156 4572 4597
f 4069 7757 14772
f 7757 4014 14772
f 14773 7757 4070
f 7758 4068 7695
f 4069 7758 7695
f 7758 4069 14772
f 7758 7759 4068
f 14823 4069 7695
f 7757 14823 4070
f 14823 7757 4069
f 4014 7824 14719
f 7824 7757 14773
f 7757 7824 4014
f 7826 4012 14771
f 4012 7826 14717
f 7827 4012 14717
f 7759 7760 14822
f 7760 7759 14771
f 4012 7760 14771
f 7761 7760 4011
f 3695 8289 14433
f 14434 8289 3695
f 3627 8289 14373
f 14373 8289 8374
f 8289 14434 8374
f 3887 14604 8048
f 14604 3887 7970
f 14604 3888 8048
f 14604 7970 7969
f 3888 14604 7969
f 7895 3954 14718
f 14661 3954 7970
f 3955 3954 7895
f 14662 3954 3955
f 3954 14662 7970
f 7896 7826 14718
f 7826 7896 14717
f 3954 7896 14718
f 7896 3954 14661
f 14717 7896 3953
f 7896 14661 3953
f 3753 3820 8129
f 3754 3753 8129
f 8213 3753 3754
f 3892 14607 8043
f 8044 3892 8043
f 14607 3892 7966
f 3891 8045 14606
f 3891 3824 8045
f 3891 8044 3824
f 7967 3891 14606
f 3891 7967 7966
f 3892 3891 7966
f 3891 3892 8044
f 4016 7823 7756
f 7822 4016 14774
f 4016 7755 14774
f 4071 4016 7756
f 7755 4016 4071
f 4072 7692 14825
f 7755 4072 14825
f 4072 4071 7692
f 4072 7755 4071
f 7754 14775 4018
f 14775 7820 4018
f 7820 14775 7753
f 14775 4074 7753
f 4074 14775 7754
f 7754 4073 14826
f 4073 7755 14825
f 4073 7754 7755
f 3959 3958 7891
f 7754 4017 14774
f 7821 4017 7754
f 4017 7822 14774
f 7820 14721 4018
f 14721 7821 4018
f 7891 14721 7890
f 14721 7820 7890
f 14721 4017 7821
f 14721 3958 7892
f 3958 14721 7891
f 7822 14721 7892
f 4017 14721 7822
f 3822 14548 8127
f 3823 14548 8046
f 14548 3823 8127
f 14548 3889 8046
f 3889 14548 8047
f 14548 3822 8047
f 3754 8128 3755
f 8128 3822 3755
f 8128 3754 3821
f 3822 8128 3821
f 7466 7518 4281
f 15009 7466 4281
f 7466 4282 14966
f 7518 7466 14966
f 7466 15009 7415
f 15010 7466 7415
f 4282 7466 15010
f 4233 7518 7571
f 14921 4233 7571
f 7572 4233 14921
f 7467 15009 4281
f 7467 4280 7416
f 15009 7467 7416
f 7574 4231 4181
f 4231 7574 7521
f 7574 4230 7521
f 14920 7573 4232
f 7573 14920 4231
f 7573 7520 4232
f 7573 4231 7520
f 14920 7630 4181
f 7630 14920 4182
f 7629 14875 4182
f 14875 7630 4182
f 7630 14875 4129
f 14875 7629 4130
f 7689 14875 4130
f 4129 14875 7689
f 7632 4178 14918
f 4178 4177 14918
f 4177 4178 7633
f 7633 4178 14873
f 4178 7632 14873
f 4177 7576 14918
f 7576 4229 14918
f 7576 7577 4228
f 7577 7576 4177
f 4229 7576 7523
f 7523 7576 14962
f 7576 4228 14962
f 7373 4321 15047
f 4321 7420 15047
f 7420 4321 4277
f 7521 7469 14964
f 4278 7469 7521
f 15267 15265 4526
f 15265 15267 4555
f 15258 15262 4555
f 15262 15265 4555
f 15262 15258 4526
f 15265 15262 4526
f 15260 15263 7225
f 15263 15261 7225
f 15263 15260 4555
f 15261 15263 4555
f 4486 4485 7261
f 4485 15191 7261
f 4485 7293 15159
f 4485 15159 4484
f 15191 4485 4484
f 4448 7293 15125
f 7293 4448 15159
f 4448 7294 15159
f 4448 15125 7330
f 4448 7330 4447
f 7294 4448 4447
f 15222 7262 7234
f 15191 7262 15222
f 7262 15191 4484
f 7234 7262 15221
f 7262 15190 15221
f 4483 7262 4484
f 15190 7262 4483
f 5667 11098 1671
f 5667 1671 11141
f 11098 5667 1645
f 1672 5667 11141
f 11099 5667 1672
f 5667 1619 1645
f 5667 11099 1619
f 5639 11182 11143
f 11182 11183 11143
f 11182 5615 11183
f 5615 11182 1696
f 11182 11181 1696
f 11142 1672 5640
f 11142 11182 5639
f 1672 11142 5665
f 11181 11142 5640
f 11182 11142 11181
f 5665 11142 1673
f 11142 5639 1673
f 5617 1695 11180
f 1695 5641 11180
f 11181 1695 5616
f 5641 1695 11141
f 1695 11220 5616
f 1695 5617 11220
f 1695 5640 11141
f 1695 11181 5640
f 5618 1694 11179
f 1694 5642 11179
f 1694 5617 11180
f 1694 5618 5617
f 11140 1694 11180
f 5642 1694 11140
f 11327 5560 1776
f 11362 5540 1776
f 11363 5540 11362
f 5540 11327 1776
f 11327 5540 11363
f 1777 5538 11328
f 5538 1777 11364
f 5559 1777 11328
f 11327 1777 5559
f 5600 1713 11253
f 1713 5601 11253
f 1713 5600 11214
f 5601 1713 11214
f 5600 1735 11254
f 1735 5600 11253
f 11178 5619 1693
f 5619 11179 1693
f 5619 11217 11218
f 5618 5619 11218
f 5619 5618 11179
f 1692 5621 11216
f 5621 1692 11177
f 5621 11215 11216
f 5645 1668 11136
f 11176 5645 11136
f 5645 5621 11177
f 5621 5645 11176
f 11215 5622 11214
f 5622 5623 11214
f 11217 1716 11218
f 5597 1716 11217
f 1715 5597 11217
f 5598 1715 11216
f 1715 11217 11216
f 5597 1715 11256
f 1692 5620 11178
f 5619 5620 11217
f 5620 5619 11178
f 11217 5620 11216
f 5620 1692 11216
f 5600 5599 11215
f 5599 1714 11215
f 5599 5600 11254
f 1714 5599 11254
f 5802 5772 10964
f 5772 5771 1541
f 5772 5802 1540
f 5773 5772 1540
f 10994 5772 5773
f 5772 10994 5744
f 10995 5772 5744
f 10996 5743 5742
f 10996 5771 5743
f 2167 11980 11984
f 11980 2167 5234
f 11980 5233 11984
f 11980 5234 12015
f 5233 11980 12015
f 12062 12061 5192
f 12060 12062 5192
f 12061 12062 5211
f 12062 12060 5211
f 19 12027 5230
f 12018 19 5230
f 12027 19 5212
f 19 12018 5212
f 11983 12023 5230
f 12023 11983 12024
f 12023 12024 5212
f 11289 5561 1755
f 1755 11290 5580
f 5560 11290 1755
f 5561 11326 1755
f 11326 5560 1755
f 1775 11326 5561
f 11326 1775 5541
f 5560 11326 1776
f 11362 11326 5541
f 11326 11362 1776
f 11452 1845 5462
f 5466 11475 1855
f 1854 11475 5467
f 5467 11475 1842
f 11475 5466 1842
f 11475 5455 1855
f 11475 1854 5455
f 1856 5454 5453
f 1856 11476 5454
f 5452 1856 5453
f 5477 11451 5476
f 11451 5477 1844
f 11451 1844 5463
f 1845 11451 5463
f 11451 1845 11452
f 1830 5490 5476
f 5490 1830 11422
f 5490 5477 5476
f 5490 11422 1829
f 5477 5490 1829
f 1830 5475 5489
f 5475 1830 5476
f 11392 1813 5521
f 5522 11392 5521
f 11392 5522 1812
f 1813 11392 5506
f 11392 1812 5506
f 1794 5522 11361
f 1794 11360 5523
f 1872 5449 11506
f 1872 11507 5449
f 1858 11480 5462
f 5462 11480 1846
f 1859 5450 11506
f 11506 5450 1871
f 5450 1858 1871
f 5450 11480 1858
f 11480 5450 1859
f 5439 11506 1871
f 5439 1871 5440
f 11531 5439 5440
f 1872 5438 11507
f 5438 1872 11506
f 5439 5438 11506
f 5422 1895 5416
f 1895 5422 11556
f 5422 5416 5397
f 1885 5422 5397
f 11556 5422 1885
f 5429 1895 11556
f 5429 5438 11532
f 11530 1882 5440
f 5441 11530 5440
f 11530 5441 1881
f 11593 5421 1900
f 5427 11574 11551
f 11551 1892 11552
f 5411 11596 1912
f 11596 5412 1912
f 11597 5411 1912
f 11597 1912 5400
f 5416 11597 5400
f 1904 11597 5416
f 5417 11597 1904
f 5417 11576 1903
f 11597 5417 5411
f 11596 5417 1903
f 5417 11596 5411
f 1895 11577 5416
f 5417 11577 11576
f 11577 1904 5416
f 11577 5417 1904
f 5432 11530 1881
f 11529 5432 1881
f 5456 1867 1854
f 1853 5456 11473
f 5456 5468 11473
f 5433 11529 1880
f 5433 5434 11552
f 5433 5432 11529
f 11527 1879 5444
f 1879 1868 5444
f 1879 11527 5435
f 5434 1879 5435
f 5442 11529 5441
f 11529 5442 1880
f 5442 1869 11502
f 1742 11261 5571
f 11262 1742 5570
f 5532 11369 11370
f 11366 11365 1798
f 11394 1814 5503
f 11394 5520 1814
f 5520 11394 1796
f 11394 5519 1796
f 5519 1797 11364
f 1797 5538 11364
f 1797 11365 5538
f 1716 1738 11257
f 1738 5597 11256
f 1738 1716 5597
f 5553 1762 11297
f 1762 5572 11297
f 1762 5553 11333
f 5572 1762 11298
f 1781 5533 11333
f 5533 1801 11369
f 5596 1717 11218
f 1717 5596 11257
f 1716 5596 11218
f 5596 1716 11257
f 5595 1718 11219
f 1717 5595 11219
f 1835 11428 5484
f 11428 5498 5484
f 11428 1835 5497
f 5498 11428 5497
f 5469 11457 5457
f 11457 1849 5457
f 1849 11457 5470
f 1835 11457 5469
f 5470 11457 1835
f 1801 5514 5513
f 11402 1821 5495
f 11400 1820 11401
f 1820 11400 5497
f 5497 11400 1819
f 11400 5513 1819
f 1802 5511 1803
f 1821 5511 11401
f 5511 11402 1803
f 5511 1821 11402
f 5471 1848 11456
f 1848 5471 11455
f 5471 11456 1834
f 5516 5515 1799
f 5471 5472 11455
f 5502 1815 5503
f 1815 11394 5503
f 11394 1815 5519
f 5517 5516 1799
f 11366 5517 1799
f 5517 11366 1798
f 11453 11452 1846
f 5448 11507 1873
f 11508 5448 1873
f 11507 5448 5449
f 5448 1860 5449
f 1860 5448 5447
f 5448 11508 5447
f 11221 1719 5592
f 11222 11221 5592
f 11221 11222 5615
f 11221 1696 5616
f 11221 5615 1696
f 1719 11221 5593
f 11220 11221 5616
f 11221 11220 5593
f 11300 1764 5569
f 1743 11300 5569
f 11300 1743 5570
f 5591 1721 11223
f 5614 5591 11223
f 11222 5591 5614
f 1721 5591 11262
f 5591 1742 11262
f 1742 5591 11261
f 5528 1786 11338
f 1786 5527 5547
f 11338 1786 5547
f 1804 5529 11372
f 5529 5549 11336
f 11372 5529 1784
f 5529 11336 1784
f 1783 11335 5551
f 11335 1783 5531
f 11334 1783 5551
f 5532 1783 11334
f 5531 1783 11370
f 1783 5532 11370
f 5550 11336 1764
f 11336 5550 1784
f 5550 11335 1784
f 5550 11300 5570
f 11300 5550 1764
f 1982 5379 11748
f 11748 5379 5371
f 5379 11730 11734
f 11730 5379 1982
f 5379 11734 1981
f 11789 11766 11787
f 5349 11789 11787
f 11794 11789 2038
f 11789 11807 2038
f 11789 5349 11807
f 2000 11769 5359
f 11766 11769 2000
f 7925 3923 11515
f 7926 7925 11515
f 3923 7925 11516
f 7925 7924 11516
f 7925 11539 7924
f 8082 3853 8002
f 3853 11487 8002
f 3786 3853 8082
f 11487 3853 3786
f 8003 11513 3921
f 11487 8003 3921
f 8003 11487 8083
f 3852 8003 8083
f 7928 8003 11512
f 11513 8003 7928
f 8003 8004 11512
f 8003 3852 8004
f 8004 11486 8084
f 3852 11486 8004
f 11486 3785 8084
f 11486 3852 3785
f 11490 8079 3788
f 3856 8079 11490
f 11491 3856 7998
f 3857 11491 7998
f 11491 3857 8078
f 11514 3922 8002
f 7927 11514 8002
f 3922 11514 7926
f 11514 7927 7926
f 4093 11616 7665
f 11616 4093 7792
f 4093 14757 7792
f 4093 7727 14757
f 14643 7932 3917
f 14757 7932 14702
f 14703 7932 14757
f 7932 7933 14702
f 7933 7932 14646
f 7932 14643 14646
f 7931 11510 3918
f 11535 11558 7858
f 7859 11558 11535
f 11558 11559 7858
f 11559 11558 7790
f 11558 7791 7790
f 7791 11558 7859
f 7930 11511 3919
f 3916 7930 3919
f 7929 7930 11535
f 7930 7929 11511
f 7930 3916 11510
f 7931 7930 11510
f 14756 14755 7792
f 14755 14756 7862
f 14755 7793 7792
f 14755 7862 7863
f 7793 14755 7863
f 14583 14580 8095
f 8007 8009 3917
f 8009 14643 3917
f 14643 8009 8008
f 3849 8009 8007
f 3781 3782 14529
f 8170 3781 14529
f 8089 3781 8088
f 3781 8170 8173
f 3781 8090 8088
f 8090 3781 8173
f 3780 14525 14528
f 14530 14525 3780
f 14525 8176 14528
f 8176 14525 3713
f 14525 14530 3713
f 8664 3453 14227
f 14226 3391 8665
f 3453 14226 8585
f 8664 14226 3453
f 14226 8664 3391
f 3452 14226 8665
f 8585 14226 3452
f 8742 3392 14170
f 3268 14052 8820
f 14113 3268 3331
f 3203 14053 8898
f 3268 14053 14052
f 14053 14054 8898
f 14054 14053 3269
f 13989 8982 8983
f 8982 13989 3202
f 8982 13990 8981
f 13990 8982 3202
f 3451 8587 8586
f 8255 8258 14472
f 8258 8257 14472
f 8257 8258 8343
f 8258 8344 8343
f 8343 14409 8427
f 8344 14409 8343
f 8260 14466 14463
f 8260 14468 14466
f 14468 8260 14467
f 8430 3579 14341
f 3579 8508 14341
f 3579 14342 8508
f 8507 3515 8508
f 14342 8507 8508
f 3515 8507 14284
f 3580 8429 8427
f 3580 14342 8429
f 14286 8582 3455
f 14286 3518 8582
f 3518 14286 8505
f 14286 3517 8505
f 3456 8581 14230
f 8581 3457 14230
f 3457 8581 14288
f 8581 3456 14287
f 8581 3519 14288
f 3519 8581 14287
f 11305 8580 3458
f 3457 8580 11305
f 8580 11343 3458
f 8580 3457 14288
f 3520 8580 14288
f 11343 8580 3520
f 3140 13927 9064
f 13927 3141 9064
f 3141 13927 8985
f 13927 3140 8986
f 13927 3199 8985
f 3199 13927 8986
f 8906 13983 8907
f 14046 8906 8907
f 13983 8906 3197
f 3197 8906 13984
f 14047 8825 14048
f 8904 14047 14048
f 3326 8747 14108
f 8747 3388 14165
f 14108 8747 14165
f 14153 3380 8679
f 3380 14153 8758
f 8757 14153 8678
f 8521 3505 14326
f 3569 8521 14326
f 8588 14224 14223
f 8588 3451 14224
f 8587 8588 14281
f 8588 8587 3451
f 14277 8514 3511
f 8514 14334 14335
f 8514 8513 3511
f 8514 14335 8513
f 13979 8910 13980
f 3324 14104 8829
f 8827 14105 14106
f 14045 14046 8907
f 14044 14045 8907
f 8428 3579 8430
f 14342 8428 8429
f 3579 8428 14342
f 14404 8430 8348
f 3647 14404 8348
f 14400 14404 3647
f 14404 8428 8430
f 8428 14404 14400
f 8266 8351 14398
f 8351 8266 14459
f 8265 8351 14459
f 14458 8352 14457
f 14458 8266 8352
f 8266 14458 14459
f 8512 14279 3512
f 14279 8590 3512
f 8433 8434 14398
f 8433 3577 14338
f 8351 8433 14398
f 8433 8351 14399
f 14337 3576 14338
f 8434 3576 14337
f 3576 8433 14338
f 8433 3576 8434
f 14401 8432 8350
f 8432 14399 8350
f 8432 14401 8431
f 8432 14339 3577
f 8433 8432 3577
f 8432 8433 14399
f 8509 3578 14341
f 3578 8430 14341
f 8430 3578 8431
f 8178 14522 14523
f 8177 8178 14523
f 8178 8177 14462
f 14522 8178 3711
f 8264 8178 14462
f 3711 8178 8264
f 14518 3776 8099
f 14519 14518 8099
f 3776 8100 14575
f 8100 14574 14575
f 3842 8020 8019
f 14574 3842 8019
f 8020 3842 14573
f 8100 3842 14574
f 14456 14455 8182
f 14455 3708 8182
f 3708 14455 8269
f 8269 14455 8355
f 8354 3641 14395
f 8355 8354 14395
f 14455 8354 8355
f 4669 4671 4649
f 7060 4671 4669
f 4718 4714 7025
f 4714 4718 11896
f 4718 11897 7043
f 7041 4698 4697
f 11869 7041 11899
f 4698 7041 11869
f 2068 11819 7103
f 2069 11819 2068
f 11819 7080 7103
f 11819 2069 7080
f 2100 7038 11872
f 7038 2100 11871
f 11871 2100 11845
f 7057 2100 11872
f 11845 2100 7057
f 11844 11871 2084
f 7058 11844 2084
f 11844 7058 11871
f 11870 2099 11843
f 11870 11869 7040
f 2099 11870 7040
f 11871 7039 11901
f 2099 7039 11871
f 7039 2116 11901
f 2116 7039 11900
f 7039 2099 11900
f 2065 11818 2062
f 2065 2062 7081
f 2066 2065 7081
f 11818 2065 7104
f 2065 2066 7104
f 2026 2025 11796
f 2025 2026 11773
f 4422 7312 11682
f 7312 4422 11688
f 7312 4423 11682
f 7312 11688 4423
f 7347 1942 1945
f 1942 11686 1945
f 11686 1942 7347
f 7393 1937 11677
f 1937 11676 11677
f 11676 1937 7394
f 1937 11666 7394
f 11666 1937 7393
f 5409 11630 11631
f 11632 1918 11631
f 5408 1918 11632
f 1918 5409 11631
f 7440 11655 7492
f 7491 11655 7440
f 11642 11643 7595
f 7391 1939 11669
f 1939 7391 11679
f 7391 1938 11679
f 11668 7391 11669
f 7391 11668 1938
f 4101 11607 7717
f 11607 1905 7717
f 1905 11607 7655
f 7655 11607 4154
f 11606 4101 7718
f 4100 11606 7718
f 7658 11623 4153
f 11623 7658 11622
f 7546 11638 7547
f 7547 11638 4252
f 11638 11637 4252
f 4203 11638 7601
f 11638 4203 11637
f 11603 7721 7722
f 4097 11603 7722
f 7660 11603 4150
f 11603 7661 4150
f 7854 11561 11562
f 7788 11561 11560
f 11561 3983 7856
f 7664 4147 11617
f 4201 11619 7604
f 11634 4201 7604
f 11635 4201 11634
f 4201 11635 7603
f 11619 4201 7603
f 11601 4149 7662
f 7661 11602 7662
f 11602 11601 7662
f 11603 11602 7661
f 11602 11603 4097
f 11585 7783 7784
f 4043 11585 7784
f 11585 7719 4044
f 7783 11585 4044
f 11585 7720 7719
f 11585 4043 7720
f 1875 11523 7992
f 11523 11524 7992
f 11546 1875 7918
f 11545 7919 7849
f 7919 11545 7918
f 4384 7351 11682
f 7351 11675 11682
f 11683 7351 4384
f 11675 7351 11683
f 4343 11676 7394
f 4343 11675 11676
f 11665 4343 7394
f 11652 7547 4252
f 7496 11652 4252
f 7495 11652 7496
f 7547 11652 4253
f 11652 7495 4253
f 4341 7396 11663
f 7396 11664 11663
f 11674 7396 4341
f 7396 11674 4342
f 11664 7396 4342
f 4298 7445 11663
f 4298 11651 7445
f 11651 4298 7496
f 7495 4299 7443
f 7443 4299 11665
f 4299 11664 11665
f 1934 7490 7439
f 7438 1934 11669
f 1934 7439 11669
f 11657 7438 7489
f 11657 1934 7438
f 1934 11657 7490
f 11656 7491 7439
f 7490 11656 7439
f 7715 7654 1906
f 456 467 6941
f 467 462 6941
f 467 456 6958
f 462 467 6958
f 457 6960 466
f 462 457 466
f 457 462 6960
f 451 448 6992
f 448 6991 6992
f 448 451 6974
f 6974 442 443
f 445 442 6974
f 443 442 6991
f 442 445 6991
f 12202 90 6877
f 6896 90 12202
f 90 12201 6877
f 12201 90 6897
f 90 6896 12160
f 90 67 6897
f 67 90 12160
f 7037 11903 7036
f 2101 7037 7036
f 7037 11902 2118
f 11903 7037 2118
f 11902 7037 11872
f 7037 2101 11872
f 11846 11873 2086
f 11846 2086 7078
f 7056 11846 7078
f 2101 11846 7056
f 11873 11846 2101
f 2152 4742 11963
f 6986 2152 11963
f 2 12037 6967
f 11999 11998 6968
f 11999 2 6985
f 11999 6968 12037
f 2 11999 12037
f 7002 11932 2134
f 7077 11847 5309
f 7077 2072 11823
f 2063 7077 11823
f 7077 2087 2072
f 2087 7077 5309
f 7077 2063 2086
f 11847 7077 2086
f 7008 4736 4734
f 4736 7008 4737
f 4736 11926 4734
f 11926 4736 4737
f 2051 11799 7122
f 2051 5346 11799
f 5346 2051 5335
f 5335 2051 11823
f 7100 2051 7122
f 2051 7100 11823
f 5346 11800 11799
f 11800 5346 2052
f 5356 11800 2032
f 1972 11735 5377
f 11735 1972 7193
f 11755 1987 11776
f 1994 1987 5377
f 2030 7146 2029
f 11797 2030 2029
f 2021 2030 11797
f 7146 2030 2005
f 11800 2031 11799
f 2031 5356 11776
f 2031 11800 5356
f 2011 11775 11776
f 11727 5380 11728
f 5380 11727 5372
f 11731 11732 11712
f 11732 5380 1981
f 5380 11732 11731
f 5391 1960 5396
f 1960 5391 5390
f 11720 5391 5385
f 1976 11720 5385
f 11720 1976 1977
f 5391 11720 5390
f 5373 1996 5364
f 5365 1996 5374
f 1996 5365 11779
f 5382 5381 11723
f 2012 11756 11755
f 5355 2012 2032
f 11778 2012 5355
f 2106 11878 5291
f 5290 2106 11908
f 2106 5291 11908
f 11879 2106 5290
f 11878 2106 11879
f 5331 5332 2075
f 5331 5330 2055
f 5332 11826 2075
f 11826 5333 5320
f 11826 5332 5333
f 2090 5319 11851
f 5319 5306 11851
f 5318 5319 2090
f 11826 5319 2075
f 5306 5319 5320
f 5319 11826 5320
f 5305 11878 11852
f 5318 5305 11852
f 5305 5318 2090
f 11878 5305 11851
f 5305 2090 11851
f 11905 2120 5279
f 11849 5307 5321
f 11877 11876 5292
f 11876 11877 11850
f 11876 11850 5307
f 11849 11876 5307
f 11876 11849 2104
f 5334 2073 5321
f 11825 5334 5321
f 5334 11824 2073
f 5334 11825 5333
f 5346 5334 2052
f 11824 5334 5335
f 5334 5346 5335
f 11801 5355 2032
f 11800 11801 2032
f 2033 11778 5355
f 11801 2033 5355
f 2033 11801 5344
f 2013 2033 5354
f 11778 2033 2013
f 5331 5343 5332
f 11803 5343 2055
f 5343 5331 2055
f 2034 5343 11803
f 5303 2091 11879
f 2091 5318 11852
f 5316 2092 5302
f 2092 5317 5303
f 5317 2091 5303
f 2035 5352 11804
f 2035 5341 5351
f 5341 2035 11804
f 2016 11782 11764
f 11770 2016 11764
f 11782 2016 5351
f 2016 11770 5362
f 11770 1998 5362
f 1998 11764 5371
f 1998 11770 11764
f 1998 11768 5362
f 11727 1980 5372
f 5372 1980 11740
f 1980 5373 11740
f 1980 5382 5373
f 5382 1980 5381
f 11724 11719 11711
f 11724 11727 11719
f 11716 11724 11711
f 11724 11716 11718
f 5388 11724 11718
f 5381 11724 5388
f 1980 11724 5381
f 11724 1980 11727
f 11741 11750 1981
f 1998 11750 11741
f 11744 11741 1981
f 5380 11744 1981
f 11744 5380 5372
f 11744 1998 11741
f 11768 11744 5372
f 1998 11744 11768
f 11747 1999 11752
f 1999 11747 11751
f 1982 11747 11752
f 11747 1982 11751
f 12124 51 12083
f 5165 51 12124
f 51 5186 12083
f 51 5165 12125
f 12084 51 12125
f 5186 51 12084
f 11943 5255 2145
f 2144 11943 5272
f 5255 11943 2144
f 5256 11942 2143
f 11942 11941 2143
f 11942 5273 11941
f 11942 5256 2144
f 5273 11942 5272
f 11942 2144 5272
f 2120 7017 11935
f 7017 2120 11904
f 2119 7017 11904
f 11935 7017 2137
f 7017 2119 2137
f 2017 11771 11761
f 11765 11771 2017
f 11771 1999 11761
f 11771 11765 1999
f 8818 14054 3269
f 14114 8818 3269
f 14054 8818 3270
f 8818 14114 3270
f 14114 3332 8740
f 3332 14171 8740
f 3332 14113 8741
f 3332 14114 14113
f 3332 8741 3393
f 14171 3332 3393
f 9360 2892 13674
f 2892 9293 13674
f 2892 9360 13673
f 9293 2892 13673
f 8681 14150 14208
f 14150 8681 3379
f 3379 8681 14209
f 8681 8601 14209
f 3440 8681 14208
f 8601 8681 3440
f 13911 13970 9000
f 13911 9001 13970
f 3129 13911 9000
f 9080 13911 3129
f 9001 13911 9080
f 8919 8920 13969
f 8921 8919 13969
f 14031 8919 8921
f 8919 14031 14029
f 8920 8919 14029
f 13971 8918 14033
f 3189 8918 13971
f 8918 3189 13970
f 8918 14032 14033
f 8918 13970 14032
f 14150 3316 8761
f 3316 14150 8760
f 14093 3316 8760
f 14092 8841 8840
f 14092 14091 3315
f 14091 14092 8840
f 8762 14092 3315
f 14092 14149 8761
f 14092 8762 14149
f 3316 14092 8761
f 14092 3316 14093
f 14092 14093 8839
f 8841 14092 8839
f 3251 14091 8840
f 3251 8842 14091
f 3251 8840 14029
f 14031 3251 14029
f 8842 3251 14031
f 9075 13855 13916
f 13855 3132 13916
f 3132 13855 9076
f 13855 9075 3068
f 3005 13855 13794
f 13855 3005 9076
f 8995 3133 13916
f 3133 9075 13916
f 9075 3133 13856
f 13856 3133 9074
f 13792 3005 13793
f 3005 13792 9154
f 9230 13792 13793
f 9154 13792 2944
f 13792 9230 2944
f 13728 9230 9300
f 13728 9300 13665
f 9301 13728 13665
f 9230 13728 2944
f 8998 13914 3131
f 13914 13853 3131
f 13853 13914 9077
f 13914 3132 9077
f 3132 13914 8997
f 13914 3191 8997
f 13914 13973 3191
f 13914 8998 13973
f 8998 13913 3190
f 13913 8999 3190
f 13913 8998 3131
f 8999 13913 3131
f 8999 13972 3190
f 14034 13972 8917
f 13972 13971 8917
f 13972 8999 13971
f 13972 8916 3190
f 13972 14034 8916
f 8367 8449 14380
f 3631 8367 14380
f 14371 14379 8452
f 8370 14379 14371
f 3565 14320 8527
f 14319 3565 8527
f 3565 8449 14320
f 8450 14319 14318
f 3564 8450 14318
f 8450 3564 8452
f 14379 8450 8452
f 3565 8450 8449
f 8450 3565 14319
f 8449 8450 14380
f 8450 8368 14380
f 8450 14379 8368
f 8683 14148 14206
f 14148 8683 3378
f 8762 14148 3378
f 14148 8763 14147
f 14148 8684 14206
f 14148 14147 8684
f 14148 8762 3315
f 8763 14148 3315
f 8602 14207 14264
f 3503 8602 14264
f 8602 3503 14265
f 3440 8602 14265
f 14207 8602 3440
f 8682 14207 14208
f 14150 8682 14208
f 8682 14149 3378
f 14207 8682 3378
f 14149 8682 8761
f 8682 14150 8761
f 8764 3314 14089
f 14088 8764 14089
f 3377 8764 14146
f 3314 8764 14147
f 8764 3377 14147
f 8446 14384 8445
f 14324 8446 8445
f 14384 8446 3633
f 14444 8278 3633
f 3635 8276 14448
f 3770 14506 8110
f 14507 3770 14508
f 14507 14506 3770
f 14621 3905 8029
f 3905 14564 8029
f 14563 3836 8110
f 3836 14564 8110
f 3836 14563 8029
f 14564 3836 8029
f 3770 8109 14508
f 14564 8109 3770
f 8188 3705 14511
f 3705 8189 14511
f 3705 8275 14448
f 8189 3705 14448
f 3697 3698 8200
f 14436 3697 14437
f 3698 3697 14436
f 8365 14382 14443
f 8280 14382 8366
f 14382 8280 14443
f 3566 14382 8447
f 14383 8365 3633
f 8446 14383 3633
f 14383 8446 8447
f 14382 14383 8447
f 14383 14382 8365
f 8280 14442 3701
f 8367 14381 8449
f 14322 3566 8447
f 14323 14322 8447
f 14322 14321 3566
f 8195 14504 3701
f 8195 14503 14504
f 14442 8195 3701
f 8195 14442 8281
f 8282 8283 8368
f 14379 8282 8368
f 13658 9310 9308
f 9310 13658 9376
f 13721 9310 13710
f 9310 13721 9308
f 13721 9309 9308
f 13721 9238 9309
f 2685 9594 13439
f 9594 2685 13488
f 13488 2685 9595
f 2685 13438 9595
f 2643 2685 13439
f 13438 2685 2643
f 13437 9596 2684
f 9596 13487 2684
f 9596 13486 13487
f 2827 9497 9440
f 9497 2774 9440
f 9497 2827 13594
f 9497 13539 9550
f 9497 13594 9496
f 13539 9497 9496
f 13538 9497 9550
f 2774 9497 13538
f 9435 13599 9492
f 13599 9435 2830
f 2777 9435 9492
f 9435 2777 13598
f 2830 9435 13598
f 3063 13848 9081
f 13848 3063 9158
f 13849 3063 9081
f 9082 13848 3062
f 9082 3125 13908
f 13909 9082 13908
f 13848 9082 13909
f 14039 8913 14038
f 14038 8913 3192
f 8913 13976 3192
f 8995 13977 8994
f 13976 13977 8995
f 13977 3193 8994
f 3193 13977 8912
f 8913 13977 13976
f 13977 14039 8912
f 13977 8913 14039
f 3256 14097 8835
f 14154 8757 8678
f 13859 3070 9072
f 9149 3070 3010
f 3010 3070 13860
f 3070 13859 13860
f 3070 9149 13797
f 8832 3259 14100
f 13507 2740 9530
f 2740 13559 9530
f 13563 9531 13562
f 2740 13563 13559
f 13563 2740 9531
f 13509 9532 2739
f 13510 13509 2739
f 9532 13509 13505
f 13509 2696 13505
f 13510 13506 2697
f 2740 13506 9531
f 9531 13506 2739
f 13506 13510 2739
f 2696 13456 13460
f 13456 2655 13408
f 9624 13456 13408
f 13460 13456 9624
f 13456 2697 2655
f 13456 13510 2697
f 9479 13558 9532
f 2786 9479 9532
f 2839 9479 13612
f 9479 2786 13612
f 9479 2839 9421
f 2787 9479 9421
f 9479 2787 13562
f 13558 9479 13562
f 14345 3582 14349
f 14345 14349 8504
f 3398 11310 8655
f 8656 11310 3398
f 11310 8656 3461
f 3400 11273 3398
f 3400 8734 11273
f 11236 8734 3338
f 11238 11236 3338
f 11236 8811 8812
f 8734 11236 8812
f 8810 11236 11238
f 11236 8810 8811
f 11237 11235 8735
f 11235 11232 8735
f 11235 11237 3274
f 11232 11233 3336
f 3336 11233 11231
f 11233 3273 11231
f 11233 8814 3273
f 3526 11350 11349
f 11379 8497 8498
f 11379 3588 8416
f 3588 11379 8498
f 11315 3465 8572
f 3465 8651 8652
f 3465 11315 8651
f 11313 3464 8653
f 8499 3587 11378
f 3587 8417 11378
f 8417 3587 8418
f 11353 3467 8570
f 3467 11353 8569
f 3342 8729 11243
f 8729 3342 11242
f 3342 11243 8806
f 11242 3342 8806
f 1807 8408 11386
f 1770 11355 8567
f 11321 8644 1751
f 1791 11357 8489
f 11388 1791 8489
f 1791 11388 8488
f 8565 11321 11357
f 1791 8565 11357
f 11386 8490 1789
f 8490 11355 1789
f 8490 1790 8567
f 11355 8490 8567
f 1790 11356 8567
f 11357 11356 8489
f 11356 1790 8489
f 11317 8649 8570
f 3467 11317 8570
f 8491 11386 1789
f 8491 1807 11386
f 11376 8500 8501
f 3521 8500 3523
f 8501 8500 3521
f 8500 3524 3523
f 8500 8499 3524
f 3585 8419 3586
f 11404 8419 3585
f 8418 8419 11405
f 11405 8419 8334
f 8419 11404 8334
f 8736 11272 11270
f 11270 11272 3397
f 3396 11269 8737
f 3396 8658 11269
f 3335 3396 8737
f 11268 3396 3335
f 3396 11268 8659
f 11347 3524 3525
f 8576 11347 3525
f 11347 8577 3524
f 11347 8576 3461
f 8577 11347 3461
f 3524 11345 3523
f 8577 11345 3524
f 11345 8577 3459
f 11345 3521 3523
f 11345 3459 3521
f 11120 11119 8975
f 11119 11115 8975
f 11119 11120 3149
f 11115 11119 3149
f 8974 11160 11159
f 11160 8974 11156
f 11160 8892 11159
f 8892 11160 11156
f 3209 8891 11157
f 8891 3209 11161
f 3209 11157 8973
f 11122 3209 8973
f 8974 3209 11122
f 3209 8974 11161
f 9133 11044 11043
f 11044 9133 3023
f 3082 9133 11043
f 3023 9133 3082
f 3083 11078 11079
f 11079 11078 3148
f 1109 10528 10494
f 10032 1109 10494
f 10528 10013 1138
f 10013 10560 1138
f 1109 10013 10528
f 10560 10013 1137
f 10653 6149 6150
f 1252 10653 6150
f 6149 10653 1253
f 1253 10653 6121
f 10653 1252 6121
f 6240 6210 10586
f 6240 10585 6210
f 1161 6240 10586
f 6240 1161 6239
f 6240 6239 10553
f 6240 10553 1131
f 10585 6240 1160
f 10552 6240 1131
f 1160 6240 10552
f 10619 6151 6180
f 6151 10619 1219
f 6209 10619 6180
f 1189 10619 6209
f 6157 1246 10646
f 6156 6157 10646
f 6157 10613 1214
f 6157 6186 10613
f 10645 6157 1214
f 1246 6157 10645
f 1266 6110 10697
f 10667 6110 1266
f 6081 6110 6111
f 10697 6110 6080
f 6110 6081 6080
f 6230 10566 1144
f 10566 6258 1144
f 6198 1206 10601
f 6198 6227 1175
f 1176 6198 10601
f 6198 1176 6227
f 1206 1205 6169
f 6169 1205 6170
f 6170 1205 1204
f 1205 10600 1204
f 6139 10635 10634
f 10635 6139 10667
f 6139 6110 10667
f 1002 6396 10403
f 6396 1001 10403
f 10373 6396 1002
f 973 6396 10373
f 10372 971 6398
f 1001 10372 6398
f 10372 6396 972
f 6396 10372 1001
f 10431 6347 1055
f 10431 1027 6347
f 1027 10431 6346
f 10401 1027 6373
f 1027 10401 6374
f 1000 10401 6373
f 999 10401 1000
f 6374 10401 999
f 6260 1171 6231
f 1171 6260 6232
f 6231 1171 6202
f 1171 10597 6202
f 10597 1171 6203
f 1171 6232 6203
f 10564 6260 6261
f 6260 10564 6232
f 1142 10564 6261
f 10564 1170 6232
f 6289 1114 6288
f 1085 6289 6288
f 1114 6289 10498
f 6289 1085 10498
f 10343 10091 968
f 940 10343 968
f 10343 940 10096
f 10091 10343 967
f 963 10368 968
f 10091 963 968
f 963 10086 10368
f 963 10091 967
f 10086 963 967
f 965 10369 969
f 6424 965 969
f 965 6401 10369
f 6401 965 968
f 965 6424 968
f 10255 10264 862
f 10264 10255 861
f 6519 10264 861
f 10264 6519 6518
f 10264 10265 862
f 10265 10264 6518
f 6415 948 10350
f 925 6455 10313
f 6455 926 10313
f 6413 950 10352
f 950 6434 6435
f 10352 950 6435
f 6434 950 979
f 950 6413 979
f 949 6414 6435
f 6414 949 10351
f 6414 977 6391
f 977 6414 10351
f 6391 977 1006
f 6415 977 10351
f 977 10376 1006
f 977 6415 10376
f 978 10377 1007
f 978 6414 10377
f 6390 978 1007
f 6413 978 6390
f 978 6413 10352
f 6414 978 10352
f 10274 882 6508
f 10274 871 882
f 10274 6508 872
f 6519 10274 872
f 871 10274 6519
f 6279 1123 10507
f 1123 6279 10506
f 1094 6279 10507
f 10506 6279 1094
f 1151 10573 10574
f 1179 10573 6223
f 10573 10572 6223
f 10573 6222 10574
f 6222 10573 1179
f 6251 1151 10540
f 10539 6251 10540
f 6251 10573 1151
f 10573 6251 10572
f 10572 6251 1150
f 6251 10539 1150
f 10505 6280 1093
f 6280 10472 1093
f 6280 10506 10472
f 6287 10499 1115
f 1086 10499 6287
f 10499 6288 1115
f 10499 1086 6288
f 10466 1086 1087
f 1086 10466 6316
f 6315 10466 1087
f 10466 1057 6316
f 10466 6315 1057
f 1057 6317 6316
f 1086 6317 10465
f 6317 1086 6316
f 1089 10502 6284
f 10502 1118 6284
f 6285 10502 1089
f 1118 10502 6285
f 6256 10535 1146
f 1118 10535 6256
f 10535 1117 6257
f 1146 10535 6257
f 10535 6285 1117
f 10535 1118 6285
f 10501 6286 1117
f 10501 1088 6286
f 6285 10501 1117
f 1088 10501 6285
f 10375 6393 975
f 6393 10375 1005
f 10375 10406 1005
f 10375 6368 10406
f 10375 1004 6369
f 6368 10375 6369
f 6438 925 6456
f 924 6438 6456
f 946 6438 6439
f 6438 6457 6439
f 6457 6438 924
f 6394 10374 1004
f 6394 975 6417
f 6394 10375 975
f 10375 6394 1004
f 974 6394 6417
f 6394 974 10374
f 946 974 6417
f 10348 974 946
f 6458 923 10310
f 6457 10327 6439
f 923 10327 6457
f 6458 10327 923
f 921 6459 10309
f 6459 921 10325
f 6200 6229 10599
f 10566 6229 6258
f 10358 10357 6408
f 955 10357 10358
f 10357 10356 6408
f 10357 955 10356
f 1495 10915 5852
f 1495 10943 5851
f 10916 1495 5851
f 5822 1495 5852
f 10943 1495 5822
f 5880 1495 10916
f 10915 1495 5880
f 11033 5741 1599
f 5741 11033 5740
f 1570 5741 5740
f 5741 1570 10997
f 5742 5741 10997
f 10998 1543 5769
f 10967 1543 5798
f 1543 5768 5798
f 1543 10998 5768
f 5799 1543 10967
f 5769 1543 5799
f 11035 1601 5708
f 5709 1601 11035
f 1601 5709 11072
f 1601 11073 5708
f 11073 1601 11072
f 1629 11111 1656
f 5681 1629 1656
f 1629 1655 11111
f 1629 11071 1655
f 11071 1629 11072
f 1629 5681 11072
f 6063 1307 1335
f 1307 10712 6064
f 10712 1307 1279
f 1307 10713 1279
f 1307 6063 10713
f 6034 1334 1361
f 1334 10740 6035
f 10769 1334 6035
f 1334 10769 1361
f 10740 1334 1306
f 1334 6064 1306
f 10678 6127 1247
f 1247 6127 10647
f 10679 6127 1276
f 6127 1248 10647
f 6127 10679 1248
f 6127 6098 1276
f 6127 10678 6098
f 10680 10649 6126
f 10649 10680 1249
f 6126 10649 1248
f 10649 6154 1248
f 1187 6183 6212
f 10616 6183 1187
f 6183 10616 1217
f 6183 1217 10617
f 1188 6183 10617
f 6212 6183 1188
f 10681 1249 6125
f 10681 10650 1249
f 10650 10681 6124
f 6124 10681 1278
f 10681 6096 1278
f 10681 6125 6096
f 1218 6153 6152
f 6153 10650 6152
f 6153 1218 10617
f 10650 6153 1249
f 6153 10649 1249
f 1217 6153 10617
f 6154 6153 1217
f 10649 6153 6154
f 5992 10807 1374
f 10807 5992 10811
f 10811 5992 1376
f 10782 5992 1374
f 5992 10782 1376
f 10775 1369 5998
f 1369 5969 10803
f 1369 10775 5999
f 10951 1503 5845
f 1529 10951 5845
f 5757 1557 5758
f 1447 10893 5907
f 5875 10893 1447
f 10893 1448 5907
f 10893 5906 1448
f 1470 5878 10888
f 1469 1470 10888
f 5878 1470 10917
f 1470 1469 10917
f 10804 1370 10803
f 1370 1369 10803
f 1369 1370 5998
f 1370 10776 5998
f 1370 10804 10776
f 10804 1397 10805
f 10805 1397 5940
f 1395 1397 10803
f 1397 10804 10803
f 1397 10859 5940
f 1397 1395 10859
f 5910 1393 5879
f 1393 5969 5879
f 1368 5999 1366
f 5969 1368 1366
f 1368 1369 5999
f 1369 1368 5969
f 10796 5977 1387
f 10796 10797 6006
f 10797 10796 1387
f 1386 5978 10825
f 5977 1386 10825
f 10796 1386 5977
f 5978 1386 10795
f 10794 1385 10795
f 1385 10794 5979
f 1385 5978 10795
f 5978 1385 10824
f 10824 1385 5950
f 1385 5979 5950
f 10735 1302 1329
f 1302 10735 6040
f 10735 1329 1356
f 6040 10735 1356
f 1359 6036 6037
f 6036 10738 6037
f 6036 1359 6006
f 10768 6036 6006
f 6036 1360 1333
f 6036 10768 1360
f 6007 6008 10795
f 6007 1359 6008
f 1386 6007 10795
f 6007 1386 10796
f 6007 10796 6006
f 10710 6067 6066
f 1304 6067 10709
f 10738 6067 1304
f 6067 6097 10709
f 6097 6067 10710
f 1358 6038 1331
f 6038 1358 6037
f 6038 10738 1304
f 10766 6009 6008
f 10766 1358 6009
f 1359 10766 6008
f 10766 1359 6037
f 1358 10766 6037
f 10863 1447 5907
f 10863 1422 1447
f 10863 5939 1422
f 1426 1424 10860
f 5874 1473 10921
f 10921 1473 5845
f 1473 5875 5845
f 1473 10893 5875
f 1473 5874 5906
f 10893 1473 5906
f 1475 10892 1480
f 10892 1475 10894
f 5903 10892 10894
f 5902 10892 5903
f 1476 1452 10890
f 1452 10892 5902
f 10892 1452 1476
f 1452 5902 10862
f 1478 1476 5843
f 1478 5843 10923
f 1480 1478 10923
f 10892 1478 1480
f 1478 10892 1476
f 1351 6017 10758
f 6017 10786 5987
f 6017 10757 10786
f 6017 1351 10757
f 6017 5987 10787
f 6016 6017 10787
f 10758 6017 6016
f 1299 10731 6044
f 10732 1299 6044
f 1299 10732 6073
f 10703 1299 6073
f 1458 10905 5891
f 1486 10905 1458
f 10905 5862 5891
f 10905 1486 5862
f 1899 11592 7776
f 7776 11592 1900
f 7778 7777 11570
f 7777 7845 11570
f 7845 7777 11571
f 7777 1899 11571
f 11474 1841 5468
f 5456 11474 5468
f 11474 5456 1854
f 11474 1854 5467
f 1841 11474 5467
f 1826 5481 11447
f 5481 5468 11447
f 5481 11446 5468
f 1851 8153 11470
f 1851 8073 8072
f 8073 1851 11470
f 8153 1851 11471
f 1851 1852 11471
f 8071 1851 8072
f 1852 1851 8071
f 3790 8077 8076
f 8076 8077 3858
f 8077 11492 3858
f 11492 8077 3857
f 3857 8077 8078
f 8077 3790 8078
f 3659 11441 8239
f 8325 3659 8239
f 1837 8238 11442
f 1822 8238 8324
f 8238 1822 11442
f 5507 1811 5508
f 11388 11389 8488
f 11389 11388 1810
f 1827 5494 5480
f 5480 5494 11447
f 5494 1826 11447
f 11391 5507 1812
f 5522 11391 1812
f 1811 11391 5523
f 11391 1811 5507
f 11391 1794 5523
f 1794 11391 5522
f 11419 5507 5508
f 5494 11419 5508
f 11419 5494 1827
f 11419 1827 5493
f 5507 11419 5493
f 5564 1752 11322
f 11286 1752 5564
f 1752 8644 11322
f 1752 8724 8644
f 1752 11286 8724
f 11286 1730 8724
f 8724 1730 11247
f 11248 1730 5584
f 1730 11286 5584
f 1730 8801 11247
f 1730 11248 8801
f 8646 11320 1750
f 11283 8646 1750
f 8646 11283 11319
f 1770 8646 11319
f 11320 8646 1770
f 5524 11359 1792
f 11359 5544 1792
f 1754 5582 11288
f 1754 11289 5582
f 5561 1754 11325
f 11289 1754 5561
f 11360 1774 5543
f 11172 1687 5626
f 1687 11172 5650
f 11172 5626 11211
f 11212 5624 11173
f 5624 11212 11213
f 11134 11174 5647
f 11134 5648 11174
f 5648 11134 1665
f 11134 5674 1665
f 1689 5624 11174
f 5648 1689 11174
f 5624 1689 11173
f 1689 5648 11173
f 1613 11053 11052
f 11053 1613 5701
f 5676 1639 1612
f 1639 5676 11091
f 1613 1639 11092
f 5675 11133 1665
f 11092 5675 1665
f 1639 5675 11092
f 5675 1639 11091
f 5676 1664 11091
f 1664 5675 11091
f 5675 1664 11133
f 1664 5676 11132
f 5650 1664 11132
f 5649 1688 11173
f 5648 5649 11173
f 11133 5649 5648
f 5649 11172 1688
f 11172 5649 5650
f 5649 1664 5650
f 1664 5649 11133
f 11051 5703 1612
f 9045 1636 11087
f 11088 1636 9045
f 9275 11011 9274
f 9344 10977 9343
f 1552 9344 10976
f 9275 1552 10976
f 1552 9275 9274
f 10977 1552 9274
f 1552 10977 9344
f 11050 5732 1582
f 11049 11012 1581
f 11012 11049 5733
f 11049 1636 11088
f 11051 1611 5703
f 1611 11051 1583
f 1587 11019 5756
f 5727 1587 5756
f 1587 5698 11056
f 11055 1587 5727
f 1587 11055 5698
f 11017 5757 5758
f 5757 11017 5728
f 5729 11017 5758
f 5757 10983 5785
f 5785 10983 5814
f 10983 1558 5814
f 10983 5757 11018
f 10983 11018 5756
f 1558 10983 5756
f 11016 5730 1585
f 5730 11053 1585
f 11053 5730 11052
f 1607 11046 9128
f 1607 1634 9127
f 11046 1607 9127
f 1604 9130 3087
f 1604 1605 9129
f 9130 1604 9206
f 1604 9129 9206
f 9129 1606 11045
f 11045 1606 9128
f 1605 1606 9129
f 1633 1606 1605
f 9048 11127 11085
f 11127 9048 1659
f 1634 9048 11085
f 1607 9048 1634
f 9048 1606 1633
f 9048 1607 9128
f 1606 9048 9128
f 11125 11164 8968
f 8968 11164 8885
f 11164 8969 3214
f 11164 11125 8969
f 8886 11164 3214
f 11164 11204 8885
f 11204 11164 8886
f 9050 1658 11083
f 1658 11125 8968
f 1658 9050 3153
f 11125 1658 3153
f 11126 1658 8968
f 11124 3151 8970
f 3151 11124 3152
f 3151 3152 9051
f 3151 11123 8970
f 3151 9051 11123
f 3213 11163 8970
f 11163 11124 8970
f 11163 3213 8887
f 11163 8886 3214
f 8886 11163 8887
f 8969 11163 3214
f 11124 11163 8969
f 3340 11278 8731
f 11241 3340 8731
f 3340 11241 11240
f 11278 3402 8652
f 3402 8653 8652
f 8653 3402 11277
f 3339 11240 11238
f 8733 3339 11238
f 3339 8733 11277
f 8571 3466 8572
f 3466 11315 8572
f 11315 3466 8650
f 8730 3403 8650
f 3341 8730 11242
f 11279 3341 8731
f 11278 11279 8731
f 8730 11279 3403
f 11279 8730 3341
f 11279 11278 8651
f 3403 11279 8651
f 8888 11162 3211
f 11201 8888 3211
f 11162 8888 3212
f 8888 11201 11202
f 8888 3213 3212
f 3213 8888 11202
f 8647 1749 11318
f 11283 8647 11319
f 1749 8647 11283
f 11128 1660 8966
f 11128 9046 1660
f 11128 8965 9046
f 8881 11168 8882
f 11208 8881 8882
f 11168 8881 1685
f 8881 11208 11209
f 8881 11169 1685
f 11169 8881 11209
f 8804 8803 1706
f 8803 8804 11245
f 1707 8803 11246
f 8803 1728 11246
f 1728 8803 11245
f 11206 1707 11207
f 8883 11206 11207
f 11206 8803 1707
f 8803 11206 1706
f 11206 11205 1706
f 11166 11127 8967
f 8728 11244 11243
f 8728 1727 11244
f 1727 8728 11282
f 8729 8728 11243
f 11281 8728 8729
f 12478 4940 4912
f 4940 12526 4912
f 12526 4940 12477
f 4941 12525 4913
f 12526 4941 4913
f 4941 12526 12477
f 230 12446 12444
f 12445 12446 230
f 12446 4961 12444
f 12446 12445 4961
f 12354 12356 5037
f 12356 12353 5037
f 12355 203 12352
f 12355 12353 203
f 5037 12355 12352
f 12353 12355 5037
f 12391 202 12394
f 12346 5038 12349
f 12346 202 12351
f 5038 12346 179
f 12346 12351 179
f 12351 5014 12354
f 5014 12356 12354
f 202 5014 12351
f 5014 12391 12396
f 5014 202 12391
f 5014 12396 12392
f 203 5014 12392
f 12353 5014 203
f 12356 5014 12353
f 12686 4814 370
f 399 4814 12686
f 4814 399 12736
f 370 4814 4813
f 4814 12736 4813
f 4815 12683 12681
f 399 12683 4815
f 12683 12637 12642
f 399 4784 12736
f 4784 4756 12736
f 4784 399 12734
f 4756 4784 12734
f 12680 4816 367
f 12680 397 4816
f 397 12680 4817
f 4817 12680 4847
f 4846 12680 367
f 12680 4846 4847
f 424 4760 4759
f 424 4788 4760
f 4788 424 12727
f 424 4787 12727
f 12782 426 4758
f 426 12783 4757
f 12783 426 12782
f 427 426 4757
f 426 427 4786
f 12735 4786 12728
f 397 12735 12728
f 12735 426 4786
f 336 12631 4878
f 12631 337 4878
f 12631 4848 337
f 4849 12631 336
f 366 396 4817
f 396 397 4817
f 396 12735 397
f 426 396 4787
f 12735 396 426
f 4787 395 12727
f 395 4788 12727
f 395 4819 4788
f 12777 12785 12775
f 12778 12777 12775
f 4815 12732 12734
f 12733 12732 4815
f 12636 12640 12682
f 12640 12636 340
f 12636 12638 340
f 248 12476 4969
f 4942 12476 274
f 12476 248 274
f 12525 12476 4942
f 12431 4969 249
f 12431 248 4969
f 248 12431 12430
f 12431 4995 12430
f 5019 12386 12387
f 199 5019 12387
f 12342 5019 199
f 12341 198 5043
f 198 12342 5043
f 5020 198 12341
f 198 5019 12342
f 198 5020 12386
f 5019 198 12386
f 12561 4901 317
f 4901 12560 317
f 4901 12561 289
f 4901 289 4929
f 12560 4901 4929
f 6892 15426 538
f 537 6892 538
f 15426 6892 514
f 6892 537 541
f 6892 6911 514
f 6911 6892 15427
f 6892 542 15427
f 542 6892 541
f 6727 12451 6728
f 691 12451 6727
f 12451 690 6728
f 6754 12451 691
f 12451 6754 690
f 663 12405 6755
f 663 6754 12405
f 690 663 6755
f 6754 663 690
f 570 12274 592
f 6846 570 592
f 12274 570 6847
f 6817 159 12282
f 159 6817 12324
f 12282 159 6816
f 159 12325 6816
f 159 12324 12325
f 6794 12368 12369
f 182 6794 12369
f 6795 6794 12323
f 6794 6795 12368
f 6794 12324 12323
f 6794 182 12324
f 5053 166 12332
f 166 5053 12290
f 190 5053 12332
f 5053 190 12290
f 79 5157 57
f 12173 5157 79
f 5157 5178 57
f 5157 12132 5178
f 5157 80 12132
f 5157 12173 80
f 5329 11829 5328
f 11829 5316 2078
f 5328 11829 2078
f 2056 5341 11804
f 5342 2056 11804
f 2056 5342 5330
f 5329 2056 5330
f 5341 2056 5329
f 2058 5327 5338
f 2058 5339 5327
f 11807 2058 5338
f 11810 2058 11807
f 5339 2058 11810
f 6598 790 792
f 793 790 6598
f 790 793 758
f 6630 790 758
f 790 6630 792
f 794 793 15508
f 793 794 6629
f 6625 15498 766
f 798 6625 766
f 767 15485 15498
f 767 6655 15485
f 799 767 15498
f 767 799 6624
f 6655 767 15486
f 15486 767 15499
f 767 6624 15499
f 6712 708 6684
f 6684 708 15474
f 627 630 6789
f 15446 646 625
f 646 15455 645
f 15448 15447 6763
f 15447 623 622
f 630 15447 622
f 631 15447 15448
f 623 15447 631
f 15447 627 645
f 627 15447 630
f 15441 607 6812
f 608 15436 601
f 15436 608 15437
f 576 15436 15437
f 15436 576 580
f 605 15435 602
f 605 603 15435
f 605 602 6812
f 603 605 6812
f 4688 15398 15396
f 15398 4688 7047
f 15398 4710 15396
f 4710 15398 7027
f 15368 15371 4665
f 15371 15372 4665
f 15372 15371 4690
f 15371 15368 4690
f 4689 15385 7046
f 15385 15381 7046
f 15364 7091 4661
f 7091 15364 4662
f 15364 7069 4687
f 7069 15364 4661
f 4662 15364 7068
f 15364 4687 15380
f 7068 15364 15380
f 4683 7051 4680
f 7072 4683 4680
f 7051 15391 7050
f 15391 7051 4705
f 4703 15391 4706
f 7050 15391 4703
f 434 15403 7014
f 4721 15403 434
f 15403 4721 4703
f 7031 15403 4703
f 7032 4727 4705
f 15403 4727 7014
f 4727 15403 7031
f 4727 433 7014
f 433 4727 7015
f 15378 4684 7050
f 7051 4684 4680
f 4684 7051 7050
f 4680 4684 15362
f 4684 15378 15362
f 4593 15303 4568
f 4593 7160 15303
f 7137 4617 7115
f 7137 7114 4618
f 7114 7137 7115
f 7138 4592 15324
f 7138 4617 4592
f 7138 15324 4616
f 7116 7138 4616
f 7138 7116 7115
f 4617 7138 7115
f 7075 15360 4655
f 4681 15360 4679
f 15360 15375 4679
f 15360 7075 15375
f 15360 4681 7074
f 4655 15360 7074
f 4631 7097 4633
f 7097 4631 4636
f 4631 4633 7117
f 4636 4631 7117
f 4583 4584 7165
f 4584 4585 7165
f 4584 4583 15322
f 4585 4584 15322
f 4534 7189 4530
f 4534 15272 7189
f 15245 4534 4530
f 4532 7216 15244
f 7216 4532 4529
f 7216 4529 15245
f 15244 7216 4500
f 7216 4507 4500
f 7216 15245 4507
f 15402 4726 7015
f 4726 15402 7032
f 4727 15402 7015
f 15402 4727 7032
f 15407 15409 7029
f 15406 15407 7029
f 15409 15407 4730
f 15407 15406 4730
f 4722 4721 434
f 4728 4722 434
f 4721 4722 4703
f 4722 4728 4703
f 7300 15155 4441
f 4477 7300 15154
f 7300 4440 15154
f 15120 7300 4441
f 4440 7300 15120
f 7239 15218 4510
f 4510 15218 7240
f 15218 7268 7240
f 7268 15218 15187
f 7832 7831 14712
f 7832 4007 14765
f 7832 14712 7833
f 4007 7832 7833
f 4065 7764 14817
f 4009 7764 4065
f 14870 14869 7637
f 7636 14870 7637
f 4122 14870 7636
f 7696 4123 14822
f 4122 7696 14822
f 4123 7696 14871
f 7696 7636 14871
f 7696 4122 7636
f 14866 4172 7640
f 4172 14912 7640
f 14912 4172 14911
f 7701 14816 7702
f 14913 7581 14914
f 4223 7581 14913
f 14914 7581 7580
f 14959 7581 7528
f 7581 14959 7580
f 14868 4173 7638
f 7639 4173 14868
f 4173 14913 7638
f 4173 7639 14913
f 7583 14912 14911
f 4222 7583 7584
f 7583 14911 7584
f 14912 7583 7582
f 7582 7583 14956
f 7583 4222 14956
f 3883 3884 8052
f 7974 3884 3883
f 3884 14601 8052
f 3884 7974 14601
f 14713 3950 7901
f 3950 3949 7901
f 3950 7976 3949
f 7900 14713 7830
f 14714 7900 7830
f 7900 14714 3951
f 7900 3950 14713
f 7829 7828 14715
f 7829 4010 14768
f 7829 14714 4010
f 7898 14716 14659
f 3952 7898 14659
f 7898 14715 14716
f 7898 3952 14715
f 3952 7899 14715
f 7899 7829 14715
f 7829 7899 14714
f 7899 3952 14658
f 3951 7899 14658
f 14714 7899 3951
f 15083 4400 4360
f 7378 15083 4360
f 4400 15083 7337
f 4316 7378 15045
f 7378 4316 15044
f 4316 15045 4317
f 15044 4316 7424
f 15004 4316 4317
f 4316 15004 7424
f 4437 15149 7305
f 4429 4437 7305
f 4437 4427 15149
f 4437 4429 4427
f 15117 15118 7339
f 15118 15117 7303
f 15118 7303 4439
f 4398 15118 4439
f 15118 4398 7339
f 15117 4438 7303
f 15151 4438 7304
f 7303 4438 15151
f 4438 4431 7304
f 4438 15117 4431
f 7578 4227 14917
f 4227 7577 14917
f 4226 4227 7578
f 7577 4227 7524
f 4176 7635 14916
f 4175 7635 14871
f 14916 7635 4175
f 7635 7634 14872
f 7635 4176 7634
f 14961 4274 7524
f 14961 7525 4274
f 4227 14961 7524
f 7525 14961 4226
f 14961 4227 4226
f 4270 7530 7478
f 7478 7530 7479
f 7530 14957 14956
f 7530 4270 14957
f 14955 7530 14956
f 7530 14955 7479
f 7529 4270 7477
f 4270 7529 14957
f 7529 4223 14957
f 15040 7382 15041
f 15040 7428 4313
f 7428 15040 15041
f 7382 15040 7383
f 7383 15040 15039
f 15040 7429 15039
f 15040 4313 7429
f 7379 15044 15043
f 7380 7379 15043
f 4440 7301 15154
f 7301 4476 15154
f 7301 15153 4476
f 7301 4440 15119
f 4221 14954 7584
f 7585 4221 7584
f 14954 4221 7532
f 4221 14953 7532
f 4221 7585 14953
f 4117 7703 4062
f 4007 7766 14765
f 4006 7766 7833
f 7766 4007 7833
f 7766 4006 7767
f 4063 7766 14815
f 4062 7766 7767
f 7766 4062 14815
f 7273 4472 4470
f 4467 4472 7273
f 4472 15150 4470
f 4472 4467 15150
f 12929 12928 2235
f 12928 12921 2235
f 12928 12929 2242
f 12921 12928 2242
f 10133 12941 12942
f 12941 2246 12942
f 10127 12954 12952
f 12954 10127 2245
f 2245 10127 10120
f 12932 12947 10135
f 12947 12952 12933
f 10135 12947 12933
f 12947 12932 10128
f 12947 10128 10121
f 12970 12947 10121
f 12947 10127 12952
f 12947 12970 10120
f 10127 12947 10120
f 3039 3040 2979
f 2979 3040 9193
f 3040 9117 13818
f 3040 3039 9117
f 9193 3040 2980
f 9116 3040 13818
f 3040 3041 2980
f 3041 3040 9116
f 3034 13752 9199
f 13752 2905 2907
f 2905 13752 2908
f 2913 13752 2907
f 13752 2913 9199
f 13753 2975 9197
f 9271 13753 9197
f 2915 13753 9271
f 9198 13753 2915
f 2975 13753 9198
f 2908 2911 9272
f 13752 2911 2908
f 13813 3032 9124
f 3093 13813 9124
f 3095 13813 3093
f 3286 8875 3285
f 8796 3286 3285
f 3286 14060 3220
f 8875 3286 3220
f 14119 3286 8796
f 14060 3286 8795
f 3286 14119 8795
f 9040 3158 9039
f 13936 3158 9040
f 3158 13936 8959
f 3158 3159 9039
f 3159 3158 8959
f 8876 13996 3218
f 3219 8876 14059
f 8876 8960 13996
f 8876 3219 8960
f 3284 8876 3218
f 14059 8876 3284
f 8873 3222 13998
f 3221 8873 13998
f 8873 3221 3287
f 8873 3287 14061
f 3222 8873 14061
f 8874 14060 3287
f 3221 8874 3287
f 14060 8874 3220
f 8874 3221 13998
f 8874 8958 3220
f 8874 13998 8958
f 2808 13569 9402
f 2862 13569 9465
f 13569 2862 9402
f 13569 2751 2748
f 13463 2660 9620
f 2661 2660 13463
f 2660 2666 9620
f 2666 2660 2625
f 2660 2661 2625
f 2702 2707 13462
f 2705 2702 13462
f 2702 13515 2707
f 2702 2705 13515
f 13515 2699 2700
f 2705 2699 13515
f 2699 13462 2700
f 2699 2705 13462
f 9464 2756 2750
f 2756 9521 2750
f 2662 13413 2625
f 2662 2667 13413
f 2667 2662 9619
f 9461 9399 2812
f 9399 2811 2865
f 2811 9462 9400
f 2865 2811 9400
f 9461 2811 9399
f 2749 2746 9522
f 13514 2746 2748
f 2746 13514 9522
f 2746 13569 2748
f 2746 2749 9465
f 13569 2746 9465
f 13636 2868 9397
f 2868 13636 9396
f 2810 2757 9463
f 9463 2757 13570
f 2756 2757 9521
f 2757 9520 13515
f 9521 2757 13515
f 2984 3045 9188
f 13759 2984 9188
f 2984 13759 9189
f 13635 9333 9332
f 2867 13635 9332
f 9333 13635 2866
f 13572 9461 2812
f 13694 2921 9265
f 9334 13694 9265
f 2921 13694 9266
f 2922 9334 9265
f 13695 2922 9264
f 9334 2922 13695
f 9190 2922 2982
f 2922 9190 9264
f 2922 9191 2982
f 2922 9265 9191
f 9335 13694 9334
f 2864 9335 9400
f 13694 9335 9266
f 9335 2864 13633
f 9336 9335 13633
f 9266 9335 13693
f 9335 9336 13693
f 13940 8954 8953
f 13940 3164 8954
f 3165 13940 8953
f 3164 13940 9033
f 13940 3165 9033
f 9032 13880 9033
f 3165 9032 9033
f 9032 3165 13941
f 13880 9032 3106
f 9032 3107 3106
f 3107 9032 13881
f 8952 3166 13941
f 3166 3167 13881
f 9032 3166 13881
f 3166 9032 13941
f 9113 3044 13820
f 3043 3044 2983
f 3044 3043 13820
f 2983 3044 9189
f 3044 2984 9189
f 2984 3044 3045
f 2758 2810 9462
f 2811 2758 9462
f 2758 2757 2810
f 9520 2758 13516
f 2757 2758 9520
f 9618 2669 13414
f 2668 9618 13414
f 2758 9519 13516
f 2815 2762 9459
f 2762 9515 13519
f 3283 3346 3284
f 14058 3283 3284
f 3283 14058 3282
f 13996 8877 3218
f 8877 14058 3218
f 8796 3347 8719
f 3347 3285 8797
f 3347 8796 3285
f 3281 8800 8799
f 8800 3344 8799
f 3344 8800 14116
f 8800 3343 14116
f 8800 3280 3343
f 8800 3281 3280
f 8317 3598 14413
f 3598 8318 14413
f 3866 8068 3864
f 7983 14651 3941
f 3742 3743 8223
f 3743 3742 8139
f 3809 3742 8140
f 3742 3809 8139
f 3946 3947 14655
f 7903 14711 7833
f 14712 7903 7833
f 3948 7903 14712
f 7903 3947 14711
f 7903 3948 14655
f 3947 7903 14655
f 7978 3946 14655
f 3812 8138 3811
f 8138 3812 3744
f 3808 14539 8140
f 14539 3809 8140
f 8138 14540 3811
f 14540 8057 3811
f 8057 14540 8058
f 3743 14540 8138
f 14539 8059 3809
f 8059 3876 14596
f 3876 8059 3808
f 8059 14539 3808
f 14763 7835 4004
f 7835 14710 4004
f 7768 7835 14763
f 7904 3946 14710
f 7904 7834 14711
f 3947 7904 14711
f 7904 3947 3946
f 8312 3671 14417
f 8229 3671 3670
f 3670 3671 14416
f 3671 8312 14416
f 14536 3804 8145
f 8144 3804 14536
f 14476 3736 8229
f 3736 3735 8145
f 3736 14476 3735
f 3601 8401 8315
f 8401 3600 8315
f 8314 8400 3601
f 3601 8400 8483
f 3669 14415 3668
f 8314 14415 3669
f 14415 3601 8315
f 14415 8314 3601
f 14706 3989 3990
f 3999 14706 3990
f 3989 14706 3996
f 3996 14706 7841
f 14706 7911 7841
f 7914 3933 3995
f 14704 7914 3995
f 7843 14704 3995
f 7843 7842 14705
f 7842 7843 3997
f 14758 7843 3995
f 7843 14758 3997
f 7913 3937 14648
f 3937 7913 3932
f 7913 14705 3932
f 7913 7843 14705
f 7843 7913 14704
f 8065 3802 3797
f 3937 7988 14648
f 3873 14593 7984
f 3929 14649 3932
f 8068 14533 3799
f 14533 3866 8067
f 3866 14533 8068
f 3729 3667 8232
f 3729 8231 3667
f 3731 3732 8233
f 14475 3734 3735
f 8230 14475 3735
f 14475 8230 3668
f 8231 14475 3668
f 14475 3729 3734
f 3729 14475 8231
f 8062 14594 3874
f 3873 14594 8062
f 14594 3873 7984
f 14594 7983 3874
f 14651 14594 7984
f 14594 14651 7983
f 14292 8559 8560
f 14292 8560 3535
f 14119 3349 8795
f 3349 14119 8718
f 8795 3349 3287
f 3349 14120 3287
f 14177 3349 8718
f 3349 14177 8717
f 14120 3349 8717
f 8203 14494 14498
f 3698 8203 14498
f 8203 3698 14436
f 8845 3247 14022
f 3247 14026 14022
f 3247 8845 14087
f 8844 3247 14087
f 14026 3247 8844
f 8765 14145 3376
f 8765 8764 14088
f 8765 3376 14146
f 8764 8765 14146
f 8375 8290 14433
f 8289 8375 14433
f 8375 8289 3627
f 8290 8375 14372
f 8375 3627 14372
f 8371 3629 8286
f 3629 8372 8286
f 3629 8371 14377
f 14376 3629 14377
f 8372 3629 14376
f 14374 8456 8457
f 8456 3628 14375
f 8456 14374 3628
f 8456 8455 14315
f 8455 8456 14375
f 8372 8287 14436
f 8373 8287 8372
f 14436 8287 14435
f 8287 3628 14435
f 8287 8373 3628
f 14602 3886 8050
f 3886 8049 8050
f 8049 3886 14603
f 7971 7972 14660
f 7971 14602 7972
f 7971 14661 14603
f 14661 7971 14660
f 3886 7971 14603
f 7971 3886 14602
f 14132 3368 8700
f 3368 8701 8700
f 8701 3368 14131
f 3238 14009 14008
f 3238 8858 14009
f 8858 3238 14071
f 3304 8779 8778
f 8779 3304 14071
f 14072 3304 8778
f 3304 8858 14071
f 3304 14072 8857
f 8858 3304 8857
f 3367 8702 14188
f 8702 8621 14188
f 3428 14245 8621
f 8702 3428 8621
f 3428 8702 14187
f 14245 3427 8623
f 8782 3301 14069
f 3301 8781 3302
f 8944 3236 14008
f 3236 8944 14007
f 8859 3238 14008
f 14071 8859 3303
f 3238 8859 14071
f 3617 8468 14362
f 3551 8468 3552
f 8468 3617 8385
f 14362 8468 8469
f 8468 3551 8469
f 8468 8467 3552
f 8467 8468 8385
f 8132 3750 3749
f 3750 8132 3751
f 8299 3618 8385
f 3618 14363 8385
f 14363 3618 8384
f 3618 8299 14426
f 8384 3618 14426
f 14021 14023 8931
f 14023 14021 8849
f 8691 3442 14193
f 14141 8768 8770
f 8693 14141 8770
f 8533 3498 8534
f 14256 3498 8533
f 3498 8535 8534
f 14249 14256 8533
f 14257 14249 3499
f 14249 8533 3499
f 14259 3436 8609
f 14201 3436 8607
f 3436 14259 8607
f 3312 8767 3375
f 8767 14143 3375
f 8767 3312 3320
f 14085 8769 3320
f 14085 8848 3248
f 8768 3318 8770
f 3318 14083 8770
f 3318 14084 14083
f 14084 3245 8849
f 3245 14023 8849
f 8847 8845 14022
f 8847 14086 8845
f 14025 8847 14022
f 14080 8848 14085
f 14080 14085 3320
f 14086 14080 3320
f 8848 3255 3248
f 9011 3121 13899
f 3121 9011 9091
f 9011 13900 9091
f 13961 9008 9010
f 8930 13961 14023
f 13841 3059 2998
f 3059 13841 9088
f 3059 3006 2998
f 3006 3059 9167
f 9089 3122 9086
f 3122 9089 9088
f 13776 2996 9173
f 2996 3057 9173
f 2996 13776 9174
f 13774 3056 9174
f 3056 13774 2995
f 8776 14132 3369
f 14132 8776 3306
f 14133 8776 3369
f 8937 14013 14015
f 14013 8937 8936
f 8937 14015 13954
f 8936 8937 13953
f 8938 8940 14011
f 8940 8941 14011
f 8941 8940 13950
f 8940 13951 13950
f 9018 13952 9019
f 13952 8938 8939
f 13953 13952 8939
f 8292 14431 3625
f 8292 3693 14431
f 8292 8378 14430
f 8378 8292 3625
f 3693 8292 8208
f 3692 8292 14430
f 8292 3692 8208
f 8291 14431 3694
f 14432 8291 3694
f 14431 8291 8377
f 3242 14074 8854
f 14074 14075 8854
f 14073 14074 3242
f 14075 14074 3308
f 14074 8775 3308
f 8775 14074 14073
f 14135 8775 3370
f 8775 14135 3308
f 8698 14135 3370
f 3243 8852 14079
f 8852 3243 14017
f 8853 14076 14077
f 8852 8853 14077
f 14016 8853 8852
f 8853 14015 14076
f 8853 14016 14015
f 13955 9015 13954
f 8933 13958 3181
f 9012 13958 13899
f 13958 9012 3181
f 3121 9012 13899
f 14195 14194 8616
f 8697 14194 14195
f 14194 8698 14192
f 14194 14135 8698
f 14135 14194 8697
f 14195 14137 3371
f 8696 14137 14195
f 8774 14137 14077
f 14137 8774 3371
f 14370 8376 8459
f 14370 8459 8460
f 14312 14311 8459
f 8458 14312 8459
f 14311 14312 8535
f 14312 8458 3561
f 14313 14312 3561
f 14312 14313 8535
f 4219 14951 7534
f 14951 4266 7534
f 4266 14951 7535
f 14951 4219 7588
f 7535 14951 4218
f 14951 7588 4218
f 4112 7708 4057
f 14811 4112 4057
f 7648 4112 14859
f 14860 4112 7648
f 4112 14860 7708
f 7840 14760 4000
f 14707 7840 4000
f 7840 3999 3991
f 7840 14706 3999
f 14707 7909 3941
f 7909 14708 7908
f 14652 3942 7908
f 3942 14652 7983
f 3942 7983 3941
f 7909 3942 3941
f 3942 7909 7908
f 4165 7591 14905
f 7647 4165 14905
f 14860 4165 7647
f 4165 14860 7648
f 4164 14904 7648
f 4164 7648 14859
f 7649 4164 14859
f 4164 7649 14903
f 4164 14903 7592
f 14904 4164 7592
f 14904 4159 7648
f 4159 14904 7591
f 4210 4211 7590
f 4209 4210 7590
f 4211 4210 7537
f 4210 4209 7537
f 4258 4259 4255
f 4256 4259 4258
f 4259 7536 4255
f 4259 4256 7536
f 7839 14707 4000
f 7839 7909 14707
f 7909 7839 14708
f 7772 7839 4000
f 7646 14862 4115
f 4114 4059 7707
f 7647 4114 7707
f 3946 3945 7905
f 14710 7906 7836
f 7906 14710 7905
f 7906 14709 7836
f 7906 3944 14709
f 3945 7906 7905
f 7906 3945 3944
f 3876 7981 14596
f 7981 3876 7982
f 4058 4002 7771
f 4058 7770 4002
f 4059 14812 7707
f 7770 14812 4059
f 4058 14812 7770
f 7707 14812 4113
f 14812 7708 4113
f 14812 7771 7708
f 14812 4058 7771
f 4109 14811 7709
f 4109 4112 14811
f 4112 4109 14859
f 4110 7711 4108
f 14810 7711 4110
f 7711 14809 4108
f 3232 8864 14067
f 8864 3297 14067
f 8864 3231 3297
f 8864 3232 14005
f 8864 14005 8948
f 3231 8864 8948
f 8945 3174 13946
f 3174 8945 8944
f 3174 8944 3175
f 13946 3174 9025
f 3363 8705 14186
f 3363 3301 8782
f 3363 8781 3301
f 14186 3425 8624
f 8705 3425 14186
f 8783 3300 3299
f 8783 3362 3300
f 14127 8783 3299
f 3362 8783 14127
f 3234 14006 8863
f 3234 8862 14006
f 14068 3234 8863
f 8862 3234 14068
f 8715 8792 3352
f 8715 3414 14179
f 3414 8715 14178
f 8716 3350 8717
f 14178 8716 8717
f 8716 8715 3352
f 8715 8716 14178
f 8632 8713 14180
f 8713 8632 3417
f 14181 3356 8712
f 3356 14181 8711
f 14124 3356 8711
f 3356 14124 3294
f 3357 8787 3295
f 8787 3357 14125
f 3357 8710 14125
f 3357 14124 8711
f 8710 3357 14182
f 3357 3419 14182
f 3419 3357 8711
f 3227 8868 14002
f 8952 3227 14002
f 3227 8952 14001
f 8868 3227 14064
f 14122 8791 3290
f 8792 14122 3290
f 3291 8870 3225
f 8870 14001 3225
f 3814 14542 8054
f 14542 3814 8135
f 14599 3882 8054
f 14599 7976 3882
f 7976 14599 14656
f 3880 8055 8056
f 3679 8221 14482
f 8221 3679 8305
f 3679 14422 8305
f 8390 14422 8304
f 8390 3611 8305
f 14422 8390 8305
f 3613 8389 8303
f 8386 14362 3616
f 8300 8386 3616
f 8386 3617 14362
f 8386 8300 3617
f 3683 8301 14424
f 3683 8300 8301
f 14243 3487 3488
f 14243 8625 3487
f 8624 14243 3488
f 3425 14243 8624
f 14243 3425 8625
f 8392 14358 8475
f 3609 8392 8475
f 8310 3606 8396
f 3606 8395 8478
f 3606 14355 8396
f 8479 3606 8478
f 14355 3606 8479
f 3740 3741 14479
f 3741 8224 14479
f 3742 3741 8140
f 14538 8141 3807
f 8141 3740 3807
f 8141 14538 3808
f 8141 3741 3740
f 8141 3808 8140
f 3741 8141 8140
f 3807 3739 8142
f 3740 3739 3807
f 3739 3738 8142
f 3738 3739 14478
f 8226 3739 3740
f 3673 8226 3674
f 8226 3673 14478
f 3739 8226 14478
f 14419 8309 3674
f 3606 8309 8395
f 8309 3606 8310
f 8225 14419 3674
f 8226 8225 3674
f 8225 3740 14479
f 8225 8226 3740
f 8222 14481 3678
f 8222 3677 14481
f 14421 8222 3678
f 3677 8222 14421
f 8307 3677 8306
f 8392 8307 8306
f 8307 8392 3609
f 8393 8307 3609
f 3677 8307 8223
f 8307 8393 3608
f 14295 8555 8556
f 8555 3478 8556
f 8555 14295 3541
f 3542 8555 3541
f 3478 8555 3479
f 3479 8555 8554
f 8555 3542 8554
f 13135 13170 9887
f 13135 9888 13170
f 13135 9887 2418
f 13136 13135 2418
f 9920 13135 13136
f 13135 9920 2387
f 9921 13135 2387
f 2417 9921 13134
f 9889 2417 13134
f 2417 9889 9888
f 13135 2417 9888
f 2417 13135 9921
f 9923 13101 13100
f 13101 9955 13100
f 13133 13101 9923
f 9955 13101 9954
f 9888 13168 13169
f 9889 13168 9888
f 13169 13168 2451
f 2451 13168 9853
f 13168 9854 9853
f 9854 13168 13167
f 13167 13168 2416
f 13168 9889 2416
f 2358 2353 9987
f 2353 2358 9959
f 13096 2380 9927
f 2380 13096 9960
f 13097 9958 9959
f 2354 2350 9987
f 2353 2354 9987
f 2354 9958 2350
f 2354 2353 9958
f 2411 9929 13125
f 9929 13126 13094
f 9929 9930 13125
f 9930 9929 9961
f 9929 13094 9961
f 13161 2406 9896
f 2449 13165 9856
f 2449 9855 13165
f 13203 2449 9856
f 2449 13203 9816
f 9855 2485 9815
f 2485 2521 9815
f 2521 2485 9816
f 2485 2449 9816
f 2449 2485 9855
f 13202 2448 9818
f 13202 9857 2448
f 13164 9857 9856
f 9857 13203 9856
f 9893 9857 13164
f 9857 9893 13163
f 2448 9857 13163
f 9657 13418 2632
f 13371 9657 2592
f 9657 2632 13372
f 2592 9657 13372
f 9613 2631 2673
f 13418 2631 9613
f 2631 13417 2673
f 9657 2631 13418
f 2631 9657 13371
f 2631 13371 9658
f 13370 2631 9658
f 13417 2631 13370
f 13283 9779 9780
f 9779 13283 9739
f 13284 9779 9739
f 9779 13284 13243
f 9779 13243 2519
f 13242 9779 2519
f 9697 2556 13329
f 9697 13330 2556
f 9697 13329 2594
f 13330 9737 2556
f 13287 9737 9696
f 9737 13330 9696
f 9737 13287 9776
f 2442 2440 13159
f 9861 2442 13159
f 2440 2442 13198
f 9660 13416 2630
f 13416 2672 2630
f 2590 9660 9659
f 2590 13324 9703
f 2589 2590 9703
f 9660 2590 2589
f 2590 9659 13370
f 2590 13370 9702
f 13324 2590 9702
f 13368 9661 2588
f 2589 9661 13369
f 9661 2589 2588
f 9662 2578 2581
f 9662 2580 13367
f 2583 9705 13322
f 2583 2586 9705
f 2578 2583 13322
f 9662 2583 2578
f 2586 2583 13368
f 2583 9662 13368
f 9663 13367 2616
f 2629 9616 2671
f 13416 2629 2671
f 2629 13416 9660
f 2629 9660 13369
f 9661 2629 13369
f 9568 2714 13519
f 9569 2714 13466
f 2714 2671 13466
f 13467 2715 2672
f 13467 9568 2715
f 13467 2714 9568
f 2542 2540 13323
f 2545 2542 13323
f 2540 2542 13279
f 2542 2545 13279
f 9152 3007 13795
f 13794 9152 9228
f 9152 13795 9228
f 3007 9152 3068
f 9152 13855 3068
f 13855 9152 13794
f 9299 9229 2945
f 13729 9229 9299
f 2945 9229 13793
f 9229 13729 13793
f 9093 9090 13840
f 9090 9093 3121
f 3058 9093 13840
f 9246 13778 9172
f 2936 13778 9246
f 13778 2936 9173
f 9244 9313 13717
f 9244 2938 9313
f 9169 9244 13780
f 9245 9244 13717
f 13780 9244 9245
f 9442 2826 2773
f 13590 9442 2773
f 9443 2772 13589
f 2772 9443 9500
f 9443 13590 9500
f 9166 13783 2939
f 13773 13783 9166
f 13783 9242 2939
f 13783 13773 9242
f 9163 13773 9166
f 9163 13844 3061
f 13844 9163 9166
f 13773 9163 2948
f 9306 9309 13712
f 13722 9306 13712
f 9306 13722 9307
f 9309 9306 13659
f 9306 9374 13659
f 9374 9306 2884
f 9306 9307 2884
f 9159 3001 13786
f 13777 9159 13786
f 2950 13777 9236
f 2950 9236 13712
f 2882 13656 9311
f 13657 2882 9311
f 13656 2882 9377
f 2882 9439 9377
f 2882 13657 9439
f 9601 2681 13432
f 13481 2681 9601
f 13482 2724 9554
f 2724 13481 9555
f 2724 13534 9554
f 13533 2724 9555
f 13534 2724 13533
f 9244 13781 2938
f 13781 9167 2938
f 13781 3006 9167
f 9644 13386 2640
f 13385 13386 2600
f 13386 13385 2640
f 13386 9644 13387
f 13386 9687 2600
f 13386 13387 9687
f 13294 9769 9770
f 9769 13294 9729
f 9769 9729 13295
f 13253 9769 13295
f 13210 13252 9810
f 2524 13252 13210
f 13252 2524 9770
f 9769 13252 9770
f 13252 13253 9810
f 13252 9769 13253
f 9647 13383 2598
f 13382 9647 2598
f 9647 13382 2638
f 9647 13431 13383
f 9647 2680 13431
f 13430 9647 2638
f 2680 9647 13430
f 9645 13385 13384
f 9645 2639 13432
f 13433 9645 13432
f 13385 9645 2640
f 9645 13433 2640
f 9024 3174 3175
f 3174 9024 9025
f 9024 3114 9025
f 13947 9024 3175
f 9181 3052 13765
f 9181 2991 3052
f 2991 9181 13764
f 2988 9185 3048
f 3049 2988 3048
f 3114 13825 3113
f 13825 3114 9105
f 3051 13825 9105
f 9326 13641 2873
f 13641 9326 13701
f 2930 9326 9257
f 9326 2930 13701
f 9183 2930 9257
f 13763 2930 9183
f 2930 9256 13701
f 9256 2930 13763
f 2931 9256 13764
f 9181 2931 13764
f 9255 2931 13765
f 2931 9181 13765
f 9256 9182 13764
f 9182 9256 13763
f 9182 13763 3051
f 9182 2991 13764
f 2991 9182 3052
f 3052 9182 9105
f 9182 3051 9105
f 9330 13637 2869
f 13637 9330 2870
f 9395 13637 2870
f 2869 13637 9396
f 13637 9395 9396
f 13699 13700 9327
f 9326 13700 9257
f 13700 9326 9327
f 13762 9258 2929
f 9258 13699 2929
f 9258 13700 13699
f 9258 13762 9257
f 13700 9258 9257
f 2928 9259 13698
f 2927 2928 13698
f 2988 2928 9185
f 2928 2988 9259
f 13653 2880 9315
f 2880 13653 9380
f 9246 9316 13713
f 13715 9316 9246
f 9316 9381 13651
f 9316 13715 9315
f 13713 9316 9317
f 9316 13651 9317
f 13581 2875 2820
f 2875 13581 9389
f 9389 13581 13580
f 9451 13581 2820
f 13581 2767 13580
f 2767 13581 9451
f 9099 13834 3118
f 13834 9099 3055
f 9108 3049 3048
f 13824 9107 3050
f 3049 13824 3050
f 13824 3049 9107
f 3358 8786 14125
f 8710 3358 14125
f 3358 3420 8709
f 3358 8710 3420
f 3296 8787 14125
f 8786 3296 14125
f 3296 3297 8865
f 3296 8786 3297
f 3360 14126 8708
f 8785 14126 3360
f 2674 13418 9613
f 13469 2674 9613
f 9612 2674 13469
f 2674 9612 13419
f 13418 2674 2632
f 2674 13419 2632
f 13576 2817 9393
f 9393 2817 13638
f 2817 13575 13638
f 2817 13576 9513
f 9514 2763 9457
f 2764 9514 9457
f 9514 13520 2763
f 9514 2764 13520
f 9453 13578 9391
f 9453 9391 9390
f 13579 9453 9390
f 9453 13579 2766
f 13578 9453 2766
f 9391 2818 2873
f 2677 13424 2635
f 13424 13429 2635
f 13429 13424 2677
f 9652 13376 2635
f 13429 9652 2635
f 13376 9652 2595
f 9652 13377 2595
f 9652 13429 13378
f 13377 9652 13378
f 13333 9694 2596
f 9694 13378 2596
f 9694 13332 13378
f 9694 13333 2558
f 9694 2558 9735
f 13332 9694 9735
f 9510 2766 13525
f 13524 9510 13525
f 9510 13524 2766
f 13327 9700 13372
f 9656 13327 13372
f 9700 13327 13326
f 13327 9740 13326
f 13283 13327 9739
f 9740 13327 13283
f 9698 13374 2594
f 13374 9654 2594
f 13374 2593 9655
f 13374 9698 2593
f 2633 13374 9655
f 13374 2633 13421
f 9654 13374 13421
f 9654 13375 2594
f 13375 9697 2594
f 13375 2634 9653
f 13375 9654 2634
f 13330 13375 9653
f 9697 13375 13330
f 9608 2677 13423
f 9608 13474 2677
f 9608 13423 13473
f 13474 9608 13473
f 2886 9302 9369
f 2886 9433 9370
f 2886 9369 9433
f 13727 9301 13726
f 9231 13727 13726
f 13727 9231 2944
f 13728 13727 2944
f 13727 13728 9301
f 9156 2943 13789
f 3003 9156 13789
f 13853 3004 3066
f 3004 13853 9154
f 3004 9154 2944
f 9235 9234 13787
f 13714 9234 9235
f 9234 2951 13787
f 2951 9234 13723
f 9234 13714 13723
f 9305 9303 2885
f 9305 13724 9303
f 9371 9305 2885
f 9305 9371 13661
f 9305 13661 9304
f 13724 9305 9235
f 13714 9305 9304
f 9305 13714 9235
f 13835 13843 9087
f 3060 13835 9087
f 13835 3060 13843
f 13845 9084 3061
f 13844 13845 3061
f 13845 13844 9085
f 3124 13845 9085
f 9084 13845 3124
f 13959 8928 8929
f 14020 8928 8927
f 8928 14020 14025
f 8929 8928 14025
f 3183 13902 9009
f 3183 13959 13902
f 8928 3183 8927
f 3183 8928 13959
f 7810 4027 14784
f 4027 7743 14784
f 4027 14783 7743
f 14783 4027 7811
f 4027 14730 7811
f 14730 4027 7810
f 3965 14669 7960
f 14669 7958 7960
f 14669 3965 7884
f 7958 14669 7959
f 14670 14669 7884
f 14669 14670 7959
f 14611 7958 7959
f 14553 3832 8119
f 3832 14553 8038
f 8038 14553 8039
f 7958 3898 7960
f 3898 14610 7960
f 14611 3898 7958
f 14610 3898 8038
f 8038 3898 8037
f 3898 14611 8037
f 8369 3630 14378
f 3630 3637 14378
f 14500 8117 14501
f 14557 8116 14556
f 8117 8116 14557
f 8116 14555 14556
f 14555 8116 3833
f 3699 14501 8198
f 3699 14500 14501
f 8285 8286 14437
f 14438 8285 14437
f 8285 8371 8286
f 8371 8285 8369
f 7864 7865 14694
f 7865 3978 14695
f 14694 7865 14695
f 7865 7864 7794
f 14754 7865 7794
f 3978 7865 14754
f 14753 14748 7795
f 14748 14753 7866
f 14690 14633 7940
f 14690 7939 14633
f 3977 14690 7866
f 14690 3977 14693
f 7939 14690 14693
f 14689 14690 7940
f 7866 14690 14689
f 15022 15025 4294
f 15025 15022 7400
f 15033 15023 7451
f 15023 15033 7400
f 7450 7502 4295
f 14989 7502 7450
f 7502 7451 4295
f 7451 7502 14979
f 7502 4247 14979
f 14842 4087 7674
f 14890 14842 7674
f 14842 7737 4087
f 14842 7736 14791
f 7737 14842 14791
f 7613 14890 7614
f 7448 7501 7450
f 7501 7448 14982
f 7555 14985 7554
f 7501 14985 7450
f 14941 14945 7553
f 14945 14941 7610
f 14800 14805 7729
f 14805 14804 7729
f 14805 14800 7797
f 14804 14805 7797
f 14674 7954 14673
f 14674 14730 7880
f 14674 14673 7881
f 14730 14674 7881
f 7955 3901 14615
f 3901 8033 8034
f 14615 3901 8034
f 8113 14503 3766
f 14505 8194 14504
f 8112 14505 14504
f 14443 14505 8193
f 8194 14505 14443
f 3707 14453 8271
f 14452 14514 8185
f 8185 14514 3774
f 14514 14513 3774
f 14393 3640 8437
f 14393 8356 3640
f 8514 8515 14334
f 8515 8514 14277
f 8274 14450 8273
f 14450 14451 8273
f 14450 3705 8188
f 14619 3904 8030
f 3904 14619 7952
f 14677 7951 7952
f 3904 7951 14620
f 7951 3904 7952
f 14621 7951 7950
f 14620 7951 14621
f 7951 14678 7950
f 7951 14677 14678
f 3969 14732 7878
f 14677 3969 7878
f 14676 3969 14677
f 14732 3969 7879
f 3969 14676 7879
f 14617 7953 3903
f 14674 7953 7954
f 7953 14617 7954
f 4028 14786 7808
f 14786 4028 7741
f 14786 4029 7808
f 4029 14786 7741
f 14834 4083 4138
f 7680 14834 4138
f 4083 14834 7743
f 7743 14834 14835
f 14834 7680 14835
f 15205 15207 15167
f 15207 15205 15231
f 4460 15137 15135
f 15137 4460 15138
f 15135 15137 4419
f 15137 15138 4419
f 7317 15135 4419
f 7317 4460 15135
f 15104 4380 15105
f 15105 4380 15102
f 4380 15107 15102
f 7357 4380 15061
f 15107 4380 7357
f 4596 15327 7157
f 4596 7158 15327
f 7158 4596 4571
f 15305 4572 4571
f 15305 4596 7157
f 4596 15305 4571
f 4597 15305 7157
f 4572 15305 4597
f 7180 15279 4545
f 7180 4572 15279
f 4572 7180 4571
f 4544 7180 4545
f 4571 7180 4544
f 4013 7826 14771
f 7759 4013 14771
f 7758 4013 7759
f 7826 4013 14718
f 4013 7825 14718
f 7825 4013 14772
f 4013 7758 14772
f 14823 7694 4070
f 7694 14872 4125
f 4070 7694 4125
f 4015 7824 14773
f 7823 4015 7756
f 4015 14773 7756
f 7824 4015 14719
f 7893 4015 7823
f 4015 7893 14719
f 4067 4122 14822
f 7760 4067 14822
f 4067 7760 7761
f 14770 4012 7827
f 14770 7760 4012
f 7760 14770 4011
f 14770 7828 4011
f 7828 14770 7827
f 3753 8130 3820
f 8130 3753 3752
f 3820 8130 14546
f 8130 3819 14546
f 8130 3752 3819
f 14487 8213 3687
f 14487 3753 8213
f 3753 14487 3752
f 14720 7893 7823
f 4016 14720 7823
f 14720 7822 7892
f 14720 4016 7822
f 7630 14874 4181
f 14874 4129 7690
f 14874 7630 4129
f 14664 3959 7966
f 14664 3958 3959
f 7967 14664 7966
f 3958 14664 7892
f 7518 7519 4281
f 4233 7519 7518
f 7519 7467 4281
f 7467 7519 4280
f 4365 15048 7373
f 15048 4321 7373
f 7372 15048 4365
f 4321 7470 4277
f 7470 4278 14963
f 7522 7470 14963
f 4277 7470 7522
f 4279 15008 7468
f 4279 7469 15008
f 7520 4279 7468
f 4279 7520 14964
f 7469 4279 14964
f 15264 15266 4555
f 15267 15264 4555
f 15266 15264 4526
f 15264 15267 4526
f 15160 4485 4486
f 4485 15160 7293
f 15160 4486 7292
f 4449 15160 7292
f 7293 15160 4449
f 1777 5539 11364
f 11364 5539 1796
f 5539 11363 1796
f 5539 11327 11363
f 5539 1777 11327
f 5601 11252 11253
f 11252 1734 11253
f 11252 5601 1712
f 1734 5579 11253
f 5579 1735 11253
f 11291 5579 5580
f 5579 1734 5580
f 11137 5644 1668
f 5645 11137 1668
f 11137 11177 5644
f 11137 5645 11177
f 1667 5646 11136
f 11135 5646 1667
f 5772 5801 10964
f 5801 5772 1541
f 5801 1514 10964
f 5801 5830 1514
f 5830 5801 10965
f 5801 1541 10965
f 1568 5772 10995
f 5772 1568 5771
f 1568 10995 5743
f 5771 1568 5743
f 10996 1569 5771
f 1569 5770 5800
f 5771 1569 5800
f 1569 10996 5742
f 1569 5742 10997
f 5770 1569 10997
f 12025 12018 5230
f 12023 12025 5230
f 12018 12025 5212
f 12025 12023 5212
f 11289 1733 5582
f 5582 1733 11250
f 1733 5603 11250
f 1733 11251 5603
f 1756 11291 5580
f 11290 1756 5580
f 11291 1756 5559
f 1756 11327 5559
f 11327 1756 5560
f 1756 11290 5560
f 11479 1845 5463
f 11479 1858 5462
f 1845 11479 5462
f 1856 5465 11476
f 5465 11449 11476
f 11449 5465 1843
f 5542 1794 11361
f 1794 5542 11360
f 5542 1774 11360
f 1775 5542 11361
f 5542 1775 11325
f 5438 1883 11532
f 1883 5438 5439
f 11507 1884 5437
f 5438 1884 11507
f 5437 1884 1885
f 5415 11593 1900
f 11592 5415 1900
f 5415 11612 1909
f 5421 5420 11573
f 5420 5427 11573
f 5427 5420 11574
f 1891 5427 11551
f 1891 5435 11550
f 5435 1891 11551
f 5427 1891 11573
f 5428 1891 11550
f 1891 5428 11573
f 11574 5426 11551
f 5426 1892 11551
f 1902 5419 11594
f 5419 5420 11594
f 5420 5419 11574
f 5419 5426 11574
f 11595 5419 1902
f 11553 5433 11552
f 5433 11553 5432
f 1866 11500 1853
f 11500 5456 1853
f 5445 11500 7990
f 11500 1866 7990
f 1867 11500 5445
f 5456 11500 1867
f 5464 1844 11450
f 1843 5464 11450
f 11477 1856 5452
f 1857 11477 5452
f 5464 11477 1857
f 11477 5465 1856
f 5465 11477 1843
f 11477 5464 1843
f 11528 1879 5434
f 11528 5433 1880
f 5433 11528 5434
f 11503 5442 5441
f 5442 11503 1869
f 11504 11503 5441
f 11503 11504 5452
f 11503 5452 5453
f 1869 11503 5453
f 1871 11505 5440
f 1870 1857 5452
f 11504 1870 5452
f 11505 1870 5440
f 1870 5441 5440
f 1870 11504 5441
f 1782 5532 11334
f 1782 1762 11333
f 5533 1782 11333
f 5532 1782 11369
f 1782 5533 11369
f 1780 11332 5554
f 11332 1780 5534
f 11332 5534 1781
f 5515 11367 1799
f 1780 11367 5534
f 5576 1738 11256
f 1738 5576 11294
f 1735 5578 11254
f 11255 1714 11254
f 1714 11255 5598
f 11255 1715 5598
f 1739 1717 11257
f 1739 5595 1717
f 5533 11368 1801
f 11368 5514 1801
f 5534 11368 1781
f 11368 5533 1781
f 5496 11429 1836
f 5496 1820 11429
f 5496 11430 5495
f 1821 5496 5495
f 5482 5496 1836
f 11430 5496 5482
f 1820 5496 11401
f 5496 1821 11401
f 5511 5512 11401
f 5512 5511 1802
f 5512 11400 11401
f 5512 1802 5513
f 11400 5512 5513
f 5517 11397 5516
f 5486 5472 1833
f 1860 5460 11481
f 5460 1860 11482
f 5485 5471 1834
f 5513 11399 1819
f 5514 11399 5513
f 11399 5498 1819
f 11399 5499 5498
f 11395 1797 5519
f 1815 11395 5519
f 11395 1815 5502
f 1816 11395 5502
f 11397 11396 1817
f 11396 11397 5517
f 11396 5517 1798
f 5461 11453 1846
f 11480 5461 1846
f 5461 1859 11481
f 5461 11480 1859
f 1832 5488 5474
f 1832 11424 5488
f 1720 11222 5592
f 1720 5591 11222
f 11261 1720 5592
f 5591 1720 11261
f 1786 11374 5527
f 11374 1786 5528
f 11374 5528 1805
f 5527 11374 5526
f 11374 1805 5526
f 1785 5548 11337
f 1785 5528 5548
f 5549 1785 11337
f 5529 1785 5549
f 11299 5550 5570
f 1742 11299 5570
f 5550 11299 11335
f 1763 11299 5571
f 11299 1742 5571
f 11299 1763 5551
f 11335 11299 5551
f 11769 2018 5359
f 11784 2018 11794
f 2018 11789 11794
f 2018 11763 5359
f 11789 2018 11766
f 2018 11769 11766
f 2018 11788 11763
f 2018 11784 11788
f 7664 11599 4147
f 11579 11599 7725
f 11599 11579 7726
f 4093 11598 7727
f 11598 4093 7665
f 14645 7932 14703
f 7931 14645 14703
f 14645 7931 3918
f 8007 14645 3918
f 14645 8007 3917
f 7932 14645 3917
f 3979 14703 14757
f 3979 7931 14703
f 11598 11578 7727
f 11578 11598 7726
f 7727 4037 14757
f 11578 4037 7727
f 4037 11578 7791
f 11557 7791 7859
f 4037 11557 14757
f 11557 4037 7791
f 3980 7859 11535
f 7930 3980 11535
f 3980 11557 7859
f 14581 14585 8095
f 14585 14583 8095
f 14580 8013 8014
f 14583 8013 14580
f 8013 3915 8014
f 14585 8013 14583
f 8013 14585 14581
f 14582 8013 14581
f 3915 8013 14636
f 8013 8015 14636
f 8013 14582 8015
f 3849 8087 8089
f 3782 8087 8086
f 14588 3849 8007
f 14588 8007 8006
f 3850 14588 8006
f 14588 8087 3849
f 14588 3850 8086
f 8087 14588 8086
f 14586 3849 8089
f 14586 3847 8008
f 8009 14586 8008
f 3849 14586 8009
f 3847 14586 8088
f 14586 8089 8088
f 14168 8664 8743
f 8664 14168 3391
f 14111 14168 8743
f 14168 14111 3329
f 8663 3454 14228
f 14170 8663 14228
f 3392 8663 14170
f 3454 8663 14227
f 8663 3392 14227
f 14169 8664 14227
f 3392 14169 14227
f 8664 14169 8743
f 14169 3392 8742
f 3330 14111 8743
f 14169 3330 8743
f 3330 14169 8742
f 14112 3330 8742
f 14112 8742 3331
f 14112 3268 8820
f 3268 14112 3331
f 13990 8899 3203
f 8899 14053 3203
f 14053 8899 14052
f 14052 8899 3202
f 8899 13990 3202
f 8819 3268 14113
f 8819 14053 3268
f 8819 14113 3269
f 14053 8819 3269
f 13930 13931 3144
f 13930 3144 9061
f 13931 13930 8981
f 13930 8982 8981
f 13930 9061 3143
f 8983 13930 3143
f 8982 13930 8983
f 14339 8510 8511
f 8341 3648 8255
f 3648 8258 8255
f 8258 3648 8344
f 8339 8342 8256
f 8342 8255 8256
f 8342 8341 8255
f 3646 3650 14463
f 3650 8260 14463
f 14285 3454 8584
f 14343 3580 8427
f 3580 14343 14342
f 14286 8583 3517
f 14285 8583 3454
f 8583 14285 3517
f 3454 8583 14228
f 8583 3455 14228
f 8583 14286 3455
f 11341 11342 3520
f 11342 11343 3520
f 3458 11342 11341
f 11343 11342 3458
f 8987 8905 13985
f 8905 8987 13984
f 8905 8904 13985
f 8905 14047 8904
f 8906 8905 13984
f 14047 8826 8825
f 8826 14108 8825
f 8826 3326 14108
f 14211 14153 8679
f 14153 14211 8678
f 14211 3443 8678
f 8599 14211 8679
f 3443 14211 8599
f 3322 14101 14100
f 14099 3322 14100
f 3322 14099 8755
f 8754 3322 8755
f 14327 3569 8443
f 14328 14327 8443
f 14327 8521 3569
f 14222 8588 14223
f 14222 14223 8668
f 14279 14280 8589
f 14280 14279 8512
f 3512 14278 8513
f 8590 14278 3512
f 8513 14278 3511
f 14278 8591 3511
f 14221 14279 8589
f 14279 14221 8590
f 8591 8671 14219
f 14219 8671 14161
f 14040 14041 8911
f 14041 13979 8911
f 14041 8910 13979
f 14041 3259 8832
f 3259 14041 14040
f 14043 14042 8830
f 14041 14042 8910
f 14042 14043 8909
f 13980 14042 8909
f 8910 14042 13980
f 8750 3324 14161
f 8750 14104 3324
f 14104 8750 14105
f 3262 8827 14046
f 14045 3262 14046
f 8827 3262 14105
f 8351 3643 14399
f 3643 8351 8265
f 14399 3643 8350
f 3643 14460 8350
f 3643 8265 14460
f 8180 14458 14457
f 8180 14519 14520
f 8432 14340 14339
f 14340 3578 8509
f 14340 8432 8431
f 3578 14340 8431
f 14340 8510 14339
f 14518 3709 8182
f 3709 14456 8182
f 8267 3709 14457
f 3709 8267 14456
f 3842 8101 14573
f 8101 3842 8100
f 8354 8268 3641
f 8267 8268 14456
f 3641 8268 8267
f 8268 14455 14456
f 8268 8354 14455
f 4672 4673 4649
f 4671 4672 4649
f 4673 4672 7060
f 4672 4671 7060
f 4715 11896 4716
f 4715 4714 11896
f 7025 4715 4716
f 4714 4715 7025
f 11897 7042 7043
f 7024 4718 11928
f 7024 11897 4718
f 11929 7024 11928
f 7059 11870 11843
f 7059 4675 11869
f 11870 7059 11869
f 2062 7059 7081
f 7059 11843 7081
f 7059 2062 7082
f 4675 7059 7082
f 2028 2027 11773
f 2026 2028 11773
f 2027 2028 11796
f 2028 2026 11796
f 5410 1917 1909
f 1917 5409 1909
f 11630 1917 5410
f 5409 1917 11630
f 5415 5414 11593
f 7543 11655 7491
f 11656 7543 7491
f 1921 7543 11642
f 11607 7656 4154
f 7656 11607 4101
f 11606 7656 4101
f 7656 11624 4154
f 7656 11606 11624
f 11606 7657 11624
f 11623 7657 4153
f 7657 11623 11624
f 7657 4100 4153
f 7657 11606 4100
f 4205 11623 7599
f 7598 4205 11640
f 11624 4205 7598
f 11623 4205 11624
f 4205 7545 11640
f 7600 11623 11622
f 7600 11622 7601
f 11638 7600 7601
f 11639 11638 7546
f 11639 4205 7599
f 7545 11639 7546
f 4205 11639 7545
f 7544 7545 4254
f 7544 11654 7492
f 11654 7544 4254
f 11640 7544 1920
f 7545 7544 11640
f 11653 7546 4253
f 7545 11653 4254
f 11653 7545 7546
f 7495 11653 4253
f 11654 1932 7492
f 1932 7440 7492
f 7440 1932 11667
f 1932 7441 11667
f 1932 7493 7441
f 7493 1932 11654
f 7493 11654 4254
f 11653 7493 4254
f 11603 4098 7721
f 7659 4098 4151
f 4098 7660 4151
f 4098 11603 7660
f 4098 11604 7721
f 11604 4098 7659
f 7854 7855 11561
f 3983 7855 11539
f 7855 3983 11561
f 7787 4041 11561
f 7789 11560 11559
f 7789 7788 11560
f 7789 11579 7725
f 7789 11559 7790
f 11579 7789 7790
f 11561 7786 11562
f 4041 7786 11561
f 11562 7786 7785
f 7786 11583 7785
f 11583 7786 7722
f 7786 4041 7722
f 3983 11538 7856
f 11538 11537 7856
f 11538 3983 11539
f 11538 7925 7926
f 7925 11538 11539
f 4148 11617 11618
f 4148 7664 11617
f 4040 7724 11581
f 7724 4040 7788
f 7787 4040 11581
f 7788 4040 11561
f 4040 7787 11561
f 4149 7663 11618
f 7663 4148 11618
f 7724 4096 11581
f 7663 4096 7724
f 11601 4096 4149
f 4096 7663 4149
f 11546 7847 1887
f 1887 7847 11569
f 7847 7779 11569
f 7847 11568 7779
f 1886 7848 11568
f 7847 1886 11568
f 1886 7847 11546
f 1886 11546 7918
f 11545 1886 7918
f 7848 1886 11567
f 11567 1886 7849
f 1886 11545 7849
f 7917 11523 1875
f 11546 7917 1875
f 7917 11547 11524
f 11523 7917 11524
f 7917 1887 11547
f 7917 11546 1887
f 7395 4343 11665
f 4343 7395 11675
f 4342 7395 11665
f 11675 7395 4342
f 7444 4299 7495
f 7444 7495 7496
f 4298 7444 7496
f 4299 7444 11664
f 11664 7444 11663
f 7444 4298 11663
f 1929 11657 7489
f 1929 11658 7541
f 1929 7489 11658
f 11608 1905 7655
f 1905 11608 7716
f 11608 7715 7716
f 11608 7654 7715
f 7653 1914 11627
f 1914 7595 11627
f 448 441 6991
f 441 448 6974
f 7003 11931 4742
f 2152 7003 4742
f 11931 7003 2134
f 6985 11964 6986
f 11964 2152 6986
f 11964 7002 2134
f 7003 11964 2134
f 11964 7003 2152
f 2 6984 6985
f 7002 2135 11932
f 2117 2135 7019
f 2135 11933 7019
f 7020 2135 2117
f 11932 2135 7020
f 1987 11736 5377
f 11736 1972 5377
f 11736 1975 1972
f 11736 5376 1977
f 1976 11736 1977
f 1975 1974 5385
f 1974 1976 5385
f 11736 1974 1975
f 1974 11736 1976
f 2008 7169 1986
f 5357 11775 11799
f 2031 5357 11799
f 11775 5357 11776
f 5357 2031 11776
f 2011 2004 11775
f 7145 2004 2002
f 2004 7145 11775
f 2004 11753 2002
f 2004 1990 11753
f 7145 11774 2021
f 11774 2030 2021
f 2030 11774 2006
f 11774 7145 2002
f 2023 2021 11798
f 2023 7145 2021
f 11799 2023 11798
f 11775 2023 11799
f 7145 2023 11775
f 5380 11733 11728
f 11733 5380 11731
f 11728 11733 5387
f 11733 11712 5387
f 11733 11731 11712
f 11729 1981 11725
f 11729 11732 1981
f 11712 11729 11725
f 11732 11729 11712
f 1961 11708 5390
f 11708 1960 5390
f 1967 5389 11723
f 1970 11720 1977
f 5376 1970 1977
f 1996 11739 5374
f 11739 1996 5373
f 5382 11739 5373
f 11758 2014 5364
f 1996 11758 5364
f 2014 11758 11779
f 11758 1996 11779
f 11739 1979 5374
f 1979 11739 5382
f 1979 11738 5374
f 11738 1979 5383
f 11738 5365 5374
f 5365 11757 2013
f 11757 1995 2013
f 11738 11757 5365
f 11757 11738 1995
f 5366 11778 2013
f 1995 5366 2013
f 5366 2012 11778
f 2012 5366 11756
f 11756 5366 11737
f 5366 1995 11737
f 11777 5356 2032
f 2012 11777 2032
f 11777 2012 11755
f 5356 11777 11776
f 11777 11755 11776
f 11827 5331 2075
f 5319 11827 2075
f 11827 5319 5318
f 11906 5277 11907
f 5292 11906 11907
f 11905 5294 2120
f 7035 5294 2103
f 2120 5294 7035
f 2088 11849 5321
f 11849 2088 5308
f 2073 2088 5321
f 2088 2073 5308
f 5344 2053 5333
f 11801 2053 5344
f 2054 5344 5332
f 5343 2054 5332
f 11879 5304 11852
f 5304 2091 11852
f 2091 5304 11879
f 11880 5289 2108
f 5302 11880 2108
f 2092 11880 5302
f 5289 11880 2107
f 11880 5303 2107
f 2077 11829 5329
f 11829 2077 5316
f 2077 2092 5316
f 2077 5317 2092
f 5331 2076 5330
f 2091 2076 5318
f 5317 2076 2091
f 2076 11827 5318
f 11827 2076 5331
f 5363 5372 1997
f 5363 11768 5372
f 2035 11781 5352
f 11768 11781 5362
f 5379 11746 5371
f 11746 1998 5371
f 11746 11750 1998
f 11746 5379 1981
f 11750 11746 1981
f 11912 5271 2127
f 2126 5271 11912
f 5271 2145 2127
f 5271 11943 2145
f 5271 2126 5272
f 11943 5271 5272
f 3133 13917 9074
f 13917 3133 8995
f 13917 13918 9074
f 13917 8995 8994
f 13918 13917 8994
f 3567 14323 8447
f 8446 3567 8447
f 14323 3567 14324
f 3567 8446 14324
f 8279 8365 14443
f 8279 14443 8193
f 8365 8279 3633
f 8279 14444 3633
f 8363 14386 14385
f 8276 8362 14446
f 8363 8362 14386
f 8362 3635 14386
f 8362 8276 3635
f 8362 8277 14446
f 8362 8363 8277
f 3704 8189 14448
f 8189 3704 14510
f 14444 3702 8278
f 14506 3702 8193
f 3702 8279 8193
f 8279 3702 14444
f 3703 8277 14445
f 8277 3703 14446
f 14507 8192 14506
f 8192 3702 14506
f 8192 3703 14445
f 3703 8192 14507
f 8278 8192 14445
f 3702 8192 8278
f 8028 14621 14622
f 8028 3905 14621
f 3905 8028 14564
f 8027 8028 14622
f 3771 8108 8107
f 8275 14449 8274
f 3705 14449 8275
f 14449 14450 8274
f 14450 14449 3705
f 8201 3697 8200
f 3697 8201 14499
f 8201 8200 14496
f 14499 8201 14496
f 14382 3632 8366
f 3632 8280 8366
f 3632 14442 8280
f 14442 3632 8281
f 3632 8367 8281
f 3632 14381 8367
f 8448 14382 3566
f 14321 8448 3566
f 8448 3632 14382
f 3632 8448 14381
f 14381 8448 8449
f 8449 8448 14320
f 8448 14321 14320
f 14321 8526 14320
f 8526 3502 8527
f 14320 8526 8527
f 8526 14263 3502
f 14263 8526 14264
f 8526 3503 14264
f 14322 8526 14321
f 8525 14322 14323
f 3503 8525 8524
f 8525 14323 8524
f 8526 8525 3503
f 8525 8526 14322
f 14441 8195 8281
f 8283 14441 3631
f 8367 14441 8281
f 14441 8367 3631
f 14502 8196 8198
f 14501 14502 8198
f 14503 14502 3766
f 14502 8115 3766
f 14502 14501 8115
f 8282 14440 8283
f 8196 14440 8198
f 9375 2883 9308
f 2883 13658 9308
f 2883 9375 9438
f 2883 9438 9376
f 13658 2883 9376
f 2940 2950 9238
f 2940 13721 13710
f 13721 2940 9238
f 9596 13436 13486
f 13388 13436 9642
f 13436 2642 9642
f 13436 13388 2641
f 13436 13437 2642
f 13436 9596 13437
f 13435 13436 2641
f 13436 13435 2683
f 3002 9157 13788
f 3002 13788 9158
f 3063 3002 9158
f 9157 3002 13849
f 3002 3063 13849
f 9082 13847 3125
f 13847 9082 3062
f 13847 9083 3125
f 13847 3062 9083
f 13857 9073 3069
f 13857 9151 9074
f 13857 3069 9151
f 3135 13919 8993
f 13919 3135 9072
f 13919 13918 8994
f 13978 13919 8994
f 13919 13978 8993
f 14097 3319 8757
f 3319 14153 8757
f 3319 3256 14096
f 3319 14097 3256
f 8758 3319 14096
f 14153 3319 8758
f 3258 14098 8834
f 14098 3258 8835
f 14097 14098 8835
f 8751 3324 14103
f 3324 8751 14161
f 9073 13858 3069
f 13858 3070 13797
f 3070 13858 9072
f 9150 13858 13797
f 13858 9150 3069
f 13858 13919 9072
f 8833 14099 14100
f 3259 8833 14100
f 8833 3259 14040
f 8833 14040 14039
f 8833 14039 8834
f 14099 8833 8834
f 8752 8751 14103
f 8751 8752 14160
f 14157 3384 8754
f 9478 2787 13559
f 13563 9478 13559
f 2787 9478 13562
f 9478 13563 13562
f 9578 13509 13510
f 13509 9578 2696
f 13456 9578 13510
f 9578 13456 2696
f 13506 9577 2697
f 9577 13506 2740
f 2697 9577 13457
f 9577 13507 13457
f 9577 2740 13507
f 14346 14348 3582
f 14345 14346 3582
f 14348 14346 8504
f 14346 14345 8504
f 8576 3462 3461
f 3462 11310 3461
f 11310 3462 8655
f 8734 11275 3338
f 3400 11275 8734
f 11233 11234 8814
f 11234 11233 11232
f 8814 11234 3274
f 11234 11235 3274
f 11235 11234 11232
f 11314 3465 8652
f 8653 11314 8652
f 3464 11314 8653
f 8574 3464 11313
f 11350 8574 11349
f 3464 8574 11350
f 11351 8571 8572
f 8571 11351 3528
f 3465 11351 8572
f 3527 8573 11350
f 11314 8573 3465
f 8573 11351 3465
f 11351 8573 3527
f 8573 3464 11350
f 8573 11314 3464
f 3526 8496 11350
f 8496 3527 11350
f 8496 11381 3527
f 11441 8240 8156
f 8240 3659 8326
f 3659 8240 11441
f 8411 1806 11384
f 3529 11352 8494
f 11352 3529 8570
f 3529 11353 8570
f 11382 3591 8412
f 3528 11382 8494
f 8245 8244 8331
f 8331 11408 8416
f 8244 11408 8331
f 11408 8244 8330
f 3790 11465 8078
f 11466 11465 3790
f 8235 1840 11446
f 8321 8235 1825
f 11445 8235 8321
f 1840 8235 8151
f 8235 11445 8151
f 8151 1839 11472
f 11445 1839 8151
f 8408 8409 11414
f 8409 8408 1807
f 11414 8409 8324
f 8409 11413 8324
f 11355 8568 1789
f 8568 1770 11319
f 8568 11355 1770
f 11284 8645 1751
f 8645 11321 1751
f 11320 8645 11284
f 8644 1772 11322
f 1772 5544 11322
f 11321 1772 8644
f 8565 1772 11321
f 1771 11320 8567
f 11356 1771 8567
f 1771 8645 11320
f 8645 1771 11321
f 8648 11318 11282
f 8648 11317 3467
f 11318 8648 8569
f 8648 3467 8569
f 11354 8491 1789
f 8568 11354 1789
f 11377 3587 8499
f 8500 11377 8499
f 11377 8500 11376
f 11271 11274 3397
f 11272 11271 3397
f 11271 8736 11274
f 11271 11272 8736
f 11308 3396 8659
f 11308 3458 8579
f 3458 11308 8659
f 11075 9056 3148
f 11078 11075 3148
f 11075 3083 9056
f 11075 11078 3083
f 10013 10527 1137
f 10014 10527 1108
f 1137 10527 10014
f 10527 10013 1109
f 1108 10527 10033
f 10527 10032 10033
f 10527 1109 10032
f 10619 6181 1219
f 6181 10619 1189
f 1219 6181 10618
f 6181 1189 10618
f 6186 1215 10614
f 6157 1215 6186
f 1215 6157 6156
f 6185 1215 6156
f 1215 6185 10614
f 1205 6199 10600
f 6199 6198 1175
f 6198 6199 1206
f 6199 1205 1206
f 6228 6199 1175
f 1237 6139 10634
f 1237 6169 10633
f 6140 1237 10633
f 6168 1237 10634
f 6169 1237 6168
f 10666 10665 6111
f 6110 10666 6111
f 6139 10666 6110
f 1237 10666 6139
f 10665 10666 6140
f 10666 1237 6140
f 6420 10372 972
f 10372 6420 971
f 6420 10346 971
f 10564 6233 1170
f 6233 10564 1142
f 6233 1142 6262
f 10563 6233 6262
f 6233 10563 6234
f 1170 6233 6234
f 939 10343 10096
f 939 10321 10097
f 10321 939 10096
f 935 939 10097
f 967 939 935
f 10343 939 967
f 6442 10325 6461
f 10345 6442 6443
f 6442 6461 10324
f 6443 6442 10324
f 10328 948 926
f 6455 10328 926
f 10328 6455 925
f 10330 6453 6435
f 6453 927 6435
f 927 6453 10314
f 10314 6453 10315
f 6453 928 10315
f 928 6453 10330
f 948 6436 926
f 949 6436 10351
f 6436 6415 10351
f 6436 948 6415
f 10539 1122 10505
f 1122 6280 10505
f 1122 10539 10540
f 1122 10540 10506
f 6280 1122 10506
f 1056 1057 10432
f 1056 6317 1057
f 6346 1056 10432
f 6318 1056 1055
f 1056 6318 10465
f 6317 1056 10465
f 1056 10431 1055
f 10431 1056 6346
f 6438 10349 947
f 975 10349 6417
f 947 10349 975
f 10349 946 6417
f 10349 6438 946
f 10374 6395 1003
f 974 6395 10374
f 6395 973 10373
f 6395 10404 1003
f 6395 10373 10404
f 6418 974 10348
f 6395 6418 973
f 6418 6395 974
f 922 6458 10310
f 6458 922 10326
f 922 6459 10326
f 6473 922 10310
f 6459 922 6473
f 6460 10309 6474
f 6460 921 10309
f 10308 6460 6474
f 6461 6460 10308
f 10325 6460 6461
f 921 6460 10325
f 10567 1174 6228
f 6229 1174 10567
f 6199 1174 10600
f 1174 6199 6228
f 1174 6200 10600
f 1174 6229 6200
f 6229 1145 6258
f 1145 6229 10567
f 1145 10567 6257
f 1145 6257 10534
f 6258 1145 10534
f 1173 10566 6230
f 1173 6229 10566
f 6229 1173 10599
f 10599 1173 6201
f 1173 6230 6201
f 5741 5712 1599
f 5712 1598 11069
f 1599 5712 11069
f 10741 1307 6064
f 1334 10741 6064
f 10741 1334 6034
f 10741 6034 1335
f 1307 10741 1335
f 1503 5815 1530
f 10951 5815 1503
f 10982 5757 5785
f 10982 1557 5757
f 10982 5785 1530
f 5815 10982 1530
f 10982 5815 10951
f 5817 10950 1502
f 5787 5786 1529
f 5786 10951 1529
f 1557 5786 5758
f 5786 10982 10951
f 10982 5786 1557
f 5759 5730 11016
f 5730 5759 11015
f 10980 5788 1555
f 1394 5910 1395
f 1394 1393 5910
f 1393 1394 5969
f 1394 1395 10803
f 5969 1394 10803
f 10739 6036 1333
f 6065 10739 1333
f 1359 10767 6006
f 10767 6007 6006
f 6007 10767 1359
f 10738 1332 6037
f 1332 6038 6037
f 6038 1332 10738
f 10737 1304 6068
f 10737 6038 1304
f 6038 10737 1331
f 10737 6068 1303
f 1331 10737 1303
f 10833 1425 1427
f 1426 1425 10833
f 1425 10860 1427
f 1425 1426 10860
f 5937 5936 1424
f 5937 1426 10833
f 1426 5937 1424
f 1400 5937 10833
f 5936 5937 1400
f 5938 1400 1399
f 5938 5936 1400
f 5939 5938 1399
f 10890 1450 5905
f 1450 1449 5905
f 1449 1450 1427
f 1427 1450 10862
f 6075 6074 10702
f 6074 6104 10702
f 6074 6075 10731
f 1299 6074 10731
f 6074 10703 6104
f 6074 1299 10703
f 11612 7712 1908
f 7712 1899 1908
f 7712 11592 1899
f 5415 7712 11612
f 7712 5415 11592
f 1898 11591 7778
f 11591 7777 7778
f 7713 11591 11590
f 11591 1898 11590
f 1899 11591 7713
f 7777 11591 1899
f 8320 1826 5509
f 11417 8320 5509
f 8320 5481 1826
f 5481 8320 11446
f 8320 8235 11446
f 8320 11417 1825
f 8235 8320 1825
f 11443 8154 1838
f 11443 1837 8154
f 11443 8238 1837
f 5525 5524 1792
f 5525 11389 5524
f 8488 5525 1792
f 11389 5525 8488
f 11389 11390 5524
f 11390 1811 5523
f 11390 11389 1810
f 11390 1810 5508
f 1811 11390 5508
f 11418 5494 5508
f 5494 11418 1826
f 11418 5508 5509
f 1826 11418 5509
f 1793 11359 5524
f 11360 1793 5523
f 1793 11360 5543
f 11359 1793 5543
f 1793 11390 5523
f 11390 1793 5524
f 5563 11323 5543
f 11323 1753 5564
f 11323 5563 1753
f 11324 5563 5543
f 1774 11324 5543
f 5563 11324 11288
f 11213 5602 1712
f 11212 5602 11213
f 5602 11252 1712
f 11252 5602 11251
f 11251 1711 5603
f 5603 1711 11211
f 1711 11212 11211
f 5602 1711 11251
f 1711 5602 11212
f 11172 5625 1688
f 1688 5625 11173
f 5625 11212 11173
f 5625 11172 11211
f 11212 5625 11211
f 11089 5678 1663
f 11131 5678 1662
f 1663 5678 11131
f 5678 11089 1637
f 5678 11088 1662
f 11088 5678 1637
f 5677 1663 11090
f 5677 11089 1663
f 1666 11134 5647
f 11134 1666 5674
f 11135 1666 5647
f 1666 11093 5674
f 11053 5700 1585
f 5700 5729 1585
f 11017 5700 5728
f 5700 11017 5729
f 5700 11053 5701
f 5700 11093 1614
f 1613 1640 5701
f 1640 5700 5701
f 5674 1640 11092
f 1640 1613 11092
f 11093 1640 5674
f 5700 1640 11093
f 5702 1613 11052
f 5702 1639 1613
f 5702 11052 1612
f 1639 5702 1612
f 5761 10979 5789
f 5788 10979 1555
f 10979 5788 5818
f 5789 10979 5818
f 11051 5731 1583
f 11052 5731 1612
f 5731 11051 1612
f 10977 1553 9343
f 1553 10977 9274
f 11087 9126 1635
f 9126 1608 1635
f 1608 9126 11047
f 11047 9126 1580
f 9202 11012 9274
f 11012 9202 1581
f 11011 9202 9274
f 9202 11011 1581
f 5762 11012 5733
f 11012 5762 9274
f 5762 1553 9274
f 5733 5705 1582
f 11049 5705 5733
f 5705 11050 1582
f 5705 11049 11088
f 5703 1638 11090
f 1611 1638 5703
f 1638 5677 11090
f 5677 1638 11089
f 5704 11050 1637
f 11089 5704 1637
f 5704 1611 1583
f 1638 5704 11089
f 5704 1638 1611
f 5732 5704 1583
f 5704 5732 11050
f 11093 1641 1614
f 1641 5699 1614
f 5699 1641 11094
f 1587 5726 11019
f 5726 1587 11056
f 11019 5726 1588
f 5726 11056 1588
f 5730 1584 11052
f 1584 5730 11015
f 1584 5731 11052
f 5731 1584 11015
f 11083 1632 3087
f 1632 1604 3087
f 1658 1632 11083
f 1632 1633 1605
f 1604 1632 1605
f 9048 9049 1659
f 9049 11126 1659
f 9049 1658 11126
f 9049 1632 1658
f 3340 8732 11278
f 8732 3402 11278
f 8732 3340 11240
f 3339 8732 11240
f 3402 8732 11277
f 8732 3339 11277
f 3466 11316 8650
f 8649 11316 8570
f 11316 8571 8570
f 11316 3466 8571
f 11316 3404 8650
f 3404 11316 8649
f 11281 3404 8649
f 3404 11281 8729
f 11128 1684 8965
f 11168 1684 8882
f 8965 1684 11168
f 1684 11207 8882
f 1682 8884 8967
f 8884 11166 8967
f 8884 1682 11205
f 11206 8884 11205
f 11166 8884 11206
f 11127 1683 8966
f 11166 1683 11127
f 1683 8883 8966
f 1683 11206 8883
f 1683 11166 11206
f 276 4940 12478
f 250 276 12478
f 4968 276 250
f 276 4968 12477
f 4940 276 12477
f 202 5015 12394
f 5015 12390 12394
f 12390 5015 12349
f 5015 12346 12349
f 12346 5015 202
f 12684 399 12685
f 12684 12683 399
f 12684 12685 12637
f 12683 12684 12637
f 425 424 4759
f 424 425 4787
f 12785 425 4759
f 12777 425 12785
f 425 12777 12778
f 426 425 4758
f 425 426 4787
f 425 12787 4758
f 425 12778 12787
f 12631 365 4848
f 4848 365 12679
f 365 12631 4849
f 395 365 4819
f 396 4818 4787
f 4818 396 366
f 4818 395 4787
f 4818 366 12679
f 365 4818 12679
f 4818 365 395
f 4785 12732 12733
f 12729 4785 12733
f 4785 427 12734
f 12732 4785 12734
f 4816 398 368
f 398 4815 368
f 12738 398 4816
f 398 12738 12739
f 398 12733 4815
f 398 12729 12733
f 12476 275 4969
f 4969 275 249
f 4941 275 12525
f 275 12476 12525
f 275 12477 249
f 275 4941 12477
f 4968 12432 249
f 12432 12431 249
f 12432 4968 250
f 12432 250 4993
f 224 12432 4993
f 4995 223 12386
f 12431 223 4995
f 12234 570 6846
f 12234 547 6867
f 6847 12234 6867
f 570 12234 6847
f 547 12234 6866
f 12234 6846 6866
f 6629 759 758
f 761 759 6629
f 758 759 6659
f 759 761 6659
f 760 763 6659
f 760 788 763
f 786 795 15508
f 795 794 15508
f 15512 6625 798
f 15512 798 829
f 799 15512 6593
f 15512 6561 6593
f 15512 829 6561
f 15512 799 15498
f 6625 15512 15498
f 15474 6713 700
f 708 6713 15474
f 6738 709 15465
f 6711 6738 15465
f 625 626 6789
f 626 646 645
f 646 626 625
f 15447 6764 6763
f 597 598 15441
f 598 607 15441
f 15436 598 597
f 607 598 15435
f 598 15436 15435
f 607 604 6812
f 604 607 15435
f 15436 599 601
f 599 15442 601
f 15435 579 6835
f 15436 579 15435
f 579 577 6835
f 577 579 556
f 579 582 556
f 15397 15395 7027
f 15398 15397 7027
f 15395 15397 7047
f 15397 15398 7047
f 15381 15383 15365
f 15385 15383 15381
f 15383 15385 4689
f 4683 4678 7051
f 4678 4683 7072
f 4700 15391 4705
f 4727 4700 4705
f 4700 4727 7031
f 7161 4593 4568
f 4567 7161 4568
f 4592 7161 4567
f 4617 7161 4592
f 15272 4528 4529
f 4534 4528 15272
f 4529 4528 15245
f 4528 4534 15245
f 7300 4478 15155
f 4478 7268 15187
f 15155 4478 15187
f 4478 4477 7268
f 4478 7300 4477
f 15218 7267 15187
f 7267 15218 7239
f 7267 4479 15187
f 7267 7266 4479
f 7267 7239 7266
f 4008 7832 14765
f 7832 4008 7831
f 7701 4064 14816
f 7764 4064 14817
f 4064 7701 14817
f 4172 7641 14911
f 7641 4172 14866
f 7581 14958 7528
f 14958 7581 4223
f 7529 14958 4223
f 14958 7529 7477
f 4271 14958 7477
f 14958 4271 7528
f 7976 14657 7975
f 3950 14657 7976
f 7900 14657 3950
f 14657 7900 3951
f 14657 7974 7975
f 7974 14657 3951
f 14769 7829 14768
f 7762 14769 14768
f 7761 14769 7762
f 14769 7761 4011
f 7828 14769 4011
f 7829 14769 7828
f 4359 7378 15044
f 7379 4359 15044
f 4359 15083 7378
f 4359 4399 7337
f 15083 4359 7337
f 4358 15082 7380
f 15082 7379 7380
f 15082 4398 7338
f 15082 4358 4398
f 4399 15082 7338
f 4359 15082 4399
f 15082 4359 7379
f 7301 7302 15153
f 7302 7301 15119
f 7302 15119 4439
f 15152 7302 4439
f 7302 15152 15153
f 4061 14814 7767
f 7768 4061 7767
f 4117 7704 14863
f 7704 4062 14814
f 7704 4117 4062
f 12935 12943 2241
f 12943 10133 2241
f 12943 12941 10133
f 12941 12943 2246
f 12943 12949 2246
f 12943 12935 12949
f 13752 2974 9198
f 2974 13752 3034
f 2974 3034 3035
f 2975 2974 3035
f 2974 2975 9198
f 2910 9198 2914
f 9272 2910 2914
f 2911 2910 9272
f 2910 13752 9198
f 2910 2911 13752
f 9200 3031 2972
f 3028 3031 9200
f 3025 9200 3032
f 13813 3025 3032
f 2809 2756 9464
f 2809 9401 13570
f 9401 2809 2863
f 2809 9402 2863
f 2809 9464 9402
f 2710 2662 13463
f 2662 2710 9619
f 2710 13463 9573
f 9572 2710 13516
f 2710 9520 13516
f 9520 2710 9573
f 2658 2662 2625
f 2662 2658 13463
f 13573 2868 9396
f 2815 13573 9396
f 13573 2815 9459
f 2868 13573 9397
f 9397 13573 2813
f 13573 2761 2813
f 2761 13573 9459
f 2866 9398 2812
f 13635 9398 2866
f 9398 13572 2812
f 9398 13635 2867
f 9398 2867 9460
f 13572 9398 9460
f 13634 9334 2865
f 13634 9335 9334
f 13634 2865 9400
f 9335 13634 9400
f 8951 8952 14002
f 8951 3166 8952
f 3166 8951 3167
f 3228 8951 14002
f 13942 8951 14003
f 3167 8951 13942
f 8951 8867 14003
f 8867 8951 3228
f 3044 13821 3045
f 3045 13821 9111
f 13821 3107 9111
f 9569 2713 13518
f 2713 9570 13518
f 2713 9569 13466
f 9570 2713 9617
f 2760 13572 9460
f 2760 9460 2813
f 2761 2760 2813
f 13465 9617 2669
f 13465 9570 9617
f 9618 13465 2669
f 9519 2759 13517
f 2759 9519 2758
f 2759 2811 9461
f 2759 2758 2811
f 2711 9572 13516
f 9519 2711 13516
f 9458 2762 2815
f 2762 9458 9515
f 9458 2815 13574
f 9515 9458 13574
f 9516 2761 9459
f 2762 9516 9459
f 9516 2762 13519
f 2714 9516 13519
f 2761 9516 9569
f 9516 2714 9569
f 3345 8798 14117
f 8798 3282 14117
f 8798 3283 3282
f 3283 8798 3346
f 8798 3345 8721
f 3346 8798 8721
f 3216 8878 13995
f 14058 8878 3282
f 8878 3216 14057
f 3282 8878 14057
f 3346 14118 8797
f 14118 3347 8797
f 8720 14176 8719
f 3347 8720 8719
f 14118 8720 3347
f 14175 8720 3346
f 8720 14118 3346
f 3598 8404 8318
f 8403 3599 8486
f 3598 8403 8486
f 3599 8403 8317
f 8403 3598 8317
f 7989 3933 14648
f 7988 7989 14648
f 7989 3865 3868
f 3865 7989 7988
f 3795 3865 8066
f 3868 3795 8067
f 3865 3795 3868
f 3862 8065 3797
f 8066 3862 3797
f 8057 14597 3879
f 8137 3745 3744
f 3812 8137 3744
f 3746 14542 8135
f 14542 3746 8136
f 3745 3746 14482
f 8136 3746 3745
f 14541 3879 8056
f 14541 8057 3879
f 8057 14541 3811
f 14541 3812 3811
f 14540 3810 8058
f 3809 3810 8139
f 8058 3810 3809
f 3810 3743 8139
f 3810 14540 3743
f 3877 8058 3809
f 8059 3877 3809
f 3877 8059 14596
f 3877 14596 7980
f 7835 4005 14710
f 4005 7904 14710
f 7904 4005 7834
f 7834 4005 14764
f 4005 7835 7768
f 14764 4005 7767
f 4005 7768 7767
f 8397 3605 8480
f 3605 8479 8480
f 3605 14355 8479
f 14355 3605 8396
f 3605 8310 8396
f 3605 8397 8311
f 8310 3605 8311
f 8228 3671 8229
f 3736 8228 8229
f 8228 8227 3672
f 14417 8228 3672
f 3671 8228 14417
f 14352 8401 3601
f 14352 8483 8484
f 14352 3601 8483
f 3600 14352 8484
f 8401 14352 3600
f 3602 14353 8483
f 8400 3602 8483
f 3602 8399 14353
f 3602 8400 8314
f 3940 14651 7984
f 3940 14707 3941
f 14651 3940 3941
f 3935 7914 14704
f 7913 3935 14704
f 3935 7913 14648
f 3933 3935 14648
f 7914 3935 3933
f 8146 3734 3797
f 3802 8146 3797
f 3734 8146 3735
f 8064 14535 8065
f 14535 3802 8065
f 14535 8146 3802
f 3735 14535 8145
f 8146 14535 3735
f 14649 7987 3932
f 7987 3937 3932
f 7987 7988 3937
f 7986 7987 14649
f 8064 8063 14536
f 8063 3805 14536
f 3805 8063 8062
f 8063 3873 8062
f 14592 8064 3863
f 7987 14592 3863
f 14592 7987 7986
f 3871 8063 8064
f 8063 3871 14593
f 14592 3871 8064
f 3871 14592 7986
f 14706 3939 7911
f 3940 3939 14706
f 3733 3729 8232
f 8149 3732 3731
f 8149 14532 3799
f 14532 8149 3731
f 14533 8149 3799
f 8149 14533 8148
f 14177 3412 8717
f 8636 3476 14236
f 3477 3476 8557
f 14236 3476 3477
f 8559 3475 3474
f 3475 3476 8636
f 8483 3536 3535
f 3536 14292 3535
f 8202 3696 14494
f 8203 8202 14494
f 3696 8202 14436
f 8202 8203 14436
f 3313 14088 14087
f 3313 8765 14088
f 8766 3313 14087
f 8765 3313 14145
f 14144 3313 8766
f 14145 3313 14144
f 3562 14314 8457
f 8456 3562 8457
f 3562 8456 14315
f 8533 3562 14315
f 14314 3562 8533
f 8777 14132 3306
f 8777 3368 14132
f 8777 14072 3305
f 14072 8777 3306
f 8777 3305 14131
f 3368 8777 14131
f 8702 14130 14187
f 8780 14130 3303
f 14130 8779 3303
f 3427 3426 8623
f 3426 14244 8623
f 14244 3426 8624
f 3426 14186 8624
f 8622 3428 14187
f 3427 8622 14187
f 3428 8622 14245
f 8622 3427 14245
f 3302 14129 8780
f 8781 14129 3302
f 8861 3235 14069
f 3301 8861 14069
f 3236 8861 3301
f 3235 8861 14007
f 8861 3236 14007
f 14070 3301 3302
f 8859 14070 3303
f 14070 8780 3303
f 14070 3302 8780
f 8850 14021 3244
f 8850 14083 8849
f 14021 8850 8849
f 8611 8608 14193
f 3442 8611 14193
f 8608 8611 14257
f 8690 14141 8693
f 3442 8690 14199
f 8690 3442 8691
f 3435 3442 14199
f 14255 3498 14256
f 8613 14255 14256
f 3498 14255 8535
f 14255 3497 8535
f 14254 14253 3497
f 14255 14254 3497
f 8689 3436 14201
f 3436 8689 8688
f 8689 14143 8688
f 8689 14201 3375
f 14143 8689 3375
f 14200 3444 8688
f 3444 3436 8688
f 3436 3444 8609
f 8609 3444 8608
f 8608 3444 14193
f 3444 14200 14193
f 14078 14085 3248
f 3245 14078 3248
f 14078 3245 14084
f 8769 14142 3320
f 14142 8767 3320
f 14143 14142 8688
f 8767 14142 14143
f 14020 3246 14025
f 3246 14020 3250
f 3257 3255 8848
f 14080 3257 8848
f 9011 3182 13900
f 13900 3182 9010
f 13961 3182 8931
f 3182 13961 9010
f 13901 3122 9010
f 9008 13901 9010
f 3122 13901 9086
f 9086 13901 9009
f 13901 9008 9009
f 14014 3257 14020
f 3257 14014 3255
f 14014 14020 8927
f 8930 14014 8927
f 13842 9089 9086
f 9167 13842 9086
f 3059 13842 9167
f 13842 3059 9088
f 9089 13842 9088
f 13838 9095 3057
f 2996 13838 3057
f 9097 13838 2996
f 9097 9096 3126
f 3179 8937 13954
f 8937 3179 13953
f 3179 9016 13953
f 9016 3179 9017
f 3307 14073 3306
f 8776 3307 3306
f 3307 8775 14073
f 8775 3307 14133
f 3307 8776 14133
f 8940 3178 13951
f 3178 13952 9018
f 3178 8940 8938
f 13952 3178 8938
f 3178 9018 13893
f 9020 3178 13893
f 13951 3178 9020
f 14136 14135 8697
f 8774 14136 3371
f 14136 8697 3371
f 14136 8774 3308
f 14135 14136 3308
f 9015 9014 13954
f 9014 3179 13954
f 3179 9014 9017
f 13889 9097 3126
f 13889 13955 9013
f 13955 13889 9015
f 8935 13955 13954
f 13955 8935 14016
f 14015 8935 13954
f 14016 8935 14015
f 13955 3180 9013
f 3243 14019 14017
f 14019 8933 14017
f 14021 14019 3244
f 14019 14021 8932
f 13958 14019 8932
f 14019 13958 8933
f 13960 13958 8932
f 13960 3182 9011
f 13960 9011 13899
f 13958 13960 13899
f 3182 13960 8931
f 13960 14021 8931
f 14021 13960 8932
f 14194 3432 8616
f 8616 3432 14250
f 3432 8617 14250
f 8617 3432 14192
f 3432 14194 14192
f 8773 14137 8696
f 14137 8773 14077
f 14253 8614 3433
f 14254 8614 14253
f 8614 14255 8613
f 8614 14254 14255
f 8377 3626 8460
f 3626 14370 8460
f 8291 3626 8377
f 14370 3626 8376
f 8376 3626 14432
f 3626 8291 14432
f 3993 7840 3991
f 7840 3993 14760
f 7773 3993 3991
f 14760 3993 7773
f 4157 4160 7591
f 4165 4157 7591
f 4160 4157 7648
f 4157 4165 7648
f 4160 4155 7591
f 4155 4159 7591
f 4155 4160 7648
f 4159 4155 7648
f 4208 4209 7590
f 4207 4208 7590
f 4209 4208 7537
f 4208 4207 7537
f 7537 4206 14949
f 4207 4206 7537
f 4206 4216 14949
f 4216 4206 7590
f 4206 4207 7590
f 4001 14761 7838
f 14708 4001 7838
f 7839 4001 14708
f 4001 7772 14761
f 4001 7839 7772
f 14907 7587 7644
f 7587 14907 7588
f 14907 4167 7588
f 4059 14813 7769
f 14861 7646 4115
f 14861 4114 7647
f 4166 14861 7647
f 7646 14861 4166
f 14653 3945 7980
f 3945 14653 3944
f 14653 7981 3944
f 14596 14653 7980
f 7981 14653 14596
f 3944 3943 7907
f 7981 3943 3944
f 3943 14652 7908
f 14652 3943 7982
f 3943 7981 7982
f 3943 14708 7907
f 14708 3943 7908
f 4103 4105 7709
f 4105 4109 7709
f 4105 4103 14859
f 4109 4105 14859
f 4054 14810 7774
f 4054 7711 14810
f 7711 4054 14809
f 14809 4054 7775
f 4054 3992 7775
f 4054 3998 3992
f 4054 7774 3998
f 14128 3363 8782
f 3300 14128 8782
f 3362 14128 3300
f 14128 3362 8705
f 3363 14128 8705
f 14185 3425 8705
f 3424 14185 8706
f 8625 14185 3424
f 3425 14185 8625
f 14185 3362 8706
f 3362 14185 8705
f 3350 3351 3288
f 8716 3351 3350
f 3354 8714 14180
f 8713 3354 14180
f 3354 8790 8791
f 3354 8713 14123
f 8790 3354 14123
f 3355 3417 8712
f 8713 3355 14123
f 3355 8713 3417
f 3293 8789 3294
f 8789 3356 3294
f 3355 8789 14123
f 3356 8789 8712
f 8789 3355 8712
f 8789 8790 14123
f 8789 3293 14064
f 8790 8789 3292
f 3292 8789 14064
f 14124 8788 3294
f 3357 8788 14124
f 8788 14065 3294
f 8788 3295 14065
f 8788 3357 3295
f 8869 3227 14001
f 8869 3292 14064
f 3227 8869 14064
f 8791 14063 3291
f 14063 8790 3292
f 8790 14063 8791
f 14063 8870 3291
f 14542 3881 8054
f 3881 14542 8055
f 3881 14599 8054
f 7978 14598 3879
f 3879 14598 8056
f 14598 3880 8056
f 8389 3612 8304
f 3612 8390 8304
f 3611 14359 8474
f 8390 14359 3611
f 3612 14359 8390
f 14360 3614 8471
f 14360 8471 3548
f 3614 14360 8303
f 14360 3613 8303
f 3682 8217 14424
f 8217 3683 14424
f 14484 8217 3682
f 3749 8217 3748
f 8217 14484 3748
f 8215 8216 3751
f 8216 3750 3751
f 3610 8392 8306
f 8392 3610 14358
f 3610 8306 8391
f 14358 3610 8391
f 3544 8476 8475
f 8476 3609 8475
f 3543 8476 3544
f 8477 8476 3543
f 3741 14480 8224
f 14480 3741 3742
f 14480 3676 8224
f 14480 3742 8223
f 3676 14480 8223
f 3607 8309 14419
f 3607 8394 14356
f 8395 3607 14356
f 8309 3607 8395
f 8394 3607 8308
f 3607 14419 8308
f 8225 3675 14419
f 3675 8224 8308
f 14419 3675 8308
f 8224 3675 14479
f 3675 8225 14479
f 14420 3676 8223
f 8307 14420 8223
f 8224 14420 8308
f 3676 14420 8224
f 8308 14420 3608
f 14420 8307 3608
f 9954 2386 13102
f 13101 2386 9954
f 13069 13070 9987
f 13070 2358 9987
f 13070 13069 9959
f 2358 13070 9959
f 2381 2380 9960
f 2380 2381 9927
f 13096 2383 9959
f 2383 13097 9959
f 2383 13096 9927
f 9958 2384 13098
f 13097 2384 9958
f 13098 2384 9925
f 2410 13161 9895
f 2410 9895 13127
f 13126 2410 13127
f 2520 13244 9777
f 13202 2520 9817
f 13244 2520 9818
f 2520 13202 9818
f 2520 13245 9817
f 13245 2520 9777
f 13203 2484 9817
f 9857 2484 13203
f 2484 13202 9817
f 2484 9857 13202
f 13245 13286 9776
f 13286 9737 9776
f 13286 13245 9777
f 2556 13286 9777
f 9737 13286 2556
f 2629 13415 9616
f 9662 2585 2580
f 2580 2585 9706
f 9663 2626 2617
f 2617 2626 2668
f 2668 2626 9619
f 2626 2667 9619
f 2627 9662 13367
f 9663 2627 13367
f 2669 2627 13414
f 9662 2627 2669
f 2627 2617 13414
f 2627 9663 2617
f 13416 9615 2672
f 9615 13467 2672
f 9615 13416 2671
f 2714 9615 2671
f 13467 9615 2714
f 13830 9093 3058
f 9093 13830 9092
f 13830 3058 2997
f 9095 3065 3057
f 13778 3065 9172
f 9172 3065 2997
f 3065 13830 2997
f 3057 3065 9173
f 3065 13778 9173
f 13591 13590 9380
f 13591 9442 13590
f 9379 13591 9380
f 13591 9379 2826
f 9442 13591 2826
f 9381 2825 13589
f 2825 9443 13589
f 2880 2825 9381
f 2825 2880 9380
f 13590 2825 9380
f 9443 2825 13590
f 9161 3000 3061
f 9164 13784 2948
f 9163 9164 2948
f 9164 3000 13784
f 9164 9163 3061
f 3000 9164 3061
f 9239 2950 13712
f 2950 9239 9238
f 9309 9239 13712
f 9238 9239 9309
f 9600 2681 13481
f 2724 9600 13481
f 9600 2724 13482
f 13433 9600 13482
f 9600 13433 13432
f 2681 9600 13432
f 13781 9170 3006
f 9170 9169 2998
f 3006 9170 2998
f 9170 9244 9169
f 9170 13781 9244
f 9646 9645 13384
f 9645 9646 2639
f 13383 9646 13384
f 2639 9646 13383
f 3115 13887 13888
f 13887 9023 13888
f 13887 3115 3114
f 9024 13887 3114
f 9023 13887 13947
f 13887 9024 13947
f 13762 2989 3050
f 2989 3049 3050
f 13825 9106 3113
f 9106 13825 3051
f 9106 3051 3050
f 3112 9106 3050
f 9106 3112 3113
f 13702 2931 9255
f 13702 9324 9325
f 9324 13702 9255
f 9256 13702 9325
f 2931 13702 9256
f 13761 2928 2927
f 2928 13761 9185
f 13761 2927 2987
f 9185 13761 2987
f 2880 13652 9315
f 13652 2880 9381
f 13652 9316 9315
f 9316 13652 9381
f 3119 9014 3126
f 13836 3056 2995
f 9175 13836 2995
f 13836 9175 3055
f 9099 13836 3055
f 13823 3048 9109
f 13823 9108 3048
f 3171 9028 13944
f 9028 3170 13944
f 9028 13883 3170
f 9028 9027 13884
f 9027 9028 3171
f 3230 14066 8865
f 14066 3296 8865
f 14066 3230 8866
f 3295 14066 8866
f 8787 14066 3295
f 3296 14066 8787
f 3359 3358 8709
f 3358 3359 8786
f 14183 3359 8709
f 8786 3359 3297
f 3359 14183 8708
f 14126 3359 8708
f 3359 8785 3297
f 3359 14126 8785
f 2764 9456 9513
f 9456 2817 9513
f 9456 2764 13575
f 2817 9456 13575
f 13578 9454 9391
f 9454 2818 9391
f 9454 13578 9511
f 9454 9511 2765
f 9327 9392 13639
f 9392 9393 13639
f 2593 9699 9656
f 9699 13327 9656
f 9699 2593 13328
f 2555 9699 13328
f 9699 2555 9739
f 13327 9699 9739
f 13663 2886 9370
f 2886 13663 9302
f 9303 13663 9370
f 9302 13663 9303
f 9155 3003 3066
f 3004 9155 3066
f 13957 8930 8927
f 3183 13957 8927
f 13957 3183 9009
f 8037 3900 14613
f 14611 3900 8037
f 3831 3830 8039
f 14553 3831 8039
f 3830 3831 8119
f 3831 14553 8119
f 3637 8284 8370
f 8284 14379 8370
f 8284 8282 14379
f 8284 14440 8282
f 14440 8284 8198
f 14500 3767 8117
f 3767 8116 8117
f 3767 14500 14499
f 3767 3765 8118
f 3767 14499 3765
f 3833 3767 8118
f 8116 3767 3833
f 8199 3699 14438
f 3699 8199 14500
f 8199 14438 14437
f 14500 8199 14499
f 3697 8199 14437
f 8199 3697 14499
f 14752 7866 14751
f 14752 14748 7866
f 7795 14752 14751
f 14748 14752 7795
f 15027 15026 4294
f 15025 15027 4294
f 15026 15027 7400
f 15027 15025 7400
f 15026 15028 7451
f 15028 15033 7451
f 15028 15026 7400
f 15033 15028 7400
f 7502 14980 4247
f 7736 7673 14843
f 14842 7673 7736
f 7673 14842 14890
f 7612 4196 14936
f 7554 14987 14982
f 14987 7501 14982
f 14990 14985 7555
f 14985 14990 7450
f 14942 14946 7610
f 14946 14942 7553
f 14731 3968 7880
f 3968 14674 7880
f 3968 7953 14674
f 3968 14731 7879
f 14617 14616 7954
f 7954 14616 7955
f 14616 3901 7955
f 14616 14617 8033
f 3901 14616 8033
f 14561 3835 8112
f 14563 14562 8030
f 3768 8112 14504
f 14503 3768 14504
f 8113 3768 14503
f 3768 14561 8112
f 14561 3768 8113
f 14558 14559 8115
f 14617 8032 8033
f 8032 14617 3903
f 14561 8032 3903
f 3835 3769 8112
f 3769 14505 8112
f 14562 3769 3835
f 3769 14506 8193
f 14505 3769 8193
f 8270 8184 14454
f 8356 8270 14454
f 14453 8270 8356
f 8270 3707 8184
f 8270 14453 3707
f 14451 8186 14452
f 14514 8186 14513
f 8186 14514 14452
f 8438 14393 8437
f 14276 8515 14277
f 14512 8187 8188
f 8187 14450 8188
f 8187 3773 14513
f 8187 14512 3773
f 8031 14619 8030
f 14562 8031 8030
f 8031 14562 3835
f 8031 14561 3903
f 14561 8031 3835
f 14675 14676 7952
f 14676 14675 7879
f 14675 3968 7879
f 3968 14675 7953
f 15204 15203 15167
f 15207 15204 15167
f 15203 15204 15231
f 15204 15207 15231
f 7317 15134 4460
f 4460 15134 7281
f 15134 7317 4419
f 15134 4419 15097
f 7318 15134 15097
f 15134 7318 4459
f 7282 15134 4459
f 15174 15169 7281
f 15175 15174 7281
f 15169 15174 7249
f 15174 4496 7249
f 15174 15175 4496
f 15170 7282 15168
f 4496 15170 15168
f 15170 15134 7282
f 7694 4124 14872
f 4124 7635 14872
f 4124 14823 7695
f 4124 7694 14823
f 4124 7695 14871
f 7635 4124 14871
f 7697 14870 4122
f 14870 7697 14869
f 4121 7697 14820
f 7697 4121 14869
f 14487 8214 3752
f 3752 8214 14486
f 3686 8214 3687
f 8214 14487 3687
f 8214 3686 3685
f 14486 8214 3685
f 3957 14720 7892
f 3957 7967 14663
f 7893 3957 14663
f 14720 3957 7893
f 14664 3957 7892
f 3957 14664 7967
f 4128 7690 14826
f 4128 14874 7690
f 7631 14874 7632
f 14874 7631 4181
f 7520 14965 4232
f 14965 7572 4232
f 4280 14965 7520
f 7519 14965 4280
f 14965 4233 7572
f 14965 7519 4233
f 4322 15048 7372
f 1691 5622 11215
f 1691 11176 11136
f 5646 1691 11136
f 5621 1691 11215
f 1691 5621 11176
f 11175 5646 11135
f 5622 11175 5623
f 1691 11175 5622
f 11175 1691 5646
f 1733 5581 11251
f 5581 1733 11289
f 5581 11252 11251
f 11252 5581 1734
f 5581 11289 1755
f 5581 1755 5580
f 1734 5581 5580
f 5429 11533 5438
f 11533 1884 5438
f 11533 5429 11556
f 11533 11556 1885
f 1884 11533 1885
f 11593 1901 5421
f 1901 5420 5421
f 5414 1901 11593
f 5420 1901 11594
f 1901 5414 11594
f 5425 11576 1893
f 1892 5425 11552
f 5425 11553 11552
f 11553 5425 1893
f 1912 11615 5407
f 5412 11615 1912
f 5423 11577 1895
f 11555 5423 1895
f 5430 5439 11531
f 5430 1883 5439
f 1883 5430 11532
f 5430 5429 11532
f 5429 5430 1895
f 5430 11555 1895
f 11553 11554 5432
f 5464 11478 1844
f 11478 5464 1857
f 1844 11478 5463
f 11478 11479 5463
f 5443 11528 1880
f 5443 5442 11502
f 5442 5443 1880
f 1868 5443 11502
f 1879 5443 1868
f 11528 5443 1879
f 1870 5451 1857
f 5451 1870 11505
f 5451 11478 1857
f 1858 5451 1871
f 5451 11505 1871
f 11479 5451 1858
f 11478 5451 11479
f 5552 1782 11334
f 1782 5552 1762
f 5552 11334 11298
f 1762 5552 11298
f 5537 11365 11366
f 5537 1779 11330
f 5538 1778 5558
f 1778 11329 5558
f 1778 5537 11329
f 11365 1778 5538
f 5537 1778 11365
f 11329 1758 5558
f 1738 5575 11257
f 5575 11295 11257
f 5575 1738 11294
f 1779 5556 11330
f 11331 5556 1779
f 5535 11366 1799
f 11367 5535 1799
f 5535 11331 1779
f 11331 5535 1780
f 5535 11367 1780
f 5578 1736 11254
f 1736 11255 11254
f 1736 1758 11293
f 1758 1736 5578
f 5579 1757 1735
f 1757 5579 11291
f 5558 1757 11328
f 1757 5559 11328
f 1757 11291 5559
f 5576 1737 11293
f 1737 5576 11256
f 1715 1737 11256
f 11255 1737 1715
f 1761 5553 11297
f 1761 11296 5554
f 11332 1761 5554
f 5553 1761 11333
f 1761 1781 11333
f 1761 11332 1781
f 1739 5574 11296
f 5554 5574 1760
f 11296 5574 5554
f 5574 11295 1760
f 11295 5574 11257
f 5574 1739 11257
f 1739 11258 5595
f 1718 11258 11259
f 5595 11258 1718
f 11258 1739 11296
f 11367 1800 5534
f 1800 11368 5534
f 1800 11367 5515
f 11368 1800 5514
f 11399 1800 5515
f 1800 11399 5514
f 11398 11399 5515
f 5516 11398 5515
f 11397 11398 5516
f 5486 5500 11425
f 5500 11397 1817
f 5500 11398 11397
f 11427 5485 1834
f 5498 11427 1834
f 5499 11427 5498
f 11395 5518 1797
f 11365 5518 1798
f 1797 5518 11365
f 5518 11396 1798
f 5518 11395 1816
f 11396 5518 1816
f 11396 5501 1817
f 5501 11396 1816
f 5500 5501 11425
f 5501 5500 1817
f 5501 1832 11425
f 5501 11424 1832
f 5501 1816 5502
f 11424 5501 5502
f 5461 11454 11453
f 11454 5461 11481
f 11424 1831 5488
f 5475 1831 5489
f 1831 5502 5489
f 1831 11424 5502
f 1831 5475 5474
f 5488 1831 5474
f 1785 11373 5528
f 11373 1785 5529
f 5528 11373 1805
f 11373 1804 1805
f 11373 5529 1804
f 4147 4094 7665
f 11599 4094 4147
f 4094 11598 7665
f 4094 11599 7726
f 11598 4094 7726
f 11534 7930 7931
f 3979 11534 7931
f 11534 3980 7930
f 4038 11578 7726
f 4038 11579 7790
f 11579 4038 7726
f 7791 4038 7790
f 11578 4038 7791
f 11557 7860 14757
f 3980 7860 11557
f 11534 7860 3980
f 7860 3979 14757
f 7860 11534 3979
f 14168 8744 3391
f 8744 14168 3329
f 8744 3390 8665
f 3391 8744 8665
f 3390 8744 14167
f 8744 14110 14167
f 8744 3329 14110
f 14051 14052 8900
f 14051 3267 14052
f 8901 14051 8900
f 14052 8821 8820
f 3267 8821 14052
f 8821 14112 8820
f 14112 8821 3330
f 3330 8821 14111
f 8821 3267 14111
f 14282 8587 14281
f 8510 14282 14281
f 14282 14283 8586
f 8587 14282 8586
f 14409 8425 8427
f 3517 8506 8505
f 8506 14343 8505
f 14285 8506 3517
f 3263 8826 14047
f 3263 14047 14046
f 8827 3263 14046
f 3263 8827 14106
f 3443 14212 8678
f 14212 14154 8678
f 14270 14269 3507
f 14269 8521 3507
f 14269 3443 8599
f 8521 14269 3505
f 14268 14269 8599
f 14269 14268 3505
f 14271 14270 3507
f 3383 14157 8754
f 8520 14327 14328
f 8520 14271 3507
f 8521 8520 3507
f 14327 8520 8521
f 8442 14388 3636
f 8360 8442 3636
f 14388 8442 8443
f 8442 14328 8443
f 8442 3571 14328
f 8442 8441 3571
f 3388 14164 8668
f 14164 14222 8668
f 8747 14164 3388
f 14164 8747 3326
f 8748 14164 3326
f 14222 14164 8669
f 14164 8748 8669
f 8510 3513 8511
f 3513 8510 14281
f 3513 8512 8511
f 3513 14280 8512
f 8588 3513 14281
f 14280 3513 8588
f 14222 3450 8588
f 3450 14280 8588
f 14280 3450 8589
f 3450 14222 8669
f 3450 14221 8589
f 14221 3450 8669
f 8748 14163 8669
f 14163 14221 8669
f 14163 8748 14106
f 8749 14163 14106
f 14220 8671 8591
f 3260 14042 14041
f 14101 3260 8832
f 3260 14041 8832
f 8828 14104 14105
f 3262 8828 14105
f 14104 8828 8829
f 8828 14044 8829
f 8828 14045 14044
f 8828 3262 14045
f 3710 14521 8179
f 14459 3710 8179
f 14521 3710 14520
f 3710 8180 14520
f 14458 3710 14459
f 8180 3710 14458
f 8181 14518 14519
f 8181 3709 14518
f 3709 8181 14457
f 8181 8180 14457
f 8180 8181 14519
f 14573 3775 8102
f 8101 3775 14573
f 3775 14515 8102
f 11867 7061 4668
f 7061 11867 4697
f 11898 7042 11897
f 7041 11898 11899
f 11898 7041 4697
f 7042 11898 4697
f 11614 1919 5407
f 11614 5408 1919
f 1918 1910 5409
f 1910 1918 5408
f 11614 1910 5408
f 5414 1910 11594
f 7597 11625 1920
f 7597 1921 11625
f 1921 7596 11625
f 7596 11642 7595
f 7596 1921 11642
f 4204 11639 7599
f 11623 4204 7599
f 7600 4204 11623
f 4204 7600 11638
f 11639 4204 11638
f 11655 1927 7492
f 1927 7544 7492
f 7543 1927 11655
f 7494 7495 7443
f 7494 11653 7495
f 7494 7493 11653
f 7855 3984 11539
f 3984 7855 7854
f 3984 11540 7924
f 11539 3984 7924
f 11540 3984 11562
f 3984 7854 11562
f 7787 11582 4041
f 11582 4097 7722
f 4041 11582 7722
f 4039 7789 7725
f 7789 4039 7788
f 11600 7663 7724
f 4148 11600 7664
f 7663 11600 4148
f 11657 7542 7490
f 1929 7542 11657
f 11643 7542 7541
f 7542 1929 7541
f 11642 7542 11643
f 11625 1913 7655
f 1913 11608 7655
f 11608 1913 7654
f 7596 1913 11625
f 7654 11609 1906
f 1914 11609 7654
f 11609 1914 7653
f 11609 7714 1906
f 7714 11609 7653
f 452 6974 443
f 452 441 6974
f 452 443 6991
f 441 452 6991
f 6984 2153 6985
f 2153 11964 6985
f 11964 2153 7002
f 2153 2135 7002
f 6984 12000 3
f 12000 6966 3
f 12000 2 6967
f 12000 6984 2
f 12038 12000 6967
f 12000 12038 6966
f 11933 7001 2154
f 2135 7001 11933
f 2153 7001 2135
f 1988 7193 1986
f 7169 1988 1986
f 11753 1988 7169
f 5367 1987 11755
f 5367 11736 1987
f 11736 5367 5376
f 5367 11756 5376
f 11756 5367 11755
f 2008 2009 2006
f 2030 2009 2005
f 2009 2030 2006
f 2009 1986 2005
f 2009 2008 1986
f 1992 2004 2011
f 2004 1992 1990
f 1993 1992 2011
f 1990 1992 7193
f 1992 11735 7193
f 1992 1993 11735
f 2010 11774 2002
f 11774 2010 2006
f 11753 2010 2002
f 2010 11753 7169
f 2008 2010 7169
f 2010 2008 2006
f 1962 11708 1961
f 11708 1962 1960
f 1962 1961 5396
f 1960 1962 5396
f 1966 1957 11697
f 1965 1966 11697
f 1966 5389 1957
f 5389 1966 1965
f 1963 1961 5390
f 1965 1963 5390
f 1963 1965 11697
f 1963 11697 5396
f 1961 1963 5396
f 5395 1959 11698
f 1959 1967 11698
f 1959 5395 11697
f 11722 5382 11723
f 5389 11722 11723
f 11722 1979 5382
f 1979 11722 5383
f 1970 5384 11720
f 1995 5375 11737
f 11738 5375 1995
f 5375 1969 11737
f 5375 5383 1969
f 5375 11738 5383
f 11906 5293 11905
f 5294 5293 2104
f 5293 5294 11905
f 5293 11876 2104
f 11876 5293 5292
f 5293 11906 5292
f 5277 2121 5278
f 11906 2121 5277
f 2121 11906 11905
f 2121 5279 5278
f 2121 11905 5279
f 5294 11875 2103
f 11875 11848 2103
f 11875 5308 11848
f 11875 5294 2104
f 11875 11849 5308
f 11849 11875 2104
f 5345 2053 11801
f 5345 11800 2052
f 5345 11801 11800
f 5334 5345 2052
f 5345 5334 5333
f 2053 5345 5333
f 11802 2054 5343
f 11802 2034 5354
f 11802 5343 2034
f 2033 11802 5354
f 11802 2033 5344
f 2054 11802 5344
f 11853 2092 5303
f 11880 11853 5303
f 11853 11880 2092
f 2077 11828 5317
f 2076 11828 5330
f 11828 2076 5317
f 11828 5329 5330
f 11828 2077 5329
f 11780 11759 1997
f 11759 5363 1997
f 11781 2015 5352
f 5352 2015 11780
f 5363 2015 11768
f 2015 11781 11768
f 2015 11759 11780
f 11759 2015 5363
f 11790 2016 5362
f 11781 11790 5362
f 2016 11790 5351
f 11790 2035 5351
f 11790 11781 2035
f 3634 8363 14385
f 8364 3634 14385
f 3634 8364 14445
f 8277 3634 14445
f 8363 3634 8277
f 8276 14447 14448
f 14447 3704 14448
f 14447 8276 14446
f 14509 3771 14510
f 3704 14509 14510
f 3771 14509 14508
f 8191 14507 14508
f 8191 3703 14507
f 14565 8109 14564
f 8028 14565 14564
f 14565 8028 8027
f 14566 3838 8107
f 8108 14566 8107
f 3838 14566 8026
f 14566 3906 8026
f 3906 14566 8027
f 8195 3700 14503
f 14441 3700 8195
f 3700 14441 8283
f 14440 3700 8283
f 13775 2940 13784
f 13775 3000 9161
f 3000 13775 13784
f 2940 13785 2950
f 2950 13785 13777
f 13785 13775 9161
f 13775 13785 2940
f 13784 9241 2948
f 2940 9241 13784
f 9241 2940 13710
f 13720 9241 13710
f 2948 9241 13720
f 13485 9597 2683
f 9597 13436 2683
f 9597 13485 13486
f 13436 9597 13486
f 13857 3134 9073
f 13919 3134 13918
f 13918 3134 9074
f 3134 13857 9074
f 3134 13858 9073
f 13858 3134 13919
f 8756 14098 14097
f 8756 14097 8757
f 14154 8756 8757
f 14219 8672 3448
f 8672 14218 3448
f 8672 14219 14161
f 14218 8672 14160
f 8751 8672 14161
f 8672 8751 14160
f 8752 3385 14160
f 3385 14218 14160
f 8674 14158 3384
f 8574 3463 11349
f 3463 8574 11313
f 3401 8733 3338
f 11275 3401 3338
f 8733 3401 11277
f 3401 8653 11277
f 3401 11313 8653
f 11409 8329 3657
f 8328 11410 3657
f 3658 11410 8328
f 3658 11439 8241
f 11439 3658 8328
f 8156 11467 11468
f 11467 11466 3790
f 11466 11467 8157
f 8240 3724 8156
f 3724 11467 8156
f 11467 3724 8157
f 11439 3724 8241
f 11382 11383 8494
f 11383 11382 8412
f 11383 3529 8494
f 11412 8325 11413
f 11412 3659 8325
f 3659 11412 8326
f 8491 11385 1807
f 11385 8409 1807
f 11381 8495 3527
f 8495 11382 3528
f 11351 8495 3528
f 8495 11351 3527
f 8495 11381 3591
f 11382 8495 3591
f 11437 8245 3721
f 11437 8244 8245
f 8329 8243 3657
f 8243 11438 3657
f 11437 8243 8244
f 3589 11379 8416
f 11408 3589 8416
f 11379 3589 8497
f 11465 3789 8078
f 3789 8079 3856
f 3789 11491 8078
f 11491 3789 3856
f 11466 8159 11465
f 8152 1852 11472
f 1839 8152 11472
f 1852 8152 11471
f 8409 8410 11413
f 8410 1806 8411
f 8410 11385 1806
f 11385 8410 8409
f 8410 11412 11413
f 11412 8410 8411
f 8236 11445 8321
f 8236 1839 11445
f 8236 8152 1839
f 1823 11414 8324
f 8238 1823 8324
f 11443 1823 8238
f 1772 11358 5544
f 11358 1772 8565
f 5544 11358 1792
f 11358 8488 1792
f 11358 1791 8488
f 11358 8565 1791
f 8566 11356 11357
f 8566 1771 11356
f 11321 8566 11357
f 1771 8566 11321
f 8648 1748 11317
f 1748 11281 8649
f 11317 1748 8649
f 1748 8728 11281
f 8728 1748 11282
f 1748 8648 11282
f 11353 1788 8569
f 1788 11354 8569
f 3529 1788 11353
f 11354 1788 8491
f 1769 11318 8569
f 11354 1769 8569
f 1769 11354 8568
f 1769 8647 11318
f 8647 1769 11319
f 1769 8568 11319
f 3396 11306 8658
f 11308 11306 3396
f 8658 11306 11311
f 11306 3460 11311
f 6419 6396 973
f 6396 6419 972
f 6419 10347 972
f 6440 6458 10326
f 6440 10327 6458
f 10327 6440 6439
f 6441 6459 10325
f 6459 6441 10326
f 6442 6441 10325
f 6441 6442 10346
f 6441 6440 10326
f 6440 6441 10347
f 6421 10345 970
f 971 6421 970
f 10328 6437 948
f 948 6437 10350
f 6437 10328 925
f 6437 6416 10350
f 6437 947 6416
f 6438 6437 925
f 6437 6438 947
f 6436 10329 926
f 10329 6436 949
f 927 10329 6435
f 10329 949 6435
f 5712 11032 1598
f 11032 5712 5741
f 1598 11032 5742
f 11032 5741 5742
f 1528 10950 5817
f 10950 1528 5787
f 1528 10980 5787
f 10980 1528 5788
f 10949 1528 5817
f 1528 10949 5788
f 5816 5787 1529
f 5816 10950 5787
f 10950 5816 1502
f 1502 5816 5845
f 5816 1529 5845
f 5786 10981 5758
f 10981 5786 5787
f 10981 11016 5758
f 10981 5759 11016
f 6036 1305 10738
f 10739 1305 6036
f 6067 1305 6066
f 1305 6067 10738
f 1305 6065 6066
f 1305 10739 6065
f 10863 1423 5939
f 1423 5938 5939
f 1448 1423 5907
f 1423 10863 5907
f 1424 1423 1448
f 5936 1423 1424
f 5938 1423 5936
f 1452 1451 10890
f 1451 1450 10890
f 1451 1452 10862
f 1450 1451 10862
f 11359 1773 5544
f 1773 11323 5564
f 1773 11359 5543
f 11323 1773 5543
f 1773 5564 11322
f 5544 1773 11322
f 5562 1754 11288
f 11324 5562 11288
f 1754 5562 11325
f 5562 11324 1774
f 5562 5542 11325
f 5542 5562 1774
f 5673 11135 1667
f 5673 1666 11135
f 1666 5673 11093
f 5673 1641 11093
f 5673 1667 11094
f 1641 5673 11094
f 11054 5700 1614
f 5699 11054 1614
f 1586 11054 5699
f 11054 1586 5728
f 5700 11054 5728
f 5731 11014 1583
f 11014 5732 1583
f 5732 11014 5761
f 5760 5731 11015
f 5760 10980 1555
f 5759 5760 11015
f 10980 5760 5759
f 10979 5760 1555
f 5760 10979 5761
f 11014 5760 5761
f 5760 11014 5731
f 9126 9203 1580
f 9203 11011 9275
f 9203 11010 1580
f 9203 9275 11010
f 1636 1609 11087
f 1609 9126 11087
f 5732 11013 1582
f 11013 5733 1582
f 11013 5762 5733
f 11013 5732 5761
f 5762 11013 5761
f 1554 5761 5789
f 1554 5762 5761
f 1554 5789 5819
f 11050 1610 1637
f 5705 1610 11050
f 1610 11088 1637
f 1610 5705 11088
f 11084 9048 1633
f 11084 9049 9048
f 1632 11084 1633
f 9049 11084 1632
f 11280 8730 8650
f 3404 11280 8650
f 11280 3404 8729
f 11280 8729 11242
f 8730 11280 11242
f 11167 8883 11207
f 1684 11167 11207
f 8883 11167 8966
f 11167 11128 8966
f 11167 1684 11128
f 12678 365 4849
f 365 12678 4819
f 12678 4849 364
f 4820 12678 364
f 4819 12678 4820
f 12730 398 12739
f 398 12730 12729
f 12730 4785 12729
f 427 12730 12739
f 4785 12730 427
f 4994 12432 224
f 223 4994 12386
f 12432 4994 12431
f 4994 223 12431
f 12386 4994 12387
f 4994 224 12387
f 761 762 6659
f 762 760 6659
f 6629 785 786
f 785 795 786
f 794 785 6629
f 795 785 794
f 6713 15463 700
f 15464 708 6712
f 15464 6712 709
f 6740 6713 708
f 6740 15463 6713
f 698 6740 6741
f 697 6740 698
f 6740 697 700
f 15463 6740 700
f 629 627 6789
f 626 629 6789
f 627 629 645
f 629 626 645
f 647 646 15446
f 654 647 15446
f 646 647 15455
f 651 654 15446
f 655 15447 645
f 6764 655 645
f 655 6764 15447
f 6738 682 15455
f 15455 682 645
f 682 6764 645
f 606 603 6812
f 604 606 6812
f 603 606 15435
f 606 604 15435
f 6811 15436 597
f 6811 599 15436
f 599 6811 15442
f 6811 15441 15442
f 6811 597 15441
f 581 583 556
f 582 581 556
f 6834 579 15436
f 579 6834 582
f 6834 581 582
f 581 6834 583
f 6834 580 583
f 6834 15436 580
f 15365 15384 4664
f 15383 15384 15365
f 15384 15383 4689
f 4676 4677 7072
f 4677 4678 7072
f 7051 4677 4676
f 4678 4677 7051
f 4701 7031 4706
f 15391 4701 4706
f 15325 7161 4617
f 7161 15325 4593
f 7137 15325 4617
f 15325 7137 4618
f 7160 15325 4618
f 4593 15325 7160
f 4008 14766 7831
f 14766 4008 7764
f 7831 14766 4009
f 14766 7764 4009
f 4008 7765 7764
f 7765 4064 7764
f 7765 4008 14765
f 4064 7765 14816
f 7765 4063 14816
f 7766 7765 14765
f 7765 7766 4063
f 7701 4119 14817
f 4119 7700 14817
f 4119 14866 7700
f 14911 14910 7584
f 7641 14910 14911
f 14910 7585 7584
f 4116 7644 14863
f 7704 4116 14863
f 4116 7704 14814
f 3029 3033 2972
f 9123 3031 3028
f 9123 13813 3095
f 3029 9123 3033
f 3033 9123 13814
f 9123 3096 13814
f 3096 9123 3095
f 3026 3028 9200
f 3025 3026 9200
f 3026 3025 13813
f 9123 3026 13813
f 3026 9123 3028
f 2657 2661 13463
f 2658 2657 13463
f 2661 2657 2625
f 2657 2658 2625
f 13821 9112 3107
f 9112 13821 3044
f 3107 9112 3106
f 9112 9113 3106
f 9112 3044 9113
f 9517 2761 13518
f 9517 2760 2761
f 9570 9517 13518
f 2760 9517 9570
f 13465 2712 9570
f 2759 9518 13517
f 9518 2760 9570
f 2760 9518 13572
f 9518 2712 13517
f 2712 9518 9570
f 13572 9518 9461
f 9518 2759 9461
f 13464 9618 2668
f 13464 2711 9618
f 13464 2668 9619
f 2711 13464 9572
f 13464 2710 9572
f 2710 13464 9619
f 8877 3217 14058
f 3217 8878 14058
f 8878 3217 13995
f 3217 8961 13995
f 8961 3217 13996
f 3217 8877 13996
f 8638 3409 8639
f 3409 8638 3410
f 3409 14175 8639
f 3409 8720 14175
f 14176 3409 3410
f 8720 3409 14176
f 3596 8404 8487
f 8404 3596 8318
f 8404 14350 8487
f 14350 8404 3598
f 8487 14350 8486
f 14350 3598 8486
f 14590 7989 3868
f 7989 14590 3866
f 14590 3868 8067
f 3866 14590 8067
f 7989 14647 3933
f 8069 14647 3864
f 3933 14647 8069
f 14647 3866 3864
f 14647 7989 3866
f 14591 3865 7988
f 7987 14591 7988
f 14591 7987 3862
f 3795 3794 8067
f 3794 3733 8148
f 3794 3795 3729
f 3733 3794 3729
f 14534 8066 3797
f 14534 3795 8066
f 8065 3870 3863
f 3862 3870 8065
f 3870 7987 3863
f 7987 3870 3862
f 14597 3878 7980
f 3878 3877 7980
f 3877 3878 8058
f 3878 8057 8058
f 3878 14597 8057
f 7978 7979 3946
f 7979 7978 3879
f 14597 7979 3879
f 7979 14597 7980
f 3747 14483 8135
f 14483 3746 8135
f 14483 3747 8219
f 3813 8136 3745
f 8137 3813 3745
f 3813 14541 8056
f 3813 8137 3812
f 14541 3813 3812
f 8055 3813 8056
f 14542 3813 8055
f 3813 14542 8136
f 3737 8228 3736
f 3737 3736 8145
f 3804 3737 8145
f 3737 3804 8144
f 3602 8313 8399
f 8399 8313 3603
f 8313 8314 14416
f 8313 3602 8314
f 8312 8313 14416
f 8313 8312 3603
f 7840 7910 14706
f 7910 3940 14706
f 7910 7840 14707
f 3940 7910 14707
f 14593 7985 7984
f 7985 3940 7984
f 3871 7985 14593
f 7985 3871 7986
f 14535 3803 8145
f 3803 14535 8064
f 3803 14536 8145
f 3803 8064 14536
f 3872 14593 3873
f 8063 3872 3873
f 3872 8063 14593
f 3939 3931 7911
f 3931 3939 7986
f 14705 7912 3932
f 7912 3929 3932
f 3930 7986 14649
f 3938 3930 14649
f 3930 3931 7986
f 7912 3930 3938
f 3930 7912 14705
f 7911 3930 14705
f 3931 3930 7911
f 3413 3412 8636
f 14178 3413 8635
f 3413 14178 8717
f 3412 3413 8717
f 3413 14236 8635
f 3413 8636 14236
f 14235 3475 8636
f 3412 14235 8636
f 14235 8637 3474
f 3475 14235 3474
f 8637 14235 14177
f 14235 3412 14177
f 8558 8559 14293
f 8558 3475 8559
f 8558 14293 3538
f 3539 8558 3538
f 8558 3539 8557
f 3476 8558 8557
f 3475 8558 3476
f 8482 3537 8483
f 3537 3536 8483
f 3537 8482 14293
f 8559 3537 14293
f 14292 3537 8559
f 3536 3537 14292
f 3365 14130 8780
f 14129 3365 8780
f 14130 3366 8779
f 3366 14130 8702
f 8779 3366 3367
f 3366 8702 3367
f 3426 8704 14186
f 8704 3426 3427
f 8704 3363 14186
f 8860 3236 3301
f 14070 8860 3301
f 3236 8860 14008
f 8610 14249 14257
f 8611 8610 14257
f 8610 8611 3442
f 3435 8610 3442
f 14191 3435 14199
f 14191 8690 8693
f 8690 14191 14199
f 8692 14198 8693
f 3318 3311 14084
f 3311 14078 14084
f 3311 3318 8768
f 8769 3311 8768
f 3311 8769 14085
f 14078 3311 14085
f 14142 3374 8688
f 8688 3374 14193
f 3374 8691 14193
f 3374 14142 8769
f 8846 8847 14025
f 3246 8846 14025
f 8847 8846 14086
f 8846 14080 14086
f 14080 8846 3250
f 8846 3246 3250
f 3252 14080 3250
f 3252 3257 14080
f 14020 3252 3250
f 3257 3252 14020
f 14018 3245 3248
f 3245 14018 14023
f 14018 8930 14023
f 9094 13838 9097
f 9095 9094 3120
f 13838 9094 9095
f 3056 13837 9174
f 13837 9096 9097
f 13837 2996 9174
f 13837 9097 2996
f 9016 13894 13953
f 13952 13894 9019
f 13894 13952 13953
f 13894 13886 9019
f 13894 3118 13886
f 13894 9099 3118
f 13894 9016 9099
f 13896 13889 3126
f 13889 13896 9015
f 9014 13896 3126
f 13896 9014 9015
f 13889 3128 9097
f 9094 3128 3120
f 3128 9094 9097
f 8933 13956 14017
f 3180 13956 9013
f 13956 13898 9013
f 13898 13956 9012
f 13956 8933 3181
f 9012 13956 3181
f 9093 3130 3121
f 3130 9012 3121
f 3130 13898 9012
f 3130 9093 9092
f 9095 3130 9092
f 3130 9095 3120
f 13898 3130 3120
f 14138 8773 8696
f 8851 14019 3243
f 8851 3243 14079
f 14081 8851 14079
f 14019 8851 3244
f 8851 14081 3244
f 3310 8850 3244
f 14081 3310 3244
f 8850 3310 14083
f 3310 14081 14139
f 4168 14907 7644
f 4116 4168 7644
f 4168 4116 14862
f 4114 7706 4059
f 7706 14813 4059
f 14861 7706 4114
f 14813 7706 4115
f 7706 14861 4115
f 14813 4060 7769
f 4060 14813 4115
f 4060 14763 7769
f 4060 7768 14763
f 3351 8793 3288
f 8793 3289 14061
f 3288 8793 14061
f 14122 3353 8791
f 3353 3354 8791
f 3354 3353 8714
f 8714 3353 14179
f 3353 8715 14179
f 8715 3353 8792
f 3353 14122 8792
f 8870 3226 14001
f 3226 8869 14001
f 14063 3226 8870
f 8869 3226 3292
f 3226 14063 3292
f 14599 7977 14656
f 3881 7977 14599
f 14598 7977 3880
f 3948 7977 14655
f 7977 3948 14656
f 7977 7978 14655
f 7977 14598 7978
f 3880 7977 8055
f 7977 3881 8055
f 8473 14359 3612
f 8473 3546 8474
f 14359 8473 8474
f 8473 3547 3546
f 3546 3547 8550
f 3547 14299 8550
f 3613 8472 8389
f 14360 8472 3613
f 8472 3547 8473
f 8472 14360 3548
f 8472 3612 8389
f 8472 8473 3612
f 14299 8472 3548
f 3547 8472 14299
f 3684 8215 14425
f 3684 8216 8215
f 8300 3684 14425
f 3683 3684 8300
f 8216 3684 3683
f 3750 14485 3749
f 8216 14485 3750
f 14485 8216 3683
f 14485 8217 3749
f 8217 14485 3683
f 14357 8393 3609
f 8476 14357 3609
f 8393 14357 3608
f 14357 8477 3608
f 14357 8476 8477
f 9922 13101 13133
f 9922 2386 13101
f 9922 13133 13134
f 9922 13134 13102
f 2386 9922 13102
f 2378 2379 9927
f 2381 2378 9927
f 2379 2378 9960
f 2378 2381 9960
f 2383 9926 13097
f 9926 2384 13097
f 13129 9926 9927
f 9926 2383 9927
f 9926 13129 13130
f 9925 9926 13130
f 2384 9926 9925
f 2406 2407 9896
f 2407 2412 9896
f 2407 2406 13126
f 2412 2407 13126
f 9929 2405 13126
f 2405 2412 13126
f 2405 9929 2411
f 2405 2411 9896
f 2412 2405 9896
f 2410 2409 13161
f 2409 2410 13126
f 2441 2442 9861
f 2441 9821 13198
f 2442 2441 13198
f 2437 2439 9821
f 2443 2437 9821
f 2437 9861 2439
f 2437 2443 9861
f 2670 13415 9617
f 2670 2713 13466
f 2713 2670 9617
f 9616 2670 13466
f 13415 2670 9616
f 9617 2628 2669
f 13415 2628 9617
f 2628 9662 2669
f 9662 2628 13368
f 2628 9661 13368
f 2628 2629 9661
f 2628 13415 2629
f 9706 2582 13322
f 2585 2582 9706
f 2582 2581 13322
f 2582 9662 2581
f 2582 2585 9662
f 2667 2623 13413
f 2626 2623 2667
f 2623 2626 9663
f 13839 9095 9092
f 13839 3065 9095
f 13830 13839 9092
f 3065 13839 13830
f 9184 2988 3049
f 2989 9184 3049
f 9259 9184 2929
f 2988 9184 9259
f 9184 13762 2929
f 9184 2989 13762
f 13836 9098 3056
f 9098 13837 3056
f 13837 9098 9096
f 9096 9098 3126
f 9098 3119 3126
f 3110 13823 9109
f 3110 9029 13883
f 13823 3110 9108
f 3110 9109 3109
f 9029 3110 3109
f 9028 3110 13883
f 3111 9028 13884
f 3110 3111 9108
f 3111 3110 9028
f 3112 3111 13884
f 3111 3112 9107
f 3049 3111 9107
f 9108 3111 3049
f 2818 13640 2873
f 9392 13640 2818
f 13640 9326 2873
f 9326 13640 9327
f 13640 9392 9327
f 13577 9392 2818
f 13577 9454 2765
f 9454 13577 2818
f 13790 9156 3003
f 9155 13790 3003
f 9156 13790 2943
f 13790 9231 2943
f 9008 3186 9009
f 3186 13957 9009
f 3186 9008 13961
f 8930 3186 13961
f 13957 3186 8930
f 3900 14612 14613
f 14612 3900 14611
f 14612 14611 7959
f 14612 14670 14613
f 14670 14612 7959
f 14439 3699 8198
f 8284 14439 8198
f 3699 14439 14438
f 14439 8285 14438
f 8285 14439 8369
f 14439 3630 8369
f 3630 14439 3637
f 14439 8284 3637
f 14983 7502 14989
f 14983 14980 7502
f 14980 14983 4247
f 14983 7555 4247
f 7555 14983 14989
f 7613 14891 14890
f 14891 7673 14890
f 4196 14891 7613
f 14891 14892 7672
f 14892 14891 7612
f 14891 4196 7612
f 14935 4196 7613
f 14935 7613 7614
f 14935 7556 14936
f 4196 14935 14936
f 7556 14935 4246
f 4246 14935 7557
f 14935 14934 7557
f 14935 7614 14934
f 14985 14981 7554
f 14981 14987 7554
f 14981 14985 7501
f 14987 14981 7501
f 14986 14989 7450
f 14990 14986 7450
f 14986 7555 14989
f 14986 14990 7555
f 14941 14943 7610
f 14943 14942 7610
f 14943 14941 7553
f 14942 14943 7553
f 8115 8114 3766
f 14559 8114 8115
f 8114 8113 3766
f 14560 14559 8033
f 8032 14560 8033
f 8114 14560 8113
f 14560 8114 14559
f 8111 14562 14563
f 8111 3769 14562
f 3769 8111 14506
f 8111 14563 8110
f 14506 8111 8110
f 8592 14277 3448
f 8592 14276 14277
f 14218 8592 3448
f 14276 8592 14218
f 14276 3510 8515
f 14333 3510 8516
f 3510 14333 8515
f 14273 8594 8595
f 8438 14392 14393
f 3706 8186 14451
f 14450 3706 14451
f 8187 3706 14450
f 8186 3706 14513
f 3706 8187 14513
f 7953 14618 3903
f 14618 8031 3903
f 8031 14618 14619
f 14619 14618 7952
f 14618 14675 7952
f 14675 14618 7953
f 15134 15176 7281
f 4067 14821 4122
f 14821 7697 4122
f 7697 14821 14820
f 14821 7761 14820
f 14821 4067 7761
f 4073 7691 14826
f 7691 4128 14826
f 7691 4073 14825
f 4128 7691 14874
f 7574 14919 4230
f 14919 4179 7575
f 4230 14919 7575
f 7418 4323 15008
f 7469 7418 15008
f 4323 7418 7372
f 7418 4322 7372
f 7470 15007 4278
f 7418 15007 4322
f 15007 7469 4278
f 15007 7418 7469
f 11174 1690 5647
f 1690 11135 5647
f 1690 11175 11135
f 5623 1690 11174
f 11175 1690 5623
f 5418 11596 1903
f 11576 5418 1903
f 5425 5418 11576
f 11596 5418 5412
f 5418 11595 5412
f 5423 1894 11577
f 1894 5423 11555
f 11554 1894 11555
f 5431 11554 11555
f 5431 5430 11531
f 5430 5431 11555
f 1882 5431 11531
f 11530 5431 1882
f 5432 5431 11530
f 11554 5431 5432
f 5536 5537 11366
f 5537 5536 1779
f 5535 5536 11366
f 5536 5535 1779
f 1758 11292 5558
f 11292 1758 5578
f 11292 1757 5558
f 11292 5578 1735
f 1757 11292 1735
f 5557 1758 11329
f 5557 5537 11330
f 5537 5557 11329
f 1758 5557 11293
f 5556 5557 11330
f 5557 5556 11293
f 5575 5555 11295
f 11295 5555 1760
f 5555 11331 1780
f 5555 5554 1760
f 5555 1780 5554
f 1759 5556 11331
f 5555 1759 11331
f 5556 1759 11293
f 1759 5575 11294
f 1759 5555 5575
f 5576 1759 11294
f 1759 5576 11293
f 5577 1736 11293
f 1736 5577 11255
f 1737 5577 11293
f 5577 1737 11255
f 1740 5573 11297
f 5573 1761 11297
f 5573 1740 11259
f 11258 5573 11259
f 1761 5573 11296
f 5573 11258 11296
f 11399 1818 5499
f 11398 1818 11399
f 1818 5500 5499
f 5500 1818 11398
f 11426 5486 1833
f 11426 5500 5486
f 5500 11426 5499
f 11426 11427 5499
f 5485 11426 1833
f 11427 11426 5485
f 5473 1832 5474
f 5486 5473 5472
f 5473 11454 5472
f 5460 1847 11481
f 1847 11454 11481
f 1847 5459 11455
f 5472 1847 11455
f 11454 1847 5472
f 5459 1847 11482
f 1847 5460 11482
f 3267 8822 14111
f 14051 8822 3267
f 14111 8822 3329
f 3266 8822 14050
f 14110 8822 3266
f 3329 8822 14110
f 8822 8901 14050
f 8822 14051 8901
f 3514 14282 8510
f 3514 14340 8509
f 14340 3514 8510
f 14283 3514 8509
f 14282 3514 14283
f 3648 14411 8344
f 3518 14344 8504
f 14344 3518 8505
f 14344 14348 8504
f 14348 14344 3582
f 3582 8423 8424
f 8423 8339 8424
f 8426 14411 3648
f 14411 8426 8425
f 8426 8423 3582
f 14344 8426 3582
f 8345 14402 8429
f 8345 14400 3645
f 8259 8345 3645
f 8428 8345 8429
f 8345 8428 14400
f 8429 14405 8427
f 14402 14405 8429
f 14405 8343 8427
f 14405 3646 8343
f 14405 3650 3646
f 14405 14402 3650
f 8506 3516 8507
f 3516 8506 14285
f 8507 3516 14284
f 14284 3516 8584
f 3516 14285 8584
f 8826 14107 3326
f 3263 14107 8826
f 14107 8748 3326
f 8748 14107 14106
f 14107 3263 14106
f 14269 8598 3443
f 8598 14269 14270
f 8598 14212 3443
f 14212 8598 14270
f 14271 8597 14270
f 8597 14213 8677
f 14212 8597 8677
f 8597 14212 14270
f 3383 8675 14157
f 8675 3384 14157
f 8359 8274 8273
f 14105 3325 14106
f 3325 8749 14106
f 8750 3325 14105
f 8671 3386 14161
f 3386 8750 14161
f 14163 3387 14221
f 3387 14163 8749
f 14221 3449 8590
f 3449 14278 8590
f 14278 3449 8591
f 3449 14220 8591
f 3323 14102 14101
f 8830 14102 14103
f 14102 8752 14103
f 8752 14102 3323
f 14516 8184 14515
f 3775 14516 14515
f 14517 3775 8101
f 14517 8101 8100
f 14517 14516 3775
f 14517 8100 3776
f 3708 14517 8182
f 14517 14518 8182
f 14518 14517 3776
f 4692 4691 7043
f 7042 4692 7043
f 4691 4692 4668
f 4692 11867 4668
f 4696 7042 4697
f 11867 4696 4697
f 4719 7024 11929
f 7024 4719 11897
f 4719 11898 11897
f 5413 11595 1902
f 5413 1902 11594
f 1910 5413 11594
f 5413 1910 11614
f 1910 11613 5409
f 11613 1910 5414
f 5409 11613 1909
f 11613 5415 1909
f 11613 5414 5415
f 7544 11641 1920
f 11641 7597 1920
f 11641 1927 7543
f 1927 11641 7544
f 11641 7543 1921
f 7597 11641 1921
f 1914 11626 7595
f 11626 7596 7595
f 11626 1914 7654
f 1913 11626 7654
f 11626 1913 7596
f 4300 7443 11665
f 4300 7494 7443
f 11666 4300 11665
f 7494 4300 7493
f 7723 7787 11581
f 7723 11582 7787
f 4096 7723 11581
f 7723 4096 11601
f 11582 7723 4097
f 7723 11602 4097
f 11602 7723 11601
f 11580 4039 7725
f 11580 7724 7788
f 4039 11580 7788
f 11600 4095 7664
f 11599 4095 7725
f 4095 11599 7664
f 4095 11580 7725
f 4095 11600 7724
f 11580 4095 7724
f 1928 11656 7490
f 7542 1928 7490
f 1928 7543 11656
f 7543 1928 11642
f 1928 7542 11642
f 11965 2153 6984
f 11965 7001 2153
f 7001 11965 2154
f 2154 11965 6983
f 11965 3 6983
f 11965 6984 3
f 1993 1984 11735
f 1984 1994 5377
f 11735 1984 5377
f 1989 1990 7193
f 1988 1989 7193
f 1990 1989 11753
f 1989 1988 11753
f 5389 1958 1957
f 1957 1958 11697
f 1958 1959 11697
f 11721 5389 1965
f 11721 11722 5389
f 11721 1965 5390
f 11722 11721 5383
f 11720 11721 5390
f 5384 11721 11720
f 5383 11721 1969
f 11721 5384 1969
f 5384 1971 1969
f 1969 1971 11737
f 14509 8190 14508
f 8190 14509 3704
f 14447 8190 3704
f 8190 14447 14446
f 3703 8190 14446
f 8190 8191 14508
f 8191 8190 3703
f 14565 3837 8109
f 3837 8108 3771
f 3837 14566 8108
f 3837 3771 14508
f 8109 3837 14508
f 3837 14565 8027
f 14566 3837 8027
f 8197 14502 14503
f 3700 8197 14503
f 14502 8197 8196
f 8197 14440 8196
f 8197 3700 14440
f 9162 9159 13777
f 13785 9162 13777
f 9159 9162 3001
f 9162 3062 3001
f 3062 9162 13846
f 9162 9161 13846
f 9162 13785 9161
f 3382 8756 14154
f 3382 14212 8677
f 14212 3382 14154
f 8756 3321 14098
f 14099 3321 8755
f 3321 14099 8834
f 14098 3321 8834
f 14213 14155 8677
f 14155 3382 8677
f 3382 14155 8756
f 8676 14155 14213
f 3321 14155 8755
f 14155 3321 8756
f 14159 3385 8752
f 8674 14159 14158
f 14159 8752 3323
f 14218 8673 14217
f 3385 8673 14218
f 14159 8673 3385
f 8673 14159 8674
f 8753 3323 14101
f 3322 8753 14101
f 8753 14159 3323
f 14159 8753 14158
f 8753 3322 8754
f 3384 8753 8754
f 14158 8753 3384
f 3462 11312 8655
f 11312 3398 8655
f 11312 3400 3398
f 8654 11275 3400
f 11312 8654 3400
f 8654 11312 3463
f 8654 3463 11313
f 3401 8654 11313
f 8654 3401 11275
f 3526 11348 8497
f 11348 8576 3525
f 11348 3526 11349
f 8498 11348 3525
f 8497 11348 8498
f 11411 8411 8412
f 11410 11411 8412
f 11411 11410 3658
f 11412 11411 8326
f 11411 11412 8411
f 3591 8413 8412
f 8413 11410 8412
f 11381 8413 3591
f 11410 8413 3657
f 3791 8075 11468
f 11467 3791 11468
f 3791 8076 8075
f 3791 3790 8076
f 3791 11467 3790
f 3724 11440 8241
f 11440 3724 8240
f 8411 3592 8412
f 3592 11383 8412
f 3592 8411 11384
f 11383 8493 3529
f 8493 1788 3529
f 8493 3592 11384
f 3592 8493 11383
f 3656 8243 8329
f 11409 3656 8329
f 8244 3656 8330
f 8243 3656 8244
f 3656 11408 8330
f 3589 11380 8497
f 11380 3526 8497
f 11380 8496 3526
f 11464 3789 11465
f 3789 11464 8079
f 11464 3721 3788
f 8079 11464 3788
f 8159 3723 11438
f 3723 3724 11439
f 11416 8236 8321
f 11444 8236 1824
f 8153 11444 1838
f 8236 11444 8152
f 11444 8153 11471
f 8152 11444 11471
f 8407 1808 8408
f 8408 1808 11386
f 1808 8490 11386
f 1809 11388 8489
f 8323 8408 11414
f 1823 8323 11414
f 11385 8492 1806
f 1806 8492 11384
f 8492 11385 8491
f 1788 8492 8491
f 8492 8493 11384
f 8493 8492 1788
f 11306 11307 3460
f 11307 11306 11308
f 3460 11307 8579
f 11307 11308 8579
f 6419 945 10347
f 945 6440 10347
f 945 6419 973
f 945 10348 6439
f 6440 945 6439
f 6420 944 10346
f 944 6441 10346
f 944 6420 972
f 10347 944 972
f 6441 944 10347
f 943 6442 10345
f 6421 943 10345
f 6442 943 10346
f 10346 943 971
f 943 6421 971
f 10329 6454 926
f 6454 10329 927
f 926 6454 10314
f 6454 927 10314
f 1556 10981 5787
f 10981 1556 5759
f 10980 1556 5787
f 1556 10980 5759
f 11011 11048 1581
f 9203 11048 11011
f 11048 9203 9126
f 1609 11048 9126
f 11049 9125 1636
f 9125 1609 1636
f 9125 11049 1581
f 11048 9125 1581
f 9125 11048 1609
f 5762 5790 1553
f 1553 5790 9343
f 5790 1554 5819
f 9343 5790 5820
f 5790 1526 5820
f 10947 5790 5819
f 1526 5790 10947
f 760 15494 788
f 762 15494 760
f 15494 6629 788
f 15494 761 6629
f 15494 762 761
f 681 680 708
f 680 6740 708
f 647 6765 15455
f 6765 647 654
f 6765 671 15455
f 651 6765 654
f 15456 682 6738
f 15456 6738 6711
f 682 15456 6764
f 15456 6711 710
f 6737 15456 710
f 6764 15456 6763
f 6763 15456 683
f 15456 6737 683
f 15386 7066 4664
f 15384 15386 4664
f 15386 15387 7066
f 15386 4689 15387
f 15386 15384 4689
f 4700 4699 15391
f 4699 4701 15391
f 4699 4700 7031
f 4701 4699 7031
f 14865 4119 7701
f 14865 7641 14866
f 4119 14865 14866
f 14910 14909 7585
f 7586 14909 4170
f 14909 7586 7585
f 9123 3027 3031
f 3027 9123 3029
f 3031 3027 2972
f 3027 3029 2972
f 2711 9571 9618
f 9571 13465 9618
f 9571 2712 13465
f 2712 9571 13517
f 9571 9519 13517
f 9571 2711 9519
f 3596 3597 8318
f 3597 3596 8487
f 14533 3800 8148
f 3800 14533 8067
f 3801 14534 3797
f 14534 3801 3795
f 14654 3945 3946
f 7979 14654 3946
f 3945 14654 7980
f 14654 7979 7980
f 3746 8220 14482
f 14483 8220 3746
f 8220 3679 14482
f 14422 8220 8304
f 3679 8220 14422
f 14477 3737 3738
f 8227 14477 3738
f 8228 14477 8227
f 3737 14477 8228
f 3939 14650 7986
f 14650 7985 7986
f 14650 3939 3940
f 7985 14650 3940
f 7912 3934 3929
f 3934 7912 3938
f 3929 3934 14649
f 3934 3938 14649
f 3733 3728 8148
f 3728 3727 8148
f 3728 3733 8232
f 3726 8149 8148
f 3727 3726 8148
f 8149 3726 3732
f 14130 8703 14187
f 3365 8703 14130
f 8703 3427 14187
f 8703 8704 3427
f 8703 3365 14129
f 8704 8703 14129
f 3363 3364 8781
f 8704 3364 3363
f 3364 14129 8781
f 3364 8704 14129
f 3237 8859 14008
f 8860 3237 14008
f 3237 14070 8859
f 3237 8860 14070
f 8612 8610 3435
f 8612 8613 14256
f 8612 14198 8613
f 14198 8612 8693
f 8612 14191 8693
f 14191 8612 3435
f 14198 3434 8613
f 3434 8614 8613
f 3434 14197 8614
f 14140 3373 8693
f 3373 8692 8693
f 14141 14134 8768
f 14134 8769 8768
f 8690 14134 14141
f 14024 14018 3248
f 14024 14014 8930
f 14018 14024 8930
f 13897 13889 9013
f 13897 3128 13889
f 3128 13897 3120
f 13897 13898 3120
f 13898 13897 9013
f 13956 8934 14017
f 8934 13956 3180
f 8934 14016 14017
f 8934 13955 14016
f 8934 3180 13955
f 8695 14197 14139
f 14197 8695 8614
f 14138 3309 8773
f 3309 14079 14077
f 8773 3309 14077
f 8771 14140 14083
f 3310 8771 14083
f 8771 3310 14139
f 8771 3373 14140
f 7645 4168 14862
f 7645 7646 4167
f 7645 14862 7646
f 14907 7645 4167
f 4168 7645 14907
f 7705 4061 7768
f 4060 7705 7768
f 7705 4060 4115
f 14862 7705 4115
f 4116 7705 14862
f 4061 7705 14814
f 7705 4116 14814
f 14121 8793 3351
f 14121 8716 3352
f 14121 3351 8716
f 8793 14121 3289
f 14121 8792 3289
f 8792 14121 3352
f 2406 2408 13126
f 2408 2409 13126
f 2408 2406 13161
f 2409 2408 13161
f 2443 2438 9861
f 2438 2441 9861
f 2438 2443 9821
f 2441 2438 9821
f 2624 2616 13413
f 2623 2624 13413
f 2624 9663 2616
f 2624 2623 9663
f 13895 9098 13836
f 9016 13895 9099
f 13895 13836 9099
f 9098 13895 3119
f 13895 9016 9017
f 9014 13895 9017
f 3119 13895 9014
f 9512 9455 2765
f 9455 13577 2765
f 9455 9512 13576
f 13577 9455 9392
f 9455 13576 9393
f 9392 9455 9393
f 13790 13791 9231
f 13791 13790 9155
f 9231 13791 2944
f 13791 3004 2944
f 13791 9155 3004
f 4143 7672 14843
f 4143 14891 7672
f 7673 4143 14843
f 14891 4143 7673
f 3834 14561 8113
f 14560 3834 8113
f 3834 8032 14561
f 3834 14560 8032
f 3574 8438 8437
f 3574 14333 8438
f 14334 3574 8437
f 8515 3574 14334
f 14333 3574 8515
f 14275 14274 8516
f 3510 14275 8516
f 14275 3510 14276
f 3509 14273 8517
f 14274 3509 8516
f 8594 3509 14274
f 14273 3509 8594
f 14272 14273 8595
f 8357 14452 8271
f 14453 3639 8271
f 3639 14453 8356
f 3639 8357 8271
f 8357 3639 14392
f 14393 3639 8356
f 14392 3639 14393
f 15173 15170 4496
f 15170 15173 15134
f 15177 15175 7281
f 15176 15177 7281
f 15175 15177 4496
f 15177 15176 4496
f 7692 4127 14825
f 4127 7691 14825
f 7691 4127 14874
f 14874 4127 7632
f 4127 7692 14873
f 7632 4127 14873
f 4180 14919 7574
f 4180 7574 4181
f 7631 4180 4181
f 14919 4180 4179
f 15007 7419 4322
f 15048 7419 4321
f 4322 7419 15048
f 7419 7470 4321
f 7419 15007 7470
f 11595 11575 5419
f 5418 11575 11595
f 5419 11575 5426
f 11575 5418 5425
f 5426 11575 1892
f 11575 5425 1892
f 5424 1894 11554
f 11576 5424 1893
f 11577 5424 11576
f 1894 5424 11577
f 5424 11553 1893
f 5424 11554 11553
f 5487 5486 11425
f 5487 5473 5486
f 1832 5487 11425
f 5473 5487 1832
f 14406 14409 8344
f 14411 14406 8344
f 14406 8425 14409
f 14406 14411 8425
f 3581 14344 8505
f 14343 3581 8505
f 8426 3581 8425
f 3581 8426 14344
f 3581 14343 8427
f 8425 3581 8427
f 8342 14412 8341
f 14412 3648 8341
f 14412 8426 3648
f 8426 14412 8423
f 14412 8342 8339
f 8423 14412 8339
f 14402 8346 3650
f 8345 8346 14402
f 3650 8346 8260
f 8260 8346 8259
f 8346 8345 8259
f 8597 3445 14213
f 3445 8597 14271
f 3445 8676 14213
f 14156 8676 3383
f 14156 8754 8755
f 14156 3383 8754
f 14155 14156 8755
f 14156 14155 8676
f 14389 8359 8441
f 14389 8442 8360
f 14389 8441 8442
f 14389 8360 8274
f 8359 14389 8274
f 14451 3638 8273
f 3638 8359 8273
f 3572 14330 8441
f 14162 3387 8749
f 3325 14162 8749
f 14220 14162 8671
f 14162 3386 8671
f 14162 3325 8750
f 3386 14162 8750
f 8670 3449 14221
f 3449 8670 14220
f 3387 8670 14221
f 8670 14162 14220
f 14162 8670 3387
f 8831 3260 14101
f 14102 8831 14101
f 8831 14102 8830
f 14042 8831 8830
f 3260 8831 14042
f 8183 14517 3708
f 14517 8183 14516
f 14516 8183 8184
f 8184 8183 14454
f 8183 3708 14454
f 4696 4694 7042
f 4694 4696 11867
f 7023 4719 11929
f 4719 7023 11898
f 7023 4741 11930
f 7023 11929 4741
f 7022 7023 11930
f 7023 7022 11899
f 11898 7023 11899
f 1911 5413 11614
f 11615 1911 5407
f 1911 11614 5407
f 1911 11615 5412
f 11595 1911 5412
f 5413 1911 11595
f 7442 11666 7441
f 7442 4300 11666
f 7493 7442 7441
f 4300 7442 7493
f 5368 1993 2011
f 5368 1984 1993
f 11709 1958 5389
f 1958 11709 1959
f 11709 5389 1967
f 1959 11709 1967
f 1978 5384 1970
f 1978 1971 5384
f 1978 1970 5376
f 1978 5376 11737
f 1971 1978 11737
f 3463 8575 11349
f 8575 11348 11349
f 11312 8575 3463
f 8575 11312 3462
f 8575 3462 8576
f 11348 8575 8576
f 11411 8327 8326
f 8327 11411 3658
f 8327 8240 8326
f 8327 11440 8240
f 8327 3658 8241
f 11440 8327 8241
f 8496 3590 11381
f 11380 3590 8496
f 3590 8413 11381
f 8160 11437 3721
f 11464 8160 3721
f 8160 11464 11465
f 8158 8159 11466
f 8158 3723 8159
f 8158 11466 8157
f 3724 8158 8157
f 3723 8158 3724
f 3723 8242 11438
f 8242 3723 11439
f 11438 8242 3657
f 8242 8328 3657
f 8242 11439 8328
f 8236 8322 1824
f 11416 8322 8236
f 8322 8407 1824
f 8322 11416 8407
f 1790 11387 8489
f 11387 1808 8407
f 8490 11387 1790
f 1808 11387 8490
f 11387 1809 8489
f 1809 11387 8407
f 11416 8406 8407
f 8406 1809 8407
f 8406 8321 1825
f 8406 11416 8321
f 11417 8406 1825
f 8406 11417 5509
f 1809 8406 11388
f 1810 8406 5509
f 11388 8406 1810
f 8323 11415 8408
f 11415 8323 1824
f 11415 8407 8408
f 8407 11415 1824
f 8237 11444 1824
f 8323 8237 1824
f 8237 11443 1838
f 11444 8237 1838
f 8237 1823 11443
f 8237 8323 1823
f 1554 10978 5762
f 10978 5790 5762
f 5790 10978 1554
f 671 6739 15455
f 6739 15464 709
f 6738 6739 709
f 6739 6738 15455
f 6739 681 708
f 15464 6739 708
f 6741 675 673
f 6765 652 650
f 652 6765 651
f 650 652 15446
f 652 651 15446
f 3594 3593 8487
f 3593 3594 8318
f 3860 3861 8066
f 3861 3860 14591
f 3865 3860 8066
f 14591 3860 3865
f 3867 14591 3862
f 3867 3861 14591
f 3867 3862 8066
f 3861 3867 8066
f 3793 3794 8148
f 3800 3793 8148
f 3794 3793 8067
f 3793 3800 8067
f 3734 8147 3797
f 8147 3801 3797
f 3801 8147 3795
f 3729 8147 3734
f 3795 8147 3729
f 3680 14483 8219
f 3680 8220 14483
f 3680 14423 8303
f 14423 3680 8219
f 8304 3680 8303
f 8220 3680 8304
f 14474 3726 3727
f 14474 3728 8232
f 3728 14474 3727
f 3666 14474 8232
f 14474 3666 8233
f 3732 14474 8233
f 3726 14474 3732
f 8694 3434 14198
f 3434 8694 14197
f 8692 8694 14198
f 3373 8694 8692
f 14197 8694 14139
f 8694 8771 14139
f 8771 8694 3373
f 3381 3374 8769
f 14134 3381 8769
f 3374 3381 8691
f 3381 8690 8691
f 3381 14134 8690
f 3372 8695 14139
f 8614 14196 3433
f 8695 14196 8614
f 14196 8696 3433
f 14196 14138 8696
f 14196 3372 14138
f 3372 14196 8695
f 8772 3309 14138
f 14081 8772 14139
f 8772 14081 14079
f 3309 8772 14079
f 8772 3372 14139
f 3372 8772 14138
f 3447 14217 14216
f 8594 3447 14216
f 3447 8594 14274
f 14275 3447 14274
f 8676 14214 3383
f 14214 8675 3383
f 3509 14332 8516
f 14332 3509 8517
f 14332 14333 8516
f 14333 14332 8438
f 14332 3573 8438
f 14331 14330 3572
f 14331 14332 8517
f 14332 14331 3573
f 15176 15172 4496
f 15172 15173 4496
f 15172 15176 15134
f 15173 15172 15134
f 8359 14390 8441
f 3638 14390 8359
f 14390 3572 8441
f 14272 8518 14273
f 14273 8518 8517
f 8518 14331 8517
f 14331 8518 14330
f 8441 14329 3571
f 14330 14329 8441
f 3571 14329 14328
f 4693 4694 11867
f 4694 4693 7042
f 1984 11754 1994
f 5368 11754 1984
f 11754 1987 1994
f 1987 11754 11776
f 11754 2011 11776
f 11754 5368 2011
f 8415 3590 11380
f 8415 11380 3589
f 8415 3589 11408
f 3656 8415 11408
f 8415 3656 11409
f 8159 3722 11465
f 3722 8160 11465
f 8243 3722 11438
f 3722 8159 11438
f 3722 8243 11437
f 8160 3722 11437
f 6766 680 681
f 672 6766 681
f 675 6766 673
f 6740 15453 6741
f 15453 675 6741
f 4171 14909 14910
f 4171 7642 14909
f 4171 14910 7641
f 14865 4171 7641
f 7642 4171 14865
f 4118 7701 7702
f 4118 14865 7701
f 14815 4118 7702
f 7703 4118 14815
f 14909 7643 4170
f 7642 7643 14909
f 4117 7643 7703
f 7643 4117 14863
f 4169 7643 14863
f 7643 4169 14908
f 4170 7643 14908
f 3595 3597 8487
f 3593 3595 8487
f 3597 3595 8318
f 3595 3593 8318
f 3447 8593 14217
f 8593 3447 14275
f 8593 14218 14217
f 8593 14276 14218
f 8593 14275 14276
f 8596 3445 14271
f 3445 8596 8676
f 8596 14214 8676
f 3446 14272 8595
f 3446 8596 14272
f 8596 3446 14214
f 8272 3638 14451
f 8272 8358 3638
f 8272 14451 14452
f 8357 8272 14452
f 14331 8439 3573
f 8439 8357 14392
f 8439 14392 8438
f 3573 8439 8438
f 8358 8440 3638
f 8440 14390 3638
f 14390 8440 3572
f 8440 14331 3572
f 8440 8439 14331
f 8518 8519 14330
f 8519 14329 14330
f 8520 8519 14271
f 8519 8520 14328
f 14329 8519 14328
f 4695 4692 7042
f 4693 4695 7042
f 4692 4695 11867
f 4695 4693 11867
f 8414 8415 11409
f 8415 8414 3590
f 8414 11409 3657
f 8413 8414 3657
f 3590 8414 8413
f 15454 6739 671
f 6739 15454 681
f 15454 672 681
f 15454 670 672
f 649 6766 672
f 670 649 672
f 649 15446 6790
f 14864 7643 7642
f 14864 7642 14865
f 4118 14864 14865
f 14864 4118 7703
f 7643 14864 7703
f 14214 14215 8675
f 3446 14215 14214
f 14215 8674 3384
f 8675 14215 3384
f 8674 14215 14216
f 14391 8440 8358
f 14391 8272 8357
f 8272 14391 8358
f 8439 14391 8357
f 8440 14391 8439
f 3508 8518 14272
f 3508 8519 8518
f 8519 3508 14271
f 3508 8596 14271
f 8596 3508 14272
f 674 15454 671
f 15454 674 670
f 674 649 670
f 648 649 6790
f 649 648 6766
f 673 648 6790
f 6766 648 673
f 676 6766 675
f 676 677 6766
f 15453 676 675
f 676 15453 6740
f 677 676 6740
f 680 678 6740
f 678 677 6740
f 6766 678 680
f 677 678 6766
f 674 653 649
f 653 650 15446
f 649 653 15446
f 653 674 671
f 653 6765 650
f 6765 653 671
f 5110 5109 12218
f 5109 5110 128
f 12893 10169 10170
f 12893 10170 12892
f 13399 9633 13400
f 9633 9632 13400
f 4575 7177 4574
f 4574 7177 7178
f 4340 7398 11661
f 11672 4340 11661
f 6539 6540 12751
f 12752 6539 12751
f 9836 9875 9874
f 9875 9836 9837
f 9683 13344 9684
f 13344 9683 13345
f 7371 4367 7370
f 7370 4367 4368
f 1747 11267 11266
f 1747 11266 1746
f 5079 12247 12246
f 12247 5079 5078
f 15438 586 15432
f 586 15438 6832
f 4599 4623 7132
f 4623 4599 4598
f 3098 9040 9039
f 3099 3098 9039
f 5241 12009 5240
f 12009 5241 12008
f 10275 10267 10265
f 10267 10275 10276
f 10799 10798 5975
f 5974 10799 5975
f 475 6944 473
f 6944 475 6942
f 8294 8293 3623
f 8293 8379 3623
f 2440 2446 13160
f 2440 13160 13159
f 13048 10040 13033
f 10040 13048 13049
f 8837 14095 14096
f 8837 14096 8836
f 985 10387 987
f 10387 6381 987
f 12641 12688 369
f 12639 12641 369
f 15368 4665 7088
f 15368 7088 15367
f 4442 7299 7298
f 4443 4442 7298
f 8106 14512 14511
f 14512 8106 8105
f 5475 11451 11452
f 11451 5475 5476
f 11453 5475 11452
f 5475 11453 5474
f 8260 14469 14467
f 14469 8260 8259
f 11999 6985 6986
f 11998 11999 6986
f 3587 8419 8418
f 8419 3587 3586
f 12638 12683 12642
f 12683 12638 12681
f 12638 12636 12681
f 12636 12682 12681
f 13569 2808 2750
f 2751 13569 2750
f 8231 14415 8315
f 14415 8231 3668
f 8309 8310 3673
f 8309 3673 3674
f 9779 13242 13241
f 9779 13241 9780
f 4380 15103 15061
f 4380 15104 15103
f 5485 5472 5471
f 5472 5485 1833
f 8087 3781 8089
f 3781 8087 3782
f 14047 8905 14046
f 8905 8906 14046
f 11538 7927 11537
f 7927 11538 7926
f 3587 11377 3586
f 11377 11376 3586
f 2809 2757 2756
f 2757 2809 13570
f 14559 14558 8034
f 8033 14559 8034
f 14343 8506 14342
f 8506 8507 14342
f 3737 8144 8143
f 3738 3737 8143
f 11453 5473 5474
f 11454 5473 11453
f 8673 8674 14216
f 14217 8673 14216
f 6418 945 973
f 945 6418 10348
f 8610 8612 14249
f 14249 8612 14256
f 14014 14024 3255
f 3255 14024 3248
f 4180 7631 7632
f 4180 7632 4179
f 8594 14215 8595
f 14215 8594 14216
f 14215 3446 8595
