ply
format ascii 1.0
element vertex 15529
property float x
property float y
property float z
element face 30544
property list uchar int vertex_indices
end_header
-6.4252 -3.9131 5.9200
-6.4252 -4.2131 5.9200
-6.4152 -4.5031 5.8700
-6.4152 -4.7331 5.8900
-6.4152 -4.9831 5.8700
-6.4152 -5.3031 5.8800
-6.4152 -5.5931 5.8400
-6.4052 -5.8331 5.8300
-6.4052 -6.0931 5.8300
-6.4052 -6.3731 5.8400
-6.4052 -6.6631 5.8300
-6.4052 -6.8931 5.8100
-6.3952 -7.1931 5.7800
-6.3952 -7.4831 5.8000
-6.3952 -7.7631 5.8100
-6.3952 -8.0231 5.8000
-6.3852 -8.3231 5.7700
-6.3852 -8.6131 5.7800
-6.3852 -8.8731 5.7300
-6.3852 -9.1431 5.7100
-6.3852 -9.3731 5.7300
-6.7552 -3.9931 5.8800
-6.7552 -4.2431 5.9000
-6.7552 -4.5231 5.8800
-6.7452 -4.7731 5.8600
-6.7452 -5.0631 5.8700
-6.7452 -5.3531 5.8500
-6.7452 -5.6231 5.8600
-6.7452 -5.8931 5.8400
-6.7352 -6.1931 5.8500
-6.7352 -6.4631 5.8400
-6.7352 -6.7331 5.8200
-6.7352 -6.9631 5.8200
-6.7252 -7.2431 5.8200
-6.7252 -7.5031 5.8100
-6.7252 -7.7631 5.8100
-6.7252 -8.0231 5.8000
-6.7252 -8.2931 5.7800
-6.7152 -8.5431 5.7900
-6.7152 -8.8131 5.7800
-6.7152 -9.0631 5.7600
-6.7152 -9.3631 5.7300
-6.7052 -9.6731 5.6800
-7.0252 -4.1931 5.8900
-7.0252 -4.4731 5.9100
-7.0252 -4.7431 5.9000
-7.0252 -5.0031 5.8800
-7.0252 -5.2531 5.8800
-7.0152 -5.5231 5.8600
-7.0152 -5.7731 5.8800
-7.0152 -6.0131 5.8500
-7.0152 -6.3031 5.8500
-7.0052 -6.5631 5.8400
-7.0052 -6.8231 5.8300
-7.0052 -7.0731 5.8200
-7.0052 -7.3331 5.8200
-7.0052 -7.6231 5.8000
-6.9952 -7.9031 5.7900
-6.9952 -8.1631 5.8100
-6.9952 -8.4131 5.7600
-6.9952 -8.6631 5.7900
-6.9952 -8.9431 5.8000
-6.9852 -9.2131 5.7700
-6.9852 -9.4931 5.7700
-6.9852 -9.7631 5.7200
-7.1952 -4.1331 5.9300
-7.1852 -4.3931 5.9000
-7.1852 -4.6631 5.8900
-7.1852 -4.9131 5.8800
-7.1852 -5.1631 5.8900
-7.1752 -5.4631 5.8800
-7.1752 -5.7431 5.8700
-7.1752 -5.9931 5.8700
-7.1752 -6.2631 5.8500
-7.1752 -6.4931 5.8600
-7.1652 -6.7831 5.8600
-7.1652 -7.0531 5.8300
-7.1652 -7.3131 5.8200
-7.1652 -7.5931 5.8000
-7.1552 -7.8431 5.8100
-7.1552 -8.1331 5.7900
-7.1552 -8.4131 5.7900
-7.1552 -8.6931 5.7700
-7.1552 -8.9831 5.7800
-7.1452 -9.2431 5.7600
-7.1452 -9.5231 5.7600
-7.1452 -9.7831 5.7200
-7.3452 -3.9931 5.9400
-7.3452 -4.2731 5.9300
-7.3452 -4.5331 5.9100
-7.3352 -4.7631 5.9100
-7.3352 -5.0531 5.8900
-7.3352 -5.3431 5.8900
-7.3352 -5.5831 5.8900
-7.3252 -5.8731 5.8600
-7.3252 -6.1231 5.8600
-7.3252 -6.3931 5.8800
-7.3252 -6.6731 5.8500
-7.3252 -6.9431 5.8500
-7.3152 -7.2231 5.8400
-7.3152 -7.5031 5.8400
-7.3152 -7.7831 5.8100
-7.3152 -8.0631 5.8000
-7.3052 -8.3231 5.7800
-7.3052 -8.5831 5.7800
-7.3052 -8.8531 5.7800
-7.3052 -9.1231 5.7800
-7.3052 -9.3831 5.7900
-7.2952 -9.6831 5.7500
-7.2952 -9.9631 5.7200
-7.5852 -4.1431 5.9500
-7.5852 -4.4231 5.9200
-7.5852 -4.6931 5.9200
-7.5852 -4.9731 5.9000
-7.5852 -5.2631 5.8800
-7.5752 -5.5331 5.9000
-7.5752 -5.7731 5.9000
-7.5752 -6.0731 5.8700
-7.5752 -6.3231 5.8600
-7.5652 -6.5931 5.8700
-7.5652 -6.8531 5.8400
-7.5652 -7.1131 5.8500
-7.5652 -7.4031 5.8300
-7.5652 -7.6931 5.8400
-7.5552 -7.9631 5.8300
-7.5552 -8.2231 5.7900
-7.5552 -8.4931 5.8200
-7.5552 -8.7531 5.8100
-7.5452 -9.0231 5.7800
-7.5452 -9.2831 5.7800
-7.5452 -9.5531 5.7800
-7.5452 -9.8431 5.7800
-7.8652 -3.9231 5.9500
-7.8652 -4.1831 5.9500
-7.8652 -4.4431 5.9500
-7.8552 -4.7131 5.9300
-7.8552 -4.9631 5.9200
-7.8552 -5.2331 5.9100
-7.8552 -5.5331 5.8900
-7.8552 -5.8131 5.8900
-7.8452 -6.0731 5.8900
-7.8452 -6.3331 5.8700
-7.8452 -6.6031 5.8700
-7.8452 -6.8731 5.8600
-7.8352 -7.1231 5.8800
-7.8352 -7.4231 5.8200
-7.8352 -7.6531 5.8300
-7.8352 -7.9431 5.8500
-7.8352 -8.2431 5.8100
-7.8252 -8.4731 5.8000
-7.8252 -8.7631 5.8100
-7.8252 -9.0631 5.8000
-7.8252 -9.3431 5.8000
-7.8152 -9.5831 5.7800
-7.8152 -9.8731 5.7600
-7.8152 -10.1731 5.7400
-8.1152 -3.9831 5.9400
-8.1152 -4.2331 5.9300
-8.1152 -4.4931 5.9300
-8.1152 -4.7731 5.9300
-8.1152 -5.0231 5.9300
-8.1052 -5.2731 5.9100
-8.1052 -5.5731 5.9000
-8.1052 -5.8331 5.8800
-8.1052 -6.1031 5.9000
-8.0952 -6.4031 5.8700
-8.0952 -6.6531 5.8800
-8.0952 -6.9331 5.8900
-8.0952 -7.2031 5.8700
-8.0852 -7.5031 5.8300
-8.0852 -7.7431 5.8500
-8.0852 -8.0331 5.8100
-8.0852 -8.3131 5.8300
-8.0852 -8.5731 5.8200
-8.0752 -8.8431 5.7900
-8.0752 -9.1131 5.8100
-8.0752 -9.3931 5.8000
-8.0752 -9.6531 5.8000
-8.0752 -9.9331 5.7700
-8.0652 -10.2131 5.7500
-8.3652 -4.1131 5.9600
-8.3652 -4.3831 5.9600
-8.3652 -4.6231 5.9500
-8.3652 -4.9131 5.9400
-8.3652 -5.1831 5.9300
-8.3552 -5.4831 5.9300
-8.3552 -5.7331 5.9200
-8.3552 -6.0131 5.9000
-8.3552 -6.3131 5.8700
-8.3552 -6.5631 5.8800
-8.3452 -6.8231 5.8600
-8.3452 -7.0931 5.8600
-8.3452 -7.3631 5.8700
-8.3452 -7.6431 5.8600
-8.3352 -7.9231 5.8500
-8.3352 -8.1631 5.8500
-8.3352 -8.4631 5.8200
-8.3352 -8.7431 5.7900
-8.3352 -9.0031 5.8100
-8.3252 -9.2731 5.7900
-8.3252 -9.5631 5.8000
-8.3252 -9.8431 5.8100
-8.3252 -10.1331 5.7800
-8.3152 -10.4231 5.7300
-8.3152 -10.6431 5.8300
-8.6252 -3.9631 5.9900
-8.6252 -4.2531 5.9400
-8.6252 -4.5231 5.9400
-8.6252 -4.7731 5.9300
-8.6252 -5.0331 5.9400
-8.6152 -5.3231 5.9300
-8.6152 -5.5831 5.9500
-8.6152 -5.8731 5.9100
-8.6152 -6.1231 5.8900
-8.6052 -6.4131 5.9100
-8.6052 -6.6831 5.8700
-8.6052 -6.9431 5.8700
-8.6052 -7.2431 5.8600
-8.6052 -7.5131 5.8800
-8.5952 -7.8131 5.8300
-8.5952 -8.0731 5.8500
-8.5952 -8.3331 5.8500
-8.5952 -8.6231 5.8400
-8.5852 -8.8831 5.8200
-8.5852 -9.1431 5.8200
-8.5852 -9.4031 5.7800
-8.5852 -9.6631 5.8100
-8.5852 -9.9331 5.7900
-8.5752 -10.1831 5.8100
-8.5752 -10.4631 5.7600
-8.5752 -10.6931 5.8000
-8.8452 -4.0731 5.9800
-8.8352 -4.3431 5.9700
-8.8352 -4.6231 5.9700
-8.8352 -4.8931 5.9500
-8.8352 -5.1631 5.9600
-8.8352 -5.4431 5.9500
-8.8252 -5.7231 5.9600
-8.8252 -6.0131 5.9200
-8.8252 -6.2931 5.8900
-8.8252 -6.5731 5.9000
-8.8152 -6.8331 5.9000
-8.8152 -7.1031 5.8900
-8.8152 -7.3631 5.8600
-8.8152 -7.6031 5.8700
-8.8152 -7.8831 5.8500
-8.8052 -8.1531 5.8400
-8.8052 -8.4031 5.8600
-8.8052 -8.6731 5.8200
-8.8052 -8.9331 5.8100
-8.7952 -9.1931 5.8300
-8.7952 -9.4731 5.7900
-8.7952 -9.7431 5.8100
-8.7952 -10.0131 5.7900
-8.7952 -10.2731 5.8100
-8.7852 -10.5131 5.8000
-8.7852 -10.8131 5.7600
-9.0352 -4.0631 5.9700
-9.0352 -4.3431 5.9700
-9.0352 -4.6231 5.9700
-9.0252 -4.8731 5.9400
-9.0252 -5.1231 5.9400
-9.0252 -5.3831 5.9500
-9.0252 -5.6431 5.9400
-9.0152 -5.9031 5.9500
-9.0152 -6.1931 5.9200
-9.0152 -6.4431 5.9100
-9.0152 -6.7031 5.9200
-9.0152 -6.9531 5.8900
-9.0052 -7.2231 5.8800
-9.0052 -7.4831 5.8700
-9.0052 -7.7931 5.8500
-9.0052 -8.0531 5.8500
-8.9952 -8.3031 5.8400
-8.9952 -8.5531 5.8400
-8.9952 -8.8531 5.8300
-8.9952 -9.1031 5.8100
-8.9952 -9.3931 5.7800
-8.9852 -9.6531 5.7900
-8.9852 -9.9031 5.8000
-8.9852 -10.1931 5.7900
-8.9852 -10.4531 5.7800
-8.9752 -10.7431 5.7700
-8.9752 -11.0331 5.7500
-9.2952 -4.1931 6.0000
-9.2952 -4.4231 6.0100
-9.2852 -4.6831 5.9700
-9.2852 -4.9531 5.9800
-9.2852 -5.2231 5.9500
-9.2852 -5.4931 5.9500
-9.2852 -5.7731 5.9400
-9.2752 -6.0431 5.9400
-9.2752 -6.3131 5.9200
-9.2752 -6.5531 5.9400
-9.2752 -6.8331 5.8900
-9.2752 -7.0931 5.8900
-9.2652 -7.3931 5.8800
-9.2652 -7.6431 5.9000
-9.2652 -7.9031 5.8500
-9.2652 -8.1631 5.8600
-9.2552 -8.4531 5.8600
-9.2552 -8.7631 5.8400
-9.2552 -9.0331 5.8400
-9.2552 -9.2931 5.8200
-9.2452 -9.5631 5.8000
-9.2452 -9.8431 5.8100
-9.2452 -10.0731 5.8400
-9.2452 -10.3231 5.8100
-9.2452 -10.6231 5.7900
-9.2352 -10.9131 5.8000
-9.2352 -11.2131 5.7600
-9.2352 -11.4731 5.7200
-9.6352 -4.1831 5.9800
-9.6352 -4.4231 5.9900
-9.6352 -4.6631 5.9900
-9.6352 -4.9631 5.9700
-9.6352 -5.2331 5.9600
-9.6252 -5.5131 5.9400
-9.6252 -5.7431 5.9500
-9.6252 -6.0131 5.9400
-9.6252 -6.3031 5.9200
-9.6252 -6.5831 5.9200
-9.6152 -6.8631 5.8900
-9.6152 -7.1531 5.9000
-9.6152 -7.4131 5.8900
-9.6152 -7.6931 5.8800
-9.6052 -7.9431 5.8800
-9.6052 -8.2031 5.8700
-9.6052 -8.4731 5.8600
-9.6052 -8.7531 5.8500
-9.6052 -9.0231 5.8500
-9.5952 -9.3131 5.8200
-9.5952 -9.5831 5.7800
-9.5952 -9.8231 5.8200
-9.5952 -10.1031 5.8200
-9.5852 -10.3531 5.8000
-9.5852 -10.6331 5.8100
-9.5852 -10.9231 5.7900
-9.5852 -11.1531 5.8200
-9.5852 -11.3631 5.9600
-9.5852 -11.4431 6.3700
-9.9152 -4.1431 6.0100
-9.9152 -4.4231 6.0100
-9.9052 -4.7231 5.9800
-9.9052 -4.9931 5.9600
-9.9052 -5.2731 5.9800
-9.9052 -5.5431 5.9500
-9.9052 -5.8231 5.9600
-9.8952 -6.0731 5.9400
-9.8952 -6.3231 5.9600
-9.8952 -6.5931 5.9500
-9.8952 -6.8631 5.9400
-9.8952 -7.1331 5.9000
-9.8852 -7.4331 5.9000
-9.8852 -7.6931 5.9000
-9.8852 -7.9631 5.8800
-9.8852 -8.2331 5.8700
-9.8752 -8.5031 5.8400
-9.8752 -8.7631 5.8500
-9.8752 -9.0431 5.8500
-9.8752 -9.2831 5.8500
-9.8752 -9.5731 5.8400
-9.8652 -9.8531 5.8300
-9.8652 -10.1231 5.8200
-9.8652 -10.4131 5.8300
-9.8652 -10.6731 5.8200
-9.8552 -10.9331 5.8600
-9.8552 -11.1231 6.0200
-9.8552 -11.2731 6.3100
-9.8552 -11.5131 6.3900
-10.0652 -4.0731 5.9900
-10.0652 -4.3231 6.0200
-10.0652 -4.5931 6.0000
-10.0552 -4.8331 5.9900
-10.0552 -5.1231 5.9800
-10.0552 -5.4031 5.9700
-10.0552 -5.6831 5.9800
-10.0552 -5.9431 5.9700
-10.0452 -6.2131 5.9400
-10.0452 -6.4831 5.9400
-10.0452 -6.7431 5.9400
-10.0452 -7.0231 5.9000
-10.0352 -7.3131 5.8700
-10.0352 -7.5531 5.8900
-10.0352 -7.8331 5.8800
-10.0352 -8.1231 5.8600
-10.0352 -8.3731 5.8600
-10.0252 -8.6431 5.8900
-10.0252 -8.9531 5.8300
-10.0252 -9.2131 5.8700
-10.0252 -9.4731 5.8400
-10.0152 -9.7431 5.8400
-10.0152 -10.0331 5.8500
-10.0152 -10.2931 5.8200
-10.0152 -10.5631 5.7900
-10.0152 -10.8131 5.8600
-10.0052 -10.9631 6.1900
-10.0052 -11.1231 6.3400
-10.0052 -11.4131 6.3600
-10.2152 -4.0931 6.0500
-10.2152 -4.3531 6.0200
-10.2152 -4.6231 6.0200
-10.2052 -4.8631 6.0000
-10.2052 -5.1431 6.0100
-10.2052 -5.4331 5.9900
-10.2052 -5.6731 5.9700
-10.2052 -5.9431 5.9400
-10.1952 -6.2631 5.9400
-10.1952 -6.5231 5.9400
-10.1952 -6.7731 5.9300
-10.1952 -7.0831 5.9200
-10.1852 -7.3731 5.9000
-10.1852 -7.6331 5.9100
-10.1852 -7.8931 5.9000
-10.1852 -8.1531 5.8900
-10.1852 -8.4531 5.8700
-10.1752 -8.7131 5.8600
-10.1752 -8.9831 5.8600
-10.1752 -9.2531 5.8500
-10.1752 -9.5331 5.8300
-10.1652 -9.8231 5.8300
-10.1652 -10.0831 5.8200
-10.1652 -10.3431 5.8300
-10.1652 -10.5931 5.8400
-10.1652 -10.7431 6.1600
-10.1652 -10.9531 6.3200
-10.1552 -11.1731 6.4200
-6.2552 6.9069 0.6500
-6.2552 6.9069 1.2500
-6.2552 6.9269 1.9400
-6.2652 7.4969 3.8400
-6.2552 6.8869 2.4300
-6.2552 7.2469 3.9200
-6.2552 7.0569 4.0200
-6.2552 6.8369 4.2000
-6.2552 6.6469 4.3900
-6.2552 6.4169 4.4800
-6.5152 7.2669 3.7700
-6.5152 7.0869 3.9300
-6.5152 6.8769 4.0200
-6.4352 -2.6831 0.2000
-6.4352 -2.7331 0.7300
-6.4352 -2.7131 1.3800
-6.4352 -2.2731 3.0000
-6.4352 -2.7531 1.9200
-6.4352 -2.3031 3.4700
-6.4352 -2.4431 3.7500
-6.4352 -2.6531 3.9200
-6.4352 -2.6531 4.5100
-6.4352 -2.4331 5.6200
-6.4352 -2.5631 5.9400
-6.4352 -2.6931 6.2400
-6.4352 -3.1031 5.9600
-6.4252 -3.3731 5.9800
-6.4252 -3.6631 5.9300
-6.7652 -2.2731 0.6100
-6.7652 -2.1931 1.3800
-6.7752 -1.8831 2.7500
-6.7652 -2.3731 1.6400
-6.7752 -1.9731 3.1100
-6.7752 -1.9931 3.7200
-6.7652 -2.2231 3.8100
-6.7752 -1.8331 5.3200
-6.7652 -2.4431 3.9300
-6.7752 -2.0031 5.5500
-6.7752 -2.1731 5.7800
-6.7652 -2.2431 6.2400
-6.7652 -2.5631 6.0800
-6.7652 -2.8831 5.9400
-6.7652 -3.1531 5.9500
-6.7652 -3.4331 5.9300
-6.7552 -3.7031 5.9300
-7.0452 -1.9631 0.4700
-7.0452 -1.9131 1.2600
-7.0452 -2.0731 1.5100
-7.0452 -1.6731 3.0600
-7.0452 -2.3231 1.5700
-7.0452 -1.6831 3.6200
-7.0452 -1.8631 3.8000
-7.0452 -1.6731 4.8400
-7.0452 -2.0931 3.8800
-7.0452 -1.6531 5.5200
-7.0452 -1.7731 5.7900
-7.0452 -1.8931 6.1500
-7.0452 -2.1731 6.1600
-7.0452 -2.5131 5.9800
-7.0452 -2.7831 5.9400
-7.0352 -3.0331 5.9700
-7.0352 -3.3431 5.9300
-7.0352 -3.6231 5.9300
-7.0352 -3.8931 5.9300
-7.2052 -1.8031 0.2700
-7.2052 -1.7831 0.9400
-7.2052 -1.8031 1.4800
-7.2152 -1.4131 3.0300
-7.2052 -2.0131 1.6600
-7.2152 -1.5331 3.3400
-7.2052 -2.2931 1.6200
-7.2052 -1.5731 3.8600
-7.2052 -1.6231 4.3400
-7.2152 -1.5431 5.1500
-7.2152 -1.5831 5.6900
-7.2152 -1.6631 6.1100
-7.2052 -1.9131 6.2100
-7.2052 -2.2931 6.0000
-7.2052 -2.5731 5.9900
-7.2052 -2.8131 5.9900
-7.1952 -3.0931 5.9400
-7.1952 -3.3431 5.9400
-7.1952 -3.5931 5.9600
-7.1952 -3.8731 5.9200
-7.3652 -1.5631 0.5700
-7.3652 -1.5631 1.1600
-7.3652 -1.1131 2.8600
-7.3652 -1.6031 1.7400
-7.3652 -1.3131 3.0200
-7.3652 -1.3931 3.4300
-7.3652 -1.3931 4.0700
-7.3652 -1.3931 4.7400
-7.3652 -1.3831 5.3900
-7.3652 -1.4731 5.7300
-7.3652 -1.5031 6.2200
-7.3652 -1.8131 6.1800
-7.3552 -2.1231 6.0500
-7.3552 -2.3931 5.9600
-7.3552 -2.6731 5.9900
-7.3552 -2.9331 5.9800
-7.3552 -3.2031 5.9500
-7.3452 -3.4531 5.9500
-7.3452 -3.7031 5.9200
-7.6052 -1.3731 0.3600
-7.6052 -1.3931 0.9100
-7.6152 -0.9031 2.6700
-7.6052 -1.3731 1.5900
-7.6152 -0.9831 3.0500
-7.6052 -1.4431 2.0100
-7.6152 -1.1131 3.3400
-7.6152 -1.0731 3.9700
-7.6152 -1.1231 4.4700
-7.6152 -1.0531 5.2600
-7.6152 -1.1231 5.6800
-7.6152 -1.2131 6.0400
-7.6152 -1.3731 6.2500
-7.6052 -1.7131 6.0500
-7.6052 -2.0031 6.0400
-7.6052 -2.3031 5.9800
-7.6052 -2.5631 5.9600
-7.5952 -2.8231 5.9700
-7.5952 -3.0631 5.9800
-7.5952 -3.3531 5.9700
-7.5952 -3.6031 5.9500
-7.5952 -3.8831 5.9500
-7.8852 -1.0731 0.3200
-7.8852 -0.9531 1.2600
-7.8852 -1.0731 0.9800
-7.8952 -0.5031 2.8400
-7.8852 -0.9031 1.9400
-7.8852 -0.6831 3.0300
-7.8852 -0.7931 3.3500
-7.8852 -0.7931 3.9300
-7.8852 -0.8131 4.5300
-7.8852 -0.7731 5.2500
-7.8852 -0.8431 5.6800
-7.8852 -0.9531 5.9900
-7.8852 -1.1031 6.2500
-7.8852 -1.4531 6.0900
-7.8852 -1.7031 6.0100
-7.8752 -2.0031 6.0100
-7.8752 -2.2731 5.9900
-7.8752 -2.5331 5.9800
-7.8752 -2.8031 5.9600
-7.8752 -3.0831 5.9800
-7.8652 -3.3631 6.0000
-7.8652 -3.6631 5.9600
-8.1452 -0.6831 0.6900
-8.1452 -0.6431 1.4100
-8.1452 -0.2431 2.9100
-8.1452 -0.7431 1.7800
-8.1452 -0.4131 3.1100
-8.1452 -0.5131 3.4500
-8.1452 -0.4631 4.2100
-8.1452 -0.4531 4.8100
-8.1452 -0.4831 5.3700
-8.1452 -0.5131 5.8400
-8.1452 -0.6631 6.1200
-8.1452 -0.9131 6.1600
-8.1452 -1.2531 6.0500
-8.1352 -1.5331 6.0300
-8.1352 -1.8131 6.0300
-8.1352 -2.0831 6.0000
-8.1352 -2.3731 5.9700
-8.1252 -2.6031 6.0000
-8.1252 -2.8731 6.0000
-8.1252 -3.1231 5.9800
-8.1252 -3.4031 6.0000
-8.1252 -3.7031 5.9600
-8.3952 -0.4031 0.3700
-8.3952 -0.3931 1.0500
-8.3952 -0.4931 1.4400
-8.4052 -0.0631 3.0100
-8.3952 -0.5531 1.8700
-8.4052 -0.1831 3.3400
-8.4052 -0.2131 3.8400
-8.4052 -0.2531 4.4600
-8.4052 -0.2031 5.2100
-8.4052 -0.2431 5.6700
-8.4052 -0.3431 6.0200
-8.3952 -0.5731 6.1600
-8.3952 -0.8731 6.0800
-8.3952 -1.1231 6.0400
-8.3952 -1.3931 6.0400
-8.3852 -1.6931 6.0200
-8.3852 -1.9731 6.0000
-8.3852 -2.2231 6.0200
-8.3852 -2.4631 6.0200
-8.3852 -2.7431 6.0400
-8.3752 -3.0231 6.0000
-8.3752 -3.2831 5.9900
-8.3752 -3.5431 5.9900
-8.3752 -3.8031 5.9500
-8.6552 -0.1631 0.0600
-8.6652 -0.0731 0.9200
-8.6652 -0.0931 1.4100
-8.6652 0.2669 2.9100
-8.6652 0.1369 3.2000
-8.6652 0.1169 3.7100
-8.6652 0.0769 4.1700
-8.6652 0.0869 4.8300
-8.6652 0.0869 5.5000
-8.6652 0.0269 5.9900
-8.6652 -0.1231 6.2100
-8.6552 -0.4031 6.1600
-8.6552 -0.7131 6.0700
-8.6552 -0.9731 6.0700
-8.6552 -1.2131 6.0700
-8.6452 -1.4931 6.0300
-8.6452 -1.7631 6.0400
-8.6452 -2.0631 6.0000
-8.6452 -2.3331 5.9900
-8.6452 -2.5931 6.0100
-8.6352 -2.8831 5.9800
-8.6352 -3.1531 5.9900
-8.6352 -3.4331 5.9900
-8.6352 -3.6831 5.9700
-8.8752 0.0669 0.1300
-8.8752 0.1469 0.9800
-8.8752 0.1569 1.6600
-8.8752 0.4569 2.9400
-8.8752 0.3469 3.2800
-8.8752 0.3069 3.7800
-8.8752 0.2669 4.3300
-8.8752 0.2869 4.9500
-8.8752 0.3169 5.6000
-8.8752 0.2369 6.0400
-8.8752 0.0569 6.2500
-8.8752 -0.2731 6.0700
-8.8752 -0.5531 6.0900
-8.8652 -0.8031 6.0700
-8.8652 -1.0831 6.0700
-8.8652 -1.3731 6.0700
-8.8652 -1.6531 6.0400
-8.8552 -1.9131 6.0200
-8.8552 -2.2031 6.0200
-8.8552 -2.4831 6.0100
-8.8552 -2.7231 6.0200
-8.8552 -2.9831 5.9900
-8.8452 -3.2731 5.9900
-8.8452 -3.5531 5.9800
-8.8452 -3.8131 6.0000
-9.0652 0.3469 0.1000
-9.0652 0.3169 0.6200
-9.0652 0.3569 1.2700
-9.0752 0.7569 2.8300
-9.0652 0.3269 1.8400
-9.0752 0.6069 3.0900
-9.0752 0.5769 3.6000
-9.0752 0.5469 4.1700
-9.0752 0.5169 4.7100
-9.0752 0.5469 5.4200
-9.0752 0.4769 5.8400
-9.0752 0.3769 6.2900
-9.0652 0.0369 6.1000
-9.0652 -0.2531 6.0800
-9.0652 -0.5231 6.0900
-9.0652 -0.7731 6.0900
-9.0552 -1.0331 6.0800
-9.0552 -1.3231 6.0500
-9.0552 -1.5931 6.0500
-9.0552 -1.8631 6.0400
-9.0552 -2.1531 6.0200
-9.0452 -2.4031 6.0100
-9.0452 -2.6831 6.0100
-9.0452 -2.9431 6.0000
-9.0452 -3.2131 6.0100
-9.0352 -3.5031 5.9900
-9.0352 -3.7831 5.9900
-9.3352 0.6269 0.4000
-9.3352 0.6369 1.1100
-9.3352 1.1269 2.9100
-9.3352 0.5869 1.6700
-9.3352 0.9169 3.0300
-9.3352 0.8769 3.4600
-9.3352 0.8269 4.0500
-9.3352 0.8569 4.7600
-9.3352 0.8069 5.2200
-9.3352 0.8069 5.7200
-9.3352 0.6869 6.1500
-9.3352 0.4469 6.2300
-9.3252 0.1569 6.1300
-9.3252 -0.1131 6.0900
-9.3252 -0.3831 6.1200
-9.3252 -0.6731 6.1100
-9.3152 -0.9431 6.0500
-9.3152 -1.2031 6.0700
-9.3152 -1.4831 6.0700
-9.3152 -1.7731 6.0600
-9.3152 -2.0631 6.0400
-9.3052 -2.3331 6.0200
-9.3052 -2.6031 6.0300
-9.3052 -2.8831 6.0300
-9.3052 -3.1131 6.0400
-9.3052 -3.3831 5.9900
-9.2952 -3.6431 6.0000
-9.2952 -3.9031 6.0000
-9.6852 1.1169 0.4700
-9.6852 1.0869 1.0400
-9.6852 1.0669 1.5500
-9.6852 1.3369 2.8200
-9.6852 1.2869 3.3300
-9.6852 1.2669 3.9100
-9.6852 1.2469 4.3800
-9.6852 1.1969 4.9800
-9.6852 1.2069 5.5800
-9.6852 1.1169 5.9800
-9.6852 0.9669 6.2500
-9.6752 0.6369 6.1300
-9.6752 0.3569 6.1300
-9.6752 0.1069 6.1400
-9.6752 -0.1831 6.0900
-9.6652 -0.4731 6.1200
-9.6652 -0.7431 6.1100
-9.6652 -1.0131 6.0800
-9.6652 -1.2631 6.0800
-9.6652 -1.5231 6.1000
-9.6552 -1.7931 6.0400
-9.6552 -2.0531 6.0200
-9.6552 -2.3331 6.0200
-9.6552 -2.5631 6.0200
-9.6552 -2.8331 6.0200
-9.6452 -3.0931 6.0300
-9.6452 -3.3431 6.0300
-9.6452 -3.6231 6.0100
-9.6452 -3.9031 5.9900
-9.9552 1.3369 0.4200
-9.9552 1.4369 1.3000
-9.9652 1.8669 2.8700
-9.9552 1.3569 1.7100
-9.9652 1.6369 2.9900
-9.9652 1.6069 3.4800
-9.9652 1.5269 3.9500
-9.9652 1.5569 4.6600
-9.9652 1.5369 5.2100
-9.9552 1.4769 5.7300
-9.9552 1.3669 6.1400
-9.9552 1.1369 6.2600
-9.9552 0.8469 6.1400
-9.9552 0.5769 6.1100
-9.9552 0.3469 6.1600
-9.9452 0.0769 6.1400
-9.9452 -0.1831 6.1000
-9.9452 -0.4531 6.1200
-9.9452 -0.7031 6.0900
-9.9452 -0.9731 6.0900
-9.9352 -1.2331 6.1000
-9.9352 -1.5031 6.0600
-9.9352 -1.7731 6.0600
-9.9352 -2.0531 6.0700
-9.9252 -2.3231 6.0400
-9.9252 -2.5631 6.0600
-9.9252 -2.8031 6.0300
-9.9252 -3.1031 6.0400
-9.9252 -3.3631 6.0300
-9.9152 -3.6431 6.0300
-9.9152 -3.8831 6.0200
-10.1052 1.5969 0.7800
-10.1152 1.5669 1.3700
-10.1152 1.9269 2.8600
-10.1052 1.5069 1.8700
-10.1152 1.7769 3.1100
-10.1152 1.7369 3.6900
-10.1152 1.7369 4.2500
-10.1152 1.7469 4.8800
-10.1152 1.6769 5.3000
-10.1152 1.6669 5.8400
-10.1152 1.5969 6.2700
-10.1052 1.3069 6.2300
-10.1052 1.0269 6.1800
-10.1052 0.7669 6.1700
-10.1052 0.5169 6.1400
-10.1052 0.2569 6.1400
-10.0952 -0.0231 6.1300
-10.0952 -0.3131 6.1200
-10.0952 -0.5731 6.1100
-10.0952 -0.8231 6.0900
-10.0952 -1.0731 6.1100
-10.0852 -1.3631 6.0800
-10.0852 -1.6231 6.0500
-10.0852 -1.8931 6.0700
-10.0852 -2.1531 6.0700
-10.0752 -2.4031 6.0800
-10.0752 -2.7031 6.0400
-10.0752 -2.9731 6.0300
-10.0752 -3.2531 6.0400
-10.0652 -3.5431 6.0200
-10.0652 -3.7931 6.0300
-10.2652 1.7869 0.7600
-10.2652 1.7369 1.2500
-10.2652 1.7369 1.8500
-10.2652 2.0169 3.0200
-10.2652 1.9169 3.4400
-10.2652 1.8769 3.9500
-10.2652 1.9069 4.6100
-10.2652 1.9169 5.1900
-10.2652 1.8669 5.6400
-10.2652 1.7369 6.0000
-10.2652 1.5669 6.2600
-10.2552 1.2869 6.1800
-10.2552 1.0469 6.1900
-10.2552 0.7669 6.1400
-10.2552 0.4769 6.1300
-10.2552 0.2269 6.1400
-10.2452 -0.0331 6.1400
-10.2452 -0.3031 6.1200
-10.2452 -0.5731 6.1100
-10.2452 -0.8431 6.1100
-10.2352 -1.1231 6.0700
-10.2352 -1.3831 6.0900
-10.2352 -1.6931 6.0600
-10.2352 -1.9631 6.0500
-10.2352 -2.2131 6.0800
-10.2252 -2.4631 6.0500
-10.2252 -2.7431 6.0500
-10.2252 -3.0131 6.0400
-10.2252 -3.2831 6.0500
-10.2252 -3.5531 6.0200
-10.2152 -3.8431 6.0100
10.2348 -6.6931 2.2900
10.2348 -6.8631 2.4400
10.2348 -7.0831 2.5200
9.9648 -6.3431 2.3300
9.9748 -7.1031 0.6100
9.9648 -6.5631 2.4000
9.9748 -6.7631 2.4900
9.9748 -6.9831 2.6000
9.9748 -7.2531 2.6300
9.7448 -6.1431 2.2900
9.7548 -6.9131 0.5500
9.7448 -6.3631 2.3600
9.7448 -6.5331 2.5200
9.7548 -6.8031 2.5500
9.7548 -7.0331 2.6400
9.7548 -7.2731 2.7000
9.7548 -7.5331 2.6900
9.5348 -6.3231 0.5900
9.5248 -5.8031 2.3600
9.5348 -6.5831 0.6000
9.5348 -6.0431 2.4000
9.5348 -6.2831 2.5000
9.5348 -6.5231 2.5400
9.5348 -6.7831 2.5800
9.5348 -7.0331 2.7000
9.5448 -7.2731 2.7100
9.5448 -7.5331 2.7700
9.5448 -7.7431 2.8800
9.3348 -5.6331 2.3400
9.3348 -6.4031 0.6100
9.3348 -5.8731 2.3400
9.3348 -6.0931 2.4600
9.3348 -6.3231 2.5500
9.3348 -6.5531 2.6100
9.3448 -6.8031 2.6600
9.3448 -7.0431 2.7200
9.3448 -7.3131 2.7700
9.3448 -7.5531 2.8200
9.3448 -7.7431 2.9500
9.1248 -5.4731 2.2700
9.1248 -6.2431 0.5300
9.1248 -5.6931 2.4200
9.1248 -5.9031 2.5200
9.1248 -6.1531 2.5400
9.1248 -6.3931 2.6400
9.1348 -6.6231 2.6700
9.1348 -6.8431 2.7200
9.1348 -7.0931 2.8000
9.1348 -7.3531 2.8100
9.1448 -7.6031 2.8500
9.1448 -7.8431 2.9600
9.1448 -8.0231 3.1200
8.8348 -5.1131 2.2700
8.8348 -5.8531 0.5800
8.8348 -5.3231 2.3500
8.8348 -5.5531 2.4400
8.8348 -5.7531 2.5500
8.8348 -6.0131 2.6400
8.8448 -6.2531 2.7100
8.8448 -6.4831 2.7300
8.8448 -6.7431 2.8000
8.8448 -7.0331 2.8100
8.8448 -7.2431 2.9400
8.8548 -7.4931 2.9500
8.8548 -7.7431 3.0000
8.8548 -8.0131 3.0600
8.8548 -8.2131 3.1800
8.4848 -5.2531 0.5300
8.4748 -4.6831 2.3500
8.4848 -5.4231 0.6700
8.4748 -4.9531 2.4200
8.4848 -5.1931 2.5000
8.4848 -5.4131 2.6000
8.4848 -5.6531 2.6100
8.4848 -5.9431 2.6600
8.4848 -6.1931 2.7100
8.4948 -6.4031 2.7700
8.4948 -6.6531 2.8100
8.4948 -6.8931 2.9100
8.4948 -7.1531 2.9400
8.4948 -7.3631 3.0300
8.4948 -7.6031 3.0800
8.5048 -7.8631 3.1300
8.5048 -8.1131 3.2000
8.5048 -8.3531 3.2400
8.5048 -8.5831 3.3300
8.5248 -10.8331 1.4100
8.2148 -4.3931 0.5400
8.2148 -4.6631 0.5300
8.2148 -4.4231 2.3200
8.2148 -5.1731 0.6100
8.2148 -4.6531 2.4300
8.2148 -4.8431 2.4900
8.2148 -5.0931 2.5400
8.2148 -5.3431 2.6300
8.2148 -5.5931 2.7100
8.2248 -5.8331 2.7200
8.2248 -6.0831 2.7800
8.2248 -6.3331 2.8200
8.2248 -6.5931 2.8500
8.2248 -6.7831 2.9200
8.2348 -7.0531 2.9900
8.2348 -7.3031 3.0900
8.2348 -7.5931 3.0700
8.2348 -7.8031 3.1800
8.2348 -8.0431 3.2500
8.2448 -8.3131 3.3000
8.2448 -8.5531 3.3600
8.2448 -8.7431 3.4800
8.2548 -10.4331 1.4300
8.2648 -10.6931 1.4700
8.2548 -10.4731 2.5100
8.2648 -10.7331 2.5200
8.0648 -4.3631 0.5200
8.0648 -4.5831 0.5600
8.0648 -4.1031 2.3200
8.0648 -4.8931 0.5300
8.0648 -4.3431 2.3600
8.0648 -5.0831 0.6600
8.0648 -4.5631 2.4700
8.0648 -4.8031 2.5100
8.0648 -5.0331 2.6300
8.0748 -5.2931 2.6600
8.0748 -5.5631 2.6800
8.0748 -5.8031 2.7600
8.0748 -6.0631 2.8200
8.0748 -6.3331 2.8300
8.0848 -6.5631 2.9200
8.0848 -6.8131 2.9100
8.0848 -7.0431 2.9800
8.0848 -7.2631 3.0600
8.0848 -7.4831 3.1200
8.0848 -7.7331 3.2200
8.0948 -7.9631 3.2500
8.0948 -8.1831 3.3400
8.0948 -8.4131 3.3800
8.0948 -8.6631 3.4000
8.0948 -8.9031 3.4700
8.1048 -9.9031 2.4300
8.1148 -10.3431 1.4500
8.1048 -10.1131 2.5500
8.1148 -10.5931 1.4700
8.1148 -10.3831 2.5300
8.1148 -10.6831 2.4700
7.8848 -4.6531 0.5300
7.8748 -4.1131 2.3900
7.8848 -4.8731 0.6500
7.8848 -4.3331 2.4700
7.8848 -4.5931 2.5200
7.8848 -4.8331 2.5800
7.8848 -5.0431 2.6700
7.8848 -5.2831 2.7000
7.8848 -5.5231 2.7500
7.8948 -5.7531 2.8100
7.8948 -6.0131 2.8600
7.8948 -6.2331 2.9200
7.8948 -6.4731 2.9400
7.8948 -6.7031 3.0100
7.9048 -6.9431 3.0800
7.9048 -7.1731 3.1400
7.9048 -7.4431 3.1800
7.9048 -7.6831 3.2300
7.9048 -7.8931 3.3600
7.9048 -8.1531 3.3300
7.9148 -8.3531 3.4400
7.9148 -8.6031 3.4600
7.9148 -8.8631 3.5400
7.9148 -9.1031 3.5800
7.9248 -9.9631 1.6500
7.9248 -9.8331 2.4700
7.9248 -10.1031 2.5400
7.9248 -10.3931 2.5300
7.9348 -10.6931 2.4900
7.9348 -10.9931 2.4100
7.5648 -4.1031 2.5200
7.5648 -4.3331 2.5700
7.5748 -4.5831 2.6200
7.5748 -4.8231 2.6600
7.5748 -5.0831 2.6600
7.5748 -5.2631 2.7700
7.5748 -5.5631 2.7800
7.5848 -5.8031 2.8600
7.5848 -6.0231 2.9500
7.5848 -6.2631 2.9500
7.5848 -6.4831 3.0300
7.5848 -6.7331 3.0900
7.5848 -6.9831 3.1200
7.5948 -7.2031 3.2300
7.5948 -7.4431 3.2900
7.5948 -7.7031 3.2800
7.5948 -7.9331 3.4000
7.5948 -8.2031 3.4100
7.6048 -8.4331 3.5200
7.6048 -8.7131 3.5100
7.6048 -9.4231 2.4900
7.6148 -9.6931 2.5200
7.6148 -9.9431 2.4800
7.6148 -10.2131 2.4900
7.6148 -10.4731 2.4800
7.6148 -10.7731 2.4500
7.6248 -11.0931 2.3300
7.6248 -11.3631 2.3600
7.2348 -4.1131 2.6000
7.2348 -4.3531 2.6500
7.2348 -4.5731 2.6800
7.2448 -4.8231 2.7000
7.2448 -5.0631 2.8100
7.2448 -5.2831 2.8800
7.2448 -5.5431 2.9100
7.2448 -5.7731 2.9600
7.2548 -6.0231 3.0000
7.2548 -6.2831 3.0500
7.2548 -6.5231 3.1400
7.2548 -6.7631 3.2100
7.2548 -7.0331 3.2100
7.2648 -7.2531 3.3300
7.2648 -7.5331 3.3100
7.2648 -7.7231 3.4000
7.2648 -7.9731 3.4700
7.2648 -8.2031 3.5300
7.2648 -8.4731 3.5600
7.2748 -8.9331 2.5400
7.2748 -9.1731 2.5400
7.2748 -9.4831 2.5200
7.2748 -9.7531 2.5000
7.2848 -10.0331 2.4600
7.2848 -10.2931 2.4200
7.2848 -10.5731 2.4000
7.2848 -10.8431 2.3800
7.2948 -11.1531 2.3300
7.2948 -11.4331 2.2400
6.9848 -3.9231 2.6100
6.9848 -4.1431 2.6700
6.9848 -4.4031 2.7400
6.9948 -4.6531 2.8000
6.9948 -4.9231 2.8100
6.9948 -5.1831 2.8800
6.9948 -5.4031 2.9500
6.9948 -5.6331 3.0000
6.9948 -5.9031 3.0300
7.0048 -6.1231 3.0900
7.0048 -6.3531 3.1800
7.0048 -6.6131 3.2300
7.0048 -6.8931 3.2100
7.0148 -7.1231 3.3100
7.0148 -7.3631 3.3500
7.0148 -7.5631 3.4800
7.0148 -7.8331 3.4800
7.0148 -8.0731 3.5200
7.0248 -8.7431 2.5900
7.0248 -9.0431 2.5700
7.0248 -9.3031 2.5300
7.0248 -9.6331 2.4300
7.0348 -9.9031 2.4700
7.0348 -10.1731 2.3900
7.0348 -10.4731 2.3700
7.0348 -10.7531 2.3600
7.0448 -11.0631 2.3100
7.0448 -11.3131 2.2800
7.0448 -11.6331 2.2100
6.7948 -3.9731 2.6900
6.7948 -4.2031 2.7300
6.8048 -4.4331 2.7700
6.8048 -4.6931 2.7700
6.8048 -4.9331 2.8700
6.8048 -5.1731 2.9300
6.8048 -5.4131 2.9700
6.8048 -5.6431 3.0900
6.8148 -5.9331 3.0400
6.8148 -6.1431 3.1600
6.8148 -6.3731 3.1600
6.8148 -6.6231 3.2600
6.8148 -6.8631 3.3400
6.8248 -7.1231 3.3200
6.8248 -7.3131 3.4300
6.8248 -7.6131 3.4700
6.8248 -7.8431 3.5500
6.8348 -8.5231 2.6100
6.8348 -8.7931 2.5700
6.8348 -9.1231 2.5300
6.8448 -9.4031 2.4900
6.8448 -9.7031 2.4200
6.8448 -9.9831 2.4000
6.8448 -10.2531 2.3900
6.8448 -10.5331 2.3500
6.8548 -10.8331 2.3200
6.8548 -11.1031 2.3200
6.8548 -11.3831 2.2700
6.8548 -11.7131 2.1900
6.5948 -4.0431 2.7200
6.6048 -4.2631 2.8400
6.6048 -4.5431 2.8300
6.6048 -4.7631 2.9000
6.6048 -4.9931 3.0000
6.6048 -5.2231 3.0400
6.6148 -5.4631 3.0800
6.6148 -5.7531 3.1200
6.6148 -5.9831 3.1700
6.6148 -6.2331 3.2000
6.6148 -6.4931 3.2700
6.6248 -6.7531 3.3400
6.6248 -6.9531 3.4500
6.6248 -7.2331 3.4400
6.6248 -7.5031 3.4600
6.6248 -7.7331 3.5200
6.6348 -8.1331 2.6300
6.6348 -8.3931 2.6300
6.6348 -8.6831 2.5700
6.6348 -8.9731 2.5500
6.6448 -9.2531 2.4800
6.6448 -9.5731 2.4100
6.6448 -9.8431 2.3700
6.6448 -10.1331 2.3500
6.6448 -10.3931 2.3400
6.6548 -10.7131 2.2600
6.6548 -10.9931 2.2700
6.6548 -11.2831 2.2200
6.6548 -11.5631 2.2000
6.3948 -4.1431 2.8000
6.4048 -4.3931 2.8600
6.4048 -4.6031 2.9500
6.4048 -4.8731 2.9400
6.4048 -5.1231 3.0100
6.4048 -5.3631 3.1100
6.4148 -5.6131 3.1000
6.4148 -5.8631 3.1600
6.4148 -6.1131 3.2600
6.4148 -6.3631 3.2700
6.4148 -6.5631 3.3900
6.4248 -6.8231 3.4000
6.4248 -7.0731 3.4600
6.4248 -7.3031 3.5500
6.4248 -7.6031 3.4900
6.4248 -7.9931 2.6300
6.4348 -8.2131 2.6400
6.4348 -8.5431 2.5800
6.4348 -8.8231 2.5400
6.4348 -9.1231 2.4700
6.4448 -9.3931 2.4400
6.4448 -9.7231 2.3900
6.4448 -10.0331 2.3400
6.4448 -10.3031 2.3300
6.4548 -10.6131 2.2700
6.4548 -10.8831 2.2200
6.4548 -11.1531 2.2300
6.4548 -11.4031 2.2100
6.4548 -11.6831 2.1700
6.1748 -3.9331 2.3400
6.1748 -4.0431 2.7400
6.1748 -4.2531 2.8900
6.1848 -4.4831 2.9500
6.1848 -4.6931 3.0400
6.1848 -4.9831 3.0400
6.1848 -5.2131 3.1400
6.1848 -5.4431 3.1900
6.1848 -5.7331 3.1800
6.1948 -5.9331 3.2700
6.1948 -6.2131 3.2800
6.1948 -6.4331 3.3600
6.1948 -6.6731 3.3900
6.1948 -6.9431 3.4600
6.2048 -7.1831 3.5700
6.2048 -7.8731 2.6200
6.2048 -8.1531 2.5900
6.2148 -8.4531 2.5800
6.2148 -8.7331 2.5500
6.2148 -9.0131 2.4700
6.2148 -9.2731 2.4000
6.2248 -9.5731 2.3600
6.2248 -9.8331 2.3300
6.2248 -10.1431 2.2700
6.2248 -10.4131 2.2700
6.2248 -10.6831 2.2300
6.2348 -10.9531 2.2000
6.2348 -11.2231 2.1700
6.2348 -11.5031 2.1400
5.9048 -4.0631 1.0000
5.9048 -4.1331 1.5400
5.9048 -4.1431 2.1400
5.9048 -4.2031 2.5700
5.9048 -4.2931 2.9600
5.9048 -4.5231 3.0800
5.9048 -4.7831 3.0600
5.9048 -5.0131 3.1700
5.9048 -5.2631 3.2100
5.9148 -5.5531 3.2100
5.9148 -5.7931 3.3100
5.9148 -6.0231 3.3900
5.9148 -6.2831 3.4200
5.9148 -6.5331 3.4600
5.9248 -6.7531 3.5500
5.9248 -7.0031 3.5700
5.9248 -7.3831 2.7200
5.9248 -7.6131 2.7000
5.9348 -7.9131 2.6400
5.9348 -8.2431 2.5300
5.9348 -8.5231 2.5000
5.9348 -8.8031 2.4400
5.9348 -9.0531 2.4200
5.9448 -9.3331 2.3900
5.9448 -9.6531 2.3200
5.9448 -9.9231 2.2900
5.9448 -10.2031 2.2300
5.9548 -10.4931 2.1900
5.9548 -10.7531 2.1900
5.9548 -11.0431 2.1600
5.9548 -11.3131 2.1100
5.9548 -11.5831 2.1200
5.5948 -4.3831 1.9800
5.5948 -4.4331 2.5000
5.5948 -4.5431 2.8700
5.5948 -4.7331 3.1000
5.5948 -4.9231 3.2200
5.5948 -5.1431 3.2800
5.5948 -5.3831 3.3100
5.6048 -5.6331 3.3300
5.6048 -5.8631 3.4100
5.6048 -6.1231 3.4400
5.6048 -6.3631 3.4800
5.6148 -6.9831 2.6300
5.6148 -7.2431 2.6500
5.6148 -7.5031 2.6200
5.6148 -7.7631 2.6400
5.6248 -8.1031 2.5600
5.6248 -8.3931 2.4800
5.6248 -8.6731 2.4300
5.6248 -8.9331 2.3600
5.6348 -9.2331 2.3400
5.6348 -9.5131 2.2900
5.6348 -9.8031 2.2800
5.6348 -10.0731 2.2200
5.6348 -10.3531 2.1700
5.6448 -10.6631 2.1300
5.6448 -10.9531 2.1200
5.6448 -11.2331 2.0900
5.6448 -11.5231 2.0300
5.3648 -4.5731 2.0800
5.3648 -4.6431 2.5300
5.3648 -4.7031 2.9600
5.3648 -4.8331 3.2500
5.3648 -5.0731 3.3200
5.3748 -5.3231 3.3300
5.3748 -5.5631 3.4000
5.3748 -5.7931 3.4600
5.3748 -6.0531 3.5000
5.3748 -6.3131 3.4900
5.3848 -6.7231 2.5800
5.3848 -6.9431 2.6300
5.3848 -7.2131 2.6200
5.3848 -7.5031 2.5800
5.3848 -7.7931 2.5900
5.3948 -8.0531 2.5400
5.3948 -8.3331 2.4700
5.3948 -8.6531 2.3800
5.3948 -8.9431 2.3700
5.4048 -9.2231 2.3400
5.4048 -9.5331 2.2900
5.4048 -9.8031 2.2700
5.4048 -10.1231 2.2000
5.4148 -10.3931 2.1300
5.4148 -10.6731 2.1000
5.4148 -10.9331 2.0700
5.4148 -11.2231 2.0600
5.4248 -11.5331 2.0100
5.2148 -4.7331 1.8600
5.2148 -4.7031 2.5100
5.2148 -4.7931 2.8600
5.2248 -4.9231 3.2200
5.2248 -5.1231 3.3200
5.2248 -5.3731 3.3900
5.2248 -5.6131 3.4600
5.2248 -5.8431 3.4800
5.2348 -6.1031 3.5400
5.2348 -6.5031 2.6400
5.2348 -6.7731 2.6200
5.2348 -7.0531 2.6000
5.2448 -7.3531 2.5900
5.2448 -7.6331 2.5500
5.2448 -7.9331 2.4800
5.2448 -8.1931 2.4500
5.2448 -8.4731 2.4300
5.2548 -8.7531 2.3800
5.2548 -9.0531 2.3300
5.2548 -9.3531 2.2900
5.2548 -9.6531 2.2400
5.2648 -9.9231 2.2200
5.2648 -10.1931 2.1900
5.2648 -10.5131 2.0800
5.2648 -10.7631 2.0900
5.2748 -11.0431 2.0600
5.2748 -11.3231 2.0500
5.2748 -11.6131 1.9900
5.0248 -4.8731 2.2400
5.0248 -4.9131 2.7800
5.0248 -5.0031 3.1900
5.0248 -5.2031 3.3500
5.0248 -5.4331 3.4200
5.0248 -5.6931 3.4900
5.0348 -5.8931 3.5600
5.0348 -6.2931 2.6600
5.0348 -6.5531 2.6300
5.0348 -6.8231 2.6400
5.0448 -7.1331 2.6000
5.0448 -7.4331 2.5300
5.0448 -7.7031 2.4900
5.0448 -7.9831 2.4800
5.0548 -8.2731 2.4300
5.0548 -8.5731 2.3900
5.0548 -8.8531 2.3100
5.0548 -9.1031 2.2800
5.0548 -9.4131 2.2500
5.0648 -9.7031 2.2100
5.0648 -9.9731 2.2000
5.0648 -10.2831 2.1300
5.0648 -10.5631 2.0900
5.0748 -10.8631 2.0500
5.0748 -11.1531 2.0200
5.0748 -11.4331 1.9700
5.0748 -11.7031 1.9800
4.7148 -5.0831 1.6500
4.7148 -5.1331 2.1600
4.7148 -5.1331 2.7700
4.7148 -5.2331 3.1800
4.7148 -5.3831 3.4700
4.7248 -6.1231 2.3800
4.7248 -6.2831 2.6000
4.7248 -6.5431 2.6400
4.7248 -6.8031 2.5800
4.7248 -7.0931 2.5700
4.7248 -6.6031 4.2900
4.7348 -7.3931 2.5200
4.7348 -7.6531 2.4500
4.7348 -7.9331 2.4300
4.7348 -8.2431 2.4300
4.7348 -8.5431 2.3500
4.7448 -8.8231 2.3100
4.7448 -9.1531 2.2000
4.7448 -9.4431 2.2100
4.7448 -9.7131 2.1500
4.7548 -9.9931 2.1300
4.7548 -10.2931 2.0900
4.7548 -10.5531 2.0900
4.7548 -10.8431 2.0400
4.7548 -11.1431 1.9900
4.7648 -11.4431 1.9300
4.7648 -11.7031 1.9400
4.4048 -5.2931 1.7800
4.4048 -5.3231 2.3800
4.4048 -5.3331 2.9700
4.4148 -5.8431 1.8000
4.4048 -5.4431 3.2800
4.4148 -5.8731 2.3100
4.4148 -6.0431 2.5700
4.4148 -6.2631 2.6700
4.4148 -6.4831 2.8100
4.4148 -6.4631 3.4100
4.4148 -6.4231 4.1600
4.4148 -6.5731 4.4100
4.4148 -6.7931 4.5200
4.4248 -7.7431 2.3800
4.4248 -8.0531 2.3500
4.4248 -8.2931 2.3600
4.4348 -8.5631 2.3300
4.4348 -8.8631 2.3100
4.4348 -9.1631 2.2400
4.4348 -9.4531 2.1700
4.4448 -9.7531 2.1400
4.4448 -10.0231 2.1000
4.4448 -10.3131 2.0700
4.4448 -10.5931 2.0200
4.4548 -10.8731 1.9900
4.4548 -11.1831 1.9600
4.4548 -11.4931 1.9000
4.1948 -5.6631 1.8500
4.1948 -5.7231 2.3000
4.1948 -5.8631 2.6000
4.1948 -6.1231 2.6300
4.2048 -6.3231 2.7500
4.2048 -6.4131 3.1400
4.2048 -6.4031 3.8000
4.2048 -6.4431 4.3200
4.2048 -6.6431 4.4500
4.2048 -6.9031 4.4900
4.2148 -7.8531 2.3500
4.2148 -8.1031 2.3700
4.2148 -8.4131 2.3000
4.2148 -8.6731 2.2900
4.2248 -8.9631 2.2600
4.2248 -9.2731 2.2100
4.2248 -9.5831 2.1100
4.2248 -9.8931 2.0800
4.2348 -10.1731 2.0200
4.2348 -10.4631 2.0200
4.2348 -10.7231 2.0100
4.2348 -11.0231 1.9200
4.2348 -11.2931 1.9000
4.2448 -11.5531 1.8600
4.0348 -5.4731 1.9200
4.0348 -5.5331 2.3800
4.0348 -5.7131 2.6000
4.0448 -5.9631 2.6300
4.0448 -6.2331 2.6400
4.0448 -6.4631 2.7000
4.0448 -6.5431 3.1000
4.0448 -6.5531 3.7800
4.0448 -6.5831 4.3200
4.0448 -6.7831 4.4800
4.0548 -7.7131 2.3800
4.0548 -7.9931 2.3700
4.0648 -8.3131 2.3000
4.0648 -8.5831 2.2600
4.0648 -8.8431 2.2400
4.0648 -9.1131 2.2100
4.0648 -9.4131 2.1600
4.0748 -9.6731 2.1300
4.0748 -9.9831 2.0400
4.0748 -10.2531 2.0100
4.0748 -10.5331 2.0000
4.0848 -10.8131 1.9500
4.0848 -11.0531 1.9500
4.0848 -11.3431 1.8700
4.0848 -11.6631 1.8600
3.8648 -5.3231 1.8700
3.8548 -5.3331 2.4400
3.8648 -5.5431 2.6100
3.8648 -5.8231 2.6400
3.8648 -6.1231 2.5900
3.8648 -6.4031 2.5600
3.8748 -6.6631 2.5700
3.8748 -6.5631 3.3700
3.8748 -6.9331 2.5300
3.8648 -6.5931 3.8900
3.8748 -7.2231 2.4600
3.8648 -6.6231 4.3800
3.8748 -7.5131 2.3900
3.8748 -7.7831 2.3400
3.8848 -8.0731 2.3500
3.8848 -8.3631 2.2600
3.8848 -8.6331 2.2300
3.8848 -8.9031 2.2000
3.8948 -9.1531 2.2000
3.8948 -9.4731 2.1200
3.8948 -9.7731 2.0600
3.8948 -10.0431 2.0300
3.8948 -10.3131 2.0100
3.9048 -10.6131 1.9400
3.9048 -10.9031 1.9200
3.9048 -11.1531 1.9000
3.9048 -11.4431 1.8400
3.9148 -11.7331 1.8000
3.6548 -5.0831 1.7600
3.6548 -5.1331 2.2600
3.6548 -5.2731 2.5400
3.6548 -5.4831 2.6400
3.6548 -5.7231 2.5900
3.6548 -6.0131 2.5700
3.6648 -6.3131 2.5200
3.6648 -6.5831 2.5200
3.6648 -6.8431 2.4700
3.6648 -7.0931 2.4800
3.6748 -7.3731 2.4400
3.6748 -7.6831 2.3700
3.6748 -7.9631 2.3200
3.6748 -8.2531 2.2700
3.6748 -8.5231 2.2300
3.6848 -8.8131 2.1900
3.6848 -9.0931 2.1800
3.6848 -9.3631 2.1300
3.6848 -9.6731 2.0500
3.6948 -9.9431 2.0500
3.6948 -10.2131 1.9900
3.6948 -10.5331 1.9300
3.6948 -10.8131 1.9200
3.6948 -11.1031 1.8900
3.7048 -11.4031 1.8800
3.7048 -11.6631 1.8200
3.4148 -4.8031 1.8900
3.4148 -4.8631 2.3600
3.4148 -5.0231 2.5700
3.4148 -5.2631 2.6200
3.4248 -5.5431 2.6000
3.4248 -5.8631 2.5500
3.4248 -6.1231 2.5400
3.4248 -6.4031 2.4800
3.4348 -6.6731 2.4600
3.4348 -6.9531 2.4400
3.4348 -7.2231 2.4100
3.4348 -7.5231 2.3500
3.4348 -7.7831 2.3100
3.4448 -8.0831 2.2600
3.4448 -8.3731 2.2000
3.4448 -8.6931 2.1500
3.4448 -8.9631 2.1100
3.4548 -9.2531 2.1100
3.4548 -9.5331 2.0600
3.4548 -9.8431 2.0100
3.4548 -10.1231 1.9400
3.4548 -10.3831 1.9500
3.4648 -10.6431 1.9200
3.4648 -10.9531 1.8600
3.4648 -11.2331 1.8600
3.4648 -11.5331 1.8000
3.1348 -4.5431 1.5800
3.1348 -4.5031 2.2200
3.1348 -4.6731 2.4800
3.1348 -4.8531 2.6500
3.1348 -5.1231 2.6300
3.1448 -5.4031 2.5800
3.1448 -5.7131 2.5300
3.1448 -5.9931 2.5000
3.1448 -6.2431 2.4800
3.1548 -6.5431 2.4100
3.1548 -6.8531 2.3900
3.1548 -7.1431 2.3800
3.1548 -7.4231 2.3600
3.1548 -7.6931 2.2900
3.1648 -7.9931 2.2800
3.1648 -8.2931 2.1600
3.1648 -8.5731 2.1400
3.1648 -8.8231 2.1300
3.1748 -9.1531 2.0100
3.1748 -9.4331 2.0300
3.1748 -9.7331 1.9900
3.1748 -10.0031 1.9400
3.1848 -10.2631 1.9000
3.1848 -10.5831 1.8500
3.1848 -10.8431 1.8500
3.1848 -11.0931 1.8400
3.1948 -11.4131 1.7700
3.1948 -11.6931 1.7100
2.8348 -4.2031 1.8800
2.8348 -4.2531 2.2900
2.8348 -4.4031 2.6200
2.8348 -4.6831 2.6200
2.8448 -4.9731 2.6100
2.8448 -5.2631 2.5500
2.8448 -5.5231 2.5500
2.8448 -5.8431 2.4700
2.8548 -6.0931 2.4700
2.8548 -6.3731 2.4300
2.8548 -6.6531 2.3500
2.8548 -6.9431 2.3400
2.8648 -7.2431 2.2900
2.8648 -7.5231 2.2700
2.8648 -7.7731 2.3000
2.8648 -8.0331 2.2500
2.8648 -8.3831 2.1200
2.8748 -8.6531 2.0900
2.8748 -8.9031 2.0800
2.8748 -9.2031 2.0000
2.8748 -9.5131 1.9600
2.8848 -9.7831 1.9500
2.8848 -10.0831 1.9100
2.8848 -10.3331 1.8700
2.8848 -10.6831 1.7900
2.8848 -10.9531 1.8100
2.8948 -11.2331 1.7500
2.6248 -3.9831 1.6900
2.6248 -4.0131 2.2500
2.6248 -4.1531 2.5200
2.6248 -4.3531 2.6400
2.6348 -4.6131 2.6200
2.6348 -4.9231 2.5700
2.6348 -5.2231 2.5500
2.6348 -5.5231 2.4900
2.6448 -5.7831 2.4300
2.6448 -6.0331 2.4100
2.6448 -6.3531 2.3700
2.6448 -6.6131 2.3800
2.6448 -6.8731 2.3400
2.6548 -7.1831 2.2600
2.6548 -7.4531 2.2500
2.6548 -7.7431 2.2200
2.6548 -8.0231 2.2300
2.6648 -8.3031 2.1300
2.6648 -8.6131 2.0700
2.6648 -8.9331 2.0200
2.6648 -9.2031 2.0000
2.6748 -9.4831 1.9400
2.6748 -9.7931 1.9100
2.6748 -10.0731 1.9000
2.6748 -10.3431 1.8500
2.6748 -10.6331 1.7800
2.6848 -10.9131 1.7800
2.6848 -11.2031 1.7500
2.4948 -3.9731 2.4400
2.4948 -4.1131 2.6700
2.4948 -4.4031 2.6500
2.4948 -4.6731 2.6100
2.5048 -4.9631 2.5400
2.5048 -5.2731 2.4900
2.5048 -5.5331 2.4600
2.5048 -5.8231 2.4200
2.5048 -6.1331 2.3500
2.5148 -6.3931 2.3600
2.5148 -6.6731 2.3300
2.5148 -6.9731 2.2700
2.5148 -7.2731 2.2200
2.5248 -7.5431 2.2200
2.5248 -7.8331 2.1900
2.5248 -8.1131 2.1700
2.5248 -8.3931 2.1100
2.5348 -8.6831 2.0600
2.5348 -8.9831 2.0100
2.5348 -9.2931 1.9500
2.5348 -9.5431 1.9200
2.5348 -9.8531 1.8800
2.5448 -10.1231 1.8700
2.5448 -10.4531 1.7400
2.5448 -10.7131 1.7100
2.5448 -10.9831 1.7500
2.2948 -3.9831 2.6500
2.2948 -4.2431 2.6300
2.2948 -4.5531 2.5800
2.3048 -4.8431 2.5600
2.3048 -5.1331 2.5100
2.3048 -5.4131 2.4500
2.3048 -5.7231 2.3900
2.3048 -6.0231 2.3900
2.3148 -6.2731 2.3500
2.3148 -6.5331 2.2800
2.3148 -6.8231 2.2900
2.3148 -7.1431 2.2600
2.3248 -7.3931 2.2200
2.3248 -7.6931 2.1700
2.3248 -7.9531 2.1700
2.3248 -8.2531 2.1600
2.3248 -8.5331 2.0700
2.3348 -8.8331 2.0000
2.3348 -9.1331 1.9800
2.3348 -9.4431 1.9300
2.3348 -9.7331 1.8700
2.3448 -10.0231 1.8000
2.3448 -10.3531 1.7600
2.3448 -10.6031 1.7800
1.9748 -4.0731 2.5900
1.9748 -4.3531 2.5500
1.9748 -4.6131 2.5500
1.9748 -4.9231 2.4800
1.9848 -5.2131 2.4300
1.9848 -5.5031 2.3900
1.9848 -5.7831 2.3500
1.9848 -6.0631 2.3100
1.9948 -6.3431 2.2900
1.9948 -6.6231 2.2300
1.9948 -6.9231 2.1900
1.9948 -7.2131 2.1800
1.9948 -7.5031 2.1600
2.0048 -7.7931 2.0600
2.0048 -8.1031 2.0800
2.0048 -8.3931 2.0700
2.0048 -8.6631 1.9900
2.0148 -8.9331 1.9600
2.0148 -9.2231 1.9000
2.0148 -9.4831 1.8800
2.0148 -9.7831 1.8200
2.0248 -10.0731 1.7600
2.0248 -10.3431 1.7400
1.6548 -3.9731 2.5800
1.6548 -4.2731 2.5300
1.6648 -4.5231 2.5300
1.6648 -4.8431 2.4500
1.6648 -5.1431 2.4100
1.6648 -5.4431 2.3700
1.6748 -5.7331 2.3400
1.6748 -6.0231 2.2800
1.6748 -6.3331 2.2600
1.6748 -6.6031 2.2000
1.6748 -6.8731 2.1500
1.6848 -7.1331 2.1200
1.6848 -7.4131 2.0900
1.6848 -7.6531 2.1200
1.6848 -7.9831 2.0100
1.6948 -8.2031 2.0500
1.6948 -8.4931 2.0200
1.6948 -8.7931 1.9300
1.6948 -9.0531 1.9100
1.7048 -9.3531 1.8100
1.7048 -9.6731 1.7700
1.7048 -9.8631 1.9100
1.4548 -4.1131 2.5000
1.4548 -4.4131 2.4700
1.4548 -4.6831 2.4200
1.4548 -4.9631 2.4000
1.4548 -5.2131 2.3600
1.4648 -5.5031 2.3200
1.4648 -5.7631 2.2900
1.4648 -6.0631 2.2500
1.4648 -6.3231 2.2300
1.4748 -6.5931 2.1700
1.4748 -6.8731 2.1700
1.4748 -7.1331 2.1000
1.4748 -7.4231 2.1100
1.4748 -7.7231 2.0600
1.4848 -7.9931 2.0300
1.4848 -8.2531 2.0000
1.4848 -8.5331 1.9600
1.4848 -8.8331 1.9100
1.4948 -9.1131 1.8300
1.4948 -9.4231 1.7700
1.4948 -9.6531 1.8600
1.2848 -3.9531 2.4800
1.2848 -4.2131 2.4700
1.2948 -4.4731 2.4700
1.2948 -4.7531 2.4300
1.2948 -5.0131 2.4000
1.2948 -5.3231 2.3100
1.3048 -5.6131 2.2900
1.3048 -5.8931 2.2600
1.3048 -6.1531 2.2500
1.3048 -6.4131 2.1900
1.3048 -6.7231 2.1600
1.3148 -7.0031 2.1100
1.3148 -7.3031 2.0700
1.3148 -7.5631 2.0200
1.3148 -7.8231 2.0000
1.3248 -8.1231 1.9800
1.3248 -8.4231 1.9600
1.3248 -8.7131 1.9200
1.3248 -9.0331 1.8100
1.3348 -9.3231 1.7700
1.3348 -9.5431 1.9000
1.0748 -4.1231 2.4300
1.0748 -4.3531 2.4200
1.0848 -4.6631 2.3900
1.0848 -4.9531 2.3600
1.0848 -5.2031 2.3300
1.0848 -5.5331 2.2400
1.0948 -5.8031 2.2300
1.0948 -6.0731 2.1900
1.0948 -6.3531 2.1900
1.0948 -6.6531 2.1200
1.0948 -6.9531 2.0800
1.1048 -7.2431 2.0700
1.1048 -7.5231 2.0100
1.1048 -7.8031 2.0000
1.1048 -8.0831 1.9400
1.1048 -8.3531 1.9100
1.1148 -8.6331 1.8700
1.1148 -8.9131 1.8400
1.1148 -9.2131 1.8100
0.8248 -3.9831 2.4500
0.8348 -4.2431 2.4200
0.8348 -4.5431 2.3600
0.8348 -4.8231 2.3300
0.8348 -5.1131 2.3300
0.8448 -5.4331 2.2500
0.8448 -5.7031 2.2200
0.8448 -5.9831 2.1700
0.8448 -6.2531 2.1700
0.8448 -6.5131 2.1600
0.8548 -6.7931 2.1200
0.8548 -7.0931 2.0600
0.8548 -7.3931 2.0100
0.8548 -7.6931 1.9800
0.8648 -7.9631 1.9700
0.8648 -8.2131 1.9500
0.8648 -8.5031 1.9100
0.8648 -8.7731 1.9100
0.5748 -3.9731 2.3900
0.5848 -4.2231 2.3900
0.5848 -4.5031 2.3300
0.5848 -4.7831 2.3000
0.5848 -5.1031 2.2500
0.5948 -5.3731 2.2700
0.5948 -5.6631 2.2200
0.5948 -5.9031 2.1700
0.5948 -6.2231 2.1000
0.5948 -6.4931 2.0900
0.6048 -6.7531 2.0800
0.6048 -7.0231 2.0400
0.6048 -7.3231 1.9900
0.6048 -7.6131 1.9600
0.6048 -7.9131 1.9200
0.6148 -8.1431 1.9300
0.2948 -4.0631 2.3500
0.2948 -4.3431 2.3400
0.3048 -4.6131 2.3200
0.3048 -4.8831 2.2900
0.3048 -5.1931 2.2100
0.3048 -5.4431 2.2100
0.3148 -5.7431 2.1700
0.3148 -6.0631 2.1100
0.3148 -6.3331 2.0500
0.3148 -6.6231 2.0200
0.3148 -6.9031 2.0100
0.3248 -7.2131 1.9700
0.3248 -7.4831 1.9400
0.3248 -7.7731 1.8800
0.3248 -8.0631 1.8700
-0.0052 -4.1831 2.3200
0.0048 -4.4431 2.2900
0.0048 -4.7431 2.2300
0.0048 -5.0431 2.2000
0.0048 -5.3331 2.1700
0.0048 -5.5931 2.1100
0.0148 -5.9031 2.1000
0.0148 -6.2131 2.0600
0.0148 -6.4831 1.9900
0.0148 -6.7131 2.0000
0.0248 -7.0331 1.9700
0.0248 -7.3331 1.9100
0.0248 -7.6031 1.8700
-0.2252 -4.2031 2.2800
-0.2252 -4.4631 2.2400
-0.2152 -4.7131 2.2400
-0.2152 -5.0331 2.1300
-0.2152 -5.3131 2.1600
-0.2152 -5.5931 2.1100
-0.2052 -5.8831 2.0700
-0.2052 -6.1431 2.0500
-0.2052 -6.4731 1.9600
-0.2052 -6.7331 1.9600
-0.2052 -7.0231 1.9200
-0.1952 -7.3031 1.8900
-0.1952 -7.6131 1.8600
-0.3852 -4.1031 2.2900
-0.3852 -4.4131 2.2400
-0.3852 -4.6731 2.2000
-0.3752 -4.9731 2.1600
-0.3752 -5.2731 2.1300
-0.3752 -5.5731 2.0800
-0.3752 -5.8731 2.0400
-0.3752 -6.1631 1.9900
-0.3652 -6.4531 1.9800
-0.3652 -6.7331 1.9500
-0.3652 -7.0031 1.9100
-0.6152 -4.1231 2.2200
-0.6152 -4.4031 2.2100
-0.6152 -4.7231 2.1400
-0.6152 -4.9931 2.1300
-0.6152 -5.2431 2.1100
-0.6052 -5.5231 2.0500
-0.6052 -5.8031 2.0100
-0.6052 -6.0631 2.0100
-0.6052 -6.3531 1.9700
-0.6052 -6.6131 1.9400
-0.5952 -6.8731 1.9100
-0.5952 -7.1131 2.0000
-0.9652 -4.1231 2.2000
-0.9652 -4.4031 2.1700
-0.9552 -4.6831 2.1100
-0.9552 -4.9431 2.1100
-0.9552 -5.2131 2.0500
-0.9552 -5.4931 2.0300
-0.9452 -5.7831 1.9900
-0.9452 -6.0631 1.9900
-0.9452 -6.3331 1.9500
-0.9452 -6.5731 1.9500
-1.2852 -4.0931 2.1800
-1.2752 -4.3831 2.1100
-1.2752 -4.6231 2.1100
-1.2752 -4.9131 2.1000
-1.2752 -5.2131 2.0300
-1.2652 -5.4931 2.0000
-1.2652 -5.7631 1.9700
-1.2652 -6.0231 1.9600
-1.2652 -6.3331 1.9200
-1.4852 -4.1031 2.1400
-1.4852 -4.4131 2.0800
-1.4852 -4.6831 2.0700
-1.4752 -4.9731 2.0400
-1.4752 -5.2831 2.0000
-1.4752 -5.5531 1.9600
-1.4752 -5.8531 1.9400
-1.4652 -6.0931 1.9400
-1.6552 -4.1431 2.1000
-1.6452 -4.4031 2.0600
-1.6452 -4.6931 2.0200
-1.6452 -4.9931 2.0100
-1.6452 -5.2631 2.0100
-1.6352 -5.5531 1.9600
-1.6352 -5.8231 1.9300
-1.8852 -3.9831 2.1400
-1.8752 -4.2531 2.0600
-1.8752 -4.5431 2.0400
-1.8752 -4.8331 2.0000
-1.8752 -5.1031 1.9500
-1.8652 -5.3831 1.9400
-1.8652 -5.6131 1.9600
-2.1352 -4.1131 2.0600
-2.1352 -4.3931 2.0600
-2.1352 -4.6731 2.0100
-2.1352 -4.9631 1.9500
-2.1252 -5.2331 1.9700
-2.3952 -3.9531 2.0300
-2.3952 -4.2631 1.9800
-2.3952 -4.5431 1.9600
-2.3952 -4.8031 1.9600
-2.3852 -5.0631 1.9300
-2.6652 -3.9331 2.0000
-2.6652 -4.2131 1.9800
-2.6652 -4.4831 1.9500
-2.6652 -4.7531 1.9800
-2.9452 -4.0531 1.9700
-2.9452 -4.3431 1.9300
-2.9252 -6.2231 2.4400
-3.1552 -3.9531 1.9200
-3.1552 -4.2231 1.9100
-3.3152 -5.9231 0.8700
-3.3152 -5.9531 1.4100
-3.3152 -5.9731 1.9400
-3.3252 -5.7731 2.9700
-3.3152 -5.8831 3.3400
-3.3152 -5.8631 4.0200
-3.3152 -5.8831 4.5900
-3.3252 -5.8831 5.2300
-3.3152 -5.9431 5.6800
-3.3152 -6.0231 6.1300
-3.3152 -6.1831 6.3400
-3.5752 -5.7831 0.6800
-3.5752 -5.8431 1.1500
-3.5752 -5.8731 1.6500
-3.5752 -5.6031 2.9500
-3.5752 -5.6831 3.3300
-3.5752 -5.6731 3.9000
-3.5752 -5.6931 4.4500
-3.5752 -5.6831 5.1300
-3.5752 -5.7231 5.6600
-3.5752 -5.7631 6.1300
-3.5752 -5.9931 6.2100
-3.5752 -6.4631 5.7600
-3.9252 -5.4731 0.6700
-3.9252 -5.4331 1.3700
-3.9252 -5.4531 1.9100
-3.9252 -5.1931 3.1500
-3.9252 -5.2931 3.5500
-3.9252 -5.2931 4.1100
-3.9252 -5.2731 4.7800
-3.9252 -5.3031 5.2400
-3.9252 -5.3431 5.7900
-3.9252 -5.4431 6.1900
-3.9252 -5.8531 5.8200
-3.9152 -6.1631 5.7600
-3.9152 -6.4231 5.7700
-3.9152 -6.7131 5.7100
-3.9152 -6.9731 5.7400
-4.2152 -5.1231 0.9300
-4.2152 -5.1931 1.3200
-4.2152 -4.7831 2.8500
-4.2152 -5.1931 1.9200
-4.2152 -4.8931 3.2200
-4.2152 -4.9531 3.6500
-4.2152 -4.9631 4.2700
-4.2152 -5.0031 4.8400
-4.2152 -5.0031 5.3900
-4.2152 -5.0531 5.9000
-4.2152 -5.1531 6.2800
-4.2052 -5.6431 5.8000
-4.2052 -5.9131 5.8000
-4.2052 -6.1831 5.8000
-4.2052 -6.4631 5.7400
-4.2052 -6.7431 5.7500
-4.1952 -7.0131 5.7100
-4.1952 -7.3131 5.6600
-4.3752 -4.9231 0.8700
-4.3752 -4.9831 1.3900
-4.3752 -4.9831 1.9900
-4.3852 -4.7431 3.1800
-4.3852 -4.8131 3.5900
-4.3852 -4.7731 4.3100
-4.3752 -4.8031 4.8700
-4.3852 -4.7731 5.5000
-4.3852 -4.8731 5.8600
-4.3752 -5.0331 6.1400
-4.3752 -5.4531 5.8000
-4.3752 -5.7231 5.7900
-4.3752 -6.0031 5.7900
-4.3652 -6.2631 5.7600
-4.3652 -6.5331 5.7400
-4.3652 -6.7931 5.7700
-4.3652 -7.0731 5.7600
-4.3552 -7.3731 5.7100
-4.5152 -4.8531 0.5700
-4.5152 -4.8531 1.1900
-4.5252 -4.4031 2.8200
-4.5152 -4.9031 1.6900
-4.5252 -4.5431 3.0700
-4.5252 -4.5931 3.5500
-4.5252 -4.6031 4.1700
-4.5252 -4.6231 4.7300
-4.5252 -4.6131 5.4000
-4.5252 -4.7031 5.7400
-4.5152 -4.7831 6.1800
-4.5152 -5.1431 5.9700
-4.5152 -5.5031 5.8200
-4.5152 -5.7731 5.7900
-4.5052 -6.0231 5.7800
-4.5052 -6.3331 5.7800
-4.5052 -6.6131 5.7900
-4.5052 -6.8931 5.7700
-4.5052 -7.1531 5.7500
-4.4952 -7.4131 5.6900
-4.7552 -4.7131 0.4400
-4.7552 -4.7131 1.0400
-4.7552 -4.1231 2.9800
-4.7552 -4.7531 1.5600
-4.7552 -4.3131 3.2000
-4.7552 -4.3431 3.7000
-4.7552 -4.3231 4.3600
-4.7552 -4.3631 4.9100
-4.7552 -4.3831 5.5100
-4.7552 -4.4031 6.0900
-4.7552 -4.5931 6.2800
-4.7452 -5.0831 5.8100
-4.7452 -5.3331 5.7700
-4.7452 -5.6031 5.8000
-4.7452 -5.8531 5.7900
-4.7452 -6.1031 5.7800
-4.7352 -6.3531 5.7800
-4.7352 -6.6531 5.7700
-4.7352 -6.9231 5.7500
-4.7352 -7.1531 5.7600
-4.7252 -7.4231 5.7600
-4.7252 -7.7131 5.6800
-5.0252 -4.0131 3.0400
-5.0152 -4.8931 1.0500
-5.0252 -4.0631 3.4500
-5.0252 -4.0531 4.0700
-5.0252 -4.0631 4.6700
-5.0252 -4.0531 5.2700
-5.0252 -4.1231 5.7000
-5.0252 -4.2131 6.0500
-5.0252 -4.5431 5.9500
-5.0252 -4.8431 5.8500
-5.0152 -5.1031 5.8300
-5.0152 -5.3531 5.8200
-5.0152 -5.5931 5.8100
-5.0152 -5.9031 5.8100
-5.0052 -6.1931 5.7900
-5.0052 -6.4131 5.8000
-5.0052 -6.6931 5.7700
-5.0052 -6.9431 5.7900
-5.0052 -7.2431 5.7600
-4.9952 -7.5031 5.7300
-4.9952 -7.7731 5.7400
-4.9952 -8.0031 5.8000
-5.2752 -4.2631 5.9800
-5.2752 -4.6031 5.8400
-5.2752 -4.8631 5.8400
-5.2652 -5.1231 5.8200
-5.2652 -5.3931 5.8100
-5.2652 -5.6631 5.8100
-5.2652 -5.9531 5.7900
-5.2552 -6.2031 5.7900
-5.2552 -6.4431 5.7700
-5.2552 -6.7431 5.7700
-5.2552 -7.0231 5.7700
-5.2552 -7.2931 5.7800
-5.2452 -7.5831 5.7600
-5.2452 -7.8431 5.7300
-5.2452 -8.1331 5.7200
-5.5252 -4.1131 5.9100
-5.5152 -4.3731 5.8900
-5.5152 -4.6231 5.8900
-5.5152 -4.9131 5.8500
-5.5152 -5.1931 5.8400
-5.5152 -5.4831 5.8400
-5.5052 -5.7731 5.8200
-5.5052 -6.0131 5.8200
-5.5052 -6.2831 5.8200
-5.5052 -6.5531 5.8200
-5.4952 -6.8131 5.8100
-5.4952 -7.0731 5.7800
-5.4952 -7.3631 5.7700
-5.4952 -7.6431 5.7900
-5.4952 -7.9331 5.7600
-5.4852 -8.1831 5.7400
-5.4852 -8.4431 5.6800
-5.7752 -4.1331 5.9000
-5.7752 -4.4131 5.8800
-5.7752 -4.6831 5.8600
-5.7652 -4.9331 5.8300
-5.7652 -5.1831 5.8400
-5.7652 -5.4831 5.8300
-5.7652 -5.7531 5.8300
-5.7652 -6.0231 5.8400
-5.7552 -6.3131 5.8000
-5.7552 -6.5631 5.8100
-5.7552 -6.8531 5.7800
-5.7552 -7.1031 5.7800
-5.7452 -7.3631 5.7700
-5.7452 -7.6431 5.7700
-5.7452 -7.9031 5.7500
-5.7452 -8.1731 5.7800
-5.7452 -8.4831 5.7100
-5.7352 -8.7131 5.7600
-5.9852 -4.1531 5.8700
-5.9752 -4.3931 5.8800
-5.9752 -4.7031 5.8300
-5.9752 -4.9431 5.8700
-5.9752 -5.1931 5.8600
-5.9752 -5.4731 5.8500
-5.9652 -5.7431 5.8200
-5.9652 -6.0431 5.8100
-5.9652 -6.3031 5.8000
-5.9652 -6.5631 5.8100
-5.9552 -6.8431 5.7900
-5.9552 -7.1231 5.8100
-5.9552 -7.4031 5.8000
-5.9552 -7.6631 5.7600
-5.9552 -7.9431 5.7900
-5.9452 -8.2231 5.8000
-5.9452 -8.4931 5.7600
-5.9452 -8.7331 5.7200
-6.1652 -4.0331 5.8800
-6.1652 -4.3231 5.8800
-6.1652 -4.5931 5.8900
-6.1652 -4.8531 5.8600
-6.1552 -5.1431 5.8700
-6.1552 -5.4431 5.8200
-6.1552 -5.7131 5.8400
-6.1552 -5.9731 5.8300
-6.1552 -6.2431 5.8400
-6.1452 -6.5331 5.8200
-6.1452 -6.7931 5.8100
-6.1452 -7.0331 5.8100
-6.1452 -7.3331 5.8000
-6.1352 -7.6031 5.7700
-6.1352 -7.8531 5.8000
-6.1352 -8.1531 5.7800
-6.1352 -8.4131 5.7600
-6.1352 -8.6931 5.7300
-6.1252 -8.9631 5.7200
13.8448 12.3369 4.9300
13.8448 12.0069 4.8100
13.8448 11.6469 4.5400
13.8548 11.3169 4.3700
13.8548 10.9869 4.2500
13.6648 12.4869 5.2500
13.6648 12.1369 5.0100
13.6648 11.7069 4.6800
13.6748 11.3869 4.5400
13.6748 11.0669 4.3500
13.6748 10.7669 4.2300
13.3848 12.5269 5.3800
13.3848 12.1469 5.1500
13.3948 11.8069 4.9400
13.3948 11.4269 4.6800
13.3948 11.0669 4.4600
13.3948 10.7269 4.2600
13.0848 12.2369 5.3500
13.0848 11.8769 5.1400
13.0848 11.4569 4.8300
13.0948 11.0969 4.5600
13.0948 10.7569 4.4200
13.0948 10.4169 4.2600
12.8148 12.2669 5.5100
12.8148 11.9069 5.2900
12.8148 11.5169 5.0400
12.8248 11.1569 4.7600
12.8248 10.8369 4.6000
12.8248 10.4669 4.3900
12.8248 10.1369 4.2500
12.5748 12.5069 5.8100
12.5748 12.1169 5.5700
12.5748 11.7669 5.3100
12.5748 11.4569 5.1800
12.5848 11.0969 4.9600
12.5848 10.6869 4.6800
12.5848 10.2669 4.3500
12.5948 9.9769 4.2700
12.3448 12.1969 5.7000
12.3448 11.8569 5.5700
12.3448 11.4469 5.2300
12.3548 11.0969 5.0200
12.3548 10.7469 4.7900
12.3548 10.4069 4.6000
12.3648 10.0569 4.3600
12.1548 12.5269 6.0700
12.1548 12.1569 5.7900
12.1548 11.7669 5.5400
12.1548 11.4469 5.3700
12.1648 11.0869 5.1400
12.1648 10.7569 4.9200
12.1648 10.3769 4.6200
12.1648 10.0269 4.4800
11.9648 12.5169 6.1400
11.9648 12.1569 5.8900
11.9648 11.8169 5.6700
11.9648 11.5169 5.5600
11.9748 11.0969 5.1900
11.9748 10.7769 5.0700
11.9748 10.3469 4.7000
11.9748 10.1069 4.7500
11.6948 12.2369 6.1300
11.6948 11.8969 5.9100
11.7048 11.5169 5.6500
11.7048 11.1469 5.4400
11.7048 10.7669 5.2200
11.7048 10.4169 5.0100
11.3448 12.4969 6.4100
11.3548 12.1669 6.2700
11.3548 11.8269 6.0300
11.3548 11.4669 5.8000
11.3548 11.1469 5.6600
11.0648 12.4969 6.6400
11.0648 12.1369 6.4100
11.0648 11.7569 6.1800
11.0748 11.4169 5.9500
11.0748 11.0769 5.7400
10.8848 12.4669 6.7100
10.8848 12.0969 6.4800
10.8848 11.7269 6.2300
10.8948 11.3869 6.0700
10.6948 12.2469 6.7400
10.7048 11.8969 6.4800
10.7048 11.5369 6.3400
10.4048 12.5069 7.0000
10.4048 12.0869 6.6300
10.0748 12.4169 7.2400
7.4848 6.7169 4.0600
7.4848 6.4069 3.9700
7.4848 6.1469 4.0200
7.5648 -3.6731 2.3400
7.5648 -3.8831 2.4500
7.1448 6.7269 0.5700
7.1448 6.7769 1.3100
7.1448 6.7869 1.9600
7.1448 6.8069 2.5800
7.1448 6.7769 3.1600
7.1448 6.7669 3.6900
7.1448 6.7469 4.2600
7.1548 6.4469 4.2400
7.1548 6.1169 4.0400
7.2248 -3.1331 2.3800
7.2248 -3.3931 2.3900
7.2348 -3.5631 2.5200
7.2348 -3.8631 2.5200
6.8948 7.0469 0.9500
6.8948 7.0469 1.5300
6.8948 7.0869 2.2700
6.8948 7.0469 2.8200
6.8948 7.0069 3.3200
6.8948 7.0169 3.9900
6.8948 7.0169 4.6200
6.9048 6.6669 4.4400
6.9048 6.3069 4.2200
6.9048 5.9669 4.0500
6.9048 5.6769 4.0200
6.9848 -3.6031 0.3400
6.9848 -3.6031 0.9300
6.9748 -3.2431 2.3600
6.9848 -3.4331 2.5200
6.9848 -3.6831 2.5800
6.7048 7.3069 1.0600
6.7048 7.2569 1.6600
6.7048 7.2869 2.3100
6.7048 7.2969 2.9600
6.7048 7.2569 3.4600
6.7048 7.2569 4.1000
6.7048 7.2969 4.8000
6.7048 7.0169 4.8000
6.7148 6.6369 4.5300
6.7148 6.3069 4.3300
6.7148 5.9369 4.1400
6.7148 5.6269 4.0200
6.7948 -3.4331 0.8100
6.7948 -3.4331 1.4200
6.7948 -3.4331 2.0700
6.7948 -3.5131 2.5000
6.7948 -3.7231 2.6400
6.5048 7.4369 0.4400
6.5048 7.4969 1.1900
6.5048 7.5069 1.8700
6.5048 7.5269 2.4800
6.5048 7.5169 3.1500
6.5048 7.5069 3.7000
6.5048 7.4769 4.2500
6.5048 7.5469 5.0200
6.5048 7.2569 4.9800
6.5148 6.8969 4.7700
6.5148 6.4869 4.4700
6.5148 6.1269 4.2800
6.5248 5.7569 4.0800
6.5248 5.4469 4.0000
6.5948 -3.4731 0.4000
6.5948 -3.5131 0.8700
6.5948 -3.5331 1.4700
6.5948 -3.5331 2.0900
6.5948 -3.6231 2.5300
6.5948 -3.7931 2.7200
6.3048 7.6969 0.7100
6.3048 7.7069 1.3800
6.3048 7.7169 2.0100
6.3048 7.7369 2.7100
6.3048 7.6969 3.2000
6.3048 7.7369 3.9800
6.3048 7.6769 4.4900
6.3048 7.7669 5.3400
6.3048 7.4469 5.2100
6.3048 7.0969 4.9900
6.3148 6.7269 4.7500
6.3148 6.3969 4.5500
6.3148 6.0569 4.3600
6.3248 5.7469 4.1900
6.3248 5.3869 4.0300
6.3348 3.7969 0.9300
6.3948 -3.6131 0.9500
6.3948 -3.6831 1.4000
6.3948 -3.6731 1.9800
6.3948 -3.7931 2.3300
6.3948 -3.8831 2.7400
6.0848 7.9869 0.4900
6.0848 7.9469 1.0900
6.0848 8.0269 1.8900
6.0848 8.0269 2.4900
6.0848 8.0069 3.0300
6.0848 7.9869 3.5900
6.0848 8.0069 4.1900
6.0848 7.9769 4.7400
6.0848 8.0569 5.5900
6.0848 7.7969 5.5200
6.0848 7.4569 5.3200
6.0848 7.0969 5.0800
6.0948 6.7469 4.8600
6.0948 6.3669 4.6100
6.0948 5.9969 4.3700
6.1048 5.6769 4.2300
6.1048 5.3369 4.0500
6.1048 5.0469 3.9600
6.1148 3.8169 1.1300
6.1148 3.5669 1.1800
6.1248 2.8969 3.3200
6.1248 2.6969 3.4700
6.1748 -3.8531 1.3400
6.1748 -3.8531 1.9600
5.8048 8.3369 0.8600
5.8048 8.3169 1.4200
5.8048 8.3169 2.1000
5.8048 8.3369 2.7100
5.8048 8.3169 3.2400
5.8048 8.3369 3.8300
5.8048 8.2569 4.3200
5.8048 8.3069 5.0700
5.8048 8.4369 5.9700
5.8048 8.1669 5.8700
5.8048 7.8169 5.6800
5.8048 7.4469 5.4800
5.8148 7.0769 5.2200
5.8148 6.7369 5.0000
5.8148 6.3669 4.8100
5.8148 6.0069 4.5700
5.8248 5.6769 4.4000
5.8248 5.3069 4.1400
5.8248 4.9769 4.0400
5.8348 3.7269 1.1400
5.8348 3.5569 1.4200
5.8448 3.3969 1.7100
5.8448 2.9769 1.2700
5.8448 2.8769 1.6800
5.8448 3.2969 3.2500
5.8448 2.8269 2.1600
5.8448 3.1069 3.4000
5.8448 2.9169 3.5100
5.8448 2.6069 3.4200
5.4848 8.6469 0.6500
5.4848 8.7069 1.3800
5.4848 8.7169 2.0400
5.4848 8.6769 2.5700
5.4848 8.6869 3.1900
5.4848 8.6569 3.7300
5.4848 8.6469 4.2600
5.4848 8.6169 4.8400
5.4848 8.7269 5.6700
5.4848 8.7069 6.3100
5.4848 8.4269 6.2300
5.4948 8.1369 6.0600
5.4948 7.7169 5.7700
5.4948 7.3169 5.5100
5.5048 6.9769 5.3400
5.5048 6.5969 5.1000
5.5048 6.2369 4.8900
5.5148 5.8469 4.6200
5.5148 5.5269 4.4500
5.5148 5.1869 4.2400
5.5148 4.8669 4.0900
5.5248 4.5469 4.0100
5.5248 3.5069 1.6000
5.5348 3.2369 1.6100
5.5248 3.6669 3.2400
5.5348 2.9469 1.5800
5.5248 3.4969 3.4300
5.5348 2.8969 2.0400
5.5348 3.2669 3.4900
5.5348 2.9569 3.4200
5.5348 2.6469 3.2800
5.5348 2.3769 3.2500
5.5348 2.0869 3.2200
5.2548 8.9169 0.5800
5.2548 8.9569 1.3000
5.2548 8.9369 1.8800
5.2548 8.9669 2.5900
5.2548 8.9069 3.0100
5.2548 8.9269 3.6400
5.2548 8.9169 4.2700
5.2548 8.9469 4.9800
5.2548 8.9269 5.5900
5.2548 9.1469 6.6800
5.2548 8.8469 6.6400
5.2548 8.4669 6.3900
5.2648 8.1169 6.1600
5.2648 7.7969 5.9400
5.2648 7.4269 5.7100
5.2748 7.0369 5.4800
5.2748 6.6569 5.2400
5.2748 6.3269 5.0500
5.2848 5.9569 4.8000
5.2848 5.5969 4.5900
5.2848 5.2369 4.3800
5.2848 4.9169 4.1800
5.2948 4.6069 4.0500
5.2948 3.5469 1.6100
5.2948 4.0969 3.5400
5.3048 3.2569 1.6100
5.2948 3.7669 3.3800
5.3048 2.9769 1.5400
5.2948 3.5369 3.5000
5.3048 3.2069 3.3600
5.3048 2.9169 3.2900
5.3048 2.6269 3.2300
5.3048 2.3469 3.2300
5.3148 2.0969 3.2600
5.3148 1.8169 3.2600
5.1048 9.1269 0.7000
5.1048 9.1069 1.3100
5.1048 9.1669 2.0900
5.1048 9.1269 2.5800
5.1048 9.1469 3.2500
5.1048 9.0969 3.7400
5.1048 9.1069 4.3500
5.1048 9.1069 4.9400
5.1048 9.1269 5.6100
5.1048 9.3269 6.7200
5.1048 9.1169 6.8900
5.1148 8.7569 6.6300
5.1148 8.4069 6.4100
5.1148 8.0169 6.1300
5.1248 7.6869 5.9600
5.1248 7.3369 5.7300
5.1248 6.9869 5.5300
5.1248 6.6169 5.3100
5.1348 6.2469 5.0400
5.1348 5.8569 4.8000
5.1348 5.5169 4.5900
5.1448 5.1569 4.3900
5.1448 4.7869 4.1600
5.1448 4.4369 4.0100
5.1548 3.3569 1.5100
5.1548 3.9469 3.4500
5.1548 3.1269 1.5600
5.1548 3.6669 3.4600
5.1548 3.3569 3.3500
5.1548 3.0569 3.2700
5.1548 2.7969 3.2600
5.1648 2.5169 3.2100
5.1648 2.2569 3.2000
5.1648 1.9869 3.2200
5.1648 1.7269 3.2700
4.9048 9.3669 0.7000
4.9148 9.3669 1.2500
4.9148 9.3369 1.9300
4.9048 9.3369 2.5400
4.9048 9.3069 3.0900
4.9148 9.3169 3.6800
4.9048 9.3469 4.4000
4.9048 9.3469 5.0500
4.9048 9.3269 5.5500
4.9048 9.5869 6.7100
4.9048 9.3369 6.8300
4.9148 9.1469 6.9700
4.9148 8.8169 6.8300
4.9148 8.4369 6.5100
4.9148 8.0669 6.3300
4.9248 7.6769 6.0500
4.9248 7.3469 5.8900
4.9248 6.9469 5.6100
4.9348 6.6069 5.4100
4.9348 6.2169 5.1900
4.9348 5.8469 4.9400
4.9448 5.5069 4.7300
4.9448 5.1669 4.5500
4.9448 4.7869 4.3400
4.9448 4.4069 4.0800
4.9548 4.0269 3.7400
4.9548 3.5969 3.4000
4.9548 3.2869 3.3000
4.9548 2.9769 3.2500
4.9648 2.7769 3.3100
4.9648 2.4769 3.2700
4.9648 2.1769 3.2600
4.9648 1.9069 3.2600
4.9748 1.6569 3.2800
4.5948 9.7369 0.8900
4.5948 9.7069 1.4600
4.5948 9.7269 2.0700
4.5948 9.6869 2.6000
4.5948 9.7069 3.3100
4.5948 9.7169 3.8900
4.5948 9.6869 4.4400
4.5948 9.6769 5.1100
4.5948 10.0869 6.6400
4.5948 9.6769 5.7000
4.5948 9.8469 6.7200
4.5948 9.6369 6.8500
4.5948 9.3869 6.9400
4.5948 9.1869 7.0500
4.6048 8.9069 7.0200
4.6048 8.4969 6.6700
4.6048 8.1569 6.4900
4.6048 7.7969 6.2900
4.6148 7.4469 6.0900
4.6148 7.0569 5.8200
4.6148 6.7069 5.6300
4.6248 6.3269 5.3900
4.6248 5.9869 5.1600
4.6248 5.6269 4.9200
4.6348 5.2669 4.7100
4.6348 4.8669 4.4700
4.6348 4.5369 4.3200
4.6348 4.2069 4.1700
4.6448 3.8469 3.9800
4.6448 3.2469 3.2800
4.6448 2.9769 3.2800
4.6548 2.7169 3.2700
4.6548 2.4669 3.2600
4.6548 2.2069 3.2700
4.6548 1.9469 3.2600
4.6548 1.6969 3.2400
4.6648 1.3869 3.1700
4.2848 10.0369 0.3900
4.2848 10.0369 1.0300
4.2848 10.0469 1.6400
4.2848 10.1169 2.4600
4.2848 10.0469 2.9600
4.2848 10.0669 3.6400
4.2848 10.0069 4.1100
4.2848 10.0369 4.8200
4.2848 10.0869 5.5800
4.2848 9.9769 5.8900
4.2848 10.1169 6.7900
4.2848 9.8669 6.8900
4.2848 9.6369 6.9900
4.2848 9.4369 7.0800
4.2948 9.2069 7.1900
4.2948 8.9569 7.2300
4.2948 8.5469 6.9100
4.2948 8.2569 6.7500
4.3048 7.8569 6.5000
4.3048 7.4669 6.2700
4.3048 7.0869 5.9900
4.3148 6.7269 5.7800
4.3148 6.3269 5.5400
4.3148 5.9669 5.3500
4.3248 5.6069 5.0900
4.3248 5.2869 4.9000
4.3248 4.9469 4.7000
4.3248 4.5869 4.5000
4.3348 4.2669 4.3300
4.3348 3.8869 4.0800
4.3348 3.5669 3.9300
4.3448 3.0569 3.3200
4.3448 2.8069 3.3600
4.3448 2.5369 3.3000
4.3448 2.2569 3.2900
4.3448 1.9769 3.2800
4.3548 1.6969 3.2400
4.3548 1.4269 3.2200
4.3548 1.1869 3.2300
4.0648 10.3369 0.7000
4.0648 10.2569 1.1600
4.0648 10.3869 2.1000
4.0648 10.3669 2.6300
4.0648 10.3369 3.1500
4.0648 10.2969 3.7200
4.0648 10.3069 4.3600
4.0648 10.3069 4.9800
4.0648 10.3269 5.6600
4.0648 10.4869 6.6000
4.0648 10.2969 6.8200
4.0748 10.0869 6.9100
4.0748 9.8469 6.9900
4.0748 9.6269 7.1100
4.0748 9.3969 7.2000
4.0748 9.1569 7.3300
4.0848 8.8569 7.2700
4.0848 8.4569 6.9800
4.0848 8.1369 6.7900
4.0848 7.7969 6.6000
4.0948 7.4269 6.3300
4.0948 7.1069 6.1400
4.0948 6.7369 5.9100
4.0948 6.3669 5.6900
4.1048 6.0269 5.4900
4.1048 5.6969 5.2700
4.1048 5.3369 5.0600
4.1148 5.0169 4.8800
4.1148 4.6369 4.6600
4.1148 4.2569 4.3800
4.1148 3.9269 4.2300
4.1248 3.5669 4.0000
4.1248 3.0669 3.4400
4.1248 2.7969 3.4500
4.1348 2.4769 3.3000
4.1348 2.1969 3.2900
4.1348 1.9369 3.2800
4.1348 1.6469 3.2100
4.1348 1.3769 3.2200
4.1448 1.1069 3.2200
4.1448 0.8269 3.2300
3.9148 10.4969 0.7000
3.9148 10.4869 1.3500
3.9148 10.5069 2.0200
3.9148 10.5169 2.6600
3.9148 10.5069 3.1800
3.9148 10.4769 3.7400
3.9148 10.5069 4.5400
3.9148 10.4969 5.1200
3.9148 10.5069 5.7300
3.9048 10.6369 6.7500
3.9148 10.3969 6.8600
3.9148 10.1969 6.9400
3.9148 9.9869 7.0300
3.9148 9.7769 7.1100
3.9148 9.5469 7.2200
3.9148 9.3369 7.3100
3.9248 9.1369 7.4400
3.9248 8.8669 7.4200
3.9248 8.4869 7.1200
3.9248 8.1269 6.8900
3.9348 7.7969 6.6800
3.9348 7.4169 6.4500
3.9348 7.0669 6.2600
3.9448 6.6569 5.9500
3.9448 6.3269 5.7400
3.9448 6.0069 5.5700
3.9448 5.6269 5.3300
3.9548 5.2869 5.1400
3.9548 4.8969 4.8800
3.9548 4.5669 4.6700
3.9648 4.2369 4.5100
3.9648 3.8669 4.3200
3.9648 3.4969 4.1100
3.9648 2.9969 3.5700
3.9748 2.6169 3.3500
3.9748 2.3269 3.2700
3.9748 2.0569 3.2900
3.9748 1.8269 3.2900
3.9848 1.5569 3.2700
3.9848 1.2669 3.2200
3.9848 0.9869 3.2300
3.9848 0.7369 3.2500
3.7348 10.7369 0.9200
3.7348 10.7469 1.5900
3.7348 10.7269 2.1900
3.7348 10.7169 2.8300
3.7348 10.7169 3.4600
3.7348 10.7269 4.0800
3.7348 10.7269 4.6300
3.7348 10.6869 5.1900
3.7348 10.7069 5.7900
3.7348 10.8369 6.6700
3.7348 10.6469 6.8500
3.7348 10.4069 6.9100
3.7348 10.2069 7.0100
3.7348 9.9769 7.0800
3.7348 9.7869 7.1800
3.7448 9.5469 7.3100
3.7448 9.3369 7.4400
3.7448 9.1369 7.5400
3.7448 8.8269 7.4100
3.7448 8.4669 7.2000
3.7548 8.0969 6.9800
3.7548 7.7269 6.6800
3.7548 7.3769 6.4800
3.7648 7.0169 6.2900
3.7648 6.6569 6.0400
3.7648 6.3069 5.8400
3.7748 5.9269 5.5700
3.7748 5.5369 5.3500
3.7748 5.1669 5.1400
3.7748 4.8269 4.9400
3.7848 4.4769 4.7300
3.7848 4.1069 4.4900
3.7848 3.7769 4.3200
3.7948 3.4369 4.1000
3.7948 3.0669 3.8900
3.7948 2.5169 3.2800
3.8048 2.2469 3.2900
3.8048 1.9869 3.2700
3.8048 1.7269 3.2500
3.8048 1.4269 3.2300
3.8048 1.1769 3.2400
3.8148 0.9169 3.2300
3.8148 0.6269 3.2000
3.8248 -0.5131 1.7900
3.8248 -0.7831 3.6400
3.8248 -1.0631 3.6500
3.5248 10.9869 0.8300
3.5248 10.9269 1.3100
3.5248 10.9069 1.8400
3.5248 10.9069 2.4300
3.5248 10.9369 3.0800
3.5248 10.8669 3.5700
3.5248 10.8969 4.2600
3.5248 10.9069 4.8400
3.5248 10.9269 5.4600
3.5248 10.9069 6.0200
3.5248 10.9669 6.8200
3.5248 10.7369 6.9200
3.5248 10.5269 6.9900
3.5248 10.2969 7.0600
3.5348 10.0769 7.1600
3.5348 9.8469 7.2500
3.5348 9.6469 7.3600
3.5348 9.4169 7.4700
3.5348 9.2169 7.6100
3.5348 8.9969 7.6900
3.5448 8.6169 7.3800
3.5448 8.2269 7.1400
3.5448 7.8469 6.9300
3.5548 7.4469 6.6500
3.5548 7.1369 6.4700
3.5548 6.7469 6.2200
3.5648 6.3969 6.0000
3.5648 6.0369 5.7600
3.5648 5.7169 5.5700
3.5648 5.3369 5.3200
3.5748 4.9669 5.1200
3.5748 4.5869 4.9200
3.5748 4.2469 4.7000
3.5848 3.9269 4.5300
3.5848 3.5469 4.2900
3.5848 3.2069 4.1100
3.5848 2.8569 3.8900
3.5948 2.3369 3.3100
3.5948 2.0769 3.3000
3.5948 1.7769 3.2900
3.5948 1.4969 3.2200
3.6048 1.2469 3.2300
3.6048 0.9669 3.2200
3.6048 0.6669 3.1900
3.6048 0.3569 3.1300
3.6148 -0.2531 1.7400
3.6148 -0.4631 1.8200
3.6148 -0.6831 1.9400
3.6148 -0.6531 2.6700
3.6148 -0.6431 3.2600
3.6148 -0.7031 3.7100
3.6148 -0.9931 3.6700
3.2848 11.2469 0.9500
3.2848 11.2669 1.5900
3.2848 11.2369 2.0900
3.2848 11.2169 2.7100
3.2848 11.2069 3.3400
3.2848 11.1969 3.9000
3.2848 11.2369 4.5700
3.2848 11.1969 5.0900
3.2848 11.1669 5.6100
3.2848 11.2469 6.4300
3.2848 11.0769 6.7100
3.2948 10.8769 6.8100
3.2948 10.6869 6.9400
3.2948 10.4569 7.0400
3.2948 10.2469 7.1900
3.2948 10.0269 7.3300
3.2948 9.8069 7.4500
3.3048 9.6069 7.5700
3.3048 9.3869 7.7100
3.3048 9.1769 7.7800
3.3048 8.9069 7.7600
3.3048 8.5169 7.4300
3.3148 8.1269 7.1700
3.3148 7.7769 6.9900
3.3148 7.3569 6.6600
3.3248 7.0569 6.5100
3.3248 6.6769 6.2600
3.3248 6.3269 6.0800
3.3248 5.9769 5.8500
3.3348 5.6369 5.6100
3.3348 5.2669 5.4500
3.3348 4.9169 5.1900
3.3448 4.5269 4.9300
3.3448 4.1769 4.7300
3.3448 3.8269 4.5600
3.3448 3.4569 4.3400
3.3548 3.0769 4.1000
3.3548 2.7569 3.9600
3.3548 2.1869 3.2600
3.3648 1.8969 3.2600
3.3648 1.6169 3.2200
3.3648 1.3669 3.2300
3.3648 1.1169 3.2400
3.3748 0.8169 3.2200
3.3748 0.5169 3.1800
3.3748 0.2869 3.1700
3.3848 -0.4831 2.0800
3.3848 -0.4631 2.7100
3.3748 -0.3431 3.6000
3.3848 -0.5731 3.6600
3.3848 -0.8731 3.6300
3.3848 -1.1931 3.5200
3.3848 -1.5031 3.4400
3.0048 11.5969 0.8100
3.0048 11.5769 1.3500
3.0048 11.5569 1.9100
3.0048 11.5569 2.5400
3.0048 11.5369 3.0700
3.0048 11.5269 3.7200
3.0048 11.5669 4.4200
3.0048 11.5369 4.9200
3.0048 11.5169 5.5000
3.0048 11.5569 6.2100
3.0048 11.3169 6.3500
3.0148 11.1269 6.5100
3.0148 10.9269 6.6200
3.0148 10.7069 6.7400
3.0148 10.4769 6.8500
3.0148 10.2769 6.9700
3.0148 10.0969 7.0900
3.0248 9.8669 7.2400
3.0248 9.6569 7.3900
3.0248 9.4369 7.5300
3.0248 9.2769 7.6700
3.0248 9.0569 7.7900
3.0248 8.7969 7.8500
3.0348 8.4169 7.5500
3.0348 8.0769 7.3100
3.0348 7.7269 7.1200
3.0448 7.3569 6.8900
3.0448 6.9669 6.6300
3.0448 6.6069 6.4300
3.0448 6.2769 6.2100
3.0548 5.9069 6.0000
3.0548 5.5069 5.7400
3.0548 5.1269 5.4900
3.0648 4.7869 5.2800
3.0648 4.3969 5.0300
3.0648 4.0269 4.8200
3.0648 3.6969 4.6300
3.0748 3.3569 4.4200
3.0748 3.0069 4.2100
3.0748 2.6069 4.0300
3.0848 2.3369 3.9600
3.0848 1.7669 3.2600
3.0848 1.5169 3.2600
3.0848 1.2169 3.2700
3.0948 0.9769 3.2800
3.0948 0.6869 3.2300
3.0948 0.4169 3.2500
3.0948 0.1069 3.1900
3.0948 -0.0031 3.5900
3.1048 -0.2131 3.7100
3.1048 -0.5231 3.6500
3.1048 -0.8231 3.5400
3.1048 -1.1031 3.4900
3.1048 -1.3431 3.5200
3.1148 -1.5931 3.4800
2.7048 11.9169 0.3900
2.7048 11.8869 0.9400
2.7048 11.9369 1.7000
2.7048 11.8869 2.2500
2.7048 11.8569 2.8300
2.7048 11.8569 3.4400
2.7048 11.8669 4.0000
2.7048 11.8569 4.7200
2.7048 11.9869 5.6100
2.7048 11.8469 5.8500
2.7048 11.6669 6.0000
2.7148 11.4469 6.1400
2.7148 11.2269 6.2700
2.7148 11.0169 6.3800
2.7148 10.7969 6.5000
2.7148 10.5969 6.6200
2.7148 10.3769 6.7400
2.7248 10.1769 6.8700
2.7248 9.9769 7.0000
2.7248 9.7669 7.1500
2.7248 9.5769 7.2800
2.7248 9.3469 7.4200
2.7248 9.1469 7.5500
2.7348 8.9569 7.7100
2.7348 8.7369 7.8200
2.7348 8.4269 7.7500
2.7348 8.0469 7.4900
2.7448 7.6769 7.2600
2.7448 7.2769 6.9700
2.7448 6.9169 6.7500
2.7448 6.5869 6.5800
2.7548 6.2169 6.3100
2.7548 5.8369 6.1000
2.7548 5.4769 5.8700
2.7648 5.1369 5.6600
2.7648 4.7469 5.4400
2.7648 4.3969 5.2200
2.7748 4.0169 4.9600
2.7748 3.6869 4.8000
2.7748 3.2969 4.5500
2.7748 2.9169 4.3200
2.7848 2.5569 4.1200
2.7848 2.2169 3.9500
2.7648 4.9169 10.7700
2.7848 1.6569 3.2900
2.7648 4.5969 10.6900
2.7648 4.3769 10.7800
2.7948 1.1069 3.2700
2.7948 0.8569 3.2800
2.7948 0.6169 3.2500
2.7948 0.4069 3.4000
2.8048 0.2569 3.6600
2.8048 0.0069 3.7300
2.8048 -0.3031 3.5700
2.8048 -0.5831 3.5300
2.8048 -0.8231 3.5500
2.8148 -1.1031 3.5100
2.8148 -1.3731 3.5200
2.8148 -1.6531 3.5100
2.8148 -1.9031 3.5200
2.4948 12.1369 0.9400
2.4948 12.1269 1.5200
2.4948 12.1469 2.1600
2.4948 12.1169 2.6000
2.4948 12.1469 3.3600
2.4948 12.0869 3.8900
2.4948 12.1069 4.5700
2.4948 12.2069 5.3400
2.4948 12.0469 5.6100
2.4948 11.8269 5.7700
2.5048 11.6469 5.9000
2.5048 11.4469 6.0200
2.5048 11.2169 6.1300
2.5048 11.0069 6.2700
2.5048 10.8069 6.3900
2.5048 10.5869 6.5200
2.5148 10.3969 6.6500
2.5148 10.1569 6.7900
2.5148 9.9469 6.9300
2.5148 9.7269 7.0700
2.5148 9.5469 7.1900
2.5148 9.3169 7.3300
2.5248 9.0969 7.4500
2.5248 8.9169 7.6100
2.5248 8.7269 7.7300
2.5248 8.4869 7.8400
2.5248 8.1369 7.6500
2.5348 7.7769 7.4300
2.5348 7.4069 7.1500
2.5348 7.0469 6.9500
2.5448 6.6669 6.7100
2.5448 6.3369 6.5200
2.5448 5.9569 6.2700
2.5448 5.5869 6.0500
2.5548 5.1969 5.8100
2.5548 4.8269 5.6000
2.5548 4.4769 5.3500
2.5648 4.0669 5.0800
2.5648 3.6969 4.8600
2.5648 3.3769 4.7000
2.5648 3.0369 4.4400
2.5448 5.5569 10.8400
2.5748 2.6969 4.2800
2.5548 5.2769 10.8100
2.5748 2.3569 4.0900
2.5748 2.0269 3.9600
2.5848 1.4669 3.2800
2.5848 1.2369 3.3100
2.5848 0.9569 3.2600
2.5848 0.7069 3.2900
2.5848 0.5969 3.6400
2.5948 0.3569 3.7000
2.5948 0.0869 3.6900
2.5948 -0.2131 3.6000
2.5948 -0.4831 3.5700
2.6048 -0.7731 3.5500
2.6048 -1.0231 3.5100
2.6048 -1.3331 3.4600
2.6048 -1.5831 3.4900
2.6048 -1.8231 3.4700
2.3648 12.3369 0.8800
2.3648 12.2869 1.3900
2.3648 12.2569 1.9200
2.3648 12.2769 2.5900
2.3648 12.2469 3.1000
2.3648 12.2669 3.7700
2.3648 12.2669 4.3800
2.3648 12.3769 5.2500
2.3648 12.2169 5.4600
2.3648 11.9869 5.6200
2.3648 11.7869 5.7300
2.3648 11.5869 5.8900
2.3648 11.3469 5.9900
2.3748 11.1269 6.1300
2.3748 10.9369 6.2600
2.3748 10.7269 6.3900
2.3748 10.5069 6.5100
2.3748 10.3069 6.6300
2.3748 10.0969 6.7600
2.3848 9.8869 6.9100
2.3848 9.6669 7.0500
2.3848 9.4669 7.1600
2.3848 9.2469 7.2900
2.3848 9.0669 7.4300
2.3848 8.8469 7.5800
2.3948 8.6469 7.7000
2.3948 8.4269 7.8300
2.3948 8.1269 7.7600
2.3948 7.6969 7.3900
2.4048 7.3369 7.2000
2.4048 6.9269 6.9000
2.4048 6.5769 6.7200
2.4148 6.2269 6.4900
2.4148 5.8869 6.3000
2.4148 5.5469 6.0900
2.4148 5.2069 5.8800
2.4248 4.8569 5.6900
2.4248 4.4769 5.4200
2.4248 4.1269 5.1900
2.4348 3.7869 5.0100
2.4048 6.1069 10.9200
2.4348 3.4269 4.7700
2.4348 3.0969 4.6100
2.4348 2.7269 4.3900
2.4448 2.3469 4.1400
2.4448 2.0469 4.0300
2.4448 1.4769 3.2900
2.4548 1.2469 3.3300
2.4548 0.9469 3.3200
2.4548 0.7669 3.4800
2.4548 0.5769 3.6800
2.4548 0.3469 3.6700
2.4548 0.0569 3.6200
2.4648 -0.2631 3.5400
2.4648 -0.5431 3.5200
2.4648 -0.8231 3.5300
2.4748 -1.1231 3.4900
2.4748 -1.3731 3.5200
2.4748 -1.6431 3.5000
2.4748 -1.9031 3.4900
2.4748 -2.1431 3.5000
2.4948 -3.8231 1.5400
2.4948 -3.8531 2.1000
2.1648 12.4869 0.8100
2.1648 12.4769 1.4500
2.1648 12.5069 2.0900
2.1648 12.4969 2.7100
2.1648 12.4969 3.3800
2.1648 12.4369 3.8800
2.1648 12.4869 5.1900
2.1648 12.2569 5.3400
2.1648 12.0369 5.4700
2.1648 11.8469 5.5900
2.1648 11.6469 5.6900
2.1648 11.4269 5.8200
2.1748 11.1969 5.9700
2.1748 11.0169 6.0900
2.1748 10.8069 6.2100
2.1748 10.6069 6.3400
2.1748 10.3669 6.4900
2.1748 10.1769 6.6200
2.1848 9.9769 6.7300
2.1848 9.7569 6.8800
2.1848 9.5169 7.0200
2.1848 9.3069 7.1600
2.1848 9.1069 7.2700
2.1848 8.8669 7.4200
2.1948 8.6669 7.5700
2.1948 8.4869 7.7000
2.1948 8.2869 7.8100
2.1948 8.0269 7.7800
2.1948 7.6169 7.4800
2.2048 7.2769 7.2900
2.2048 6.9269 7.0500
2.2048 6.5869 6.8300
2.2148 6.2369 6.6300
2.2148 5.8669 6.3800
2.2148 5.5269 6.2000
2.2148 5.1669 6.0000
2.2248 4.8069 5.7400
2.2248 4.4669 5.5700
2.2048 6.5369 10.9200
2.2248 4.0969 5.2900
2.2048 6.2969 10.9500
2.2348 3.7469 5.1000
2.2148 6.0269 10.8800
2.2348 3.4169 4.8900
2.2348 2.9969 4.6400
2.2348 2.6769 4.4800
2.2448 2.3169 4.2200
2.2448 1.9869 4.0300
2.2448 1.6169 3.8900
2.2548 1.0969 3.3500
2.2548 0.9469 3.6000
2.2548 0.7369 3.6900
2.2548 0.4369 3.6800
2.2548 0.1669 3.6200
2.2648 -0.0831 3.6000
2.2648 -0.3431 3.6000
2.2648 -0.6431 3.5700
2.2648 -0.9431 3.5400
2.2748 -1.2331 3.4800
2.2748 -1.4631 3.5300
2.2748 -1.7431 3.4700
2.2748 -2.0431 3.4500
2.2748 -2.2731 3.4900
2.2948 -3.5831 1.7100
2.2948 -3.6931 2.0800
2.2948 -3.7931 2.4800
1.8448 12.3969 5.0800
1.8448 12.1669 5.2000
1.8448 11.9569 5.3100
1.8448 11.7569 5.4600
1.8448 11.5469 5.5800
1.8448 11.3369 5.7400
1.8548 11.1169 5.8700
1.8548 10.8969 5.9800
1.8548 10.6669 6.1100
1.8548 10.4569 6.2800
1.8548 10.2569 6.4200
1.8548 10.0569 6.5200
1.8648 9.8369 6.6300
1.8648 9.6469 6.7600
1.8648 9.4469 6.8800
1.8648 9.2569 7.0200
1.8648 9.0369 7.1400
1.8648 8.8469 7.2800
1.8748 8.6269 7.4000
1.8748 8.4469 7.5600
1.8748 8.2569 7.6700
1.8748 8.0369 7.8100
1.8748 7.7569 7.7900
1.8848 7.3769 7.5100
1.8848 7.0569 7.3500
1.8848 6.6869 7.0200
1.8848 6.3069 6.8400
1.8948 5.9569 6.6500
1.8948 5.5869 6.4100
1.8948 5.2469 6.1700
1.9048 4.8669 5.9000
1.9048 4.5269 5.7600
1.8948 5.3069 8.1700
1.9048 4.1769 5.5700
1.8948 5.0869 8.3000
1.9048 3.7269 5.1800
1.9148 3.3969 5.0400
1.9148 3.0369 4.8300
1.9148 2.6669 4.6000
1.9248 2.2969 4.3200
1.9248 1.9769 4.1500
1.9248 1.6369 3.9800
1.9348 1.2369 3.7000
1.9348 0.9769 3.7000
1.9348 0.6469 3.6100
1.9348 0.3569 3.5500
1.9348 0.1069 3.5600
1.9448 -0.1731 3.5200
1.9448 -0.4131 3.5300
1.9448 -0.6931 3.5200
1.9448 -0.9731 3.5300
1.9448 -1.2231 3.5000
1.9548 -1.4831 3.5200
1.9548 -1.7831 3.5000
1.9548 -2.0331 3.5100
1.9548 -2.2631 3.6100
1.9548 -2.4831 3.7300
1.9648 -3.1831 2.1400
1.9648 -3.3431 2.4200
1.9648 -3.5031 2.6400
1.9648 -3.7831 2.6300
1.5248 12.3769 4.9100
1.5248 12.1769 5.0100
1.5348 11.9469 5.1500
1.5348 11.7069 5.2900
1.5348 11.5169 5.4000
1.5348 11.3469 5.5300
1.5348 11.1269 5.6700
1.5348 10.9269 5.7900
1.5348 10.7269 5.9100
1.5448 10.5169 6.0500
1.5448 10.3269 6.1900
1.5448 10.1269 6.3100
1.5448 9.9069 6.4400
1.5448 9.7269 6.5700
1.5448 9.5069 6.7000
1.5548 9.2969 6.8400
1.5548 9.0869 6.9500
1.5548 8.8969 7.1000
1.5548 8.6969 7.2000
1.5548 8.4769 7.3200
1.5548 8.2769 7.4600
1.5648 8.0669 7.6200
1.5648 7.8769 7.7500
1.5648 7.6669 7.8400
1.5648 7.3369 7.7300
1.5648 7.0769 7.7800
1.5648 6.9869 8.1600
1.5748 6.7669 8.2700
1.5748 6.1269 6.7900
1.5748 5.8469 6.7500
1.5848 5.4469 6.5100
1.5848 5.1669 6.3600
1.5848 4.7669 6.0300
1.5848 5.3369 7.9500
1.5848 4.4269 5.8700
1.5848 5.1969 8.3000
1.5948 4.0869 5.7500
1.5848 5.2269 9.0000
1.5948 3.6169 5.3100
1.5948 3.2969 5.1600
1.5848 5.2869 10.3300
1.6048 2.9269 4.9100
1.5848 5.2469 10.8300
1.6048 2.5769 4.7200
1.6048 2.1969 4.4800
1.6148 1.8669 4.2800
1.6148 1.5269 4.0900
1.6148 1.1769 3.9400
1.6148 0.7869 3.6400
1.6248 0.4969 3.5900
1.6248 0.2169 3.5800
1.6248 -0.0431 3.5500
1.6248 -0.3331 3.5600
1.6248 -0.5931 3.5500
1.6348 -0.8731 3.5600
1.6348 -1.1331 3.5500
1.6348 -1.4431 3.5200
1.6348 -1.6931 3.5400
1.6448 -1.9131 3.6200
1.6448 -2.1331 3.7000
1.6448 -2.3931 3.7500
1.6448 -2.9331 2.5200
1.6448 -3.1431 2.6200
1.6548 -3.4031 2.6600
1.6548 -3.7031 2.6100
1.3148 12.4869 4.7000
1.3148 12.2869 4.8200
1.3148 12.1069 4.9400
1.3248 11.8669 5.0700
1.3248 11.6769 5.2200
1.3248 11.4669 5.3200
1.3248 11.2869 5.4700
1.3248 11.0769 5.5800
1.3248 10.8669 5.7300
1.3348 10.6569 5.8700
1.3348 10.4569 6.0000
1.3348 10.2769 6.1200
1.3348 10.0669 6.2400
1.3348 9.8469 6.3600
1.3348 9.6569 6.5200
1.3448 9.4269 6.6300
1.3448 9.2269 6.7600
1.3448 9.0269 6.8700
1.3448 8.8169 7.0200
1.3448 8.5869 7.1500
1.3448 8.3769 7.2600
1.3548 8.1569 7.4100
1.3548 7.9669 7.5600
1.3548 7.7469 7.7000
1.3548 7.5569 7.8200
1.3548 7.3269 7.8800
1.3548 7.1169 7.9800
1.3648 6.9469 8.1900
1.3648 6.6769 8.2200
1.3648 6.1569 7.0100
1.3748 5.7969 6.8500
1.3748 5.4369 6.6100
1.3748 5.0869 6.3200
1.3748 4.7069 6.1100
1.3848 4.3969 6.0000
1.3848 4.0369 5.7500
1.3848 3.6569 5.4500
1.3948 3.3069 5.2800
1.3748 5.5169 11.0000
1.3948 2.9069 5.0000
1.3748 5.2169 10.9500
1.3948 2.5169 4.7300
1.3948 2.1969 4.5800
1.4048 1.8269 4.3700
1.4048 1.4269 4.0900
1.4048 1.0969 3.9500
1.4148 0.7069 3.6500
1.4148 0.3869 3.5500
1.4148 0.1269 3.5600
1.4148 -0.1331 3.5800
1.4148 -0.3931 3.5700
1.4248 -0.6931 3.5400
1.4248 -0.9631 3.5200
1.4248 -1.2131 3.5200
1.4248 -1.4931 3.5500
1.4348 -1.6831 3.6700
1.4348 -1.9431 3.7200
1.4348 -2.2031 3.7000
1.4348 -2.7431 2.4800
1.4448 -2.9431 2.6500
1.4448 -3.2031 2.6300
1.4448 -3.5231 2.6000
1.4448 -3.8131 2.5800
1.1548 12.4269 4.6800
1.1548 12.1769 4.8100
1.1548 11.9669 4.9200
1.1648 11.7669 5.0200
1.1648 11.5769 5.1600
1.1648 11.3569 5.3000
1.1648 11.1669 5.4500
1.1648 10.9469 5.5900
1.1648 10.7669 5.7100
1.1748 10.5869 5.8200
1.1748 10.3469 5.9800
1.1748 10.1269 6.1100
1.1748 9.9169 6.2500
1.1748 9.6969 6.3600
1.1748 9.4969 6.5100
1.1848 9.2769 6.6500
1.1848 9.0869 6.7700
1.1848 8.8869 6.8900
1.1848 8.6969 6.9900
1.1848 8.4669 7.1500
1.1848 8.2669 7.3000
1.1948 8.0469 7.4100
1.1948 7.8469 7.5200
1.1948 7.6469 7.6800
1.1948 7.4269 7.8200
1.1948 7.2069 7.8800
1.1948 6.9869 7.9400
1.2048 6.7569 8.0800
1.2048 6.4069 7.2600
1.2048 6.0669 7.0600
1.2048 5.7269 6.8800
1.2148 5.3369 6.6300
1.2148 4.9769 6.4000
1.2148 4.5969 6.1600
1.2248 4.2669 6.0200
1.2248 3.8669 5.7100
1.2248 3.4969 5.4500
1.2348 3.1369 5.3100
1.2148 5.3769 11.0600
1.2348 2.7169 4.9400
1.2348 2.3769 4.7300
1.2348 2.0569 4.5600
1.2448 1.6469 4.3100
1.2448 1.2769 4.1000
1.2448 0.9869 3.9900
1.2548 0.5569 3.6300
1.2548 0.2669 3.5900
1.2548 -0.0231 3.5500
1.2548 -0.2531 3.5600
1.2548 -0.5331 3.5700
1.2648 -0.8331 3.5500
1.2648 -1.1031 3.5500
1.2648 -1.3431 3.6100
1.2648 -1.5931 3.6600
1.2748 -1.8631 3.7200
1.2748 -2.4331 2.4300
1.2748 -2.1231 3.7100
1.2748 -2.6231 2.5800
1.2748 -2.8331 2.6500
1.2848 -3.0931 2.6300
1.2848 -3.3731 2.6000
1.2848 -3.6431 2.5700
0.9448 12.4469 4.5200
0.9448 12.2269 4.6500
0.9448 12.0269 4.7700
0.9448 11.8369 4.9000
0.9448 11.6269 5.0500
0.9548 11.4169 5.1700
0.9548 11.1969 5.3300
0.9548 10.9769 5.4600
0.9548 10.7869 5.5900
0.9548 10.5669 5.7300
0.9648 10.3569 5.8400
0.9648 10.1569 5.9600
0.9648 9.9569 6.0900
0.9648 9.7469 6.2300
0.9648 9.5269 6.3500
0.9648 9.3069 6.5000
0.9648 9.1069 6.6400
0.9748 8.9069 6.7300
0.9748 8.7169 6.8800
0.9748 8.5169 7.0100
0.9748 8.2969 7.1400
0.9748 8.0769 7.2600
0.9748 7.8869 7.3800
0.9848 7.6869 7.5400
0.9848 7.4669 7.7000
0.9848 7.2569 7.8100
0.9848 6.9969 7.8200
0.9848 6.5669 7.5000
0.9948 6.2269 7.3100
0.9948 5.8669 7.0600
0.9948 5.4969 6.8200
1.0048 5.1169 6.6300
1.0048 4.7269 6.3300
1.0048 4.3969 6.1300
1.0048 4.0369 5.9200
1.0148 3.6369 5.6600
1.0148 3.2769 5.4300
0.9948 5.4169 10.9600
1.0148 2.9169 5.2200
0.9948 5.2269 11.1100
1.0248 2.5569 4.9600
1.0248 2.1869 4.7600
1.0248 1.8169 4.5200
1.0348 1.4469 4.2900
1.0348 1.0969 4.0900
1.0348 0.7569 3.9500
1.0448 0.3169 3.5800
1.0448 0.0469 3.6400
1.0448 -0.2431 3.5800
1.0448 -0.5031 3.5600
1.0448 -0.7431 3.5900
1.0548 -1.0031 3.6000
1.0548 -1.2331 3.6600
1.0548 -1.4631 3.7000
1.0648 -2.0731 2.3000
1.0548 -1.7231 3.7600
1.0648 -2.2831 2.4900
1.0648 -2.4531 2.6600
1.0648 -2.7031 2.6700
1.0648 -2.9731 2.6100
1.0648 -3.2331 2.5800
1.0748 -3.5431 2.5600
1.0748 -3.8431 2.5200
0.6948 12.4669 4.3800
0.6948 12.2469 4.5100
0.7048 12.0469 4.6400
0.7048 11.8469 4.7600
0.7048 11.6369 4.9100
0.7048 11.4469 5.0400
0.7048 11.2469 5.1600
0.7048 11.0469 5.3000
0.7148 10.8169 5.4300
0.7148 10.5969 5.5600
0.7148 10.3969 5.7100
0.7148 10.2069 5.8200
0.7148 9.9969 5.9600
0.7148 9.7869 6.0900
0.7248 9.5769 6.2000
0.7248 9.3669 6.3400
0.7248 9.1769 6.4500
0.7248 8.9569 6.6100
0.7248 8.7369 6.7200
0.7248 8.5469 6.8600
0.7348 8.3369 7.0000
0.7348 8.1169 7.1400
0.7348 7.8869 7.2800
0.7348 7.6769 7.3800
0.7348 7.4769 7.5300
0.7348 7.2769 7.6900
0.7448 7.0569 7.8000
0.7448 6.8169 7.8200
0.7448 6.4469 7.5800
0.7448 6.0469 7.3100
0.7548 5.7069 7.1100
0.7548 5.3469 6.9200
0.7548 4.9969 6.6700
0.7648 4.5869 6.3800
0.7648 4.2569 6.2100
0.7648 3.8569 5.9500
0.7648 3.5169 5.7000
0.7748 3.1269 5.4800
0.7548 5.2469 11.0200
0.7748 2.7469 5.2800
0.7748 2.3469 4.9500
0.7848 1.9769 4.7200
0.7848 1.6369 4.5400
0.7848 1.2669 4.3100
0.7848 0.9569 4.1400
0.7948 0.6169 3.9500
0.7948 0.2669 3.7500
0.7948 -0.0831 3.5800
0.7948 -0.3231 3.6000
0.8048 -0.6031 3.5700
0.8048 -0.8131 3.6400
0.8048 -1.0531 3.6800
0.8048 -1.3231 3.7400
0.8148 -1.9331 2.3500
0.8048 -1.5731 3.7700
0.8148 -2.1231 2.5400
0.8148 -2.3131 2.6600
0.8148 -2.5431 2.6900
0.8248 -2.8431 2.6300
0.8248 -3.1431 2.5600
0.8248 -3.4031 2.5400
0.8248 -3.7231 2.4500
0.4448 12.4469 2.3100
0.4448 12.4769 4.2500
0.4548 12.2569 4.3800
0.4548 12.0569 4.4900
0.4548 11.8469 4.6100
0.4548 11.6369 4.7600
0.4548 11.4469 4.9000
0.4548 11.2569 5.0100
0.4548 11.0269 5.1500
0.4648 10.8369 5.2800
0.4648 10.6069 5.4100
0.4648 10.3969 5.5400
0.4648 10.2069 5.6800
0.4648 9.9869 5.8100
0.4648 9.7669 5.9500
0.4748 9.5569 6.1000
0.4748 9.3469 6.2100
0.4748 9.1469 6.3400
0.4748 8.9069 6.4700
0.4748 8.7169 6.5900
0.4748 8.5169 6.7300
0.4848 8.2969 6.8500
0.4848 8.0969 6.9900
0.4848 7.9069 7.1300
0.4848 7.6769 7.2500
0.4848 7.4769 7.3800
0.4848 7.2669 7.5200
0.4848 7.0669 7.6700
0.4948 6.8569 7.8000
0.4948 6.5969 7.8000
0.4948 6.1869 7.5200
0.4948 5.8169 7.3100
0.5048 5.4469 7.1100
0.5048 5.0569 6.8500
0.5048 4.7069 6.6200
0.5148 4.3269 6.3500
0.5148 3.9969 6.1500
0.5148 3.6569 5.9500
0.5148 3.3269 5.7700
0.5248 2.9369 5.5000
0.5048 5.0269 10.8700
0.5248 2.5969 5.2800
0.5248 2.2269 5.0000
0.5348 1.8769 4.8200
0.5348 1.5369 4.6100
0.5348 1.1569 4.3800
0.5448 0.7769 4.1100
0.5448 0.4669 4.0000
0.5448 0.1069 3.7800
0.5448 -0.2131 3.6100
0.5548 -0.4931 3.6100
0.5548 -0.7231 3.6800
0.5548 -0.9831 3.7100
0.5648 -1.6031 2.2900
0.5548 -1.2231 3.7500
0.5648 -1.7831 2.4800
0.5648 -1.9531 2.6700
0.5648 -2.2231 2.6700
0.5648 -2.5131 2.6400
0.5648 -2.8131 2.5900
0.5748 -3.1031 2.5600
0.5748 -3.3931 2.5100
0.5748 -3.6931 2.4400
0.1648 12.3869 0.5200
0.1648 12.3969 1.1900
0.1648 12.3769 1.7300
0.1648 12.3369 2.2600
0.1648 12.3669 4.2000
0.1648 12.1869 4.2900
0.1748 11.9469 4.4300
0.1748 11.7069 4.5500
0.1748 11.5269 4.6900
0.1748 11.3269 4.8100
0.1748 11.1069 4.9400
0.1748 10.8769 5.1000
0.1848 10.6769 5.2200
0.1848 10.4669 5.3400
0.1848 10.2469 5.4900
0.1848 10.0469 5.6200
0.1848 9.8369 5.7400
0.1848 9.6369 5.8700
0.1848 9.4269 6.0100
0.1948 9.2069 6.1400
0.1948 8.9869 6.2900
0.1948 8.8069 6.3900
0.1948 8.6069 6.5100
0.1948 8.3869 6.6500
0.1948 8.1569 6.7700
0.2048 7.9669 6.9300
0.2048 7.7669 7.0500
0.2048 7.5269 7.2100
0.2048 7.2869 7.3200
0.2048 7.0969 7.4600
0.2048 6.8969 7.5800
0.2148 6.7069 7.7500
0.2148 6.4869 7.8500
0.2148 6.1969 7.7500
0.2148 5.8469 7.5200
0.2248 5.4469 7.2500
0.2248 5.1169 7.0500
0.2248 4.7369 6.7900
0.2248 4.4069 6.5600
0.2348 4.0669 6.3400
0.2348 3.6769 6.1000
0.2348 3.2969 5.8800
0.2448 2.9469 5.6400
0.2448 2.6269 5.4600
0.2248 4.7269 10.9100
0.2448 2.2469 5.2300
0.2548 1.8569 4.9800
0.2548 1.5269 4.7600
0.2548 1.1369 4.5000
0.2548 0.7869 4.3000
0.2648 0.4469 4.1000
0.2648 0.1069 3.9700
0.2648 -0.2731 3.7200
0.2648 -0.5031 3.8100
0.2648 -0.2231 5.1200
0.2748 -0.8131 3.7900
0.2748 -1.3731 2.5000
0.2648 -0.4731 5.1000
0.2748 -1.5631 2.6300
0.2748 -1.8131 2.6800
0.2848 -2.0531 2.6400
0.2848 -2.3431 2.6300
0.2848 -2.6431 2.5600
0.2848 -2.9131 2.5400
0.2948 -3.1931 2.4800
0.2948 -3.5131 2.4600
0.2948 -3.7931 2.4100
-0.1352 12.1469 0.7600
-0.1352 12.1069 1.2900
-0.1352 12.1869 2.1000
-0.1352 12.0569 2.4400
-0.1352 12.4469 4.0100
-0.1352 12.2369 4.1400
-0.1352 12.0369 4.2700
-0.1252 11.8169 4.4000
-0.1252 11.5869 4.5000
-0.1252 11.3869 4.6400
-0.1252 11.2069 4.7700
-0.1252 10.9869 4.8800
-0.1252 10.7469 5.0200
-0.1152 10.5569 5.1500
-0.1152 10.3369 5.2700
-0.1152 10.1669 5.4300
-0.1152 9.9169 5.5400
-0.1152 9.7169 5.6700
-0.1152 9.5169 5.8200
-0.1052 9.2969 5.9400
-0.1052 9.0769 6.0900
-0.1052 8.8569 6.2100
-0.1052 8.6569 6.3300
-0.1052 8.4269 6.4800
-0.1052 8.2269 6.6200
-0.0952 8.0169 6.7200
-0.0952 7.8369 6.8500
-0.0952 7.6369 6.9900
-0.0952 7.4169 7.1100
-0.0952 7.2069 7.2400
-0.0952 7.0269 7.3700
-0.0952 6.8169 7.4600
-0.0852 6.6269 7.6400
-0.0852 6.4169 7.7500
-0.0852 6.1869 7.8500
-0.0852 5.8269 7.6400
-0.0752 5.4969 7.4700
-0.0752 5.1369 7.2200
-0.0752 5.2769 8.1300
-0.0752 4.7669 6.9500
-0.0752 4.3669 6.6700
-0.0652 4.0469 6.4600
-0.0652 3.6769 6.3000
-0.0652 3.3169 6.0600
-0.0552 2.9769 5.8100
-0.0552 2.6169 5.6000
-0.0552 2.2069 5.3600
-0.0552 1.8169 5.0900
-0.0452 1.4169 4.8100
-0.0452 1.1069 4.6100
-0.0452 0.7169 4.4100
-0.0352 0.3669 4.2000
-0.0352 0.0569 4.0600
-0.0352 -0.2931 3.8500
-0.0252 -1.0031 2.2300
-0.0252 -1.1631 2.4900
-0.0252 -1.3631 2.6800
-0.0252 -1.6431 2.6700
-0.0252 -1.9131 2.6400
-0.0152 -2.1831 2.6200
-0.0152 -2.4831 2.5500
-0.0152 -2.7531 2.5100
-0.0152 -3.0231 2.4700
-0.0052 -3.3231 2.4300
-0.0052 -3.5831 2.4100
-0.0052 -3.8831 2.3700
-0.3552 11.9869 0.3900
-0.3552 11.9469 0.9600
-0.3552 11.8769 1.3600
-0.3452 11.7769 1.7200
-0.3552 12.4369 3.9200
-0.3552 12.2169 4.0600
-0.3552 12.0369 4.2200
-0.3552 11.8069 4.3200
-0.3452 11.6069 4.4500
-0.3452 11.3669 4.5600
-0.3452 11.1869 4.7200
-0.3452 10.9669 4.8400
-0.3452 10.7469 4.9700
-0.3452 10.5169 5.0700
-0.3352 10.2969 5.2100
-0.3352 10.0869 5.3500
-0.3352 9.8669 5.4700
-0.3352 9.6769 5.6200
-0.3352 9.4769 5.7500
-0.3352 9.2769 5.8700
-0.3252 9.0969 5.9900
-0.3252 8.8769 6.1000
-0.3252 8.6569 6.2500
-0.3252 8.4469 6.3300
-0.3252 8.2669 6.4800
-0.3252 8.0769 6.6200
-0.3152 7.8569 6.7100
-0.3152 7.6469 6.8800
-0.3152 7.4269 6.9900
-0.3152 7.2369 7.1000
-0.3152 7.0269 7.2300
-0.3152 6.8269 7.3600
-0.3052 6.6269 7.4900
-0.3052 6.4469 7.6200
-0.3052 6.2169 7.7800
-0.3052 5.9869 7.8700
-0.3052 5.6769 7.6900
-0.3052 5.3569 7.5800
-0.3052 5.3669 8.2500
-0.2952 5.2169 8.5400
-0.2952 4.4469 6.7800
-0.2952 4.9869 8.6600
-0.2952 4.1169 6.6600
-0.2852 3.7869 6.4300
-0.2852 3.4069 6.2400
-0.2852 3.0469 5.9800
-0.2752 2.6969 5.7800
-0.2752 2.3169 5.5000
-0.2752 1.9769 5.3100
-0.2652 1.5669 5.0200
-0.2652 1.2069 4.8200
-0.2652 0.8569 4.6100
-0.2652 0.5169 4.4100
-0.2552 0.1469 4.2100
-0.2552 -0.1731 4.0600
-0.2452 -0.8331 2.5500
-0.2452 -1.0431 2.6600
-0.2452 -1.2931 2.6900
-0.2452 -1.5731 2.6400
-0.2452 -1.8731 2.6200
-0.2352 -2.1531 2.5800
-0.2352 -2.4431 2.5000
-0.2352 -2.7231 2.5000
-0.2352 -3.0431 2.4300
-0.2252 -3.3431 2.4100
-0.2252 -3.6031 2.3400
-0.2252 -3.8831 2.3400
-0.5152 11.8169 0.4700
-0.5152 11.8069 1.0600
-0.5152 11.7169 1.4500
-0.5152 12.4869 3.9200
-0.5152 11.5669 1.7700
-0.5152 12.2369 3.9800
-0.5152 12.0769 4.2400
-0.5152 11.8669 4.4000
-0.5152 11.6369 4.5100
-0.5152 11.4169 4.6400
-0.5052 11.2269 4.7700
-0.5052 11.0169 4.8700
-0.5052 10.8169 4.9800
-0.5052 10.6269 5.1200
-0.5052 10.4269 5.2400
-0.5052 10.2069 5.3800
-0.5052 10.0069 5.4900
-0.4952 9.8069 5.6100
-0.4952 9.6069 5.7300
-0.4952 9.4069 5.8800
-0.4952 9.2069 6.0200
-0.4952 8.9869 6.1500
-0.4952 8.7769 6.2700
-0.4852 8.5969 6.3900
-0.4852 8.3769 6.5000
-0.4852 8.1569 6.6400
-0.4852 7.9569 6.7600
-0.4852 7.7069 6.8200
-0.4852 7.5069 6.8800
-0.4752 7.2869 7.0000
-0.4752 7.0569 7.1200
-0.4752 6.8369 7.2500
-0.4752 6.6269 7.4000
-0.4752 6.4069 7.5200
-0.4752 6.2169 7.6700
-0.4652 5.9969 7.8100
-0.4652 5.7769 7.8400
-0.4652 5.4769 7.7600
-0.4652 5.4669 8.3200
-0.4652 5.2769 8.5200
-0.4652 5.0369 8.6000
-0.4552 4.2169 6.7100
-0.4552 3.9069 6.6200
-0.4452 3.5769 6.4400
-0.4452 3.2169 6.2000
-0.4452 2.8169 5.9400
-0.4452 2.4769 5.6900
-0.4352 2.1369 5.4900
-0.4352 1.7069 5.1800
-0.4352 1.3869 5.0100
-0.4252 1.0469 4.8100
-0.4252 0.6469 4.5700
-0.4252 0.3069 4.4000
-0.4252 -0.0231 4.2500
-0.4152 -0.7531 2.5900
-0.4052 -1.4331 1.0300
-0.4152 -1.0031 2.6600
-0.4152 -1.2731 2.6800
-0.4052 -1.5531 2.6200
-0.4052 -1.8431 2.5900
-0.4052 -2.1231 2.5600
-0.4052 -2.4031 2.5100
-0.3952 -2.6931 2.4600
-0.3952 -2.9931 2.4100
-0.3952 -3.2831 2.3800
-0.3952 -3.5431 2.3700
-0.3852 -3.8431 2.3200
-0.7452 11.6269 0.5800
-0.7452 11.5569 1.1300
-0.7452 11.5269 1.6500
-0.7452 11.3369 1.7700
-0.7452 12.1569 4.2600
-0.7452 11.7269 3.2500
-0.7452 11.9569 4.4400
-0.7452 11.5469 3.4800
-0.7452 11.7669 4.5900
-0.7452 11.5569 4.7000
-0.7452 11.3669 4.8500
-0.7452 11.1469 4.9600
-0.7452 10.9369 5.0700
-0.7352 10.7469 5.2000
-0.7352 10.5369 5.3400
-0.7352 10.3169 5.4500
-0.7352 10.0969 5.5700
-0.7352 9.9069 5.6800
-0.7352 9.7369 5.8300
-0.7252 9.5169 5.9700
-0.7252 9.3069 6.1000
-0.7252 9.0569 6.1700
-0.7252 8.8769 6.3100
-0.7252 8.6969 6.4500
-0.7252 8.4569 6.5700
-0.7152 8.2369 6.7100
-0.7152 8.0169 6.8100
-0.7152 7.7169 6.7500
-0.7152 7.4769 6.7300
-0.7152 7.2269 6.8800
-0.7052 7.0369 7.0100
-0.7052 6.8569 7.1200
-0.7052 6.6469 7.2500
-0.7052 6.4169 7.3900
-0.7052 6.2169 7.5400
-0.7052 6.0069 7.6700
-0.7052 5.8269 7.8000
-0.6952 5.5769 7.8900
-0.6952 5.3469 7.9800
-0.6952 5.3469 8.5300
-0.6952 5.1269 8.5600
-0.6852 4.4669 7.0400
-0.6952 4.8869 8.6900
-0.6852 4.0869 6.8500
-0.6852 3.7669 6.7200
-0.6852 3.3869 6.4500
-0.6752 2.9969 6.1800
-0.6752 2.6369 5.9400
-0.6752 2.2469 5.7000
-0.6652 1.8669 5.4500
-0.6652 1.5169 5.2200
-0.6652 1.1469 5.0000
-0.6552 0.7869 4.8400
-0.6552 0.4269 4.6500
-0.6452 -1.3931 0.5000
-0.6552 0.1369 4.5200
-0.6452 -1.4631 0.8800
-0.6452 -0.9731 2.6100
-0.6452 -1.2331 2.6300
-0.6452 -1.5231 2.6200
-0.6352 -1.7831 2.5600
-0.6352 -2.0931 2.5100
-0.6352 -2.3531 2.5000
-0.6352 -2.6831 2.4100
-0.6252 -2.9331 2.3900
-0.6252 -3.2331 2.3500
-0.6252 -3.5331 2.3000
-0.6252 -3.8131 2.3100
-1.0852 11.3169 0.4000
-1.0852 11.3169 0.9600
-1.0852 11.2069 1.3000
-1.0852 11.1669 1.7900
-1.0852 11.4869 3.2400
-1.0852 11.8369 4.6800
-1.0852 11.3069 3.4500
-1.0852 11.6669 4.8600
-1.0852 11.2069 3.7800
-1.0852 11.4969 4.9900
-1.0852 11.2669 5.1300
-1.0852 11.0769 5.2900
-1.0852 10.8469 5.4000
-1.0852 10.6469 5.5300
-1.0752 10.4469 5.6400
-1.0752 10.2269 5.7700
-1.0752 10.0169 5.9100
-1.0752 9.7869 6.0300
-1.0752 9.5669 6.1600
-1.0652 9.3869 6.2700
-1.0652 9.1369 6.3800
-1.0652 8.9369 6.5000
-1.0652 8.7669 6.6200
-1.0652 8.5469 6.7500
-1.0652 8.2769 6.8000
-1.0552 7.9069 6.5900
-1.0552 7.5969 6.4800
-1.0552 7.4069 6.5900
-1.0552 7.1869 6.7300
-1.0552 6.9669 6.8300
-1.0452 6.7869 6.9700
-1.0452 6.5869 7.1200
-1.0452 6.3769 7.2700
-1.0452 6.1569 7.3800
-1.0452 5.9669 7.5000
-1.0452 5.7369 7.6700
-1.0352 5.5269 7.7800
-1.0352 5.2869 7.8500
-1.0352 4.9269 7.6300
-1.0352 4.5169 7.3300
-1.0252 4.1369 7.0500
-1.0252 3.7769 6.8600
-1.0252 3.4069 6.6100
-1.0152 3.0369 6.3500
-1.0152 2.7069 6.1600
-1.0152 2.2969 5.9000
-1.0152 1.9169 5.6700
-1.0052 1.5869 5.4600
-1.0052 1.2269 5.2500
-1.0052 0.8769 5.0900
-1.0052 0.5569 4.9900
-0.9852 -1.3331 2.5100
-0.9852 -1.5931 2.5400
-0.9852 -1.8931 2.4800
-0.9752 -2.1931 2.4500
-0.9752 -2.4931 2.3900
-0.9752 -2.7531 2.3800
-0.9752 -3.0231 2.3500
-0.9652 -3.3131 2.2800
-0.9652 -3.5831 2.2600
-0.9652 -3.8431 2.2400
-1.3952 10.9769 0.7900
-1.3952 10.9469 1.3100
-1.3952 10.9069 1.8200
-1.4052 11.2069 3.0900
-1.3952 10.8469 2.2300
-1.4052 11.0769 3.4500
-1.4052 11.5169 5.1200
-1.3952 10.9869 3.8800
-1.4052 11.3369 5.3600
-1.4052 11.1369 5.4900
-1.3952 10.9169 5.6000
-1.3952 10.6869 5.7200
-1.3952 10.4969 5.8500
-1.3952 10.2969 5.9400
-1.3952 10.0969 6.0800
-1.3952 9.8769 6.2200
-1.3852 9.6469 6.3500
-1.3852 9.4469 6.4600
-1.3852 9.2369 6.6000
-1.3852 9.0269 6.7100
-1.3852 8.7769 6.7600
-1.3852 8.5069 6.6700
-1.3752 8.1469 6.4200
-1.3752 7.8169 6.3300
-1.3752 7.5569 6.3100
-1.3752 7.3569 6.4600
-1.3652 7.1369 6.5700
-1.3652 6.9269 6.7200
-1.3652 6.7169 6.8700
-1.3652 6.4969 6.9700
-1.3652 6.2869 7.1300
-1.3652 6.0869 7.2500
-1.3552 5.8569 7.4000
-1.3552 5.6469 7.5200
-1.3552 5.4769 7.6500
-1.3552 5.2669 7.7800
-1.3552 4.9969 7.8500
-1.3452 4.6169 7.5900
-1.3452 4.2769 7.3600
-1.3452 3.8769 7.0900
-1.3452 3.5569 6.9400
-1.3352 3.1769 6.6800
-1.3352 2.7869 6.3700
-1.3352 2.4469 6.2000
-1.3252 2.0469 5.9700
-1.3252 1.6869 5.7600
-1.3252 1.3069 5.5100
-1.3252 1.0069 5.4600
-1.2952 -1.6231 2.4500
-1.2952 -1.8631 2.4500
-1.2952 -2.1631 2.4100
-1.2952 -2.4031 2.3800
-1.2952 -2.7031 2.3400
-1.2852 -2.9831 2.2900
-1.2852 -3.2431 2.2900
-1.2852 -3.5431 2.2300
-1.2852 -3.8231 2.2000
-1.6052 10.8769 0.6400
-1.6052 10.8569 1.1900
-1.6052 10.8069 1.7300
-1.6052 10.8269 2.3400
-1.6052 10.8669 3.0400
-1.6052 10.8569 3.6100
-1.6052 11.3469 5.4000
-1.6052 10.8069 4.1200
-1.6052 11.1569 5.5800
-1.6052 10.9469 5.7500
-1.6052 10.7569 5.8700
-1.6052 10.5369 5.9800
-1.6052 10.3269 6.1000
-1.5952 10.1269 6.2200
-1.5952 9.9269 6.3500
-1.5952 9.7069 6.4700
-1.5952 9.4969 6.5800
-1.5952 9.2669 6.6800
-1.5952 9.0269 6.7700
-1.5852 8.7169 6.6200
-1.5852 8.3569 6.4300
-1.5852 7.9869 6.2200
-1.5752 7.6769 6.1300
-1.5752 7.4869 6.2800
-1.5752 7.2969 6.4000
-1.5752 7.0369 6.5100
-1.5752 6.8469 6.6600
-1.5752 6.6469 6.7800
-1.5752 6.4469 6.9400
-1.5652 6.2369 7.0700
-1.5652 6.0169 7.1800
-1.5652 5.7969 7.3100
-1.5652 5.6069 7.4400
-1.5652 5.3969 7.5800
-1.5652 5.1869 7.7100
-1.5552 4.9669 7.8400
-1.5552 4.6569 7.7500
-1.5552 4.2469 7.4100
-1.5452 3.8869 7.2400
-1.5452 3.4869 6.9800
-1.5452 3.1169 6.7400
-1.5452 2.7469 6.4700
-1.5352 2.3969 6.2500
-1.5352 2.0569 6.0700
-1.5352 1.7269 5.8500
-1.5352 1.3969 5.7200
-1.5252 1.1069 5.6600
-1.5052 -1.6331 2.3900
-1.5052 -1.8931 2.4300
-1.5052 -2.1631 2.4000
-1.4952 -2.4231 2.3600
-1.4952 -2.7231 2.2900
-1.4952 -3.0031 2.2800
-1.4952 -3.2631 2.2600
-1.4852 -3.5631 2.1900
-1.4852 -3.8431 2.1600
-1.7652 10.7269 0.9100
-1.7652 10.6969 1.4500
-1.7652 10.6769 1.9900
-1.7652 10.6769 2.6300
-1.7652 10.7269 3.3200
-1.7652 10.7269 3.9300
-1.7752 11.1369 5.5700
-1.7652 10.6469 4.4300
-1.7752 10.9969 5.8100
-1.7752 10.7969 5.9800
-1.7652 10.5869 6.1100
-1.7652 10.3569 6.2000
-1.7652 10.1269 6.3300
-1.7652 9.9169 6.4500
-1.7652 9.6669 6.5200
-1.7652 9.4669 6.5900
-1.7552 9.2069 6.6900
-1.7552 8.9169 6.6100
-1.7552 8.5869 6.4200
-1.7452 8.2269 6.2000
-1.7452 7.8869 6.0300
-1.7452 7.6369 6.1000
-1.7452 7.4369 6.2100
-1.7452 7.2269 6.3500
-1.7452 7.0069 6.4500
-1.7352 6.8069 6.6000
-1.7352 6.6069 6.7100
-1.7352 6.3869 6.8600
-1.7352 6.1569 6.9800
-1.7352 5.9569 7.1300
-1.7352 5.7469 7.2700
-1.7252 5.5169 7.4000
-1.7252 5.2969 7.5500
-1.7252 5.0969 7.6700
-1.7252 4.9169 7.7900
-1.7252 4.6769 7.8200
-1.7152 4.3069 7.6000
-1.7152 3.9569 7.3700
-1.7152 3.5769 7.0800
-1.7152 3.2269 6.8600
-1.7052 2.9069 6.6900
-1.7052 2.5069 6.4200
-1.7052 2.1969 6.2600
-1.6952 1.8469 6.0500
-1.6952 1.5069 5.9200
-1.6652 -1.8931 2.3100
-1.6652 -2.1331 2.3600
-1.6652 -2.4431 2.3300
-1.6652 -2.7431 2.2900
-1.6552 -3.0231 2.2500
-1.6552 -3.3131 2.2100
-1.6552 -3.5831 2.1900
-1.6552 -3.8731 2.1600
-1.9952 10.5169 0.5700
-1.9952 10.5169 1.2000
-1.9952 10.4969 1.8500
-1.9952 10.5169 2.4600
-1.9952 10.5269 3.1300
-1.9952 10.5069 3.7400
-2.0052 11.1169 5.7800
-1.9952 10.4969 4.3300
-2.0052 10.9469 5.9800
-1.9952 10.7369 6.1200
-1.9952 10.4869 6.1900
-1.9952 10.2569 6.2600
-1.9952 10.0269 6.3100
-1.9952 9.7869 6.4000
-1.9852 9.5469 6.4800
-1.9852 9.3369 6.5700
-1.9852 9.0669 6.5900
-1.9852 8.7269 6.3300
-1.9752 8.3169 6.0600
-1.9752 8.0069 5.9300
-1.9752 7.7269 5.9100
-1.9752 7.5069 6.0500
-1.9752 7.2969 6.1800
-1.9652 7.0869 6.3100
-1.9652 6.8569 6.4500
-1.9652 6.6469 6.5800
-1.9652 6.4469 6.7200
-1.9652 6.2569 6.8200
-1.9652 6.0469 6.9700
-1.9552 5.8469 7.0900
-1.9552 5.6369 7.1900
-1.9552 5.4369 7.3300
-1.9552 5.2269 7.4600
-1.9552 5.0269 7.5900
-1.9552 4.8369 7.7200
-1.9552 4.6369 7.8200
-1.9452 4.3169 7.7400
-1.9452 3.8969 7.4200
-1.9452 3.5769 7.2300
-1.9352 3.2169 7.0100
-1.9352 2.8769 6.8100
-1.9352 2.4769 6.5300
-1.9352 2.1469 6.3400
-1.9252 1.7969 6.1700
-1.8952 -2.0331 2.3400
-1.8952 -2.3131 2.2900
-1.8952 -2.5631 2.2700
-1.8852 -2.8331 2.2400
-1.8852 -3.1331 2.2000
-1.8852 -3.4331 2.1400
-1.8852 -3.7131 2.1500
-2.2552 10.3269 0.4700
-2.2552 10.3169 1.1100
-2.2552 10.3069 1.7400
-2.2552 10.2969 2.3000
-2.2552 10.2769 2.8600
-2.2552 10.2669 3.4400
-2.2552 10.2769 4.1100
-2.2552 10.8269 6.0000
-2.2552 10.1469 4.4200
-2.2552 10.5569 6.0200
-2.2552 10.3469 6.0900
-2.2552 10.1169 6.1700
-2.2552 9.8869 6.2600
-2.2452 9.6469 6.3600
-2.2452 9.4269 6.4700
-2.2452 9.1469 6.4300
-2.2452 8.7369 6.1600
-2.2352 8.3669 5.9600
-2.2352 8.0269 5.7800
-2.2352 7.7769 5.7500
-2.2352 7.5669 5.8900
-2.2252 7.3569 6.0000
-2.2252 7.1669 6.1200
-2.2252 6.9769 6.2200
-2.2252 6.7469 6.3800
-2.2252 6.5369 6.5100
-2.2252 6.3469 6.6400
-2.2252 6.1669 6.7400
-2.2152 5.9569 6.8800
-2.2152 5.7269 7.0100
-2.2152 5.4969 7.1200
-2.2152 5.3169 7.2700
-2.2152 5.1169 7.3900
-2.2152 4.9069 7.5100
-2.2052 4.7069 7.6700
-2.2052 4.5169 7.7900
-2.2052 4.2469 7.8200
-2.2052 3.8969 7.6200
-2.2052 3.5669 7.4400
-2.1952 3.1669 7.1500
-2.1952 2.7969 6.8800
-2.1952 2.4169 6.6800
-2.1852 2.0469 6.4800
-2.1552 -2.4431 2.2200
-2.1452 -2.7331 2.2000
-2.1452 -2.9831 2.2100
-2.1452 -3.2631 2.1800
-2.1452 -3.5631 2.1200
-2.1452 -3.8131 2.1000
-2.5052 10.0969 0.8200
-2.5052 10.0569 1.2900
-2.5052 10.0969 2.0300
-2.5152 10.0969 2.6100
-2.5052 10.0869 3.2700
-2.5052 10.0369 3.8000
-2.5152 10.6769 5.9200
-2.5052 9.9869 4.3100
-2.5152 10.4369 6.0100
-2.5152 10.1969 6.0600
-2.5052 9.9569 6.1400
-2.5052 9.7369 6.2400
-2.5052 9.5269 6.3500
-2.5052 9.2469 6.2300
-2.5052 8.8869 6.0100
-2.4952 8.5469 5.8200
-2.4952 8.1869 5.6400
-2.4952 7.9069 5.5500
-2.4952 7.6969 5.6400
-2.4852 7.4869 5.7500
-2.4852 7.3069 5.8900
-2.4852 7.0769 6.0200
-2.4852 6.8769 6.1600
-2.4852 6.6669 6.3000
-2.4852 6.4669 6.4100
-2.4852 6.2869 6.5300
-2.4752 6.0569 6.6600
-2.4752 5.8469 6.7800
-2.4752 5.6269 6.9200
-2.4752 5.4369 7.0500
-2.4752 5.2369 7.1500
-2.4752 5.0169 7.3200
-2.4652 4.7969 7.4500
-2.4652 4.6169 7.6200
-2.4652 4.3669 7.7200
-2.4652 4.0369 7.5500
-2.4552 3.6669 7.3700
-2.4552 3.3269 7.1400
-2.4552 3.0269 7.0100
-2.4552 2.7169 6.8800
-2.4452 2.4169 6.8400
-2.4052 -2.5531 2.1400
-2.4052 -2.8031 2.1800
-2.4052 -3.1031 2.1300
-2.4052 -3.4031 2.1000
-2.4052 -3.6831 2.0900
-2.7752 9.8669 0.8400
-2.7752 9.8469 1.4200
-2.7752 9.8369 2.0400
-2.7752 9.8169 2.6000
-2.7752 9.8369 3.2000
-2.7752 9.7869 3.6700
-2.7752 9.7769 4.2300
-2.7852 10.2269 5.9700
-2.7852 10.0069 6.0200
-2.7752 9.8069 6.1300
-2.7752 9.5969 6.2200
-2.7752 9.2469 6.0300
-2.7752 8.8769 5.8100
-2.7652 8.5369 5.6000
-2.7652 8.2169 5.4300
-2.7652 7.9169 5.3500
-2.7652 7.7169 5.4900
-2.7652 7.5069 5.6200
-2.7552 7.3169 5.7300
-2.7552 7.0769 5.8600
-2.7552 6.8869 6.0200
-2.7552 6.6769 6.1200
-2.7552 6.4869 6.2400
-2.7552 6.2569 6.3800
-2.7452 6.0269 6.5300
-2.7452 5.8069 6.6700
-2.7452 5.6169 6.8100
-2.7452 5.3969 6.9200
-2.7452 5.1969 7.0300
-2.7452 4.9969 7.1600
-2.7352 4.8069 7.2900
-2.7352 4.5969 7.4200
-2.7352 4.3769 7.5900
-2.7352 3.9969 7.3500
-2.7352 3.6969 7.2200
-2.7252 3.3669 7.0400
-2.7252 3.0169 6.8800
-2.7252 2.7169 6.7900
-2.7252 2.4769 6.8200
-2.6752 -2.8031 2.1600
-2.6752 -3.0631 2.1300
-2.6752 -3.3531 2.0800
-2.6752 -3.6631 2.0200
-3.0552 9.6269 0.3900
-3.0552 9.6169 0.9500
-3.0552 9.5869 1.5200
-3.0552 9.5669 2.0700
-3.0552 9.5969 2.6900
-3.0552 9.6169 3.3700
-3.0552 9.6169 4.0500
-3.0652 10.1769 5.9400
-3.0552 9.5669 4.5200
-3.0552 9.9469 6.0100
-3.0552 9.7369 6.0900
-3.0552 9.3869 5.8900
-3.0552 9.0469 5.7000
-3.0452 8.6569 5.4300
-3.0452 8.3369 5.2500
-3.0452 8.0569 5.1900
-3.0452 7.8269 5.3000
-3.0352 7.5969 5.4200
-3.0352 7.3769 5.5400
-3.0352 7.1669 5.7000
-3.0352 6.9669 5.8100
-3.0352 6.7469 5.9500
-3.0352 6.5469 6.0700
-3.0252 6.3369 6.1800
-3.0252 6.1469 6.3100
-3.0252 5.9269 6.4400
-3.0252 5.7069 6.5700
-3.0252 5.4969 6.7100
-3.0252 5.2969 6.8500
-3.0252 5.0769 6.9300
-3.0152 4.8769 7.1100
-3.0152 4.6969 7.2200
-3.0152 4.4969 7.3800
-3.0152 4.2069 7.3700
-3.0152 3.8669 7.1500
-3.0052 3.5169 6.9600
-3.0052 3.1769 6.8200
-3.0052 2.9169 6.7900
-2.9552 -2.9731 1.9300
-2.9552 -3.1931 2.0300
-2.9552 -3.4731 2.0100
-2.9452 -3.7731 2.0000
-3.2652 9.4169 0.7900
-3.2652 9.4069 1.3700
-3.2652 9.4669 2.1200
-3.2652 9.4869 2.8100
-3.2652 9.4769 3.3700
-3.2652 9.4069 3.7600
-3.2652 10.0169 5.8500
-3.2652 9.3969 4.4100
-3.2652 9.7769 5.9700
-3.2652 9.4169 5.7700
-3.2652 9.0869 5.5600
-3.2552 8.7069 5.3200
-3.2552 8.3369 5.1300
-3.2552 8.0569 5.0600
-3.2552 7.8669 5.1200
-3.2452 7.6569 5.2800
-3.2452 7.4369 5.4000
-3.2452 7.2169 5.5500
-3.2452 7.0169 5.6700
-3.2452 6.8069 5.7900
-3.2452 6.5969 5.9200
-3.2452 6.3769 6.0700
-3.2352 6.1969 6.1800
-3.2352 5.9869 6.3000
-3.2352 5.7769 6.4600
-3.2352 5.5569 6.5600
-3.2352 5.3469 6.7100
-3.2252 5.1269 6.8300
-3.2252 4.9369 6.9600
-3.2252 4.7169 7.1100
-3.2252 4.4969 7.2600
-3.2252 4.2269 7.2300
-3.2252 3.8869 7.0200
-3.2152 3.5369 6.8700
-3.2152 3.2269 6.8100
-3.2152 2.9769 6.8200
-3.1652 -3.1631 2.0200
-3.1652 -3.4231 1.9900
-3.1552 -3.6831 1.9800
-3.4452 9.2769 0.3000
-3.4452 9.2769 0.9700
-3.4352 9.1769 1.3900
-3.4452 9.4869 2.7100
-3.4352 9.0769 1.7600
-3.4452 9.4269 3.2000
-3.4352 8.8069 1.7400
-3.4452 9.3069 3.5100
-3.4452 9.2469 3.9600
-3.4452 9.7569 5.7200
-3.4452 9.2269 4.4900
-3.4452 9.4369 5.6300
-3.4452 9.0869 5.4700
-3.4352 8.6969 5.1700
-3.4352 8.3669 5.0300
-3.4352 8.0769 4.9400
-3.4252 7.8469 5.0600
-3.4252 7.6569 5.1700
-3.4252 7.4569 5.3000
-3.4252 7.2469 5.4400
-3.4252 7.0469 5.5300
-3.4252 6.8269 5.6800
-3.4252 6.6069 5.8400
-3.4152 6.4069 5.9500
-3.4152 6.1869 6.0800
-3.4152 5.9669 6.2100
-3.4152 5.7569 6.3400
-3.4152 5.5569 6.4800
-3.4152 5.3269 6.5900
-3.4052 5.1269 6.7300
-3.4052 4.9269 6.8800
-3.4052 4.7269 6.9900
-3.4052 4.5069 7.1400
-3.4052 4.2469 7.1200
-3.3952 3.8969 6.9300
-3.3952 3.5569 6.8200
-3.3952 3.3069 6.8200
-3.3452 -3.3431 1.8900
-3.3352 -3.5731 1.9800
-3.3352 -3.8431 1.9800
-3.6952 9.0169 0.4500
-3.6952 9.0169 1.0800
-3.6952 8.9669 1.5900
-3.6952 8.7969 1.7300
-3.6952 9.1669 3.2300
-3.6952 8.9969 3.5000
-3.6952 9.5369 5.3400
-3.6952 8.9869 4.0500
-3.6952 9.2969 5.3300
-3.6952 8.9369 5.1800
-3.6952 8.5769 4.9700
-3.6852 8.2469 4.7900
-3.6852 7.9769 4.8200
-3.6852 7.7769 4.9400
-3.6852 7.5569 5.1000
-3.6852 7.3569 5.2200
-3.6852 7.1369 5.3500
-3.6752 6.9469 5.4700
-3.6752 6.7069 5.6100
-3.6752 6.4969 5.7400
-3.6752 6.3169 5.8900
-3.6752 6.0869 5.9900
-3.6752 5.8669 6.1400
-3.6652 5.6569 6.2500
-3.6652 5.4669 6.3900
-3.6652 5.2369 6.5000
-3.6652 5.0369 6.6400
-3.6652 4.8169 6.7800
-3.6652 4.6369 6.9200
-3.6552 4.4469 7.0500
-3.6552 4.0669 6.9100
-3.6552 3.7469 6.8200
-3.6552 3.4969 6.8300
-4.0352 8.7669 0.9500
-4.0352 8.6869 1.3700
-4.0352 8.5369 1.7200
-4.0352 8.9269 3.2300
-4.0452 9.3769 4.9200
-4.0352 8.7469 3.4500
-4.0352 9.1569 4.9700
-4.0352 8.6869 3.8900
-4.0352 8.7769 4.7800
-4.0352 8.4669 4.6400
-4.0352 8.1469 4.5500
-4.0352 7.9269 4.6700
-4.0252 7.7269 4.8000
-4.0252 7.5169 4.9200
-4.0252 7.3069 5.0500
-4.0252 7.0969 5.1900
-4.0252 6.8969 5.3300
-4.0252 6.6769 5.4600
-4.0152 6.4669 5.5800
-4.0152 6.2669 5.7000
-4.0152 6.0569 5.8100
-4.0152 5.8269 5.9400
-4.0152 5.6169 6.0900
-4.0152 5.4069 6.2500
-4.0052 5.1869 6.3800
-4.0052 4.9669 6.5100
-4.0052 4.7669 6.6800
-4.0052 4.5769 6.8100
-4.0052 4.3569 6.8900
-4.0052 4.0669 6.7900
-4.3252 8.4369 0.3500
-4.3252 8.4769 1.0700
-4.3252 8.3869 1.4300
-4.3252 8.3069 1.8800
-4.3252 8.6269 3.2500
-4.3252 8.9369 4.6200
-4.3252 8.4169 3.4200
-4.3252 8.6769 4.5700
-4.3252 8.3369 4.3900
-4.3152 8.0569 4.4200
-4.3152 7.8569 4.5400
-4.3152 7.6569 4.7000
-4.3152 7.4569 4.8100
-4.3152 7.2469 4.9600
-4.3152 7.0169 5.0800
-4.3052 6.7969 5.2100
-4.3052 6.5869 5.3500
-4.3052 6.3669 5.4900
-4.3052 6.1269 5.6000
-4.3052 5.9469 5.7500
-4.3052 5.7469 5.8600
-4.2952 5.5369 5.9800
-4.2952 5.3469 6.1200
-4.2952 5.1569 6.2500
-4.2952 4.9469 6.4000
-4.2952 4.7569 6.5300
-4.2952 4.5569 6.6800
-4.2852 4.3769 6.8400
-4.4852 8.3469 0.8900
-4.4852 8.2469 1.3000
-4.4852 8.2069 1.8000
-4.4852 8.5169 3.1400
-4.4852 8.7669 4.3800
-4.4852 8.3269 3.3600
-4.4852 8.4469 4.2900
-4.4852 8.1669 4.2900
-4.4852 7.9469 4.4300
-4.4852 7.7269 4.5600
-4.4752 7.5369 4.6900
-4.4752 7.3469 4.8100
-4.4752 7.1369 4.9200
-4.4752 6.9369 5.0600
-4.4752 6.7469 5.1700
-4.4752 6.5169 5.2800
-4.4652 6.3169 5.4200
-4.4652 6.1069 5.5500
-4.4652 5.9169 5.6700
-4.4652 5.7169 5.7800
-4.4652 5.4969 5.9300
-4.4652 5.2969 6.0800
-4.4552 5.0969 6.1900
-4.4552 4.9069 6.3500
-4.4552 4.7169 6.4800
-4.4552 4.5169 6.6600
-4.6252 8.2569 0.8300
-4.6252 8.1669 1.2800
-4.6252 8.1569 1.8700
-4.6252 8.1369 2.4100
-4.6252 8.6069 4.1100
-4.6252 8.3769 4.1800
-4.6252 8.1269 4.2300
-4.6252 7.9569 4.3700
-4.6252 7.7369 4.4800
-4.6152 7.5469 4.6100
-4.6152 7.3369 4.7300
-4.6152 7.1269 4.8500
-4.6152 6.9369 4.9500
-4.6152 6.7169 5.0900
-4.6152 6.4869 5.2300
-4.6052 6.2969 5.3600
-4.6052 6.0969 5.4700
-4.6052 5.9169 5.5800
-4.6052 5.6769 5.7500
-4.6052 5.4869 5.8900
-4.6052 5.2669 6.0000
-4.5952 5.0869 6.1600
-4.5952 4.8869 6.3000
-4.5952 4.6669 6.4800
-4.8552 8.0569 0.4200
-4.8552 8.0169 1.0000
-4.8552 8.0069 1.5700
-4.8552 8.0169 2.1600
-4.8552 8.4869 3.8400
-4.8552 7.9069 2.5000
-4.8552 8.3269 4.0200
-4.8552 8.0869 4.1500
-4.8552 7.8769 4.2800
-4.8552 7.6969 4.4100
-4.8452 7.4769 4.5200
-4.8452 7.2669 4.6500
-4.8452 7.0469 4.7700
-4.8452 6.8669 4.9000
-4.8452 6.6469 5.0300
-4.8452 6.4169 5.1400
-4.8352 6.2269 5.2800
-4.8352 6.0269 5.4200
-4.8352 5.7969 5.5300
-4.8352 5.5769 5.6900
-4.8352 5.3669 5.8400
-4.8352 5.1869 5.9700
-4.8252 4.9869 6.1500
-5.1252 7.8469 0.7100
-5.1252 7.8169 1.2700
-5.1252 7.7769 1.8300
-5.1252 8.3769 3.7900
-5.1152 7.7369 2.3000
-5.1252 8.1769 3.9500
-5.1252 7.9769 4.0900
-5.1252 7.7869 4.2100
-5.1152 7.5569 4.3400
-5.1152 7.3369 4.4400
-5.1152 7.1069 4.5800
-5.1152 6.8869 4.7300
-5.1152 6.6969 4.8700
-5.1152 6.4769 4.9800
-5.1052 6.2869 5.1300
-5.1052 6.0869 5.2700
-5.1052 5.8869 5.3800
-5.1052 5.6569 5.5100
-5.1052 5.4669 5.6600
-5.1052 5.2669 5.8600
-5.0252 -3.7731 2.9300
-5.3652 7.6269 0.9600
-5.3652 7.6369 1.6200
-5.3652 7.6069 2.1500
-5.3752 8.0869 3.8800
-5.3652 7.4469 2.3800
-5.3752 7.8569 4.0100
-5.3652 7.6569 4.1300
-5.3652 7.4669 4.2600
-5.3652 7.2669 4.3900
-5.3652 7.0369 4.4900
-5.3652 6.8269 4.6500
-5.3652 6.6069 4.7800
-5.3652 6.4169 4.9200
-5.3552 6.2269 5.0500
-5.3552 5.9969 5.1600
-5.3552 5.7969 5.3100
-5.3552 5.6169 5.4500
-5.3552 5.4369 5.6500
-5.2852 -3.5231 2.9200
-5.2752 -3.7031 3.1100
-5.2752 -3.7931 3.5400
-5.2752 -3.7331 4.2500
-5.2752 -3.7531 4.7700
-5.2752 -3.7631 5.3300
-5.2752 -3.8131 5.8000
-5.2752 -3.8931 6.2600
-5.6152 7.3769 0.5400
-5.6152 7.3669 1.1600
-5.6152 7.3469 1.7700
-5.6152 7.9469 3.8100
-5.6152 7.2669 2.2400
-5.6152 7.7769 3.9400
-5.6152 7.5569 4.0600
-5.6152 7.3269 4.2000
-5.6152 7.1269 4.2900
-5.6152 6.9469 4.4500
-5.6052 6.7269 4.5800
-5.6052 6.5169 4.7000
-5.6052 6.2969 4.8400
-5.6052 6.0869 4.9800
-5.6052 5.9069 5.1300
-5.5252 -3.2831 2.9500
-5.5252 -3.4331 3.2600
-5.5252 -3.4531 3.8300
-5.5252 -3.4731 4.3200
-5.5252 -3.4431 5.0200
-5.5252 -3.5031 5.4600
-5.5252 -3.5731 5.9000
-5.5252 -3.6831 6.1800
-5.8652 7.1669 0.7000
-5.8652 7.1969 1.4100
-5.8652 7.1469 1.9000
-5.8752 7.7069 3.8100
-5.8652 7.0769 2.3400
-5.8652 7.5069 3.9700
-5.8652 7.2869 4.0800
-5.8652 7.0869 4.2500
-5.8652 6.8669 4.3600
-5.8652 6.6569 4.5100
-5.8652 6.4569 4.6500
-5.8552 6.2269 4.7800
-5.8552 6.0569 5.0000
-5.7852 -3.0331 2.9300
-5.7852 -3.1831 3.2000
-5.7852 -3.2231 3.7400
-5.7852 -3.1831 4.3700
-5.7852 -3.1531 5.0200
-5.7852 -3.1831 5.6200
-5.7852 -3.2731 6.0100
-5.7852 -3.4931 6.1400
-5.7752 -3.8731 5.9200
-6.0752 7.0469 0.5700
-6.0752 7.0369 1.0600
-6.0752 7.0369 1.7600
-6.0752 7.6169 3.7600
-6.0752 6.9769 2.2800
-6.0752 7.4469 3.8800
-6.0752 7.2369 4.0300
-6.0752 7.0169 4.1600
-6.0652 6.7969 4.3100
-6.0652 6.6069 4.4600
-6.0652 6.3969 4.5800
-5.9852 -3.1331 1.5100
-5.9952 -2.8031 2.9200
-5.9952 -2.9331 3.2300
-5.9952 -2.9631 3.7100
-5.9952 -2.9431 4.4200
-5.9952 -2.9631 4.9500
-5.9952 -2.9931 5.4700
-5.9952 -3.0631 5.8600
-5.9852 -3.1431 6.3100
-5.9852 -3.5931 5.9300
-5.9852 -3.8931 5.9100
-6.1752 -2.9931 0.4900
-6.1752 -2.9531 1.1300
-6.1752 -2.9731 1.6800
-6.1752 -2.6431 3.0100
-6.1752 -2.6931 3.5500
-6.1752 -2.7431 4.0400
-6.1752 -2.7531 4.6900
-6.1752 -2.6931 5.3700
-6.1752 -2.8031 5.7200
-6.1752 -2.8831 6.1500
-6.1752 -3.1431 6.1200
-6.1752 -3.4831 5.9500
-6.1752 -3.7831 5.9200
-10.2352 -11.3531 6.3400
-10.2352 -11.1431 6.3500
-10.2452 -10.9031 6.3700
-10.2452 -10.6731 6.3000
-10.2452 -10.4631 5.8600
-10.2452 -10.2731 5.8400
-10.2452 -10.0331 5.8200
-10.2452 -9.7931 5.8400
-10.2552 -9.5831 5.8300
-10.2552 -9.3531 5.8500
-10.2552 -9.1231 5.8400
-10.2552 -8.9231 5.8700
-10.2552 -8.6731 5.8600
-10.2652 -8.4531 5.8700
-10.2652 -8.2131 5.8800
-10.2652 -7.9731 5.8700
-10.2652 -7.7531 5.9000
-10.2652 -7.5231 5.8900
-10.2752 -7.3131 5.9000
-10.2752 -7.0831 5.9100
-10.2752 -6.8731 5.9400
-10.2752 -6.6531 5.9300
-10.2752 -6.4031 5.9300
-10.2852 -6.1631 5.9500
-10.2852 -5.9631 5.9500
-10.2852 -5.7331 5.9500
-10.2852 -5.5031 5.9700
-10.2852 -5.2831 5.9800
-10.0852 -11.4231 6.4000
-10.0952 -11.1831 6.3500
-10.0952 -10.9731 6.3200
-10.0952 -10.7431 5.9800
-10.0952 -10.5431 5.8200
-10.0952 -10.3231 5.8200
-10.1052 -10.0831 5.8200
-10.1052 -9.8431 5.8100
-10.1052 -9.6131 5.8400
-10.1052 -9.3831 5.8200
-10.1052 -9.1731 5.8400
-10.1152 -8.9231 5.8500
-10.1152 -8.7031 5.8600
-10.1152 -8.5031 5.8600
-10.1152 -8.2931 5.8600
-10.1152 -8.0431 5.8800
-10.1152 -7.8031 5.8800
-10.1252 -7.5731 5.8900
-10.1252 -7.3731 5.8900
-10.1252 -7.1431 5.9200
-10.1252 -6.9131 5.9200
-10.1252 -6.6831 5.9200
-10.1352 -6.4731 5.9300
-10.1352 -6.2331 5.9400
-10.1352 -6.0131 5.9500
-10.1352 -5.7831 5.9500
-10.1352 -5.5631 5.9600
-10.1452 -5.3331 5.9700
-10.1452 -5.0931 5.9800
-9.9152 -11.7331 6.3500
-9.9152 -11.5131 6.3500
-9.9152 -11.2531 6.3500
-9.9252 -11.0231 6.2500
-9.9252 -10.8131 5.8100
-9.9252 -10.6031 5.8200
-9.9252 -10.3631 5.8000
-9.9252 -10.1431 5.8100
-9.9352 -9.9231 5.8300
-9.9352 -9.7231 5.8400
-9.9352 -9.4831 5.8400
-9.9352 -9.2431 5.8300
-9.9352 -9.0131 5.8200
-9.9452 -8.7931 5.8600
-9.9452 -8.5731 5.8700
-9.9452 -8.3431 5.8700
-9.9452 -8.1231 5.8700
-9.9452 -7.9131 5.8600
-9.9452 -7.6931 5.8800
-9.9552 -7.4531 5.9000
-9.9552 -7.2131 5.9000
-9.9552 -6.9931 5.9300
-9.9552 -6.7731 5.9200
-9.9552 -6.5231 5.9300
-9.9652 -6.2831 5.9300
-9.9652 -6.0631 5.9500
-9.9652 -5.8431 5.9600
-9.9652 -5.6131 5.9600
-9.9652 -5.3731 5.9500
-9.9752 -5.1631 5.9700
-9.6652 -11.6531 6.3200
-9.6652 -11.4431 6.2200
-9.6652 -11.1931 5.8800
-9.6652 -10.9631 5.7900
-9.6752 -10.7531 5.7900
-9.6752 -10.5231 5.8200
-9.6752 -10.3031 5.7900
-9.6752 -10.0631 5.8100
-9.6752 -9.8631 5.8200
-9.6752 -9.6431 5.8300
-9.6852 -9.4031 5.8400
-9.6852 -9.1731 5.8300
-9.6852 -8.9531 5.8400
-9.6852 -8.7131 5.8500
-9.6852 -8.5031 5.8500
-9.6952 -8.2631 5.8300
-9.6952 -8.0231 5.8600
-9.6952 -7.8031 5.8800
-9.6952 -7.5931 5.8800
-9.6952 -7.3331 5.8800
-9.7052 -7.1031 5.9100
-9.7052 -6.9031 5.9000
-9.7052 -6.6731 5.9100
-9.7052 -6.4331 5.9200
-9.7052 -6.1931 5.9300
-9.7152 -5.9931 5.9300
-9.7152 -5.7531 5.9400
-9.7152 -5.5231 5.9600
-9.7152 -5.2931 5.9600
-9.7152 -5.0931 5.9600
-9.4152 -11.6231 5.7100
-9.4152 -11.4031 5.7300
-9.4152 -11.2131 5.7600
-9.4152 -10.9531 5.8000
-9.4252 -10.7331 5.7900
-9.4252 -10.5031 5.7900
-9.4252 -10.2631 5.8100
-9.4252 -10.0531 5.8100
-9.4252 -9.8031 5.7900
-9.4352 -9.5931 5.8100
-9.4352 -9.3431 5.8300
-9.4352 -9.1331 5.8400
-9.4352 -8.8831 5.8400
-9.4352 -8.6631 5.8600
-9.4452 -8.4431 5.8600
-9.4452 -8.2231 5.8700
-9.4452 -7.9831 5.8600
-9.4452 -7.7431 5.8400
-9.4452 -7.5331 5.8800
-9.4552 -7.3031 5.8900
-9.4552 -7.0731 5.8800
-9.4552 -6.8431 5.9000
-9.4552 -6.6331 5.9200
-9.4552 -6.4131 5.9000
-9.4552 -6.1531 5.9200
-9.4652 -5.9231 5.9200
-9.4652 -5.6831 5.9500
-9.4652 -5.4631 5.9600
-9.4652 -5.2131 5.9400
-9.2252 -11.2631 5.7000
-9.2252 -11.0331 5.7500
-9.2252 -10.8031 5.7800
-9.2252 -10.5731 5.7800
-9.2352 -10.3531 5.8000
-9.2352 -10.1231 5.8000
-9.2352 -9.9031 5.8100
-9.2352 -9.6731 5.8100
-9.2352 -9.4431 5.8200
-9.2352 -9.2231 5.8200
-9.2452 -8.9831 5.8400
-9.2452 -8.7631 5.8200
-9.2452 -8.5431 5.8500
-9.2452 -8.3231 5.8100
-9.2452 -8.0731 5.8500
-9.2552 -7.8431 5.8500
-9.2552 -7.6131 5.8500
-9.2552 -7.3731 5.8800
-9.2552 -7.1431 5.8800
-9.2552 -6.8931 5.9100
-9.2652 -6.6931 5.9000
-9.2652 -6.4731 5.9200
-9.2652 -6.2531 5.9200
-9.2652 -6.0331 5.9100
-9.2652 -5.8131 5.9200
-9.2652 -5.5931 5.9500
-9.2752 -5.3731 5.9500
-9.2752 -5.1531 5.9600
-9.0352 -11.1831 5.6700
-9.0352 -10.9531 5.7500
-9.0452 -10.7431 5.7800
-9.0452 -10.5231 5.7800
-9.0452 -10.2831 5.8000
-9.0452 -10.0431 5.8100
-9.0452 -9.8431 5.7900
-9.0552 -9.6031 5.8100
-9.0552 -9.3531 5.8200
-9.0552 -9.1231 5.8200
-9.0552 -8.8931 5.8200
-9.0552 -8.6831 5.8400
-9.0652 -8.4131 5.8300
-9.0652 -8.1931 5.8300
-9.0652 -7.9931 5.8400
-9.0652 -7.7931 5.8600
-9.0652 -7.5431 5.8600
-9.0652 -7.3231 5.8800
-9.0752 -7.1131 5.8700
-9.0752 -6.9031 5.8700
-9.0752 -6.6731 5.8900
-9.0752 -6.4431 5.9000
-9.0752 -6.2331 5.9100
-9.0852 -6.0231 5.9100
-9.0852 -5.7631 5.9300
-9.0852 -5.5431 5.9500
-9.0852 -5.3331 5.9300
-9.0852 -5.1231 5.9600
-8.8052 -11.0531 5.7000
-8.8052 -10.8331 5.7100
-8.8052 -10.5831 5.7600
-8.8052 -10.3331 5.7700
-8.8052 -10.0931 5.8000
-8.8152 -9.8831 5.8000
-8.8152 -9.6731 5.8000
-8.8152 -9.4431 5.7900
-8.8152 -9.2231 5.8100
-8.8152 -9.0131 5.8000
-8.8252 -8.8031 5.8300
-8.8252 -8.5631 5.8300
-8.8252 -8.3331 5.8500
-8.8252 -8.1231 5.8300
-8.8252 -7.9131 5.8400
-8.8252 -7.7031 5.8600
-8.8352 -7.4631 5.8600
-8.8352 -7.2231 5.8700
-8.8352 -7.0131 5.8800
-8.8352 -6.7831 5.8900
-8.8352 -6.5731 5.8900
-8.8452 -6.3231 5.8900
-8.8452 -6.1131 5.9300
-8.8452 -5.8931 5.9100
-8.8452 -5.6631 5.9300
-8.8452 -5.4431 5.9100
-8.8552 -5.2131 5.9500
-8.5552 -10.7631 5.7200
-8.5652 -10.5531 5.7200
-8.5652 -10.3231 5.7700
-8.5652 -10.1031 5.7700
-8.5652 -9.8831 5.8000
-8.5652 -9.6631 5.7900
-8.5752 -9.4531 5.8100
-8.5752 -9.2231 5.8000
-8.5752 -8.9831 5.8000
-8.5752 -8.7631 5.8200
-8.5752 -8.5731 5.8300
-8.5852 -8.3331 5.8300
-8.5852 -8.0931 5.8200
-8.5852 -7.8731 5.8300
-8.5852 -7.6331 5.8400
-8.5852 -7.4331 5.8400
-8.5852 -7.2131 5.8800
-8.5952 -6.9731 5.8800
-8.5952 -6.7631 5.9000
-8.5952 -6.5131 5.8700
-8.5952 -6.2731 5.9100
-8.5952 -6.0531 5.9000
-8.6052 -5.8231 5.9000
-8.6052 -5.6031 5.9200
-8.6052 -5.3831 5.9400
-8.6052 -5.1631 5.9300
-8.3252 -10.6731 5.5200
-8.3352 -10.4331 5.6800
-8.3352 -10.2331 5.7600
-8.3352 -10.0031 5.7800
-8.3352 -9.7831 5.8000
-8.3352 -9.5531 5.8000
-8.3352 -9.3631 5.7800
-8.3452 -9.1031 5.8000
-8.3452 -8.8831 5.7800
-8.3452 -8.6631 5.8200
-8.3452 -8.4531 5.8100
-8.3452 -8.1931 5.8200
-8.3552 -7.9531 5.8300
-8.3552 -7.7231 5.8400
-8.3552 -7.5131 5.8600
-8.3552 -7.2631 5.8600
-8.3552 -7.0531 5.8500
-8.3652 -6.8431 5.8400
-8.3652 -6.6331 5.8700
-8.3652 -6.3931 5.8900
-8.3652 -6.1431 5.8700
-8.3652 -5.9131 5.9000
-8.3752 -5.7031 5.9100
-8.3752 -5.4831 5.9200
-8.3752 -5.2431 5.9400
-8.0752 -10.2731 5.7300
-8.0852 -10.0431 5.7600
-8.0852 -9.8131 5.7700
-8.0852 -9.5831 5.7900
-8.0852 -9.3231 5.7800
-8.0852 -9.1131 5.7900
-8.0952 -8.8931 5.7900
-8.0952 -8.6731 5.8000
-8.0952 -8.4531 5.7900
-8.0952 -8.2331 5.8200
-8.0952 -8.0031 5.8200
-8.0952 -7.7631 5.8400
-8.1052 -7.5231 5.8300
-8.1052 -7.3131 5.8500
-8.1052 -7.1031 5.8500
-8.1052 -6.8631 5.8700
-8.1052 -6.6631 5.8600
-8.1152 -6.4231 5.8700
-8.1152 -6.1831 5.8900
-8.1152 -5.9831 5.9000
-8.1152 -5.7631 5.8700
-8.1152 -5.5031 5.8900
-8.1252 -5.2931 5.9100
-7.8052 -10.1131 5.6800
-7.8052 -9.9031 5.7400
-7.8052 -9.6631 5.7600
-7.8052 -9.4331 5.7900
-7.8052 -9.1931 5.7900
-7.8152 -8.9831 5.7900
-7.8152 -8.7631 5.8100
-7.8152 -8.5131 5.8100
-7.8152 -8.3031 5.8200
-7.8152 -8.0931 5.8100
-7.8152 -7.8831 5.8200
-7.8252 -7.6431 5.8200
-7.8252 -7.4031 5.8400
-7.8252 -7.1731 5.8500
-7.8252 -6.9831 5.8400
-7.8252 -6.7231 5.8400
-7.8352 -6.4731 5.8800
-7.8352 -6.2431 5.8700
-7.8352 -6.0431 5.8800
-7.8352 -5.7831 5.8800
-7.8352 -5.5431 5.8900
-7.8452 -5.3431 5.9000
-7.8452 -5.1331 5.9100
-7.5852 -9.9231 5.6700
-7.5852 -9.7131 5.7400
-7.5952 -9.4831 5.7700
-7.5952 -9.2531 5.7800
-7.5952 -9.0231 5.7800
-7.5952 -8.7831 5.7900
-7.5952 -8.5931 5.7900
-7.6052 -8.3331 5.8000
-7.6052 -8.0931 5.8000
-7.6052 -7.8531 5.8100
-7.6052 -7.6531 5.8400
-7.6052 -7.4131 5.8300
-7.6152 -7.1731 5.8400
-7.6152 -6.9531 5.8400
-7.6152 -6.7431 5.8500
-7.6152 -6.5031 5.8700
-7.6152 -6.2731 5.8700
-7.6252 -6.0531 5.8700
-7.6252 -5.8131 5.8800
-7.6252 -5.6031 5.8900
-7.6252 -5.3731 5.8900
-7.6252 -5.1431 5.9000
-7.4452 -9.9931 5.6600
-7.4452 -9.7531 5.6900
-7.4452 -9.5231 5.7500
-7.4552 -9.3031 5.7900
-7.4552 -9.0631 5.7800
-7.4552 -8.8331 5.7900
-7.4552 -8.6031 5.8000
-7.4552 -8.4031 5.8000
-7.4652 -8.1531 5.8000
-7.4652 -7.9131 5.8000
-7.4652 -7.6931 5.8200
-7.4652 -7.4731 5.8200
-7.4652 -7.2631 5.8500
-7.4652 -7.0131 5.8300
-7.4752 -6.7931 5.8700
-7.4752 -6.5631 5.8600
-7.4752 -6.3331 5.8600
-7.4752 -6.0931 5.8700
-7.4752 -5.8531 5.8700
-7.4852 -5.6431 5.8900
-7.4852 -5.3831 5.8900
-7.4852 -5.1731 5.8900
-7.2752 -9.9631 5.6800
-7.2852 -9.7631 5.7200
-7.2852 -9.5231 5.7400
-7.2852 -9.2831 5.7500
-7.2852 -9.0531 5.7800
-7.2852 -8.8431 5.7700
-7.2952 -8.6231 5.7900
-7.2952 -8.3731 5.8000
-7.2952 -8.1531 5.7900
-7.2952 -7.9331 5.7900
-7.2952 -7.7031 5.8100
-7.3052 -7.4531 5.8200
-7.3052 -7.2231 5.8300
-7.3052 -6.9931 5.8400
-7.3052 -6.7631 5.8500
-7.3052 -6.5331 5.8500
-7.3152 -6.3131 5.8600
-7.3152 -6.1031 5.8600
-7.3152 -5.8931 5.8500
-7.3152 -5.6831 5.8800
-7.3152 -5.4331 5.8500
-7.3252 -5.2131 5.8800
-7.0352 -9.8031 5.6700
-7.0452 -9.5531 5.7100
-7.0452 -9.3131 5.7400
-7.0452 -9.0731 5.7600
-7.0452 -8.8531 5.7500
-7.0452 -8.6131 5.7800
-7.0552 -8.3631 5.7800
-7.0552 -8.1531 5.8000
-7.0552 -7.9531 5.8000
-7.0552 -7.7331 5.8000
-7.0552 -7.5031 5.8000
-7.0652 -7.2931 5.8000
-7.0652 -7.0631 5.8200
-7.0652 -6.8531 5.8400
-7.0652 -6.6331 5.8400
-7.0652 -6.4131 5.8400
-7.0752 -6.1831 5.8400
-7.0752 -5.9631 5.8600
-7.0752 -5.7331 5.8500
-7.0752 -5.5031 5.8700
-7.0752 -5.2831 5.8700
-6.8052 -9.7331 5.6400
-6.8052 -9.5131 5.7100
-6.8052 -9.3031 5.7600
-6.8052 -9.0731 5.7700
-6.8052 -8.8531 5.7600
-6.8152 -8.6231 5.7700
-6.8152 -8.4131 5.7800
-6.8152 -8.2031 5.7800
-6.8152 -7.9831 5.8000
-6.8152 -7.7631 5.8000
-6.8152 -7.5531 5.8100
-6.8252 -7.3031 5.8000
-6.8252 -7.0731 5.8200
-6.8252 -6.8731 5.8200
-6.8252 -6.6631 5.8200
-6.8252 -6.4131 5.8300
-6.8352 -6.1931 5.8300
-6.8352 -5.9531 5.8400
-6.8352 -5.7431 5.8500
-6.8352 -5.5331 5.8600
-6.8352 -5.2931 5.8600
-6.6152 -9.5331 5.7100
-6.6252 -9.3431 5.7100
-6.6252 -9.0831 5.7300
-6.6252 -8.8331 5.7600
-6.6252 -8.6431 5.7600
-6.6252 -8.4331 5.7700
-6.6252 -8.2031 5.7800
-6.6352 -7.9531 5.7800
-6.6352 -7.7431 5.7700
-6.6352 -7.5331 5.7900
-6.6352 -7.2931 5.8000
-6.6352 -7.0731 5.8100
-6.6452 -6.8431 5.8300
-6.6452 -6.6031 5.8200
-6.6452 -6.3731 5.8600
-6.6452 -6.1331 5.8000
-6.6452 -5.9131 5.8600
-6.6552 -5.7031 5.8400
-6.6552 -5.4631 5.8500
-6.6552 -5.2531 5.8600
-6.4452 -9.2631 5.6400
-6.4452 -9.0231 5.7200
-6.4452 -8.8131 5.7400
-6.4452 -8.6131 5.7500
-6.4452 -8.3431 5.7800
-6.4552 -8.1131 5.7900
-6.4552 -7.8831 5.7900
-6.4552 -7.6531 5.8000
-6.4552 -7.4331 5.7900
-6.4552 -7.1931 5.7900
-6.4652 -6.9831 5.8100
-6.4652 -6.7731 5.8200
-6.4652 -6.5531 5.8100
-6.4652 -6.3031 5.8400
-6.4652 -6.0831 5.8300
-6.4652 -5.8531 5.8400
-6.4752 -5.6431 5.8400
-6.4752 -5.4031 5.8400
-6.4752 -5.1731 5.8500
-6.2152 -9.1231 5.6400
-6.2152 -8.9131 5.6800
-6.2152 -8.6931 5.7600
-6.2152 -8.4631 5.7500
-6.2152 -8.2331 5.7600
-6.2252 -8.0331 5.7800
-6.2252 -7.8031 5.7800
-6.2252 -7.5631 5.7900
-6.2252 -7.3231 5.8000
-6.2252 -7.1131 5.8100
-6.2252 -6.8931 5.8100
-6.2352 -6.6531 5.8000
-6.2352 -6.4231 5.8100
-6.2352 -6.2231 5.8000
-6.2352 -5.9931 5.8300
-6.2352 -5.7931 5.8300
-6.2452 -5.5431 5.8400
-6.2452 -5.2931 5.8500
-5.9852 -8.8331 5.6700
-5.9852 -8.6131 5.7300
-5.9852 -8.3731 5.7600
-5.9952 -8.1631 5.7600
-5.9952 -7.9431 5.7800
-5.9952 -7.7131 5.7800
-5.9952 -7.5031 5.7700
-5.9952 -7.2631 5.7600
-5.9952 -7.0231 5.7800
-6.0052 -6.8031 5.8100
-6.0052 -6.5731 5.8200
-6.0052 -6.3431 5.8000
-6.0052 -6.1031 5.8200
-6.0052 -5.8831 5.8300
-6.0152 -5.6531 5.8500
-6.0152 -5.4231 5.8400
-6.0152 -5.2031 5.8400
-5.7752 -8.6631 5.6700
-5.7752 -8.4431 5.7100
-5.7752 -8.2131 5.7400
-5.7852 -7.9831 5.7500
-5.7852 -7.7331 5.7600
-5.7852 -7.5231 5.7600
-5.7852 -7.2931 5.7900
-5.7852 -7.0531 5.7700
-5.7952 -6.8331 5.7900
-5.7952 -6.6131 5.7900
-5.7952 -6.3931 5.8000
-5.7952 -6.1531 5.8000
-5.7952 -5.9431 5.8200
-5.8052 -5.6931 5.8200
-5.8052 -5.4831 5.8500
-5.8052 -5.2531 5.8200
-5.5352 -8.4631 5.7200
-5.5352 -8.2431 5.7200
-5.5352 -8.0231 5.7500
-5.5452 -7.7931 5.7700
-5.5452 -7.5631 5.7600
-5.5452 -7.3331 5.7800
-5.5452 -7.1031 5.7800
-5.5452 -6.8931 5.7700
-5.5452 -6.6531 5.7700
-5.5552 -6.4431 5.8100
-5.5552 -6.2031 5.8000
-5.5552 -5.9731 5.8000
-5.5552 -5.7431 5.8100
-5.5552 -5.4931 5.8400
-5.5652 -5.2531 5.8200
-5.2552 -8.2631 5.6400
-5.2552 -8.0331 5.7000
-5.2552 -7.8131 5.7400
-5.2552 -7.5831 5.7600
-5.2652 -7.3331 5.7700
-5.2652 -7.0931 5.7800
-5.2652 -6.8631 5.7800
-5.2652 -6.6331 5.7900
-5.2652 -6.4131 5.8000
-5.2652 -6.1931 5.7800
-5.2752 -5.9731 5.8000
-5.2752 -5.7731 5.8000
-5.2752 -5.5531 5.8000
-5.2752 -5.3031 5.8200
-5.2752 -5.0931 5.8400
-5.0252 -7.8631 5.6800
-5.0252 -7.6431 5.7200
-5.0352 -7.4431 5.7600
-5.0352 -7.2231 5.7600
-5.0352 -7.0131 5.7600
-5.0352 -6.7731 5.7700
-5.0352 -6.5531 5.7600
-5.0452 -6.3431 5.7900
-5.0452 -6.1231 5.7800
-5.0452 -5.9031 5.7900
-5.0452 -5.6631 5.7900
-5.0452 -5.4331 5.8000
-5.0552 -5.2331 5.8300
-4.8752 -7.8331 5.6600
-4.8852 -7.6031 5.7300
-4.8852 -7.3731 5.7700
-4.8852 -7.1531 5.7500
-4.8852 -6.9331 5.7600
-4.8852 -6.7031 5.7600
-4.8952 -6.4831 5.7600
-4.8952 -6.2631 5.7900
-4.8952 -6.0431 5.7900
-4.8952 -5.8131 5.8000
-4.8952 -5.5831 5.8000
-4.9052 -5.3731 5.8100
-4.9052 -5.1431 5.8200
-4.7152 -7.5631 5.7000
-4.7252 -7.3231 5.7300
-4.7252 -7.1031 5.7700
-4.7252 -6.8931 5.7500
-4.7252 -6.6531 5.7600
-4.7252 -6.4331 5.7600
-4.7252 -6.1731 5.7700
-4.7352 -5.9431 5.8100
-4.7352 -5.7431 5.8100
-4.7352 -5.5031 5.8100
-4.7352 -5.2831 5.8000
-4.4752 -7.4031 5.7000
-4.4752 -7.1631 5.7300
-4.4752 -6.9231 5.7700
-4.4852 -6.7231 5.7500
-4.4852 -6.5131 5.7700
-4.4852 -6.2731 5.7600
-4.4852 -6.0431 5.7800
-4.4852 -5.8131 5.7900
-4.4852 -5.6031 5.8000
-4.4952 -5.3631 5.8000
-4.4952 -5.1331 5.9600
-4.2352 -7.3631 5.6700
-4.2352 -7.1531 5.6900
-4.2352 -6.9231 5.7300
-4.2352 -6.6931 5.7500
-4.2452 -6.4731 5.7500
-4.2452 -6.2631 5.7800
-4.2452 -6.0131 5.7800
-4.2452 -5.8031 5.7800
-4.2452 -5.5631 5.8000
-4.2452 -5.3331 6.0100
-4.2552 -5.1131 6.3000
-4.0452 -7.0031 5.6800
-4.0452 -6.7831 5.7000
-4.0552 -6.5631 5.7500
-4.0552 -6.3131 5.7400
-4.0552 -6.0731 5.7700
-4.0552 -5.8531 5.7800
-4.0552 -5.6331 5.8700
-4.0652 -5.3831 6.2700
-4.0652 -5.1531 6.3200
-3.8652 -6.8531 5.6700
-3.8652 -6.6231 5.6800
-3.8652 -6.3831 5.7600
-3.8652 -6.1531 5.7600
-3.8752 -5.9431 5.7800
-3.8752 -5.6931 6.2000
-3.8752 -5.4631 6.3200
-3.8752 -5.2231 6.3600
-3.6252 -6.5631 5.7200
-3.6252 -6.3231 5.7400
-3.6252 -6.0831 5.9000
-3.6352 -5.8531 6.3100
-3.6352 -5.6031 6.3500
-3.6352 -5.3631 6.2900
-3.3752 -6.5331 5.5900
-3.3852 -6.3131 5.7000
-3.3852 -6.0731 6.2700
-3.3852 -5.8531 6.3700
-3.3852 -5.6431 6.3000
-3.1452 -6.5331 2.3600
-3.1552 -6.2131 5.7700
-3.1552 -5.9531 6.3400
-2.8952 -6.1931 2.4500
-2.2552 -5.2031 1.8400
-2.0852 -5.3931 1.9100
-2.0852 -5.1831 1.9000
-1.8352 -5.6931 1.8700
-1.8352 -5.4331 1.9000
-1.8352 -5.2331 1.9400
-1.5852 -5.8531 1.9400
-1.5852 -5.6431 1.9200
-1.5852 -5.3931 1.9700
-1.5952 -5.1731 2.0100
-1.3952 -6.1531 1.8200
-1.3952 -5.9331 1.8800
-1.4052 -5.6931 1.9300
-1.4052 -5.4831 1.9700
-1.4052 -5.2731 1.9900
-1.2152 -6.4231 1.8400
-1.2152 -6.2031 1.8800
-1.2252 -5.9731 1.9300
-1.2252 -5.7431 1.9500
-1.2252 -5.5031 1.9900
-1.2252 -5.3031 2.0200
-0.9852 -6.6631 1.8500
-0.9852 -6.4031 1.8700
-0.9852 -6.1931 1.9200
-0.9852 -5.9731 1.9500
-0.9952 -5.7431 2.0000
-0.9952 -5.5231 2.0000
-0.9952 -5.2931 2.0500
-0.7452 -6.7531 1.8800
-0.7552 -6.5231 1.9200
-0.7552 -6.2831 1.9500
-0.7552 -6.0631 1.9800
-0.7552 -5.8231 1.9900
-0.7552 -5.6131 2.0200
-0.7652 -5.3931 2.0400
-0.7652 -5.1731 2.0900
-0.5352 -7.0031 1.9000
-0.5352 -6.7831 1.9000
-0.5352 -6.5531 1.9500
-0.5352 -6.3231 1.9800
-0.5352 -6.0631 2.0100
-0.5452 -5.8631 2.0100
-0.5452 -5.6431 2.0400
-0.5452 -5.4131 2.0800
-0.5452 -5.1831 2.1100
-0.2852 -7.4231 1.8300
-0.2852 -7.2131 1.8400
-0.2952 -7.0131 1.8700
-0.2952 -6.7731 1.9300
-0.2952 -6.5431 1.9600
-0.2952 -6.3231 2.0100
-0.2952 -6.0931 2.0300
-0.3052 -5.8831 2.0500
-0.3052 -5.6231 2.0900
-0.3052 -5.3931 2.1000
-0.3052 -5.1831 2.1600
-0.0152 -7.7131 1.8100
-0.0252 -7.4631 1.8700
-0.0252 -7.2231 1.9200
-0.0252 -7.0231 1.9300
-0.0252 -6.7831 1.9700
-0.0252 -6.5431 2.0100
-0.0352 -6.2931 2.0500
-0.0352 -6.0831 2.0700
-0.0352 -5.8631 2.1200
-0.0352 -5.6031 2.1000
-0.0352 -5.3831 2.1500
-0.0352 -5.1831 2.1800
0.1848 -7.8831 1.8700
0.1848 -7.6731 1.8700
0.1848 -7.4331 1.9300
0.1848 -7.2031 1.9200
0.1748 -6.9831 1.9900
0.1748 -6.7531 2.0100
0.1748 -6.5231 2.0300
0.1748 -6.2831 2.0600
0.1748 -6.0731 2.0800
0.1648 -5.8331 2.1100
0.1648 -5.6331 2.1300
0.1648 -5.3831 2.1700
0.1648 -5.1631 2.2000
0.3348 -8.1031 1.8100
0.3248 -7.8731 1.8500
0.3248 -7.6431 1.9000
0.3248 -7.4231 1.9300
0.3248 -7.1731 1.9800
0.3248 -6.9631 1.9800
0.3148 -6.7231 2.0200
0.3148 -6.5131 2.0500
0.3148 -6.2731 2.0500
0.3148 -6.0231 2.1200
0.3148 -5.7931 2.1300
0.3048 -5.5631 2.1600
0.3048 -5.3231 2.1700
0.5148 -8.2831 1.8900
0.5148 -8.0731 1.8500
0.5148 -7.8331 1.9100
0.5048 -7.6131 1.9500
0.5048 -7.3531 1.9400
0.5048 -7.1131 2.0000
0.5048 -6.8831 2.0200
0.5048 -6.6531 2.0800
0.4948 -6.4131 2.0900
0.4948 -6.2031 2.1100
0.4948 -5.9931 2.1500
0.4948 -5.7831 2.1600
0.4948 -5.5631 2.2100
0.4948 -5.3131 2.2300
0.4848 -5.0931 2.2500
0.7848 -8.4231 1.8300
0.7848 -8.1831 1.9100
0.7848 -7.9631 1.9300
0.7848 -7.7531 1.9600
0.7848 -7.5431 1.9800
0.7848 -7.3031 2.0200
0.7748 -7.0931 2.0300
0.7748 -6.8631 2.0500
0.7748 -6.6331 2.0800
0.7748 -6.4231 2.0900
0.7748 -6.2031 2.1700
0.7648 -5.9931 2.1600
0.7648 -5.7631 2.2100
0.7648 -5.5131 2.2300
0.7648 -5.2931 2.2800
0.7648 -5.0931 2.2900
1.0548 -9.2231 1.8200
1.0548 -8.9931 1.7500
1.0548 -8.7731 1.8600
1.0548 -8.5631 1.8600
1.0448 -8.3231 1.9200
1.0448 -8.1031 1.9600
1.0448 -7.8831 1.9600
1.0448 -7.6731 1.9900
1.0448 -7.4331 2.0200
1.0348 -7.1931 2.0600
1.0348 -6.9731 2.0900
1.0348 -6.7531 2.1200
1.0348 -6.5431 2.1400
1.0348 -6.3131 2.1600
1.0348 -6.0831 2.2200
1.0248 -5.8431 2.2200
1.0248 -5.6231 2.2700
1.0248 -5.4131 2.2400
1.0248 -5.1731 2.3000
1.2548 -9.4731 1.7600
1.2548 -9.2631 1.7300
1.2448 -9.0131 1.8200
1.2448 -8.7631 1.9000
1.2448 -8.5531 1.9100
1.2448 -8.3531 1.9500
1.2448 -8.1231 1.9400
1.2348 -7.8831 2.0000
1.2348 -7.6531 2.0200
1.2348 -7.4231 2.0600
1.2348 -7.2131 2.0800
1.2348 -6.9831 2.1200
1.2248 -6.7531 2.1400
1.2248 -6.5231 2.1600
1.2248 -6.2831 2.2200
1.2248 -6.0331 2.2300
1.2248 -5.8131 2.2300
1.2148 -5.5931 2.2400
1.2148 -5.3831 2.3200
1.2148 -5.1531 2.3500
1.4348 -9.4831 1.7300
1.4348 -9.2531 1.7600
1.4348 -9.0231 1.8400
1.4348 -8.8231 1.9200
1.4348 -8.5931 1.9800
1.4248 -8.3431 1.9800
1.4248 -8.1031 2.0200
1.4248 -7.8831 2.0400
1.4248 -7.6431 2.0600
1.4248 -7.4131 2.0900
1.4148 -7.1731 2.1000
1.4148 -6.9731 2.1300
1.4148 -6.7531 2.1600
1.4148 -6.5231 2.1700
1.4148 -6.2831 2.2000
1.4148 -6.0631 2.2300
1.4048 -5.8331 2.2800
1.4048 -5.6231 2.3200
1.4048 -5.3731 2.3200
1.4048 -5.1531 2.4000
1.6948 -9.7731 1.7800
1.6948 -9.5331 1.7900
1.6848 -9.2831 1.8500
1.6848 -9.0731 1.9100
1.6848 -8.8431 1.9300
1.6848 -8.6331 1.9900
1.6848 -8.3931 2.0100
1.6748 -8.1731 2.0400
1.6748 -7.9531 2.0400
1.6748 -7.7031 2.0600
1.6748 -7.4631 2.0800
1.6748 -7.2531 2.1200
1.6648 -7.0431 2.1200
1.6648 -6.8031 2.1900
1.6648 -6.5731 2.1900
1.6648 -6.3631 2.2400
1.6648 -6.1331 2.2700
1.6648 -5.9231 2.3300
1.6548 -5.6731 2.3400
1.6548 -5.4331 2.3600
1.6548 -5.2231 2.3800
1.9548 -10.1831 1.7300
1.9548 -9.9531 1.7600
1.9548 -9.7131 1.8000
1.9548 -9.4731 1.8400
1.9548 -9.2331 1.8800
1.9448 -9.0231 1.9100
1.9448 -8.8131 1.9600
1.9448 -8.5631 2.0300
1.9448 -8.3531 2.0500
1.9448 -8.1331 2.0600
1.9348 -7.8931 2.1000
1.9348 -7.6731 2.1400
1.9348 -7.4531 2.1400
1.9348 -7.2031 2.1700
1.9348 -6.9831 2.2000
1.9248 -6.7431 2.2000
1.9248 -6.5131 2.2500
1.9248 -6.2831 2.2700
1.9248 -6.0531 2.3200
1.9248 -5.8031 2.3500
1.9148 -5.5731 2.3700
1.9148 -5.3731 2.3800
1.9148 -5.1531 2.4300
2.1948 -10.4431 1.7100
2.1948 -10.1831 1.7400
2.1948 -9.9631 1.8000
2.1948 -9.7431 1.8300
2.1848 -9.5331 1.8900
2.1848 -9.3031 1.9100
2.1848 -9.0531 1.9400
2.1848 -8.8131 2.0000
2.1848 -8.5931 2.0400
2.1748 -8.3631 2.0900
2.1748 -8.1131 2.1200
2.1748 -7.8831 2.1300
2.1748 -7.6731 2.1400
2.1748 -7.4431 2.1800
2.1648 -7.1931 2.2100
2.1648 -6.9831 2.2400
2.1648 -6.7531 2.2700
2.1648 -6.5331 2.2800
2.1648 -6.2831 2.3000
2.1548 -6.0631 2.3400
2.1548 -5.8331 2.3900
2.1548 -5.6331 2.4200
2.1548 -5.3831 2.4100
2.1548 -5.1631 2.4300
2.4548 -10.9531 1.8300
2.4448 -10.7231 1.7000
2.4448 -10.4931 1.7300
2.4448 -10.2531 1.7900
2.4448 -10.0431 1.8000
2.4448 -9.8031 1.8600
2.4448 -9.5631 1.8900
2.4348 -9.3231 1.9700
2.4348 -9.1131 1.9600
2.4348 -8.8831 2.0100
2.4348 -8.6231 2.0500
2.4348 -8.4131 2.0900
2.4248 -8.2031 2.1600
2.4248 -7.9631 2.1700
2.4248 -7.7431 2.1900
2.4248 -7.5031 2.1900
2.4248 -7.2631 2.2300
2.4148 -7.0531 2.2600
2.4148 -6.8131 2.3100
2.4148 -6.6031 2.3300
2.4148 -6.3531 2.3200
2.4148 -6.1231 2.3700
2.4048 -5.9131 2.3900
2.4048 -5.6431 2.4100
2.4048 -5.4131 2.4800
2.4048 -5.1731 2.4800
2.7248 -11.1031 1.7200
2.7248 -10.8831 1.7400
2.7148 -10.6631 1.7900
2.7148 -10.4031 1.7800
2.7148 -10.1931 1.8500
2.7148 -9.9831 1.8900
2.7148 -9.7631 1.9000
2.7048 -9.5031 1.9300
2.7048 -9.2731 1.9900
2.7048 -9.0331 2.0200
2.7048 -8.8431 2.0600
2.7048 -8.5831 2.0700
2.6948 -8.3531 2.1200
2.6948 -8.1131 2.2000
2.6948 -7.9131 2.2300
2.6948 -7.6431 2.2400
2.6948 -7.4131 2.2400
2.6848 -7.1831 2.2600
2.6848 -6.9431 2.2900
2.6848 -6.7331 2.3100
2.6848 -6.5031 2.3400
2.6848 -6.2931 2.3900
2.6848 -6.0831 2.4100
2.6748 -5.8531 2.4200
2.6748 -5.6131 2.4700
2.6748 -5.4031 2.5200
2.6748 -5.1831 2.5500
2.9248 -11.3431 1.7300
2.9248 -11.1031 1.7800
2.9248 -10.8531 1.8000
2.9148 -10.6431 1.8300
2.9148 -10.4131 1.8500
2.9148 -10.1931 1.8800
2.9148 -9.9531 1.9200
2.9148 -9.7331 1.9300
2.9048 -9.5031 1.9800
2.9048 -9.2731 2.0000
2.9048 -9.0231 2.0100
2.9048 -8.7931 2.0900
2.9048 -8.5631 2.1300
2.8948 -8.3131 2.1500
2.8948 -8.0831 2.2400
2.8948 -7.8831 2.2400
2.8948 -7.6431 2.2800
2.8948 -7.4431 2.2900
2.8948 -7.2131 2.3000
2.8848 -6.9831 2.3200
2.8848 -6.7731 2.3400
2.8848 -6.5531 2.4000
2.8848 -6.3331 2.3900
2.8848 -6.1131 2.4400
2.8748 -5.8731 2.4700
2.8748 -5.6731 2.4900
2.8748 -5.4331 2.5300
2.8748 -5.2031 2.5700
3.0648 -11.5931 1.7700
3.0548 -11.3731 1.7100
3.0548 -11.1531 1.7900
3.0548 -10.9031 1.8300
3.0548 -10.6531 1.8400
3.0548 -10.4431 1.8600
3.0448 -10.1931 1.8600
3.0448 -9.9531 1.9200
3.0448 -9.7431 1.9600
3.0448 -9.5231 2.0000
3.0448 -9.3031 2.0000
3.0348 -9.0931 2.0500
3.0348 -8.8731 2.1000
3.0348 -8.6231 2.1400
3.0348 -8.4131 2.1500
3.0348 -8.1931 2.2100
3.0348 -7.9831 2.2300
3.0248 -7.7531 2.2800
3.0248 -7.5331 2.3100
3.0248 -7.2931 2.3500
3.0248 -7.0731 2.3400
3.0248 -6.8431 2.3700
3.0148 -6.6331 2.4000
3.0148 -6.3931 2.4400
3.0148 -6.1731 2.4600
3.0148 -5.9231 2.5400
3.0148 -5.7231 2.5200
3.0048 -5.5231 2.5200
3.0048 -5.2731 2.5900
3.2248 -11.3631 1.7800
3.2248 -11.1531 1.8100
3.2248 -10.9331 1.8400
3.2248 -10.7231 1.8800
3.2248 -10.5031 1.9000
3.2148 -10.2531 1.9500
3.2148 -10.0331 1.9600
3.2148 -9.8231 2.0000
3.2148 -9.6131 2.0000
3.2148 -9.3831 2.0400
3.2048 -9.1431 2.0700
3.2048 -8.9231 2.0900
3.2048 -8.7031 2.1600
3.2048 -8.4931 2.1700
3.2048 -8.2531 2.2100
3.2048 -8.0231 2.2500
3.1948 -7.8131 2.3000
3.1948 -7.5931 2.3300
3.1948 -7.3531 2.3600
3.1948 -7.1431 2.3400
3.1948 -6.9031 2.3900
3.1848 -6.6831 2.3900
3.1848 -6.4331 2.4500
3.1848 -6.1831 2.4800
3.1848 -5.9731 2.5100
3.1848 -5.7231 2.5700
3.1748 -5.5231 2.5600
3.1748 -5.2831 2.6100
3.4848 -11.7431 1.7800
3.4848 -11.5231 1.8400
3.4848 -11.3131 1.8300
3.4848 -11.0831 1.8400
3.4848 -10.8731 1.8600
3.4748 -10.6331 1.9100
3.4748 -10.4031 1.9400
3.4748 -10.1631 1.9700
3.4748 -9.9531 1.9900
3.4748 -9.7531 2.0200
3.4648 -9.5031 2.0300
3.4648 -9.2731 2.1100
3.4648 -9.0431 2.1000
3.4648 -8.8431 2.1200
3.4648 -8.6131 2.1700
3.4548 -8.3631 2.2300
3.4548 -8.1231 2.2500
3.4548 -7.9131 2.2900
3.4548 -7.6531 2.3300
3.4548 -7.4331 2.3700
3.4448 -7.2031 2.4300
3.4448 -6.9931 2.4400
3.4448 -6.7731 2.4400
3.4448 -6.5431 2.4700
3.4448 -6.3031 2.4900
3.4348 -6.0831 2.5200
3.4348 -5.8531 2.5500
3.4348 -5.6231 2.6100
3.4348 -5.3931 2.6300
3.4348 -5.1731 2.6100
3.7248 -11.5931 1.8300
3.7248 -11.3731 1.8700
3.7248 -11.1431 1.8600
3.7248 -10.9131 1.9000
3.7248 -10.6831 1.9200
3.7148 -10.4631 1.9500
3.7148 -10.2531 2.0000
3.7148 -10.0031 1.9900
3.7148 -9.7631 2.0400
3.7148 -9.5431 2.0900
3.7048 -9.3031 2.1600
3.7048 -9.0731 2.1700
3.7048 -8.8431 2.1500
3.7048 -8.6131 2.2100
3.7048 -8.4031 2.2400
3.6948 -8.1831 2.2800
3.6948 -7.9431 2.3100
3.6948 -7.7031 2.3600
3.6948 -7.4731 2.3900
3.6948 -7.2531 2.4300
3.6948 -7.0331 2.4800
3.6848 -6.7931 2.4600
3.6848 -6.5731 2.5200
3.6848 -6.3731 2.5300
3.6848 -6.1231 2.5500
3.6848 -5.9031 2.5400
3.6748 -5.6731 2.5900
3.6748 -5.4331 2.6300
3.6748 -5.2231 2.6200
3.8948 -11.7331 1.8000
3.8948 -11.5031 1.8500
3.8948 -11.2631 1.8900
3.8948 -11.0231 1.9100
3.8948 -10.7931 1.9200
3.8848 -10.5731 1.9700
3.8848 -10.3431 2.0100
3.8848 -10.1431 2.0200
3.8848 -9.9031 2.0400
3.8848 -9.6831 2.0600
3.8848 -9.4431 2.0900
3.8748 -9.2031 2.1400
3.8748 -8.9831 2.1900
3.8748 -8.7731 2.1900
3.8748 -8.5331 2.2200
3.8748 -8.3231 2.2800
3.8648 -8.1031 2.3200
3.8648 -7.8631 2.3500
3.8648 -7.6431 2.3900
3.8648 -7.4131 2.4500
3.8648 -7.1631 2.4600
3.8548 -6.9531 2.5000
3.8548 -6.7131 2.5500
3.8548 -6.4831 2.5600
3.8548 -6.2431 2.5700
3.8548 -6.0331 2.6100
3.8548 -5.7831 2.6000
3.8448 -5.5631 2.6400
3.8448 -5.3431 2.6100
3.8448 -5.1131 2.5700
4.0648 -11.5331 1.8700
4.0648 -11.2831 1.8900
4.0648 -11.0431 1.9300
4.0648 -10.8231 1.9500
4.0548 -10.6031 1.9600
4.0548 -10.3731 2.0100
4.0548 -10.1431 2.0400
4.0548 -9.9231 2.0600
4.0548 -9.7131 2.0700
4.0548 -9.4831 2.1500
4.0448 -9.2431 2.1900
4.0448 -9.0031 2.2100
4.0448 -8.7831 2.2300
4.0448 -8.5631 2.2600
4.0448 -8.3131 2.2900
4.0348 -8.0831 2.3500
4.0348 -7.8531 2.3700
4.0348 -7.6331 2.3900
4.0348 -7.3831 2.4400
4.0348 -7.1531 2.4800
4.0248 -6.8831 4.4600
4.0248 -6.9431 2.5300
4.0248 -6.6531 4.4300
4.0248 -6.7131 2.5400
4.0248 -6.4131 4.4700
4.0248 -6.4731 2.6400
4.0248 -6.2431 2.6000
4.0248 -6.0431 2.6100
4.0148 -5.7931 2.6400
4.0148 -5.5831 2.6100
4.0148 -5.3431 2.4400
4.3048 -11.6431 1.8700
4.3048 -11.4131 1.8900
4.3048 -11.1831 1.9400
4.3048 -10.9431 1.9700
4.3048 -10.7431 1.9900
4.2948 -10.4931 2.0100
4.2948 -10.2531 2.0400
4.2948 -10.0431 2.0900
4.2948 -9.8131 2.1000
4.2948 -9.5731 2.0900
4.2948 -9.3131 2.1900
4.2848 -9.1031 2.1900
4.2848 -8.8731 2.2300
4.2848 -8.6331 2.2800
4.2848 -8.4231 2.3100
4.2848 -8.1931 2.3300
4.2748 -7.9631 2.3600
4.2748 -7.7231 2.4100
4.2748 -7.5031 2.4500
4.2748 -7.2631 2.4800
4.2748 -6.9831 4.4800
4.2748 -7.0531 2.5300
4.2648 -6.7531 4.4500
4.2648 -6.8131 2.5600
4.2648 -6.5331 4.4600
4.2648 -6.2931 4.4400
4.2648 -6.3531 2.6700
4.2648 -6.1231 2.6900
4.2648 -5.9031 2.5800
4.2548 -5.6531 2.4100
4.5548 -11.6831 1.9000
4.5548 -11.4431 1.9300
4.5548 -11.2131 1.9500
4.5548 -10.9731 1.9800
4.5548 -10.7531 2.0100
4.5548 -10.5131 2.0300
4.5448 -10.2831 2.0700
4.5448 -10.0631 2.0700
4.5448 -9.8431 2.1200
4.5448 -9.6031 2.1600
4.5448 -9.3731 2.2000
4.5348 -9.1431 2.2300
4.5348 -8.9031 2.3000
4.5348 -8.6931 2.3100
4.5348 -8.4631 2.3200
4.5348 -8.2531 2.3300
4.5248 -8.0031 2.3800
4.5248 -7.7631 2.4100
4.5248 -7.5331 2.4500
4.5248 -7.3031 2.5100
4.5248 -6.9831 4.5900
4.5248 -7.0431 2.5500
4.5148 -6.7431 4.4400
4.5148 -6.5431 4.4600
4.5148 -6.3431 4.4400
4.5148 -6.3931 2.6500
4.5148 -6.1531 2.6900
4.5148 -5.9431 2.6100
4.5048 -5.2531 3.4700
4.7848 -11.7331 1.8900
4.7748 -11.5131 1.9600
4.7748 -11.3031 1.9700
4.7748 -11.0431 2.0000
4.7748 -10.8231 2.0200
4.7748 -10.5831 2.0700
4.7648 -10.3931 2.0900
4.7648 -10.1331 2.1000
4.7648 -9.9231 2.1400
4.7648 -9.6831 2.1800
4.7648 -9.4431 2.2100
4.7548 -9.2131 2.2300
4.7548 -8.9731 2.3300
4.7548 -8.7231 2.3300
4.7548 -8.5031 2.3600
4.7548 -8.2931 2.3700
4.7448 -8.0631 2.3900
4.7448 -7.8431 2.4500
4.7448 -7.6231 2.4800
4.7448 -7.4131 2.4900
4.7448 -7.1731 2.5200
4.7448 -6.9531 2.5600
4.7348 -6.7331 2.6000
4.7348 -6.5231 2.6500
4.7348 -6.3131 2.6600
4.7348 -6.0631 2.6700
4.7348 -5.8031 3.4000
4.7248 -5.6131 3.5200
4.7248 -5.3731 3.5200
4.7248 -5.1631 3.4300
5.0048 -11.6131 1.9600
5.0048 -11.3931 1.9600
5.0048 -11.1431 2.0000
5.0048 -10.9231 2.0300
5.0048 -10.6831 2.0600
4.9948 -10.4431 2.1200
4.9948 -10.1931 2.1400
4.9948 -9.9731 2.1600
4.9948 -9.7531 2.1800
4.9948 -9.5331 2.2100
4.9848 -9.3031 2.2500
4.9848 -9.0931 2.2700
4.9848 -8.8831 2.3100
4.9848 -8.6431 2.3900
4.9848 -8.4231 2.4200
4.9848 -8.2031 2.4500
4.9748 -7.9931 2.4300
4.9748 -7.7831 2.4800
4.9748 -7.5331 2.5100
4.9748 -7.2931 2.5700
4.9748 -7.0831 2.5800
4.9648 -6.8731 2.6000
4.9648 -6.6631 2.6300
4.9648 -6.3931 2.6700
4.9648 -6.2031 2.2700
4.9648 -5.9431 3.4700
4.9648 -5.7031 3.5200
4.9548 -5.4931 3.4700
4.9548 -5.2531 3.4000
5.2648 -11.7231 1.9700
5.2648 -11.4831 2.0000
5.2548 -11.2531 2.0300
5.2548 -11.0331 2.0500
5.2548 -10.8231 2.0800
5.2548 -10.6231 2.0900
5.2548 -10.3831 2.1200
5.2448 -10.1431 2.1400
5.2448 -9.9331 2.2100
5.2448 -9.7331 2.2400
5.2448 -9.5031 2.2700
5.2448 -9.2731 2.2700
5.2448 -9.0431 2.3300
5.2348 -8.8131 2.3500
5.2348 -8.5931 2.3800
5.2348 -8.3631 2.4500
5.2348 -8.1531 2.4600
5.2348 -7.9331 2.5200
5.2248 -7.7031 2.5100
5.2248 -7.4531 2.5300
5.2248 -7.2431 2.5900
5.2248 -7.0331 2.6300
5.2248 -6.7931 2.6400
5.2248 -6.5431 2.6600
5.2148 -6.2831 3.5500
5.2148 -6.0531 3.5000
5.2148 -5.8431 3.4700
5.2148 -5.6031 3.4300
5.2148 -5.3831 3.3900
5.2048 -5.1831 3.3600
5.4548 -11.6931 1.9900
5.4548 -11.4831 2.0200
5.4548 -11.2631 2.0200
5.4548 -11.0431 2.0600
5.4548 -10.8031 2.1000
5.4548 -10.5831 2.1300
5.4448 -10.3431 2.1600
5.4448 -10.1331 2.1800
5.4448 -9.9031 2.2300
5.4448 -9.6731 2.2700
5.4448 -9.4531 2.2900
5.4348 -9.2231 2.3400
5.4348 -9.0031 2.3500
5.4348 -8.7931 2.3900
5.4348 -8.5431 2.4400
5.4348 -8.3131 2.4700
5.4348 -8.0831 2.4900
5.4248 -7.8331 2.5500
5.4248 -7.6131 2.5800
5.4248 -7.3831 2.5900
5.4248 -7.1631 2.6200
5.4248 -6.9431 2.6300
5.4148 -6.7231 2.6400
5.4148 -6.4731 3.4900
5.4148 -6.2231 3.5600
5.4148 -5.9931 3.4300
5.4148 -5.7731 3.4600
5.4048 -5.5831 3.4000
5.4048 -5.3331 3.4100
5.4048 -5.1131 3.3000
5.6048 -11.6931 2.0000
5.6048 -11.4831 2.0400
5.6048 -11.2631 2.0700
5.6048 -11.0331 2.1000
5.6048 -10.8031 2.1100
5.5948 -10.5631 2.1400
5.5948 -10.3531 2.1700
5.5948 -10.1431 2.2100
5.5948 -9.9031 2.2300
5.5948 -9.6531 2.3000
5.5848 -9.4331 2.3100
5.5848 -9.1931 2.3500
5.5848 -8.9631 2.3800
5.5848 -8.7231 2.4200
5.5848 -8.5231 2.4500
5.5848 -8.3031 2.5000
5.5748 -8.0831 2.5200
5.5748 -7.8431 2.5900
5.5748 -7.6031 2.6100
5.5748 -7.3831 2.6300
5.5748 -7.1631 2.6300
5.5648 -6.9331 2.6100
5.5648 -6.6731 3.4900
5.5648 -6.4531 3.5000
5.5648 -6.2431 3.5000
5.5648 -5.9931 3.4400
5.5548 -5.7831 3.3800
5.5548 -5.5731 3.3300
5.5548 -5.3231 3.2500
5.5548 -5.0931 3.2600
5.7948 -11.6031 2.0400
5.7948 -11.3531 2.0700
5.7948 -11.1131 2.0900
5.7948 -10.8731 2.1400
5.7848 -10.6731 2.1600
5.7848 -10.4431 2.1900
5.7848 -10.2131 2.2100
5.7848 -9.9831 2.2500
5.7848 -9.7831 2.2900
5.7748 -9.5331 2.3300
5.7748 -9.2931 2.3700
5.7748 -9.0631 2.4000
5.7748 -8.8531 2.4300
5.7748 -8.6431 2.4800
5.7748 -8.3831 2.5100
5.7648 -8.1631 2.5300
5.7648 -7.9631 2.5800
5.7648 -7.7331 2.6100
5.7648 -7.4931 2.6700
5.7648 -7.2631 2.6600
5.7548 -6.7931 3.4900
5.7548 -6.5531 3.5700
5.7548 -6.3031 3.4200
5.7548 -6.0731 3.3700
5.7448 -5.8731 3.3100
5.7448 -5.6331 3.2600
5.7448 -5.3931 3.2000
5.7448 -5.1731 3.1700
6.0648 -11.6531 2.0800
6.0548 -11.4331 2.1100
6.0548 -11.2231 2.1400
6.0548 -10.9731 2.1700
6.0548 -10.7431 2.2000
6.0548 -10.5031 2.2000
6.0548 -10.2831 2.2500
6.0448 -10.0631 2.2700
6.0448 -9.8331 2.3200
6.0448 -9.6331 2.3600
6.0448 -9.3931 2.3800
6.0448 -9.1431 2.4400
6.0348 -8.9431 2.4600
6.0348 -8.7031 2.5000
6.0348 -8.4631 2.5100
6.0348 -8.2431 2.5700
6.0348 -8.0031 2.6100
6.0248 -7.7831 2.6000
6.0248 -7.5331 2.7200
6.0248 -7.3031 2.7200
6.0248 -7.0531 3.5100
6.0248 -6.8231 3.4800
6.0148 -6.6031 3.4500
6.0148 -6.3831 3.4300
6.0148 -6.1431 3.3800
6.0148 -5.9231 3.2600
6.0148 -5.7031 3.2300
6.0048 -5.4731 3.1900
6.0048 -5.2431 3.1500
6.3048 -11.7231 2.1300
6.3048 -11.4831 2.1600
6.3048 -11.2731 2.1700
6.2948 -11.0731 2.1700
6.2948 -10.8231 2.1800
6.2948 -10.6031 2.2400
6.2948 -10.3631 2.2600
6.2948 -10.1331 2.2700
6.2848 -9.9131 2.3200
6.2848 -9.6731 2.3700
6.2848 -9.4431 2.4000
6.2848 -9.2131 2.4600
6.2848 -8.9831 2.4900
6.2848 -8.7431 2.5100
6.2748 -8.5031 2.5600
6.2748 -8.3031 2.6100
6.2748 -8.0831 2.6100
6.2748 -7.8331 2.6900
6.2748 -7.5931 2.6800
6.2648 -7.3831 3.4900
6.2648 -7.1331 3.5000
6.2648 -6.9031 3.4500
6.2648 -6.6731 3.3400
6.2648 -6.4731 3.4000
6.2548 -6.2231 3.3100
6.2548 -5.9831 3.2100
6.2548 -5.7531 3.2000
6.2548 -5.5231 3.1400
6.2548 -5.2931 3.1100
6.4848 -11.7431 2.1600
6.4848 -11.5231 2.1700
6.4848 -11.3031 2.2000
6.4748 -11.0731 2.2200
6.4748 -10.8231 2.2300
6.4748 -10.6031 2.2600
6.4748 -10.3631 2.3200
6.4748 -10.1331 2.3100
6.4648 -9.9031 2.3300
6.4648 -9.6931 2.3800
6.4648 -9.4631 2.4500
6.4648 -9.2231 2.4600
6.4648 -9.0031 2.5000
6.4648 -8.7731 2.5400
6.4548 -8.5531 2.6000
6.4548 -8.3131 2.6300
6.4548 -8.0931 2.6500
6.4548 -7.8531 2.6900
6.4548 -7.5831 3.5100
6.4448 -7.3531 3.5100
6.4448 -7.1131 3.4800
6.4448 -6.8731 3.3600
6.4448 -6.6431 3.3300
6.4448 -6.4431 3.3000
6.4348 -6.2231 3.2900
6.4348 -5.9931 3.2400
6.4348 -5.7831 3.1200
6.4348 -5.5831 3.0800
6.4348 -5.3531 3.0400
6.4248 -5.1331 2.9900
6.6748 -11.6131 2.1700
6.6748 -11.3831 2.2100
6.6748 -11.1731 2.2300
6.6648 -10.9331 2.2700
6.6648 -10.7131 2.2700
6.6648 -10.4831 2.3100
6.6648 -10.2431 2.3400
6.6648 -10.0231 2.3600
6.6648 -9.7931 2.3800
6.6548 -9.5731 2.4200
6.6548 -9.3331 2.4600
6.6548 -9.0831 2.5200
6.6548 -8.8531 2.5800
6.6548 -8.6231 2.5800
6.6448 -8.3731 2.6200
6.6448 -8.1331 2.6400
6.6448 -7.6831 3.5600
6.6448 -7.4831 3.5000
6.6348 -7.2431 3.4100
6.6348 -7.0331 3.4100
6.6348 -6.8131 3.3700
6.6348 -6.5831 3.2700
6.6348 -6.3731 3.2300
6.6248 -6.1531 3.1500
6.6248 -5.9431 3.1700
6.6248 -5.7131 3.1300
6.6248 -5.4731 3.0700
6.6248 -5.2531 2.9900
6.9448 -11.7131 2.1900
6.9348 -11.4631 2.2300
6.9348 -11.2431 2.2800
6.9348 -11.0031 2.2900
6.9348 -10.7831 2.3000
6.9348 -10.5431 2.3300
6.9248 -10.2831 2.3500
6.9248 -10.0431 2.4000
6.9248 -9.8431 2.3900
6.9248 -9.6031 2.4600
6.9248 -9.3731 2.4800
6.9248 -9.1531 2.5300
6.9148 -8.9531 2.5700
6.9148 -8.7431 2.6000
6.9148 -8.4931 2.6000
6.9148 -8.0331 3.5400
6.9048 -7.8131 3.5400
6.9048 -7.6231 3.4600
6.9048 -7.3631 3.3800
6.9048 -7.1331 3.3200
6.9048 -6.9231 3.2300
6.9048 -6.7231 3.2500
6.8948 -6.4831 3.2100
6.8948 -6.2431 3.1700
6.8948 -6.0431 3.1200
6.8948 -5.8131 3.0400
6.8948 -5.5931 3.0000
6.8848 -5.3731 2.9600
6.8848 -5.1431 2.8900
7.2148 -11.6631 2.2100
7.2148 -11.2631 1.3900
7.2148 -11.0231 1.8700
7.2048 -10.7831 2.3600
7.2048 -10.5631 2.3800
7.2048 -10.3531 2.3900
7.2048 -10.1131 2.4100
7.2048 -9.8931 2.4800
7.1948 -9.6831 2.4800
7.1948 -9.4531 2.5100
7.1948 -9.2431 2.5400
7.1948 -9.0031 2.5400
7.1948 -8.7631 2.5000
7.1848 -8.5331 3.5300
7.1848 -8.3031 3.5100
7.1848 -8.0831 3.4900
7.1848 -7.8531 3.3700
7.1848 -7.6231 3.4500
7.1848 -7.4131 3.3400
7.1748 -7.1931 3.2900
7.1748 -6.9531 3.2500
7.1748 -6.7431 3.1800
7.1748 -6.5031 3.1400
7.1748 -6.2631 3.0400
7.1648 -6.0231 3.0300
7.1648 -5.8131 2.9800
7.1648 -5.5831 2.9200
7.1648 -5.3731 2.8700
7.1648 -5.1531 2.8200
7.4548 -11.4131 2.2400
7.4548 -11.2231 2.3100
7.4548 -10.9931 2.3700
7.4548 -10.7431 2.4200
7.4448 -10.5031 2.4400
7.4448 -10.3031 2.4500
7.4448 -10.0731 2.4800
7.4448 -9.8531 2.5100
7.4448 -9.6131 2.5000
7.4348 -9.4231 2.5500
7.4348 -9.1731 2.3900
7.4348 -8.9631 2.0300
7.4348 -8.6931 3.5500
7.4348 -8.4831 3.5200
7.4248 -8.2331 3.4800
7.4248 -7.9831 3.4400
7.4248 -7.7531 3.3600
7.4248 -7.5631 3.3300
7.4248 -7.3131 3.2800
7.4248 -7.0931 3.2500
7.4148 -6.8831 3.2300
7.4148 -6.6631 3.0900
7.4148 -6.4431 3.0200
7.4148 -6.1931 3.0300
7.4148 -5.9631 2.9100
7.4048 -5.7431 2.9300
7.4048 -5.5431 2.8400
7.4048 -5.3031 2.8100
7.6948 -11.2431 2.3300
7.6948 -11.0231 2.3500
7.6948 -10.7931 2.4200
7.6948 -10.5831 2.4600
7.6948 -10.3431 2.4800
7.6948 -10.1131 2.4700
7.6848 -9.8831 2.5400
7.6848 -9.6631 2.5300
7.6848 -9.4031 2.2600
7.6848 -9.1931 2.0400
7.6848 -8.9131 3.5100
7.6748 -8.7031 3.5300
7.6748 -8.4831 3.4400
7.6748 -8.2531 3.4700
7.6748 -8.0331 3.3900
7.6748 -7.8231 3.3200
7.6648 -7.5731 3.2700
7.6648 -7.3531 3.2000
7.6648 -7.1431 3.1200
7.6648 -6.9131 3.0500
7.6648 -6.6931 3.0300
7.6648 -6.4631 3.0000
7.6548 -6.2331 2.9000
7.6548 -6.0331 2.8900
7.6548 -5.7931 2.8300
7.6548 -5.5531 2.7700
7.6548 -5.3431 2.7600
7.6448 -5.1231 2.6300
7.9548 -10.9731 2.3800
7.9548 -10.7731 2.4300
7.9548 -10.5231 2.5100
7.9448 -10.3031 2.5400
7.9448 -10.0731 2.5600
7.9448 -9.8631 2.5500
7.9448 -9.6331 2.5600
7.9348 -8.9231 3.5300
7.9348 -8.7031 3.4900
7.9348 -8.4631 3.3900
7.9348 -8.2431 3.3400
7.9348 -8.0331 3.3100
7.9348 -7.8231 3.2500
7.9248 -7.6131 3.2000
7.9248 -7.3531 3.0900
7.9248 -7.1131 3.0700
7.9248 -6.9231 2.9900
7.9248 -6.6831 3.0100
7.9148 -6.4331 2.9200
7.9148 -6.2031 2.8500
7.9148 -6.0031 2.8100
7.9148 -5.7831 2.7600
7.9148 -5.5131 2.7300
7.9048 -5.3031 2.6300
7.9048 -5.1031 2.6100
8.1648 -10.7831 2.4400
8.1548 -10.5431 2.5000
8.1548 -10.3231 2.5600
8.1548 -10.1031 2.5800
8.1548 -9.8731 2.5400
8.1448 -8.9531 3.4200
8.1448 -8.7131 3.4300
8.1448 -8.5031 3.3900
8.1448 -8.2831 3.2700
8.1348 -8.0431 3.2600
8.1348 -7.8031 3.2200
8.1348 -7.5931 3.1500
8.1348 -7.3631 3.0500
8.1348 -7.1231 3.0600
8.1248 -6.8931 2.9500
8.1248 -6.6931 2.9200
8.1248 -6.4731 2.8800
8.1248 -6.2331 2.8000
8.1248 -5.9931 2.7800
8.1248 -5.7731 2.7100
8.1148 -5.5431 2.6600
8.1148 -5.3331 2.6000
8.1148 -5.0931 2.6100
8.3148 -10.6631 2.4800
8.3148 -10.7031 1.4000
8.3048 -10.4331 2.5000
8.3048 -10.1931 2.5900
8.2948 -8.7731 3.4200
8.2948 -8.5331 3.3300
8.2948 -8.3331 3.2700
8.2948 -8.1231 3.2200
8.2848 -7.8831 3.1200
8.2848 -7.6431 3.1200
8.2848 -7.4331 3.1100
8.2848 -7.2131 3.0300
8.2848 -6.9831 2.9800
8.2848 -6.7331 2.9400
8.2748 -6.5331 2.8400
8.2748 -6.3131 2.8200
8.2748 -6.0631 2.7700
8.2748 -5.8231 2.6800
8.2748 -5.6131 2.6500
8.2648 -5.3631 2.6300
8.2648 -5.1231 2.5200
8.5048 -10.7231 1.4100
8.4948 -10.4531 2.5000
8.4848 -8.6231 3.2500
8.4848 -8.3731 3.2500
8.4848 -8.1631 3.1900
8.4748 -7.9331 3.1200
8.4748 -7.7231 3.0400
8.4748 -7.4631 3.0200
8.4748 -7.2131 3.0600
8.4748 -6.9931 2.9300
8.4648 -6.7631 2.8800
8.4648 -6.5431 2.8200
8.4648 -6.3331 2.7300
8.4648 -6.1131 2.7000
8.4648 -5.9031 2.6400
8.4648 -5.6931 2.6400
8.4548 -5.4531 2.5800
8.4548 -5.2331 2.5000
8.7448 -8.4431 3.1300
8.7448 -7.8231 2.0000
8.7448 -7.5731 3.0200
8.7348 -7.3531 2.9000
8.7348 -7.1331 2.8800
8.7348 -6.9031 2.8300
8.7348 -6.6931 2.7800
8.7348 -6.4631 2.7200
8.7248 -6.2531 2.6700
8.7248 -6.0331 2.6200
8.7248 -5.8131 2.5500
8.7248 -5.5831 2.5600
8.7248 -5.3531 2.5400
8.7248 -5.1431 2.3900
8.9848 -8.1531 3.0700
8.9848 -7.9331 3.0100
8.9848 -7.7231 2.9700
8.9748 -7.5031 2.9300
8.9748 -7.2731 2.8500
8.9748 -7.0331 2.7900
8.9748 -6.8131 2.7100
8.9748 -6.6031 2.6800
8.9648 -6.4031 2.6100
8.9648 -6.1731 2.5600
8.9648 -5.9431 2.5100
8.9648 -5.7131 2.5100
8.9648 -5.4931 2.4500
8.9648 -5.2831 2.2900
9.1548 -8.0331 2.9700
9.1548 -7.8031 3.0000
9.1548 -7.5731 2.8700
9.1548 -7.3831 2.8000
9.1448 -7.1431 2.7800
9.1448 -6.9131 2.7100
9.1448 -6.6731 2.6900
9.1448 -6.4431 2.6500
9.1448 -6.2031 2.5700
9.1348 -5.9931 2.5100
9.1348 -5.7631 2.4200
9.1348 -5.5731 2.3400
9.1348 -5.3331 2.3600
9.3448 -7.8631 2.9200
9.3348 -7.6331 2.8300
9.3348 -7.4231 2.7700
9.3348 -7.1631 2.7500
9.3348 -6.9631 2.6700
9.3348 -6.7531 2.6100
9.3348 -6.5531 2.5700
9.3248 -6.2931 2.5300
9.3248 -6.0631 2.4800
9.3248 -5.8531 2.3800
9.3248 -5.6331 2.3500
9.6148 -8.0631 0.5600
9.6148 -7.5331 2.7600
9.6048 -7.2831 2.7300
9.6048 -7.0731 2.6600
9.6048 -6.8631 2.6200
9.6048 -6.6331 2.5200
9.6048 -6.4131 2.4900
9.6048 -6.1931 2.4400
9.5948 -5.9631 2.3000
9.9048 -7.8631 0.7500
9.8948 -7.3531 2.5800
9.8948 -7.1131 2.6000
9.8948 -6.9031 2.4900
9.8948 -6.6631 2.4500
9.8948 -6.4331 2.3800
9.8948 -6.2031 2.3700
10.1448 -7.1231 2.5200
10.1448 -6.9031 2.4800
10.1448 -6.7031 2.3100
10.3948 -6.8331 2.2800
-10.2952 -5.0631 5.9900
-10.2952 -4.8231 5.9800
-10.2952 -4.6231 5.9900
-10.2952 -4.3831 6.0200
-10.2952 -4.1431 6.0300
-10.3052 -3.9331 6.0200
-10.3052 -3.7031 6.0200
-10.3052 -3.4631 6.0300
-10.3052 -3.2231 6.0100
-10.3052 -3.0131 6.0300
-10.3152 -2.7731 6.0500
-10.3152 -2.5431 6.0500
-10.3152 -2.3231 6.0500
-10.3152 -2.0931 6.0600
-10.3152 -1.8831 6.0700
-10.3252 -1.6331 6.0900
-10.3252 -1.4131 6.0600
-10.3252 -1.1931 6.0800
-10.3252 -0.9731 6.1200
-10.3252 -0.7431 6.1100
-10.3252 -0.5231 6.0900
-10.3352 -0.2831 6.1100
-10.3352 -0.0631 6.1300
-10.3352 0.1869 6.1300
-10.3352 0.4269 6.1400
-10.3352 0.6669 6.1500
-10.3452 0.9069 6.1400
-10.3452 1.0969 6.1700
-10.3452 1.3369 6.1900
-10.3452 1.5469 6.2300
-10.3452 1.7769 6.3200
-10.3552 1.9769 6.3500
-10.3552 2.2069 6.2800
-10.1452 -4.8731 5.9700
-10.1452 -4.6231 6.0000
-10.1452 -4.4031 5.9800
-10.1552 -4.1731 6.0100
-10.1552 -3.9431 6.0200
-10.1552 -3.7231 6.0300
-10.1552 -3.5131 6.0300
-10.1552 -3.2631 6.0300
-10.1652 -3.0331 6.0300
-10.1652 -2.8131 6.0300
-10.1652 -2.5931 6.0400
-10.1652 -2.3531 6.0400
-10.1652 -2.1231 6.0500
-10.1652 -1.9131 6.0600
-10.1752 -1.6831 6.0700
-10.1752 -1.4431 6.0600
-10.1752 -1.2031 6.0900
-10.1752 -0.9631 6.0900
-10.1752 -0.7531 6.0900
-10.1852 -0.4931 6.0900
-10.1852 -0.2831 6.1100
-10.1852 -0.0831 6.1100
-10.1852 0.1269 6.1400
-10.1852 0.3669 6.1500
-10.1952 0.5869 6.1600
-10.1952 0.8269 6.1600
-10.1952 1.0269 6.1600
-10.1952 1.2469 6.2100
-10.1952 1.4669 6.2700
-10.2052 1.6869 6.3300
-10.2052 1.9169 6.3200
-9.9752 -4.9631 5.9600
-9.9752 -4.7031 5.9800
-9.9752 -4.4631 5.9800
-9.9752 -4.2531 5.9900
-9.9852 -4.0231 5.9900
-9.9852 -3.8031 6.0200
-9.9852 -3.5531 6.0200
-9.9852 -3.3531 6.0200
-9.9852 -3.1231 6.0300
-9.9952 -2.8731 6.0200
-9.9952 -2.6331 6.0500
-9.9952 -2.4031 6.0400
-9.9952 -2.1731 6.0400
-9.9952 -1.9331 6.0700
-9.9952 -1.7131 6.0500
-10.0052 -1.4931 6.0700
-10.0052 -1.2831 6.0800
-10.0052 -1.0831 6.0800
-10.0052 -0.8431 6.0700
-10.0052 -0.6031 6.1000
-10.0152 -0.4031 6.1000
-10.0152 -0.1931 6.1100
-10.0152 0.0369 6.1200
-10.0152 0.2469 6.1400
-10.0152 0.4769 6.1400
-10.0252 0.7169 6.1500
-10.0252 0.9169 6.1700
-10.0252 1.1569 6.2300
-10.0252 1.3669 6.3300
-10.0252 1.6069 6.3800
-10.0252 1.8169 6.3600
-9.7252 -4.8431 5.9800
-9.7252 -4.6031 6.0100
-9.7252 -4.3631 5.9900
-9.7252 -4.1431 6.0200
-9.7252 -3.9031 5.9900
-9.7352 -3.6731 6.0100
-9.7352 -3.4431 6.0300
-9.7352 -3.2431 6.0300
-9.7352 -3.0231 6.0200
-9.7352 -2.8031 6.0300
-9.7452 -2.5831 6.0400
-9.7452 -2.3531 6.0400
-9.7452 -2.1431 6.0600
-9.7452 -1.9231 6.0600
-9.7452 -1.7031 6.0700
-9.7452 -1.4831 6.0800
-9.7552 -1.2531 6.0800
-9.7552 -1.0331 6.0800
-9.7552 -0.7931 6.0800
-9.7552 -0.5731 6.0900
-9.7552 -0.3731 6.0900
-9.7652 -0.1631 6.0800
-9.7652 0.0869 6.1300
-9.7652 0.3169 6.1300
-9.7652 0.5369 6.1600
-9.7652 0.7369 6.1600
-9.7752 0.9969 6.3000
-9.7752 1.2269 6.3300
-9.7752 1.4569 6.3400
-9.4652 -4.9931 5.9700
-9.4752 -4.7731 5.9700
-9.4752 -4.5731 5.9800
-9.4752 -4.3431 5.9700
-9.4752 -4.1331 5.9800
-9.4752 -3.9131 6.0000
-9.4852 -3.6931 6.0000
-9.4852 -3.4731 6.0200
-9.4852 -3.2531 6.0200
-9.4852 -3.0331 6.0200
-9.4852 -2.7931 6.0300
-9.4952 -2.5731 6.0400
-9.4952 -2.3431 6.0200
-9.4952 -2.1331 6.0200
-9.4952 -1.9331 6.0500
-9.4952 -1.6931 6.0500
-9.4952 -1.4731 6.0700
-9.5052 -1.2231 6.0600
-9.5052 -1.0131 6.0700
-9.5052 -0.7931 6.0900
-9.5052 -0.5631 6.1000
-9.5052 -0.3231 6.1100
-9.5152 -0.0931 6.1000
-9.5152 0.1169 6.1200
-9.5152 0.3469 6.1400
-9.5152 0.5969 6.2000
-9.5152 0.8169 6.3000
-9.5252 1.0169 6.3300
-9.5252 1.2369 6.3800
-9.2752 -4.9331 5.9600
-9.2752 -4.7231 5.9500
-9.2752 -4.4931 5.9800
-9.2852 -4.2431 5.9700
-9.2852 -4.0231 5.9800
-9.2852 -3.8131 6.0000
-9.2852 -3.6131 5.9900
-9.2852 -3.3631 6.0000
-9.2952 -3.1531 6.0100
-9.2952 -2.9231 6.0000
-9.2952 -2.7031 6.0200
-9.2952 -2.4831 6.0100
-9.2952 -2.2431 6.0200
-9.3052 -2.0031 6.0400
-9.3052 -1.7831 6.0300
-9.3052 -1.5531 6.0600
-9.3052 -1.3231 6.0500
-9.3052 -1.0831 6.0600
-9.3152 -0.8731 6.0700
-9.3152 -0.6531 6.0800
-9.3152 -0.4331 6.0900
-9.3152 -0.2031 6.0800
-9.3152 0.0269 6.1300
-9.3252 0.2669 6.1900
-9.3252 0.4869 6.2800
-9.3252 0.7169 6.3400
-9.3252 0.9469 6.3300
-9.0952 -4.8731 5.9600
-9.0952 -4.6631 5.9700
-9.0952 -4.4131 5.9800
-9.0952 -4.2131 5.9600
-9.0952 -4.0131 5.9700
-9.0952 -3.7531 5.9800
-9.1052 -3.5231 5.9800
-9.1052 -3.2931 6.0200
-9.1052 -3.0631 6.0000
-9.1052 -2.8431 6.0000
-9.1152 -2.6131 6.0000
-9.1152 -2.3831 6.0100
-9.1152 -2.1831 6.0100
-9.1152 -1.9631 6.0500
-9.1152 -1.7231 6.0300
-9.1252 -1.4931 6.0300
-9.1252 -1.2631 6.0500
-9.1252 -1.0431 6.0800
-9.1252 -0.8331 6.0600
-9.1252 -0.5831 6.0800
-9.1252 -0.3731 6.0800
-9.1352 -0.1631 6.0900
-9.1352 0.0869 6.1700
-9.1352 0.3069 6.3000
-9.1352 0.5469 6.4000
-9.1352 0.7469 6.3100
-8.8552 -4.9831 5.9500
-8.8552 -4.7331 5.9500
-8.8552 -4.5031 5.9600
-8.8552 -4.2931 5.9500
-8.8652 -4.0731 5.9900
-8.8652 -3.8331 5.9900
-8.8652 -3.6131 5.9700
-8.8652 -3.4031 5.9700
-8.8652 -3.1731 5.9700
-8.8752 -2.9531 6.0100
-8.8752 -2.6931 6.0000
-8.8752 -2.4731 5.9900
-8.8752 -2.2731 6.0000
-8.8752 -2.0431 6.0200
-8.8852 -1.8131 6.0400
-8.8852 -1.5931 6.0300
-8.8852 -1.3731 6.0500
-8.8852 -1.1531 6.0600
-8.8852 -0.9131 6.0800
-8.8852 -0.6731 6.0700
-8.8952 -0.4531 6.0600
-8.8952 -0.2331 6.1400
-8.8952 0.0169 6.2500
-8.8952 0.2569 6.3300
-8.8952 0.4669 6.3500
-8.6052 -4.9331 5.9400
-8.6152 -4.7031 5.9400
-8.6152 -4.4631 5.9600
-8.6152 -4.2431 5.9400
-8.6152 -4.0231 5.9600
-8.6152 -3.7931 5.9800
-8.6252 -3.5831 5.9800
-8.6252 -3.3631 5.9800
-8.6252 -3.1231 6.0200
-8.6252 -2.9031 6.0000
-8.6252 -2.6731 5.9900
-8.6352 -2.4431 5.9800
-8.6352 -2.2231 6.0100
-8.6352 -1.9831 6.0100
-8.6352 -1.7531 6.0100
-8.6352 -1.5231 6.0300
-8.6452 -1.2931 6.0500
-8.6452 -1.0531 6.0700
-8.6452 -0.8331 6.0400
-8.6452 -0.6231 6.1000
-8.6452 -0.3931 6.1900
-8.6552 -0.1531 6.3300
-8.6552 0.0769 6.3300
-8.6552 0.2869 6.3500
-8.3752 -5.0231 5.9200
-8.3752 -4.8131 5.9200
-8.3852 -4.5931 5.9300
-8.3852 -4.3631 5.9500
-8.3852 -4.1231 5.9500
-8.3852 -3.8831 5.9400
-8.3852 -3.6731 5.9400
-8.3852 -3.4431 5.9700
-8.3952 -3.2031 5.9900
-8.3952 -2.9531 5.9800
-8.3952 -2.7731 6.0000
-8.3952 -2.5231 6.0100
-8.3952 -2.2731 6.0000
-8.4052 -2.0631 5.9900
-8.4052 -1.8631 6.0100
-8.4052 -1.6131 6.0200
-8.4052 -1.3731 6.0400
-8.4052 -1.1631 6.0500
-8.4152 -0.9231 6.0700
-8.4152 -0.7131 6.1500
-8.4152 -0.4631 6.3100
-8.4152 -0.2431 6.3100
-8.4152 -0.0231 6.3500
-8.1252 -5.0731 5.9200
-8.1252 -4.8231 5.9200
-8.1252 -4.5831 5.9300
-8.1252 -4.3631 5.9400
-8.1252 -4.1531 5.9500
-8.1352 -3.8931 5.9600
-8.1352 -3.6731 5.9400
-8.1352 -3.4631 5.9600
-8.1352 -3.2331 5.9800
-8.1452 -3.0031 5.9700
-8.1452 -2.7731 5.9800
-8.1452 -2.5431 6.0000
-8.1452 -2.3231 6.0000
-8.1452 -2.0931 6.0000
-8.1452 -1.8731 6.0000
-8.1552 -1.6331 6.0100
-8.1552 -1.4031 6.0400
-8.1552 -1.1731 6.0700
-8.1552 -0.9231 6.2100
-8.1652 -0.6831 6.3100
-8.1652 -0.4531 6.3600
-8.1652 -0.2431 6.3700
-7.8452 -4.8831 5.9200
-7.8452 -4.6531 5.9200
-7.8452 -4.4231 5.9200
-7.8552 -4.2031 5.9500
-7.8552 -3.9931 5.9400
-7.8552 -3.7531 5.9500
-7.8552 -3.5331 5.9700
-7.8552 -3.3031 5.9600
-7.8652 -3.0631 5.9800
-7.8652 -2.8331 5.9900
-7.8652 -2.5831 5.9800
-7.8652 -2.3531 6.0100
-7.8652 -2.1331 6.0300
-7.8752 -1.9031 6.0000
-7.8752 -1.6831 6.0100
-7.8752 -1.4731 6.0600
-7.8752 -1.2731 6.1700
-7.8752 -1.0331 6.3200
-7.8852 -0.7831 6.3200
-7.8852 -0.5831 6.3400
-7.6352 -4.9131 5.9100
-7.6352 -4.6831 5.9100
-7.6352 -4.4431 5.9200
-7.6352 -4.2031 5.9300
-7.6352 -3.9631 5.9500
-7.6452 -3.7431 5.9400
-7.6452 -3.5331 5.9400
-7.6452 -3.3031 5.9800
-7.6452 -3.0831 5.9500
-7.6452 -2.8931 5.9800
-7.6552 -2.6731 5.9700
-7.6552 -2.4231 5.9700
-7.6552 -2.2031 6.0100
-7.6552 -2.0031 6.0000
-7.6552 -1.7831 6.0300
-7.6552 -1.5631 6.1300
-7.6652 -1.3131 6.3200
-7.6652 -1.0731 6.3700
-7.6652 -0.8731 6.3600
-7.4852 -4.9531 5.8800
-7.4852 -4.7531 5.9100
-7.4952 -4.5331 5.9100
-7.4952 -4.3031 5.9100
-7.4952 -4.0631 5.9300
-7.4952 -3.8631 5.9200
-7.4952 -3.6331 5.9500
-7.5052 -3.4231 5.9500
-7.5052 -3.2031 5.9600
-7.5052 -2.9731 5.9600
-7.5052 -2.7431 5.9600
-7.5052 -2.5231 5.9700
-7.5052 -2.3031 5.9800
-7.5152 -2.0831 6.0000
-7.5152 -1.8531 6.0500
-7.5152 -1.6331 6.2000
-7.5152 -1.3931 6.3400
-7.5152 -1.1631 6.3400
-7.5252 -0.9631 6.3600
-7.3252 -5.0131 5.9000
-7.3252 -4.7831 5.8900
-7.3252 -4.5631 5.8800
-7.3252 -4.3231 5.9300
-7.3252 -4.1031 5.9400
-7.3352 -3.8831 5.9400
-7.3352 -3.6631 5.9400
-7.3352 -3.4431 5.9500
-7.3352 -3.2131 5.9400
-7.3352 -2.9931 5.9600
-7.3452 -2.7531 5.9800
-7.3452 -2.5331 5.9700
-7.3452 -2.3331 5.9800
-7.3452 -2.1031 6.0200
-7.3452 -1.8631 6.1800
-7.3552 -1.6131 6.3300
-7.3552 -1.3831 6.3300
-7.3552 -1.1731 6.2400
-7.0752 -5.0831 5.9000
-7.0852 -4.8431 5.8700
-7.0852 -4.6131 5.9000
-7.0852 -4.3831 5.8900
-7.0852 -4.1731 5.9200
-7.0852 -3.9831 5.9100
-7.0952 -3.7131 5.9300
-7.0952 -3.4831 5.9200
-7.0952 -3.2531 5.9200
-7.0952 -3.0331 5.9300
-7.0952 -2.7931 5.9500
-7.1052 -2.5531 5.9700
-7.1052 -2.3431 5.9900
-7.1052 -2.1331 6.1700
-7.1052 -1.9131 6.3300
-7.1052 -1.6631 6.3500
-7.1052 -1.4331 6.3700
-6.8452 -5.0431 5.8800
-6.8452 -4.8031 5.8800
-6.8452 -4.5731 5.9100
-6.8452 -4.3631 5.9000
-6.8452 -4.1231 5.9100
-6.8552 -3.9031 5.9200
-6.8552 -3.6931 5.9100
-6.8552 -3.4731 5.9300
-6.8552 -3.2431 5.9200
-6.8552 -2.9931 5.9300
-6.8552 -2.7631 5.9600
-6.8652 -2.5531 6.0200
-6.8652 -2.3331 6.1800
-6.8652 -2.0931 6.3300
-6.8652 -1.8731 6.3600
-6.8652 -1.9431 3.7900
-6.8652 -1.7331 3.8200
-6.6552 -5.0331 5.8600
-6.6552 -4.7931 5.8700
-6.6652 -4.5631 5.8900
-6.6652 -4.3131 5.8900
-6.6652 -4.1031 5.8900
-6.6652 -3.8831 5.9100
-6.6652 -3.6531 5.9100
-6.6652 -3.4431 5.9200
-6.6752 -3.2131 5.9300
-6.6752 -2.9731 5.9300
-6.6752 -2.7631 5.9900
-6.6752 -2.5331 6.2300
-6.6752 -2.2831 6.3200
-6.6852 -2.0631 6.3700
-6.6852 -2.1431 3.7600
-6.6852 -1.9131 3.7300
-6.7552 6.6369 0.9500
-6.7552 6.8369 0.6400
-6.4752 -4.9631 5.8500
-6.4752 -4.7531 5.8800
-6.4852 -4.5131 5.8700
-6.4852 -4.2931 5.8800
-6.4852 -4.0631 5.8900
-6.4852 -3.8231 5.9100
-6.4852 -3.6131 5.9000
-6.4952 -3.3731 5.9200
-6.4952 -3.1431 5.9400
-6.4952 -2.9031 6.1000
-6.4952 -2.6631 6.2700
-6.4952 -2.4331 6.3400
-6.5052 -2.2031 6.3600
-6.4952 -2.2731 3.7900
-6.5752 6.4569 0.9800
-6.5752 6.9869 3.8600
-6.5752 7.1869 3.7700
-6.2452 -5.0831 5.8300
-6.2452 -4.8731 5.8700
-6.2452 -4.6131 5.8800
-6.2552 -4.3731 5.8800
-6.2552 -4.1631 5.8800
-6.2552 -3.9331 5.9000
-6.2552 -3.6831 5.9100
-6.2552 -3.4631 5.9100
-6.2652 -3.2631 5.9600
-6.2652 -3.0231 6.1900
-6.2652 -2.7831 6.3000
-6.2652 -2.5531 6.3700
-6.3352 6.0969 0.9700
-6.3452 6.3269 0.8300
-6.3452 6.6169 4.2600
-6.3452 6.8769 4.1300
-6.3452 7.0869 3.9600
-6.3452 7.2869 3.9000
-6.0152 -4.9731 5.8400
-6.0152 -4.7331 5.8600
-6.0252 -4.5031 5.8800
-6.0252 -4.3031 5.8700
-6.0252 -4.0531 5.8800
-6.0252 -3.8331 5.8900
-6.0252 -3.6231 5.9200
-6.0352 -3.3931 6.0200
-6.0352 -3.1431 6.3100
-6.0352 -2.9031 6.3400
-6.0352 -2.6831 6.3700
-6.1052 5.9469 0.9900
-6.1152 6.4869 4.4700
-6.1152 6.7069 4.3300
-6.1152 6.9269 4.2000
-6.1152 7.1769 4.0100
-6.1252 7.3769 3.9100
-6.1252 7.6069 3.8300
-5.8052 -5.0331 5.8400
-5.8052 -4.7931 5.8600
-5.8152 -4.5631 5.8600
-5.8152 -4.3331 5.8600
-5.8152 -4.0831 5.8900
-5.8152 -3.8431 5.9100
-5.8152 -3.6131 5.9400
-5.8252 -3.4031 6.2600
-5.8252 -3.1731 6.3400
-5.8252 -2.9531 6.2800
-5.9052 6.2269 4.7000
-5.9052 6.4669 4.5900
-5.9052 6.6669 4.4600
-5.9052 6.8869 4.3100
-5.9052 7.1469 4.1500
-5.9152 7.3569 4.0300
-5.9152 7.5669 3.9400
-5.9152 7.7769 3.8000
-5.5652 -5.0331 5.8500
-5.5652 -4.8131 5.8700
-5.5652 -4.5931 5.8600
-5.5652 -4.3731 5.8600
-5.5752 -4.1531 5.8800
-5.5752 -3.9431 5.9500
-5.5752 -3.6931 6.2600
-5.5752 -3.4631 6.3400
-5.5752 -3.2631 6.2500
-5.6552 5.7469 5.1900
-5.6552 5.9669 5.0100
-5.6552 6.1769 4.8700
-5.6552 6.4069 4.7400
-5.6652 6.6269 4.6000
-5.6652 6.8569 4.4800
-5.6652 7.0969 4.3000
-5.6652 7.2969 4.1800
-5.6652 7.5069 4.0200
-5.6752 7.7569 3.9200
-5.6752 7.9869 3.8600
-5.2852 -4.8831 5.8200
-5.2852 -4.6731 5.8600
-5.2852 -4.4531 5.8500
-5.2852 -4.2131 6.0100
-5.2852 -3.9731 6.2700
-5.2852 -3.7531 6.3300
-5.2952 -3.5331 6.3600
-5.3652 4.9569 0.8700
-5.3652 5.1869 0.7900
-5.3652 5.5069 5.4400
-5.3652 5.7069 5.2900
-5.3752 5.9669 5.2000
-5.3752 6.1769 5.0500
-5.3752 6.4069 4.8900
-5.3752 6.6269 4.7300
-5.3752 6.8569 4.6100
-5.3852 7.1169 4.4500
-5.3852 7.3369 4.3100
-5.3852 7.5569 4.1900
-5.3852 7.7769 4.0200
-5.3852 7.9969 3.9500
-5.3852 8.2069 3.8200
-5.0552 -5.0031 5.8400
-5.0552 -4.7731 5.8300
-5.0552 -4.5331 5.9400
-5.0552 -4.3331 6.2200
-5.0652 -4.0931 6.3000
-5.0652 -3.8631 6.3300
-5.1352 4.6169 0.8600
-5.1352 4.8469 0.8900
-5.1352 5.1769 5.7900
-5.1352 5.4269 5.6600
-5.1452 5.6569 5.4900
-5.1452 5.8669 5.3300
-5.1452 6.1169 5.1700
-5.1452 6.3269 5.0200
-5.1452 6.5469 4.9100
-5.1552 6.7569 4.7900
-5.1552 6.9769 4.6200
-5.1552 7.1769 4.5000
-5.1552 7.4269 4.3800
-5.1552 7.6169 4.2500
-5.1652 7.8269 4.1200
-5.1652 8.0569 4.0000
-5.1652 8.2769 3.8900
-4.9052 -4.8931 5.8300
-4.9052 -4.6531 5.9500
-4.9052 -4.4131 6.2700
-4.9152 -4.2031 6.3300
-4.9152 -3.9631 6.3000
-4.9852 5.0769 5.9300
-4.9852 5.2769 5.8100
-4.9952 5.4969 5.6700
-4.9952 5.7369 5.5200
-4.9952 5.9569 5.4000
-4.9952 6.1569 5.2500
-4.9952 6.3769 5.0900
-5.0052 6.5869 4.9700
-5.0052 6.8169 4.8200
-5.0052 7.0369 4.6600
-5.0052 7.2569 4.5600
-5.0052 7.4769 4.4400
-5.0052 7.6969 4.2900
-5.0152 7.9169 4.1700
-5.0152 8.1269 4.0300
-5.0152 8.3769 3.9300
-5.0152 8.5969 3.8500
-4.7352 -5.0631 5.8100
-4.7452 -4.8531 5.9100
-4.7452 -4.6231 6.3000
-4.7452 -4.3631 6.2800
-4.8152 4.5369 0.6300
-4.8252 4.8769 6.1600
-4.8252 5.0969 6.0200
-4.8252 5.3269 5.8700
-4.8252 5.5569 5.7200
-4.8252 5.7669 5.5600
-4.8352 5.9869 5.4500
-4.8352 6.2069 5.3000
-4.8352 6.4369 5.1500
-4.8352 6.6369 5.0000
-4.8352 6.8769 4.8600
-4.8452 7.0969 4.7600
-4.8452 7.3069 4.6100
-4.8452 7.5269 4.4700
-4.8452 7.7369 4.3400
-4.8452 8.0069 4.2000
-4.8552 8.2369 4.0600
-4.8552 8.4369 3.8900
-4.8552 8.6569 3.8600
-4.4952 -4.9031 6.2800
-4.4952 -4.6931 6.3000
-4.4952 -4.4631 6.3500
-4.5752 4.2269 0.8900
-4.5752 4.5669 6.4600
-4.5752 4.7569 6.3600
-4.5752 5.0169 6.1900
-4.5852 5.2369 6.0700
-4.5852 5.4569 5.9000
-4.5852 5.6569 5.7600
-4.5852 5.8969 5.6400
-4.5852 6.1169 5.4800
-4.5952 6.3469 5.3300
-4.5952 6.5669 5.2000
-4.5952 6.8069 5.0500
-4.5952 7.0369 4.9300
-4.5952 7.2569 4.7900
-4.5952 7.4569 4.6400
-4.6052 7.6769 4.5300
-4.6052 7.8969 4.4000
-4.6052 8.1369 4.2500
-4.6052 8.3569 4.1700
-4.6052 8.5969 4.3000
-4.6152 8.8269 4.3700
-4.2552 -4.8731 6.3100
-4.3252 3.9969 0.7300
-4.3352 4.3669 6.7800
-4.3352 4.6069 6.5600
-4.3352 4.8369 6.4400
-4.3352 5.0669 6.2700
-4.3352 5.2869 6.1300
-4.3452 5.5069 5.9600
-4.3452 5.7169 5.8600
-4.3452 5.9169 5.7000
-4.3452 6.1469 5.5900
-4.3452 6.3769 5.4100
-4.3552 6.6169 5.2900
-4.3552 6.8469 5.1500
-4.3552 7.0569 4.9900
-4.3552 7.2769 4.8700
-4.3552 7.5069 4.7500
-4.3552 7.7169 4.6200
-4.3652 7.9269 4.4900
-4.3652 8.1669 4.3400
-4.3652 8.3869 4.3300
-4.3652 8.6269 4.4800
-4.3652 8.8569 4.6100
-4.3752 9.0769 4.8500
-4.0652 -4.9331 6.3700
-4.1352 3.5169 0.9200
-4.1352 3.7369 0.6800
-4.1452 4.0869 6.7300
-4.1452 4.3069 6.8300
-4.1452 4.5269 6.7700
-4.1452 4.7369 6.5900
-4.1452 4.9769 6.4300
-4.1452 5.2069 6.2800
-4.1552 5.4269 6.1300
-4.1552 5.6369 5.9900
-4.1552 5.8769 5.8500
-4.1552 6.0869 5.7200
-4.1552 6.2969 5.5900
-4.1652 6.5369 5.4500
-4.1652 6.7469 5.3300
-4.1652 6.9669 5.2000
-4.1652 7.2069 5.0100
-4.1652 7.4269 4.8900
-4.1752 7.6669 4.7700
-4.1752 7.8969 4.6100
-4.1752 8.1269 4.5100
-4.1752 8.3469 4.4700
-4.1752 8.5769 4.5900
-4.1752 8.8169 4.7300
-4.1852 9.0269 4.8500
-4.1852 9.2469 5.0100
-3.9452 3.2069 1.0000
-3.9552 3.4269 0.8900
-3.9552 3.7769 6.7800
-3.9552 4.0069 6.7600
-3.9552 4.2469 6.8400
-3.9552 4.4469 6.9000
-3.9552 4.6569 6.7300
-3.9652 4.8869 6.5900
-3.9652 5.1069 6.4400
-3.9652 5.3369 6.3000
-3.9652 5.5669 6.1600
-3.9652 5.7569 6.0100
-3.9752 6.0169 5.8500
-3.9752 6.2369 5.7000
-3.9752 6.4669 5.6000
-3.9752 6.6769 5.4700
-3.9752 6.9369 5.3000
-3.9852 7.1669 5.1600
-3.9852 7.3669 5.0300
-3.9852 7.5769 4.9000
-3.9852 7.8269 4.7700
-3.9852 8.0469 4.6100
-3.9852 8.2469 4.5800
-3.9952 8.4969 4.6900
-3.9952 8.7169 4.8100
-3.9952 8.9669 4.9700
-3.9952 9.1669 5.1100
-3.7052 2.9969 0.8700
-3.7052 3.2369 0.8600
-3.7052 3.5669 6.7500
-3.7152 3.8169 6.7700
-3.7152 4.0569 6.8300
-3.7152 4.2769 6.9600
-3.7152 4.4969 6.9700
-3.7152 4.7169 6.7900
-3.7252 4.9869 6.6300
-3.7252 5.1869 6.5300
-3.7252 5.3969 6.3600
-3.7252 5.6369 6.2300
-3.7252 5.8569 6.1000
-3.7252 6.0769 5.9500
-3.7352 6.2969 5.8300
-3.7352 6.5269 5.6700
-3.7352 6.7469 5.5200
-3.7352 6.9869 5.4000
-3.7352 7.1969 5.2800
-3.7452 7.4169 5.1100
-3.7452 7.6369 5.0000
-3.7452 7.8669 4.8600
-3.7452 8.0969 4.7200
-3.7452 8.3269 4.7600
-3.7552 8.5669 4.8700
-3.7552 8.8169 5.0100
-3.7552 9.0569 5.1800
-3.7552 9.2469 5.3200
-3.7552 9.4869 5.4000
-3.3952 -4.0131 1.8900
-3.4052 -3.7731 1.9300
-3.4052 -3.5731 1.9600
-3.4552 2.9969 0.7700
-3.4652 3.3769 6.7400
-3.4652 3.6069 6.7500
-3.4652 3.8369 6.8400
-3.4652 4.0569 6.9600
-3.4652 4.2869 7.1100
-3.4652 4.4969 7.1000
-3.4752 4.7369 6.9400
-3.4752 4.9669 6.7400
-3.4752 5.1669 6.6300
-3.4752 5.4169 6.5000
-3.4752 5.6269 6.3800
-3.4852 5.8469 6.2200
-3.4852 6.0669 6.0700
-3.4852 6.3069 5.9500
-3.4852 6.5369 5.8000
-3.4852 6.7669 5.6600
-3.4952 6.9969 5.5100
-3.4952 7.2369 5.3900
-3.4952 7.4469 5.2300
-3.4952 7.6669 5.0800
-3.4952 7.8869 4.9700
-3.4952 8.1069 4.8700
-3.5052 8.3169 4.9400
-3.5052 8.5369 5.0500
-3.5052 8.7669 5.1700
-3.5052 8.9869 5.3200
-3.5052 9.2069 5.4400
-3.5152 9.4269 5.5600
-3.5152 9.6469 5.6800
-3.1652 -4.0931 1.9000
-3.1752 -3.8731 1.9300
-3.1752 -3.6231 1.9700
-3.1752 -3.3731 2.0000
-3.1752 -3.1331 1.9800
-3.2252 2.7169 0.7600
-3.2252 3.0869 6.7400
-3.2352 3.3369 6.7700
-3.2352 3.5469 6.8300
-3.2352 3.7869 6.9300
-3.2352 3.9969 7.0600
-3.2352 4.2369 7.2200
-3.2452 4.4669 7.2800
-3.2452 4.6869 7.1000
-3.2452 4.8969 6.9400
-3.2452 5.1469 6.7800
-3.2452 5.3869 6.6600
-3.2452 5.6169 6.5100
-3.2552 5.8369 6.3700
-3.2552 6.0569 6.2200
-3.2552 6.2669 6.1000
-3.2552 6.4869 5.9900
-3.2552 6.6769 5.8500
-3.2652 6.9069 5.7100
-3.2652 7.1469 5.5800
-3.2652 7.3569 5.4300
-3.2652 7.5769 5.3000
-3.2652 7.7769 5.1700
-3.2652 7.9969 5.0500
-3.2752 8.2469 5.0500
-3.2752 8.4569 5.1700
-3.2752 8.6869 5.3100
-3.2752 8.9069 5.4300
-3.2752 9.1369 5.5800
-3.2852 9.3469 5.7100
-3.2852 9.5769 5.8500
-3.2852 9.8269 6.0000
-3.2852 10.0369 5.9800
-2.9152 -4.3731 1.8800
-2.9152 -4.1531 1.9300
-2.9152 -3.9331 1.9800
-2.9152 -3.7131 1.9800
-2.9252 -3.4731 2.0300
-2.9252 -3.2431 2.0500
-2.9252 -2.9931 2.0900
-2.9752 2.4069 0.7300
-2.9752 2.7769 6.7300
-2.9752 3.0169 6.7800
-2.9752 3.2569 6.8600
-2.9852 3.4869 6.9700
-2.9852 3.7269 7.1000
-2.9852 3.9769 7.2300
-2.9852 4.2169 7.3600
-2.9852 4.4169 7.4300
-2.9852 4.6369 7.2500
-2.9952 4.8569 7.1000
-2.9952 5.0769 6.9800
-2.9952 5.2769 6.8500
-2.9952 5.4869 6.7100
-2.9952 5.7169 6.5500
-3.0052 5.9369 6.4700
-3.0052 6.1469 6.3100
-3.0052 6.3369 6.1800
-3.0052 6.5869 6.0400
-3.0052 6.8369 5.9000
-3.0052 7.0469 5.7600
-3.0152 7.2469 5.6400
-3.0152 7.4469 5.5100
-3.0152 7.6969 5.3600
-3.0152 7.9169 5.2200
-3.0152 8.1469 5.2100
-3.0152 8.3369 5.2900
-3.0252 8.5869 5.4200
-3.0252 8.8269 5.6000
-3.0252 9.0469 5.7300
-3.0252 9.2769 5.8600
-3.0252 9.5369 6.0300
-3.0352 9.7469 6.1200
-3.0352 9.9669 5.9900
-3.0352 10.1869 5.9300
-2.6252 -4.8431 1.8500
-2.6252 -4.5931 1.9000
-2.6352 -4.3831 1.9500
-2.6352 -4.1731 1.9800
-2.6352 -3.9431 2.0100
-2.6352 -3.7031 2.0300
-2.6352 -3.4931 2.0700
-2.6352 -3.2631 2.0900
-2.6452 -3.0331 2.1200
-2.6452 -2.7931 2.1300
-2.6852 2.3869 6.7600
-2.6852 2.6069 6.7600
-2.6952 2.8269 6.8100
-2.6952 3.0569 6.8900
-2.6952 3.2669 6.9900
-2.6952 3.4769 7.1200
-2.6952 3.6769 7.2100
-2.7052 3.9469 7.3400
-2.7052 4.1569 7.4600
-2.7052 4.3769 7.6200
-2.7052 4.5869 7.4700
-2.7052 4.7969 7.3100
-2.7152 5.0369 7.1500
-2.7152 5.2569 7.0300
-2.7152 5.4769 6.9100
-2.7152 5.6869 6.7400
-2.7152 5.9069 6.6200
-2.7152 6.1369 6.4600
-2.7252 6.3369 6.3600
-2.7252 6.5769 6.2200
-2.7252 6.7969 6.0500
-2.7252 7.0069 5.9600
-2.7252 7.2269 5.8100
-2.7352 7.4569 5.6300
-2.7352 7.6969 5.4900
-2.7352 7.9369 5.3900
-2.7352 8.1469 5.4300
-2.7352 8.3669 5.5400
-2.7352 8.6169 5.6500
-2.7452 8.8369 5.7500
-2.7452 9.0469 5.9000
-2.7452 9.2869 6.0700
-2.7452 9.5269 6.2200
-2.7452 9.7669 6.1600
-2.7552 9.9669 6.0300
-2.7552 10.1769 5.9900
-2.7552 10.4269 6.0100
-2.4052 -5.0831 1.8500
-2.4052 -4.8431 1.9200
-2.4052 -4.6131 1.9500
-2.4052 -4.3831 1.9700
-2.4152 -4.1431 1.9900
-2.4152 -3.9331 2.0300
-2.4152 -3.7031 2.0600
-2.4152 -3.4631 2.1000
-2.4252 -3.2131 2.1100
-2.4252 -2.9931 2.1300
-2.4252 -2.7731 2.1800
-2.4252 -2.5231 2.2200
-2.4652 2.1069 6.7300
-2.4652 1.9569 0.8100
-2.4652 2.3469 6.7900
-2.4652 2.5569 6.8300
-2.4752 2.7869 6.9000
-2.4752 2.9869 7.0200
-2.4752 3.2069 7.0900
-2.4752 3.4569 7.2100
-2.4752 3.6869 7.3300
-2.4752 3.9069 7.4700
-2.4852 4.1169 7.6000
-2.4852 4.3469 7.7200
-2.4852 4.5769 7.5600
-2.4852 4.7769 7.4500
-2.4852 5.0169 7.2700
-2.4952 5.2369 7.1200
-2.4952 5.4569 7.0200
-2.4952 5.6869 6.8700
-2.4952 5.9069 6.7300
-2.4952 6.1469 6.5800
-2.5052 6.3769 6.4400
-2.5052 6.5769 6.3100
-2.5052 6.8269 6.1500
-2.5052 7.0269 6.0400
-2.5052 7.2569 5.8900
-2.5052 7.4469 5.7600
-2.5152 7.6869 5.6200
-2.5152 7.9269 5.5100
-2.5152 8.1669 5.5900
-2.5152 8.3769 5.6800
-2.5152 8.5869 5.8300
-2.5252 8.8269 5.9700
-2.5252 9.0469 6.1100
-2.5252 9.2669 6.2300
-2.5252 9.5069 6.3400
-2.5252 9.7169 6.2200
-2.5352 9.9569 6.1300
-2.5352 10.1869 6.0400
-2.5352 10.4069 5.9900
-2.5352 10.6269 5.9800
-2.2652 -4.9831 1.8700
-2.2652 -4.7331 1.9500
-2.2652 -4.5131 1.9900
-2.2652 -4.2731 2.0000
-2.2652 -4.0331 2.0400
-2.2752 -3.8231 2.0700
-2.2752 -3.6131 2.0800
-2.2752 -3.3631 2.1200
-2.2752 -3.1331 2.1400
-2.2752 -2.9131 2.1800
-2.2852 -2.6831 2.2000
-2.2852 -2.4531 2.2300
-2.3152 1.7869 0.9100
-2.3252 2.1769 6.6300
-2.3252 2.3969 6.7600
-2.3252 2.6169 6.8800
-2.3252 2.8369 6.9800
-2.3252 3.0669 7.1300
-2.3252 3.2869 7.2200
-2.3352 3.5269 7.3700
-2.3352 3.7469 7.4800
-2.3352 3.9569 7.5900
-2.3352 4.1969 7.7100
-2.3352 4.4369 7.7700
-2.3452 4.6769 7.6100
-2.3452 4.8969 7.4400
-2.3452 5.1069 7.3100
-2.3452 5.3469 7.1600
-2.3452 5.5569 7.0400
-2.3552 5.7469 6.9000
-2.3552 5.9669 6.7600
-2.3552 6.2069 6.6400
-2.3552 6.4469 6.4800
-2.3552 6.6569 6.3300
-2.3652 6.8769 6.2000
-2.3652 7.0969 6.0800
-2.3652 7.3269 5.9000
-2.3652 7.5469 5.8000
-2.3652 7.7569 5.6900
-2.3652 7.9869 5.6200
-2.3752 8.2069 5.6900
-2.3752 8.4469 5.8100
-2.3752 8.6769 5.9600
-2.3752 8.8969 6.1100
-2.3752 9.1369 6.2500
-2.3852 9.3669 6.4100
-2.3852 9.6069 6.3400
-2.3852 9.8169 6.2300
-2.3852 10.0569 6.1400
-2.3852 10.2869 6.0500
-2.3952 10.5069 6.0100
-2.3952 10.7069 5.9800
-2.0952 -4.9431 1.9500
-2.0952 -4.6931 1.9800
-2.0952 -4.4731 2.0100
-2.0952 -4.2431 2.0300
-2.0952 -4.0331 2.0700
-2.1052 -3.8031 2.0800
-2.1052 -3.5731 2.1300
-2.1052 -3.3431 2.1400
-2.1052 -3.1131 2.1400
-2.1052 -2.8831 2.2100
-2.1152 -2.6231 2.2300
-2.1152 -2.3931 2.2800
-2.1452 1.5669 0.9100
-2.1452 1.9369 6.3300
-2.1552 2.1569 6.5000
-2.1552 2.3669 6.6400
-2.1552 2.5969 6.7600
-2.1552 2.8469 6.9100
-2.1552 3.0969 7.0700
-2.1652 3.3269 7.2300
-2.1652 3.5369 7.3700
-2.1652 3.7769 7.5200
-2.1652 4.0069 7.6600
-2.1652 4.2269 7.8000
-2.1752 4.4269 7.8400
-2.1752 4.6569 7.7200
-2.1752 4.9069 7.5400
-2.1752 5.1369 7.3800
-2.1752 5.3369 7.2300
-2.1752 5.5569 7.1200
-2.1852 5.7769 7.0100
-2.1852 6.0069 6.8400
-2.1852 6.2069 6.7200
-2.1852 6.4269 6.5700
-2.1852 6.6369 6.4300
-2.1952 6.8869 6.3000
-2.1952 7.1269 6.1700
-2.1952 7.3269 6.0300
-2.1952 7.5669 5.8600
-2.1952 7.8069 5.7500
-2.2052 8.0469 5.7800
-2.2052 8.2469 5.8800
-2.2052 8.4869 5.9900
-2.2052 8.7269 6.1700
-2.2052 8.9469 6.2800
-2.2052 9.1569 6.4400
-2.2152 9.3969 6.4800
-2.2152 9.6469 6.3400
-2.2152 9.8469 6.2600
-2.2152 10.0769 6.1800
-2.2152 10.2969 6.1000
-2.2252 10.5369 6.0400
-2.2252 10.7469 6.0100
-1.8352 -5.0031 1.9900
-1.8452 -4.7531 1.9900
-1.8452 -4.5131 2.0400
-1.8452 -4.2831 2.0700
-1.8452 -4.0731 2.1000
-1.8452 -3.8031 2.1400
-1.8552 -3.5731 2.1500
-1.8552 -3.3731 2.2000
-1.8552 -3.1831 2.2100
-1.8552 -2.9431 2.2400
-1.8552 -2.7131 2.3000
-1.8552 -2.4831 2.2700
-1.8652 -2.2831 2.3200
-1.8652 -2.0531 2.3100
-1.8952 1.4369 5.9600
-1.8952 1.3069 0.8700
-1.8952 1.6669 6.0600
-1.8952 1.8769 6.1600
-1.8952 2.1269 6.3100
-1.9052 2.3469 6.4500
-1.9052 2.5569 6.5800
-1.9052 2.7569 6.7000
-1.9052 3.0269 6.8300
-1.9052 3.2669 7.0200
-1.9152 3.4769 7.1600
-1.9152 3.7069 7.3000
-1.9152 3.9369 7.4300
-1.9152 4.1769 7.6200
-1.9152 4.3869 7.7400
-1.9152 4.5869 7.8300
-1.9252 4.8369 7.7400
-1.9252 5.0669 7.5700
-1.9252 5.2969 7.4100
-1.9252 5.5069 7.2800
-1.9252 5.7269 7.1500
-1.9352 5.9669 6.9900
-1.9352 6.1969 6.8600
-1.9352 6.4169 6.7300
-1.9352 6.6369 6.5900
-1.9352 6.8669 6.4600
-1.9452 7.1069 6.3100
-1.9452 7.3069 6.1800
-1.9452 7.5169 6.0400
-1.9452 7.7669 5.8900
-1.9452 7.9969 5.9400
-1.9552 8.1969 6.0200
-1.9552 8.4069 6.1500
-1.9552 8.6469 6.3000
-1.9552 8.9069 6.4500
-1.9552 9.1169 6.5900
-1.9552 9.3369 6.5600
-1.9652 9.5769 6.4500
-1.9652 9.8169 6.3700
-1.9652 10.0469 6.3300
-1.9652 10.2769 6.2500
-1.9652 10.5269 6.1900
-1.9752 10.7469 6.1400
-1.9752 10.9569 6.0500
-1.5952 -4.9431 2.0200
-1.5952 -4.7531 2.0300
-1.5952 -4.5231 2.0700
-1.5952 -4.2931 2.0800
-1.6052 -4.0531 2.1300
-1.6052 -3.8631 2.1500
-1.6052 -3.6231 2.1800
-1.6052 -3.4131 2.2100
-1.6052 -3.1831 2.2200
-1.6152 -2.9631 2.2600
-1.6152 -2.7231 2.2900
-1.6152 -2.5031 2.3100
-1.6152 -2.2831 2.3500
-1.6152 -2.0731 2.3700
-1.6252 -1.8331 2.4200
-1.6452 1.1869 5.6700
-1.6452 1.0669 0.9300
-1.6452 1.4269 5.7600
-1.6452 1.6669 5.8800
-1.6552 1.8969 6.0600
-1.6552 2.1169 6.1700
-1.6552 2.3369 6.2700
-1.6552 2.5769 6.4600
-1.6552 2.7869 6.5900
-1.6652 3.0069 6.7300
-1.6652 3.2569 6.8600
-1.6652 3.4769 7.0000
-1.6652 3.7169 7.1800
-1.6652 3.9469 7.3300
-1.6752 4.1569 7.4600
-1.6752 4.4069 7.6300
-1.6752 4.6569 7.8100
-1.6752 4.8769 7.8200
-1.6752 5.0869 7.7000
-1.6852 5.3169 7.5600
-1.6852 5.5569 7.3900
-1.6852 5.7469 7.2400
-1.6852 5.9669 7.1400
-1.6852 6.2069 6.9800
-1.6852 6.4469 6.8200
-1.6952 6.6569 6.7100
-1.6952 6.8869 6.5600
-1.6952 7.1069 6.4300
-1.6952 7.3369 6.2800
-1.6952 7.5569 6.1300
-1.7052 7.7869 6.0300
-1.7052 8.0169 6.1200
-1.7052 8.2569 6.2700
-1.7052 8.4969 6.4000
-1.7052 8.7369 6.5500
-1.7152 8.9769 6.7000
-1.7152 9.1969 6.6900
-1.7152 9.4169 6.6200
-1.7152 9.6069 6.5600
-1.7152 9.8269 6.4700
-1.7152 10.0569 6.3400
-1.7252 10.2769 6.2400
-1.7252 10.4769 6.1100
-1.7252 10.7069 5.9600
-1.7252 10.9169 5.8600
-1.7252 11.1469 5.7300
-1.4052 -5.0431 2.0300
-1.4052 -4.8231 2.0500
-1.4152 -4.6031 2.0700
-1.4152 -4.3531 2.1100
-1.4152 -4.1331 2.1400
-1.4152 -3.9331 2.1700
-1.4152 -3.7131 2.1700
-1.4252 -3.4731 2.2200
-1.4252 -3.2531 2.2500
-1.4252 -3.0131 2.2600
-1.4252 -2.7931 2.3000
-1.4252 -2.5831 2.3500
-1.4352 -2.3431 2.3500
-1.4352 -2.1031 2.3600
-1.4352 -1.8731 2.4200
-1.4352 -1.6331 2.5000
-1.4552 0.8169 1.0200
-1.4552 1.1269 5.5100
-1.4552 1.0069 0.9800
-1.4652 1.3469 5.6400
-1.4652 1.6069 5.7600
-1.4652 1.8169 5.8700
-1.4652 2.0469 6.0000
-1.4652 2.2869 6.1600
-1.4752 2.5169 6.2600
-1.4752 2.7569 6.4500
-1.4752 2.9969 6.6000
-1.4752 3.2269 6.7600
-1.4752 3.4569 6.9000
-1.4852 3.6869 7.0400
-1.4852 3.9269 7.2000
-1.4852 4.1469 7.3000
-1.4852 4.3669 7.4800
-1.4852 4.5969 7.6500
-1.4952 4.8469 7.8000
-1.4952 5.0569 7.8000
-1.4952 5.2769 7.6700
-1.4952 5.5069 7.5200
-1.4952 5.7269 7.3800
-1.4952 5.9369 7.2200
-1.5052 6.1669 7.1100
-1.5052 6.4069 6.9600
-1.5052 6.6369 6.8000
-1.5052 6.8469 6.6800
-1.5052 7.0969 6.5200
-1.5152 7.3369 6.3800
-1.5152 7.5569 6.2700
-1.5152 7.7469 6.1600
-1.5152 7.9769 6.2100
-1.5152 8.2069 6.3400
-1.5252 8.4069 6.5000
-1.5252 8.6469 6.6300
-1.5252 8.8669 6.7700
-1.5252 9.0869 6.7400
-1.5252 9.2869 6.6800
-1.5252 9.5069 6.5000
-1.5352 9.7369 6.3800
-1.5352 9.9769 6.2300
-1.5352 10.1869 6.1400
-1.5352 10.4069 5.9800
-1.5352 10.6069 5.8900
-1.5452 10.8569 5.7400
-1.5452 11.0769 5.6400
-1.5452 11.3069 5.4900
-1.2252 -5.0831 2.0600
-1.2352 -4.8431 2.0800
-1.2352 -4.6231 2.1000
-1.2352 -4.3831 2.1300
-1.2352 -4.1831 2.1500
-1.2352 -3.9531 2.1900
-1.2452 -3.7131 2.2200
-1.2452 -3.4731 2.2700
-1.2452 -3.2431 2.2900
-1.2452 -3.0131 2.3000
-1.2452 -2.7831 2.3600
-1.2552 -2.5431 2.3600
-1.2552 -2.3331 2.3900
-1.2552 -2.1231 2.3900
-1.2552 -1.8931 2.4500
-1.2552 -1.6631 2.4600
-1.2752 0.1069 0.7200
-1.2752 0.3269 0.9300
-1.2752 0.5669 1.0000
-1.2752 0.9069 5.2600
-1.2752 0.7969 0.9700
-1.2852 1.1369 5.3700
-1.2852 1.3769 5.5200
-1.2852 1.5969 5.6600
-1.2852 1.8369 5.7600
-1.2852 2.0669 5.9200
-1.2952 2.3069 6.0600
-1.2952 2.5369 6.2000
-1.2952 2.7569 6.3400
-1.2952 2.9869 6.5000
-1.2952 3.2269 6.6500
-1.3052 3.4569 6.8100
-1.3052 3.6769 6.9500
-1.3052 3.9169 7.0700
-1.3052 4.1369 7.2200
-1.3052 4.3669 7.3900
-1.3052 4.5869 7.5500
-1.3152 4.8169 7.7100
-1.3152 5.0669 7.8400
-1.3152 5.2969 7.7400
-1.3152 5.5169 7.6400
-1.3152 5.7469 7.4300
-1.3252 6.0069 7.3000
-1.3252 6.2169 7.2100
-1.3252 6.4169 7.0500
-1.3252 6.6169 6.9500
-1.3252 6.8569 6.8000
-1.3352 7.0769 6.6400
-1.3352 7.2869 6.4900
-1.3352 7.4869 6.3900
-1.3352 7.7269 6.3000
-1.3352 7.9369 6.3700
-1.3452 8.1569 6.4800
-1.3452 8.3769 6.6400
-1.3452 8.6269 6.7600
-1.3452 8.8469 6.7400
-1.3452 9.0669 6.6300
-1.3452 9.2669 6.5300
-1.3552 9.5069 6.3900
-1.3552 9.7169 6.2400
-1.3552 9.9469 6.1300
-1.3552 10.1569 5.9800
-1.3552 10.3769 5.8700
-1.3652 10.6169 5.7400
-1.3652 10.8469 5.6100
-1.3652 11.0769 5.4600
-1.3652 11.3069 5.3100
-1.3652 11.5169 5.1600
-0.9952 -5.0631 2.0600
-0.9952 -4.8131 2.0800
-1.0052 -4.5731 2.1200
-1.0052 -4.3531 2.1700
-1.0052 -4.1331 2.2000
-1.0052 -3.9131 2.2300
-1.0052 -3.6931 2.2500
-1.0052 -3.4731 2.2700
-1.0152 -3.2431 2.3000
-1.0152 -3.0031 2.3400
-1.0152 -2.7531 2.3800
-1.0152 -2.5431 2.4000
-1.0152 -2.3331 2.4200
-1.0252 -2.1031 2.4700
-1.0252 -1.8731 2.5000
-1.0252 -1.6431 2.5200
-1.0252 -1.4231 2.5500
-1.0352 -0.0731 0.8900
-1.0452 0.1769 1.0200
-1.0452 0.3769 0.9900
-1.0452 0.7069 4.9900
-1.0452 0.6069 0.9000
-1.0452 0.9569 5.1500
-1.0452 1.1769 5.2700
-1.0552 1.3969 5.3900
-1.0552 1.6369 5.5500
-1.0552 1.8669 5.6700
-1.0552 2.0969 5.8000
-1.0552 2.3369 5.9600
-1.0652 2.5469 6.1000
-1.0652 2.7869 6.2400
-1.0652 3.0169 6.3800
-1.0652 3.2569 6.5400
-1.0652 3.4869 6.6900
-1.0752 3.7169 6.8500
-1.0752 3.9669 7.0000
-1.0752 4.2069 7.1100
-1.0752 4.4469 7.2900
-1.0752 4.6569 7.4400
-1.0752 4.8769 7.6100
-1.0852 5.1069 7.7600
-1.0852 5.3169 7.8500
-1.0852 5.5069 7.7500
-1.0852 5.7669 7.6000
-1.0852 5.9869 7.4600
-1.0952 6.1869 7.3500
-1.0952 6.3969 7.1900
-1.0952 6.6069 7.0700
-1.0952 6.8569 6.9100
-1.0952 7.0869 6.7700
-1.1052 7.2869 6.6300
-1.1052 7.4869 6.5400
-1.1052 7.7169 6.4300
-1.1052 7.9669 6.5800
-1.1052 8.1769 6.6800
-1.1052 8.3969 6.7800
-1.1152 8.6169 6.7300
-1.1152 8.8369 6.6100
-1.1152 9.0669 6.4700
-1.1152 9.2769 6.3500
-1.1152 9.5369 6.2000
-1.1252 9.7769 6.0500
-1.1252 9.9869 5.9400
-1.1252 10.2069 5.7900
-1.1252 10.4169 5.6900
-1.1252 10.6369 5.5600
-1.1352 10.8569 5.4000
-1.1352 11.0869 5.3100
-1.1352 11.3169 5.1500
-1.1352 11.5669 5.0200
-1.1352 11.7669 4.8600
-0.7652 -4.9331 2.1000
-0.7652 -4.7031 2.1600
-0.7652 -4.4731 2.1900
-0.7752 -4.2331 2.2000
-0.7752 -4.0231 2.2400
-0.7752 -3.7931 2.2800
-0.7752 -3.5831 2.2900
-0.7752 -3.3531 2.3200
-0.7752 -3.1131 2.3600
-0.7852 -2.9031 2.3800
-0.7852 -2.6731 2.4100
-0.7852 -2.4231 2.4400
-0.7852 -2.2031 2.4900
-0.7852 -1.9931 2.5100
-0.7952 -1.7331 2.5500
-0.7952 -1.5031 2.5400
-0.7952 -1.2731 2.6000
-0.7952 -1.0331 2.6300
-0.8052 -0.4131 1.0300
-0.8052 -0.1831 1.0800
-0.8052 0.0369 1.0300
-0.8052 0.3569 4.6700
-0.8052 0.2669 0.9900
-0.8152 0.6069 4.8300
-0.8152 0.8269 4.9400
-0.8152 1.0569 5.0500
-0.8152 1.2669 5.1700
-0.8152 1.5269 5.2900
-0.8252 1.7569 5.4700
-0.8252 1.9969 5.6200
-0.8252 2.2369 5.7800
-0.8252 2.4769 5.9300
-0.8252 2.7069 6.0900
-0.8352 2.9269 6.2100
-0.8352 3.1469 6.3600
-0.8352 3.3669 6.4900
-0.8352 3.5969 6.6100
-0.8352 3.7969 6.7600
-0.8352 4.0569 6.9300
-0.8452 4.2669 7.0800
-0.8452 4.4869 7.2000
-0.8452 4.7069 7.3500
-0.8452 4.9269 7.5000
-0.8452 5.1769 8.4900
-0.8452 5.1669 7.7200
-0.8552 5.3969 7.8600
-0.8552 5.6169 7.8200
-0.8552 5.8269 7.6800
-0.8552 6.0369 7.5400
-0.8552 6.2769 7.4100
-0.8652 6.4769 7.2700
-0.8652 6.7169 7.0800
-0.8652 6.9269 6.9500
-0.8652 7.1469 6.8500
-0.8652 7.3769 6.7000
-0.8652 7.6169 6.5900
-0.8752 7.8469 6.7000
-0.8752 8.0769 6.8200
-0.8752 8.2969 6.7600
-0.8752 8.5369 6.6300
-0.8752 8.7269 6.5100
-0.8852 8.9469 6.3600
-0.8852 9.1669 6.2400
-0.8852 9.3969 6.1300
-0.8852 9.6369 5.9800
-0.8852 9.8669 5.8500
-0.8952 10.0869 5.7000
-0.8952 10.3069 5.5700
-0.8952 10.5169 5.4400
-0.8952 10.7369 5.3000
-0.8952 10.9569 5.1700
-0.8952 11.1869 5.0500
-0.9052 11.4069 4.9200
-0.9052 11.6169 4.7800
-0.9052 11.8669 4.6300
-0.5452 -4.9631 2.1500
-0.5552 -4.7331 2.1800
-0.5552 -4.5231 2.2000
-0.5552 -4.2731 2.2300
-0.5552 -4.0331 2.2600
-0.5552 -3.8231 2.2800
-0.5652 -3.6031 2.3300
-0.5652 -3.3431 2.3600
-0.5652 -3.1031 2.4000
-0.5652 -2.8931 2.3900
-0.5652 -2.6631 2.4400
-0.5652 -2.4231 2.4700
-0.5752 -2.2031 2.5000
-0.5752 -1.9931 2.5600
-0.5752 -1.7531 2.5700
-0.5752 -1.5131 2.5800
-0.5752 -1.2931 2.5800
-0.5852 -1.0531 2.6200
-0.5852 -0.8631 2.7200
-0.5852 -0.9131 0.9200
-0.5852 -0.6531 1.0800
-0.5852 -0.4331 1.1100
-0.5852 -0.2131 1.1000
-0.5952 0.1169 4.3200
-0.5952 0.0269 1.0000
-0.5952 0.3569 4.5300
-0.5952 0.6069 4.6500
-0.5952 0.8469 4.7800
-0.5952 1.0869 4.9100
-0.6052 1.2969 5.0700
-0.6052 1.5169 5.1800
-0.6052 1.7369 5.3200
-0.6052 1.9569 5.4700
-0.6052 2.1769 5.5900
-0.6052 2.4169 5.7600
-0.6152 2.6369 5.9000
-0.6152 2.8469 6.0400
-0.6152 3.0669 6.1600
-0.6152 3.2869 6.3200
-0.6152 3.5269 6.4700
-0.6252 3.7669 6.6300
-0.6252 3.9769 6.7500
-0.6252 4.1969 6.9000
-0.6252 4.4269 7.0600
-0.6252 4.6669 7.1900
-0.6252 4.9069 8.5600
-0.6352 4.8769 7.3500
-0.6352 5.1369 8.5900
-0.6352 5.3469 8.5600
-0.6352 5.5569 7.8900
-0.6352 5.7969 7.8500
-0.6352 6.0069 7.7100
-0.6452 6.2569 7.5400
-0.6452 6.4969 7.3900
-0.6452 6.6969 7.2400
-0.6452 6.9269 7.1100
-0.6452 7.1369 7.0000
-0.6552 7.3569 6.8600
-0.6552 7.5769 6.7600
-0.6552 7.7869 6.8100
-0.6552 8.0369 6.7800
-0.6552 8.2769 6.6700
-0.6652 8.4869 6.5300
-0.6652 8.6769 6.4000
-0.6652 8.9269 6.2300
-0.6652 9.1469 6.1300
-0.6652 9.3469 6.0100
-0.6652 9.5969 5.8500
-0.6752 9.8069 5.7400
-0.6752 10.0369 5.6000
-0.6752 10.2769 5.4400
-0.6752 10.4669 5.3000
-0.6752 10.7169 5.1900
-0.6852 10.9469 5.0200
-0.6852 11.1869 4.9000
-0.6852 11.3969 4.7700
-0.6852 11.6269 4.6200
-0.6852 11.8569 4.4900
-0.6952 12.0769 4.3600
-0.6952 12.2769 3.9000
-0.3052 -4.9431 2.2000
-0.3152 -4.7031 2.1900
-0.3152 -4.4531 2.2400
-0.3152 -4.2531 2.2500
-0.3152 -4.0231 2.3000
-0.3152 -3.7731 2.3600
-0.3152 -3.5531 2.3700
-0.3252 -3.3331 2.3700
-0.3252 -3.1131 2.4300
-0.3252 -2.8831 2.4500
-0.3252 -2.6431 2.4600
-0.3252 -2.4131 2.5100
-0.3352 -2.2031 2.5600
-0.3352 -1.9531 2.6100
-0.3352 -1.7431 2.6200
-0.3352 -1.5031 2.6300
-0.3352 -1.2731 2.6600
-0.3452 -1.0431 2.6800
-0.3452 -0.7931 2.7400
-0.3452 -0.8331 1.1700
-0.3452 -0.6031 1.1600
-0.3452 -0.3031 3.9300
-0.3452 -0.3731 1.1000
-0.3452 -0.0731 4.1500
-0.3452 -0.1531 1.0500
-0.3552 0.1569 4.2400
-0.3552 0.3769 4.3800
-0.3552 0.5869 4.5200
-0.3552 0.7969 4.6700
-0.3552 1.0369 4.7700
-0.3552 1.2769 4.8800
-0.3652 1.4869 5.0200
-0.3652 1.7069 5.1600
-0.3652 1.9269 5.3300
-0.3652 2.1569 5.4600
-0.3652 2.4069 5.6100
-0.3752 2.6069 5.7600
-0.3752 2.8369 5.9000
-0.3752 3.0469 6.0400
-0.3752 3.3069 6.2100
-0.3752 3.5169 6.3500
-0.3752 3.7469 6.5000
-0.3852 3.9869 6.6200
-0.3852 4.1969 6.7600
-0.3852 4.4369 6.9100
-0.3852 4.6469 7.0600
-0.3852 4.9469 8.5700
-0.3852 4.9169 7.1900
-0.3952 5.1869 8.5800
-0.3952 5.3869 8.5700
-0.3952 5.5869 7.6900
-0.3952 5.8269 7.8100
-0.3952 6.0469 7.8300
-0.4052 6.2569 7.7000
-0.4052 6.4769 7.5100
-0.4052 6.7069 7.3700
-0.4052 6.9469 7.2300
-0.4052 7.1669 7.0900
-0.4152 7.3669 6.9800
-0.4152 7.6069 6.8700
-0.4152 7.8269 6.7900
-0.4152 8.0269 6.6600
-0.4152 8.2569 6.5100
-0.4152 8.4669 6.3500
-0.4252 8.7169 6.2300
-0.4252 8.9569 6.0900
-0.4252 9.1569 5.9700
-0.4252 9.3769 5.8500
-0.4252 9.6069 5.6800
-0.4352 9.8569 5.5400
-0.4352 10.0769 5.3900
-0.4352 10.2769 5.2500
-0.4352 10.5369 5.1300
-0.4352 10.7569 5.0100
-0.4352 10.9569 4.8300
-0.4452 11.1869 4.6900
-0.4452 11.3969 4.5700
-0.4452 11.6469 4.4400
-0.4452 11.8769 4.3200
-0.4452 12.0669 4.1800
-0.4552 12.3169 3.9200
-0.0452 -4.9531 2.1800
-0.0452 -4.6931 2.2000
-0.0452 -4.4831 2.2800
-0.0452 -4.2531 2.2700
-0.0552 -4.0331 2.3200
-0.0552 -3.8131 2.3700
-0.0552 -3.5731 2.3900
-0.0552 -3.3431 2.4100
-0.0552 -3.1331 2.4400
-0.0552 -2.8731 2.4700
-0.0652 -2.6231 2.5200
-0.0652 -2.3931 2.5500
-0.0652 -2.1831 2.5900
-0.0652 -1.9331 2.6300
-0.0652 -1.7131 2.6400
-0.0752 -1.4931 2.6900
-0.0752 -1.2831 2.7000
-0.0752 -1.0731 2.7100
-0.0752 -1.1231 1.0300
-0.0752 -0.8231 2.7200
-0.0752 -0.8731 1.1200
-0.0752 -0.5731 3.6900
-0.0752 -0.6431 1.1000
-0.0852 -0.3731 3.7700
-0.0852 -0.4431 1.0500
-0.0852 -0.1431 3.9400
-0.0852 0.0669 4.0400
-0.0852 0.3169 4.2000
-0.0852 0.5469 4.3100
-0.0852 0.7669 4.4500
-0.0952 0.9869 4.6000
-0.0952 1.2169 4.7300
-0.0952 1.4569 4.8600
-0.0952 1.6569 5.0200
-0.0952 1.8869 5.1700
-0.1052 2.1269 5.3200
-0.1052 2.3569 5.4400
-0.1052 2.5769 5.6000
-0.1052 2.8169 5.7500
-0.1052 3.0669 5.9000
-0.1152 3.3069 6.0600
-0.1152 3.5169 6.2100
-0.1152 3.7369 6.3500
-0.1152 3.9869 6.4900
-0.1152 4.1969 6.6100
-0.1252 4.5169 10.9100
-0.1152 4.4169 6.7500
-0.1252 4.6369 6.9000
-0.1252 4.8969 7.0700
-0.1252 5.1669 8.5700
-0.1252 5.1369 7.2000
-0.1252 5.3769 8.5000
-0.1252 5.3469 7.3900
-0.1252 5.5569 7.5000
-0.1352 5.8069 7.6900
-0.1352 6.0269 7.7900
-0.1352 6.2469 7.8300
-0.1352 6.4669 7.6900
-0.1352 6.6769 7.5500
-0.1452 6.9269 7.3700
-0.1452 7.1569 7.2400
-0.1452 7.3569 7.0900
-0.1452 7.5869 6.9800
-0.1452 7.8369 6.8300
-0.1552 8.0669 6.6800
-0.1552 8.2669 6.5200
-0.1552 8.4969 6.3800
-0.1552 8.7469 6.2700
-0.1552 8.9569 6.1400
-0.1552 9.1669 5.9800
-0.1652 9.3869 5.8500
-0.1652 9.6269 5.6800
-0.1652 9.8469 5.5700
-0.1652 10.0669 5.4200
-0.1652 10.2869 5.2800
-0.1752 10.5069 5.1300
-0.1752 10.7469 5.0100
-0.1752 10.9669 4.8600
-0.1752 11.1969 4.7100
-0.1752 11.4369 4.5800
-0.1852 11.6669 4.4400
-0.1852 11.8969 4.2700
-0.1852 12.1069 4.1700
-0.1852 12.3269 4.0400
0.1648 -4.9231 2.2300
0.1548 -4.6831 2.2900
0.1548 -4.4531 2.2900
0.1548 -4.2131 2.3300
0.1548 -3.9631 2.3500
0.1548 -3.7331 2.3800
0.1448 -3.5331 2.4000
0.1448 -3.2931 2.4400
0.1448 -3.0831 2.4800
0.1448 -2.8631 2.5000
0.1448 -2.6531 2.5500
0.1448 -2.4131 2.5600
0.1348 -2.1931 2.6000
0.1348 -1.9731 2.6300
0.1348 -1.7731 2.6600
0.1348 -1.5531 2.6800
0.1348 -1.3031 2.7200
0.1348 -1.3631 0.5600
0.1248 -1.0631 2.7500
0.1248 -1.1131 0.8500
0.1248 -0.8531 3.7600
0.1248 -0.9331 0.8200
0.1248 -0.6131 3.6900
0.1248 -0.6931 0.7600
0.1248 -0.3631 5.1200
0.1248 -0.4031 3.7100
0.1248 -0.1231 5.0900
0.1248 -0.1531 3.8200
0.1148 0.0669 3.9800
0.1148 0.2969 4.0800
0.1148 0.5169 4.2200
0.1148 0.7369 4.3500
0.1148 0.9869 4.4800
0.1148 1.2069 4.6300
0.1048 1.4569 4.7800
0.1048 1.6969 4.9500
0.1048 1.9169 5.0700
0.1048 2.1569 5.2400
0.1048 2.3769 5.3700
0.0948 2.5969 5.5000
0.0948 2.8069 5.6700
0.0948 3.0469 5.7800
0.0948 3.2869 5.9400
0.0948 3.5269 6.1100
0.0848 3.7669 6.2400
0.0848 3.9769 6.3600
0.0848 4.2069 6.5300
0.0848 4.5169 10.9500
0.0848 4.4269 6.6600
0.0848 4.6469 6.7800
0.0748 4.8869 6.9800
0.0748 5.0969 7.0900
0.0748 5.3369 7.2500
0.0748 5.5769 7.4000
0.0748 5.7969 7.5400
0.0748 6.0169 7.7000
0.0648 6.2669 7.8300
0.0648 6.5069 7.7800
0.0648 6.7169 7.6600
0.0648 6.9369 7.4700
0.0548 7.1769 7.3000
0.0548 7.3969 7.1700
0.0548 7.6169 7.0600
0.0548 7.8369 6.9000
0.0548 8.0669 6.7600
0.0548 8.2869 6.6200
0.0448 8.5069 6.4700
0.0448 8.7269 6.3500
0.0448 8.9569 6.1900
0.0448 9.1769 6.0300
0.0448 9.4069 5.9100
0.0348 9.6369 5.7500
0.0348 9.8769 5.6400
0.0348 10.1069 5.4900
0.0348 10.3269 5.3400
0.0348 10.5669 5.2200
0.0248 10.7869 5.0500
0.0248 10.9969 4.9200
0.0248 11.2269 4.8100
0.0248 11.4169 4.6700
0.0248 11.6369 4.5600
0.0248 11.8769 4.3900
0.0148 12.0869 4.2700
0.0148 12.2969 4.1200
0.0148 12.5069 4.0300
0.3048 -5.0831 2.2100
0.3048 -4.8731 2.2500
0.3048 -4.6431 2.2900
0.3048 -4.4431 2.3100
0.2948 -4.2131 2.3500
0.2948 -3.9931 2.3700
0.2948 -3.7531 2.4000
0.2948 -3.5531 2.4100
0.2948 -3.3131 2.4600
0.2848 -3.1031 2.4900
0.2848 -2.8831 2.5000
0.2848 -2.6531 2.5900
0.2848 -2.4131 2.5600
0.2848 -2.1831 2.6300
0.2748 -1.9731 2.6400
0.2748 -1.7731 2.6800
0.2748 -1.5231 2.7400
0.2748 -1.3031 2.7100
0.2748 -1.3731 0.2900
0.2748 -1.0331 3.7400
0.2748 -1.1231 0.5300
0.2748 -0.8331 3.7200
0.2748 -0.9131 0.5800
0.2648 -0.6131 3.7000
0.2648 -0.7031 0.6200
0.2648 -0.3431 5.1100
0.2648 -0.3831 3.6900
0.2648 -0.0931 5.1400
0.2648 -0.1331 3.7800
0.2648 0.0969 3.8900
0.2648 0.3369 4.0600
0.2548 0.5569 4.1700
0.2548 0.7969 4.3100
0.2548 1.0269 4.4400
0.2548 1.2369 4.5600
0.2548 1.4569 4.7100
0.2448 1.7069 4.8600
0.2448 1.9469 5.0100
0.2448 2.1769 5.1700
0.2448 2.3869 5.3100
0.2448 2.6169 5.4600
0.2348 2.8469 5.5800
0.2348 3.0769 5.7400
0.2348 3.2869 5.8700
0.2348 3.5369 6.0200
0.2348 3.7569 6.1600
0.2348 3.9969 6.3000
0.2248 4.2269 6.4500
0.2248 4.4469 6.5700
0.2248 4.7769 10.9700
0.2248 4.6869 6.7500
0.2248 4.9269 6.9000
0.2248 5.1369 7.0500
0.2148 5.3769 7.1900
0.2148 5.6169 7.3400
0.2148 5.8569 7.5100
0.2148 6.0669 7.6600
0.2148 6.2869 7.7900
0.2148 6.5269 7.8400
0.2048 6.7569 7.7000
0.2048 6.9669 7.5400
0.2048 7.2069 7.3800
0.2048 7.4269 7.2300
0.1948 7.6569 7.1100
0.1948 7.8669 6.9900
0.1948 8.0869 6.8100
0.1948 8.3269 6.6700
0.1948 8.5669 6.5400
0.1948 8.7969 6.3700
0.1848 9.0269 6.2400
0.1848 9.2669 6.0900
0.1848 9.4769 5.9700
0.1848 9.6869 5.8200
0.1848 9.8769 5.7000
0.1748 10.1169 5.5600
0.1748 10.3369 5.4200
0.1748 10.5369 5.3200
0.1748 10.7669 5.1400
0.1748 10.9769 5.0100
0.1748 11.2069 4.8700
0.1648 11.3969 4.7600
0.1648 11.6369 4.6100
0.1648 11.8869 4.4500
0.1648 12.1069 4.3300
0.1648 12.3069 4.2100
0.1548 12.5269 4.0700
0.4848 -4.8831 2.2800
0.4848 -4.6831 2.3200
0.4848 -4.4431 2.3100
0.4848 -4.2131 2.3600
0.4748 -3.9831 2.4000
0.4748 -3.7731 2.4300
0.4748 -3.5331 2.4600
0.4748 -3.3131 2.5100
0.4748 -3.0931 2.5400
0.4748 -2.8831 2.5600
0.4648 -2.6231 2.5600
0.4648 -2.4231 2.6200
0.4648 -2.2031 2.6400
0.4648 -1.9731 2.6700
0.4648 -1.7231 2.7100
0.4548 -1.4831 2.7400
0.4548 -1.2331 3.6800
0.4548 -1.0131 3.6800
0.4548 -1.1031 0.5100
0.4548 -0.7631 3.7000
0.4548 -0.8431 0.5600
0.4548 -0.5431 3.6700
0.4448 -0.2931 5.1400
0.4448 -0.3331 3.5900
0.4448 -0.1331 3.6100
0.4448 0.1169 3.8300
0.4448 0.3669 3.9600
0.4448 0.5969 4.0800
0.4448 0.8069 4.2200
0.4348 1.0369 4.3600
0.4348 1.2669 4.4900
0.4348 1.4969 4.6400
0.4348 1.7169 4.7800
0.4348 1.9469 4.9100
0.4248 2.1669 5.0500
0.4248 2.4169 5.2100
0.4248 2.6469 5.3500
0.4248 2.8669 5.5100
0.4248 3.1169 5.6700
0.4148 3.3569 5.8000
0.4148 3.5769 5.9500
0.4148 3.7969 6.0900
0.4148 4.0569 6.2300
0.4148 4.2969 6.3900
0.4148 4.4969 6.5500
0.4048 4.7969 10.9500
0.4048 4.7069 6.6700
0.4048 5.0569 10.9700
0.4048 4.9669 6.8400
0.4048 5.2069 7.0000
0.4048 5.4169 7.1500
0.4048 5.6469 7.2800
0.3948 5.8869 7.4000
0.3948 6.1169 7.5800
0.3948 6.3369 7.7200
0.3948 6.5669 7.8400
0.3948 6.8069 7.7600
0.3848 7.0369 7.6100
0.3848 7.2769 7.4200
0.3848 7.4969 7.3000
0.3848 7.7369 7.1500
0.3848 7.9469 7.0200
0.3748 8.1669 6.8700
0.3748 8.3669 6.7300
0.3748 8.5669 6.6100
0.3748 8.7969 6.4600
0.3748 9.0369 6.3300
0.3748 9.2469 6.1700
0.3648 9.4569 6.0500
0.3648 9.6769 5.9400
0.3648 9.8869 5.8000
0.3648 10.1169 5.6500
0.3648 10.3469 5.5100
0.3548 10.5669 5.3900
0.3548 10.7869 5.2500
0.3548 10.9969 5.1200
0.3548 11.2169 4.9700
0.3548 11.4269 4.8400
0.3448 11.6769 4.6600
0.3448 11.8969 4.5400
0.3448 12.0969 4.4100
0.3448 12.3269 4.2800
0.7548 -4.8831 2.3100
0.7548 -4.6431 2.3400
0.7548 -4.4031 2.3700
0.7548 -4.1731 2.4000
0.7548 -3.9731 2.4200
0.7548 -3.7431 2.4500
0.7448 -3.5031 2.5000
0.7448 -3.2631 2.5500
0.7448 -3.0331 2.5900
0.7448 -2.8031 2.6000
0.7348 -2.5731 2.6100
0.7348 -2.3331 2.6700
0.7348 -2.1231 2.6900
0.7348 -1.9131 2.7000
0.7348 -1.4231 3.7000
0.7248 -1.2131 3.6700
0.7248 -0.9831 3.6900
0.7248 -0.7331 3.6500
0.7248 -0.5231 3.5700
0.7248 -0.2831 3.5800
0.7248 -0.0731 3.6000
0.7148 0.1469 3.6200
0.7148 0.3869 3.8400
0.7148 0.6069 3.9800
0.7148 0.8369 4.0900
0.7148 1.0869 4.2400
0.7048 1.2969 4.3500
0.7048 1.5469 4.4900
0.7048 1.7769 4.6800
0.7048 2.0169 4.8000
0.7048 2.2469 4.9600
0.6948 2.4769 5.0800
0.6948 2.7069 5.2700
0.6948 2.9169 5.4000
0.6948 3.1569 5.5300
0.6948 3.3969 5.6800
0.6848 3.6169 5.8400
0.6848 3.8469 5.9500
0.6848 4.0869 6.1100
0.6848 4.3069 6.2700
0.6848 4.5469 6.4200
0.6848 4.7269 6.5400
0.6748 5.0769 10.8400
0.6748 4.9869 6.7000
0.6748 5.2469 6.8600
0.6748 5.4769 7.0200
0.6748 5.7069 7.1500
0.6748 5.9469 7.3000
0.6648 6.1969 7.4200
0.6648 6.4069 7.6000
0.6648 6.6169 7.7300
0.6648 6.8369 7.8500
0.6648 7.0569 7.7700
0.6548 7.2669 7.6200
0.6548 7.4769 7.4500
0.6548 7.7069 7.3300
0.6548 7.9269 7.1900
0.6548 8.1569 7.0600
0.6548 8.3469 6.9100
0.6448 8.5769 6.7900
0.6448 8.8169 6.6100
0.6448 9.0269 6.5000
0.6448 9.2469 6.3600
0.6448 9.4469 6.2300
0.6348 9.6869 6.0900
0.6348 9.8969 5.9500
0.6348 10.1269 5.8300
0.6348 10.3369 5.6900
0.6348 10.5369 5.5500
0.6248 10.8069 5.3900
0.6248 11.0369 5.2600
0.6248 11.2469 5.1200
0.6248 11.4669 4.9500
0.6248 11.7069 4.8100
0.6248 11.9369 4.6600
0.6148 12.1369 4.5200
0.6148 12.3369 4.4000
1.0248 -4.9231 2.3700
1.0148 -4.7131 2.3700
1.0148 -4.4631 2.4000
1.0148 -4.2531 2.4400
1.0148 -4.0031 2.4900
1.0148 -3.7931 2.4900
1.0048 -3.5731 2.5000
1.0048 -3.3631 2.5500
1.0048 -3.1131 2.5900
1.0048 -2.8931 2.6100
1.0048 -2.6431 2.6600
1.0048 -2.4331 2.6700
0.9948 -2.2131 2.7200
0.9948 -1.7231 3.7100
0.9948 -1.5231 3.7000
0.9948 -1.2831 3.6900
0.9848 -1.0631 3.6400
0.9848 -0.8331 3.5600
0.9848 -0.6031 3.5700
0.9848 -0.3831 3.5800
0.9848 -0.1331 3.5600
0.9748 0.0969 3.5700
0.9748 0.3269 3.6300
0.9748 0.5569 3.7900
0.9748 0.7869 3.9500
0.9748 1.0269 4.0800
0.9648 1.2469 4.2100
0.9648 1.4669 4.3500
0.9648 1.7169 4.5000
0.9648 1.9469 4.6400
0.9648 2.1669 4.7800
0.9548 2.3969 4.9400
0.9548 2.6269 5.0900
0.9548 2.8669 5.2100
0.9548 3.0669 5.3400
0.9548 3.3169 5.5100
0.9548 3.5669 5.6600
0.9448 3.7869 5.8100
0.9448 4.0269 5.9800
0.9448 4.2669 6.0900
0.9448 4.5169 6.2600
0.9448 4.7269 6.3900
0.9348 4.9569 6.5400
0.9348 5.2669 10.9500
0.9348 5.1769 6.7000
0.9348 5.4769 11.0300
0.9348 5.3869 6.8200
0.9348 5.6069 6.9700
0.9348 5.8469 7.1200
0.9248 6.0569 7.2400
0.9248 6.2769 7.3700
0.9248 6.4969 7.4800
0.9248 6.7169 7.6800
0.9248 6.9569 7.8300
0.9248 7.1969 7.8100
0.9148 7.4069 7.6500
0.9148 7.6269 7.5000
0.9148 7.8269 7.3600
0.9148 8.0569 7.2300
0.9148 8.2769 7.0700
0.9048 8.5069 6.9600
0.9048 8.7069 6.8000
0.9048 8.9269 6.6800
0.9048 9.1669 6.5500
0.9048 9.3969 6.3900
0.8948 9.6069 6.2600
0.8948 9.8569 6.1100
0.8948 10.0769 6.0000
0.8948 10.3069 5.8600
0.8948 10.5269 5.6900
0.8848 10.7369 5.5600
0.8848 10.9469 5.4300
0.8848 11.1769 5.2700
0.8848 11.4169 5.1100
0.8848 11.6469 4.9800
0.8848 11.8469 4.8500
0.8748 12.0869 4.7000
0.8748 12.3069 4.5600
0.8748 12.5169 4.4400
1.2148 -4.9331 2.3700
1.2148 -4.6931 2.3900
1.2148 -4.4631 2.4400
1.2048 -4.2231 2.4700
1.2048 -3.9931 2.5000
1.2048 -3.8031 2.5300
1.2048 -3.5531 2.5400
1.2048 -3.3431 2.6200
1.1948 -3.1131 2.6300
1.1948 -2.8831 2.6800
1.1948 -2.6631 2.6800
1.1948 -2.4231 2.7100
1.1948 -2.1731 2.8200
1.1848 -1.9331 3.6900
1.1848 -1.7031 3.6900
1.1848 -1.4731 3.6900
1.1848 -1.2331 3.6100
1.1848 -1.0231 3.5500
1.1748 -0.7931 3.5700
1.1748 -0.5631 3.5600
1.1748 -0.3331 3.5700
1.1748 -0.1131 3.5700
1.1748 0.1169 3.5800
1.1748 0.3469 3.6300
1.1648 0.5669 3.6500
1.1648 0.8169 3.9000
1.1648 1.0269 3.9900
1.1648 1.2669 4.1100
1.1648 1.4869 4.2400
1.1548 1.7269 4.4000
1.1548 1.9669 4.5600
1.1548 2.1869 4.7000
1.1548 2.4369 4.8300
1.1548 2.6869 5.0100
1.1448 2.9169 5.1400
1.1448 3.1269 5.2800
1.1448 3.3569 5.3900
1.1448 3.5769 5.5500
1.1448 3.7969 5.7000
1.1348 3.9969 5.8200
1.1348 4.2469 5.9900
1.1348 4.4669 6.1400
1.1348 4.6869 6.2800
1.1348 4.8969 6.3900
1.1348 5.2169 10.9900
1.1348 5.1269 6.5600
1.1248 5.4669 11.1100
1.1248 5.3669 6.7000
1.1248 5.6969 11.0800
1.1248 5.6069 6.8600
1.1248 5.8069 6.9500
1.1248 6.0469 7.0900
1.1248 6.2569 7.2400
1.1148 6.5069 7.3900
1.1148 6.7169 7.5600
1.1148 6.9569 7.8000
1.1148 7.1669 7.8400
1.1148 7.3869 7.8100
1.1048 7.6169 7.6200
1.1048 7.8469 7.4700
1.1048 8.0769 7.3000
1.1048 8.3169 7.1700
1.1048 8.5369 7.0500
1.0948 8.7569 6.8800
1.0948 8.9769 6.7600
1.0948 9.1869 6.6300
1.0948 9.4169 6.5200
1.0948 9.6369 6.3600
1.0948 9.8569 6.2200
1.0848 10.0969 6.0600
1.0848 10.3169 5.9400
1.0848 10.5369 5.8100
1.0848 10.7469 5.6600
1.0848 10.9769 5.5400
1.0748 11.1969 5.3700
1.0748 11.4169 5.2200
1.0748 11.6269 5.1000
1.0748 11.8569 4.9500
1.0748 12.1069 4.8100
1.0648 12.3269 4.6700
1.4048 -4.9431 2.3900
1.3948 -4.7331 2.4400
1.3948 -4.4631 2.4600
1.3948 -4.2531 2.5000
1.3948 -4.0331 2.5100
1.3948 -3.8131 2.5400
1.3848 -3.5631 2.6100
1.3848 -3.3231 2.6100
1.3848 -3.1031 2.6300
1.3848 -2.8831 2.6900
1.3848 -2.6331 2.7000
1.3748 -2.1431 3.6700
1.3748 -1.9231 3.6900
1.3748 -1.7231 3.6800
1.3748 -1.4631 3.6200
1.3648 -1.2531 3.5100
1.3648 -1.0331 3.5500
1.3648 -0.7831 3.5500
1.3648 -0.5531 3.5900
1.3648 -0.3331 3.5700
1.3648 -0.1231 3.5800
1.3548 0.1169 3.5600
1.3548 0.3669 3.6000
1.3548 0.5969 3.5900
1.3548 0.8069 3.7400
1.3548 1.0669 3.9400
1.3448 1.3169 4.0700
1.3448 1.5269 4.1700
1.3448 1.7369 4.3100
1.3448 1.9669 4.4400
1.3448 2.1969 4.6100
1.3348 2.4169 4.7300
1.3348 2.6469 4.8800
1.3348 2.8569 5.0100
1.3348 3.0869 5.1500
1.3348 3.3169 5.3000
1.3248 3.5269 5.4300
1.3248 3.7569 5.5700
1.3248 4.0069 5.7200
1.3248 4.2269 5.8800
1.3248 4.4369 6.0000
1.3248 4.6469 6.1800
1.3148 4.8869 6.2800
1.3148 5.1069 6.4200
1.3148 5.4469 11.0200
1.3148 5.3469 6.5800
1.3148 5.5569 6.7300
1.3148 5.7869 6.8500
1.3048 6.0269 6.9900
1.3048 6.2669 7.1400
1.3048 6.4969 7.3000
1.3048 6.7369 7.6200
1.3048 6.9569 8.1000
1.2948 7.1969 7.8400
1.2948 7.4169 7.8600
1.2948 7.6169 7.7500
1.2948 7.8469 7.5900
1.2948 8.0769 7.4300
1.2848 8.2969 7.3000
1.2848 8.5269 7.1300
1.2848 8.7469 7.0200
1.2848 8.9769 6.8700
1.2848 9.1869 6.7200
1.2848 9.3769 6.6100
1.2748 9.6269 6.4600
1.2748 9.8569 6.3300
1.2748 10.0669 6.1800
1.2748 10.2769 6.0300
1.2748 10.5269 5.9100
1.2648 10.7469 5.7600
1.2648 10.9769 5.6000
1.2648 11.1969 5.4400
1.2648 11.4369 5.2800
1.2648 11.6569 5.1600
1.2548 11.8869 5.0300
1.2548 12.1169 4.8800
1.2548 12.3069 4.7400
1.6548 -4.9831 2.4300
1.6548 -4.7531 2.4200
1.6448 -4.5031 2.4800
1.6448 -4.2731 2.5300
1.6448 -4.0531 2.5500
1.6448 -3.8231 2.5800
1.6448 -3.5931 2.6200
1.6348 -3.3731 2.6300
1.6348 -3.1431 2.6800
1.6348 -2.9231 2.6800
1.6348 -2.6831 2.6700
1.6348 -2.4131 3.7000
1.6248 -2.2131 3.6900
1.6248 -1.9931 3.6700
1.6248 -1.7531 3.6400
1.6248 -1.5131 3.5100
1.6248 -1.3031 3.5300
1.6148 -1.0531 3.5300
1.6148 -0.8131 3.5700
1.6148 -0.5631 3.5700
1.6148 -0.3431 3.5800
1.6148 -0.1231 3.5500
1.6148 0.0969 3.5500
1.6048 0.3069 3.5500
1.6048 0.5169 3.5700
1.6048 0.7369 3.6000
1.6048 0.9669 3.6700
1.6048 1.2069 3.8900
1.5948 1.4269 4.0000
1.5948 1.6369 4.1300
1.5948 1.8369 4.2600
1.5948 2.0969 4.4100
1.5948 2.3369 4.5400
1.5848 2.5469 4.6600
1.5848 2.7769 4.8000
1.5848 2.9969 4.9500
1.5848 3.2469 5.1200
1.5848 3.4569 5.2600
1.5848 3.6869 5.3800
1.5748 3.9369 6.6000
1.5748 3.9169 5.5400
1.5748 4.1369 5.7000
1.5748 4.3669 5.8300
1.5748 4.5969 6.1100
1.5748 4.8469 6.1900
1.5648 5.1369 8.4300
1.5648 5.0869 6.3400
1.5648 5.2969 6.4700
1.5648 5.5369 6.5500
1.5648 5.7469 6.7000
1.5648 5.9869 6.8200
1.5548 6.1969 6.9700
1.5548 6.4269 7.0900
1.5548 6.6869 8.1500
1.5548 6.9169 8.1900
1.5548 7.1569 8.0000
1.5448 7.3469 7.7100
1.5448 7.5769 7.8200
1.5448 7.7969 7.7700
1.5448 8.0169 7.6400
1.5448 8.2469 7.4400
1.5448 8.4369 7.3500
1.5348 8.6869 7.1800
1.5348 8.9369 7.0500
1.5348 9.1469 6.8900
1.5348 9.3569 6.7600
1.5348 9.6069 6.6400
1.5248 9.8369 6.4800
1.5248 10.0469 6.3500
1.5248 10.2669 6.2000
1.5248 10.5069 6.0600
1.5248 10.7369 5.9100
1.5148 10.9369 5.7800
1.5148 11.1669 5.6200
1.5148 11.3969 5.4600
1.5148 11.6269 5.3200
1.5148 11.8569 5.2000
1.5048 12.0569 5.0600
1.5048 12.2969 4.8800
1.5048 12.5169 4.7800
1.9148 -4.9031 2.4400
1.9148 -4.6931 2.4800
1.9148 -4.4531 2.5300
1.9048 -4.2231 2.5300
1.9048 -4.0031 2.5800
1.9048 -3.7631 2.6200
1.9048 -3.5531 2.6500
1.8948 -3.3131 2.6800
1.8948 -3.0731 2.7100
1.8948 -2.5731 3.6800
1.8948 -2.3331 3.6900
1.8848 -2.0931 3.6400
1.8848 -1.9131 3.5300
1.8848 -1.6831 3.5000
1.8848 -1.4631 3.5200
1.8848 -1.2531 3.5200
1.8848 -1.0431 3.5500
1.8748 -0.7931 3.5400
1.8748 -0.5731 3.5600
1.8748 -0.3531 3.5500
1.8748 -0.1531 3.5800
1.8748 0.0769 3.5700
1.8748 0.3069 3.5700
1.8648 0.5569 3.5800
1.8648 0.7669 3.6100
1.8648 0.9869 3.6800
1.8648 1.2069 3.7200
1.8648 1.4469 3.8600
1.8548 1.6769 4.0200
1.8548 1.9069 4.1800
1.8548 2.1169 4.2800
1.8548 2.3469 4.4200
1.8548 2.5869 4.5800
1.8448 2.8269 4.7300
1.8448 3.0369 4.8900
1.8448 3.2869 5.0200
1.8448 3.5169 5.1500
1.8448 3.7569 5.3100
1.8348 4.0069 6.6200
1.8348 3.9769 5.4200
1.8348 4.1869 5.5900
1.8348 4.4069 5.7200
1.8348 4.6769 6.8800
1.8348 4.6569 5.9300
1.8348 4.9369 8.2500
1.8348 4.8869 6.0000
1.8248 5.2269 10.7000
1.8348 5.1669 8.2400
1.8348 5.1269 6.1700
1.8248 5.3469 6.2900
1.8248 5.5669 6.4400
1.8248 5.8069 6.6200
1.8248 6.0269 6.7300
1.8248 6.2369 6.8400
1.8148 6.4769 6.9500
1.8148 6.7269 8.0800
1.8148 6.7069 7.0500
1.8148 6.9369 8.0100
1.8148 6.9269 7.3200
1.8148 7.1669 7.4200
1.8148 7.3969 7.5600
1.8048 7.6169 7.7400
1.8048 7.8569 7.8500
1.8048 8.0969 7.7100
1.8048 8.3169 7.5800
1.8048 8.5469 7.4000
1.7948 8.7569 7.2700
1.7948 8.9869 7.1200
1.7948 9.2069 7.0100
1.7948 9.4369 6.8100
1.7948 9.6669 6.7000
1.7848 9.8869 6.5600
1.7848 10.1169 6.4400
1.7848 10.3169 6.3000
1.7848 10.5569 6.1300
1.7848 10.7669 6.0200
1.7848 11.0069 5.8800
1.7748 11.2469 5.7000
1.7748 11.4569 5.5700
1.7748 11.6969 5.4500
1.7748 11.9369 5.2700
1.7748 12.1569 5.1500
1.7648 12.3869 5.0000
2.1548 -4.9231 2.5000
2.1448 -4.7131 2.5500
2.1448 -4.4531 2.5700
2.1448 -4.2031 2.6000
2.1448 -3.9831 2.6100
2.1448 -3.7431 2.6100
2.1348 -3.5231 2.6700
2.1348 -3.3031 2.7100
2.1348 -2.6331 3.5200
2.1248 -2.3931 3.5300
2.1248 -2.1831 3.5000
2.1248 -1.9631 3.4600
2.1248 -1.7531 3.5100
2.1248 -1.5331 3.5300
2.1148 -1.2931 3.4900
2.1148 -1.0631 3.5300
2.1148 -0.8331 3.5200
2.1148 -0.6331 3.5500
2.1148 -0.4131 3.5700
2.1148 -0.1731 3.5800
2.1048 0.0269 3.5700
2.1048 0.2669 3.5600
2.1048 0.4969 3.5800
2.1048 0.7169 3.6900
2.1048 0.9369 3.7100
2.0948 1.1769 3.6900
2.0948 1.4269 3.5200
2.0948 1.6769 3.9300
2.0948 1.8669 4.0500
2.0948 2.1169 4.1900
2.0848 2.3469 4.2900
2.0848 2.5669 4.4500
2.0848 2.7869 4.5700
2.0848 3.0169 4.7100
2.0848 3.2569 4.8600
2.0848 3.5069 5.0000
2.0748 3.7169 5.1600
2.0748 3.9369 5.2800
2.0748 4.1769 5.4400
2.0748 4.3869 5.5800
2.0748 4.6369 6.8900
2.0748 4.6169 5.6900
2.0648 4.8369 5.8500
2.0648 5.0669 5.9700
2.0648 5.4169 10.6900
2.0648 5.3169 6.1300
2.0648 5.5569 6.2800
2.0648 5.7469 6.4400
2.0648 5.9969 6.5700
2.0548 6.2469 6.7300
2.0548 6.5669 11.0200
2.0548 6.4769 6.8500
2.0548 6.7569 10.9100
2.0548 6.6769 6.9800
2.0548 7.0069 10.9700
2.0548 6.9369 7.1700
2.0548 7.1769 7.3000
2.0448 7.3969 7.3900
2.0448 7.5969 7.5800
2.0448 7.8369 7.7500
2.0448 8.0869 7.8400
2.0448 8.2969 7.7200
2.0348 8.5269 7.5800
2.0348 8.7469 7.4100
2.0348 8.9669 7.2800
2.0348 9.1969 7.1400
2.0348 9.4269 7.0000
2.0248 9.6469 6.8700
2.0248 9.8869 6.7100
2.0248 10.1169 6.5500
2.0248 10.3569 6.4300
2.0248 10.5669 6.2600
2.0148 10.7869 6.1400
2.0148 11.0069 5.9900
2.0148 11.2269 5.8600
2.0148 11.4369 5.7200
2.0148 11.6369 5.5800
2.0148 11.8869 5.4600
2.0048 12.1069 5.3400
2.0048 12.3169 5.2200
2.0048 12.5169 5.0700
2.4048 -4.9731 2.5300
2.3948 -4.7331 2.5500
2.3948 -4.5131 2.6000
2.3948 -4.3031 2.6100
2.3948 -4.1131 2.6500
2.3948 -3.8531 2.6700
2.3948 -3.6231 2.6000
2.3848 -2.4831 3.2800
2.3748 -2.2731 3.3600
2.3748 -2.0631 3.4500
2.3748 -1.8331 3.4900
2.3748 -1.5931 3.5100
2.3748 -1.3931 3.5100
2.3748 -1.1531 3.5300
2.3648 -0.9331 3.5200
2.3648 -0.7031 3.5400
2.3648 -0.4731 3.5800
2.3648 -0.2531 3.5700
2.3648 -0.0231 3.5400
2.3548 0.2369 3.6100
2.3548 0.4469 3.7000
2.3548 0.6769 3.7000
2.3548 0.8969 3.6600
2.3548 1.1269 3.3400
2.3448 1.3269 3.2900
2.3448 1.5469 3.3500
2.3448 1.8069 3.8900
2.3448 2.0569 3.9900
2.3448 2.2769 4.1400
2.3448 2.4869 4.2700
2.3348 2.7269 4.4100
2.3348 2.9469 4.5500
2.3348 3.1769 4.6800
2.3348 3.4069 4.8200
2.3348 3.6269 4.9600
2.3248 3.8769 5.1200
2.3248 4.1069 5.2400
2.3248 4.3269 5.3900
2.3248 4.5469 5.5600
2.3248 4.8069 5.6600
2.3148 5.0469 5.8100
2.3148 5.3569 10.8500
2.3148 5.2569 5.9700
2.3148 5.5769 10.8300
2.3148 5.4769 6.1400
2.3148 5.8369 10.9600
2.3148 5.7369 6.2600
2.3148 6.0469 10.9300
2.3148 5.9569 6.3700
2.3048 6.2569 10.9000
2.3048 6.1669 6.5400
2.3048 6.4769 10.9900
2.3048 6.3869 6.6700
2.3048 6.6369 6.8100
2.3048 6.8669 6.9500
2.3048 7.0969 7.1100
2.2948 7.2969 7.2400
2.2948 7.5569 7.3700
2.2948 7.7769 7.5300
2.2948 8.0169 7.7100
2.2948 8.2269 7.8300
2.2848 8.4769 7.7300
2.2848 8.7169 7.6000
2.2848 8.9569 7.4100
2.2848 9.1769 7.2600
2.2848 9.3869 7.1600
2.2848 9.6069 7.0100
2.2748 9.8269 6.8700
2.2748 10.0269 6.7400
2.2748 10.2369 6.6000
2.2748 10.4569 6.4400
2.2748 10.6969 6.3300
2.2748 10.8969 6.1900
2.2648 11.1169 6.0800
2.2648 11.3069 5.9100
2.2648 11.5669 5.7800
2.2648 11.7969 5.6700
2.2648 11.9969 5.5400
2.2548 12.2169 5.4300
2.2548 12.4369 5.3000
2.6748 -4.9731 2.5600
2.6648 -4.7631 2.5800
2.6648 -4.5031 2.6400
2.6648 -4.2731 2.6600
2.6648 -4.0631 2.6500
2.6648 -3.8331 2.7500
2.6448 -2.0231 3.4200
2.6448 -1.7631 3.4800
2.6448 -1.5331 3.4900
2.6448 -1.3231 3.5200
2.6348 -1.0831 3.5100
2.6348 -0.8531 3.5300
2.6348 -0.6431 3.5400
2.6348 -0.4331 3.5500
2.6348 -0.2131 3.5900
2.6248 0.0369 3.6700
2.6248 0.2869 3.6900
2.6248 0.4969 3.7000
2.6248 0.6969 3.4800
2.6248 0.9369 3.2600
2.6148 1.1669 3.2600
2.6148 1.3769 3.3000
2.6148 1.6069 3.2900
2.6148 1.8269 3.3000
2.6148 2.0769 3.9200
2.6048 2.3069 4.0100
2.6048 2.5169 4.1500
2.6048 2.7669 4.3000
2.6048 3.0169 4.4400
2.6048 3.2569 4.5800
2.6048 3.4669 4.7200
2.5948 3.7069 4.8600
2.5948 3.9469 4.9900
2.5948 4.1769 5.1200
2.5948 4.5069 10.8400
2.5948 4.3869 5.2500
2.5848 4.7369 10.8600
2.5948 4.6169 5.4200
2.5848 4.9869 10.8600
2.5848 4.8669 5.5700
2.5848 5.1969 10.8400
2.5848 5.0869 5.6800
2.5848 5.4269 10.8900
2.5848 5.3169 5.8400
2.5848 5.6369 10.9300
2.5848 5.5369 5.9500
2.5848 5.7869 6.1300
2.5748 6.0069 6.2500
2.5748 6.2269 6.3900
2.5748 6.4669 6.5600
2.5748 6.7169 6.7100
2.5748 6.9569 6.8300
2.5648 7.1869 6.9900
2.5648 7.4169 7.1400
2.5648 7.6469 7.2800
2.5648 7.8669 7.4200
2.5648 8.0869 7.6100
2.5648 8.2869 7.7400
2.5548 8.5069 7.8200
2.5548 8.7469 7.7300
2.5548 8.9669 7.5700
2.5548 9.1669 7.4500
2.5548 9.3769 7.3000
2.5448 9.5969 7.1800
2.5448 9.8369 7.0300
2.5448 10.0469 6.8800
2.5448 10.2669 6.7400
2.5448 10.4869 6.6000
2.5348 10.7069 6.4600
2.5348 10.9369 6.3400
2.5348 11.1369 6.2100
2.5348 11.3769 6.0900
2.5348 11.5969 5.9500
2.5348 11.8069 5.8100
2.5248 12.0269 5.7300
2.5248 12.2569 5.5400
2.5248 12.5169 5.4500
2.8748 -4.9831 2.5500
2.8648 -4.7731 2.6300
2.8648 -4.5431 2.6600
2.8648 -4.3031 2.6300
2.8648 -4.0831 2.6800
2.8448 -2.0131 3.3700
2.8448 -1.8131 3.4600
2.8448 -1.5731 3.4500
2.8448 -1.3231 3.5000
2.8348 -1.0931 3.4900
2.8348 -0.8731 3.5500
2.8348 -0.6531 3.5500
2.8348 -0.4131 3.5200
2.8348 -0.1931 3.6300
2.8248 0.0269 3.6900
2.8248 0.2469 3.6700
2.8248 0.4569 3.3600
2.8248 0.6969 3.2400
2.8248 0.9069 3.2200
2.8148 1.1369 3.2400
2.8148 1.3769 3.2300
2.8148 1.6169 3.2700
2.8148 1.8569 3.3100
2.8148 2.0469 3.4000
2.8148 2.3169 3.9000
2.8048 2.5669 4.0500
2.8048 2.7569 4.2000
2.8048 2.9969 4.3300
2.8048 3.2369 4.4800
2.7948 3.4769 4.6200
2.7948 3.6869 4.7500
2.7948 3.9269 4.8800
2.7948 4.2769 10.8400
2.7948 4.1469 5.0700
2.7948 4.5169 10.8400
2.7948 4.3869 5.1700
2.7948 4.7269 10.7900
2.7948 4.6069 5.3200
2.7848 4.9569 10.8200
2.7848 4.8369 5.4700
2.7848 5.0769 5.6200
2.7848 5.3169 5.7500
2.7848 5.5669 5.9100
2.7848 5.7969 6.0500
2.7748 6.0369 6.2000
2.7748 6.2469 6.3200
2.7748 6.4769 6.4700
2.7748 6.6969 6.6000
2.7748 6.8969 6.7300
2.7648 7.1269 6.8600
2.7648 7.3669 7.0200
2.7648 7.5869 7.1700
2.7648 7.7869 7.2800
2.7648 8.0169 7.4300
2.7648 8.2469 7.5800
2.7548 8.4869 7.7500
2.7548 8.6969 7.8200
2.7548 8.9269 7.7200
2.7548 9.1369 7.5500
2.7548 9.3469 7.4100
2.7448 9.5869 7.2500
2.7448 9.7969 7.1100
2.7448 10.0369 6.9600
2.7448 10.2469 6.8300
2.7448 10.4669 6.7000
2.7348 10.6769 6.6000
2.7348 10.9269 6.4500
2.7348 11.1469 6.3100
2.7348 11.3869 6.1800
2.7348 11.5969 6.0600
2.7348 11.8369 5.9000
2.7248 12.0569 5.7500
3.0048 -5.0231 2.5900
3.0048 -4.7931 2.6300
3.0048 -4.5731 2.6700
3.0048 -4.3331 2.6100
2.9748 -1.8431 3.4300
2.9748 -1.6231 3.4800
2.9748 -1.3831 3.4700
2.9748 -1.1631 3.4900
2.9748 -0.9431 3.5400
2.9748 -0.7031 3.5100
2.9648 -0.4831 3.6000
2.9648 -0.2331 3.6500
2.9648 0.0069 3.6900
2.9648 0.2169 3.5100
2.9648 0.4269 3.2600
2.9548 0.6769 3.2100
2.9548 0.9069 3.2500
2.9548 1.1169 3.2700
2.9548 1.3369 3.2700
2.9548 1.5769 3.2500
2.9448 1.8069 3.3100
2.9448 2.0269 3.3000
2.9448 2.2669 3.7100
2.9448 2.5069 3.9600
2.9448 2.7469 4.1000
2.9348 2.9469 4.2300
2.9348 3.1869 4.3800
2.9348 3.4369 4.5300
2.9348 3.6769 4.6800
2.9348 3.9069 4.8100
2.9248 4.2769 10.8100
2.9248 4.1469 4.9600
2.9248 4.5269 10.7300
2.9248 4.3969 5.0900
2.9248 4.7369 10.8300
2.9248 4.6169 5.2500
2.9248 4.8369 5.4100
2.9248 5.0469 5.5200
2.9248 5.2669 5.6200
2.9148 5.4869 5.7600
2.9148 5.7269 5.9200
2.9148 5.9269 6.0600
2.9148 6.1669 6.1900
2.9148 6.3869 6.3300
2.9048 6.5969 6.4700
2.9048 6.8369 6.6300
2.9048 7.0669 6.7500
2.9048 7.2969 6.8700
2.9048 7.5069 7.0500
2.8948 7.7369 7.1900
2.8948 7.9769 7.3100
2.8948 8.1969 7.4400
2.8948 8.4369 7.6400
2.8948 8.6669 7.7800
2.8848 8.8469 7.8100
2.8848 9.0969 7.7000
2.8848 9.3269 7.5000
2.8848 9.5669 7.3700
2.8848 9.7869 7.2000
2.8848 10.0069 7.0600
2.8748 10.2369 6.9100
2.8748 10.4569 6.8000
2.8748 10.6669 6.6900
2.8748 10.8769 6.5700
2.8748 11.1169 6.4400
2.8648 11.3469 6.2700
2.8648 11.5569 6.1500
2.8648 11.7869 6.0300
2.8648 12.0069 5.9300
3.1748 -5.0831 2.6200
3.1748 -4.8731 2.6400
3.1748 -4.6031 2.5600
3.1448 -1.6331 3.4500
3.1448 -1.4031 3.4800
3.1448 -1.1931 3.4900
3.1448 -0.9431 3.5100
3.1348 -0.7031 3.5900
3.1348 -0.4831 3.6700
3.1348 -0.2831 3.6800
3.1348 -0.0431 3.6900
3.1348 0.1869 3.2300
3.1348 0.3969 3.2200
3.1248 0.6269 3.2300
3.1248 0.8469 3.2600
3.1248 1.0869 3.2400
3.1248 1.3069 3.2400
3.1248 1.5369 3.2600
3.1148 1.7669 3.2900
3.1148 2.0069 3.2800
3.1148 2.2569 3.3300
3.1148 2.4969 3.8800
3.1148 2.7269 4.0200
3.1048 2.9469 4.1300
3.1048 3.1669 4.2900
3.1048 3.3869 4.3900
3.1048 3.5969 4.5700
3.1048 3.8069 4.7100
3.0948 4.0669 4.8200
3.0948 4.2869 4.9400
3.0948 4.6169 10.8100
3.0948 4.4969 5.0800
3.0948 4.7069 5.2500
3.0948 4.9469 5.3300
3.0948 5.1869 5.4900
3.0848 5.4169 5.6600
3.0848 5.6069 5.7800
3.0848 5.8569 5.9200
3.0848 6.0769 6.0600
3.0848 6.3069 6.2000
3.0748 6.5169 6.3400
3.0748 6.7569 6.5000
3.0748 6.9869 6.6000
3.0748 7.2069 6.7500
3.0748 7.4269 6.8900
3.0648 7.6769 7.0600
3.0648 7.9169 7.1700
3.0648 8.1569 7.3300
3.0648 8.3669 7.4700
3.0648 8.6169 7.6500
3.0648 8.8369 7.8000
3.0548 9.0569 7.8200
3.0548 9.2569 7.6800
3.0548 9.4669 7.5200
3.0548 9.7269 7.3500
3.0548 9.9569 7.2000
3.0448 10.1769 7.0500
3.0448 10.3769 6.9100
3.0448 10.6169 6.7900
3.0448 10.8369 6.7000
3.0448 11.0369 6.5700
3.0448 11.2669 6.4400
3.0348 11.4869 6.3100
3.0348 11.7269 6.1600
3.4348 -4.9531 2.6200
3.4248 -4.7431 2.4500
3.4048 -1.5631 1.4700
3.3948 -1.2731 3.4500
3.3948 -1.0731 3.4700
3.3948 -0.8231 3.6100
3.3948 -0.5931 3.6800
3.3948 -0.3631 3.7100
3.3948 -0.1531 3.7200
3.3948 -0.2031 1.7800
3.3848 0.0269 1.7800
3.3848 0.3069 3.1600
3.3848 0.5369 3.2000
3.3848 0.7569 3.2400
3.3848 1.0069 3.2000
3.3748 1.2669 3.2700
3.3748 1.4669 3.2300
3.3748 1.6769 3.2200
3.3748 1.9069 3.2700
3.3748 2.1269 3.2600
3.3648 2.3369 3.2800
3.3648 2.5669 3.3900
3.3648 2.7969 3.9500
3.3648 3.0269 4.0400
3.3648 3.2569 4.1800
3.3648 3.4569 4.3300
3.3548 3.6969 4.4700
3.3548 3.9469 4.6300
3.3548 4.1669 4.7400
3.3548 4.3769 4.8900
3.3548 4.5869 4.9800
3.3448 4.8369 5.1600
3.3448 5.0569 5.2900
3.3448 5.2969 5.4400
3.3448 5.5069 5.5800
3.3448 5.7269 5.7000
3.3348 5.9769 5.8500
3.3348 6.2069 5.9800
3.3348 6.4369 6.1100
3.3348 6.6769 6.2800
3.3348 6.9069 6.4200
3.3248 7.1469 6.5400
3.3248 7.3469 6.6900
3.3248 7.5669 6.8200
3.3248 7.7869 6.9600
3.3248 8.0369 7.1200
3.3248 8.2669 7.2600
3.3148 8.4969 7.4000
3.3148 8.7269 7.5700
3.3148 8.9469 7.7600
3.3148 9.1769 7.7900
3.3148 9.3769 7.6700
3.3148 9.5969 7.5500
3.3048 9.8469 7.4400
3.3048 10.0569 7.3200
3.3048 10.2769 7.2000
3.3048 10.5069 7.0400
3.3048 10.7269 6.9200
3.2948 10.9669 6.7700
3.2948 11.1769 6.6400
3.2948 11.4269 6.4600
3.6748 -4.9831 2.4000
3.6448 -1.2931 3.4300
3.6448 -1.0531 3.6300
3.6348 -0.8231 3.6900
3.6348 -0.5931 3.7100
3.6348 -0.3431 3.6700
3.6348 -0.3931 1.7700
3.6348 -0.1731 1.7600
3.6248 0.5069 3.1500
3.6248 0.7269 3.2100
3.6248 0.9669 3.2300
3.6248 1.1569 3.2200
3.6148 1.3969 3.2400
3.6148 1.6069 3.2100
3.6148 1.8369 3.2700
3.6148 2.0469 3.2900
3.6148 2.2969 3.2300
3.6148 2.5269 3.3200
3.6048 2.7369 3.3600
3.6048 2.9469 3.8800
3.6048 3.1969 4.0600
3.6048 3.4169 4.1900
3.6048 3.6669 4.3500
3.5948 3.8769 4.4800
3.5948 4.0869 4.5900
3.5948 4.3369 4.7200
3.5948 4.5769 4.8700
3.5948 4.8169 5.0200
3.5848 5.0569 5.1800
3.5848 5.2769 5.3000
3.5848 5.5069 5.4400
3.5848 5.7269 5.5700
3.5848 5.9569 5.7000
3.5748 6.1669 5.8500
3.5748 6.4069 5.9800
3.5748 6.6469 6.1400
3.5748 6.8869 6.2900
3.5748 7.0969 6.4200
3.5648 7.3269 6.5600
3.5648 7.5469 6.7100
3.5648 7.7769 6.8500
3.5648 7.9869 6.9800
3.5648 8.2269 7.1300
3.5648 8.4569 7.2800
3.5548 8.6869 7.4400
3.5548 8.9169 7.6300
3.5548 9.1469 7.6500
3.5548 9.3769 7.4700
3.5548 9.6069 7.3800
3.5448 9.8369 7.2700
3.5448 10.0469 7.1400
3.5448 10.2869 7.0800
3.5448 10.5169 6.9900
3.5448 10.7269 6.9100
3.5348 10.9469 6.8500
3.5348 11.1769 6.7400
3.8048 -0.9931 3.6100
3.8048 -0.7731 3.6900
3.8048 -0.5431 3.6900
3.8048 -0.6031 1.7800
3.8048 -0.3731 1.7900
3.7948 0.5669 3.1900
3.7948 0.7869 3.1900
3.7948 0.9869 3.2300
3.7948 1.2069 3.2300
3.7848 1.4569 3.2500
3.7848 1.6669 3.2700
3.7848 1.8969 3.2300
3.7848 2.0969 3.2500
3.7848 2.3369 3.2200
3.7748 2.5669 3.2700
3.7748 2.7969 3.3200
3.7748 3.0569 3.7700
3.7748 3.2869 3.9900
3.7748 3.5269 4.1500
3.7648 3.7669 4.3100
3.7648 3.9769 4.4300
3.7648 4.1869 4.5400
3.7648 4.4069 4.7000
3.7648 4.6469 4.8300
3.7648 4.8869 4.9800
3.7548 5.1169 5.1200
3.7548 5.3469 5.2500
3.7548 5.5669 5.3600
3.7548 5.8069 5.5100
3.7548 6.0169 5.6400
3.7448 6.2369 5.8000
3.7448 6.4769 5.9200
3.7448 6.6969 6.0800
3.7448 6.9169 6.2300
3.7448 7.1669 6.3700
3.7448 7.4069 6.4800
3.7348 7.6269 6.6600
3.7348 7.8569 6.7800
3.7348 8.0969 6.9700
3.7348 8.3269 7.1100
3.7248 8.5569 7.2500
3.7248 8.7869 7.4000
3.7248 9.0169 7.6200
3.7248 9.2269 7.4900
3.7248 9.4669 7.3600
3.7248 9.6969 7.2500
3.7148 9.8969 7.1400
3.7148 10.1469 7.0200
3.7148 10.3669 6.9400
3.7148 10.5769 6.8700
3.7148 10.8069 6.8100
3.7048 11.0369 6.8100
3.9648 0.7169 3.1700
3.9648 0.9569 3.2100
3.9648 1.2069 3.2400
3.9548 1.4469 3.2300
3.9548 1.6769 3.2700
3.9548 1.8869 3.2700
3.9548 2.1369 3.2800
3.9548 2.3469 3.2500
3.9548 2.5469 3.2600
3.9448 2.7769 3.3500
3.9448 3.0169 3.3700
3.9448 3.2669 3.9100
3.9448 3.4869 4.0400
3.9448 3.6969 4.2100
3.9348 3.9469 4.3300
3.9348 4.1869 4.4500
3.9348 4.3869 4.6000
3.9348 4.6169 4.7300
3.9348 4.8669 4.8900
3.9248 5.0869 4.9900
3.9248 5.3169 5.1200
3.9248 5.5469 5.2700
3.9248 5.7769 5.4200
3.9248 6.0169 5.5600
3.9148 6.2569 5.7000
3.9148 6.4669 5.8400
3.9148 6.7069 5.9600
3.9148 6.9469 6.1900
3.9148 6.9069 3.8500
3.9148 7.1869 6.2900
3.9148 7.3969 6.4200
3.9048 7.5969 6.5400
3.9048 7.8669 6.6900
3.9048 8.1069 6.8600
3.9048 8.3069 7.0000
3.9048 8.5369 7.1400
3.8948 8.7669 7.2700
3.8948 9.0069 7.4400
3.8948 9.2169 7.3800
3.8948 9.4269 7.2600
3.8948 9.6869 7.1400
3.8848 9.9169 7.0500
3.8848 10.1469 6.9500
3.8848 10.3769 6.8500
3.8848 10.6169 6.8000
3.8848 10.8269 6.7500
4.2048 0.8569 3.1000
4.2048 1.0969 3.2200
4.2048 1.3269 3.2300
4.1948 1.5569 3.2300
4.1948 1.7869 3.2300
4.1948 2.0269 3.2500
4.1948 2.2569 3.2800
4.1948 2.4569 3.2800
4.1948 2.6769 3.3500
4.1848 2.9169 3.4400
4.1848 3.1369 3.3800
4.1848 3.3769 3.8200
4.1848 3.5869 3.9700
4.1848 3.8369 4.1300
4.1748 4.0869 4.2700
4.1748 4.2969 4.4100
4.1748 4.5269 4.5600
4.1748 4.7669 4.6900
4.1748 5.0169 4.8200
4.1648 5.2469 4.9600
4.1648 5.4669 5.1000
4.1648 5.7069 5.2400
4.1648 5.9269 5.3900
4.1648 6.1569 5.5100
4.1548 6.3669 5.6500
4.1548 6.6169 5.8000
4.1548 6.8469 5.9200
4.1548 7.0869 6.0800
4.1548 7.2969 6.1900
4.1548 7.5269 6.3700
4.1448 7.7569 6.5200
4.1448 8.0069 6.6700
4.1448 8.2269 6.8100
4.1448 8.4569 6.9600
4.1448 8.6869 7.1100
4.1348 8.9569 7.2900
4.1348 9.1769 7.3100
4.1348 9.3669 7.1700
4.1348 9.5969 7.0600
4.1348 9.8269 6.9900
4.1248 10.0369 6.8700
4.1248 10.2369 6.8300
4.1248 10.4669 6.7900
4.1248 10.6869 6.7900
4.4548 1.0469 3.2100
4.4548 1.2569 3.1900
4.4548 1.4869 3.2200
4.4448 1.7269 3.2200
4.4448 1.9269 3.2600
4.4448 2.1669 3.3000
4.4448 2.4169 3.3000
4.4448 2.6369 3.2700
4.4348 2.8669 3.3200
4.4348 3.0969 3.2900
4.4348 3.3269 3.3200
4.4348 3.5669 3.8200
4.4348 3.7969 3.9500
4.4248 4.0369 4.1300
4.4248 4.2669 4.2700
4.4248 4.4769 4.3900
4.4248 4.7169 4.5400
4.4248 4.9569 4.6800
4.4248 5.1669 4.8300
4.4148 5.4169 4.9300
4.4148 5.6369 5.0700
4.4148 5.8669 5.2400
4.4148 6.0869 5.3600
4.4148 6.3269 5.4900
4.4048 6.5669 5.6400
4.4048 6.7969 5.8000
4.4048 7.0369 5.9500
4.4048 7.2869 6.0800
4.4048 7.5269 6.2700
4.3948 7.7369 6.4100
4.3948 7.9469 6.5200
4.3948 8.1769 6.6600
4.3948 8.3969 6.7800
4.3948 8.6169 6.9400
4.3848 8.8469 7.0900
4.3848 9.0669 7.2200
4.3848 9.2769 7.0900
4.3848 9.4969 6.9800
4.3848 9.6869 6.9200
4.3848 9.9469 6.8400
4.3748 10.1769 6.8100
4.3748 10.4069 6.8200
4.6748 1.4269 3.2200
4.6648 1.6669 3.2400
4.6648 1.8769 3.2700
4.6648 2.1069 3.2600
4.6648 2.3469 3.2900
4.6648 2.5669 3.2800
4.6648 2.7869 3.2700
4.6548 3.0169 3.2500
4.6548 3.2569 3.2700
4.6548 3.4869 3.3100
4.6548 3.7169 3.4900
4.6548 3.9269 3.9400
4.6448 4.1769 4.0900
4.6448 4.3969 4.2100
4.6448 4.6369 4.3800
4.6448 4.8669 4.4800
4.6448 5.1069 4.6300
4.6348 5.3569 4.7900
4.6348 5.5869 4.9300
4.6348 5.8069 5.0700
4.6348 6.0469 5.1800
4.6348 6.2569 5.3400
4.6248 6.4869 5.4600
4.6248 6.6869 5.6200
4.6248 6.9169 5.7600
4.6248 7.1669 5.8900
4.6248 7.3769 6.0500
4.6248 7.6069 6.1700
4.6148 7.8069 6.2900
4.6148 8.0269 6.4200
4.6148 8.2669 6.5500
4.6148 8.5169 6.7300
4.6148 8.7269 6.8900
4.6048 8.9369 7.0400
4.6048 9.1669 7.0800
4.6048 9.3969 6.9300
4.6048 9.6069 6.8400
4.6048 9.8369 6.7900
4.5948 10.0569 6.7700
4.9548 -5.0231 3.3400
4.8948 1.5569 3.1900
4.8948 1.7769 3.2200
4.8948 1.9969 3.2800
4.8948 2.2569 3.2400
4.8948 2.4569 3.2400
4.8948 2.6869 3.2600
4.8848 2.9169 3.2500
4.8848 3.1569 3.2900
4.8848 3.3869 3.3000
4.8848 3.5969 3.3300
4.8848 3.8669 3.4900
4.8748 4.1169 3.8700
4.8748 4.3469 4.0700
4.8748 4.5569 4.2000
4.8748 4.7869 4.3300
4.8748 5.0069 4.4500
4.8648 5.2269 4.5700
4.8648 5.4369 4.7000
4.8648 5.6569 4.8600
4.8648 5.8969 4.9900
4.8648 6.1269 5.1200
4.8648 6.3369 5.2400
4.8548 6.5269 5.3700
4.8548 6.7969 5.5400
4.8548 7.0369 5.6900
4.8548 7.2469 5.8400
4.8548 7.4469 5.9700
4.8448 7.6869 6.1000
4.8448 7.9269 6.2300
4.8448 8.1469 6.3600
4.8448 8.3669 6.5500
4.8448 8.5969 6.6800
4.8448 8.8269 6.8100
4.8348 9.0669 6.9700
4.8348 9.2769 6.8700
4.8348 9.4969 6.7900
4.8348 9.7569 6.7600
5.2048 -4.9631 3.2600
5.2048 -4.7231 3.2000
5.1448 1.8669 3.2500
5.1448 2.1069 3.2400
5.1448 2.3569 3.2200
5.1448 2.5769 3.2500
5.1448 2.8269 3.2800
5.1448 3.0369 3.3200
5.1348 3.2569 3.3500
5.1348 3.4669 3.3800
5.1348 3.6869 3.4800
5.1348 3.9069 3.5100
5.1348 3.8369 0.6100
5.1348 4.1469 3.6000
5.1348 4.0769 0.5600
5.1248 4.3669 3.9600
5.1248 4.2869 0.5300
5.1248 4.5569 4.0700
5.1248 4.8069 4.2000
5.1248 5.0269 4.3300
5.1248 5.2569 4.4700
5.1148 5.4969 4.5900
5.1148 5.7069 4.7200
5.1148 5.9369 4.8600
5.1148 6.1569 5.0100
5.1148 6.3869 5.1500
5.1148 6.6069 5.2900
5.1048 6.8569 5.4500
5.1048 7.0769 5.5700
5.1048 7.2869 5.7100
5.1048 7.5169 5.8500
5.1048 7.7669 6.0000
5.0948 8.0169 6.1500
5.0948 8.2269 6.3100
5.0948 8.4569 6.4600
5.0948 8.7069 6.6100
5.0948 8.9269 6.7500
5.0948 9.1369 6.8700
5.0848 9.3369 6.8000
5.0848 9.5769 6.7900
5.4048 -4.8931 3.2200
5.4048 -4.6831 3.2000
5.3948 -4.4631 3.1100
5.3448 1.9369 3.2000
5.3448 2.1469 3.2300
5.3448 2.3869 3.2300
5.3448 2.5969 3.2700
5.3348 2.8269 3.2300
5.3348 3.0369 3.2600
5.3348 3.2469 3.4300
5.3348 3.4869 3.4900
5.3348 3.7369 3.5100
5.3348 3.6669 0.6100
5.3248 3.9469 3.4900
5.3348 3.8769 0.5600
5.3248 4.0869 0.4900
5.3248 4.3969 3.9500
5.3248 4.6269 4.0100
5.3248 4.8469 4.1400
5.3248 5.0869 4.3000
5.3148 5.2969 4.4000
5.3148 5.5269 4.5300
5.3148 5.7669 4.6700
5.3148 5.9869 4.8200
5.3148 6.2369 4.9800
5.3048 6.4769 5.1100
5.3048 6.7069 5.2400
5.3048 6.9369 5.3800
5.3048 7.1469 5.5200
5.3048 7.3669 5.6700
5.2948 7.5869 5.8000
5.2948 7.8169 5.9800
5.2948 8.0569 6.1300
5.2948 8.2969 6.2800
5.2948 8.5069 6.4000
5.2948 8.7169 6.5500
5.2848 8.9769 6.7300
5.2848 9.1969 6.8400
5.5548 -4.8631 3.1900
5.5448 -4.6331 3.1200
5.5448 -4.4031 3.0400
5.4948 2.1169 3.2700
5.4948 2.3669 3.2300
5.4848 2.6069 3.2500
5.4848 2.8169 3.2600
5.4848 3.0369 3.3600
5.4848 3.2769 3.5000
5.4848 3.4969 3.5100
5.4848 3.4569 1.6900
5.4848 3.7369 3.5100
5.4848 3.6669 0.5700
5.4748 3.8869 0.4900
5.4748 4.4069 3.8700
5.4748 4.6469 3.9800
5.4748 4.8769 4.0800
5.4648 5.1169 4.2200
5.4648 5.3469 4.3300
5.4648 5.5869 4.4800
5.4648 5.7969 4.6000
5.4648 5.9969 4.7400
5.4548 6.2369 4.8800
5.4548 6.4869 5.0400
5.4548 6.7069 5.1700
5.4548 6.9469 5.3200
5.4548 7.1669 5.4300
5.4548 7.3869 5.5800
5.4448 7.6069 5.7400
5.4448 7.8369 5.8700
5.4448 8.0469 6.0300
5.4448 8.2869 6.1600
5.4448 8.5169 6.3100
5.4348 8.7569 6.4700
5.4348 8.9869 6.6200
5.7448 -4.9731 3.1800
5.7448 -4.7431 3.0900
5.7348 -4.5031 3.0200
5.7348 -4.2631 3.0500
5.7348 -4.0831 1.6900
5.6848 2.2569 3.2100
5.6748 2.4669 3.2100
5.6748 2.6969 3.2800
5.6748 2.9269 3.4900
5.6748 3.1869 3.5000
5.6748 3.4169 3.4900
5.6748 3.3769 1.6600
5.6748 3.5769 1.6200
5.6648 4.5269 3.9600
5.6648 4.7369 3.9700
5.6548 5.0069 4.0500
5.6548 5.2469 4.1900
5.6548 5.4469 4.3400
5.6548 5.6769 4.4400
5.6548 5.9269 4.5900
5.6548 6.1369 4.7200
5.6448 6.3469 4.8600
5.6448 6.5869 4.9900
5.6448 6.8169 5.1300
5.6448 7.0569 5.2600
5.6448 7.2869 5.4300
5.6348 7.5069 5.5600
5.6348 7.7569 5.7100
5.6348 7.9869 5.8600
5.6348 8.2269 6.0400
5.6348 8.4369 6.1600
5.6248 8.6869 6.3100
5.6248 8.9169 6.3600
6.0048 -5.0231 3.0800
6.0048 -4.8331 3.0300
6.0048 -4.5631 2.9900
6.0048 -4.3231 3.0000
5.9948 -4.1031 2.8500
5.9448 2.4369 3.2500
5.9448 2.6569 3.4600
5.9448 2.8569 3.5000
5.9348 3.0969 3.4900
5.9348 3.3369 3.4700
5.9348 3.2769 1.0800
5.9348 3.5169 1.2000
5.9348 3.7369 1.1400
5.9348 3.9769 1.0200
5.9248 4.9169 3.9200
5.9248 5.1569 3.9900
5.9248 5.3669 4.1500
5.9148 5.5969 4.2700
5.9148 5.8469 4.4100
5.9148 6.0769 4.5400
5.9148 6.3069 4.6600
5.9148 6.5369 4.8000
5.9048 6.7769 4.9800
5.9048 7.0069 5.1100
5.9048 7.2469 5.2700
5.9048 7.4669 5.4200
5.9048 7.7069 5.5400
5.8948 7.9169 5.7000
5.8948 8.1569 5.8700
5.8948 8.3869 5.9900
5.8948 8.6069 6.1900
6.2448 -5.0531 3.0300
6.2448 -4.8431 2.9700
6.2448 -4.6231 2.9000
6.2448 -4.4131 2.9500
6.2448 -4.1931 2.8000
6.2448 -3.9831 2.8500
6.1848 2.5769 3.3600
6.1848 2.7969 3.4800
6.1848 3.0269 3.5000
6.1748 3.4269 1.0100
6.1748 3.6469 1.1300
6.1748 3.8769 1.0900
6.1648 5.0969 3.9500
6.1648 5.3269 4.0200
6.1648 5.5669 4.1400
6.1548 5.7769 4.2800
6.1548 6.0069 4.4000
6.1548 6.2269 4.5300
6.1548 6.4769 4.6800
6.1548 6.7169 4.8300
6.1548 6.9069 4.9500
6.1448 7.1669 5.1100
6.1448 7.3969 5.2600
6.1448 7.6269 5.4000
6.1448 7.8169 5.5500
6.1448 8.0769 5.6900
6.1348 8.3269 5.8800
6.3448 5.0769 3.9600
6.3448 5.3069 3.9500
6.3448 5.5469 4.0500
6.3348 5.7569 4.1400
6.3348 5.9869 4.2900
6.3348 6.2069 4.4300
6.3348 6.4569 4.5500
6.3348 6.6869 4.7300
6.3348 6.9269 4.8400
6.3248 7.1669 5.0300
6.3248 7.4169 5.2000
6.3248 7.6569 5.3400
6.3248 7.8569 5.4400
6.3248 8.0769 5.6300
6.4248 -4.9031 2.9100
6.4248 -4.7131 2.8700
6.4248 -4.4831 2.8800
6.4248 -4.2531 2.8400
6.4248 -4.0031 2.8200
6.4148 -3.8131 2.7800
6.4148 -3.5831 2.6700
6.6248 -5.0431 2.9700
6.6148 -4.8331 2.8700
6.6148 -4.5831 2.8200
6.6148 -4.3731 2.8100
6.6148 -4.1531 2.7200
6.6148 -3.9331 2.7500
6.6048 -3.7131 2.6700
6.6048 -3.4731 2.6300
6.5348 5.2169 3.9200
6.5348 5.4469 3.9300
6.5348 5.6869 4.0500
6.5248 5.9169 4.1800
6.5248 6.1669 4.3100
6.5248 6.3769 4.4200
6.5248 6.5969 4.5700
6.5248 6.8069 4.7100
6.5248 7.0469 4.8400
6.5148 7.2569 4.9800
6.5148 7.4869 5.1400
6.5148 7.7169 5.2800
6.8848 -4.9231 2.8300
6.8848 -4.6731 2.8200
6.8848 -4.4231 2.7100
6.8748 -4.2231 2.7200
6.8748 -4.0131 2.6300
6.8748 -3.7731 2.6100
6.8748 -3.5631 2.5600
6.8748 -3.3431 2.5400
6.7948 5.5469 3.8900
6.7948 5.7769 3.9800
6.7948 6.0169 4.0900
6.7948 6.2369 4.2100
6.7948 6.4469 4.3500
6.7948 6.6469 4.4800
6.7848 6.9069 4.6600
6.7848 7.1469 4.7700
6.7848 7.3569 4.9200
6.7848 7.5569 5.0300
7.1548 -4.9331 2.7300
7.1548 -4.7031 2.7600
7.1548 -4.4731 2.6900
7.1548 -4.2231 2.6400
7.1548 -4.0131 2.6100
7.1548 -3.8031 2.5700
7.1448 -3.5731 2.4900
7.1448 -3.3631 2.3600
7.1448 -3.1431 2.2900
7.0748 5.7469 3.9100
7.0748 5.9569 3.9700
7.0648 6.1769 4.0600
7.0648 6.4069 4.2000
7.0648 6.6369 4.3400
7.0648 6.8669 4.4800
7.0648 7.0969 4.6600
7.4048 -5.0831 2.7700
7.4048 -4.8631 2.7200
7.3948 -4.6431 2.6700
7.3948 -4.4131 2.6300
7.3948 -4.1831 2.5600
7.3948 -3.9431 2.5400
7.3948 -3.7431 2.4100
7.3948 -3.5131 2.3100
7.3848 -3.2631 2.4100
7.3148 6.0169 3.9300
7.3148 6.2669 4.0000
7.3048 6.5069 4.1400
7.3048 6.7069 4.2600
7.3048 6.9469 4.4600
7.6448 -4.8831 2.6400
7.6448 -4.6331 2.6100
7.6448 -4.4231 2.5600
7.6448 -4.1931 2.5600
7.6348 -3.9831 2.3900
7.6348 -3.7431 2.3200
7.5548 6.2269 3.9200
7.5548 6.4569 3.9900
7.9048 -4.8731 2.6300
7.9048 -4.6131 2.4500
7.9048 -4.3931 2.4500
7.8948 -4.1731 2.4000
7.8948 -3.9631 2.3000
8.1148 -4.8731 2.5600
8.1148 -4.6331 2.5000
8.1048 -4.4131 2.3100
8.1048 -4.4731 0.5300
8.1048 -4.1731 2.3100
8.2648 -4.9031 2.4700
8.2648 -4.6831 2.4700
8.2648 -4.4931 2.3400
8.2648 -4.5531 0.4100
8.2548 -4.2731 2.2800
8.2548 -4.3231 0.4500
8.4548 -5.0231 2.5000
8.4548 -4.8231 2.3900
8.4548 -4.6131 2.2600
8.7148 -4.9431 2.2900
9.9948 12.4069 7.1200
10.2348 12.0169 6.8000
10.2348 12.2369 6.9100
10.2348 12.4569 7.0300
10.4948 11.8769 6.5500
10.4948 12.0969 6.7100
10.4848 12.3369 6.7900
10.6948 11.5869 6.2100
10.6948 11.8269 6.3700
10.6948 12.0369 6.5200
10.6948 12.2669 6.6300
10.6948 12.4869 6.7400
10.8648 11.3569 5.9800
10.8648 11.5969 6.1300
10.8648 11.8169 6.3300
10.8648 12.0369 6.4200
10.8648 12.2669 6.5500
10.8548 12.5069 6.7600
11.0748 11.1469 5.7400
11.0748 11.3869 5.9000
11.0748 11.5869 6.0900
11.0748 11.8569 6.2400
11.0748 12.0869 6.3700
11.0648 12.2969 6.5400
11.3548 10.7569 5.3500
11.3548 11.0069 5.4800
11.3548 11.2269 5.6800
11.3548 11.4469 5.8100
11.3448 11.6669 5.9400
11.3448 11.9269 6.1400
11.3448 12.1569 6.2700
11.3448 12.3469 6.2900
11.5948 10.6069 5.1100
11.5948 10.8369 5.3100
11.5948 11.0569 5.3900
11.5948 11.3069 5.5800
11.5948 11.5469 5.7200
11.5848 11.7569 5.8500
11.5848 11.9869 6.0500
11.5848 12.2069 6.1800
11.5848 12.4469 6.3000
11.7748 10.2669 4.8000
11.7748 10.4969 4.9900
11.7748 10.7269 5.0900
11.7648 10.9369 5.2600
11.7648 11.1769 5.4000
11.7648 11.4269 5.5700
11.7648 11.6469 5.6800
11.7648 11.8869 5.8300
11.7548 12.1269 6.0000
11.7548 12.3669 6.1400
11.9648 10.2169 4.6700
11.9648 10.4469 4.8400
11.9648 10.6869 4.9800
11.9648 10.9369 5.1600
11.9648 11.1469 5.2300
11.9648 11.3569 5.4100
11.9548 11.5769 5.5000
11.9548 11.7969 5.7000
11.9548 12.0169 5.8700
11.9548 12.2569 5.9900
11.9548 12.4569 6.1200
12.2548 9.8269 4.3300
12.2548 10.0569 4.4200
12.2548 10.2669 4.5200
12.2548 10.4969 4.7000
12.2548 10.7169 4.8300
12.2448 10.9369 5.0000
12.2448 11.1669 5.1200
12.2448 11.3669 5.2200
12.2448 11.6069 5.4500
12.2448 11.8469 5.5700
12.2448 12.0669 5.7300
12.2348 12.2769 5.8600
12.2348 12.4769 5.9800
12.5548 9.8069 4.1500
12.5548 10.0469 4.2700
12.5548 10.2869 4.3900
12.5548 10.5169 4.5600
12.5448 10.7369 4.7000
12.5448 10.9569 4.8300
12.5448 11.1769 4.9400
12.5448 11.4169 5.1500
12.5448 11.6369 5.2400
12.5348 11.8669 5.4900
12.5348 12.0969 5.6000
12.5348 12.3069 5.7300
12.8048 10.1669 4.1900
12.8048 10.3869 4.3500
12.8048 10.6069 4.5000
12.8048 10.8169 4.6200
12.7948 11.0769 4.7700
12.7948 11.3269 4.9600
12.7948 11.5469 5.0700
12.7948 11.7769 5.2000
12.7848 12.0069 5.3500
12.7848 12.2369 5.4800
12.7848 12.4569 5.6300
13.0348 10.2169 4.1800
13.0348 10.4369 4.2400
13.0348 10.6769 4.4200
13.0348 10.8969 4.5400
13.0248 11.1169 4.6900
13.0248 11.3469 4.7700
13.0248 11.5769 4.9500
13.0248 11.8269 5.1200
13.0248 12.0469 5.2900
13.0148 12.2669 5.4000
13.0148 12.5069 5.5800
13.2748 10.4269 4.1400
13.2748 10.6369 4.1900
13.2748 10.8869 4.3600
13.2748 11.1169 4.5100
13.2748 11.3369 4.5900
13.2748 11.5569 4.8400
13.2648 11.8069 4.9700
13.2648 12.0469 5.0900
13.2648 12.2469 5.2400
13.2648 12.4669 5.4000
13.4848 10.5069 4.1100
13.4848 10.7369 4.1900
13.4848 10.9369 4.3600
13.4848 11.1969 4.4700
13.4848 11.4369 4.6200
13.4748 11.6769 4.8300
13.4748 11.8769 4.9100
13.4748 12.1169 5.0800
13.4748 12.3569 5.1900
13.6648 10.7569 4.2200
13.6648 10.9569 4.1800
13.6648 11.1769 4.3500
13.6648 11.4169 4.4600
13.6548 11.6569 4.7100
13.6548 11.8669 4.7700
13.6548 12.1069 5.0200
13.6548 12.3369 5.1300
13.8748 11.6169 4.5300
13.8748 11.8469 4.6800
13.8748 12.0969 4.8200
13.8748 12.3269 4.9800
10.3348 -6.8531 2.4000
10.0548 -6.8331 2.4500
10.0548 -7.0931 2.4700
10.0548 -7.1631 2.0000
10.0548 -7.2431 1.4900
10.0548 -7.2331 0.7300
10.0648 -7.7531 0.8400
9.8448 -6.4131 2.4000
9.8548 -6.9731 2.5800
9.8548 -7.2031 2.5000
9.8548 -7.3131 2.0800
9.8548 -7.3631 1.5100
9.8548 -7.3231 0.7000
9.8648 -7.8531 0.7800
9.7148 -6.1331 2.2800
9.7148 -6.4731 2.4800
9.7248 -6.7231 2.5300
9.7248 -6.9631 2.5800
9.7248 -7.2431 2.5600
9.7248 -7.3731 2.2300
9.7248 -7.4831 1.8700
9.7248 -7.4431 1.0100
9.7248 -7.4831 0.3600
9.7348 -7.8831 0.7300
9.5448 -5.9931 2.4200
9.5448 -6.2431 2.4200
9.5448 -6.5031 2.4900
9.5448 -6.8031 2.5700
9.5548 -7.0731 2.6000
9.5548 -7.3631 2.6900
9.5548 -7.4531 2.3200
9.5548 -7.6431 1.9900
9.5548 -7.6231 1.2000
9.5548 -7.6231 0.5300
9.2448 -5.6331 2.3600
9.2448 -5.8931 2.3600
9.2448 -6.2031 2.5400
9.2548 -6.4231 2.5300
9.2548 -6.7031 2.5800
9.2548 -7.0231 2.7200
9.2548 -7.2831 2.7600
9.2648 -7.5431 2.8600
9.2648 -7.7131 2.5500
9.2648 -7.8431 2.1600
9.2648 -7.8831 1.5500
9.2648 -7.8131 0.7200
8.9248 -5.2331 2.4200
8.9248 -5.4731 2.3600
8.9248 -5.7731 2.4900
8.9348 -6.0831 2.6800
8.9348 -6.3131 2.6100
8.9348 -6.5731 2.7200
8.9348 -6.8531 2.6900
8.9448 -7.1731 2.8500
8.9448 -7.4531 2.9200
8.9448 -7.7431 2.9900
8.9448 -7.9731 2.9100
8.9448 -8.0831 2.4700
8.9548 -8.1531 1.9500
8.6648 -4.8631 2.4200
8.6648 -5.1231 2.3600
8.6648 -5.4231 2.4900
8.6648 -5.7131 2.5900
8.6748 -5.9731 2.5700
8.6748 -6.2731 2.6800
8.6748 -6.5531 2.7400
8.6748 -6.8131 2.8100
8.6848 -7.0831 2.8700
8.6848 -7.3331 2.9100
8.6848 -7.6131 3.0000
8.6848 -7.8631 3.0600
8.6948 -8.1331 3.0900
8.6948 -8.2631 2.7100
8.6948 -8.4031 2.4700
8.4248 -4.6131 2.3500
8.4248 -4.8531 2.3800
8.4348 -5.1031 2.4500
8.4348 -5.4031 2.5800
8.4348 -5.6431 2.5700
8.4348 -5.9131 2.6900
8.4448 -6.1931 2.7700
8.4448 -6.4331 2.7300
8.4448 -6.9831 2.9100
8.4448 -7.2331 2.9500
8.4548 -7.5031 2.9900
8.4548 -7.8331 3.1300
8.4548 -8.0431 3.0500
8.4548 -8.3131 3.1600
8.4648 -8.4231 2.8000
8.4648 -8.5531 2.4000
8.4648 -8.5831 1.7900
8.4748 -10.3631 2.5400
8.4748 -10.5931 2.4600
8.4748 -10.2131 1.3900
8.4748 -10.4931 1.4100
8.1548 -4.3331 2.3300
8.1648 -4.6031 2.4300
8.1648 -4.8631 2.4800
8.1648 -5.3731 2.6300
8.1648 -5.6431 2.6100
8.1748 -5.9431 2.7300
8.1748 -6.2031 2.7900
8.1748 -6.4731 2.9200
8.1748 -6.7231 2.8300
8.1848 -7.0131 2.9500
8.1848 -7.2631 3.0100
8.1848 -7.5231 3.0600
8.1848 -7.8431 3.1900
8.1948 -8.0931 3.2000
8.1948 -8.3731 3.3300
8.1948 -8.6331 3.3000
8.1948 -8.7231 2.8000
8.1948 -8.8531 2.3700
8.2048 -9.9331 2.6700
8.2148 -10.1331 2.5800
8.2148 -10.3731 2.5400
8.2148 -10.6231 2.4600
8.2148 -10.7931 2.1800
8.2148 -10.5331 1.4100
7.8948 -4.1231 2.4200
7.8948 -4.3631 2.4500
7.9048 -4.6531 2.5500
7.9048 -4.9431 2.6200
7.9048 -5.1731 2.6000
7.9048 -5.4731 2.7000
7.9148 -5.7331 2.7800
7.9148 -6.0031 2.8400
7.9148 -6.2831 2.8800
7.9148 -6.5431 2.8900
7.9248 -6.8331 3.0000
7.9248 -7.1331 3.0700
7.9248 -7.3631 3.1000
7.9248 -7.6931 3.2400
7.9348 -7.9331 3.2700
7.9348 -8.2031 3.3300
7.9348 -8.4431 3.3800
7.9348 -8.7531 3.4700
7.9348 -8.8531 3.0200
7.9448 -9.0131 2.6700
7.9448 -8.9931 1.9700
7.9448 -9.7031 2.5600
7.9448 -9.9431 2.5600
7.9548 -10.1831 2.5600
7.9548 -10.4431 2.5200
7.9548 -10.6331 2.4600
7.9548 -10.8831 2.4000
7.9548 -10.5431 1.4100
7.9548 -11.1031 2.2400
7.6448 -3.6731 2.3900
7.6548 -3.9031 2.3400
7.6548 -4.1531 2.4400
7.6548 -4.4631 2.5500
7.6548 -4.7231 2.5200
7.6648 -5.0331 2.6600
7.6648 -5.3131 2.7000
7.6648 -5.5731 2.7500
7.6648 -5.8631 2.8300
7.6748 -6.1231 2.8900
7.6748 -6.3931 2.9600
7.6748 -6.6431 3.0100
7.6748 -6.9331 3.1100
7.6848 -7.2331 3.1400
7.6848 -7.5431 3.2900
7.6848 -7.7731 3.3000
7.6848 -8.0231 3.3300
7.6948 -8.3331 3.4400
7.6948 -8.5631 3.4100
7.6948 -8.7631 3.2900
7.6948 -8.8731 2.9100
7.6948 -8.9931 2.5400
7.6948 -9.0631 1.9300
7.7048 -9.5331 2.5600
7.7048 -9.7431 2.5400
7.7048 -10.0131 2.5000
7.7048 -10.2831 2.5100
7.7148 -10.5331 2.4700
7.7148 -10.7431 2.4300
7.7148 -10.9931 2.3700
7.7148 -11.2331 2.3000
7.3748 -3.6731 2.4200
7.3848 -4.2231 2.5600
7.3848 -4.5131 2.6800
7.3848 -4.7531 2.6700
7.3948 -5.0331 2.7500
7.3948 -5.3031 2.7900
7.3948 -5.6031 2.8500
7.3948 -5.8731 2.9400
7.4048 -6.1131 2.9800
7.4048 -6.4131 3.0400
7.4048 -6.6631 3.0900
7.4048 -6.9431 3.1700
7.4148 -7.2131 3.2500
7.4148 -7.4631 3.2600
7.4148 -7.7531 3.3200
7.4148 -8.0531 3.4300
7.4248 -8.2631 3.3700
7.4248 -8.4831 3.2500
7.4248 -8.6431 2.9300
7.4248 -8.6931 2.3200
7.4248 -8.9831 2.5000
7.4248 -9.2631 2.5500
7.4348 -9.5231 2.5100
7.4348 -9.7531 2.4900
7.4348 -9.9831 2.4600
7.4348 -10.2331 2.4500
7.4448 -10.4831 2.4400
7.4448 -10.7231 2.3900
7.4448 -10.9631 2.3700
7.4448 -11.1731 2.3000
7.4448 -11.4231 2.2300
7.0848 -3.3231 2.3600
7.0948 -3.6231 2.4900
7.0948 -3.8831 2.5500
7.0948 -4.1531 2.6400
7.0948 -4.4631 2.7200
7.1048 -4.7131 2.7600
7.1048 -4.9331 2.7200
7.1048 -5.2031 2.7500
7.1048 -5.4831 2.8500
7.1148 -5.7931 2.9800
7.1148 -6.0631 3.0400
7.1148 -6.3431 3.1200
7.1148 -6.6231 3.1800
7.1248 -6.9131 3.2200
7.1248 -7.1731 3.2600
7.1248 -7.4331 3.3500
7.1248 -7.7131 3.3900
7.1348 -8.0231 3.4700
7.1348 -8.1931 3.3200
7.1348 -8.3031 2.9700
7.1348 -8.4431 2.5600
7.1348 -8.7031 2.5300
7.1448 -8.9431 2.5800
7.1448 -9.1731 2.5400
7.1448 -9.4131 2.5100
7.1448 -9.6731 2.4500
7.1448 -9.9031 2.4400
7.1548 -10.1231 2.4100
7.1548 -10.4031 2.3900
7.1548 -10.6631 2.3500
7.1548 -10.9131 2.3200
7.1548 -11.1631 2.3100
7.1648 -11.4031 2.2600
7.1648 -11.6231 2.1600
6.8748 -3.4031 2.5700
6.8748 -3.6531 2.5600
6.8848 -3.9231 2.5900
6.8848 -4.2231 2.7300
6.8848 -4.4631 2.7500
6.8948 -4.7431 2.7600
6.8948 -5.0431 2.8700
6.8948 -5.3431 2.9500
6.8948 -5.5831 2.9700
6.9048 -5.8531 3.0000
6.9048 -6.1731 3.1500
6.9048 -6.3731 3.0900
6.9048 -6.6731 3.2500
6.9148 -6.9631 3.3100
6.9148 -7.2431 3.3400
6.9148 -7.5131 3.4300
6.9148 -7.7931 3.4800
6.9148 -7.9331 3.1800
6.9248 -8.0731 2.8300
6.9248 -8.1931 2.5300
6.9248 -8.5031 2.6300
6.9248 -8.7431 2.6000
6.9248 -8.9931 2.5500
6.9348 -9.2431 2.5100
6.9348 -9.4931 2.4700
6.9348 -9.7331 2.4200
6.9348 -9.9731 2.4100
6.9348 -10.2031 2.3800
6.9448 -10.4331 2.3500
6.9448 -10.6731 2.3400
6.9448 -10.8931 2.3000
6.9448 -11.1531 2.2800
6.9548 -11.3831 2.2500
6.9548 -11.6031 2.2100
6.7248 -3.4631 2.5500
6.7248 -3.7431 2.6400
6.7348 -4.0231 2.6900
6.7348 -4.2931 2.7500
6.7348 -4.5331 2.7600
6.7348 -4.8131 2.8500
6.7448 -5.1031 2.8800
6.7448 -5.3831 2.9400
6.7448 -5.6431 3.0200
6.7448 -5.9231 3.0700
6.7548 -6.1931 3.1400
6.7548 -6.4731 3.1800
6.7548 -6.7231 3.2600
6.7548 -7.0031 3.3100
6.7648 -7.3131 3.4100
6.7648 -7.5931 3.4500
6.7648 -7.7831 3.3000
6.7648 -7.9031 2.8800
6.7648 -8.0031 2.4100
6.7748 -8.3231 2.6100
6.7748 -8.5631 2.6300
6.7748 -8.7731 2.5800
6.7748 -9.0231 2.5300
6.7748 -9.2431 2.4800
6.7848 -9.4631 2.4500
6.7848 -9.7031 2.4200
6.7848 -9.9431 2.3900
6.7848 -10.1931 2.3600
6.7848 -10.3931 2.3400
6.7948 -10.6531 2.3000
6.7948 -10.9031 2.2800
6.7948 -11.1431 2.2600
6.7948 -11.3631 2.2100
6.7948 -11.6031 2.1900
6.5348 -3.8531 2.7200
6.5348 -4.1231 2.8000
6.5348 -4.3931 2.8200
6.5448 -4.6731 2.8500
6.5448 -4.9331 2.9100
6.5448 -5.2131 2.9600
6.5448 -5.5131 3.0500
6.5548 -5.8031 3.1200
6.5548 -6.0731 3.2000
6.5548 -6.3431 3.2200
6.5548 -6.6331 3.3000
6.5648 -6.8831 3.3000
6.5648 -7.1831 3.5000
6.5648 -7.3731 3.3700
6.5648 -7.5631 3.2200
6.5648 -7.6731 2.8300
6.5648 -7.7931 2.4100
6.5748 -8.1031 2.6400
6.5748 -8.3531 2.6400
6.5748 -8.5731 2.5900
6.5748 -8.7931 2.5600
6.5748 -9.0431 2.5100
6.5848 -9.2831 2.4600
6.5848 -9.4931 2.4300
6.5848 -9.7431 2.3800
6.5848 -9.9631 2.3400
6.5848 -10.2131 2.3200
6.5948 -10.4231 2.2900
6.5948 -10.7031 2.2600
6.5948 -10.9331 2.2400
6.5948 -11.1731 2.2300
6.6048 -11.4131 2.2000
6.6048 -11.6731 2.1700
6.2348 -4.0131 2.8400
6.2348 -4.2731 2.8300
6.2348 -4.5531 2.8900
6.2348 -4.8531 2.9900
6.2448 -5.1031 3.0400
6.2448 -5.3731 3.1400
6.2448 -5.6231 3.1400
6.2448 -5.8831 3.1900
6.2548 -6.1431 3.2800
6.2548 -6.4131 3.3200
6.2548 -6.6931 3.3700
6.2548 -6.9631 3.4600
6.2648 -7.1831 3.4200
6.2648 -7.2531 2.9600
6.2648 -7.4131 2.6800
6.2648 -7.6331 2.4800
6.2648 -7.9331 2.6600
6.2648 -8.1531 2.6100
6.2748 -8.3731 2.5800
6.2748 -8.6431 2.5500
6.2748 -8.8631 2.5000
6.2748 -9.0931 2.4600
6.2748 -9.3231 2.4100
6.2848 -9.5631 2.3900
6.2848 -9.8131 2.3400
6.2848 -10.0431 2.2900
6.2848 -10.2931 2.2600
6.2948 -10.5631 2.2400
6.2948 -10.7931 2.2000
6.2948 -11.0331 2.1900
6.2948 -11.2631 2.1700
6.2948 -11.4931 2.1400
6.3048 -11.7431 2.1100
5.9248 -4.1631 2.9800
5.9248 -4.4331 2.9900
5.9248 -4.6831 3.0200
5.9348 -4.9431 3.0700
5.9348 -5.2231 3.1700
5.9348 -5.4531 3.2000
5.9348 -5.7631 3.2800
5.9448 -6.0431 3.3200
5.9448 -6.2831 3.3500
5.9448 -6.5631 3.4200
5.9448 -6.8131 3.4800
5.9448 -6.9131 3.0000
5.9548 -7.0431 2.6900
5.9548 -7.1931 2.3400
5.9548 -7.5331 2.6500
5.9548 -7.7631 2.6300
5.9548 -8.0331 2.6200
5.9648 -8.2731 2.5500
5.9648 -8.4931 2.5000
5.9648 -8.7531 2.4600
5.9648 -8.9831 2.4300
5.9748 -9.2431 2.4000
5.9748 -9.4531 2.3600
5.9748 -9.6831 2.3300
5.9748 -9.9231 2.2900
5.9748 -10.1631 2.2400
5.9848 -10.4131 2.2100
5.9848 -10.6631 2.1900
5.9848 -10.9031 2.1500
5.9848 -11.1231 2.1300
5.9848 -11.3731 2.1100
5.9948 -11.6131 2.0800
5.6948 -4.3531 3.0900
5.6948 -4.6031 3.1200
5.7048 -4.8431 3.1200
5.7048 -5.1631 3.2700
5.7048 -5.4331 3.3500
5.7048 -5.6931 3.3300
5.7148 -5.9331 3.3600
5.7148 -6.2031 3.4200
5.7148 -6.4631 3.4100
5.7148 -6.5931 3.0600
5.7148 -6.7231 2.7200
5.7248 -6.9131 2.4900
5.7248 -7.2131 2.6200
5.7248 -7.4731 2.6000
5.7248 -7.7031 2.6000
5.7248 -7.9331 2.5800
5.7348 -8.1731 2.5500
5.7348 -8.4131 2.5000
5.7348 -8.6331 2.4600
5.7348 -8.9031 2.4000
5.7448 -9.1431 2.3700
5.7448 -9.3731 2.3500
5.7448 -9.5931 2.3100
5.7448 -9.8331 2.2900
5.7448 -10.0731 2.2300
5.7548 -10.3131 2.1800
5.7548 -10.5431 2.1600
5.7548 -10.7931 2.1300
5.7548 -11.0531 2.1100
5.7648 -11.2931 2.0900
5.7648 -11.5131 2.0500
5.4948 -4.6231 3.1600
5.4948 -4.8831 3.1700
5.4948 -5.1831 3.3300
5.5048 -5.4631 3.3500
5.5048 -5.7131 3.3800
5.5048 -6.0031 3.4300
5.5048 -6.2131 3.4000
5.5048 -6.3331 3.0500
5.5048 -6.4731 2.7300
5.5148 -6.5931 2.3300
5.5148 -6.9631 2.6500
5.5148 -7.2131 2.6200
5.5148 -7.4331 2.5900
5.5248 -7.6831 2.5700
5.5248 -7.9431 2.5400
5.5248 -8.1731 2.5300
5.5248 -8.4031 2.4900
5.5248 -8.6431 2.4200
5.5348 -8.8631 2.3900
5.5348 -9.1231 2.3500
5.5348 -9.3531 2.3200
5.5348 -9.5931 2.2900
5.5348 -9.8531 2.2600
5.5448 -10.0931 2.2000
5.5448 -10.3331 2.1800
5.5448 -10.5731 2.1400
5.5448 -10.8231 2.1000
5.5548 -11.0631 2.0700
5.5548 -11.2831 2.0600
5.5548 -11.5331 2.0200
5.2348 -4.9631 3.2100
5.2448 -5.2431 3.2900
5.2448 -5.5431 3.3700
5.2448 -5.8531 3.4700
5.2448 -6.0831 3.4500
5.2448 -6.1331 2.9300
5.2448 -6.2631 2.5900
5.2548 -6.5231 2.6000
5.2548 -6.7831 2.6400
5.2548 -7.0331 2.6200
5.2548 -7.2531 2.5900
5.2648 -7.5031 2.5400
5.2648 -7.7631 2.4900
5.2648 -7.9931 2.4800
5.2648 -8.2431 2.4900
5.2648 -8.4831 2.4400
5.2748 -8.7531 2.3900
5.2748 -8.9731 2.3400
5.2748 -9.2031 2.3000
5.2748 -9.4531 2.2700
5.2848 -9.6931 2.2400
5.2848 -9.9231 2.2100
5.2848 -10.1631 2.1700
5.2848 -10.4131 2.1400
5.2848 -10.6531 2.1000
5.2948 -10.9031 2.0600
5.2948 -11.1131 2.0300
5.2948 -11.3731 2.0100
5.2948 -11.6231 1.9800
4.9848 -5.1031 3.4100
4.9848 -5.3731 3.4500
4.9948 -5.6231 3.5400
4.9948 -5.7831 3.1800
4.9948 -5.9531 2.8900
4.9948 -5.9831 2.3200
4.9948 -6.3731 2.6500
4.9948 -6.6231 2.6500
5.0048 -6.8731 2.6100
5.0048 -7.0931 2.5800
5.0048 -7.3531 2.5400
5.0048 -7.6031 2.4900
5.0148 -7.8231 2.4500
5.0148 -8.0731 2.4500
5.0148 -8.3131 2.4000
5.0148 -8.5731 2.3900
5.0148 -8.7931 2.3600
5.0248 -9.0331 2.3100
5.0248 -9.2631 2.2700
5.0248 -9.5031 2.2300
5.0248 -9.7331 2.2100
5.0248 -9.9931 2.1600
5.0348 -10.2431 2.1400
5.0348 -10.4631 2.0900
5.0348 -10.7431 2.0500
5.0348 -10.9931 2.0100
5.0448 -11.2431 2.0000
5.0448 -11.4531 1.9700
5.0448 -11.6931 1.9400
4.7648 -5.2731 3.4900
4.7648 -5.5331 3.4600
4.7748 -5.6431 3.0900
4.7748 -5.6831 2.4800
4.7748 -5.6831 1.7100
4.7748 -6.2731 2.7100
4.7748 -6.5031 2.6700
4.7848 -6.7331 2.6200
4.7848 -6.9931 2.5700
4.7848 -7.2231 2.5500
4.7848 -7.4631 2.4900
4.7848 -7.6831 2.4600
4.7948 -7.9431 2.4200
4.7948 -8.1731 2.3800
4.7948 -8.4431 2.3900
4.7948 -8.6631 2.3300
4.7948 -8.9131 2.2600
4.8048 -9.1931 2.2700
4.8048 -9.4231 2.2100
4.8048 -9.6731 2.1800
4.8048 -9.9031 2.1500
4.8148 -10.1431 2.1200
4.8148 -10.3531 2.1000
4.8148 -10.5931 2.0600
4.8148 -10.8131 2.0200
4.8148 -11.0731 1.9700
4.8248 -11.3131 1.9600
4.8248 -11.5431 1.9400
4.5348 -5.3631 3.1600
4.5448 -5.4631 2.7600
4.5448 -5.5231 2.1200
4.5548 -6.5731 4.4800
4.5548 -6.7631 4.2900
4.5448 -6.1831 2.6400
4.5548 -6.7831 3.6500
4.5548 -6.4531 2.7000
4.5548 -6.7131 2.6700
4.5548 -6.9331 2.5600
4.5548 -7.1631 2.5100
4.5548 -7.4031 2.4900
4.5648 -7.6831 2.4600
4.5648 -7.9131 2.3900
4.5648 -8.1331 2.3500
4.5648 -8.3731 2.3200
4.5648 -8.6131 2.3200
4.5748 -8.8431 2.2700
4.5748 -9.0631 2.2400
4.5748 -9.3031 2.1900
4.5748 -9.5431 2.1700
4.5748 -9.7631 2.1200
4.5848 -9.9931 2.0900
4.5848 -10.2131 2.0600
4.5848 -10.4831 2.0400
4.5848 -10.7331 2.0300
4.5948 -10.9531 1.9700
4.5948 -11.1831 1.9400
4.5948 -11.4231 1.9300
4.5948 -11.6631 1.8900
4.3048 -6.4131 4.4800
4.3048 -6.6531 4.4600
4.3048 -6.8731 4.3100
4.3048 -6.8631 3.6100
4.3048 -6.8131 2.7700
4.3048 -6.9931 2.5800
4.3148 -7.1931 2.5000
4.3148 -7.4031 2.4500
4.3148 -7.6931 2.4300
4.3148 -7.9131 2.3700
4.3148 -8.1231 2.3300
4.3248 -8.3431 2.3000
4.3248 -8.5931 2.2400
4.3248 -8.8531 2.2600
4.3248 -9.0831 2.2100
4.3248 -9.2931 2.2000
4.3348 -9.5531 2.1300
4.3348 -9.7931 2.1100
4.3348 -10.0231 2.0800
4.3348 -10.2431 2.0500
4.3348 -10.5031 2.0100
4.3448 -10.7531 2.0000
4.3448 -10.9731 1.9700
4.3448 -11.1931 1.9400
4.3448 -11.4631 1.8800
4.3548 -11.7331 1.8600
4.1048 -5.5231 2.7000
4.1148 -6.3831 4.4500
4.1048 -5.7431 2.6200
4.1148 -6.6331 4.4600
4.1048 -6.0031 2.6500
4.1148 -6.8131 4.2500
4.1148 -6.8031 3.5200
4.1148 -6.8231 2.8800
4.1148 -6.9431 2.5600
4.1148 -7.1731 2.4800
4.1248 -7.4231 2.4600
4.1248 -7.6631 2.4200
4.1248 -7.8831 2.3600
4.1248 -8.1131 2.3300
4.1248 -8.3431 2.2900
4.1348 -8.5931 2.2700
4.1348 -8.8231 2.2200
4.1348 -9.0731 2.1900
4.1348 -9.2931 2.1700
4.1348 -9.5331 2.1400
4.1448 -9.7731 2.0900
4.1448 -10.0231 2.0500
4.1448 -10.2831 2.0300
4.1448 -10.5231 1.9800
4.1548 -10.7731 1.9800
4.1548 -11.0231 1.9500
4.1548 -11.2531 1.9100
4.1548 -11.4831 1.8600
4.1548 -11.6931 1.8300
3.9548 -5.3231 2.6400
3.9548 -5.5831 2.6800
3.9648 -6.4831 4.4700
3.9548 -5.8231 2.5900
3.9648 -6.6731 4.3100
3.9548 -6.0731 2.5900
3.9648 -6.7131 3.7300
3.9648 -6.7231 3.0800
3.9648 -6.8031 2.5800
3.9648 -7.0131 2.5000
3.9648 -7.2631 2.4200
3.9748 -7.5031 2.4400
3.9748 -7.7031 2.3900
3.9748 -7.9731 2.3300
3.9748 -8.2131 2.2900
3.9848 -8.4631 2.2600
3.9848 -8.6931 2.2000
3.9848 -8.9431 2.1700
3.9848 -9.2031 2.1600
3.9848 -9.4431 2.1400
3.9948 -9.6431 2.0600
3.9948 -9.8831 2.0600
3.9948 -10.1431 2.0100
3.9948 -10.3831 1.9800
4.0048 -10.6331 1.9500
4.0048 -10.8631 1.9500
4.0048 -11.1031 1.9100
4.0048 -11.3631 1.8800
4.0048 -11.5631 1.8400
3.7448 -5.2331 2.6700
3.7448 -5.4731 2.6200
3.7448 -5.7231 2.6000
3.7448 -5.9531 2.5800
3.7548 -6.1831 2.5700
3.7548 -6.4431 2.5500
3.7548 -6.6831 2.5100
3.7548 -6.9431 2.4800
3.7648 -7.1831 2.4500
3.7648 -7.4231 2.4200
3.7648 -7.6831 2.3900
3.7648 -7.9031 2.3400
3.7648 -8.1231 2.3000
3.7748 -8.3631 2.2500
3.7748 -8.5831 2.2000
3.7748 -8.8431 2.1600
3.7748 -9.0931 2.1300
3.7848 -9.3431 2.1400
3.7848 -9.5531 2.0800
3.7848 -9.8131 2.0500
3.7848 -10.0531 2.0300
3.7848 -10.2531 1.9800
3.7948 -10.5131 1.9200
3.7948 -10.7631 1.9200
3.7948 -10.9931 1.8900
3.7948 -11.2431 1.8700
3.7948 -11.4931 1.8500
3.8048 -11.7431 1.8100
3.4348 -4.8231 2.6700
3.4348 -5.0631 2.6400
3.4348 -5.3031 2.6600
3.4348 -5.5531 2.6000
3.4448 -5.8031 2.5500
3.4448 -6.0231 2.5200
3.4448 -6.2531 2.5000
3.4448 -6.4931 2.4700
3.4448 -6.7331 2.4000
3.4548 -6.9931 2.4100
3.4548 -7.2531 2.4200
3.4548 -7.4631 2.3700
3.4548 -7.7231 2.3400
3.4648 -7.9631 2.2900
3.4648 -8.1631 2.2400
3.4648 -8.4031 2.2100
3.4648 -8.6731 2.1800
3.4648 -8.8931 2.1300
3.4748 -9.1131 2.0800
3.4748 -9.3931 2.0900
3.4748 -9.6131 2.0200
3.4748 -9.8731 2.0000
3.4848 -10.1031 1.9800
3.4848 -10.3631 1.9400
3.4848 -10.6031 1.9100
3.4848 -10.8531 1.8700
3.4848 -11.0931 1.8500
3.4948 -11.3331 1.8300
3.4948 -11.5631 1.8000
3.1048 -1.5531 3.3900
3.1348 -4.5931 2.7100
3.1348 -4.8131 2.6400
3.1348 -5.0631 2.6200
3.1448 -5.3231 2.5700
3.1448 -5.5831 2.5700
3.1448 -5.7931 2.5100
3.1448 -6.0331 2.5100
3.1548 -6.2931 2.5000
3.1548 -6.5131 2.4200
3.1548 -6.7331 2.3800
3.1548 -7.0031 2.3800
3.1548 -7.2331 2.3500
3.1648 -7.4931 2.3400
3.1648 -7.7331 2.3000
3.1648 -7.9631 2.2500
3.1648 -8.2231 2.2400
3.1648 -8.4531 2.1800
3.1748 -8.7031 2.1400
3.1748 -8.9231 2.0800
3.1748 -9.1731 2.0400
3.1748 -9.4131 2.0000
3.1848 -9.6531 1.9900
3.1848 -9.8831 1.9700
3.1848 -10.1531 1.9500
3.1848 -10.3931 1.9200
3.1848 -10.6131 1.9000
3.1948 -10.8731 1.8300
3.1948 -11.1131 1.8200
3.1948 -11.3431 1.7600
3.1948 -11.5631 1.7000
2.8848 -1.5931 3.4800
2.8848 -1.8531 3.4300
2.8848 -1.3831 1.3000
2.9048 -3.4831 1.5800
2.9148 -4.3531 2.6600
2.9148 -4.5931 2.6400
2.9148 -4.8331 2.6300
2.9148 -5.0631 2.5900
2.9248 -5.3131 2.5200
2.9248 -5.5531 2.5500
2.9248 -5.7831 2.4900
2.9248 -6.0531 2.4600
2.9248 -6.2831 2.4300
2.9348 -6.5231 2.3900
2.9348 -6.7731 2.3600
2.9348 -7.0431 2.3300
2.9348 -7.2731 2.3000
2.9348 -7.5031 2.2900
2.9448 -7.7931 2.3200
2.9448 -8.0031 2.2300
2.9448 -8.2431 2.1900
2.9448 -8.4831 2.1400
2.9548 -8.7131 2.1100
2.9548 -8.9531 2.0600
2.9548 -9.2131 2.0300
2.9548 -9.4331 2.0000
2.9548 -9.6631 1.9200
2.9648 -9.9131 1.9300
2.9648 -10.1631 1.8800
2.9648 -10.4131 1.8700
2.9648 -10.6631 1.8500
2.9748 -10.9031 1.8000
2.9748 -11.1631 1.7600
2.9748 -11.3831 1.6800
2.6748 -1.4031 3.5000
2.6748 -1.6331 3.4800
2.6748 -1.8931 3.4300
2.6748 -2.1331 3.4200
2.6748 -1.4731 1.5400
2.6748 -1.6031 1.1500
2.6948 -4.1231 2.6900
2.6948 -4.3931 2.6600
2.7048 -4.6131 2.6100
2.7048 -4.8531 2.5700
2.7048 -5.0931 2.5400
2.7048 -5.3331 2.5100
2.7048 -5.6031 2.4800
2.7148 -5.8431 2.4400
2.7148 -6.0831 2.4100
2.7148 -6.3331 2.3800
2.7148 -6.5531 2.3500
2.7248 -6.7931 2.3200
2.7248 -7.0531 2.3000
2.7248 -7.2831 2.2600
2.7248 -7.5431 2.2500
2.7248 -7.7831 2.2300
2.7348 -8.0331 2.2400
2.7348 -8.2531 2.1500
2.7348 -8.5131 2.1100
2.7348 -8.7531 2.0700
2.7348 -8.9931 2.0300
2.7448 -9.2431 2.0000
2.7448 -9.4931 1.9400
2.7448 -9.7431 1.9000
2.7448 -9.9631 1.8700
2.7548 -10.2031 1.8600
2.7548 -10.4431 1.8300
2.7548 -10.6631 1.7800
2.7548 -10.8931 1.7700
2.4048 -1.4031 3.5300
2.4048 -1.6331 3.4800
2.4148 -1.8731 3.5000
2.4148 -2.1131 3.4600
2.4048 -1.7031 1.6000
2.4048 -1.8031 1.1300
2.4148 -1.8431 0.4700
2.4148 -2.3631 0.5300
2.4248 -3.6531 2.7000
2.4248 -3.8931 2.7000
2.4348 -4.1131 2.6300
2.4348 -4.3731 2.6300
2.4348 -4.6231 2.5900
2.4348 -4.8331 2.5300
2.4348 -5.0731 2.5100
2.4448 -5.3331 2.5000
2.4448 -5.5731 2.4500
2.4448 -5.8231 2.4300
2.4448 -6.0331 2.3800
2.4548 -6.3131 2.3700
2.4548 -6.5431 2.3300
2.4548 -6.8031 2.3300
2.4548 -7.0131 2.2600
2.4548 -7.2831 2.2400
2.4648 -7.5531 2.1900
2.4648 -7.8031 2.1900
2.4648 -8.0431 2.1700
2.4648 -8.2531 2.1300
2.4748 -8.5131 2.1100
2.4748 -8.7431 2.0500
2.4748 -8.9431 2.0100
2.4748 -9.1831 1.9600
2.4748 -9.4331 1.9300
2.4848 -9.6631 1.8900
2.4848 -9.8831 1.8300
2.4848 -10.0931 1.8000
2.4848 -10.3431 1.8000
2.4848 -10.5831 1.6800
2.4948 -10.8431 1.7000
2.1548 -1.4231 3.5500
2.1548 -1.6631 3.4900
2.1648 -1.9231 3.4800
2.1648 -2.1731 3.4800
2.1648 -2.4231 3.4800
2.1648 -1.7931 1.7000
2.1648 -1.9431 1.3900
2.1648 -1.9931 0.7700
2.1648 -2.1431 0.5200
2.1648 -2.3531 0.4300
2.1748 -3.4231 2.7300
2.1748 -3.6731 2.6600
2.1748 -3.8931 2.6300
2.1848 -4.1431 2.5900
2.1848 -4.3731 2.5700
2.1848 -4.6231 2.5400
2.1848 -4.8531 2.5000
2.1948 -5.1131 2.5000
2.1948 -5.3431 2.4400
2.1948 -5.6031 2.3900
2.1948 -5.8531 2.3700
2.1948 -6.1031 2.3200
2.2048 -6.3331 2.2900
2.2048 -6.5931 2.2700
2.2048 -6.8331 2.2700
2.2048 -7.0531 2.2100
2.2048 -7.2831 2.1800
2.2148 -7.5131 2.1400
2.2148 -7.7831 2.1600
2.2148 -8.0131 2.1100
2.2148 -8.2431 2.1200
2.2148 -8.4531 2.0500
2.2248 -8.6831 2.0100
2.2248 -8.9431 1.9900
2.2248 -9.1931 1.9400
2.2248 -9.4131 1.9100
2.2348 -9.6431 1.8700
2.2348 -9.8731 1.8400
2.2348 -10.1031 1.7800
2.2348 -10.3131 1.6600
2.2348 -10.5731 1.6600
1.9548 -1.5431 3.4800
1.9548 -1.8231 3.5100
1.9548 -2.1431 3.6200
1.9648 -2.3831 3.6400
1.9648 -2.5631 3.4400
1.9548 -2.1831 1.6600
1.9548 -2.1731 0.8400
1.9548 -2.2431 0.3500
1.9648 -3.3231 2.7000
1.9748 -3.5631 2.6400
1.9748 -3.8331 2.6500
1.9748 -4.0731 2.5700
1.9748 -4.3231 2.5300
1.9748 -4.5631 2.5200
1.9848 -4.8131 2.5000
1.9848 -5.0431 2.4700
1.9848 -5.2631 2.4300
1.9848 -5.4731 2.3900
1.9948 -5.7231 2.3400
1.9948 -5.9731 2.3200
1.9948 -6.2031 2.3100
1.9948 -6.4231 2.2700
1.9948 -6.6531 2.2400
2.0048 -6.9031 2.2300
2.0048 -7.1531 2.1700
2.0048 -7.3931 2.1400
2.0048 -7.6231 2.1200
2.0048 -7.8731 2.1100
2.0148 -8.1031 2.0700
2.0148 -8.3531 2.0700
2.0148 -8.5731 2.0200
2.0148 -8.8231 1.9600
2.0248 -9.0631 1.9400
2.0248 -9.2631 1.9100
2.0248 -9.5231 1.8600
2.0248 -9.7731 1.8200
2.0248 -10.0031 1.7500
2.0348 -10.2431 1.6600
1.7448 -1.4831 3.5000
1.7448 -1.7531 3.5300
1.7548 -2.0631 3.6700
1.7548 -2.3131 3.6500
1.7548 -2.2531 2.6900
1.7548 -2.2531 1.9700
1.7548 -2.2531 1.2300
1.7648 -3.0231 2.7400
1.7548 -2.3331 0.7900
1.7648 -3.2531 2.6800
1.7648 -3.4631 2.6200
1.7648 -3.7031 2.5700
1.7648 -3.9331 2.5900
1.7748 -4.1831 2.5400
1.7748 -4.4131 2.5100
1.7748 -4.6431 2.4700
1.7748 -4.8731 2.4600
1.7748 -5.0931 2.3900
1.7848 -5.3631 2.3900
1.7848 -5.6131 2.3400
1.7848 -5.8331 2.3300
1.7848 -6.0531 2.2900
1.7848 -6.2931 2.2400
1.7948 -6.5631 2.2400
1.7948 -6.7731 2.1900
1.7948 -7.0131 2.1800
1.7948 -7.2331 2.1400
1.7948 -7.4931 2.1000
1.8048 -7.7431 2.0700
1.8048 -7.9931 2.0400
1.8048 -8.2331 2.0200
1.8048 -8.5231 2.0300
1.8148 -8.7331 1.9800
1.8148 -8.9731 1.9100
1.8148 -9.1831 1.9000
1.8148 -9.4431 1.8700
1.8148 -9.6531 1.7900
1.8248 -9.8631 1.6700
1.5048 -1.5731 3.5800
1.5048 -1.8431 3.6700
1.5048 -2.0531 3.6000
1.5048 -1.9931 2.8100
1.5148 -2.0431 2.1900
1.5148 -2.1131 1.6300
1.5148 -2.7131 2.7000
1.5148 -2.1331 1.0300
1.5148 -2.9231 2.6900
1.5148 -2.2831 0.8500
1.5148 -3.1831 2.6500
1.5248 -3.4331 2.6300
1.5248 -3.6531 2.5700
1.5248 -3.9031 2.5400
1.5248 -4.1231 2.4900
1.5348 -4.3731 2.5000
1.5348 -4.6131 2.4400
1.5348 -4.8431 2.4100
1.5348 -5.0731 2.3800
1.5348 -5.3331 2.3500
1.5448 -5.5531 2.3000
1.5448 -5.7931 2.3000
1.5448 -6.0331 2.2700
1.5448 -6.2731 2.2200
1.5548 -6.5531 2.2100
1.5548 -6.7931 2.1500
1.5548 -7.0031 2.1200
1.5548 -7.2531 2.0900
1.5548 -7.5231 2.0900
1.5648 -7.7231 2.0400
1.5648 -7.9631 2.0400
1.5648 -8.1931 2.0000
1.5648 -8.4731 1.9500
1.5648 -8.7231 1.9500
1.5748 -8.9431 1.8900
1.5748 -9.1431 1.8400
1.5748 -9.4131 1.7800
1.5748 -9.6631 1.8100
1.3048 -1.5231 3.6500
1.3048 -1.7631 3.6700
1.3048 -1.9431 3.4600
1.3048 -1.8531 2.5300
1.3048 -1.8731 1.8400
1.3148 -2.4431 2.7200
1.3048 -1.8431 1.0400
1.3148 -2.6831 2.7000
1.3048 -2.0231 0.8300
1.3148 -2.8931 2.6600
1.3148 -3.1331 2.6400
1.3148 -3.3631 2.5700
1.3248 -3.6131 2.5700
1.3248 -3.8531 2.4900
1.3248 -4.0931 2.4800
1.3248 -4.3331 2.5000
1.3348 -4.5631 2.4100
1.3348 -4.8131 2.3700
1.3348 -5.0631 2.3800
1.3348 -5.3131 2.3000
1.3348 -5.5531 2.3000
1.3448 -5.8131 2.2700
1.3448 -6.0531 2.2400
1.3448 -6.2531 2.1900
1.3448 -6.4931 2.1600
1.3548 -6.7531 2.1500
1.3548 -7.0031 2.1400
1.3548 -7.2431 2.0800
1.3548 -7.4931 2.0800
1.3548 -7.7231 2.0400
1.3648 -7.9731 2.0100
1.3648 -8.1931 1.9500
1.3648 -8.4131 1.9500
1.3648 -8.6831 1.9200
1.3648 -8.9131 1.8900
1.3748 -9.1331 1.7700
1.3748 -9.3731 1.7100
1.1348 -1.4331 3.6400
1.1448 -1.6531 3.5500
1.1348 -1.6231 2.7600
1.1448 -1.6131 1.9600
1.1448 -1.6131 1.3300
1.1448 -2.3331 2.6800
1.1448 -1.7231 0.9400
1.1448 -2.5831 2.6800
1.1548 -2.8531 2.6500
1.1548 -3.1031 2.6100
1.1548 -3.3531 2.5900
1.1548 -3.5731 2.5400
1.1648 -3.8331 2.5000
1.1648 -4.0731 2.4800
1.1648 -4.2831 2.4400
1.1648 -4.5131 2.3900
1.1648 -4.7631 2.3700
1.1748 -5.0231 2.3300
1.1748 -5.2731 2.2900
1.1748 -5.5031 2.2900
1.1748 -5.7431 2.2800
1.1748 -5.9831 2.2100
1.1848 -6.2131 2.1800
1.1848 -6.4431 2.1700
1.1848 -6.6831 2.1200
1.1848 -6.9431 2.1000
1.1948 -7.1831 2.0800
1.1948 -7.4331 2.0400
1.1948 -7.6531 2.0000
1.1948 -7.9131 1.9700
1.1948 -8.1831 1.9700
1.2048 -8.4031 1.9100
1.2048 -8.6331 1.8900
1.2048 -8.8831 1.8100
1.2048 -9.1331 1.7500
1.2048 -9.3231 1.6900
0.9248 -1.4231 3.5700
0.9248 -1.4031 2.7600
0.9248 -1.3931 1.9500
0.9248 -1.4031 1.2700
0.9348 -2.1631 2.7300
0.9348 -1.5131 0.9100
0.9348 -2.4031 2.6600
0.9448 -2.6331 2.6400
0.9448 -2.8531 2.6100
0.9448 -3.0731 2.6000
0.9448 -3.3531 2.5500
0.9448 -3.6031 2.5200
0.9548 -3.8531 2.4800
0.9548 -4.0631 2.4300
0.9548 -4.3031 2.4100
0.9548 -4.5531 2.3800
0.9548 -4.7831 2.3500
0.9648 -5.0131 2.3200
0.9648 -5.2831 2.2900
0.9648 -5.4931 2.2400
0.9648 -5.7531 2.2200
0.9748 -6.0031 2.2200
0.9748 -6.2231 2.1800
0.9748 -6.4831 2.1200
0.9748 -6.7431 2.1100
0.9748 -6.9731 2.0600
0.9848 -7.2131 2.0400
0.9848 -7.4631 2.0200
0.9848 -7.7331 2.0000
0.9848 -7.9431 1.9400
0.9948 -8.1831 1.9400
0.9948 -8.4331 1.8800
0.9948 -8.6931 1.8800
0.9948 -8.8831 1.7700
0.6248 -1.7331 2.7100
0.6348 -1.9731 2.7100
0.6348 -2.2031 2.6800
0.6348 -2.4331 2.6100
0.6348 -2.6931 2.6100
0.6348 -2.9031 2.5700
0.6448 -3.1331 2.5200
0.6448 -3.4131 2.5200
0.6448 -3.6331 2.4500
0.6448 -3.8731 2.4200
0.6548 -4.1131 2.3800
0.6548 -4.3631 2.3600
0.6548 -4.6231 2.3400
0.6548 -4.8531 2.2900
0.6548 -5.1031 2.2700
0.6648 -5.3431 2.2300
0.6648 -5.6031 2.2000
0.6648 -5.8531 2.1700
0.6648 -6.0731 2.1500
0.6648 -6.2931 2.1300
0.6748 -6.5731 2.0600
0.6748 -6.8231 2.0400
0.6748 -7.0331 2.0300
0.6748 -7.2931 2.0000
0.6848 -7.5331 1.9700
0.6848 -7.7931 1.9600
0.6848 -7.9831 1.9000
0.6848 -8.2431 1.8500
0.3348 -1.6031 2.7200
0.3348 -1.8431 2.6700
0.3348 -2.0631 2.6400
0.3448 -2.3331 2.6200
0.3448 -2.5831 2.5800
0.3448 -2.8131 2.5500
0.3448 -3.0531 2.5000
0.3448 -3.3131 2.4600
0.3548 -3.5531 2.4300
0.3548 -3.7931 2.4000
0.3548 -4.0231 2.3400
0.3548 -4.2931 2.3400
0.3548 -4.5131 2.2900
0.3648 -4.7631 2.2800
0.3648 -5.0231 2.2800
0.3648 -5.2631 2.2200
0.3648 -5.4731 2.1900
0.3748 -5.7431 2.1600
0.3748 -5.9731 2.1300
0.3748 -6.2231 2.1100
0.3748 -6.4431 2.0400
0.3848 -6.7031 2.0300
0.3848 -6.9531 1.9800
0.3848 -7.2231 1.9800
0.3848 -7.4331 1.9100
0.3848 -7.7031 1.8900
0.3948 -7.9531 1.8400
0.3948 -8.1531 1.7700
0.0948 -1.4131 2.6800
0.0948 -1.6731 2.6500
0.1048 -1.9131 2.6400
0.1048 -2.1531 2.6000
0.1048 -2.3931 2.5500
0.1048 -2.6331 2.5300
0.1048 -2.8631 2.5100
0.1148 -3.1231 2.4700
0.1148 -3.3631 2.4400
0.1148 -3.5931 2.4100
0.1148 -3.8431 2.3500
0.1248 -4.0731 2.3100
0.1248 -4.3031 2.3000
0.1248 -4.5431 2.2700
0.1248 -4.8231 2.2600
0.1248 -5.0731 2.2000
0.1348 -5.3031 2.2000
0.1348 -5.5631 2.1300
0.1348 -5.8131 2.1100
0.1348 -6.0531 2.0700
0.1448 -6.2831 2.0600
0.1448 -6.5231 2.0200
0.1448 -6.7531 1.9800
0.1448 -6.9831 1.9500
0.1448 -7.2231 1.9400
0.1548 -7.4731 1.9000
0.1548 -7.6931 1.8300
-0.1352 -1.3831 2.6500
-0.1352 -1.6431 2.6300
-0.1352 -1.9031 2.6300
-0.1352 -2.1331 2.5800
-0.1252 -2.3831 2.5600
-0.1252 -2.6031 2.4900
-0.1252 -2.8531 2.4500
-0.1252 -3.0731 2.4500
-0.1252 -3.3331 2.3900
-0.1152 -3.5931 2.3600
-0.1152 -3.8231 2.3300
-0.1152 -4.0931 2.3000
-0.1152 -4.3431 2.2800
-0.1052 -4.5931 2.2400
-0.1052 -4.8231 2.2100
-0.1052 -5.0431 2.1800
-0.1052 -5.2931 2.1700
-0.1052 -5.5131 2.1200
-0.0952 -5.7331 2.0900
-0.0952 -5.9931 2.0600
-0.0952 -6.2231 2.0500
-0.0952 -6.4531 1.9800
-0.0852 -6.6931 1.9900
-0.0852 -6.9031 1.9400
-0.0852 -7.1631 1.9000
-0.0852 -7.4031 1.8500
-0.0852 -7.6531 1.8500
-0.4152 -1.5931 2.6100
-0.4052 -1.8331 2.5800
-0.4052 -2.0831 2.5500
-0.4052 -2.3531 2.4900
-0.4052 -2.5931 2.4600
-0.4052 -2.8331 2.4200
-0.3952 -3.0631 2.4100
-0.3952 -3.3031 2.3500
-0.3952 -3.5431 2.3600
-0.3952 -3.7631 2.3000
-0.3852 -3.9831 2.3000
-0.3852 -4.2531 2.2600
-0.3852 -4.4831 2.2200
-0.3852 -4.6931 2.1700
-0.3852 -4.9331 2.1600
-0.3752 -5.1631 2.1200
-0.3752 -5.4331 2.0900
-0.3752 -5.6731 2.0700
-0.3752 -5.8931 2.0100
-0.3752 -6.1231 2.0100
-0.3652 -6.3731 1.9700
-0.3652 -6.6231 1.9400
-0.3652 -6.8431 1.9400
-0.3652 -7.0831 1.8600
-0.3652 -7.3031 1.7900
-0.6652 -1.3831 2.6100
-0.6652 -1.6131 2.5700
-0.6552 -1.8231 2.5500
-0.6552 -2.0731 2.5100
-0.6552 -2.3131 2.4800
-0.6552 -2.5431 2.4300
-0.6552 -2.7731 2.4100
-0.6452 -3.0031 2.3800
-0.6452 -3.2431 2.3400
-0.6452 -3.4931 2.3200
-0.6452 -3.7531 2.2900
-0.6452 -3.9931 2.2800
-0.6352 -4.2131 2.2300
-0.6352 -4.4431 2.2100
-0.6352 -4.6831 2.1400
-0.6352 -4.9031 2.1200
-0.6252 -5.1731 2.1100
-0.6252 -5.3931 2.0700
-0.6252 -5.6231 2.0200
-0.6252 -5.8831 2.0200
-0.6252 -6.1231 1.9800
-0.6152 -6.3831 1.9500
-0.6152 -6.6331 1.9000
-0.6152 -6.8531 1.8800
-0.8652 -1.4731 2.5600
-0.8652 -1.7231 2.5100
-0.8652 -1.9831 2.5000
-0.8552 -2.1831 2.4800
-0.8552 -2.4431 2.4500
-0.8552 -2.6631 2.3800
-0.8552 -2.9231 2.3600
-0.8552 -3.1331 2.3300
-0.8452 -3.3931 2.3200
-0.8452 -3.6231 2.2700
-0.8452 -3.8631 2.2600
-0.8452 -4.1131 2.2000
-0.8352 -4.3531 2.1700
-0.8352 -4.6031 2.1200
-0.8352 -4.8731 2.1300
-0.8352 -5.0931 2.0700
-0.8352 -5.3431 2.0600
-0.8252 -5.5731 2.0200
-0.8252 -5.8031 2.0000
-0.8252 -6.0531 1.9900
-0.8252 -6.2831 1.9600
-0.8152 -6.5031 1.8500
-0.8152 -6.7831 1.8200
-1.0752 -1.5931 2.5300
-1.0752 -1.8331 2.4800
-1.0652 -2.0731 2.4500
-1.0652 -2.2931 2.4000
-1.0652 -2.5431 2.3800
-1.0652 -2.7931 2.3700
-1.0652 -3.0331 2.3000
-1.0552 -3.3031 2.2900
-1.0552 -3.5231 2.2500
-1.0552 -3.7831 2.2200
-1.0552 -4.0131 2.1900
-1.0552 -4.2431 2.1800
-1.0452 -4.4831 2.1500
-1.0452 -4.7231 2.1100
-1.0452 -4.9731 2.0700
-1.0452 -5.2231 2.0400
-1.0352 -5.4531 2.0100
-1.0352 -5.6931 1.9700
-1.0352 -5.9131 1.9600
-1.0352 -6.1731 1.9200
-1.0352 -6.3931 1.8400
-1.3252 -1.7431 2.4600
-1.3252 -1.9631 2.4200
-1.3252 -2.2231 2.3800
-1.3152 -2.4531 2.3400
-1.3152 -2.6831 2.3300
-1.3152 -2.9131 2.2900
-1.3152 -3.1731 2.2500
-1.3052 -3.4231 2.2200
-1.3052 -3.6731 2.2100
-1.3052 -3.9031 2.1900
-1.3052 -4.1331 2.1500
-1.3052 -4.3931 2.1100
-1.2952 -4.6131 2.0800
-1.2952 -4.8331 2.0700
-1.2952 -5.1031 2.0400
-1.2952 -5.3331 1.9900
-1.2952 -5.5731 1.9500
-1.2852 -5.8231 1.9500
-1.2852 -6.0231 1.8900
-1.2852 -6.3031 1.8300
-1.5452 -1.7931 2.4800
-1.5452 -2.0031 2.4000
-1.5452 -2.2031 2.3400
-1.5452 -2.4831 2.3400
-1.5452 -2.7131 2.3000
-1.5352 -2.9431 2.2700
-1.5352 -3.2031 2.2400
-1.5352 -3.4231 2.2000
-1.5352 -3.6931 2.2100
-1.5352 -3.9131 2.1600
-1.5252 -4.1731 2.1500
-1.5252 -4.4231 2.0900
-1.5252 -4.6731 2.0800
-1.5252 -4.9031 2.0300
-1.5252 -5.1431 2.0000
-1.5152 -5.3931 1.9600
-1.5152 -5.6531 1.9200
-1.5152 -5.8731 1.8700
-1.7352 -1.8631 2.4000
-1.7252 -2.1031 2.3500
-1.7252 -2.3431 2.3300
-1.7252 -2.5731 2.2700
-1.7252 -2.8431 2.2500
-1.7252 -3.1031 2.2400
-1.7152 -3.3231 2.1900
-1.7152 -3.5731 2.1600
-1.7152 -3.8331 2.1300
-1.7152 -4.0731 2.1100
-1.7052 -4.3131 2.0900
-1.7052 -4.5431 2.0600
-1.7052 -4.7831 2.0100
-1.7052 -5.0431 2.0300
-1.7052 -5.2731 1.9700
-1.6952 -5.5131 1.9200
-1.6952 -5.7331 1.8300
-1.9552 -2.1231 2.3100
-1.9452 -2.4131 2.3100
-1.9452 -2.6231 2.2500
-1.9452 -2.8431 2.2100
-1.9452 -3.0931 2.1900
-1.9452 -3.3631 2.1700
-1.9352 -3.5831 2.1100
-1.9352 -3.8331 2.1100
-1.9352 -4.0831 2.0800
-1.9352 -4.3331 2.0600
-1.9252 -4.5531 2.0000
-1.9252 -4.8031 1.9800
-1.9252 -5.0631 1.9400
-1.9252 -5.2931 1.8900
-1.9252 -5.5431 1.8300
-2.2552 -2.3731 2.2700
-2.2552 -2.6131 2.2200
-2.2552 -2.8431 2.2000
-2.2452 -3.0931 2.1600
-2.2452 -3.3531 2.1200
-2.2452 -3.6131 2.1100
-2.2452 -3.8431 2.0600
-2.2452 -4.1131 2.0500
-2.2352 -4.3731 2.0000
-2.2352 -4.6031 1.9900
-2.2352 -4.8131 1.9500
-2.2352 -5.0131 1.8800
-2.2352 -5.2431 1.7900
-2.5452 -2.5931 2.2700
-2.5352 -2.8231 2.1700
-2.5352 -3.0331 2.1300
-2.5352 -3.2731 2.0800
-2.5352 -3.5131 2.0700
-2.5352 -3.7431 2.0400
-2.5252 -3.9731 2.0100
-2.5252 -4.2231 1.9800
-2.5252 -4.4531 1.9500
-2.5252 -4.6731 1.9000
-2.5252 -4.8631 1.7900
-2.7552 -2.8031 2.2300
-2.7552 -2.9931 2.1200
-2.7552 -3.2131 2.0800
-2.7452 -3.4731 2.0400
-2.7452 -3.7331 2.0000
-2.7452 -3.9631 1.9900
-2.7452 -4.1831 1.9500
-2.7352 -4.3931 1.8900
-2.7352 -4.6531 1.8400
-2.9652 -3.0831 2.1000
-2.9652 -3.3031 2.0400
-2.9552 -3.5531 2.0100
-2.9552 -3.7631 2.0000
-2.9552 -4.0031 1.9500
-2.9552 -4.2531 1.8700
-2.9352 -6.2231 2.4700
-3.2152 -3.3531 2.0200
-3.2152 -3.5831 1.9700
-3.2052 -3.7731 1.9200
-3.2052 -4.0231 1.8900
-3.1952 -6.0631 6.2400
-3.1852 -6.1231 5.6700
-3.1852 -6.4931 2.4400
-3.4452 -3.5131 1.9800
-3.4452 -3.7231 1.8800
-3.4252 -5.7831 6.3500
-3.4252 -6.0031 6.3100
-3.4252 -6.1031 5.8100
-3.4152 -6.2831 5.6600
-3.4152 -6.4831 5.4800
-3.4252 -6.0331 4.1900
-3.4252 -6.0731 3.5700
-3.4252 -6.1131 2.9700
-3.4252 -6.0631 2.1400
-3.4252 -6.0931 1.4500
-3.4252 -6.0331 0.4900
-3.6152 -5.6131 6.2900
-3.6152 -5.8631 6.2600
-3.6152 -6.0631 6.0700
-3.6152 -6.2231 5.7500
-3.6052 -6.4331 5.6800
-3.6052 -6.6331 5.5000
-3.6152 -6.1631 4.1500
-3.6152 -6.2631 3.6600
-3.6152 -6.2031 2.8000
-3.6152 -6.2231 2.1600
-3.6152 -6.1631 1.2800
-3.6152 -6.2631 0.7600
-3.8152 -5.4231 6.3700
-3.8152 -5.6631 6.2900
-3.8152 -5.8231 6.0500
-3.8152 -5.9831 5.7800
-3.8152 -6.2131 5.7400
-3.8052 -6.4831 5.7300
-3.8052 -6.7131 5.6400
-3.8152 -6.2831 4.4200
-3.8052 -6.3531 3.9700
-3.8052 -6.4731 3.5600
-3.8052 -6.7031 3.4900
-3.8052 -6.4131 2.6700
-3.8052 -6.4431 1.9800
-3.8052 -6.3931 1.1000
-3.8052 -6.5031 0.6600
-4.0552 -5.0831 6.3400
-4.0552 -5.3031 6.3000
-4.0552 -5.5131 6.1700
-4.0552 -5.6731 5.8300
-4.0552 -5.8731 5.7600
-4.0452 -6.1231 5.7500
-4.0452 -6.3931 5.7500
-4.0452 -6.6431 5.7200
-4.0452 -6.8831 5.6500
-4.0452 -6.3631 4.1700
-4.0352 -7.1231 5.5900
-4.0452 -6.5031 3.8300
-4.0452 -6.7331 3.7600
-4.0452 -6.6231 2.7000
-4.0452 -6.4831 1.6000
-4.0452 -6.4831 0.9400
-4.0452 -6.6531 0.7500
-4.0452 -6.7431 0.3000
-4.2652 -4.9031 6.3200
-4.2552 -5.1431 6.2600
-4.2552 -5.3331 6.0500
-4.2552 -5.5031 5.8000
-4.2552 -5.7631 5.7800
-4.2552 -5.9931 5.7600
-4.2452 -6.2331 5.7600
-4.2452 -6.4731 5.7400
-4.2452 -6.7131 5.7400
-4.2452 -6.9431 5.7300
-4.2452 -7.1731 5.6300
-4.2452 -6.5531 3.8600
-4.2452 -6.7831 3.8000
-4.2452 -6.9831 3.7100
-4.2452 -6.8531 2.6400
-4.2452 -6.2931 1.0100
-4.2352 -7.0431 2.5000
-4.2452 -6.4831 0.8900
-4.2452 -6.7231 0.8200
-4.2452 -6.9331 0.6900
-4.4352 -4.6331 6.3300
-4.4352 -4.8731 6.3200
-4.4352 -5.0531 6.1700
-4.4252 -5.2131 5.9000
-4.4252 -5.4331 5.8000
-4.4252 -5.6731 5.8000
-4.4252 -5.8931 5.7700
-4.4252 -6.1431 5.7500
-4.4152 -6.3731 5.7500
-4.4152 -6.6131 5.7600
-4.4152 -6.8931 5.7500
-4.4152 -7.1231 5.7200
-4.4052 -7.3331 5.6200
-4.4152 -6.7231 3.8500
-4.4152 -6.9331 3.8100
-4.4152 -7.1631 3.7300
-4.4152 -7.0131 2.5800
-4.4152 -6.4231 0.8900
-4.4152 -7.1931 2.3100
-4.4152 -6.6831 0.8700
-4.4152 -6.8931 0.8000
-4.4152 -7.0931 0.6900
-4.6652 -4.2931 6.3700
-4.6652 -4.5131 6.3200
-4.6652 -4.7531 6.3300
-4.6652 -4.8931 5.9700
-4.6552 -5.1031 5.8300
-4.6552 -5.3331 5.8000
-4.6552 -5.5531 5.7800
-4.6552 -5.8131 5.8000
-4.6552 -6.0631 5.7700
-4.6452 -6.2831 5.7800
-4.6452 -6.5831 5.7700
-4.6452 -6.8031 5.7500
-4.6452 -7.0431 5.7600
-4.6352 -7.2831 5.7200
-4.6352 -7.5331 5.6700
-4.6452 -6.9131 3.8900
-4.6452 -7.1531 3.8100
-4.6352 -7.1931 3.2000
-4.6352 -7.2331 2.6200
-4.6352 -7.3931 2.3600
-4.6452 -6.8931 0.9200
-4.6452 -7.1231 0.8100
-4.6352 -7.3331 0.7300
-4.9952 -3.9831 6.3400
-4.9952 -4.2031 6.3000
-4.9952 -4.4131 6.2300
-4.9852 -4.5731 5.9100
-4.9852 -4.7931 5.8300
-4.9852 -5.0431 5.8200
-4.9852 -5.2431 5.8000
-4.9852 -5.5231 5.8000
-4.9752 -5.7831 5.7900
-4.9752 -6.0431 5.7800
-4.9752 -6.2931 5.7800
-4.9752 -6.5531 5.7700
-4.9652 -6.8031 5.7700
-4.9652 -7.0331 5.7400
-4.9652 -7.2931 5.7500
-4.9652 -7.5231 5.7300
-4.9652 -7.7531 5.6800
-4.9652 -7.4731 4.1400
-4.9652 -7.4831 3.4800
-4.9652 -7.4731 2.6500
-4.9652 -7.5531 2.1500
-4.9652 -7.4431 1.1600
-4.9652 -7.5031 0.6200
-5.2952 -3.5731 6.4000
-5.2952 -3.8231 6.3400
-5.2852 -4.0531 6.2500
-5.2852 -4.2331 6.0100
-5.2852 -4.4131 5.8500
-5.2852 -4.6831 5.8300
-5.2852 -4.9231 5.8200
-5.2752 -5.1831 5.8000
-5.2752 -5.4131 5.8300
-5.2752 -5.6631 5.7900
-5.2752 -5.8931 5.8000
-5.2652 -6.1531 5.8000
-5.2652 -6.4231 5.7900
-5.2652 -6.6731 5.7700
-5.2652 -6.9031 5.7700
-5.2652 -7.1531 5.7800
-5.2552 -7.4231 5.7800
-5.2552 -7.6531 5.7500
-5.2552 -7.8631 5.7100
-5.2552 -8.1131 5.6600
-5.2552 -7.6531 4.3400
-5.2552 -7.7731 3.9900
-5.2552 -7.7231 3.1100
-5.2552 -7.7431 2.4200
-5.2552 -7.7431 1.6900
-5.2552 -7.7731 1.0100
-5.5052 -3.4731 6.3700
-5.5052 -3.6831 6.3000
-5.5052 -3.8631 6.1500
-5.4952 -4.0331 5.9100
-5.4952 -4.2831 5.8500
-5.4952 -4.5331 5.8500
-5.4952 -4.7931 5.8300
-5.4952 -5.0331 5.8300
-5.4852 -5.2731 5.8100
-5.4852 -5.5331 5.8200
-5.4852 -5.7531 5.8100
-5.4852 -6.0031 5.8000
-5.4752 -6.2531 5.7900
-5.4752 -6.4831 5.7600
-5.4752 -6.7631 5.7900
-5.4752 -7.0131 5.7600
-5.4752 -7.2531 5.7600
-5.4652 -7.5131 5.7700
-5.4652 -7.7631 5.7700
-5.4652 -8.0231 5.7300
-5.4652 -8.2531 5.6900
-5.4652 -7.8131 4.4300
-5.4552 -8.4831 5.6000
-5.4652 -7.9531 4.0700
-5.4652 -7.9631 3.4000
-5.4652 -7.9131 2.5700
-5.4652 -7.9831 2.0600
-5.4652 -7.9831 1.2500
-5.4652 -8.0531 0.7500
-5.7152 -3.1831 6.2800
-5.7052 -3.4131 6.3000
-5.7052 -3.6331 6.1600
-5.7052 -3.8031 5.9200
-5.7052 -4.0231 5.8600
-5.7052 -4.2631 5.8600
-5.6952 -4.5231 5.8300
-5.6952 -4.7631 5.8200
-5.6952 -5.0231 5.8400
-5.6952 -5.2831 5.8300
-5.6852 -5.5231 5.8200
-5.6852 -5.7831 5.8100
-5.6852 -6.0331 5.8000
-5.6852 -6.3031 5.8000
-5.6852 -6.5431 5.8100
-5.6752 -6.8031 5.7800
-5.6752 -7.0531 5.7700
-5.6752 -7.2931 5.7600
-5.6752 -7.5231 5.7500
-5.6652 -7.7831 5.7400
-5.6652 -8.0431 5.7500
-5.6652 -8.2631 5.7000
-5.6652 -8.4931 5.6600
-5.6652 -8.0131 4.2800
-5.6652 -8.1331 3.8800
-5.6652 -8.1831 3.2400
-5.6652 -8.1631 2.5100
-5.6652 -8.1631 1.7400
-5.6652 -8.2031 1.0900
-5.6652 -8.3031 0.6200
-5.9752 -2.9531 6.3600
-5.9652 -3.1631 6.3000
-5.9652 -3.3831 6.1500
-5.9652 -3.5731 5.9200
-5.9652 -3.8031 5.9000
-5.9652 -4.0531 5.8900
-5.9552 -4.3131 5.8900
-5.9552 -4.5731 5.8600
-5.9552 -4.8031 5.8500
-5.9552 -5.0531 5.8300
-5.9552 -5.3231 5.8200
-5.9452 -5.5631 5.8300
-5.9452 -5.8131 5.8400
-5.9452 -6.0431 5.8000
-5.9452 -6.2931 5.8100
-5.9352 -6.5531 5.7800
-5.9352 -6.8131 5.7900
-5.9352 -7.0431 5.7700
-5.9352 -7.2831 5.7800
-5.9252 -7.5531 5.7800
-5.9252 -7.8131 5.7700
-5.9252 -8.0631 5.7600
-5.9252 -8.3031 5.7400
-5.9252 -8.5731 5.7200
-5.9152 -8.8031 5.5900
-5.9252 -8.2031 3.8600
-5.9252 -8.3731 3.6700
-5.9252 -8.3731 2.9500
-5.9252 -8.4031 2.3100
-5.9252 -8.4031 1.6000
-5.9252 -8.4131 0.9500
-5.9252 -8.4531 0.4300
-6.2252 -2.7831 6.3600
-6.2252 -3.0131 6.2700
-6.2252 -3.1831 6.0500
-6.2252 -3.3731 5.9100
-6.2152 -3.6431 5.8900
-6.2152 -3.8931 5.8900
-6.2152 -4.1331 5.8900
-6.2152 -4.3931 5.9000
-6.2152 -4.6431 5.8700
-6.2052 -4.8831 5.8500
-6.2052 -5.1331 5.8300
-6.2052 -5.3831 5.8400
-6.2052 -5.6331 5.8300
-6.1952 -5.8831 5.8400
-6.1952 -6.1431 5.8300
-6.1952 -6.3831 5.8300
-6.1952 -6.6531 5.8200
-6.1852 -6.9131 5.7900
-6.1852 -7.1731 5.7900
-6.1852 -7.4231 5.7900
-6.1852 -7.6631 5.7700
-6.1852 -7.9231 5.7800
-6.1752 -8.1431 5.7600
-6.1752 -8.3731 5.7700
-6.1752 -8.6131 5.7300
-6.1752 -8.8531 5.7000
-6.1752 -8.2131 3.8600
-6.1752 -9.0731 5.6000
-6.1752 -8.4331 3.7800
-6.1752 -8.6231 3.6700
-6.1752 -8.6131 2.9000
-6.1752 -8.6231 2.2600
-6.1752 -8.6131 1.4800
-6.1752 -8.7031 0.9500
-6.4452 -2.2931 6.3300
-6.4352 -2.7931 6.2800
-6.4352 -2.9731 6.0100
-6.4352 -3.1631 5.9400
-6.4352 -3.4131 5.9100
-6.4352 -3.6531 5.8800
-6.4252 -3.9331 5.9000
-6.4252 -4.1631 5.8800
-6.4252 -4.4131 5.8700
-6.4252 -4.6631 5.8600
-6.4252 -4.9431 5.8500
-6.4152 -5.1931 5.8200
-6.4152 -5.4531 5.8400
-6.4152 -5.7031 5.8400
-6.4152 -5.9531 5.8500
-6.4052 -6.1931 5.8200
-6.4052 -6.4331 5.8100
-6.4052 -6.6431 5.8200
-6.4052 -6.9031 5.8100
-6.3952 -7.1631 5.7900
-6.3952 -7.4031 5.8100
-6.3952 -7.6131 5.8000
-6.3952 -7.8631 5.7800
-6.3952 -8.1131 5.7700
-6.3852 -8.3731 5.7700
-6.3852 -8.6131 5.7400
-6.3852 -8.8431 5.7200
-6.3852 -9.0931 5.7000
-6.3852 -8.4431 3.8300
-6.3852 -9.3131 5.6600
-6.3852 -8.6731 3.8200
-6.3852 -8.8231 3.5700
-6.3852 -8.7931 2.7200
-6.3852 -8.8331 2.0900
-6.3852 -8.8331 1.3400
-6.3852 -8.9031 0.8700
-6.6552 -2.0731 6.3400
-6.6452 -2.3331 6.3300
-6.6452 -2.5531 6.2400
-6.6452 -2.7331 6.0100
-6.6452 -2.9631 5.9400
-6.6352 -3.2031 5.9300
-6.6352 -3.4631 5.9000
-6.6352 -3.7331 5.9000
-6.6352 -3.9931 5.9200
-6.6352 -4.2231 5.8800
-6.6252 -4.4831 5.8900
-6.6252 -4.7131 5.8700
-6.6252 -4.9431 5.8700
-6.6252 -5.1631 5.8700
-6.6152 -5.4431 5.8400
-6.6152 -5.6731 5.8300
-6.6152 -5.9131 5.8400
-6.6152 -6.1231 5.8200
-6.6152 -6.3731 5.8400
-6.6052 -6.6531 5.8100
-6.6052 -6.9231 5.8200
-6.6052 -7.1331 5.8100
-6.6052 -7.3831 5.8000
-6.6052 -7.6331 5.7900
-6.5952 -7.8731 5.7700
-6.5952 -8.1131 5.7700
-6.5952 -8.3731 5.7700
-6.5952 -8.6131 5.7500
-6.5852 -8.8431 5.7500
-6.5852 -9.0931 5.7300
-6.5852 -9.3331 5.6500
-6.5852 -8.8931 4.3900
-6.5852 -9.0331 3.9900
-6.5852 -9.0131 3.2000
-6.5852 -9.0231 2.5300
-6.5852 -9.0531 1.8800
-6.5852 -9.0731 1.2400
-6.5852 -9.1131 0.6500
-6.8852 -1.8531 6.2900
-6.8852 -2.1131 6.3000
-6.8752 -2.3531 6.2200
-6.8752 -2.5331 6.0000
-6.8752 -2.7431 5.9500
-6.8752 -2.9631 5.9300
-6.8752 -3.2131 5.9300
-6.8652 -3.4531 5.9300
-6.8652 -3.7131 5.9100
-6.8652 -3.9331 5.9100
-6.8652 -4.1831 5.9000
-6.8552 -4.4331 5.9000
-6.8552 -4.6731 5.8800
-6.8552 -4.9131 5.8500
-6.8552 -5.1731 5.8700
-6.8552 -5.4131 5.8600
-6.8452 -5.6531 5.8300
-6.8452 -5.8931 5.8400
-6.8452 -6.1331 5.8300
-6.8452 -6.3831 5.8500
-6.8352 -6.6631 5.8300
-6.8352 -6.8931 5.8200
-6.8352 -7.1131 5.8100
-6.8352 -7.3831 5.8100
-6.8352 -7.6431 5.7900
-6.8252 -7.9031 5.7800
-6.8252 -8.1531 5.7800
-6.8252 -8.3931 5.7700
-6.8252 -8.6531 5.7700
-6.8152 -8.9031 5.7500
-6.8152 -9.1331 5.7500
-6.8152 -9.3531 5.7300
-6.8152 -9.5831 5.6100
-6.8152 -9.1331 4.2900
-6.8152 -9.2231 3.8100
-6.8152 -9.2531 3.1600
-6.8152 -9.2331 2.4100
-6.8152 -9.2231 1.7000
-6.8152 -9.2731 1.0300
-6.8152 -9.3731 0.6200
-7.0852 -1.5531 6.3900
-7.0852 -1.7831 6.3300
-7.0752 -2.0331 6.2900
-7.0752 -2.1931 6.1200
-7.0752 -2.3831 5.9700
-7.0752 -2.6331 5.9600
-7.0752 -2.8531 5.9000
-7.0752 -3.1131 5.9200
-7.0652 -3.3931 5.9500
-7.0652 -3.6331 5.9200
-7.0652 -3.8631 5.9000
-7.0652 -4.1031 5.9000
-7.0552 -4.3731 5.8900
-7.0552 -4.6031 5.9000
-7.0552 -4.8631 5.8900
-7.0552 -5.0931 5.8900
-7.0552 -5.3331 5.8600
-7.0452 -5.5931 5.8500
-7.0452 -5.8531 5.8600
-7.0452 -6.1031 5.8400
-7.0452 -6.3731 5.8200
-7.0352 -6.6031 5.8300
-7.0352 -6.8631 5.8200
-7.0352 -7.1131 5.8200
-7.0352 -7.3331 5.8100
-7.0252 -7.5831 5.8000
-7.0252 -7.8331 5.7900
-7.0252 -8.0931 5.7800
-7.0252 -8.3631 5.8000
-7.0252 -8.5931 5.7700
-7.0152 -8.8331 5.7700
-7.0152 -9.0931 5.7600
-7.0152 -9.3131 5.7000
-7.0152 -9.5531 5.7200
-7.0152 -9.7831 5.6400
-7.0152 -9.3031 4.2600
-7.0152 -9.4031 3.8500
-7.0152 -9.4431 3.1900
-7.0152 -9.4231 2.3800
-7.0152 -9.4431 1.7700
-7.0152 -9.4331 0.9700
-7.2652 -1.4331 6.3300
-7.2652 -1.6531 6.3200
-7.2552 -1.8931 6.2300
-7.2552 -2.0831 6.0700
-7.2552 -2.2731 5.9700
-7.2552 -2.5231 5.9600
-7.2552 -2.7731 5.9600
-7.2452 -3.0431 5.9500
-7.2452 -3.2631 5.9200
-7.2452 -3.4931 5.9200
-7.2452 -3.7731 5.9600
-7.2452 -4.0331 5.9100
-7.2352 -4.2831 5.9200
-7.2352 -4.5331 5.8900
-7.2352 -4.7731 5.8900
-7.2352 -5.0431 5.8900
-7.2252 -5.2731 5.8600
-7.2252 -5.5131 5.8600
-7.2252 -5.7431 5.8500
-7.2252 -6.0131 5.8600
-7.2152 -6.2631 5.8300
-7.2152 -6.5231 5.8300
-7.2152 -6.7631 5.8300
-7.2152 -7.0031 5.8500
-7.2152 -7.2631 5.8100
-7.2052 -7.5031 5.8200
-7.2052 -7.7331 5.8000
-7.2052 -7.9931 5.8100
-7.2052 -8.2431 5.7900
-7.1952 -8.5031 5.7900
-7.1952 -8.7431 5.7600
-7.1952 -8.9831 5.7700
-7.1952 -9.2531 5.7600
-7.1952 -9.5031 5.7400
-7.1852 -9.7331 5.6700
-7.1852 -9.9431 5.5900
-7.1952 -9.4931 4.2800
-7.1852 -9.5931 3.7800
-7.1852 -9.5331 2.8700
-7.1852 -9.5131 2.1100
-7.1852 -9.5131 1.4700
-7.1852 -9.5531 0.7500
-7.5052 -1.4831 6.3400
-7.4952 -1.6831 6.2000
-7.4952 -1.8531 6.0400
-7.4952 -2.0931 5.9900
-7.4952 -2.3631 5.9600
-7.4852 -2.6331 5.9600
-7.4852 -2.8831 5.9600
-7.4852 -3.1231 5.9600
-7.4852 -3.3831 5.9600
-7.4852 -3.6231 5.9300
-7.4752 -3.8631 5.9400
-7.4752 -4.0831 5.9300
-7.4752 -4.3631 5.9100
-7.4752 -4.6131 5.9100
-7.4752 -4.8631 5.8900
-7.4652 -5.0931 5.8800
-7.4652 -5.3431 5.8800
-7.4652 -5.5931 5.8800
-7.4652 -5.8431 5.8500
-7.4552 -6.0831 5.8700
-7.4552 -6.3231 5.8600
-7.4552 -6.5631 5.8600
-7.4552 -6.8431 5.8600
-7.4452 -7.0931 5.8200
-7.4452 -7.3231 5.8300
-7.4452 -7.5831 5.8300
-7.4452 -7.8531 5.8000
-7.4452 -8.1031 5.8000
-7.4352 -8.3431 5.8000
-7.4352 -8.6031 5.8000
-7.4352 -8.8631 5.7800
-7.4352 -9.0931 5.7700
-7.4252 -9.3231 5.7900
-7.4252 -9.5931 5.7500
-7.4252 -9.8331 5.6600
-7.4252 -9.4131 4.4600
-7.4252 -9.5131 4.0800
-7.4252 -9.5231 3.3700
-7.4252 -9.3531 2.2100
-7.4252 -9.4231 1.6000
-7.4252 -9.4231 0.8700
-7.8252 -1.5731 6.0300
-7.8252 -1.7931 6.0000
-7.8152 -2.0231 5.9900
-7.8152 -2.2931 5.9900
-7.8152 -2.5531 5.9700
-7.8152 -2.8031 5.9700
-7.8052 -3.0631 5.9700
-7.8052 -3.2931 5.9500
-7.8052 -3.5531 5.9400
-7.8052 -3.7931 5.9400
-7.8052 -4.0331 5.9500
-7.7952 -4.2631 5.9100
-7.7952 -4.5431 5.9000
-7.7952 -4.7731 5.9000
-7.7952 -5.0331 5.9000
-7.7852 -5.2831 5.8900
-7.7852 -5.5331 5.8700
-7.7852 -5.7931 5.8800
-7.7852 -6.0331 5.8600
-7.7852 -6.2831 5.8900
-7.7752 -6.5431 5.8500
-7.7752 -6.8231 5.8700
-7.7752 -7.0631 5.8600
-7.7752 -7.2831 5.8300
-7.7652 -7.5331 5.8200
-7.7652 -7.8131 5.8200
-7.7652 -8.0731 5.8300
-7.7652 -8.2731 5.7900
-7.7652 -8.5431 5.7900
-7.7552 -8.7931 5.7900
-7.7552 -9.0531 5.7900
-7.7552 -9.2731 5.7800
-7.7552 -9.5331 5.7700
-7.7452 -9.7831 5.7100
-7.7452 -10.0331 5.6700
-7.7552 -9.4531 3.9800
-7.7452 -9.6331 3.8000
-7.7552 -9.5531 2.8100
-7.7552 -9.5631 2.0200
-7.7452 -9.6631 1.6300
-8.1152 -1.5131 6.0400
-8.1052 -1.7531 6.0300
-8.1052 -2.0131 6.0100
-8.1052 -2.2331 6.0100
-8.1052 -2.4931 6.0200
-8.0952 -2.7431 5.9800
-8.0952 -2.9831 5.9700
-8.0952 -3.2331 5.9500
-8.0952 -3.5031 5.9800
-8.0952 -3.7331 5.9400
-8.0852 -3.9931 5.9500
-8.0852 -4.2531 5.9200
-8.0852 -4.5031 5.9200
-8.0852 -4.7531 5.9300
-8.0752 -5.0131 5.9200
-8.0752 -5.2631 5.8800
-8.0752 -5.5031 5.9000
-8.0752 -5.7331 5.8800
-8.0752 -6.0031 5.8800
-8.0652 -6.2431 5.8800
-8.0652 -6.5031 5.8800
-8.0652 -6.7531 5.8600
-8.0652 -6.9931 5.8400
-8.0552 -7.2631 5.8300
-8.0552 -7.4931 5.8400
-8.0552 -7.7331 5.8100
-8.0552 -8.0131 5.8200
-8.0452 -8.2731 5.8100
-8.0452 -8.5231 5.7900
-8.0452 -8.7931 5.8100
-8.0452 -9.0431 5.8000
-8.0452 -9.2731 5.7700
-8.0352 -9.5131 5.7900
-8.0352 -9.7331 5.7700
-8.0352 -9.9731 5.7400
-8.0352 -10.2031 5.6800
-8.0352 -9.5831 3.9000
-8.0352 -9.8231 3.8300
-8.0352 -10.0231 3.7200
-8.0352 -9.8431 2.5300
-8.0352 -9.8131 1.7000
-8.0352 -10.0031 1.5400
-8.3252 -1.3831 6.0400
-8.3152 -1.6431 6.0200
-8.3152 -1.8931 6.0100
-8.3152 -2.1531 6.0100
-8.3152 -2.3931 6.0200
-8.3152 -2.6631 5.9800
-8.3052 -2.9031 5.9800
-8.3052 -3.1531 5.9600
-8.3052 -3.4131 5.9500
-8.3052 -3.6631 5.9600
-8.2952 -3.8831 5.9100
-8.2952 -4.1631 5.9300
-8.2952 -4.3931 5.9300
-8.2952 -4.6331 5.9200
-8.2952 -4.9131 5.9100
-8.2852 -5.1431 5.9100
-8.2852 -5.4131 5.9200
-8.2852 -5.6331 5.9100
-8.2852 -5.9031 5.9000
-8.2752 -6.1631 5.8800
-8.2752 -6.4031 5.8700
-8.2752 -6.6731 5.8500
-8.2752 -6.9331 5.8400
-8.2652 -7.1931 5.8400
-8.2652 -7.4331 5.8200
-8.2652 -7.6731 5.8400
-8.2652 -7.9031 5.8200
-8.2652 -8.1531 5.8100
-8.2552 -8.3731 5.8100
-8.2552 -8.6331 5.8000
-8.2552 -8.8831 5.8100
-8.2552 -9.1231 5.7800
-8.2452 -9.3631 5.7900
-8.2452 -9.5931 5.7700
-8.2452 -9.8431 5.7800
-8.2452 -10.1031 5.7300
-8.2452 -10.3331 5.7000
-8.2452 -9.7131 3.9200
-8.2352 -10.5531 5.6500
-8.2452 -9.9331 3.8600
-8.2452 -10.1331 3.7800
-8.2452 -10.0631 2.7800
-8.2452 -9.9831 1.8400
-8.2452 -10.1031 1.4400
-8.2452 -10.0131 0.5200
-8.5252 -1.4931 6.0300
-8.5252 -1.7531 6.0300
-8.5252 -2.0031 6.0200
-8.5252 -2.2431 6.0100
-8.5152 -2.4831 5.9800
-8.5152 -2.7431 5.9800
-8.5152 -2.9931 5.9900
-8.5152 -3.2331 5.9700
-8.5152 -3.5031 5.9700
-8.5052 -3.7331 5.9700
-8.5052 -3.9931 5.9500
-8.5052 -4.2231 5.9400
-8.5052 -4.4831 5.9400
-8.4952 -4.7531 5.9300
-8.4952 -5.0031 5.9100
-8.4952 -5.2431 5.9300
-8.4952 -5.5331 5.9100
-8.4952 -5.7931 5.9100
-8.4852 -6.0231 5.8900
-8.4852 -6.2531 5.8900
-8.4852 -6.5031 5.8800
-8.4852 -6.7431 5.8700
-8.4752 -6.9631 5.8500
-8.4752 -7.2331 5.8500
-8.4752 -7.4731 5.8300
-8.4752 -7.7031 5.8500
-8.4752 -7.9331 5.8200
-8.4652 -8.1731 5.8300
-8.4652 -8.4331 5.8100
-8.4652 -8.6931 5.8300
-8.4652 -8.9331 5.8000
-8.4652 -9.1631 5.7700
-8.4552 -9.4131 5.8000
-8.4552 -9.6731 5.8000
-8.4552 -9.9131 5.7900
-8.4552 -10.1631 5.7800
-8.4452 -10.3831 5.7600
-8.4552 -9.7631 3.9900
-8.4452 -10.5931 5.6900
-8.4552 -9.9731 3.9100
-8.4552 -10.2331 3.8000
-8.4452 -10.4331 3.6800
-8.4452 -10.2031 2.2800
-8.4552 -10.1931 1.4200
-8.4552 -10.1631 0.6500
-8.7952 -1.4631 6.0400
-8.7952 -1.7031 6.0200
-8.7952 -1.9331 6.0300
-8.7952 -2.2031 6.0200
-8.7952 -2.4431 6.0000
-8.7852 -2.7031 6.0000
-8.7852 -2.9431 6.0000
-8.7852 -3.2031 6.0000
-8.7852 -3.4831 5.9800
-8.7752 -3.7331 5.9700
-8.7752 -3.9931 5.9800
-8.7752 -4.2231 5.9500
-8.7752 -4.4931 5.9600
-8.7652 -4.7231 5.9500
-8.7652 -4.9431 5.9500
-8.7652 -5.1831 5.9400
-8.7652 -5.4431 5.9100
-8.7652 -5.6831 5.9100
-8.7552 -5.9131 5.9200
-8.7552 -6.1431 5.9100
-8.7552 -6.3931 5.8800
-8.7552 -6.6531 5.8800
-8.7552 -6.9131 5.8700
-8.7452 -7.1331 5.8700
-8.7452 -7.3731 5.8300
-8.7452 -7.6231 5.8400
-8.7452 -7.8831 5.8500
-8.7352 -8.1131 5.8400
-8.7352 -8.3531 5.8300
-8.7352 -8.6231 5.8400
-8.7352 -8.8531 5.8200
-8.7252 -9.1031 5.8000
-8.7252 -9.3431 5.7900
-8.7252 -9.6131 5.7900
-8.7252 -9.8931 5.8000
-8.7252 -10.1231 5.7800
-8.7152 -10.3531 5.7700
-8.7152 -10.6131 5.7500
-8.7152 -10.8331 5.6800
-8.7252 -10.2431 3.9800
-8.7152 -10.4631 3.9200
-8.7152 -10.4631 3.2000
-8.7152 -10.4331 2.3600
-8.7152 -10.3931 1.4200
-8.7152 -10.4131 0.8200
-8.7152 -10.4531 0.2400
-9.0652 -1.6131 6.0500
-9.0652 -1.8531 6.0300
-9.0652 -2.1031 6.0300
-9.0652 -2.3731 6.0500
-9.0552 -2.6031 6.0100
-9.0552 -2.8431 6.0100
-9.0552 -3.0731 5.9800
-9.0552 -3.3231 5.9900
-9.0452 -3.5731 5.9800
-9.0452 -3.8131 5.9700
-9.0452 -4.0631 5.9800
-9.0452 -4.3031 5.9800
-9.0452 -4.5331 5.9800
-9.0352 -4.7831 5.9500
-9.0352 -5.0431 5.9300
-9.0352 -5.2831 5.9400
-9.0352 -5.5131 5.9200
-9.0252 -5.7631 5.9300
-9.0252 -6.0231 5.9000
-9.0252 -6.2631 5.9200
-9.0252 -6.5031 5.8900
-9.0252 -6.7531 5.8900
-9.0152 -6.9831 5.8700
-9.0152 -7.2331 5.8700
-9.0152 -7.5031 5.8400
-9.0152 -7.7631 5.8500
-9.0052 -8.0131 5.8400
-9.0052 -8.2631 5.8400
-9.0052 -8.5231 5.8300
-9.0052 -8.7531 5.8100
-9.0052 -8.9731 5.7900
-8.9952 -9.2231 5.8000
-8.9952 -9.4831 5.8100
-8.9952 -9.7431 5.7900
-8.9952 -10.0031 5.8000
-8.9952 -10.2331 5.7700
-8.9852 -10.4931 5.7900
-8.9852 -10.7331 5.7700
-8.9852 -10.9631 5.7300
-8.9852 -10.5131 4.4200
-8.9852 -11.1731 5.6300
-8.9852 -10.7131 4.3000
-8.9852 -10.6931 3.4800
-8.9852 -10.7431 2.9600
-8.9852 -10.8431 2.4600
-8.9852 -10.4831 1.4200
-8.9852 -10.7031 1.2900
-8.9852 -10.6731 0.4900
-9.2952 -1.3831 6.0600
-9.2952 -1.6131 6.0000
-9.2852 -1.9031 6.0300
-9.2852 -2.1331 6.0400
-9.2852 -2.3531 6.0000
-9.2852 -2.6131 6.0400
-9.2752 -2.8531 6.0000
-9.2752 -3.1031 5.9900
-9.2752 -3.3631 5.9900
-9.2752 -3.5931 6.0100
-9.2752 -3.8331 5.9800
-9.2652 -4.0731 5.9700
-9.2652 -4.3531 5.9900
-9.2652 -4.5631 5.9700
-9.2652 -4.8431 5.9600
-9.2552 -5.0731 5.9300
-9.2552 -5.3131 5.9500
-9.2552 -5.5731 5.9500
-9.2552 -5.8231 5.9400
-9.2552 -6.1031 5.9300
-9.2452 -6.3431 5.9100
-9.2452 -6.5731 5.8900
-9.2452 -6.8331 5.8900
-9.2452 -7.0831 5.8800
-9.2352 -7.3131 5.8700
-9.2352 -7.5531 5.8800
-9.2352 -7.7931 5.8500
-9.2352 -8.0631 5.8300
-9.2352 -8.3331 5.8500
-9.2252 -8.5731 5.8400
-9.2252 -8.8031 5.8400
-9.2252 -9.0731 5.8400
-9.2252 -9.3131 5.8100
-9.2252 -9.5331 5.8100
-9.2152 -9.7831 5.8200
-9.2152 -10.0331 5.7900
-9.2152 -10.2931 5.7700
-9.2152 -10.5631 5.7900
-9.2052 -10.7831 5.7900
-9.2052 -11.0431 5.7700
-9.2052 -11.2831 5.6600
-9.2052 -10.8431 4.4000
-9.2052 -10.9931 4.1000
-9.2052 -10.9431 3.2700
-9.2052 -10.9331 2.4900
-9.2052 -10.8931 1.5700
-9.2052 -10.8531 0.8000
-9.2052 -10.9131 0.3000
-9.2052 -11.1031 0.0500
-9.5052 -1.3831 6.0600
-9.4952 -1.6431 6.0400
-9.4952 -1.8831 6.0500
-9.4952 -2.1031 6.0200
-9.4952 -2.3531 6.0300
-9.4952 -2.6231 6.0200
-9.4852 -2.8531 6.0100
-9.4852 -3.1131 6.0300
-9.4852 -3.3531 6.0100
-9.4852 -3.5931 6.0000
-9.4752 -3.8431 5.9900
-9.4752 -4.1031 5.9900
-9.4752 -4.3631 5.9800
-9.4752 -4.6331 5.9700
-9.4752 -4.8631 5.9800
-9.4652 -5.1131 5.9600
-9.4652 -5.3331 5.9500
-9.4652 -5.5831 5.9400
-9.4652 -5.8431 5.9300
-9.4552 -6.0931 5.9300
-9.4552 -6.3531 5.9200
-9.4552 -6.6031 5.9100
-9.4552 -6.8531 5.9000
-9.4552 -7.0831 5.8900
-9.4452 -7.3331 5.8700
-9.4452 -7.5631 5.8800
-9.4452 -7.8231 5.8600
-9.4452 -8.0731 5.8500
-9.4452 -8.2931 5.8700
-9.4352 -8.5731 5.8400
-9.4352 -8.8331 5.8200
-9.4352 -9.0631 5.8200
-9.4352 -9.3231 5.8400
-9.4252 -9.5831 5.8100
-9.4252 -9.8431 5.8000
-9.4252 -10.0831 5.8000
-9.4252 -10.3231 5.8000
-9.4152 -10.6031 5.7800
-9.4152 -10.8431 5.7800
-9.4152 -11.0731 5.7800
-9.4152 -11.3231 5.7600
-9.4152 -10.8631 4.4300
-9.4152 -11.5631 5.6800
-9.4152 -11.0931 4.3200
-9.4152 -11.1031 3.6200
-9.4152 -11.1331 2.9900
-9.4152 -11.0931 2.1700
-9.4152 -11.0631 1.3200
-9.4152 -11.0331 0.5200
-9.4152 -11.1731 0.1600
-9.7352 -1.5331 6.0700
-9.7352 -1.7631 6.0400
-9.7352 -1.9931 6.0500
-9.7252 -2.2531 6.0300
-9.7252 -2.5231 6.0100
-9.7252 -2.7831 6.0100
-9.7252 -3.0331 6.0100
-9.7252 -3.2731 6.0100
-9.7152 -3.5431 6.0200
-9.7152 -3.7831 6.0000
-9.7152 -4.0031 5.9900
-9.7152 -4.2431 5.9800
-9.7052 -4.5031 5.9800
-9.7052 -4.7831 5.9700
-9.7052 -5.0331 5.9700
-9.7052 -5.2731 5.9700
-9.7052 -5.4931 5.9500
-9.6952 -5.7731 5.9300
-9.6952 -6.0131 5.9500
-9.6952 -6.2131 5.9000
-9.6952 -6.5031 5.9200
-9.6852 -6.7331 5.8900
-9.6852 -7.0031 5.8800
-9.6852 -7.2331 5.8800
-9.6852 -7.4831 5.8700
-9.6852 -7.7631 5.8600
-9.6752 -8.0031 5.8500
-9.6752 -8.2731 5.8900
-9.6752 -8.5031 5.8600
-9.6752 -8.7631 5.8300
-9.6652 -9.0331 5.8300
-9.6652 -9.2531 5.8300
-9.6652 -9.4831 5.8200
-9.6652 -9.7531 5.8100
-9.6552 -10.0231 5.8100
-9.6552 -10.2431 5.7900
-9.6552 -10.4931 5.8000
-9.6552 -10.7431 5.7600
-9.6552 -11.0131 5.7800
-9.6452 -11.3031 5.9400
-9.6452 -11.4631 5.7200
-9.6452 -11.3031 4.4900
-9.6452 -11.3431 3.7700
-9.6452 -11.3131 2.9500
-9.6452 -11.2731 2.1100
-9.6452 -11.2931 1.3800
-9.6452 -11.2631 0.5400
-9.6452 -11.3331 0.0700
-9.9452 -1.6231 6.0600
-9.9452 -1.8631 6.0400
-9.9452 -2.1031 6.0400
-9.9352 -2.3431 6.0500
-9.9352 -2.6031 6.0300
-9.9352 -2.8531 6.0000
-9.9352 -3.1231 6.0300
-9.9352 -3.3431 6.0200
-9.9252 -3.6031 6.0200
-9.9252 -3.8531 6.0000
-9.9252 -4.0931 6.0100
-9.9252 -4.3431 6.0000
-9.9152 -4.5831 5.9600
-9.9152 -4.8331 5.9600
-9.9152 -5.0931 5.9700
-9.9152 -5.3331 5.9700
-9.9152 -5.5831 5.9600
-9.9052 -5.8431 5.9400
-9.9052 -6.1031 5.9400
-9.9052 -6.3631 5.9200
-9.9052 -6.6031 5.9300
-9.8952 -6.8531 5.9200
-9.8952 -7.1231 5.9200
-9.8952 -7.3531 5.8900
-9.8952 -7.5931 5.8900
-9.8852 -7.8431 5.8900
-9.8852 -8.1131 5.8500
-9.8852 -8.3531 5.8400
-9.8852 -8.6231 5.8600
-9.8852 -8.8331 5.8400
-9.8752 -9.0931 5.8300
-9.8752 -9.3431 5.8400
-9.8752 -9.5931 5.8100
-9.8752 -9.8431 5.8200
-9.8652 -10.1031 5.7900
-9.8652 -10.3731 5.7900
-9.8652 -10.6231 5.8100
-9.8652 -10.9131 5.8300
-9.8552 -11.3131 6.3300
-9.8552 -11.3031 5.5700
-9.8552 -11.3331 4.9600
-9.8552 -11.3631 4.3600
-9.8552 -11.3731 3.6900
-9.8552 -11.4431 3.1400
-9.8552 -11.2431 1.8500
-9.8552 -11.2631 1.2200
-9.8552 -11.2331 0.4500
-9.8552 -11.3331 0.0000
-10.1352 -1.5631 6.0800
-10.1352 -1.7931 6.0400
-10.1252 -2.0531 6.0300
-10.1252 -2.3131 6.0500
-10.1252 -2.5431 6.0500
-10.1252 -2.7931 6.0300
-10.1152 -3.0431 6.0100
-10.1152 -3.3131 6.0300
-10.1152 -3.5431 6.0400
-10.1152 -3.7931 6.0200
-10.1152 -4.0531 6.0000
-10.1052 -4.3231 6.0100
-10.1052 -4.5631 5.9700
-10.1052 -4.8031 5.9800
-10.1052 -5.0731 5.9800
-10.0952 -5.3331 5.9600
-10.0952 -5.5631 5.9400
-10.0952 -5.7931 5.9500
-10.0952 -6.0631 5.9400
-10.0952 -6.3231 5.9300
-10.0852 -6.5531 5.9400
-10.0852 -6.8131 5.9200
-10.0852 -7.0531 5.9200
-10.0852 -7.3131 5.8700
-10.0752 -7.5531 5.8800
-10.0752 -7.8031 5.8800
-10.0752 -8.0631 5.8700
-10.0752 -8.3231 5.8400
-10.0752 -8.5931 5.8200
-10.0652 -8.8331 5.8200
-10.0652 -9.0931 5.8300
-10.0652 -9.3431 5.8300
-10.0652 -9.5931 5.8400
-10.0552 -9.8131 5.8100
-10.0552 -10.0331 5.8000
-10.0552 -10.2831 5.8000
-10.0552 -10.5631 5.8200
-10.0452 -10.9731 6.3100
-10.0452 -11.1731 6.2900
-10.0452 -11.1131 5.3800
-10.0452 -11.2131 4.9100
-10.0452 -11.2231 4.2000
-10.0452 -11.2131 3.4800
-10.0452 -11.3231 3.0700
-10.0452 -10.9531 1.9800
-10.0452 -11.5531 2.9800
-10.0452 -11.0631 1.5700
-10.0452 -11.0631 0.8800
-10.0452 -11.0731 0.2400
-10.3752 -1.3831 6.0500
-10.3752 -1.6231 6.0600
-10.3752 -1.8831 6.0600
-10.3752 -2.1331 6.0700
-10.3652 -2.3831 6.0500
-10.3652 -2.6431 6.0500
-10.3652 -2.9131 6.0400
-10.3652 -3.1431 6.0400
-10.3652 -3.3931 6.0100
-10.3552 -3.6531 5.9900
-10.3552 -3.9231 6.0300
-10.3552 -4.1431 6.0200
-10.3552 -4.3831 5.9900
-10.3452 -4.6631 6.0000
-10.3452 -4.9031 5.9600
-10.3452 -5.1431 5.9700
-10.3452 -5.4131 5.9700
-10.3452 -5.6431 5.9400
-10.3352 -5.9031 5.9400
-10.3352 -6.1331 5.9500
-10.3352 -6.3931 5.9400
-10.3352 -6.6631 5.9300
-10.3252 -6.9131 5.9000
-10.3252 -7.1731 5.9100
-10.3252 -7.4231 5.8900
-10.3252 -7.6831 5.8600
-10.3252 -7.9131 5.8400
-10.3152 -8.1731 5.8900
-10.3152 -8.4031 5.8800
-10.3152 -8.6231 5.8200
-10.3152 -8.8831 5.8500
-10.3052 -9.1231 5.8300
-10.3052 -9.3731 5.8400
-10.3052 -9.5931 5.8400
-10.3052 -9.8531 5.8200
-10.3052 -10.0831 5.8200
-10.2952 -10.3431 5.8300
-10.2952 -10.7731 6.3400
-10.2952 -10.7831 5.6100
-10.2952 -10.8631 5.1600
-10.2952 -10.9131 4.6200
-10.2952 -10.9331 3.9500
-10.2952 -10.9631 3.3000
-10.2952 -11.1131 2.9700
-10.2952 -10.7231 1.8500
-10.2952 -10.7431 1.1900
-10.2952 -10.6931 0.4400
-10.2952 -10.8431 0.0300
13.6948 12.3669 5.1400
13.6948 12.1569 5.0000
13.6948 11.9469 4.8700
13.6948 11.7369 4.6900
13.6948 11.5169 4.5500
13.6948 11.3169 4.4600
13.7048 11.1069 4.3200
13.7048 10.9169 4.1500
13.6948 12.0669 0.9900
13.4448 12.4269 5.2300
13.4548 12.1969 5.1700
13.4548 12.0269 5.0000
13.4548 11.7969 4.8900
13.4548 11.5969 4.7500
13.4548 11.3669 4.6200
13.4648 11.1769 4.4700
13.4648 10.9869 4.3200
13.4648 10.7769 4.2000
13.4548 11.8969 1.1300
13.4648 10.5669 4.0800
13.4548 11.6769 1.0500
13.4548 11.5269 0.7800
13.2448 12.3169 5.3600
13.2448 12.1069 5.1800
13.2448 11.9069 5.0600
13.2448 11.7069 4.9500
13.2548 11.5269 4.8000
13.2548 11.3069 4.6800
13.2548 11.0769 4.5500
13.2548 10.8769 4.3800
13.2548 10.7069 4.2600
13.2648 10.4669 4.1500
13.2548 11.5969 1.0500
13.2548 11.3669 0.8900
12.9948 12.4469 5.5200
12.9948 12.2069 5.4500
12.9948 12.0169 5.3100
13.0048 11.8169 5.1400
13.0048 11.5969 5.0000
13.0048 11.3969 4.8600
13.0048 11.1869 4.7600
13.0048 10.9769 4.6300
13.0048 10.7669 4.4700
13.0148 10.5569 4.3800
13.0148 10.3869 4.1600
13.0048 11.4869 1.1300
13.0148 10.1469 4.1100
13.0048 11.2569 1.0500
12.6948 12.4169 5.6500
12.6948 12.1669 5.5800
12.6948 11.9869 5.4400
12.7048 11.8369 5.2400
12.7048 11.5769 5.1900
12.7048 11.3369 5.0700
12.7048 11.1469 4.9500
12.7048 10.9569 4.7800
12.7148 10.7769 4.6400
12.7148 10.5369 4.5000
12.7148 10.3369 4.3700
12.7148 10.1269 4.2500
12.7148 9.9069 4.1400
12.7048 11.0469 1.0000
12.4648 12.4669 5.8800
12.4648 12.2669 5.7100
12.4648 12.0869 5.5600
12.4648 11.8569 5.4400
12.4748 11.6769 5.3100
12.4748 11.4669 5.1800
12.4748 11.2369 5.0200
12.4748 11.0169 4.9000
12.4748 10.8169 4.7600
12.4848 10.5669 4.6700
12.4848 10.3569 4.5000
12.4848 10.1669 4.3900
12.4848 9.9969 4.2500
12.4848 9.7769 4.1400
12.4748 10.8969 1.0600
12.3148 12.3969 5.9100
12.3148 12.1869 5.7600
12.3248 11.9869 5.5900
12.3248 11.7569 5.4500
12.3248 11.5569 5.3700
12.3248 11.3569 5.2300
12.3248 11.1869 5.0600
12.3348 10.9469 5.0200
12.3348 10.7569 4.8500
12.3348 10.5769 4.7000
12.3348 10.3869 4.5600
12.3348 10.1569 4.4700
12.3348 9.9769 4.2900
12.3448 9.7769 4.1700
12.3348 10.7969 1.3500
12.3348 10.6369 1.1000
12.1448 12.4969 6.0100
12.1448 12.2869 5.8900
12.1448 12.0869 5.7400
12.1448 11.8769 5.6300
12.1548 11.6769 5.5000
12.1548 11.4669 5.4300
12.1548 11.2769 5.2500
12.1548 11.0669 5.1300
12.1548 10.8769 4.9400
12.1548 10.6869 4.8400
12.1648 10.4569 4.7400
12.1648 10.2669 4.6000
12.1648 10.0569 4.4400
12.1648 9.8869 4.2400
12.1648 10.6769 2.0800
12.1648 10.5969 1.6200
12.1648 10.5269 1.0800
11.8748 12.4169 6.1600
11.8748 12.1969 5.9700
11.8748 11.9869 5.8500
11.8848 11.7969 5.7100
11.8848 11.6069 5.6000
11.8848 11.3769 5.5000
11.8848 11.1769 5.3500
11.8948 10.9769 5.1800
11.8948 10.7869 5.1100
11.8948 10.5669 4.9800
11.8948 10.3669 4.8000
11.8948 10.1969 4.5300
11.8948 10.8969 2.6200
11.8948 10.0269 4.3200
11.8948 10.7969 2.1900
11.8948 10.7669 1.5400
11.8948 10.6469 1.1900
11.5748 12.3069 6.2400
11.5848 12.1169 6.1300
11.5848 11.9569 5.9200
11.5848 11.7069 5.8500
11.5848 11.5069 5.7300
11.5848 11.2669 5.6000
11.5948 11.0769 5.4200
11.5948 10.8769 5.2900
11.5948 10.6969 5.1100
11.5948 10.5469 4.8000
11.5848 11.2369 2.9200
11.5948 10.3969 4.5800
11.5948 11.1469 2.5200
11.5948 11.0869 1.9900
11.5948 11.0969 1.2500
11.3148 12.4769 6.4500
11.3148 12.2769 6.3300
11.3148 12.0569 6.2100
11.3248 11.8669 6.1000
11.3248 11.6769 5.9100
11.3248 11.4669 5.8400
11.3248 11.2569 5.6700
11.3248 11.0669 5.5000
11.3348 10.8669 5.2800
11.3248 11.5969 3.3100
11.3348 10.7069 5.0400
11.3248 11.4469 3.0100
11.3248 11.3869 2.5300
11.3248 11.4569 1.6600
11.3248 11.3369 1.2900
11.0748 12.3369 6.4800
11.0748 12.1269 6.3700
11.0848 11.9069 6.2900
11.0848 11.6969 6.1300
11.0848 11.5269 5.9700
11.0848 11.3169 5.8700
11.0848 11.1469 5.6000
11.0848 11.8769 3.5900
11.0848 11.0369 5.2600
11.0848 11.7669 3.2500
11.0848 11.6769 2.7800
11.0848 11.7069 1.9700
11.0848 11.6569 1.4300
10.8248 12.4769 6.7200
10.8248 12.2669 6.6100
10.8248 12.0469 6.4600
10.8248 11.8169 6.3700
10.8248 11.6469 6.1800
10.8248 11.4969 5.9200
10.8248 12.1769 4.0500
10.8348 11.3169 5.6200
10.8248 12.0169 3.6900
10.8248 11.9769 3.0800
10.8248 11.9969 2.4200
10.8248 11.9969 1.7100
10.8248 11.8969 1.2300
10.5948 12.3469 6.7500
10.6048 12.1569 6.6800
10.6048 11.9369 6.5000
10.6048 11.7469 6.2900
10.5948 12.4469 4.3800
10.6048 11.6069 6.0200
10.6048 12.3269 4.0700
10.6048 12.2469 3.6700
10.6048 12.2269 2.9100
10.6048 12.2269 2.2100
10.6048 12.2569 1.4900
10.6048 12.1669 0.9900
10.4048 12.3269 6.9600
10.4048 12.1669 6.7700
10.4048 11.9969 6.5200
10.4048 11.8269 6.3200
10.3948 12.4669 3.8300
10.4048 12.4569 3.1700
10.3948 12.4869 2.3900
10.4048 12.4769 1.7200
10.4048 12.3569 1.2800
10.1548 12.3869 7.0400
10.1548 12.2269 6.7900
10.1648 12.0569 6.5200
9.8748 12.4469 6.9900
7.5548 6.5969 4.1000
7.5548 6.3869 3.9900
7.5648 6.1569 3.8600
7.2848 6.9769 4.4400
7.2848 6.7569 4.3100
7.2848 6.5469 4.1500
7.2848 6.3469 4.0400
7.2848 6.1269 3.9500
7.2848 6.5669 1.9700
7.2848 6.5569 1.3000
7.2848 6.5669 0.6300
6.9948 7.1769 4.7400
6.9948 7.0169 4.6000
6.9948 6.7769 4.4600
7.0048 6.5569 4.3300
7.0048 6.3669 4.1900
7.0048 6.1569 4.0700
7.0048 5.9469 3.9500
6.9948 6.6169 2.1100
7.0048 5.6969 3.9000
7.0048 6.4369 1.8400
7.0048 6.4069 1.2800
7.0048 6.3069 0.8500
7.0048 6.1669 0.4900
6.7748 7.5369 5.0500
6.7848 7.3469 4.9300
6.7848 7.1369 4.7700
6.7848 6.9369 4.6500
6.7848 6.7269 4.5100
6.7848 6.5069 4.3800
6.7848 6.2869 4.2400
6.7948 6.0769 4.1200
6.7948 5.8569 3.9800
6.7948 5.6269 3.9100
6.7848 6.3469 1.9200
6.7948 6.1869 1.6500
6.7948 6.1869 0.9800
6.7948 6.0269 0.7300
6.6248 7.6769 5.2300
6.6248 7.4669 5.0600
6.6248 7.2469 4.9200
6.6348 7.0269 4.7900
6.6348 6.8269 4.6700
6.6348 6.6369 4.5400
6.6348 6.4469 4.4200
6.6348 6.2469 4.3000
6.6448 6.0469 4.1800
6.6448 5.8269 4.0400
6.6448 5.6269 3.9500
6.6348 6.3069 2.0600
6.6448 5.4069 3.8700
6.6348 6.1369 1.8300
6.6448 6.0369 1.4100
6.6448 6.0069 0.8400
6.6448 5.8269 0.6400
6.4248 7.9369 5.6100
6.4248 7.7869 5.3800
6.4348 7.5869 5.2700
6.4348 7.3869 5.1100
6.4348 7.1769 4.9800
6.4348 6.9969 4.8500
6.4348 6.7969 4.7300
6.4348 6.5869 4.6000
6.4448 6.3869 4.4800
6.4448 6.1869 4.3300
6.4448 5.9669 4.2300
6.4448 5.7469 4.1200
6.4448 5.5569 3.9900
6.4548 5.3469 3.9100
6.4448 6.0169 2.0400
6.4448 5.9269 1.5500
6.4448 5.8969 0.9800
6.4448 5.7769 0.5700
6.1248 8.2969 5.8900
6.1248 8.0869 5.7800
6.1248 7.9169 5.6200
6.1248 7.7369 5.4800
6.1248 7.5169 5.3500
6.1348 7.2869 5.1900
6.1348 7.0969 5.0600
6.1348 6.9169 4.9500
6.1348 6.7169 4.8100
6.1348 6.4869 4.6700
6.1348 6.2869 4.5800
6.1448 6.0869 4.4300
6.1448 5.8769 4.3500
6.1448 5.6669 4.2300
6.1448 5.4569 4.0800
6.1448 5.2469 3.9700
6.1548 5.0169 3.8900
6.1448 5.7169 1.9100
6.1448 5.6169 1.4400
6.1448 5.5869 0.7900
6.1548 3.9869 1.0800
6.1748 2.8669 3.5000
6.1648 3.7469 1.0300
6.1748 2.6569 3.3600
6.1748 2.4869 3.1400
5.8148 8.5869 6.2100
5.8148 8.4069 6.0600
5.8148 8.2269 5.9400
5.8148 7.9869 5.8100
5.8148 7.7969 5.6600
5.8148 7.6069 5.5100
5.8248 7.3869 5.4000
5.8248 7.1869 5.2800
5.8248 6.9769 5.1300
5.8248 6.7569 5.0100
5.8248 6.5569 4.8600
5.8348 6.3369 4.7300
5.8348 6.1369 4.6000
5.8348 5.9269 4.5000
5.8348 5.7069 4.3700
5.8348 5.5169 4.2600
5.8348 5.3169 4.1300
5.8448 5.0969 4.0200
5.8448 4.8569 3.9100
5.8348 5.5669 1.9500
5.8448 4.6569 3.7900
5.8348 5.4469 1.5800
5.8348 5.3869 1.0300
5.8548 3.2469 3.5500
5.8648 3.0369 3.5000
5.8548 3.8769 1.1500
5.8648 2.7669 3.4600
5.8648 2.5569 3.2900
5.8648 2.3569 3.2000
5.8648 2.8069 1.2500
5.5748 9.1869 6.2200
5.5748 8.8469 6.4900
5.5848 8.6469 6.3500
5.5848 8.4469 6.2000
5.5848 8.2369 6.0800
5.5848 8.0169 5.9300
5.5848 7.7969 5.7800
5.5948 7.6069 5.6500
5.5948 7.3869 5.5200
5.5948 7.1969 5.3900
5.5948 7.0069 5.2600
5.5948 6.7769 5.1400
5.5948 6.5869 5.0100
5.6048 6.3669 4.9000
5.6048 6.1469 4.7700
5.6048 5.9469 4.6300
5.6048 5.7469 4.5000
5.6048 5.5469 4.3900
5.6148 5.3369 4.2700
5.6148 5.1169 4.1800
5.6148 4.9069 4.0300
5.6148 4.7069 3.9100
5.6148 4.4969 3.7900
5.6148 5.2969 1.5600
5.6148 5.2369 0.9600
5.6248 3.5569 3.5900
5.6248 3.2969 3.5100
5.6348 3.0769 3.4500
5.6348 2.8669 3.3200
5.6348 2.6369 3.2300
5.6348 2.3969 3.2000
5.6348 2.1669 3.1600
5.6348 2.8069 1.3600
5.6348 2.6769 1.0500
5.3648 9.1669 6.8800
5.3748 8.9769 6.6800
5.3748 8.7769 6.5200
5.3748 8.5869 6.4000
5.3748 8.3869 6.2900
5.3748 8.1869 6.1700
5.3848 7.9769 6.0100
5.3848 7.7669 5.8700
5.3848 7.5569 5.7300
5.3848 7.3569 5.6000
5.3848 7.1669 5.4800
5.3848 6.9369 5.3500
5.3948 6.7569 5.2300
5.3948 6.5469 5.1200
5.3948 6.3269 4.9800
5.3948 6.1369 4.8600
5.3948 5.9169 4.7300
5.4048 5.7069 4.5900
5.4048 5.5169 4.4700
5.4048 5.2769 4.3500
5.4048 5.0769 4.2100
5.4048 4.8569 4.1200
5.4048 4.6369 3.9900
5.4148 4.4169 3.8900
5.4048 5.2269 1.6200
5.4048 5.0769 1.3400
5.4048 5.0169 0.8300
5.4148 3.7969 3.5300
5.4248 3.5369 3.5000
5.4248 3.2969 3.4600
5.4248 3.1069 3.3300
5.4248 2.8669 3.2600
5.4248 2.6169 3.2300
5.4348 2.3569 3.2500
5.4348 2.1469 3.2100
5.4348 1.9069 3.1000
5.4248 2.5769 1.2300
5.4248 2.4669 0.8000
5.1048 9.3969 6.8400
5.1148 9.1069 6.8800
5.1148 8.8769 6.7500
5.1148 8.6769 6.6100
5.1148 8.5069 6.4700
5.1148 8.2969 6.3200
5.1248 8.0869 6.2000
5.1248 7.8869 6.0700
5.1248 7.6869 5.9500
5.1248 7.4869 5.8400
5.1248 7.2669 5.6900
5.1348 7.0469 5.5500
5.1348 6.8569 5.4400
5.1348 6.6469 5.3100
5.1348 6.4169 5.1700
5.1348 6.1969 5.0200
5.1348 6.0169 4.9100
5.1448 5.8169 4.7700
5.1448 5.5969 4.6600
5.1448 5.3669 4.5400
5.1448 5.1769 4.4200
5.1448 4.9669 4.3000
5.1548 4.7569 4.1500
5.1548 4.5469 4.0400
5.1548 4.3169 3.9200
5.1548 4.1369 3.7800
5.1448 4.9369 1.5500
5.1548 3.9769 3.5200
5.1448 4.8369 1.1000
5.1548 3.7269 3.4800
5.1548 4.7369 0.6700
5.1648 3.4869 3.4200
5.1648 3.2869 3.2700
5.1648 3.0269 3.2800
5.1648 2.7469 3.2700
5.1748 2.4969 3.2300
5.1748 2.2469 3.2100
5.1748 2.0169 3.2700
5.1748 1.7669 3.2000
5.1748 2.4069 1.3900
5.1748 2.2469 1.1300
4.8548 9.8069 6.8800
4.8548 9.5969 6.7900
4.8548 9.3269 6.8300
4.8648 9.0269 6.9600
4.8648 8.8269 6.8000
4.8648 8.5969 6.6700
4.8648 8.4069 6.5300
4.8648 8.1969 6.3800
4.8648 7.9969 6.2400
4.8748 7.7569 6.1100
4.8748 7.5669 6.0000
4.8748 7.3569 5.8800
4.8748 7.1269 5.7400
4.8748 6.9269 5.6200
4.8848 6.7369 5.5000
4.8848 6.5369 5.3700
4.8848 6.3169 5.2200
4.8848 6.1069 5.1000
4.8848 5.8869 4.9600
4.8848 5.7069 4.8400
4.8948 5.4869 4.7100
4.8948 5.2769 4.6000
4.8948 5.0669 4.4700
4.8948 4.8469 4.3500
4.8948 4.6469 4.1900
4.9048 4.4069 4.0900
4.9048 4.1969 3.9600
4.9048 4.0569 3.6300
4.9048 3.8669 3.4700
4.9048 3.6969 3.3100
4.9148 3.4169 3.3300
4.9148 3.2069 3.2800
4.9148 2.9569 3.2900
4.9148 2.7069 3.2900
4.9148 2.4769 3.2500
4.9248 2.2269 3.2600
4.9248 1.9969 3.2300
4.9248 1.7869 3.1500
4.9248 1.5269 3.1200
4.9248 2.1769 1.3100
4.9248 2.0569 0.8800
4.6348 9.9769 6.8400
4.6348 9.7069 6.8100
4.6348 9.3969 6.8900
4.6348 9.0969 7.0700
4.6448 8.8869 6.9600
4.6448 8.6769 6.8200
4.6448 8.4469 6.6800
4.6448 8.2569 6.5500
4.6448 8.0669 6.4400
4.6448 7.8569 6.2900
4.6548 7.6269 6.1700
4.6548 7.4269 6.0500
4.6548 7.2169 5.9000
4.6548 7.0169 5.8000
4.6548 6.8069 5.6500
4.6648 6.6169 5.5200
4.6648 6.3969 5.3800
4.6648 6.2069 5.2700
4.6648 5.9669 5.1300
4.6648 5.7469 4.9900
4.6648 5.5269 4.8800
4.6748 5.3369 4.7400
4.6748 5.1169 4.6100
4.6748 4.9169 4.4900
4.6748 4.7069 4.3900
4.6748 4.5369 4.2700
4.6848 4.3169 4.1500
4.6848 4.0969 4.0200
4.6848 3.9269 3.8300
4.6848 3.8369 3.4000
4.6848 3.6369 3.3000
4.6848 3.3869 3.3000
4.6948 3.1369 3.2700
4.6948 2.8769 3.2700
4.6948 2.6269 3.3000
4.6948 2.3969 3.2600
4.7048 2.1469 3.2500
4.7048 1.9069 3.2300
4.7048 1.6569 3.2400
4.7048 1.3969 3.2100
4.7048 2.0569 1.3500
4.7048 1.8969 1.1200
4.7048 1.8669 0.5000
4.4048 10.2169 6.8200
4.4048 9.9669 6.7900
4.4048 9.7069 6.8800
4.4048 9.4069 6.9900
4.4148 9.0669 7.2000
4.4148 8.8569 7.0900
4.4148 8.6569 6.9200
4.4148 8.4669 6.8100
4.4148 8.2469 6.6700
4.4148 8.0369 6.5600
4.4248 7.8269 6.4100
4.4248 7.6169 6.2900
4.4248 7.4069 6.1600
4.4248 7.1869 6.0300
4.4248 6.9769 5.8900
4.4348 6.7469 5.7500
4.4348 6.5669 5.6200
4.4348 6.3669 5.5000
4.4348 6.1569 5.3900
4.4348 5.9669 5.2600
4.4348 5.7769 5.1200
4.4448 5.5669 5.0300
4.4448 5.3569 4.8800
4.4448 5.1569 4.7600
4.4448 4.9669 4.6400
4.4448 4.7769 4.5400
4.4548 4.5369 4.4100
4.4548 4.3169 4.2800
4.4548 4.1169 4.1700
4.4548 3.9369 4.0100
4.4548 3.7369 3.8800
4.4548 3.6269 3.4300
4.4648 3.4469 3.3000
4.4648 3.1869 3.3000
4.4648 2.9369 3.3200
4.4648 2.6969 3.3000
4.4648 2.4469 3.2700
4.4748 2.1969 3.2400
4.4748 1.9269 3.2600
4.4748 1.6869 3.2000
4.4748 1.4269 3.2200
4.4848 1.1969 3.1500
4.4748 1.8369 1.3300
4.4748 1.6969 1.0600
4.4748 1.6069 0.6500
4.1548 10.4569 6.8200
4.1548 10.2269 6.8000
4.1548 9.9269 6.9000
4.1548 9.6369 7.0000
4.1648 9.3169 7.1800
4.1648 9.0369 7.3000
4.1648 8.7969 7.1600
4.1648 8.5769 7.0300
4.1748 8.3669 6.8800
4.1748 8.1869 6.7400
4.1748 7.9369 6.6600
4.1748 7.7369 6.5100
4.1748 7.5569 6.3800
4.1748 7.3869 6.2600
4.1848 7.1669 6.1100
4.1848 6.9369 5.9900
4.1848 6.7469 5.8800
4.1848 6.5669 5.7600
4.1848 6.3569 5.6400
4.1948 6.1469 5.5100
4.1948 5.9269 5.3700
4.1948 5.7369 5.2400
4.1948 5.5369 5.1200
4.1948 5.3269 5.0100
4.1948 5.1169 4.9000
4.2048 4.9069 4.7700
4.2048 4.7269 4.6400
4.2048 4.4969 4.5100
4.2048 4.2769 4.4000
4.2048 4.0969 4.2800
4.2148 3.8969 4.1500
4.2148 3.6769 3.9900
4.2148 3.4569 3.8100
4.2148 3.3769 3.3400
4.2148 3.1369 3.4100
4.2148 2.8469 3.4000
4.2248 2.6369 3.2900
4.2248 2.4069 3.2500
4.2248 2.1969 3.2400
4.2248 1.9169 3.2500
4.2348 1.6469 3.2300
4.2348 1.3869 3.2300
4.2348 1.1769 3.1800
4.2348 0.9669 3.1000
4.2348 1.6169 1.2500
4.2348 1.4369 0.9800
3.9548 10.6869 6.7900
3.9548 10.4069 6.8400
3.9648 10.1269 6.9000
3.9648 9.7969 7.0600
3.9648 9.4869 7.1900
3.9748 9.1869 7.3800
3.9748 8.9269 7.4000
3.9748 8.7469 7.2200
3.9748 8.5569 7.1000
3.9748 8.3569 6.9700
3.9748 8.1369 6.8400
3.9848 7.9369 6.7200
3.9848 7.7469 6.6000
3.9848 7.5469 6.4600
3.9848 7.3669 6.3400
3.9848 7.1269 6.2200
3.9948 6.9269 6.0700
3.9848 7.7369 3.8500
3.9948 6.7269 5.9500
3.9948 6.5269 5.8400
3.9948 6.3269 5.7000
3.9948 6.1169 5.5800
3.9948 5.9169 5.4600
4.0048 5.6969 5.3200
4.0048 5.5069 5.2100
4.0048 5.2969 5.0900
4.0048 5.0969 4.9500
4.0048 4.8669 4.8300
4.0148 4.6469 4.7000
4.0148 4.4569 4.5700
4.0148 4.2369 4.4500
4.0148 4.0169 4.3300
4.0148 3.8269 4.2200
4.0248 3.6169 4.0900
4.0248 3.4269 3.9700
4.0248 3.2469 3.7200
4.0248 3.0969 3.3900
4.0248 2.8569 3.3900
4.0248 2.6269 3.3000
4.0348 2.3969 3.2700
4.0348 2.1369 3.2600
4.0348 1.8969 3.2500
4.0348 1.6669 3.2400
4.0448 1.4269 3.1700
4.0448 1.1869 3.1700
4.0448 0.8969 3.2000
4.0448 0.6869 3.1000
4.0448 1.3869 1.1200
4.0448 1.2869 0.7000
4.0548 -0.6731 1.8200
3.8048 10.8069 6.8300
3.8048 10.5669 6.8100
3.8148 10.2869 6.9300
3.8148 9.9669 7.0500
3.8148 9.6969 7.1600
3.8148 9.3969 7.3200
3.8248 9.0869 7.4900
3.8248 8.8669 7.4000
3.8248 8.6769 7.2500
3.8248 8.4469 7.1400
3.8248 8.2569 7.0000
3.8348 8.0569 6.8800
3.8348 7.8669 6.7500
3.8348 7.6669 6.6000
3.8348 7.4469 6.4800
3.8348 7.2269 6.3500
3.8448 7.0269 6.2600
3.8448 6.8369 6.1200
3.8448 6.6269 5.9800
3.8448 6.3969 5.8600
3.8448 6.1869 5.7100
3.8548 5.9969 5.5800
3.8548 5.7869 5.4500
3.8548 5.5669 5.3200
3.8548 5.3669 5.2100
3.8548 5.1669 5.1000
3.8548 4.9669 4.9800
3.8648 4.7469 4.8400
3.8648 4.5369 4.7000
3.8648 4.3269 4.5900
3.8648 4.1169 4.4900
3.8648 3.9069 4.3500
3.8748 3.7069 4.2000
3.8748 3.5069 4.0900
3.8748 3.3169 3.9700
3.8748 3.1169 3.7600
3.8748 3.0069 3.4100
3.8748 2.7869 3.2900
3.8848 2.5269 3.2800
3.8848 2.2769 3.2600
3.8848 2.0369 3.2300
3.8848 1.7769 3.2100
3.8948 1.5169 3.2200
3.8948 1.2669 3.2500
3.8948 1.0069 3.1900
3.8948 0.7469 3.2000
3.8948 1.3869 1.4100
3.8948 1.2369 1.1300
3.8948 1.1669 0.6800
3.9148 -0.9031 3.5900
3.9148 -1.1031 3.4500
3.5948 11.1769 6.8500
3.5948 10.9269 6.8600
3.6048 10.6769 6.8800
3.6048 10.3669 7.0000
3.6048 10.0869 7.0800
3.6048 9.7669 7.2300
3.6148 9.4769 7.3900
3.6148 9.1569 7.5800
3.6148 8.9269 7.5800
3.6148 8.7269 7.4000
3.6248 8.5069 7.2700
3.6248 8.3169 7.1600
3.6248 8.1269 7.0300
3.6248 7.9069 6.9000
3.6248 7.6969 6.7400
3.6248 7.4769 6.6100
3.6348 7.2669 6.4900
3.6348 7.0769 6.3600
3.6348 6.8569 6.2300
3.6348 6.6469 6.1300
3.6348 6.4569 6.0100
3.6448 6.2569 5.8500
3.6448 6.0469 5.7200
3.6448 5.8169 5.6100
3.6448 5.6069 5.4800
3.6448 5.4069 5.3600
3.6448 5.2069 5.2500
3.6548 4.9969 5.0900
3.6548 4.8069 4.9600
3.6548 4.5869 4.8800
3.6548 4.3769 4.7300
3.6548 4.1869 4.6000
3.6648 3.9569 4.5000
3.6648 3.7469 4.3600
3.6648 3.5469 4.2400
3.6648 3.3369 4.1000
3.6648 3.1269 3.9500
3.6748 2.9369 3.7400
3.6748 2.8669 3.3000
3.6748 2.5969 3.2800
3.6748 2.3269 3.2700
3.6748 2.0969 3.2600
3.6848 1.8669 3.2300
3.6848 1.5969 3.2500
3.6848 1.3369 3.2300
3.6848 1.0969 3.2400
3.6848 0.8269 3.2300
3.6948 0.6069 3.1600
3.6948 0.3369 3.1900
3.6848 1.0469 1.1600
3.6848 0.9669 0.7500
3.7048 -0.6131 3.7200
3.7048 -0.8631 3.6800
3.7048 -1.0831 3.5400
3.2848 11.5069 6.5200
3.2848 11.2269 6.6000
3.2948 10.8869 6.8000
3.2948 10.5769 6.9600
3.2948 10.2469 7.1900
3.3048 9.9669 7.3800
3.3048 9.6069 7.5300
3.3048 9.2769 7.7100
3.3048 8.9969 7.7800
3.3148 8.7969 7.6600
3.3148 8.6069 7.4900
3.3148 8.3769 7.3400
3.3148 8.1969 7.2100
3.3148 7.9969 7.1200
3.3148 7.8069 6.9900
3.3248 7.5669 6.8600
3.3248 7.3669 6.7300
3.3248 7.1469 6.6100
3.3248 6.9469 6.4800
3.3248 6.7469 6.3300
3.3348 6.5369 6.1900
3.3348 6.3769 6.0800
3.3348 6.1469 5.9700
3.3348 5.9269 5.8300
3.3348 5.7269 5.7100
3.3448 5.5369 5.5700
3.3448 5.3069 5.4600
3.3448 5.1069 5.3100
3.3448 4.8869 5.1600
3.3448 4.6769 5.0700
3.3448 4.4669 4.9200
3.3548 4.2469 4.8300
3.3548 4.0269 4.6900
3.3548 3.8269 4.5300
3.3548 3.6269 4.4400
3.3548 3.4169 4.3100
3.3648 3.1969 4.1700
3.3648 2.9969 4.0300
3.3648 2.8069 3.9200
3.3648 2.7169 3.4400
3.3648 2.5069 3.2800
3.3648 2.2469 3.2700
3.3748 2.0269 3.2900
3.3748 1.7669 3.2400
3.3748 1.4969 3.2400
3.3748 1.2469 3.2200
3.3848 0.9869 3.2200
3.3848 0.7069 3.2200
3.3848 0.4369 3.2100
3.3848 0.2269 3.1700
3.3848 0.8969 1.2900
3.3948 -0.2131 3.7400
3.3848 0.7769 0.9400
3.3948 -0.4331 3.7000
3.3848 0.6869 0.5300
3.3948 -0.6831 3.6800
3.3948 -0.8831 3.5600
3.3948 -1.1131 3.5000
3.4048 -1.3031 3.4200
3.3948 -0.7131 1.7600
3.3948 -0.9131 1.5400
3.3948 -0.9531 0.9500
3.3948 -0.9831 0.3700
2.9948 11.5769 6.2200
2.9948 11.2269 6.4400
2.9948 10.9069 6.6100
2.9948 10.6069 6.7800
3.0048 10.2869 6.9200
3.0048 9.9569 7.1600
3.0048 9.6569 7.3700
3.0148 9.3169 7.6000
3.0148 8.9769 7.8100
3.0148 8.7269 7.7700
3.0148 8.5169 7.6200
3.0148 8.3469 7.4500
3.0248 8.1369 7.3500
3.0248 7.9169 7.2000
3.0248 7.7169 7.1100
3.0248 7.5169 7.0000
3.0248 7.3069 6.8300
3.0348 7.1169 6.7000
3.0348 6.8969 6.5800
3.0348 6.6769 6.4500
3.0348 6.4869 6.3300
3.0348 6.2669 6.1800
3.0448 6.0469 6.0500
3.0448 5.8369 5.9200
3.0448 5.6369 5.8000
3.0448 5.4169 5.6800
3.0448 5.2069 5.5400
3.0548 5.0069 5.4200
3.0548 4.8069 5.3000
3.0548 4.5869 5.1700
3.0548 4.3669 5.0400
3.0548 4.1869 4.9000
3.0548 3.9569 4.7800
3.0648 3.7569 4.6700
3.0648 3.5369 4.5400
3.0648 3.3469 4.4200
3.0648 3.1369 4.2800
3.0648 2.9169 4.1400
3.0648 2.7069 3.9900
3.0748 2.4869 3.8700
3.0748 2.3969 3.3600
3.0748 2.1569 3.3100
3.0748 1.9269 3.2700
3.0748 1.6769 3.2900
3.0848 1.4569 3.2600
3.0848 1.2069 3.2800
3.0848 0.9669 3.2600
3.0848 0.7169 3.2500
3.0948 0.4669 3.2300
3.0948 0.0769 3.6800
3.0948 -0.1831 3.7100
3.0948 -0.3831 3.6300
3.0948 -0.6031 3.5400
3.1048 -0.8731 3.5200
3.1048 -1.1131 3.5000
3.1048 -1.3331 3.4900
3.1048 -0.9631 1.7100
3.1048 -1.1531 1.5100
3.1048 -1.2831 1.1900
2.7648 11.9569 5.8700
2.7648 11.6369 6.0500
2.7748 11.3269 6.2100
2.7748 10.9969 6.4200
2.7748 10.6369 6.6400
2.7848 10.3369 6.8000
2.7848 10.0169 6.9900
2.7848 9.6769 7.2300
2.7848 9.3469 7.4600
2.7948 9.0269 7.6400
2.7948 8.7069 7.8200
2.7948 8.5169 7.7400
2.7948 8.3069 7.5800
2.7948 8.0769 7.4400
2.8048 7.8769 7.3300
2.8048 7.6869 7.1800
2.8048 7.4569 7.0600
2.8048 7.2369 6.9000
2.8048 7.0269 6.8100
2.8148 6.8269 6.6600
2.8148 6.6269 6.5200
2.8248 4.8169 10.8200
2.8148 6.4069 6.4000
2.8348 4.5669 10.8200
2.8148 6.2169 6.2400
2.8348 4.2969 10.8700
2.8148 5.9969 6.1600
2.8248 5.7969 6.0100
2.8248 5.5869 5.8700
2.8248 5.3569 5.7700
2.8248 5.1769 5.6200
2.8248 4.9569 5.5300
2.8348 4.7569 5.3800
2.8348 4.5269 5.2400
2.8348 4.3169 5.0900
2.8348 4.1069 4.9800
2.8348 3.8869 4.8500
2.8448 3.6569 4.7200
2.8448 3.4469 4.5700
2.8448 3.2669 4.4800
2.8448 3.0569 4.3600
2.8448 2.8469 4.2200
2.8448 2.6469 4.1100
2.8548 2.4669 3.9600
2.8548 2.2669 3.8300
2.8548 2.1669 3.3700
2.8548 1.9469 3.3200
2.8548 1.7269 3.2800
2.8548 1.5169 3.2600
2.8648 1.2269 3.2800
2.8648 0.9569 3.2300
2.8648 0.7169 3.2700
2.8748 0.3669 3.6500
2.8748 0.0969 3.6900
2.8748 -0.1631 3.6400
2.8748 -0.3631 3.5800
2.8748 -0.6131 3.5500
2.8848 -0.8531 3.5100
2.8848 -1.1131 3.5400
2.8848 -1.3731 3.5300
2.8848 -1.2131 1.6200
2.8848 -1.2431 0.2700
2.5448 12.2469 5.6100
2.5548 11.9369 5.7600
2.5548 11.6369 5.9200
2.5548 11.3169 6.0800
2.5648 10.9769 6.3100
2.5648 10.6769 6.4900
2.5648 10.3369 6.7100
2.5648 9.9969 6.8900
2.5748 9.6669 7.1300
2.5748 9.3269 7.3300
2.5748 8.9969 7.5500
2.5848 8.6369 7.8100
2.5848 8.3869 7.8000
2.5848 8.1869 7.6500
2.5848 7.9869 7.5000
2.5848 7.7969 7.3600
2.5948 7.5969 7.2500
2.5948 7.3769 7.0800
2.5948 7.1569 6.9800
2.5948 6.9669 6.8400
2.6148 5.2869 10.7700
2.5948 6.7669 6.7100
2.6148 5.0469 10.7700
2.6048 6.5469 6.6100
2.6148 4.7769 10.7800
2.6048 6.3269 6.4800
2.6148 4.5269 10.8200
2.6048 6.1369 6.3400
2.6048 5.9269 6.2100
2.6048 5.7069 6.0700
2.6048 5.4969 5.9300
2.6148 5.2769 5.8000
2.6148 5.0569 5.6800
2.6148 4.8269 5.5800
2.6148 4.6369 5.4400
2.6148 4.4469 5.3000
2.6248 4.2469 5.1900
2.6248 4.0469 5.0700
2.6248 3.8569 4.9400
2.6248 3.6369 4.8100
2.6248 3.4569 4.6900
2.6348 3.2369 4.5600
2.6348 3.0369 4.4600
2.6348 2.8469 4.3400
2.6348 2.6369 4.1900
2.6348 2.4069 4.0700
2.6348 2.2069 3.9400
2.6448 2.0569 3.7200
2.6448 1.9669 3.2900
2.6448 1.7069 3.2700
2.6448 1.4669 3.2500
2.6448 1.2069 3.2500
2.6548 0.9569 3.3000
2.6548 0.5969 3.6000
2.6548 0.2969 3.6800
2.6548 0.0569 3.6200
2.6648 -0.1831 3.5600
2.6648 -0.4331 3.5400
2.6648 -0.6731 3.5400
2.6648 -0.9131 3.4800
2.6648 -1.1331 3.4300
2.6748 -1.3231 0.3500
2.2848 12.3569 5.3500
2.2848 12.0669 5.4900
2.2848 11.7369 5.6800
2.2948 11.3869 5.8900
2.2948 11.0269 6.1300
2.2948 10.7369 6.3000
2.3048 10.3869 6.5300
2.3048 10.0369 6.7500
2.3048 9.7169 6.9400
2.3048 9.4269 7.1100
2.3148 9.0869 7.3400
2.3148 8.7169 7.6000
2.3148 8.3969 7.7900
2.3248 8.1469 7.7800
2.3248 7.9769 7.6600
2.3248 7.7669 7.4800
2.3248 7.5469 7.3600
2.3348 6.0069 10.8900
2.3248 7.3369 7.2000
2.3448 5.7669 10.8600
2.3248 7.1269 7.1000
2.3348 6.9169 6.9700
2.3448 5.2669 10.7500
2.3348 6.6869 6.8200
2.3348 6.4769 6.6900
2.3348 6.2669 6.5600
2.3348 6.0769 6.4400
2.3448 5.8669 6.3000
2.3448 5.6569 6.1900
2.3448 5.4669 6.0900
2.3448 5.2869 5.9500
2.3448 5.0469 5.8100
2.3448 4.8569 5.6900
2.3548 4.6669 5.5800
2.3548 4.4669 5.4600
2.3548 4.2669 5.3400
2.3548 4.0369 5.2000
2.3548 3.8369 5.0800
2.3648 3.6469 4.9500
2.3648 3.4469 4.8400
2.3648 3.2369 4.7100
2.3648 3.0169 4.5800
2.3648 2.8369 4.4500
2.3648 2.6369 4.3300
2.3748 2.3969 4.2200
2.3748 2.2069 4.0900
2.3748 2.0069 3.9400
2.3748 1.8369 3.7500
2.3748 1.6969 3.3000
2.3848 1.4469 3.2600
2.3848 1.1869 3.3800
2.3848 0.8269 3.6600
2.3848 0.5569 3.6700
2.3948 0.3269 3.6300
2.3948 0.1269 3.5500
2.3948 -0.1031 3.5400
2.3948 -0.3831 3.5200
2.3948 -0.6631 3.5400
2.4048 -0.8931 3.5100
2.4048 -1.1331 3.5100
2.0348 12.3769 5.1600
2.0348 12.0569 5.3700
2.0348 11.7469 5.5500
2.0448 11.4169 5.7600
2.0448 11.0769 5.9600
2.0448 10.7569 6.1400
2.0548 10.4069 6.3600
2.0548 10.1069 6.5700
2.0548 9.7569 6.7800
2.0548 9.4469 6.9700
2.0648 9.0969 7.2000
2.0648 8.7569 7.4400
2.0648 8.3969 7.6800
2.0848 6.9569 10.9100
2.0748 8.0669 7.8400
2.0748 7.8469 7.7400
2.0848 6.4269 10.9000
2.0748 7.6469 7.5600
2.0748 7.4569 7.4300
2.0748 7.2469 7.3200
2.0848 7.0669 7.1900
2.0848 6.8569 7.0800
2.0848 6.6769 6.9300
2.0848 6.4569 6.7900
2.0848 6.2569 6.6800
2.0948 6.0569 6.5600
2.0948 5.8569 6.4500
2.0948 5.6569 6.3100
2.0948 5.4469 6.1800
2.0948 5.2469 6.0500
2.1048 4.6569 7.0000
2.0948 5.0369 5.9400
2.1048 4.5869 6.5000
2.1048 4.8269 5.8200
2.1048 4.6369 5.7000
2.1048 4.4169 5.5700
2.1048 4.2169 5.4500
2.1048 4.0069 5.3100
2.1048 3.8069 5.1900
2.1148 3.6169 5.0600
2.1148 3.3869 4.9300
2.1148 3.1869 4.8000
2.1148 2.9669 4.6600
2.1148 2.7469 4.5400
2.1248 2.5469 4.4100
2.1248 2.3569 4.2700
2.1248 2.1469 4.1600
2.1248 1.9369 4.0500
2.1248 1.7369 3.9200
2.1248 1.6069 3.5800
2.1348 1.4069 3.3800
2.1348 1.0369 3.6800
2.1348 0.7969 3.6900
2.1348 0.5769 3.6300
2.1448 0.3169 3.5700
2.1448 0.0869 3.5700
2.1448 -0.1431 3.5400
2.1448 -0.4131 3.5300
2.1448 -0.6431 3.5500
2.1548 -0.9031 3.5400
2.1548 -1.1631 3.5200
1.8248 12.2269 5.1500
1.8348 11.9269 5.3200
1.8348 11.5969 5.5100
1.8348 11.2569 5.7500
1.8448 10.8969 5.9700
1.8448 10.5569 6.1700
1.8448 10.2169 6.4200
1.8548 9.8869 6.5900
1.8548 9.5569 6.7900
1.8548 9.2469 6.9800
1.8548 8.9369 7.1900
1.8648 8.6369 7.3700
1.8648 8.2869 7.6400
1.8648 7.9669 7.7900
1.8648 7.7369 7.7700
1.8748 7.5569 7.6300
1.8748 7.3669 7.4800
1.8748 7.1569 7.3600
1.8748 6.9569 7.2200
1.8748 6.7469 7.0600
1.8848 6.5469 6.9700
1.8848 6.3269 6.8800
1.8848 6.1169 6.7400
1.8948 5.2969 8.3000
1.8848 5.9169 6.6000
1.8948 5.1169 8.2200
1.8848 5.7469 6.4800
1.8848 5.5069 6.3500
1.8948 5.3069 6.2300
1.8948 4.7569 7.0600
1.8948 5.1169 6.0800
1.8948 4.6069 6.7800
1.8948 4.6669 5.8600
1.8948 4.4569 5.6800
1.9048 4.2469 5.5800
1.9048 4.0669 5.4600
1.9048 3.8369 5.3300
1.9048 3.6269 5.1800
1.9048 3.4369 5.0600
1.9048 3.2569 4.9600
1.9148 3.0269 4.8100
1.9148 2.7969 4.6800
1.9148 2.5969 4.5400
1.9148 2.3969 4.4100
1.9148 2.2069 4.2900
1.9248 1.9769 4.1600
1.9248 1.7869 4.0500
1.9248 1.5869 3.9300
1.9248 1.3969 3.7400
1.9248 1.1569 3.7200
1.9348 0.8969 3.6700
1.9348 0.6569 3.6000
1.9348 0.4569 3.5600
1.9348 0.1869 3.5500
1.9348 -0.0931 3.5600
1.9448 -0.3531 3.5700
1.9448 -0.5631 3.5500
1.9448 -0.8231 3.5100
1.9448 -1.0831 3.5000
1.9548 -1.3331 3.4800
1.6248 12.3569 4.9500
1.6248 12.0569 5.1100
1.6248 11.7569 5.2800
1.6248 11.4169 5.5000
1.6348 11.0969 5.7200
1.6348 10.7969 5.9300
1.6348 10.4369 6.1500
1.6448 10.1269 6.3000
1.6448 9.8169 6.5100
1.6448 9.5169 6.7100
1.6448 9.2069 6.9000
1.6548 8.8569 7.1300
1.6548 8.5169 7.3400
1.6548 8.2069 7.5400
1.6648 7.8669 7.7800
1.6648 7.6169 7.8100
1.6648 7.3869 7.7000
1.6648 7.1869 7.5800
1.6748 6.7869 7.9800
1.6748 6.7369 7.4400
1.6848 5.3069 10.7100
1.6748 6.6069 7.1200
1.6748 6.3969 6.9700
1.6748 6.1869 6.8600
1.6848 5.3369 8.4800
1.6748 5.9669 6.7300
1.6848 5.1769 8.1900
1.6848 5.7269 6.6400
1.6848 4.9569 8.1000
1.6848 5.5369 6.5000
1.6848 5.3169 6.4000
1.6848 5.1469 6.2700
1.6848 4.6869 6.8300
1.6948 4.5369 6.5400
1.6948 4.5269 5.8700
1.6948 3.9869 6.6200
1.6948 4.3069 5.7300
1.6948 4.0969 5.5800
1.6948 3.8869 5.4700
1.6948 3.6969 5.3400
1.7048 3.4969 5.2400
1.7048 3.2969 5.0900
1.7048 3.0769 4.9800
1.7048 2.8769 4.8400
1.7048 2.6769 4.7000
1.7148 2.4869 4.5700
1.7148 2.2369 4.4600
1.7148 2.0469 4.3200
1.7148 1.8369 4.1900
1.7148 1.6169 4.0500
1.7148 1.3969 3.9200
1.7248 1.2069 3.7800
1.7248 1.0069 3.6400
1.7248 0.7469 3.5900
1.7248 0.4869 3.6000
1.7248 0.2569 3.5700
1.7348 0.0169 3.5700
1.7348 -0.2531 3.5700
1.7348 -0.5031 3.5700
1.7348 -0.7531 3.5500
1.7448 -0.9831 3.5100
1.7448 -1.2431 3.5200
1.3748 12.4769 4.7400
1.3848 12.1969 4.9000
1.3848 11.8769 5.0700
1.3848 11.5669 5.2600
1.3948 11.2169 5.4800
1.3948 10.8769 5.7300
1.3948 10.5569 5.9400
1.3948 10.2169 6.1800
1.4048 9.9069 6.3300
1.4048 9.5869 6.5300
1.4048 9.2769 6.7200
1.4148 8.9069 6.9700
1.4148 8.6069 7.1400
1.4148 8.2969 7.3300
1.4148 7.9569 7.5700
1.4248 7.6169 7.8100
1.4248 7.3169 7.8300
1.4248 6.9269 8.2300
1.4348 6.7269 8.1300
1.4348 6.6569 7.5800
1.4348 6.5269 7.2600
1.4348 6.3369 7.1400
1.4448 5.4569 8.9500
1.4348 6.1569 7.0100
1.4448 5.2269 8.8100
1.4348 5.9169 6.8900
1.4448 5.1069 8.3500
1.4348 5.6969 6.7300
1.4448 5.4769 6.6300
1.4448 5.2869 6.5300
1.4448 5.1069 6.3900
1.4448 4.7169 6.6400
1.4448 4.5869 6.3100
1.4548 4.4969 5.9700
1.4548 4.2769 5.8500
1.4548 4.0669 5.7200
1.4548 3.8569 5.5600
1.4548 3.6469 5.4500
1.4548 3.4769 5.3300
1.4648 3.2369 5.1700
1.4648 3.0069 5.0500
1.4648 2.8069 4.9100
1.4648 2.6269 4.7800
1.4648 2.3869 4.6400
1.4748 2.1669 4.5100
1.4748 1.9869 4.3900
1.4748 1.7969 4.2600
1.4748 1.5769 4.1600
1.4748 1.3469 4.0100
1.4848 1.1369 3.9100
1.4848 0.9569 3.7000
1.4848 0.7669 3.5800
1.4848 0.4969 3.5700
1.4848 0.2669 3.5400
1.4948 0.0069 3.5500
1.4948 -0.2431 3.5500
1.4948 -0.5231 3.5400
1.4948 -0.7931 3.5500
1.5048 -1.0131 3.5200
1.5048 -1.2831 3.4800
1.1748 12.2869 4.7300
1.1848 11.9869 4.9100
1.1848 11.6569 5.0800
1.1848 11.3269 5.3300
1.1948 10.9769 5.5300
1.1948 10.6669 5.7500
1.1948 10.3469 5.9200
1.1948 10.0069 6.1900
1.2048 9.6569 6.4100
1.2048 9.3169 6.6100
1.2048 8.9869 6.8000
1.2148 8.6469 7.0500
1.2148 8.3269 7.2100
1.2148 8.0169 7.3900
1.2148 7.6869 7.6200
1.2248 7.3869 7.8100
1.2248 7.0969 7.8800
1.2248 6.8169 7.9100
1.2348 5.4369 10.9900
1.2248 6.6969 7.5100
1.2348 6.5269 7.3400
1.2348 6.3369 7.2100
1.2348 6.1069 7.1000
1.2348 5.9269 6.9600
1.2348 5.7169 6.8400
1.2348 5.4969 6.7100
1.2448 5.2969 6.5800
1.2448 5.0869 6.4600
1.2448 4.8669 6.3600
1.2448 4.6669 6.2200
1.2448 4.4669 6.0500
1.2548 4.2469 5.9200
1.2548 4.0469 5.8100
1.2548 3.8369 5.6700
1.2548 3.6169 5.5300
1.2548 3.4069 5.4000
1.2648 3.2269 5.2600
1.2648 3.0269 5.1400
1.2648 2.7969 5.0100
1.2648 2.5869 4.8700
1.2648 2.3869 4.7400
1.2648 2.1769 4.6000
1.2748 1.9769 4.4900
1.2748 1.7569 4.3700
1.2748 1.5769 4.2400
1.2748 1.3369 4.1100
1.2748 1.1269 3.9700
1.2848 0.9069 3.8600
1.2848 0.7169 3.6300
1.2848 0.4669 3.6000
1.2848 0.2069 3.6000
1.2848 -0.0131 3.5100
1.2948 -0.2631 3.5800
1.2948 -0.5031 3.5600
1.2948 -0.7331 3.5500
1.2948 -0.9731 3.5200
1.3048 -1.2531 3.5500
1.0148 12.4069 4.5600
1.0148 12.0669 4.7700
1.0148 11.7269 4.9900
1.0248 11.4269 5.1900
1.0248 11.0669 5.4200
1.0248 10.7469 5.6100
1.0348 10.4269 5.8400
1.0348 10.1469 5.9900
1.0348 9.7769 6.2300
1.0448 9.4269 6.4300
1.0448 9.0869 6.6600
1.0448 8.7969 6.8400
1.0448 8.4669 7.0600
1.0548 8.1169 7.2600
1.0548 7.7869 7.4900
1.0548 7.4869 7.7000
1.0648 7.1569 7.8600
1.0648 6.9369 7.8000
1.0748 5.5069 11.0300
1.0648 6.7369 7.6300
1.0748 5.2969 10.8900
1.0648 6.5469 7.4500
1.0648 6.3469 7.3200
1.0648 6.1269 7.1900
1.0748 5.8969 7.0500
1.0748 5.6969 6.9200
1.0748 5.4969 6.8100
1.0748 5.2669 6.6900
1.0748 5.0669 6.5300
1.0848 4.8769 6.4000
1.0848 4.6669 6.3100
1.0848 4.4569 6.1500
1.0848 4.2369 6.0000
1.0848 4.0469 5.8900
1.0848 3.8369 5.7600
1.0948 3.6369 5.6100
1.0948 3.4069 5.5100
1.0948 3.2169 5.3600
1.0948 3.0369 5.2200
1.1048 2.8069 5.0800
1.1048 2.5769 4.9500
1.1048 2.3569 4.8200
1.1048 2.1669 4.7000
1.1048 1.9469 4.5400
1.1048 1.7469 4.4300
1.1148 1.5369 4.3200
1.1148 1.3469 4.1900
1.1148 1.1569 4.0800
1.1148 0.9369 3.9700
1.1148 0.7269 3.7900
1.1248 0.5569 3.6000
1.1248 0.3469 3.5700
1.1248 0.0869 3.5700
1.1248 -0.1531 3.5900
1.1248 -0.4131 3.5700
1.1348 -0.6331 3.5100
1.1348 -0.9031 3.5300
1.1348 -1.1831 3.6200
0.8048 12.4169 4.4400
0.8048 12.1269 4.6300
0.8148 11.7569 4.8600
0.8148 11.4169 5.0700
0.8148 11.0669 5.3000
0.8148 10.7669 5.5100
0.8248 10.4469 5.6700
0.8248 10.0869 5.9500
0.8248 9.7869 6.1100
0.8348 9.4669 6.3200
0.8348 9.1469 6.5000
0.8348 8.8069 6.7300
0.8348 8.4669 6.9300
0.8448 8.1469 7.1500
0.8448 7.8169 7.3500
0.8448 7.4669 7.5600
0.8548 7.1169 7.8000
0.8548 6.8669 7.7900
0.8648 5.4569 11.0000
0.8548 6.6569 7.6800
0.8648 5.2069 10.9600
0.8548 6.4569 7.5200
0.8548 6.2469 7.3700
0.8648 6.0569 7.2500
0.8648 5.8469 7.1500
0.8648 5.6269 7.0100
0.8648 5.4169 6.8700
0.8648 5.2169 6.7500
0.8748 5.0169 6.6100
0.8748 4.8069 6.5100
0.8748 4.5969 6.3600
0.8748 4.3969 6.2300
0.8748 4.1769 6.1000
0.8848 3.9669 5.9400
0.8848 3.7569 5.8000
0.8848 3.5369 5.6900
0.8848 3.3369 5.5400
0.8848 3.1269 5.4000
0.8948 2.9069 5.2700
0.8948 2.7269 5.1600
0.8948 2.5269 5.0200
0.8948 2.3269 4.9100
0.8948 2.1369 4.7800
0.8948 1.9069 4.6600
0.9048 1.7269 4.5200
0.9048 1.5369 4.4100
0.9048 1.3269 4.2800
0.9048 1.1269 4.1700
0.9048 0.9169 4.0400
0.9048 0.6969 3.9200
0.9148 0.5069 3.7500
0.9148 0.3069 3.6000
0.9148 0.0669 3.6300
0.9148 -0.1831 3.6000
0.9148 -0.4131 3.5500
0.9248 -0.6831 3.5600
0.9248 -0.9331 3.6300
0.9248 -1.1931 3.6700
0.5048 12.4169 4.3400
0.5048 12.1069 4.4800
0.5048 11.7569 4.7100
0.5148 11.4469 4.8900
0.5148 11.0969 5.1300
0.5148 10.7669 5.3500
0.5148 10.4469 5.5600
0.5248 10.0769 5.7600
0.5248 9.7469 5.9500
0.5248 9.4269 6.1900
0.5348 9.0869 6.3900
0.5348 8.7369 6.6100
0.5348 8.4269 6.7800
0.5348 8.1169 7.0100
0.5448 7.7869 7.2000
0.5448 7.4269 7.4200
0.5448 7.0869 7.6600
0.5548 6.7969 7.8300
0.5548 6.5469 7.7700
0.5648 5.1169 11.0300
0.5548 6.3369 7.6400
0.5648 4.9069 10.9100
0.5548 6.1469 7.4800
0.5548 5.9469 7.3700
0.5648 5.7369 7.2300
0.5648 5.5069 7.1000
0.5648 5.2869 6.9700
0.5648 5.0869 6.8300
0.5648 4.8869 6.7000
0.5748 4.6569 6.5500
0.5748 4.4469 6.4300
0.5748 4.2669 6.3100
0.5748 4.0769 6.1700
0.5748 3.8869 6.0200
0.5848 3.6769 5.9200
0.5848 3.4569 5.7900
0.5848 3.2969 5.6700
0.5848 3.0669 5.5400
0.5848 2.8669 5.4200
0.5848 2.6769 5.2700
0.5948 2.4769 5.1600
0.5948 2.2469 5.0200
0.5948 2.0369 4.8900
0.5948 1.8469 4.7700
0.5948 1.6669 4.6300
0.6048 1.4369 4.5100
0.6048 1.2269 4.3900
0.6048 1.0169 4.2600
0.6048 0.8269 4.1200
0.6048 0.6369 4.0300
0.6048 0.4069 3.8800
0.6148 0.1969 3.7000
0.6148 -0.0031 3.5700
0.6148 -0.2831 3.6200
0.6148 -0.5231 3.6600
0.6248 -0.8231 3.6700
0.6248 -1.0331 3.6100
0.6248 -1.0231 2.9400
0.6248 -1.0331 2.2600
0.6248 -1.0131 1.4200
0.6248 -1.0931 0.9200
0.2048 12.2369 4.2700
0.2148 11.8969 4.4700
0.2148 11.5769 4.6300
0.2148 11.2469 4.8700
0.2248 10.8969 5.1100
0.2248 10.5669 5.3100
0.2248 10.2469 5.5100
0.2348 9.9269 5.7000
0.2348 9.6069 5.8900
0.2348 9.2569 6.1100
0.2348 8.9369 6.3200
0.2448 8.5969 6.5300
0.2448 8.2769 6.7500
0.2448 7.9469 6.9300
0.2548 7.6269 7.1300
0.2548 7.3069 7.3100
0.2548 6.9569 7.5500
0.2648 6.5969 7.8300
0.2648 6.3469 7.7800
0.2748 4.9269 10.9700
0.2648 6.1269 7.6400
0.2748 4.6969 10.8900
0.2648 5.9269 7.4800
0.2648 5.7269 7.3700
0.2648 5.5469 7.2600
0.2748 5.3369 7.1200
0.2748 5.1469 7.0000
0.2748 4.9469 6.8900
0.2748 4.7369 6.7300
0.2748 4.5269 6.6400
0.2848 4.3369 6.5100
0.2848 4.1369 6.3600
0.2848 3.9469 6.2300
0.2848 3.7369 6.1100
0.2848 3.5069 5.9800
0.2848 3.3269 5.8600
0.2948 3.1169 5.7200
0.2948 2.9169 5.6200
0.2948 2.7169 5.4600
0.2948 2.5169 5.3400
0.2948 2.3069 5.1800
0.3048 2.1169 5.0700
0.3048 1.8969 4.9500
0.3048 1.6969 4.8100
0.3048 1.4669 4.7000
0.3048 1.2569 4.5500
0.3148 1.0469 4.4100
0.3148 0.8369 4.3000
0.3148 0.6269 4.1700
0.3148 0.4169 4.0500
0.3248 -0.2231 5.1900
0.3148 0.2169 3.9500
0.3248 -0.4131 5.0600
0.3148 0.0369 3.7800
0.3248 -0.2131 3.7400
0.3248 -0.4631 3.7200
0.3248 -0.6831 3.6600
0.3248 -0.6831 2.9400
0.3248 -0.6831 2.2300
0.3248 -0.6631 1.4300
0.3348 -1.3531 2.7400
0.3248 -0.7231 0.9400
0.3248 -0.9031 0.7400
-0.0252 12.2069 4.1700
-0.0252 11.8769 4.3600
-0.0252 11.5869 4.5600
-0.0152 11.2169 4.7900
-0.0152 10.9169 4.9500
-0.0152 10.5869 5.1900
-0.0052 10.2569 5.3800
-0.0052 9.9169 5.5800
-0.0052 9.5669 5.8000
0.0048 9.2569 6.0100
0.0048 8.9069 6.1900
0.0048 8.5469 6.4300
0.0148 8.1869 6.6600
0.0148 7.9069 6.8500
0.0148 7.5869 7.0400
0.0148 7.2769 7.2100
0.0248 6.9569 7.4300
0.0248 6.6269 7.6800
0.0248 6.3069 7.8500
0.0248 6.0969 7.7600
0.0348 5.8869 7.6600
0.0348 5.7169 7.4900
0.0348 5.5069 7.3800
0.0348 5.3069 7.2400
0.0348 5.0869 7.0800
0.0448 4.8769 6.9700
0.0448 4.6969 6.8300
0.0448 4.5069 6.7200
0.0448 4.2769 6.5800
0.0448 4.0669 6.4600
0.0448 3.8569 6.3200
0.0548 3.6769 6.2000
0.0548 3.4569 6.0800
0.0548 3.2469 5.9400
0.0548 3.0369 5.7900
0.0548 2.8369 5.6600
0.0648 2.6169 5.5400
0.0648 2.4069 5.4200
0.0648 2.1969 5.2600
0.0648 2.0169 5.1700
0.0648 1.8069 5.0300
0.0748 1.6069 4.8900
0.0748 1.3869 4.7600
0.0748 1.1869 4.6400
0.0748 0.9669 4.5000
0.0748 0.7569 4.3800
0.0748 0.5769 4.2300
0.0848 0.3769 4.1400
0.0848 -0.2331 5.1000
0.0848 0.1569 4.0200
0.0848 -0.4631 5.0400
0.0848 -0.0631 3.9300
0.0848 -0.2631 3.7300
0.0848 -0.4331 3.6100
0.0848 -0.4031 2.7600
0.0848 -0.4231 2.0500
0.0848 -0.3631 1.2000
0.0948 -1.1831 2.7600
0.0848 -0.5331 0.9100
0.0948 -0.6731 0.5900
-0.2652 12.2969 3.9900
-0.2552 11.9469 4.2200
-0.2552 11.5969 4.4500
-0.2552 11.3069 4.5800
-0.2452 10.9369 4.8700
-0.2452 10.6269 5.0100
-0.2452 10.2569 5.2500
-0.2452 9.9469 5.4400
-0.2352 9.6269 5.6500
-0.2352 9.2969 5.8700
-0.2352 9.0169 5.9800
-0.2252 8.6969 6.2300
-0.2252 8.3769 6.3900
-0.2252 8.0369 6.6100
-0.2152 7.6969 6.8800
-0.2152 7.4069 7.0400
-0.2152 7.1069 7.2000
-0.2152 6.7669 7.4200
-0.2052 6.3869 7.7200
-0.2052 6.1069 7.8400
-0.2052 5.8969 7.7600
-0.1952 5.4269 8.4000
-0.2052 5.6869 7.6600
-0.1952 5.1569 8.3800
-0.1952 5.4869 7.4800
-0.1952 5.2769 7.4100
-0.1952 5.0769 7.2200
-0.1952 4.8869 7.1100
-0.1952 4.7069 6.9600
-0.1952 4.4669 6.8300
-0.1852 4.2569 6.7100
-0.1852 4.0769 6.5600
-0.1852 3.8369 6.4600
-0.1852 3.6269 6.3200
-0.1852 3.4169 6.1600
-0.1852 3.2369 6.0400
-0.1752 3.0169 5.9200
-0.1752 2.8269 5.7900
-0.1752 2.6169 5.6600
-0.1752 2.4069 5.5400
-0.1752 2.1869 5.3900
-0.1652 1.9969 5.2500
-0.1652 1.7769 5.1500
-0.1652 1.5869 4.9700
-0.1652 1.3869 4.8700
-0.1652 1.1869 4.7400
-0.1552 0.9569 4.6100
-0.1552 0.7769 4.5000
-0.1552 0.5569 4.3800
-0.1552 0.3169 4.2500
-0.1552 0.1169 4.1400
-0.1552 -0.0831 3.9900
-0.1452 -0.2431 3.7000
-0.1452 -0.1331 2.6200
-0.1452 -0.1331 1.9500
-0.1452 -0.1431 1.2700
-0.1452 -0.9331 2.7400
-0.1452 -0.2631 0.8300
-0.1352 -1.1531 2.7000
-0.5352 12.1969 4.2400
-0.5352 11.9169 4.3400
-0.5352 11.6169 4.4900
-0.5252 11.2869 4.7300
-0.5252 11.0169 4.8700
-0.5252 10.6369 5.1200
-0.5152 10.3469 5.2300
-0.5152 10.0569 5.4100
-0.5152 9.7569 5.6300
-0.5152 9.4069 5.8900
-0.5052 9.0569 6.0600
-0.5052 8.7469 6.2400
-0.5052 8.4369 6.4200
-0.5052 8.1269 6.6500
-0.4952 7.8169 6.7700
-0.4952 7.5269 6.8500
-0.4952 7.2469 6.9900
-0.4852 6.8969 7.2000
-0.4852 6.5769 7.4100
-0.4852 6.2469 7.6100
-0.4852 5.9269 7.8400
-0.4752 5.4069 8.5300
-0.4752 5.1369 8.5300
-0.4752 5.0069 8.1600
-0.4752 4.9969 7.5500
-0.4652 4.8669 7.2200
-0.4652 4.6469 7.1100
-0.4652 4.4469 6.9700
-0.4652 4.2569 6.8400
-0.4652 4.0469 6.7100
-0.4652 3.8469 6.5700
-0.4552 3.6069 6.4500
-0.4552 3.4169 6.3100
-0.4552 3.2369 6.1900
-0.4552 3.0169 6.0800
-0.4552 2.8069 5.9200
-0.4452 2.6069 5.8100
-0.4452 2.4169 5.6900
-0.4452 2.2169 5.5400
-0.4452 1.9869 5.4100
-0.4452 1.7669 5.2600
-0.4452 1.5969 5.1400
-0.4352 1.3769 4.9900
-0.4352 1.1469 4.8700
-0.4352 0.9269 4.7400
-0.4352 0.7469 4.6400
-0.4352 0.5169 4.5300
-0.4252 0.2869 4.3800
-0.4252 0.1069 4.2200
-0.4252 0.2169 3.2800
-0.4252 0.2269 2.5000
-0.4252 0.1469 1.9600
-0.4252 0.1469 1.2600
-0.4252 0.1769 0.4700
-0.4152 -0.8631 2.7300
-0.4252 -0.2531 1.0000
-0.4152 -1.0931 2.6700
-0.4152 -1.3431 2.6400
-0.7852 11.8969 4.5500
-0.7852 11.5969 4.6500
-0.7752 11.2369 4.9100
-0.7752 10.9469 5.0700
-0.7752 10.6469 5.2700
-0.7652 10.3469 5.3900
-0.7652 9.9869 5.6400
-0.7652 9.6769 5.8600
-0.7552 9.3269 6.0500
-0.7552 9.0069 6.2600
-0.7552 8.7169 6.4100
-0.7552 8.3769 6.6200
-0.7452 8.0369 6.8000
-0.7452 7.7969 6.7500
-0.7452 7.5569 6.7000
-0.7452 7.2769 6.8300
-0.7352 6.9269 7.0100
-0.7352 6.6069 7.2500
-0.7352 6.3069 7.4300
-0.7252 5.9869 7.6600
-0.7252 5.3969 8.5500
-0.7252 5.1469 8.5000
-0.7252 5.1269 7.8200
-0.7252 4.9869 7.5400
-0.7252 4.8169 7.3400
-0.7152 4.6169 7.2000
-0.7152 4.4169 7.0900
-0.7152 4.2169 6.9600
-0.7152 4.0169 6.8000
-0.7152 3.7969 6.7000
-0.7052 3.5969 6.5600
-0.7052 3.3869 6.4100
-0.7052 3.1769 6.3000
-0.7052 2.9669 6.1700
-0.7052 2.7469 6.0400
-0.6952 2.5369 5.8800
-0.6952 2.3369 5.7700
-0.6952 2.1269 5.6300
-0.6952 1.9169 5.4900
-0.6952 1.7169 5.3500
-0.6852 1.5269 5.2300
-0.6852 1.3069 5.1100
-0.6852 1.0869 4.9800
-0.6852 0.8869 4.8900
-0.6852 0.6669 4.7400
-0.6852 0.4869 4.6100
-0.6752 0.2769 4.4300
-0.6852 0.4569 3.2400
-0.6752 0.4669 2.4600
-0.6852 0.4569 1.7300
-0.6852 0.4869 0.9600
-0.6752 0.3369 0.6000
-0.6752 -0.0931 1.0500
-0.6652 -0.9131 2.6900
-0.6752 -0.3331 1.0500
-0.6652 -1.1531 2.6400
-0.6752 -0.5531 0.9200
-0.9852 11.9169 4.7600
-0.9852 11.6469 4.8000
-0.9852 11.3269 5.0000
-0.9752 11.0069 5.2000
-0.9752 10.6669 5.3600
-0.9752 10.3369 5.6100
-0.9652 9.9969 5.7900
-0.9652 9.6569 5.9800
-0.9652 9.3569 6.2100
-0.9652 9.0269 6.3800
-0.9552 8.7069 6.5600
-0.9552 8.3869 6.7400
-0.9552 8.1469 6.7600
-0.9552 7.9169 6.6800
-0.9452 7.7069 6.5300
-0.9452 7.3769 6.6600
-0.9452 7.0869 6.8300
-0.9352 6.7869 7.0300
-0.9352 6.4469 7.2600
-0.9352 6.1169 7.4300
-0.9352 5.7969 7.6600
-0.9252 5.4769 7.8400
-0.9252 5.2669 7.8000
-0.9252 5.0369 7.6500
-0.9252 4.8369 7.4700
-0.9252 4.6369 7.3500
-0.9152 4.4469 7.2000
-0.9152 4.2169 7.0700
-0.9152 3.9969 6.9400
-0.9152 3.8169 6.8200
-0.9152 3.5969 6.7000
-0.9052 3.3769 6.5600
-0.9052 3.1769 6.4100
-0.9052 2.9869 6.3000
-0.9052 2.7669 6.1700
-0.9052 2.5569 6.0200
-0.8952 2.3469 5.8900
-0.8952 2.1469 5.7700
-0.8952 1.9469 5.6300
-0.8952 1.7369 5.4900
-0.8952 1.5369 5.3700
-0.8952 1.3169 5.2500
-0.8852 1.1069 5.1300
-0.8852 0.8869 5.0000
-0.8852 0.6669 4.8600
-0.8852 0.5569 4.4200
-0.8852 0.7269 3.9600
-0.8852 0.6569 3.4400
-0.8852 0.6269 2.8300
-0.8852 0.6969 1.9500
-0.8852 0.6969 1.2100
-0.8852 0.6969 0.5800
-0.8852 0.3469 0.9100
-0.8752 0.0169 1.0600
-0.8752 -0.2131 1.0200
-0.8752 -0.3731 0.7900
-0.8652 -1.2131 2.5700
-1.1952 11.6069 5.0900
-1.1952 11.3469 5.1700
-1.1852 11.0169 5.3900
-1.1852 10.6869 5.5600
-1.1852 10.3869 5.7400
-1.1752 10.0969 5.8600
-1.1752 9.7569 6.1200
-1.1752 9.4169 6.3000
-1.1752 9.0869 6.4700
-1.1652 8.7769 6.6700
-1.1652 8.4969 6.7700
-1.1652 8.2569 6.7000
-1.1652 8.0569 6.5700
-1.1552 7.8669 6.4500
-1.1552 7.6169 6.4300
-1.1552 7.3169 6.5800
-1.1552 6.9769 6.8100
-1.1452 6.6169 7.0400
-1.1452 6.3169 7.2000
-1.1452 5.9969 7.4000
-1.1452 5.6469 7.6600
-1.1352 5.3069 7.8200
-1.1352 5.0669 7.7800
-1.1352 4.8769 7.6400
-1.1352 4.6669 7.4800
-1.1252 4.4669 7.3300
-1.1252 4.2769 7.2000
-1.1252 4.0569 7.0800
-1.1252 3.8569 6.9600
-1.1252 3.6469 6.8200
-1.1152 3.4269 6.6900
-1.1152 3.2369 6.5500
-1.1152 3.0269 6.4100
-1.1152 2.8269 6.2800
-1.1152 2.6069 6.1600
-1.1152 2.3969 6.0100
-1.1052 2.1769 5.8900
-1.1052 1.9769 5.7700
-1.1052 1.7469 5.6200
-1.1052 1.5369 5.5000
-1.1052 1.3369 5.4000
-1.0952 1.1369 5.2700
-1.0952 0.9469 5.1300
-1.0952 0.7869 4.9100
-1.0952 0.9469 3.7600
-1.0952 0.8869 3.2000
-1.0952 0.8669 2.5700
-1.0952 0.9769 1.5500
-1.0952 0.9669 0.9600
-1.0952 0.9269 0.4200
-1.0952 0.4469 0.9700
-1.0852 0.1769 0.9900
-1.0852 -0.0131 0.8500
-1.0752 -1.3631 2.5400
-1.4452 11.3669 5.4200
-1.4452 11.0669 5.5400
-1.4352 10.7869 5.6800
-1.4352 10.4469 5.9000
-1.4352 10.0969 6.1000
-1.4252 9.8169 6.2300
-1.4252 9.5169 6.4300
-1.4252 9.1869 6.6300
-1.4252 8.8669 6.7500
-1.4152 8.6369 6.7300
-1.4152 8.4169 6.5800
-1.4152 8.2369 6.4900
-1.4152 7.9869 6.3400
-1.4152 7.7669 6.2200
-1.4052 7.4669 6.3600
-1.4052 7.1669 6.5100
-1.4052 6.7969 6.7700
-1.3952 6.4769 6.9600
-1.3952 6.1769 7.1400
-1.3952 5.8869 7.3500
-1.3952 5.4969 7.5800
-1.3852 5.1369 7.8300
-1.3852 4.9369 7.7800
-1.3852 4.7069 7.6600
-1.3852 4.5169 7.5400
-1.3752 4.2969 7.3500
-1.3752 4.1169 7.2600
-1.3752 3.9169 7.1200
-1.3752 3.6769 6.9900
-1.3752 3.4469 6.8500
-1.3752 3.2469 6.7100
-1.3652 3.0569 6.5600
-1.3652 2.8169 6.4300
-1.3652 2.6269 6.2800
-1.3652 2.4369 6.1800
-1.3652 2.2469 6.0600
-1.3552 2.0469 5.9400
-1.3552 1.8269 5.8200
-1.3552 1.6169 5.6800
-1.3552 1.4169 5.5800
-1.3552 1.2369 5.4600
-1.3552 1.0569 5.2500
-1.3552 1.1969 4.1400
-1.3552 1.2269 3.3700
-1.3552 1.2369 2.6400
-1.3552 1.2469 1.8600
-1.3552 1.2269 1.2000
-1.3552 1.2069 0.6300
-1.3452 0.8269 1.0200
-1.3452 0.5669 0.9900
-1.3452 0.3469 0.8600
-1.6652 11.2669 5.6500
-1.6652 10.9469 5.7800
-1.6652 10.6469 5.9200
-1.6552 10.3269 6.1100
-1.6552 9.9969 6.3000
-1.6552 9.6569 6.5300
-1.6552 9.3369 6.6700
-1.6452 9.0669 6.7500
-1.6452 8.8269 6.6800
-1.6452 8.6169 6.5500
-1.6452 8.4169 6.4100
-1.6452 8.2169 6.2700
-1.6352 8.0069 6.1600
-1.6352 7.7769 6.0400
-1.6352 7.4669 6.2500
-1.6352 7.1369 6.4200
-1.6252 6.8069 6.6600
-1.6252 6.4869 6.8100
-1.6252 6.1569 7.0500
-1.6152 5.8269 7.2300
-1.6152 5.4969 7.4400
-1.6152 5.1269 7.7100
-1.6152 4.8369 7.8000
-1.6052 4.6069 7.7300
-1.6052 4.3969 7.5700
-1.6052 4.2069 7.4300
-1.6052 3.9969 7.3200
-1.6052 3.8269 7.1900
-1.5952 3.6169 7.0600
-1.5952 3.4169 6.9300
-1.5952 3.1969 6.8100
-1.5952 3.0069 6.6800
-1.5952 2.8169 6.5200
-1.5952 2.6169 6.4200
-1.5852 2.4169 6.3000
-1.5852 2.2069 6.1600
-1.5852 1.9869 6.0200
-1.5852 1.7869 5.9100
-1.5852 1.5769 5.8100
-1.5752 1.4169 5.6500
-1.5752 1.2769 5.2800
-1.5752 1.4969 4.6700
-1.5752 1.5169 3.9100
-1.5752 1.4669 3.3200
-1.5752 1.4369 2.7100
-1.5852 1.4769 1.9600
-1.5752 1.4869 1.1500
-1.5752 1.5469 0.2500
-1.5752 1.0069 1.0100
-1.8452 10.9969 5.9600
-1.8452 10.6769 6.0800
-1.8452 10.3769 6.2400
-1.8352 10.0769 6.3900
-1.8352 9.8169 6.4400
-1.8352 9.4969 6.5400
-1.8352 9.2169 6.6700
-1.8252 8.9669 6.6500
-1.8252 8.7569 6.4900
-1.8252 8.5569 6.3600
-1.8252 8.3369 6.2100
-1.8252 8.1469 6.1000
-1.8152 7.9369 5.9500
-1.8152 7.6269 6.0900
-1.8152 7.2969 6.2400
-1.8152 6.9669 6.4500
-1.8052 6.6269 6.6900
-1.8052 6.2769 6.8700
-1.8052 5.9769 7.0400
-1.7952 5.6969 7.2400
-1.7952 5.3669 7.4700
-1.7952 5.0169 7.7000
-1.7952 4.7269 7.8100
-1.7852 4.5069 7.7600
-1.7852 4.3169 7.6200
-1.7852 4.1169 7.4900
-1.7852 3.9069 7.3600
-1.7852 3.7369 7.2400
-1.7852 3.5069 7.1100
-1.7752 3.2969 6.9500
-1.7752 3.0969 6.8200
-1.7752 2.9069 6.7000
-1.7752 2.7069 6.5800
-1.7752 2.5069 6.4400
-1.7652 2.2869 6.3200
-1.7652 2.0769 6.1900
-1.7652 1.8869 6.0600
-1.7652 1.6969 5.9400
-1.7652 1.4969 5.7500
-1.7652 1.6769 4.4500
-1.7652 1.7569 3.5200
-1.7652 1.6969 3.0100
-1.7652 1.6669 2.3500
-1.7652 1.6769 1.5900
-1.7652 1.6869 0.8600
-2.0652 10.8869 6.1600
-2.0652 10.6469 6.1000
-2.0652 10.3769 6.1600
-2.0652 10.0869 6.2300
-2.0552 9.7969 6.3400
-2.0552 9.4969 6.4700
-2.0552 9.1969 6.5700
-2.0552 8.9769 6.4400
-2.0452 8.7669 6.2800
-2.0452 8.5669 6.1800
-2.0452 8.3369 6.0500
-2.0452 8.1269 5.9100
-2.0452 7.9369 5.8000
-2.0352 7.6669 5.9100
-2.0352 7.3569 6.0800
-2.0352 7.0569 6.2400
-2.0352 6.7169 6.4400
-2.0252 6.3969 6.6400
-2.0252 6.0969 6.8500
-2.0252 5.7769 7.0700
-2.0252 5.4569 7.2300
-2.0152 5.1269 7.4500
-2.0152 4.7669 7.7200
-2.0152 4.4969 7.8400
-2.0052 4.2769 7.7500
-2.0052 4.0869 7.6000
-2.0052 3.8769 7.4700
-2.0052 3.6969 7.3600
-2.0052 3.4569 7.2100
-2.0052 3.2669 7.0600
-1.9952 3.0769 6.9500
-1.9952 2.8869 6.8100
-1.9952 2.6469 6.6800
-1.9952 2.4269 6.5400
-1.9952 2.2069 6.4300
-1.9852 2.0069 6.3100
-1.9852 1.8269 6.1000
-1.9852 1.9769 4.9800
-1.9852 1.9569 4.3700
-1.9852 1.9369 3.7700
-1.9852 1.9469 2.9600
-1.9852 1.9369 2.2500
-1.9852 1.9769 1.4200
-1.9852 1.9269 0.9000
-1.9852 1.3969 0.9200
-2.3752 10.6469 6.0700
-2.3752 10.3869 6.0400
-2.3652 10.0869 6.1200
-2.3652 9.8069 6.2300
-2.3652 9.5269 6.3600
-2.3652 9.2769 6.3900
-2.3552 9.0869 6.2400
-2.3552 8.8669 6.1400
-2.3552 8.6869 6.0000
-2.3552 8.4669 5.8800
-2.3552 8.2669 5.7700
-2.3452 8.0569 5.6700
-2.3452 7.8169 5.6700
-2.3452 7.5369 5.8200
-2.3452 7.1469 6.0600
-2.3352 6.8269 6.2500
-2.3352 6.5369 6.3900
-2.3352 6.2269 6.6400
-2.3352 5.8669 6.8700
-2.3252 5.5569 7.0200
-2.3252 5.2269 7.2200
-2.3252 4.9269 7.4300
-2.3152 4.5869 7.6600
-2.3152 4.2769 7.7700
-2.3152 4.0469 7.6900
-2.3152 3.8369 7.5700
-2.3152 3.6169 7.4500
-2.3052 3.4169 7.3200
-2.3052 3.1869 7.2000
-2.3052 3.0169 7.0600
-2.3052 2.8069 6.9700
-2.3052 2.5969 6.8600
-2.2952 2.3769 6.7200
-2.2952 2.1869 6.5500
-2.2952 2.0769 6.1400
-2.2952 2.3669 5.3200
-2.2952 2.3169 4.7700
-2.2952 2.2769 4.1900
-2.2952 2.3169 3.3700
-2.2952 2.1769 3.0900
-2.2952 2.3069 2.0400
-2.2952 2.3369 1.1900
-2.2952 2.3069 0.5900
-2.2952 1.6969 0.8600
-2.6552 10.5269 6.0500
-2.6552 10.2569 6.0200
-2.6552 9.9969 6.0900
-2.6552 9.6969 6.2200
-2.6452 9.4469 6.2600
-2.6452 9.2369 6.1300
-2.6452 9.0269 5.9800
-2.6452 8.8069 5.8600
-2.6452 8.6269 5.7600
-2.6352 8.4169 5.6200
-2.6352 8.2269 5.5000
-2.6352 7.9869 5.4200
-2.6352 7.6969 5.5900
-2.6252 7.3469 5.7600
-2.6252 7.0569 5.9200
-2.6252 6.7269 6.1400
-2.6252 6.3869 6.3900
-2.6152 6.0369 6.6000
-2.6152 5.7069 6.8100
-2.6152 5.3869 6.9800
-2.6052 5.0569 7.2000
-2.6052 4.7169 7.4100
-2.6052 4.3969 7.6600
-2.6052 4.1769 7.5600
-2.6052 3.9769 7.4500
-2.5952 3.7669 7.3200
-2.5952 3.5569 7.2200
-2.5952 3.3269 7.0900
-2.5952 3.1169 6.9900
-2.5852 2.9069 6.9000
-2.5852 2.6869 6.8000
-2.5852 2.4769 6.7200
-2.5852 2.2569 6.6500
-2.5852 2.6669 5.4900
-2.5852 2.6369 4.8300
-2.5852 2.6469 4.1700
-2.5852 2.6069 3.5400
-2.5852 2.4569 3.1900
-2.5952 2.9069 1.9400
-2.5852 2.7569 1.6400
-2.5852 2.7069 1.1300
-2.5852 2.5969 0.6300
-2.8752 10.2869 6.0200
-2.8652 10.0569 6.0300
-2.8652 9.7269 6.1600
-2.8652 9.4869 6.1200
-2.8652 9.3069 5.9800
-2.8652 9.0869 5.8700
-2.8552 8.8869 5.7300
-2.8552 8.6569 5.6100
-2.8552 8.4769 5.4700
-2.8552 8.2269 5.3700
-2.8552 7.9869 5.2900
-2.8452 7.6869 5.4600
-2.8452 7.3669 5.6300
-2.8452 7.0569 5.8100
-2.8352 6.7369 6.0400
-2.8352 6.3969 6.2500
-2.8352 6.0869 6.4000
-2.8352 5.7669 6.6000
-2.8252 5.4169 6.8400
-2.8252 5.1069 7.0300
-2.8252 4.7669 7.2600
-2.8152 4.4269 7.5300
-2.8152 4.2069 7.4600
-2.8152 4.0069 7.3300
-2.8152 3.7769 7.2100
-2.8152 3.5769 7.1100
-2.8052 3.3669 6.9700
-2.8052 3.1369 6.8800
-2.8052 2.9269 6.8000
-2.8052 2.7069 6.6800
-2.8052 2.9169 5.3700
-2.8052 2.8969 4.6800
-2.8052 2.8669 4.0600
-2.8052 2.8669 3.3700
-2.8052 2.9569 2.3800
-2.8052 2.9069 1.8300
-2.8052 2.9169 1.0900
-2.8052 2.8869 0.5300
-2.7952 2.2269 0.8900
-3.0852 10.1669 6.0200
-3.0752 9.8869 6.0700
-3.0752 9.6469 6.0500
-3.0752 9.4169 5.9100
-3.0752 9.2169 5.8000
-3.0752 9.0169 5.6500
-3.0652 8.8169 5.5400
-3.0652 8.6069 5.4100
-3.0652 8.4169 5.2600
-3.0652 8.1969 5.1500
-3.0652 7.9069 5.2400
-3.0552 7.5869 5.3800
-3.0552 7.2869 5.5600
-3.0552 6.9669 5.7400
-3.0452 6.6269 5.9800
-3.0452 6.3369 6.1400
-3.0452 6.0069 6.3800
-3.0452 5.6669 6.5800
-3.0352 5.3469 6.7800
-3.0352 5.0369 6.9500
-3.0352 4.6769 7.1700
-3.0252 4.3469 7.4200
-3.0252 4.1469 7.2800
-3.0252 3.9269 7.1400
-3.0252 3.7069 7.0300
-3.0252 3.4969 6.9500
-3.0152 3.2769 6.8200
-3.0152 3.0469 6.7500
-3.0152 3.1769 5.7200
-3.0152 3.1669 5.0500
-3.0152 3.1269 4.4200
-3.0152 3.1369 3.6600
-3.0152 3.1469 2.9600
-3.0152 3.1669 2.1400
-3.0152 3.1769 1.4600
-3.0152 3.1369 0.8500
-3.0152 2.6269 0.9100
-3.0152 2.4369 0.6300
-3.3352 9.8969 6.0500
-3.3352 9.6969 5.9200
-3.3252 9.4769 5.7600
-3.3252 9.2669 5.6400
-3.3252 9.0769 5.5200
-3.3252 8.8669 5.3900
-3.3252 8.6669 5.2400
-3.3252 8.4569 5.1400
-3.3152 8.2369 5.0200
-3.3152 8.0069 5.0200
-3.3152 7.6869 5.1900
-3.3152 7.3269 5.4100
-3.3052 7.0069 5.6100
-3.3052 6.6869 5.8000
-3.3052 6.3469 6.0200
-3.2952 5.9969 6.2100
-3.2952 5.6769 6.4200
-3.2952 5.3569 6.6100
-3.2852 5.0169 6.8500
-3.2852 4.6969 7.0600
-3.2852 4.3669 7.2600
-3.2852 4.1469 7.1500
-3.2752 3.9569 7.0000
-3.2752 3.7369 6.9100
-3.2752 3.4869 6.8200
-3.2752 3.2969 6.7400
-3.2752 3.4669 5.5400
-3.2752 3.4569 4.9500
-3.2752 3.4369 4.1700
-3.2752 3.3969 3.5900
-3.2752 3.4269 2.8300
-3.2752 3.4269 2.0300
-3.2752 3.4069 1.3100
-3.2752 3.4069 0.5700
-3.2652 2.8369 0.8700
-3.5652 9.7669 5.8600
-3.5652 9.5969 5.7100
-3.5652 9.3669 5.5200
-3.5552 9.1569 5.3900
-3.5552 8.9569 5.2700
-3.5552 8.7369 5.1400
-3.5552 8.5269 5.0100
-3.5552 8.3069 4.8900
-3.5452 8.0669 4.8900
-3.5452 7.7369 5.0500
-3.5452 7.4069 5.2300
-3.5352 7.1069 5.4100
-3.5352 6.8069 5.6000
-3.5352 6.4569 5.8100
-3.5352 6.1069 6.0500
-3.5252 5.8069 6.2200
-3.5252 5.4869 6.3800
-3.5252 5.1469 6.6600
-3.5152 4.8069 6.8800
-3.5152 4.4869 7.1000
-3.5152 4.2369 7.0600
-3.5152 4.0169 6.9300
-3.5152 3.7869 6.8100
-3.5052 3.5769 6.7100
-3.5052 3.7269 5.5500
-3.5052 3.6769 4.9300
-3.5052 3.7069 4.2300
-3.5052 3.7169 3.4900
-3.5052 3.6669 2.9400
-3.5052 3.6769 2.2400
-3.5052 3.6969 1.5300
-3.5052 3.6869 0.7700
-3.5052 3.0169 0.6700
-3.7552 9.5269 5.5500
-3.7552 9.3169 5.3500
-3.7452 9.0869 5.2000
-3.7452 8.8969 5.1200
-3.7452 8.6969 4.9600
-3.7452 8.4869 4.8500
-3.7452 8.2769 4.6800
-3.7352 7.9869 4.7800
-3.7352 7.6569 4.9700
-3.7352 7.3469 5.1600
-3.7352 7.0069 5.3700
-3.7252 6.6969 5.5500
-3.7252 6.3569 5.7800
-3.7252 6.0369 5.9500
-3.7152 5.6869 6.1700
-3.7152 5.3469 6.3900
-3.7152 5.0069 6.5800
-3.7052 4.6469 6.8900
-3.7052 4.3569 7.0300
-3.7052 4.1569 6.9000
-3.7052 3.9569 6.7800
-3.7052 3.7469 6.7000
-3.7052 3.9569 5.4900
-3.7052 3.9169 4.8100
-3.7052 3.9069 4.1100
-3.7052 3.9169 3.4700
-3.7052 3.9369 2.7700
-3.7052 3.9269 2.0800
-3.7052 3.9269 1.3300
-3.7052 3.8869 0.7000
-3.6952 3.3469 0.8600
-3.6952 3.1769 0.6500
-3.9552 9.3169 5.2500
-3.9452 9.1269 5.1000
-3.9452 8.9269 4.9700
-3.9452 8.7069 4.8400
-3.9452 8.4969 4.7100
-3.9452 8.2769 4.5900
-3.9352 7.9769 4.7000
-3.9352 7.6669 4.8800
-3.9352 7.3269 5.0500
-3.9252 6.9569 5.3400
-3.9252 6.6669 5.4900
-3.9252 6.3469 5.6800
-3.9252 6.0569 5.8300
-3.9152 5.7269 6.0400
-3.9152 5.4369 6.2500
-3.9152 5.0869 6.4500
-3.9052 4.7469 6.6800
-3.9052 4.4469 6.8900
-3.9052 4.2369 6.8300
-3.9052 4.0269 6.7100
-3.9052 3.9169 6.3200
-3.9052 4.1869 5.5600
-3.9052 4.1669 4.8600
-3.9052 4.1369 4.2900
-3.9052 4.1369 3.6100
-3.9052 4.1369 2.9400
-3.9052 4.1869 2.0500
-3.9052 4.1369 1.5000
-3.9052 4.1469 0.7400
-3.8952 3.4169 0.6700
-4.1852 9.2069 5.0600
-4.1852 9.0269 4.9100
-4.1852 8.8069 4.7200
-4.1752 8.6069 4.6200
-4.1752 8.3969 4.4900
-4.1752 8.1969 4.4600
-4.1752 7.8969 4.5900
-4.1752 7.5669 4.7900
-4.1652 7.2269 5.0100
-4.1652 6.9369 5.2000
-4.1652 6.6269 5.3500
-4.1552 6.2969 5.5900
-4.1552 5.9769 5.7700
-4.1552 5.6669 5.9300
-4.1452 5.3269 6.1900
-4.1452 5.0169 6.4100
-4.1452 4.6569 6.6400
-4.1452 4.3569 6.8200
-4.1452 4.1469 6.7000
-4.1452 4.4869 5.7700
-4.1452 4.4369 5.2600
-4.1452 4.3769 4.5800
-4.1452 4.4469 3.7500
-4.1452 4.4069 3.2300
-4.1452 4.3869 2.5400
-4.1452 4.4169 1.7400
-4.1452 4.3969 1.0200
-4.1452 4.3769 0.3600
-4.3852 9.0269 4.7700
-4.3852 8.8269 4.6100
-4.3852 8.6369 4.4900
-4.3752 8.4369 4.3700
-4.3752 8.1969 4.3600
-4.3752 7.8869 4.4900
-4.3752 7.5369 4.7200
-4.3652 7.2369 4.9100
-4.3652 6.9269 5.0900
-4.3652 6.6169 5.2600
-4.3652 6.2569 5.5200
-4.3552 5.9569 5.6900
-4.3552 5.6169 5.8900
-4.3552 5.2869 6.1300
-4.3452 4.9869 6.3200
-4.3452 4.6669 6.4800
-4.3452 4.4269 6.4100
-4.3452 4.6969 5.6700
-4.3452 4.6569 5.0100
-4.3452 4.6469 4.3000
-4.3452 4.6369 3.6800
-4.3452 4.6469 2.9100
-4.3452 4.6469 2.2500
-4.3452 4.6669 1.5000
-4.3452 4.6669 0.8400
-4.3452 4.6169 0.2500
-4.3352 3.9269 0.7600
-4.5552 8.9369 4.5500
-4.5552 8.7269 4.4600
-4.5552 8.5369 4.3000
-4.5452 8.3169 4.2000
-4.5452 7.9969 4.3500
-4.5452 7.7169 4.5500
-4.5452 7.3969 4.7500
-4.5352 7.0469 4.9200
-4.5352 6.6869 5.1700
-4.5352 6.3669 5.3500
-4.5352 6.0669 5.5200
-4.5252 5.7269 5.7300
-4.5252 5.3669 5.9700
-4.5252 5.0669 6.1500
-4.5152 4.7969 6.3000
-4.5152 4.8669 5.4000
-4.5152 4.8169 4.7300
-4.5152 4.8069 4.0700
-4.5152 4.8669 3.1600
-4.5152 4.8769 2.4800
-4.5152 4.8269 1.8900
-4.5152 4.8569 1.1200
-4.5152 4.8169 0.5200
-4.5152 4.1969 0.8600
-4.7852 8.5969 4.2000
-4.7752 8.3969 4.0400
-4.7752 8.1069 4.1700
-4.7752 7.7569 4.3900
-4.7752 7.4569 4.5300
-4.7652 7.1369 4.7600
-4.7652 6.8469 4.9300
-4.7652 6.4969 5.1400
-4.7552 6.1569 5.3500
-4.7552 5.8269 5.5300
-4.7552 5.5069 5.7600
-4.7552 5.1869 5.9900
-4.7552 5.1469 5.3400
-4.7552 5.1669 4.6200
-4.7452 5.1169 4.0700
-4.7452 5.1269 3.3600
-4.7452 5.1069 2.7600
-4.7452 5.1369 1.8800
-4.7452 5.1669 1.0600
-4.7452 5.1169 0.5500
-4.7452 4.4969 0.8100
-4.7452 4.3869 0.3600
-5.1052 8.2269 3.9900
-5.1052 7.9069 4.1100
-5.0952 7.5969 4.2600
-5.0952 7.2669 4.5000
-5.0952 6.9669 4.6700
-5.0952 6.6469 4.8800
-5.0852 6.3169 5.0800
-5.0852 5.9569 5.3300
-5.0852 5.6769 5.5000
-5.0752 5.4269 5.4800
-5.0752 5.5269 4.4000
-5.0752 5.5169 3.7400
-5.0752 5.4869 3.1300
-5.0852 5.5369 2.2800
-5.0752 5.4869 1.6600
-5.0752 5.5069 0.9100
-5.0752 4.7869 0.7900
-5.3952 8.1269 4.0000
-5.3952 7.8369 4.0200
-5.3952 7.5069 4.2100
-5.3852 7.1969 4.3900
-5.3852 6.8669 4.5800
-5.3852 6.5069 4.8200
-5.3852 6.1769 5.0400
-5.3752 5.8669 5.2100
-5.3752 5.8669 4.4700
-5.3752 5.8569 3.7200
-5.3752 5.8669 3.0900
-5.3752 5.8069 2.5500
-5.3752 5.8469 1.7400
-5.3752 5.8369 0.9800
-5.3752 5.7469 0.5600
-5.3752 5.1269 0.8900
-5.6052 7.9769 4.0000
-5.6052 7.7269 3.9900
-5.6052 7.4269 4.1400
-5.5952 7.0969 4.3400
-5.5952 6.7769 4.5300
-5.5952 6.4269 4.7300
-5.5952 6.1269 4.9300
-5.5952 6.1669 4.0700
-5.5852 6.0869 3.6400
-5.5852 6.0769 2.9000
-5.5952 6.1169 2.1400
-5.5852 6.0669 1.5300
-5.5852 5.9969 0.9600
-5.5852 5.6469 0.5000
-5.8052 7.7169 3.9900
-5.8052 7.4269 4.0600
-5.8052 7.1469 4.2000
-5.8052 6.7669 4.4400
-5.7952 6.4269 4.6400
-5.7952 6.2069 4.5600
-5.7952 6.3469 3.4700
-5.7952 6.2869 2.8900
-5.7952 6.3369 2.0000
-5.7952 6.3269 1.3600
-5.7952 6.1669 1.1400
-5.7952 5.9869 1.0000
-5.7952 5.7669 0.9100
-6.0652 7.3869 4.0000
-6.0652 7.0969 4.1300
-6.0552 6.7869 4.2900
-6.0552 6.4969 4.3800
-6.0552 6.6169 3.4200
-6.0552 6.6069 2.8100
-6.0552 6.6369 1.9900
-6.0552 6.5969 1.3600
-6.0552 6.5469 0.8600
-6.0552 6.2769 1.0000
-6.0552 6.0369 0.9500
-6.3152 7.3969 3.9700
-6.3152 7.1669 3.9800
-6.3152 6.8469 4.1300
-6.3152 6.6169 4.0900
-6.3152 6.7869 2.8800
-6.3152 6.7869 2.1500
-6.3152 6.7669 1.5300
-6.3152 6.7769 0.8500
-6.3052 6.2869 0.8200
-6.5252 7.1769 3.8900
-6.5252 6.9069 3.9300
-6.5252 6.4969 0.8400
-6.7252 6.7269 0.8400
-7.5052 -0.9931 6.3600
-7.5052 -1.2131 6.3500
-7.8252 -0.8931 6.2800
-7.8252 -1.1331 6.2800
-7.8252 -1.3331 6.1200
-8.1152 -0.5831 6.3100
-8.1152 -0.8431 6.2900
-8.1152 -1.0431 6.1200
-8.1152 -1.2831 6.0300
-8.3352 -0.2431 6.3200
-8.3252 -0.4631 6.3300
-8.3252 -0.6931 6.2100
-8.3252 -0.9131 6.0900
-8.3252 -1.1331 6.0400
-8.5452 -0.0631 6.3300
-8.5352 -0.3231 6.3100
-8.5352 -0.5231 6.1800
-8.5352 -0.7431 6.0700
-8.5352 -0.9831 6.0400
-8.5352 -1.2631 6.0500
-8.8152 0.2369 6.3400
-8.8152 -0.0331 6.3300
-8.8152 -0.2231 6.1300
-8.8052 -0.4531 6.0800
-8.8052 -0.6831 6.0700
-8.8052 -0.9331 6.0600
-8.8052 -1.2031 6.0500
-9.0852 0.5969 6.3400
-9.0852 0.3469 6.3400
-9.0852 0.1369 6.2200
-9.0852 -0.0731 6.1200
-9.0752 -0.3431 6.1100
-9.0752 -0.5731 6.0700
-9.0752 -0.8231 6.0800
-9.0752 -1.0931 6.0500
-9.0652 -1.3531 6.0500
-9.3152 0.7969 6.3300
-9.3052 0.5269 6.3100
-9.3052 0.2869 6.2200
-9.3052 0.0669 6.1000
-9.3052 -0.1731 6.0900
-9.3052 -0.4331 6.0800
-9.2952 -0.6831 6.0800
-9.2952 -0.9231 6.0700
-9.2952 -1.1531 6.0200
-9.5252 1.2069 6.3500
-9.5252 0.9869 6.3300
-9.5252 0.7369 6.3200
-9.5152 0.5469 6.1700
-9.5152 0.3269 6.1500
-9.5152 0.1069 6.1100
-9.5152 -0.1631 6.0800
-9.5152 -0.4131 6.1100
-9.5052 -0.6531 6.1000
-9.5052 -0.8831 6.0800
-9.5052 -1.1131 6.0900
-9.7652 1.3269 6.3800
-9.7652 1.1169 6.3200
-9.7552 0.9269 6.2500
-9.7552 0.6869 6.1400
-9.7552 0.4669 6.0900
-9.7552 0.2169 6.1100
-9.7452 -0.0431 6.1000
-9.7452 -0.2831 6.0800
-9.7452 -0.5331 6.0800
-9.7452 -0.7531 6.0700
-9.7452 -1.0131 6.0800
-9.7352 -1.2631 6.0700
-9.9752 1.5469 6.3600
-9.9752 1.3369 6.2700
-9.9652 1.1069 6.2600
-9.9652 0.8669 6.1700
-9.9652 0.6369 6.1400
-9.9652 0.3769 6.1300
-9.9652 0.1469 6.1100
-9.9552 -0.1031 6.1200
-9.9552 -0.3631 6.1300
-9.9552 -0.6031 6.0600
-9.9552 -0.8731 6.1000
-9.9452 -1.1331 6.0700
-9.9452 -1.3731 6.0700
-10.1652 1.8869 6.3600
-10.1652 1.6269 6.3800
-10.1552 1.4169 6.2700
-10.1552 1.1769 6.1800
-10.1552 0.9069 6.1400
-10.1552 0.6669 6.1300
-10.1552 0.4369 6.1400
-10.1452 0.1769 6.1300
-10.1452 -0.0631 6.1300
-10.1452 -0.3031 6.1000
-10.1452 -0.5331 6.1100
-10.1452 -0.8031 6.0800
-10.1352 -1.0731 6.0700
-10.1352 -1.3231 6.0700
-10.3952 0.8569 6.1800
-10.3952 0.6169 6.1600
-10.3952 0.3469 6.1300
-10.3952 0.0869 6.1400
-10.3852 -0.1531 6.1200
-10.3852 -0.3931 6.1000
-10.3852 -0.6431 6.0900
-10.3852 -0.8831 6.0900
-10.3852 -1.1231 6.1000
3 12796 2175 2181
3 10242 10243 2171
3 10240 12787 2175
3 12788 12787 10240
3 5733 12181 311
3 4872 5733 311
3 2271 10071 13092
3 10099 12997 13092
3 10071 10099 13092
3 4872 4842 4812
3 2176 12788 10240
3 10243 12795 2171
3 12788 12795 10243
3 12795 2176 10239
3 2176 12795 12788
3 2175 2170 10244
3 12787 2170 2175
3 2170 12787 12788
3 2170 10243 10244
3 2170 12788 10243
3 12985 9987 10001
3 2254 9200 12994
3 12997 9967 13092
3 1575 5733 4872
3 1575 4812 5790
3 1575 4872 4812
3 13192 2271 13092
3 2271 13192 2469
3 12997 12862 12877
3 10099 12862 12997
3 12586 4872 311
3 12586 4842 4872
3 7120 7345 3795
3 6961 6962 6567
3 9341 13566 12994
3 9200 9341 12994
3 10167 12893 12910
3 10146 12925 12910
3 10046 13050 13033
3 13050 10046 10001
3 5587 11263 11264
3 5544 11339 5525
3 11339 1786 5525
3 6503 12862 10099
3 6530 10180 864
3 10180 6503 864
3 6503 10180 12862
3 10251 6524 932
3 12181 5010 311
3 15528 12747 12742
3 15528 15527 15523
3 7345 4260 3795
3 6567 6979 437
3 6962 6979 6567
3 2215 9200 2254
3 10046 12939 12952
3 13123 12993 12994
3 12985 12993 9987
3 12993 13123 9987
3 12993 10107 12992
3 13566 13512 12994
3 13512 9664 12994
3 9706 13236 12994
3 9664 9706 12994
3 13236 9823 12994
3 9823 13123 12994
3 10000 13050 10001
3 10000 13051 13050
3 12925 2257 12910
3 11338 1765 5546
3 5526 11338 5546
3 1786 5526 5525
3 11338 5526 1786
3 2613 9667 13409
3 13316 13274 9747
3 10055 2271 2469
3 11007 9826 9901
3 9408 11007 9901
3 13511 9408 9901
3 13460 13457 9527
3 13274 13460 2469
3 13460 10055 2469
3 6530 846 6534
3 846 10245 6534
3 10245 846 847
3 6463 10338 6515
3 1047 6291 932
3 10392 1047 932
3 1105 6262 6291
3 1047 10454 6291
3 6447 10338 6463
3 1547 1575 5790
3 9407 9826 11007
3 4873 12586 311
3 12753 12754 6535
3 4782 12754 12755
3 555 7246 7219
3 6892 7246 555
3 6649 15478 6679
3 10242 2172 10241
3 12790 2172 10242
3 12789 10242 2171
3 12795 12789 2171
3 12789 12795 10239
3 12798 12789 10239
3 12819 12812 10209
3 2176 10231 10239
3 10231 12798 10239
3 6992 6961 6567
3 15424 6962 6961
3 12832 2189 10209
3 12840 10187 12855
3 10147 10148 10137
3 10105 2256 12994
3 2256 10105 12992
3 12993 10105 12994
3 10105 12993 12992
3 12991 2256 12992
3 10107 12991 12992
3 10106 12993 12985
3 10106 10107 12993
3 10130 12937 12921
3 12939 12937 12952
3 12937 10130 12952
3 9043 3089 9200
3 3089 9123 9200
3 13051 2335 2333
3 2335 13051 10000
3 13050 10028 13033
3 13051 10028 13050
3 2504 13274 2469
3 13091 9967 9968
3 2370 13091 9968
3 13091 2370 9967
3 13062 10018 13043
3 10146 2236 12925
3 10167 12995 12877
3 12995 10167 12910
3 2257 12995 12910
3 5168 5147 12181
3 11226 1723 5585
3 11225 11226 5609
3 11226 11225 1723
3 5544 1703 1767
3 1703 20 42
3 1703 5544 20
3 11104 1649 5660
3 1699 11185 5609
3 1675 11104 5660
3 11104 5659 1650
3 1675 5659 11104
3 5659 1675 11146
3 2082 5294 5525
3 5294 11888 5525
3 5357 2060 2082
3 11647 14990 11660
3 2613 13360 9667
3 9707 13316 9747
3 13360 9707 9667
3 2271 2272 10071
3 9581 2692 13451
3 2692 9581 13501
3 11041 9051 11007
3 10008 13511 9901
3 6320 1047 6321
3 6320 10454 1047
3 6262 1134 6204
3 930 10333 10318
3 10972 1547 5790
3 1649 5687 1622
3 5961 10838 10812
3 5125 5010 12181
3 12628 4850 362
3 12756 12765 12760
3 12765 12756 12747
3 12763 12762 12760
3 12759 12756 12760
3 12745 12744 12742
3 12744 12743 12742
3 6641 12598 746
3 12752 12753 6536
3 12741 15528 12742
3 15109 6927 15071
3 15318 7147 15294
3 7147 15318 7170
3 15318 7169 7170
3 7169 15318 15294
3 7082 6789 7193
3 7082 7147 15340
3 15294 7082 7193
3 7147 7082 15294
3 755 6992 6567
3 6992 755 7061
3 755 6658 6687
3 745 6643 12596
3 634 15451 6782
3 658 15451 6783
3 15451 634 6783
3 12495 12544 714
3 698 755 6687
3 698 7082 7061
3 755 698 7061
3 10238 12790 10242
3 12789 10238 10242
3 12807 12812 12819
3 2172 12791 10241
3 12796 10232 2175
3 10232 10240 2175
3 12809 10232 12796
3 10232 12809 10222
3 10221 12810 10211
3 7486 14991 4262
3 14991 7486 4260
3 7053 7075 7120
3 7120 4501 7345
3 4501 15145 7345
3 4501 15178 15145
3 12826 10197 10208
3 2189 12826 10208
3 12826 2189 12832
3 10186 12840 12855
3 10223 12796 2181
3 10223 12809 12796
3 2200 2215 12849
3 2215 2200 2181
3 10187 12854 12855
3 10148 12922 10137
3 10137 12922 12939
3 2235 10149 12921
3 10149 2235 10148
3 2235 12922 10148
3 10158 12913 12906
3 12913 10147 12906
3 12913 10148 10147
3 12911 10149 10148
3 10203 2199 12833
3 12907 2236 10146
3 2236 12907 10147
3 12908 10146 12910
3 12908 12907 10146
3 10180 12861 12862
3 10108 12991 10107
3 12991 10108 2256
3 10108 2254 12994
3 2256 10108 12994
3 4260 4160 3795
3 13123 9960 9987
3 2514 9823 13236
3 9588 13443 2687
3 13443 9588 13444
3 13308 13352 9675
3 2563 9763 13298
3 2563 13299 9763
3 13299 2563 9723
3 9763 13257 13298
3 2530 9757 13264
3 9797 2530 9798
3 9761 13301 13260
3 13301 2564 13345
3 9721 2565 13302
3 2565 9721 13346
3 9721 13301 13345
3 13262 2530 9797
3 9998 13052 2336
3 10072 10056 12997
3 13312 9711 9750
3 9786 13233 2469
3 13233 2504 2469
3 13273 13233 9786
3 13233 13273 2504
3 9788 2535 9750
3 9827 9786 2469
3 13192 9827 2469
3 13088 13084 13113
3 10056 2343 12997
3 2343 9967 12997
3 9967 2343 9968
3 2342 13062 9990
3 9715 9754 13267
3 9715 13308 9675
3 9942 13118 2392
3 9942 9941 2368
3 9941 9970 2368
3 9969 9970 9940
3 2343 9969 9968
3 9970 9969 2343
3 2369 2370 9968
3 2369 9937 2370
3 12923 10147 10137
3 12923 2236 10147
3 2236 12923 12925
3 12923 12939 12925
3 12923 10137 12939
3 13003 12995 2257
3 7195 7169 15294
3 7194 15294 7193
3 7221 7194 7193
3 7194 7195 15294
3 15225 7227 4522
3 15194 4490 7255
3 15194 7254 4490
3 15225 15194 7255
3 7254 15194 15225
3 4491 15226 7253
3 15226 4491 7254
3 7254 4491 4490
3 4490 4489 7255
3 64 5147 5168
3 5147 64 12139
3 11225 5610 11224
3 11185 5610 5609
3 5610 11225 5609
3 5587 1722 11263
3 11225 1722 5587
3 1722 11225 11224
3 5588 11224 11223
3 1722 5588 11263
3 5588 1722 11224
3 11265 5565 1745
3 1723 11265 5585
3 5545 1786 11339
3 5545 11338 1786
3 5565 11303 1745
3 11303 5544 1767
3 1744 5565 11264
3 11263 1744 11264
3 5566 1744 11263
3 5586 5587 11264
3 5586 11225 5587
3 11225 5586 1723
3 5586 11265 1723
3 5565 5586 11264
3 11265 5586 5565
3 5652 1703 42
3 5168 5652 42
3 1649 11103 5660
3 11103 1675 5660
3 1675 11103 11145
3 11103 1649 1622
3 5612 11222 11223
3 11183 5636 11143
3 1675 5634 11146
3 5634 1675 11145
3 1699 5634 11185
3 5634 1699 11146
3 12053 12019 5213
3 2149 2167 5247
3 2167 5248 11980
3 2149 5248 2167
3 5309 5295 2082
3 5228 2132 11984
3 2132 5228 20
3 5544 2132 20
3 2132 5544 5525
3 11888 2132 5525
3 20 5189 42
3 1765 11301 5546
3 5566 11301 1765
3 5322 5309 2082
3 2060 5322 2082
3 5309 5322 2081
3 11837 2080 5310
3 2041 11695 11694
3 4198 11647 11632
3 6960 14990 15071
3 11660 6960 443
3 14990 6960 11660
3 9666 13360 2613
3 13273 2538 2504
3 13274 2538 9747
3 2504 2538 13274
3 2538 9748 9747
3 9748 2538 13273
3 2537 13273 9786
3 2537 9748 13273
3 2612 13405 13409
3 9665 13460 13274
3 9665 13316 13361
3 13316 9665 13274
3 9581 9535 13501
3 9484 13552 2733
3 9538 9485 13551
3 9485 9484 13551
3 9484 9485 9427
3 13550 9485 9538
3 13550 13549 9486
3 13549 13550 9538
3 9624 2613 13409
3 1311 9407 1338
3 9407 1311 9826
3 9468 9408 13511
3 9468 2848 9408
3 9345 9277 9408
3 2848 9345 9408
3 11041 9206 9130
3 9206 11041 11007
3 9408 9206 11007
3 9277 9206 9408
3 13460 13510 13511
3 2743 9468 13511
3 13510 2743 13511
3 10224 12833 6534
3 2174 10224 6534
3 10008 2322 13511
3 2372 10008 9901
3 1226 10655 10624
3 1074 6323 10451
3 6294 1074 10451
3 6292 1076 6321
3 1076 6320 6321
3 6320 1076 10454
3 10454 1076 6291
3 1105 10522 6262
3 6263 10522 1105
3 10522 6263 10556
3 10522 1134 6262
3 1134 10522 10556
3 1044 10420 6352
3 6328 10416 1040
3 6191 6162 1209
3 6191 10606 6162
3 6503 874 864
3 10100 10103 10099
3 6524 10268 6515
3 849 846 6530
3 6303 1067 10443
3 6331 6332 10443
3 1067 6331 10443
3 1040 10445 6329
3 10416 6356 1040
3 6088 6146 6118
3 1253 10685 6118
3 10685 1253 10653
3 1547 11003 1575
3 1574 11003 1547
3 1575 11003 5733
3 11003 1574 5733
3 5762 1574 1547
3 5687 11064 1622
3 5715 11064 5687
3 5960 5961 10811
3 5960 10837 5961
3 1404 5960 10811
3 5959 10838 5929
3 10838 5959 10812
3 10837 5931 5961
3 5931 10838 5961
3 1374 5961 10812
3 5961 1374 10811
3 1376 5959 10813
3 1347 10753 6049
3 5896 10898 5867
3 10840 5928 10869
3 5808 5838 1533
3 5779 5808 1533
3 10956 5808 5779
3 1534 5836 5837
3 10956 1534 5837
3 5035 12349 155
3 5125 12349 5010
3 12349 5125 155
3 4873 340 12586
3 12586 340 4842
3 12394 4984 5010
3 4984 12394 230
3 340 339 4843
3 12584 339 4873
3 339 340 4873
3 4874 339 12584
3 12304 5035 155
3 4850 12627 362
3 413 4798 384
3 12257 5087 126
3 150 12257 5065
3 12135 12094 5172
3 404 4782 12755
3 12751 12750 12747
3 12756 12751 12747
3 12751 12756 12755
3 12754 12751 12755
3 12751 12754 12753
3 12752 12751 12753
3 4799 413 384
3 408 12759 12760
3 12710 4804 380
3 12662 12710 380
3 12710 408 4804
3 12744 6545 841
3 12745 6545 12744
3 12748 12749 6541
3 12750 12749 12747
3 12749 12748 12747
3 6548 12741 12742
3 15109 7313 7246
3 6854 6873 555
3 6830 15432 15438
3 6667 749 6637
3 6721 12454 6722
3 666 12454 6748
3 12167 12168 5161
3 264 238 4980
3 7083 7084 7061
3 7082 7083 7061
3 7083 7082 15357
3 4580 7147 7170
3 7147 4580 15340
3 4580 7148 15340
3 7148 15339 15340
3 6658 727 6687
3 15470 698 6687
3 6563 6564 15520
3 15522 830 6559
3 15521 15522 6559
3 6558 15522 15523
3 15522 6558 830
3 6642 745 12596
3 12595 6643 744
3 6643 776 12596
3 776 6642 12596
3 6644 12595 744
3 12595 6644 775
3 6644 12642 775
3 12642 6644 12594
3 12544 6675 714
3 6758 15451 658
3 15469 713 6731
3 15527 15526 15523
3 15526 15525 15523
3 832 6588 6589
3 6587 832 15525
3 6557 15524 6589
3 15524 832 6589
3 15525 15524 15523
3 15524 6557 15523
3 6552 835 15528
3 835 6552 6584
3 12739 6552 15528
3 15518 6584 804
3 15518 835 6584
3 772 6585 804
3 6585 15518 804
3 15518 6585 835
3 713 15480 6676
3 6705 15480 15469
3 15480 713 15469
3 6649 740 15478
3 6647 15504 6646
3 6647 772 15504
3 740 6678 15478
3 739 6649 6679
3 15478 6707 6679
3 15466 6707 6734
3 12799 12807 10229
3 10230 12789 12798
3 10230 10238 12789
3 10230 12799 10238
3 10198 12825 10199
3 12812 12825 10209
3 10210 12825 12812
3 12825 12832 10209
3 10237 2172 12790
3 10237 12791 2172
3 12791 2173 10241
3 12793 2173 10235
3 2173 2174 10241
3 2173 12793 2174
3 12797 10232 10222
3 10232 12797 10240
3 12797 2176 10240
3 12797 10231 2176
3 2182 12810 10221
3 10231 2182 12798
3 2182 10221 12798
3 12797 2182 10231
3 12810 2182 10222
3 2182 12797 10222
3 2188 10221 10211
3 2188 10210 12812
3 10220 2188 12812
3 7009 15400 15399
3 7009 6992 7061
3 15400 7009 7061
3 15423 15424 6961
3 10197 12834 10208
3 10206 12828 2197
3 10196 12828 10207
3 12828 10196 2197
3 12839 10198 10199
3 10186 12856 2204
3 10213 10223 2181
3 2200 10213 2181
3 10213 2200 10202
3 12810 2187 10211
3 2187 12810 10222
3 12809 2187 10222
3 2200 12835 10202
3 12835 2193 10202
3 10129 12937 12939
3 12922 10129 12939
3 12895 10158 12906
3 2221 10169 12874
3 10169 2221 12891
3 12891 2221 2229
3 12912 12913 10158
3 12913 12912 10148
3 2199 12847 12833
3 12833 12847 6534
3 12847 6530 6534
3 12847 10180 6530
3 12845 10193 12844
3 12859 10183 12858
3 10183 12845 12844
3 2230 12908 12910
3 12862 12876 12877
3 12861 12876 12862
3 12876 12861 2214
3 12876 10167 12877
3 10168 12876 2214
3 12876 12893 10167
3 12846 12847 2199
3 12875 10168 2214
3 10168 12875 10169
3 12875 12859 12874
3 10169 12875 12874
3 2242 2247 12944
3 10108 12988 2254
3 9341 9405 13566
3 9466 13512 13566
3 8404 9043 9200
3 2215 8404 9200
3 3093 3088 9123
3 3088 3093 9043
3 9929 9960 13123
3 9861 13157 13123
3 13157 9861 2444
3 9861 2472 2444
3 2514 13237 9782
3 2645 13442 2687
3 13443 2645 2687
3 2605 13394 13395
3 2605 9677 13349
3 9677 2567 13349
3 9634 2605 13395
3 2645 9634 13395
3 9634 2645 13443
3 9631 2647 13399
3 9675 13398 13399
3 13352 13398 9675
3 9676 13351 2606
3 13352 9676 2606
3 2564 13344 13345
3 13391 9681 13345
3 9721 9681 13346
3 9681 9721 13345
3 9844 9845 13214
3 2426 9909 2392
3 13304 9718 13305
3 2567 9718 13349
3 9718 2567 13305
3 13348 9718 13304
3 9717 13351 13307
3 9757 13265 13264
3 13265 13307 9756
3 13265 9717 13307
3 2567 13306 13305
3 13306 9757 13305
3 9717 13306 2567
3 13306 13265 9757
3 13265 13306 9717
3 2530 13263 9757
3 9757 13263 13305
3 13263 13262 9758
3 13262 13263 2530
3 13304 13263 9758
3 13263 13304 13305
3 9795 2530 13264
3 2528 9761 13260
3 2528 13259 9761
3 9761 9722 13301
3 9722 2564 13301
3 9759 13303 13262
3 9800 13262 9797
3 13261 9760 13302
3 9760 9721 13302
3 13301 9760 13260
3 9721 9760 13301
3 13225 2528 13260
3 3563 14317 8528
3 8451 3563 8450
3 13052 9999 2336
3 9999 10028 13051
3 9999 13052 10028
3 10028 2315 13033
3 13052 2315 10028
3 12998 12939 10046
3 12939 12998 12925
3 12998 2257 12925
3 2315 13034 13033
3 13006 12998 10046
3 12998 13006 10062
3 10037 13045 10017
3 10018 13045 13043
3 13014 2285 10037
3 13014 10037 10017
3 2343 13014 10017
3 13014 2343 10056
3 9751 13312 9750
3 2535 9751 9750
3 9751 2535 13270
3 2691 9581 13451
3 9581 2691 13500
3 13450 2649 9583
3 2649 13450 13402
3 13450 9627 13402
3 2610 9627 13403
3 9627 2610 13402
3 13120 13121 9935
3 9935 13121 13092
3 9828 13191 13190
3 13084 9944 13113
3 9971 2343 13090
3 9942 9971 13090
3 9971 9942 2368
3 9970 9971 2368
3 9971 9970 2343
3 9948 13106 13107
3 9948 9949 13106
3 13045 13063 10017
3 13063 13045 10018
3 9988 13084 13088
3 9988 2343 10017
3 2343 9988 13088
3 13144 9911 2422
3 9911 9910 13113
3 9910 9911 13144
3 9881 13139 13174
3 2466 9831 13229
3 9831 2466 13189
3 9789 2466 13229
3 9868 9831 13189
3 13188 9868 2429
3 9868 13188 9831
3 2571 13356 9711
3 13312 2571 9711
3 9751 2571 13312
3 2571 9712 13356
3 9712 2571 9751
3 2607 13353 13399
3 13353 9675 13399
3 2367 9942 13090
3 9937 2395 2400
3 9869 2425 13187
3 9969 13089 9968
3 13089 2369 9968
3 2369 13089 9969
3 13003 10060 2269
3 7551 14938 14990
3 11647 14946 14990
3 14946 7551 14990
3 4198 14946 11647
3 7606 14946 7607
3 14946 7606 7551
3 14835 7678 14883
3 14884 14835 14883
3 7278 7313 15144
3 7313 7278 7246
3 7227 15255 4522
3 7226 15226 7254
3 7226 15225 4522
3 7226 7254 15225
3 7226 4523 15226
3 7222 7194 7221
3 7194 7222 7195
3 7963 3893 14607
3 4455 4454 15163
3 4492 4491 7253
3 4491 4492 15163
3 4454 7286 15163
3 4491 7286 4490
3 7286 4491 15163
3 4489 15193 7255
3 15161 4487 4488
3 7289 4487 15161
3 15089 7367 4369
3 7288 15193 4489
3 7288 15161 4488
3 15193 7288 4488
3 4416 15131 15094
3 15055 7360 15094
3 7563 4241 7562
3 14926 7563 7562
3 7461 4285 4284
3 4455 7322 4454
3 4411 7324 15127
3 4411 4371 15090
3 7324 4411 15090
3 4453 7286 4454
3 5149 12178 12182
3 12141 5149 12182
3 86 5147 12139
3 5147 86 12181
3 64 5148 12139
3 5148 64 12138
3 1698 5610 11185
3 5634 1698 11185
3 1698 5634 11145
3 5610 1698 11224
3 1721 5588 11223
3 11182 5637 11142
3 5564 11303 1767
3 11303 5564 1745
3 5545 1766 5565
3 1766 11303 5565
3 1766 5545 11339
3 5544 1766 11339
3 11303 1766 5544
3 1744 11302 5565
3 11302 5545 5565
3 11302 5566 1765
3 11302 1744 5566
3 11338 11302 1765
3 5545 11302 11338
3 11227 11226 5585
3 1630 5652 5168
3 5733 1630 12181
3 1630 5168 12181
3 1696 5612 11183
3 1696 11183 11143
3 5637 1696 11143
3 1696 5637 11182
3 5636 1673 11143
3 1673 5663 11143
3 5663 1673 11101
3 1673 5636 11144
3 11915 2130 11919
3 11921 2130 11920
3 2130 11921 11919
3 2129 11914 5267
3 11914 2129 11918
3 12093 12135 5172
3 12135 12093 60
3 12019 5194 5212
3 5194 12019 12053
3 37 5194 12053
3 12019 12015 5213
3 17 12019 5212
3 5294 2114 11888
3 11886 2114 5294
3 2097 5294 2082
3 5295 2097 2082
3 2097 11886 5294
3 11858 5309 2096
3 11858 5295 5309
3 11949 2169 11984
3 2132 11949 11984
3 5264 2131 11917
3 106 5128 12178
3 12057 5189 20
3 5189 12057 5190
3 5209 12057 20
3 11301 1743 5567
3 5588 1743 11263
3 1743 5566 11263
3 1743 11301 5566
3 5322 11833 2081
3 11833 5310 2081
3 1982 11744 5396
3 11712 1982 5396
3 1942 11686 5396
3 11686 1942 5399
3 11991 445 443
3 445 6991 443
3 7103 2041 11694
3 4648 7103 11694
3 7008 7312 4381
3 7008 7025 7312
3 11671 7008 4381
3 7008 11660 443
3 7008 11671 11660
3 6991 7008 443
3 4461 4648 11694
3 4648 4461 4667
3 2021 11695 2041
3 2021 7146 7275
3 11695 2021 7275
3 11646 5401 5399
3 5403 11646 5399
3 7435 7388 5395
3 11647 7550 11632
3 457 6960 462
3 6974 445 11991
3 34 12049 12088
3 5222 12045 9
3 2575 9707 13360
3 9666 2575 13360
3 9707 2575 13316
3 13316 2575 13361
3 2575 9666 13361
3 9707 13364 9667
3 9667 13364 13409
3 13364 2612 13409
3 13362 13404 2612
3 2692 9626 13451
3 9625 13405 2612
3 13404 9625 2612
3 9621 9665 13408
3 13460 9621 13457
3 9665 9621 13460
3 2734 9581 13500
3 2734 9535 9581
3 2734 13553 9535
3 2734 13552 9483
3 13553 2734 9483
3 2835 13608 9361
3 13608 2835 9424
3 13608 9424 9482
3 2693 9625 13452
3 9142 3014 13803
3 13670 9294 9361
3 13671 2835 9361
3 9294 13671 9361
3 2781 13607 9483
3 2781 9426 13607
3 13552 2781 9483
3 2781 13552 9484
3 13606 9484 9427
3 2781 13606 9426
3 13606 2781 9484
3 2780 13550 9486
3 13550 2780 9485
3 9584 2648 13448
3 13400 2648 9629
3 9630 2647 13448
3 2648 9630 13448
3 9630 2648 13400
3 9630 2607 13399
3 2647 9630 13399
3 9630 2608 2607
3 2608 9630 13400
3 2608 13400 9629
3 13542 9492 13543
3 13596 9492 2775
3 13497 13549 9538
3 13549 13548 9486
3 9485 13605 9427
3 9294 13733 9224
3 13733 9294 13670
3 9665 9622 13408
3 10052 10457 2274
3 10424 10052 2274
3 1311 1282 9826
3 8971 11157 8889
3 13621 9349 13625
3 9351 9284 13680
3 9416 9352 9414
3 9416 2788 13615
3 2958 9283 9213
3 13624 2848 9468
3 2848 13624 9346
3 2963 11040 9130
3 9206 2963 9130
3 2742 13510 13460
3 2741 13460 9527
3 9525 2741 2790
3 10214 10203 12833
3 10224 10214 12833
3 10054 10053 2272
3 10054 2289 10053
3 10054 10455 2289
3 10054 2272 2271
3 10055 10054 2271
3 10455 10054 10055
3 2290 10052 10456
3 2290 10457 10052
3 2322 2288 13511
3 2288 13460 13511
3 13460 2288 10055
3 2288 10455 10055
3 10455 2288 2289
3 2326 2345 10015
3 1226 9900 10655
3 1254 9900 9901
3 9900 1254 10655
3 1196 9964 1195
3 9933 1196 1195
3 9933 1226 10624
3 9934 9933 1195
3 1167 10593 9961
3 1254 1255 10655
3 1227 10656 10625
3 10362 10392 932
3 6323 1045 10451
3 1047 6348 6321
3 1075 6292 6321
3 10486 1075 6293
3 1075 10486 6292
3 1074 10452 6323
3 10452 1045 6323
3 10452 1074 6293
3 10338 6446 6515
3 6524 6446 932
3 6446 6524 6515
3 6446 6426 10339
3 1073 6294 10451
3 10486 1103 10520
3 1103 10486 6293
3 1074 10485 6293
3 10485 1074 6294
3 10485 1103 6293
3 1103 10485 10519
3 10552 10518 1130
3 6264 1133 10521
3 1133 6263 10521
3 6263 1133 10556
3 10487 6263 1105
3 6263 10487 10521
3 10487 1076 6292
3 6351 1045 10421
3 1044 6351 10420
3 1045 6351 10451
3 10446 1040 6329
3 10446 6328 1040
3 1041 10417 6355
3 10416 1041 6355
3 6328 1041 10416
3 1125 6245 10546
3 6189 1210 10609
3 6276 10508 10542
3 1123 6276 10542
3 6276 1123 10509
3 6303 6304 10476
3 10476 6304 10509
3 6411 6388 979
3 10333 931 10318
3 10334 931 10333
3 931 6463 10318
3 931 6447 6463
3 931 10335 6447
3 10335 931 10334
3 1180 6190 6219
3 10575 1180 6219
3 1177 6223 10570
3 6223 6194 10604
3 6194 6223 1177
3 6164 6163 10605
3 885 6502 10279
3 6514 885 10279
3 6489 885 6503
3 885 6489 6502
3 885 874 6503
3 885 6514 874
3 10304 6503 10099
3 10103 10304 10099
3 10427 10065 1050
3 10306 6474 901
3 6477 6463 6515
3 6477 912 6463
3 849 851 846
3 848 10245 847
3 10245 848 6534
3 848 10251 6534
3 848 10249 10251
3 1177 10569 6224
3 10569 1177 10570
3 6328 6299 1070
3 10513 1098 10479
3 10513 1126 10547
3 10512 1125 10546
3 10477 1067 6303
3 10477 6302 1067
3 6302 10477 1096
3 10414 6331 10415
3 6331 10414 6358
3 10444 6331 1067
3 10444 6330 10415
3 6331 10444 10415
3 1068 10445 6330
3 10445 1068 6301
3 10444 1068 6330
3 6302 1068 1067
3 1068 10444 1067
3 6357 10445 1040
3 6356 6357 1040
3 10445 6357 6330
3 6330 6357 10415
3 1281 10685 6089
3 10685 1281 6118
3 1281 6088 6118
3 6088 10622 6146
3 10622 6088 6028
3 10622 6028 5969
3 10943 10622 5969
3 1363 6029 10743
3 6029 6059 10743
3 6059 6029 1309
3 6088 6058 6028
3 10715 1281 6089
3 1281 10715 6088
3 6059 10715 6089
3 10715 6059 1309
3 10715 6058 6088
3 6058 10715 1309
3 1253 6147 10653
3 10971 5762 1547
3 10972 5791 1547
3 5791 10971 1547
3 10971 5791 1520
3 5820 5791 10972
3 5791 5820 1520
3 1370 6023 5994
3 9898 10656 1257
3 10656 9898 10625
3 6115 10659 1260
3 10659 6115 1261
3 9407 9467 1338
3 6127 1246 10645
3 5811 5810 10953
3 5900 10896 10866
3 10896 5898 10866
3 5780 5809 10954
3 5809 5780 1533
3 1480 10898 5868
3 10898 1480 5867
3 1480 10926 5867
3 10926 1480 5838
3 1427 5934 10861
3 1427 10864 5932
3 10864 1427 10861
3 5962 1403 1404
3 1428 10865 10866
3 5960 10834 10837
3 10834 5960 1404
3 5959 10839 10813
3 10839 5959 5929
3 5930 5931 10837
3 10834 5930 10837
3 5930 10834 1428
3 5930 1428 10866
3 5931 5930 10866
3 5989 1374 10812
3 5959 5989 10812
3 5989 1376 10783
3 1376 5989 5959
3 10755 6018 10784
3 1376 6018 10783
3 10838 10867 5929
3 5931 10867 10838
3 5898 10867 10866
3 10867 5931 10866
3 10898 5897 5868
3 10840 5958 5928
3 10839 5958 10813
3 5958 10839 5928
3 1429 5926 10841
3 10761 5982 1381
3 10789 5982 10761
3 1380 10789 5983
3 5982 1380 10818
3 1380 5982 10789
3 5896 1453 10869
3 1453 1429 10869
3 5926 1430 10842
3 5694 5722 11057
3 1643 5694 11057
3 10901 5864 5893
3 10901 5865 5864
3 10901 1482 5865
3 5806 10958 5835
3 1508 5806 5835
3 1508 10928 5836
3 1482 10928 5865
3 10928 1508 5835
3 5864 10928 5835
3 5865 10928 5864
3 5779 10986 5751
3 10986 5779 1533
3 5780 10986 1533
3 5722 5752 11020
3 5752 11021 5751
3 11021 5752 5722
3 5752 5723 11020
3 5808 1507 5838
3 10926 1507 5837
3 1507 10926 5838
3 1507 10956 5837
3 1507 5808 10956
3 5807 1508 5836
3 1534 5807 5836
3 1508 5807 10957
3 10957 5807 5777
3 10987 10956 5779
3 10987 1534 10956
3 1549 9407 11007
3 8888 8971 8889
3 12479 278 251
3 340 12634 4842
3 12634 340 4843
3 12394 5011 12397
3 5011 12349 203
3 12349 204 5010
3 204 12394 5010
3 5011 204 12349
3 204 5011 12394
3 5010 4957 311
3 4984 4957 5010
3 5106 106 12219
3 106 5106 5128
3 12178 107 12182
3 5128 107 12178
3 12263 5081 5059
3 5081 12262 5059
3 333 12627 4850
3 333 4850 12628
3 303 4882 4909
3 4770 413 12765
3 4770 4798 413
3 4798 4770 414
3 4854 4884 329
3 328 4855 329
3 5088 12257 126
3 5088 125 12256
3 5087 5109 126
3 5109 5087 127
3 5130 12177 83
3 5087 5086 127
3 128 5086 5085
3 82 12135 60
3 12134 59 81
3 12175 12134 81
3 5132 12175 81
3 12297 150 5065
3 12297 5042 150
3 12756 4781 12755
3 4781 404 12755
3 6570 12702 6601
3 4780 12756 12757
3 350 4864 12614
3 4864 350 12662
3 4864 321 12614
3 321 4895 12614
3 4865 350 12614
3 4895 4865 12614
3 4865 4895 320
3 4798 4829 384
3 12668 356 4857
3 4949 12517 12468
3 4920 12517 294
3 12715 4799 384
3 12765 12764 12760
3 12764 12763 12760
3 407 4778 12759
3 4778 12758 12759
3 12756 12758 12757
3 12759 12758 12756
3 12757 12758 4779
3 12758 4778 4779
3 4776 408 12760
3 408 4776 4804
3 4862 12664 352
3 381 4803 12712
3 4803 381 4833
3 381 12664 4833
3 4803 409 4775
3 4776 409 4804
3 4775 409 12760
3 409 4776 12760
3 12710 4805 408
3 350 4835 12662
3 4835 12710 12662
3 4865 4835 350
3 12661 4835 4865
3 4834 12662 380
3 4834 4864 12662
3 4864 4834 12663
3 12711 4803 4833
3 12711 4834 380
3 12711 409 4803
3 4804 12711 380
3 409 12711 4804
3 12754 403 6535
3 403 12754 4782
3 402 12703 6536
3 12753 402 6536
3 402 12753 6535
3 6545 6577 841
3 6577 6545 12745
3 12747 12746 12742
3 12746 12745 12742
3 6546 12743 12744
3 6719 12506 6718
3 748 749 6668
3 6540 12749 12750
3 6550 12740 12741
3 12740 12739 15528
3 12741 12740 15528
3 838 6580 12692
3 838 6548 6580
3 6582 12691 806
3 12465 238 264
3 238 12465 4979
3 5009 210 12371
3 12370 5009 12371
3 6716 6689 6715
3 12460 6716 6715
3 15108 7313 15109
3 7353 15109 15071
3 7353 15108 15109
3 15108 7353 4338
3 15432 585 6831
3 585 15432 553
3 532 6892 555
3 6873 532 555
3 6852 552 15428
3 15432 6852 553
3 552 6852 15432
3 6908 12189 522
3 523 6886 6905
3 6960 6944 462
3 6927 6944 15071
3 6944 6960 15071
3 511 12188 6889
3 15429 15428 6851
3 12188 6870 6889
3 570 592 6844
3 12598 747 746
3 586 6830 15438
3 12311 586 15438
3 15444 634 6782
3 634 15444 6783
3 6807 12311 15438
3 609 6807 15438
3 15444 6807 6783
3 6730 12495 714
3 666 6773 12408
3 6773 666 6748
3 6773 12409 642
3 12409 6773 6748
3 6921 12152 506
3 6937 487 12071
3 208 12415 6766
3 12503 6721 6722
3 6721 12503 721
3 749 12551 6668
3 6667 12551 749
3 12551 720 6668
3 6691 12507 6718
3 12507 6691 6662
3 6746 695 12456
3 12454 694 6748
3 694 12454 6721
3 6795 6771 12366
3 6771 6795 12365
3 12409 6772 642
3 146 5069 12293
3 146 12294 5068
3 12294 146 12293
3 12250 5073 143
3 5117 120 12210
3 5092 5070 12253
3 5092 122 5093
3 241 268 4975
3 12467 12516 4949
3 12467 4977 266
3 5070 145 12253
3 5069 145 12293
3 145 5069 12253
3 5071 12252 5093
3 12252 5092 5093
3 5092 12252 5070
3 5073 12290 143
3 12292 12252 5071
3 12252 12292 5070
3 144 12292 5071
3 168 12292 144
3 145 12292 12293
3 12292 145 5070
3 5047 12294 12293
3 193 5024 12380
3 5024 192 12380
3 192 5024 12335
3 192 12334 5025
3 12334 192 12335
3 12133 59 12092
3 5195 12053 5213
3 5195 37 12053
3 5325 11831 5324
3 11831 11838 5324
3 11831 5311 11838
3 2094 5311 5312
3 2110 5283 11883
3 7083 7104 7084
3 7104 7083 15357
3 7126 7104 15357
3 7104 7126 4627
3 6566 6567 15520
3 6564 6566 15520
3 786 755 6567
3 15481 727 6658
3 6561 6562 15520
3 6562 6563 15520
3 762 754 6658
3 12597 6641 746
3 6642 12597 745
3 776 12644 6642
3 12644 776 12692
3 12643 776 6643
3 12643 12595 775
3 12595 12643 6643
3 743 6644 12545
3 6644 743 12594
3 6675 743 12545
3 743 6645 12594
3 743 6675 12544
3 12642 6613 775
3 6613 12642 806
3 12691 6613 806
3 6613 12643 775
3 742 12544 6676
3 742 743 12544
3 743 742 6645
3 15480 742 6676
3 742 15480 741
3 742 6647 6646
3 6647 742 741
3 6705 15468 712
3 15468 6706 712
3 15468 6733 6706
3 6732 6705 15469
3 6732 15468 6705
3 6732 6733 15468
3 12544 6704 6676
3 6704 713 6676
3 12495 6704 12544
3 6704 12495 6731
3 713 6704 6731
3 770 15502 6649
3 770 6618 15502
3 6554 15526 15527
3 6587 833 15516
3 6554 833 15526
3 832 6556 15525
3 6556 15524 15525
3 15524 6556 832
3 15515 6587 801
3 15515 6588 832
3 6587 15515 832
3 6616 772 804
3 772 6616 15504
3 836 6552 12739
3 6552 836 6584
3 12690 6582 806
3 12690 6583 6550
3 6616 6615 15504
3 6584 6615 804
3 6615 6616 804
3 6585 803 15517
3 834 6585 15517
3 834 6554 15527
3 15490 740 6649
3 15480 6677 741
3 6677 6705 712
3 6677 15480 6705
3 15500 769 6651
3 769 15488 6651
3 6680 15488 6650
3 739 6680 6650
3 6678 711 15478
3 711 6707 15478
3 711 6678 6706
3 6735 15466 6734
3 10230 2183 12799
3 12799 2183 12807
3 12807 2183 12812
3 2183 10220 12812
3 12825 12824 10199
3 12824 12825 10210
3 12824 2194 10199
3 12825 2195 12832
3 2195 12825 10198
3 2195 12826 12832
3 12826 2195 10197
3 10197 2195 12840
3 2195 12839 12840
3 12839 2195 10198
3 10224 2180 10233
3 2180 10224 2174
3 2179 12793 10235
3 12793 2179 2174
3 10237 2177 10229
3 2177 10237 12790
3 2177 12799 10229
3 10238 2177 12790
3 12799 2177 10238
3 10237 12808 12791
3 2178 2173 12791
3 10227 2179 10235
3 12820 2189 10208
3 2188 12811 10221
3 12811 2188 10220
3 2183 12811 10220
3 10221 12811 12798
3 4393 7343 15074
3 15110 4391 7345
3 15145 15110 7345
3 15110 7344 4391
3 14991 7485 4262
3 7434 7485 14991
3 7485 7434 14992
3 7052 4678 7053
3 15374 7075 7053
3 15374 15358 7075
3 4678 15374 7053
3 15411 7009 15399
3 7009 15411 6992
3 6978 6979 6962
3 6992 6977 6961
3 6977 15423 6961
3 430 7053 7120
3 430 7015 7053
3 7015 7033 7053
3 15035 7384 15036
3 15036 15037 7429
3 7218 15295 7191
3 7143 15295 7120
3 15295 7143 7167
3 15295 4501 7120
3 15295 7218 4501
3 4501 7274 15178
3 12828 2190 10207
3 2190 12828 10206
3 10216 2185 12815
3 12841 10197 12840
3 10186 12841 12840
3 12841 10186 2204
3 2190 12827 10207
3 12827 2190 12834
3 2203 10187 12840
3 12839 2203 12840
3 2203 12839 10188
3 12854 2203 10188
3 2203 12854 10187
3 2211 10186 12855
3 2211 12856 10186
3 12870 2211 12855
3 10195 12842 12843
3 10196 12842 2197
3 12842 10195 2197
3 12821 10213 10202
3 2193 12821 10202
3 12821 2193 10212
3 2187 12821 10212
3 12821 2187 12809
3 10223 12821 12809
3 10213 12821 10223
3 2193 12822 10212
3 2187 12822 10211
3 12822 2187 10212
3 10201 12835 12836
3 12835 10201 2193
3 10200 10201 12836
3 10201 12822 2193
3 12822 10201 10200
3 12835 10191 12836
3 10191 2200 12849
3 10191 12835 2200
3 12853 12854 10188
3 12839 2202 10188
3 2202 12839 10199
3 2202 12853 10188
3 12853 2202 12852
3 12975 12985 10001
3 10174 2210 12885
3 2215 10179 12849
3 10179 12864 12849
3 10179 10178 12864
3 10178 10179 12881
3 2216 10178 12881
3 2216 2224 12882
3 2224 2216 12881
3 10138 10129 12922
3 10138 2235 12921
3 2235 10138 12922
3 12937 10138 12921
3 10129 10138 12937
3 10157 12895 12906
3 12895 10157 12896
3 10157 12907 2229
3 2221 10157 2229
3 10147 10157 12906
3 12907 10157 10147
3 10170 2221 12874
3 10170 12895 12896
3 10170 12873 12895
3 12879 12873 12858
3 12873 12879 12895
3 12904 10159 2227
3 12888 2220 12878
3 12905 12911 10148
3 12912 12905 10148
3 10183 2205 12858
3 2205 10183 12844
3 2230 10156 12908
3 12907 10156 2229
3 12908 10156 12907
3 10156 12891 2229
3 10156 2230 12891
3 12876 2222 12893
3 2222 12876 10168
3 12893 2222 12910
3 2222 2230 12910
3 12846 10192 12845
3 10192 12846 2199
3 10192 10193 12845
3 10192 2199 10203
3 10193 10192 10203
3 2206 12846 12845
3 12846 2207 12847
3 2207 12861 10180
3 12847 2207 10180
3 2247 10121 12944
3 12984 10106 12985
3 12984 2255 10106
3 12988 12989 2254
3 10116 10122 2254
3 10122 2215 2254
3 10122 2247 2242
3 2237 10122 2242
3 12986 12988 10108
3 12989 12986 12987
3 12986 12989 12988
3 9404 9466 13566
3 9404 9338 2859
3 9466 9522 13512
3 8404 8879 9043
3 8879 8404 8642
3 3089 3090 9123
3 3090 3093 9123
3 3090 3089 9043
3 3093 3090 9043
3 3894 3893 7962
3 3893 3894 8040
3 4212 4160 4260
3 7486 14947 4260
3 9883 2419 13138
3 9885 2417 13170
3 2335 13071 2333
3 13157 9896 13123
3 13158 9896 13157
3 9896 9929 13123
3 9929 9896 13124
3 2514 2506 9823
3 2506 2514 9782
3 9823 13195 13123
3 13195 9861 13123
3 2506 13195 9823
3 13237 9743 9782
3 13442 9589 2687
3 13491 9589 13442
3 9589 13491 9543
3 9544 13542 13543
3 2604 13348 9679
3 13348 2604 13394
3 2603 9680 13346
3 9681 2603 13346
3 2603 9681 13391
3 9635 13394 2644
3 2645 9635 13442
3 9635 2645 13395
3 13394 9635 13395
3 9542 13544 9490
3 13396 9677 2605
3 9634 13396 2605
3 13396 9633 2606
3 2646 13396 13444
3 13396 2646 9633
3 13396 13443 13444
3 13396 9634 13443
3 9633 13397 2606
3 13397 13352 2606
3 13397 13398 13352
3 2646 13397 9633
3 13397 2646 13445
3 9716 9676 13352
3 9716 13352 13308
3 13351 9716 13307
3 9676 9716 13351
3 13307 9716 9756
3 9493 13541 2775
3 13541 9493 13542
3 9492 9493 2775
3 9493 9492 13542
3 9637 2603 13391
3 9544 9545 13542
3 2527 13257 9763
3 9846 2453 13212
3 9845 2490 13214
3 9755 9715 13267
3 9715 9755 13308
3 9755 9716 13308
3 9755 13266 9756
3 9716 9755 9756
3 9792 2532 13267
3 2532 9755 13267
3 9755 2532 13266
3 2496 9792 13267
3 2496 9791 2499
3 9754 2496 13267
3 2463 9834 2458
3 9834 13185 2458
3 9836 2497 2458
3 13185 9836 2458
3 13118 9875 2392
3 9839 9875 9876
3 13184 9875 9838
3 13225 2457 9841
3 9877 13144 2422
3 9678 13394 2605
3 9678 13348 13394
3 9678 2605 13349
3 9718 9678 13349
3 13348 9678 9718
3 9677 13350 2567
3 13350 9717 2567
3 9717 13350 13351
3 13396 13350 9677
3 13351 13350 2606
3 13350 13396 2606
3 2497 13226 2458
3 13226 2497 9793
3 13226 2463 2458
3 2463 13226 9834
3 9794 2497 13224
3 9840 2493 13219
3 2459 9840 13219
3 9840 2459 9839
3 2530 13222 9798
3 9795 13222 2530
3 13222 2459 9798
3 9795 9796 9838
3 9796 9795 13264
3 13265 9796 13264
3 9796 9794 13224
3 9794 9796 13265
3 13259 13300 9761
3 13300 9722 9761
3 13300 13259 9762
3 13299 13300 9762
3 13300 13299 9723
3 9722 13300 2564
3 13344 13300 9723
3 13300 13344 2564
3 2565 9720 13302
3 9759 9720 13303
3 9720 13261 13302
3 9720 9759 13261
3 9720 2565 13346
3 9680 9720 13346
3 13348 2566 9679
3 2493 9799 13219
3 9799 9800 13219
3 2529 9760 13261
3 2529 9799 2493
3 9799 2529 9800
3 9759 2529 13261
3 2529 9759 13262
3 9800 2529 13262
3 13225 9802 2528
3 2524 9767 13253
3 14317 8527 8528
3 8527 3500 8528
3 3184 14027 8921
3 14027 3184 14026
3 3563 14316 8450
3 14316 3563 8528
3 2313 2309 10027
3 2309 13052 9998
3 2309 2313 13052
3 13034 2311 10027
3 2311 13034 2315
3 2311 2315 13052
3 10075 13003 2257
3 12999 10075 2257
3 10061 2279 13008
3 10061 12998 10062
3 2299 13023 13037
3 10076 12999 2257
3 12998 10076 2257
3 13019 10046 13033
3 13034 13019 13033
3 2308 13034 10027
3 9980 9981 2361
3 9980 2338 9981
3 2338 9980 9995
3 13062 2341 9990
3 13061 2341 13062
3 9950 2362 9951
3 13357 2572 9711
3 9711 2572 9750
3 2572 13313 9750
3 9710 2572 13357
3 2572 9710 13313
3 2537 9749 9748
3 9671 2610 13357
3 13356 9671 9711
3 9671 13357 9711
3 2610 9671 13402
3 13402 9671 2609
3 9671 13356 2609
3 2691 9582 13500
3 9582 13450 9583
3 9582 2691 13450
3 9628 13402 2609
3 9628 2649 13402
3 2691 2650 13450
3 2650 9627 13450
3 2650 2691 13451
3 9627 2650 13403
3 9626 2650 13451
3 2650 9626 13403
3 9903 13121 13120
3 13121 9903 13153
3 9903 13120 2401
3 13152 9903 2401
3 9903 2433 13153
3 9902 13121 13153
3 2433 9902 13153
3 13191 9866 13190
3 2467 13235 9828
3 2467 9828 13190
3 9829 2467 13190
3 2503 13232 9787
3 2503 2537 9786
3 9827 2503 9786
3 13232 2503 9827
3 2468 13232 9827
3 2468 13191 9828
3 13191 2468 9827
3 13232 2468 9787
3 2468 13235 9787
3 13235 2468 9828
3 13056 2338 9995
3 13057 13056 9995
3 13138 9916 9917
3 2419 9916 13138
3 9916 2419 13139
3 13106 9916 13107
3 9916 13139 13107
3 9948 9976 13080
3 2341 9976 13085
3 9949 2388 13106
3 9916 2388 9917
3 2388 9916 13106
3 9947 9948 13107
3 2365 9946 9945
3 13083 2365 9945
3 13062 2321 10018
3 2321 13063 10018
3 2342 2321 13062
3 13063 2321 2342
3 2366 13083 9945
3 9944 2366 9945
3 2366 9944 13084
3 9989 13083 9988
3 9989 13063 2342
3 13063 9989 10017
3 9989 9988 10017
3 2466 9830 13189
3 9830 13230 9829
3 13230 9830 2466
3 2432 9868 13189
3 2432 13152 13156
3 9791 13228 2499
3 2533 2496 9754
3 2496 2533 9791
3 13269 2535 9789
3 2535 2501 9789
3 13230 2501 2535
3 2501 2466 9789
3 2501 13230 2466
3 9937 9936 2370
3 13119 9936 9937
3 9936 13119 2401
3 13120 9936 2401
3 9936 13120 9935
3 2370 9936 9967
3 9967 9936 13092
3 9936 9935 13092
3 13155 2432 13156
3 2432 13155 9868
3 9868 13155 2429
3 13155 13151 2429
3 2394 9939 9941
3 9970 9939 9940
3 9939 9970 9941
3 9939 2397 9940
3 2397 9939 2394
3 2393 2394 9941
3 9909 2393 2392
3 2393 9909 9907
3 2394 2393 9907
3 2393 9942 2392
3 9942 2393 9941
3 9972 2343 13088
3 2367 9972 13088
3 2343 9972 13090
3 9972 2367 13090
3 2425 13150 9906
3 9869 13150 2425
3 13187 9870 13186
3 2425 9870 13187
3 2259 10072 12997
3 10072 2259 13002
3 2299 13039 13024
3 7606 7608 7551
3 7608 14938 7551
3 7608 14894 14897
3 14807 4198 7791
3 14807 14946 4198
3 14946 14807 7607
3 4032 14794 7799
3 14793 14794 4032
3 14796 14795 7731
3 7678 4138 14883
3 14736 7804 7803
3 7247 15239 7219
3 15239 7247 15208
3 15029 15019 7401
3 15019 15029 15020
3 7355 15067 15060
3 15193 7228 7255
3 7228 15193 15224
3 4550 15255 7200
3 7174 4550 7200
3 4577 4550 15281
3 4550 7174 15281
3 4580 4579 7148
3 15337 4602 7151
3 7198 4552 15256
3 4523 7198 15256
3 7198 7172 4552
3 15230 7222 7221
3 15275 4540 7183
3 4574 7153 4575
3 4598 15305 4597
3 15305 4598 4573
3 15279 4573 7177
3 4516 7204 4517
3 7204 15252 4517
3 7964 7963 14607
3 4323 7370 7369
3 4456 4455 7284
3 4415 4456 7320
3 4456 15130 7320
3 7283 4456 7284
3 4456 7283 15130
3 4455 7285 7284
3 7285 4455 15163
3 4492 7285 15163
3 7256 15193 4488
3 15193 7256 15224
3 7232 4516 4517
3 15222 7232 4517
3 7232 15222 7259
3 7326 4449 4450
3 4451 7288 15127
3 4451 7289 15161
3 7288 4451 15161
3 7324 4451 15127
3 4451 7324 4410
3 15089 7366 7367
3 15088 7369 4367
3 7326 4368 4408
3 4368 15088 4408
3 15088 4368 7368
3 7367 4368 4369
3 7368 4368 7367
3 4409 7326 4450
3 4409 15089 4369
3 4368 4409 4369
3 4409 4368 7326
3 7402 15060 7401
3 15019 7402 7401
3 15018 7402 15019
3 15060 7402 15059
3 7508 4242 7561
3 7456 7508 4289
3 14971 7561 7562
3 14971 7508 7561
3 7508 14971 4289
3 7561 14927 7562
3 14927 14926 7562
3 14926 14927 7619
3 4190 14926 7619
3 7745 14780 7812
3 7745 14830 4081
3 14780 7745 4081
3 7683 4134 14878
3 14722 7817 4020
3 7747 4078 7684
3 7460 4287 7511
3 4188 4187 7565
3 4187 7622 14878
3 7622 4187 4188
3 4239 7512 7511
3 14924 7564 4189
3 7622 14924 4189
3 14924 7622 4188
3 14924 4239 7564
3 14924 4188 7565
3 4239 14924 7565
3 7462 7461 4284
3 4285 7513 4284
3 14967 7513 4237
3 14967 7514 4284
3 7513 14967 4284
3 4237 4238 7565
3 4238 4239 7565
3 4239 4238 7512
3 14965 4234 7569
3 4234 14921 7569
3 14922 4235 7567
3 7625 14922 4185
3 14922 7625 4184
3 14877 7625 4185
3 7360 4376 15094
3 4376 4416 15094
3 7322 4373 4413
3 15054 7362 4375
3 15129 7322 4455
3 4456 15129 4455
3 15129 4415 7321
3 15129 4456 4415
3 15128 4453 4454
3 7322 15128 4454
3 15128 7322 4413
3 4452 7288 4489
3 7288 4452 15127
3 7286 15162 4490
3 4453 15162 7286
3 15162 4489 4490
3 12143 12141 12182
3 12137 5149 12141
3 12096 12137 12141
3 12103 12137 12096
3 5148 85 12183
3 85 5148 12144
3 85 12143 12182
3 5690 11061 1620
3 1591 11060 5719
3 5635 1698 11145
3 5635 1674 11144
3 1674 5635 11145
3 1643 5667 1644
3 5723 1588 11020
3 5722 1588 11057
3 1588 5722 11020
3 1588 5695 11057
3 5663 1672 11143
3 1672 5637 11143
3 5637 1672 11142
3 11100 1672 5663
3 1724 11227 5585
3 11066 1596 11029
3 11030 1596 5712
3 11149 1678 11107
3 5652 11152 1703
3 11103 5661 11145
3 5661 1674 11145
3 11062 1621 5689
3 1647 5663 11101
3 1647 11062 5690
3 1647 5690 1620
3 1621 1647 11101
3 11062 1647 1621
3 11100 1647 1620
3 1647 11100 5663
3 11149 1677 5631
3 1596 11067 5712
3 11067 1596 11066
3 1676 11105 5659
3 5659 11105 1650
3 11227 5608 11226
3 11226 5608 5609
3 1699 5633 11146
3 5633 5659 11146
3 11945 2129 5267
3 11945 2147 2129
3 2146 11945 5267
3 11945 2146 5251
3 2165 11945 5251
3 11914 2128 5267
3 2128 11913 5268
3 2128 5283 11913
3 5283 2128 11914
3 2128 2146 5267
3 37 5175 12092
3 5175 12133 12092
3 12133 5175 58
3 5195 5175 37
3 5173 5193 38
3 5193 5173 12093
3 12134 5173 59
3 12093 5173 60
3 5173 12134 60
3 16 12015 11980
3 12015 16 5213
3 17 5231 12019
3 12015 5231 11980
3 5231 12015 12019
3 5228 12020 20
3 12020 5209 20
3 19 12020 5228
3 12020 19 5209
3 5248 11954 11951
3 11955 11954 5248
3 11954 5264 11951
3 11954 11955 5264
3 11956 5248 2149
3 11956 11955 5248
3 11955 11956 5264
3 2114 5279 11888
3 5279 2132 11888
3 2132 5279 11917
3 2112 11914 11918
3 11914 2112 5282
3 11893 11885 5295
3 2168 2150 5247
3 11948 2131 5264
3 11948 11956 2149
3 11956 11948 5264
3 11948 2149 5247
3 2150 11948 5247
3 12095 12136 62
3 5130 5151 12176
3 5151 5130 83
3 5151 82 12176
3 82 5151 12135
3 84 106 12178
3 84 5149 62
3 5149 84 12178
3 84 12136 5150
3 12136 84 62
3 12177 5129 83
3 84 5129 106
3 106 5129 12219
3 5129 5150 83
3 5129 84 5150
3 11860 11862 5310
3 5309 11861 2096
3 11861 5309 2081
3 5310 11863 2081
3 11862 11863 5310
3 11863 11861 2081
3 11834 2080 11835
3 5311 11834 11838
3 11834 5311 2080
3 5324 11834 11835
3 11838 11834 5324
3 5445 11508 1884
3 5323 5322 2060
3 5323 11833 5322
3 5323 11837 5310
3 11833 5323 5310
3 5323 5324 11835
3 1955 5392 5397
3 2000 1884 5396
3 11744 2000 5396
3 1884 2000 5357
3 5391 11712 5396
3 3653 8331 11405
3 14574 8018 8017
3 6960 6975 443
3 7081 7103 4648
3 7146 2023 11772
3 1948 7435 5395
3 1948 5398 7435
3 1952 1945 1949
3 1945 5398 1949
3 7388 1939 11679
3 5398 11659 7435
3 5401 11659 5399
3 11659 5398 5399
3 7352 11671 4381
3 7352 11672 11671
3 7397 11661 11660
3 7446 11647 11660
3 4248 11648 7549
3 4248 7550 11647
3 12150 523 6905
3 523 12150 12149
3 7017 11933 2136
3 4745 7008 6991
3 6990 4745 6991
3 6976 6974 11991
3 6974 6976 12028
3 6976 11991 443
3 6975 6976 443
3 449 6974 446
3 6974 449 445
3 449 446 6991
3 445 449 6991
3 11993 6972 12031
3 7008 4732 7025
3 6931 12117 12076
3 6931 6948 22
3 23 6931 12076
3 6948 6931 23
3 12075 6931 22
3 488 12071 6919
3 488 6936 12071
3 6948 12036 22
3 6966 12036 6948
3 2004 1985 11772
3 1985 7146 11772
3 7146 1985 7275
3 7145 2004 11772
3 11696 1948 5395
3 11906 5275 11907
3 96 12166 5141
3 5203 12084 5183
3 5183 12084 52
3 12045 12007 9
3 5198 34 12050
3 34 5198 12049
3 5216 5198 12050
3 11936 5276 5277
3 5336 5325 5324
3 11808 2018 2038
3 2018 2060 5357
3 2018 11808 2060
3 9708 13364 9707
3 13362 13363 2574
3 13362 2611 13404
3 2611 9626 13404
3 9626 2611 13403
3 9709 13362 2574
3 13319 9709 2574
3 13235 2502 9787
3 2502 2536 9787
3 2502 2467 9788
3 2467 2502 13235
3 13271 9788 9750
3 13271 2502 9788
3 2502 13271 2536
3 2651 2692 13452
3 2651 9626 2692
3 9626 2651 13404
3 9625 2651 13452
3 2651 9625 13404
3 13618 9476 2839
3 13866 3075 9063
3 2782 13553 9483
3 13553 2782 9482
3 2782 13608 9482
3 2834 13670 9361
3 2835 13609 9424
3 13609 2783 9424
3 13609 9423 2783
3 9424 9481 9482
3 2783 9481 9424
3 2693 13453 9625
3 13866 9140 3075
3 2951 9290 9220
3 9143 13802 3012
3 9143 9142 2952
3 13802 9143 2952
3 13739 9289 2952
3 9223 9147 13799
3 9147 13860 13799
3 13860 9147 13859
3 14261 8527 8526
3 8527 14261 3500
3 14324 8443 14325
3 3501 14261 8526
3 14261 3501 8603
3 9537 9538 13551
3 9484 9537 13551
3 9537 9484 2733
3 2690 13449 9584
3 13449 2648 9584
3 2648 13449 9629
3 2649 13449 9583
3 13449 2690 9583
3 13401 2608 9629
3 13401 9628 2609
3 9628 13401 2649
3 13449 13401 9629
3 13401 13449 2649
3 2647 2689 13448
3 13497 13496 2732
3 13498 13497 9538
3 9537 13498 9538
3 13498 2689 13497
3 13498 2690 9584
3 13498 9537 2690
3 13498 9584 13448
3 2689 13498 13448
3 9539 13548 13549
3 13548 9539 2732
3 13497 9539 13549
3 9539 13497 2732
3 9428 13605 9485
3 2780 9428 9485
3 9428 2780 13604
3 9363 13606 9427
3 13606 9363 9426
3 9227 13730 9297
3 9296 13669 13668
3 13669 9363 13668
3 13669 2889 9426
3 9363 13669 9426
3 13669 9295 2889
3 9295 13669 9296
3 9295 13733 13670
3 9624 13410 2613
3 2614 9623 13407
3 9666 2614 13361
3 2614 9666 2613
3 2614 9665 13361
3 2614 9622 9665
3 9622 2614 13407
3 9476 13616 2839
3 9420 2838 9357
3 9529 13558 9476
3 8339 8421 8423
3 1048 10051 10458
3 10457 10051 2274
3 1106 10033 10491
3 10034 1106 10491
3 1106 10525 10033
3 10424 2273 10052
3 2273 10053 10456
3 10052 2273 10456
3 10053 2273 2272
3 10068 1048 10067
3 10051 10068 2274
3 10068 10051 1048
3 1311 1310 1284
3 1310 1312 1284
3 9825 1283 1284
3 1283 1311 1284
3 1283 1282 1311
3 11229 3271 8815
3 13563 9525 2790
3 2789 9472 9527
3 13621 2845 9349
3 2788 9417 13615
3 9418 9355 2840
3 9355 9418 13620
3 9353 9416 13615
3 9621 2655 13457
3 13742 9284 9285
3 13742 9214 9284
3 2956 13742 9285
3 13742 2956 9214
3 2844 9351 13680
3 2844 13617 9351
3 9284 13679 9285
3 9352 13679 9414
3 9474 9416 9414
3 9474 2789 9527
3 13682 2900 9281
3 13744 9283 2958
3 9283 13743 9213
3 9284 13743 13680
3 13743 9283 13680
3 2847 9469 13623
3 9469 2847 9468
3 13746 9280 9281
3 9280 13687 13686
3 9280 9279 13687
3 9211 9210 9281
3 9210 13746 9281
3 9345 9278 9277
3 2903 9278 9345
3 11005 9206 9277
3 11005 2963 9206
3 2963 9207 11040
3 11005 9207 2963
3 9207 9278 2962
3 9278 9207 9277
3 9207 11005 9277
3 2742 9526 9524
3 9526 13563 9524
3 13563 9526 9525
3 9526 2742 13460
3 2741 9526 13460
3 9526 2741 9525
3 2743 13565 9468
3 13565 9469 9468
3 10007 2327 10015
3 2345 10007 10015
3 10007 10557 2327
3 10557 10007 2348
3 2372 2344 10008
3 2288 10036 2289
3 10036 2288 2322
3 2326 2324 10008
3 2346 2326 10008
3 2326 2346 2345
3 2344 2346 10008
3 2345 2346 2372
3 2346 2344 2372
3 2306 2324 2326
3 10560 1166 10003
3 1166 10560 1137
3 10010 1139 10528
3 1139 10010 10561
3 6233 1139 10561
3 10004 1166 1137
3 9964 10004 1165
3 10048 10427 1050
3 9965 1194 1195
3 1194 9934 1195
3 9934 1194 1193
3 9900 1224 9901
3 10591 9965 1195
3 9964 10591 1195
3 10591 10005 9965
3 10591 9964 1165
3 10005 10591 1165
3 10005 1164 9965
3 10010 10002 10561
3 1167 10002 10010
3 10002 1167 9961
3 1197 9932 10625
3 9932 1227 10625
3 1227 9932 10624
3 9932 9933 10624
3 9933 9932 1196
3 1166 9963 10003
3 9962 1197 10593
3 9962 1167 10003
3 1167 9962 10593
3 9963 9962 10003
3 9962 9963 1197
3 9864 1255 1254
3 9826 9864 9901
3 9864 1254 9901
3 1282 10686 9826
3 10686 1283 9825
3 1283 10686 1282
3 10686 9825 1257
3 1227 9899 10656
3 1255 9899 10655
3 10655 9899 10624
3 9899 1227 10624
3 6376 1019 10392
3 10362 6376 10392
3 6376 10390 1019
3 1045 6350 10421
3 10421 6350 6377
3 6350 10390 6377
3 6349 10423 10392
3 10423 1047 10392
3 10423 6348 1047
3 6348 1046 6321
3 1046 10423 6349
3 10423 1046 6348
3 6446 6445 932
3 956 6424 10361
3 989 956 10361
3 10336 6446 10338
3 10336 6426 6446
3 6427 10336 10338
3 10336 6427 6426
3 6324 1073 10451
3 6351 6324 10451
3 6324 6351 1044
3 10481 10482 6297
3 1103 6265 10520
3 6265 1103 10519
3 10553 6265 10519
3 1102 10485 6294
3 10485 1102 10519
3 10518 6267 1130
3 1134 10589 6204
3 10554 6264 10520
3 6205 10589 1163
3 1076 10488 6291
3 10487 10488 1076
3 10488 1105 6291
3 10488 10487 1105
3 1104 6264 10521
3 10487 1104 10521
3 1104 10487 6292
3 10486 1104 6292
3 6264 1104 10520
3 1104 10486 10520
3 10420 1017 6352
3 10388 1017 10420
3 6424 10363 10361
3 6351 10389 10420
3 6326 6353 1042
3 10482 1072 6297
3 1072 10482 6296
3 6241 10549 1157
3 6269 10550 10516
3 6268 1100 10516
3 10482 1100 6296
3 1100 6269 10516
3 6269 1100 10482
3 10483 6268 1101
3 6295 10483 1101
3 1100 10483 6296
3 10483 1100 6268
3 6296 10483 1073
3 10483 6295 1073
3 6268 1129 10551
3 10550 1129 10516
3 1129 6268 10516
3 10577 6216 1154
3 6216 10577 1182
3 1126 6244 10547
3 6244 1126 10546
3 1152 1123 10542
3 1152 10543 1123
3 6190 10608 6219
3 10608 6190 1210
3 6189 10608 1210
3 6162 6161 1209
3 6161 6190 1209
3 6190 6161 1210
3 6161 6160 1210
3 6160 6161 10640
3 1037 6361 6362
3 10473 1065 6306
3 1065 10473 6305
3 6304 10475 10509
3 10475 6276 10509
3 10475 6304 1066
3 6305 10475 1066
3 6361 1009 6362
3 980 1009 10379
3 1009 980 6387
3 1008 10408 6363
3 10408 1008 6388
3 10317 930 10318
3 6463 10317 10318
3 912 10317 6463
3 10352 6411 979
3 6411 10352 950
3 10352 6432 950
3 10316 10317 912
3 6451 10330 928
3 6432 10330 950
3 10330 6451 950
3 10315 6451 928
3 6115 10690 1261
3 1180 10607 6190
3 10607 6191 1209
3 6190 10607 1209
3 10602 1177 6224
3 6164 6193 10604
3 6193 6164 10605
3 1238 6137 6136
3 6137 1238 10636
3 10667 6137 10636
3 6163 1208 10605
3 10606 1208 6162
3 1208 6163 6162
3 6163 1240 6162
3 1239 6163 6164
3 6460 919 10323
3 919 10306 915
3 10306 919 6474
3 919 6460 10307
3 6474 919 10307
3 10097 10103 10100
3 10097 10319 10103
3 10104 898 6503
3 10304 10104 6503
3 10079 1022 10396
3 10079 10066 1022
3 10426 10065 1022
3 10066 10426 1022
3 10065 10426 1050
3 10426 1049 1050
3 1049 10426 10066
3 10340 10100 10099
3 959 10087 10093
3 916 10104 10304
3 898 10291 6503
3 10104 6476 898
3 912 10303 10302
3 10303 6477 10302
3 6477 10303 912
3 851 6533 846
3 846 6533 847
3 6532 848 847
3 6533 6532 847
3 6532 6533 10246
3 10261 859 6528
3 859 856 6527
3 6513 6514 10279
3 6501 6513 10279
3 874 6513 864
3 6514 6513 874
3 10287 10286 895
3 10286 10287 6505
3 10314 10315 6464
3 10315 10314 6451
3 909 6466 6465
3 909 10300 6480
3 10268 873 6515
3 873 6504 6515
3 1094 10473 6306
3 10473 1094 10508
3 10508 6249 10542
3 1094 1093 10506
3 10408 1035 6363
3 1035 1036 6363
3 10406 1005 6366
3 10569 6253 6224
3 6253 1176 6224
3 1091 10504 1092
3 6299 10480 10481
3 6300 10480 6299
3 6300 6301 10479
3 1098 6300 10479
3 10480 6300 1098
3 10446 1069 6328
3 1069 6299 6328
3 1069 6300 6299
3 1069 10446 6329
3 10445 1069 6329
3 1069 10445 6301
3 6300 1069 6301
3 10513 6271 1098
3 6271 10513 10547
3 6361 1038 10410
3 1038 6361 1037
3 10380 6385 981
3 1010 10380 981
3 6429 10335 10334
3 6429 10334 10333
3 6430 6429 10333
3 953 6429 10354
3 6429 6430 10354
3 6408 10354 981
3 6408 953 10354
3 6385 6408 981
3 6408 6385 1011
3 10335 6428 6447
3 6429 6428 10335
3 1126 6272 10546
3 6272 10512 10546
3 10513 6272 1126
3 6272 10513 10479
3 10512 6273 1125
3 10478 6302 1096
3 6273 10478 1096
3 1068 10478 6301
3 10478 1068 6302
3 10478 6273 10512
3 5974 1387 10827
3 5855 10938 5854
3 5855 10937 5825
3 10938 5855 5825
3 10852 5945 1414
3 1387 5945 10827
3 1435 5918 10849
3 1389 5972 10829
3 5971 1389 10829
3 5942 5971 10829
3 5940 10831 1418
3 10831 5940 5969
3 1391 10831 5969
3 10857 10943 5969
3 5940 10857 5969
3 5971 10830 1390
3 10830 5971 5942
3 5943 1417 10829
3 1417 5942 10829
3 5796 1517 5825
3 1517 10938 5825
3 10967 5796 5825
3 5823 1545 1519
3 10940 5823 1519
3 1519 10970 1546
3 10704 6101 6071
3 10676 6127 10645
3 1221 6147 6146
3 6029 10744 1309
3 6058 10744 6028
3 10744 6058 1309
3 6147 10654 6146
3 10654 6147 1253
3 6146 10654 6118
3 10654 1253 6118
3 1521 10972 5790
3 1521 5820 10972
3 10943 1521 5790
3 5820 1521 10943
3 5762 5792 1546
3 10971 5792 5762
3 5822 10940 1519
3 5822 5792 10971
3 5822 1519 1546
3 5792 5822 1546
3 5736 5737 5707
3 5763 5762 1546
3 10970 5763 1546
3 1574 5734 5733
3 11027 5715 5744
3 5745 11027 5744
3 1539 5801 10962
3 1538 5802 10961
3 5802 5831 10961
3 5773 1538 10961
3 6023 10750 5994
3 10750 6024 5994
3 5966 1370 5994
3 10805 1372 10809
3 10750 6053 1344
3 1290 6053 10720
3 6053 1290 10719
3 6053 10750 6023
3 1200 1199 6174
3 10594 1199 6203
3 1339 1313 1338
3 1313 1312 1338
3 1287 6086 10688
3 9898 1228 10625
3 10626 1228 9897
3 10593 1198 9961
3 1198 10594 9961
3 6086 6116 10688
3 1229 10626 9897
3 6145 1229 9897
3 10627 1229 6145
3 6143 10659 1261
3 10627 1230 6174
3 1230 10627 6145
3 10748 6024 1344
3 10777 10776 5996
3 10776 10747 6026
3 5995 10777 5996
3 1395 5995 5996
3 6024 5995 5994
3 10748 5995 6024
3 5967 5966 5994
3 5966 5967 1398
3 5995 5967 5994
3 5967 5995 1395
3 9467 1365 1338
3 1365 9467 5878
3 6055 10747 1343
3 1383 5979 10792
3 5982 10819 1381
3 1513 5801 10963
3 5801 1513 5830
3 5811 5781 5810
3 5838 10955 1533
3 10955 5809 1533
3 5809 10955 5838
3 10926 1481 5867
3 1427 10833 5934
3 10833 1403 5934
3 10833 1427 5932
3 1404 10833 5932
3 1403 10833 1404
3 5902 10864 10861
3 1476 10896 5900
3 10836 1404 5932
3 6018 5988 10784
3 5988 6018 1376
3 5988 1376 10813
3 5958 5988 10813
3 6018 6019 10783
3 6019 5989 10783
3 1374 6019 10782
3 5989 6019 1374
3 6048 6018 10755
3 5897 10897 5868
3 10897 10867 5898
3 10897 5897 10867
3 10868 5897 10898
3 10868 10898 5896
3 10839 10868 5928
3 5928 10868 10869
3 10868 5896 10869
3 10868 10839 5929
3 10867 10868 5929
3 5897 10868 10867
3 5927 1429 10841
3 5927 10840 10869
3 1429 5927 10869
3 1454 1430 5926
3 1430 1454 10871
3 1454 5895 10900
3 1380 5954 10818
3 10817 5954 5983
3 5954 1380 5983
3 6137 10668 6136
3 6048 1322 10726
3 1322 6048 10755
3 6017 10755 10784
3 1405 5958 10840
3 1405 10814 5958
3 1405 5927 10841
3 5927 1405 10840
3 10814 5987 5958
3 5988 5987 10784
3 5987 5988 5958
3 5987 6017 10784
3 1406 5926 10842
3 5926 1406 10841
3 1406 5956 10841
3 10789 6012 5983
3 6012 10789 10761
3 5864 1483 5893
3 1483 10902 5893
3 10902 1483 5863
3 1483 10929 5863
3 10929 1483 5864
3 1407 1406 10842
3 1407 5954 10817
3 10875 5890 1458
3 10903 10873 1456
3 5831 5861 10931
3 5925 1430 10871
3 1430 5925 10842
3 5925 1407 10842
3 1617 1643 1644
3 1617 5694 1643
3 1617 11058 5694
3 11058 1644 5693
3 11058 1617 1644
3 10929 5834 5863
3 1535 1508 10957
3 1535 5806 1508
3 1535 10957 5777
3 1560 10986 5780
3 5752 1560 5780
3 10986 1560 5751
3 1560 5752 5751
3 5752 10985 1559
3 10985 5752 5780
3 10985 5781 1559
3 10988 1562 5777
3 5749 1562 10988
3 5748 1562 5749
3 5748 10989 5777
3 1562 5748 5777
3 11022 1590 5720
3 5749 11022 5720
3 11022 5749 5750
3 1590 11059 5720
3 11059 1590 5693
3 5721 5750 5751
3 11021 5721 5751
3 5721 11022 5750
3 11022 5721 1590
3 1590 5721 5693
3 5721 11058 5693
3 5778 5807 1534
3 10987 5778 1534
3 5778 10988 5777
3 5807 5778 5777
3 5778 10987 5750
3 5778 5749 10988
3 5749 5778 5750
3 5750 1561 5751
3 10987 1561 5750
3 1561 5779 5751
3 1561 10987 5779
3 1550 10975 9407
3 9051 8970 11007
3 8971 8970 9051
3 12479 4936 278
3 12535 4873 311
3 12535 12584 4873
3 279 4934 12481
3 12482 4933 281
3 4933 4905 281
3 4905 4933 12531
3 253 279 12481
3 4905 4932 281
3 282 256 4959
3 282 4958 256
3 4958 282 12491
3 12439 4984 230
3 12439 4957 4984
3 12439 4958 4957
3 4958 12439 256
3 256 12438 4959
3 12438 12439 230
3 12439 12438 256
3 4985 12394 12397
3 12438 4985 12441
3 12394 4985 230
3 4985 12438 230
3 4986 12396 228
3 12438 255 4959
3 255 12438 12441
3 12391 4987 228
3 4902 4875 12592
3 4903 12533 308
3 12533 4931 308
3 4932 4931 12494
3 5106 12220 5128
3 12220 107 5128
3 5084 12264 5083
3 12264 5084 12260
3 5084 128 5085
3 12262 154 5059
3 5059 154 12303
3 154 12308 12303
3 5125 5103 155
3 5103 12263 155
3 5103 5081 12263
3 12310 5059 12303
3 5058 12263 5059
3 12310 5058 5059
3 5058 12310 12307
3 12263 5058 155
3 5058 12304 155
3 5058 12307 12304
3 12389 4989 12393
3 4989 4990 226
3 4989 12389 4990
3 4935 4934 279
3 4935 4907 4934
3 12580 335 4877
3 4905 12580 4877
3 4765 12770 418
3 4793 4765 418
3 4851 4821 12627
3 4821 4851 12674
3 333 12578 4880
3 4910 12526 4883
3 303 4910 4883
3 12529 4908 4880
3 4908 4881 4880
3 4936 4908 12529
3 304 4908 4936
3 12474 273 4969
3 244 12472 4972
3 4770 12766 414
3 12767 12766 12765
3 12766 4770 12765
3 357 386 4826
3 386 357 4827
3 12716 4829 4798
3 12716 4798 414
3 331 12576 4883
3 12576 331 4882
3 12576 303 4883
3 303 12576 4882
3 4853 12625 4883
3 12625 331 4883
3 331 12625 4852
3 360 12625 4853
3 12624 4854 359
3 4854 12671 359
3 12625 12673 4852
3 12673 12625 360
3 12672 360 4853
3 12672 12624 359
3 12624 12672 4853
3 12768 12767 12765
3 12623 4854 329
3 4855 12623 329
3 12623 12671 4854
3 12669 4856 4857
3 12669 357 4856
3 357 12669 4827
3 356 12669 4857
3 12669 356 4827
3 4856 12621 4857
3 328 12621 4856
3 4855 12622 4856
3 12622 328 4856
3 328 12622 4855
3 12770 4764 418
3 12771 4764 12770
3 12591 4902 12592
3 338 4874 12593
3 338 12591 12592
3 12629 4849 363
3 4789 392 12724
3 149 12297 5065
3 12257 149 5065
3 5088 149 12257
3 5066 149 12256
3 149 5088 12256
3 5110 5088 126
3 5109 5110 126
3 5110 5109 12217
3 5086 5108 127
3 5108 128 12218
3 5108 5086 128
3 148 5066 12256
3 5067 148 12256
3 125 5089 12256
3 5111 5089 125
3 5089 5111 12215
3 128 5107 12218
3 5129 5107 12219
3 5107 5129 12218
3 5107 5084 12219
3 5084 5107 128
3 12259 5063 151
3 5063 12259 5085
3 12259 5084 5085
3 5064 12257 150
3 5086 12258 5085
3 12258 5063 5085
3 12258 5086 5087
3 5063 12258 150
3 12258 5064 150
3 12257 12258 5087
3 5064 12258 12257
3 5131 82 12175
3 82 5131 12176
3 5131 5130 12176
3 5108 5131 12217
3 82 5152 12175
3 5152 12134 12175
3 5152 82 60
3 12134 5152 60
3 12298 5063 150
3 5042 12298 150
3 5063 12299 151
3 12344 200 12348
3 12389 200 5015
3 200 12389 12348
3 177 12344 12348
3 6537 12751 12752
3 6537 12752 6536
3 12653 371 6601
3 371 6570 6601
3 371 12653 6602
3 6540 6539 399
3 6539 6540 12750
3 406 12757 4779
3 406 377 12707
3 4808 406 12707
3 406 4780 12757
3 406 4808 4780
3 4892 12566 322
3 12566 4893 322
3 4920 12566 4892
3 4893 12566 294
3 12566 4920 294
3 293 12516 4922
3 4895 293 4922
3 4893 12615 322
3 12615 4893 4894
3 12615 4864 12663
3 321 12615 4894
3 12615 321 4864
3 4895 12564 320
3 246 12474 4969
3 12429 246 4969
3 246 12429 12428
3 218 12425 4973
3 218 4999 12425
3 4999 218 12380
3 356 12717 4827
3 12717 386 4827
3 12516 4921 4949
3 4921 12517 4949
3 12517 4921 294
3 4921 4893 294
3 4893 4921 4894
3 4921 293 4894
3 293 4921 12516
3 268 12469 4975
3 12517 4948 12468
3 4948 268 12468
3 4920 4948 12517
3 4948 12469 268
3 12469 4948 4947
3 12519 4947 4919
3 12519 4946 4947
3 4947 12518 4919
3 4948 12518 4947
3 12518 4948 4920
3 4802 4832 12712
3 12664 4832 352
3 4832 381 12712
3 381 4832 12664
3 12763 4773 12762
3 4773 4802 12762
3 4802 4773 12713
3 4806 407 12709
3 407 4806 4778
3 4774 12761 12762
3 12762 12761 12760
3 12761 4775 12760
3 12616 4892 322
3 12664 12616 4833
3 4862 12616 12664
3 12617 4862 352
3 4777 407 12759
3 408 4777 12759
3 4805 4777 408
3 407 4777 12709
3 4777 4805 12709
3 349 12661 4865
3 379 4805 12710
3 4835 379 12710
3 4805 379 12709
3 379 12661 12709
3 379 4835 12661
3 4926 4898 290
3 4953 4926 290
3 289 4926 12512
3 4810 403 4782
3 403 4810 12705
3 404 4810 4782
3 375 4810 404
3 4810 375 12705
3 4781 4809 404
3 4809 375 404
3 12702 372 6601
3 374 403 12705
3 842 6577 12745
3 6577 12695 841
3 12748 6542 12747
3 6578 12744 841
3 6578 6546 12744
3 12743 6547 12742
3 840 6578 12694
3 6578 840 6546
3 6546 840 12743
3 840 6547 12743
3 6547 840 6579
3 6640 747 12598
3 6641 778 12598
3 12645 778 6641
3 778 6640 12598
3 6640 778 12646
3 6719 257 12456
3 257 6746 12456
3 12504 6721 721
3 6666 12504 721
3 6638 748 6639
3 285 12507 6662
3 12556 285 6662
3 342 12653 6601
3 12606 6631 314
3 6604 6603 783
3 12749 845 6541
3 6540 845 12749
3 807 6613 12691
3 6613 807 12643
3 6548 6549 12741
3 838 6549 6548
3 6549 6550 12741
3 4952 4924 12514
3 4952 12465 264
3 4954 289 12512
3 4926 4954 12512
3 12464 264 4980
3 12464 4953 264
3 12328 5033 5032
3 5033 12328 185
3 12416 210 5009
3 12327 12328 5056
3 12328 12327 185
3 12327 5033 185
3 4955 12462 4956
3 286 6716 12508
3 286 6689 6716
3 6689 12509 6715
3 6716 12459 12508
3 12461 260 6715
3 260 12460 6715
3 12509 6688 6715
3 287 6688 12558
3 6688 12509 12558
3 261 12461 4956
3 261 12462 4983
3 12462 261 4956
3 6741 12415 234
3 260 6741 234
3 6741 260 12461
3 6741 12416 12415
3 261 6741 12461
3 6742 260 234
3 260 6742 12460
3 15062 7399 4337
3 15062 15108 4338
3 7399 15062 4338
3 6830 564 15432
3 564 552 15432
3 15428 564 6851
3 552 564 15428
3 6852 15427 553
3 557 6873 6854
3 557 561 6873
3 12189 12190 522
3 12190 12189 6888
3 544 12190 6888
3 6906 523 12149
3 12065 6944 482
3 6944 12065 462
3 514 511 6889
3 511 514 6908
3 12189 514 6889
3 514 12189 6908
3 12147 6908 522
3 492 12147 522
3 12147 492 502
3 12188 521 520
3 521 12188 511
3 521 12146 520
3 15429 6871 15428
3 6871 15429 542
3 543 12189 6889
3 6870 543 6889
3 12189 543 6888
3 535 6870 12188
3 6890 535 12188
3 15429 535 542
3 12229 543 6870
3 612 6803 12314
3 6777 12405 639
3 12234 570 6844
3 6864 12234 6844
3 547 6884 6865
3 12234 547 6865
3 547 12234 6864
3 6822 12318 593
3 6822 592 12317
3 12274 592 570
3 6669 12549 748
3 747 12549 6670
3 6774 12407 12408
3 12405 663 639
3 6829 586 12311
3 6807 6806 12311
3 6806 6807 15444
3 12496 6703 12545
3 6675 6703 714
3 6703 6675 12545
3 6703 6730 714
3 6730 6703 12496
3 12447 12496 6729
3 12447 6730 12496
3 12447 6729 660
3 6674 12496 12545
3 12546 6674 744
3 6674 6644 744
3 6644 6674 12545
3 12496 6702 6729
3 6702 12497 6729
3 6702 12546 12497
3 6672 12597 746
3 12597 6672 745
3 6729 6755 660
3 6755 688 661
3 6827 6848 588
3 6827 12271 6848
3 6826 612 12314
3 616 6822 12317
3 6822 616 12318
3 12318 616 6798
3 616 12362 6798
3 641 6774 12408
3 6773 641 12408
3 12319 617 6797
3 617 12318 6798
3 550 6880 12197
3 12151 12109 6923
3 12070 6937 468
3 6937 12070 487
3 113 12203 6874
3 12203 91 6874
3 12204 5146 5124
3 5146 12203 5124
3 12203 5146 91
3 114 12204 5124
3 91 6893 6874
3 12285 5057 5056
3 5057 12327 5056
3 5099 12246 12247
3 12369 6792 6767
3 208 12369 6767
3 12369 208 6766
3 12370 12369 6766
3 6792 12368 6767
3 6875 112 6855
3 6839 12239 132
3 6695 6667 721
3 12503 6695 721
3 12506 284 6718
3 284 6691 6718
3 6691 284 6662
3 6769 6770 12412
3 668 6771 12410
3 6747 668 12410
3 6746 668 695
3 668 6747 695
3 6795 619 12365
3 619 12321 12320
3 619 6795 12321
3 6772 12364 642
3 12364 6773 642
3 6773 12364 6797
3 12364 6772 12365
3 643 6771 12365
3 6772 643 12365
3 6771 643 12410
3 643 6772 12410
3 12254 146 5068
3 12254 5069 146
3 5022 12338 12337
3 5116 98 12210
3 120 5116 12210
3 5138 5116 12211
3 5116 5138 98
3 5116 121 12211
3 98 5139 12210
3 5139 98 12168
3 5139 5117 12210
3 121 5115 12211
3 5115 121 5093
3 122 5115 5093
3 12212 5115 122
3 12170 12128 76
3 12128 12170 5158
3 5072 12250 143
3 5095 12250 120
3 5095 5117 119
3 5117 5095 120
3 12250 5095 5073
3 12249 5095 119
3 5095 12249 5073
3 12128 5159 76
3 5159 5160 76
3 5160 5159 12127
3 55 12128 5158
3 12129 55 5158
3 12087 55 5179
3 55 12087 12128
3 5179 55 12088
3 55 5157 12088
3 55 12129 5157
3 5114 12212 122
3 5092 5114 122
3 100 5114 12213
3 12212 5114 5136
3 5114 100 5136
3 5031 12374 187
3 12374 212 5005
3 5097 118 5119
3 12248 118 5097
3 5100 5122 115
3 12245 5100 115
3 5100 12246 5099
3 12246 5100 12245
3 116 5099 5121
3 116 5100 5099
3 5100 116 5122
3 12207 5143 5121
3 5143 94 5121
3 94 12206 5121
3 12206 116 5121
3 116 12206 5122
3 12206 5144 5122
3 5144 12206 94
3 4976 241 12422
3 4977 4976 12422
3 268 4976 12468
3 241 4976 268
3 12516 4950 4922
3 12467 4950 12516
3 4950 12467 266
3 4950 12515 4922
3 12466 4950 266
3 4977 4978 266
3 4978 12466 266
3 5049 12334 168
3 5049 168 144
3 5048 12334 12335
3 12292 5048 12293
3 5048 12292 168
3 12334 5048 168
3 5133 5111 103
3 5111 5133 12215
3 5113 5135 12213
3 5135 100 12213
3 5214 5195 5213
3 16 5214 5213
3 5214 16 12014
3 2079 5325 5312
3 2079 11831 5325
3 5311 2079 5312
3 11831 2079 5311
3 2094 11855 11882
3 11855 2094 5312
3 5297 11856 11883
3 11856 2110 11883
3 2110 5298 11882
3 5298 2094 11882
3 11856 5298 2110
3 2094 5298 5311
3 5298 11856 5311
3 11854 11881 2093
3 2111 11914 5282
3 2111 5283 11914
3 5283 2111 11883
3 2111 5297 11883
3 2111 11860 5297
3 5285 11912 11882
3 5269 11912 2126
3 7104 7105 7084
3 7085 7063 4666
3 7130 4624 4599
3 7130 7107 4624
3 7106 7105 4625
3 7105 7106 15350
3 7107 7106 4624
3 4579 4604 7148
3 4604 15339 7148
3 15335 7127 4627
3 7127 7104 4627
3 6566 818 6567
3 818 786 6567
3 6566 6565 820
3 6565 6566 6564
3 826 795 15508
3 6562 826 6563
3 728 15481 729
3 15481 728 727
3 728 729 6687
3 727 728 6687
3 15521 6560 15520
3 829 15521 6559
3 829 6560 15521
3 6560 829 6592
3 754 763 6658
3 763 15481 6658
3 777 12645 6641
3 12597 777 6641
3 12693 777 6611
3 777 12693 12645
3 777 12597 6642
3 777 12644 6611
3 12644 777 6642
3 6645 15492 6646
3 15492 742 6646
3 742 15492 6645
3 15460 686 6731
3 12495 15460 6731
3 6730 15460 12495
3 684 6733 15458
3 657 684 15458
3 15459 15469 6731
3 15459 6732 15469
3 686 15459 6731
3 15459 686 6758
3 803 6586 15517
3 6586 833 6554
3 6586 834 15517
3 834 6586 6554
3 15489 770 6649
3 770 15489 6650
3 739 15489 6649
3 15489 739 6650
3 6555 6587 15525
3 6555 833 6587
3 15526 6555 15525
3 833 6555 15526
3 6621 768 15499
3 768 6621 15500
3 6621 800 15500
3 15513 6621 15499
3 15513 15499 6622
3 799 15513 6622
3 15513 799 830
3 6551 836 12739
3 12740 6551 12739
3 6551 12740 6550
3 6583 6551 6550
3 836 6551 6583
3 836 15519 6584
3 15519 6615 6584
3 15519 836 6583
3 15505 6645 6646
3 6617 772 15503
3 6617 6585 772
3 6617 803 6585
3 6553 834 15527
3 834 6553 6585
3 15528 6553 15527
3 835 6553 15528
3 6585 6553 835
3 15502 771 6649
3 771 15490 6649
3 771 6617 15503
3 6618 771 15502
3 6617 771 803
3 6586 771 6618
3 771 6586 803
3 15491 6647 741
3 772 15491 15503
3 6647 15491 772
3 6677 15479 741
3 15479 740 741
3 15479 6678 740
3 6678 15479 6706
3 6706 15479 712
3 15479 6677 712
3 6620 15515 801
3 6620 769 15500
3 6620 15514 6589
3 6588 6620 6589
3 15515 6620 6588
3 800 6620 15500
3 6620 800 15514
3 6587 6619 801
3 6619 6587 15516
3 15501 770 6650
3 15488 15501 6650
3 769 15501 15488
3 15501 6619 770
3 6620 15501 769
3 15501 6620 801
3 6619 15501 801
3 6707 6708 6679
3 15466 6708 6707
3 15477 739 6679
3 15477 6680 739
3 6708 15477 6679
3 6733 15467 6706
3 15467 711 6706
3 711 15467 6707
3 684 15467 6733
3 6707 15467 6734
3 15467 684 6734
3 710 6735 6709
3 6735 710 15466
3 710 6708 15466
3 6680 710 6709
3 15477 710 6680
3 710 15477 6708
3 6735 15456 682
3 15499 767 6622
3 15487 15500 6651
3 15487 768 15500
3 6714 672 698
3 7082 672 6789
3 698 672 7082
3 6807 15443 6783
3 15443 6807 609
3 15443 6808 15442
3 6808 15443 609
3 6759 657 15458
3 12824 12823 2194
3 12823 10200 2194
3 12823 12824 10210
3 12822 12823 10211
3 12823 12822 10200
3 12823 2188 10211
3 2188 12823 10210
3 12800 12807 12819
3 12807 12800 10229
3 12800 10237 10229
3 12800 12808 10237
3 2178 10228 12801
3 12808 10228 12791
3 10227 12802 2179
3 12802 10227 12801
3 12792 2178 12801
3 10227 12792 12801
3 12792 10227 10235
3 2173 12792 10235
3 2178 12792 2173
3 12820 12813 2189
3 12813 12819 10209
3 2189 12813 10209
3 12805 2183 10230
3 12805 12811 2183
3 12805 10230 12798
3 12811 12805 12798
3 4343 15035 7385
3 15035 4310 7431
3 4310 15035 15036
3 4433 15110 15145
3 4433 7344 15110
3 4353 4393 15074
3 4343 4353 15074
3 4353 4343 7385
3 14992 4307 7433
3 7434 4307 14992
3 4391 15072 7345
3 15072 7434 14991
3 15072 4260 7345
3 15072 14991 4260
3 7344 15073 4391
3 15073 7344 4393
3 4353 15073 4393
3 15073 4353 7385
3 15035 15073 7385
3 7386 15073 15035
3 7386 15034 7387
3 4307 15034 7433
3 15400 7044 15399
3 4689 7044 15400
3 7063 15387 4666
3 15387 7062 4666
3 7084 15373 7061
3 7062 15373 7084
3 15373 15400 7061
3 15373 15387 15400
3 15387 15373 7062
3 15307 4576 4575
3 4577 4576 7151
3 4576 4577 15281
3 4601 15337 7151
3 4576 4601 7151
3 4601 4576 15307
3 7153 4600 4575
3 4680 4678 7052
3 4565 15274 7185
3 15274 4538 7185
3 4508 7213 7212
3 7239 4508 7212
3 4508 7239 15216
3 4536 7213 7187
3 7213 4536 7212
3 4710 15411 15399
3 15424 439 6962
3 15423 439 15424
3 6994 439 15423
3 429 6996 6995
3 6979 15421 437
3 6993 6977 6992
3 6977 6993 15423
3 15411 15410 6992
3 15421 6997 437
3 4723 7033 7015
3 7051 15388 4703
3 15388 7052 7053
3 7033 15388 7053
3 15388 4681 7052
3 15388 7051 4681
3 7343 15112 4388
3 4427 15112 7343
3 7382 15076 4355
3 15076 7382 15038
3 15113 7342 4431
3 15113 15076 7342
3 4311 15037 15038
3 15037 4311 7429
3 4311 14996 7429
3 7295 4445 4444
3 15219 7263 15188
3 7236 15219 15188
3 15219 7236 4512
3 7262 15219 15220
3 15219 7262 7263
3 7297 15155 4443
3 7331 4445 4404
3 7269 15183 15214
3 15004 7420 7471
3 7420 15004 4318
3 15046 7420 7374
3 7428 4311 15038
3 4311 7428 14996
3 15213 4499 15214
3 7306 15147 4431
3 7306 4427 15146
3 7274 4472 15147
3 7305 4472 15148
3 4472 7305 15147
3 4468 4465 15148
3 4468 4472 7273
3 4472 4468 15148
3 15210 7274 4501
3 7218 4503 4501
3 4503 15210 4501
3 15210 4503 7245
3 12806 10224 10233
3 12841 2196 10197
3 2196 12841 10196
3 2196 12834 10197
3 2196 12827 12834
3 2196 10196 10207
3 12827 2196 10207
3 2211 10173 2219
3 10173 2211 12870
3 10173 12886 2219
3 10173 10174 12886
3 10174 10173 12870
3 10172 2211 2219
3 10172 12888 12878
3 12841 12848 10196
3 12848 12842 10196
3 12848 12841 2204
3 12857 12863 12878
3 10176 12883 2217
3 12867 12853 12852
3 12867 10176 2217
3 10200 12837 2194
3 12837 10200 12836
3 2246 12964 12952
3 12975 12964 2253
3 12964 10046 12952
3 10046 12964 10001
3 12964 12975 10001
3 12964 12962 2253
3 12936 2246 12952
3 10130 12936 12952
3 12936 12950 2246
3 10124 12949 12941
3 12949 12950 12935
3 2218 10174 12885
3 10174 2218 12886
3 2226 2218 12885
3 10174 12869 2210
3 12854 12869 12855
3 2210 12869 12854
3 12869 12870 12855
3 12869 10174 12870
3 2210 12868 12885
3 12868 10175 12885
3 12868 2210 12854
3 12853 12868 12854
3 12867 12868 12853
3 12868 12867 10175
3 12880 10179 2215
3 10179 12880 12881
3 12880 10166 12881
3 10166 10165 12881
3 10165 2224 12881
3 10165 10166 12897
3 10166 2223 12897
3 2223 10145 12897
3 2223 12880 2215
3 12880 2223 10166
3 10145 2223 2237
3 10122 2223 2215
3 2223 10122 2237
3 12929 2242 12944
3 12929 2237 2242
3 2231 10144 12915
3 10136 10145 2237
3 12929 10136 2237
3 12930 10136 12944
3 10136 12929 12944
3 2213 10170 12874
3 10170 2213 12873
3 12873 2213 12858
3 12859 2213 12874
3 2213 12859 12858
3 12890 10170 12896
3 10170 12890 2221
3 10157 12890 12896
3 12890 10157 2221
3 12909 10159 12904
3 10149 12909 12904
3 12911 12909 10149
3 10159 2228 12888
3 2228 12909 12911
3 12909 2228 10159
3 12905 2228 12911
3 2228 2220 12888
3 2228 12912 10158
3 2228 12905 12912
3 12887 10159 12888
3 12887 10172 2219
3 10172 12887 12888
3 12887 2219 2227
3 10159 12887 2227
3 12895 12889 10158
3 12889 2228 10158
3 2228 12889 2220
3 2205 10184 12858
3 10184 2205 12843
3 12892 2222 10168
3 2230 12892 12891
3 2222 12892 2230
3 10182 2206 12845
3 10183 10182 12845
3 10182 10183 12859
3 2206 10181 12846
3 10181 2207 12846
3 2207 10181 12861
3 10122 12957 2247
3 12957 10122 10116
3 12975 12973 12985
3 10114 12963 2251
3 12990 10108 10107
3 12982 12990 10107
3 12990 12986 10108
3 12986 12990 12987
3 9405 2849 13566
3 2915 9338 9339
3 13815 3035 9119
3 9272 9341 9200
3 13750 9272 9200
3 9123 3031 9200
3 14002 8865 8949
3 13512 9574 9664
3 9574 9620 9664
3 9620 13411 9664
3 2797 9522 9466
3 3168 3167 8949
3 4160 8068 3795
3 8404 3530 8642
3 8483 8482 3534
3 14496 14494 3761
3 8119 14496 3761
3 8461 14366 8460
3 14366 8461 3623
3 8459 14306 8460
3 7538 4212 4260
3 14947 7538 4260
3 4212 7538 7591
3 7538 14947 7591
3 14902 4212 7591
3 4212 14902 4160
3 14757 7774 3996
3 7649 14857 4160
3 3993 3995 7840
3 8955 3160 13937
3 13998 8955 13937
3 3224 8870 3289
3 13173 9883 9847
3 9883 13173 2419
3 2453 13173 9847
3 9846 13173 2453
3 13137 13138 9917
3 13137 9883 13138
3 9883 13172 9847
3 13172 9848 9847
3 13172 13137 2418
3 13137 13172 9883
3 9848 2452 2488
3 9850 2451 13170
3 2451 9850 13208
3 13208 13207 9811
3 9850 13207 13208
3 13207 2486 9811
3 9985 2335 10000
3 9985 13071 2335
3 2384 9955 13098
3 9955 9956 13098
3 9984 13071 9956
3 9984 2328 13071
3 9999 9984 2336
3 9983 2359 13073
3 9983 9998 2336
3 9983 13073 9998
3 9960 9959 9987
3 9923 2384 13098
3 13159 9896 13158
3 9821 2516 2475
3 2516 9821 2472
3 9781 9741 13280
3 2552 9741 9781
3 2510 2516 2472
3 2479 2472 9861
3 13195 2479 9861
3 9704 2549 13321
3 9706 2547 13236
3 9743 13279 9782
3 13279 13238 9782
3 13279 2552 9781
3 13238 13279 9781
3 9704 13322 2549
3 13278 9743 13237
3 2729 9544 13543
3 2729 13544 9543
3 13491 2729 9543
3 9544 2729 13491
3 13347 2604 9679
3 2604 13347 9680
3 13347 9720 9680
3 2566 13347 9679
3 9720 13347 13303
3 13347 2566 13303
3 13493 9542 9541
3 13493 9588 2687
3 9489 9432 13600
3 13492 9589 9543
3 9589 13492 2687
3 13492 13493 2687
3 2688 9587 13445
3 2688 2646 13444
3 2646 2688 13445
3 13603 2780 9486
3 2780 13603 13604
3 13603 9365 13604
3 9632 13397 13445
3 13397 9632 13398
3 2643 9637 13391
3 13392 2604 9680
3 2603 13392 9680
3 9637 13392 2603
3 9591 2728 9545
3 2728 13541 13542
3 9545 2728 13542
3 2456 13221 13223
3 13221 2456 13216
3 13221 9802 13223
3 9802 13221 2528
3 2528 13221 13259
3 13221 13216 9762
3 13259 13221 9762
3 9842 13225 9841
3 9842 2456 13223
3 13258 2527 9763
3 13258 13299 9762
3 13299 13258 9763
3 13177 13183 9879
3 13183 9912 9879
3 13257 9804 13214
3 2527 9804 13257
3 9803 2491 2527
3 13258 9803 2527
3 13216 9803 9762
3 9803 13258 9762
3 9803 9843 2491
3 13183 9843 2456
3 9843 13183 13177
3 2456 9843 13216
3 9843 9803 13216
3 13211 2453 9847
3 2526 13257 13214
3 2454 2490 9845
3 9846 2454 13174
3 2454 9881 13174
3 9767 13295 13253
3 13295 9767 9727
3 2494 2532 9792
3 13227 2494 9792
3 13266 2494 9793
3 2532 2494 13266
3 2494 13226 9793
3 13226 2494 9834
3 9832 9869 13187
3 9832 2496 2499
3 9832 2462 13188
3 9869 9832 13188
3 13228 9832 2499
3 9832 13228 2462
3 13148 9909 2426
3 9909 13148 9907
3 9872 9834 13186
3 9872 13185 9834
3 9870 9872 13186
3 2464 9832 13187
3 9832 2464 2496
3 2496 2464 9792
3 2464 13227 9792
3 2497 2461 13224
3 9836 2461 2497
3 9796 2461 9838
3 2461 9796 13224
3 2461 13184 9838
3 9873 9875 13184
3 9873 2426 2392
3 9875 9873 2392
3 9874 9836 13185
3 9873 9874 2426
3 13145 9943 9910
3 9943 13145 9876
3 9943 2367 13088
3 9943 13088 13113
3 9910 9943 13113
3 9875 9943 9876
3 9943 9875 13118
3 9942 9943 13118
3 2367 9943 9942
3 9801 13225 13260
3 9760 9801 13260
3 9801 2529 2493
3 2529 9801 9760
3 9877 2423 13144
3 2423 9910 13144
3 2423 13145 9910
3 13145 2423 9876
3 2531 13265 9756
3 2531 9794 13265
3 13266 2531 9756
3 2531 13266 9793
3 2497 2531 9793
3 9794 2531 2497
3 13180 9839 9876
3 13180 9840 9839
3 2423 13180 9876
3 2457 13180 9841
3 9840 13180 2457
3 13220 9797 9798
3 2459 13220 9798
3 13220 2459 13219
3 9800 13220 13219
3 13220 9800 9797
3 2495 9795 9838
3 2495 13222 9795
3 2459 9837 9839
3 13222 9837 2459
3 9875 9837 9838
3 9837 9875 9839
3 9837 2495 9838
3 2495 9837 13222
3 9719 13348 13304
3 9719 2566 13348
3 9719 13304 9758
3 13262 9719 9758
3 13303 9719 13262
3 2566 9719 13303
3 9802 2492 13223
3 2492 9842 13223
3 13536 2772 9497
3 13338 9687 9727
3 2602 13391 13345
3 13391 2602 13390
3 13343 13344 9723
3 2563 13343 9723
3 13342 13343 2563
3 13343 13342 9683
3 13582 9448 9505
3 13648 9318 9317
3 9319 9318 2876
3 13705 9319 9320
3 8865 3229 8949
3 3229 14003 8949
3 14003 3229 8864
3 9558 13527 9505
3 9770 13291 9730
3 13291 2559 9730
3 13379 2596 13333
3 9809 2524 2488
3 2452 9809 2488
3 3184 13904 9004
3 13904 3184 13907
3 13906 9003 9004
3 13904 13906 9004
3 13966 3184 8921
3 14377 8451 8450
3 14377 14370 8451
3 14368 14377 8450
3 3499 8530 8528
3 8530 14316 8528
3 8530 3499 8529
3 2312 2313 10027
3 2311 2312 10027
3 2313 2312 13052
3 2312 2311 13052
3 2262 10075 12999
3 2262 10060 13003
3 10075 2262 13003
3 10060 2262 13008
3 13007 10061 10062
3 10061 13007 2279
3 13006 13007 10062
3 2277 13007 13006
3 13023 2282 13008
3 2279 10043 13008
3 10043 13023 13008
3 13023 10043 13037
3 10043 2298 13037
3 10061 2265 12998
3 2265 10076 12998
3 10076 2265 12999
3 2293 13035 2296
3 13034 13035 2291
3 2308 13035 13034
3 2308 2314 13053
3 2314 9998 13053
3 2314 2309 9998
3 2309 2314 10027
3 2314 2308 10027
3 13076 2361 9951
3 13076 9980 2361
3 9991 2341 13061
3 9991 9992 13080
3 9976 9991 13080
3 9991 9976 2341
3 10072 10057 10056
3 10058 13017 13018
3 13046 13030 13040
3 9992 13064 2340
3 10020 13042 13048
3 13064 10020 13048
3 10020 2320 13042
3 2285 13028 10037
3 9709 13314 2573
3 9710 13317 13313
3 13317 13314 9749
3 13317 9710 2573
3 13314 13317 2573
3 13272 9749 2537
3 2503 13272 2537
3 9582 9536 13500
3 9536 2734 13500
3 13552 9536 2733
3 2734 9536 13552
3 13499 9582 9583
3 13499 9537 2733
3 9536 13499 2733
3 13499 9536 9582
3 2690 13499 9583
3 9537 13499 2690
3 13154 9902 2433
3 9866 13154 2433
3 9902 13154 13121
3 13154 2434 13192
3 13154 13192 13092
3 13121 13154 13092
3 13230 13234 9829
3 13234 2467 9829
3 2467 13234 9788
3 9788 13234 2535
3 13234 13230 2535
3 13110 9944 9945
3 13110 2391 9944
3 2390 13110 9945
3 13110 2390 9913
3 2391 13110 9912
3 13143 2391 9912
3 9911 13143 2422
3 13183 13143 9912
3 2391 13111 9944
3 9944 13111 13113
3 13111 9911 13113
3 13111 13143 9911
3 13143 13111 2391
3 9881 9915 13139
3 13140 9915 9881
3 13139 9915 13107
3 2388 13105 9917
3 13105 2388 9949
3 13105 13104 9917
3 13105 9949 9950
3 13104 13105 9950
3 2341 13086 9990
3 13082 9947 9946
3 2365 13082 9946
3 13082 2342 9990
3 9974 2365 13083
3 9974 9989 2342
3 9989 9974 13083
3 13082 9974 2342
3 9974 13082 2365
3 9973 2366 13084
3 2366 9973 13083
3 9988 9973 13084
3 13083 9973 9988
3 2421 13181 9879
3 13181 13177 9879
3 13181 9843 13177
3 9844 13175 9845
3 9880 13175 9844
3 13175 2454 9845
3 2454 13175 9881
3 9867 9903 13152
3 2432 9867 13152
3 9903 9867 2433
3 9867 2432 13189
3 9790 13228 9791
3 2533 9790 9791
3 13268 2533 9754
3 13268 9714 9753
3 9714 13310 9753
3 13310 13269 9753
3 2568 9715 9675
3 13353 2568 9675
3 9674 13353 2607
3 9674 9714 13353
3 2535 9752 13270
3 13269 9752 2535
3 9752 13310 9713
3 13310 9752 13269
3 9904 13155 13156
3 13119 9904 2401
3 9904 13152 2401
3 13152 9904 13156
3 13155 2398 13151
3 2398 9904 13119
3 9904 2398 13155
3 13150 2399 9906
3 2399 13150 2395
3 2397 13149 9906
3 13149 2425 9906
3 9908 2394 9907
3 9908 2397 2394
3 9908 13149 2397
3 9872 9908 9907
3 13149 9908 9872
3 13150 9905 2395
3 2395 9905 2400
3 2398 9905 13151
3 2431 13150 9869
3 2431 9869 13188
3 2431 9905 13150
3 2258 10084 12995
3 12996 10084 2258
3 12995 10084 12877
3 10084 12997 12877
3 10084 12996 12997
3 10083 12996 2258
3 12996 10083 12997
3 10083 2259 12997
3 10074 13001 2258
3 13003 10074 12995
3 10074 2258 12995
3 13001 10074 2269
3 2270 10072 13002
3 2270 10057 10072
3 13001 10073 2258
3 10073 10083 2258
3 10083 10073 2259
3 2259 10073 13002
3 10073 2270 13002
3 10073 13001 10058
3 2270 10073 10058
3 10023 13056 13057
3 13056 10023 10024
3 8094 3778 8095
3 14895 7606 7607
3 14895 7608 7606
3 14894 7668 14897
3 4197 7608 14897
3 7608 4197 14938
3 14742 7798 7797
3 7798 14796 7797
3 14796 7798 14795
3 14685 3974 14686
3 7941 14685 14686
3 14687 7941 14686
3 7940 7941 14687
3 7941 7942 14685
3 7942 7941 14628
3 14743 14742 7797
3 14796 4034 7797
3 4034 14796 7730
3 4034 14743 7797
3 14743 4034 7796
3 4034 14797 7796
3 8016 14575 8017
3 7940 14688 7939
3 3910 7940 7939
3 8018 3910 8017
3 4086 14840 7673
3 14792 7801 7734
3 14927 14882 7619
3 14882 14927 7618
3 14882 7618 14883
3 4138 14882 14883
3 7805 14734 14733
3 7615 7616 14930
3 14783 7741 14784
3 4420 7278 15144
3 4420 7314 7278
3 7314 4420 15099
3 7278 15177 7246
3 7314 4460 7278
3 4460 15177 7278
3 7220 7193 7219
3 15239 7220 7219
3 7220 7221 7193
3 7220 15239 7221
3 15239 7248 7221
3 7282 15132 15131
3 4458 15132 7282
3 15132 4458 4417
3 15166 4458 7282
3 15058 7357 15059
3 7357 15058 4378
3 15097 7357 4378
3 15098 7357 15097
3 4242 14928 7561
3 14928 14927 7561
3 14927 14928 7618
3 14928 4242 7560
3 15056 15055 15094
3 7359 15056 15094
3 15055 15056 7406
3 15015 7456 4289
3 15015 15016 7456
3 15016 15015 7405
3 15062 7354 15108
3 15108 7354 7313
3 7313 7354 15144
3 15060 4336 7401
3 15067 4336 15060
3 4336 15029 7401
3 4336 7400 15029
3 15254 4549 7200
3 4549 7174 7200
3 7201 4549 15254
3 7174 4549 15281
3 4549 7201 4548
3 7175 4549 4548
3 4549 7175 4575
3 4549 4576 15281
3 4576 4549 4575
3 15255 4521 7200
3 4521 15255 7227
3 4521 15254 7200
3 4521 7228 15254
3 4521 7227 15225
3 4521 15225 7255
3 7228 4521 7255
3 4520 7201 15254
3 7228 4520 15254
3 4520 7228 15224
3 4550 7173 15255
3 7173 4577 15282
3 7173 4550 4577
3 4578 7172 15282
3 4577 4578 15282
3 7172 4551 15282
3 4551 7173 15282
3 7173 4551 15255
3 7198 4551 7172
3 15308 4577 7151
3 4602 15308 7151
3 15308 4578 4577
3 15336 4602 15337
3 7126 4603 4627
3 4554 15284 7170
3 4553 15284 4554
3 15284 4580 7170
3 15284 4553 4580
3 15230 15229 7222
3 7182 15276 4541
3 15276 7182 4568
3 15275 7182 4540
3 7201 7202 4548
3 15280 7175 4548
3 7202 15280 4548
3 15280 4574 4575
3 7175 15280 4575
3 7176 4547 7177
3 15280 7176 4574
3 7176 15280 4547
3 15252 7203 4518
3 4598 7154 4573
3 4572 15279 7178
3 4572 15305 4573
3 15279 4572 4573
3 7204 4546 15252
3 4546 15279 7177
3 4546 7203 15252
3 4547 4546 7177
3 7203 4546 4547
3 7627 4182 7570
3 4182 14920 7570
3 7626 14921 4184
3 14921 4233 7569
3 4233 14965 7569
3 4416 7319 15131
3 15165 4493 15196
3 4493 15165 7283
3 7225 4523 15256
3 4524 7225 15256
3 4523 7225 15226
3 15259 4553 4554
3 4524 15259 7224
3 7222 4526 7195
3 15229 4526 7222
3 15228 4525 7223
3 4493 15164 4492
3 7285 15164 7284
3 15164 7285 4492
3 15164 7283 7284
3 15164 4493 7283
3 7252 4493 4492
3 4493 7252 15196
3 15191 15222 7258
3 15222 15191 7259
3 7231 4518 7258
3 15222 7231 7258
3 7231 15222 4517
3 15252 7231 4517
3 7231 15252 4518
3 15160 7289 4450
3 15160 4487 7289
3 15125 7326 4408
3 15125 4449 7326
3 7328 15087 4406
3 15123 4445 7294
3 4446 15123 7294
3 4445 15123 4404
3 4518 7230 7258
3 7230 15223 7258
3 15223 15192 7258
3 4325 15009 7414
3 15051 7366 15090
3 4370 7324 15090
3 7366 4370 15090
3 7324 4370 4410
3 4370 15089 4410
3 4370 7366 15089
3 15089 7325 4410
3 4409 7325 15089
3 7325 4451 4410
3 7504 4292 14976
3 7452 15019 15020
3 7452 4292 15019
3 4292 7452 14976
3 7453 15018 15019
3 7453 14975 7505
3 4292 7453 15019
3 7504 7453 4292
3 14975 7453 7504
3 15015 15014 7406
3 7406 15014 7407
3 4240 7510 7563
3 4241 7509 7562
3 7509 14971 7562
3 4136 7621 14880
3 7680 14881 4137
3 14881 7680 14880
3 14881 4190 7619
3 14881 14882 4137
3 14882 14881 7619
3 14780 4025 7812
3 7745 4080 14830
3 14779 7745 7812
3 4080 14779 7746
3 14779 4080 7745
3 14778 4079 7746
3 4079 14778 7747
3 4079 7747 7684
3 7886 14722 4020
3 14724 14725 7883
3 14725 7813 14726
3 7813 14725 7814
3 14725 14724 7814
3 3960 7888 14722
3 3960 14665 7963
3 3893 14665 7962
3 7963 14665 3893
3 4078 14828 7684
3 7460 15012 4287
3 7461 4286 4285
3 4286 7512 4285
3 7512 4286 7511
3 4286 7460 7511
3 4187 14923 7565
3 4025 7744 14781
3 7744 14780 4081
3 7744 4025 14780
3 14879 7622 4189
3 7621 14879 4189
3 14879 7621 4136
3 7680 14831 14880
3 14831 7744 4081
3 7564 14925 4189
3 4240 14925 7564
3 14925 7621 4189
3 14925 4240 7563
3 14926 14925 7563
3 4190 14925 14926
3 4283 7514 7515
3 7463 4283 7515
3 7514 4283 4284
3 4283 7462 4284
3 4282 7463 7515
3 4282 15009 7412
3 7463 4282 7412
3 15010 7463 7412
3 7462 15010 7411
3 4283 15010 7462
3 15010 4283 7463
3 14967 4236 7514
3 4235 4236 7567
3 4236 4235 7514
3 7513 14968 4237
3 14968 4238 4237
3 4238 14968 7512
3 7512 14968 4285
3 14968 7513 4285
3 7568 14922 4184
3 14922 7568 4235
3 14921 7568 4184
3 4234 7568 14921
3 14877 4133 7684
3 4133 4079 7684
3 14877 4132 7625
3 4132 14828 7685
3 4132 14877 7684
3 14828 4132 7684
3 7408 4332 7407
3 15054 4332 7408
3 4332 15054 15055
3 4332 7406 7407
3 4332 15055 7406
3 15055 15093 7360
3 15054 15093 15055
3 15093 4376 7360
3 4376 15093 4416
3 15093 7319 4416
3 15093 4415 7320
3 15093 4375 4415
3 15130 15093 7320
3 7319 15093 15130
3 4415 15092 7321
3 4375 15092 4415
3 7362 15092 4375
3 15128 7323 4453
3 7323 4411 15127
3 4411 7323 4371
3 4452 7323 15127
3 7323 4452 4453
3 4452 7287 4453
3 7287 15162 4453
3 7287 4452 4489
3 15162 7287 4489
3 12104 12096 12141
3 12143 12104 12141
3 12099 12095 62
3 12104 41 12096
3 41 12104 5169
3 41 5189 5190
3 41 5169 5189
3 5149 12140 62
3 12137 12140 5149
3 12140 12103 62
3 12140 12137 12103
3 5189 12097 42
3 5169 12097 5189
3 12097 5168 42
3 12097 64 5168
3 64 12097 12138
3 85 12187 12183
3 12145 85 12144
3 85 12145 12143
3 11060 5691 5719
3 5691 11061 5719
3 11061 5691 1620
3 5748 11024 5747
3 11061 11024 5719
3 11024 5748 5719
3 11023 1591 5719
3 5748 11023 5719
3 11023 5748 5749
3 11023 5749 5720
3 1591 11023 5720
3 5635 11184 1698
3 1667 5669 11095
3 5668 5669 1668
3 5669 5668 1643
3 11096 5667 1643
3 5668 11096 1643
3 5667 11096 1669
3 11096 5668 1669
3 1616 1643 11057
3 5695 1616 11057
3 5669 1616 11095
3 1616 5669 1643
3 1616 1642 11095
3 11266 1724 5585
3 11265 11266 5585
3 1703 1725 1767
3 1630 1656 5652
3 5772 1539 10962
3 5802 5772 10962
3 5772 5802 1538
3 5773 5772 1538
3 5714 11066 11029
3 5743 5714 11029
3 5714 5686 11066
3 5686 5714 11065
3 1596 5713 11029
3 11030 5713 1596
3 5741 11030 5712
3 11149 5630 1678
3 5630 1701 11189
3 5630 11149 1701
3 11151 11190 1703
3 1701 11188 5607
3 11188 11149 5631
3 11149 11188 1701
3 5661 11102 1674
3 11102 11103 1622
3 11102 5661 11103
3 11062 1592 5690
3 1592 11061 5690
3 1593 11062 5689
3 5657 11149 11107
3 5657 1677 11149
3 1677 5657 11106
3 5658 11105 1676
3 5658 1677 11106
3 5685 11067 11066
3 11187 11227 5607
3 11187 5608 11227
3 5608 11187 1700
3 11187 5632 1700
3 11188 11187 5607
3 11187 11188 5631
3 11186 1699 5609
3 11186 5608 1700
3 5608 11186 5609
3 11186 5633 1699
3 5633 11186 1700
3 1677 11148 5631
3 11148 11187 5631
3 11187 11148 5632
3 5658 11148 1677
3 5632 11148 1676
3 11148 5658 1676
3 5632 11147 1700
3 11147 5633 1700
3 11147 5632 1676
3 11147 1676 5659
3 5633 11147 5659
3 2165 5234 11978
3 5234 12013 11978
3 2147 5266 2129
3 11915 5266 2130
3 2129 5266 11918
3 5266 11915 11918
3 11950 11947 5265
3 11947 5264 5265
3 5264 11947 11951
3 11947 5248 11951
3 5248 11983 11980
3 11945 5250 2147
3 5250 11945 2165
3 5250 2165 11978
3 11944 2128 5268
3 2128 11944 2146
3 11944 5252 2146
3 5175 12091 58
3 12091 5195 36
3 12091 5175 5195
3 5194 12054 5212
3 12054 5211 5212
3 5211 12054 5193
3 12054 5194 38
3 5193 12054 38
3 5193 39 5192
3 39 5193 12093
3 39 12093 5172
3 12094 39 5172
3 12058 39 12094
3 39 12058 5192
3 12021 17 5212
3 5211 12021 5212
3 12021 5230 17
3 5174 5173 38
3 5194 5174 38
3 59 5174 12092
3 5173 5174 59
3 5174 37 12092
3 5174 5194 37
3 2169 5229 11984
3 11985 2167 11980
3 5231 11985 11980
3 5230 11989 17
3 11989 5231 17
3 11989 11985 5231
3 11989 2168 5247
3 2167 11989 5247
3 11985 11989 2167
3 12018 19 5228
3 12018 5228 11984
3 5229 12018 11984
3 5279 11924 11917
3 11924 5264 11917
3 5264 11924 5265
3 2112 11891 5282
3 2112 5281 11893
3 5281 11885 11893
3 5281 2112 11918
3 11915 5281 11918
3 5281 11915 11919
3 2097 2113 11886
3 11921 2113 11919
3 2113 5281 11919
3 11859 2097 5295
3 11859 2113 2097
3 5246 2150 2168
3 2150 5246 11949
3 11949 5246 2169
3 5263 11948 2150
3 5263 11949 2132
3 5263 2150 11949
3 11948 5263 2131
3 5263 2132 11917
3 2131 5263 11917
3 5171 12136 12095
3 2095 11860 5310
3 11860 2095 5297
3 2080 2095 5310
3 5311 2095 2080
3 2095 11856 5297
3 11856 2095 5311
3 5296 11858 2096
3 11861 5296 2096
3 5415 1942 5396
3 1942 5415 5399
3 5445 1861 11482
3 1861 1884 5357
3 1861 5445 1884
3 1861 5357 2082
3 1743 11262 5567
3 1721 11262 5588
3 11262 1743 5588
3 11808 5335 2060
3 5335 5323 2060
3 5323 11832 11837
3 11837 11832 2080
3 11699 1955 11703
3 1955 11699 5392
3 5358 2000 11744
3 5368 11744 1982
3 11693 5391 5396
3 5392 11693 5397
3 11686 11693 5396
3 11693 11686 5397
3 11699 1967 5392
3 8000 7999 11488
3 7999 8000 11514
3 8079 3786 11488
3 7923 3923 11515
3 8338 8339 8423
3 8336 8421 8339
3 3717 11433 8247
3 8164 3717 8248
3 3717 8164 11459
3 3782 3847 8084
3 8332 3653 11405
3 3653 8245 8331
3 8245 8246 11434
3 8246 8245 3653
3 8332 8246 3653
3 3652 8333 8247
3 11433 3652 8247
3 8246 3652 11433
3 3652 8246 8332
3 8005 3847 14588
3 8005 8004 3847
3 8010 14643 14645
3 8010 8091 14586
3 13927 8984 13986
3 14222 8666 8667
3 3073 9143 3012
3 14461 3711 8262
3 3643 14461 8262
3 8984 3198 13986
3 3198 8902 13986
3 6976 6957 12028
3 6957 6976 6975
3 11794 2021 2041
3 2043 11794 2041
3 11794 11795 2021
3 2021 11795 7146
3 11795 2023 7146
3 4711 7024 4715
3 1950 1952 1949
3 5398 1950 1949
3 1948 1950 5398
3 5398 1953 1946
3 1945 1953 5398
3 4462 4461 11694
3 11690 4463 7275
3 11646 1924 5401
3 11659 5400 7435
3 5400 5402 11658
3 7352 11680 11672
3 7312 11680 4381
3 11680 7352 4381
3 11672 4339 11671
3 7444 11661 11662
3 7446 7498 11647
3 7498 4248 11647
3 4248 7498 11648
3 4295 7446 11660
3 4295 7497 11648
3 7498 4295 11648
3 4295 7498 7446
3 4295 7445 7497
3 11661 7445 11660
3 7445 4295 11660
3 546 6885 6866
3 6885 12192 6866
3 545 12192 6886
3 12192 545 6866
3 524 12192 6885
3 6886 12192 6905
3 12192 524 6905
3 6939 12068 485
3 12109 476 6923
3 12150 6924 12149
3 6956 12028 463
3 6956 6974 12028
3 6956 12029 6974
3 12070 6938 486
3 6938 12070 468
3 6930 23 12076
3 23 6930 12077
3 12117 44 12076
3 44 6930 12076
3 44 12159 6913
3 12202 6875 6855
3 113 12202 6855
3 12202 113 6874
3 6875 12202 90
3 6893 12202 6874
3 69 5146 12162
3 5167 69 12162
3 11933 2154 2136
3 2135 11933 7017
3 2117 2135 7017
3 4745 4746 7008
3 4746 4745 6990
3 6935 6951 470
3 6951 12034 6969
3 454 11996 6968
3 11996 12034 6968
3 12034 11996 6969
3 6987 11996 454
3 11996 11995 6969
3 11995 11996 6987
3 7024 4731 11926
3 6971 11993 12031
3 12032 6971 12031
3 6971 6970 11994
3 6971 12032 6970
3 7004 7003 11929
3 4741 7003 11962
3 7003 4741 11929
3 6986 6987 454
3 6986 454 6968
3 12000 3 6982
3 2 12000 6982
3 12157 65 6916
3 12074 21 6933
3 490 12074 6933
3 12073 490 6933
3 490 12073 12115
3 12074 490 6916
3 490 12115 6916
3 12115 510 6916
3 510 12157 6916
3 12157 510 6898
3 510 12156 6898
3 1953 11697 1946
3 11697 1953 1945
3 11717 11715 11703
3 11715 11699 11703
3 11699 11715 11710
3 2159 2141 5258
3 11853 11880 2092
3 11880 5300 2092
3 5274 5289 11907
3 5289 5274 11908
3 11880 5301 2107
3 5301 11880 11853
3 5241 11972 2159
3 30 5203 5183
3 30 5182 5202
3 30 5202 12045
3 5203 30 12045
3 12166 95 5141
3 5120 95 12207
3 12124 5163 5184
3 5163 12124 12165
3 12084 29 5184
3 29 12084 5203
3 29 5203 12045
3 5237 12 11975
3 5237 11974 5238
3 5238 11974 2161
3 5181 32 5201
3 12048 5218 5219
3 33 12087 5179
3 12085 5183 52
3 12085 30 5183
3 30 12085 5182
3 5202 31 12046
3 5182 31 5202
3 31 5201 12046
3 31 5181 5201
3 12085 31 5182
3 31 12085 5181
3 5160 12169 76
3 5138 12169 98
3 12168 75 5161
3 75 12169 5160
3 98 75 12168
3 12169 75 98
3 32 12086 5180
3 12086 32 5181
3 2121 5275 11906
3 5276 2121 11906
3 5262 11934 2155
3 11934 5262 2137
3 5222 12044 12045
3 2121 11937 5275
3 11937 2121 5276
3 2156 2138 5261
3 2138 11936 5277
3 11969 2156 5244
3 2157 11969 5243
3 6 11969 5244
3 5 5208 5226
3 12003 6 5244
3 12003 5 5226
3 11969 12004 5243
3 12004 11969 6
3 2058 5337 5325
3 5336 2058 5325
3 9708 13315 2574
3 13319 13315 9748
3 13315 13319 2574
3 9748 13315 9747
3 13315 9707 9747
3 13315 9708 9707
3 13363 13359 2574
3 13359 9708 2574
3 9708 13359 13364
3 13364 13359 2612
3 9668 13362 2612
3 9668 13363 13362
3 13359 9668 2612
3 9668 13359 13363
3 13358 9709 2573
3 9709 13358 13362
3 9710 13358 2573
3 9670 2610 13403
3 2611 9670 13403
3 2610 9670 13357
3 9670 9710 13357
3 9670 13358 9710
3 13271 13275 2536
3 13313 13275 9750
3 13275 13271 9750
3 3076 13867 9139
3 13867 3076 9062
3 3076 13866 9062
3 2834 9362 13670
3 9362 9295 13670
3 9295 9362 2889
3 9362 2834 13607
3 9426 9362 13607
3 2889 9362 9426
3 2782 9425 13608
3 13608 9425 9361
3 9425 2834 9361
3 2834 9425 13607
3 13607 9425 9483
3 9425 2782 9483
3 9624 2694 13454
3 2956 13805 9139
3 9140 3015 3075
3 2953 9142 13803
3 9219 13802 2952
3 9219 2951 13802
3 9289 9219 2952
3 9289 13675 9290
3 13734 9294 9224
3 13922 8989 8988
3 9069 13922 13861
3 9070 13860 13859
3 13922 9068 13861
3 9068 13922 8988
3 13802 9144 3012
3 2951 9144 13802
3 3437 14261 8603
3 8604 3437 14203
3 3437 8604 14261
3 14036 8914 14035
3 3501 14262 8603
3 13355 2570 9713
3 2570 13355 9712
3 2570 9752 9713
3 9712 9672 13356
3 13355 9672 9712
3 13356 9672 2609
3 9672 13401 2609
3 9672 13355 2608
3 13401 9672 2608
3 9494 13595 2775
3 13595 9494 9437
3 2728 9546 13541
3 13389 2602 9683
3 9303 13660 9371
3 9491 2729 13543
3 2729 9491 13544
3 13597 9435 9371
3 9435 2883 9371
3 2883 9435 13596
3 13596 9435 9492
3 9540 13548 2732
3 13496 9540 2732
3 13547 9540 2731
3 2689 9585 13497
3 9585 13496 13497
3 8914 13973 3190
3 3190 13973 8996
3 13973 13914 8996
3 13731 9295 9296
3 2653 13459 9623
3 2653 9624 13454
3 2653 13410 9624
3 13456 9621 13408
3 13456 2655 9621
3 2784 13610 9422
3 13610 2784 2836
3 8421 3583 8423
3 1077 10051 10457
3 10033 1077 10491
3 1077 10034 10491
3 1077 2290 10034
3 2290 1077 10457
3 2272 10070 10071
3 2273 10070 2272
3 10070 2273 10424
3 2260 10070 10424
3 10070 10393 10071
3 10070 2260 10393
3 1020 10068 10067
3 10068 1020 2261
3 2260 10082 10393
3 10082 2260 2261
3 10082 10089 10393
3 10069 2260 10424
3 2260 10069 2261
3 10069 10068 2261
3 10069 10424 2274
3 10068 10069 2274
3 10745 1341 1314
3 1341 10745 6027
3 1340 10745 1314
3 1312 9785 1338
3 1310 9785 1312
3 9785 1311 1338
3 9785 1310 1311
3 3269 8816 14054
3 8816 3269 14114
3 8502 3519 14287
3 3084 11041 9130
3 3149 3148 11120
3 9053 3149 11076
3 3149 9053 3148
3 11199 8811 8889
3 13564 2742 9524
3 9470 13564 9524
3 13564 9470 2795
3 9349 9411 13625
3 2900 9411 9349
3 2794 9470 9524
3 13563 2794 9524
3 2794 13621 13625
3 9411 2794 13625
3 2794 9411 9470
3 9472 9473 9527
3 9473 2741 9527
3 2741 9473 2790
3 9350 2844 13680
3 9471 13563 2790
3 13563 9471 2793
3 13614 9417 2788
3 9475 13614 2788
3 9354 13614 2840
3 9417 13614 9354
3 13614 9418 2840
3 13614 9475 9418
3 13677 9354 2840
3 9355 13677 2840
3 13677 9288 9287
3 9288 13677 9355
3 9288 9289 13739
3 13613 9355 13620
3 13616 9356 2839
3 9356 13675 9289
3 9416 13678 9352
3 9353 13678 9416
3 2841 9417 9354
3 9353 2841 9354
3 9417 2841 13615
3 2841 9353 13615
3 9286 9353 9354
3 13740 9286 9287
3 9286 13740 9216
3 9575 2740 13457
3 2740 9528 13457
3 9413 2844 13619
3 9413 9473 9472
3 9413 9472 2789
3 9413 13619 2790
3 9473 9413 2790
3 13617 9413 2789
3 2844 9413 13617
3 9351 2898 9284
3 2898 13679 9284
3 13679 2898 9414
3 9415 13617 2789
3 9474 9415 2789
3 9415 9474 9414
3 2898 9415 9414
3 13617 9415 9351
3 9415 2898 9351
3 9416 13560 2788
3 9474 13560 9416
3 13560 9475 2788
3 9475 13560 9528
3 13560 9474 9527
3 13457 13560 9527
3 9528 13560 13457
3 13807 2958 9213
3 2956 13806 9214
3 13806 2956 9139
3 13868 3078 3018
3 9135 3079 3020
3 13745 9211 9281
3 2900 13745 9281
3 9211 13745 2959
3 9409 13624 9468
3 2847 9409 9468
3 13624 9409 9346
3 9409 13687 9346
3 9347 2847 13623
3 13687 9347 13686
3 9409 9347 13687
3 9347 9409 2847
3 2902 9279 9346
3 9280 13749 9279
3 9210 2960 13746
3 9056 3146 11073
3 11113 11117 3147
3 8976 3146 11112
3 8976 11113 3146
3 10973 9278 2903
3 9278 10973 9279
3 9279 10973 9346
3 10973 2848 9346
3 10973 9345 2848
3 10973 2903 9345
3 13749 13811 9209
3 3081 11042 3021
3 3081 9056 11073
3 9056 3081 9057
3 3146 9055 11073
3 9055 11113 3147
3 11113 9055 3146
3 9207 9131 11040
3 9131 9207 2962
3 13628 9410 2795
3 9469 9410 13623
3 9410 9469 2795
3 9410 9347 13623
3 13626 13627 2795
3 13627 13628 2795
3 9280 2901 9281
3 9410 2901 9347
3 12829 10206 2197
3 10195 12829 2197
3 10214 2192 10203
3 10193 2198 12844
3 10525 10014 1135
3 10557 10014 2327
3 10014 10525 1106
3 2347 2345 2372
3 2347 10007 2345
3 2348 2347 2372
3 10007 2347 2348
3 2323 2322 10008
3 2324 2323 10008
3 1138 10560 10003
3 1167 1138 10003
3 1138 1167 10010
3 1138 10010 10528
3 1139 1110 10528
3 10525 1107 10033
3 1107 10032 10033
3 1109 1138 10528
3 10494 1081 10460
3 1109 10494 10030
3 10494 1109 10528
3 1048 10425 10067
3 10425 1049 10066
3 1049 10049 1050
3 10049 1049 10459
3 10049 10048 1050
3 10049 10459 10460
3 10048 10049 10460
3 1222 2372 9901
3 2372 1222 1193
3 1222 9934 1193
3 10623 9933 9934
3 10590 1194 9965
3 1164 10590 9965
3 1194 10590 1193
3 10558 1164 10005
3 9963 10592 1197
3 9932 10592 1196
3 10592 9932 1197
3 10592 9964 1196
3 10592 10004 9964
3 10004 10592 1166
3 10592 9963 1166
3 9899 1256 10656
3 1256 9899 1255
3 9864 1256 1255
3 1256 9864 9826
3 10686 1256 9826
3 10422 6350 1045
3 10422 10452 6349
3 10452 10422 1045
3 6350 10422 10390
3 10390 10422 1019
3 1019 10422 10392
3 10422 6349 10392
3 1046 10453 6321
3 10453 1075 6321
3 10452 6322 6349
3 6322 1046 6349
3 6322 10453 1046
3 10453 6322 1075
3 1075 6322 6293
3 6322 10452 6293
3 6445 10337 6424
3 6426 10337 10339
3 10337 6426 6424
3 10337 6446 10339
3 10337 6445 6446
3 956 6425 6424
3 6445 6425 932
3 6425 6445 6424
3 6401 956 989
3 6401 989 6377
3 10390 6401 6377
3 6376 6401 10390
3 6401 6376 10362
3 984 10358 6405
3 10358 6427 10338
3 6447 10358 10338
3 6428 10358 6447
3 10358 6406 6405
3 6406 10358 6428
3 10484 6295 1101
3 6267 10484 1101
3 10484 6267 10518
3 1102 10484 10518
3 10484 1102 6294
3 1073 10484 6294
3 6295 10484 1073
3 10450 6324 1044
3 10450 1072 6296
3 10450 6296 1073
3 6324 10450 1073
3 1099 10482 10481
3 1099 6270 10515
3 6269 1099 10515
3 1099 6269 10482
3 10480 1099 10481
3 6207 10586 1189
3 1131 10553 10519
3 6238 1131 10552
3 1131 6238 10553
3 10553 6238 6237
3 10517 6268 10551
3 10517 10551 1130
3 6267 10517 1130
3 6268 10517 1101
3 10517 6267 1101
3 1163 6234 10556
3 10589 6234 1163
3 6234 1134 10556
3 6234 10589 1134
3 6265 1132 10520
3 1132 10554 10520
3 10553 1132 6265
3 10554 1161 6236
3 10586 1161 6237
3 1161 10553 6237
3 1161 10586 6207
3 1161 1132 10553
3 1132 1161 10554
3 1133 10555 10556
3 10555 1133 6264
3 10554 10555 6264
3 10555 1163 10556
3 1163 10555 6235
3 10588 1163 6235
3 10588 6205 1163
3 1192 10622 6204
3 10589 1192 6204
3 6205 1192 10589
3 10389 10391 10420
3 1018 6351 10421
3 1018 10389 6351
3 1018 10421 6377
3 989 1018 6377
3 10389 1018 989
3 10358 10359 6427
3 6427 10360 6426
3 988 1017 10388
3 6380 10387 986
3 10387 985 986
3 10419 10387 6353
3 1017 10419 6352
3 10448 6326 1042
3 6327 10448 1042
3 10447 1041 6328
3 10447 6327 1041
3 10447 6328 1070
3 6327 10447 1070
3 6382 10416 6355
3 6406 6382 6405
3 6382 6356 10416
3 10549 6242 1157
3 6242 10581 1157
3 6269 1128 10550
3 10550 1128 6241
3 1128 10549 6241
3 1128 6269 10515
3 6270 1128 10515
3 1128 6270 10549
3 1129 6240 10551
3 6240 1129 10550
3 10581 6212 1157
3 6212 10614 6183
3 1041 6354 10417
3 6354 6327 1042
3 6327 6354 1041
3 6354 10418 1014
3 6353 10418 1042
3 10418 6354 1042
3 10578 6216 1183
3 6215 10578 1183
3 10578 6215 6245
3 10578 6245 1154
3 6216 10578 1154
3 10543 10576 6247
3 1152 10576 10543
3 6218 10576 10575
3 10576 1152 10575
3 10577 6217 1182
3 6217 6218 10609
3 6217 10576 6218
3 1181 10575 6219
3 1181 6218 10575
3 10608 1181 6219
3 1181 10608 6189
3 1181 6189 10609
3 6218 1181 10609
3 1155 6244 10546
3 6244 1155 10579
3 6245 1155 10546
3 6215 1155 6245
3 1155 6215 10579
3 6187 6216 1182
3 6216 6187 1183
3 6187 10611 1183
3 6186 10611 1213
3 10611 6186 1183
3 6186 6215 1183
3 10477 6274 1096
3 6246 10577 1154
3 6248 1152 10542
3 1152 6248 10575
3 6249 6248 10542
3 6248 6249 10575
3 6161 1241 10640
3 10640 1241 6132
3 1241 6133 6132
3 1242 6131 10642
3 10439 1037 6362
3 1064 10439 6335
3 10439 1036 6335
3 1036 10439 6362
3 1065 10439 6306
3 10439 1064 6306
3 10440 1038 1037
3 1038 10440 6333
3 10440 6305 1066
3 10440 1065 6305
3 6276 10474 10508
3 10475 10474 6276
3 10474 10475 6305
3 10474 10473 10508
3 10473 10474 6305
3 6389 1006 10407
3 6390 1005 10406
3 1009 10409 6362
3 10409 1009 6387
3 1008 10409 6387
3 10409 1008 6363
3 1036 10409 6363
3 10409 1036 6362
3 10378 6387 979
3 10378 1008 6387
3 6388 10378 979
3 1008 10378 6388
3 6430 10332 6431
3 10332 6430 10333
3 952 6430 6431
3 6430 952 10354
3 10353 6410 980
3 6387 6410 979
3 980 6410 6387
3 951 10353 6431
3 10331 951 6431
3 951 10331 6432
3 951 6410 10353
3 6410 951 979
3 951 10352 979
3 10352 951 6432
3 911 912 10302
3 911 10316 912
3 911 10315 10316
3 10315 911 6464
3 6477 897 10302
3 10331 6450 6432
3 6450 10330 6432
3 10330 6450 928
3 6450 10315 928
3 6450 10331 929
3 10316 6450 929
3 10315 6450 10316
3 10690 6114 1261
3 6084 6114 10690
3 6083 6084 1289
3 10719 6083 1289
3 1290 6083 10719
3 1202 6171 6170
3 1202 1201 6171
3 1203 10598 6170
3 1202 10598 6200
3 10598 1202 6170
3 10603 6194 1177
3 10602 10603 1177
3 10667 1266 6137
3 1266 10667 6108
3 10697 1266 6108
3 1269 6134 10670
3 6134 1269 6133
3 1238 10637 6164
3 10637 1239 6164
3 10637 1238 6136
3 1239 10637 6136
3 10638 1240 6163
3 1239 10638 6163
3 919 6461 10323
3 6461 919 915
3 6461 6442 10323
3 1030 1031 10404
3 10078 10397 990
3 1022 10078 10396
3 10397 10078 1022
3 10065 1023 1022
3 1023 10397 1022
3 1023 10065 10427
3 1023 10427 10064
3 10087 965 10093
3 10341 10097 10093
3 965 10341 10093
3 937 10341 10091
3 10092 959 10093
3 10092 10340 959
3 10365 10079 10396
3 10087 10365 10396
3 914 10304 10103
3 10319 914 10103
3 914 10319 10096
3 10306 918 915
3 6490 6489 6503
3 10291 6490 6503
3 6475 10306 901
3 6504 10288 10289
3 10290 10288 6504
3 10290 884 10287
3 884 10290 6504
3 10287 884 6505
3 873 884 6504
3 852 851 6528
3 852 6533 851
3 6533 852 10246
3 852 6527 10246
3 859 852 6528
3 852 859 6527
3 6529 851 849
3 858 10261 6528
3 851 858 6528
3 6529 858 851
3 6527 853 10246
3 853 6532 10246
3 894 6495 6481
3 6495 894 10285
3 907 10298 6482
3 6495 10298 6481
3 924 10311 6455
3 892 6496 880
3 6496 892 6483
3 10283 892 880
3 6520 869 10261
3 858 6520 10261
3 6520 10271 868
3 10271 6520 10260
3 6520 858 10260
3 6520 865 869
3 879 865 868
3 865 6520 868
3 6519 859 10261
3 859 6519 856
3 856 6519 10262
3 10269 6523 864
3 855 6523 10259
3 6523 6530 864
3 6523 855 6530
3 6522 855 10259
3 875 10271 863
3 875 879 868
3 10271 875 868
3 10280 6513 6501
3 876 10269 864
3 6513 876 864
3 10280 876 6513
3 6502 887 10279
3 887 6501 10279
3 6487 10293 899
3 903 6487 899
3 6474 902 901
3 902 10307 6473
3 902 6474 10307
3 899 902 6473
3 10293 902 899
3 6466 10313 6465
3 10313 10314 6465
3 6480 6479 895
3 10300 6479 6480
3 6479 10300 6478
3 6493 6480 895
3 10286 6493 895
3 910 909 6465
3 909 910 10300
3 10314 910 6465
3 910 10314 6464
3 10300 910 6478
3 10299 909 6480
3 10299 894 6481
3 894 10299 6480
3 909 10299 6466
3 6495 6507 10284
3 6507 6495 10285
3 10258 10268 6524
3 10258 862 10268
3 10258 6524 10251
3 862 10258 10251
3 10276 6516 10278
3 6516 10276 862
3 10276 10278 6505
3 862 10276 10268
3 10276 873 10268
3 884 10276 6505
3 10276 884 873
3 1094 10507 10508
3 6192 1208 10606
3 1208 6192 10605
3 6223 6222 10570
3 6222 6223 10604
3 1151 1180 10575
3 6249 1151 10575
3 1064 10472 6306
3 10472 1094 6306
3 10472 1093 1094
3 1036 6336 6335
3 1035 6336 1036
3 1031 6368 10404
3 1033 10406 6366
3 1059 6311 6340
3 6311 1059 10468
3 1090 6311 10468
3 1005 6391 6366
3 6391 10405 6366
3 10405 6391 1004
3 1004 6391 975
3 10437 1034 6338
3 6365 6390 10406
3 1033 6365 10406
3 1006 6365 10407
3 6365 1034 10407
3 1034 6365 6338
3 6365 1033 6338
3 1034 6364 10407
3 6364 1035 10408
3 1206 10601 6196
3 10535 1118 6283
3 1118 10535 6254
3 6226 10567 1174
3 6195 1176 10601
3 1206 6195 10601
3 6195 10602 6224
3 1176 6195 6224
3 1147 1118 6254
3 6253 1147 1176
3 10471 10505 1093
3 6252 10537 1119
3 10537 6252 10570
3 6253 1148 1119
3 1148 6252 1119
3 1148 6253 10569
3 1148 10569 10570
3 6252 1148 10570
3 10470 1091 1092
3 6331 1039 6332
3 1010 6386 10410
3 6386 6361 10410
3 6386 980 10379
3 1009 6386 10379
3 6386 1009 6361
3 6386 1010 981
3 1013 10414 10415
3 6357 1013 10415
3 1013 6382 6406
3 1013 6357 6356
3 6382 1013 6356
3 1097 6272 10479
3 6272 1097 10512
3 6301 1097 10479
3 10478 1097 6301
3 1097 10478 10512
3 1491 10911 5854
3 10850 10851 1413
3 10851 10850 5917
3 10850 1413 10849
3 5918 10850 10849
3 5855 1490 10937
3 10910 5855 5854
3 10910 1490 5855
3 1462 10910 5884
3 10910 1462 1490
3 1415 5945 10852
3 5945 1415 10827
3 1464 10911 5882
3 1415 5944 10827
3 5944 1415 10853
3 1412 5919 10849
3 5919 1435 10849
3 10907 10877 5888
3 10877 1459 5888
3 5919 10877 1435
3 10878 5918 1435
3 1461 1436 5886
3 1436 10878 5886
3 10878 1436 5918
3 10850 1436 5917
3 1436 10850 5918
3 5973 5974 10827
3 1388 5973 10827
3 6028 1364 5969
3 1364 10773 5969
3 10772 1363 6000
3 6001 1362 10770
3 1362 6031 10770
3 6001 10799 1389
3 10799 5972 1389
3 10799 6001 10770
3 6002 10799 10770
3 5972 10799 6002
3 10771 1362 6001
3 1363 10771 6000
3 10800 6001 1389
3 5971 10800 1389
3 10800 10771 6001
3 10771 10800 6000
3 10800 1390 6000
3 10800 5971 1390
3 10801 1391 5969
3 1390 10801 6000
3 10801 10772 6000
3 5910 5940 1418
3 5910 10857 5940
3 5941 10830 5942
3 1417 5941 5942
3 10831 5941 1418
3 10830 5941 10831
3 5941 5911 1418
3 5941 1417 5911
3 10830 5970 1390
3 5970 10830 10831
3 5970 10801 1390
3 5970 10831 1391
3 10801 5970 1391
3 10967 1543 5796
3 5797 1543 10967
3 1678 5656 11107
3 5737 11034 5707
3 5738 11034 5737
3 5765 10969 1544
3 5824 1491 5854
3 10938 5824 5854
3 1517 5824 10938
3 10911 5853 5882
3 5853 10911 1491
3 1545 5793 1519
3 5793 10970 1519
3 5793 1545 5764
3 5763 5793 5764
3 5793 5763 10970
3 10704 1272 6101
3 1272 10704 6100
3 6129 1272 6100
3 1245 10676 10645
3 10676 1245 6128
3 1245 10644 6128
3 10611 6157 1213
3 6157 10644 1213
3 6157 6158 10643
3 1221 10621 6176
3 10621 6205 6176
3 10621 1192 6205
3 1308 10713 6061
3 10685 6119 6089
3 6119 10684 6089
3 6119 10685 10653
3 6061 1307 1335
3 10712 1307 1279
3 5849 5820 10943
3 5849 5850 5820
3 10941 5821 5851
3 5822 5821 10941
3 5821 10971 1520
3 5821 5822 10971
3 5820 10942 1520
3 5850 10942 5820
3 10942 5821 1520
3 5736 1573 5764
3 5734 5735 11036
3 5735 1573 5736
3 5705 5734 11036
3 5705 1630 5733
3 5715 1594 11064
3 11027 1594 5715
3 1594 11027 5745
3 5774 5803 1537
3 1511 5803 10961
3 5803 5774 1565
3 5803 5773 10961
3 5773 5803 1565
3 1512 5802 10962
3 5802 1512 5831
3 5801 1512 10962
3 1512 5801 5830
3 5745 10992 1565
3 10992 5773 1565
3 10992 5745 5744
3 10992 5772 5773
3 6024 10749 1344
3 10749 10750 1344
3 10750 10749 6024
3 5966 10807 1370
3 6023 10751 1345
3 6022 10751 6023
3 1370 10779 6023
3 10779 6022 6023
3 10805 5963 1403
3 5963 10805 10809
3 1320 10752 1347
3 6051 10752 1320
3 10752 6021 1347
3 6021 10752 10780
3 1372 5992 10809
3 5992 1372 10780
3 6053 6054 1344
3 6054 6053 10719
3 6054 10748 1344
3 10748 6054 1343
3 1318 6053 6023
3 6053 1318 10720
3 1110 10009 10529
3 10009 1110 1139
3 10009 1139 6233
3 10562 10009 6233
3 1168 6203 6233
3 1168 10594 6203
3 10594 1168 9961
3 1168 10002 9961
3 1168 6233 10561
3 10002 1168 10561
3 10595 1199 1200
3 1199 10595 6203
3 10595 1200 6202
3 1258 6117 9897
3 1312 1285 1284
3 1285 9825 1284
3 1313 1285 1312
3 1285 1313 9824
3 9784 1340 1314
3 9784 1313 1339
3 1340 9784 1339
3 9824 10716 1286
3 1313 10716 9824
3 9784 10716 1313
3 1286 10716 1314
3 10716 9784 1314
3 10717 1341 6056
3 6056 1342 10718
3 1342 6055 10718
3 10747 1342 6026
3 6055 1342 10747
3 1288 6086 1287
3 1228 10657 9897
3 10657 1228 9898
3 10657 1258 9897
3 10657 9862 1258
3 10657 9898 1257
3 9862 10657 1257
3 9931 1198 10593
3 9931 1228 10626
3 1197 9931 10593
3 9931 1197 10625
3 1228 9931 10625
3 1229 9930 10626
3 9930 9931 10626
3 9931 9930 1198
3 1199 9930 6174
3 9930 10627 6174
3 10627 9930 1229
3 9930 1199 10594
3 1198 9930 10594
3 10629 6143 1232
3 6171 10629 1232
3 1230 10628 6174
3 6025 10776 10777
3 10776 6025 10747
3 5995 6025 10777
3 6025 5995 10748
3 10747 6025 1343
3 6025 10748 1343
3 5967 1397 1398
3 1397 5967 1395
3 5939 10858 1419
3 10745 5998 6027
3 10944 9467 9407
3 9467 1496 5878
3 1496 1497 5878
3 6096 1275 10708
3 6096 10709 1276
3 1275 6097 10708
3 6097 6067 10708
3 1413 5948 10849
3 5948 1412 10849
3 10826 5945 1387
3 5945 10826 1414
3 10826 5946 1414
3 6034 10739 1305
3 6010 10763 1355
3 6010 10762 10790
3 10762 6010 1355
3 6040 10762 1355
3 6041 1327 10761
3 1328 6040 1355
3 1383 5950 10822
3 5950 1383 10821
3 10820 5981 5952
3 5981 10819 5952
3 5981 10820 1382
3 5981 10790 1381
3 10819 5981 1381
3 5981 6010 10790
3 10820 5951 1382
3 10846 10820 5952
3 10819 1409 5952
3 1409 10846 5952
3 5860 5859 10905
3 10876 10875 1458
3 5829 1514 10934
3 5829 10964 1514
3 10983 5782 5812
3 5782 10983 1558
3 1531 5811 10953
3 5782 1531 5812
3 5810 1505 10953
3 1505 5840 10953
3 1481 10899 5867
3 10899 5896 5867
3 10899 1453 5896
3 1453 10899 5895
3 10899 1481 5895
3 5866 1482 10900
3 5895 5866 10900
3 1481 5866 5895
3 10927 10926 5837
3 10927 1481 10926
3 10927 5866 1481
3 5836 10927 5837
3 5866 10927 1482
3 10928 10927 5836
3 10927 10928 1482
3 5934 1426 10861
3 5843 1529 10951
3 5842 1503 10922
3 10952 1503 1530
3 1503 5813 1530
3 5813 1503 10951
3 1503 5843 10951
3 5843 1503 5842
3 5901 5902 10861
3 5902 1452 10864
3 1531 1504 5812
3 5840 1504 10953
3 1504 1531 10953
3 10835 10834 1404
3 10836 10835 1404
3 10834 10835 1428
3 1348 6019 6018
3 6048 1348 6018
3 10896 5869 5898
3 5869 10897 5898
3 1429 10870 5926
3 10870 1454 5926
3 1454 10870 5895
3 10870 1453 5895
3 1453 10870 1429
3 10901 5894 1482
3 1482 5894 10900
3 5894 1454 10900
3 5894 10901 10871
3 1454 5894 10871
3 5954 1408 10818
3 1408 5954 5924
3 1294 6077 10697
3 10698 6077 1295
3 6077 1322 1295
3 6077 1294 10726
3 1322 6077 10726
3 6017 1349 10755
3 1349 1322 10755
3 1322 1349 6047
3 5956 10815 10841
3 10815 1405 10841
3 5955 1407 10817
3 1407 5955 1406
3 1377 5987 10814
3 5986 1377 10814
3 10758 10787 6014
3 10787 5984 6014
3 1322 10727 1295
3 10727 1322 6047
3 6075 1324 10729
3 6106 6076 10699
3 6076 10698 1295
3 6076 6106 10698
3 6105 10700 10670
3 6105 10699 6075
3 10700 6105 6075
3 1297 6075 10729
3 1297 10700 6075
3 1270 10672 6132
3 10672 1242 6132
3 1242 10672 6131
3 6103 1269 10701
3 6103 1270 6132
3 10873 5892 1456
3 5892 10902 5863
3 5892 10903 1456
3 10875 1433 5890
3 1433 10875 5921
3 10846 1433 5921
3 1433 10846 5922
3 1484 5892 5863
3 5892 1484 10903
3 10874 1433 5922
3 1486 5860 10905
3 1486 10905 1458
3 5890 1486 1458
3 5861 1486 5890
3 10872 5925 10871
3 5892 10872 10902
3 5806 5776 10958
3 10989 5776 5777
3 5776 1535 5777
3 1535 5776 5806
3 5831 5832 10961
3 5832 1511 10961
3 5832 5831 10931
3 1511 5832 10931
3 1509 5834 10929
3 1509 5864 5835
3 1509 10929 5864
3 10958 1509 5835
3 5781 1532 5810
3 10985 1532 5781
3 1532 10985 5780
3 1532 5780 10954
3 5810 1532 10954
3 11059 5692 5720
3 5692 1591 5720
3 1591 5692 11060
3 1589 5721 11021
3 5721 1589 11058
3 1589 11021 5722
3 5694 1589 5722
3 11058 1589 5694
3 7991 7990 1864
3 11498 7990 7989
3 7996 7921 11518
3 9276 1549 11007
3 9205 9276 11007
3 9276 9275 1549
3 1549 9344 9407
3 9344 1550 9407
3 9129 9205 11007
3 8888 3210 8971
3 3210 8970 8971
3 8963 1660 11128
3 8885 8886 11202
3 12308 178 12303
3 5037 177 12348
3 177 5037 12302
3 5037 178 12308
3 278 4963 251
3 12575 4911 4884
3 4884 12574 329
3 12574 4885 329
3 12573 328 329
3 4885 12573 329
3 328 12573 4886
3 4874 310 12593
3 4934 280 12481
3 280 4933 12482
3 253 4962 279
3 12486 4932 12494
3 12486 12494 4959
3 255 12486 4959
3 4986 12392 12396
3 12392 5012 12396
3 5011 12392 12397
3 12392 5011 203
3 5012 12392 203
3 12446 255 12441
3 12446 12443 255
3 229 4985 12397
3 12446 229 12443
3 12392 229 12397
3 229 12392 4986
3 4985 229 12441
3 229 12446 12441
3 12347 5012 203
3 12347 12349 5035
3 12349 12347 203
3 12351 12347 5035
3 12347 12351 5012
3 12396 12399 228
3 12399 12391 228
3 4987 12395 227
3 12391 12395 4987
3 4930 12538 12537
3 12542 4930 12540
3 4929 283 12543
3 310 4929 12543
3 4929 310 12535
3 4929 12535 311
3 12534 4902 12543
3 4902 12534 12537
3 12534 4930 12537
3 283 12534 12543
3 4930 12534 283
3 4902 309 4875
3 12538 309 12537
3 309 4902 12537
3 309 12585 4875
3 309 12542 12540
3 309 4903 12582
3 12585 309 12582
3 4903 12536 12533
3 12536 4931 12533
3 4931 12536 12491
3 4931 12532 308
3 12532 4931 4932
3 12532 4932 4905
3 12532 4905 4877
3 107 12226 12223
3 12220 12226 107
3 12226 12220 5106
3 12264 12261 5083
3 129 5084 5083
3 129 5083 12223
3 129 5106 12219
3 5084 129 12219
3 12226 129 12223
3 129 12226 5106
3 12268 5060 12262
3 154 5060 12302
3 5060 154 12262
3 12265 5060 12268
3 12309 154 12302
3 5037 12309 12302
3 5083 12228 12223
3 5105 12228 5083
3 12228 107 12223
3 130 5105 5083
3 5105 130 12221
3 130 5083 12267
3 12265 130 12267
3 109 5103 5125
3 109 12222 5103
3 12480 4963 278
3 4963 12480 252
3 4936 12480 278
3 12480 4935 279
3 12480 4936 12529
3 4935 12480 12529
3 4962 12480 279
3 12480 4962 252
3 4933 4906 12531
3 4906 280 4934
3 280 4906 4933
3 307 4905 12531
3 307 12580 4905
3 12720 4765 4793
3 4765 4766 12770
3 12722 4821 12674
3 12722 4791 391
3 4821 12722 391
3 12773 4762 12772
3 4851 361 12674
3 361 12722 12674
3 361 12626 4852
3 12626 361 4851
3 12626 331 4852
3 331 12626 4882
3 332 4851 12627
3 333 332 12627
3 332 12626 4851
3 332 333 4880
3 4881 332 4880
3 12626 332 4882
3 12675 4821 391
3 12723 12675 391
3 12627 12675 362
3 4821 12675 12627
3 4879 333 12628
3 4879 12578 333
3 12578 4879 4907
3 305 12578 4907
3 305 4935 12529
3 305 4907 4935
3 305 12529 4880
3 12578 305 4880
3 304 12528 4909
3 12528 304 4936
3 12528 12479 4909
3 12528 4936 12479
3 4908 12577 4881
3 12577 4908 304
3 12577 304 4909
3 4882 12577 4909
3 332 12577 4882
3 12577 332 4881
3 4941 12474 12523
3 4941 273 12474
3 245 271 4971
3 12472 271 4972
3 271 245 4972
3 4945 12472 244
3 298 12570 4888
3 4769 4797 414
3 12766 4769 414
3 4797 4769 12767
3 4769 12766 12767
3 12768 4768 12767
3 12717 385 4797
3 385 12717 356
3 4797 385 414
3 385 12716 414
3 4854 330 4884
3 12624 330 4854
3 330 12575 4884
3 12575 330 4883
3 330 4853 4883
3 330 12624 4853
3 12671 4824 359
3 4824 12671 388
3 12720 4824 388
3 4824 12672 359
3 4824 12720 12672
3 12670 357 4826
3 12670 4855 4856
3 357 12670 4856
3 12673 12721 390
3 4914 299 4887
3 299 12571 4887
3 12571 327 4887
3 12620 327 12571
3 12621 327 4857
3 12572 328 4886
3 12572 12621 328
3 12572 327 12621
3 327 12572 4887
3 4914 12572 4886
3 12572 4914 4887
3 419 4764 12771
3 419 12722 390
3 12722 419 4791
3 12589 338 12593
3 338 12589 12588
3 310 12589 12593
3 12588 12589 12543
3 12589 310 12543
3 12587 338 12588
3 12587 12588 12543
3 4902 12587 12543
3 4875 337 12592
3 12585 337 4875
3 337 12585 12582
3 12629 334 4849
3 4849 334 12628
3 334 4879 12628
3 4879 334 12579
3 4849 12676 363
3 12676 12628 362
3 12676 4849 12628
3 4760 421 12774
3 421 4789 12724
3 149 5043 12297
3 5088 12216 125
3 5110 12216 5088
3 12216 5111 125
3 5111 12216 103
3 12216 5132 103
3 12216 5110 5132
3 12296 148 5067
3 12296 12295 5044
3 12295 12296 5067
3 172 12296 5044
3 148 12296 5066
3 12296 149 5066
3 5043 12296 172
3 12296 5043 149
3 12255 5067 12256
3 5089 12255 12256
3 124 5089 12215
3 124 12255 5089
3 12338 5045 12337
3 5132 104 12175
3 104 5131 12175
3 5131 104 12217
3 104 5110 12217
3 5110 104 5132
3 5131 105 5130
3 105 5131 5108
3 105 5108 12218
3 5129 105 12218
3 5130 105 12177
3 105 5129 12177
3 12527 4910 303
3 12527 303 4909
3 12477 4911 12526
3 4964 12479 251
3 4964 277 12479
3 4990 225 251
3 176 12300 5039
3 177 5038 12344
3 176 5038 12301
3 5038 176 12344
3 6537 6538 12751
3 12703 401 6536
3 401 6537 6536
3 6570 401 12702
3 6538 401 6570
3 401 6538 6537
3 377 4838 12707
3 4838 377 4837
3 318 4868 12611
3 293 12565 4894
3 12565 293 4895
3 12565 321 4894
3 12565 4895 321
3 12378 5026 12333
3 4995 12384 12383
3 12428 12427 4971
3 220 12427 12428
3 12427 220 4997
3 12427 245 4971
3 219 12427 4997
3 12427 219 4972
3 245 12427 4972
3 12297 173 5042
3 173 12340 5042
3 5043 173 12297
3 173 5043 12340
3 12385 5019 12384
3 244 12426 4973
3 12426 218 4973
3 12426 244 4972
3 219 12426 4972
3 12381 5023 193
3 12381 193 12380
3 12716 355 4829
3 12570 326 4888
3 326 12571 4888
3 326 12620 12571
3 12425 243 4973
3 4974 243 12425
3 269 243 4974
3 12518 295 4919
3 295 4920 4892
3 295 12518 4920
3 12715 412 4799
3 4800 412 12715
3 4830 4800 12715
3 4830 12715 384
3 12666 4830 354
3 410 4802 12712
3 4803 410 12712
3 410 4774 12762
3 4802 410 12762
3 410 4803 4775
3 12761 410 4775
3 410 12761 4774
3 382 4801 4831
3 4801 382 12713
3 382 4802 12713
3 382 4832 4802
3 4806 12708 4778
3 377 12708 4837
3 12616 323 4892
3 323 12616 4862
3 12617 323 4862
3 4863 12616 322
3 12615 4863 322
3 4863 12615 12663
3 12616 4863 4833
3 12618 12569 4890
3 4832 12665 352
3 12665 12617 352
3 12665 382 4831
3 382 12665 4832
3 12661 4836 12709
3 349 4836 12661
3 4836 349 12660
3 4809 12706 375
3 346 12706 4839
3 12706 346 375
3 405 4781 12756
3 405 4809 4781
3 4780 405 12756
3 4808 405 4780
3 6576 6575 12696
3 12746 6544 12745
3 6544 842 12745
3 842 6544 12746
3 6578 810 12694
3 12695 810 841
3 810 6578 841
3 6608 810 12695
3 12601 6667 6637
3 12649 12601 6637
3 12649 812 6606
3 6575 812 12696
3 808 12693 6611
3 6580 808 12692
3 12644 808 6611
3 808 12644 12692
3 839 6547 6579
3 12693 839 6579
3 6548 839 6580
3 839 808 6580
3 808 839 12693
3 839 6548 12742
3 6547 839 12742
3 809 12693 6579
3 809 840 12694
3 840 809 6579
3 12599 6640 12646
3 6640 12599 747
3 748 12599 6639
3 12549 12599 748
3 12599 12549 747
3 12457 6719 6718
3 257 12457 6718
3 12457 257 6719
3 6667 12552 721
3 12552 6666 721
3 12553 12504 6666
3 12504 6720 6721
3 695 6720 12456
3 748 12600 749
3 6638 12600 748
3 749 12600 6637
3 12600 780 6637
3 12600 6638 780
3 12459 6690 12508
3 372 12654 6601
3 12654 342 6601
3 342 12654 12606
3 12654 6631 12606
3 6630 343 12655
3 12654 343 6631
3 12700 370 6603
3 6604 12651 782
3 12651 6604 783
3 814 6604 782
3 312 313 6662
3 12605 313 312
3 313 12556 6662
3 341 370 6602
3 12653 341 6602
3 12605 341 12653
3 12643 6612 776
3 807 6612 12643
3 776 6612 12692
3 6612 807 12692
3 6549 6581 12691
3 6581 6549 838
3 6581 807 12691
3 6581 838 12692
3 807 6581 12692
3 6549 837 6550
3 837 12690 6550
3 12690 837 6582
3 6582 837 12691
3 837 6549 12691
3 12513 4897 4924
3 4952 12513 4924
3 12513 4953 290
3 4953 12513 264
3 12513 4952 264
3 4898 12562 290
3 12562 4898 318
3 12465 265 4979
3 4952 265 12465
3 237 12464 4980
3 12464 263 4953
3 263 4926 4953
3 263 4954 4926
3 4954 263 12463
3 12373 12374 5031
3 12374 12373 212
3 209 12416 5009
3 12416 209 12415
3 12415 209 6766
3 209 12370 6766
3 12370 209 5009
3 4955 262 12462
3 12462 262 4983
3 262 4954 12463
3 262 4955 4954
3 183 12325 6791
3 12325 183 6790
3 183 12370 6790
3 12369 183 6791
3 183 12369 12370
3 12283 5080 136
3 159 12324 6791
3 159 12282 6815
3 12324 159 6815
3 12285 138 5079
3 138 12245 5079
3 138 12286 5077
3 6690 6661 12508
3 313 6661 12556
3 6661 285 12556
3 6661 6690 285
3 6661 12606 314
3 6661 313 12606
3 286 6660 6689
3 12509 6660 12558
3 6660 12509 6689
3 4928 288 4956
3 4955 288 12511
3 288 4955 4956
3 12510 4928 4956
3 12461 12510 4956
3 12510 6688 287
3 12510 12461 6715
3 6688 12510 6715
3 259 12459 6716
3 259 6742 233
3 12460 259 6716
3 6742 259 12460
3 232 12413 6768
3 12459 6743 258
3 6743 232 258
3 6743 12413 232
3 12413 6743 233
3 6743 259 233
3 259 6743 12459
3 232 6744 258
3 6744 232 12412
3 206 6769 12412
3 232 206 12412
3 206 232 6768
3 12368 206 6768
3 12416 235 4983
3 6741 235 12416
3 235 261 4983
3 235 6741 261
3 12414 208 6767
3 6742 12414 233
3 12414 6742 234
3 12415 12414 234
3 208 12414 12415
3 586 15433 6830
3 15433 564 6830
3 564 15433 6851
3 6829 15433 586
3 561 6853 6873
3 6853 15427 6873
3 6853 561 15431
3 12190 6907 522
3 12191 6907 12190
3 6907 12191 6906
3 6906 12191 523
3 523 12191 6886
3 6944 477 482
3 12105 6944 6927
3 12105 481 6944
3 499 12147 502
3 539 6872 537
3 6872 6852 15428
3 6872 15427 6852
3 543 6869 6888
3 544 6869 6868
3 6869 544 6888
3 12229 6869 543
3 535 531 542
3 531 535 6890
3 6850 535 15429
3 535 6850 6870
3 6850 12229 6870
3 6755 12402 660
3 12360 6777 639
3 6802 12360 614
3 6777 638 12405
3 12360 638 6777
3 638 12359 6778
3 12359 12360 6802
3 12359 638 12360
3 615 6800 12317
3 12235 6864 6844
3 12276 571 593
3 6920 12112 487
3 12071 12112 6919
3 487 12112 12071
3 12111 6920 487
3 6921 12111 486
3 12111 6921 506
3 6920 12111 506
3 12111 12070 486
3 12070 12111 487
3 6822 12275 592
3 592 12275 6844
3 571 12275 593
3 12275 6822 593
3 6698 6724 6725
3 6724 6698 12501
3 6698 12549 6669
3 12550 748 6668
3 12550 6669 748
3 6696 12503 6722
3 6696 6695 12503
3 6695 6696 6667
3 6696 12551 6667
3 12551 6696 720
3 720 6697 6668
3 6697 6724 12501
3 6697 12550 6668
3 6697 6723 692
3 6724 6697 692
3 12453 6750 692
3 6723 12453 692
3 12407 6775 640
3 6775 12407 6774
3 12362 6775 6774
3 6752 6751 663
3 6752 663 12405
3 12407 664 6750
3 6806 610 12311
3 6756 12447 660
3 12402 6756 660
3 6756 12402 12401
3 6643 6673 744
3 6673 12546 744
3 6673 6643 745
3 12546 6673 12497
3 6674 715 12496
3 715 6702 12496
3 715 6674 12546
3 6702 715 12546
3 6671 6672 746
3 12497 12448 6729
3 12448 6755 6729
3 12448 688 6755
3 6799 616 12317
3 616 6799 12362
3 6800 6799 12317
3 12363 641 6773
3 12363 617 6798
3 641 12363 6774
3 12363 6773 6797
3 617 12363 6797
3 12362 12363 6798
3 12363 12362 6774
3 6880 6879 12198
3 6860 12238 551
3 6860 6880 550
3 6879 6860 551
3 6860 6879 6880
3 12276 6842 571
3 12109 6922 485
3 12151 6922 12109
3 504 12151 6923
3 504 6924 12150
3 504 524 12151
3 504 12150 6905
3 524 504 6905
3 6970 453 11994
3 453 6970 11995
3 453 11995 6987
3 12033 6951 6969
3 11995 12033 6969
3 6970 12033 11995
3 469 6937 12071
3 6936 469 12071
3 12244 5101 114
3 5101 12245 115
3 12245 5101 5079
3 5101 12244 5079
3 5102 114 5124
3 12244 5102 5080
3 5102 12244 114
3 12203 5102 5124
3 5102 12203 113
3 12244 137 5079
3 137 12244 5080
3 184 12370 12371
3 12370 184 6790
3 12324 182 6791
3 182 12324 6792
3 182 12369 6791
3 12369 182 6792
3 207 12368 6768
3 12368 207 6767
3 12413 207 6768
3 207 12413 233
3 12414 207 233
3 207 12414 6767
3 206 12367 6769
3 12367 206 12368
3 6770 12367 12366
3 12367 6770 6769
3 180 156 12321
3 180 12322 156
3 6795 180 12321
3 180 6795 12366
3 12240 6837 6857
3 6837 12240 6838
3 6772 667 12410
3 667 6747 12410
3 667 6772 12409
3 667 12409 6748
3 694 667 6748
3 6771 205 12366
3 205 6770 12366
3 6796 12364 12365
3 6796 619 12320
3 619 6796 12365
3 12336 5023 12337
3 5023 12336 193
3 12336 5024 193
3 12336 5047 12335
3 5024 12336 12335
3 5023 194 12337
3 194 5022 12337
3 12384 5021 12383
3 5020 5021 12384
3 96 5140 12167
3 99 12212 5136
3 99 5115 12212
3 5115 99 12211
3 99 5138 12211
3 12251 5072 144
3 12251 5071 5093
3 12251 144 5071
3 121 12251 5093
3 77 12170 5136
3 12129 77 5157
3 12170 77 5158
3 77 12129 5158
3 54 5159 12128
3 54 12087 5180
3 12087 54 12128
3 12086 54 5180
3 5159 54 12127
3 54 12086 12127
3 5090 12254 5068
3 12255 5090 5068
3 124 5090 12255
3 5091 5092 12253
3 5069 5091 12253
3 5091 5114 5092
3 5114 5091 12213
3 12254 5091 5069
3 12331 12330 188
3 5075 12248 12247
3 5096 12249 119
3 118 5096 5119
3 5096 118 12248
3 12208 5097 5119
3 12208 5120 5097
3 12208 95 5120
3 95 12208 5141
3 12208 96 5141
3 96 12208 5119
3 5099 5098 5121
3 5098 5099 12247
3 12248 5098 12247
3 5098 12248 5097
3 117 12207 5121
3 117 5120 12207
3 5098 117 5121
3 5120 117 5097
3 117 5098 5097
3 12164 5144 94
3 12164 5143 71
3 5143 12164 94
3 5144 12205 5122
3 5122 12205 115
3 12163 12122 5166
3 12122 12163 71
3 12163 12164 71
3 12164 12163 5144
3 12120 47 12079
3 69 47 12120
3 47 69 5167
3 4976 267 12468
3 267 4976 4977
3 267 4949 12468
3 267 12467 4949
3 267 4977 12467
3 240 4977 12422
3 5003 240 12422
3 215 5003 12422
3 215 12377 12376
3 5003 215 12376
3 5049 167 12333
3 5029 12331 188
3 166 5051 12290
3 5047 169 12335
3 169 5048 12335
3 169 5047 12293
3 5048 169 12293
3 5112 124 12215
3 5090 5112 12214
3 5112 5090 124
3 5112 5134 12214
3 12174 5154 80
3 5132 12174 103
3 12174 5132 81
3 12174 5133 103
3 5133 12174 80
3 100 12171 5136
3 12171 77 5136
3 77 12171 5157
3 35 12089 5177
3 5177 12089 56
3 12089 35 12050
3 57 12090 5177
3 12090 35 5177
3 12131 57 5177
3 12131 5155 57
3 2145 11943 5253
3 2145 5269 11943
3 2145 11944 5268
3 11944 2145 5252
3 15 5214 12014
3 35 5197 12050
3 5197 5216 12050
3 5195 12052 36
3 5214 12052 5195
3 11855 2109 11882
3 2109 5285 11882
3 5285 2109 11881
3 11881 5299 2093
3 5299 11855 5312
3 2109 5299 11881
3 5299 2109 11855
3 5325 11830 5312
3 2077 5301 11853
3 11912 11911 2126
3 11911 11912 5285
3 11911 5285 11881
3 5300 5314 2092
3 2077 5314 11829
3 5314 11853 2092
3 5314 2077 11853
3 11860 11884 11862
3 2111 11884 11860
3 11884 11863 11862
3 11884 2111 5282
3 11863 11884 11861
3 5283 5284 11913
3 5284 5283 2110
3 5284 2110 11882
3 11912 5284 11882
3 11913 2127 5268
3 2127 11912 5269
3 2127 2145 5268
3 2145 2127 5269
3 5284 2127 11913
3 2127 5284 11912
3 7105 7128 4625
3 4647 7105 15350
3 7085 4647 15350
3 7105 4647 7084
3 4647 7062 7084
3 7062 4647 4666
3 4647 7085 4666
3 7085 4646 7063
3 4646 7085 15350
3 7087 4663 15366
3 7130 4623 7107
3 7129 7106 4625
3 7106 7129 4624
3 4604 7125 15339
3 7125 4604 7126
3 7125 7126 15357
3 7082 7125 15357
3 7125 7082 15340
3 15339 7125 15340
3 6563 6596 6564
3 6596 826 15508
3 826 6596 6563
3 817 6565 6564
3 6565 817 815
3 755 757 6658
3 6565 823 820
3 823 6565 815
3 15506 823 815
3 822 818 6566
3 818 6598 786
3 6598 15506 786
3 822 6598 818
3 823 6598 820
3 6598 823 15506
3 795 6595 15509
3 826 6595 795
3 6595 6562 15509
3 6595 826 6562
3 6657 15481 753
3 15481 6657 729
3 15482 15495 6656
3 706 15472 6684
3 828 6561 15520
3 6560 828 15520
3 795 6627 15508
3 6627 763 754
3 685 6758 658
3 685 15459 6758
3 6759 685 658
3 15459 685 6732
3 685 6759 15458
3 6733 685 15458
3 6732 685 6733
3 802 6586 6618
3 802 6619 15516
3 833 802 15516
3 6586 802 833
3 770 802 6618
3 6619 802 770
3 6590 800 6621
3 15513 6590 6621
3 6590 6558 15523
3 6558 6590 830
3 6590 15513 830
3 773 15505 6646
3 15505 773 6615
3 15504 773 6646
3 6615 773 15504
3 15505 774 6645
3 774 12642 12594
3 6645 774 12594
3 15519 805 6615
3 805 15505 6615
3 805 15519 6583
3 6648 771 15503
3 771 6648 15490
3 15491 6648 15503
3 6648 15491 741
3 740 6648 741
3 15490 6648 740
3 683 6735 6734
3 683 15456 6735
3 15498 799 6622
3 767 15498 6622
3 15487 6652 768
3 768 6652 15499
3 15476 6680 6709
3 709 15476 6709
3 15476 709 6681
3 15473 699 6684
3 15461 6740 701
3 6740 672 6714
3 701 6740 6714
3 623 624 6789
3 561 577 15431
3 557 577 561
3 6808 608 15442
3 15430 6854 555
3 15430 557 6854
3 6784 15443 15442
3 15441 6785 15442
3 6785 15441 631
3 12794 2180 2174
3 12794 10234 2180
3 2179 12794 2174
3 10234 12794 2179
3 2180 10226 10233
3 10234 10226 2180
3 10236 2178 12791
3 10228 10236 12791
3 10236 10228 2178
3 10217 2190 12815
3 2185 10217 12815
3 12802 10217 2185
3 10218 12802 12801
3 12800 10219 12808
3 10219 12800 12819
3 12813 10219 12819
3 2184 12813 12820
3 10228 2184 12801
3 2184 10228 12808
3 2184 10218 12801
3 10218 2184 12820
3 10219 2184 12808
3 2184 10219 12813
3 4348 7384 15035
3 4343 4348 15035
3 4348 4343 15074
3 7307 15145 15146
3 7307 4433 15145
3 4427 7307 15146
3 15111 7343 4393
3 7344 15111 4393
3 4433 15111 7344
3 7307 15111 4433
3 15111 4427 7343
3 15111 7307 4427
3 15033 4307 7434
3 15034 15033 7387
3 15033 15034 4307
3 15072 4350 7434
3 15033 4350 7387
3 4350 15033 7434
3 4350 7386 7387
3 4350 15072 7386
3 15073 4352 4391
3 4352 15073 7386
3 4352 15072 4391
3 15072 4352 7386
3 4306 15035 7431
3 4300 7386 15035
3 4300 15034 7386
3 7432 4300 14993
3 15034 4308 7433
3 4308 14993 7433
3 4308 7432 14993
3 4308 4300 7432
3 4300 4308 15034
3 15398 4710 15399
3 7043 4689 15400
3 15387 7043 15400
3 15327 4596 4621
3 7088 4642 7089
3 7109 7088 4643
3 7088 7109 4642
3 7065 4689 15366
3 4663 7065 15366
3 7109 7132 4621
3 7132 15327 4621
3 7108 7109 4643
3 7108 4623 7131
3 4623 7108 7107
3 7109 15347 4642
3 4642 15347 7089
3 7181 4569 4542
3 4569 7181 4568
3 7181 15276 4568
3 7152 15307 4575
3 4600 7152 4575
3 7152 4601 15307
3 7152 7128 4601
3 7128 7152 4625
3 4681 15375 7052
3 15375 4680 7052
3 4680 15375 7073
3 15358 4652 7075
3 4652 4633 7075
3 7075 4631 7120
3 4614 7139 7116
3 4586 15320 4581
3 15320 7141 4581
3 4585 15320 4586
3 7141 15321 4581
3 4564 4565 7185
3 7138 4614 7116
3 15323 7138 4615
3 4590 4565 7162
3 4565 4590 7161
3 4590 15323 7161
3 15323 4590 7138
3 7138 4590 4614
3 4539 7210 15247
3 4540 4539 7183
3 7210 4539 4540
3 7143 15319 7167
3 15319 4585 7167
3 15319 15320 4585
3 4559 15295 7167
3 7211 4538 15247
3 4537 7211 7212
3 7211 4537 7185
3 4538 7211 7185
3 4509 7239 7212
3 7211 4509 7212
3 7240 7268 7241
3 4507 7240 7241
3 7268 7240 15216
3 7240 4508 15216
3 4508 7240 7213
3 7240 4507 7213
3 7186 4536 4563
3 7186 4537 7212
3 4536 7186 7212
3 7213 15245 7187
3 4507 15245 7213
3 15245 4507 7241
3 7214 15245 7241
3 4555 15298 4560
3 6996 15422 6995
3 15422 439 6995
3 15422 6978 6962
3 439 15422 6962
3 15420 6993 6992
3 15410 15420 6992
3 15410 7026 4730
3 15398 7026 4710
3 4710 7026 15411
3 7026 15410 15411
3 15404 7010 4730
3 7010 4729 435
3 436 6994 15423
3 6993 436 15423
3 436 7010 435
3 15420 436 6993
3 7010 436 4730
3 436 15410 4730
3 436 15420 15410
3 15418 439 6994
3 15413 15421 6996
3 15413 6997 15421
3 15388 7032 4703
3 4636 15343 7095
3 4632 15343 7116
3 15343 4632 7095
3 4656 7094 7095
3 7094 4636 7095
3 7342 4429 4431
3 15112 4429 7342
3 4429 7306 4431
3 4390 4392 15075
3 4392 15112 7342
3 4392 4390 15112
3 4354 15037 15036
3 15076 4354 7342
3 7384 4354 15036
3 4354 7384 15075
3 4392 4354 15075
3 4354 4392 7342
3 15037 7383 15038
3 7383 15076 15038
3 4354 7383 15037
3 7383 4354 15076
3 15076 4395 4355
3 7263 4481 15188
3 4481 4480 15188
3 7262 4481 7263
3 4445 15157 7294
3 7295 15157 4445
3 4481 15157 7295
3 15157 4481 7262
3 15248 7210 4540
3 15276 15249 4541
3 15249 7208 4541
3 7181 15249 15276
3 15249 7181 4542
3 7296 15155 4479
3 15155 7296 4443
3 15187 7264 4479
3 7264 7296 4479
3 7296 7264 4480
3 7264 15187 15218
3 7236 7264 15218
3 7264 7236 15188
3 4480 7264 15188
3 4445 15122 4444
3 7331 15122 4445
3 15122 7331 4403
3 4364 7372 4404
3 4362 15046 7374
3 4362 7373 15046
3 7373 4362 4403
3 15085 7373 4403
3 7331 15085 4403
3 15085 7331 4404
3 7372 15085 4404
3 15077 7382 4355
3 4395 15077 4355
3 4361 15084 7374
3 15084 4361 7333
3 15084 4362 7374
3 4361 4401 7333
3 4401 15083 7334
3 4401 15121 7333
3 4317 15044 4360
3 7375 4317 4360
3 15083 7375 4360
3 7375 4401 4361
3 4401 7375 15083
3 7270 15183 4474
3 15182 7270 4474
3 15183 7270 15214
3 7270 15213 15214
3 7270 15182 15213
3 4506 7214 7241
3 15243 15242 4534
3 4470 7274 15147
3 7306 4470 15147
3 4470 7306 15146
3 7274 4470 15178
3 15145 4470 15146
3 15178 4470 15145
3 4472 15179 7273
3 15179 4472 7274
3 15179 15210 7273
3 15210 15179 7274
3 15213 7271 15212
3 7271 15181 15212
3 15182 7271 15213
3 7271 15182 4467
3 15181 7271 4467
3 7272 4469 4465
3 15181 7272 15212
3 15240 7218 7191
3 15240 4503 7218
3 7244 4500 15212
3 2211 12871 12856
3 10172 12871 2211
3 12871 12863 12856
3 12871 10172 12878
3 12863 12871 12878
3 12842 10185 12843
3 10185 10184 12843
3 12863 10185 12856
3 10185 12863 12857
3 10184 10185 12857
3 12856 10185 2204
3 10185 12848 2204
3 12848 10185 12842
3 10178 2208 12864
3 10191 2201 12836
3 2201 12837 12836
3 2209 12867 12852
3 12867 2209 10176
3 2202 10189 12852
3 10189 12851 12852
3 10113 12961 12960
3 12961 10113 12973
3 2250 12949 10124
3 12949 12943 12941
3 12943 12949 12935
3 10123 12949 12964
3 12949 10123 12950
3 10123 12964 2246
3 12950 10123 2246
3 10139 10130 12921
3 10149 10139 12921
3 12950 2241 12935
3 2241 12950 12936
3 2241 12936 10130
3 10150 10149 12904
3 2219 10160 2227
3 12886 10160 2219
3 10145 10155 12897
3 10154 2231 12915
3 2224 10164 12882
3 10164 12883 12882
3 10136 12914 10145
3 12914 10144 2231
3 12914 10155 10145
3 10155 12914 2231
3 12894 12889 12895
3 12889 12894 2220
3 2212 12857 12878
3 12872 2212 12878
3 2212 10184 12857
3 2212 12872 12879
3 2212 12879 12858
3 10184 2212 12858
3 10182 12860 2206
3 12860 10181 2206
3 12875 12860 12859
3 12860 10182 12859
3 12860 12875 2214
3 12861 12860 2214
3 10181 12860 12861
3 10121 10128 12944
3 2243 10128 10121
3 10128 12930 12944
3 12963 12958 2251
3 12958 12963 10121
3 12958 10121 2247
3 12957 12958 2247
3 2248 2243 10121
3 12963 2248 10121
3 10119 12969 12960
3 12973 10109 12985
3 10109 12984 12985
3 12984 10110 2255
3 10114 12959 12963
3 2248 12959 10120
3 12959 2248 12963
3 3098 13815 9119
3 9270 2915 9339
3 2915 9270 9196
3 9338 9269 13690
3 2915 9269 9338
3 9340 9405 9341
3 2849 9340 9339
3 9340 2849 9405
3 9118 3036 13815
3 3098 9118 13815
3 9118 3098 3099
3 9195 9269 2915
3 9403 2797 9466
3 9403 9404 2859
3 9404 9403 9466
3 2806 9402 9464
3 9272 13688 9341
3 13688 9340 9341
3 3088 3092 9123
3 13461 13411 9620
3 13461 9573 2699
3 13365 9706 9664
3 9663 13365 9664
3 2624 9663 9664
3 13411 2624 9664
3 9034 3162 13878
3 9029 3167 3168
3 13881 9029 3108
3 8879 14055 3214
3 8318 8404 3795
3 3663 8318 3795
3 3729 3663 3795
3 3663 3729 8233
3 8563 3467 14288
3 3530 3467 8642
3 3467 3530 14288
3 3805 8142 14536
3 3406 3407 8720
3 3499 14250 8529
3 14261 14260 3500
3 8604 14260 14261
3 8381 8464 3619
3 8377 3624 8460
3 14366 8377 8460
3 8377 3623 14429
3 8377 14366 3623
3 3624 14367 8460
3 14367 8459 8460
3 3493 3494 14247
3 3494 3493 8538
3 8461 3557 8462
3 3557 8461 14305
3 8538 3557 14305
3 14306 3558 8460
3 3558 8461 8460
3 8461 3558 14305
3 14308 14306 8459
3 8537 8538 14305
3 3558 8537 14305
3 8537 3558 14306
3 8537 3494 8538
3 3494 8537 14249
3 14249 8537 3495
3 4162 7649 4160
3 14902 4162 4160
3 7485 14948 4262
3 7835 7768 4003
3 4160 4051 3994
3 4051 14757 3994
3 14757 4051 7774
3 7774 3991 3996
3 7772 4054 4045
3 4054 7772 3989
3 3988 4054 3989
3 14543 8050 3816
3 8050 14543 8051
3 3479 14237 8553
3 3482 8550 8549
3 8550 14297 8549
3 14297 3545 8549
3 3545 14297 8473
3 14064 3227 3293
3 3288 8871 14060
3 13998 8871 3222
3 8871 14061 3222
3 14061 8871 3288
3 8870 14061 3289
3 14061 3223 3222
3 3223 14061 8870
3 9882 9846 13174
3 9882 13173 9846
3 13173 9882 2419
3 13139 9882 13174
3 2419 9882 13139
3 13103 2387 9951
3 2387 9950 9951
3 2387 13104 9950
3 9884 13172 2418
3 13172 9884 9848
3 9849 9885 13170
3 2451 9849 13170
3 9851 13207 9850
3 9851 13168 2450
3 2486 9851 2450
3 13207 9851 2486
3 13099 9955 2384
3 2417 9886 13170
3 9886 9850 13170
3 2330 13051 2333
3 13071 2330 2333
3 13070 10000 10001
3 13070 9985 10000
3 13071 2358 9956
3 9985 2358 13071
3 13070 2358 9985
3 9955 13072 9956
3 13072 9984 9956
3 13072 9955 2359
3 9984 13072 2336
3 13072 9983 2336
3 9983 13072 2359
3 2328 2334 9999
3 2334 9984 9999
3 9984 2334 2328
3 13287 13246 9774
3 9896 9895 13124
3 13159 9895 9896
3 13199 9858 13198
3 9858 13199 2446
3 13324 9741 2552
3 9701 13324 2552
3 9741 13324 13280
3 2505 2506 9782
3 13238 2505 9782
3 2516 2509 9781
3 2510 2509 2516
3 2509 13238 9781
3 9822 13195 2506
3 9822 2479 13195
3 9822 2510 2472
3 2479 9822 2472
3 2547 9705 13321
3 2549 13277 13321
3 2547 13277 13236
3 9742 9743 9702
3 9742 13279 9743
3 13277 9744 13236
3 9744 13277 2549
3 9542 13546 9541
3 9541 13546 2731
3 13493 2730 9542
3 13492 2730 13493
3 2730 13492 9543
3 13544 2730 9543
3 9542 2730 13544
3 2688 13494 9587
3 13493 13494 9588
3 9588 13494 13444
3 13494 2688 13444
3 13494 13493 9541
3 13494 9541 2731
3 9587 13494 2731
3 13548 2779 9486
3 2832 2779 13602
3 9365 9364 13604
3 13605 9364 9427
3 9366 2832 13602
3 13439 9592 2685
3 2643 13439 2685
3 13393 13392 9636
3 13392 13393 2604
3 2604 13393 13394
3 13393 9636 2644
3 13394 13393 2644
3 9636 13440 2644
3 13392 13440 9636
3 13440 13392 9637
3 13440 2643 2685
3 2643 13440 9637
3 13490 9545 9544
3 13490 9591 9545
3 13490 2686 9591
3 13489 2728 9591
3 13489 13440 2685
3 13440 13489 9591
3 9592 13489 2685
3 9546 13489 9592
3 13489 9546 2728
3 13143 9878 2422
3 9878 13143 13183
3 13179 9842 9841
3 13179 2423 9877
3 13180 13179 9841
3 13179 13180 2423
3 9843 2455 2491
3 2455 9844 13214
3 9804 2455 13214
3 2455 13181 9844
3 13181 2455 9843
3 9848 9808 9847
3 9808 13211 9847
3 9808 2524 13253
3 13211 9808 13253
3 13211 9807 2453
3 13254 9807 13253
3 9807 13211 13253
3 2490 9805 13214
3 9805 2526 13214
3 13257 9764 13298
3 2526 9764 13257
3 9806 9846 13212
3 9806 2454 9846
3 9806 13255 2526
3 9766 13254 13253
3 13295 9766 13253
3 9766 13255 13254
3 13148 2428 9907
3 2428 9872 9907
3 9833 13187 13186
3 9833 2464 13187
3 2461 9835 13184
3 9835 2461 9836
3 9835 9873 13184
3 13218 2457 13225
3 9801 13218 13225
3 13218 9801 2493
3 9840 13218 2493
3 13218 9840 2457
3 13217 9802 13225
3 13217 2492 9802
3 9842 13217 13225
3 2492 13217 9842
3 9437 2827 9375
3 9312 13653 13716
3 9311 9312 13717
3 9242 9311 13717
3 2770 13586 9444
3 9724 2563 13298
3 9724 13342 2563
3 9726 9766 13295
3 13536 9498 2772
3 9687 13339 9727
3 13339 9687 2599
3 13294 13338 9727
3 9767 13294 9727
3 2602 9682 9683
3 13344 9682 13345
3 9682 2602 13345
3 13586 9502 9445
3 9502 2769 9445
3 2769 9502 13531
3 9503 9504 13584
3 9503 2769 13530
3 13582 2820 9448
3 2820 13582 9386
3 2877 13648 9317
3 13649 2877 9317
3 13710 9316 9317
3 9316 13649 9317
3 13705 9250 9319
3 9383 9318 13648
3 2877 9383 13648
3 13643 13644 9387
3 13644 13643 9321
3 3116 9020 13891
3 3116 13892 9099
3 2992 13828 3053
3 13828 2992 13766
3 9250 2932 13768
3 2932 9250 13705
3 9321 13704 9320
3 14003 8948 8949
3 3169 8947 13943
3 8947 8948 14003
3 8948 8947 3169
3 9449 2819 9387
3 13582 9449 9386
3 13644 9449 9387
3 9449 13644 9386
3 9692 13379 13333
3 2767 13527 9506
3 13527 2767 9505
3 2767 13582 9505
3 9449 2767 9506
3 2767 9449 13582
3 2596 9691 13333
3 9691 2596 13334
3 9691 2558 13333
3 2558 9691 13334
3 2596 13380 13334
3 9770 13250 9811
3 13250 13208 9811
3 3124 13904 13907
3 4023 7813 7814
3 4023 14778 7813
3 14778 4023 7747
3 4022 4023 7814
3 4023 4022 7747
3 7960 3895 7961
3 14671 7955 14670
3 8368 14377 14368
3 8530 14309 14316
3 14309 8530 3569
3 2275 13007 2277
3 2275 2277 13021
3 2298 2275 13021
3 10042 2299 13024
3 2282 10042 13024
3 10042 13023 2299
3 10042 2282 13023
3 13022 10043 2279
3 10043 13022 2298
3 13022 2275 2298
3 2317 10024 13037
3 2317 13056 10024
3 2337 13074 9981
3 13074 2337 9982
3 2338 9996 9981
3 13056 9996 2338
3 9996 2337 9981
3 2337 9996 13055
3 2317 9996 13056
3 9996 2317 13055
3 13020 2293 2296
3 2317 10025 13055
3 13035 2297 2291
3 2297 13035 2293
3 2297 13020 2291
3 13020 2297 2293
3 13076 13077 9980
3 2362 13077 9951
3 13077 13076 9951
3 2363 13079 9949
3 2363 9948 13080
3 2363 9949 9948
3 9977 9992 2340
3 13079 9977 2340
3 2363 9977 13079
3 9992 9977 13080
3 9977 2363 13080
3 10057 13012 10056
3 13012 13014 10056
3 13011 10058 13018
3 13011 13012 10057
3 13011 2270 10058
3 2270 13011 10057
3 13012 13011 2284
3 13030 13011 13018
3 13017 10059 13010
3 10059 13001 2269
3 13001 10059 10058
3 10059 13017 10058
3 10060 13009 2269
3 13009 2282 13024
3 13015 13009 13024
3 13009 10059 2269
3 10059 13009 13015
3 13014 10038 2285
3 10038 13028 2285
3 13042 2301 13048
3 13041 13046 2319
3 10041 13015 13024
3 13039 10041 13024
3 13029 10041 13039
3 2283 13030 13018
3 13017 2283 13018
3 2283 13017 13010
3 2283 10041 13029
3 2300 13039 13044
3 2300 13029 13039
3 2300 13044 13040
3 13064 13059 2340
3 13059 13064 2319
3 9949 9978 9950
3 13079 9978 9949
3 2318 10023 13057
3 10023 2318 13039
3 13042 10019 13043
3 2320 10019 13042
3 10019 13062 13043
3 10019 2320 13061
3 10019 13061 13062
3 10020 13060 13065
3 13060 10020 13064
3 13060 9992 13065
3 13060 13064 9992
3 10020 13066 2320
3 13066 10020 13065
3 9992 13066 13065
3 9991 13066 9992
3 9749 13318 9748
3 13318 13319 9748
3 13314 13318 9749
3 13318 9709 13319
3 13318 13314 9709
3 9865 9866 13191
3 9865 13154 9866
3 13154 9865 2434
3 2434 9865 13192
3 9865 9827 13192
3 9865 13191 9827
3 13110 13142 9912
3 13142 13110 9913
3 13147 13142 9913
3 13142 13147 2421
3 9912 13142 9879
3 13142 2421 9879
3 9947 13108 9946
3 13108 13114 9946
3 13114 13108 9914
3 13114 13115 9946
3 2390 13115 9914
3 13115 13114 9914
3 9947 2364 9948
3 9976 2364 13085
3 2364 9976 9948
3 13082 13087 9947
3 13087 2364 9947
3 2364 13087 13086
3 13146 9880 2421
3 13147 13146 2421
3 13146 13147 9913
3 9880 13176 2421
3 13176 13181 2421
3 13176 9880 9844
3 13181 13176 9844
3 2420 13140 9881
3 13175 2420 9881
3 2420 13175 9880
3 13140 2420 9914
3 13194 9866 2433
3 9867 13194 2433
3 9866 13194 13190
3 13194 9829 13190
3 13194 9830 9829
3 13228 2465 2462
3 9790 2465 13228
3 2465 9790 9831
3 13188 2465 9831
3 2462 2465 13188
3 9831 2500 13229
3 9790 2500 9831
3 13269 2534 9753
3 2534 9790 2533
3 2534 2500 9790
3 2534 13268 9753
3 13268 2534 2533
3 2500 2534 13229
3 2534 9789 13229
3 2534 13269 9789
3 13309 13268 9754
3 13268 13309 9714
3 9715 13309 9754
3 2568 13309 9715
3 9714 13309 13353
3 13309 2568 13353
3 2569 13310 9714
3 13122 13119 9937
3 13122 2398 13119
3 13116 2397 9906
3 2399 13116 9906
3 2397 13116 9940
3 9938 9969 9940
3 13116 9938 9940
3 9938 13116 2399
3 9938 2369 9969
3 9938 9937 2369
3 2430 9870 2425
3 13149 2430 2425
3 2430 9872 9870
3 2430 13149 9872
3 9905 2396 2400
3 2396 9905 2398
3 2396 9937 2400
3 2396 13122 9937
3 13122 2396 2398
3 2427 13188 2429
3 2427 2431 13188
3 13151 2427 2429
3 9905 2427 13151
3 2431 2427 9905
3 10074 13000 2269
3 13038 13039 2299
3 13038 10023 13039
3 13038 2299 13037
3 10024 13038 13037
3 10023 13038 10024
3 14578 8095 3844
3 14578 8094 8095
3 7666 14807 7727
3 14856 7666 7727
3 14807 7666 7607
3 7666 7665 7607
3 8014 14578 3844
3 4090 14796 7731
3 14796 4090 7730
3 7730 4090 14848
3 4090 14847 14848
3 14895 14899 7608
3 14899 14895 4145
3 7668 14899 4145
3 7398 7353 15071
3 7353 7398 4338
3 7499 7552 14981
3 14938 7552 14990
3 7552 7499 14990
3 14846 7668 4145
3 4089 14846 7731
3 14846 4089 7668
3 4197 7609 14938
3 7609 4197 14897
3 7729 14856 7727
3 14805 7729 7727
3 7795 7793 14746
3 14807 14806 7727
3 7793 14806 14807
3 14806 14805 7727
3 14806 7795 14805
3 7795 14806 7793
3 7798 4033 14795
3 14794 4033 7799
3 4033 14794 7732
3 14795 4033 7731
3 4033 4089 7731
3 4089 4033 7732
3 3974 7868 14742
3 7868 3974 14685
3 7868 7798 14742
3 7733 14844 7732
3 14794 7733 7732
3 7733 14794 14793
3 14792 7733 14793
3 7733 7734 14843
3 7733 14792 7734
3 14792 7800 7801
3 7800 4032 7799
3 14740 7800 7799
3 7800 14793 4032
3 7800 14792 14793
3 7800 14739 7801
3 14571 14570 8021
3 14630 7941 7940
3 14630 3910 8018
3 3910 14630 7940
3 14626 14627 8021
3 14627 14626 7943
3 8019 8020 14628
3 8020 8019 14572
3 8019 14630 8018
3 14743 7867 14742
3 3974 7867 14686
3 7867 3974 14742
3 7867 14687 14686
3 14802 4034 7730
3 14797 14802 7730
3 14802 14797 4034
3 3910 14631 8017
3 14631 3910 7939
3 7795 7794 14805
3 14744 14743 7796
3 14750 14744 7796
3 7671 4087 14842
3 4087 7735 14842
3 7734 4087 14843
3 4087 7671 14843
3 7803 4030 14790
3 7804 4030 7803
3 7801 14791 7734
3 14791 4087 7734
3 4087 14791 7735
3 8023 8024 14624
3 14623 8024 8025
3 7945 14681 14682
3 14681 7945 14624
3 7946 14681 14624
3 3971 7946 14680
3 7946 3971 14681
3 7944 14626 3907
3 8024 3838 14567
3 3838 8024 8023
3 8443 3568 14325
3 8442 3568 8443
3 14386 8442 8443
3 8103 14570 3773
3 14570 8103 3839
3 8022 8023 3907
3 14626 8022 3907
3 8022 14626 8021
3 14570 8022 8021
3 8022 14570 3839
3 14679 7873 14680
3 7873 3971 14680
3 14736 7873 7874
3 7873 14679 7874
3 7947 14679 14680
3 7946 7947 14680
3 7947 7946 14623
3 14679 7948 14678
3 7949 7948 14621
3 7948 7949 14678
3 7947 7948 14679
3 14840 4141 7673
3 7615 14887 4140
3 14887 14838 4140
3 14887 7674 14838
3 14679 3970 7874
3 3970 14679 14678
3 7804 14735 4029
3 14735 7805 4029
3 14735 14734 7805
3 14735 14736 7874
3 14735 7804 14736
3 3970 14735 7874
3 14735 3970 14734
3 7949 14677 14678
3 7806 7805 14733
3 7738 14837 14838
3 14837 7738 7739
3 4243 14929 7560
3 14929 14928 7560
3 14886 7615 4140
3 7615 14886 7616
3 14834 4138 7678
3 14834 4083 7741
3 4083 7678 14835
3 4083 14834 7678
3 15177 15209 7246
3 7246 15209 7219
3 15209 7247 7219
3 4460 15209 15177
3 7247 7279 15208
3 15209 7279 7247
3 7279 15209 4460
3 7279 4460 15139
3 4496 15239 15208
3 4496 7248 15239
3 7279 4496 15208
3 7249 15230 7221
3 4418 15097 4378
3 15096 4418 4378
3 15131 7318 15094
3 15132 7318 15131
3 7318 7359 15094
3 7318 15132 4417
3 7315 15098 15097
3 4418 7315 15097
3 14928 4191 7618
3 4191 14884 14883
3 7618 4191 14883
3 15016 7455 7456
3 7455 7507 7456
3 7507 7455 4290
3 7455 15017 4290
3 15017 7455 15016
3 15056 4333 7406
3 4333 15056 7405
3 4333 15015 7406
3 15015 4333 7405
3 4380 7355 15099
3 4420 4380 15099
3 4380 4420 15144
3 7354 4380 15144
3 15066 7354 15062
3 15066 4380 7354
3 15066 15062 4337
3 7400 15066 4337
3 4551 7199 15255
3 7199 4551 7198
3 15255 7199 4522
3 7199 7226 4522
3 7226 7199 4523
3 7199 7198 4523
3 15336 15334 4602
3 15331 15336 15337
3 15331 15334 15336
3 4604 7149 7126
3 7149 4603 7126
3 7149 4579 15309
3 7149 4604 4579
3 15308 7150 4578
3 7150 15308 4602
3 7150 4602 15335
3 7150 15335 4627
3 4603 7150 4627
3 4552 15283 15256
3 15283 15286 15256
3 15286 15283 4579
3 7171 4553 15256
3 4553 7171 4580
3 7234 4513 4514
3 4513 7234 15220
3 15249 4513 7208
3 4515 7234 4514
3 4545 4546 7204
3 15279 4545 7178
3 4546 4545 15279
3 4520 4519 7201
3 4519 7202 7201
3 7230 4519 15223
3 15253 7203 4547
3 15280 15253 4547
3 15253 15280 7202
3 7203 15253 4518
3 15253 7230 4518
3 4519 15253 7202
3 15253 4519 7230
3 15328 7154 4598
3 15328 4623 7130
3 15328 7130 4599
3 7154 15328 4599
3 15328 4598 7131
3 4623 15328 7131
3 15306 4574 4573
3 7154 15306 4573
3 15306 7154 4599
3 7153 15306 4599
3 15306 7153 4574
3 3756 8124 14489
3 8044 3823 14548
3 3756 3823 8124
3 8041 3893 8040
3 3826 8041 8040
3 3893 8041 14607
3 14494 14492 3761
3 3892 7964 14607
3 8041 3892 14607
3 8042 3825 14549
3 3892 3825 8042
3 3825 3892 8041
3 4182 14875 4129
3 14875 4130 4129
3 14875 4182 7627
3 14876 4132 7685
3 14876 7626 4184
3 7625 14876 4184
3 4132 14876 7625
3 4324 7368 7414
3 15049 4323 7369
3 15049 7415 4323
3 15049 4324 7415
3 4324 15049 7368
3 15088 15049 7369
3 15049 15088 7368
3 15007 7416 4323
3 7420 15005 7471
3 7574 7521 14962
3 4494 15165 15197
3 4494 15197 7250
3 4494 15166 7282
3 15165 4494 7282
3 15165 4457 7283
3 7319 4457 15131
3 4457 7282 15131
3 4457 15165 7282
3 7283 4457 15130
3 4457 7319 15130
3 15227 4524 7224
3 15227 7225 4524
3 15227 7252 7225
3 7252 15227 15196
3 15227 15228 15196
3 4525 15227 7224
3 15228 15227 4525
3 4526 15258 7195
3 15258 4526 7223
3 15258 4554 7170
3 7169 15258 7170
3 7195 15258 7169
3 4553 7197 15256
3 15259 7197 4553
3 7197 4524 15256
3 7197 15259 4524
3 15228 7251 15196
3 7251 15165 15196
3 15165 7251 15197
3 15233 4526 15229
3 15197 15233 7250
3 15233 15229 7250
3 7252 15195 7225
3 15226 15195 7253
3 7225 15195 15226
3 15195 4492 7253
3 15195 7252 4492
3 15125 7291 4449
3 4366 15087 4367
3 4366 7370 4365
3 15087 4366 4365
3 7260 7232 7259
3 4448 7291 15125
3 15157 4482 7294
3 4482 15157 7262
3 7329 15087 4365
3 15087 7329 4406
3 4519 7229 15223
3 7229 4520 15224
3 7229 4519 4520
3 15009 4326 7412
3 7366 4326 7367
3 4326 15051 7412
3 15051 4326 7366
3 7462 15011 7461
3 15011 7462 7411
3 15126 4409 4450
3 15126 7325 4409
3 7325 15126 4451
3 7289 15126 4450
3 4451 15126 7289
3 4291 7453 7505
3 7453 4291 15018
3 7404 15016 4334
3 7404 15017 15016
3 15058 7404 4334
3 7454 7506 4290
3 15017 7454 4290
3 4291 7454 15018
3 7402 4335 15059
3 4335 7402 15018
3 15014 15013 7407
3 15013 15014 7458
3 15013 7408 7407
3 15013 7459 7408
3 7459 15012 7408
3 15012 7459 4287
3 4287 14969 7511
3 14969 7510 4240
3 7459 14969 4287
3 14969 7459 7510
3 14969 4240 7564
3 14969 4239 7511
3 4239 14969 7564
3 14972 7508 7456
3 7507 14972 7456
3 7508 14972 4242
3 4242 14972 7560
3 14972 7507 7560
3 14973 7506 4243
3 14973 4243 7560
3 7507 14973 7560
3 7506 14973 4290
3 14973 7507 4290
3 7509 14970 7458
3 14970 7509 4241
3 14970 4241 7563
3 7510 14970 7563
3 14971 7457 4289
3 7509 7457 14971
3 7457 15015 4289
3 7457 15014 15015
3 15014 7457 7458
3 7457 7509 7458
3 7620 14881 14880
3 14881 7620 4190
3 7620 14925 4190
3 7621 7620 14880
3 14925 7620 7621
3 14727 7882 14726
3 7812 14727 14726
3 4025 14727 7812
3 14727 14728 3966
3 4135 7683 14878
3 4135 4080 7683
3 7622 4135 14878
3 14879 4135 7622
3 4024 7812 14726
3 4024 14779 7812
3 7813 4024 14726
3 14779 4024 7746
3 4024 14778 7746
3 14778 4024 7813
3 4079 14829 7746
3 14829 4080 7746
3 4080 14829 7683
3 4133 14829 4079
3 7683 14829 4134
3 14829 4133 4134
3 7816 7886 4020
3 7749 7816 4020
3 7816 7749 4021
3 14723 7885 3963
3 14723 7816 4021
3 7816 14723 7886
3 7888 7818 14722
3 7818 4018 14775
3 7818 7888 14721
3 4018 7818 14721
3 3961 14665 3960
3 14665 3961 7962
3 3961 7961 7962
3 3895 14608 7961
3 14608 3894 7962
3 7961 14608 7962
3 3894 14608 8040
3 14608 3895 8040
3 3828 8038 8119
3 3828 8119 3761
3 4018 7751 14775
3 7750 4075 14827
3 4076 7750 14827
3 4130 7687 4129
3 7687 4130 14827
3 4075 7687 14827
3 7748 14828 4078
3 7409 15012 7460
3 15011 7409 7461
3 15053 7409 4330
3 7409 4286 7461
3 4286 7409 7460
3 7566 14923 7567
3 4236 7566 7567
3 7566 4237 7565
3 14923 7566 7565
3 7566 14967 4237
3 7566 4236 14967
3 14923 4186 7567
3 4133 4186 4134
3 14832 14831 7680
3 14831 14832 7744
3 14832 7680 4137
3 7681 4136 14880
3 14831 7681 14880
3 7681 14831 4081
3 14830 7681 4081
3 4136 7681 14830
3 7516 4234 14965
3 4281 7516 14965
3 7516 4282 7515
3 4327 15010 7412
3 15010 4327 7411
3 15051 4327 7412
3 4327 15051 7411
3 14966 7568 4234
3 14966 7516 7515
3 7516 14966 4234
3 7568 14966 4235
3 7514 14966 7515
3 4235 14966 7514
3 7361 15054 4375
3 15093 7361 4375
3 7361 15093 15054
3 4331 15053 7362
3 4331 15054 7408
3 4331 7362 15054
3 4331 7409 15053
3 15012 4331 7408
3 7409 4331 15012
3 15092 4414 7321
3 4414 4373 7322
3 4414 15129 7321
3 15129 4414 7322
3 7363 7364 4373
3 15053 4374 7362
3 4374 15092 7362
3 7363 4374 15053
3 4374 7363 4373
3 4414 4374 4373
3 4374 4414 15092
3 4412 15128 4413
3 4412 7323 15128
3 7323 4412 4371
3 12104 63 5169
3 63 12145 12144
3 63 5148 12138
3 5148 63 12144
3 12097 63 12138
3 63 12097 5169
3 63 12104 12143
3 12145 63 12143
3 5170 12103 12096
3 41 5170 12096
3 12103 12100 62
3 5170 12100 12103
3 12100 5170 41
3 12100 41 5190
3 12185 85 12182
3 12179 12185 12182
3 1646 11100 1620
3 5691 1646 1620
3 1697 5612 11223
3 5612 1697 11183
3 5636 1697 11144
3 1697 5636 11183
3 1697 5635 11144
3 1697 11184 5635
3 1698 5611 11224
3 11184 5611 1698
3 11224 5611 11223
3 5611 1697 11223
3 1697 5611 11184
3 11056 1588 5723
3 11056 5695 1588
3 11056 1616 5695
3 11056 1642 1616
3 5753 5752 1559
3 5752 5753 5723
3 5564 1746 1745
3 1746 5564 1767
3 1725 1746 1767
3 1746 1725 11266
3 1724 5584 11227
3 11266 5584 1724
3 1725 5584 11266
3 11190 5605 1703
3 5605 1725 1703
3 5678 1656 1630
3 1656 5678 1629
3 1656 11111 5652
3 11111 1656 1629
3 1655 11111 1629
3 11152 1680 5654
3 5743 10993 5744
3 11028 5743 5744
3 11028 5714 5743
3 5715 11028 5744
3 1623 11104 1650
3 5686 1623 1650
3 1623 1649 11104
3 1623 5687 1649
3 1623 11065 5687
3 1623 5686 11065
3 1597 5741 5712
3 11067 1597 5712
3 5741 5742 11030
3 5713 5742 11029
3 5742 5713 11030
3 1702 5630 11189
3 1702 5605 11190
3 11151 5629 11190
3 5629 1702 11190
3 11152 5628 1703
3 5628 11151 1703
3 1648 1621 11101
3 1674 5662 11144
3 11102 5662 1674
3 5662 1673 11144
3 1673 5662 11101
3 5662 1648 11101
3 1648 5662 11102
3 5718 11024 11061
3 1592 5718 11061
3 11024 5718 5747
3 5718 1592 5747
3 5658 1651 11105
3 1651 5658 11106
3 5234 14 12013
3 5197 14 5216
3 2148 11947 11950
3 11947 2148 5248
3 2148 11983 5248
3 5233 15 12014
3 5233 5250 11978
3 12013 5233 11978
3 15 5233 12013
3 5232 16 11980
3 11983 5232 11980
3 16 5232 12014
3 12091 12132 58
3 5155 12132 57
3 12132 5154 58
3 5154 12132 80
3 12058 12055 5192
3 12055 12058 5211
3 12055 5193 5192
3 12055 5211 5193
3 12058 12060 5210
3 12023 12021 5211
3 12021 12023 5230
3 12064 12099 5190
3 12064 5191 12099
3 12057 12064 5190
3 12064 12057 5209
3 19 12064 5209
3 12064 12018 5210
3 12018 12064 19
3 11988 5230 11990
3 11988 11989 5230
3 2168 11988 11990
3 11989 11988 2168
3 11924 11916 5265
3 5280 5279 2114
3 5280 11924 5279
3 5280 2114 11886
3 5280 11916 11924
3 2113 5280 11886
3 5280 11921 11920
3 5280 2113 11921
3 11889 11891 2112
3 11858 11889 5295
3 11891 11889 11858
3 11885 11894 5295
3 11894 11859 5295
3 11859 11894 2113
3 5281 11894 11885
3 2113 11894 5281
3 61 5171 12094
3 5171 61 12136
3 12135 61 12094
3 12136 61 5150
3 5151 61 12135
3 5150 61 83
3 61 5151 83
3 5581 11249 1731
3 11287 5581 1731
3 1709 5602 11210
3 11249 5602 1709
3 11420 5504 5505
3 5504 11420 1828
3 5503 5504 1828
3 5453 11501 5452
3 11483 1861 5456
3 5482 5468 1835
3 1860 5445 11482
3 1860 11508 5445
3 11262 11300 5567
3 11300 11262 5568
3 5589 1721 11223
3 5589 11262 1721
3 11222 5589 11223
3 11301 11337 5546
3 5494 1804 5509
3 1804 5494 5525
3 11371 1802 5509
3 11258 5592 5593
3 5494 5481 5525
3 5481 2082 5525
3 5481 1861 2082
3 5468 5481 1835
3 1861 5481 5456
3 5481 5468 5456
3 2059 5335 11808
3 2059 5336 5324
3 5323 2059 5324
3 5335 2059 5323
3 2080 11839 11835
3 11832 11839 2080
3 11839 5323 11835
3 11839 11832 5323
3 11699 11718 5386
3 11718 11699 11710
3 11686 11692 5397
3 11692 1955 5397
3 11692 11686 5399
3 5398 11692 5399
3 1947 5398 1946
3 11697 1947 1946
3 1947 11697 1954
3 1955 5393 11703
3 1954 5393 1955
3 5358 11762 2000
3 11762 11784 2018
3 11784 11762 11790
3 2000 11762 5357
3 11762 2018 5357
3 11742 5368 1982
3 11742 1999 5368
3 1999 5358 11744
3 5368 1999 11744
3 1967 11700 5392
3 11700 11693 5392
3 11693 11700 5391
3 5391 11700 11712
3 11711 11699 5386
3 11711 1967 11699
3 3853 8000 11488
3 7999 3922 11515
3 3922 7999 11514
3 8161 3719 11434
3 11435 3719 8160
3 3719 8245 11434
3 8245 3719 11435
3 11459 3785 11460
3 8079 11462 3786
3 3719 11462 8160
3 11462 3787 8160
3 11462 8079 3787
3 3782 8166 14530
3 3847 8085 14588
3 8085 3847 3782
3 8166 3714 14530
3 8253 14469 8339
3 3714 14469 8253
3 14469 3714 8166
3 8335 11430 8249
3 3717 11432 8248
3 11432 3717 8247
3 8333 11432 8247
3 8163 11459 11460
3 8163 3717 11459
3 3717 8163 11433
3 11431 8164 8248
3 8334 11431 8248
3 11458 3783 8083
3 3847 3850 8084
3 8004 3850 3847
3 3850 3783 8084
3 3787 3720 8160
3 3720 11435 8160
3 4198 11615 7791
3 14701 14643 7933
3 8174 14470 14462
3 8090 8093 14586
3 8091 8090 14586
3 14470 8172 14471
3 8009 8010 14645
3 13927 3140 8984
3 3140 13866 9063
3 13866 3140 9062
3 3140 13927 9062
3 3265 14049 8822
3 14048 8902 14047
3 8823 14048 14047
3 3264 14048 8823
3 8902 14048 13986
3 14048 8901 13986
3 8901 14048 14049
3 14049 14048 8822
3 14048 3264 8822
3 14108 8823 3326
3 14108 3264 8823
3 14108 3327 8822
3 3264 14108 8822
3 14223 8666 14222
3 14108 14165 3327
3 8666 14164 8667
3 14224 3451 8664
3 3451 14224 8585
3 3518 8502 14287
3 8503 3518 14286
3 13924 3138 3137
3 3136 13923 3137
3 13923 3136 8988
3 3136 9068 8988
3 9068 3136 13862
3 13924 8987 13983
3 8987 3196 13983
3 3196 8987 13923
3 8987 13924 3137
3 13923 8987 3137
3 14164 3387 8667
3 3263 8823 14047
3 8824 3263 14047
3 9142 3013 3014
3 9143 3013 9142
3 3073 3013 9143
3 3072 3073 3012
3 9144 3072 3012
3 14094 8757 14095
3 8991 9070 13919
3 8906 3195 13981
3 8989 3195 8988
3 3195 8989 13981
3 8260 8261 8347
3 8176 3711 14461
3 8175 3712 14460
3 8261 8175 14460
3 3711 14463 8262
3 8175 14463 3711
3 14463 8261 8260
3 14463 8175 8261
3 14396 3641 14397
3 8512 3574 14335
3 14334 3574 8512
3 8098 3842 14575
3 3842 8098 14574
3 14575 3842 8017
3 3842 14574 8017
3 8507 8508 14340
3 14400 3643 8430
3 3643 14400 14461
3 14402 8429 8430
3 3643 14402 8430
3 13985 3198 8985
3 8902 13985 14047
3 3198 13985 8902
3 12027 6975 6960
3 6958 12027 6960
3 7039 4719 11899
3 11898 4719 7039
3 4740 7004 11929
3 7004 4740 4753
3 11867 7059 4668
3 7059 11867 11841
3 7102 2043 2041
3 7103 7102 2041
3 11821 7100 7077
3 2047 7101 2048
3 7101 2047 2046
3 2044 7101 2046
3 7102 7101 2043
3 2049 11795 2048
3 7101 2049 2048
3 4711 11895 7042
3 11895 4711 4715
3 11695 7277 11694
3 7277 4462 11694
3 4462 7277 11695
3 7309 11690 1943
3 7309 4463 11690
3 7276 4462 11695
3 7276 11695 7275
3 4463 7276 7275
3 1944 7308 7275
3 7308 11690 7275
3 11690 7308 1943
3 7348 7309 1943
3 1914 7651 11609
3 7651 1906 11609
3 11657 7539 7540
3 7539 11643 7540
3 1930 5400 11659
3 1930 5402 5400
3 1930 11659 5401
3 11645 1924 5405
3 1924 11645 5401
3 11645 1930 5401
3 1930 11645 5402
3 5400 1935 7435
3 1935 5400 11658
3 7436 7487 11657
3 7487 1935 11658
3 1935 7487 7436
3 11670 7388 7435
3 1935 11670 7435
3 11670 1935 7436
3 7488 1934 11657
3 1934 7436 11657
3 7437 1934 7488
3 1934 11670 7436
3 4382 11681 7351
3 4339 7396 7397
3 7397 7396 11661
3 11661 7396 11662
3 7396 4340 11662
3 4340 7396 11672
3 7396 4339 11672
3 7850 11564 3986
3 7781 11564 4043
3 11565 7780 7848
3 11635 11636 7601
3 11633 4248 7549
3 4248 11633 7550
3 11541 7920 11518
3 7921 11541 11518
3 11541 7850 3986
3 11583 7783 7784
3 7783 11563 7851
3 11563 11564 7850
3 1874 1863 7992
3 1863 1874 7991
3 1862 1873 7992
3 1914 7652 11626
3 7652 1914 11609
3 4296 7444 7496
3 11649 4296 7496
3 7444 4296 11661
3 4296 7445 11661
3 7445 4296 7497
3 4296 11649 7497
3 6904 524 6885
3 524 6904 12151
3 6904 525 12151
3 476 6940 484
3 6938 12069 486
3 6972 6955 12031
3 12030 6955 6972
3 6955 468 12031
3 6955 6938 468
3 6956 467 12029
3 467 12030 12029
3 467 6956 463
3 467 6955 12030
3 12068 467 463
3 467 12068 6939
3 6955 467 6938
3 12069 467 6939
3 467 12069 6938
3 6930 12118 12077
3 12118 44 6913
3 44 12118 6930
3 66 12159 44
3 12159 67 6913
3 12160 67 90
3 6876 111 6857
3 12202 6894 90
3 6894 12202 6893
3 6894 6893 68
3 12160 6894 68
3 6894 12160 90
3 5146 12161 91
3 69 12161 5146
3 12161 6893 91
3 6893 12161 68
3 12118 45 12077
3 45 12118 6913
3 67 45 6913
3 24 12078 12039
3 12122 48 5166
3 48 12122 12081
3 5187 48 12081
3 5225 12004 6
3 5224 5225 12042
3 12004 5225 5224
3 5207 27 12042
3 27 5207 5187
3 27 5187 12081
3 5186 27 12081
3 5 5227 5208
3 5207 12041 26
3 12041 5208 26
3 5208 12041 5226
3 12003 12041 6
3 12041 12003 5226
3 12041 5225 6
3 12041 5207 12042
3 5225 12041 12042
3 5227 12040 5208
3 4719 7020 11899
3 2117 11901 7018
3 11901 2116 7018
3 6980 6981 4
3 6981 6980 11966
3 2154 6981 11966
3 11965 6981 2154
3 3 11965 6982
3 6981 11965 3
3 6935 12072 489
3 488 12072 6936
3 6936 12072 470
3 12072 6935 470
3 6917 12073 489
3 12073 6917 12115
3 6917 509 12156
3 6917 510 12115
3 510 6917 12156
3 6934 6935 489
3 12073 6934 489
3 6950 12035 6968
3 12034 6950 6968
3 6950 21 12035
3 21 6950 6933
3 4739 7006 11926
3 4731 4739 11926
3 4739 4731 7006
3 4752 7006 4742
3 4752 6989 11959
3 11993 6989 6990
3 11960 6987 4753
3 11960 453 6987
3 452 6971 11994
3 6971 452 11993
3 452 6989 11993
3 11959 452 11994
3 6989 452 11959
3 11961 7004 4753
3 6987 11961 4753
3 6986 11961 6987
3 12038 6964 12000
3 6964 3 12000
3 6965 12038 12000
3 2 6965 12000
3 6931 43 12117
3 12075 43 6931
3 6932 21 12074
3 6932 12075 22
3 6932 43 12075
3 12072 6918 489
3 509 6899 12156
3 7192 5384 1944
3 7192 1944 7275
3 1985 7192 7275
3 5393 11701 11704
3 11697 11701 1954
3 11701 5393 1954
3 1950 5394 1952
3 5394 1945 1952
3 5394 11697 1945
3 11696 5394 1948
3 5394 1950 1948
3 11847 5307 5321
3 2071 5334 11822
3 5307 2072 5321
3 5273 11909 11908
3 11909 5273 2124
3 5273 11940 2124
3 11972 5257 2159
3 5257 2141 2159
3 5257 5256 2142
3 11940 5257 2142
3 5257 5273 2141
3 5273 5257 11940
3 5275 2122 11907
3 2122 5274 11907
3 2141 11939 5258
3 11939 5274 5258
3 5273 11939 2141
3 5272 5271 11910
3 11909 5272 11910
3 5272 11909 2124
3 11940 5272 2124
3 5286 11911 11881
3 2106 5289 11908
3 12006 5222 9
3 5241 12006 9
3 12044 12006 5223
3 12006 12044 5222
3 74 12166 96
3 74 73 12166
3 74 96 12167
3 74 12167 5161
3 5142 95 12166
3 73 5142 12166
3 5143 5142 12165
3 5142 5163 12165
3 5142 73 5163
3 5142 5143 12207
3 95 5142 12207
3 12083 12124 5184
3 29 12083 5184
3 12010 5237 5219
3 5237 12010 12
3 5218 12010 5219
3 12010 5218 12
3 5239 5238 2161
3 5239 10 5238
3 5221 5202 12046
3 5202 5221 12045
3 5221 12007 12045
3 10 11 5238
3 2162 5237 11975
3 2162 11974 5237
3 5200 32 5180
3 12087 5200 5180
3 5200 12048 5219
3 5200 33 12048
3 33 5200 12087
3 5218 5199 12049
3 5199 5218 12048
3 33 5199 12048
3 12049 5199 12088
3 5199 5179 12088
3 5199 33 5179
3 12126 12085 52
3 74 12126 52
3 12126 74 5161
3 12085 53 5181
3 12086 53 12127
3 53 12086 5181
3 53 5160 12127
3 53 12126 5161
3 12126 53 12085
3 75 53 5161
3 53 75 5160
3 6998 11934 2136
3 11934 6998 2155
3 2154 6998 2136
3 6998 2154 11966
3 6998 6980 2155
3 6980 6998 11966
3 11935 5262 5261
3 5262 11935 2137
3 11935 2138 5277
3 2138 11935 5261
3 5245 5262 2155
3 12003 5245 5
3 12043 12044 5223
3 12043 5205 12044
3 28 5186 12082
3 11937 5259 5275
3 2139 5276 11936
3 2139 11937 5276
3 5259 2139 2157
3 2139 5259 11937
3 12004 7 5243
3 7 12004 5224
3 11807 11812 5336
3 2058 11812 11811
3 11812 2058 5336
3 11812 2037 11811
3 11812 11807 2037
3 11807 5346 11784
3 2018 5346 2038
3 11784 5346 2018
3 5347 11807 11784
3 11807 5347 2037
3 5347 11784 11790
3 11806 11815 2037
3 11815 11806 5337
3 2058 11815 5337
3 5347 11793 2037
3 9669 2611 13362
3 13358 9669 13362
3 9669 9670 2611
3 9670 9669 13358
3 13275 13276 2536
3 2536 13276 9787
3 13272 13276 9749
3 13276 2503 9787
3 13276 13272 2503
3 13276 13317 9749
3 13317 13276 13313
3 13276 13275 13313
3 13559 9475 9528
3 2740 13559 9528
3 13559 9529 9476
3 13559 2740 9529
3 13867 9061 3077
3 9061 13868 3077
3 9061 3142 13868
3 9061 13928 3142
3 9057 13871 3144
3 3079 13870 3020
3 9481 13554 9482
3 13554 9481 2783
3 9580 2693 13452
3 9580 2692 13501
3 2692 9580 13452
3 9580 13502 2693
3 13502 9580 9534
3 2652 2694 9624
3 2694 2652 13453
3 13405 2652 13409
3 2652 9624 13409
3 9625 2652 13405
3 13453 2652 9625
3 2694 9578 13454
3 13503 9578 2694
3 13805 3016 9139
3 3016 13805 9140
3 3016 3076 9139
3 3016 9140 13866
3 3076 3016 13866
3 13740 2955 9216
3 2955 13740 2954
3 9215 13805 2956
3 9215 2956 9285
3 9141 3015 2954
3 3014 9141 13803
3 3015 9141 3075
3 9217 13740 9287
3 13740 9217 2954
3 9288 9217 9287
3 9217 9288 2953
3 9217 9141 2954
3 9217 2953 13803
3 9141 9217 13803
3 2953 9218 9142
3 9142 9218 2952
3 9218 13739 2952
3 9218 9288 13739
3 9288 9218 2953
3 9221 9291 13736
3 13860 9146 13799
3 2951 13738 9290
3 9219 13738 2951
3 13738 9289 9290
3 13738 9219 9289
3 9290 2893 9357
3 13675 2893 9290
3 9356 2893 13675
3 9293 13734 9223
3 13735 9293 9223
3 9293 13671 9294
3 13734 9293 9294
3 13672 9293 13735
3 9146 2948 13799
3 2948 9223 13799
3 2948 13735 9223
3 13921 8989 13922
3 3071 9068 13862
3 9144 3071 13862
3 9068 3071 13861
3 8842 3248 14088
3 14150 14151 8758
3 14094 14151 8757
3 14093 14150 8758
3 3186 8920 13968
3 9001 3186 13968
3 13972 8914 3190
3 13909 9001 13968
3 14264 3502 8523
3 14265 14264 8523
3 3437 8683 14203
3 8602 14262 14263
3 8444 14384 8443
3 13311 2570 9712
3 2570 13311 9752
3 9752 13311 13270
3 13311 9751 13270
3 13311 9712 9751
3 2828 13596 2775
3 13488 9546 9592
3 9546 13488 2727
3 13439 13488 9592
3 13488 13439 13438
3 9638 2643 13391
3 9638 13391 13390
3 13438 9638 13390
3 9638 13439 2643
3 13439 9638 13438
3 2642 13438 13390
3 13659 9303 9371
3 2883 13659 9371
3 2776 9491 13543
3 9492 2776 13543
3 9435 2776 9492
3 2776 9435 13597
3 9432 2830 9369
3 2830 9433 9369
3 13544 2777 9490
3 9491 2777 13544
3 9159 2940 13785
3 3000 9159 13785
3 9540 13495 2731
3 13495 9587 2731
3 13495 13496 9586
3 13495 9540 13496
3 13495 9586 13445
3 9587 13495 13445
3 9585 13447 13496
3 13496 13447 9586
3 13447 2689 2647
3 13447 9585 2689
3 9631 13447 2647
3 13731 9225 9295
3 9225 13731 13795
3 13458 2653 13454
3 2653 13458 13459
3 9578 13458 13454
3 13406 2653 9623
3 2653 13406 13410
3 13410 13406 2613
3 13406 2614 2613
3 2614 13406 9623
3 2654 9622 13407
3 9622 2654 13408
3 2654 13456 13408
3 2697 9575 13457
3 2655 2697 13457
3 13456 2697 2655
3 2783 13555 9533
3 9480 9423 2836
3 2784 9480 2836
3 9423 9480 2783
3 9480 13555 2783
3 13555 9480 2784
3 14348 3583 8502
3 3518 14348 8502
3 14348 3518 8503
3 3583 14348 8423
3 1020 10081 2261
3 10081 1020 10395
3 10089 961 10393
3 961 10099 10071
3 10393 961 10071
3 1340 9746 10745
3 9746 5998 10745
3 5998 9746 1365
3 9746 1340 1339
3 9746 1339 1338
3 1365 9746 1338
3 3273 11196 11193
3 11406 8330 8415
3 3270 8816 14114
3 3332 8738 14114
3 3269 3332 14114
3 14171 8659 3394
3 8738 14171 3394
3 8892 3272 11193
3 3272 8892 11192
3 11191 3270 8815
3 3271 11191 8815
3 11192 11191 3271
3 11191 8894 14054
3 8816 11191 14054
3 3270 11191 8816
3 3651 11432 8333
3 3651 8334 8248
3 11432 3651 8248
3 3652 11404 8333
3 11404 3652 8332
3 3334 8736 11230
3 3334 3271 11229
3 11275 8656 3398
3 8734 11275 3398
3 3520 3458 8577
3 3458 8656 8577
3 8656 3458 3398
3 13931 8979 3203
3 8978 13931 3203
3 8979 13931 3144
3 13931 8978 3144
3 13932 3204 8977
3 13932 9057 3144
3 8978 13932 3144
3 3204 13992 8977
3 8977 13992 11112
3 8974 3207 11120
3 3149 11116 9051
3 11116 8971 9051
3 11116 11157 8971
3 11116 11121 8972
3 11121 11116 3149
3 11080 3149 9051
3 11041 11080 9051
3 3084 11080 11041
3 9052 3084 11076
3 3149 9052 11076
3 9052 11080 3084
3 11080 9052 3149
3 8811 3274 11238
3 3274 8811 11199
3 8811 8810 8889
3 11156 3209 8972
3 11116 3209 11157
3 3209 11116 8972
3 11157 3209 8889
3 3209 11199 8889
3 11196 11160 11158
3 2742 9523 13510
3 13564 9523 2742
3 9523 2743 13510
3 9523 13565 2743
3 9523 13564 2795
3 9469 9523 2795
3 13565 9523 9469
3 9411 13622 9470
3 13622 13626 2795
3 9470 13622 2795
3 2846 9411 2900
3 2846 13622 9411
3 13622 2846 13626
3 2791 2794 13563
3 2794 2791 13621
3 2845 13681 9349
3 9350 13681 2845
3 2842 9350 2845
3 13619 2842 2790
3 9471 9412 2793
3 9412 13621 2793
3 9412 2845 13621
3 9412 9471 2790
3 2842 9412 2790
3 9412 2842 2845
3 2895 13677 9287
3 13677 2895 9354
3 9286 2895 9287
3 2895 9286 9354
3 13613 2894 9355
3 2894 9288 9355
3 2897 13678 9285
3 13678 2897 9352
3 13679 2897 9285
3 2897 13679 9352
3 2896 13678 9353
3 9286 2896 9353
3 13678 2896 9285
3 2896 9286 9285
3 2740 13506 9529
3 13506 2740 9575
3 2697 13506 9575
3 13506 2697 13456
3 2957 13807 9213
3 13807 2957 9138
3 13743 2957 9213
3 13806 2957 9214
3 2957 13806 9138
3 9214 2957 9284
3 2957 13743 9284
3 9137 13807 9138
3 13807 9137 3018
3 13868 9137 3077
3 9137 13868 3018
3 9059 13870 3079
3 9059 8979 3144
3 13870 9059 3144
3 3142 9060 13868
3 9060 3078 13868
3 13809 9135 3020
3 13809 9211 2959
3 9135 13809 2959
3 13809 9210 9211
3 13809 2960 9210
3 13807 9136 2958
3 9136 13807 3018
3 3078 9136 3018
3 13745 9212 2959
3 9212 13744 2958
3 9282 13745 2900
3 9282 2900 9349
3 9212 9282 13744
3 9282 9212 13745
3 13681 9282 9349
3 13744 9282 9283
3 9282 13681 9283
3 9279 13684 13687
3 2902 13684 9279
3 13687 13684 9346
3 13684 2902 9346
3 13811 2961 9209
3 11004 9278 9279
3 11006 11004 9279
3 9278 11004 2962
3 13747 11006 9279
3 13749 13747 9279
3 13747 13749 9209
3 2961 13747 9209
3 13747 2961 11006
3 13748 9280 13746
3 13748 13749 9280
3 2960 13748 13746
3 13748 13811 13749
3 3145 9056 9057
3 3145 13932 8977
3 13932 3145 9057
3 3145 8977 11112
3 3146 3145 11112
3 9056 3145 3146
3 8975 11113 3206
3 8975 11117 11113
3 11042 11038 3021
3 2961 11038 11042
3 11038 2961 13811
3 13810 13748 2960
3 13748 13810 13811
3 11039 9131 2962
3 13627 9348 13628
3 9348 13627 13626
3 9348 9410 13628
3 9348 2901 9410
3 2846 9348 13626
3 9348 2900 13682
3 9348 2846 2900
3 9347 13683 13686
3 2901 13683 9347
3 13683 9280 13686
3 13683 2901 9280
3 10194 12829 10195
3 10194 10195 12843
3 2198 10194 12844
3 10194 2198 12830
3 10194 2205 12844
3 2205 10194 12843
3 12816 2190 10206
3 2190 12816 12815
3 12816 10216 12815
3 10215 10205 12830
3 10205 10194 12830
3 10194 10205 12829
3 12831 10193 10203
3 2192 12831 10203
3 12831 2198 10193
3 12818 10215 12830
3 2192 12818 12830
3 12818 2192 10214
3 10215 12818 12806
3 12818 10214 10224
3 12806 12818 10224
3 2323 10016 2322
3 10016 10036 2322
3 2306 10523 2324
3 10523 2323 2324
3 10523 10016 2323
3 2304 10523 2306
3 10523 2304 10036
3 10016 10523 10036
3 2287 2290 10456
3 10035 2287 2289
3 10053 2287 10456
3 2289 2287 10053
3 10524 2306 2326
3 10524 2307 2306
3 10524 2326 10015
3 2327 10524 10015
3 10014 10524 2327
3 10524 10014 1106
3 10524 1106 10034
3 2307 10524 10034
3 10490 10035 2306
3 2307 10490 2306
3 2287 10490 2290
3 10490 2287 10035
3 2290 10490 10034
3 10490 2307 10034
3 10036 10489 2289
3 2304 10489 10036
3 10489 10035 2289
3 10035 10489 2306
3 10489 2304 2306
3 10560 10011 1137
3 1138 10011 10560
3 1109 10011 1138
3 10495 1110 10529
3 1081 10461 10460
3 10461 10047 10460
3 1051 10048 10460
3 10047 1051 10460
3 10048 1051 10427
3 10427 1051 10064
3 1051 10047 1052
3 1051 10428 10064
3 10428 1051 1052
3 1078 1077 10033
3 10051 1078 10458
3 1077 1078 10051
3 1049 10050 10459
3 10050 1079 10459
3 10050 1048 10458
3 1078 10050 10458
3 10050 1078 1079
3 10050 10425 1048
3 10425 10050 1049
3 1079 10493 10459
3 10013 10525 1135
3 10013 1107 10525
3 10558 10013 1135
3 1080 10494 10460
3 10494 1080 10030
3 10459 1080 10460
3 10493 1080 10459
3 1080 10493 10030
3 10079 1021 10066
3 1021 10425 10066
3 1021 1020 10067
3 10425 1021 10067
3 1222 1223 9934
3 1223 10623 9934
3 10623 1223 1224
3 1224 1223 9901
3 1223 1222 9901
3 9933 1225 1226
3 10623 1225 9933
3 1225 10623 1224
3 1225 9900 1226
3 1225 1224 9900
3 10006 10590 1164
3 10558 10006 1164
3 10006 10558 1135
3 10006 10557 2348
3 10014 10006 1135
3 10006 10014 10557
3 10656 9863 1257
3 1256 9863 10656
3 9863 10686 1257
3 9863 1256 10686
3 958 6425 956
3 958 6401 10362
3 6401 958 956
3 958 10362 932
3 6425 958 932
3 10514 10480 1098
3 10514 1099 10480
3 1099 10514 6270
3 6270 10514 1127
3 6271 10514 1098
3 10514 6271 1127
3 10586 6208 1189
3 6208 10586 10585
3 6208 6179 1189
3 6266 1102 10518
3 6266 10518 10552
3 1131 6266 10552
3 1102 6266 10519
3 6266 1131 10519
3 1160 10586 6237
3 6238 1160 6237
3 10586 1160 10585
3 1161 10587 6236
3 10587 1161 6207
3 1190 10587 6207
3 1162 10554 6236
3 1162 10555 10554
3 10555 1162 6235
3 10587 1162 6236
3 1162 10588 6235
3 10684 1252 6120
3 1252 6119 10653
3 6119 1252 10684
3 1162 6206 10588
3 6206 10587 1190
3 6206 1162 10587
3 6378 10388 10420
3 10391 6378 10420
3 987 10389 989
3 987 10391 10389
3 987 989 10361
3 987 6378 10391
3 10359 6404 986
3 6404 10359 10358
3 6404 984 986
3 6404 10358 984
3 10360 955 6426
3 988 955 10360
3 985 6403 986
3 6403 10359 986
3 988 6403 985
3 6403 988 10360
3 10359 6403 6427
3 6403 10360 6427
3 10387 6379 985
3 988 6379 1017
3 6379 988 985
3 6379 10419 1017
3 10419 6379 10387
3 1016 10387 6380
3 10387 1016 6353
3 1016 10418 6353
3 1014 1016 6380
3 10418 1016 1014
3 10450 6325 1072
3 6325 1044 6352
3 6325 10450 1044
3 6298 10448 6327
3 6298 6327 1070
3 6299 6298 1070
3 6298 6299 10481
3 6354 1015 10417
3 1015 6354 1014
3 10548 6242 10549
3 10548 6270 1127
3 6270 10548 10549
3 6242 10548 10581
3 10548 6271 10547
3 6271 10548 1127
3 6240 1158 10583
3 1158 10550 6241
3 1158 6240 10550
3 1187 6210 10583
3 1159 6240 10583
3 6210 1159 10583
3 6240 1159 10551
3 1246 6155 10645
3 6155 1246 10646
3 10582 6241 1157
3 6212 10582 1157
3 10582 1158 6241
3 10576 1153 6247
3 6246 1153 10577
3 1153 6217 10577
3 6217 1153 10576
3 10580 6244 10579
3 6244 10580 10547
3 6213 10580 6214
3 10610 6187 1182
3 6158 10610 1211
3 10612 6186 1213
3 6186 10612 6215
3 1095 6274 10477
3 1095 6303 10476
3 1095 10477 6303
3 1095 10476 10509
3 10511 6273 1096
3 6274 10511 1096
3 6273 10511 1125
3 6245 10545 1154
3 10545 6245 1125
3 10545 6246 1154
3 10511 10545 1125
3 10545 10511 6274
3 10545 6274 1124
3 6246 10545 1124
3 6158 6159 10642
3 6159 6158 1211
3 6159 1242 10642
3 6159 1211 10609
3 1210 6159 10609
3 6160 6159 1210
3 1241 10639 6133
3 1240 10639 6162
3 10639 6161 6162
3 10639 1241 6161
3 10639 6134 6133
3 6134 10639 1240
3 10641 6160 10640
3 10641 10640 6132
3 1242 10641 6132
3 10641 6159 6160
3 6159 10641 1242
3 1269 6104 10701
3 10700 6104 10670
3 6104 1269 10670
3 10439 6334 1037
3 6334 10440 1037
3 6334 10439 1065
3 10440 6334 1065
3 10441 10440 1066
3 10440 10441 6333
3 6411 978 6388
3 978 6411 950
3 10332 6449 6431
3 6449 10331 6431
3 10331 6449 929
3 6449 10332 930
3 10317 6449 930
3 6449 10316 929
3 10316 6449 10317
3 6448 10333 930
3 10332 6448 930
3 6448 10332 10333
3 952 6409 10354
3 10354 6409 981
3 6409 10353 980
3 6409 6386 981
3 6386 6409 980
3 10353 6409 6431
3 6409 952 6431
3 911 10301 6464
3 10301 910 6464
3 910 10301 6478
3 10301 911 10302
3 897 10301 10302
3 10301 897 6478
3 6491 6504 10289
3 897 6491 10289
3 6504 6491 6515
3 6491 6477 6515
3 6491 897 6477
3 10660 6142 1232
3 6143 10660 1232
3 10660 6143 1261
3 6114 10660 1261
3 10660 1262 6142
3 1262 10660 6114
3 6050 1347 6049
3 6050 1320 1347
3 1320 6050 10724
3 6050 1293 10724
3 6141 10661 6113
3 10661 1262 6113
3 1262 10661 6142
3 6142 1233 1232
3 1233 6171 1232
3 10661 1233 6142
3 1233 10661 6141
3 10631 1203 6170
3 10631 6169 1203
3 6051 1292 10723
3 1292 1320 10724
3 1292 6051 1320
3 1293 1292 10724
3 1292 6081 10723
3 6081 1292 10695
3 1207 10603 10602
3 6195 1207 10602
3 1207 6195 1206
3 10635 10667 10636
3 10635 1237 10667
3 6107 1266 10697
3 6107 6077 10698
3 6077 6107 10697
3 6107 10668 6137
3 1266 6107 6137
3 10433 6343 1057
3 1058 10433 1057
3 10597 1202 6200
3 1201 10597 6201
3 1202 10597 1201
3 10596 1201 6201
3 1200 10596 6202
3 10399 6374 997
3 6374 10399 1025
3 6346 10429 1054
3 10531 1112 6260
3 10397 995 990
3 1023 10077 10397
3 10077 995 10397
3 995 10077 992
3 995 10366 990
3 934 937 10091
3 937 934 10096
3 10341 10098 10097
3 937 10098 10341
3 10098 937 10096
3 10319 10098 10096
3 10097 10098 10319
3 10097 935 10093
3 935 10092 10093
3 916 10320 10095
3 6461 6443 6442
3 10321 6462 917
3 10321 6444 6462
3 939 6444 10095
3 10343 6443 940
3 10305 6475 6476
3 10305 10321 917
3 916 10305 10104
3 10305 6476 10104
3 6475 900 6476
3 900 10291 898
3 6476 900 898
3 900 6490 10291
3 900 6475 901
3 10252 849 6530
3 10252 6529 849
3 858 10252 10260
3 10252 858 6529
3 853 10247 6532
3 850 10247 853
3 905 6470 10310
3 6470 905 904
3 6467 907 10312
3 906 10297 6483
3 10297 907 6482
3 10297 6496 6483
3 6496 10297 6482
3 906 6469 10311
3 6469 905 10310
3 905 6469 10296
3 6469 906 10296
3 893 6496 6482
3 10298 893 6482
3 893 10298 6495
3 893 6495 10284
3 6496 893 10284
3 6509 10283 880
3 10283 6509 879
3 6509 865 879
3 869 6509 880
3 865 6509 869
3 6484 906 6483
3 906 6484 10296
3 869 10272 10261
3 10272 6519 10261
3 10272 869 880
3 866 6522 10259
3 6523 866 10259
3 866 6523 10269
3 6485 905 10296
3 6485 6484 6498
3 6484 6485 10296
3 886 6511 10281
3 10280 888 6500
3 888 10280 6501
3 888 6487 6500
3 10293 888 6501
3 6487 888 10293
3 6512 10280 6500
3 889 6512 6500
3 6512 889 10281
3 6512 876 10280
3 876 6512 10269
3 6512 866 10269
3 903 6472 904
3 6488 10293 6501
3 887 6488 6501
3 6488 6489 901
3 6489 6488 6502
3 6488 887 6502
3 902 6488 901
3 6488 902 10293
3 10278 883 6505
3 883 10286 6505
3 883 6506 10286
3 896 6479 6478
3 10288 896 10289
3 896 897 10289
3 897 896 6478
3 6494 894 6480
3 6493 6494 6480
3 6494 6493 10286
3 6506 6494 10286
3 894 6494 10285
3 6494 6506 10285
3 10274 6517 871
3 10274 6506 10275
3 10274 10264 6517
3 6507 881 10284
3 6507 882 871
3 882 10274 871
3 10274 882 6506
3 6506 882 10285
3 882 6507 10285
3 6525 862 10251
3 10249 6525 10251
3 854 6525 10249
3 872 6516 10275
3 6516 872 10278
3 872 883 10278
3 6506 872 10275
3 883 872 6506
3 10267 6516 862
3 6277 1094 10506
3 6277 10507 1094
3 6193 1178 10604
3 1178 6222 10604
3 1178 6193 10605
3 6192 1178 10605
3 6191 1179 10606
3 10574 1151 6249
3 1151 10574 1180
3 1062 6308 1063
3 6308 10471 1063
3 10471 6308 1092
3 6308 10470 1092
3 10470 6308 1062
3 6307 10471 1093
3 6307 10472 1064
3 10472 6307 1093
3 10471 6307 1063
3 10438 1064 6335
3 6336 10438 6335
3 6307 10438 1063
3 10438 6307 1064
3 6313 1058 1057
3 10466 6313 1057
3 6256 1116 10533
3 10434 1059 6340
3 1059 10434 1058
3 1059 6312 10468
3 6312 1088 6283
3 6312 1059 1058
3 10503 6281 1119
3 1090 6281 10503
3 10502 6281 1090
3 6281 10502 1119
3 1091 10469 10503
3 10469 1090 10503
3 6310 10469 1091
3 10469 6311 1090
3 10405 1032 6366
3 1032 1033 6366
3 1033 1032 6339
3 1032 1031 6340
3 1033 10436 6338
3 10436 1033 6339
3 6338 10436 1061
3 10436 6339 1061
3 6339 1060 1061
3 1060 6310 1061
3 1060 10469 6310
3 10469 1060 6311
3 6391 10375 975
3 10375 6391 1005
3 10437 6337 1034
3 6337 6364 1034
3 6364 6337 1035
3 6337 6336 1035
3 6337 10438 6336
3 6337 10437 1062
3 6337 1062 1063
3 10438 6337 1063
3 10535 1146 6254
3 6226 1146 10567
3 10567 1145 1174
3 1175 10600 6196
3 1175 1146 6226
3 1147 10536 1118
3 10536 1147 6253
3 10536 6253 1119
3 10502 10536 1119
3 1120 10503 1119
3 10537 1120 1119
3 1120 10537 10504
3 6309 10470 1062
3 10437 6309 1062
3 6310 6309 1061
3 6309 6338 1061
3 6309 10437 6338
3 6309 6310 1091
3 10470 6309 1091
3 1012 10413 6358
3 10413 6331 6358
3 10413 1039 6331
3 10411 1038 6333
3 10411 1039 6359
3 10411 6359 1011
3 6385 10411 1011
3 10381 10382 983
3 10382 10381 1012
3 6407 10381 983
3 10383 1013 6406
3 1013 10383 10414
3 5974 10797 1387
3 1332 1359 6034
3 1493 10941 5851
3 5880 1493 5851
3 1493 5822 10941
3 5822 1493 10940
3 10911 10882 5883
3 1464 10882 10911
3 10881 1438 5884
3 1462 1437 5885
3 1437 10851 5917
3 1463 10881 5884
3 10910 1463 5884
3 10881 1463 5883
3 1463 10910 5854
3 1463 10911 5883
3 10911 1463 5854
3 5913 1416 10853
3 1416 5944 10853
3 10828 5972 1388
3 10828 1416 5943
3 1416 10828 5944
3 10828 1388 10827
3 5944 10828 10827
3 10828 5943 10829
3 5972 10828 10829
3 10964 5799 1514
3 1489 1461 5886
3 5858 1488 10907
3 1514 5858 10934
3 1488 5858 10935
3 10877 1460 1435
3 1460 10878 1435
3 1460 10877 10907
3 1436 10879 5917
3 10879 1436 1461
3 10879 1437 5917
3 10879 1461 5885
3 1437 10879 5885
3 1337 10744 6029
3 10744 1337 6028
3 1337 1364 6028
3 1337 6029 1363
3 6031 1361 10770
3 1361 6002 10770
3 1361 10769 6002
3 10801 5999 10772
3 1364 5999 10773
3 10773 5999 5969
3 5999 10801 5969
3 1337 5999 1364
3 10772 5999 1363
3 5999 1337 1363
3 5910 10886 10857
3 5911 10856 1418
3 10856 5910 1418
3 1441 10885 5911
3 1417 10855 5911
3 10855 1441 5911
3 1441 10855 5912
3 5849 10915 5850
3 1516 5797 10967
3 1516 10966 5797
3 10966 1516 5827
3 10936 1516 10937
3 1516 10936 5827
3 1543 5767 10998
3 5767 1543 5797
3 10968 1517 5796
3 10968 5824 1517
3 5655 5629 11151
3 11033 5738 5739
3 5679 1655 1629
3 5736 1572 5737
3 1572 5765 5737
3 1571 5738 5737
3 5794 5823 1518
3 10969 5794 1518
3 5823 5794 1545
3 1545 5794 5764
3 5794 10969 5764
3 1492 5823 10940
3 5823 10939 1518
3 10939 5824 1518
3 1492 10939 5823
3 10939 1492 5853
3 5824 10939 1491
3 10939 5853 1491
3 6130 1271 6101
3 10644 10675 6128
3 10675 6129 6100
3 6157 1244 10644
3 1244 10675 10644
3 10675 1244 6129
3 6129 1244 10643
3 1244 6157 10643
3 10710 6064 1305
3 6064 10710 6065
3 6064 6034 1305
3 6064 1332 6034
3 10709 6095 1276
3 6095 6094 1277
3 6094 6095 10710
3 10710 6095 6065
3 6095 10709 6065
3 6154 6155 10646
3 1247 6154 10646
3 6154 1247 10647
3 10681 6123 1277
3 6122 10681 1278
3 6123 10681 1249
3 10681 6122 1249
3 1192 6175 10622
3 10621 6175 1192
3 6175 10621 1221
3 10622 6175 6146
3 6175 1221 6146
3 1280 10684 6120
3 10771 6030 1362
3 10742 6061 1335
3 10742 1308 6061
3 10742 6030 1308
3 6031 10742 1335
3 1362 10742 6031
3 6030 10742 1362
3 10683 6121 1279
3 10683 1280 6120
3 6122 10650 1249
3 10650 6122 1250
3 10650 6151 1249
3 1334 1361 6032
3 1361 1334 10769
3 10682 6122 1278
3 6121 10682 1279
3 10682 6121 1250
3 6122 10682 1250
3 10741 6031 1335
3 1307 10741 1335
3 1361 10741 6032
3 10741 1361 6031
3 10713 6091 6061
3 6091 1307 6061
3 1307 6091 1279
3 6091 10683 1279
3 1280 6091 10713
3 10683 6091 1280
3 11001 5735 5763
3 5735 11001 1573
3 11001 5763 5764
3 1573 11001 5764
3 11002 5735 5734
3 5762 11002 1574
3 11002 5734 1574
3 5763 11002 5762
3 5735 11002 5763
3 5706 5735 5736
3 5735 5706 11036
3 5678 5706 1601
3 5734 11037 5733
3 11037 5705 5733
3 5705 11037 5734
3 11064 5688 1622
3 1594 5688 11064
3 5688 11102 1622
3 5688 1648 11102
3 1512 10932 5831
3 1486 10932 5860
3 5860 10932 5830
3 10932 1512 5830
3 10932 5861 5831
3 10932 1486 5861
3 6022 5993 10780
3 10779 5993 6022
3 5993 5992 10780
3 5992 5993 10809
3 5993 5964 10809
3 1319 6051 10723
3 6081 1319 10723
3 1319 6081 1291
3 5963 1400 1403
3 1403 1400 5934
3 1401 1400 10809
3 1400 5963 10809
3 1346 10752 6051
3 1346 1319 10751
3 1319 1346 6051
3 1346 10751 6022
3 1346 6022 10780
3 10752 1346 10780
3 1373 10808 10811
3 10808 1404 10811
3 10808 5962 1404
3 1375 1372 10805
3 1372 1375 10780
3 1375 6021 10780
3 5990 1373 10811
3 1374 5990 10811
3 5990 1374 10782
3 6020 10753 1347
3 6021 6020 1347
3 5990 6020 1373
3 6020 5990 10782
3 6019 6020 10782
3 6020 6019 10753
3 1316 6055 1343
3 6054 1316 1343
3 6055 1316 10718
3 1316 1288 10718
3 1317 10719 1289
3 1317 6054 10719
3 1316 1317 1289
3 1317 1316 6054
3 6052 1319 1291
3 10751 6052 1345
3 1319 6052 10751
3 6082 10692 1290
3 10529 1140 6261
3 10009 1140 10529
3 1140 10562 6261
3 1140 10009 10562
3 6117 6087 10688
3 6087 6117 1286
3 6087 1287 10688
3 6087 10717 1287
3 6087 1286 1314
3 10717 6087 1314
3 1259 6117 10688
3 6116 1259 10688
3 6117 1259 9897
3 10687 1285 9824
3 9862 10687 1258
3 1285 10687 9825
3 10687 6117 1258
3 9825 10687 1257
3 10687 9862 1257
3 10687 9824 1286
3 6117 10687 1286
3 10717 1315 1287
3 1315 10717 6056
3 1315 1288 1287
3 1315 6056 10718
3 1288 1315 10718
3 1341 6057 1314
3 6057 10717 1314
3 10717 6057 1341
3 1342 10746 6026
3 10746 1341 6027
3 1341 10746 6056
3 10746 1342 6056
3 1288 10689 6086
3 10689 6115 1260
3 6116 10689 1260
3 10689 6116 6086
3 6143 1231 10659
3 10629 1231 6143
3 6144 10628 1230
3 6144 1230 6145
3 1231 6144 10659
3 6144 1231 10628
3 10659 6144 1260
3 10919 1501 5844
3 1497 10916 5878
3 1499 5847 5818
3 5939 1420 1395
3 1420 5939 1419
3 10860 1420 1419
3 10858 5908 1419
3 10944 9406 9467
3 10975 1522 9407
3 1522 10944 9407
3 1496 10945 1497
3 10945 5819 1497
3 10945 9406 1524
3 10945 1496 9467
3 9406 10945 9467
3 10677 1246 6127
3 10824 5948 1413
3 10823 5949 1412
3 5948 10823 1412
3 10797 5975 1387
3 5975 10797 6004
3 5975 10826 1387
3 10826 5975 5946
3 5975 1386 5946
3 10796 5975 6004
3 5975 10796 1386
3 1360 10797 6003
3 10797 1360 6004
3 10769 1360 6003
3 10791 10763 6010
3 10791 5981 1382
3 5981 10791 6010
3 6038 1356 10764
3 1356 10792 10764
3 10762 6011 10790
3 6011 10761 1381
3 10790 6011 1381
3 1354 10762 6040
3 1354 6011 10762
3 1354 6041 10761
3 6011 1354 10761
3 1300 10704 6071
3 6041 1300 6071
3 1356 6039 10763
3 10763 6039 1355
3 10792 6008 10764
3 6067 1303 10708
3 5950 1411 10822
3 1411 5949 10822
3 1410 5951 10820
3 10846 1410 10820
3 1410 10846 5921
3 5951 1410 10821
3 1459 10906 5888
3 10906 10907 5888
3 5859 10906 10905
3 10933 5860 5830
3 10933 5859 5860
3 1513 10933 5830
3 5859 10933 10934
3 10933 5829 10934
3 5829 10933 1513
3 10876 5889 1459
3 10906 5889 10905
3 5889 10906 1459
3 10905 5889 1458
3 5889 10876 1458
3 5769 10996 1541
3 5799 5769 1541
3 10952 5783 5812
3 5783 10983 5812
3 5783 10952 1530
3 5813 5783 1530
3 10983 5783 5755
3 5809 1506 10954
3 1506 5809 5838
3 10832 1426 5934
3 1402 10832 1401
3 1400 10832 5934
3 10832 1400 1401
3 1446 5907 10890
3 1502 10920 5844
3 5843 1502 1529
3 5872 10921 5842
3 10921 5843 5842
3 10921 5872 1473
3 5843 10921 1473
3 1452 10863 10864
3 10863 1452 10865
3 1452 5899 10865
3 5899 5900 10866
3 10865 5899 10866
3 5899 1476 5900
3 5904 1448 5903
3 10923 1504 5840
3 5871 10923 1476
3 10835 5933 1428
3 5933 10835 10836
3 5933 10836 5932
3 10864 5933 5932
3 10863 5933 10864
3 5933 10865 1428
3 5933 10863 10865
3 10754 1348 6049
3 1348 10754 6019
3 10753 10754 6049
3 6019 10754 10753
3 1348 1321 6049
3 1321 1348 6048
3 1321 6048 10726
3 1294 1321 10726
3 1505 10924 5840
3 10924 5869 5840
3 10897 1478 5868
3 5869 1478 10897
3 10924 1478 5869
3 10844 1408 5924
3 1408 5953 10818
3 5953 1409 10819
3 10844 5953 1408
3 5953 5982 10818
3 5953 10819 5982
3 1405 5957 10814
3 10815 5957 1405
3 5957 5986 10814
3 5957 10815 5986
3 5986 1378 10786
3 10815 1378 5986
3 1378 5985 10786
3 5985 1378 5956
3 1378 10815 5956
3 1406 10816 5956
3 5955 10816 1406
3 10816 5985 5956
3 10785 1377 5986
3 5987 10785 6017
3 1377 10785 5987
3 10785 10756 6017
3 1349 10756 6047
3 10756 1349 6017
3 1351 6015 10758
3 5985 6015 10786
3 10787 6015 5985
3 6015 10787 10758
3 1324 6045 10729
3 6045 1351 10729
3 6106 1267 10698
3 1267 6107 10698
3 6107 1267 10668
3 10668 1267 6136
3 6135 10638 1239
3 10638 6135 1240
3 6134 6135 10670
3 6135 6134 1240
3 10728 6045 1324
3 10699 1296 6075
3 6076 1296 10699
3 10728 1296 6076
3 1296 1324 6075
3 1296 10728 1324
3 10728 1323 6046
3 1323 10728 6076
3 10727 1323 1295
3 1323 6076 1295
3 1323 10727 6047
3 10756 1323 6047
3 10730 1352 6043
3 1352 10758 6014
3 6013 1326 6043
3 10788 6013 5984
3 10788 10817 5983
3 10788 5984 10817
3 10672 10673 6131
3 10673 6130 6131
3 6130 10673 1271
3 1269 10671 6133
3 6103 10671 1269
3 6133 10671 6132
3 10671 6103 6132
3 10903 5891 10873
3 10872 10843 5925
3 5925 10843 1407
3 5954 10843 5924
3 1407 10843 5954
3 10902 1455 5893
3 10872 1455 10902
3 1455 10872 10871
3 1455 10901 5893
3 10901 1455 10871
3 1536 5775 10959
3 1536 5776 5775
3 5776 1563 5775
3 1563 5776 10989
3 1563 5748 5747
3 5748 1563 10989
3 5833 10960 1511
3 5803 10960 1537
3 10960 5803 1511
3 5834 10930 5863
3 10930 1484 5863
3 1618 11059 5693
3 1644 1618 5693
3 1618 5692 11059
3 1618 1645 5692
3 1887 11547 7915
3 11547 7914 7915
3 7651 7712 1906
3 11523 7990 7991
3 7990 11497 1864
3 11498 11497 7990
3 8150 1852 11472
3 8150 11471 1852
3 8070 8071 1864
3 11497 8070 1864
3 8070 11497 11498
3 11496 7991 1864
3 11496 1863 7991
3 8071 11496 1864
3 1863 11496 8071
3 8072 1863 8071
3 8072 11469 1849
3 1862 8072 1849
3 7993 1873 1862
3 1873 7993 11520
3 7919 11520 3926
3 7919 11543 11520
3 11543 7918 11520
3 7918 1873 11520
3 1873 7918 7917
3 7918 11543 7848
3 7919 3987 11543
3 3987 11565 7848
3 11543 3987 7848
3 8154 3724 11467
3 3925 7995 3857
3 3925 7996 11518
3 7996 3925 3857
3 7920 3925 11518
3 7995 3925 7920
3 11520 7994 3926
3 7993 7994 11520
3 7996 11517 7921
3 11168 8963 1684
3 11126 1658 8966
3 1659 11126 8965
3 8643 11284 1750
3 11284 8724 1750
3 8724 11284 11246
3 9044 11086 1660
3 9044 1660 8963
3 9275 11008 9203
3 11008 9275 9276
3 11009 9203 1579
3 11009 9275 9203
3 10974 9275 1550
3 9344 10974 1550
3 8970 9050 11007
3 11122 9050 8970
3 3211 11122 8970
3 1707 8801 11246
3 9045 11086 1634
3 11086 9045 1660
3 11242 1704 8805
3 4963 12434 251
3 12434 4990 251
3 4990 12434 226
3 12434 252 226
3 12434 4963 252
3 4911 302 12526
3 302 4911 12575
3 12526 302 4883
3 302 12575 4883
3 12535 4901 12584
3 310 4901 12535
3 4901 4874 12584
3 4901 310 4874
3 254 280 12482
3 12435 253 227
3 12435 4962 253
3 4962 12435 252
3 252 12435 226
3 4932 12492 281
3 12492 255 281
3 12307 5036 12304
3 12310 5036 12307
3 5036 12310 12303
3 178 5036 12303
3 12351 202 5012
3 12399 12398 12391
3 202 12398 5012
3 12398 202 12391
3 5012 12398 12396
3 12398 12399 12396
3 12395 12390 227
3 4930 12485 12491
3 12485 4930 283
3 12485 4958 12491
3 4958 12485 4957
3 12485 283 4957
3 4930 12539 12538
3 12539 4930 12542
3 12539 309 12538
3 309 12539 12542
3 283 12487 4957
3 4929 12487 283
3 4957 12487 311
3 12487 4929 311
3 309 12541 4903
3 12541 12536 4903
3 12541 309 12540
3 4930 12541 12540
3 12541 4930 12491
3 12536 12541 12491
3 4904 12532 4877
3 12532 4904 308
3 12494 12489 4959
3 12489 282 4959
3 4931 12489 12494
3 282 12490 12491
3 12490 4931 12491
3 5083 12266 12267
3 12261 12266 5083
3 153 12265 12267
3 153 5060 12265
3 12266 153 12267
3 153 12266 12261
3 154 12306 12308
3 12309 12306 154
3 12306 5037 12308
3 12306 12309 5037
3 12228 5127 107
3 107 5127 12182
3 5127 12179 12182
3 108 5127 12221
3 12187 5127 12183
3 5127 108 12183
3 130 5082 12221
3 5082 12268 12262
3 5082 12265 12268
3 5082 130 12265
3 108 12180 12183
3 12180 5148 12183
3 12180 86 12139
3 5148 12180 12139
3 4907 12530 4934
3 12530 4906 4934
3 12672 4823 360
3 4823 12673 360
3 4823 12721 12673
3 417 12720 388
3 12720 417 4765
3 417 4766 4765
3 12768 12769 4767
3 4766 12769 12770
3 12769 12771 12770
3 12771 12769 12772
3 12769 12773 12772
3 12773 12769 12774
3 12774 12769 12765
3 12769 12768 12765
3 392 4820 12724
3 4820 12675 12723
3 12675 4820 362
3 4820 12676 362
3 12676 4820 392
3 4822 12673 390
3 12722 4822 390
3 361 4822 12722
3 12673 4822 4852
3 4822 361 4852
3 4945 270 4946
3 243 270 4973
3 270 243 4946
3 12571 4915 4888
3 4915 298 4888
3 299 4915 12571
3 4944 4945 4917
3 4945 4944 12472
3 4944 271 12472
3 271 4944 4943
3 4944 298 4943
3 12569 297 4917
3 297 12569 4889
3 297 4944 4917
3 12521 297 4889
3 297 12521 4944
3 12717 415 386
3 415 12717 4797
3 415 4797 12767
3 4768 415 12767
3 415 12768 4767
3 415 4768 12768
3 4828 356 12668
3 4828 385 356
3 355 4828 12668
3 385 4828 12716
3 4828 355 12716
3 12670 358 4855
3 358 12623 4855
3 12623 358 12671
3 12671 4825 388
3 358 4825 12671
3 4825 358 12670
3 12769 416 4767
3 416 12769 4766
3 4942 299 4914
3 12474 4942 12523
3 4942 4914 12523
3 272 4942 12474
3 4942 272 4943
3 419 4763 4791
3 4762 4763 12772
3 4763 4762 4791
3 4763 12771 12772
3 4763 419 12771
3 419 4792 4764
3 4764 4792 418
3 4792 12721 418
3 12721 4792 390
3 4792 419 390
3 4842 369 4812
3 12634 369 4842
3 369 12634 4843
3 339 12636 4843
3 12641 12636 339
3 12688 4844 367
3 338 12583 12591
3 12587 12583 338
3 12591 12583 4902
3 12583 12587 4902
3 12632 338 12592
3 337 12632 12592
3 12632 4844 338
3 4844 12632 367
3 12632 366 367
3 12631 337 12582
3 337 12631 4846
3 4848 12629 363
3 12629 4848 335
3 393 12725 4788
3 421 12725 4789
3 12725 4760 4788
3 12725 421 4760
3 12676 4819 363
3 4819 12676 392
3 4819 392 4789
3 12725 4819 4789
3 4819 12725 393
3 4878 334 12629
3 12580 4878 335
3 4878 12629 335
3 334 4878 12579
3 4878 4906 12579
3 307 4878 12580
3 4906 4878 12531
3 4878 307 12531
3 4761 12773 12774
3 421 4761 12774
3 4761 421 12724
3 12339 5043 172
3 12339 5021 5020
3 5021 12339 12338
3 12339 172 5044
3 12338 12339 5044
3 147 12255 5068
3 12255 147 5067
3 147 12295 5067
3 12294 147 5068
3 12295 147 12294
3 5046 12295 12294
3 5046 5045 12295
3 5045 5046 12337
3 5046 12336 12337
3 171 12338 5044
3 171 5045 12338
3 12295 171 5044
3 5045 171 12295
3 4937 277 12478
3 4937 12478 4910
3 12527 4937 4910
3 4937 12527 4909
3 12479 4937 4909
3 277 4937 12479
3 12477 276 4966
3 276 250 4966
3 277 4965 12478
3 4965 276 12478
3 276 4965 250
3 4964 4965 277
3 12432 250 4991
3 250 12432 4966
3 5017 198 12386
3 224 12432 4991
3 12432 224 4992
3 5062 12259 151
3 5084 5062 12260
3 12259 5062 5084
3 152 12300 176
3 152 176 12301
3 152 12264 12260
3 5062 152 12260
3 152 5062 12300
3 5038 12305 12301
3 12305 5038 177
3 12305 153 12301
3 12305 177 12302
3 5060 12305 12302
3 153 12305 5060
3 6538 400 6539
3 400 6538 6570
3 6569 401 12703
3 6569 372 12702
3 401 6569 12702
3 12659 4838 4837
3 4838 12659 347
3 12659 4867 12611
3 4868 12659 12611
3 12659 4868 347
3 4923 292 12515
3 292 4923 12564
3 292 12564 4895
3 292 4895 4922
3 12515 292 4922
3 4999 217 12425
3 217 5000 12424
3 217 4974 12425
3 4974 217 12424
3 216 5001 12378
3 5001 5000 12378
3 5000 5001 12424
3 191 5049 12333
3 5026 191 12333
3 5049 191 12334
3 12334 191 5025
3 5000 12379 12378
3 12379 5026 12378
3 12379 191 5026
3 191 12379 5025
3 217 12379 5000
3 12379 217 4999
3 12379 192 5025
3 12379 4999 12380
3 192 12379 12380
3 12429 221 12428
3 246 4970 12474
3 4970 272 12474
3 4970 12428 4971
3 4970 246 12428
3 272 12473 4943
3 271 12473 4971
3 12473 271 4943
3 12473 4970 4971
3 4970 12473 272
3 12426 4998 218
3 218 4998 12380
3 4998 12381 12380
3 4998 12426 219
3 12381 4998 219
3 12382 219 4997
3 12382 12381 219
3 194 12382 5022
3 12381 12382 5023
3 12382 194 5023
3 220 12382 4997
3 5022 12382 12383
3 4858 355 12668
3 355 4858 12620
3 4858 12668 4857
3 327 4858 4857
3 4858 327 12620
3 4859 355 12620
3 326 4859 12620
3 4859 326 12570
3 323 12567 4892
3 295 12567 4919
3 12567 295 4892
3 12520 296 4890
3 12520 12569 4917
3 12569 12520 4890
3 4945 12520 4917
3 296 12520 4945
3 242 269 4974
3 242 12424 4975
3 242 4974 12424
3 269 242 4947
3 12469 242 4975
3 242 12469 4947
3 243 12470 4946
3 12470 243 269
3 4946 12470 4947
3 12470 269 4947
3 412 4771 4799
3 4771 412 12764
3 4799 4771 413
3 413 4771 12765
3 4771 12764 12765
3 4772 412 4800
3 12764 4772 12763
3 412 4772 12764
3 4773 411 12713
3 411 4801 12713
3 411 4773 12763
3 4772 411 12763
3 4801 411 4800
3 411 4772 4800
3 383 4830 12666
3 383 12666 4831
3 12708 4807 4778
3 4778 4807 4779
3 4807 406 4779
3 406 4807 377
3 4807 12708 377
3 12708 378 4837
3 378 12708 4806
3 378 12660 4837
3 378 4836 12660
3 378 4806 12709
3 4836 378 12709
3 4891 323 12617
3 4891 12567 323
3 4891 12519 4919
3 12567 4891 4919
3 4863 351 4833
3 351 4863 12663
3 351 12711 4833
3 4834 351 12663
3 12711 351 4834
3 353 12665 4831
3 12666 353 4831
3 12618 353 12666
3 12610 317 4870
3 4927 4899 289
3 4927 4955 12511
3 4954 4927 289
3 4955 4927 4954
3 316 12609 4870
3 12658 346 4839
3 347 12658 4839
3 4868 12658 347
3 12657 12610 4870
3 12657 346 12610
3 12706 376 4839
3 4838 376 12707
3 376 4808 12707
3 376 347 4839
3 376 4838 347
3 376 405 4808
3 376 12706 4809
3 405 376 4809
3 402 6568 12703
3 6568 373 12703
3 6630 12608 315
3 6576 6543 6575
3 6543 12746 12747
3 6543 842 12746
3 6543 6576 842
3 6608 811 780
3 811 6576 12696
3 811 12695 6577
3 811 6608 12695
3 842 811 6577
3 6576 811 842
3 12599 779 6639
3 779 12599 12646
3 6608 779 810
3 6638 12647 780
3 12647 6608 780
3 12647 779 6608
3 12647 6638 6639
3 779 12647 6639
3 845 6573 6541
3 6573 845 12699
3 814 6573 12699
3 812 12697 6606
3 12697 812 6575
3 12697 6574 6606
3 780 12648 6637
3 12648 12649 6637
3 12693 6610 12645
3 809 6610 12693
3 6610 778 12645
3 778 6610 12694
3 6610 809 12694
3 257 6745 6746
3 6745 257 6718
3 6744 6745 6718
3 231 6745 12412
3 6745 6744 12412
3 750 12601 6636
3 6666 750 6636
3 12552 750 6666
3 12601 750 6667
3 750 12552 6667
3 722 12553 6665
3 751 12553 6666
3 12553 751 6665
3 12455 667 694
3 667 12455 6747
3 12455 694 6721
3 6720 12455 6721
3 6747 12455 695
3 12455 6720 695
3 12505 6719 12456
3 6720 12505 12456
3 12650 6605 782
3 6635 12650 782
3 12601 781 6636
3 781 12601 12649
3 781 12650 6636
3 12650 781 6605
3 781 12649 6606
3 6605 781 6606
3 813 6605 6606
3 6574 813 6606
3 813 6574 12698
3 6573 813 12698
3 813 6573 814
3 6605 813 782
3 813 814 782
3 285 6717 12507
3 6690 6717 285
3 6717 12459 258
3 6717 6690 12459
3 12607 343 6630
3 343 12607 6631
3 6631 12607 314
3 12607 6660 314
3 6660 12607 12558
3 12558 12607 315
3 12607 6630 315
3 6600 12654 372
3 6600 343 12654
3 6600 6569 12703
3 6569 6600 372
3 373 6600 12703
3 6600 373 12655
3 343 6600 12655
3 6604 6572 6603
3 814 6572 6604
3 6572 12700 6603
3 6572 814 12699
3 845 6572 12699
3 6572 845 6540
3 6572 6540 399
3 12700 6572 399
3 6663 312 6662
3 284 6663 6662
3 313 6632 12606
3 6632 313 12605
3 6632 342 12606
3 342 6632 12653
3 6632 12605 12653
3 6603 12652 783
3 12652 12604 783
3 370 12652 6603
3 341 12652 370
3 6633 341 12605
3 12604 6633 312
3 6633 12605 312
3 12652 6633 12604
3 6633 12652 341
3 12513 4925 4897
3 4925 12562 4897
3 4925 12513 290
3 12562 4925 290
3 4897 291 4924
3 12563 291 4897
3 4924 291 12514
3 291 12563 12514
3 349 4866 12660
3 319 12563 4897
3 4867 319 12611
3 319 318 12611
3 319 12562 318
3 12562 319 4897
3 4951 4952 12514
3 4951 265 4952
3 4923 4951 12514
3 265 4951 12466
3 4951 4923 12515
3 4950 4951 12515
3 4951 4950 12466
3 237 12419 12418
3 12419 237 4980
3 238 12419 4980
3 5005 12419 238
3 212 12419 5005
3 4982 262 12463
3 4982 236 4983
3 262 4982 4983
3 237 4981 12464
3 4981 263 12464
3 4981 237 12418
3 263 4981 12463
3 4981 4982 12463
3 4982 4981 236
3 5033 12372 5032
3 12416 12417 210
3 211 12417 12418
3 12417 12416 4983
3 236 12417 4983
3 12417 4981 12418
3 4981 12417 236
3 6835 12283 136
3 6835 135 12282
3 6856 6876 6857
3 6876 6856 112
3 112 6856 6855
3 159 6814 12282
3 6814 6835 12282
3 6835 6814 12283
3 12283 6814 160
3 6814 12325 160
3 12325 6814 6791
3 6814 159 6791
3 12286 139 5077
3 163 139 12286
3 139 163 12287
3 5076 139 12287
3 139 5076 12247
3 139 12246 5077
3 12246 139 12247
3 12329 5031 187
3 5055 163 12286
3 5055 12329 163
3 162 138 12285
3 138 162 12286
3 162 12285 5056
3 12328 162 5056
3 5055 162 12328
3 162 5055 12286
3 5078 138 5077
3 138 5078 12245
3 12557 6660 286
3 12557 286 12508
3 6661 12557 12508
3 12557 6661 314
3 6660 12557 314
3 6659 12558 315
3 6659 287 12558
3 6659 12510 287
3 12458 6744 6718
3 6744 12458 258
3 12458 6717 258
3 12507 12458 6718
3 6717 12458 12507
3 556 562 15431
3 556 585 553
3 585 556 15431
3 15427 556 553
3 562 556 15427
3 560 562 15427
3 562 560 15431
3 6924 495 12149
3 495 6924 12107
3 12148 495 503
3 495 12148 12149
3 12148 6906 12149
3 12148 6907 6906
3 544 6887 12190
3 6887 12191 12190
3 481 479 6944
3 479 477 6944
3 477 12106 482
3 457 459 6960
3 480 6924 484
3 478 12065 482
3 12106 478 482
3 516 12188 520
3 516 6890 12188
3 12146 516 520
3 6892 513 7246
3 15109 513 6927
3 513 15109 7246
3 515 15426 6890
3 15427 534 6873
3 6872 534 15427
3 534 532 6873
3 534 6872 539
3 532 534 6892
3 12230 6848 6868
3 6869 12230 6868
3 6848 12230 566
3 531 530 542
3 530 531 6890
3 15426 530 6890
3 530 6871 542
3 565 6829 12269
3 6850 565 12269
3 565 15433 6829
3 15433 565 6851
3 565 15429 6851
3 565 6850 15429
3 6804 611 12357
3 636 6779 12357
3 6780 636 12357
3 636 6780 12402
3 12361 6800 615
3 6775 12361 640
3 12361 6775 12362
3 6799 12361 12362
3 12361 6799 6800
3 12359 613 6803
3 613 12359 6802
3 6803 613 12314
3 6824 12316 591
3 12315 6802 614
3 6824 12315 614
3 12315 6824 590
3 12315 613 6802
3 12272 6826 12314
3 6823 615 12317
3 6823 12316 615
3 592 6823 12317
3 12274 6823 592
3 6823 12274 591
3 12316 6823 591
3 12152 526 506
3 6843 12235 6844
3 12235 6843 571
3 12275 6843 6844
3 6843 12275 571
3 594 12319 6820
3 12277 594 6820
3 12318 6821 593
3 6821 12276 593
3 617 6821 12318
3 6821 617 12319
3 594 6821 12319
3 6821 594 12276
3 6724 691 6725
3 6699 12500 6725
3 12500 6698 6725
3 12550 719 6669
3 719 6698 6669
3 6698 719 12501
3 719 6697 12501
3 6697 719 12550
3 12502 6697 720
3 6697 12502 6723
3 6696 12502 720
3 12502 6696 6723
3 666 693 12454
3 12454 693 6722
3 693 12453 6723
3 693 6696 6722
3 6696 693 6723
3 693 6749 12453
3 6749 666 12408
3 6749 693 666
3 12406 12407 640
3 12406 664 12407
3 664 12406 6751
3 663 12406 639
3 6751 12406 663
3 6781 6780 12357
3 12402 6781 12401
3 6780 6781 12402
3 12447 687 6730
3 6756 687 12447
3 15451 659 6782
3 659 12401 6782
3 6673 6701 12497
3 6699 12548 6670
3 12548 747 6670
3 747 12548 746
3 12548 6671 746
3 717 12548 6699
3 12548 717 6671
3 6726 6699 6725
3 688 6754 661
3 12271 567 6848
3 6847 567 12271
3 6826 589 12271
3 589 6847 12271
3 12272 589 6826
3 589 12272 6847
3 6867 544 6868
3 6867 6887 544
3 6887 6867 12191
3 6867 545 6886
3 12191 6867 6886
3 110 6859 12239
3 12239 6859 132
3 12238 6859 551
3 6859 12238 132
3 6860 573 12238
3 12277 573 6841
3 6819 6820 12320
3 6819 12277 6820
3 6819 573 12277
3 573 6819 12278
3 156 6818 12321
3 12278 6818 132
3 6862 6861 549
3 6922 12110 485
3 12069 12110 486
3 12110 6921 486
3 12110 6939 485
3 12110 12069 6939
3 12110 12152 6921
3 525 12193 6884
3 546 12193 6885
3 12193 6904 6885
3 6904 12193 525
3 6884 12193 6865
3 12193 546 6865
3 6924 12108 484
3 504 12108 6924
3 12108 504 6923
3 12108 476 484
3 476 12108 6923
3 6988 11959 11994
3 453 6988 11994
3 6988 11960 11959
3 11960 6988 453
3 12032 6952 6970
3 6952 12033 6970
3 6951 6952 470
3 12033 6952 6951
3 6954 12032 12031
3 6954 469 12032
3 469 6954 6937
3 468 6954 12031
3 6937 6954 468
3 6953 469 6936
3 469 6953 12032
3 6953 6936 470
3 6952 6953 470
3 6953 6952 12032
3 5080 12243 136
3 5102 12243 5080
3 6835 12243 6855
3 12243 6835 136
3 12243 113 6855
3 12243 5102 113
3 137 12284 5079
3 12284 137 5080
3 12284 12285 5079
3 12284 5057 12285
3 6813 12283 160
3 12325 6813 160
3 12283 6813 5080
3 6813 12284 5080
3 5057 5034 12327
3 5034 184 12371
3 5033 5034 12371
3 12327 5034 5033
3 12279 6839 132
3 6818 12279 132
3 12279 6818 156
3 12322 6817 156
3 157 6817 12322
3 6817 12279 156
3 12367 6794 12366
3 6794 180 12366
3 180 6794 12322
3 6858 6877 110
3 6858 110 12239
3 6877 6858 111
3 6858 12239 6838
3 12240 6858 6838
3 111 6858 6857
3 6858 12240 6857
3 205 12411 6770
3 6770 12411 12412
3 12411 231 12412
3 6745 12411 6746
3 12411 6745 231
3 12411 668 6746
3 668 12411 6771
3 12411 205 6771
3 12364 618 6797
3 6796 618 12364
3 618 6796 12320
3 618 12319 6797
3 6820 618 12320
3 12319 618 6820
3 5022 195 12338
3 195 5021 12338
3 195 5022 12383
3 5021 195 12383
3 5139 97 5117
3 97 5139 12168
3 12167 97 12168
3 5140 97 12167
3 12170 5137 5136
3 5137 99 5136
3 5137 12170 76
3 12169 5137 76
3 5137 12169 5138
3 99 5137 5138
3 5094 12251 121
3 5094 5116 120
3 5116 5094 121
3 12251 5094 5072
3 12250 5094 120
3 5072 5094 12250
3 123 5113 12213
3 5091 123 12213
3 5113 123 12214
3 123 5090 12214
3 5090 123 12254
3 123 5091 12254
3 12374 5030 187
3 5030 12330 187
3 12330 5030 188
3 5076 140 12247
3 140 5075 12247
3 140 5076 12287
3 164 140 12287
3 12205 5123 115
3 5123 5101 115
3 5145 5123 12205
3 114 5123 12204
3 5101 5123 114
3 92 5146 12204
3 5123 92 12204
3 92 5123 5145
3 5146 92 12162
3 92 5145 12162
3 5145 70 12162
3 12163 70 5145
3 70 12163 5166
3 93 12205 5144
3 12163 93 5144
3 93 5145 12205
3 93 12163 5145
3 47 5188 12079
3 5188 5208 12079
3 5208 5188 26
3 12421 240 5003
3 12421 4978 4977
3 240 12421 4977
3 241 5002 12422
3 5002 215 12422
3 215 5002 12377
3 5002 12378 12377
3 5002 216 12378
3 213 12374 5005
3 213 12420 5004
3 12420 238 4979
3 12420 5005 238
3 12420 213 5005
3 167 5050 12333
3 12290 5050 143
3 5050 167 143
3 12291 167 5049
3 5072 12291 144
3 12291 5049 144
3 12291 5072 143
3 167 12291 143
3 12375 5029 188
3 5030 12375 188
3 12375 213 5004
3 12375 5030 12374
3 213 12375 12374
3 12249 142 5073
3 142 12289 166
3 142 12290 5073
3 142 166 12290
3 5075 141 12248
3 5051 12332 12290
3 12332 5050 12290
3 12289 12332 166
3 12332 5051 166
3 12132 12173 80
3 12173 12132 5155
3 12174 5153 5154
3 5153 12133 58
3 5154 5153 58
3 5153 12174 81
3 59 5153 81
3 12133 5153 59
3 12130 78 56
3 5135 78 100
3 78 12171 100
3 78 12130 5157
3 12171 78 5157
3 34 5178 12050
3 5178 12089 12050
3 5178 34 12088
3 5157 5178 12088
3 12130 5178 5157
3 5178 12130 56
3 12089 5178 56
3 5176 12091 36
3 12090 5176 36
3 5176 12132 12091
3 5176 12090 57
3 12132 5176 57
3 5134 101 12214
3 101 5113 12214
3 101 5135 5113
3 11975 2163 5253
3 2163 2145 5253
3 2145 2163 5252
3 2163 11976 5252
3 11976 13 5235
3 2146 2164 5251
3 5252 2164 2146
3 11976 2164 5252
3 2164 11976 5235
3 15 5196 5214
3 5196 12052 5214
3 12052 5196 36
3 5196 12090 36
3 12090 5196 35
3 5337 5326 5325
3 5326 11830 5325
3 5313 5299 5312
3 11830 5313 5312
3 5299 5313 2093
3 5313 11854 2093
3 2077 5315 5301
3 5271 2125 11910
3 2125 5286 11910
3 5286 2125 11911
3 11891 11887 5282
3 11887 11884 5282
3 11887 11891 11858
3 5296 11887 11858
3 11887 5296 11861
3 11884 11887 11861
3 15332 15331 15337
3 4626 7128 7105
3 4626 7105 7104
3 7127 4626 7104
3 15331 4626 7127
3 15332 4626 15331
3 7063 15354 7086
3 4646 15354 7063
3 15354 4645 7086
3 7106 15355 15350
3 15355 4646 15350
3 15329 7129 4625
3 7152 15329 4625
3 15329 7152 4600
3 15329 7153 4599
3 15329 4600 7153
3 4624 15329 4599
3 7129 15329 4624
3 7087 15349 7107
3 15349 7106 7107
3 15349 7087 7086
3 4645 15349 7086
3 15354 15349 4645
3 787 6596 15508
3 6627 787 15508
3 787 754 762
3 787 6627 754
3 825 817 6564
3 6596 825 6564
3 821 6566 820
3 821 822 6566
3 6598 821 820
3 821 6598 822
3 6657 730 729
3 729 730 6687
3 731 6657 15482
3 724 731 15482
3 731 724 15470
3 724 6686 15470
3 15470 6686 698
3 6686 6714 698
3 6686 15471 6714
3 726 15482 6656
3 15483 765 6655
3 15495 15496 6656
3 15496 15495 6625
3 15496 15483 6656
3 15483 15496 765
3 765 15497 6655
3 827 6562 6561
3 6594 827 6561
3 6562 827 15509
3 827 6594 15509
3 15495 796 6625
3 6594 796 15509
3 6626 795 15509
3 796 6626 15509
3 6626 796 15495
3 6657 764 15482
3 764 15495 15482
3 764 6657 753
3 6626 764 753
3 764 6626 15495
3 15471 700 6714
3 700 701 6714
3 705 15461 702
3 6685 700 15471
3 700 6685 701
3 15472 6685 6655
3 6685 15483 6655
3 6685 705 702
3 705 6685 15472
3 15510 6594 6561
3 796 15510 6625
3 15510 796 6594
3 6627 15494 763
3 15494 6627 795
3 15494 6626 753
3 6626 15494 795
3 800 831 15514
3 6590 831 800
3 15514 831 6589
3 831 6557 6589
3 6557 831 15523
3 831 6590 15523
3 6614 774 15505
3 805 6614 15505
3 6614 12690 806
3 12690 6614 6583
3 6614 805 6583
3 12642 6614 806
3 774 6614 12642
3 15447 15448 631
3 15448 6785 631
3 15448 656 6785
3 656 15449 6785
3 6784 15449 657
3 683 6761 15456
3 6761 683 656
3 15448 6761 656
3 684 15457 6734
3 15457 683 6734
3 683 15457 656
3 829 15512 6592
3 15498 15512 799
3 15485 767 6653
3 15485 15498 767
3 736 15485 6653
3 15473 15485 736
3 6652 15486 15499
3 15486 767 15499
3 767 15486 6653
3 15486 736 6653
3 6682 737 15475
3 737 6652 15487
3 737 15486 6652
3 737 6681 15475
3 6681 737 15487
3 737 6682 15474
3 736 737 15474
3 15486 737 736
3 6680 738 15488
3 15476 738 6680
3 15488 738 6651
3 738 15476 6681
3 738 15487 6651
3 738 6681 15487
3 15465 709 6709
3 6683 736 15474
3 6683 15473 736
3 15461 703 702
3 703 15461 701
3 703 6685 702
3 6685 703 701
3 697 6740 706
3 697 706 6684
3 15439 629 621
3 629 15439 6788
3 15436 577 6832
3 577 15437 15431
3 15437 608 6808
3 15436 15437 577
3 15437 15436 608
3 15437 15432 6831
3 15432 15437 15438
3 15437 609 15438
3 15437 6808 609
3 574 577 557
3 577 574 6832
3 15443 633 6783
3 6784 633 15443
3 6759 15450 657
3 15450 6784 657
3 15450 633 6784
3 15450 6759 658
3 15450 658 6783
3 633 15450 6783
3 15441 607 600
3 10216 12803 2185
3 10226 12803 10216
3 12803 12802 2185
3 12802 12803 2179
3 12803 10234 2179
3 12803 10226 10234
3 12804 10226 10216
3 10226 12804 10233
3 12814 10217 12802
3 10218 12814 12802
3 10217 12814 2190
3 2190 12814 12834
3 12834 12814 10208
3 12814 12820 10208
3 12814 10218 12820
3 15075 4346 4388
3 7384 4346 15075
3 4346 7343 4388
3 7045 15395 15393
3 15398 7045 15393
3 4662 7088 7089
3 7043 15369 4689
3 4665 15387 7063
3 4665 7064 15387
3 4665 7063 7086
3 7064 4665 7086
3 7087 4664 7086
3 4664 7064 7086
3 15305 7155 4597
3 4572 7155 15305
3 7155 15327 4597
3 7155 4596 15327
3 4545 15278 7178
3 15278 4572 7178
3 7087 15348 4663
3 15348 7088 4663
3 7088 15348 4643
3 15348 7108 4643
3 15386 7044 4689
3 7065 15386 4689
3 4622 7108 7131
3 7108 4622 7109
3 4622 7132 7109
3 7132 4622 15327
3 15327 4622 4597
3 7092 4659 4639
3 15347 4641 7089
3 4641 7110 7111
3 7110 4641 15347
3 7110 7109 4621
3 7110 15347 7109
3 4657 4679 15361
3 7093 4657 15361
3 15389 7051 4703
3 4684 4702 4706
3 7049 4702 4684
3 4638 7093 4658
3 7092 4638 4658
3 4567 7182 15275
3 4619 7112 7111
3 7112 4619 4618
3 7158 4594 15303
3 4569 7158 15303
3 7158 4569 4568
3 4593 7158 4568
3 7165 4586 4581
3 15298 7165 4581
3 4555 7165 15298
3 4586 7165 4561
3 7165 4555 4561
3 4633 7098 7075
3 7098 4631 7075
3 4611 15320 7142
3 15320 4611 7141
3 4611 7119 7141
3 7119 4611 7142
3 4631 7119 7120
3 4652 7097 4633
3 4633 7097 7118
3 4610 4613 4588
3 7139 4613 7116
3 15322 7139 4614
3 15322 4590 7162
3 4590 15322 4614
3 15322 4613 7139
3 7117 4613 4610
3 4613 7117 7116
3 7117 4629 7116
3 15321 4582 4581
3 4582 4557 4581
3 4557 4582 7164
3 4612 15321 7141
3 15321 4612 4605
3 4612 7141 7118
3 4605 4612 7118
3 7140 15321 4605
3 7140 4610 4588
3 15321 7140 4588
3 4565 15300 7162
3 4564 15300 4565
3 7184 4539 15247
3 7184 4538 15274
3 4538 7184 15247
3 4565 7184 15274
3 15320 4609 7142
3 15319 4609 15320
3 4609 15319 7143
3 4609 7143 7120
3 7119 4609 7120
3 4609 7119 7142
3 4585 15296 7167
3 15296 4559 7167
3 7268 15215 7241
3 15184 15215 7268
3 15215 15184 7269
3 15215 7269 15214
3 4506 15215 15214
3 15215 4506 7241
3 4475 7268 15153
3 4475 15184 7268
3 15184 4475 7269
3 4564 15273 4563
3 15273 7186 4563
3 7186 15273 4537
3 4537 15273 7185
3 15273 4564 7185
3 15245 15272 7187
3 7047 4686 4685
3 15391 7047 4685
3 7047 15391 4707
3 7047 15392 4686
3 15392 7047 4707
3 15422 438 6978
3 438 15422 6996
3 15421 438 6996
3 6978 438 6979
3 438 15421 6979
3 7011 4729 15407
3 4729 7011 435
3 15403 7011 15407
3 7011 15403 4728
3 434 7011 4728
3 434 15418 435
3 7011 434 435
3 15395 4709 15393
3 4709 15398 15393
3 4709 7026 15398
3 15404 15409 7010
3 15409 4729 7010
3 15415 436 435
3 436 15415 6994
3 15418 15415 435
3 15415 15418 6994
3 439 15416 6995
3 15416 15414 6995
3 15416 434 15414
3 433 15413 6996
3 15413 433 7013
3 429 433 6996
3 15413 432 6997
3 432 15413 7013
3 4701 15388 7033
3 4701 7032 15388
3 4723 4701 7033
3 7032 4701 4723
3 4657 7071 4679
3 7071 4657 7094
3 4650 15375 4681
3 4638 15344 7093
3 15344 4638 7114
3 7094 7115 4636
3 7138 7115 4615
3 7115 15343 4636
3 7115 7138 7116
3 15343 7115 7116
3 4435 15112 4427
3 4435 4429 15112
3 7306 4435 4427
3 4429 4435 7306
3 4385 4390 15075
3 4387 4385 15075
3 4390 4385 15112
3 4385 4387 15112
3 15112 4389 4388
3 4387 4389 15112
3 4389 15075 4388
3 4389 4387 15075
3 15113 7341 15076
3 7341 4395 15076
3 4511 7237 7210
3 15248 4511 7210
3 4511 15248 7236
3 4511 7236 15218
3 7237 4511 15218
3 7182 7209 4540
3 7209 15248 4540
3 7209 7182 4541
3 7208 7209 4541
3 7209 7208 4512
3 7236 7209 4512
3 15248 7209 7236
3 15156 7296 4480
3 15156 4481 7295
3 4481 15156 4480
3 15156 7295 4444
3 4443 15156 4444
3 7296 15156 4443
3 4478 15155 7297
3 15155 4478 4479
3 7239 7267 15216
3 7210 4510 15247
3 7237 4510 7210
3 15123 7330 4404
3 7330 4364 4404
3 15121 4402 7333
3 4402 15084 7333
3 15084 4402 4362
3 4402 15121 4443
3 4363 15085 7372
3 15085 4363 7373
3 4363 7372 15046
3 7373 4363 15046
3 7699 4064 14816
3 3948 14711 7900
3 14711 3948 7901
3 7474 4271 7526
3 7475 7474 7526
3 7340 15077 4395
3 15182 15150 4467
3 15150 15182 4474
3 4401 4442 15121
3 4442 7297 4443
3 15121 4442 4443
3 4442 4401 7334
3 7375 15045 4317
3 15045 7375 4361
3 15045 4361 7374
3 7420 15045 7374
3 15045 7420 4318
3 14958 7475 7526
3 14913 7579 14914
3 14961 7523 7471
3 15003 4271 7474
3 7423 15003 7474
3 15004 7421 4318
3 7421 15003 4317
3 15003 7421 4273
3 7421 15045 4318
3 15045 7421 4317
3 7523 4274 7471
3 4274 15004 7471
3 4221 14954 14955
3 7530 14954 7583
3 14954 4221 7583
3 4499 7242 15214
3 7242 4506 15214
3 4506 7242 4499
3 7216 4505 4500
3 4497 4505 7216
3 4500 4505 15212
3 4505 15213 15212
3 4505 7243 15213
3 7243 4505 4497
3 15243 4498 15242
3 4498 15243 4499
3 4498 4499 15213
3 7243 4498 15213
3 4506 15244 7214
3 15244 4529 7214
3 15147 4425 4431
3 7305 4425 15147
3 4425 15113 4431
3 4469 15149 4465
3 15148 15149 7304
3 4465 15149 15148
3 15149 4430 7304
3 4430 15149 7303
3 15150 15149 4467
3 15149 15150 7303
3 4468 15180 4465
3 15180 7272 4465
3 15180 4468 7273
3 15180 15211 7272
3 4503 15211 7245
3 7244 15211 4503
3 7272 15211 15212
3 15211 7244 15212
3 15211 15180 7273
3 15210 15211 7273
3 15211 15210 7245
3 12850 2208 12851
3 12850 2201 10191
3 2208 12850 12864
3 12864 12850 12849
3 12850 10191 12849
3 2216 12865 10178
3 12865 2208 10178
3 2208 12865 12851
3 12838 10189 2202
3 10189 12838 12837
3 12838 2202 10199
3 2194 12838 10199
3 12837 12838 2194
3 12962 10118 2253
3 10118 12961 2253
3 2250 10118 12962
3 12956 10118 10125
3 2249 10119 12960
3 12961 2249 12960
3 10118 2249 12961
3 2249 10118 12956
3 10112 12975 2253
3 12961 10112 2253
3 10112 12973 12975
3 10112 12961 12973
3 10117 12962 12964
3 10117 2250 12962
3 12949 10117 12964
3 2250 10117 12949
3 2245 2250 10124
3 2245 10124 12941
3 12903 12904 2227
3 12903 10150 12904
3 10160 12903 2227
3 2234 10139 10149
3 10150 2234 10149
3 10163 12884 2217
3 12884 12867 2217
3 12867 12884 10175
3 10175 12884 12885
3 12901 10151 2226
3 10153 10142 10152
3 10154 10153 12899
3 12917 10142 10133
3 10142 12917 10152
3 12898 10154 12899
3 12898 10164 2224
3 10164 12898 12899
3 10165 12898 2224
3 10154 12898 2231
3 12898 10155 2231
3 12898 10165 12897
3 10155 12898 12897
3 2225 10164 12899
3 10164 2225 12883
3 12883 2225 2217
3 2225 10163 2217
3 12914 2238 10144
3 10144 2238 12915
3 10135 2238 12930
3 2238 10136 12930
3 2238 12914 10136
3 10127 2248 10120
3 2248 10127 2243
3 12894 10171 2220
3 2220 10171 12878
3 10171 12872 12878
3 12872 10171 12879
3 12879 10171 12895
3 10171 12894 12895
3 10113 12972 12973
3 12972 10109 12973
3 10110 12972 10114
3 10109 12972 12984
3 12972 10110 12984
3 12971 10110 10114
3 12971 10114 2251
3 10110 12983 2255
3 12983 12982 10107
3 10106 12983 10107
3 2255 12983 10106
3 12959 12965 10120
3 12965 12959 10114
3 12974 12989 12987
3 12974 12970 10116
3 12974 10116 2254
3 12989 12974 2254
3 12970 12976 10116
3 13629 2849 9339
3 2857 9338 9404
3 2854 2857 9404
3 9338 2857 9339
3 2857 2854 9339
3 3099 13875 9037
3 3098 13875 3099
3 13875 9038 9037
3 13875 3098 9038
3 3037 9194 2976
3 3036 3037 2976
3 9118 3037 3036
3 2975 2915 9196
3 2975 9195 2915
3 3035 2975 9196
3 9195 2975 3036
3 2975 3035 13815
3 3036 2975 13815
3 9195 13753 9269
3 13753 3036 2976
3 13753 9195 3036
3 9465 2806 9522
3 9267 9336 13691
3 9336 9267 2918
3 9116 3101 13817
3 2966 9272 13750
3 13688 9271 9340
3 2914 9271 2913
3 9271 2914 9340
3 3153 13872 9043
3 13872 3153 9042
3 13872 3088 9043
3 13872 3092 3088
3 3154 9041 9042
3 8961 3215 13994
3 3153 13933 9042
3 13933 3154 9042
3 13933 8961 3154
3 14058 3283 8796
3 3284 14058 8796
3 8960 13995 3156
3 8960 8961 13994
3 3097 3098 9119
3 13461 2665 13411
3 2665 2624 13411
3 2707 9573 13461
3 9574 2707 9620
3 2707 13461 9620
3 2744 2806 9464
3 2754 2744 9464
3 2806 2744 9522
3 9522 2744 13512
3 2744 9574 13512
3 9335 13632 2862
3 9336 9335 2862
3 9335 9266 13692
3 9335 9336 2918
3 9266 9335 2918
3 2924 9187 2984
3 3101 9115 13817
3 9266 2919 13692
3 2919 9265 13692
3 9262 13695 9331
3 3102 9034 13878
3 3040 3102 9114
3 3102 3040 9115
3 3102 9115 3101
3 9262 2922 9188
3 3469 14231 8562
3 3342 3279 8642
3 3279 8879 8642
3 3279 14055 8879
3 8563 3531 8562
3 3531 8563 14288
3 8317 8318 3663
3 8317 3663 8233
3 3660 3659 8232
3 3659 8316 14412
3 8316 3659 3660
3 8068 8149 3795
3 3797 8149 8068
3 8149 3729 3795
3 14230 3467 8563
3 3467 14230 8642
3 3805 3806 8141
3 3806 3805 14536
3 14353 8397 3603
3 14353 8480 8397
3 14416 8310 3603
3 14416 3671 8310
3 3998 7772 3990
3 7772 3998 3989
3 3932 4160 3994
3 3932 8068 4160
3 3471 8638 14232
3 8638 3471 14233
3 8638 3407 14232
3 8038 3829 8119
3 3829 8118 8119
3 3764 14495 14497
3 3763 14496 8119
3 8118 3763 8119
3 14553 3832 8117
3 14495 8199 14497
3 13965 13962 8922
3 13962 13965 9003
3 14201 14200 8606
3 8844 8765 14086
3 8532 14314 3498
3 14250 3505 8529
3 8607 14256 3498
3 8452 3569 3562
3 14496 8203 14494
3 8287 8203 14434
3 3375 8684 14145
3 8683 8684 14203
3 14202 8604 14203
3 8684 14202 14203
3 14202 3375 8685
3 14202 8684 3375
3 8618 8619 3492
3 8619 14245 3492
3 14130 3304 8777
3 3430 14188 8618
3 14364 8464 8381
3 8298 3684 14425
3 3684 3685 14425
3 14302 3552 8465
3 3553 8464 3554
3 8464 3553 8465
3 3553 14302 8465
3 14302 3553 8542
3 3553 8541 8542
3 8541 3553 3554
3 14363 8464 8465
3 3618 14363 8465
3 14363 3618 8382
3 8464 14363 3619
3 14363 8382 3619
3 3552 8466 8465
3 8466 3552 3551
3 14428 8294 3689
3 8294 3621 8380
3 8380 3621 8462
3 14428 3621 8294
3 8376 14367 3624
3 14367 8376 8459
3 8615 14251 8614
3 14251 14249 3495
3 14251 8615 14249
3 14132 14191 3369
3 3559 14308 8459
3 8461 8378 3623
3 3622 8378 8461
3 14365 8461 8462
3 14365 3622 8461
3 3622 14365 8379
3 3621 14365 8462
3 14365 3621 8379
3 14308 8536 14306
3 8537 8536 3495
3 8536 8537 14306
3 8536 14308 8535
3 4300 7483 14993
3 14996 14995 7429
3 4310 14994 7431
3 14994 7483 7431
3 7772 4048 4047
3 14947 4214 7591
3 7536 14948 7485
3 7535 7534 4217
3 7534 7535 4264
3 4110 7709 14857
3 4110 14857 7649
3 4110 7708 4047
3 4048 4110 4047
3 4110 4048 7709
3 3997 3993 7840
3 3991 3997 7840
3 14857 4107 4160
3 13945 9024 3172
3 3359 8707 14183
3 3359 3360 8783
3 8627 14240 3420
3 14240 8626 3420
3 14240 3484 8626
3 8707 3421 14183
3 3421 3422 14183
3 8626 3421 3420
3 8629 8710 3417
3 8708 8627 3420
3 14237 3478 8553
3 8132 3748 3747
3 3748 8132 3816
3 8132 14543 3816
3 3615 8468 8469
3 8545 8546 14300
3 3547 14299 8547
3 3548 14299 3547
3 8546 14299 3548
3 14299 3485 8547
3 14299 8546 3485
3 8470 3548 3547
3 3548 8470 8469
3 8220 8304 3677
3 3743 8220 3677
3 8220 3743 14481
3 14238 8629 3417
3 14238 3479 3480
3 8304 3610 8390
3 8390 3610 8473
3 3481 14238 3480
3 14238 3481 8629
3 8550 3544 14297
3 8474 3544 14296
3 3481 3544 8550
3 14297 3544 8473
3 3544 8474 8473
3 3479 8552 3480
3 8552 14296 3480
3 14002 3228 8865
3 3228 3294 8865
3 3294 3228 14064
3 8955 8954 3161
3 13998 8954 8955
3 8954 13998 3222
3 3223 8954 3222
3 14295 3479 8553
3 14295 8552 3479
3 8793 3349 3287
3 3286 8793 14060
3 8793 3287 14060
3 3476 8556 14293
3 2387 9918 13104
3 13104 9918 9917
3 9918 13137 9917
3 9918 13136 2418
3 13137 9918 2418
3 9849 13171 9885
3 13171 9849 2452
3 13171 13136 9885
3 13171 2452 9848
3 9884 13171 9848
3 13136 13171 2418
3 13171 9884 2418
3 13209 9809 2452
3 9849 13209 2452
3 13248 9813 9772
3 9813 13248 9812
3 13206 2450 9852
3 9812 13206 9852
3 13206 2486 2450
3 13206 9812 2486
3 9733 13289 9772
3 13289 13248 9772
3 13289 9692 13333
3 9692 13289 9733
3 9731 2558 13334
3 9885 13135 2417
3 13136 13135 9885
3 9886 13169 9850
3 13169 9851 9850
3 9851 13169 13168
3 2361 9952 9951
3 2360 13074 9982
3 2329 2328 9999
3 2329 9999 13051
3 2330 2329 13051
3 2328 2329 13071
3 2329 2330 13071
3 9986 13070 10001
3 2350 2358 13070
3 2378 9927 9926
3 2414 9924 13129
3 2413 13128 9926
3 2413 9893 13162
3 9923 9890 9889
3 9773 9814 13246
3 13164 9890 2414
3 9893 9857 13162
3 9857 13200 9817
3 2516 13239 2475
3 13239 9820 2475
3 13200 9777 9817
3 9777 13200 2518
3 9818 13199 2518
3 13196 2438 2444
3 2438 13196 2475
3 9820 2438 2475
3 2445 9859 13159
3 9858 9859 13198
3 9859 9895 13159
3 2471 9821 2475
3 2471 2480 9821
3 13196 2471 2475
3 2480 2471 13196
3 2478 2480 13196
3 2480 2478 9821
3 9701 13369 2590
3 13369 9657 2590
3 9700 9701 2590
3 9700 13324 9701
3 2507 9822 2506
3 9822 2507 2510
3 13320 2547 9706
3 13320 9705 2547
3 9745 2547 13321
3 13277 9745 13321
3 9745 13277 2547
3 2587 13322 9704
3 2587 9703 13322
3 9744 9783 13236
3 9783 9744 13278
3 9783 13278 13237
3 9783 2514 13236
3 9783 13237 2514
3 13278 2550 9743
3 9703 2550 13322
3 9743 2550 9702
3 2550 9703 9702
3 9744 2539 13278
3 2539 9744 2549
3 13322 2539 2549
3 13545 13546 9542
3 13546 13545 9489
3 13545 9542 9490
3 9489 13545 9490
3 2778 13546 9489
3 2778 9489 13600
3 9431 2778 13600
3 9540 9487 13548
3 9487 2779 13548
3 9487 9540 13547
3 2779 9487 13547
3 9488 2779 13547
3 9488 2778 9431
3 2778 9488 13546
3 9488 13547 2731
3 13546 9488 2731
3 9152 2944 13792
3 2944 13793 9227
3 9152 13793 2944
3 13729 9227 9297
3 13729 2944 9227
3 9429 9365 13603
3 9429 2832 9365
3 9429 13603 9486
3 2779 9429 9486
3 2832 9429 2779
3 9428 2833 13605
3 2833 9364 13605
3 2833 9428 13604
3 9364 2833 13604
3 2888 9363 9427
3 9364 2888 9427
3 13667 2888 9364
3 9363 2888 13668
3 2888 9296 13668
3 2888 13667 9297
3 13730 2888 9297
3 9296 2888 13730
3 9430 9366 13602
3 9366 9430 9367
3 2779 9430 13602
3 9488 9430 2779
3 2832 2887 9365
3 9366 2887 2832
3 9590 9544 13491
3 9590 13491 13442
3 9590 13490 9544
3 13490 9590 2686
3 13179 13178 9842
3 13178 9878 13183
3 13178 13179 9877
3 9842 13178 2456
3 13178 13183 2456
3 13178 9877 2422
3 9878 13178 2422
3 2455 13215 2491
3 13215 2455 9804
3 2491 13215 2527
3 13215 9804 2527
3 13210 9848 2488
3 13210 9808 9848
3 2524 13210 2488
3 9808 13210 2524
3 2453 2489 13212
3 9807 2489 2453
3 9764 13297 13298
3 13297 9724 13298
3 13255 9765 2526
3 2454 13213 2490
3 9806 13213 2454
3 13213 9806 2526
3 13213 9805 2490
3 9805 13213 2526
3 13255 2525 13254
3 9806 2525 13255
3 2525 9806 13212
3 2489 2525 13212
3 2525 9807 13254
3 2525 2489 9807
3 9872 9871 13185
3 2428 9871 9872
3 2424 13148 2426
3 2424 2428 13148
3 9874 2424 2426
3 2424 9871 2428
3 2424 9874 13185
3 9871 2424 13185
3 9834 2460 13186
3 2460 9833 13186
3 2494 2460 9834
3 2460 2494 13227
3 2464 2460 13227
3 9833 2460 2464
3 9318 13708 9317
3 9248 13708 9318
3 13707 9248 9318
3 9242 13781 2938
3 13781 9242 13770
3 13781 13770 3007
3 9164 9165 2938
3 9164 2998 9165
3 13781 9164 2938
3 2998 9164 3007
3 9164 13781 3007
3 13845 9160 3060
3 9241 13718 2938
3 13718 9242 2938
3 9242 13718 9311
3 9494 13594 9437
3 13594 2827 9437
3 9312 2880 13653
3 13654 9312 9311
3 2880 13654 9377
3 13654 2880 9312
3 2937 9242 13717
3 9312 2937 13717
3 13587 2770 9444
3 13587 2823 2770
3 9766 13296 13255
3 9726 13296 9766
3 13296 9765 13255
3 9765 13296 2562
3 13296 13340 2562
3 13296 9726 13340
3 9684 13297 13341
3 9724 9684 13342
3 13297 9684 9724
3 2600 9684 13341
3 13340 9685 2562
3 9685 13341 2562
3 2600 9685 13340
3 9685 2600 13341
3 9551 9498 13536
3 2725 13537 9549
3 2561 9726 13295
3 2561 13295 9727
3 13339 2561 9727
3 9726 9686 13340
3 9686 13339 2599
3 2561 9686 9726
3 9686 2561 13339
3 13294 9728 13338
3 2524 13252 9767
3 13252 13294 9767
3 9809 13252 2524
3 2597 13380 9647
3 9556 9503 13530
3 9556 13477 2721
3 13532 9554 13531
3 9502 13532 13531
3 9554 2722 13531
3 2598 13337 9689
3 9186 2924 2984
3 9328 13637 2870
3 13637 9328 13697
3 13764 9179 13702
3 13826 9179 13764
3 9178 13828 13766
3 13828 9178 3052
3 2720 13475 9558
3 9605 13425 2677
3 9605 13476 13425
3 9605 2720 13476
3 13475 9605 2677
3 2720 9605 13475
3 13476 9604 13425
3 2769 13585 9445
3 13477 9557 2721
3 9604 9557 13477
3 9557 9604 13476
3 9504 2821 13584
3 2768 2821 9504
3 2821 9384 13584
3 2875 2820 9386
3 13644 2875 9386
3 2875 13644 9321
3 13645 2875 9320
3 2875 9321 9320
3 9382 2877 13649
3 13586 9382 9444
3 9250 13706 9319
3 13706 9318 9319
3 9319 13646 9320
3 13646 9319 2876
3 9384 13646 2876
3 2821 13646 9384
3 9318 13647 2876
3 9383 13647 9318
3 13647 9384 2876
3 2992 9177 13766
3 9177 2992 13767
3 13704 9177 13767
3 9322 13642 13702
3 13643 9322 9321
3 9322 13703 9321
3 13885 9017 9018
3 9017 13885 13892
3 9019 3116 13891
3 3116 9019 13892
3 9175 2993 3054
3 13887 3115 9102
3 2932 9176 13768
3 9176 2932 13767
3 9176 2992 3053
3 2992 9176 13767
3 9176 2993 13768
3 9177 9252 13766
3 9252 9177 13704
3 13703 9252 9321
3 9252 13704 9321
3 2932 9251 13767
3 9251 13704 13767
3 13704 9251 9320
3 9251 13705 9320
3 9251 2932 13705
3 3046 9109 3108
3 9108 3046 3108
3 3046 9185 2985
3 3047 3046 9108
3 9185 3046 2986
3 3046 3047 2986
3 13942 8948 3169
3 13942 3168 8949
3 8948 13942 8949
3 8947 14004 13943
3 13637 9393 2870
3 9456 2762 13573
3 9254 13764 13702
3 9692 9649 13379
3 13379 9649 2636
3 13424 13475 2677
3 13470 13420 2674
3 2719 9559 13474
3 9559 13527 9558
3 13475 9559 9558
3 13527 9559 9506
3 9507 9449 9506
3 13380 9648 2636
3 9648 13380 2596
3 9648 13379 2636
3 9648 2596 13379
3 3124 9082 13904
3 13906 9082 13845
3 9082 13906 13904
3 13903 9084 3122
3 9084 9086 3122
3 9006 13903 3122
3 14728 7880 3966
3 3964 14724 7883
3 8036 3832 14553
3 8034 8036 14612
3 14666 7960 7961
3 3961 14666 7961
3 14666 3961 7886
3 14667 7960 3963
3 7960 14667 7959
3 14667 3964 7959
3 7885 14667 3963
3 7960 3896 3895
3 3896 7960 7959
3 14725 3965 7883
3 14670 3965 7882
3 7956 3965 14670
3 7882 3965 14726
3 3965 14725 14726
3 7956 3901 14612
3 3901 8034 14612
3 8034 3901 8035
3 8370 8368 14368
3 14376 8370 14368
3 13007 2280 2279
3 2275 2280 13007
3 2280 13022 2279
3 13022 2280 2275
3 9997 13073 9982
3 2337 9997 9982
3 13073 9997 9998
3 9998 9997 13053
3 2268 2262 12999
3 2267 2268 12999
3 2262 2268 13008
3 2268 2267 13008
3 2265 2264 12999
3 2264 10061 13008
3 2264 2265 10061
3 13020 10044 13006
3 2277 10044 13021
3 10044 2277 13006
3 10044 13020 2296
3 10044 13035 13021
3 13035 10044 2296
3 10045 13034 2291
3 13020 10045 2291
3 10045 13019 13034
3 13019 10045 10046
3 10045 13006 10046
3 10045 13020 13006
3 10026 10025 13035
3 10026 13035 2308
3 2316 10026 13053
3 10026 2308 13053
3 10025 13036 13035
3 13036 2298 13021
3 13035 13036 13021
3 13036 10025 2317
3 2298 13036 13037
3 13036 2317 13037
3 2339 9979 2362
3 9979 13077 2362
3 9980 9979 9995
3 13077 9979 9980
3 13026 13032 2284
3 13011 13026 2284
3 13026 13011 13030
3 13046 13026 13030
3 13041 13026 13046
3 13026 13041 13032
3 10059 13016 13010
3 13016 10059 13015
3 13016 2283 13010
3 10041 13016 13015
3 2283 13016 10041
3 13013 13009 10060
3 13009 13013 2282
3 13013 10060 13008
3 2282 13013 13008
3 10038 2302 13028
3 13028 2302 10037
3 2302 13042 13043
3 2302 10038 13042
3 13045 2302 13043
3 2302 13045 10037
3 13027 13012 2284
3 10038 13027 13042
3 13027 2301 13042
3 13012 13027 13014
3 13027 10038 13014
3 13064 13047 2319
3 13047 13041 2319
3 13047 13064 13048
3 13041 13047 13032
3 13025 2283 13029
3 2300 13025 13029
3 10021 13059 2319
3 10021 13046 13040
3 13046 10021 2319
3 13059 9993 2340
3 9993 13079 2340
3 9993 9978 13079
3 13078 2339 2362
3 13078 2362 9950
3 9978 13078 9950
3 13078 9993 2339
3 9993 13078 9978
3 9993 13058 2339
3 13058 9993 13059
3 2320 13067 13061
3 13066 13067 2320
3 13067 9991 13061
3 13067 13066 9991
3 13112 13108 9947
3 13112 9915 13140
3 13112 13140 9914
3 13108 13112 9914
3 13115 13109 9946
3 13109 13115 2390
3 9946 13109 9945
3 13109 2390 9945
3 2364 13081 13085
3 13081 2364 13086
3 13081 2341 13085
3 13081 13086 2341
3 9975 13082 9990
3 9975 13087 13082
3 13086 9975 9990
3 13087 9975 13086
3 13146 13141 9880
3 2420 13141 9914
3 13141 2420 9880
3 13141 2390 9914
3 2390 13141 9913
3 13141 13146 9913
3 13193 9867 13189
3 13193 13194 9867
3 9830 13193 13189
3 13194 13193 9830
3 2608 9673 2607
3 9673 13355 9713
3 13355 9673 2608
3 9674 13354 9714
3 13354 2569 9714
3 13354 9674 2607
3 9673 13354 2607
3 2569 13354 13310
3 13310 13354 9713
3 13354 9673 9713
3 13117 2399 2395
3 13117 9938 2399
3 13117 2395 9937
3 9938 13117 9937
3 13004 10074 13003
3 13004 13000 10074
3 13004 13003 2269
3 13000 13004 2269
3 14581 14580 8094
3 14578 14581 8094
3 8014 14581 14578
3 7865 14744 14750
3 7861 14698 7862
3 14698 7936 7935
3 7936 7861 14699
3 7861 7936 14698
3 8014 14640 14635
3 14640 8014 3912
3 14640 7936 14635
3 7936 14640 7935
3 14895 7667 4145
3 14847 7667 14848
3 7667 14895 7607
3 7665 7667 7607
3 7667 7665 14848
3 14852 4090 14851
3 4090 14852 14847
3 14852 7667 14847
3 14899 14900 7608
3 14900 14899 7668
3 4293 7450 7502
3 7450 14978 7502
3 7452 7503 14976
3 7503 7556 14976
3 7448 7499 14981
3 14990 7448 15071
3 7499 7448 14990
3 4089 14845 7668
3 14845 4144 14897
3 7668 14845 14897
3 14845 7669 4144
3 14845 4089 7732
3 14844 14845 7732
3 7669 14845 14844
3 7728 7730 14848
3 7728 14797 7730
3 7792 7793 14807
3 7792 14753 7793
3 14753 7792 7862
3 7792 14807 7791
3 3977 14753 7862
3 14698 3977 7862
3 7669 14893 4144
3 4144 14893 14897
3 14893 7609 14897
3 7671 4143 14843
3 4143 7670 14843
3 7733 4088 14844
3 4088 7670 14844
3 4088 7733 14843
3 7670 4088 14843
3 14892 7669 14844
3 7670 14892 14844
3 14892 14893 7669
3 14892 4143 7610
3 4143 14892 7670
3 14893 14892 7609
3 14937 14892 7610
3 14892 14937 7609
3 7942 14684 14685
3 14684 3973 14685
3 14684 14627 7943
3 14627 14684 7942
3 14741 7868 14685
3 4033 14741 7799
3 14741 4033 7798
3 7868 14741 7798
3 14570 8102 3773
3 8102 14570 14571
3 8102 14571 8101
3 14514 8102 8101
3 8102 14514 3773
3 3908 7942 14628
3 3908 14627 7942
3 8020 3908 14628
3 14627 3908 8021
3 3908 14571 8021
3 3908 8020 14571
3 8020 3840 14571
3 3840 8020 14572
3 14571 3840 8101
3 3840 14572 8101
3 7941 14629 14628
3 14629 8019 14628
3 14630 14629 7941
3 8016 14576 14575
3 3911 14576 8016
3 4035 14750 7796
3 4035 7794 14750
3 4035 7729 14805
3 7794 4035 14805
3 7867 3975 14687
3 3975 7867 14743
3 3975 7940 14687
3 3975 14688 7940
3 8105 3838 8104
3 3838 8105 14567
3 8023 14625 3907
3 14625 7944 3907
3 14625 8023 14624
3 7945 14625 14624
3 14625 7945 14682
3 7944 14625 14682
3 7802 7803 14790
3 7735 7802 14790
3 14791 7802 7735
3 3906 7946 14624
3 7946 3906 14623
3 8024 3906 14624
3 3906 8024 14623
3 14626 14683 7943
3 7944 14683 14626
3 14683 14684 7943
3 14620 7949 14621
3 14384 14385 8443
3 14385 14386 8443
3 14514 8184 3773
3 3639 14393 8436
3 8354 14393 3639
3 14393 8354 14394
3 8103 14569 3839
3 14569 8022 3839
3 8022 14569 8023
3 14512 8103 3773
3 7674 4085 14838
3 4085 7738 14838
3 14789 4030 7804
3 7737 14789 7804
3 7875 3970 14678
3 3970 7875 14734
3 14677 7875 14678
3 14734 7875 14733
3 14619 14620 8028
3 8029 14619 8028
3 14884 7677 14835
3 4139 7677 14884
3 7677 4139 14836
3 7738 14787 7739
3 7806 14787 7805
3 7805 14787 4029
3 14787 7738 4029
3 14838 7675 4140
3 14837 7675 14838
3 7675 14886 4140
3 14886 7675 14837
3 4084 14837 7739
3 7616 4192 14930
3 7559 7558 14930
3 4192 7559 14930
3 7559 14929 4243
3 7559 4192 14929
3 7557 7504 14976
3 7556 7557 14976
3 14933 7557 7556
3 14783 7742 7741
3 7742 14834 7741
3 7809 14730 7879
3 7808 14731 7878
3 14730 7808 7878
3 7809 7808 14730
3 7808 14783 14784
3 7808 7809 14783
3 7248 15199 7221
3 15199 7249 7221
3 15057 15058 4334
3 15056 15057 7405
3 15057 15056 7359
3 4377 15057 7359
3 15016 15057 4334
3 15057 15016 7405
3 7317 4377 4417
3 4377 7317 15096
3 4458 7317 4417
3 15095 4377 7359
3 7318 15095 7359
3 4377 15095 4417
3 15095 7318 4417
3 15141 7315 4418
3 4460 15135 15139
3 15135 7315 15139
3 15102 7314 15099
3 7355 15102 15099
3 15102 7355 15060
3 7356 15060 15059
3 7357 7356 15059
3 15098 7356 7357
3 7315 4419 15098
3 15135 4419 7315
3 4419 4460 7314
3 4419 15135 4460
3 4380 15070 15064
3 15066 15070 4380
3 15070 7400 15064
3 15070 15066 7400
3 7400 15068 15064
3 15069 15068 7400
3 15068 4380 15064
3 15068 15069 4380
3 4336 15061 7400
3 15061 15069 7400
3 15061 4336 15067
3 15069 15061 4380
3 15061 15067 7355
3 4380 15061 7355
3 15338 7127 15335
3 4602 15338 15335
3 15334 15338 4602
3 15338 15331 7127
3 15331 15338 15334
3 7149 15315 4603
3 15313 15314 4603
3 15314 7150 4603
3 15314 15313 4578
3 7150 15314 4578
3 15285 15283 4552
3 15283 15285 4579
3 7172 15285 4552
3 4579 15285 7172
3 15286 15290 15256
3 15290 7171 15256
3 15290 15286 4579
3 15219 7235 15220
3 7235 4513 15220
3 7235 15219 4512
3 7208 7235 4512
3 4513 7235 7208
3 4543 7207 4542
3 7207 15249 4542
3 4513 7207 4514
3 7207 4513 15249
3 4569 15277 4542
3 15277 4569 15303
3 4515 7205 4516
3 7205 7204 4516
3 7205 4545 7204
3 15278 7205 4544
3 7205 15278 4545
3 7206 4543 4544
3 7205 7206 4544
3 7206 7205 4515
3 7206 4515 4514
3 7234 7233 15220
3 4515 7233 7234
3 14718 3954 7894
3 3954 14718 7893
3 8125 3756 3755
3 3823 8125 14548
3 8125 3823 3756
3 3690 8209 14489
3 8209 3756 14489
3 8209 14428 3689
3 14428 8209 3690
3 3756 8209 3755
3 14488 8209 3689
3 8209 14488 3755
3 3823 3824 8124
3 8126 14488 3754
3 14488 8126 3755
3 8044 3889 14605
3 8205 3694 14432
3 3694 8205 14492
3 14492 8205 3760
3 3827 3826 8040
3 3827 8121 3826
3 8121 3827 3760
3 3691 8208 8207
3 8208 3690 14489
3 3758 14490 8207
3 14490 3758 3759
3 8206 14490 3759
3 3818 8048 14545
3 8048 3818 8049
3 8048 3819 14545
3 3819 8048 8047
3 3889 7966 14605
3 14606 7965 7964
3 3892 14606 7964
3 14606 3892 8042
3 7967 14604 7968
3 7966 7967 14662
3 7967 7966 3889
3 14718 7892 7893
3 7964 14664 7963
3 7819 4018 14721
3 7889 7819 14721
3 7819 7752 4018
3 3825 8123 14549
3 8123 3825 3758
3 14550 8041 3826
3 14550 3825 8041
3 3758 8122 3759
3 3825 8122 3758
3 14550 8122 3825
3 8122 14550 3826
3 8122 8121 3759
3 8121 8122 3826
3 3888 8046 14604
3 7967 3888 14604
3 3888 3889 8045
3 3888 7967 3889
3 14604 3887 7968
3 8046 3887 14604
3 3820 3887 8046
3 4181 7571 14920
3 7519 4230 14963
3 4230 7520 14963
3 7686 4076 14827
3 7686 14876 7685
3 4183 14875 7627
3 7626 4183 14921
3 4183 7627 7570
3 4233 4183 7570
3 4183 4233 14921
3 4323 15048 7370
3 7416 15048 4323
3 7370 15048 4365
3 15048 7371 4365
3 4178 14917 7574
3 7632 7692 4124
3 14871 7632 4124
3 7633 7632 14871
3 15005 4275 7471
3 4275 15005 7470
3 4275 14961 7471
3 4319 7420 15046
3 4319 15005 7420
3 15005 4276 7470
3 4276 7521 7470
3 4525 7196 7223
3 15257 7196 4525
3 7196 15258 7223
3 15258 7196 4554
3 7196 15257 4554
3 4526 15232 7223
3 4486 15191 7258
3 15192 4486 7258
3 15160 4486 4487
3 4486 15192 4487
3 4485 7260 7259
3 15191 4485 7259
3 4486 4485 15191
3 4485 4486 7291
3 15124 7328 4406
3 15124 4448 7328
3 7329 15124 4406
3 4448 4407 7328
3 15087 4407 4367
3 7328 4407 15087
3 15189 7262 15220
3 15189 4482 7262
3 7257 15192 15223
3 7229 7257 15223
3 7257 7229 15224
3 7257 7256 4488
3 7256 7257 15224
3 4487 7257 4488
3 15192 7257 4487
3 4325 7413 15009
3 7413 4326 15009
3 4371 7365 15090
3 7365 15051 15090
3 4328 15011 7411
3 15011 4328 7410
3 15051 4328 7411
3 7365 4328 15051
3 4373 15091 4413
3 7364 15091 4373
3 15091 4412 4413
3 14974 4291 7505
3 7558 14974 7505
3 7454 14974 7506
3 14974 7454 4291
3 7559 14974 7558
3 7506 14974 4243
3 14974 7559 4243
3 7403 7404 15058
3 7404 7403 15017
3 7403 15058 15059
3 4335 7403 15059
3 7403 4335 15018
3 7454 7403 15018
3 7403 7454 15017
3 14970 4288 7458
3 4288 14970 7510
3 7459 4288 7510
3 4288 15013 7458
3 4288 7459 15013
3 7811 14727 4025
3 14727 7811 14728
3 7811 4025 14781
3 7810 7811 14781
3 7811 7810 14728
3 7881 14670 7882
3 14727 7881 7882
3 7881 14671 14670
3 14671 7881 3966
3 7881 14727 3966
3 4080 7682 14830
3 4135 7682 4080
3 7682 4135 14879
3 7682 4136 14830
3 7682 14879 4136
3 14723 7815 7885
3 7885 7815 14724
3 7815 14723 4021
3 14724 7815 7814
3 7815 4022 7814
3 4019 7818 14775
3 7751 4019 14775
3 4019 7817 14722
3 7818 4019 14722
3 4019 7751 4075
3 4019 7750 7817
3 7750 4019 4075
3 7887 3960 14722
3 7887 3961 3960
3 7886 7887 14722
3 3961 7887 7886
3 3895 8039 8040
3 3828 8039 8038
3 8039 3896 8038
3 3896 8039 3895
3 7751 14826 4075
3 14826 7688 4129
3 7687 14826 4129
3 14826 7687 4075
3 7817 14776 4020
3 7750 14776 7817
3 14776 7750 4076
3 14776 7749 4020
3 14776 4076 7749
3 7748 4077 14828
3 14828 4077 7685
3 7749 4077 4021
3 4077 7748 4021
3 4077 7686 7685
3 4076 4077 7749
3 7686 4077 4076
3 7748 14777 4021
3 14777 7815 4021
3 7815 14777 4022
3 14777 7748 4078
3 14777 4078 7747
3 4022 14777 7747
3 4329 15011 7410
3 4329 7409 15011
3 7409 4329 4330
3 4329 15053 4330
3 4329 7363 15053
3 7363 4329 7364
3 7624 14922 7567
3 4186 7624 7567
3 14922 7624 4185
3 7624 14877 4185
3 7624 4133 14877
3 7624 4186 4133
3 4134 7623 14878
3 4186 7623 4134
3 7623 4187 14878
3 7623 14923 4187
3 7623 4186 14923
3 7516 7464 4282
3 7464 7516 4281
3 4282 7464 15009
3 7464 4281 15009
3 12101 12099 62
3 12100 12101 62
3 12099 12101 5190
3 12101 12100 5190
3 12184 12187 85
3 12185 12184 85
3 12179 12184 12185
3 12184 5127 12187
3 5127 12184 12179
3 5664 1672 11100
3 1646 5664 11100
3 1645 1619 5692
3 5692 1619 11060
3 1619 5691 11060
3 1619 1646 5691
3 5639 1671 11140
3 5667 11097 1644
3 1670 11097 5667
3 5592 11219 5593
3 1695 11180 5615
3 11139 5667 1669
3 11139 1670 5667
3 11019 11056 5723
3 5753 11019 5723
3 10984 5782 1558
3 10984 5753 1559
3 5781 10984 1559
3 10984 5781 5811
3 1531 10984 5811
3 10984 1531 5782
3 1701 5606 11189
3 5606 1702 11189
3 1702 5606 5605
3 1680 11110 5654
3 10993 1566 5744
3 1566 10993 5772
3 1566 10992 5744
3 10992 1566 5772
3 10994 5743 11029
3 5742 10994 11029
3 5714 1595 11065
3 11028 1595 5714
3 1595 11028 5715
3 1595 5715 5687
3 11065 1595 5687
3 1626 5682 11069
3 5682 1626 1653
3 5682 1627 11069
3 1627 5682 1653
3 1626 1652 11107
3 1652 5657 11107
3 5657 1652 11106
3 1652 1625 11106
3 1626 11108 1653
3 11108 5655 1653
3 5656 11108 11107
3 11108 1626 11107
3 11108 5656 1678
3 5655 11108 1678
3 5684 1625 11068
3 5684 1597 11067
3 1597 5684 11068
3 1625 5684 11106
3 5684 1651 11106
3 5685 5684 11067
3 1651 5684 5685
3 5710 1598 11069
3 1598 1626 11069
3 11026 5746 1593
3 11026 5745 1565
3 5746 1564 5747
3 11025 5746 5747
3 1592 11025 5747
3 1651 1624 11105
3 1624 1651 5685
3 11105 1624 1650
3 1624 5686 1650
3 5686 1624 11066
3 1624 5685 11066
3 11977 14 5234
3 11977 2164 5235
3 11977 5234 2165
3 11977 2165 5251
3 2164 11977 5251
3 2148 5249 11983
3 5249 2148 11950
3 12062 12063 5210
3 12062 5191 12063
3 40 12058 12094
3 40 12060 12058
3 5171 40 12094
3 12060 40 5191
3 40 5171 12095
3 12099 40 12095
3 5191 40 12099
3 12023 11982 5230
3 5230 11982 11990
3 11982 2168 11990
3 11982 5246 2168
3 11982 5229 2169
3 5246 11982 2169
3 12018 12026 5210
3 12026 12018 5229
3 12026 12058 5210
3 12058 12026 5211
3 5191 12056 12063
3 12064 12056 5191
3 12063 12056 5210
3 12056 12064 5210
3 11923 5280 11920
3 5280 11923 11916
3 2130 11923 11920
3 11923 2130 5265
3 11916 11923 5265
3 11890 2112 11893
3 11890 11889 2112
3 11890 11893 5295
3 11889 11890 5295
3 11475 1854 5453
3 11420 5490 1828
3 11449 5490 5477
3 11421 5503 1828
3 5503 11421 5502
3 5504 1812 5505
3 5503 11392 5504
3 11392 1812 5504
3 1812 11392 5520
3 1918 1911 5406
3 1911 5403 5399
3 1911 1918 5403
3 5435 1889 11549
3 1889 5435 11548
3 11525 5435 1877
3 5434 5435 11549
3 5435 5434 1877
3 5444 11525 1877
3 5444 1877 5443
3 1867 11501 5453
3 1854 1867 5453
3 5454 1867 1854
3 11297 5570 1740
3 11455 5483 1833
3 11428 5482 1835
3 11428 5496 5482
3 1861 5457 11482
3 11483 5457 1861
3 5458 1860 11482
3 1860 5458 11481
3 5446 1860 11481
3 1860 5446 11508
3 5613 1696 11182
3 5614 5613 11182
3 5612 5613 11222
3 1696 5613 5612
3 5547 11337 11301
3 5547 11301 5567
3 5529 11371 1783
3 11371 5529 1802
3 1804 1803 5509
3 1803 11371 5509
3 11258 11259 5592
3 11259 1718 5592
3 1718 11259 5591
3 1763 5548 5568
3 5548 11300 5568
3 11300 5548 11336
3 11335 5548 1763
3 2059 11813 5336
3 11813 11808 2038
3 11813 2059 11808
3 1947 11691 5398
3 11691 1947 1954
3 11691 11692 5398
3 11691 1954 1955
3 11692 11691 1955
3 11763 11747 5370
3 1980 11733 11724
3 11712 5377 1982
3 11725 5377 11712
3 5377 11742 1982
3 11700 5385 11712
3 5385 11700 1967
3 11711 5385 1967
3 5385 11711 11724
3 11733 5385 11724
3 3786 8080 11488
3 8080 3853 11488
3 8000 11487 8001
3 3853 11487 8000
3 11487 8081 8001
3 11487 8080 8081
3 8080 11487 3853
3 7783 11562 7784
3 11562 7783 7851
3 11562 11561 7784
3 11561 11562 7852
3 11461 3719 8161
3 11462 11461 3786
3 11461 11462 3719
3 11461 3785 8081
3 11461 8080 3786
3 8080 11461 8081
3 8082 3785 11459
3 7999 3854 11488
3 11489 3854 7999
3 3854 8079 11488
3 8079 3854 3787
3 3854 11489 3787
3 7998 7999 11515
3 7998 11489 7999
3 3923 7998 11515
3 8006 3917 8005
3 8252 3714 8253
3 8252 8338 8255
3 8338 8252 8339
3 8252 8253 8339
3 8250 8336 8339
3 14469 8250 8339
3 8250 8166 3715
3 8250 14469 8166
3 8336 14409 8421
3 3648 14409 8336
3 14409 3648 8335
3 8000 3921 11514
3 3921 7925 11514
3 3921 8000 8001
3 3718 8163 11460
3 8163 3718 11433
3 3718 8246 11433
3 3718 8161 11434
3 8246 3718 11434
3 11458 8165 3783
3 8165 11430 3715
3 11430 8165 8249
3 11510 8004 3918
3 11510 8003 8004
3 8003 11484 8004
3 11484 3850 8004
3 11484 8003 8083
3 3783 11484 8083
3 3850 11484 3783
3 11535 11536 7927
3 11536 11535 7856
3 3980 11534 7857
3 3980 11535 11534
3 11535 3980 7856
3 3712 14464 14460
3 14464 8258 3644
3 8005 3913 8004
3 11558 3980 7857
3 3980 11558 7856
3 3917 11509 8005
3 11509 3913 8005
3 14756 14701 7791
3 14701 7860 7791
3 14643 7932 14645
3 14701 7932 14643
3 8093 3845 14586
3 8090 3779 8093
3 8171 14470 8174
3 8171 8172 14470
3 3714 8168 14530
3 3713 8252 8255
3 8252 3713 3714
3 8169 8254 14471
3 8172 8169 14471
3 14465 8174 14462
3 14466 8173 8174
3 8173 8091 8174
3 13987 8901 14049
3 3202 8979 8980
3 8979 13990 3203
3 13990 8897 3203
3 3202 13990 8979
3 13990 3202 8897
3 3453 14226 8583
3 14164 8745 3326
3 8745 14164 8666
3 8745 14108 3326
3 8745 14165 14108
3 14165 8744 3327
3 14166 8744 8665
3 8744 14165 8665
3 14107 14164 3326
3 14107 3263 8824
3 8823 14107 3326
3 3263 14107 8823
3 11374 3521 3582
3 3457 11340 8578
3 8737 8738 3394
3 8738 8737 14114
3 3389 14224 8664
3 3389 14166 8665
3 14224 3389 8665
3 14226 3452 8583
3 14282 3451 8585
3 14282 8584 3451
3 3454 8581 14228
3 3455 8660 14228
3 3455 8581 14286
3 8581 3455 14228
3 3455 14229 8660
3 3138 9066 3137
3 3073 13863 9065
3 13863 3138 9065
3 13863 9066 3138
3 3072 13863 3073
3 9066 13863 3072
3 3138 13925 9065
3 3136 9067 13862
3 9067 9144 13862
3 9067 3072 9144
3 9067 3136 3137
3 9066 9067 3137
3 9067 9066 3072
3 3074 3073 9065
3 3074 9141 3014
3 3013 3074 3014
3 3074 3013 3073
3 3074 9064 3075
3 9141 3074 3075
3 3075 13865 9063
3 9064 13865 3075
3 8837 3253 14034
3 14093 3253 8837
3 8991 13920 9070
3 3511 8512 14335
3 14393 8435 8436
3 8435 14393 14394
3 8435 3574 14334
3 8435 14333 8436
3 14333 8435 14334
3 13920 13979 8990
3 13979 13920 8991
3 13982 3195 8906
3 3195 13982 8988
3 13982 13923 8988
3 13982 3196 13923
3 3323 8828 14102
3 14043 8906 13981
3 8907 14043 13981
3 8828 3260 14102
3 14043 3260 8828
3 3646 8261 14460
3 14464 3646 14460
3 3646 14464 3644
3 8261 3646 8347
3 8175 14526 14527
3 14526 3779 14527
3 8176 14523 3711
3 14523 8175 3711
3 14523 14526 8175
3 14523 8176 14522
3 3778 14523 14522
3 14526 14523 3779
3 8351 3641 14396
3 8352 8351 14396
3 3574 8434 14335
3 8435 8434 3574
3 14337 3576 8510
3 14459 8263 8349
3 8263 14400 8349
3 14400 8263 14461
3 3710 8263 14459
3 3776 8098 14575
3 8098 3775 14574
3 8268 3639 14453
3 8268 8354 3639
3 3452 14283 8583
3 14283 3452 8584
3 8429 8346 8347
3 14402 8346 8429
3 8346 8260 8347
3 8346 14463 8260
3 14463 8346 8262
3 8348 3643 8262
3 8348 14402 3643
3 8346 8348 8262
3 8348 8346 14402
3 3197 13985 8985
3 13925 3197 8985
3 6959 6958 465
3 6959 12027 6958
3 6959 6957 6975
3 12027 6959 6975
3 4673 4669 11841
3 4669 7059 11841
3 4669 4673 7081
3 4741 7021 11929
3 7021 4719 11898
3 4690 4461 7312
3 4461 4690 4667
3 7025 4690 7312
3 4711 4690 7025
3 4690 4711 7042
3 11840 11867 4668
3 11840 4648 4667
3 11840 4668 4648
3 11840 4696 11867
3 11868 11898 7039
3 11867 11868 11841
3 7124 2044 2046
3 2047 7124 2046
3 7124 2047 2048
3 11795 7124 2048
3 7124 11795 11794
3 7081 11817 7103
3 2061 11817 7081
3 7078 11844 7056
3 11844 7079 2083
3 7101 7079 11819
3 7079 7101 7102
3 7079 7078 11819
3 7079 11844 7078
3 11870 11844 2083
3 2026 11796 2028
3 7145 2026 2028
3 2026 7145 11772
3 7100 11820 7077
3 2049 11820 7100
3 11820 2049 7101
3 11820 7101 11819
3 7101 2045 2043
3 2045 7101 2044
3 2045 11794 2043
3 2045 7124 11794
3 7124 2045 2044
3 7123 7100 2039
3 7123 2049 7100
3 11796 7123 2039
3 2026 7123 11796
3 2049 7123 11795
3 7123 2026 11795
3 4462 11687 4461
3 4422 11687 4462
3 4422 11688 7310
3 11688 4422 4462
3 4422 4383 11681
3 7309 11689 4463
3 11689 7276 4463
3 7276 11689 4462
3 11688 11689 7310
3 11689 11688 4462
3 7347 7308 1944
3 7308 7347 1940
3 11678 11677 7346
3 11678 7346 11679
3 11684 7348 1943
3 7348 11684 1940
3 7308 11684 1943
3 11684 7308 1940
3 11683 11689 7309
3 11683 4384 7349
3 7348 4384 7309
3 4384 11683 7309
3 11676 7348 1940
3 7347 11676 1940
3 11676 7347 11677
3 11676 11677 7391
3 7594 1921 11626
3 11628 1915 7592
3 1925 11646 5403
3 11630 1925 5403
3 5404 1924 11646
3 1925 5404 11646
3 5404 1925 11630
3 1918 11631 5403
3 11631 11630 5403
3 5409 1915 11628
3 11643 11642 7540
3 7594 11642 1921
3 7593 1914 11626
3 1921 7593 11626
3 11642 7593 1921
3 7593 11642 11643
3 5402 1929 11658
3 7539 1929 5402
3 1929 7487 11658
3 1929 7539 11657
3 7487 1929 11657
3 11644 7539 5402
3 1939 7389 11679
3 11669 1934 7437
3 1934 11669 11670
3 11669 7389 1939
3 11669 1939 7388
3 11670 11669 7388
3 11669 7437 11668
3 7389 11669 11668
3 11564 7849 3986
3 3987 7849 11565
3 7849 7781 11565
3 7781 7849 11564
3 7849 3987 7919
3 7780 11566 7848
3 7781 4044 11565
3 4044 7780 11565
3 4044 11586 7780
3 11586 4044 7716
3 7545 7546 4252
3 7597 11639 1919
3 11636 4202 7601
3 4151 7657 4098
3 7657 4151 11621
3 4150 11619 7601
3 7602 11619 4149
3 4199 11633 7603
3 11617 4199 7603
3 7550 4199 11632
3 11633 4199 7550
3 7998 11516 7997
3 11516 7998 3923
3 11516 3923 7923
3 11539 11561 7852
3 7720 7719 11583
3 11541 3985 7850
3 3985 11563 7850
3 11563 3985 7851
3 3985 11540 7851
3 3985 11541 7921
3 11540 3985 7921
3 7782 11563 7783
3 11564 7782 4043
3 11563 7782 11564
3 7845 7777 11569
3 7845 11568 7777
3 1887 7845 11569
3 7778 7779 1896
3 11568 7778 7777
3 7777 7778 11589
3 7778 11588 11589
3 7778 1896 11588
3 7778 11567 7779
3 1873 11521 7992
3 11521 1873 7917
3 11521 1874 7992
3 1874 11521 7917
3 1906 7713 11609
3 7713 7652 11609
3 11588 7713 11589
3 1905 7713 11588
3 7713 7712 11589
3 7712 7713 1906
3 11566 1895 7779
3 1895 11566 7780
3 7715 1895 7716
3 1895 11586 7716
3 11586 1895 7780
3 7714 1905 11588
3 1896 7714 11588
3 7779 7714 1896
3 7547 7495 4251
3 7547 11636 4250
3 11636 7547 4251
3 11636 7548 4250
3 11635 7548 11636
3 7548 7496 4250
3 7548 11649 7496
3 12067 476 12109
3 12067 6940 476
3 12067 12109 485
3 12068 12067 485
3 12067 12068 463
3 11992 12030 6972
3 11993 11992 6972
3 11992 11993 6990
3 12030 6973 12029
3 12201 112 6875
3 12201 6876 112
3 12201 6875 90
3 12200 6877 111
3 6876 12200 111
3 88 12200 6896
3 12200 88 6877
3 6911 69 12120
3 6911 12161 69
3 46 6911 12120
3 6911 46 68
3 12161 6911 68
3 6912 12160 68
3 6912 67 12160
3 6912 45 67
3 6946 24 12039
3 24 6946 12038
3 6964 6946 12039
3 6946 6964 12038
3 12078 25 12039
3 5208 25 12079
3 12040 25 5208
3 6928 12078 46
3 6928 12120 12079
3 6928 46 12120
3 25 6928 12079
3 6928 25 12078
3 6929 24 12077
3 6929 12078 24
3 45 6929 12077
3 12080 48 5187
3 5188 12080 26
3 12080 5207 26
3 5207 12080 5187
3 12002 5227 5
3 5245 12002 5
3 12002 6980 4
3 5227 12002 4
3 5308 11873 2102
3 11847 5308 2102
3 7099 2062 11822
3 7019 2116 11900
3 7020 2115 11899
3 2115 7019 11900
3 2133 2115 7020
3 11902 2117 7017
3 6999 11965 2154
3 6999 2154 11933
3 2135 6999 11933
3 2153 6999 2135
3 6999 2153 11965
3 11965 2153 6982
3 12114 6917 489
3 6917 12114 509
3 6918 12114 489
3 12114 6918 509
3 471 6950 12034
3 471 6934 12073
3 471 12073 6933
3 6950 471 6933
3 471 12034 6951
3 6935 471 6951
3 6934 471 6935
3 7006 4738 4742
3 4738 4737 4742
3 4731 4738 7006
3 4711 4738 7024
3 4738 4731 7024
3 4738 4711 7025
3 4737 4738 7025
3 4737 4744 4742
3 11958 4752 4742
3 11958 6989 4752
3 4744 11958 4742
3 6989 11958 4743
3 11958 4744 4743
3 6989 4751 6990
3 4751 6989 4743
3 4748 4732 7008
3 4748 4750 4732
3 12035 11997 6968
3 6967 11997 12035
3 4754 11961 6986
3 7003 4754 11962
3 4754 6986 11962
3 4754 7003 7004
3 11961 4754 7004
3 6963 6964 12039
3 6963 5227 4
3 6964 12001 3
3 6981 12001 4
3 12001 6981 3
3 12001 6963 4
3 6963 12001 6964
3 6965 6947 12038
3 6947 23 12077
3 24 6947 12077
3 6947 24 12038
3 65 12116 6916
3 6932 12116 43
3 12116 12074 6916
3 12116 6932 12074
3 66 12158 6896
3 12158 88 6896
3 12036 6949 22
3 6949 6932 22
3 6932 6949 21
3 21 6949 12035
3 6949 6967 12035
3 6967 6949 12036
3 12113 12072 488
3 12113 6918 12072
3 12113 488 6919
3 12156 529 6898
3 6899 529 12156
3 529 12198 6898
3 529 6880 12198
3 6880 529 12197
3 529 6899 12197
3 6861 6881 549
3 6881 550 12197
3 6881 6861 550
3 12155 6899 509
3 6918 12155 509
3 7192 1971 5384
3 11798 11797 7121
3 11709 11717 11703
3 11778 2012 5353
3 2072 11823 5321
3 11823 2071 5321
3 2071 11823 5334
3 5305 5319 2088
3 5290 11906 11907
3 5290 5291 11906
3 5291 5290 2104
3 5306 2073 5320
3 5319 5306 2088
3 2073 5306 5319
3 5332 2073 5319
3 11909 5287 2107
3 5287 11909 11910
3 5287 11880 2107
3 5274 11938 5258
3 2122 11938 5274
3 11938 2122 5275
3 5259 11938 5275
3 11939 2123 5274
3 2123 11939 5273
3 5274 2123 11908
3 2123 5273 11908
3 5286 2108 11910
3 2108 5287 11910
3 5287 2108 11880
3 2108 11854 5300
3 11880 2108 5300
3 11854 2108 11881
3 2108 5286 11881
3 5288 2106 11908
3 5288 11909 2107
3 11909 5288 11908
3 2106 11878 5289
3 11971 5241 2159
3 11971 2159 5258
3 11779 1996 5363
3 11802 11779 5352
3 1996 5371 11739
3 2033 11802 5352
3 2033 11778 5353
3 11781 5360 11763
3 11747 5360 11741
3 5360 11747 11763
3 5360 11750 11741
3 73 51 5163
3 12125 51 73
3 5163 51 5184
3 51 12084 5184
3 51 12125 12084
3 5162 12125 73
3 74 5162 73
3 5162 74 52
3 12084 5162 52
3 12125 5162 12084
3 5185 28 12082
3 12124 72 12165
3 72 5143 12165
3 5143 72 71
3 72 12123 71
3 5186 49 12082
3 49 12123 12082
3 12122 49 12081
3 49 5186 12081
3 5256 11973 2161
3 11973 5239 2161
3 12007 5240 9
3 5240 5241 9
3 5241 5240 11972
3 5239 12008 10
3 10 12008 12046
3 12008 5221 12046
3 5221 12008 12007
3 12009 5237 5238
3 11 12009 5238
3 5237 12009 5219
3 12009 11 5219
3 5220 11 10
3 5201 5220 12046
3 5220 10 12046
3 11943 2144 5253
3 2144 11975 5253
3 2144 2162 11975
3 5269 2144 11943
3 2144 5269 2126
3 12047 5200 5219
3 12047 5220 5201
3 32 12047 5201
3 5200 12047 32
3 11 12047 5219
3 5220 12047 11
3 11873 7034 2102
3 5278 11935 5277
3 11935 5278 2137
3 5245 11968 5262
3 11968 2156 5261
3 5262 11968 5261
3 2156 11968 5244
3 11968 12003 5244
3 11968 5245 12003
3 6980 11967 2155
3 11967 5245 2155
3 12002 11967 6980
3 11967 12002 5245
3 12043 5206 5205
3 5206 28 5205
3 5206 5224 12042
3 5206 12043 5224
3 28 5206 5186
3 27 5206 12042
3 5206 27 5186
3 2158 11971 5258
3 11971 2158 5242
3 5260 2139 11936
3 2139 5260 2157
3 5260 11969 2157
3 11969 5260 2156
3 2138 5260 11936
3 5260 2138 2156
3 7 11970 5243
3 2158 11970 5242
3 11970 2158 5259
3 11970 2157 5243
3 11970 5259 2157
3 12005 7 5224
3 11970 12005 5242
3 12005 11970 7
3 12005 12043 5223
3 12043 12005 5224
3 2037 11810 11811
3 11815 11810 2037
3 11810 2058 11811
3 11810 11815 2058
3 11787 5347 11790
3 11762 11787 11790
3 11809 2036 11814
3 2036 11809 11806
3 5348 2036 11806
3 11792 5348 11786
3 5348 11792 2036
3 2036 11792 5349
3 11785 2016 11760
3 2016 11792 11766
3 2016 11785 5349
3 11792 2016 5349
3 11791 11785 11760
3 5360 11791 11760
3 11791 5360 11781
3 11785 11791 5349
3 2787 13559 9476
3 13559 2787 9475
3 2787 13613 13620
3 9418 2787 13620
3 9475 2787 9418
3 8982 13987 3200
3 13987 8982 13928
3 13928 8982 3142
3 13927 3141 9062
3 3141 13867 9062
3 3141 9061 13867
3 3141 13928 9061
3 3081 3080 9057
3 3080 13871 9057
3 3080 3081 3021
3 13810 3080 3021
3 13870 3080 3020
3 8895 8896 14054
3 8895 13992 3204
3 8894 8895 14054
3 13992 8895 8894
3 13991 13932 8978
3 13932 13991 3204
3 13991 8978 3203
3 8896 13991 3203
3 13991 8895 3204
3 8895 13991 8896
3 8740 3330 14169
3 3392 8740 14169
3 2735 9580 13501
3 9580 2735 9534
3 9535 2735 13501
3 13553 2735 9535
3 2735 13553 9482
3 13554 2735 9482
3 2735 13554 9534
3 2736 13502 9534
3 13554 2736 9534
3 2736 2783 9533
3 2736 13554 2783
3 9579 2694 13453
3 9579 13453 2693
3 13502 9579 2693
3 13503 9579 9533
3 9579 13503 2694
3 9579 2736 9533
3 2736 9579 13502
3 13805 13804 9140
3 2955 13804 13805
3 13804 2955 2954
3 13804 3015 9140
3 3015 13804 2954
3 9286 13741 9285
3 13741 9215 9285
3 13741 9286 9216
3 2955 13741 9216
3 13741 2955 13805
3 9215 13741 13805
3 13674 9290 9357
3 13674 2892 9290
3 2838 13674 9357
3 13674 2838 13611
3 9423 9360 2836
3 9360 13672 2836
3 13609 9360 9423
3 13671 9360 2835
3 9360 13609 2835
3 9221 13737 9291
3 9290 13737 9220
3 2892 13737 9290
3 13737 2892 9291
3 13801 9221 9145
3 13801 13737 9221
3 13737 13801 9220
3 13801 2951 9220
3 13801 9144 2951
3 13800 9221 13736
3 9221 13800 9145
3 9069 3070 13860
3 3070 9146 13860
3 3070 9069 13861
3 3071 3070 13861
3 3070 3071 9145
3 13612 9420 9357
3 2893 13612 9357
3 13612 9356 13616
3 13612 2893 9356
3 2948 9222 13735
3 9222 13800 13736
3 9222 2948 9146
3 13800 9222 9146
3 3135 9069 13860
3 9069 3135 13922
3 3135 13921 13922
3 9070 3135 13860
3 13920 3135 9070
3 13921 3135 8990
3 3135 13920 8990
3 13980 13921 8990
3 13921 13980 8989
3 8989 13980 13981
3 13980 8907 13981
3 3379 14151 8678
3 14151 3379 8757
3 14093 8759 14150
3 3252 14093 8837
3 8916 13970 14032
3 14031 8838 14032
3 8838 3252 14032
3 8839 14031 14028
3 14029 14030 8920
3 14029 3248 8842
3 14027 14029 8921
3 3248 14029 14027
3 9299 9366 13664
3 13914 3131 8996
3 13911 3130 9078
3 3128 13911 9078
3 13911 3128 8999
3 13970 13911 8999
3 8915 13972 3189
3 8915 14034 14035
3 8914 8915 14035
3 13972 8915 8914
3 13972 8997 3189
3 13850 3063 13849
3 13850 3128 9078
3 3128 13850 13849
3 3126 13848 9080
3 13909 3126 9001
3 3126 13908 9001
3 9079 3128 13849
3 13848 9079 13849
3 3126 9079 13848
3 9079 3126 13909
3 8759 3378 14150
3 8679 14151 14150
3 3378 8679 14150
3 8679 3378 14208
3 3440 8679 14208
3 8521 14324 14325
3 3504 8521 14325
3 8521 8522 14324
3 8522 8521 14266
3 8521 3504 14266
3 3504 14267 14266
3 3440 14267 8598
3 3503 8522 14266
3 14265 3503 14266
3 3503 14265 8523
3 8683 14204 14205
3 14204 3437 8603
3 14204 8683 3437
3 14324 3567 8443
3 3567 8444 8443
3 14556 8035 8033
3 8034 14556 14555
3 14556 8034 8035
3 14557 14556 8033
3 14556 14557 8114
3 14671 14614 7955
3 8367 3630 14379
3 8444 14383 14384
3 9372 9436 13595
3 9436 9372 2828
3 13595 9436 2775
3 9436 2828 2775
3 9373 9372 13658
3 9373 2883 13596
3 2828 9373 13596
3 9372 9373 2828
3 2774 13594 9494
3 13594 2774 2827
3 9547 13540 2727
3 13540 9546 2727
3 13540 2774 9494
3 9546 13540 13541
3 13541 13540 2775
3 13540 9494 2775
3 9548 13487 9594
3 9640 13437 13389
3 13437 2642 13389
3 2601 13389 9683
3 2601 9640 13389
3 13342 2601 9683
3 9684 2601 13342
3 9639 2642 13390
3 2642 9639 13389
3 2602 9639 13390
3 13389 9639 2602
3 13539 9548 9495
3 2774 13539 9495
3 13487 13539 9547
3 13539 13487 9548
3 13539 13540 9547
3 13540 13539 2774
3 9548 13538 9495
3 13486 9548 9594
3 13486 13437 2683
3 13437 13486 9594
3 9370 2829 13660
3 2829 13597 9371
3 13660 2829 9371
3 9306 13722 9303
3 13659 9306 9303
3 13722 9306 9236
3 9306 13659 2883
3 13599 2830 9432
3 13599 9489 9490
3 9489 13599 9432
3 2777 13599 9490
3 2830 13599 9433
3 13599 2777 9433
3 2950 9159 13786
3 9159 2950 2940
3 2950 13722 9236
3 2940 2950 9236
3 3061 9159 3000
3 9082 3061 13845
3 13446 13447 9631
3 13447 13446 9586
3 9632 13446 9631
3 9586 13446 13445
3 13446 9632 13445
3 13973 13974 13914
3 9150 13855 9073
3 8994 13915 3191
3 13731 2945 13795
3 2945 9150 13795
3 8834 14037 14036
3 3260 8829 14102
3 8992 13977 8910
3 9295 13732 13733
3 9225 13732 9295
3 9149 9225 13795
3 9147 3009 13859
3 13798 13734 9224
3 13797 13798 9224
3 13734 13798 9223
3 9223 13798 9147
3 13798 3009 9147
3 3009 13798 13797
3 2654 2696 13456
3 13503 9532 2737
3 9532 13555 2784
3 9532 13503 9533
3 13555 9532 9533
3 9532 13556 2737
3 13504 13507 2737
3 13507 13503 2737
3 13503 13507 9578
3 13507 13458 9578
3 13612 2786 9420
3 2786 13612 13616
3 2786 13616 9476
3 13558 2786 9476
3 9531 13504 2737
3 13556 9531 2737
3 9479 2784 9422
3 9479 9532 2784
3 9532 9479 13556
3 9531 13557 2738
3 14348 3581 8423
3 10082 10394 10089
3 10394 10081 10089
3 10394 10082 2261
3 10081 10394 2261
3 10088 10094 961
3 10094 10340 10099
3 961 10094 10099
3 11236 3336 11238
3 3336 11236 8734
3 8810 3275 8889
3 8732 11237 3337
3 11377 8497 3524
3 8244 8245 11435
3 3720 8244 11435
3 3654 11406 8331
3 3654 8330 11406
3 8245 3654 8331
3 3654 8244 8330
3 8244 3654 8245
3 14171 3393 8659
3 3393 14229 8659
3 14229 3393 8660
3 3393 14171 8738
3 3393 3332 8739
3 3332 3393 8738
3 11192 11154 3206
3 8892 11154 11192
3 11154 8975 3206
3 11154 8892 3207
3 8974 11154 3207
3 8975 11154 11117
3 8813 3273 11193
3 3272 8813 11193
3 8814 11192 3271
3 8814 3272 11192
3 3272 8814 11230
3 8814 3334 11230
3 3334 8814 3271
3 11191 8893 8894
3 8893 11191 11192
3 8893 11192 3206
3 11113 8893 3206
3 8500 3521 11374
3 8500 3520 8577
3 3521 8500 8577
3 8419 11402 8334
3 8419 11374 3582
3 11402 8419 3582
3 8417 8332 11405
3 8417 11404 8332
3 11273 11268 3396
3 8736 11273 11230
3 11268 11273 8736
3 11310 8656 3396
3 8658 11267 3394
3 11267 8737 3394
3 8656 11269 3396
3 11275 11269 8656
3 3205 13992 8894
3 3205 8976 11112
3 13992 3205 11112
3 3148 11119 11120
3 11119 8974 11120
3 11115 3149 11120
3 11115 11121 3149
3 9053 11075 3148
3 9131 3023 11040
3 3023 11078 11079
3 8891 11155 3207
3 8891 8892 11193
3 8892 8891 3207
3 11196 8891 11193
3 8891 11196 11158
3 11194 3274 11199
3 2792 13563 2793
3 2792 2791 13563
3 13621 2792 2793
3 2791 2792 13621
3 13681 2899 9283
3 2899 13681 9350
3 9283 2899 13680
3 2899 9350 13680
3 2843 2842 13619
3 2842 2843 9350
3 2844 2843 13619
3 9350 2843 2844
3 2894 13676 9288
3 13676 2894 9356
3 9288 13676 9289
3 13676 9356 9289
3 9419 2894 13613
3 13618 9419 9476
3 2894 9419 9356
3 9419 2787 9476
3 2787 9419 13613
3 9419 13618 2839
3 9356 9419 2839
3 9137 3017 3077
3 3017 9137 9138
3 3017 13867 3077
3 13806 3017 9138
3 13867 3017 9139
3 3017 13806 9139
3 9059 3143 8979
3 3019 9135 2959
3 9135 3019 3079
3 13869 9136 3078
3 13869 3143 9059
3 13869 3019 9136
3 9060 13869 3078
3 3143 13869 9060
3 13869 9059 3079
3 3019 13869 3079
3 9136 13808 2958
3 13808 9212 2958
3 9212 13808 2959
3 13808 3019 2959
3 3019 13808 9136
3 2961 9208 11006
3 9208 11004 11006
3 9208 2961 11042
3 11004 9208 2962
3 11038 9133 3021
3 9133 11038 13811
3 9133 13810 3021
3 13810 9133 13811
3 9134 13810 2960
3 9134 13809 3020
3 13809 9134 2960
3 3080 9134 3020
3 9134 3080 13810
3 11039 3022 9131
3 2901 13685 9281
3 9348 13685 2901
3 13685 13682 9281
3 13685 9348 13682
3 10205 2191 12829
3 12829 2191 10206
3 2191 12816 10206
3 10204 2192 12830
3 10204 12831 2192
3 2198 10204 12830
3 12831 10204 2198
3 10029 10495 1081
3 10495 10029 1110
3 10494 10029 1081
3 1110 10029 10528
3 10029 10494 10528
3 6290 10495 10529
3 1083 6318 10462
3 6318 1053 10462
3 10429 1053 1054
3 1053 6318 1054
3 10063 10428 1052
3 1053 10063 1052
3 10063 1053 10429
3 6290 1082 10495
3 10495 1082 1081
3 1082 10461 1081
3 1082 6290 10496
3 1082 1083 10462
3 1083 1082 10496
3 1078 10492 1079
3 10032 10492 10033
3 10492 1078 10033
3 10011 10527 1137
3 10527 10011 1109
3 10527 1109 10030
3 10493 10527 10030
3 1136 10558 10005
3 1136 10013 10558
3 10080 1021 10079
3 1020 10080 10395
3 1021 10080 1020
3 10080 10088 10395
3 9966 10006 2348
3 10006 9966 10590
3 10590 9966 1193
3 9966 2372 1193
3 9966 2348 2372
3 6121 10651 1250
3 6148 1252 10653
3 6147 6148 10653
3 1220 6148 6147
3 10619 6207 1189
3 6177 1221 6176
3 6177 6206 1190
3 987 6402 6378
3 6402 988 10388
3 6378 6402 10388
3 10363 6402 10361
3 6402 987 10361
3 955 957 6426
3 6426 957 6424
3 957 10363 6424
3 957 6402 10363
3 957 955 988
3 6402 957 988
3 6325 10449 1072
3 1072 10449 6297
3 6298 1071 10448
3 10448 1071 6326
3 1071 10481 6297
3 1071 6298 10481
3 10449 1071 6297
3 1071 10449 6326
3 6381 1015 1014
3 10385 984 6405
3 6382 10385 6405
3 10385 6381 984
3 6381 10385 1015
3 1015 10385 10417
3 10417 10385 6355
3 10385 6382 6355
3 10617 1217 6151
3 10617 6209 6210
3 1158 6211 10583
3 10582 6211 1158
3 6211 1187 10583
3 10544 6246 1124
3 10544 1153 6246
3 1153 10544 6247
3 10544 10543 6247
3 1184 10580 10579
3 10580 1184 6214
3 6215 1184 10579
3 10612 1184 6215
3 6243 10548 10547
3 10580 6243 10547
3 10548 6243 10581
3 1185 6212 10581
3 6213 1185 10581
3 6212 1185 10614
3 6188 10610 1182
3 10610 6188 1211
3 1211 6188 10609
3 6188 6217 10609
3 6217 6188 1182
3 10610 1212 6187
3 1212 10610 6158
3 6187 1212 10611
3 1212 6157 10611
3 6157 1212 6158
3 10613 6213 6214
3 6274 10510 1124
3 1095 10510 6274
3 10510 1095 10509
3 1297 6074 10700
3 6074 6104 10700
3 6104 6074 10701
3 978 10377 6388
3 10377 978 6389
3 10692 10691 1290
3 10691 6083 1290
3 1262 10691 6113
3 10691 1262 6114
3 10691 6114 6084
3 6083 10691 6084
3 1263 6141 6113
3 6141 1263 10662
3 10691 1263 6113
3 1263 10691 10692
3 6081 10693 1291
3 10693 6082 1291
3 6082 10693 10692
3 10725 6050 6049
3 10725 1293 6050
3 1321 10725 6049
3 1293 6078 6079
3 6078 10696 6079
3 10725 6078 1293
3 6078 1294 10697
3 6078 1321 1294
3 6078 10725 1321
3 6078 10697 6108
3 10696 6078 6108
3 10667 1265 6108
3 1265 10696 6108
3 6258 6229 1143
3 6140 10662 1264
3 10663 6140 1264
3 1234 10631 6170
3 1234 6141 10662
3 6140 1234 10662
3 10631 1234 6169
3 6199 10598 1203
3 10599 6199 1203
3 10632 6168 6169
3 6111 10663 1264
3 10693 6111 1264
3 10603 6165 6194
3 1207 6165 10603
3 6165 1238 6164
3 1238 6165 10636
3 6165 1207 10636
3 6194 6165 10604
3 6165 6164 10604
3 6166 1207 1206
3 6166 1206 6167
3 1207 6166 10636
3 6166 10635 10636
3 10635 6166 1237
3 999 6397 10370
3 998 999 10370
3 10401 6372 1027
3 999 10401 6397
3 10401 999 6372
3 6369 1030 10404
3 6369 10403 1030
3 10403 6369 1002
3 1028 10402 6371
3 10401 1028 6371
3 6344 1028 1027
3 1028 10401 1027
3 6343 10432 1057
3 1028 10432 6343
3 10432 1028 6344
3 10433 1029 6343
3 10403 1029 1030
3 1029 10433 1030
3 1028 1029 10402
3 1029 1028 6343
3 10431 6344 1027
3 6346 6347 10429
3 6347 6374 1025
3 10063 6347 1025
3 6347 10063 10429
3 6373 998 6374
3 6258 1142 10564
3 1169 10595 6202
3 6231 1169 6202
3 10595 1169 6203
3 6203 1169 6233
3 1083 6289 10497
3 6289 1112 10497
3 6289 1083 10496
3 1112 6289 10496
3 1112 10530 6260
3 10530 1112 10496
3 966 934 10091
3 10366 966 10091
3 966 10366 995
3 6399 10368 997
3 10368 6399 968
3 10367 996 967
3 10399 6375 1025
3 6375 10399 997
3 10368 6375 997
3 960 10366 10091
3 10341 960 10091
3 960 10341 965
3 994 965 10087
3 994 10087 10396
3 10078 994 10396
3 994 10078 990
3 10092 933 10340
3 935 933 10092
3 10340 933 10100
3 933 10097 10100
3 933 935 10097
3 10088 991 10395
3 991 10081 10395
3 10081 991 10089
3 10102 914 10096
3 10320 10102 10096
3 914 10102 10304
3 10102 916 10304
3 10102 10320 916
3 10322 6443 6461
3 10322 6461 915
3 918 10322 915
3 6443 10322 6462
3 6444 936 6462
3 936 6443 6462
3 6443 936 940
3 939 936 6444
3 6444 10101 10095
3 10321 10101 6444
3 10101 916 10095
3 10101 10305 916
3 10305 10101 10321
3 6422 10343 940
3 936 6422 940
3 6422 936 968
3 6443 941 6442
3 10343 941 6443
3 941 10344 6442
3 6397 970 10370
3 970 969 10370
3 913 10305 917
3 10305 913 6475
3 6475 913 10306
3 6462 913 917
3 913 918 10306
3 10322 913 6462
3 913 10322 918
3 6490 10292 6489
3 900 10292 6490
3 6489 10292 901
3 10292 900 901
3 855 857 6530
3 857 10252 6530
3 6522 857 855
3 10252 857 10260
3 6532 6531 848
3 10247 6531 6532
3 848 6531 10249
3 10250 854 10249
3 6531 10250 10249
3 6526 850 853
3 850 6526 854
3 6517 6518 871
3 6518 860 10262
3 6519 6518 10262
3 6471 6470 904
3 6470 6471 10309
3 6472 6471 904
3 6471 6472 10309
3 908 10298 907
3 6467 908 907
3 10298 908 6481
3 908 10313 6466
3 908 6467 10313
3 908 10299 6481
3 10299 908 6466
3 6468 906 10311
3 6468 10297 906
3 10297 6468 907
3 907 6468 10312
3 6468 924 10312
3 924 6468 10311
3 10283 6497 892
3 892 6497 6483
3 6497 6484 6483
3 905 10295 904
3 6485 10295 905
3 6499 886 10281
3 889 6499 10281
3 6499 889 886
3 10294 6487 903
3 10294 903 904
3 6487 10294 6500
3 10294 889 6500
3 10282 6511 886
3 879 10282 6498
3 875 10282 879
3 866 10270 6522
3 10308 899 6473
3 10308 903 899
3 10308 6472 903
3 6433 978 950
3 6433 10329 6434
3 6451 6433 950
3 6492 10288 10290
3 6492 896 10288
3 6492 10290 10287
3 6492 10287 895
3 6479 6492 895
3 896 6492 6479
3 6508 10272 880
3 881 6508 10284
3 6508 6496 10284
3 6496 6508 880
3 10264 10257 861
3 10266 10267 862
3 6516 10266 10275
3 10267 10266 6516
3 10574 10540 10573
3 10540 10539 10573
3 6277 10541 10507
3 10541 6249 10508
3 10507 10541 10508
3 10541 10574 6249
3 10541 10540 10574
3 10541 6277 10506
3 10540 10541 10506
3 6222 10571 10570
3 10571 1149 10570
3 6251 10537 10570
3 1149 6251 10570
3 6221 1178 6192
3 6221 10574 10573
3 10574 6221 1179
3 6221 6192 10606
3 1179 6221 10606
3 10574 6220 1180
3 6220 10574 1179
3 6220 1179 6191
3 10607 6220 6191
3 6220 10607 1180
3 1115 6286 1114
3 1116 6285 10533
3 6285 1115 10533
3 6342 10433 1058
3 10434 6342 1058
3 10433 6342 1030
3 10467 6313 1088
3 6312 10467 1088
3 6313 10467 1058
3 10467 6312 1058
3 1089 1090 10468
3 1089 10502 1090
3 1089 6312 6283
3 6312 1089 10468
3 10349 6415 975
3 6368 1003 10404
3 923 6469 10310
3 10311 923 6455
3 6469 923 10311
3 6456 923 10310
3 10435 1032 6340
3 1032 10435 6339
3 10435 1060 6339
3 6311 10435 6340
3 1060 10435 6311
3 1032 6367 1031
3 6367 1032 10405
3 6367 6368 1031
3 1145 6227 1174
3 6255 1145 10567
3 1146 6255 10567
3 6255 1146 10535
3 6225 1175 6196
3 10601 6225 6196
3 1176 6225 10601
3 1091 6280 10504
3 6280 1120 10504
3 6280 1091 10503
3 1120 6280 10503
3 1039 10412 6359
3 10413 10412 1039
3 10381 10412 1012
3 10412 10413 1012
3 10442 10411 6333
3 10411 10442 1039
3 1039 10442 6332
3 6332 10442 10443
3 10441 10442 6333
3 10442 10441 1066
3 6304 10442 1066
3 10442 6303 10443
3 10442 6304 6303
3 1038 6360 10410
3 10411 6360 1038
3 6360 1010 10410
3 1010 6360 10380
3 6360 6385 10380
3 6360 10411 6385
3 10357 6407 983
3 6406 10357 983
3 10357 6406 6428
3 6408 10355 953
3 6407 982 10381
3 982 6408 1011
3 982 10355 6408
3 10355 982 6407
3 10384 6406 983
3 10384 10383 6406
3 10383 10384 10414
3 10797 10798 6003
3 10798 10769 6003
3 10769 10798 6002
3 10798 5973 1388
3 10798 5972 6002
3 5972 10798 1388
3 10796 10767 6005
3 1359 10767 6004
3 10767 10796 6004
3 5914 5913 10853
3 5914 10882 5913
3 5914 1415 10852
3 1415 5914 10853
3 10880 1462 5884
3 1438 10880 5884
3 10880 1437 1462
3 5915 1438 10881
3 5915 10852 1414
3 1416 10854 5943
3 10854 1416 5913
3 10854 1417 5943
3 10854 10855 1417
3 10854 5913 1440
3 5912 10854 1440
3 10855 10854 5912
3 10883 1464 5882
3 1465 10883 5881
3 5913 10883 1440
3 10883 5912 1440
3 10882 10883 5913
3 10883 10882 1464
3 5857 1488 10935
3 1489 5857 10936
3 1515 5857 10935
3 5857 1515 5827
3 10936 5857 5827
3 1461 10909 5885
3 1489 10909 1461
3 10909 1462 5885
3 1462 10909 1490
3 5858 5828 10935
3 5828 5858 1514
3 5828 1515 10935
3 5799 5828 1514
3 1460 5887 10878
3 1488 5887 10907
3 5887 1460 10907
3 10856 1442 5910
3 1442 10886 5910
3 10885 1442 5911
3 1442 10856 5911
3 10886 1442 1467
3 1441 1466 10885
3 5879 10915 1467
3 1442 5879 1467
3 5879 1442 10885
3 1466 5879 10885
3 10915 1495 1467
3 1495 10915 5849
3 1495 10886 1467
3 10886 1495 10857
3 10857 1495 10943
3 1495 5849 10943
3 1515 5798 5827
3 5798 10966 5827
3 10996 5798 1541
3 5826 10967 5825
3 5826 1516 10967
3 10937 5826 5825
3 1516 5826 10937
3 5767 1570 10998
3 1570 5738 10998
3 5738 1570 5739
3 5768 5798 10996
3 5795 10968 1544
3 10968 5795 5824
3 5824 5795 1518
3 5795 10969 1518
3 10969 5795 1544
3 1679 5655 11151
3 5628 1679 11151
3 1679 11152 5654
3 1679 5628 11152
3 1654 5681 1627
3 11110 1654 5654
3 11109 1627 1653
3 5655 11109 1653
3 11109 1654 1627
3 1679 11109 5655
3 11109 1679 5654
3 1654 11109 5654
3 11150 5655 1678
3 5655 11150 5629
3 5630 11150 1678
3 1702 11150 5630
3 5629 11150 1702
3 5710 1599 5739
3 1599 11033 5739
3 11033 1599 5709
3 1599 5710 11069
3 1627 1599 11069
3 5681 1599 1627
3 11000 5736 5764
3 11000 1572 5736
3 10969 11000 5764
3 11000 10969 5765
3 1572 11000 5765
3 5765 10999 5737
3 10999 1571 5737
3 10999 5765 1544
3 10968 5766 1544
3 5766 10999 1544
3 10999 5766 1571
3 1543 5766 5796
3 5766 10968 5796
3 5766 1543 10998
3 5738 5766 10998
3 1571 5766 5738
3 1493 5852 10940
3 5852 1492 10940
3 1492 5852 5881
3 10912 1492 5881
3 10912 10883 5882
3 10883 10912 5881
3 5853 10912 5882
3 1492 10912 5853
3 10674 1272 6129
3 10674 6129 10643
3 6130 10674 10643
3 1272 10674 6101
3 10674 6130 6101
3 1243 6130 10643
3 6158 1243 10643
3 1243 6158 10642
3 6131 1243 10642
3 6130 1243 6131
3 1273 10676 6128
3 10675 1273 6128
3 1273 10675 6099
3 6067 10707 1302
3 6097 10707 6067
3 10707 6068 1302
3 6068 10707 6098
3 10614 1215 6183
3 6154 1215 6155
3 6125 6096 1276
3 6153 6154 10647
3 1215 6153 6183
3 6153 1215 6154
3 1247 6153 10647
3 10681 6093 1278
3 6094 6093 1277
3 6093 10681 1277
3 10714 6059 6089
3 6030 1336 1308
3 1336 1363 10743
3 1336 10771 1363
3 1336 6030 10771
3 1218 10617 6151
3 10650 1218 6151
3 6062 1307 10712
3 6062 10741 1307
3 6062 1334 6032
3 10741 6062 6032
3 10712 6092 1278
3 6092 10682 1278
3 6092 10712 1279
3 10682 6092 1279
3 11035 5706 5736
3 5706 11035 1601
3 11035 5736 5707
3 1601 11035 5707
3 1602 5705 11036
3 5706 1602 11036
3 5705 1602 1630
3 1602 5678 1630
3 1602 5706 5678
3 11063 5688 1594
3 1621 11063 5689
3 11063 1593 5689
3 1648 11063 1621
3 5688 11063 1648
3 5964 5965 10809
3 5965 5964 1402
3 5965 1401 10809
3 5965 1402 1401
3 1371 10779 1370
3 1371 5993 10779
3 10807 1371 1370
3 5964 1371 10807
3 5993 1371 5964
3 10810 1375 10805
3 10810 1403 5962
3 10810 10805 1403
3 1375 10781 6021
3 10781 6020 6021
3 6020 10781 1373
3 10721 6082 1290
3 10721 1290 10720
3 1318 10721 10720
3 6052 10721 1345
3 10721 6023 1345
3 10721 1318 6023
3 10658 6145 9897
3 1259 10658 9897
3 10658 1259 6116
3 10658 6144 6145
3 10658 6116 1260
3 6144 10658 1260
3 10746 5997 6026
3 10689 6085 6115
3 6085 10689 1288
3 6085 10690 6115
3 6085 6084 10690
3 6084 6085 1289
3 6085 1316 1289
3 1316 6085 1288
3 6172 1231 10629
3 1201 6172 6171
3 6172 10629 6171
3 10596 6172 1201
3 5875 1471 10890
3 5845 1501 10919
3 1471 5845 10919
3 5845 1471 5875
3 5845 5816 1501
3 5846 5817 1500
3 5846 1499 5817
3 1499 10917 5847
3 10917 5877 5847
3 10917 5846 5876
3 5846 10917 1499
3 1445 5907 10860
3 1445 10860 1419
3 5908 1445 1419
3 5907 1445 10890
3 1445 5875 10890
3 10887 1470 1443
3 5877 1470 10887
3 1470 10917 5876
3 10917 1470 5877
3 1444 10858 1443
3 1444 5908 10858
3 10804 1395 5996
3 10804 5939 1395
3 1523 9406 10944
3 1522 1523 10944
3 5877 1498 5847
3 1498 5877 10916
3 5847 1498 5818
3 1498 10946 5818
3 10946 1498 5819
3 10824 5977 5948
3 5977 10823 5948
3 1386 10825 5946
3 10825 10851 1414
3 5946 10825 1414
3 1383 5978 5979
3 5978 1383 10822
3 5949 5978 10822
3 1360 10768 6004
3 1359 10768 6034
3 10768 1359 6004
3 6009 10791 10792
3 10791 6009 10763
3 1356 6009 10792
3 6009 1356 10763
3 5980 10791 1382
3 5951 5980 1382
3 5980 5951 10821
3 1383 5980 10821
3 5980 1383 10792
3 10791 5980 10792
3 10704 6070 6100
3 1300 6070 10704
3 1328 10733 6040
3 10733 1300 6041
3 6070 10733 1328
3 10733 6070 1300
3 10733 1354 6040
3 1354 10733 6041
3 1329 1356 6038
3 1329 6039 1356
3 6038 1330 1302
3 5920 10877 5919
3 10877 5920 1459
3 5920 10876 1459
3 10906 1487 10907
3 1487 10906 5859
3 1487 5859 10934
3 5858 1487 10934
3 1487 5858 10907
3 5964 1399 1402
3 1399 10832 1402
3 1399 10807 5966
3 1399 5964 10807
3 1399 5966 1398
3 5907 1421 10860
3 1446 1421 5907
3 1421 1420 10860
3 1448 10859 5903
3 10859 1448 1426
3 5903 5905 1473
3 10859 5905 5903
3 5905 10859 1447
3 5899 10895 1476
3 10895 5871 1476
3 10895 5899 1452
3 5872 10889 1473
3 10889 5903 1473
3 10889 5904 5903
3 1474 5871 10893
3 5871 1474 10922
3 1474 1479 10922
3 5869 5870 5840
3 5870 10923 5840
3 10923 5870 1476
3 1476 5870 10896
3 5870 5869 10896
3 5841 10923 5871
3 10923 5841 1504
3 5841 5871 10922
3 1503 5841 10922
3 5841 1503 10952
3 5841 10952 5812
3 1504 5841 5812
3 5839 1478 10924
3 5839 10924 1505
3 1506 5839 10954
3 5839 5810 10954
3 5839 1505 5810
3 10846 10845 5922
3 1409 10845 10846
3 10787 1379 5984
3 1379 10816 5955
3 1379 10787 5985
3 10816 1379 5985
3 1379 5955 10817
3 5984 1379 10817
3 6045 10757 1351
3 10757 6015 1351
3 10757 10728 6046
3 10728 10757 6045
3 6105 1268 10699
3 1268 6106 10699
3 1268 6105 10670
3 6135 1268 10670
3 6044 1297 10729
3 1351 6044 10729
3 6044 1351 10758
3 1352 6044 10758
3 10732 6042 1327
3 10732 1299 6042
3 1299 10732 6071
3 10732 6041 6071
3 6041 10732 1327
3 1271 10703 6101
3 6101 10703 6071
3 10703 1299 6071
3 10759 6013 6043
3 1352 10759 6043
3 10759 1352 6014
3 5984 10759 6014
3 6013 10759 5984
3 1326 1353 6042
3 1353 1326 6013
3 6042 1353 1327
3 1327 1353 10761
3 1353 6012 10761
3 1299 6072 6042
3 10703 6072 1299
3 5891 1432 10873
3 1432 5891 10874
3 1432 10874 5922
3 10845 1432 5922
3 5862 5891 10903
3 1484 5862 10903
3 5862 1511 10931
3 5862 5833 1511
3 10930 5862 1484
3 5862 10930 5833
3 5891 1457 10874
3 1433 1457 5890
3 10874 1457 1433
3 10843 1431 5924
3 1431 10843 10872
3 1431 10844 5924
3 10844 1431 10873
3 1431 5892 10873
3 1431 10872 5892
3 5776 5805 10958
3 1536 5805 5776
3 5805 1509 10958
3 5805 1536 10959
3 5834 5805 10959
3 1509 5805 5834
3 10990 1563 5747
3 1563 10990 5775
3 1564 10990 5747
3 10990 1564 5775
3 1510 5834 10959
3 1510 10930 5834
3 10930 1510 5833
3 7990 11524 7989
3 7914 11524 7915
3 1915 1907 7650
3 1897 7777 11589
3 11571 7775 1899
3 7844 1887 11569
3 1887 7844 11547
3 7914 1888 11548
3 1888 7914 11547
3 7844 1888 11547
3 1888 7844 11570
3 8069 8070 11498
3 11471 8069 1852
3 1863 11495 7992
3 8072 11495 1863
3 11495 1862 7992
3 11495 8072 1862
3 8074 11493 3858
3 11493 7994 3858
3 7994 11493 7995
3 7995 11493 3857
3 11493 8075 3857
3 8075 11493 8074
3 11519 7919 3926
3 7919 11519 7920
3 11519 7995 7920
3 7994 11519 3926
3 11519 7994 7995
3 3724 8155 11467
3 8238 8154 11441
3 8238 3724 8154
3 8073 1862 1849
3 11468 8073 1849
3 11469 8153 1849
3 8153 11468 1849
3 8153 11469 1837
3 3924 11517 7996
3 3924 3856 7997
3 3856 3924 7996
3 7922 11540 7921
3 11517 7922 7921
3 7922 11516 7923
3 11516 7922 7997
3 11539 7922 7923
3 7922 11539 11540
3 7922 3924 7997
3 3924 7922 11517
3 11491 7996 3857
3 11491 3856 7996
3 5478 1827 5492
3 11360 1794 5540
3 1794 11361 5540
3 11168 5627 1685
3 5627 11168 11208
3 5627 11169 1685
3 5603 5604 11248
3 5603 11248 1731
3 11249 5603 1731
3 5603 11249 1709
3 5604 1730 11248
3 1708 5604 11208
3 11126 9046 11084
3 1659 9046 11126
3 8643 8723 11284
3 11284 8723 11246
3 8725 11283 11245
3 11283 8725 1749
3 8724 11283 1750
3 5563 11286 5583
3 1752 11286 5563
3 11286 1730 5583
3 5626 5625 11170
3 11169 5626 11170
3 5627 5626 11169
3 11168 11129 8963
3 9044 11129 1661
3 11129 9044 8963
3 9342 10945 1524
3 10945 9342 5819
3 1642 5670 11095
3 11094 5670 1642
3 5670 1667 11095
3 11093 1641 1614
3 5696 11056 1587
3 11055 5696 1587
3 11056 5696 1642
3 5698 11093 1614
3 11017 5726 5755
3 1529 5784 10951
3 5784 5813 10951
3 9203 11046 1579
3 9126 11046 9203
3 11008 1578 9203
3 1578 9126 9203
3 1576 9127 1577
3 1576 11044 9127
3 11044 1576 9205
3 1576 9276 9205
3 9128 11044 9205
3 1548 9344 1549
3 1548 10974 9344
3 9275 1548 1549
3 10974 1548 9275
3 1499 10947 5817
3 10947 1526 5817
3 10947 1499 5818
3 1526 10947 5818
3 9049 11082 3086
3 3151 8968 3152
3 11239 11240 8807
3 8886 11201 11202
3 11201 8806 11202
3 3210 11161 8970
3 11161 3211 8970
3 11122 3212 8969
3 3211 3212 11122
3 3212 11201 8886
3 8725 11282 1749
3 8800 1708 11208
3 8800 1707 11246
3 11167 8963 11128
3 8963 11167 1684
3 11203 11204 8884
3 1704 11203 8805
3 8805 11203 11202
3 11203 8885 11202
3 11244 11243 8726
3 12574 301 4885
3 4913 12573 4885
3 4960 12482 281
3 4960 254 12482
3 255 4960 281
3 12443 4960 255
3 4960 12437 254
3 12437 12440 254
3 12440 4986 228
3 12440 12437 4986
3 254 4961 280
3 4961 253 12481
3 280 4961 12481
3 12486 12483 4932
3 12483 12492 4932
3 12483 12486 255
3 12492 12483 255
3 5036 179 12304
3 179 5036 12351
3 12304 179 5035
3 179 12351 5035
3 12353 5036 178
3 12390 4988 227
3 4988 12390 12393
3 4988 12435 227
3 12435 4988 226
3 4988 4989 226
3 4989 4988 12393
3 12493 12488 282
3 12489 12493 282
3 12488 12493 4931
3 12493 12489 4931
3 12484 12488 4931
3 12490 12484 4931
3 12488 12484 282
3 12484 12490 282
3 12224 12228 5105
3 12224 5127 12228
3 5082 5104 12221
3 5104 108 12221
3 12180 5126 86
3 5126 5125 12181
3 86 5126 12181
3 5126 109 5125
3 109 5126 12222
3 5126 12180 108
3 5126 5104 12222
3 5104 5126 108
3 12530 306 4906
3 4906 306 12579
3 306 4879 12579
3 4879 306 4907
3 306 12530 4907
3 4823 389 12721
3 389 4793 418
3 12721 389 418
3 389 12720 4793
3 12720 389 12672
3 389 4823 12672
3 12471 4945 244
3 12471 270 4945
3 12471 244 4973
3 270 12471 4973
3 298 12522 4943
3 4915 12522 298
3 12522 4942 4943
3 12522 4915 299
3 4942 12522 299
3 298 4916 12570
3 12570 4916 4889
3 4916 12521 4889
3 4944 4916 298
3 12521 4916 4944
3 386 4796 4826
3 415 4796 386
3 4796 415 4767
3 387 12670 4826
3 387 4825 12670
3 4825 387 4795
3 416 12719 4795
3 4825 12719 388
3 12719 4825 4795
3 12685 369 4843
3 12779 12780 4757
3 12780 12781 4757
3 12780 12779 12774
3 12781 12780 12774
3 12782 12781 12774
3 366 4815 367
3 336 12581 4877
3 12581 4904 4877
3 4904 12581 308
3 4760 422 4788
3 4787 422 4759
3 422 4787 4788
3 4759 12785 4758
3 12681 4814 12680
3 4814 12681 368
3 4814 12688 367
3 12687 4814 368
3 12681 12639 368
3 12639 12638 368
3 12638 12639 339
3 12632 4845 366
3 4845 12632 337
3 4845 337 4846
3 4876 12631 12582
3 12631 4876 336
3 4876 12581 336
3 12581 4876 308
3 4903 4876 12582
3 4876 4903 308
3 12773 420 4762
3 4761 420 12773
3 4762 420 4791
3 4791 420 391
3 420 12723 391
3 196 12339 5020
3 12339 196 5043
3 5043 196 12340
3 196 5019 12340
3 196 5020 12384
3 5019 196 12384
3 170 5046 12294
3 5046 170 12336
3 5047 170 12294
3 12336 170 5047
3 4938 12477 12526
3 4938 276 12477
3 4910 4938 12526
3 12478 4938 4910
3 276 4938 12478
3 249 12477 4966
3 12432 249 4966
3 249 12432 4992
3 223 4992 12386
3 12433 4965 4964
3 12433 4964 251
3 225 12433 251
3 12433 225 4991
3 250 12433 4991
3 4965 12433 250
3 12342 198 5017
3 199 12342 5017
3 12299 12342 5040
3 12342 12300 5040
3 12300 12342 5039
3 5041 12299 5063
3 5041 12342 12299
3 12343 176 5039
3 12342 12343 5039
3 12343 12342 199
3 176 12343 12344
3 200 12343 5015
3 12343 200 12344
3 12388 12389 5015
3 12389 12388 4990
3 12388 225 4990
3 225 12388 4991
3 12387 199 5017
3 12387 224 4991
3 12388 12387 4991
3 12387 12388 199
3 224 12387 4992
3 4992 12387 12386
3 12387 5017 12386
3 12300 175 5040
3 5062 175 12300
3 175 5062 151
3 12299 175 151
3 175 12299 5040
3 153 5061 12301
3 5061 152 12301
3 152 5061 12264
3 5061 12261 12264
3 5061 153 12261
3 6539 6571 399
3 400 6571 6539
3 6571 12700 399
3 6571 370 12700
3 6571 371 6602
3 370 6571 6602
3 12659 348 4867
3 4866 348 12660
3 12660 348 4837
3 348 12659 4837
3 4996 220 12428
3 221 4996 12428
3 12382 4996 12383
3 4996 12382 220
3 4996 4995 12383
3 4996 221 4995
3 355 12667 4829
3 4859 12667 355
3 12667 4859 354
3 4830 12667 354
3 4829 12667 384
3 12667 4830 384
3 325 12570 4889
3 12569 325 4889
3 4830 12714 4800
3 383 12714 4830
3 12714 4801 4800
3 4801 12714 4831
3 12714 383 4831
3 296 12568 4890
3 4891 12568 12519
3 4861 4891 12617
3 12665 4861 12617
3 4861 353 12618
3 353 4861 12665
3 317 12561 4899
3 4926 12561 4898
3 4898 12561 318
3 12561 317 318
3 12561 4926 289
3 4899 12561 289
3 12560 317 4899
3 317 12560 4870
3 12560 316 4870
3 4927 12560 4899
3 288 12560 12511
3 12560 4927 12511
3 346 4869 12610
3 12658 4869 346
3 4869 12658 4868
3 4869 317 12610
3 4869 4868 318
3 317 4869 318
3 346 4840 375
3 12657 4840 346
3 375 4840 12705
3 4840 345 12705
3 345 4840 12657
3 12609 345 4870
3 345 12657 4870
3 344 6630 12655
3 344 12608 6630
3 374 4811 403
3 12704 4811 374
3 403 4811 6535
3 4811 402 6535
3 4811 6568 402
3 4811 12704 6568
3 843 6543 12747
3 6543 843 6575
3 6542 843 12747
3 843 12697 6575
3 6574 843 6542
3 12697 843 6574
3 6609 779 12646
3 779 6609 810
3 810 6609 12694
3 6609 778 12694
3 778 6609 12646
3 6573 844 6541
3 844 12748 6541
3 6574 844 12698
3 844 6573 12698
3 844 6542 12748
3 844 6574 6542
3 6607 812 12649
3 12648 6607 12649
3 812 6607 12696
3 6607 12648 780
3 6607 811 12696
3 811 6607 780
3 12553 6694 12504
3 722 6694 12553
3 6694 6720 12504
3 6694 722 6720
3 751 12602 6635
3 12650 12602 6636
3 12602 12650 6635
3 12602 6666 6636
3 12602 751 6666
3 12505 723 6719
3 722 6693 6720
3 6693 12505 6720
3 6693 722 6665
3 6693 723 12505
3 12555 284 12506
3 12555 6663 284
3 752 12555 6664
3 12555 752 12604
3 12555 12604 312
3 6663 12555 312
3 12604 6634 783
3 752 6634 12604
3 12564 4896 320
3 319 4896 12563
3 4896 319 4866
3 4923 4896 12564
3 4896 4923 12514
3 12563 4896 12514
3 12612 319 4867
3 319 12612 4866
3 348 12612 4867
3 12612 348 4866
3 12419 5006 12418
3 5006 12419 212
3 12373 5006 212
3 12372 5008 211
3 12417 5008 210
3 5008 12417 211
3 5008 12372 5033
3 210 5008 12371
3 5008 5033 12371
3 5007 12373 5032
3 12372 5007 5032
3 5007 12372 211
3 5007 5006 12373
3 5007 211 12418
3 5006 5007 12418
3 12241 6856 6857
3 6837 12241 6857
3 12241 6837 134
3 6835 12242 135
3 12242 6835 6855
3 6856 12242 6855
3 163 5054 12287
3 12329 5054 163
3 5054 164 12287
3 5054 12329 187
3 12330 5054 187
3 5054 12330 164
3 12329 186 5031
3 12373 186 5032
3 186 12373 5031
3 5055 186 12329
3 186 12328 5032
3 186 5055 12328
3 316 4871 12609
3 4871 345 12609
3 345 4871 12656
3 4871 344 12656
3 344 4871 12608
3 6853 559 15427
3 559 560 15427
3 559 6853 15431
3 560 559 15431
3 12148 493 6907
3 493 492 522
3 6907 493 522
3 493 12148 503
3 493 12106 492
3 479 6926 477
3 6926 12106 477
3 6926 499 502
3 492 6926 502
3 12106 6926 492
3 6926 479 481
3 12105 6926 481
3 499 6926 12105
3 6958 464 465
3 464 6941 465
3 12066 480 484
3 6940 12066 484
3 6941 12066 465
3 483 473 12065
3 478 483 12065
3 474 472 12107
3 6924 474 12107
3 480 474 6924
3 12066 474 480
3 474 12066 6941
3 473 6943 12065
3 472 6943 473
3 6943 459 457
3 464 6943 6941
3 499 501 12147
3 12147 501 6908
3 501 511 6908
3 501 500 511
3 496 521 511
3 500 496 511
3 521 496 12146
3 12146 496 494
3 494 496 6927
3 496 12105 6927
3 519 515 6890
3 516 519 6890
3 15425 513 6892
3 15425 539 537
3 534 15425 6892
3 15425 534 539
3 6910 515 494
3 6910 494 6927
3 513 6910 6927
3 6910 15426 515
3 6849 6869 12229
3 6849 12230 6869
3 12230 6849 566
3 6850 6849 12229
3 6849 6850 12269
3 530 541 6871
3 541 530 15426
3 6871 541 15428
3 541 6872 15428
3 541 540 6872
3 6804 12313 611
3 12312 12313 588
3 12313 12312 611
3 12313 6827 588
3 12313 6804 612
3 6827 12313 12271
3 6826 12313 612
3 12313 6826 12271
3 6828 12312 588
3 6849 6828 566
3 6828 6849 12269
3 12312 587 12311
3 587 6829 12311
3 6829 587 12269
3 587 6828 12269
3 6828 587 12312
3 12358 6803 612
3 6804 12358 612
3 12358 12359 6803
3 12358 6804 12357
3 6779 12358 12357
3 12403 6779 636
3 12403 6755 661
3 6754 12403 661
3 12403 12402 6755
3 12403 636 12402
3 6776 12360 639
3 6776 12361 12360
3 12406 6776 639
3 12361 6776 640
3 6776 12406 640
3 12361 6801 12360
3 12360 6801 614
3 12316 6801 615
3 6801 12361 615
3 6801 6824 614
3 6824 6801 12316
3 6825 12315 590
3 12272 6825 590
3 6825 12272 12314
3 613 6825 12314
3 12315 6825 613
3 525 6903 12152
3 6903 526 12152
3 6903 525 6884
3 526 6883 6902
3 6883 12195 6902
3 572 6842 12276
3 594 572 12276
3 572 594 12277
3 572 12277 6841
3 6862 572 6861
3 12112 507 6919
3 507 12112 6920
3 12195 527 6902
3 12155 508 6900
3 508 12113 6919
3 12113 508 6918
3 508 12155 6918
3 691 12451 6725
3 6752 12451 6751
3 12451 691 6751
3 12452 691 6724
3 12452 6724 692
3 12452 664 6751
3 691 12452 6751
3 6750 12452 692
3 664 12452 6750
3 718 6699 6670
3 718 12500 6699
3 12549 718 6670
3 6698 718 12549
3 12500 718 6698
3 12453 665 6750
3 6749 665 12453
3 665 12407 6750
3 12407 665 12408
3 665 6749 12408
3 12356 6781 12357
3 12356 610 6806
3 12356 6806 15444
3 12356 15444 6782
3 6757 687 6756
3 6757 6756 12401
3 659 6757 12401
3 6757 15460 6730
3 687 6757 6730
3 15460 6757 686
3 686 6757 6758
3 6758 6757 15451
3 6757 659 15451
3 6672 12547 745
3 12547 6673 745
3 6728 6754 688
3 6701 6728 12497
3 6728 12448 12497
3 12448 6728 688
3 12499 717 6699
3 6726 12499 6699
3 12404 638 6778
3 12231 567 6847
3 12231 6867 6868
3 6867 12231 6847
3 6848 12231 6868
3 567 12231 6848
3 6824 12273 590
3 12273 6846 590
3 12273 6824 591
3 12232 6867 6847
3 6867 12232 545
3 545 12232 6866
3 12232 6846 6866
3 12272 568 6847
3 568 12232 6847
3 12232 568 6846
3 568 12272 590
3 6846 568 590
3 573 6840 12238
3 6840 573 12278
3 12238 6840 132
3 6840 12278 132
3 12237 573 6860
3 12237 6860 550
3 6861 12237 550
3 573 12237 6841
3 12237 572 6841
3 572 12237 6861
3 12321 595 12320
3 595 6819 12320
3 6819 595 12278
3 6818 595 12321
3 595 6818 12278
3 12236 12235 571
3 6842 12236 571
3 572 12236 6842
3 12236 572 6862
3 12236 6863 12235
3 6863 12236 6862
3 12235 6863 6864
3 505 6922 12151
3 505 12110 6922
3 12110 505 12152
3 505 525 12152
3 525 505 12151
3 12284 161 5057
3 6813 161 12284
3 12326 5034 5057
3 5034 12326 184
3 161 12326 5057
3 12326 161 6813
3 184 12326 6790
3 12326 12325 6790
3 12326 6813 12325
3 12280 6817 157
3 12280 6837 6838
3 6837 12280 134
3 6817 133 12279
3 12279 133 6839
3 133 12280 6838
3 12280 133 6817
3 12239 133 6838
3 6839 133 12239
3 12323 157 12322
3 12324 12323 6792
3 12198 87 6898
3 87 12157 6898
3 6877 12199 110
3 88 12199 6877
3 97 12209 5117
3 12209 97 5140
3 12209 96 5119
3 12209 5140 96
3 12288 140 164
3 140 12288 5075
3 12288 141 5075
3 214 12421 5003
3 12421 214 5004
3 214 5003 12376
3 214 12375 5004
3 5029 214 12376
3 12375 214 5029
3 12423 5002 241
3 5002 12423 216
3 12423 241 4975
3 12423 5001 216
3 12424 12423 4975
3 5001 12423 12424
3 239 12421 5004
3 12420 239 5004
3 12421 239 4978
3 239 12420 4979
3 265 239 4979
3 4978 239 12466
3 239 265 12466
3 141 5074 12248
3 5096 5074 12249
3 5074 5096 12248
3 5074 142 12249
3 142 5074 12289
3 5050 190 12333
3 12332 190 5050
3 12377 5028 12376
3 190 5028 12377
3 5028 190 12332
3 102 12173 5134
3 5133 102 12215
3 102 5133 80
3 12173 102 80
3 102 5112 12215
3 102 5134 5112
3 12131 79 5155
3 79 12173 5155
3 12173 79 5134
3 79 101 5134
3 12 5236 11975
3 5236 2163 11975
3 5236 11976 2163
3 5217 5218 12049
3 5198 5217 12049
3 5217 5198 5216
3 13 5217 5216
3 5215 15 12013
3 5215 5196 15
3 14 5215 12013
3 5215 14 5197
3 5313 2078 11854
3 11854 2078 5300
3 2078 5314 5300
3 5314 2078 11829
3 2078 5326 11829
3 5326 2078 11830
3 2078 5313 11830
3 5327 2077 11829
3 5326 5327 11829
3 2036 11805 11814
3 11805 2036 5349
3 11804 11805 5349
3 4626 15330 7128
3 15330 4626 15332
3 15330 15332 15337
3 4601 15330 15337
3 7128 15330 4601
3 15349 15351 7106
3 15351 15349 15354
3 15356 15354 4646
3 15355 15356 4646
3 15356 15355 7106
3 787 785 6596
3 825 785 15507
3 785 825 6596
3 6597 825 15507
3 825 6597 817
3 817 6597 815
3 788 15506 815
3 6597 788 815
3 788 6597 791
3 15506 788 786
3 6629 757 755
3 6629 788 791
3 786 6629 755
3 788 6629 786
3 732 730 6657
3 731 732 6657
3 730 732 6687
3 732 15470 6687
3 732 731 15470
3 725 724 15482
3 726 725 15482
3 725 6686 724
3 725 726 6686
3 6686 734 15471
3 726 734 6686
3 734 6685 15471
3 6685 734 15483
3 734 726 6656
3 15483 734 6656
3 6713 15472 706
3 6713 705 15472
3 705 6713 15461
3 6740 6713 706
3 6713 6740 15461
3 828 6593 6561
3 6593 15510 6561
3 756 15494 753
3 15494 756 763
3 15481 756 753
3 763 756 15481
3 630 15447 620
3 15449 632 6785
3 632 15449 6784
3 6785 632 15442
3 632 6784 15442
3 655 6761 15448
3 655 15447 6762
3 655 15448 15447
3 6761 655 15456
3 15456 655 682
3 655 6762 682
3 6760 15457 684
3 15457 6760 656
3 6760 15449 656
3 6760 684 657
3 15449 6760 657
3 6623 15512 15498
3 6591 829 6559
3 6591 15512 829
3 830 6591 6559
3 799 6591 830
3 15512 6591 799
3 15497 15484 6655
3 735 15473 6684
3 735 15485 15473
3 15472 735 6684
3 735 15472 6655
3 15484 735 6655
3 708 6682 15475
3 15464 708 15475
3 6681 6710 15475
3 6710 15464 15475
3 709 6710 6681
3 15445 624 623
3 15445 623 6789
3 699 696 6684
3 696 697 6684
3 15439 6812 6788
3 6812 15439 599
3 6812 624 6788
3 624 6812 6789
3 576 555 7219
3 7193 576 7219
3 6789 576 7193
3 6812 576 6789
3 6834 576 599
3 576 6812 599
3 15440 6811 620
3 601 15439 620
3 6811 601 620
3 15439 601 599
3 15434 6834 599
3 601 15434 599
3 608 6809 15442
3 15436 6809 608
3 607 6809 15436
3 6809 15441 15442
3 6809 607 15441
3 15430 584 557
3 584 574 557
3 574 584 6832
3 582 579 555
3 579 15430 555
3 2186 10215 12806
3 2186 12804 10216
3 4348 4347 7384
3 4347 4348 15074
3 4306 4305 15035
3 4305 4306 7431
3 4303 4304 15035
3 4304 4303 7431
3 4686 7046 15379
3 15392 7046 4686
3 7046 4687 15379
3 4687 7045 15381
3 7045 4687 15395
3 4687 7067 15379
3 7067 4687 4662
3 15364 4687 15381
3 4687 15364 4662
3 7064 15372 15387
3 15372 7043 15387
3 15372 15369 7043
3 4664 15372 7064
3 15372 4664 15369
3 15369 15371 4689
3 4664 15371 15369
3 4644 15348 7087
3 15348 4644 7108
3 4644 7087 7107
3 7108 4644 7107
3 15386 4688 7044
3 7044 4688 15399
3 4688 15398 15399
3 4688 7045 15398
3 7069 7092 4658
3 7069 4659 7092
3 4640 7091 4660
3 4659 7091 4639
3 7091 7112 4639
3 7112 7091 4640
3 7112 15346 7111
3 15346 7112 4640
3 7110 7133 7111
3 15326 7133 7156
3 15389 4675 7051
3 7070 7093 15361
3 7093 7070 4658
3 4638 7113 7114
3 7113 7112 4618
3 7113 7135 4617
3 7135 7113 4618
3 15302 4593 4568
3 7182 15302 4568
3 4567 15302 7182
3 4566 15275 7183
3 4566 4567 15275
3 4539 4566 7183
3 4566 7184 4565
3 7184 4566 4539
3 15323 4591 7161
3 4619 15325 4618
3 15325 7135 4618
3 7158 15325 4594
3 15325 7158 4593
3 15325 4593 4617
3 7135 15325 4617
3 15298 4556 4560
3 15272 4556 4557
3 4556 15298 4581
3 4557 4556 4581
3 15299 4562 7164
3 4562 4557 7164
3 4562 4536 7187
3 15272 4562 7187
3 4562 15272 4557
3 4536 4562 4563
3 4562 15299 4563
3 7098 15341 4631
3 15341 7119 4631
3 15341 7098 4633
3 15341 4633 7118
3 7141 15341 7118
3 7119 15341 7141
3 4629 4635 7116
3 7117 4634 15342
3 7097 4634 7118
3 4634 7117 7118
3 4628 7117 15342
3 7117 4628 4629
3 4587 15321 4588
3 15299 4587 4588
3 4587 15299 7164
3 4607 7117 4610
3 7140 4607 4610
3 4589 15322 7162
3 15300 4589 7162
3 7163 4564 4563
3 7163 15300 4564
3 7163 4589 15300
3 7163 15299 4588
3 15299 7163 4563
3 4589 7163 15322
3 4613 7163 4588
3 15322 7163 4613
3 7166 15296 4585
3 4528 7189 4558
3 15296 15270 4559
3 4559 15270 4534
3 15270 7189 4534
3 7189 15270 4558
3 15241 7216 4500
3 15241 15240 7191
3 15240 15241 4503
3 7244 15241 4500
3 15241 7244 4503
3 7216 4532 15242
3 4532 7190 15242
3 15241 4532 7216
3 4559 15269 15295
3 15269 7190 15295
3 15269 4559 4534
3 15242 15269 4534
3 7190 15269 15242
3 4475 15152 7269
3 15152 15183 7269
3 7188 4555 4560
3 4555 7188 4561
3 4530 15245 7214
3 4530 15272 15245
3 4530 7188 4560
3 4556 4530 4560
3 4530 4556 15272
3 7048 15378 4684
3 7048 4684 4706
3 15391 7048 4706
3 15378 7048 4685
3 7048 15391 4685
3 7027 15409 15404
3 7027 15404 4730
3 7026 7027 4730
3 7031 15389 4703
3 7031 4704 15389
3 7028 15391 4706
3 15391 7028 4707
3 7028 15403 15407
3 7028 7027 4707
3 7027 7028 15409
3 4724 7012 4728
3 7012 434 4728
3 7012 433 429
3 4702 7029 4706
3 4724 7029 4702
3 7029 4724 4728
3 15403 7029 4728
3 7029 7028 4706
3 7028 7029 15403
3 434 431 15414
3 15414 431 6995
3 7012 431 434
3 15409 15408 4729
3 7028 15408 15409
3 15418 15419 439
3 15419 15416 439
3 434 15419 15418
3 15416 15419 434
3 15412 7014 430
3 15412 432 7014
3 432 15412 6997
3 15412 430 437
3 6997 15412 437
3 15360 4653 4656
3 4653 7094 4656
3 4653 7071 7094
3 15360 7072 4681
3 7072 15360 4656
3 15375 4655 7073
3 4650 4655 15375
3 4632 4655 7095
3 4655 4650 7095
3 4657 4637 7094
3 4637 7115 7094
3 4637 4657 7093
3 15344 4637 7093
3 4637 15344 7114
3 7115 4637 7114
3 4434 4426 15113
3 4426 7341 15113
3 4426 4434 7305
3 4426 7305 15148
3 7298 4478 7297
3 7265 15187 4479
3 4478 7265 4479
3 15187 7265 15218
3 7265 7237 15218
3 15185 7268 15216
3 7267 15185 15216
3 4476 15185 7267
3 7268 4476 15153
3 15185 4476 7268
3 7330 15086 4364
3 15086 7371 4364
3 7371 15086 4365
3 7332 4443 4444
3 7332 4402 4443
3 15122 7332 4444
3 7332 15122 4403
3 4362 7332 4403
3 4402 7332 4362
3 4008 4064 7762
3 14868 14867 7637
3 7636 14868 7637
3 14866 14867 7698
3 4009 7761 14767
3 7761 4009 7762
3 4065 7697 14819
3 14956 7581 14955
3 14912 14913 7637
3 7699 14817 4064
3 4064 14817 7762
3 14817 7761 7762
3 14716 7896 14715
3 7896 14716 3952
3 14715 7896 14658
3 7896 14659 14658
3 14659 7896 3952
3 7826 14716 14715
3 7694 4122 14870
3 4067 4122 7694
3 4122 4067 14821
3 3882 8051 8052
3 14600 8050 8051
3 14600 3884 8050
3 14599 3881 7974
3 3882 3881 14599
3 3881 3882 8052
3 14542 3881 8052
3 3881 3814 8053
3 3881 14542 3814
3 15042 15043 7424
3 15043 7423 7424
3 4271 14959 7526
3 14959 4271 7525
3 4224 14959 7525
3 7475 15002 7474
3 7423 15002 7424
3 15002 7423 7474
3 4270 14958 7527
3 14958 4270 7475
3 15002 15001 7424
3 15001 15002 7475
3 15000 15001 7476
3 15001 4270 7476
3 4270 15001 7475
3 4399 15119 4440
3 15119 4399 7336
3 4400 15120 7334
3 15083 4400 7334
3 15044 7376 4360
3 4359 7376 15044
3 7376 15083 4360
3 7376 4400 15083
3 7340 15078 15077
3 4356 15078 4396
3 15078 7340 4396
3 15114 7340 4395
3 7341 15114 4395
3 4426 15114 7341
3 4430 15115 7304
3 15114 15115 7340
3 7340 15115 4396
3 15115 7339 4396
3 4223 14958 7526
3 14958 4223 7579
3 14959 4223 7526
3 7579 4223 14914
3 4173 7636 7637
3 14913 4173 7637
3 7636 4173 14914
3 4173 14913 14914
3 4275 7522 14961
3 7521 7522 7470
3 7522 4275 7470
3 14961 4227 7523
3 4225 4224 7525
3 4225 7577 4224
3 7635 7636 14914
3 4174 7635 14914
3 7635 4174 14870
3 7577 14915 4224
3 7422 15003 4316
3 15003 7422 4317
3 15044 7422 4316
3 7422 15044 4317
3 4271 4272 7525
3 7472 7421 15004
3 7421 7472 4273
3 4274 7472 15004
3 4273 7472 7523
3 7472 4274 7523
3 15000 14999 4313
3 14999 7426 4313
3 7477 14999 15000
3 7426 14999 14998
3 14999 7478 14998
3 14999 7477 7478
3 7426 15040 4313
3 15040 15041 4313
3 7379 15041 15080
3 15041 7379 15042
3 15079 7338 15080
3 15079 7339 7338
3 15079 4356 4396
3 7339 15079 4396
3 7425 15041 15042
3 7425 15001 15000
3 7425 15000 4313
3 15041 7425 4313
3 7338 4397 15080
3 15118 4397 4438
3 4397 15118 7337
3 7428 14997 14996
3 14997 7479 14996
3 4312 14997 7428
3 14953 7479 7530
3 7479 14953 7531
3 14953 7530 7583
3 4005 14763 7766
3 7643 4168 14862
3 14813 4061 7766
3 4498 4502 15242
3 4502 7216 15242
3 4502 4497 7216
3 4502 7243 4497
3 4502 4498 7243
3 4434 4432 7305
3 4432 4425 7305
3 4432 4434 15113
3 4425 4432 15113
3 4473 15181 4467
3 15149 4473 4467
3 10190 12850 12851
3 12850 10190 2201
3 10189 10190 12851
3 2201 10190 12837
3 10190 10189 12837
3 10177 2216 12882
3 10177 12865 2216
3 12883 10177 12882
3 2239 12933 10133
3 12933 2239 12932
3 10142 2239 10133
3 12916 2239 10142
3 10118 12948 10125
3 12948 10118 2250
3 2245 12948 2250
3 12954 2249 12956
3 12933 12954 12956
3 12924 2241 12926
3 2234 12924 12926
3 12919 12924 10150
3 12924 2234 10150
3 12928 2234 12926
3 2241 12928 12926
3 12938 2240 12918
3 12933 12938 10133
3 12948 12938 10125
3 12938 12956 10125
3 12938 12933 12956
3 12943 10132 12941
3 2240 10132 12918
3 2218 10161 12886
3 10161 2218 2226
3 10161 10160 12886
3 10161 12903 10160
3 10151 2233 12918
3 2233 12901 10152
3 12901 2233 10151
3 10140 12919 10150
3 10151 10140 10150
3 10140 10151 12918
3 10132 10140 12918
3 12919 10140 12943
3 10140 10132 12943
3 12901 12900 10152
3 12900 12901 10163
3 12900 10153 10152
3 2225 12900 10163
3 10153 12900 12899
3 12900 2225 12899
3 10162 12901 2226
3 10162 2226 12885
3 12884 10162 12885
3 10162 12884 10163
3 12901 10162 10163
3 10143 10154 12915
3 2232 12916 10142
3 10153 2232 10142
3 2232 10143 12916
3 2232 10153 10154
3 10143 2232 10154
3 2249 2244 10119
3 10127 12945 2243
3 12945 10135 12930
3 10128 12945 12930
3 12945 10128 2243
3 10143 10134 12916
3 2239 10134 12932
3 10134 2239 12916
3 2252 12972 10113
3 12972 2252 10114
3 2252 10113 12960
3 12969 2252 12960
3 12983 10111 12982
3 10111 12990 12982
3 12976 10111 12980
3 10111 12976 12970
3 12974 10111 12970
3 12990 10111 12987
3 10111 12974 12987
3 12978 12983 10110
3 12978 10111 12983
3 12966 12969 10120
3 12966 2252 12969
3 2252 12966 10114
3 12976 10115 10116
3 12958 10115 2251
3 10115 12980 2251
3 10115 12976 12980
3 10115 12957 10116
3 10115 12958 12957
3 2853 2854 9404
3 2854 2853 9339
3 2853 13629 9339
3 2850 9404 13566
3 2850 2855 9404
3 2849 2850 13566
3 13629 2850 2849
3 2855 2850 13629
3 3100 9116 13816
3 9116 3100 3101
3 9035 8955 3161
3 8955 9035 3160
3 2977 13754 9194
3 3037 2977 9194
3 9117 9118 3099
3 9117 3037 9118
3 3037 9117 13816
3 3100 9117 3099
3 9117 3100 13816
3 13689 2914 9270
3 2914 13689 9340
3 13689 9270 9339
3 9340 13689 9339
3 9197 2914 2913
3 3034 13814 3035
3 13814 3034 9120
3 3035 13814 9119
3 13814 3097 9119
3 3097 13814 9120
3 2806 2804 9402
3 2804 2860 9402
3 2804 9465 2803
3 9465 2804 2806
3 9403 2804 2803
3 2860 2804 9403
3 9337 9338 13690
3 9337 9268 13691
3 2860 9337 9402
3 9336 9337 13691
3 13631 9337 9336
3 9403 2796 2797
3 2798 2796 9403
3 2797 2796 9522
3 2796 2798 9522
3 2917 9267 13691
3 9267 2917 13754
3 9268 2917 13691
3 13754 2917 9194
3 2917 9268 9194
3 2978 9192 2918
3 13755 9266 2918
3 9192 13755 2918
3 13755 2919 9266
3 13755 9192 2979
3 2919 13755 2979
3 9198 2969 2972
3 2970 9198 9272
3 2970 2969 9198
3 2969 2970 13813
3 9198 2912 9272
3 2912 13688 9272
3 2912 2906 13688
3 2964 2965 9272
3 2966 2964 9272
3 2971 2966 13750
3 8961 13993 3215
3 13933 13993 8961
3 13993 8879 3214
3 13936 3159 9037
3 3159 13936 8957
3 13997 3159 8957
3 8957 13996 3219
3 8958 13996 8957
3 13995 8959 3156
3 13936 3158 8957
3 3158 8958 8957
3 9038 3158 9037
3 3158 13936 9037
3 8871 3221 14060
3 3221 8871 13998
3 14059 8794 3286
3 8795 8718 3347
3 8961 3155 3154
3 8960 3155 8961
3 3155 9041 3154
3 9041 3155 13873
3 3155 9040 13873
3 9121 3096 9120
3 3096 3097 9120
3 9039 13874 3156
3 13874 9040 3156
3 13874 3096 9040
3 3097 13874 9039
3 3096 13874 3097
3 9401 9336 2862
3 9401 13631 9336
3 2708 13462 9619
3 13462 2708 9572
3 2706 2665 13461
3 2708 13514 9572
3 9573 13514 2699
3 9521 2744 2754
3 2924 9261 13695
3 3040 13818 3041
3 13818 3040 9114
3 13818 9113 3041
3 2863 9400 13632
3 13632 9400 2862
3 9400 9462 13569
3 9462 9400 2863
3 2981 9190 3041
3 9191 2919 2979
3 2919 9191 9265
3 3040 9191 2979
3 9190 9264 13756
3 2923 9262 9188
3 9262 2923 13695
3 14000 8953 3224
3 8953 14000 8952
3 9113 3103 3104
3 13818 3103 9113
3 3103 13818 9114
3 3103 3102 13878
3 3102 3103 9114
3 13819 9113 3104
3 13757 9189 2982
3 13757 2982 9188
3 2922 13757 9188
3 9189 13757 9263
3 13757 2922 9263
3 13694 9262 9331
3 13694 2922 9262
3 9332 13694 9331
3 2922 13694 9263
3 9030 13941 13881
3 13941 9029 13881
3 9029 13941 3167
3 13941 14002 8949
3 3167 13941 8949
3 3045 9186 2984
3 9186 3045 2985
3 3046 3045 9109
3 3045 3046 2985
3 9187 3044 2984
3 3044 3045 2984
3 3045 3044 9110
3 9030 3106 13880
3 3107 13881 3108
3 9109 3107 3108
3 3107 9030 13881
3 3107 3106 9030
3 3106 3107 9110
3 2715 9613 9566
3 2671 13416 2629
3 13416 13369 2629
3 9613 13416 2671
3 13416 9613 2672
3 9613 2714 9566
3 2714 9613 2671
3 3283 3345 8796
3 8798 3281 14056
3 3281 8798 14116
3 8798 8721 14116
3 8721 3344 14116
3 3342 8722 14115
3 14172 8722 3342
3 8640 14231 3469
3 14231 8640 3405
3 3279 3280 14055
3 3280 8798 14056
3 3531 14289 8562
3 14289 3531 8485
3 8486 3531 14288
3 3531 8486 8485
3 3664 8317 8233
3 8317 3664 14412
3 3730 8149 3797
3 14531 8068 3863
3 14531 3797 8068
3 14531 3730 3797
3 3468 14230 8563
3 3468 8563 8562
3 14231 3468 8562
3 8722 8641 3405
3 8641 8722 14172
3 3468 8641 14230
3 8641 14231 3405
3 8641 3468 14231
3 3807 14537 8059
3 3874 14594 7981
3 14480 3743 3677
3 3948 14655 7901
3 14710 4005 7832
3 8479 3539 14293
3 8479 8480 14353
3 8480 3602 8397
3 14352 8481 8482
3 14292 8481 3537
3 8481 8480 3537
3 8481 3602 8480
3 3602 8481 14352
3 3737 3805 8141
3 3805 3737 8142
3 3668 3669 14415
3 8061 3873 14536
3 3533 8484 8483
3 8484 14350 8483
3 3598 8316 8315
3 3598 8484 8485
3 8484 3598 14350
3 8561 3470 3469
3 8561 3469 8562
3 14289 8561 8562
3 3407 8639 14232
3 8639 3470 14232
3 8639 3407 3406
3 3470 8639 3469
3 8640 8639 3406
3 8639 8640 3469
3 8559 8560 3534
3 8560 8559 3471
3 8560 3471 14232
3 3470 8560 14232
3 3471 3472 14233
3 8559 3472 3471
3 3472 3473 14233
3 8718 8717 3347
3 14176 8717 3410
3 3763 14493 14496
3 3762 3764 14497
3 14493 3762 14497
3 3762 14493 3763
3 3762 3763 8118
3 8285 14435 14436
3 9086 13842 9085
3 3184 13964 14026
3 13964 3184 9004
3 9003 13964 9004
3 13965 13964 9003
3 13962 8925 8922
3 14259 14201 8606
3 14259 3499 8528
3 14259 8606 3499
3 3500 14259 8528
3 14260 14259 3500
3 14143 8765 3374
3 14087 8843 14086
3 8843 14087 14088
3 3248 8843 14088
3 8843 14027 14026
3 8843 3248 14027
3 14257 8607 3498
3 3505 14257 3498
3 14257 3505 14250
3 8608 14257 14250
3 14257 8608 8607
3 3569 14315 3562
3 14315 14307 3562
3 8530 14315 3569
3 14315 8530 8529
3 14307 14315 8529
3 14307 8531 14314
3 14314 8531 3498
3 8531 3505 3498
3 3505 8531 8529
3 8531 14307 8529
3 8453 14376 14368
3 8453 8452 14376
3 8453 14368 8450
3 8452 8453 3569
3 8453 14309 3569
3 14316 8453 8450
3 14309 8453 14316
3 8456 14372 8373
3 14313 8532 8533
3 8452 14375 14376
3 8287 3627 8373
3 3627 8287 14434
3 3436 14260 8604
3 14202 3436 8604
3 14259 3436 14201
3 14201 3436 8685
3 3436 14202 8685
3 3817 8130 3750
3 8131 3817 3750
3 8131 3748 3816
3 8050 8131 3816
3 3817 8131 8050
3 14659 7971 14658
3 8620 3428 14187
3 3428 8620 14245
3 8619 3428 14245
3 14245 3491 3492
3 3491 8541 3492
3 8541 8540 3492
3 14304 8540 3555
3 8540 3493 3492
3 14188 3429 8618
3 3429 8619 8618
3 3429 14188 8699
3 3366 14130 8777
3 3304 14071 8777
3 14302 8543 3552
3 3488 14243 3487
3 14243 8623 3487
3 14243 3488 8622
3 14246 3430 8618
3 14246 8618 3492
3 3493 14246 3492
3 3820 3753 8128
3 14487 3753 3754
3 3688 8294 14427
3 8294 3688 3689
3 8212 14426 3686
3 8212 3753 14487
3 3687 8212 14487
3 8212 3687 14426
3 8382 8296 3619
3 8296 14426 3619
3 3618 8296 8382
3 14426 8296 3686
3 14364 3620 8380
3 3620 8294 8380
3 8294 3620 14427
3 3620 14364 8381
3 14364 8463 8464
3 8463 3555 3554
3 8464 8463 3554
3 8463 14364 8380
3 8463 8380 8462
3 8298 14424 3684
3 8383 3618 8465
3 8466 8383 8465
3 8765 3311 3374
3 8854 14011 8938
3 8854 3241 14011
3 14075 14014 8853
3 8854 8937 3240
3 8937 8854 8938
3 8856 3238 14009
3 3238 14010 14009
3 3621 8293 8379
3 8293 3621 14428
3 8293 3622 8379
3 8293 14428 3690
3 14430 8206 3693
3 14430 8376 3624
3 8289 8205 14432
3 8616 14191 14247
3 3494 8616 14247
3 8616 3494 14249
3 14246 8617 3430
3 8617 3493 14247
3 8617 14246 3493
3 14189 14191 14132
3 8617 14189 3430
3 14191 14189 14247
3 14189 8617 14247
3 14075 8773 14076
3 3307 8773 14075
3 14194 8615 8614
3 3432 14194 8614
3 14312 3560 8456
3 14312 14313 8533
3 14313 14312 8456
3 8534 14312 8533
3 8458 3559 8459
3 14308 14310 8535
3 3559 14310 14308
3 14310 3496 8535
3 3496 14310 8534
3 8458 14310 3559
3 14252 3432 8614
3 3496 14252 8535
3 14252 14251 3495
3 14251 14252 8614
3 8536 14252 3495
3 14252 8536 8535
3 3556 14304 3555
3 3556 8463 8462
3 8463 3556 3555
3 3557 3556 8462
3 14304 3556 3557
3 8539 3557 8538
3 8539 14304 3557
3 3493 8539 8538
3 8540 8539 3493
3 8539 8540 14304
3 3623 8292 14429
3 8378 8292 3623
3 8292 3691 14429
3 8292 8293 3690
3 8208 8292 3690
3 8292 8208 3691
3 7483 4265 4264
3 4265 7534 4264
3 4265 14994 7482
3 14994 4265 7483
3 4265 7482 7533
3 4266 14951 7533
3 7482 4266 7533
3 14994 4266 7482
3 4266 14994 7481
3 14907 7586 4219
3 7586 4168 7643
3 4168 7586 14907
3 7532 4266 7481
3 4266 7532 14951
3 14951 7532 4219
3 14952 4267 7531
3 7479 4267 14996
3 4267 7479 7531
3 7532 4267 14952
3 7430 14995 7481
3 14994 7430 7481
3 7430 14994 4310
3 7430 4310 15036
3 7430 15036 7429
3 14995 7430 7429
3 4048 4050 7709
3 4050 4048 7772
3 7537 4214 14947
3 4214 7537 14948
3 14948 7537 4262
3 7537 7486 4262
3 7537 14947 7486
3 14904 4215 7589
3 7590 4215 14904
3 7590 4214 14948
3 4215 7590 14948
3 4162 7648 7649
3 7648 4162 14902
3 7648 4110 7649
3 4110 7648 14858
3 4263 7485 14992
3 4263 7536 7485
3 7483 4259 14993
3 4263 14949 7536
3 7535 14949 4254
3 14949 4263 4254
3 7588 7535 4217
3 7587 7588 4217
3 7588 7587 14905
3 14949 7588 4216
3 7588 14949 7535
3 7707 7770 4056
3 7587 4166 14905
3 14761 7768 7835
3 7836 14708 7906
3 4001 7836 7906
3 7708 4055 4047
3 4055 7772 4047
3 4101 4110 14858
3 4110 4101 7708
3 4051 14808 7774
3 14808 4051 4160
3 4107 14808 4160
3 7709 4109 14857
3 4109 4107 14857
3 14004 3232 8946
3 14005 3232 8862
3 14005 8945 8946
3 3232 14005 8946
3 8945 14005 3172
3 3422 8706 14183
3 8706 3359 14183
3 3359 8706 3360
3 8706 3422 8705
3 3360 8706 8705
3 3298 14067 8783
3 3299 8781 14068
3 3299 14067 3298
3 3360 14126 8783
3 14126 3298 8783
3 14126 3360 8705
3 3483 3482 8549
3 3483 14240 3482
3 3483 3484 14240
3 14298 3483 8549
3 3418 8710 8629
3 3418 8628 14181
3 14182 8708 3420
3 3421 14182 3420
3 14182 3421 8707
3 8628 3419 14181
3 8708 3419 8627
3 3419 14240 8627
3 14240 3419 3482
3 3419 8628 3482
3 8630 14238 3417
3 3479 8630 14237
3 14238 8630 3479
3 3290 3224 3289
3 8632 3478 14237
3 3815 14542 8052
3 8051 3815 8052
3 14543 3815 8051
3 8132 3815 14543
3 3815 8132 3747
3 3814 3813 8053
3 8134 3813 3814
3 14542 8133 3814
3 8133 3815 3747
3 3815 8133 14542
3 14483 3681 8217
3 8301 3681 14423
3 3681 8301 8217
3 8470 3613 8387
3 3613 8301 8387
3 3552 14301 3551
3 8543 14301 3552
3 8386 8300 3615
3 14360 3615 8469
3 14360 8386 3615
3 8470 14360 8469
3 14360 8470 8387
3 14361 8468 3615
3 8546 3549 14300
3 8468 3549 8469
3 3549 8468 14300
3 3549 3548 8469
3 3549 8546 3548
3 3486 8545 3487
3 3486 8546 8545
3 8546 3486 3485
3 3486 8625 3485
3 3421 14241 3422
3 14241 8625 3422
3 14241 3421 8626
3 8625 14241 3485
3 3484 14241 8626
3 3485 14241 8547
3 14241 3484 8547
3 3422 3423 8705
3 8625 3423 3422
3 14357 8390 8473
3 8474 14357 8473
3 3543 8474 14296
3 8552 3543 14296
3 3481 14239 8629
3 14239 3418 8629
3 3418 14239 8628
3 8628 14239 3482
3 14239 8550 3482
3 14239 3481 8550
3 3544 8551 14296
3 8551 3544 3481
3 14296 8551 3480
3 8551 3481 3480
3 8866 3228 14002
3 14064 8866 3227
3 3228 8866 14064
3 8954 13938 3161
3 13938 8954 3162
3 13938 9034 3161
3 13938 3162 9034
3 8477 8394 14355
3 3671 14417 8310
3 14295 3542 8552
3 3542 3543 8552
3 8476 8477 14355
3 8476 3542 14295
3 8304 14420 3677
3 14420 8304 8390
3 8305 14420 8390
3 14119 8793 3286
3 8793 14119 3349
3 3349 14119 8716
3 14236 8632 3414
3 14235 3476 8634
3 3539 8555 14293
3 8555 3476 14293
3 9810 13209 9849
3 13332 9692 9733
3 2557 13332 9733
3 9692 13332 2595
3 9813 13205 2485
3 13205 9812 9852
3 13205 9813 9812
3 13289 9732 13248
3 2558 9732 13333
3 9732 13289 13333
3 13249 13291 9770
3 13249 9731 13291
3 13247 9733 9772
3 13288 13287 9734
3 2557 13288 9734
3 13287 13288 13246
3 13288 9773 13246
3 13288 2557 9733
3 13247 13288 9733
3 13288 13247 9773
3 2386 13103 9951
3 9952 2386 9951
3 9952 9953 13101
3 13169 9887 13168
3 9956 13097 13098
3 13097 9924 13098
3 9986 2349 13070
3 13126 9894 2412
3 13125 13126 9927
3 13093 13125 9927
3 2381 13093 9927
3 2381 9959 9960
3 13093 2381 9960
3 13130 9924 2414
3 13130 9890 9923
3 9890 13130 2414
3 13130 9923 13098
3 9924 13130 13098
3 13127 2413 9926
3 2413 13127 9893
3 9927 13127 9926
3 13126 13127 9927
3 9893 13127 2412
3 13127 13126 2412
3 13166 2415 9889
3 2449 13204 2485
3 9890 13165 9889
3 13165 13166 9889
3 13166 13165 2449
3 13245 13286 9774
3 13286 13245 9775
3 13467 9612 2672
3 9613 13467 2672
3 13467 9613 2715
3 13467 2715 9565
3 9612 13467 9565
3 13161 9893 2412
3 13161 9857 9893
3 9894 13161 2412
3 13161 9894 9858
3 13161 9858 2446
3 9857 13161 2446
3 13240 13239 9779
3 2481 2445 13197
3 2481 9859 2445
3 2481 9819 13198
3 9859 2481 13198
3 13239 13281 9779
3 9780 13239 2516
3 9780 9781 13280
3 9780 2516 9781
3 9780 13281 13239
3 13242 9777 2518
3 9777 13283 13284
3 13242 13283 9777
3 2555 9776 13284
3 13199 2482 2446
3 9818 2482 13199
3 2482 9857 2446
3 9857 2482 13200
3 13200 2482 2518
3 2482 9818 2518
3 2445 2439 13197
3 2474 2478 13196
3 2472 2474 2444
3 2474 13196 2444
3 9821 2474 2472
3 2478 2474 9821
3 13369 9658 2629
3 9699 2591 13371
3 2591 9699 13325
3 13324 2591 13325
3 9700 2591 13324
3 2512 2505 13238
3 2508 2512 13238
3 2505 2512 2506
3 2507 2512 2508
3 2512 2507 2506
3 2509 2513 13238
3 2513 2508 13238
3 2513 2509 2510
3 2507 2513 2510
3 2513 2507 2508
3 13412 2617 2624
3 2624 2617 9663
3 2617 13365 9663
3 2580 2577 13321
3 13366 13320 9706
3 13320 13366 9705
3 13365 13366 9706
3 2615 13366 13365
3 2551 13323 9701
3 2551 9701 2552
3 2551 9742 9702
3 13323 2551 9702
3 13279 2551 2552
3 9742 2551 13279
3 9703 2588 9702
3 2587 2588 9703
3 2545 2548 13278
3 2548 2550 13278
3 2548 2545 13322
3 2550 2548 13322
3 2540 2545 13278
3 2545 2540 13322
3 2945 13794 9150
3 9227 13794 13730
3 13794 2945 13730
3 9430 13601 9367
3 13601 9488 9431
3 13601 9430 9488
3 9298 13729 9297
3 13729 9298 2944
3 9590 13441 2686
3 2686 13441 9591
3 13441 9635 2644
3 13440 13441 2644
3 13441 13440 9591
3 9635 13441 13442
3 13441 9590 13442
3 13341 9725 2562
3 13297 9725 13341
3 9725 9765 2562
3 9765 9725 13297
3 13256 13297 9764
3 13256 9765 13297
3 13256 9764 2526
3 9765 13256 2526
3 9247 13710 9317
3 13708 9247 9317
3 13775 9247 9173
3 9247 13775 13710
3 9249 13707 9318
3 9249 13706 2933
3 13706 9249 9318
3 13778 9171 2996
3 9170 13778 2996
3 13778 9170 2936
3 9246 9316 13710
3 9246 13712 9316
3 13775 9246 13710
3 13778 9245 9171
3 9245 13778 2936
3 13653 9313 13716
3 3057 9170 2996
3 13779 9244 2936
3 9170 13779 2936
3 13591 9440 9497
3 9440 2880 9377
3 2772 2825 9497
3 2825 13591 9497
3 9309 13719 13709
3 9235 2940 9236
3 2940 9235 13785
3 13718 9310 9311
3 9309 9310 13719
3 13719 9310 9241
3 9310 13718 9241
3 13593 2826 9376
3 9376 2826 9377
3 9498 13535 2772
3 13535 9499 2772
3 9551 13535 9498
3 9499 13535 2724
3 13535 9551 2724
3 2823 9443 2770
3 9443 9500 2770
3 9500 9443 13588
3 2771 9500 13588
3 2771 9499 13534
3 9500 2771 13534
3 9552 9499 2724
3 9499 9552 13534
3 9553 9500 13534
3 9552 9553 13534
3 13655 13654 9311
3 9310 13655 9311
3 13655 9376 9377
3 13654 13655 9377
3 9242 9166 13770
3 2937 9166 9242
3 9166 13842 3007
3 13842 9166 9085
3 13386 2600 13340
3 9686 13386 13340
3 9684 13387 9641
3 2600 13387 9684
3 13482 9552 2724
3 13434 9597 2682
3 13433 13434 2640
3 9597 13434 13433
3 9597 13483 2682
3 9551 13483 2724
3 13483 13482 2724
3 13483 9597 13433
3 13482 13483 13433
3 9550 9551 13536
3 9550 13536 9497
3 9550 13483 9551
3 13537 9550 9497
3 2725 9550 13537
3 13485 2725 9549
3 13486 13485 9549
3 13337 13336 9689
3 2559 13336 9730
3 9728 9688 13338
3 9688 2598 13338
3 2598 9688 13337
3 9688 9728 2560
3 13337 9688 2560
3 2597 13382 9689
3 13382 2598 9689
3 2598 13382 13383
3 13380 9690 13334
3 2597 9690 13380
3 9690 9731 13334
3 2678 9604 13477
3 9501 13532 9502
3 9501 13586 2770
3 9501 9502 13586
3 2722 9555 13531
3 9555 2769 13531
3 2769 9555 13530
3 9555 9556 13530
3 9555 2722 9601
3 13430 9600 13431
3 13479 2722 9554
3 9600 13479 9554
3 2722 13479 9601
3 13430 13479 9600
3 13384 9687 13338
3 2598 13384 13338
3 9687 13384 2599
3 13384 2598 13383
3 9185 13759 2985
3 13759 9186 2985
3 3051 13826 13764
3 3051 9103 13826
3 2926 13759 9185
3 2926 9185 2986
3 2926 13696 9260
3 13696 2924 9260
3 13696 9261 2924
3 3171 8945 3172
3 14004 3170 13943
3 3170 14004 8946
3 3047 9184 2986
3 9327 9392 13637
3 9327 9326 13638
3 9327 13637 13697
3 13827 13826 9102
3 13827 9179 13826
3 3115 13827 9102
3 9178 2991 3052
3 2991 9178 13765
3 9179 2991 13765
3 2991 13827 3052
3 13827 2991 9179
3 9179 9253 13702
3 9253 9179 13765
3 9253 9322 13702
3 9322 9253 13703
3 9503 9446 2769
3 9446 13585 2769
3 9446 9503 13584
3 13585 9446 9383
3 9446 13647 9383
3 9384 9446 13584
3 13647 9446 9384
3 13529 2768 9504
3 9557 13529 2721
3 9503 13529 9504
3 13529 9556 2721
3 9556 13529 9503
3 2768 13528 9505
3 13529 13528 2768
3 13528 13529 9557
3 13528 9558 9505
3 13528 2720 9558
3 2720 13528 13476
3 13528 9557 13476
3 13583 2821 2768
3 9448 13583 9505
3 13583 2768 9505
3 13583 13646 2821
3 9385 2875 13645
3 2875 9385 2820
3 13583 9385 13646
3 2820 9385 9448
3 9385 13583 9448
3 9385 13645 9320
3 13646 9385 9320
3 14008 13947 14007
3 13947 8942 14007
3 13947 14008 8941
3 8942 13947 3175
3 13948 13947 8941
3 13946 8942 3175
3 8943 13946 3174
3 8942 13946 14007
3 13946 8943 14007
3 9024 13884 3172
3 3113 13884 9024
3 13884 3113 3112
3 9382 2822 2877
3 2822 9383 2877
3 2822 13586 9445
3 2822 9382 13586
3 13585 2822 9445
3 2822 13585 9383
3 13587 9381 2823
3 9381 13587 9444
3 9382 9381 9444
3 9381 9443 2823
3 9381 9382 13649
3 9316 9381 13649
3 2878 9381 9316
3 13650 2878 9316
3 2873 2818 9389
3 9388 2873 13642
3 2873 9388 13579
3 13892 3117 9099
3 13885 3117 13892
3 13832 3116 9099
3 13832 9100 3116
3 9100 13832 3053
3 13832 9176 3053
3 9176 13832 2993
3 3054 13832 9099
3 2993 13832 3054
3 13828 13830 3053
3 13830 9100 3053
3 9100 13830 3116
3 13769 9250 13768
3 2993 13769 13768
3 13769 2993 9175
3 13769 13706 9250
3 13706 13769 2933
3 2934 13708 9248
3 2934 9247 13708
3 13771 9175 3054
3 13769 13771 2933
3 13771 13769 9175
3 13707 13771 9248
3 13771 9249 2933
3 9249 13771 13707
3 9101 13828 3052
3 13827 9101 3052
3 9101 13827 3115
3 9101 13830 13828
3 13889 3115 13887
3 13947 13889 3175
3 9252 2931 13766
3 2931 9252 13703
3 2931 9178 13766
3 9253 2931 13703
3 9178 2931 13765
3 2931 9253 13765
3 3297 3359 8783
3 14066 3297 8862
3 3297 14067 8862
3 14067 3297 8783
3 3296 3230 8864
3 3230 14003 8864
3 3230 8947 14003
3 2815 9456 13573
3 9563 13521 2764
3 9564 13521 13469
3 13521 9563 13469
3 13519 2715 9566
3 2762 13519 9566
3 2715 13519 9565
3 9449 9450 2819
3 9507 9450 9449
3 13419 9610 2674
3 9610 13419 13469
3 9563 9610 13469
3 9610 13470 2674
3 13470 9610 9563
3 9655 13419 13372
3 9739 13282 9779
3 13281 9739 9779
3 13377 13424 9650
3 13377 9650 2595
3 9735 13287 9774
3 13286 9735 9774
3 13378 9692 2595
3 13378 9649 9692
3 9650 13378 2595
3 13424 9606 13475
3 9559 9606 13474
3 9606 9559 13475
3 13424 2635 9650
3 2635 13378 9650
3 13425 2635 2677
3 2635 13424 2677
3 9649 2635 13425
3 13378 2635 9649
3 13522 9563 2764
3 9510 13522 2764
3 2765 2818 9508
3 13524 2765 9508
3 13419 2632 13372
3 2632 9654 13372
3 2632 13419 2674
3 13420 2632 2674
3 13524 9561 9562
3 9561 13471 9562
3 9561 13524 9508
3 13525 9561 9508
3 2676 2719 13474
3 13422 2676 2634
3 13375 2594 9695
3 13375 13422 2634
3 13422 13375 9652
3 2594 13330 9695
3 13330 2594 9694
3 13330 13286 9695
3 13330 9735 13286
3 13422 9608 13472
3 13421 9608 13422
3 9609 13421 13420
3 13470 9609 13420
3 9609 13470 9562
3 13471 9609 9562
3 2633 13422 9652
3 2633 13421 13422
3 9559 13526 9506
3 13526 9507 9506
3 13526 9559 2719
3 2766 13525 9508
3 13525 2766 9507
3 2766 9450 9507
3 13579 2766 9508
3 9560 13525 9507
3 9560 13526 2719
3 13526 9560 9507
3 9561 9560 13472
3 9560 9561 13525
3 13661 9302 9369
3 9302 13661 2884
3 9433 13661 9369
3 13661 9370 2884
3 9370 13661 9433
3 9432 9368 13600
3 2942 13724 13788
3 9302 9232 13724
3 2941 9232 9302
3 13724 9232 13788
3 9157 9234 13786
3 13787 9234 9157
3 9234 13787 2941
3 9002 13908 13907
3 3184 9002 13907
3 13966 9002 3184
3 13967 3186 9001
3 13908 13967 9001
3 9002 13967 13908
3 3186 13967 8920
3 13967 13966 8921
3 13967 9002 13966
3 14029 13967 8921
3 13967 14029 8920
3 3123 9084 13903
3 13905 3123 13903
3 9005 13962 9003
3 9005 13905 13903
3 13901 9006 3122
3 9086 13901 3122
3 13901 9085 9008
3 13901 9086 9085
3 7880 14672 3966
3 14672 14671 3966
3 7743 7810 14781
3 7744 7743 14781
3 14832 7743 7744
3 8036 14554 3832
3 14554 8034 14555
3 14554 8036 8034
3 3962 14666 7886
3 14666 3962 7960
3 7960 3962 3963
3 3962 14723 3963
3 14723 3962 7886
3 7884 14667 7885
3 14667 7884 3964
3 7884 7885 14724
3 3964 7884 14724
3 14613 3901 7956
3 7955 14613 14670
3 14613 7956 14670
3 14613 14614 8033
3 14614 14613 7955
3 8035 14613 8033
3 3901 14613 8035
3 13054 10026 2316
3 10026 13054 10025
3 13054 2316 13053
3 9997 13054 13053
3 10025 13054 13055
3 13054 2337 13055
3 13054 9997 2337
3 2266 2267 12999
3 2264 2266 12999
3 2267 2266 13008
3 2266 2264 13008
3 13027 10039 2301
3 2301 10039 13048
3 13032 10039 2284
3 10039 13027 2284
3 10040 13025 2300
3 13030 10040 13040
3 10040 2300 13040
3 2283 10040 13030
3 13025 10040 2283
3 9994 2318 13057
3 9994 13058 2318
3 13058 9994 2339
3 9994 13057 9995
3 9979 9994 9995
3 9994 9979 2339
3 13044 10022 13040
3 10022 10021 13040
3 13039 10022 13044
3 10021 10022 13059
3 10022 13058 13059
3 2318 10022 13039
3 13058 10022 2318
3 9915 2389 13107
3 13112 2389 9915
3 2389 9947 13107
3 2389 13112 9947
3 14692 14695 14633
3 14748 3976 7865
3 14632 3911 8016
3 14632 14631 7939
3 14632 8016 8017
3 14631 14632 8017
3 7936 3914 14635
3 7937 14639 14633
3 7937 14693 14694
3 14693 7937 14690
3 14695 7937 14633
3 7937 14695 14690
3 8014 14577 3912
3 8095 14577 3844
3 14577 8014 3844
3 3777 14577 8095
3 14636 14639 7935
3 14639 14636 14637
3 14637 14636 3912
3 14640 14636 7935
3 14636 14640 3912
3 14901 7668 14894
3 14901 14900 7668
3 7608 14901 14894
3 14900 14901 7608
3 7399 15021 4337
3 15021 15031 4337
3 15031 15021 4293
3 15030 7400 4337
3 15031 15030 4337
3 7400 15030 15029
3 15029 15030 15020
3 15030 15031 4293
3 7450 15022 4294
3 15022 7399 4338
3 14977 4293 7502
3 14977 7503 4293
3 4141 14888 7673
3 14888 14887 7614
3 14888 4141 7674
3 14887 14888 7674
3 15023 7398 15071
3 7552 4247 14981
3 4247 7553 14981
3 14937 4247 7552
3 4247 14937 7553
3 14937 14936 7553
3 14853 14850 4145
3 7667 14853 4145
3 14853 14852 14851
3 14852 14853 7667
3 14855 14846 4145
3 14850 14855 4145
3 14846 14855 7731
3 14855 14850 7731
3 14850 14849 7731
3 14853 14849 14850
3 14945 7552 14938
3 7609 14945 14938
3 7665 4091 14848
3 4091 7728 14848
3 7666 4091 7665
3 4091 7666 14856
3 7729 4091 14856
3 7728 4091 7729
3 14936 7611 14935
3 3973 7869 14685
3 7869 14741 14685
3 7869 3973 14740
3 7869 14740 7799
3 14741 7869 7799
3 8019 3909 14630
3 3909 14629 14630
3 14629 3909 8019
3 14576 8015 3843
3 8015 14577 3843
3 8015 3911 14633
3 8015 14576 3911
3 14639 8015 14633
3 8015 14639 14637
3 8015 14637 3912
3 14577 8015 3912
3 14577 8096 3843
3 8096 14577 3777
3 8096 14520 14519
3 14520 8096 3777
3 14798 4035 7796
3 14799 14798 7796
3 14798 14799 7728
3 14798 7728 7729
3 4035 14798 7729
3 14744 7866 14743
3 7866 3975 14743
3 3975 7866 14688
3 7866 7865 14688
3 7865 7866 14744
3 3837 14566 8106
3 8105 14566 14567
3 14566 8024 14567
3 8024 14566 8025
3 14566 3837 8025
3 14739 14738 7801
3 7871 14738 14739
3 7870 7800 14740
3 7870 14739 7800
3 3973 7870 14740
3 14684 7870 3973
3 14683 7870 14684
3 7871 3972 14682
3 3972 7944 14682
3 3972 14683 7944
3 3972 7871 14739
3 7870 3972 14739
3 3972 7870 14683
3 14385 3634 14386
3 14568 14569 8104
3 14569 14568 8023
3 3838 14568 8104
3 14568 3838 8023
3 14512 3772 8103
3 14569 3772 8104
3 3772 14569 8103
3 14387 8274 3635
3 8274 8273 3635
3 8274 3634 14447
3 14386 8360 8442
3 8360 14387 8442
3 8360 8274 14387
3 3634 8360 14386
3 8274 8360 3634
3 14622 7948 7947
3 14622 14623 8025
3 14622 7947 14623
3 14509 3770 8106
3 14839 4085 7674
3 4085 14839 7737
3 7737 14839 14840
3 14839 4141 14840
3 4141 14839 7674
3 7738 14788 4029
3 4085 14788 7738
3 14788 4085 7737
3 14788 7804 4029
3 14788 7737 7804
3 4030 7736 14790
3 14789 7736 4030
3 4086 7736 14840
3 7736 7737 14840
3 7736 14789 7737
3 7875 3969 14733
3 3969 7875 14677
3 3969 7876 14733
3 14731 14732 7877
3 7807 14732 14731
3 7876 14732 14733
3 14732 7806 14733
3 7740 4083 14835
3 7677 7740 14835
3 7740 7677 14836
3 7740 4084 7739
3 4084 7740 14836
3 14787 14786 7739
3 14786 14787 7806
3 4084 7676 14837
3 7676 14886 14837
3 4139 7676 14836
3 7676 4084 14836
3 4192 7617 14929
3 4191 7617 14884
3 7617 4139 14884
3 14929 7617 14928
3 7617 4191 14928
3 14885 4192 7616
3 14885 7676 4139
3 7617 14885 4139
3 14885 7617 4192
3 14886 14885 7616
3 7676 14885 14886
3 14931 7615 14930
3 7558 14931 14930
3 14932 14933 7614
3 14932 7557 14933
3 14932 14931 7557
3 4082 14832 4137
3 4082 7743 14832
3 14729 7809 7879
3 7810 14729 14728
3 14729 7880 14728
3 7249 15207 15230
3 15229 15200 7250
3 15200 4494 7250
3 15200 15229 15230
3 15204 15200 15230
3 4494 15200 15166
3 15200 15204 15166
3 15166 7281 4458
3 15199 4495 7249
3 4495 15207 7249
3 15207 4495 15167
3 4495 15199 7248
3 7358 4377 15096
3 7358 15057 4377
3 15057 7358 15058
3 15058 7358 4378
3 7358 15096 4378
3 15142 7279 15139
3 15142 15141 7279
3 7315 15142 15139
3 15141 15142 7315
3 15104 4419 7314
3 4419 15104 15101
3 4419 15106 15098
3 15106 4419 15101
3 15106 7356 15098
3 15313 15316 4578
3 15316 15315 4578
3 15316 15313 4603
3 15315 15316 4603
3 4579 15312 15309
3 15312 4579 7172
3 15312 7149 15309
3 7171 15293 4580
3 15293 4579 4580
3 7180 4543 4542
3 15277 7180 4542
3 7180 15277 4543
3 4570 15277 15303
3 15277 4570 4543
3 7207 15250 4514
3 15250 7206 4514
3 15250 7207 4543
3 7206 15250 4543
3 7260 15221 7232
3 7232 15221 4516
3 15221 4515 4516
3 15221 7233 4515
3 4069 14823 7755
3 14823 4070 7755
3 4070 14823 7692
3 7692 14823 4124
3 14823 4069 4124
3 14772 4069 7755
3 7824 7894 14717
3 4013 7824 14771
3 7824 14718 7894
3 7824 4013 14718
3 4067 7758 14821
3 3822 8125 3755
3 8126 3822 3755
3 8125 3822 14548
3 3822 8044 14548
3 3822 3889 8044
3 3889 3822 8045
3 8204 14492 14494
3 8204 3694 14492
3 8287 14433 8203
3 14433 8287 8373
3 8204 14433 3694
3 8203 14433 14494
3 14433 8204 14494
3 14491 8205 3693
3 14491 8206 3759
3 8206 14491 3693
3 8205 14491 3760
3 8121 14491 3759
3 14491 8121 3760
3 8120 14492 3760
3 14492 8120 3761
3 8120 3828 3761
3 8048 3886 8047
3 3886 8048 14602
3 7969 3886 14602
3 14660 14659 3952
3 14660 7969 14602
3 3751 8130 3818
3 3751 14485 3750
3 8130 3751 3750
3 4125 4070 7692
3 4070 4125 7691
3 7691 4125 14872
3 4125 7632 14872
3 7632 4125 7692
3 8043 8042 14549
3 3824 8043 14549
3 8043 3824 3823
3 14661 7967 7968
3 14661 3954 7893
3 7969 14661 7968
3 7754 7753 14773
3 7892 3955 7893
3 3955 7892 14662
3 7967 3955 14662
3 3955 14661 7893
3 14661 3955 7967
3 14664 3959 7963
3 3959 14664 7889
3 3959 3960 7963
3 3959 7888 3960
3 7888 3959 14721
3 3959 7889 14721
3 14664 3958 7889
3 3958 7890 7889
3 3958 14664 7964
3 7965 3958 7964
3 7820 7753 4017
3 4074 7751 4018
3 7752 4074 4018
3 14826 4074 7688
3 4074 14826 7751
3 3824 3757 8124
3 3757 8123 3758
3 3757 3824 14549
3 8123 3757 14549
3 8124 3757 14489
3 3757 8208 14489
3 3757 3758 8207
3 8208 3757 8207
3 3821 3820 8046
3 3821 8126 3754
3 3887 14546 8047
3 14546 3887 3820
3 14546 3819 8047
3 3819 14546 8128
3 14546 3820 8128
3 4233 7517 14965
3 7517 4233 7570
3 4279 7519 7467
3 15007 4279 7467
3 7415 4279 4323
3 4279 15007 4323
3 4324 15008 7415
3 15008 4324 7414
3 4229 7574 14962
3 7520 4229 14962
3 7628 4182 4129
3 4182 7628 14920
3 7628 4181 14920
3 7571 14919 4231
3 4181 14919 7571
3 4230 14919 4180
3 7689 4073 14825
3 4073 7753 14825
3 4073 4074 7752
3 4074 4128 7688
3 4128 4073 7689
3 4073 4128 4074
3 4183 4131 14875
3 14875 4131 4130
3 14876 4131 7626
3 4131 4183 7626
3 7686 4131 14876
3 4130 4131 14827
3 4131 7686 14827
3 4322 7416 15007
3 4322 15048 7416
3 15048 4322 7371
3 4178 7631 14917
3 4176 7633 14916
3 4176 7632 7633
3 7419 4319 15046
3 4319 7419 15005
3 7419 4276 15005
3 4277 7520 14962
3 15260 4525 7224
3 15260 15265 4525
3 15265 15260 4554
3 15233 15238 4526
3 15238 15232 4526
3 15238 15233 15197
3 15232 15238 15197
3 15231 15228 7223
3 15232 15231 7223
3 15231 15232 15197
3 7251 15231 15197
3 15231 7251 15228
3 7290 4486 15160
3 4486 7290 7291
3 7291 7290 4449
3 4449 7290 4450
3 7290 15160 4450
3 15124 7292 4448
3 15190 15221 7260
3 15158 7293 4483
3 7293 4482 4483
3 7293 4446 7294
3 4482 7293 7294
3 7327 15125 4408
3 15088 7327 4408
3 7327 4448 15125
3 7327 4407 4448
3 7327 15088 4367
3 4407 7327 4367
3 4326 15050 7367
3 7413 15050 4326
3 15050 7413 4325
3 15050 7368 7367
3 7368 15050 7414
3 15050 4325 7414
3 4372 15091 7364
3 15091 4372 4412
3 4412 4372 4371
3 4372 7365 4371
3 7365 4372 7364
3 14551 8039 3828
3 8120 14551 3828
3 14551 3827 8040
3 8039 14551 8040
3 3827 14551 3760
3 14551 8120 3760
3 4328 15052 7410
3 15052 4329 7410
3 4329 15052 7364
3 15052 7365 7364
3 15052 4328 7365
3 1645 11098 5665
3 11098 1671 5665
3 1618 11098 1645
3 1672 5638 11142
3 1671 11099 5665
3 11099 1671 5664
3 11099 5664 1646
3 1619 11099 1646
3 11099 1645 5665
3 11099 1619 1645
3 1717 11219 11218
3 11219 1717 5593
3 1717 11258 5593
3 5640 11139 11179
3 1670 5640 11140
3 11139 5640 1670
3 11219 5616 11218
3 5642 11138 1668
3 5668 11138 1669
3 11138 5668 1668
3 11138 5642 1692
3 11178 11138 1692
3 5616 5617 11218
3 5617 11217 11218
3 5641 11138 11178
3 5641 11139 1669
3 11138 5641 1669
3 11137 5642 1668
3 5669 11137 1668
3 11137 5669 1667
3 5643 11137 1667
3 1794 11362 11361
3 5599 11214 11213
3 11212 5600 11213
3 5600 11212 1711
3 11177 11137 5643
3 5642 11177 1692
3 11137 11177 5642
3 11176 1691 5643
3 1691 11177 5643
3 1713 5597 11215
3 11214 1713 11215
3 11056 5724 1587
3 11019 5724 11056
3 5754 10984 1558
3 10984 5754 5753
3 5754 11019 5753
3 5754 5724 11019
3 10983 5754 1558
3 5754 11018 1587
3 5724 5754 1587
3 5754 10983 5755
3 11018 5754 5755
3 5605 11228 1725
3 5606 11228 5605
3 11228 5584 1725
3 11228 1701 5607
3 11228 5606 1701
3 11227 11228 5607
3 5584 11228 11227
3 11110 5653 1655
3 5653 11110 1680
3 5653 11111 1655
3 11111 5653 5652
3 5653 11152 5652
3 5653 1680 11152
3 1540 5770 10964
3 5770 5799 10964
3 1625 5683 11068
3 1652 5683 1625
3 5683 1652 1626
3 5683 1598 11068
3 1598 5683 1626
3 11032 5710 5739
3 11032 1598 5710
3 5716 1594 5745
3 11026 5716 5745
3 5716 11063 1594
3 5716 11026 1593
3 11063 5716 1593
3 10991 11026 1565
3 11026 10991 5746
3 5774 10991 1565
3 1564 10991 5774
3 10991 1564 5746
3 5746 5717 1593
3 11025 5717 5746
3 1593 5717 11062
3 5717 1592 11062
3 5717 11025 1592
3 12012 11977 5235
3 11977 12012 14
3 14 12012 5216
3 12012 13 5216
3 13 12012 5235
3 5249 2166 11983
3 5233 2166 5250
3 2166 5249 5250
3 5250 11946 2147
3 5249 11946 5250
3 11946 5266 2147
3 11946 5249 11950
3 5266 11946 2130
3 2130 11946 5265
3 11946 11950 5265
3 12059 12062 5210
3 12062 12059 5191
3 11451 5461 1845
3 5465 11475 1841
3 11475 5465 1854
3 1842 11449 5477
3 5491 11420 5505
3 5491 1827 5477
3 5490 5491 5477
3 5491 5490 11420
3 1827 11419 5492
3 11419 5491 5505
3 5491 11419 1827
3 5490 5476 1828
3 5476 5490 11449
3 1843 5476 11449
3 11422 1829 5488
3 1829 11422 5502
3 11421 1829 5502
3 1794 5521 5520
3 5521 1794 11360
3 1813 11392 5503
3 1813 5503 5502
3 11392 5519 5520
3 5519 1794 5520
3 1813 5519 11392
3 11362 5519 1795
3 5519 11362 1794
3 1872 11506 5436
3 1858 5448 11480
3 5448 1858 11505
3 1881 11530 5439
3 1877 11526 5443
3 5434 11526 1877
3 5427 1889 11571
3 1889 5427 11549
3 5420 11571 1899
3 5420 5427 11571
3 5427 5420 11572
3 1876 5435 11525
3 1876 11524 7914
3 1876 7914 11548
3 5435 1876 11548
3 11524 1876 7989
3 1876 5444 7989
3 5444 1876 11525
3 8069 1865 1852
3 1865 8069 11498
3 1865 11498 7989
3 1866 5444 5443
3 1853 1866 5454
3 5440 11528 1880
3 5433 11550 11551
3 5433 5434 11550
3 11501 1868 5452
3 1867 11500 5443
3 11500 1867 5454
3 11500 1866 5443
3 1866 11500 5454
3 1762 11297 5550
3 11297 1762 5570
3 5570 11260 1740
3 11260 11259 1740
3 11259 11260 5591
3 11297 11333 5550
3 5537 5557 11327
3 5518 11363 1795
3 11217 1716 11218
3 1834 5468 5482
3 5496 1834 5482
3 5483 5497 1833
3 5497 5496 1818
3 5469 5483 11455
3 5469 1834 5483
3 1800 5512 11368
3 11429 5481 5494
3 11401 5494 5509
3 1802 11401 5509
3 11428 1819 5496
3 1801 5530 11369
3 11368 1801 11369
3 5512 1801 11368
3 1847 5457 11455
3 5458 1847 11454
3 5457 1847 11482
3 1847 5458 11482
3 1848 11483 5456
3 1848 5457 11483
3 5457 1848 11455
3 1848 5469 11455
3 11422 5501 5502
3 5501 11422 5488
3 1859 5446 11481
3 5448 1859 11480
3 11508 11507 1884
3 5446 11507 11508
3 11507 5436 1884
3 11507 1872 5436
3 11221 5613 5614
3 11262 1742 5568
3 1742 11261 5569
3 5589 1742 11262
3 11261 1742 5589
3 1720 5589 11222
3 1720 11261 5589
3 1764 11300 11336
3 5547 1764 11336
3 11300 1764 5567
3 1764 5547 5567
3 5547 5527 11337
3 5529 11370 1802
3 11370 1801 1802
3 1801 11370 5530
3 11334 5529 1783
3 11370 11334 5530
3 11334 11370 5529
3 5571 1739 11296
3 5571 11297 1740
3 11259 5571 1740
3 1739 5571 11258
3 5571 11259 11258
3 11816 11813 2038
3 5346 11816 2038
3 11816 5346 11807
3 11816 11807 5336
3 11813 11816 5336
3 5393 11698 11703
3 11705 11698 5393
3 11698 11709 11703
3 11709 11698 11705
3 1981 11747 11741
3 11750 1981 11741
3 1981 5377 11725
3 5377 5369 11742
3 11742 5369 11766
3 5369 1981 11751
3 1981 5369 5377
3 5359 1999 11742
3 5359 11761 1999
3 5359 11742 11766
3 11765 11761 11786
3 11761 11765 1999
3 11729 5385 11733
3 11729 1981 11725
3 11729 11725 11712
3 5385 11729 11712
3 8082 11486 3785
3 11486 3920 8001
3 3784 8082 11459
3 8164 3784 11459
3 3784 11458 8083
3 11458 3784 8164
3 3784 3851 8082
3 7998 3855 11489
3 3855 7998 7997
3 3849 8005 14588
3 8085 3849 14588
3 3781 3782 14530
3 3781 8085 3782
3 3650 8335 8249
3 3650 11402 8335
3 11431 3650 8249
3 3650 11431 8334
3 11402 3650 8334
3 14409 8420 8421
3 8420 3583 8421
3 8420 11402 3582
3 11402 8420 8335
3 8420 14409 8335
3 11430 8251 3715
3 8251 8250 3715
3 8335 8251 11430
3 3648 8251 8335
3 8250 8251 8336
3 8251 3648 8336
3 8162 3718 11460
3 3785 8162 11460
3 11461 8162 3785
3 8162 11461 8161
3 3718 8162 8161
3 8165 11457 3783
3 11457 3782 8084
3 3783 11457 8084
3 11457 8166 3782
3 8166 11457 3715
3 11457 8165 3715
3 3716 11458 8164
3 3716 8165 11458
3 11431 3716 8164
3 3716 11431 8249
3 8165 3716 8249
3 7928 7927 11511
3 7928 11535 7927
3 11535 7928 11534
3 8003 3919 11511
3 11510 3919 8003
3 3919 7928 11511
3 7928 3919 11510
3 7926 11512 7927
3 11536 7926 7927
3 11512 7926 3920
3 3920 7926 8001
3 11536 3981 7855
3 3981 11536 7856
3 14464 14468 8258
3 14468 14464 3712
3 8173 14468 3712
3 14468 8173 14466
3 8004 3915 3918
3 3913 3915 8004
3 11509 3915 3913
3 11558 11559 7856
3 3981 11559 7855
3 11559 3981 7856
3 7860 14755 7791
3 7861 14755 14699
3 14755 7860 14699
3 14700 14701 7933
3 14700 7860 14701
3 14699 14700 7933
3 7860 14700 14699
3 14643 8011 7933
3 8011 14641 7933
3 8011 8010 14586
3 8010 8011 14643
3 3845 8011 14586
3 14641 8011 8013
3 8011 3845 8013
3 8092 3778 8094
3 8092 14523 3778
3 8092 3845 8093
3 3779 8092 8093
3 14523 8092 3779
3 14579 8092 8094
3 8092 14579 3845
3 3845 14579 8013
3 8091 8089 8174
3 8089 8171 8174
3 8171 8089 8172
3 8089 8091 8010
3 8009 8089 8010
3 8167 8168 3714
3 3713 8167 3714
3 8167 3713 14528
3 3781 8167 14528
3 8168 8167 14530
3 8167 3781 14530
3 8170 3713 8255
3 8254 8170 8255
3 8169 8170 8254
3 3713 8170 14528
3 8170 8169 14528
3 8007 3846 8009
3 8089 3846 8087
3 3846 8089 8009
3 14642 8009 14645
3 14642 8007 8009
3 14467 14466 8174
3 14465 14467 8174
3 14529 8173 3712
3 14529 3779 8090
3 14529 8090 8091
3 8173 14529 8091
3 13987 8900 3200
3 8900 13987 14049
3 8900 8899 3200
3 13987 3199 8901
3 3199 13927 13986
3 8901 3199 13986
3 8983 13987 13928
3 8983 3141 13927
3 3141 8983 13928
3 3199 8983 13927
3 8983 3199 13987
3 3327 14109 8822
3 14109 3265 8822
3 8744 14109 3327
3 14109 8744 14166
3 3330 8741 14169
3 8899 14051 3201
3 8899 13988 3200
3 13988 8899 3201
3 13988 8982 3200
3 13989 3202 8980
3 14170 3393 8739
3 3393 14170 8660
3 8660 14170 14228
3 14170 3392 14228
3 8661 3454 14228
3 3392 8661 14228
3 3454 8661 14227
3 8661 14169 14227
3 8661 3392 14169
3 14224 3450 8585
3 14223 3450 8665
3 3450 14224 8665
3 3388 8745 8666
3 8745 3388 14165
3 14165 3388 8665
3 3388 14223 8665
3 14223 3388 8666
3 8501 11340 3519
3 8501 3521 11340
3 3521 8501 3582
3 8501 8420 3582
3 8420 8501 3583
3 3583 8501 8502
3 8501 3519 8502
3 11340 11345 8578
3 3521 11345 11340
3 8578 11345 8577
3 11345 3521 8577
3 11304 3457 8658
3 8659 11304 3394
3 11304 8658 3394
3 8507 3514 8508
3 3514 14282 8508
3 14282 3514 8584
3 3514 14283 8584
3 8256 14470 14471
3 14470 3645 14462
3 8256 3645 14470
3 3645 8256 8342
3 3517 8503 14286
3 8581 3517 14286
3 14229 3456 8659
3 3456 11304 8659
3 8986 3138 13924
3 8986 13925 3138
3 8986 13924 13983
3 3197 8986 13984
3 8986 3197 13925
3 13925 13864 9065
3 13864 3074 9065
3 3074 13864 9064
3 3139 13925 8985
3 13864 3139 9064
3 3139 13864 13925
3 3139 13865 9064
3 13865 3139 9063
3 14034 8836 14035
3 3253 8836 14034
3 8836 3253 14094
3 8836 8835 14035
3 3253 3316 14094
3 3316 3253 14093
3 3316 14093 8758
3 14151 3316 8758
3 3316 14151 14094
3 8590 14276 3510
3 14276 14218 3447
3 14276 8590 14218
3 13978 13979 8991
3 13978 8991 13919
3 13978 8992 8910
3 8992 13978 13919
3 14042 13980 8908
3 13980 14042 8907
3 14042 8829 3260
3 14042 14043 8907
3 14042 3260 14043
3 14399 3646 3644
3 3641 8265 14397
3 8351 8265 3641
3 14395 8434 8435
3 14395 8352 14396
3 8434 14395 14396
3 8511 3511 14335
3 14336 8511 14335
3 8511 14336 14337
3 8511 14337 8510
3 8433 14396 14397
3 8433 8434 14396
3 8434 8433 14335
3 8433 14336 14335
3 3576 14338 8510
3 8264 3710 14459
3 8264 14458 8178
3 3710 8264 8178
3 14521 3778 14522
3 3778 14521 8095
3 14521 3777 8095
3 14521 14520 3777
3 14521 3710 8178
3 14520 14521 8178
3 14576 8097 14575
3 8097 3776 14575
3 8097 14576 3843
3 8096 8097 3843
3 3776 8097 14519
3 8097 8096 14519
3 3776 14518 8098
3 14518 3776 14519
3 14574 14573 8018
3 3707 8268 14453
3 8351 8266 14456
3 8266 8351 8352
3 14395 3640 8352
3 3640 8266 8352
3 3640 8435 14394
3 3640 14395 8435
3 13985 8903 14047
3 3197 8903 13985
3 8903 3197 13984
3 4672 7081 4648
3 4672 4669 7081
3 4669 4672 7059
3 4717 7024 11926
3 11927 4717 11926
3 11895 4717 7042
3 4740 7005 4753
3 7005 11960 4753
3 4752 7005 7006
3 7006 7005 11926
3 7005 11927 11926
3 7005 4752 11959
3 11960 7005 11959
3 11928 7005 4740
3 7005 11928 11927
3 4696 4697 11867
3 4697 11868 11867
3 7060 11840 4667
3 7060 4696 11840
3 7079 2068 2083
3 2068 2067 7080
3 7037 11901 11871
3 7037 11870 11900
3 2116 7037 11900
3 11901 7037 2116
3 11842 7057 7080
3 7057 2068 7080
3 2068 7057 2083
3 4674 4673 11841
3 11868 4674 11841
3 4673 4674 7081
3 2098 7039 11899
3 7057 2098 11870
3 2098 7057 11842
3 2067 2065 7080
3 2065 7102 7103
3 2065 2067 7102
3 11795 2024 2023
3 2023 2024 11772
3 7099 2042 11821
3 7100 2042 2039
3 11821 2042 7100
3 2042 11796 2039
3 11797 7122 7121
3 7122 7099 7121
3 7122 2042 7099
3 11796 7122 11797
3 2042 7122 11796
3 2069 7078 7077
3 11820 2069 7077
3 7078 2069 11819
3 2069 11820 11819
3 4461 4421 7312
3 11687 4421 4461
3 4382 4421 11681
3 4421 11680 7312
3 4421 4382 11680
3 11682 4422 7310
3 11682 4383 4422
3 11685 7347 1944
3 11677 11685 7346
3 7347 11685 11677
3 11677 1937 7391
3 11678 1937 11677
3 11689 4423 7310
3 11683 4423 11689
3 4423 11682 7310
3 4423 11683 7349
3 11682 4423 7349
3 11666 7392 7391
3 7392 11676 7391
3 11675 4384 7348
3 11676 11675 7348
3 4384 11675 7349
3 11675 11682 7349
3 11629 5404 11630
3 1924 11629 5405
3 5404 11629 1924
3 11629 11628 5405
3 11629 5409 11628
3 5407 11631 1918
3 7490 7439 1932
3 7438 7490 1932
3 11627 7651 1914
3 7593 11627 1914
3 7651 11627 7650
3 11627 1915 7650
3 1915 11627 7592
3 1922 7593 11643
3 1922 11644 7592
3 11627 1922 7592
3 1922 11627 7593
3 7539 1922 11643
3 11644 1922 7539
3 11644 1923 7592
3 11628 1923 5405
3 1923 11628 7592
3 1923 11645 5405
3 11645 1923 5402
3 1923 11644 5402
3 1938 7389 11668
3 1938 11678 11679
3 7389 1938 11679
3 7849 11542 3986
3 11542 11541 3986
3 11541 11542 7920
3 11542 7919 7920
3 11542 7849 7919
3 4044 4100 7716
3 4100 4044 7717
3 7718 4099 4043
3 11585 7781 4043
3 4099 11585 4043
3 11585 4099 7717
3 11585 4044 7781
3 4044 11585 7717
3 11623 7597 1919
3 7657 11604 4098
3 11604 7719 4098
3 7719 11604 7718
3 11604 4099 7718
3 11604 7657 4152
3 4099 11604 4152
3 11620 4150 7601
3 4202 11620 7601
3 11620 4202 7600
3 11621 11620 7600
3 7720 11582 7721
3 4041 11583 7784
3 4041 7720 11583
3 11582 4041 7784
3 4041 11582 7720
3 11620 7658 4150
3 4151 7658 11621
3 7658 11620 11621
3 11619 7659 4149
3 7659 11619 4150
3 11634 11633 7549
3 7602 11634 11635
3 4201 7602 11635
3 7602 4201 11619
3 4201 11635 7601
3 11619 4201 7601
3 7605 11615 4198
3 7605 11616 11615
3 7605 4198 11632
3 11615 4146 7664
3 11616 4146 11615
3 4199 7604 11632
3 7604 7605 11632
3 7605 7604 11616
3 11616 7604 11617
3 7604 4199 11617
3 11559 11560 7855
3 4148 11617 7603
3 11618 4148 7603
3 4148 11618 7661
3 11618 7602 4149
3 7660 11618 4149
3 11618 7660 7661
3 3984 11539 7852
3 11539 3984 11540
3 11562 3984 7852
3 11540 3984 7851
3 3984 11562 7851
3 11583 4042 7783
3 7719 4042 11583
3 7719 11603 4098
3 11603 7719 7720
3 11603 4151 4098
3 11603 7658 4151
3 11546 1887 7915
3 11546 7845 1887
3 11523 11546 7915
3 7845 1886 11568
3 11546 1886 7845
3 7847 11566 7779
3 11567 7847 7779
3 4341 11673 7351
3 11673 4382 7351
3 11673 4340 11672
3 11680 11673 11672
3 4382 11673 11680
3 11681 11674 7351
3 11674 4341 7351
3 11675 11674 11682
3 11663 4341 11664
3 7439 11667 1932
3 1937 11667 7391
3 11667 11666 7391
3 11667 7439 11666
3 7438 11667 11668
3 11667 7438 1932
3 11665 11664 7393
3 7440 11665 11666
3 11665 7392 11666
3 1895 11587 7779
3 11587 1895 7715
3 11587 7714 7779
3 7714 11587 7715
3 1904 7715 7716
3 11624 7654 4153
3 11624 11623 1919
3 11623 11624 4153
3 11650 7547 4250
3 7547 11650 7495
3 7496 11650 4250
3 7444 11650 7496
3 4249 7548 11635
3 4249 11634 7549
3 11634 4249 11635
3 7548 4249 11649
3 11649 4249 7497
3 11648 4249 7549
3 7497 4249 11648
3 12066 461 465
3 461 12066 6940
3 6959 461 6957
3 458 455 6940
3 458 12067 463
3 12067 458 6940
3 12028 458 463
3 6957 458 12028
3 455 458 6957
3 12029 450 6974
3 6973 450 12029
3 6974 450 446
3 446 450 6991
3 444 11992 6990
3 11992 444 12030
3 444 6973 12030
3 6895 12201 90
3 67 6895 90
3 6895 67 12159
3 6912 12119 45
3 12119 6929 45
3 6929 12119 12078
3 12078 12119 46
3 46 12119 68
3 12119 6912 68
3 25 6945 12039
3 6945 25 12040
3 6945 6963 12039
3 6945 12040 5227
3 6963 6945 5227
3 12121 5188 47
3 12121 12080 5188
3 12121 47 5167
3 12080 12121 48
3 48 12121 5166
3 12121 70 5166
3 12121 5167 12162
3 70 12121 12162
3 2084 7056 11871
3 2084 7078 7056
3 7078 2084 7077
3 2084 7055 7077
3 2100 2084 11871
3 2084 2100 7055
3 11872 7054 2085
3 11872 2100 7035
3 2086 11847 5321
3 2086 5308 11847
3 2071 2086 5321
3 2085 2070 7077
3 2062 2070 2085
3 2070 11821 7077
3 2070 7099 11821
3 2070 2062 7099
3 11932 2153 2135
3 11932 2117 7018
3 11932 2135 2117
3 11930 2133 7020
3 11930 7020 4719
3 11930 7021 4741
3 7021 11930 4719
3 2115 11931 7019
3 2133 11931 2115
3 2118 11903 7035
3 11902 2118 7035
3 2118 11902 7017
3 2118 7017 2136
3 5308 11846 11873
3 7054 11846 2085
3 4732 11925 7025
3 4733 11925 4732
3 11925 4737 7025
3 11925 4736 4737
3 7007 4751 4743
3 7007 4733 4732
3 4744 7007 4743
3 4750 7007 4732
3 4751 7007 4750
3 7007 4744 4737
3 4736 7007 4737
3 4748 11957 4750
3 4751 11957 6990
3 11957 4751 4750
3 11957 4746 6990
3 4746 4747 7008
3 4747 4748 7008
3 11957 4747 4746
3 4747 11957 4748
3 11997 0 6968
3 0 11997 6985
3 0 6985 11962
3 6986 0 11962
3 0 6986 6968
3 12037 6948 23
3 6947 12037 23
3 12037 6947 6965
3 12037 6966 6948
3 6915 12116 65
3 12116 6915 43
3 12158 6915 65
3 43 6915 12117
3 6914 12158 66
3 6914 44 12117
3 6914 66 44
3 6915 6914 12117
3 6914 6915 12158
3 528 6881 12197
3 6899 528 12197
3 12155 528 6899
3 528 12155 6900
3 1971 1974 5384
3 2020 11796 11797
3 11709 5387 11717
3 5387 11709 11722
3 11709 1966 11722
3 1966 11701 11697
3 11701 1966 11704
3 11702 11709 11705
3 11702 5393 11704
3 11702 11705 5393
3 1966 11702 11704
3 11702 1966 11709
3 5390 7388 11679
3 7388 5390 5395
3 7346 5390 11679
3 5384 5390 1944
3 5390 7346 1944
3 1996 5372 5363
3 5372 1996 11739
3 11778 5364 2012
3 5375 11755 11736
3 11849 5305 2088
3 5306 11849 2088
3 11850 11876 2104
3 5305 11876 11850
3 11849 11876 5305
3 11876 5291 2104
3 11877 11850 2104
3 5290 11877 2104
3 11877 11878 11851
3 2073 11824 5320
3 5332 11824 2073
3 5331 5343 5332
3 5302 11878 2106
3 2013 11779 5363
3 11779 2013 5352
3 2013 2033 5352
3 2033 2013 11778
3 5351 11802 11803
3 5351 11779 11802
3 5380 5387 11722
3 11718 11726 5386
3 11726 11727 5386
3 1998 5360 11760
3 1998 5369 11751
3 5360 1998 11750
3 5369 1998 11766
3 5164 72 12124
3 72 5164 12123
3 5204 5185 12083
3 5204 12083 29
3 5205 5204 12044
3 5204 29 12045
3 12044 5204 12045
3 28 5204 5205
3 5185 5204 28
3 5165 12122 71
3 5165 49 12122
3 12123 5165 71
3 49 5165 12123
3 2160 5240 5239
3 11973 2160 5239
3 2160 11973 5256
3 5240 2160 11972
3 2160 5257 11972
3 5257 2160 5256
3 2162 5254 11974
3 2144 5254 2162
3 5255 5256 2161
3 11974 5255 2161
3 5256 5255 2142
3 5254 5255 11974
3 5255 5254 2143
3 11903 2101 7035
3 7034 2101 11903
3 2101 7034 11873
3 2101 11872 7035
3 11846 2101 11873
3 11872 2101 7054
3 2101 11846 7054
3 2119 7034 11903
3 2119 11934 2137
3 5278 2119 2137
3 2140 11938 5259
3 2158 2140 5259
3 11938 2140 5258
3 2140 2158 5258
3 8 12005 5223
3 12005 8 5242
3 12006 8 5223
3 8 11971 5242
3 8 12006 5241
3 11971 8 5241
3 11783 11793 5347
3 11787 11783 5347
3 11761 11771 11786
3 11771 11792 11786
3 11792 11771 11766
3 11771 5359 11766
3 5359 11771 11761
3 11764 2016 11766
3 1998 11764 11766
3 3080 9058 13871
3 9058 3080 13870
3 13871 9058 3144
3 9058 13870 3144
3 14053 3269 14054
3 8896 14053 14054
3 8897 14053 3203
3 14053 8896 3203
3 8740 14112 3330
3 3332 14113 8739
3 14113 3332 3269
3 14112 14113 3268
3 13673 2837 9422
3 2837 9479 9422
3 9479 2837 9421
3 2892 9358 9291
3 9358 13673 9291
3 9358 2837 13673
3 2837 9358 9421
3 9421 9358 13611
3 9358 13674 13611
3 13674 9358 2892
3 13610 9359 9422
3 9359 13673 9422
3 9359 13610 2836
3 13672 9359 2836
3 9291 9292 13736
3 13673 9292 9291
3 9292 9222 13736
3 9292 13672 13735
3 9222 9292 13735
3 9293 2890 13671
3 2890 9360 13671
3 2890 9293 13672
3 9360 2890 13672
3 3011 3071 9144
3 13801 3011 9144
3 3071 3011 9145
3 3011 13801 9145
3 13800 3010 9145
3 3010 3070 9145
3 3010 13800 9146
3 3070 3010 9146
3 13979 3194 8990
3 3194 13980 8990
3 3194 13979 8908
3 13980 3194 8908
3 14149 3378 8759
3 14033 3252 8837
3 14033 8837 14034
3 14033 8916 14032
3 3252 14033 14032
3 8915 14033 14034
3 9000 13909 13968
3 9000 9079 13909
3 8919 9000 13968
3 9000 8919 13969
3 14031 8919 14028
3 13969 8919 14031
3 3188 13970 8999
3 13969 3188 8999
3 14092 8759 14093
3 3252 14092 14093
3 8838 14092 3252
3 8840 8838 14031
3 8839 8840 14031
3 14029 8841 14030
3 14090 8841 14089
3 14089 8841 8842
3 8841 14029 8842
3 9074 13855 3067
3 3004 9152 13792
3 3004 13793 9152
3 3004 9153 3066
3 13665 2887 9366
3 9299 13665 9366
3 13665 9298 2887
3 13853 3131 9075
3 13853 3004 3066
3 3004 13853 9075
3 9076 13853 3066
3 3131 13853 9076
3 13851 9077 3065
3 13851 13850 9078
3 13850 13851 3065
3 3130 13851 9078
3 9077 13851 3130
3 13852 9077 3130
3 9077 13852 3065
3 13852 9076 3066
3 9153 13852 3066
3 13911 8998 3130
3 8998 13911 13970
3 8599 3440 14208
3 8599 14265 14266
3 14267 8599 14266
3 8599 14267 3440
3 14209 8598 8678
3 14209 3440 8598
3 14209 8679 3440
3 14151 14209 8678
3 8679 14209 14151
3 8527 14318 8526
3 14318 8527 14317
3 14265 8600 14264
3 8600 3439 14264
3 8600 8599 14208
3 8599 8600 14265
3 14148 8761 3377
3 8682 14206 3377
3 14206 3439 14207
3 8602 3438 14262
3 14262 3438 8603
3 3438 14204 8603
3 14204 3438 14205
3 3438 8682 14205
3 3438 14206 8682
3 3438 8602 14263
3 14206 3438 14263
3 3313 8842 14088
3 3313 14089 8842
3 14146 3376 8683
3 8684 3376 14145
3 3376 8684 8683
3 14090 8762 3314
3 8762 14090 14089
3 3313 8762 14089
3 8762 3313 14146
3 8522 14323 14324
3 14323 3567 14324
3 14323 3503 8523
3 3503 14323 8522
3 3567 14323 8444
3 14562 8029 8028
3 14563 3769 8109
3 8188 14509 14510
3 3771 8105 14510
3 14509 3771 14510
3 3771 14509 8106
3 14566 3771 8106
3 3771 14566 8105
3 3764 14498 14495
3 14503 8193 3700
3 8193 8279 3700
3 8279 8193 14442
3 14383 8363 14384
3 8363 8277 14444
3 8363 14383 3632
3 8277 8363 3632
3 14322 14323 8523
3 8367 8282 3630
3 9372 9374 13658
3 9374 13595 9437
3 9374 9372 13595
3 9374 9308 13658
3 9308 9374 9307
3 2774 9438 2827
3 2827 9438 9375
3 13593 9438 9495
3 9438 2774 9495
3 9438 13593 9376
3 9593 13488 13438
3 13488 9593 2727
3 9593 9547 2727
3 9593 13487 9547
3 2641 13436 9640
3 13437 13436 2683
3 13436 13437 9640
3 13388 2641 9640
3 2601 13388 9640
3 2641 13388 9641
3 13388 9684 9641
3 13388 2601 9684
3 2773 13537 9497
3 9440 2773 9497
3 2726 13486 9549
3 13486 2726 9548
3 13538 2726 9549
3 2726 13538 9548
3 13598 9370 9433
3 13598 2829 9370
3 13598 2777 9491
3 2777 13598 9433
3 3061 13847 9159
3 13847 9157 13786
3 9159 13847 13786
3 13847 3126 9080
3 3126 13847 13908
3 13974 8995 13914
3 8995 3131 13914
3 3131 8995 13915
3 13915 8995 3191
3 8995 13974 3191
3 14037 8913 14036
3 8913 8914 14036
3 8913 14037 3191
3 13974 8913 3191
3 8913 13973 8914
3 8913 13974 13973
3 13975 8994 3191
3 9226 9296 13730
3 2945 9226 13730
3 9226 13731 9296
3 9226 2945 13731
3 3255 8834 14036
3 3255 14036 14035
3 8835 3255 14035
3 14095 3255 8835
3 3192 13977 8993
3 13977 3192 8911
3 3134 8992 13919
3 3134 13858 9071
3 13858 3134 13859
3 3134 9070 13859
3 9070 3134 13919
3 14038 3257 8833
3 3257 14038 14037
3 8834 3257 14037
3 14038 14039 8911
3 13977 14039 8910
3 14039 13977 8911
3 14100 8831 14099
3 2946 13732 9225
3 2946 9149 13796
3 9149 2946 9225
3 13732 2946 13733
3 13733 2946 9224
3 2946 13797 9224
3 13797 2946 13796
3 3008 9149 13795
3 9149 3008 3068
3 9150 3008 13795
3 3068 3008 9150
3 9148 13797 13796
3 9148 3009 13797
3 13557 9530 2738
3 9530 13557 13561
3 13458 2695 13459
3 13507 2695 13458
3 2695 13507 13504
3 2785 9531 13556
3 9479 2785 13556
3 2785 9421 13611
3 2785 9479 9421
3 10340 963 959
3 10094 963 10340
3 963 10094 10088
3 963 10087 959
3 963 10365 10087
3 8655 8734 3398
3 3458 8655 3398
3 8655 3336 8734
3 8655 3397 3336
3 3336 11272 11238
3 3397 11272 3336
3 11272 8811 11238
3 11272 8733 8811
3 8812 11236 11238
3 11236 8812 3273
3 3273 8812 11196
3 3274 8812 11238
3 8812 11194 11196
3 11194 8812 3274
3 11231 11275 8734
3 11275 11231 3335
3 3275 8809 11237
3 8809 3275 8810
3 11198 8888 8889
3 3275 11198 8889
3 11198 3275 3276
3 11377 3587 8497
3 3523 8498 3524
3 8498 11377 3524
3 3584 8500 11374
3 8419 3584 11374
3 11375 3584 3585
3 3584 11375 8500
3 11403 3651 8333
3 11403 3584 8419
3 3651 11403 8334
3 11403 8419 8334
3 8416 8417 11405
3 8416 3587 11377
3 8331 8416 11405
3 11406 8416 8331
3 8416 11406 8415
3 3587 8416 8415
3 8735 3335 11230
3 11273 8735 11230
3 8735 11275 3335
3 8735 11269 11275
3 11268 8657 3396
3 8657 11310 3396
3 8656 3459 8577
3 11310 3459 8656
3 3459 8578 8577
3 11267 3333 8737
3 3333 3334 11229
3 3333 11267 3334
3 3333 11229 8815
3 3270 3333 8815
3 3333 3270 14114
3 8737 3333 14114
3 8576 8655 3458
3 8655 8576 3460
3 8893 11153 8894
3 11153 3205 8894
3 3205 11153 8976
3 8976 11153 11113
3 11153 8893 11113
3 11154 11114 11117
3 11114 11154 8974
3 11117 11114 3147
3 11115 8973 11121
3 11160 8973 11158
3 8973 11115 11120
3 3207 8973 11120
3 11155 8973 3207
3 3083 11075 9053
3 3083 9053 11076
3 3083 3084 9130
3 3084 3083 11076
3 11040 3083 9130
3 3023 3083 11040
3 11075 3083 11079
3 3083 3023 11079
3 9054 11078 3147
3 11078 9054 11079
3 9054 11075 11079
3 11114 9054 3147
3 11075 9054 3148
3 9054 11114 3148
3 8890 11160 11196
3 11194 8890 11196
3 8890 11194 11199
3 3209 8890 11199
3 8890 3209 11156
3 8979 13930 8980
3 3143 13930 8979
3 11043 9208 11042
3 11043 3022 11039
3 11043 11039 2962
3 9208 11043 2962
3 3082 3081 11073
3 3082 3022 3081
3 9055 3082 11073
3 3022 3082 9131
3 3082 3023 9131
3 3023 3082 11078
3 12817 10205 10215
3 12817 2191 10205
3 2191 12817 12816
3 2186 12817 10215
3 12816 12817 10216
3 12817 2186 10216
3 1053 6319 10462
3 6319 1053 1052
3 6319 1082 10462
3 1082 6319 10461
3 10047 6319 1052
3 10461 6319 10047
3 10031 10493 1079
3 10492 10031 1079
3 10031 10492 10032
3 10004 10559 1165
3 10559 10004 1137
3 10559 10005 1165
3 10559 1136 10005
3 10080 993 10088
3 963 993 10365
3 993 963 10088
3 10365 993 10079
3 993 10080 10079
3 6150 10651 6149
3 10651 6150 1250
3 6150 10650 1250
3 6150 1218 10650
3 10683 1251 6121
3 1251 10651 6121
3 1251 10683 6120
3 10651 1251 6149
3 6150 1219 6179
3 1219 6150 6149
3 6179 1219 1189
3 1219 10619 1189
3 6178 1190 6207
3 10619 6178 6207
3 6178 6148 1220
3 6148 6178 6149
3 6178 1219 6149
3 1219 6178 10619
3 1191 6177 6176
3 6177 1191 6206
3 6205 1191 6176
3 10588 1191 6205
3 6206 1191 10588
3 6177 10620 1221
3 1221 10620 6147
3 10620 1220 6147
3 10620 6178 1220
3 10620 6177 1190
3 6178 10620 1190
3 1043 6353 6326
3 10449 1043 6326
3 1043 10419 6353
3 1043 10449 6325
3 10419 1043 6352
3 1043 6325 6352
3 6381 10386 984
3 10386 6381 1014
3 10386 1014 6380
3 6181 10617 6210
3 6181 1217 10617
3 1217 6181 10616
3 6181 1187 10616
3 1187 6181 6210
3 10584 1159 6210
3 6209 10584 6210
3 1188 6208 10585
3 6209 1188 10585
3 1188 6209 10617
3 1186 10582 6212
3 1186 6211 10582
3 1186 6212 6183
3 1156 6213 10581
3 6243 1156 10581
3 6213 1156 10580
3 1156 6243 10580
3 1184 6185 6214
3 6185 10613 6214
3 6185 1184 10612
3 6184 1185 6213
3 10613 6184 6213
3 1185 6184 10614
3 6184 1215 10614
3 1215 6184 6155
3 10543 6275 1123
3 1123 6275 10509
3 6275 10510 10509
3 10544 6275 10543
3 6275 10544 1124
3 10510 6275 1124
3 1007 10408 6388
3 10377 1007 6388
3 1007 6364 10408
3 1007 10377 6389
3 1007 6389 10407
3 6364 1007 10407
3 1263 6112 10662
3 6112 1263 10692
3 10662 6112 1264
3 6112 10693 1264
3 10693 6112 10692
3 1237 10666 10667
3 10666 1265 10667
3 1115 6257 10533
3 6257 1115 1143
3 1171 10597 6200
3 6229 1171 6200
3 1171 6230 6201
3 10597 1171 6201
3 6230 1171 10564
3 1171 6258 10564
3 6258 1171 6229
3 10630 1233 6141
3 1234 10630 6141
3 10630 1234 6170
3 6171 10630 6170
3 1233 10630 6171
3 1235 10632 6169
3 1234 1235 6169
3 6139 1235 10663
3 1235 6139 10632
3 1235 6140 10663
3 1235 1234 6140
3 1205 6168 6167
3 10600 1205 6196
3 1205 1206 6196
3 1206 1205 6167
3 1292 6080 10695
3 6080 6110 10695
3 6080 1293 6079
3 6080 1292 1293
3 6110 10664 10695
3 10664 6111 10695
3 10664 6139 10663
3 6111 10664 10663
3 10694 6081 10695
3 6111 10694 10695
3 10694 10693 6081
3 10694 6111 10693
3 6166 10634 1237
3 10634 6166 6167
3 10634 6167 10633
3 10634 10666 1237
3 998 10369 6374
3 6374 10369 997
3 10369 6399 997
3 6399 10369 968
3 10369 6422 968
3 6422 10369 969
3 969 6398 10370
3 6398 998 10370
3 10369 6398 969
3 6398 10369 998
3 10372 1001 10403
3 10402 1000 6371
3 1000 10401 6371
3 10401 1000 6397
3 1029 6370 10402
3 6370 1029 10403
3 6370 1001 10402
3 1001 6370 10403
3 6345 10431 1027
3 1026 6373 6374
3 6347 1026 6374
3 1026 6347 6346
3 1026 6345 1027
3 6372 1026 1027
3 10463 6318 1083
3 6318 10463 1054
3 10463 6317 1054
3 6259 6230 10564
3 1142 6259 10564
3 6259 10531 6260
3 6259 1142 10531
3 6287 1113 10531
3 1112 1113 10497
3 1113 1112 10531
3 1084 6287 10464
3 6317 1084 10464
3 10463 1084 6317
3 1084 1083 10497
3 1084 10463 1083
3 1142 10532 10531
3 10532 6287 10531
3 6287 10532 1114
3 10532 1142 6258
3 10532 6258 1143
3 10532 1115 1114
3 1115 10532 1143
3 1141 10530 6261
3 10530 1141 6260
3 6290 1111 10496
3 1111 10530 10496
3 1111 6290 10529
3 1111 10529 6261
3 10530 1111 6261
3 996 6400 967
3 6375 6400 996
3 6400 6375 10368
3 10367 10085 992
3 10085 995 992
3 10085 966 995
3 10367 10398 996
3 10398 6375 996
3 10077 10398 992
3 10398 10367 992
3 1024 10063 1025
3 6375 1024 1025
3 10398 1024 6375
3 10063 1024 10428
3 1024 10398 10077
3 1024 10077 1023
3 1024 1023 10064
3 10428 1024 10064
3 10366 10086 990
3 10086 994 990
3 960 10086 10366
3 10086 960 965
3 994 10086 965
3 10364 961 10089
3 991 10364 10089
3 10364 10088 961
3 10364 991 10088
3 6423 939 967
3 6423 936 939
3 936 6423 968
3 6421 6422 969
3 6422 6421 10343
3 6421 941 10343
3 10344 6421 969
3 941 6421 10344
3 6521 857 863
3 857 6521 10260
3 10271 6521 863
3 6521 10271 10260
3 10248 6531 10247
3 10248 10250 6531
3 10248 10247 850
3 10248 850 854
3 10250 10248 854
3 10253 853 6527
3 10253 6526 853
3 6526 10253 860
3 856 10253 6527
3 10253 856 10262
3 860 10253 10262
3 10254 6526 860
3 6526 10254 854
3 6484 891 6498
3 6497 891 6484
3 891 879 6498
3 891 10283 879
3 891 6497 10283
3 10295 6486 904
3 6486 10294 904
3 6486 10295 886
3 889 6486 886
3 10294 6486 889
3 10282 890 6498
3 890 10282 886
3 890 6485 6498
3 10295 890 886
3 890 10295 6485
3 878 10282 875
3 10282 878 6511
3 878 875 863
3 10270 877 6511
3 6511 877 10281
3 877 6512 10281
3 6512 877 866
3 877 10270 866
3 10270 867 6522
3 857 867 863
3 867 857 6522
3 867 10270 6511
3 867 878 863
3 878 867 6511
3 6414 10349 975
3 10375 6414 975
3 925 6467 10312
3 6467 925 10313
3 10314 927 6451
3 927 6433 6451
3 6433 927 10329
3 10376 6365 1006
3 6365 10376 6390
3 978 6412 6389
3 6413 10351 6434
3 10376 6413 6390
3 870 6508 881
3 870 6518 6519
3 10272 870 6519
3 6508 870 10272
3 10255 6525 854
3 10255 10257 6525
3 10254 10255 854
3 10257 10255 861
3 10255 10254 861
3 6525 10256 862
3 10256 10266 862
3 10257 10256 6525
3 10266 10256 10264
3 10256 10257 10264
3 10539 1122 10505
3 10540 1122 10539
3 1122 10540 10506
3 10539 1150 10573
3 10538 6251 1149
3 10537 10538 10504
3 6251 10538 10537
3 6287 1085 10464
3 1085 6286 1086
3 10431 1056 6344
3 1056 10432 6344
3 10432 1056 1057
3 6314 10466 1057
3 6314 1086 10466
3 1056 6314 1057
3 1117 10535 6283
3 1117 6255 10535
3 1086 1087 10466
3 6285 1087 1086
3 1087 6313 10466
3 6313 1087 1088
3 1087 6284 1088
3 10499 6285 1086
3 6285 10499 1115
3 6286 10499 1086
3 1115 10499 6286
3 6342 6341 1030
3 6341 6342 10434
3 1030 6341 1031
3 1031 6341 6340
3 6341 10434 6340
3 1118 6282 6283
3 6282 1089 6283
3 1089 6282 10502
3 10536 6282 1118
3 6282 10536 10502
3 6392 6415 974
3 6392 1004 975
3 6415 6392 975
3 6415 946 974
3 1003 10373 10404
3 10373 6369 10404
3 6369 10373 1002
3 10347 945 6438
3 922 6470 10309
3 6470 922 10310
3 922 6456 10310
3 10308 6458 6472
3 10566 1145 6256
3 10566 6227 1145
3 1147 10568 1176
3 10568 6225 1176
3 10568 1147 6254
3 6225 10568 1175
3 1146 10568 6254
3 1175 10568 1146
3 954 10357 6428
3 954 6428 6429
3 954 6429 953
3 10355 954 953
3 6384 982 1011
3 982 6384 10381
3 6384 10412 10381
3 6359 6384 1011
3 10412 6384 6359
3 10382 6383 983
3 6383 10384 983
3 6383 10382 1012
3 10384 6383 10414
3 10414 6383 6358
3 6383 1012 6358
3 5914 1439 10882
3 1439 10881 5883
3 10882 1439 5883
3 1439 5915 10881
3 1439 5914 10852
3 5915 1439 10852
3 5916 10880 1438
3 5915 5916 1438
3 1437 5916 10851
3 10880 5916 1437
3 10851 5916 1414
3 5916 5915 1414
3 1490 5856 10937
3 10909 5856 1490
3 5856 10909 1489
3 5856 10936 10937
3 5856 1489 10936
3 10908 5887 1488
3 5857 10908 1488
3 10878 10908 5886
3 5887 10908 10878
3 10908 1489 5886
3 10908 5857 1489
3 1466 10884 5880
3 10884 1466 1441
3 10884 1441 5912
3 10883 10884 5912
3 10884 10883 1465
3 10914 5879 1466
3 10914 5880 5851
3 10914 1466 5880
3 5798 10965 1541
3 10965 5798 1515
3 5828 10965 1515
3 10965 5799 1541
3 10965 5828 5799
3 1569 5768 10996
3 1570 10997 5739
3 10997 1569 5739
3 1569 10997 5768
3 10997 1570 5767
3 5708 11033 5709
3 5708 11034 5738
3 11033 5708 5738
3 1599 11070 5709
3 11070 1599 5681
3 11070 5708 5709
3 5708 11070 11071
3 1654 11070 5681
3 5679 5680 1655
3 11071 5680 5679
3 11072 11071 5679
3 11072 1601 5707
3 11072 5679 1629
3 5678 11072 1629
3 11072 5678 1601
3 5852 10913 5881
3 10913 5852 1493
3 10913 1465 5881
3 10913 1493 5880
3 10884 10913 5880
3 10913 10884 1465
3 10707 1274 6098
3 1274 10677 6127
3 10677 1274 6097
3 1274 10707 6097
3 10676 1274 6127
3 6098 1274 10676
3 1334 6033 10769
3 6033 1360 10769
3 6096 10678 1275
3 6125 10678 6096
3 10678 6125 1247
3 10679 6125 1276
3 6095 10679 1276
3 6124 10679 6095
3 1248 10679 6124
3 6153 10615 6183
3 10615 6153 1216
3 10615 1186 6183
3 10649 6123 1249
3 6151 10649 1249
3 6093 10711 1278
3 6063 10711 1305
3 10711 10710 1305
3 10711 6094 10710
3 10711 6093 6094
3 6090 1280 10713
3 10714 6090 10713
3 1280 6090 10684
3 10684 6090 6089
3 6090 10714 6089
3 10714 6060 6059
3 6059 6060 10743
3 1308 6060 10713
3 6060 10714 10713
3 6060 1336 10743
3 1336 6060 1308
3 10808 10806 5962
3 10806 10810 5962
3 10806 10808 1373
3 10722 10721 6052
3 10721 10722 6082
3 10722 6052 1291
3 6082 10722 1291
3 10774 10746 6027
3 10774 5997 10746
3 5998 10774 6027
3 5997 10775 6026
3 10775 10776 6026
3 10776 10775 5996
3 10775 10804 5996
3 6173 10596 1200
3 6173 6172 10596
3 6172 6173 1231
3 1231 6173 10628
3 6173 1200 6174
3 10628 6173 6174
3 5874 1471 10919
3 5874 1446 10890
3 1471 5874 10890
3 5874 10919 5844
3 5845 10918 1500
3 10918 5845 5875
3 10918 5846 1500
3 10918 5875 5876
3 5846 10918 5876
3 1468 10887 5878
3 10916 1468 5878
3 5875 10888 5876
3 1445 10888 5875
3 10888 1445 5908
3 10888 1470 5876
3 1444 10888 5908
3 1470 10888 1443
3 10888 1444 1443
3 10775 10803 10804
3 10858 5909 1443
3 1394 5909 10858
3 5909 10887 1443
3 10887 5909 5878
3 5968 1365 5878
3 5848 10916 1497
3 5848 1498 10916
3 5819 5848 1497
3 1498 5848 5819
3 5947 10824 1413
3 10851 5947 1413
3 10825 5947 10851
3 5976 10825 1386
3 5947 5976 10824
3 5976 5947 10825
3 6007 10793 10794
3 6008 10793 6007
3 10793 6008 10792
3 5979 10793 10792
3 5978 10793 5979
3 10735 1329 6038
3 1329 10735 6068
3 10735 6038 1302
3 6068 10735 1302
3 10706 6068 6098
3 10706 6098 10676
3 1273 10706 10676
3 10706 1273 6099
3 6069 10706 6099
3 10705 6069 6099
3 6069 10705 6070
3 6070 10705 6100
3 10705 10675 6100
3 10675 10705 6099
3 1301 1329 6068
3 10706 1301 6068
3 1301 10706 6069
3 1329 1301 6039
3 1301 6070 1328
3 1301 6069 6070
3 6008 1357 10764
3 1357 6038 10764
3 1357 1330 6038
3 10848 5920 5919
3 5920 10848 1411
3 1411 10848 5949
3 5949 10848 1412
3 10848 5919 1412
3 5920 1434 10876
3 10875 1434 5921
3 10876 1434 10875
3 10847 1410 5921
3 1434 10847 5921
3 10847 1434 5920
3 10847 5950 10821
3 1410 10847 10821
3 10847 1411 5950
3 10847 5920 1411
3 5938 1397 1395
3 1420 5938 1395
3 1421 5938 1420
3 1397 5938 1398
3 10859 1423 1447
3 5905 5873 1473
3 1502 5873 10920
3 5873 5843 1473
3 5873 1502 5843
3 10894 5902 10893
3 5871 10894 10893
3 10895 10894 5871
3 10894 1452 5902
3 10894 10895 1452
3 1475 10889 5872
3 1475 5872 5842
3 10925 5839 1506
3 10925 1506 5838
3 1478 10925 5868
3 5839 10925 1478
3 10925 1480 5868
3 1480 10925 5838
3 1350 10757 6046
3 1323 1350 6046
3 1350 1323 10756
3 1268 10669 6106
3 10669 1268 6135
3 1267 10669 6136
3 10669 1267 6106
3 10669 1239 6136
3 10669 6135 1239
3 1325 6074 1297
3 6044 1325 1297
3 6074 1325 10730
3 1325 1352 10730
3 1325 6044 1352
3 1353 10760 6012
3 10760 1353 6013
3 10788 10760 6013
3 6012 10760 5983
3 10760 10788 5983
3 10731 1326 6042
3 6072 10731 6042
3 1326 10731 6043
3 6102 6072 10703
3 6102 10703 1271
3 10673 6102 1271
3 6102 10672 1270
3 6102 10673 10672
3 6103 10702 1270
3 10702 6102 1270
3 6102 10702 6072
3 5923 10844 10873
3 1432 5923 10873
3 5923 1432 10845
3 5923 5953 10844
3 5953 5923 1409
3 5923 10845 1409
3 5861 1485 10931
3 1485 5862 10931
3 5862 1485 5891
3 1485 1457 5891
3 5804 10960 5833
3 1510 5804 5833
3 5804 1510 10959
3 5775 5804 10959
3 10960 5804 1537
3 5804 5774 1537
3 5804 1564 5774
3 1564 5804 5775
3 11523 1875 7990
3 1875 11524 7990
3 1875 11523 7915
3 11524 1875 7915
3 1907 11610 7650
3 11610 1907 7712
3 11610 7651 7650
3 11610 7712 7651
3 5409 11611 1915
3 11611 1907 1915
3 11611 5409 1908
3 1907 1898 7712
3 1898 7775 11570
3 1888 7843 11548
3 7843 1888 11570
3 7843 1889 11548
3 1889 7843 11571
3 7843 7775 11571
3 7775 7843 11570
3 5467 1840 11446
3 1840 5479 11446
3 5479 1840 5466
3 1839 8150 11472
3 5467 1839 11472
3 11445 1839 5467
3 1851 8069 11471
3 8069 1851 8070
3 11469 8152 1837
3 8238 11440 3724
3 11440 8155 3724
3 1821 8238 11441
3 11412 1821 8323
3 8324 1821 11412
3 1821 8324 8238
3 11494 7993 1862
3 8073 11494 1862
3 7994 11494 3858
3 11494 7994 7993
3 8074 3791 11467
3 3791 8154 11467
3 3791 8074 3858
3 3791 11468 8154
3 3791 8073 11468
3 11494 3791 3858
3 3791 11494 8073
3 8154 1836 11441
3 11468 1836 8154
3 8153 1836 11468
3 11448 5478 1841
3 11475 11448 1841
3 1827 11448 5477
3 5478 11448 1827
3 11448 1842 5477
3 5478 11447 1841
3 11447 5466 1841
3 11447 5479 5466
3 11447 5478 5492
3 5507 1809 5508
3 1826 11447 5492
3 11447 1826 5479
3 11419 5506 5492
3 1811 5506 5505
3 5506 11419 5505
3 1774 11360 5540
3 1774 5560 11324
3 11247 1730 5604
3 1708 11247 5604
3 1730 11247 5583
3 8800 11247 1708
3 9046 1633 11084
3 11085 9045 1634
3 11085 1633 9046
3 9045 11085 1659
3 11085 9046 1659
3 11285 5563 5583
3 11283 1728 11245
3 1728 11283 8724
3 1728 8724 11246
3 8801 1728 11246
3 1728 8801 11245
3 11319 11283 1749
3 11319 1769 8566
3 1730 5582 11248
3 11286 5582 1730
3 11248 5582 1731
3 5582 11287 1731
3 5582 11286 1752
3 5582 5562 11287
3 5562 5582 1752
3 5625 1686 11170
3 1686 5649 11131
3 11209 1709 11210
3 5625 11209 11210
3 5626 11209 5625
3 11209 5603 1709
3 5603 11209 5604
3 11209 5626 5627
3 5604 11209 11208
3 11209 5627 11208
3 5650 11169 11170
3 5650 11130 11169
3 5650 1686 11131
3 1686 5650 11170
3 1662 5650 11131
3 5650 1662 11130
3 11129 5651 1661
3 5651 11130 1661
3 5651 11168 1685
3 5651 11129 11168
3 11169 5651 1685
3 11130 5651 11169
3 5622 11212 11213
3 5622 5623 11212
3 5623 5622 11173
3 5675 1662 11131
3 1662 5675 11089
3 11132 5647 1664
3 5702 5675 1611
3 5675 5702 11089
3 5788 1526 5818
3 1526 5788 5817
3 1550 9274 10975
3 9275 9274 1550
3 11009 9274 9275
3 1525 10946 5819
3 9343 1522 10975
3 9343 1523 1522
3 9343 9342 1524
3 9406 9343 1524
3 1523 9343 9406
3 11087 9044 1661
3 5673 11091 1664
3 1641 5697 1614
3 5671 5670 11094
3 1641 5671 11094
3 5670 5671 1667
3 1666 5671 11093
3 5671 1641 11093
3 1667 5671 11135
3 5671 1666 11135
3 1615 11094 1642
3 5696 1615 1642
3 1615 1641 11094
3 1615 5697 1641
3 1615 5696 11055
3 5697 1615 11055
3 11015 5728 5757
3 5728 11015 1584
3 1585 5726 11017
3 11054 5698 1614
3 5697 11054 1614
3 11054 1585 5698
3 1585 11054 5726
3 5756 1585 11017
3 1585 5756 5727
3 5783 1557 5755
3 1557 5783 5813
3 1607 11046 9126
3 1607 11085 1634
3 1633 1607 9126
3 11085 1607 1633
3 9204 1578 11008
3 9204 11008 9276
3 9204 1576 1577
3 1576 9204 9276
3 9127 11045 1577
3 11045 9204 1577
3 9204 11045 1578
3 1578 11045 9126
3 5787 10948 5817
3 5817 10948 1500
3 10948 5845 1500
3 5845 10948 5816
3 8968 11124 3152
3 1681 8967 8884
3 11204 1681 8884
3 1658 11125 8966
3 11125 1681 8966
3 1681 11125 8967
3 3085 9049 3086
3 9129 3085 3086
3 3151 11081 9050
3 3085 11081 9049
3 9049 11081 3152
3 11081 3151 3152
3 11081 3085 9129
3 11081 9129 11007
3 9050 11081 11007
3 3151 11123 8968
3 11239 8808 11237
3 8808 3275 11237
3 3275 8808 3276
3 3276 8808 8807
3 8808 11239 8807
3 8650 11277 8651
3 3402 8650 8649
3 8650 11314 8649
3 8570 11351 8569
3 11351 3527 8493
3 11351 8570 3527
3 3278 8805 11202
3 8806 3278 11202
3 3278 11241 8805
3 3278 8806 11241
3 11240 3277 8807
3 3277 11240 8806
3 11201 3277 8806
3 8806 3340 11241
3 11240 3340 8806
3 3340 11240 8730
3 3277 11200 8807
3 11200 3277 11201
3 11200 3276 8807
3 11200 3210 8888
3 11198 11200 8888
3 11200 11198 3276
3 1748 11282 8726
3 1748 8726 11281
3 11317 1748 11281
3 1727 11244 8726
3 11282 1727 8726
3 1727 11282 8725
3 1727 8725 11245
3 8964 11167 11128
3 1660 8964 11128
3 9045 8964 1660
3 11206 11207 8881
3 1707 11207 8801
3 11207 11206 8801
3 8800 11207 1707
3 11207 8800 11208
3 8801 1706 11245
3 11206 1706 8801
3 11203 8804 11204
3 8804 11203 1704
3 11204 8804 1705
3 8804 1704 11242
3 11243 8804 11242
3 8803 11243 11244
3 8804 8803 1705
3 8803 8804 11243
3 8726 1726 11281
3 11243 1726 8726
3 12525 12574 4884
3 12525 301 12574
3 4911 12525 4884
3 301 12525 4912
3 300 4941 12523
3 300 4913 4941
3 4914 300 12523
3 300 4914 4886
3 12573 300 4886
3 4913 300 12573
3 12524 301 4912
3 301 12524 4885
3 12524 4913 4885
3 4913 12524 4941
3 12444 229 4986
3 12437 12444 4986
3 12444 12437 4960
3 12440 12436 254
3 12436 4961 254
3 4987 12436 228
3 12436 12440 228
3 4961 12436 253
3 12436 4987 227
3 253 12436 227
3 12350 12353 178
3 12225 5105 12221
3 12225 12224 5105
3 5127 12225 12221
3 12224 12225 5127
3 131 5104 5082
3 5081 131 12262
3 131 5082 12262
3 5104 131 12222
3 5103 131 5081
3 12222 131 5103
3 387 12718 4795
3 12718 416 4795
3 4796 12718 4826
3 12718 387 4826
3 416 12718 4767
3 12718 4796 4767
3 4794 416 4766
3 4794 12719 416
3 417 4794 4766
3 4794 417 388
3 12719 4794 388
3 12684 12685 4843
3 12636 12684 4843
3 12684 398 12685
3 398 4814 12733
3 12782 4755 4756
3 12735 4755 4812
3 4755 426 4756
3 426 4755 12733
3 4785 12737 12727
3 426 12737 4785
3 12737 426 12738
3 12775 422 4760
3 422 12775 4759
3 12775 4760 12774
3 12785 12775 12774
3 12775 12785 4759
3 12737 396 12727
3 396 12737 4815
3 12631 4847 4846
3 4847 12678 4846
3 4847 12631 336
3 365 4816 4846
3 12678 365 4846
3 4818 393 4788
3 4787 4818 4788
3 4818 4819 393
3 12779 12778 12774
3 12778 12786 12774
3 12778 12779 4757
3 12786 12778 4757
3 12786 12777 12774
3 12783 12784 4758
3 12785 12783 4758
3 12784 12783 12774
3 12783 12785 12774
3 12688 12686 4844
3 12686 12687 4844
3 4814 12686 12688
3 12687 12686 4814
3 12687 12640 4844
3 4844 12640 338
3 338 12640 4874
3 4874 12640 339
3 12640 12638 339
3 12637 12641 339
3 4790 4761 12724
3 4790 420 4761
3 420 4790 12723
3 4820 4790 12724
3 4790 4820 12723
3 247 12429 4969
3 273 247 4969
3 4995 4994 12384
3 221 4994 4995
3 4994 12385 12384
3 4994 221 12429
3 12476 4967 248
3 12298 174 5063
3 174 5041 5063
3 174 12298 5042
3 12342 12341 198
3 5041 12341 12342
3 174 12341 5041
3 12341 174 5042
3 5016 12343 199
3 12388 5016 199
3 12343 5016 5015
3 5016 12388 5015
3 6571 12701 371
3 12701 6571 400
3 371 12701 6570
3 12701 400 6570
3 12619 4859 12570
3 325 12619 12570
3 4859 12619 354
3 12618 4860 12569
3 4860 325 12569
3 4860 12618 12666
3 4860 12619 325
3 4860 12666 354
3 12619 4860 354
3 12568 4918 12519
3 4918 12568 296
3 12519 4918 4946
3 4918 4945 4946
3 4918 296 4945
3 324 12568 4891
3 4861 324 4891
3 324 4861 12618
3 324 12618 4890
3 12568 324 4890
3 12559 4871 316
3 12559 6659 315
3 12510 12559 4928
3 6659 12559 12510
3 12608 12559 315
3 4871 12559 12608
3 4841 12656 374
3 4841 345 12656
3 4841 374 12705
3 345 4841 12705
3 373 6599 12655
3 6599 344 12655
3 6568 6599 373
3 12704 6599 6568
3 6599 12704 374
3 12656 6599 374
3 344 6599 12656
3 6719 6692 12506
3 723 6692 6719
3 6692 723 6664
3 6692 12555 12506
3 12555 6692 6664
3 12554 6693 6665
3 12554 752 6664
3 723 12554 6664
3 6693 12554 723
3 12603 6634 752
3 12603 751 6635
3 751 12603 6665
3 12603 6635 782
3 12651 12603 782
3 12603 12651 783
3 6634 12603 783
3 12603 12554 6665
3 12554 12603 752
3 4896 12613 320
3 12613 4896 4866
3 12613 4865 320
3 12613 349 4865
3 12613 4866 349
3 12241 6836 6856
3 12242 6836 135
3 6836 12242 6856
3 6836 12281 6815
3 12281 6836 134
3 6836 12241 134
3 12282 6836 6815
3 135 6836 12282
3 6925 478 12106
3 493 6925 12106
3 6925 493 503
3 6925 483 478
3 483 6925 473
3 6925 472 473
3 495 6925 503
3 6925 495 12107
3 472 6925 12107
3 6942 6943 457
3 6943 6942 12065
3 6942 457 462
3 12065 6942 462
3 6943 460 459
3 460 6943 464
3 459 460 6960
3 460 6958 6960
3 460 464 6958
3 498 499 12105
3 498 501 499
3 501 498 500
3 496 498 12105
3 498 496 500
3 6909 516 12146
3 6909 519 516
3 519 6909 515
3 6909 12146 494
3 515 6909 494
3 6872 536 537
3 540 536 6872
3 12270 6828 588
3 6828 12270 566
3 6848 12270 588
3 12270 6848 566
3 12359 637 6778
3 12358 637 12359
3 637 12358 6779
3 637 12404 6778
3 12404 637 6754
3 12403 637 6779
3 637 12403 6754
3 12194 6903 6884
3 6903 12194 526
3 12194 6883 526
3 547 12194 6884
3 12194 547 6864
3 6883 12194 6864
3 12153 507 6920
3 12153 6920 506
3 527 12153 6902
3 526 12153 506
3 12153 526 6902
3 507 12153 6901
3 12153 527 6901
3 6881 12196 549
3 12196 528 6900
3 528 12196 6881
3 6901 12196 6900
3 527 12196 6901
3 12154 6901 6900
3 508 12154 6900
3 12154 508 6919
3 507 12154 6919
3 12154 507 6901
3 690 12451 6752
3 690 6726 6725
3 12451 690 6725
3 12312 6805 611
3 611 6805 12357
3 6805 12356 12357
3 12356 6805 610
3 610 6805 12311
3 6805 12312 12311
3 635 12356 6782
3 12356 635 6781
3 12401 635 6782
3 6781 635 12401
3 12498 6700 6727
3 12499 6700 717
3 6700 12498 6672
3 6700 6726 6727
3 6700 12499 6726
3 6671 6700 6672
3 717 6700 6671
3 12449 12498 6727
3 12498 12449 6728
3 689 12449 6727
3 6728 12449 6754
3 12449 689 6754
3 716 6728 6701
3 716 12498 6728
3 716 6701 6673
3 12547 716 6673
3 716 12547 6672
3 12498 716 6672
3 638 6753 12405
3 12404 6753 638
3 6753 6752 12405
3 6753 690 6752
3 12274 6845 591
3 6845 12274 570
3 6845 12234 6865
3 12234 6845 570
3 6882 6863 6862
3 6882 6862 549
3 12196 6882 549
3 6882 527 12195
3 6882 12196 527
3 548 6883 6864
3 6863 548 6864
3 6883 548 12195
3 548 6882 12195
3 6882 548 6863
3 6816 12280 157
3 12323 6816 157
3 6816 12281 134
3 12280 6816 134
3 181 12368 6792
3 12323 181 6792
3 6897 12199 88
3 12199 6897 87
3 87 6897 12157
3 6897 65 12157
3 6897 12158 65
3 12158 6897 88
3 6878 6859 110
3 12199 6878 110
3 6878 6879 551
3 6859 6878 551
3 6879 6878 12198
3 6878 87 12198
3 6878 12199 87
3 5118 5096 119
3 5117 5118 119
3 12209 5118 5117
3 5096 5118 5119
3 5118 12209 5119
3 12288 165 141
3 5074 165 12289
3 165 5074 141
3 165 12288 12331
3 12330 5053 164
3 5053 12288 164
3 5053 12330 12331
3 12288 5053 12331
3 5027 12378 12333
3 190 5027 12333
3 12378 5027 12377
3 5027 190 12377
3 189 5029 12376
3 5028 189 12376
3 5029 189 12331
3 189 5028 12332
3 189 12332 12289
3 12172 78 5135
3 101 12172 5135
3 79 12172 101
3 12011 5217 13
3 12011 13 11976
3 5236 12011 11976
3 12011 5236 12
3 5218 12011 12
3 5217 12011 5218
3 12051 5215 5197
3 5215 12051 5196
3 12051 5197 35
3 5196 12051 35
3 5329 5341 2054
3 5341 11802 2054
3 11802 5341 11803
3 5328 5327 2056
3 11804 2035 5350
3 2035 11804 5349
3 2035 11781 5350
3 11791 2035 5349
3 2035 11791 11781
3 5340 11804 5350
3 11804 5340 2056
3 5340 5328 2056
3 5327 5338 2056
3 5338 11805 2056
3 5338 5327 5326
3 11805 5338 11814
3 5338 11809 11814
3 5339 11804 2056
3 11805 5339 2056
3 5339 11805 11804
3 15352 15351 15354
3 15356 15352 15354
3 15351 15352 7106
3 15352 15356 7106
3 6628 785 787
3 792 6597 15507
3 792 6628 757
3 797 15496 6625
3 15496 797 765
3 15510 797 6625
3 6593 797 15510
3 797 6593 828
3 622 15439 621
3 622 630 15439
3 15439 6787 620
3 6787 630 620
3 630 6787 15439
3 735 6654 15485
3 6654 735 15484
3 15512 798 6592
3 6623 798 15512
3 6682 6711 15474
3 708 6711 6682
3 6711 6683 15474
3 15465 6736 709
3 6736 15465 6709
3 6736 6735 682
3 6735 6736 6709
3 15441 6786 631
3 15440 6786 15441
3 6786 15440 620
3 6786 15447 631
3 15447 6786 620
3 575 584 15430
3 579 575 15430
3 584 575 6832
3 575 15436 6832
3 10225 2186 12806
3 2186 10225 12804
3 10225 12806 10233
3 12804 10225 10233
3 4345 4346 7384
3 4347 4345 7384
3 4345 4347 15074
3 7343 4345 15074
3 4346 4345 7343
3 4309 4303 15035
3 4305 4309 15035
3 4303 4309 7431
3 4309 4305 7431
3 4301 4304 7431
3 7483 4301 7431
3 4301 7483 4300
3 4301 4300 15035
3 4304 4301 15035
3 15394 7046 15392
3 15394 7027 7026
3 4641 4661 7089
3 4661 4662 7089
3 4661 7067 4662
3 7088 7066 4663
3 7066 15364 4663
3 4662 7066 7088
3 15364 7066 4662
3 4689 15367 15366
3 7045 15380 15381
3 15380 15364 15381
3 4684 15362 4658
3 15362 7069 4658
3 15378 15362 4684
3 4659 15362 15378
3 7069 15362 4659
3 7091 7068 4660
3 7068 7091 4659
3 4686 7068 4685
3 7068 15378 4685
3 7068 4659 15378
3 7090 4661 4641
3 7090 4640 4660
3 7090 15346 4640
3 7090 4641 7111
3 15346 7090 7111
3 7134 7133 15326
3 7134 4619 7111
3 7133 7134 7111
3 15325 7134 4594
3 7134 15325 4619
3 4620 7110 4621
3 4620 7133 7110
3 4596 4620 4621
3 4620 4596 7156
3 7133 4620 7156
3 7050 4675 15389
3 4704 7050 15389
3 7030 4702 4705
3 15377 7049 4684
3 15377 4684 4658
3 7070 15377 4658
3 15377 7070 15361
3 15345 4638 7092
3 15345 7113 4638
3 15345 7092 4639
3 7112 15345 4639
3 7113 15345 7112
3 4593 7159 4617
3 15302 7159 4593
3 4591 15301 7161
3 15301 4591 4566
3 15301 4565 7161
3 15301 4566 4565
3 7074 7097 4652
3 7074 4634 7097
3 4634 7074 4654
3 15374 7074 15358
3 7074 4652 15358
3 7096 4634 4654
3 4628 7096 4629
3 4634 7096 15342
3 7096 4628 15342
3 7096 4635 4629
3 7096 4654 7073
3 4655 7096 7073
3 7096 4655 4632
3 4587 4584 15321
3 4584 4587 7164
3 4608 7140 4605
3 4608 4607 7140
3 4608 4605 7118
3 7117 4608 7118
3 4607 4608 7117
3 15271 4558 4561
3 15271 4528 4558
3 7188 15271 4561
3 4528 4531 7189
3 4531 15243 4534
3 7189 4531 4534
3 7166 15297 15296
3 15297 15270 15296
3 15270 15297 4558
3 15297 4586 4561
3 4558 15297 4561
3 15297 4585 4586
3 15297 7166 4585
3 15268 15241 7191
3 15268 4532 15241
3 15295 15268 7191
3 7190 15268 15295
3 4532 15268 7190
3 4529 4535 7214
3 4535 4530 7214
3 7188 4535 4529
3 4530 4535 7188
3 4708 15392 4707
3 7027 4708 4707
3 4708 15394 15392
3 15394 4708 7027
3 7032 4725 4703
3 4725 7031 4703
3 4725 7032 4723
3 4725 4723 7015
3 430 4725 7015
3 7014 4725 430
3 428 429 6995
3 431 428 6995
3 428 7012 429
3 428 431 7012
3 15405 7028 15407
3 4729 15405 15407
3 4727 7012 4724
3 7012 4727 433
3 4727 4724 4702
3 15376 4675 7071
3 4653 15376 7071
3 15376 4653 15360
3 15376 15360 4681
3 7051 15376 4681
3 4675 15376 7051
3 4649 4650 4681
3 7072 4649 4681
3 4650 4649 7095
3 4651 4656 7095
3 4651 7072 4656
3 4649 4651 7095
3 4651 4649 7072
3 4440 4441 15120
3 7298 4441 4440
3 15120 4441 7334
3 4441 4442 7334
3 4478 15154 15186
3 7298 15154 4478
3 15154 7298 4440
3 7238 4510 7237
3 7265 7238 7237
3 7238 4509 7211
3 7238 7211 15247
3 4510 7238 15247
3 4405 7329 4365
3 15086 4405 4365
3 4405 15086 7330
3 4405 7330 15123
3 4405 15123 4446
3 7329 4405 4446
3 4009 14766 7762
3 14766 4009 7829
3 14766 4008 7762
3 4008 14766 7829
3 14711 7830 7900
3 14866 14865 7639
3 7760 7761 4065
3 7760 4065 14819
3 7697 4120 14819
3 14868 4120 14867
3 4120 7697 14867
3 14956 4222 7581
3 4222 14912 7581
3 14866 7638 14867
3 14911 14866 7639
3 14911 7638 14866
3 14912 14911 7581
3 7638 14911 14912
3 4119 14866 7698
3 14817 4119 7698
3 4119 14817 7699
3 14865 4119 7699
3 4119 14865 14866
3 14818 14817 7698
3 14817 14818 7761
3 7761 14818 4065
3 14818 7697 4065
3 14867 14818 7698
3 7697 14818 14867
3 7973 14599 7974
3 7973 3882 14599
3 14600 7973 14657
3 7973 3950 14657
3 7972 14600 14657
3 14600 7972 3884
3 7971 7972 14658
3 7972 7971 3884
3 14712 4008 7829
3 7830 14712 7900
3 14712 7830 4008
3 4009 14713 7829
3 7972 3951 14658
3 3951 7972 14657
3 14714 7827 14715
3 7827 7826 14715
3 7377 4359 15044
3 4400 7335 15120
3 7335 4440 15120
3 7335 4399 4440
3 4399 7335 4359
3 7335 7376 4359
3 7376 7335 4400
3 4428 15114 4426
3 15115 4428 7304
3 4428 15115 15114
3 15151 15150 4474
3 15151 7302 15150
3 15183 15151 4474
3 15152 15151 15183
3 7302 15151 4438
3 7339 15116 7338
3 15116 15115 4430
3 15115 15116 7339
3 4227 7576 7523
3 7576 4176 14916
3 14917 4228 7574
3 4228 7521 7574
3 4228 7522 7521
3 14915 7578 4224
3 7578 14915 4174
3 7578 4174 14914
3 4223 7578 14914
3 7578 14959 4224
3 7578 4223 14959
3 4175 7577 14916
3 4175 14915 7577
3 7633 4175 14916
3 7473 15003 4273
3 15003 7473 4271
3 7473 4272 4271
3 7524 7473 4273
3 7473 7524 4272
3 7524 4225 7525
3 4272 7524 7525
3 4269 15000 7476
3 4269 7477 15000
3 7381 15078 4356
3 15040 7381 4356
3 15077 7381 7382
3 15078 7381 15077
3 7427 7426 14998
3 7427 15040 7426
3 14997 7427 14998
3 7427 14997 4312
3 15118 4398 7337
3 4398 15119 7336
3 15040 7380 15041
3 15041 7380 15080
3 7380 15079 15080
3 7380 15040 4356
3 15079 7380 4356
3 4314 15042 7424
3 4314 7425 15042
3 15001 4314 7424
3 7425 4314 15001
3 4357 7379 15080
3 4397 4357 15080
3 4398 4439 15119
3 4439 4398 15118
3 7478 4268 14998
3 4268 14997 14998
3 14997 4268 7479
3 7479 4268 7530
3 4268 14954 7530
3 14954 4268 7478
3 7768 14762 4003
3 7585 14907 4219
3 7585 4169 14907
3 7584 7585 14952
3 7532 7585 4219
3 7585 7532 14952
3 4061 7702 14814
3 4062 14814 7701
3 14815 4062 7701
3 4473 4466 15181
3 4466 7272 15181
3 4466 4473 15149
3 2209 12866 10176
3 12866 12883 10176
3 12866 10177 12883
3 12851 12866 12852
3 12866 2209 12852
3 12865 12866 12851
3 10177 12866 12865
3 12947 12933 12955
3 12947 12954 12933
3 12954 12947 2249
3 2244 12947 12955
3 12947 2244 2249
3 2241 10131 12935
3 12924 10131 2241
3 10131 12924 12919
3 10131 12943 12935
3 10131 12919 12943
3 2234 12920 10139
3 10139 12920 10130
3 12920 2241 10130
3 12938 12934 2240
3 12934 12938 12948
3 10161 12902 12903
3 12903 12902 10150
3 12902 10151 10150
3 10151 12902 2226
3 12902 10161 2226
3 2233 10141 12918
3 10141 12917 10133
3 12917 10141 10152
3 10141 2233 10152
3 12938 10141 10133
3 10141 12938 12918
3 12953 2244 12955
3 12933 12953 12955
3 12953 12933 12932
3 12951 12953 12932
3 12945 12931 10135
3 12931 12945 10127
3 12931 10134 10143
3 12931 10143 12915
3 2238 12931 12915
3 12931 2238 10135
3 12980 12977 2251
3 12977 12978 2251
3 10111 12977 12980
3 12978 12977 10111
3 12981 12971 2251
3 12978 12981 2251
3 12971 12981 10110
3 12981 12978 10110
3 12965 12968 10120
3 12968 12966 10120
3 12968 12965 10114
3 12966 12968 10114
3 2855 2851 9404
3 2851 2853 9404
3 2851 2855 13629
3 2853 2851 13629
3 9034 13877 3161
3 13877 9035 3161
3 3102 13877 9034
3 13877 3102 3101
3 9035 13877 3101
3 3159 13876 9037
3 13876 3099 9037
3 13876 3100 3099
3 3100 9036 3101
3 9036 9035 3101
3 13876 9036 3100
3 9035 9036 3160
3 9036 13876 3159
3 3038 3037 13816
3 3038 2977 3037
3 9116 3038 13816
3 3033 13813 9121
3 2969 3033 2972
3 3033 2969 13813
3 3033 9198 2972
3 3033 9121 9120
3 3034 3033 9120
3 3094 13872 9042
3 13872 3094 3092
3 9041 3094 9042
3 2974 3035 9196
3 2974 3034 3035
3 2907 9271 13688
3 2906 2904 13688
3 2904 2907 13688
3 9269 2916 13690
3 13753 2916 9269
3 2916 9337 13690
3 9337 2916 9268
3 9268 2916 9194
3 9194 2916 2976
3 2916 13753 2976
3 13630 9403 2859
3 9338 13630 2859
3 9337 13630 9338
3 13630 2860 9403
3 13630 9337 2860
3 13567 2799 9465
3 2798 13567 9522
3 13567 9465 9522
3 13567 2798 9403
3 2799 13567 9403
3 2800 9403 2803
3 2800 2799 9403
3 9465 2800 2803
3 2799 2800 9465
3 2977 9193 13754
3 9193 2978 2918
3 3038 9193 2977
3 9193 3038 2978
3 9267 9193 2918
3 9193 9267 13754
3 2965 2967 9272
3 2967 2970 9272
3 3032 2964 2966
3 2971 3032 2966
3 2964 3032 2965
3 3032 2967 2965
3 2970 3032 13813
3 2967 3032 2970
3 9199 2971 13750
3 9199 13750 9200
3 3031 9199 9200
3 8878 13993 3214
3 13993 8878 3215
3 3215 8878 14056
3 8878 3280 14056
3 14055 8878 3214
3 3280 8878 14055
3 8962 13933 3153
3 8962 13993 13933
3 13993 8962 8879
3 8879 8962 9043
3 8962 3153 9043
3 3160 8956 13937
3 8956 3159 13997
3 9036 8956 3160
3 8956 9036 3159
3 3221 8956 13997
3 8956 13998 13937
3 8956 3221 13998
3 13996 8874 3219
3 8874 14058 3284
3 13935 9039 3156
3 8959 13935 3156
3 13935 8959 8958
3 3218 13996 8958
3 8959 3218 8958
3 3218 8874 13996
3 8874 3218 14058
3 13934 8960 3156
3 13934 3155 8960
3 9040 13934 3156
3 3155 13934 9040
3 3095 3096 9121
3 13813 3095 9121
3 9040 3095 13873
3 3096 3095 9040
3 3095 9041 13873
3 3095 3094 9041
3 9401 2861 13631
3 9337 2861 9402
3 2861 9337 13631
3 9402 2861 9464
3 2807 9463 2749
3 9463 2807 9401
3 2705 13514 2708
3 13514 2705 2706
3 2705 2708 9619
3 2665 2705 9619
3 2706 2705 2665
3 13514 9519 9572
3 2749 9520 9573
3 9520 13514 9573
3 9398 2865 2811
3 2748 9521 2754
3 2748 2754 9464
3 2750 13513 2747
3 2707 13513 9573
3 13513 2707 9574
3 13513 2749 9573
3 13513 2750 2749
3 2744 13513 9574
3 9521 13513 2744
3 13635 9396 9331
3 9461 2809 9399
3 2809 2863 9399
3 2809 9462 2863
3 2980 3040 3041
3 2980 9191 3040
3 9191 2980 13756
3 9190 2980 3041
3 2980 9190 13756
3 9264 2920 13756
3 9191 2920 9265
3 2920 9191 13756
3 2924 13758 9187
3 13758 2923 9188
3 13758 2924 13695
3 2923 13758 13695
3 9396 2866 9331
3 2866 9396 2812
3 9459 2866 2812
3 9333 9332 2865
3 9333 13694 9332
3 9398 9333 2865
3 9333 9398 2864
3 8953 3163 3162
3 13999 8954 3223
3 8953 13999 3224
3 8954 13999 3162
3 13999 8953 3162
3 13999 8870 3224
3 13999 3223 8870
3 3104 13879 3105
3 9032 13879 3104
3 9033 9032 3104
3 9033 3103 13878
3 3103 9033 3104
3 9033 3163 9032
3 3162 9033 13878
3 3163 9033 3162
3 14000 8951 8952
3 3166 9030 13880
3 3166 13941 9030
3 8951 3164 8952
3 3164 8951 13940
3 9112 3104 3105
3 9112 13819 3104
3 9189 3042 2982
3 3042 9189 2981
3 13819 3042 9113
3 3042 2981 3041
3 9113 3042 3041
3 13821 3045 9110
3 3107 13821 9110
3 3045 13821 9109
3 13821 3107 9109
3 2760 9568 13517
3 9514 2714 13518
3 9514 2762 9566
3 2714 9514 9566
3 2762 9514 13573
3 14057 3283 3217
3 8638 14174 3407
3 3407 14174 8720
3 14174 3345 8720
3 14173 8721 3405
3 14173 8640 3406
3 8640 14173 3405
3 8721 14173 3344
3 14173 3406 8720
3 3344 14173 8720
3 8721 3343 3405
3 3343 8722 3405
3 8722 3343 14115
3 3343 8721 8798
3 3530 3529 14288
3 3529 8486 14288
3 8486 3529 3530
3 3593 3530 8404
3 3593 8486 3530
3 8318 3593 8404
3 8317 3593 8318
3 3661 3659 14412
3 3664 3661 14412
3 3659 3661 8232
3 14472 3664 8233
3 3729 14472 8233
3 14472 3661 3664
3 8149 14472 3729
3 3730 14472 8149
3 14472 3730 8232
3 3661 14472 8232
3 8067 14531 3863
3 14531 8067 3798
3 3404 8641 14172
3 8641 3404 14230
3 14230 3404 8642
3 3404 3342 8642
3 3404 14172 3342
3 8060 3806 14536
3 3873 8060 14536
3 8060 14537 3806
3 3874 8060 14594
3 8060 3873 14594
3 14537 8060 8059
3 8060 3874 8059
3 14594 7982 7981
3 3873 7982 14594
3 3742 14480 8222
3 14480 3742 3743
3 3742 8137 3743
3 14655 3947 7901
3 3947 14711 7901
3 3881 7975 7974
3 7975 14655 3948
3 3743 3744 14481
3 7833 14763 4005
3 14710 7833 4005
3 3875 3874 7981
3 3874 3875 8059
3 3875 3807 8059
3 14709 7835 4003
3 14709 3945 7904
3 8479 8478 3539
3 8478 8477 3540
3 3538 8479 14293
3 8556 3538 14293
3 8480 3538 3537
3 8479 3538 8480
3 8310 8396 3603
3 8396 14353 3603
3 8396 8479 14353
3 8398 3602 14352
3 3602 8311 8397
3 8397 8311 3603
3 8311 14416 3603
3 3671 8226 14477
3 8226 3737 14477
3 14350 3599 8483
3 8314 3599 8315
3 8313 3668 14415
3 3662 8316 3660
3 3662 3665 8316
3 3662 3660 8232
3 3665 3662 8232
3 3666 14413 8231
3 14413 3665 8231
3 14413 8314 8315
3 14413 3666 8314
3 8316 14413 8315
3 3665 14413 8316
3 3666 8230 8314
3 3991 7841 3996
3 14704 7841 3991
3 7910 3991 7840
3 7910 14704 3991
3 8063 8064 3862
3 8229 3668 3667
3 14475 8229 3734
3 8229 14475 3668
3 3668 14475 3669
3 14475 8228 3669
3 8143 3804 8142
3 3804 8143 14535
3 8142 3804 14536
3 3804 8061 14536
3 3532 8484 3533
3 8561 3532 3533
3 3532 8561 14289
3 3532 14289 8485
3 8484 3532 8485
3 8401 3598 8315
3 3598 8401 14350
3 3599 8401 8315
3 8401 3599 14350
3 8560 14290 3534
3 14290 8483 3534
3 14290 3533 8483
3 14290 8561 3533
3 8561 14290 3470
3 14290 8560 3470
3 8637 8638 14233
3 3409 8637 3410
3 3473 8636 14233
3 8636 8637 14233
3 8637 8636 3410
3 8636 14176 3410
3 8558 3472 8559
3 8558 3473 3472
3 8717 14118 3347
3 14118 8795 3347
3 14175 3409 3410
3 8717 14175 3410
3 14175 8717 8718
3 8203 3695 14434
3 3695 14435 14434
3 3695 8203 14496
3 14493 3695 14496
3 8199 3697 14497
3 8923 13965 8922
3 8923 13964 13965
3 13964 8923 14026
3 8925 14025 8922
3 14025 8925 14021
3 14025 8843 14026
3 8923 14025 14026
3 14025 8923 8922
3 8925 8924 14021
3 8606 14258 3499
3 14258 14250 3499
3 14258 8608 14250
3 8686 14201 8685
3 14143 8686 8685
3 8686 14143 3374
3 14200 8686 3374
3 14201 8686 14200
3 3375 14144 8685
3 14144 14143 8685
3 8371 14435 8285
3 8371 14375 14374
3 8454 14375 8452
3 8454 14307 14314
3 14375 8454 14374
3 14307 8454 3562
3 8454 8452 3562
3 14373 8456 8373
3 3627 14373 8373
3 3627 8372 14374
3 8372 8371 14374
3 8605 14259 14260
3 3436 8605 14260
3 8605 3436 14259
3 8130 14544 3818
3 14544 8130 3817
3 3818 14544 8049
3 14544 3817 8050
3 14544 3884 8049
3 3884 14544 8050
3 3884 14601 8049
3 7971 14601 3884
3 14244 3490 8620
3 8541 3490 8542
3 3491 3490 8541
3 8620 3490 14245
3 3490 3491 14245
3 14303 8541 3554
3 3555 14303 3554
3 14303 8540 8541
3 8540 14303 3555
3 8700 3428 8619
3 3429 8700 8619
3 3428 8700 14187
3 8700 3366 14187
3 3366 8700 14130
3 8700 3429 8699
3 3368 14131 8699
3 8855 14071 3305
3 3238 8855 14010
3 14071 8855 8856
3 8855 3238 8856
3 14008 8857 14009
3 8857 8856 14009
3 8778 3366 8777
3 8778 14070 3302
3 3489 14244 8622
3 3488 3489 8622
3 8543 3489 3488
3 3490 3489 8542
3 3489 3490 14244
3 3489 14302 8542
3 3489 8543 14302
3 14488 8210 3754
3 8210 14488 3689
3 3688 8210 3689
3 8211 3688 14427
3 3687 8211 14427
3 8211 3687 14487
3 8211 14487 3754
3 8210 8211 3754
3 8211 8210 3688
3 8295 3687 14427
3 3620 8295 14427
3 8295 3620 8381
3 3687 8295 14426
3 8295 8381 3619
3 14426 8295 3619
3 8297 8296 3618
3 8297 8383 14425
3 8383 8297 3618
3 3685 8297 14425
3 8297 3685 3686
3 8296 8297 3686
3 3616 8298 8384
3 3616 14424 8298
3 8214 14485 3684
3 14424 8214 3684
3 14485 8214 3750
3 14362 8466 8384
3 14362 8383 8466
3 14139 8692 8769
3 14082 14139 8769
3 14199 8687 14192
3 14082 14083 8848
3 8844 14085 8765
3 14085 3311 8765
3 3311 14085 3319
3 8928 14024 14021
3 8924 8928 14021
3 8928 8924 3187
3 13899 9087 9090
3 14022 13960 8930
3 9087 13840 9090
3 3121 13899 9009
3 13899 3121 9087
3 14011 8935 8938
3 8935 13952 8938
3 14072 8854 3240
3 8854 14072 3241
3 14014 14012 8853
3 14012 3241 8853
3 3241 14012 14011
3 14012 8935 14011
3 14010 8940 14009
3 8940 13948 8941
3 8940 14008 14009
3 14008 8940 8941
3 13948 3176 9020
3 9020 3176 13891
3 3176 13949 13891
3 8940 3176 13948
3 3176 8940 13949
3 13950 9019 13891
3 13949 13950 13891
3 8937 3239 3240
3 3239 8937 14010
3 8855 3239 14010
3 3239 8855 3305
3 3239 14072 3240
3 14072 3239 3305
3 14430 3692 8206
3 14490 3692 8207
3 3692 14490 8206
3 8205 14431 3693
3 8289 14431 8205
3 8698 3368 8699
3 14188 8698 8699
3 8698 14132 3368
3 8698 14189 14132
3 3430 8698 14188
3 14189 8698 3430
3 14074 14075 8853
3 14074 3307 14075
3 8774 14132 3369
3 14078 8851 14076
3 14015 8851 14016
3 14191 8697 3369
3 8696 14194 3370
3 8695 14194 3432
3 8375 14431 8289
3 8375 8289 14371
3 8458 8375 14371
3 8457 8458 14371
3 3626 8457 14371
3 8457 3626 14372
3 3560 8457 8456
3 8457 14372 8456
3 14951 4218 7533
3 4218 14951 4219
3 7586 4218 4219
3 4218 7586 7587
3 7480 14995 14996
3 4267 7480 14996
3 14995 7480 7481
3 7480 7532 7481
3 7480 4267 7532
3 4049 7772 4045
3 4049 4050 7772
3 7709 4049 4045
3 4050 4049 7709
3 7707 14859 4112
3 14859 7706 4112
3 14859 7646 7706
3 14810 4055 7708
3 4055 14759 7772
3 7982 14651 7981
3 4001 14707 7837
3 14707 4001 7906
3 4214 14903 7591
3 7590 14903 4214
3 7484 4263 14992
3 7484 14992 7433
3 7484 4257 4254
3 4263 7484 4254
3 14993 7484 7433
3 4257 7484 14993
3 4213 4210 7536
3 4213 14949 4216
3 14949 4213 7536
3 4210 4213 7589
3 4213 14905 7589
3 7588 4213 4216
3 4213 7588 14905
3 7535 4261 4264
3 4259 4261 7535
3 4261 7483 4264
3 4261 4259 7483
3 4255 4259 7535
3 4255 4257 14993
3 4259 4255 14993
3 4165 14904 7589
3 4165 7646 14904
3 14905 4165 7589
3 14760 4001 7837
3 4001 14760 7770
3 7770 14760 4056
3 4166 7645 14905
3 7645 4165 14905
3 4002 14761 7835
3 14761 4002 7836
3 14708 4002 7835
3 4002 14708 7836
3 14761 4058 7768
3 14708 3943 7906
3 7769 14761 7836
3 4001 7769 7836
3 7769 4058 14761
3 14760 7771 4056
3 7771 14810 4056
3 14810 7771 4055
3 14759 7771 3999
3 7771 14759 4055
3 4102 4101 14858
3 4101 4102 7708
3 3997 14758 3993
3 7773 14758 3997
3 3993 14758 3995
3 14758 3988 3995
3 14758 4054 3988
3 14758 7773 4054
3 14809 4109 7709
3 14809 7709 4045
3 4054 14809 4045
3 7773 14809 4054
3 3231 3232 14004
3 3231 14066 8862
3 3232 3231 8862
3 8944 13945 3172
3 14005 8944 3172
3 8943 8944 14006
3 8944 3234 14006
3 3361 14126 8705
3 3299 8861 14067
3 8861 3299 14068
3 3234 8861 14068
3 8861 8944 14005
3 8944 8861 3234
3 3483 8548 3484
3 8548 3483 14298
3 8548 14298 3547
3 8548 3547 8547
3 3484 8548 8547
3 14061 8791 3289
3 8791 14061 3288
3 8713 14178 3414
3 8710 14180 3417
3 14180 8630 3417
3 14180 3416 8630
3 3416 14180 8711
3 8867 3227 14001
3 3292 8867 14063
3 3227 3292 3293
3 8867 3292 3227
3 8790 3290 3289
3 8630 8631 14237
3 3416 8631 8630
3 8632 3415 3414
3 3415 8713 3414
3 8713 3415 14179
3 3415 8631 14179
3 3415 8632 14237
3 8631 3415 14237
3 8388 8303 8302
3 8301 3614 8387
3 3614 14360 8387
3 14360 3614 8386
3 3614 8301 14423
3 8300 3614 14423
3 3614 8300 8386
3 8301 3680 8217
3 3746 14483 8217
3 3680 3746 8217
3 3746 3680 8218
3 3746 8134 3814
3 8133 3746 3814
3 3746 8133 3747
3 14483 3746 3747
3 14422 3613 8302
3 3613 14422 8301
3 14422 3680 8301
3 3680 14422 8218
3 8468 3550 14300
3 3550 8545 14300
3 14301 3550 3551
3 8544 8543 3488
3 8544 14301 8543
3 8544 3488 3487
3 8545 8544 3487
3 3550 8544 8545
3 8544 3550 14301
3 8300 8299 3615
3 3616 8299 14424
3 3486 8624 8625
3 8624 3423 8625
3 3419 8709 14181
3 3672 3671 14477
3 3672 14417 3671
3 14417 8309 8310
3 3672 8309 14417
3 8393 8307 3607
3 8476 8393 3607
3 8393 8476 14355
3 8476 3541 8477
3 3541 8476 14295
3 8477 3541 3540
3 3541 14295 8553
3 3676 14420 8305
3 14480 3676 8222
3 3413 14177 8634
3 14178 8633 3414
3 8633 14236 3414
3 3413 8633 14178
3 14236 8633 3476
3 3476 8633 8634
3 8633 3413 8634
3 14294 8555 3539
3 14294 8478 3540
3 8478 14294 3539
3 3477 14236 3476
3 8555 3477 3476
3 8632 3477 3478
3 14236 3477 8632
3 2487 2451 13208
3 9810 2487 13208
3 2487 9849 2451
3 2487 9810 9849
3 9853 2449 2485
3 13205 9853 2485
3 9853 13166 2449
3 9853 13205 9852
3 13290 9771 13248
3 9732 13290 13248
3 13290 9732 2558
3 9731 13290 2558
3 13249 13290 9731
3 13290 13249 9771
3 13249 2522 9771
3 13248 2522 9812
3 9771 2522 13248
3 9812 2522 2486
3 2486 2522 9811
3 2522 9770 9811
3 2522 13249 9770
3 2521 9814 9773
3 13247 2521 9773
3 2521 13204 9814
3 13204 2521 2485
3 2521 9813 2485
3 9813 2521 9772
3 2521 13247 9772
3 2386 9919 13103
3 9919 2387 13103
3 9919 9918 2387
3 9918 9919 13136
3 9919 13135 13136
3 13133 9920 13101
3 13102 9952 13101
3 13102 2386 9952
3 9920 13102 13101
3 13102 9920 2386
3 9953 13075 2360
3 13074 13075 9981
3 2360 13075 13074
3 13075 9953 9952
3 9981 13075 2361
3 13075 9952 2361
3 9954 9953 2360
3 13099 9954 9955
3 13073 9954 9982
3 9954 2360 9982
3 2359 9954 13073
3 9955 9954 2359
3 13132 9888 13133
3 13132 9922 2415
3 9888 13132 2415
3 9922 13131 2415
3 13131 9923 9889
3 2415 13131 9889
3 9923 13131 2384
3 13131 13099 2384
3 13131 9922 13099
3 9987 13068 10001
3 13068 9986 10001
3 9959 13068 9987
3 9958 13068 9959
3 13095 9958 9959
3 2350 9957 2358
3 2358 9957 9956
3 9957 13097 9956
3 2356 2350 13070
3 2349 2356 13070
3 2356 9957 2350
3 9957 2356 2349
3 9957 2352 9958
3 9859 13160 9895
3 13160 9859 9858
3 9894 13160 9858
3 9895 2410 13124
3 13094 2378 9959
3 2381 13094 9959
3 2378 13094 9927
3 13094 2381 9927
3 2413 9892 13128
3 9892 13163 13128
3 9892 2413 13162
3 13164 9891 9855
3 9891 13163 9855
3 9891 2414 13129
3 9891 13164 2414
3 13128 9891 13129
3 13163 9891 13128
3 13164 9854 9890
3 9854 13165 9890
3 13204 9854 9814
3 9854 13204 2449
3 13165 9854 2449
3 2520 13245 9774
3 13245 2520 9815
3 13246 2520 9774
3 9814 2520 13246
3 13202 9816 9775
3 13245 13202 9775
3 13202 13245 9815
3 2447 9857 9817
3 9857 2447 13162
3 9657 13370 2590
3 13370 9700 2590
3 13370 2591 9700
3 2631 13418 13371
3 13418 9655 13371
3 13419 13418 13469
3 9655 13418 13419
3 9819 13241 13198
3 13241 13199 13198
3 13199 13241 2518
3 2481 2517 9819
3 2517 13241 9819
3 13241 2517 13240
3 2517 2481 13197
3 9820 2517 13197
3 13239 2517 9820
3 13240 2517 13239
3 13324 9740 13280
3 9740 9780 13280
3 9780 9740 13281
3 9740 13324 13325
3 13283 9737 13284
3 9737 2555 13284
3 2555 9737 13328
3 9777 13243 9817
3 13243 9777 13284
3 9776 13243 13284
3 9816 13244 9775
3 13329 13375 9695
3 13375 13329 9652
3 2438 9860 2444
3 9860 13157 2444
3 9860 13158 13157
3 9658 9659 2629
3 9659 2588 13368
3 2615 2618 13412
3 2618 2617 13412
3 2618 2615 13365
3 2617 2618 13365
3 2585 2587 9704
3 2585 13367 2587
3 13366 2579 9705
3 2616 2667 13413
3 2670 9615 13465
3 2714 9567 13518
3 2544 2540 13278
3 2540 2544 13322
3 13794 3006 9150
3 13855 3006 3067
3 3006 13855 9150
3 2831 13601 9431
3 13601 2831 9367
3 2831 9368 9367
3 2831 9431 13600
3 9368 2831 13600
3 2887 13666 9365
3 9298 13666 2887
3 13666 9298 9297
3 13667 13666 9297
3 13666 9364 9365
3 13666 13667 9364
3 9229 13728 9299
3 13728 13665 9299
3 13665 13728 9298
3 13728 9229 13792
3 9089 3120 9090
3 2935 13775 9172
3 2935 9246 13775
3 9246 2935 13712
3 2935 9245 13712
3 13714 2936 9314
3 13714 9245 2936
3 13715 9313 9314
3 2936 13715 9314
3 9244 13715 2936
3 13715 9244 13716
3 9313 13715 13716
3 9313 13652 9314
3 9379 13652 13653
3 13652 9313 13653
3 3057 13831 9170
3 13840 13831 9090
3 13831 3057 13839
3 13831 13779 9170
3 13831 13840 13779
3 13831 9089 9090
3 9089 13831 13839
3 9168 13840 2997
3 13840 9168 13779
3 13592 9440 9377
3 2826 13592 9377
3 13592 2826 9439
3 2773 13592 9439
3 13592 2773 9440
3 9499 13589 2772
3 2825 9378 13591
3 9378 9440 13591
3 9440 9378 2880
3 2880 9378 13653
3 9378 9379 13653
3 9239 13719 9241
3 9239 2947 13719
3 13772 9239 9241
3 9239 13772 2947
3 9306 13721 9236
3 13721 9235 9236
3 9235 13721 13711
3 9235 13776 13785
3 9438 13656 9375
3 13656 9309 9375
3 13656 9310 9309
3 13480 9600 9554
3 9501 13533 13532
3 13533 9501 2770
3 9500 13533 2770
3 9553 13533 9500
3 13481 13482 9598
3 13481 9553 9552
3 13482 13481 9552
3 13770 9167 3007
3 9167 9166 3007
3 9166 9167 13770
3 9642 13386 2640
3 13387 9642 2640
3 13386 9642 2600
3 9642 13387 2600
3 2639 2681 13433
3 2681 13482 13433
3 13482 2681 9598
3 9643 2639 13433
3 9643 13433 2640
3 13386 9643 2640
3 13484 9550 2725
3 13485 13484 2725
3 13483 13484 2682
3 9550 13484 13483
3 9729 13337 2560
3 9729 13336 13337
3 9728 13293 2560
3 13293 9729 2560
3 9729 13293 9769
3 13292 9769 13250
3 13292 9770 9730
3 13292 13250 9770
3 13292 9729 9769
3 13336 13292 9730
3 9729 13292 13336
3 9769 2523 13250
3 13250 2523 13208
3 2523 9810 13208
3 9810 2523 13209
3 13335 2597 9689
3 13336 13335 9689
3 13335 9690 2597
3 13335 13336 2559
3 13291 13335 2559
3 9731 13335 13291
3 9690 13335 9731
3 13381 9647 2637
3 13381 2597 9647
3 13426 2678 2636
3 2678 13426 9604
3 9649 13426 2636
3 9604 13426 13425
3 13426 9649 13425
3 13429 13478 9601
3 9603 13478 13429
3 13478 9603 9556
3 9555 13478 9556
3 13478 9555 9601
3 9556 9602 13477
3 9603 9602 9556
3 9602 2678 13477
3 13427 9603 13429
3 9647 13427 2637
3 13427 13429 2637
3 13427 9602 9603
3 13380 13427 9647
3 13427 13380 2636
3 2678 13427 2636
3 9602 13427 2678
3 2638 13430 13431
3 13430 2638 13382
3 13479 2679 9601
3 2679 13479 13430
3 2679 13429 9601
3 13432 13481 9598
3 2681 13432 9598
3 13432 2681 2639
3 13759 2925 9186
3 2924 2925 9260
3 9186 2925 2924
3 2925 2926 9260
3 2926 2925 13759
3 9103 3114 13826
3 13826 3114 9102
3 3114 13887 9102
3 3113 3114 9104
3 13825 3051 9104
3 3051 13825 9103
3 3114 13825 9104
3 13825 3114 9103
3 3050 2989 3049
3 13640 13700 9324
3 13640 9390 2872
3 9390 13640 9389
3 13761 9182 9256
3 2989 9182 3049
3 9182 13761 3049
3 3050 13762 2989
3 13762 9182 2989
3 13700 9255 9324
3 9328 9259 13697
3 9259 2926 13697
3 9259 13696 2926
3 13696 9330 9261
3 9330 2868 9395
3 13635 9330 9395
3 9261 9330 13695
3 13695 9330 9331
3 9330 13635 9331
3 9394 9328 2870
3 9394 2869 9328
3 9393 9394 2870
3 2815 9394 9393
3 9394 2815 13573
3 2814 9394 13573
3 9394 2814 9395
3 9330 9329 2868
3 9329 9330 13696
3 2869 9329 9328
3 9329 9259 9328
3 9259 9329 13696
3 8945 13944 8946
3 3171 13944 8945
3 13944 3170 8946
3 9026 13944 3171
3 13944 9026 3170
3 9029 9028 3108
3 9028 9029 3168
3 13942 9028 3168
3 9028 13942 3169
3 13882 9028 3169
3 13698 9327 2928
3 9327 13698 9326
3 9258 9327 13697
3 9327 9258 2928
3 9392 2871 13638
3 2871 9327 13638
3 9327 2871 9392
3 9025 3171 3172
3 13884 9025 3172
3 9025 13884 3112
3 9025 9026 3171
3 13650 9380 2878
3 9380 9381 2878
3 9443 9380 13588
3 9381 9380 9443
3 13641 2873 9389
3 2873 13641 9324
3 13640 13641 9389
3 13641 13640 9324
3 9323 2873 9324
3 2873 9323 13642
3 13642 9323 13702
3 9323 9254 13702
3 2873 9451 2818
3 9451 2873 13579
3 2818 9451 9508
3 9451 13579 9508
3 2874 9388 13642
3 2874 9322 13643
3 9322 2874 13642
3 2874 13643 9387
3 2819 2874 9387
3 13833 3054 9099
3 3117 13833 9099
3 9247 13773 9173
3 2934 13773 9247
3 9174 13771 3054
3 13771 9174 9248
3 9174 2934 9248
3 13773 9174 2994
3 9174 13773 2934
3 13890 9101 3115
3 3116 13890 9020
3 13890 13948 9020
3 13830 13890 3116
3 9101 13890 13830
3 13889 9022 3175
3 9022 13889 13887
3 9022 13946 3175
3 9021 13947 13948
3 9021 13889 13947
3 13890 9021 13948
3 13889 9021 3115
3 9021 13890 3115
3 9106 3111 3049
3 3111 9025 3112
3 9026 3111 13883
3 9025 3111 9026
3 8784 3297 14066
3 3296 8784 14066
3 3297 8784 3359
3 13468 9612 9565
3 2716 13468 9565
3 9611 9564 13469
3 9611 2716 9564
3 9611 13468 2716
3 13418 9611 13469
3 9511 13521 9512
3 13575 9511 9512
3 13521 9511 2764
3 13574 9393 13637
3 13574 2815 9393
3 2815 13574 9456
3 13520 2716 9565
3 2716 13520 9564
3 13520 13521 9564
3 13521 13520 9512
3 13520 2763 9512
3 13574 2763 9456
3 13519 2763 9565
3 2763 13520 9565
3 2765 13578 2818
3 2818 13578 9389
3 13577 2765 9510
3 9739 2553 13325
3 2553 9739 13281
3 2553 9740 13325
3 9740 2553 13281
3 13377 13428 13424
3 13428 9606 13424
3 9606 13428 13474
3 13428 2676 13474
3 2594 13376 9694
3 13376 13377 9694
3 13377 13331 9694
3 13287 2556 9734
3 9735 2556 13287
3 2556 13331 9734
3 13331 2556 9694
3 2556 13330 9694
3 13330 2556 9735
3 13470 2717 9562
3 2717 13470 9563
3 13522 2717 9563
3 13523 13524 9562
3 2765 13523 9510
3 2717 13523 9562
3 13523 13522 9510
3 13523 2717 13522
3 9654 2592 13372
3 2592 9655 13372
3 13328 9697 2593
3 2592 9697 13327
3 9737 9697 13328
3 9697 9737 13283
3 2554 13283 9738
3 2554 9697 13283
3 9697 2554 13327
3 2718 9561 13472
3 9561 2718 13471
3 9608 2718 13472
3 2718 9608 13471
3 9608 2675 13471
3 2675 9608 13421
3 2675 9609 13471
3 9609 2675 13421
3 13421 9653 13420
3 2633 9653 13421
3 2676 13473 2719
3 13473 9560 2719
3 9560 13473 13472
3 9300 9301 13725
3 9301 9302 13724
3 2942 9230 13725
3 2886 9300 13664
3 9300 2886 9367
3 9366 2886 13664
3 2886 9366 9367
3 9368 13663 9367
3 13663 9300 9367
3 9301 13663 9368
3 13663 9301 9300
3 2942 9231 13724
3 9231 2942 13725
3 9231 9301 13724
3 9301 9231 13725
3 3063 3002 13788
3 13850 3002 3063
3 3002 13850 3065
3 9156 3063 13788
3 13787 9156 2941
3 9156 13848 13849
3 3063 9156 13849
3 9232 9156 13788
3 9156 9232 2941
3 13722 13713 9303
3 13723 9234 2941
3 13723 2941 9302
3 2998 3059 9165
3 3059 13843 9165
3 9084 3059 9086
3 13843 3059 9084
3 3059 2998 3007
3 13842 3059 3007
3 9083 13845 3060
3 9083 3123 13845
3 13902 3123 13905
3 13906 13902 9003
3 13902 13906 13845
3 3123 13902 13845
3 13902 9005 9003
3 9005 13902 13905
3 9006 3183 13903
3 3183 9005 13903
3 3183 9006 3187
3 8924 3183 3187
3 3183 8924 8925
3 3183 8925 13962
3 9005 3183 13962
3 9006 13958 3187
3 13901 13958 9006
3 13958 8928 3187
3 7954 14614 14671
3 14672 7954 14671
3 7743 14782 7810
3 14782 4082 7742
3 4082 14782 7743
3 14669 7956 14612
3 14669 3965 7956
3 3965 14669 7883
3 3831 8036 14553
3 3831 8037 8036
3 3831 14553 8117
3 3831 3762 8118
3 3764 3831 8117
3 3762 3831 3764
3 3896 14609 8038
3 14609 8037 8038
3 14609 3896 7959
3 14377 3636 14370
3 3636 8369 14370
3 8116 14556 8114
3 14500 8116 8114
3 14695 7863 14690
3 7863 14693 14690
3 7793 7863 14746
3 7863 14695 14692
3 7863 3976 14746
3 3976 7863 14692
3 14752 14748 7865
3 14748 14752 7794
3 3976 14749 14746
3 14749 3976 14748
3 14749 7795 14746
3 14749 7794 7795
3 14749 14748 7794
3 14632 7938 3911
3 7938 14692 14633
3 3911 7938 14633
3 7934 14641 8013
3 3914 7934 8013
3 7934 14699 7933
3 14641 7934 7933
3 7934 7936 14699
3 7934 3914 7936
3 14691 3977 14698
3 14691 14698 7935
3 3977 14691 14694
3 14691 7937 14694
3 14639 14691 7935
3 7937 14691 14639
3 15025 7450 4293
3 15030 7451 15020
3 7451 15030 4293
3 7451 7452 15020
3 7451 7503 7452
3 7503 7451 4293
3 15028 7449 4294
3 15022 15028 4294
3 15028 15023 7449
3 15023 15028 7398
3 7398 15028 4338
3 15028 15022 4338
3 7503 4245 7556
3 14977 4245 7503
3 14978 4245 7502
3 4245 14977 7502
3 4246 7555 14978
3 7555 4246 14935
3 7555 4245 14978
3 14888 14889 7673
3 7613 14889 14888
3 7613 4194 14933
3 4194 7613 14888
3 14933 4194 7614
3 4194 14888 7614
3 7448 7447 15071
3 7447 15023 15071
3 7447 7448 14981
3 15023 7447 7449
3 14936 7554 7553
3 4246 7554 14935
3 7554 14936 14935
3 14854 4090 7731
3 14849 14854 7731
3 4090 14854 14851
3 14854 14853 14851
3 14854 14849 14853
3 14944 14937 7552
3 14937 14944 7609
3 7728 14803 14797
3 14797 14803 7796
3 14891 4143 7671
3 4143 14891 7610
3 4196 7611 14936
3 4196 14937 7610
3 4196 14936 14937
3 14891 4196 7610
3 4196 14891 7611
3 8273 8359 3635
3 7802 14737 7803
3 7873 14737 3971
3 14737 14736 7803
3 14737 7873 14736
3 7872 14738 7871
3 14681 7872 14682
3 7872 7871 14682
3 3971 7872 14681
3 14737 7872 3971
3 14738 7872 7802
3 7872 14737 7802
3 4031 14791 7801
3 14738 4031 7801
3 4031 7802 14791
3 4031 14738 7802
3 7953 7954 14672
3 3639 8355 14453
3 3706 8270 8184
3 8183 3706 14514
3 3706 8184 14514
3 8270 14451 8184
3 3772 14511 8104
3 14511 8187 14510
3 3905 14622 8025
3 3905 8026 14621
3 7948 3905 14621
3 14622 3905 7948
3 3903 14619 8029
3 3969 14676 7876
3 14676 3969 14677
3 14732 14676 7877
3 14676 14732 7876
3 14675 14676 7951
3 4027 7808 14784
3 7741 4027 14784
3 4027 7807 14731
3 7808 4027 14731
3 4083 4027 7741
3 7740 4027 4083
3 4028 14786 7806
3 4028 7740 7739
3 14786 4028 7739
3 14732 4028 7806
3 4028 14732 7807
3 4244 14931 7558
3 14931 4244 7557
3 14975 4244 7505
3 4244 7558 7505
3 4244 14975 7504
3 7557 4244 7504
3 14931 4193 7615
3 14932 4193 14931
3 4193 14932 7614
3 14887 4193 7614
3 4193 14887 7615
3 14882 7679 4137
3 7679 14882 4138
3 14834 7679 4138
3 15207 15202 15230
3 15202 7281 15166
3 15202 15207 15167
3 7281 15202 15167
3 15137 4459 7279
3 15168 4496 7279
3 4459 15168 7279
3 15168 4459 7280
3 4496 15168 7248
3 15138 15141 4418
3 15137 15138 4418
3 15141 15138 7279
3 15138 15137 7279
3 15102 15103 7314
3 15103 15104 7314
3 15311 15312 7172
3 4578 15311 7172
3 15315 15311 4578
3 15311 15315 7149
3 15312 15311 7149
3 15290 15288 7171
3 15288 15293 7171
3 15288 15290 4579
3 15293 15288 4579
3 7157 4570 15303
3 4594 7157 15303
3 7134 7157 4594
3 7157 7134 15326
3 15278 4571 4572
3 4571 7155 4572
3 7155 4571 4596
3 4068 7756 14771
3 7756 4013 14771
3 14772 7756 4069
3 7757 4067 7694
3 4068 7757 7694
3 7757 4068 14771
3 7757 7758 4067
3 14822 4068 7694
3 7756 14822 4069
3 14822 7756 4068
3 4013 7823 14718
3 7823 7756 14772
3 7756 7823 4013
3 7825 4011 14770
3 4011 7825 14716
3 7826 4011 14716
3 7758 7759 14821
3 7759 7758 14770
3 4011 7759 14770
3 7760 7759 4010
3 3694 8288 14432
3 14433 8288 3694
3 3626 8288 14372
3 14372 8288 8373
3 8288 14433 8373
3 3886 14603 8047
3 14603 3886 7969
3 14603 3887 8047
3 14603 7969 7968
3 3887 14603 7968
3 7894 3953 14717
3 14660 3953 7969
3 3954 3953 7894
3 14661 3953 3954
3 3953 14661 7969
3 7895 7825 14717
3 7825 7895 14716
3 3953 7895 14717
3 7895 3953 14660
3 14716 7895 3952
3 7895 14660 3952
3 3752 3819 8128
3 3753 3752 8128
3 8212 3752 3753
3 3891 14606 8042
3 8043 3891 8042
3 14606 3891 7965
3 3890 8044 14605
3 3890 3823 8044
3 3890 8043 3823
3 7966 3890 14605
3 3890 7966 7965
3 3891 3890 7965
3 3890 3891 8043
3 4015 7822 7755
3 7821 4015 14773
3 4015 7754 14773
3 4070 4015 7755
3 7754 4015 4070
3 4071 7691 14824
3 7754 4071 14824
3 4071 4070 7691
3 4071 7754 4070
3 7753 14774 4017
3 14774 7819 4017
3 7819 14774 7752
3 14774 4073 7752
3 4073 14774 7753
3 7753 4072 14825
3 4072 7754 14824
3 4072 7753 7754
3 3958 3957 7890
3 7753 4016 14773
3 7820 4016 7753
3 4016 7821 14773
3 7819 14720 4017
3 14720 7820 4017
3 7890 14720 7889
3 14720 7819 7889
3 14720 4016 7820
3 14720 3957 7891
3 3957 14720 7890
3 7821 14720 7891
3 4016 14720 7821
3 3821 14547 8126
3 3822 14547 8045
3 14547 3822 8126
3 14547 3888 8045
3 3888 14547 8046
3 14547 3821 8046
3 3753 8127 3754
3 8127 3821 3754
3 8127 3753 3820
3 3821 8127 3820
3 7465 7517 4280
3 15008 7465 4280
3 7465 4281 14965
3 7517 7465 14965
3 7465 15008 7414
3 15009 7465 7414
3 4281 7465 15009
3 4232 7517 7570
3 14920 4232 7570
3 7571 4232 14920
3 7466 15008 4280
3 7466 4279 7415
3 15008 7466 7415
3 7573 4230 4180
3 4230 7573 7520
3 7573 4229 7520
3 14919 7572 4231
3 7572 14919 4230
3 7572 7519 4231
3 7572 4230 7519
3 14919 7629 4180
3 7629 14919 4181
3 7628 14874 4181
3 14874 7629 4181
3 7629 14874 4128
3 14874 7628 4129
3 7688 14874 4129
3 4128 14874 7688
3 7631 4177 14917
3 4177 4176 14917
3 4176 4177 7632
3 7632 4177 14872
3 4177 7631 14872
3 4176 7575 14917
3 7575 4228 14917
3 7575 7576 4227
3 7576 7575 4176
3 4228 7575 7522
3 7522 7575 14961
3 7575 4227 14961
3 7372 4320 15046
3 4320 7419 15046
3 7419 4320 4276
3 7520 7468 14963
3 4277 7468 7520
3 15266 15264 4525
3 15264 15266 4554
3 15257 15261 4554
3 15261 15264 4554
3 15261 15257 4525
3 15264 15261 4525
3 15259 15262 7224
3 15262 15260 7224
3 15262 15259 4554
3 15260 15262 4554
3 4485 4484 7260
3 4484 15190 7260
3 4484 7292 15158
3 4484 15158 4483
3 15190 4484 4483
3 4447 7292 15124
3 7292 4447 15158
3 4447 7293 15158
3 4447 15124 7329
3 4447 7329 4446
3 7293 4447 4446
3 15221 7261 7233
3 15190 7261 15221
3 7261 15190 4483
3 7233 7261 15220
3 7261 15189 15220
3 4482 7261 4483
3 15189 7261 4482
3 5666 11097 1670
3 5666 1670 11140
3 11097 5666 1644
3 1671 5666 11140
3 11098 5666 1671
3 5666 1618 1644
3 5666 11098 1618
3 5638 11181 11142
3 11181 11182 11142
3 11181 5614 11182
3 5614 11181 1695
3 11181 11180 1695
3 11141 1671 5639
3 11141 11181 5638
3 1671 11141 5664
3 11180 11141 5639
3 11181 11141 11180
3 5664 11141 1672
3 11141 5638 1672
3 5616 1694 11179
3 1694 5640 11179
3 11180 1694 5615
3 5640 1694 11140
3 1694 11219 5615
3 1694 5616 11219
3 1694 5639 11140
3 1694 11180 5639
3 5617 1693 11178
3 1693 5641 11178
3 1693 5616 11179
3 1693 5617 5616
3 11139 1693 11179
3 5641 1693 11139
3 11326 5559 1775
3 11361 5539 1775
3 11362 5539 11361
3 5539 11326 1775
3 11326 5539 11362
3 1776 5537 11327
3 5537 1776 11363
3 5558 1776 11327
3 11326 1776 5558
3 5599 1712 11252
3 1712 5600 11252
3 1712 5599 11213
3 5600 1712 11213
3 5599 1734 11253
3 1734 5599 11252
3 11177 5618 1692
3 5618 11178 1692
3 5618 11216 11217
3 5617 5618 11217
3 5618 5617 11178
3 1691 5620 11215
3 5620 1691 11176
3 5620 11214 11215
3 5644 1667 11135
3 11175 5644 11135
3 5644 5620 11176
3 5620 5644 11175
3 11214 5621 11213
3 5621 5622 11213
3 11216 1715 11217
3 5596 1715 11216
3 1714 5596 11216
3 5597 1714 11215
3 1714 11216 11215
3 5596 1714 11255
3 1691 5619 11177
3 5618 5619 11216
3 5619 5618 11177
3 11216 5619 11215
3 5619 1691 11215
3 5599 5598 11214
3 5598 1713 11214
3 5598 5599 11253
3 1713 5598 11253
3 5801 5771 10963
3 5771 5770 1540
3 5771 5801 1539
3 5772 5771 1539
3 10993 5771 5772
3 5771 10993 5743
3 10994 5771 5743
3 10995 5742 5741
3 10995 5770 5742
3 2166 11979 11983
3 11979 2166 5233
3 11979 5232 11983
3 11979 5233 12014
3 5232 11979 12014
3 12061 12060 5191
3 12059 12061 5191
3 12060 12061 5210
3 12061 12059 5210
3 18 12026 5229
3 12017 18 5229
3 12026 18 5211
3 18 12017 5211
3 11982 12022 5229
3 12022 11982 12023
3 12022 12023 5211
3 11288 5560 1754
3 1754 11289 5579
3 5559 11289 1754
3 5560 11325 1754
3 11325 5559 1754
3 1774 11325 5560
3 11325 1774 5540
3 5559 11325 1775
3 11361 11325 5540
3 11325 11361 1775
3 11451 1844 5461
3 5465 11474 1854
3 1853 11474 5466
3 5466 11474 1841
3 11474 5465 1841
3 11474 5454 1854
3 11474 1853 5454
3 1855 5453 5452
3 1855 11475 5453
3 5451 1855 5452
3 5476 11450 5475
3 11450 5476 1843
3 11450 1843 5462
3 1844 11450 5462
3 11450 1844 11451
3 1829 5489 5475
3 5489 1829 11421
3 5489 5476 5475
3 5489 11421 1828
3 5476 5489 1828
3 1829 5474 5488
3 5474 1829 5475
3 11391 1812 5520
3 5521 11391 5520
3 11391 5521 1811
3 1812 11391 5505
3 11391 1811 5505
3 1793 5521 11360
3 1793 11359 5522
3 1871 5448 11505
3 1871 11506 5448
3 1857 11479 5461
3 5461 11479 1845
3 1858 5449 11505
3 11505 5449 1870
3 5449 1857 1870
3 5449 11479 1857
3 11479 5449 1858
3 5438 11505 1870
3 5438 1870 5439
3 11530 5438 5439
3 1871 5437 11506
3 5437 1871 11505
3 5438 5437 11505
3 5421 1894 5415
3 1894 5421 11555
3 5421 5415 5396
3 1884 5421 5396
3 11555 5421 1884
3 5428 1894 11555
3 5428 5437 11531
3 11529 1881 5439
3 5440 11529 5439
3 11529 5440 1880
3 11592 5420 1899
3 5426 11573 11550
3 11550 1891 11551
3 5410 11595 1911
3 11595 5411 1911
3 11596 5410 1911
3 11596 1911 5399
3 5415 11596 5399
3 1903 11596 5415
3 5416 11596 1903
3 5416 11575 1902
3 11596 5416 5410
3 11595 5416 1902
3 5416 11595 5410
3 1894 11576 5415
3 5416 11576 11575
3 11576 1903 5415
3 11576 5416 1903
3 5431 11529 1880
3 11528 5431 1880
3 5455 1866 1853
3 1852 5455 11472
3 5455 5467 11472
3 5432 11528 1879
3 5432 5433 11551
3 5432 5431 11528
3 11526 1878 5443
3 1878 1867 5443
3 1878 11526 5434
3 5433 1878 5434
3 5441 11528 5440
3 11528 5441 1879
3 5441 1868 11501
3 1741 11260 5570
3 11261 1741 5569
3 5531 11368 11369
3 11365 11364 1797
3 11393 1813 5502
3 11393 5519 1813
3 5519 11393 1795
3 11393 5518 1795
3 5518 1796 11363
3 1796 5537 11363
3 1796 11364 5537
3 1715 1737 11256
3 1737 5596 11255
3 1737 1715 5596
3 5552 1761 11296
3 1761 5571 11296
3 1761 5552 11332
3 5571 1761 11297
3 1780 5532 11332
3 5532 1800 11368
3 5595 1716 11217
3 1716 5595 11256
3 1715 5595 11217
3 5595 1715 11256
3 5594 1717 11218
3 1716 5594 11218
3 1834 11427 5483
3 11427 5497 5483
3 11427 1834 5496
3 5497 11427 5496
3 5468 11456 5456
3 11456 1848 5456
3 1848 11456 5469
3 1834 11456 5468
3 5469 11456 1834
3 1800 5513 5512
3 11401 1820 5494
3 11399 1819 11400
3 1819 11399 5496
3 5496 11399 1818
3 11399 5512 1818
3 1801 5510 1802
3 1820 5510 11400
3 5510 11401 1802
3 5510 1820 11401
3 5470 1847 11455
3 1847 5470 11454
3 5470 11455 1833
3 5515 5514 1798
3 5470 5471 11454
3 5501 1814 5502
3 1814 11393 5502
3 11393 1814 5518
3 5516 5515 1798
3 11365 5516 1798
3 5516 11365 1797
3 11452 11451 1845
3 5447 11506 1872
3 11507 5447 1872
3 11506 5447 5448
3 5447 1859 5448
3 1859 5447 5446
3 5447 11507 5446
3 11220 1718 5591
3 11221 11220 5591
3 11220 11221 5614
3 11220 1695 5615
3 11220 5614 1695
3 1718 11220 5592
3 11219 11220 5615
3 11220 11219 5592
3 11299 1763 5568
3 1742 11299 5568
3 11299 1742 5569
3 5590 1720 11222
3 5613 5590 11222
3 11221 5590 5613
3 1720 5590 11261
3 5590 1741 11261
3 1741 5590 11260
3 5527 1785 11337
3 1785 5526 5546
3 11337 1785 5546
3 1803 5528 11371
3 5528 5548 11335
3 11371 5528 1783
3 5528 11335 1783
3 1782 11334 5550
3 11334 1782 5530
3 11333 1782 5550
3 5531 1782 11333
3 5530 1782 11369
3 1782 5531 11369
3 5549 11335 1763
3 11335 5549 1783
3 5549 11334 1783
3 5549 11299 5569
3 11299 5549 1763
3 1981 5378 11747
3 11747 5378 5370
3 5378 11729 11733
3 11729 5378 1981
3 5378 11733 1980
3 11788 11765 11786
3 5348 11788 11786
3 11793 11788 2037
3 11788 11806 2037
3 11788 5348 11806
3 1999 11768 5358
3 11765 11768 1999
3 7924 3922 11514
3 7925 7924 11514
3 3922 7924 11515
3 7924 7923 11515
3 7924 11538 7923
3 8081 3852 8001
3 3852 11486 8001
3 3785 3852 8081
3 11486 3852 3785
3 8002 11512 3920
3 11486 8002 3920
3 8002 11486 8082
3 3851 8002 8082
3 7927 8002 11511
3 11512 8002 7927
3 8002 8003 11511
3 8002 3851 8003
3 8003 11485 8083
3 3851 11485 8003
3 11485 3784 8083
3 11485 3851 3784
3 11489 8078 3787
3 3855 8078 11489
3 11490 3855 7997
3 3856 11490 7997
3 11490 3856 8077
3 11513 3921 8001
3 7926 11513 8001
3 3921 11513 7925
3 11513 7926 7925
3 4092 11615 7664
3 11615 4092 7791
3 4092 14756 7791
3 4092 7726 14756
3 14642 7931 3916
3 14756 7931 14701
3 14702 7931 14756
3 7931 7932 14701
3 7932 7931 14645
3 7931 14642 14645
3 7930 11509 3917
3 11534 11557 7857
3 7858 11557 11534
3 11557 11558 7857
3 11558 11557 7789
3 11557 7790 7789
3 7790 11557 7858
3 7929 11510 3918
3 3915 7929 3918
3 7928 7929 11534
3 7929 7928 11510
3 7929 3915 11509
3 7930 7929 11509
3 14755 14754 7791
3 14754 14755 7861
3 14754 7792 7791
3 14754 7861 7862
3 7792 14754 7862
3 14582 14579 8094
3 8006 8008 3916
3 8008 14642 3916
3 14642 8008 8007
3 3848 8008 8006
3 3780 3781 14528
3 8169 3780 14528
3 8088 3780 8087
3 3780 8169 8172
3 3780 8089 8087
3 8089 3780 8172
3 3779 14524 14527
3 14529 14524 3779
3 14524 8175 14527
3 8175 14524 3712
3 14524 14529 3712
3 8663 3452 14226
3 14225 3390 8664
3 3452 14225 8584
3 8663 14225 3452
3 14225 8663 3390
3 3451 14225 8664
3 8584 14225 3451
3 8741 3391 14169
3 3267 14051 8819
3 14112 3267 3330
3 3202 14052 8897
3 3267 14052 14051
3 14052 14053 8897
3 14053 14052 3268
3 13988 8981 8982
3 8981 13988 3201
3 8981 13989 8980
3 13989 8981 3201
3 3450 8586 8585
3 8254 8257 14471
3 8257 8256 14471
3 8256 8257 8342
3 8257 8343 8342
3 8342 14408 8426
3 8343 14408 8342
3 8259 14465 14462
3 8259 14467 14465
3 14467 8259 14466
3 8429 3578 14340
3 3578 8507 14340
3 3578 14341 8507
3 8506 3514 8507
3 14341 8506 8507
3 3514 8506 14283
3 3579 8428 8426
3 3579 14341 8428
3 14285 8581 3454
3 14285 3517 8581
3 3517 14285 8504
3 14285 3516 8504
3 3455 8580 14229
3 8580 3456 14229
3 3456 8580 14287
3 8580 3455 14286
3 8580 3518 14287
3 3518 8580 14286
3 11304 8579 3457
3 3456 8579 11304
3 8579 11342 3457
3 8579 3456 14287
3 3519 8579 14287
3 11342 8579 3519
3 3139 13926 9063
3 13926 3140 9063
3 3140 13926 8984
3 13926 3139 8985
3 13926 3198 8984
3 3198 13926 8985
3 8905 13982 8906
3 14045 8905 8906
3 13982 8905 3196
3 3196 8905 13983
3 14046 8824 14047
3 8903 14046 14047
3 3325 8746 14107
3 8746 3387 14164
3 14107 8746 14164
3 14152 3379 8678
3 3379 14152 8757
3 8756 14152 8677
3 8520 3504 14325
3 3568 8520 14325
3 8587 14223 14222
3 8587 3450 14223
3 8586 8587 14280
3 8587 8586 3450
3 14276 8513 3510
3 8513 14333 14334
3 8513 8512 3510
3 8513 14334 8512
3 13978 8909 13979
3 3323 14103 8828
3 8826 14104 14105
3 14044 14045 8906
3 14043 14044 8906
3 8427 3578 8429
3 14341 8427 8428
3 3578 8427 14341
3 14403 8429 8347
3 3646 14403 8347
3 14399 14403 3646
3 14403 8427 8429
3 8427 14403 14399
3 8265 8350 14397
3 8350 8265 14458
3 8264 8350 14458
3 14457 8351 14456
3 14457 8265 8351
3 8265 14457 14458
3 8511 14278 3511
3 14278 8589 3511
3 8432 8433 14397
3 8432 3576 14337
3 8350 8432 14397
3 8432 8350 14398
3 14336 3575 14337
3 8433 3575 14336
3 3575 8432 14337
3 8432 3575 8433
3 14400 8431 8349
3 8431 14398 8349
3 8431 14400 8430
3 8431 14338 3576
3 8432 8431 3576
3 8431 8432 14398
3 8508 3577 14340
3 3577 8429 14340
3 8429 3577 8430
3 8177 14521 14522
3 8176 8177 14522
3 8177 8176 14461
3 14521 8177 3710
3 8263 8177 14461
3 3710 8177 8263
3 14517 3775 8098
3 14518 14517 8098
3 3775 8099 14574
3 8099 14573 14574
3 3841 8019 8018
3 14573 3841 8018
3 8019 3841 14572
3 8099 3841 14573
3 14455 14454 8181
3 14454 3707 8181
3 3707 14454 8268
3 8268 14454 8354
3 8353 3640 14394
3 8354 8353 14394
3 14454 8353 8354
3 4668 4670 4648
3 7059 4670 4668
3 4717 4713 7024
3 4713 4717 11895
3 4717 11896 7042
3 7040 4697 4696
3 11868 7040 11898
3 4697 7040 11868
3 2067 11818 7102
3 2068 11818 2067
3 11818 7079 7102
3 11818 2068 7079
3 2099 7037 11871
3 7037 2099 11870
3 11870 2099 11844
3 7056 2099 11871
3 11844 2099 7056
3 11843 11870 2083
3 7057 11843 2083
3 11843 7057 11870
3 11869 2098 11842
3 11869 11868 7039
3 2098 11869 7039
3 11870 7038 11900
3 2098 7038 11870
3 7038 2115 11900
3 2115 7038 11899
3 7038 2098 11899
3 2064 11817 2061
3 2064 2061 7080
3 2065 2064 7080
3 11817 2064 7103
3 2064 2065 7103
3 2025 2024 11795
3 2024 2025 11772
3 4421 7311 11681
3 7311 4421 11687
3 7311 4422 11681
3 7311 11687 4422
3 7346 1941 1944
3 1941 11685 1944
3 11685 1941 7346
3 7392 1936 11676
3 1936 11675 11676
3 11675 1936 7393
3 1936 11665 7393
3 11665 1936 7392
3 5408 11629 11630
3 11631 1917 11630
3 5407 1917 11631
3 1917 5408 11630
3 7439 11654 7491
3 7490 11654 7439
3 11641 11642 7594
3 7390 1938 11668
3 1938 7390 11678
3 7390 1937 11678
3 11667 7390 11668
3 7390 11667 1937
3 4100 11606 7716
3 11606 1904 7716
3 1904 11606 7654
3 7654 11606 4153
3 11605 4100 7717
3 4099 11605 7717
3 7657 11622 4152
3 11622 7657 11621
3 7545 11637 7546
3 7546 11637 4251
3 11637 11636 4251
3 4202 11637 7600
3 11637 4202 11636
3 11602 7720 7721
3 4096 11602 7721
3 7659 11602 4149
3 11602 7660 4149
3 7853 11560 11561
3 7787 11560 11559
3 11560 3982 7855
3 7663 4146 11616
3 4200 11618 7603
3 11633 4200 7603
3 11634 4200 11633
3 4200 11634 7602
3 11618 4200 7602
3 11600 4148 7661
3 7660 11601 7661
3 11601 11600 7661
3 11602 11601 7660
3 11601 11602 4096
3 11584 7782 7783
3 4042 11584 7783
3 11584 7718 4043
3 7782 11584 4043
3 11584 7719 7718
3 11584 4042 7719
3 1874 11522 7991
3 11522 11523 7991
3 11545 1874 7917
3 11544 7918 7848
3 7918 11544 7917
3 4383 7350 11681
3 7350 11674 11681
3 11682 7350 4383
3 11674 7350 11682
3 4342 11675 7393
3 4342 11674 11675
3 11664 4342 7393
3 11651 7546 4251
3 7495 11651 4251
3 7494 11651 7495
3 7546 11651 4252
3 11651 7494 4252
3 4340 7395 11662
3 7395 11663 11662
3 11673 7395 4340
3 7395 11673 4341
3 11663 7395 4341
3 4297 7444 11662
3 4297 11650 7444
3 11650 4297 7495
3 7494 4298 7442
3 7442 4298 11664
3 4298 11663 11664
3 1933 7489 7438
3 7437 1933 11668
3 1933 7438 11668
3 11656 7437 7488
3 11656 1933 7437
3 1933 11656 7489
3 11655 7490 7438
3 7489 11655 7438
3 7714 7653 1905
3 455 466 6940
3 466 461 6940
3 466 455 6957
3 461 466 6957
3 456 6959 465
3 461 456 465
3 456 461 6959
3 450 447 6991
3 447 6990 6991
3 447 450 6973
3 6973 441 442
3 444 441 6973
3 442 441 6990
3 441 444 6990
3 12201 89 6876
3 6895 89 12201
3 89 12200 6876
3 12200 89 6896
3 89 6895 12159
3 89 66 6896
3 66 89 12159
3 7036 11902 7035
3 2100 7036 7035
3 7036 11901 2117
3 11902 7036 2117
3 11901 7036 11871
3 7036 2100 11871
3 11845 11872 2085
3 11845 2085 7077
3 7055 11845 7077
3 2100 11845 7055
3 11872 11845 2100
3 2151 4741 11962
3 6985 2151 11962
3 1 12036 6966
3 11998 11997 6967
3 11998 1 6984
3 11998 6967 12036
3 1 11998 12036
3 7001 11931 2133
3 7076 11846 5308
3 7076 2071 11822
3 2062 7076 11822
3 7076 2086 2071
3 2086 7076 5308
3 7076 2062 2085
3 11846 7076 2085
3 7007 4735 4733
3 4735 7007 4736
3 4735 11925 4733
3 11925 4735 4736
3 2050 11798 7121
3 2050 5345 11798
3 5345 2050 5334
3 5334 2050 11822
3 7099 2050 7121
3 2050 7099 11822
3 5345 11799 11798
3 11799 5345 2051
3 5355 11799 2031
3 1971 11734 5376
3 11734 1971 7192
3 11754 1986 11775
3 1993 1986 5376
3 2029 7145 2028
3 11796 2029 2028
3 2020 2029 11796
3 7145 2029 2004
3 11799 2030 11798
3 2030 5355 11775
3 2030 11799 5355
3 2010 11774 11775
3 11726 5379 11727
3 5379 11726 5371
3 11730 11731 11711
3 11731 5379 1980
3 5379 11731 11730
3 5390 1959 5395
3 1959 5390 5389
3 11719 5390 5384
3 1975 11719 5384
3 11719 1975 1976
3 5390 11719 5389
3 5372 1995 5363
3 5364 1995 5373
3 1995 5364 11778
3 5381 5380 11722
3 2011 11755 11754
3 5354 2011 2031
3 11777 2011 5354
3 2105 11877 5290
3 5289 2105 11907
3 2105 5290 11907
3 11878 2105 5289
3 11877 2105 11878
3 5330 5331 2074
3 5330 5329 2054
3 5331 11825 2074
3 11825 5332 5319
3 11825 5331 5332
3 2089 5318 11850
3 5318 5305 11850
3 5317 5318 2089
3 11825 5318 2074
3 5305 5318 5319
3 5318 11825 5319
3 5304 11877 11851
3 5317 5304 11851
3 5304 5317 2089
3 11877 5304 11850
3 5304 2089 11850
3 11904 2119 5278
3 11848 5306 5320
3 11876 11875 5291
3 11875 11876 11849
3 11875 11849 5306
3 11848 11875 5306
3 11875 11848 2103
3 5333 2072 5320
3 11824 5333 5320
3 5333 11823 2072
3 5333 11824 5332
3 5345 5333 2051
3 11823 5333 5334
3 5333 5345 5334
3 11800 5354 2031
3 11799 11800 2031
3 2032 11777 5354
3 11800 2032 5354
3 2032 11800 5343
3 2012 2032 5353
3 11777 2032 2012
3 5330 5342 5331
3 11802 5342 2054
3 5342 5330 2054
3 2033 5342 11802
3 5302 2090 11878
3 2090 5317 11851
3 5315 2091 5301
3 2091 5316 5302
3 5316 2090 5302
3 2034 5351 11803
3 2034 5340 5350
3 5340 2034 11803
3 2015 11781 11763
3 11769 2015 11763
3 11781 2015 5350
3 2015 11769 5361
3 11769 1997 5361
3 1997 11763 5370
3 1997 11769 11763
3 1997 11767 5361
3 11726 1979 5371
3 5371 1979 11739
3 1979 5372 11739
3 1979 5381 5372
3 5381 1979 5380
3 11723 11718 11710
3 11723 11726 11718
3 11715 11723 11710
3 11723 11715 11717
3 5387 11723 11717
3 5380 11723 5387
3 1979 11723 5380
3 11723 1979 11726
3 11740 11749 1980
3 1997 11749 11740
3 11743 11740 1980
3 5379 11743 1980
3 11743 5379 5371
3 11743 1997 11740
3 11767 11743 5371
3 1997 11743 11767
3 11746 1998 11751
3 1998 11746 11750
3 1981 11746 11751
3 11746 1981 11750
3 12123 50 12082
3 5164 50 12123
3 50 5185 12082
3 50 5164 12124
3 12083 50 12124
3 5185 50 12083
3 11942 5254 2144
3 2143 11942 5271
3 5254 11942 2143
3 5255 11941 2142
3 11941 11940 2142
3 11941 5272 11940
3 11941 5255 2143
3 5272 11941 5271
3 11941 2143 5271
3 2119 7016 11934
3 7016 2119 11903
3 2118 7016 11903
3 11934 7016 2136
3 7016 2118 2136
3 2016 11770 11760
3 11764 11770 2016
3 11770 1998 11760
3 11770 11764 1998
3 8817 14053 3268
3 14113 8817 3268
3 14053 8817 3269
3 8817 14113 3269
3 14113 3331 8739
3 3331 14170 8739
3 3331 14112 8740
3 3331 14113 14112
3 3331 8740 3392
3 14170 3331 3392
3 9359 2891 13673
3 2891 9292 13673
3 2891 9359 13672
3 9292 2891 13672
3 8680 14149 14207
3 14149 8680 3378
3 3378 8680 14208
3 8680 8600 14208
3 3439 8680 14207
3 8600 8680 3439
3 13910 13969 8999
3 13910 9000 13969
3 3128 13910 8999
3 9079 13910 3128
3 9000 13910 9079
3 8918 8919 13968
3 8920 8918 13968
3 14030 8918 8920
3 8918 14030 14028
3 8919 8918 14028
3 13970 8917 14032
3 3188 8917 13970
3 8917 3188 13969
3 8917 14031 14032
3 8917 13969 14031
3 14149 3315 8760
3 3315 14149 8759
3 14092 3315 8759
3 14091 8840 8839
3 14091 14090 3314
3 14090 14091 8839
3 8761 14091 3314
3 14091 14148 8760
3 14091 8761 14148
3 3315 14091 8760
3 14091 3315 14092
3 14091 14092 8838
3 8840 14091 8838
3 3250 14090 8839
3 3250 8841 14090
3 3250 8839 14028
3 14030 3250 14028
3 8841 3250 14030
3 9074 13854 13915
3 13854 3131 13915
3 3131 13854 9075
3 13854 9074 3067
3 3004 13854 13793
3 13854 3004 9075
3 8994 3132 13915
3 3132 9074 13915
3 9074 3132 13855
3 13855 3132 9073
3 13791 3004 13792
3 3004 13791 9153
3 9229 13791 13792
3 9153 13791 2943
3 13791 9229 2943
3 13727 9229 9299
3 13727 9299 13664
3 9300 13727 13664
3 9229 13727 2943
3 8997 13913 3130
3 13913 13852 3130
3 13852 13913 9076
3 13913 3131 9076
3 3131 13913 8996
3 13913 3190 8996
3 13913 13972 3190
3 13913 8997 13972
3 8997 13912 3189
3 13912 8998 3189
3 13912 8997 3130
3 8998 13912 3130
3 8998 13971 3189
3 14033 13971 8916
3 13971 13970 8916
3 13971 8998 13970
3 13971 8915 3189
3 13971 14033 8915
3 8366 8448 14379
3 3630 8366 14379
3 14370 14378 8451
3 8369 14378 14370
3 3564 14319 8526
3 14318 3564 8526
3 3564 8448 14319
3 8449 14318 14317
3 3563 8449 14317
3 8449 3563 8451
3 14378 8449 8451
3 3564 8449 8448
3 8449 3564 14318
3 8448 8449 14379
3 8449 8367 14379
3 8449 14378 8367
3 8682 14147 14205
3 14147 8682 3377
3 8761 14147 3377
3 14147 8762 14146
3 14147 8683 14205
3 14147 14146 8683
3 14147 8761 3314
3 8762 14147 3314
3 8601 14206 14263
3 3502 8601 14263
3 8601 3502 14264
3 3439 8601 14264
3 14206 8601 3439
3 8681 14206 14207
3 14149 8681 14207
3 8681 14148 3377
3 14206 8681 3377
3 14148 8681 8760
3 8681 14149 8760
3 8763 3313 14088
3 14087 8763 14088
3 3376 8763 14145
3 3313 8763 14146
3 8763 3376 14146
3 8445 14383 8444
3 14323 8445 8444
3 14383 8445 3632
3 14443 8277 3632
3 3634 8275 14447
3 3769 14505 8109
3 14506 3769 14507
3 14506 14505 3769
3 14620 3904 8028
3 3904 14563 8028
3 14562 3835 8109
3 3835 14563 8109
3 3835 14562 8028
3 14563 3835 8028
3 3769 8108 14507
3 14563 8108 3769
3 8187 3704 14510
3 3704 8188 14510
3 3704 8274 14447
3 8188 3704 14447
3 3696 3697 8199
3 14435 3696 14436
3 3697 3696 14435
3 8364 14381 14442
3 8279 14381 8365
3 14381 8279 14442
3 3565 14381 8446
3 14382 8364 3632
3 8445 14382 3632
3 14382 8445 8446
3 14381 14382 8446
3 14382 14381 8364
3 8279 14441 3700
3 8366 14380 8448
3 14321 3565 8446
3 14322 14321 8446
3 14321 14320 3565
3 8194 14503 3700
3 8194 14502 14503
3 14441 8194 3700
3 8194 14441 8280
3 8281 8282 8367
3 14378 8281 8367
3 13657 9309 9307
3 9309 13657 9375
3 13720 9309 13709
3 9309 13720 9307
3 13720 9308 9307
3 13720 9237 9308
3 2684 9593 13438
3 9593 2684 13487
3 13487 2684 9594
3 2684 13437 9594
3 2642 2684 13438
3 13437 2684 2642
3 13436 9595 2683
3 9595 13486 2683
3 9595 13485 13486
3 2826 9496 9439
3 9496 2773 9439
3 9496 2826 13593
3 9496 13538 9549
3 9496 13593 9495
3 13538 9496 9495
3 13537 9496 9549
3 2773 9496 13537
3 9434 13598 9491
3 13598 9434 2829
3 2776 9434 9491
3 9434 2776 13597
3 2829 9434 13597
3 3062 13847 9080
3 13847 3062 9157
3 13848 3062 9080
3 9081 13847 3061
3 9081 3124 13907
3 13908 9081 13907
3 13847 9081 13908
3 14038 8912 14037
3 14037 8912 3191
3 8912 13975 3191
3 8994 13976 8993
3 13975 13976 8994
3 13976 3192 8993
3 3192 13976 8911
3 8912 13976 13975
3 13976 14038 8911
3 13976 8912 14038
3 3255 14096 8834
3 14153 8756 8677
3 13858 3069 9071
3 9148 3069 3009
3 3009 3069 13859
3 3069 13858 13859
3 3069 9148 13796
3 8831 3258 14099
3 13506 2739 9529
3 2739 13558 9529
3 13562 9530 13561
3 2739 13562 13558
3 13562 2739 9530
3 13508 9531 2738
3 13509 13508 2738
3 9531 13508 13504
3 13508 2695 13504
3 13509 13505 2696
3 2739 13505 9530
3 9530 13505 2738
3 13505 13509 2738
3 2695 13455 13459
3 13455 2654 13407
3 9623 13455 13407
3 13459 13455 9623
3 13455 2696 2654
3 13455 13509 2696
3 9478 13557 9531
3 2785 9478 9531
3 2838 9478 13611
3 9478 2785 13611
3 9478 2838 9420
3 2786 9478 9420
3 9478 2786 13561
3 13557 9478 13561
3 14344 3581 14348
3 14344 14348 8503
3 3397 11309 8654
3 8655 11309 3397
3 11309 8655 3460
3 3399 11272 3397
3 3399 8733 11272
3 11235 8733 3337
3 11237 11235 3337
3 11235 8810 8811
3 8733 11235 8811
3 8809 11235 11237
3 11235 8809 8810
3 11236 11234 8734
3 11234 11231 8734
3 11234 11236 3273
3 11231 11232 3335
3 3335 11232 11230
3 11232 3272 11230
3 11232 8813 3272
3 3525 11349 11348
3 11378 8496 8497
3 11378 3587 8415
3 3587 11378 8497
3 11314 3464 8571
3 3464 8650 8651
3 3464 11314 8650
3 11312 3463 8652
3 8498 3586 11377
3 3586 8416 11377
3 8416 3586 8417
3 11352 3466 8569
3 3466 11352 8568
3 3341 8728 11242
3 8728 3341 11241
3 3341 11242 8805
3 11241 3341 8805
3 1806 8407 11385
3 1769 11354 8566
3 11320 8643 1750
3 1790 11356 8488
3 11387 1790 8488
3 1790 11387 8487
3 8564 11320 11356
3 1790 8564 11356
3 11385 8489 1788
3 8489 11354 1788
3 8489 1789 8566
3 11354 8489 8566
3 1789 11355 8566
3 11356 11355 8488
3 11355 1789 8488
3 11316 8648 8569
3 3466 11316 8569
3 8490 11385 1788
3 8490 1806 11385
3 11375 8499 8500
3 3520 8499 3522
3 8500 8499 3520
3 8499 3523 3522
3 8499 8498 3523
3 3584 8418 3585
3 11403 8418 3584
3 8417 8418 11404
3 11404 8418 8333
3 8418 11403 8333
3 8735 11271 11269
3 11269 11271 3396
3 3395 11268 8736
3 3395 8657 11268
3 3334 3395 8736
3 11267 3395 3334
3 3395 11267 8658
3 11346 3523 3524
3 8575 11346 3524
3 11346 8576 3523
3 11346 8575 3460
3 8576 11346 3460
3 3523 11344 3522
3 8576 11344 3523
3 11344 8576 3458
3 11344 3520 3522
3 11344 3458 3520
3 11119 11118 8974
3 11118 11114 8974
3 11118 11119 3148
3 11114 11118 3148
3 8973 11159 11158
3 11159 8973 11155
3 11159 8891 11158
3 8891 11159 11155
3 3208 8890 11156
3 8890 3208 11160
3 3208 11156 8972
3 11121 3208 8972
3 8973 3208 11121
3 3208 8973 11160
3 9132 11043 11042
3 11043 9132 3022
3 3081 9132 11042
3 3022 9132 3081
3 3082 11077 11078
3 11078 11077 3147
3 1108 10527 10493
3 10031 1108 10493
3 10527 10012 1137
3 10012 10559 1137
3 1108 10012 10527
3 10559 10012 1136
3 10652 6148 6149
3 1251 10652 6149
3 6148 10652 1252
3 1252 10652 6120
3 10652 1251 6120
3 6239 6209 10585
3 6239 10584 6209
3 1160 6239 10585
3 6239 1160 6238
3 6239 6238 10552
3 6239 10552 1130
3 10584 6239 1159
3 10551 6239 1130
3 1159 6239 10551
3 10618 6150 6179
3 6150 10618 1218
3 6208 10618 6179
3 1188 10618 6208
3 6156 1245 10645
3 6155 6156 10645
3 6156 10612 1213
3 6156 6185 10612
3 10644 6156 1213
3 1245 6156 10644
3 1265 6109 10696
3 10666 6109 1265
3 6080 6109 6110
3 10696 6109 6079
3 6109 6080 6079
3 6229 10565 1143
3 10565 6257 1143
3 6197 1205 10600
3 6197 6226 1174
3 1175 6197 10600
3 6197 1175 6226
3 1205 1204 6168
3 6168 1204 6169
3 6169 1204 1203
3 1204 10599 1203
3 6138 10634 10633
3 10634 6138 10666
3 6138 6109 10666
3 1001 6395 10402
3 6395 1000 10402
3 10372 6395 1001
3 972 6395 10372
3 10371 970 6397
3 1000 10371 6397
3 10371 6395 971
3 6395 10371 1000
3 10430 6346 1054
3 10430 1026 6346
3 1026 10430 6345
3 10400 1026 6372
3 1026 10400 6373
3 999 10400 6372
3 998 10400 999
3 6373 10400 998
3 6259 1170 6230
3 1170 6259 6231
3 6230 1170 6201
3 1170 10596 6201
3 10596 1170 6202
3 1170 6231 6202
3 10563 6259 6260
3 6259 10563 6231
3 1141 10563 6260
3 10563 1169 6231
3 6288 1113 6287
3 1084 6288 6287
3 1113 6288 10497
3 6288 1084 10497
3 10342 10090 967
3 939 10342 967
3 10342 939 10095
3 10090 10342 966
3 962 10367 967
3 10090 962 967
3 962 10085 10367
3 962 10090 966
3 10085 962 966
3 964 10368 968
3 6423 964 968
3 964 6400 10368
3 6400 964 967
3 964 6423 967
3 10254 10263 861
3 10263 10254 860
3 6518 10263 860
3 10263 6518 6517
3 10263 10264 861
3 10264 10263 6517
3 6414 947 10349
3 924 6454 10312
3 6454 925 10312
3 6412 949 10351
3 949 6433 6434
3 10351 949 6434
3 6433 949 978
3 949 6412 978
3 948 6413 6434
3 6413 948 10350
3 6413 976 6390
3 976 6413 10350
3 6390 976 1005
3 6414 976 10350
3 976 10375 1005
3 976 6414 10375
3 977 10376 1006
3 977 6413 10376
3 6389 977 1006
3 6412 977 6389
3 977 6412 10351
3 6413 977 10351
3 10273 881 6507
3 10273 870 881
3 10273 6507 871
3 6518 10273 871
3 870 10273 6518
3 6278 1122 10506
3 1122 6278 10505
3 1093 6278 10506
3 10505 6278 1093
3 1150 10572 10573
3 1178 10572 6222
3 10572 10571 6222
3 10572 6221 10573
3 6221 10572 1178
3 6250 1150 10539
3 10538 6250 10539
3 6250 10572 1150
3 10572 6250 10571
3 10571 6250 1149
3 6250 10538 1149
3 10504 6279 1092
3 6279 10471 1092
3 6279 10505 10471
3 6286 10498 1114
3 1085 10498 6286
3 10498 6287 1114
3 10498 1085 6287
3 10465 1085 1086
3 1085 10465 6315
3 6314 10465 1086
3 10465 1056 6315
3 10465 6314 1056
3 1056 6316 6315
3 1085 6316 10464
3 6316 1085 6315
3 1088 10501 6283
3 10501 1117 6283
3 6284 10501 1088
3 1117 10501 6284
3 6255 10534 1145
3 1117 10534 6255
3 10534 1116 6256
3 1145 10534 6256
3 10534 6284 1116
3 10534 1117 6284
3 10500 6285 1116
3 10500 1087 6285
3 6284 10500 1116
3 1087 10500 6284
3 10374 6392 974
3 6392 10374 1004
3 10374 10405 1004
3 10374 6367 10405
3 10374 1003 6368
3 6367 10374 6368
3 6437 924 6455
3 923 6437 6455
3 945 6437 6438
3 6437 6456 6438
3 6456 6437 923
3 6393 10373 1003
3 6393 974 6416
3 6393 10374 974
3 10374 6393 1003
3 973 6393 6416
3 6393 973 10373
3 945 973 6416
3 10347 973 945
3 6457 922 10309
3 6456 10326 6438
3 922 10326 6456
3 6457 10326 922
3 920 6458 10308
3 6458 920 10324
3 6199 6228 10598
3 10565 6228 6257
3 10357 10356 6407
3 954 10356 10357
3 10356 10355 6407
3 10356 954 10355
3 1494 10914 5851
3 1494 10942 5850
3 10915 1494 5850
3 5821 1494 5851
3 10942 1494 5821
3 5879 1494 10915
3 10914 1494 5879
3 11032 5740 1598
3 5740 11032 5739
3 1569 5740 5739
3 5740 1569 10996
3 5741 5740 10996
3 10997 1542 5768
3 10966 1542 5797
3 1542 5767 5797
3 1542 10997 5767
3 5798 1542 10966
3 5768 1542 5798
3 11034 1600 5707
3 5708 1600 11034
3 1600 5708 11071
3 1600 11072 5707
3 11072 1600 11071
3 1628 11110 1655
3 5680 1628 1655
3 1628 1654 11110
3 1628 11070 1654
3 11070 1628 11071
3 1628 5680 11071
3 6062 1306 1334
3 1306 10711 6063
3 10711 1306 1278
3 1306 10712 1278
3 1306 6062 10712
3 6033 1333 1360
3 1333 10739 6034
3 10768 1333 6034
3 1333 10768 1360
3 10739 1333 1305
3 1333 6063 1305
3 10677 6126 1246
3 1246 6126 10646
3 10678 6126 1275
3 6126 1247 10646
3 6126 10678 1247
3 6126 6097 1275
3 6126 10677 6097
3 10679 10648 6125
3 10648 10679 1248
3 6125 10648 1247
3 10648 6153 1247
3 1186 6182 6211
3 10615 6182 1186
3 6182 10615 1216
3 6182 1216 10616
3 1187 6182 10616
3 6211 6182 1187
3 10680 1248 6124
3 10680 10649 1248
3 10649 10680 6123
3 6123 10680 1277
3 10680 6095 1277
3 10680 6124 6095
3 1217 6152 6151
3 6152 10649 6151
3 6152 1217 10616
3 10649 6152 1248
3 6152 10648 1248
3 1216 6152 10616
3 6153 6152 1216
3 10648 6152 6153
3 5991 10806 1373
3 10806 5991 10810
3 10810 5991 1375
3 10781 5991 1373
3 5991 10781 1375
3 10774 1368 5997
3 1368 5968 10802
3 1368 10774 5998
3 10950 1502 5844
3 1528 10950 5844
3 5756 1556 5757
3 1446 10892 5906
3 5874 10892 1446
3 10892 1447 5906
3 10892 5905 1447
3 1469 5877 10887
3 1468 1469 10887
3 5877 1469 10916
3 1469 1468 10916
3 10803 1369 10802
3 1369 1368 10802
3 1368 1369 5997
3 1369 10775 5997
3 1369 10803 10775
3 10803 1396 10804
3 10804 1396 5939
3 1394 1396 10802
3 1396 10803 10802
3 1396 10858 5939
3 1396 1394 10858
3 5909 1392 5878
3 1392 5968 5878
3 1367 5998 1365
3 5968 1367 1365
3 1367 1368 5998
3 1368 1367 5968
3 10795 5976 1386
3 10795 10796 6005
3 10796 10795 1386
3 1385 5977 10824
3 5976 1385 10824
3 10795 1385 5976
3 5977 1385 10794
3 10793 1384 10794
3 1384 10793 5978
3 1384 5977 10794
3 5977 1384 10823
3 10823 1384 5949
3 1384 5978 5949
3 10734 1301 1328
3 1301 10734 6039
3 10734 1328 1355
3 6039 10734 1355
3 1358 6035 6036
3 6035 10737 6036
3 6035 1358 6005
3 10767 6035 6005
3 6035 1359 1332
3 6035 10767 1359
3 6006 6007 10794
3 6006 1358 6007
3 1385 6006 10794
3 6006 1385 10795
3 6006 10795 6005
3 10709 6066 6065
3 1303 6066 10708
3 10737 6066 1303
3 6066 6096 10708
3 6096 6066 10709
3 1357 6037 1330
3 6037 1357 6036
3 6037 10737 1303
3 10765 6008 6007
3 10765 1357 6008
3 1358 10765 6007
3 10765 1358 6036
3 1357 10765 6036
3 10862 1446 5906
3 10862 1421 1446
3 10862 5938 1421
3 1425 1423 10859
3 5873 1472 10920
3 10920 1472 5844
3 1472 5874 5844
3 1472 10892 5874
3 1472 5873 5905
3 10892 1472 5905
3 1474 10891 1479
3 10891 1474 10893
3 5902 10891 10893
3 5901 10891 5902
3 1475 1451 10889
3 1451 10891 5901
3 10891 1451 1475
3 1451 5901 10861
3 1477 1475 5842
3 1477 5842 10922
3 1479 1477 10922
3 10891 1477 1479
3 1477 10891 1475
3 1350 6016 10757
3 6016 10785 5986
3 6016 10756 10785
3 6016 1350 10756
3 6016 5986 10786
3 6015 6016 10786
3 10757 6016 6015
3 1298 10730 6043
3 10731 1298 6043
3 1298 10731 6072
3 10702 1298 6072
3 1457 10904 5890
3 1485 10904 1457
3 10904 5861 5890
3 10904 1485 5861
3 1898 11591 7775
3 7775 11591 1899
3 7777 7776 11569
3 7776 7844 11569
3 7844 7776 11570
3 7776 1898 11570
3 11473 1840 5467
3 5455 11473 5467
3 11473 5455 1853
3 11473 1853 5466
3 1840 11473 5466
3 1825 5480 11446
3 5480 5467 11446
3 5480 11445 5467
3 1850 8152 11469
3 1850 8072 8071
3 8072 1850 11469
3 8152 1850 11470
3 1850 1851 11470
3 8070 1850 8071
3 1851 1850 8070
3 3789 8076 8075
3 8075 8076 3857
3 8076 11491 3857
3 11491 8076 3856
3 3856 8076 8077
3 8076 3789 8077
3 3658 11440 8238
3 8324 3658 8238
3 1836 8237 11441
3 1821 8237 8323
3 8237 1821 11441
3 5506 1810 5507
3 11387 11388 8487
3 11388 11387 1809
3 1826 5493 5479
3 5479 5493 11446
3 5493 1825 11446
3 11390 5506 1811
3 5521 11390 1811
3 1810 11390 5522
3 11390 1810 5506
3 11390 1793 5522
3 1793 11390 5521
3 11418 5506 5507
3 5493 11418 5507
3 11418 5493 1826
3 11418 1826 5492
3 5506 11418 5492
3 5563 1751 11321
3 11285 1751 5563
3 1751 8643 11321
3 1751 8723 8643
3 1751 11285 8723
3 11285 1729 8723
3 8723 1729 11246
3 11247 1729 5583
3 1729 11285 5583
3 1729 8800 11246
3 1729 11247 8800
3 8645 11319 1749
3 11282 8645 1749
3 8645 11282 11318
3 1769 8645 11318
3 11319 8645 1769
3 5523 11358 1791
3 11358 5543 1791
3 1753 5581 11287
3 1753 11288 5581
3 5560 1753 11324
3 11288 1753 5560
3 11359 1773 5542
3 11171 1686 5625
3 1686 11171 5649
3 11171 5625 11210
3 11211 5623 11172
3 5623 11211 11212
3 11133 11173 5646
3 11133 5647 11173
3 5647 11133 1664
3 11133 5673 1664
3 1688 5623 11173
3 5647 1688 11173
3 5623 1688 11172
3 1688 5647 11172
3 1612 11052 11051
3 11052 1612 5700
3 5675 1638 1611
3 1638 5675 11090
3 1612 1638 11091
3 5674 11132 1664
3 11091 5674 1664
3 1638 5674 11091
3 5674 1638 11090
3 5675 1663 11090
3 1663 5674 11090
3 5674 1663 11132
3 1663 5675 11131
3 5649 1663 11131
3 5648 1687 11172
3 5647 5648 11172
3 11132 5648 5647
3 5648 11171 1687
3 11171 5648 5649
3 5648 1663 5649
3 1663 5648 11132
3 11050 5702 1611
3 9044 1635 11086
3 11087 1635 9044
3 9274 11010 9273
3 9343 10976 9342
3 1551 9343 10975
3 9274 1551 10975
3 1551 9274 9273
3 10976 1551 9273
3 1551 10976 9343
3 11049 5731 1581
3 11048 11011 1580
3 11011 11048 5732
3 11048 1635 11087
3 11050 1610 5702
3 1610 11050 1582
3 1586 11018 5755
3 5726 1586 5755
3 1586 5697 11055
3 11054 1586 5726
3 1586 11054 5697
3 11016 5756 5757
3 5756 11016 5727
3 5728 11016 5757
3 5756 10982 5784
3 5784 10982 5813
3 10982 1557 5813
3 10982 5756 11017
3 10982 11017 5755
3 1557 10982 5755
3 11015 5729 1584
3 5729 11052 1584
3 11052 5729 11051
3 1606 11045 9127
3 1606 1633 9126
3 11045 1606 9126
3 1603 9129 3086
3 1603 1604 9128
3 9129 1603 9205
3 1603 9128 9205
3 9128 1605 11044
3 11044 1605 9127
3 1604 1605 9128
3 1632 1605 1604
3 9047 11126 11084
3 11126 9047 1658
3 1633 9047 11084
3 1606 9047 1633
3 9047 1605 1632
3 9047 1606 9127
3 1605 9047 9127
3 11124 11163 8967
3 8967 11163 8884
3 11163 8968 3213
3 11163 11124 8968
3 8885 11163 3213
3 11163 11203 8884
3 11203 11163 8885
3 9049 1657 11082
3 1657 11124 8967
3 1657 9049 3152
3 11124 1657 3152
3 11125 1657 8967
3 11123 3150 8969
3 3150 11123 3151
3 3150 3151 9050
3 3150 11122 8969
3 3150 9050 11122
3 3212 11162 8969
3 11162 11123 8969
3 11162 3212 8886
3 11162 8885 3213
3 8885 11162 8886
3 8968 11162 3213
3 11123 11162 8968
3 3339 11277 8730
3 11240 3339 8730
3 3339 11240 11239
3 11277 3401 8651
3 3401 8652 8651
3 8652 3401 11276
3 3338 11239 11237
3 8732 3338 11237
3 3338 8732 11276
3 8570 3465 8571
3 3465 11314 8571
3 11314 3465 8649
3 8729 3402 8649
3 3340 8729 11241
3 11278 3340 8730
3 11277 11278 8730
3 8729 11278 3402
3 11278 8729 3340
3 11278 11277 8650
3 3402 11278 8650
3 8887 11161 3210
3 11200 8887 3210
3 11161 8887 3211
3 8887 11200 11201
3 8887 3212 3211
3 3212 8887 11201
3 8646 1748 11317
3 11282 8646 11318
3 1748 8646 11282
3 11127 1659 8965
3 11127 9045 1659
3 11127 8964 9045
3 8880 11167 8881
3 11207 8880 8881
3 11167 8880 1684
3 8880 11207 11208
3 8880 11168 1684
3 11168 8880 11208
3 8803 8802 1705
3 8802 8803 11244
3 1706 8802 11245
3 8802 1727 11245
3 1727 8802 11244
3 11205 1706 11206
3 8882 11205 11206
3 11205 8802 1706
3 8802 11205 1705
3 11205 11204 1705
3 11165 11126 8966
3 8727 11243 11242
3 8727 1726 11243
3 1726 8727 11281
3 8728 8727 11242
3 11280 8727 8728
3 12477 4939 4911
3 4939 12525 4911
3 12525 4939 12476
3 4940 12524 4912
3 12525 4940 4912
3 4940 12525 12476
3 229 12445 12443
3 12444 12445 229
3 12445 4960 12443
3 12445 12444 4960
3 12353 12355 5036
3 12355 12352 5036
3 12354 202 12351
3 12354 12352 202
3 5036 12354 12351
3 12352 12354 5036
3 12390 201 12393
3 12345 5037 12348
3 12345 201 12350
3 5037 12345 178
3 12345 12350 178
3 12350 5013 12353
3 5013 12355 12353
3 201 5013 12350
3 5013 12390 12395
3 5013 201 12390
3 5013 12395 12391
3 202 5013 12391
3 12352 5013 202
3 12355 5013 12352
3 12685 4813 369
3 398 4813 12685
3 4813 398 12735
3 369 4813 4812
3 4813 12735 4812
3 4814 12682 12680
3 398 12682 4814
3 12682 12636 12641
3 398 4783 12735
3 4783 4755 12735
3 4783 398 12733
3 4755 4783 12733
3 12679 4815 366
3 12679 396 4815
3 396 12679 4816
3 4816 12679 4846
3 4845 12679 366
3 12679 4845 4846
3 423 4759 4758
3 423 4787 4759
3 4787 423 12726
3 423 4786 12726
3 12781 425 4757
3 425 12782 4756
3 12782 425 12781
3 426 425 4756
3 425 426 4785
3 12734 4785 12727
3 396 12734 12727
3 12734 425 4785
3 335 12630 4877
3 12630 336 4877
3 12630 4847 336
3 4848 12630 335
3 365 395 4816
3 395 396 4816
3 395 12734 396
3 425 395 4786
3 12734 395 425
3 4786 394 12726
3 394 4787 12726
3 394 4818 4787
3 12776 12784 12774
3 12777 12776 12774
3 4814 12731 12733
3 12732 12731 4814
3 12635 12639 12681
3 12639 12635 339
3 12635 12637 339
3 247 12475 4968
3 4941 12475 273
3 12475 247 273
3 12524 12475 4941
3 12430 4968 248
3 12430 247 4968
3 247 12430 12429
3 12430 4994 12429
3 5018 12385 12386
3 198 5018 12386
3 12341 5018 198
3 12340 197 5042
3 197 12341 5042
3 5019 197 12340
3 197 5018 12341
3 197 5019 12385
3 5018 197 12385
3 12560 4900 316
3 4900 12559 316
3 4900 12560 288
3 4900 288 4928
3 12559 4900 4928
3 6891 15425 537
3 536 6891 537
3 15425 6891 513
3 6891 536 540
3 6891 6910 513
3 6910 6891 15426
3 6891 541 15426
3 541 6891 540
3 6726 12450 6727
3 690 12450 6726
3 12450 689 6727
3 6753 12450 690
3 12450 6753 689
3 662 12404 6754
3 662 6753 12404
3 689 662 6754
3 6753 662 689
3 569 12273 591
3 6845 569 591
3 12273 569 6846
3 6816 158 12281
3 158 6816 12323
3 12281 158 6815
3 158 12324 6815
3 158 12323 12324
3 6793 12367 12368
3 181 6793 12368
3 6794 6793 12322
3 6793 6794 12367
3 6793 12323 12322
3 6793 181 12323
3 5052 165 12331
3 165 5052 12289
3 189 5052 12331
3 5052 189 12289
3 78 5156 56
3 12172 5156 78
3 5156 5177 56
3 5156 12131 5177
3 5156 79 12131
3 5156 12172 79
3 5328 11828 5327
3 11828 5315 2077
3 5327 11828 2077
3 2055 5340 11803
3 5341 2055 11803
3 2055 5341 5329
3 5328 2055 5329
3 5340 2055 5328
3 2057 5326 5337
3 2057 5338 5326
3 11806 2057 5337
3 11809 2057 11806
3 5338 2057 11809
3 6597 789 791
3 792 789 6597
3 789 792 757
3 6629 789 757
3 789 6629 791
3 793 792 15507
3 792 793 6628
3 6624 15497 765
3 797 6624 765
3 766 15484 15497
3 766 6654 15484
3 798 766 15497
3 766 798 6623
3 6654 766 15485
3 15485 766 15498
3 766 6623 15498
3 6711 707 6683
3 6683 707 15473
3 626 629 6788
3 15445 645 624
3 645 15454 644
3 15447 15446 6762
3 15446 622 621
3 629 15446 621
3 630 15446 15447
3 622 15446 630
3 15446 626 644
3 626 15446 629
3 15440 606 6811
3 607 15435 600
3 15435 607 15436
3 575 15435 15436
3 15435 575 579
3 604 15434 601
3 604 602 15434
3 604 601 6811
3 602 604 6811
3 4687 15397 15395
3 15397 4687 7046
3 15397 4709 15395
3 4709 15397 7026
3 15367 15370 4664
3 15370 15371 4664
3 15371 15370 4689
3 15370 15367 4689
3 4688 15384 7045
3 15384 15380 7045
3 15363 7090 4660
3 7090 15363 4661
3 15363 7068 4686
3 7068 15363 4660
3 4661 15363 7067
3 15363 4686 15379
3 7067 15363 15379
3 4682 7050 4679
3 7071 4682 4679
3 7050 15390 7049
3 15390 7050 4704
3 4702 15390 4705
3 7049 15390 4702
3 433 15402 7013
3 4720 15402 433
3 15402 4720 4702
3 7030 15402 4702
3 7031 4726 4704
3 15402 4726 7013
3 4726 15402 7030
3 4726 432 7013
3 432 4726 7014
3 15377 4683 7049
3 7050 4683 4679
3 4683 7050 7049
3 4679 4683 15361
3 4683 15377 15361
3 4592 15302 4567
3 4592 7159 15302
3 7136 4616 7114
3 7136 7113 4617
3 7113 7136 7114
3 7137 4591 15323
3 7137 4616 4591
3 7137 15323 4615
3 7115 7137 4615
3 7137 7115 7114
3 4616 7137 7114
3 7074 15359 4654
3 4680 15359 4678
3 15359 15374 4678
3 15359 7074 15374
3 15359 4680 7073
3 4654 15359 7073
3 4630 7096 4632
3 7096 4630 4635
3 4630 4632 7116
3 4635 4630 7116
3 4582 4583 7164
3 4583 4584 7164
3 4583 4582 15321
3 4584 4583 15321
3 4533 7188 4529
3 4533 15271 7188
3 15244 4533 4529
3 4531 7215 15243
3 7215 4531 4528
3 7215 4528 15244
3 15243 7215 4499
3 7215 4506 4499
3 7215 15244 4506
3 15401 4725 7014
3 4725 15401 7031
3 4726 15401 7014
3 15401 4726 7031
3 15406 15408 7028
3 15405 15406 7028
3 15408 15406 4729
3 15406 15405 4729
3 4721 4720 433
3 4727 4721 433
3 4720 4721 4702
3 4721 4727 4702
3 7299 15154 4440
3 4476 7299 15153
3 7299 4439 15153
3 15119 7299 4440
3 4439 7299 15119
3 7238 15217 4509
3 4509 15217 7239
3 15217 7267 7239
3 7267 15217 15186
3 7831 7830 14711
3 7831 4006 14764
3 7831 14711 7832
3 4006 7831 7832
3 4064 7763 14816
3 4008 7763 4064
3 14869 14868 7636
3 7635 14869 7636
3 4121 14869 7635
3 7695 4122 14821
3 4121 7695 14821
3 4122 7695 14870
3 7695 7635 14870
3 7695 4121 7635
3 14865 4171 7639
3 4171 14911 7639
3 14911 4171 14910
3 7700 14815 7701
3 14912 7580 14913
3 4222 7580 14912
3 14913 7580 7579
3 14958 7580 7527
3 7580 14958 7579
3 14867 4172 7637
3 7638 4172 14867
3 4172 14912 7637
3 4172 7638 14912
3 7582 14911 14910
3 4221 7582 7583
3 7582 14910 7583
3 14911 7582 7581
3 7581 7582 14955
3 7582 4221 14955
3 3882 3883 8051
3 7973 3883 3882
3 3883 14600 8051
3 3883 7973 14600
3 14712 3949 7900
3 3949 3948 7900
3 3949 7975 3948
3 7899 14712 7829
3 14713 7899 7829
3 7899 14713 3950
3 7899 3949 14712
3 7828 7827 14714
3 7828 4009 14767
3 7828 14713 4009
3 7897 14715 14658
3 3951 7897 14658
3 7897 14714 14715
3 7897 3951 14714
3 3951 7898 14714
3 7898 7828 14714
3 7828 7898 14713
3 7898 3951 14657
3 3950 7898 14657
3 14713 7898 3950
3 15082 4399 4359
3 7377 15082 4359
3 4399 15082 7336
3 4315 7377 15044
3 7377 4315 15043
3 4315 15044 4316
3 15043 4315 7423
3 15003 4315 4316
3 4315 15003 7423
3 4436 15148 7304
3 4428 4436 7304
3 4436 4426 15148
3 4436 4428 4426
3 15116 15117 7338
3 15117 15116 7302
3 15117 7302 4438
3 4397 15117 4438
3 15117 4397 7338
3 15116 4437 7302
3 15150 4437 7303
3 7302 4437 15150
3 4437 4430 7303
3 4437 15116 4430
3 7577 4226 14916
3 4226 7576 14916
3 4225 4226 7577
3 7576 4226 7523
3 4175 7634 14915
3 4174 7634 14870
3 14915 7634 4174
3 7634 7633 14871
3 7634 4175 7633
3 14960 4273 7523
3 14960 7524 4273
3 4226 14960 7523
3 7524 14960 4225
3 14960 4226 4225
3 4269 7529 7477
3 7477 7529 7478
3 7529 14956 14955
3 7529 4269 14956
3 14954 7529 14955
3 7529 14954 7478
3 7528 4269 7476
3 4269 7528 14956
3 7528 4222 14956
3 15039 7381 15040
3 15039 7427 4312
3 7427 15039 15040
3 7381 15039 7382
3 7382 15039 15038
3 15039 7428 15038
3 15039 4312 7428
3 7378 15043 15042
3 7379 7378 15042
3 4439 7300 15153
3 7300 4475 15153
3 7300 15152 4475
3 7300 4439 15118
3 4220 14953 7583
3 7584 4220 7583
3 14953 4220 7531
3 4220 14952 7531
3 4220 7584 14952
3 4116 7702 4061
3 4006 7765 14764
3 4005 7765 7832
3 7765 4006 7832
3 7765 4005 7766
3 4062 7765 14814
3 4061 7765 7766
3 7765 4061 14814
3 7272 4471 4469
3 4466 4471 7272
3 4471 15149 4469
3 4471 4466 15149
3 12928 12927 2234
3 12927 12920 2234
3 12927 12928 2241
3 12920 12927 2241
3 10132 12940 12941
3 12940 2245 12941
3 10126 12953 12951
3 12953 10126 2244
3 2244 10126 10119
3 12931 12946 10134
3 12946 12951 12932
3 10134 12946 12932
3 12946 12931 10127
3 12946 10127 10120
3 12969 12946 10120
3 12946 10126 12951
3 12946 12969 10119
3 10126 12946 10119
3 3038 3039 2978
3 2978 3039 9192
3 3039 9116 13817
3 3039 3038 9116
3 9192 3039 2979
3 9115 3039 13817
3 3039 3040 2979
3 3040 3039 9115
3 3033 13751 9198
3 13751 2904 2906
3 2904 13751 2907
3 2912 13751 2906
3 13751 2912 9198
3 13752 2974 9196
3 9270 13752 9196
3 2914 13752 9270
3 9197 13752 2914
3 2974 13752 9197
3 2907 2910 9271
3 13751 2910 2907
3 13812 3031 9123
3 3092 13812 9123
3 3094 13812 3092
3 3285 8874 3284
3 8795 3285 3284
3 3285 14059 3219
3 8874 3285 3219
3 14118 3285 8795
3 14059 3285 8794
3 3285 14118 8794
3 9039 3157 9038
3 13935 3157 9039
3 3157 13935 8958
3 3157 3158 9038
3 3158 3157 8958
3 8875 13995 3217
3 3218 8875 14058
3 8875 8959 13995
3 8875 3218 8959
3 3283 8875 3217
3 14058 8875 3283
3 8872 3221 13997
3 3220 8872 13997
3 8872 3220 3286
3 8872 3286 14060
3 3221 8872 14060
3 8873 14059 3286
3 3220 8873 3286
3 14059 8873 3219
3 8873 3220 13997
3 8873 8957 3219
3 8873 13997 8957
3 2807 13568 9401
3 2861 13568 9464
3 13568 2861 9401
3 13568 2750 2747
3 13462 2659 9619
3 2660 2659 13462
3 2659 2665 9619
3 2665 2659 2624
3 2659 2660 2624
3 2701 2706 13461
3 2704 2701 13461
3 2701 13514 2706
3 2701 2704 13514
3 13514 2698 2699
3 2704 2698 13514
3 2698 13461 2699
3 2698 2704 13461
3 9463 2755 2749
3 2755 9520 2749
3 2661 13412 2624
3 2661 2666 13412
3 2666 2661 9618
3 9460 9398 2811
3 9398 2810 2864
3 2810 9461 9399
3 2864 2810 9399
3 9460 2810 9398
3 2748 2745 9521
3 13513 2745 2747
3 2745 13513 9521
3 2745 13568 2747
3 2745 2748 9464
3 13568 2745 9464
3 13635 2867 9396
3 2867 13635 9395
3 2809 2756 9462
3 9462 2756 13569
3 2755 2756 9520
3 2756 9519 13514
3 9520 2756 13514
3 2983 3044 9187
3 13758 2983 9187
3 2983 13758 9188
3 13634 9332 9331
3 2866 13634 9331
3 9332 13634 2865
3 13571 9460 2811
3 13693 2920 9264
3 9333 13693 9264
3 2920 13693 9265
3 2921 9333 9264
3 13694 2921 9263
3 9333 2921 13694
3 9189 2921 2981
3 2921 9189 9263
3 2921 9190 2981
3 2921 9264 9190
3 9334 13693 9333
3 2863 9334 9399
3 13693 9334 9265
3 9334 2863 13632
3 9335 9334 13632
3 9265 9334 13692
3 9334 9335 13692
3 13939 8953 8952
3 13939 3163 8953
3 3164 13939 8952
3 3163 13939 9032
3 13939 3164 9032
3 9031 13879 9032
3 3164 9031 9032
3 9031 3164 13940
3 13879 9031 3105
3 9031 3106 3105
3 3106 9031 13880
3 8951 3165 13940
3 3165 3166 13880
3 9031 3165 13880
3 3165 9031 13940
3 9112 3043 13819
3 3042 3043 2982
3 3043 3042 13819
3 2982 3043 9188
3 3043 2983 9188
3 2983 3043 3044
3 2757 2809 9461
3 2810 2757 9461
3 2757 2756 2809
3 9519 2757 13515
3 2756 2757 9519
3 9617 2668 13413
3 2667 9617 13413
3 2757 9518 13515
3 2814 2761 9458
3 2761 9514 13518
3 3282 3345 3283
3 14057 3282 3283
3 3282 14057 3281
3 13995 8876 3217
3 8876 14057 3217
3 8795 3346 8718
3 3346 3284 8796
3 3346 8795 3284
3 3280 8799 8798
3 8799 3343 8798
3 3343 8799 14115
3 8799 3342 14115
3 8799 3279 3342
3 8799 3280 3279
3 8316 3597 14412
3 3597 8317 14412
3 3865 8067 3863
3 7982 14650 3940
3 3741 3742 8222
3 3742 3741 8138
3 3808 3741 8139
3 3741 3808 8138
3 3945 3946 14654
3 7902 14710 7832
3 14711 7902 7832
3 3947 7902 14711
3 7902 3946 14710
3 7902 3947 14654
3 3946 7902 14654
3 7977 3945 14654
3 3811 8137 3810
3 8137 3811 3743
3 3807 14538 8139
3 14538 3808 8139
3 8137 14539 3810
3 14539 8056 3810
3 8056 14539 8057
3 3742 14539 8137
3 14538 8058 3808
3 8058 3875 14595
3 3875 8058 3807
3 8058 14538 3807
3 14762 7834 4003
3 7834 14709 4003
3 7767 7834 14762
3 7903 3945 14709
3 7903 7833 14710
3 3946 7903 14710
3 7903 3946 3945
3 8311 3670 14416
3 8228 3670 3669
3 3669 3670 14415
3 3670 8311 14415
3 14535 3803 8144
3 8143 3803 14535
3 14475 3735 8228
3 3735 3734 8144
3 3735 14475 3734
3 3600 8400 8314
3 8400 3599 8314
3 8313 8399 3600
3 3600 8399 8482
3 3668 14414 3667
3 8313 14414 3668
3 14414 3600 8314
3 14414 8313 3600
3 14705 3988 3989
3 3998 14705 3989
3 3988 14705 3995
3 3995 14705 7840
3 14705 7910 7840
3 7913 3932 3994
3 14703 7913 3994
3 7842 14703 3994
3 7842 7841 14704
3 7841 7842 3996
3 14757 7842 3994
3 7842 14757 3996
3 7912 3936 14647
3 3936 7912 3931
3 7912 14704 3931
3 7912 7842 14704
3 7842 7912 14703
3 8064 3801 3796
3 3936 7987 14647
3 3872 14592 7983
3 3928 14648 3931
3 8067 14532 3798
3 14532 3865 8066
3 3865 14532 8067
3 3728 3666 8231
3 3728 8230 3666
3 3730 3731 8232
3 14474 3733 3734
3 8229 14474 3734
3 14474 8229 3667
3 8230 14474 3667
3 14474 3728 3733
3 3728 14474 8230
3 8061 14593 3873
3 3872 14593 8061
3 14593 3872 7983
3 14593 7982 3873
3 14650 14593 7983
3 14593 14650 7982
3 14291 8558 8559
3 14291 8559 3534
3 14118 3348 8794
3 3348 14118 8717
3 8794 3348 3286
3 3348 14119 3286
3 14176 3348 8717
3 3348 14176 8716
3 14119 3348 8716
3 8202 14493 14497
3 3697 8202 14497
3 8202 3697 14435
3 8844 3246 14021
3 3246 14025 14021
3 3246 8844 14086
3 8843 3246 14086
3 14025 3246 8843
3 8764 14144 3375
3 8764 8763 14087
3 8764 3375 14145
3 8763 8764 14145
3 8374 8289 14432
3 8288 8374 14432
3 8374 8288 3626
3 8289 8374 14371
3 8374 3626 14371
3 8370 3628 8285
3 3628 8371 8285
3 3628 8370 14376
3 14375 3628 14376
3 8371 3628 14375
3 14373 8455 8456
3 8455 3627 14374
3 8455 14373 3627
3 8455 8454 14314
3 8454 8455 14374
3 8371 8286 14435
3 8372 8286 8371
3 14435 8286 14434
3 8286 3627 14434
3 8286 8372 3627
3 14601 3885 8049
3 3885 8048 8049
3 8048 3885 14602
3 7970 7971 14659
3 7970 14601 7971
3 7970 14660 14602
3 14660 7970 14659
3 3885 7970 14602
3 7970 3885 14601
3 14131 3367 8699
3 3367 8700 8699
3 8700 3367 14130
3 3237 14008 14007
3 3237 8857 14008
3 8857 3237 14070
3 3303 8778 8777
3 8778 3303 14070
3 14071 3303 8777
3 3303 8857 14070
3 3303 14071 8856
3 8857 3303 8856
3 3366 8701 14187
3 8701 8620 14187
3 3427 14244 8620
3 8701 3427 8620
3 3427 8701 14186
3 14244 3426 8622
3 8781 3300 14068
3 3300 8780 3301
3 8943 3235 14007
3 3235 8943 14006
3 8858 3237 14007
3 14070 8858 3302
3 3237 8858 14070
3 3616 8467 14361
3 3550 8467 3551
3 8467 3616 8384
3 14361 8467 8468
3 8467 3550 8468
3 8467 8466 3551
3 8466 8467 8384
3 8131 3749 3748
3 3749 8131 3750
3 8298 3617 8384
3 3617 14362 8384
3 14362 3617 8383
3 3617 8298 14425
3 8383 3617 14425
3 14020 14022 8930
3 14022 14020 8848
3 8690 3441 14192
3 14140 8767 8769
3 8692 14140 8769
3 8532 3497 8533
3 14255 3497 8532
3 3497 8534 8533
3 14248 14255 8532
3 14256 14248 3498
3 14248 8532 3498
3 14258 3435 8608
3 14200 3435 8606
3 3435 14258 8606
3 3311 8766 3374
3 8766 14142 3374
3 8766 3311 3319
3 14084 8768 3319
3 14084 8847 3247
3 8767 3317 8769
3 3317 14082 8769
3 3317 14083 14082
3 14083 3244 8848
3 3244 14022 8848
3 8846 8844 14021
3 8846 14085 8844
3 14024 8846 14021
3 14079 8847 14084
3 14079 14084 3319
3 14085 14079 3319
3 8847 3254 3247
3 9010 3120 13898
3 3120 9010 9090
3 9010 13899 9090
3 13960 9007 9009
3 8929 13960 14022
3 13840 3058 2997
3 3058 13840 9087
3 3058 3005 2997
3 3005 3058 9166
3 9088 3121 9085
3 3121 9088 9087
3 13775 2995 9172
3 2995 3056 9172
3 2995 13775 9173
3 13773 3055 9173
3 3055 13773 2994
3 8775 14131 3368
3 14131 8775 3305
3 14132 8775 3368
3 8936 14012 14014
3 14012 8936 8935
3 8936 14014 13953
3 8935 8936 13952
3 8937 8939 14010
3 8939 8940 14010
3 8940 8939 13949
3 8939 13950 13949
3 9017 13951 9018
3 13951 8937 8938
3 13952 13951 8938
3 8291 14430 3624
3 8291 3692 14430
3 8291 8377 14429
3 8377 8291 3624
3 3692 8291 8207
3 3691 8291 14429
3 8291 3691 8207
3 8290 14430 3693
3 14431 8290 3693
3 14430 8290 8376
3 3241 14073 8853
3 14073 14074 8853
3 14072 14073 3241
3 14074 14073 3307
3 14073 8774 3307
3 8774 14073 14072
3 14134 8774 3369
3 8774 14134 3307
3 8697 14134 3369
3 3242 8851 14078
3 8851 3242 14016
3 8852 14075 14076
3 8851 8852 14076
3 14015 8852 8851
3 8852 14014 14075
3 8852 14015 14014
3 13954 9014 13953
3 8932 13957 3180
3 9011 13957 13898
3 13957 9011 3180
3 3120 9011 13898
3 14194 14193 8615
3 8696 14193 14194
3 14193 8697 14191
3 14193 14134 8697
3 14134 14193 8696
3 14194 14136 3370
3 8695 14136 14194
3 8773 14136 14076
3 14136 8773 3370
3 14369 8375 8458
3 14369 8458 8459
3 14311 14310 8458
3 8457 14311 8458
3 14310 14311 8534
3 14311 8457 3560
3 14312 14311 3560
3 14311 14312 8534
3 4218 14950 7533
3 14950 4265 7533
3 4265 14950 7534
3 14950 4218 7587
3 7534 14950 4217
3 14950 7587 4217
3 4111 7707 4056
3 14810 4111 4056
3 7647 4111 14858
3 14859 4111 7647
3 4111 14859 7707
3 7839 14759 3999
3 14706 7839 3999
3 7839 3998 3990
3 7839 14705 3998
3 14706 7908 3940
3 7908 14707 7907
3 14651 3941 7907
3 3941 14651 7982
3 3941 7982 3940
3 7908 3941 3940
3 3941 7908 7907
3 4164 7590 14904
3 7646 4164 14904
3 14859 4164 7646
3 4164 14859 7647
3 4163 14903 7647
3 4163 7647 14858
3 7648 4163 14858
3 4163 7648 14902
3 4163 14902 7591
3 14903 4163 7591
3 14903 4158 7647
3 4158 14903 7590
3 4209 4210 7589
3 4208 4209 7589
3 4210 4209 7536
3 4209 4208 7536
3 4257 4258 4254
3 4255 4258 4257
3 4258 7535 4254
3 4258 4255 7535
3 7838 14706 3999
3 7838 7908 14706
3 7908 7838 14707
3 7771 7838 3999
3 7645 14861 4114
3 4113 4058 7706
3 7646 4113 7706
3 3945 3944 7904
3 14709 7905 7835
3 7905 14709 7904
3 7905 14708 7835
3 7905 3943 14708
3 3944 7905 7904
3 7905 3944 3943
3 3875 7980 14595
3 7980 3875 7981
3 4057 4001 7770
3 4057 7769 4001
3 4058 14811 7706
3 7769 14811 4058
3 4057 14811 7769
3 7706 14811 4112
3 14811 7707 4112
3 14811 7770 7707
3 14811 4057 7770
3 4108 14810 7708
3 4108 4111 14810
3 4111 4108 14858
3 4109 7710 4107
3 14809 7710 4109
3 7710 14808 4107
3 3231 8863 14066
3 8863 3296 14066
3 8863 3230 3296
3 8863 3231 14004
3 8863 14004 8947
3 3230 8863 8947
3 8944 3173 13945
3 3173 8944 8943
3 3173 8943 3174
3 13945 3173 9024
3 3362 8704 14185
3 3362 3300 8781
3 3362 8780 3300
3 14185 3424 8623
3 8704 3424 14185
3 8782 3299 3298
3 8782 3361 3299
3 14126 8782 3298
3 3361 8782 14126
3 3233 14005 8862
3 3233 8861 14005
3 14067 3233 8862
3 8861 3233 14067
3 8714 8791 3351
3 8714 3413 14178
3 3413 8714 14177
3 8715 3349 8716
3 14177 8715 8716
3 8715 8714 3351
3 8714 8715 14177
3 8631 8712 14179
3 8712 8631 3416
3 14180 3355 8711
3 3355 14180 8710
3 14123 3355 8710
3 3355 14123 3293
3 3356 8786 3294
3 8786 3356 14124
3 3356 8709 14124
3 3356 14123 8710
3 8709 3356 14181
3 3356 3418 14181
3 3418 3356 8710
3 3226 8867 14001
3 8951 3226 14001
3 3226 8951 14000
3 8867 3226 14063
3 14121 8790 3289
3 8791 14121 3289
3 3290 8869 3224
3 8869 14000 3224
3 3813 14541 8053
3 14541 3813 8134
3 14598 3881 8053
3 14598 7975 3881
3 7975 14598 14655
3 3879 8054 8055
3 3678 8220 14481
3 8220 3678 8304
3 3678 14421 8304
3 8389 14421 8303
3 8389 3610 8304
3 14421 8389 8304
3 3612 8388 8302
3 8385 14361 3615
3 8299 8385 3615
3 8385 3616 14361
3 8385 8299 3616
3 3682 8300 14423
3 3682 8299 8300
3 14242 3486 3487
3 14242 8624 3486
3 8623 14242 3487
3 3424 14242 8623
3 14242 3424 8624
3 8391 14357 8474
3 3608 8391 8474
3 8309 3605 8395
3 3605 8394 8477
3 3605 14354 8395
3 8478 3605 8477
3 14354 3605 8478
3 3739 3740 14478
3 3740 8223 14478
3 3741 3740 8139
3 14537 8140 3806
3 8140 3739 3806
3 8140 14537 3807
3 8140 3740 3739
3 8140 3807 8139
3 3740 8140 8139
3 3806 3738 8141
3 3739 3738 3806
3 3738 3737 8141
3 3737 3738 14477
3 8225 3738 3739
3 3672 8225 3673
3 8225 3672 14477
3 3738 8225 14477
3 14418 8308 3673
3 3605 8308 8394
3 8308 3605 8309
3 8224 14418 3673
3 8225 8224 3673
3 8224 3739 14478
3 8224 8225 3739
3 8221 14480 3677
3 8221 3676 14480
3 14420 8221 3677
3 3676 8221 14420
3 8306 3676 8305
3 8391 8306 8305
3 8306 8391 3608
3 8392 8306 3608
3 3676 8306 8222
3 8306 8392 3607
3 14294 8554 8555
3 8554 3477 8555
3 8554 14294 3540
3 3541 8554 3540
3 3477 8554 3478
3 3478 8554 8553
3 8554 3541 8553
3 13134 13169 9886
3 13134 9887 13169
3 13134 9886 2417
3 13135 13134 2417
3 9919 13134 13135
3 13134 9919 2386
3 9920 13134 2386
3 2416 9920 13133
3 9888 2416 13133
3 2416 9888 9887
3 13134 2416 9887
3 2416 13134 9920
3 9922 13100 13099
3 13100 9954 13099
3 13132 13100 9922
3 9954 13100 9953
3 9887 13167 13168
3 9888 13167 9887
3 13168 13167 2450
3 2450 13167 9852
3 13167 9853 9852
3 9853 13167 13166
3 13166 13167 2415
3 13167 9888 2415
3 2357 2352 9986
3 2352 2357 9958
3 13095 2379 9926
3 2379 13095 9959
3 13096 9957 9958
3 2353 2349 9986
3 2352 2353 9986
3 2353 9957 2349
3 2353 2352 9957
3 2410 9928 13124
3 9928 13125 13093
3 9928 9929 13124
3 9929 9928 9960
3 9928 13093 9960
3 13160 2405 9895
3 2448 13164 9855
3 2448 9854 13164
3 13202 2448 9855
3 2448 13202 9815
3 9854 2484 9814
3 2484 2520 9814
3 2520 2484 9815
3 2484 2448 9815
3 2448 2484 9854
3 13201 2447 9817
3 13201 9856 2447
3 13163 9856 9855
3 9856 13202 9855
3 9892 9856 13163
3 9856 9892 13162
3 2447 9856 13162
3 9656 13417 2631
3 13370 9656 2591
3 9656 2631 13371
3 2591 9656 13371
3 9612 2630 2672
3 13417 2630 9612
3 2630 13416 2672
3 9656 2630 13417
3 2630 9656 13370
3 2630 13370 9657
3 13369 2630 9657
3 13416 2630 13369
3 13282 9778 9779
3 9778 13282 9738
3 13283 9778 9738
3 9778 13283 13242
3 9778 13242 2518
3 13241 9778 2518
3 9696 2555 13328
3 9696 13329 2555
3 9696 13328 2593
3 13329 9736 2555
3 13286 9736 9695
3 9736 13329 9695
3 9736 13286 9775
3 2441 2439 13158
3 9860 2441 13158
3 2439 2441 13197
3 9659 13415 2629
3 13415 2671 2629
3 2589 9659 9658
3 2589 13323 9702
3 2588 2589 9702
3 9659 2589 2588
3 2589 9658 13369
3 2589 13369 9701
3 13323 2589 9701
3 13367 9660 2587
3 2588 9660 13368
3 9660 2588 2587
3 9661 2577 2580
3 9661 2579 13366
3 2582 9704 13321
3 2582 2585 9704
3 2577 2582 13321
3 9661 2582 2577
3 2585 2582 13367
3 2582 9661 13367
3 9662 13366 2615
3 2628 9615 2670
3 13415 2628 2670
3 2628 13415 9659
3 2628 9659 13368
3 9660 2628 13368
3 9567 2713 13518
3 9568 2713 13465
3 2713 2670 13465
3 13466 2714 2671
3 13466 9567 2714
3 13466 2713 9567
3 2541 2539 13322
3 2544 2541 13322
3 2539 2541 13278
3 2541 2544 13278
3 9151 3006 13794
3 13793 9151 9227
3 9151 13794 9227
3 3006 9151 3067
3 9151 13854 3067
3 13854 9151 13793
3 9298 9228 2944
3 13728 9228 9298
3 2944 9228 13792
3 9228 13728 13792
3 9092 9089 13839
3 9089 9092 3120
3 3057 9092 13839
3 9245 13777 9171
3 2935 13777 9245
3 13777 2935 9172
3 9243 9312 13716
3 9243 2937 9312
3 9168 9243 13779
3 9244 9243 13716
3 13779 9243 9244
3 9441 2825 2772
3 13589 9441 2772
3 9442 2771 13588
3 2771 9442 9499
3 9442 13589 9499
3 9165 13782 2938
3 13772 13782 9165
3 13782 9241 2938
3 13782 13772 9241
3 9162 13772 9165
3 9162 13843 3060
3 13843 9162 9165
3 13772 9162 2947
3 9305 9308 13711
3 13721 9305 13711
3 9305 13721 9306
3 9308 9305 13658
3 9305 9373 13658
3 9373 9305 2883
3 9305 9306 2883
3 9158 3000 13785
3 13776 9158 13785
3 2949 13776 9235
3 2949 9235 13711
3 2881 13655 9310
3 13656 2881 9310
3 13655 2881 9376
3 2881 9438 9376
3 2881 13656 9438
3 9600 2680 13431
3 13480 2680 9600
3 13481 2723 9553
3 2723 13480 9554
3 2723 13533 9553
3 13532 2723 9554
3 13533 2723 13532
3 9243 13780 2937
3 13780 9166 2937
3 13780 3005 9166
3 9643 13385 2639
3 13384 13385 2599
3 13385 13384 2639
3 13385 9643 13386
3 13385 9686 2599
3 13385 13386 9686
3 13293 9768 9769
3 9768 13293 9728
3 9768 9728 13294
3 13252 9768 13294
3 13209 13251 9809
3 2523 13251 13209
3 13251 2523 9769
3 9768 13251 9769
3 13251 13252 9809
3 13251 9768 13252
3 9646 13382 2597
3 13381 9646 2597
3 9646 13381 2637
3 9646 13430 13382
3 9646 2679 13430
3 13429 9646 2637
3 2679 9646 13429
3 9644 13384 13383
3 9644 2638 13431
3 13432 9644 13431
3 13384 9644 2639
3 9644 13432 2639
3 9023 3173 3174
3 3173 9023 9024
3 9023 3113 9024
3 13946 9023 3174
3 9180 3051 13764
3 9180 2990 3051
3 2990 9180 13763
3 2987 9184 3047
3 3048 2987 3047
3 3113 13824 3112
3 13824 3113 9104
3 3050 13824 9104
3 9325 13640 2872
3 13640 9325 13700
3 2929 9325 9256
3 9325 2929 13700
3 9182 2929 9256
3 13762 2929 9182
3 2929 9255 13700
3 9255 2929 13762
3 2930 9255 13763
3 9180 2930 13763
3 9254 2930 13764
3 2930 9180 13764
3 9255 9181 13763
3 9181 9255 13762
3 9181 13762 3050
3 9181 2990 13763
3 2990 9181 3051
3 3051 9181 9104
3 9181 3050 9104
3 9329 13636 2868
3 13636 9329 2869
3 9394 13636 2869
3 2868 13636 9395
3 13636 9394 9395
3 13698 13699 9326
3 9325 13699 9256
3 13699 9325 9326
3 13761 9257 2928
3 9257 13698 2928
3 9257 13699 13698
3 9257 13761 9256
3 13699 9257 9256
3 2927 9258 13697
3 2926 2927 13697
3 2987 2927 9184
3 2927 2987 9258
3 13652 2879 9314
3 2879 13652 9379
3 9245 9315 13712
3 13714 9315 9245
3 9315 9380 13650
3 9315 13714 9314
3 13712 9315 9316
3 9315 13650 9316
3 13580 2874 2819
3 2874 13580 9388
3 9388 13580 13579
3 9450 13580 2819
3 13580 2766 13579
3 2766 13580 9450
3 9098 13833 3117
3 13833 9098 3054
3 9107 3048 3047
3 13823 9106 3049
3 3048 13823 3049
3 13823 3048 9106
3 3357 8785 14124
3 8709 3357 14124
3 3357 3419 8708
3 3357 8709 3419
3 3295 8786 14124
3 8785 3295 14124
3 3295 3296 8864
3 3295 8785 3296
3 3359 14125 8707
3 8784 14125 3359
3 2673 13417 9612
3 13468 2673 9612
3 9611 2673 13468
3 2673 9611 13418
3 13417 2673 2631
3 2673 13418 2631
3 13575 2816 9392
3 9392 2816 13637
3 2816 13574 13637
3 2816 13575 9512
3 9513 2762 9456
3 2763 9513 9456
3 9513 13519 2762
3 9513 2763 13519
3 9452 13577 9390
3 9452 9390 9389
3 13578 9452 9389
3 9452 13578 2765
3 13577 9452 2765
3 9390 2817 2872
3 2676 13423 2634
3 13423 13428 2634
3 13428 13423 2676
3 9651 13375 2634
3 13428 9651 2634
3 13375 9651 2594
3 9651 13376 2594
3 9651 13428 13377
3 13376 9651 13377
3 13332 9693 2595
3 9693 13377 2595
3 9693 13331 13377
3 9693 13332 2557
3 9693 2557 9734
3 13331 9693 9734
3 9509 2765 13524
3 13523 9509 13524
3 9509 13523 2765
3 13326 9699 13371
3 9655 13326 13371
3 9699 13326 13325
3 13326 9739 13325
3 13282 13326 9738
3 9739 13326 13282
3 9697 13373 2593
3 13373 9653 2593
3 13373 2592 9654
3 13373 9697 2592
3 2632 13373 9654
3 13373 2632 13420
3 9653 13373 13420
3 9653 13374 2593
3 13374 9696 2593
3 13374 2633 9652
3 13374 9653 2633
3 13329 13374 9652
3 9696 13374 13329
3 9607 2676 13422
3 9607 13473 2676
3 9607 13422 13472
3 13473 9607 13472
3 2885 9301 9368
3 2885 9432 9369
3 2885 9368 9432
3 13726 9300 13725
3 9230 13726 13725
3 13726 9230 2943
3 13727 13726 2943
3 13726 13727 9300
3 9155 2942 13788
3 3002 9155 13788
3 13852 3003 3065
3 3003 13852 9153
3 3003 9153 2943
3 9234 9233 13786
3 13713 9233 9234
3 9233 2950 13786
3 2950 9233 13722
3 9233 13713 13722
3 9304 9302 2884
3 9304 13723 9302
3 9370 9304 2884
3 9304 9370 13660
3 9304 13660 9303
3 13723 9304 9234
3 13713 9304 9303
3 9304 13713 9234
3 13834 13842 9086
3 3059 13834 9086
3 13834 3059 13842
3 13844 9083 3060
3 13843 13844 3060
3 13844 13843 9084
3 3123 13844 9084
3 9083 13844 3123
3 13958 8927 8928
3 14019 8927 8926
3 8927 14019 14024
3 8928 8927 14024
3 3182 13901 9008
3 3182 13958 13901
3 8927 3182 8926
3 3182 8927 13958
3 7809 4026 14783
3 4026 7742 14783
3 4026 14782 7742
3 14782 4026 7810
3 4026 14729 7810
3 14729 4026 7809
3 3964 14668 7959
3 14668 7957 7959
3 14668 3964 7883
3 7957 14668 7958
3 14669 14668 7883
3 14668 14669 7958
3 14610 7957 7958
3 14552 3831 8118
3 3831 14552 8037
3 8037 14552 8038
3 7957 3897 7959
3 3897 14609 7959
3 14610 3897 7957
3 14609 3897 8037
3 8037 3897 8036
3 3897 14610 8036
3 8368 3629 14377
3 3629 3636 14377
3 14499 8116 14500
3 14556 8115 14555
3 8116 8115 14556
3 8115 14554 14555
3 14554 8115 3832
3 3698 14500 8197
3 3698 14499 14500
3 8284 8285 14436
3 14437 8284 14436
3 8284 8370 8285
3 8370 8284 8368
3 7863 7864 14693
3 7864 3977 14694
3 14693 7864 14694
3 7864 7863 7793
3 14753 7864 7793
3 3977 7864 14753
3 14752 14747 7794
3 14747 14752 7865
3 14689 14632 7939
3 14689 7938 14632
3 3976 14689 7865
3 14689 3976 14692
3 7938 14689 14692
3 14688 14689 7939
3 7865 14689 14688
3 15021 15024 4293
3 15024 15021 7399
3 15032 15022 7450
3 15022 15032 7399
3 7449 7501 4294
3 14988 7501 7449
3 7501 7450 4294
3 7450 7501 14978
3 7501 4246 14978
3 14841 4086 7673
3 14889 14841 7673
3 14841 7736 4086
3 14841 7735 14790
3 7736 14841 14790
3 7612 14889 7613
3 7447 7500 7449
3 7500 7447 14981
3 7554 14984 7553
3 7500 14984 7449
3 14940 14944 7552
3 14944 14940 7609
3 14799 14804 7728
3 14804 14803 7728
3 14804 14799 7796
3 14803 14804 7796
3 14673 7953 14672
3 14673 14729 7879
3 14673 14672 7880
3 14729 14673 7880
3 7954 3900 14614
3 3900 8032 8033
3 14614 3900 8033
3 8112 14502 3765
3 14504 8193 14503
3 8111 14504 14503
3 14442 14504 8192
3 8193 14504 14442
3 3706 14452 8270
3 14451 14513 8184
3 8184 14513 3773
3 14513 14512 3773
3 14392 3639 8436
3 14392 8355 3639
3 8513 8514 14333
3 8514 8513 14276
3 8273 14449 8272
3 14449 14450 8272
3 14449 3704 8187
3 14618 3903 8029
3 3903 14618 7951
3 14676 7950 7951
3 3903 7950 14619
3 7950 3903 7951
3 14620 7950 7949
3 14619 7950 14620
3 7950 14677 7949
3 7950 14676 14677
3 3968 14731 7877
3 14676 3968 7877
3 14675 3968 14676
3 14731 3968 7878
3 3968 14675 7878
3 14616 7952 3902
3 14673 7952 7953
3 7952 14616 7953
3 4027 14785 7807
3 14785 4027 7740
3 14785 4028 7807
3 4028 14785 7740
3 14833 4082 4137
3 7679 14833 4137
3 4082 14833 7742
3 7742 14833 14834
3 14833 7679 14834
3 15204 15206 15166
3 15206 15204 15230
3 4459 15136 15134
3 15136 4459 15137
3 15134 15136 4418
3 15136 15137 4418
3 7316 15134 4418
3 7316 4459 15134
3 15103 4379 15104
3 15104 4379 15101
3 4379 15106 15101
3 7356 4379 15060
3 15106 4379 7356
3 4595 15326 7156
3 4595 7157 15326
3 7157 4595 4570
3 15304 4571 4570
3 15304 4595 7156
3 4595 15304 4570
3 4596 15304 7156
3 4571 15304 4596
3 7179 15278 4544
3 7179 4571 15278
3 4571 7179 4570
3 4543 7179 4544
3 4570 7179 4543
3 4012 7825 14770
3 7758 4012 14770
3 7757 4012 7758
3 7825 4012 14717
3 4012 7824 14717
3 7824 4012 14771
3 4012 7757 14771
3 14822 7693 4069
3 7693 14871 4124
3 4069 7693 4124
3 4014 7823 14772
3 7822 4014 7755
3 4014 14772 7755
3 7823 4014 14718
3 7892 4014 7822
3 4014 7892 14718
3 4066 4121 14821
3 7759 4066 14821
3 4066 7759 7760
3 14769 4011 7826
3 14769 7759 4011
3 7759 14769 4010
3 14769 7827 4010
3 7827 14769 7826
3 3752 8129 3819
3 8129 3752 3751
3 3819 8129 14545
3 8129 3818 14545
3 8129 3751 3818
3 14486 8212 3686
3 14486 3752 8212
3 3752 14486 3751
3 14719 7892 7822
3 4015 14719 7822
3 14719 7821 7891
3 14719 4015 7821
3 7629 14873 4180
3 14873 4128 7689
3 14873 7629 4128
3 14663 3958 7965
3 14663 3957 3958
3 7966 14663 7965
3 3957 14663 7891
3 7517 7518 4280
3 4232 7518 7517
3 7518 7466 4280
3 7466 7518 4279
3 4364 15047 7372
3 15047 4320 7372
3 7371 15047 4364
3 4320 7469 4276
3 7469 4277 14962
3 7521 7469 14962
3 4276 7469 7521
3 4278 15007 7467
3 4278 7468 15007
3 7519 4278 7467
3 4278 7519 14963
3 7468 4278 14963
3 15263 15265 4554
3 15266 15263 4554
3 15265 15263 4525
3 15263 15266 4525
3 15159 4484 4485
3 4484 15159 7292
3 15159 4485 7291
3 4448 15159 7291
3 7292 15159 4448
3 1776 5538 11363
3 11363 5538 1795
3 5538 11362 1795
3 5538 11326 11362
3 5538 1776 11326
3 5600 11251 11252
3 11251 1733 11252
3 11251 5600 1711
3 1733 5578 11252
3 5578 1734 11252
3 11290 5578 5579
3 5578 1733 5579
3 11136 5643 1667
3 5644 11136 1667
3 11136 11176 5643
3 11136 5644 11176
3 1666 5645 11135
3 11134 5645 1666
3 5771 5800 10963
3 5800 5771 1540
3 5800 1513 10963
3 5800 5829 1513
3 5829 5800 10964
3 5800 1540 10964
3 1567 5771 10994
3 5771 1567 5770
3 1567 10994 5742
3 5770 1567 5742
3 10995 1568 5770
3 1568 5769 5799
3 5770 1568 5799
3 1568 10995 5741
3 1568 5741 10996
3 5769 1568 10996
3 12024 12017 5229
3 12022 12024 5229
3 12017 12024 5211
3 12024 12022 5211
3 11288 1732 5581
3 5581 1732 11249
3 1732 5602 11249
3 1732 11250 5602
3 1755 11290 5579
3 11289 1755 5579
3 11290 1755 5558
3 1755 11326 5558
3 11326 1755 5559
3 1755 11289 5559
3 11478 1844 5462
3 11478 1857 5461
3 1844 11478 5461
3 1855 5464 11475
3 5464 11448 11475
3 11448 5464 1842
3 5541 1793 11360
3 1793 5541 11359
3 5541 1773 11359
3 1774 5541 11360
3 5541 1774 11324
3 5437 1882 11531
3 1882 5437 5438
3 11506 1883 5436
3 5437 1883 11506
3 5436 1883 1884
3 5414 11592 1899
3 11591 5414 1899
3 5414 11611 1908
3 5420 5419 11572
3 5419 5426 11572
3 5426 5419 11573
3 1890 5426 11550
3 1890 5434 11549
3 5434 1890 11550
3 5426 1890 11572
3 5427 1890 11549
3 1890 5427 11572
3 11573 5425 11550
3 5425 1891 11550
3 1901 5418 11593
3 5418 5419 11593
3 5419 5418 11573
3 5418 5425 11573
3 11594 5418 1901
3 11552 5432 11551
3 5432 11552 5431
3 1865 11499 1852
3 11499 5455 1852
3 5444 11499 7989
3 11499 1865 7989
3 1866 11499 5444
3 5455 11499 1866
3 5463 1843 11449
3 1842 5463 11449
3 11476 1855 5451
3 1856 11476 5451
3 5463 11476 1856
3 11476 5464 1855
3 5464 11476 1842
3 11476 5463 1842
3 11527 1878 5433
3 11527 5432 1879
3 5432 11527 5433
3 11502 5441 5440
3 5441 11502 1868
3 11503 11502 5440
3 11502 11503 5451
3 11502 5451 5452
3 1868 11502 5452
3 1870 11504 5439
3 1869 1856 5451
3 11503 1869 5451
3 11504 1869 5439
3 1869 5440 5439
3 1869 11503 5440
3 1781 5531 11333
3 1781 1761 11332
3 5532 1781 11332
3 5531 1781 11368
3 1781 5532 11368
3 1779 11331 5553
3 11331 1779 5533
3 11331 5533 1780
3 5514 11366 1798
3 1779 11366 5533
3 5575 1737 11255
3 1737 5575 11293
3 1734 5577 11253
3 11254 1713 11253
3 1713 11254 5597
3 11254 1714 5597
3 1738 1716 11256
3 1738 5594 1716
3 5532 11367 1800
3 11367 5513 1800
3 5533 11367 1780
3 11367 5532 1780
3 5495 11428 1835
3 5495 1819 11428
3 5495 11429 5494
3 1820 5495 5494
3 5481 5495 1835
3 11429 5495 5481
3 1819 5495 11400
3 5495 1820 11400
3 5510 5511 11400
3 5511 5510 1801
3 5511 11399 11400
3 5511 1801 5512
3 11399 5511 5512
3 5516 11396 5515
3 5485 5471 1832
3 1859 5459 11480
3 5459 1859 11481
3 5484 5470 1833
3 5512 11398 1818
3 5513 11398 5512
3 11398 5497 1818
3 11398 5498 5497
3 11394 1796 5518
3 1814 11394 5518
3 11394 1814 5501
3 1815 11394 5501
3 11396 11395 1816
3 11395 11396 5516
3 11395 5516 1797
3 5460 11452 1845
3 11479 5460 1845
3 5460 1858 11480
3 5460 11479 1858
3 1831 5487 5473
3 1831 11423 5487
3 1719 11221 5591
3 1719 5590 11221
3 11260 1719 5591
3 5590 1719 11260
3 1785 11373 5526
3 11373 1785 5527
3 11373 5527 1804
3 5526 11373 5525
3 11373 1804 5525
3 1784 5547 11336
3 1784 5527 5547
3 5548 1784 11336
3 5528 1784 5548
3 11298 5549 5569
3 1741 11298 5569
3 5549 11298 11334
3 1762 11298 5570
3 11298 1741 5570
3 11298 1762 5550
3 11334 11298 5550
3 11768 2017 5358
3 11783 2017 11793
3 2017 11788 11793
3 2017 11762 5358
3 11788 2017 11765
3 2017 11768 11765
3 2017 11787 11762
3 2017 11783 11787
3 7663 11598 4146
3 11578 11598 7724
3 11598 11578 7725
3 4092 11597 7726
3 11597 4092 7664
3 14644 7931 14702
3 7930 14644 14702
3 14644 7930 3917
3 8006 14644 3917
3 14644 8006 3916
3 7931 14644 3916
3 3978 14702 14756
3 3978 7930 14702
3 11597 11577 7726
3 11577 11597 7725
3 7726 4036 14756
3 11577 4036 7726
3 4036 11577 7790
3 11556 7790 7858
3 4036 11556 14756
3 11556 4036 7790
3 3979 7858 11534
3 7929 3979 11534
3 3979 11556 7858
3 14580 14584 8094
3 14584 14582 8094
3 14579 8012 8013
3 14582 8012 14579
3 8012 3914 8013
3 14584 8012 14582
3 8012 14584 14580
3 14581 8012 14580
3 3914 8012 14635
3 8012 8014 14635
3 8012 14581 8014
3 3848 8086 8088
3 3781 8086 8085
3 14587 3848 8006
3 14587 8006 8005
3 3849 14587 8005
3 14587 8086 3848
3 14587 3849 8085
3 8086 14587 8085
3 14585 3848 8088
3 14585 3846 8007
3 8008 14585 8007
3 3848 14585 8008
3 3846 14585 8087
3 14585 8088 8087
3 14167 8663 8742
3 8663 14167 3390
3 14110 14167 8742
3 14167 14110 3328
3 8662 3453 14227
3 14169 8662 14227
3 3391 8662 14169
3 3453 8662 14226
3 8662 3391 14226
3 14168 8663 14226
3 3391 14168 14226
3 8663 14168 8742
3 14168 3391 8741
3 3329 14110 8742
3 14168 3329 8742
3 3329 14168 8741
3 14111 3329 8741
3 14111 8741 3330
3 14111 3267 8819
3 3267 14111 3330
3 13989 8898 3202
3 8898 14052 3202
3 14052 8898 14051
3 14051 8898 3201
3 8898 13989 3201
3 8818 3267 14112
3 8818 14052 3267
3 8818 14112 3268
3 14052 8818 3268
3 13929 13930 3143
3 13929 3143 9060
3 13930 13929 8980
3 13929 8981 8980
3 13929 9060 3142
3 8982 13929 3142
3 8981 13929 8982
3 14338 8509 8510
3 8340 3647 8254
3 3647 8257 8254
3 8257 3647 8343
3 8338 8341 8255
3 8341 8254 8255
3 8341 8340 8254
3 3645 3649 14462
3 3649 8259 14462
3 14284 3453 8583
3 14342 3579 8426
3 3579 14342 14341
3 14285 8582 3516
3 14284 8582 3453
3 8582 14284 3516
3 3453 8582 14227
3 8582 3454 14227
3 8582 14285 3454
3 11340 11341 3519
3 11341 11342 3519
3 3457 11341 11340
3 11342 11341 3457
3 8986 8904 13984
3 8904 8986 13983
3 8904 8903 13984
3 8904 14046 8903
3 8905 8904 13983
3 14046 8825 8824
3 8825 14107 8824
3 8825 3325 14107
3 14210 14152 8678
3 14152 14210 8677
3 14210 3442 8677
3 8598 14210 8678
3 3442 14210 8598
3 3321 14100 14099
3 14098 3321 14099
3 3321 14098 8754
3 8753 3321 8754
3 14326 3568 8442
3 14327 14326 8442
3 14326 8520 3568
3 14221 8587 14222
3 14221 14222 8667
3 14278 14279 8588
3 14279 14278 8511
3 3511 14277 8512
3 8589 14277 3511
3 8512 14277 3510
3 14277 8590 3510
3 14220 14278 8588
3 14278 14220 8589
3 8590 8670 14218
3 14218 8670 14160
3 14039 14040 8910
3 14040 13978 8910
3 14040 8909 13978
3 14040 3258 8831
3 3258 14040 14039
3 14042 14041 8829
3 14040 14041 8909
3 14041 14042 8908
3 13979 14041 8908
3 8909 14041 13979
3 8749 3323 14160
3 8749 14103 3323
3 14103 8749 14104
3 3261 8826 14045
3 14044 3261 14045
3 8826 3261 14104
3 8350 3642 14398
3 3642 8350 8264
3 14398 3642 8349
3 3642 14459 8349
3 3642 8264 14459
3 8179 14457 14456
3 8179 14518 14519
3 8431 14339 14338
3 14339 3577 8508
3 14339 8431 8430
3 3577 14339 8430
3 14339 8509 14338
3 14517 3708 8181
3 3708 14455 8181
3 8266 3708 14456
3 3708 8266 14455
3 3841 8100 14572
3 8100 3841 8099
3 8353 8267 3640
3 8266 8267 14455
3 3640 8267 8266
3 8267 14454 14455
3 8267 8353 14454
3 4671 4672 4648
3 4670 4671 4648
3 4672 4671 7059
3 4671 4670 7059
3 4714 11895 4715
3 4714 4713 11895
3 7024 4714 4715
3 4713 4714 7024
3 11896 7041 7042
3 7023 4717 11927
3 7023 11896 4717
3 11928 7023 11927
3 7058 11869 11842
3 7058 4674 11868
3 11869 7058 11868
3 2061 7058 7080
3 7058 11842 7080
3 7058 2061 7081
3 4674 7058 7081
3 2027 2026 11772
3 2025 2027 11772
3 2026 2027 11795
3 2027 2025 11795
3 5409 1916 1908
3 1916 5408 1908
3 11629 1916 5409
3 5408 1916 11629
3 5414 5413 11592
3 7542 11654 7490
3 11655 7542 7490
3 1920 7542 11641
3 11606 7655 4153
3 7655 11606 4100
3 11605 7655 4100
3 7655 11623 4153
3 7655 11605 11623
3 11605 7656 11623
3 11622 7656 4152
3 7656 11622 11623
3 7656 4099 4152
3 7656 11605 4099
3 4204 11622 7598
3 7597 4204 11639
3 11623 4204 7597
3 11622 4204 11623
3 4204 7544 11639
3 7599 11622 11621
3 7599 11621 7600
3 11637 7599 7600
3 11638 11637 7545
3 11638 4204 7598
3 7544 11638 7545
3 4204 11638 7544
3 7543 7544 4253
3 7543 11653 7491
3 11653 7543 4253
3 11639 7543 1919
3 7544 7543 11639
3 11652 7545 4252
3 7544 11652 4253
3 11652 7544 7545
3 7494 11652 4252
3 11653 1931 7491
3 1931 7439 7491
3 7439 1931 11666
3 1931 7440 11666
3 1931 7492 7440
3 7492 1931 11653
3 7492 11653 4253
3 11652 7492 4253
3 11602 4097 7720
3 7658 4097 4150
3 4097 7659 4150
3 4097 11602 7659
3 4097 11603 7720
3 11603 4097 7658
3 7853 7854 11560
3 3982 7854 11538
3 7854 3982 11560
3 7786 4040 11560
3 7788 11559 11558
3 7788 7787 11559
3 7788 11578 7724
3 7788 11558 7789
3 11578 7788 7789
3 11560 7785 11561
3 4040 7785 11560
3 11561 7785 7784
3 7785 11582 7784
3 11582 7785 7721
3 7785 4040 7721
3 3982 11537 7855
3 11537 11536 7855
3 11537 3982 11538
3 11537 7924 7925
3 7924 11537 11538
3 4147 11616 11617
3 4147 7663 11616
3 4039 7723 11580
3 7723 4039 7787
3 7786 4039 11580
3 7787 4039 11560
3 4039 7786 11560
3 4148 7662 11617
3 7662 4147 11617
3 7723 4095 11580
3 7662 4095 7723
3 11600 4095 4148
3 4095 7662 4148
3 11545 7846 1886
3 1886 7846 11568
3 7846 7778 11568
3 7846 11567 7778
3 1885 7847 11567
3 7846 1885 11567
3 1885 7846 11545
3 1885 11545 7917
3 11544 1885 7917
3 7847 1885 11566
3 11566 1885 7848
3 1885 11544 7848
3 7916 11522 1874
3 11545 7916 1874
3 7916 11546 11523
3 11522 7916 11523
3 7916 1886 11546
3 7916 11545 1886
3 7394 4342 11664
3 4342 7394 11674
3 4341 7394 11664
3 11674 7394 4341
3 7443 4298 7494
3 7443 7494 7495
3 4297 7443 7495
3 4298 7443 11663
3 11663 7443 11662
3 7443 4297 11662
3 1928 11656 7488
3 1928 11657 7540
3 1928 7488 11657
3 11607 1904 7654
3 1904 11607 7715
3 11607 7714 7715
3 11607 7653 7714
3 7652 1913 11626
3 1913 7594 11626
3 447 440 6990
3 440 447 6973
3 7002 11930 4741
3 2151 7002 4741
3 11930 7002 2133
3 6984 11963 6985
3 11963 2151 6985
3 11963 7001 2133
3 7002 11963 2133
3 11963 7002 2151
3 1 6983 6984
3 7001 2134 11931
3 2116 2134 7018
3 2134 11932 7018
3 7019 2134 2116
3 11931 2134 7019
3 1986 11735 5376
3 11735 1971 5376
3 11735 1974 1971
3 11735 5375 1976
3 1975 11735 1976
3 1974 1973 5384
3 1973 1975 5384
3 11735 1973 1974
3 1973 11735 1975
3 2007 7168 1985
3 5356 11774 11798
3 2030 5356 11798
3 11774 5356 11775
3 5356 2030 11775
3 2010 2003 11774
3 7144 2003 2001
3 2003 7144 11774
3 2003 11752 2001
3 2003 1989 11752
3 7144 11773 2020
3 11773 2029 2020
3 2029 11773 2005
3 11773 7144 2001
3 2022 2020 11797
3 2022 7144 2020
3 11798 2022 11797
3 11774 2022 11798
3 7144 2022 11774
3 5379 11732 11727
3 11732 5379 11730
3 11727 11732 5386
3 11732 11711 5386
3 11732 11730 11711
3 11728 1980 11724
3 11728 11731 1980
3 11711 11728 11724
3 11731 11728 11711
3 1960 11707 5389
3 11707 1959 5389
3 1966 5388 11722
3 1969 11719 1976
3 5375 1969 1976
3 1995 11738 5373
3 11738 1995 5372
3 5381 11738 5372
3 11757 2013 5363
3 1995 11757 5363
3 2013 11757 11778
3 11757 1995 11778
3 11738 1978 5373
3 1978 11738 5381
3 1978 11737 5373
3 11737 1978 5382
3 11737 5364 5373
3 5364 11756 2012
3 11756 1994 2012
3 11737 11756 5364
3 11756 11737 1994
3 5365 11777 2012
3 1994 5365 2012
3 5365 2011 11777
3 2011 5365 11755
3 11755 5365 11736
3 5365 1994 11736
3 11776 5355 2031
3 2011 11776 2031
3 11776 2011 11754
3 5355 11776 11775
3 11776 11754 11775
3 11826 5330 2074
3 5318 11826 2074
3 11826 5318 5317
3 11905 5276 11906
3 5291 11905 11906
3 11904 5293 2119
3 7034 5293 2102
3 2119 5293 7034
3 2087 11848 5320
3 11848 2087 5307
3 2072 2087 5320
3 2087 2072 5307
3 5343 2052 5332
3 11800 2052 5343
3 2053 5343 5331
3 5342 2053 5331
3 11878 5303 11851
3 5303 2090 11851
3 2090 5303 11878
3 11879 5288 2107
3 5301 11879 2107
3 2091 11879 5301
3 5288 11879 2106
3 11879 5302 2106
3 2076 11828 5328
3 11828 2076 5315
3 2076 2091 5315
3 2076 5316 2091
3 5330 2075 5329
3 2090 2075 5317
3 5316 2075 2090
3 2075 11826 5317
3 11826 2075 5330
3 5362 5371 1996
3 5362 11767 5371
3 2034 11780 5351
3 11767 11780 5361
3 5378 11745 5370
3 11745 1997 5370
3 11745 11749 1997
3 11745 5378 1980
3 11749 11745 1980
3 11911 5270 2126
3 2125 5270 11911
3 5270 2144 2126
3 5270 11942 2144
3 5270 2125 5271
3 11942 5270 5271
3 3132 13916 9073
3 13916 3132 8994
3 13916 13917 9073
3 13916 8994 8993
3 13917 13916 8993
3 3566 14322 8446
3 8445 3566 8446
3 14322 3566 14323
3 3566 8445 14323
3 8278 8364 14442
3 8278 14442 8192
3 8364 8278 3632
3 8278 14443 3632
3 8362 14385 14384
3 8275 8361 14445
3 8362 8361 14385
3 8361 3634 14385
3 8361 8275 3634
3 8361 8276 14445
3 8361 8362 8276
3 3703 8188 14447
3 8188 3703 14509
3 14443 3701 8277
3 14505 3701 8192
3 3701 8278 8192
3 8278 3701 14443
3 3702 8276 14444
3 8276 3702 14445
3 14506 8191 14505
3 8191 3701 14505
3 8191 3702 14444
3 3702 8191 14506
3 8277 8191 14444
3 3701 8191 8277
3 8027 14620 14621
3 8027 3904 14620
3 3904 8027 14563
3 8026 8027 14621
3 3770 8107 8106
3 8274 14448 8273
3 3704 14448 8274
3 14448 14449 8273
3 14449 14448 3704
3 8200 3696 8199
3 3696 8200 14498
3 8200 8199 14495
3 14498 8200 14495
3 14381 3631 8365
3 3631 8279 8365
3 3631 14441 8279
3 14441 3631 8280
3 3631 8366 8280
3 3631 14380 8366
3 8447 14381 3565
3 14320 8447 3565
3 8447 3631 14381
3 3631 8447 14380
3 14380 8447 8448
3 8448 8447 14319
3 8447 14320 14319
3 14320 8525 14319
3 8525 3501 8526
3 14319 8525 8526
3 8525 14262 3501
3 14262 8525 14263
3 8525 3502 14263
3 14321 8525 14320
3 8524 14321 14322
3 3502 8524 8523
3 8524 14322 8523
3 8525 8524 3502
3 8524 8525 14321
3 14440 8194 8280
3 8282 14440 3630
3 8366 14440 8280
3 14440 8366 3630
3 14501 8195 8197
3 14500 14501 8197
3 14502 14501 3765
3 14501 8114 3765
3 14501 14500 8114
3 8281 14439 8282
3 8195 14439 8197
3 9374 2882 9307
3 2882 13657 9307
3 2882 9374 9437
3 2882 9437 9375
3 13657 2882 9375
3 2939 2949 9237
3 2939 13720 13709
3 13720 2939 9237
3 9595 13435 13485
3 13387 13435 9641
3 13435 2641 9641
3 13435 13387 2640
3 13435 13436 2641
3 13435 9595 13436
3 13434 13435 2640
3 13435 13434 2682
3 3001 9156 13787
3 3001 13787 9157
3 3062 3001 9157
3 9156 3001 13848
3 3001 3062 13848
3 9081 13846 3124
3 13846 9081 3061
3 13846 9082 3124
3 13846 3061 9082
3 13856 9072 3068
3 13856 9150 9073
3 13856 3068 9150
3 3134 13918 8992
3 13918 3134 9071
3 13918 13917 8993
3 13977 13918 8993
3 13918 13977 8992
3 14096 3318 8756
3 3318 14152 8756
3 3318 3255 14095
3 3318 14096 3255
3 8757 3318 14095
3 14152 3318 8757
3 3257 14097 8833
3 14097 3257 8834
3 14096 14097 8834
3 8750 3323 14102
3 3323 8750 14160
3 9072 13857 3068
3 13857 3069 13796
3 3069 13857 9071
3 9149 13857 13796
3 13857 9149 3068
3 13857 13918 9071
3 8832 14098 14099
3 3258 8832 14099
3 8832 3258 14039
3 8832 14039 14038
3 8832 14038 8833
3 14098 8832 8833
3 8751 8750 14102
3 8750 8751 14159
3 14156 3383 8753
3 9477 2786 13558
3 13562 9477 13558
3 2786 9477 13561
3 9477 13562 13561
3 9577 13508 13509
3 13508 9577 2695
3 13455 9577 13509
3 9577 13455 2695
3 13505 9576 2696
3 9576 13505 2739
3 2696 9576 13456
3 9576 13506 13456
3 9576 2739 13506
3 14345 14347 3581
3 14344 14345 3581
3 14347 14345 8503
3 14345 14344 8503
3 8575 3461 3460
3 3461 11309 3460
3 11309 3461 8654
3 8733 11274 3337
3 3399 11274 8733
3 11232 11233 8813
3 11233 11232 11231
3 8813 11233 3273
3 11233 11234 3273
3 11234 11233 11231
3 11313 3464 8651
3 8652 11313 8651
3 3463 11313 8652
3 8573 3463 11312
3 11349 8573 11348
3 3463 8573 11349
3 11350 8570 8571
3 8570 11350 3527
3 3464 11350 8571
3 3526 8572 11349
3 11313 8572 3464
3 8572 11350 3464
3 11350 8572 3526
3 8572 3463 11349
3 8572 11313 3463
3 3525 8495 11349
3 8495 3526 11349
3 8495 11380 3526
3 11440 8239 8155
3 8239 3658 8325
3 3658 8239 11440
3 8410 1805 11383
3 3528 11351 8493
3 11351 3528 8569
3 3528 11352 8569
3 11381 3590 8411
3 3527 11381 8493
3 8244 8243 8330
3 8330 11407 8415
3 8243 11407 8330
3 11407 8243 8329
3 3789 11464 8077
3 11465 11464 3789
3 8234 1839 11445
3 8320 8234 1824
3 11444 8234 8320
3 1839 8234 8150
3 8234 11444 8150
3 8150 1838 11471
3 11444 1838 8150
3 8407 8408 11413
3 8408 8407 1806
3 11413 8408 8323
3 8408 11412 8323
3 11354 8567 1788
3 8567 1769 11318
3 8567 11354 1769
3 11283 8644 1750
3 8644 11320 1750
3 11319 8644 11283
3 8643 1771 11321
3 1771 5543 11321
3 11320 1771 8643
3 8564 1771 11320
3 1770 11319 8566
3 11355 1770 8566
3 1770 8644 11319
3 8644 1770 11320
3 8647 11317 11281
3 8647 11316 3466
3 11317 8647 8568
3 8647 3466 8568
3 11353 8490 1788
3 8567 11353 1788
3 11376 3586 8498
3 8499 11376 8498
3 11376 8499 11375
3 11270 11273 3396
3 11271 11270 3396
3 11270 8735 11273
3 11270 11271 8735
3 11307 3395 8658
3 11307 3457 8578
3 3457 11307 8658
3 11074 9055 3147
3 11077 11074 3147
3 11074 3082 9055
3 11074 11077 3082
3 10012 10526 1136
3 10013 10526 1107
3 1136 10526 10013
3 10526 10012 1108
3 1107 10526 10032
3 10526 10031 10032
3 10526 1108 10031
3 10618 6180 1218
3 6180 10618 1188
3 1218 6180 10617
3 6180 1188 10617
3 6185 1214 10613
3 6156 1214 6185
3 1214 6156 6155
3 6184 1214 6155
3 1214 6184 10613
3 1204 6198 10599
3 6198 6197 1174
3 6197 6198 1205
3 6198 1204 1205
3 6227 6198 1174
3 1236 6138 10633
3 1236 6168 10632
3 6139 1236 10632
3 6167 1236 10633
3 6168 1236 6167
3 10665 10664 6110
3 6109 10665 6110
3 6138 10665 6109
3 1236 10665 6138
3 10664 10665 6139
3 10665 1236 6139
3 6419 10371 971
3 10371 6419 970
3 6419 10345 970
3 10563 6232 1169
3 6232 10563 1141
3 6232 1141 6261
3 10562 6232 6261
3 6232 10562 6233
3 1169 6232 6233
3 938 10342 10095
3 938 10320 10096
3 10320 938 10095
3 934 938 10096
3 966 938 934
3 10342 938 966
3 6441 10324 6460
3 10344 6441 6442
3 6441 6460 10323
3 6442 6441 10323
3 10327 947 925
3 6454 10327 925
3 10327 6454 924
3 10329 6452 6434
3 6452 926 6434
3 926 6452 10313
3 10313 6452 10314
3 6452 927 10314
3 927 6452 10329
3 947 6435 925
3 948 6435 10350
3 6435 6414 10350
3 6435 947 6414
3 10538 1121 10504
3 1121 6279 10504
3 1121 10538 10539
3 1121 10539 10505
3 6279 1121 10505
3 1055 1056 10431
3 1055 6316 1056
3 6345 1055 10431
3 6317 1055 1054
3 1055 6317 10464
3 6316 1055 10464
3 1055 10430 1054
3 10430 1055 6345
3 6437 10348 946
3 974 10348 6416
3 946 10348 974
3 10348 945 6416
3 10348 6437 945
3 10373 6394 1002
3 973 6394 10373
3 6394 972 10372
3 6394 10403 1002
3 6394 10372 10403
3 6417 973 10347
3 6394 6417 972
3 6417 6394 973
3 921 6457 10309
3 6457 921 10325
3 921 6458 10325
3 6472 921 10309
3 6458 921 6472
3 6459 10308 6473
3 6459 920 10308
3 10307 6459 6473
3 6460 6459 10307
3 10324 6459 6460
3 920 6459 10324
3 10566 1173 6227
3 6228 1173 10566
3 6198 1173 10599
3 1173 6198 6227
3 1173 6199 10599
3 1173 6228 6199
3 6228 1144 6257
3 1144 6228 10566
3 1144 10566 6256
3 1144 6256 10533
3 6257 1144 10533
3 1172 10565 6229
3 1172 6228 10565
3 6228 1172 10598
3 10598 1172 6200
3 1172 6229 6200
3 5740 5711 1598
3 5711 1597 11068
3 1598 5711 11068
3 10740 1306 6063
3 1333 10740 6063
3 10740 1333 6033
3 10740 6033 1334
3 1306 10740 1334
3 1502 5814 1529
3 10950 5814 1502
3 10981 5756 5784
3 10981 1556 5756
3 10981 5784 1529
3 5814 10981 1529
3 10981 5814 10950
3 5816 10949 1501
3 5786 5785 1528
3 5785 10950 1528
3 1556 5785 5757
3 5785 10981 10950
3 10981 5785 1556
3 5758 5729 11015
3 5729 5758 11014
3 10979 5787 1554
3 1393 5909 1394
3 1393 1392 5909
3 1392 1393 5968
3 1393 1394 10802
3 5968 1393 10802
3 10738 6035 1332
3 6064 10738 1332
3 1358 10766 6005
3 10766 6006 6005
3 6006 10766 1358
3 10737 1331 6036
3 1331 6037 6036
3 6037 1331 10737
3 10736 1303 6067
3 10736 6037 1303
3 6037 10736 1330
3 10736 6067 1302
3 1330 10736 1302
3 10832 1424 1426
3 1425 1424 10832
3 1424 10859 1426
3 1424 1425 10859
3 5936 5935 1423
3 5936 1425 10832
3 1425 5936 1423
3 1399 5936 10832
3 5935 5936 1399
3 5937 1399 1398
3 5937 5935 1399
3 5938 5937 1398
3 10889 1449 5904
3 1449 1448 5904
3 1448 1449 1426
3 1426 1449 10861
3 6074 6073 10701
3 6073 6103 10701
3 6073 6074 10730
3 1298 6073 10730
3 6073 10702 6103
3 6073 1298 10702
3 11611 7711 1907
3 7711 1898 1907
3 7711 11591 1898
3 5414 7711 11611
3 7711 5414 11591
3 1897 11590 7777
3 11590 7776 7777
3 7712 11590 11589
3 11590 1897 11589
3 1898 11590 7712
3 7776 11590 1898
3 8319 1825 5508
3 11416 8319 5508
3 8319 5480 1825
3 5480 8319 11445
3 8319 8234 11445
3 8319 11416 1824
3 8234 8319 1824
3 11442 8153 1837
3 11442 1836 8153
3 11442 8237 1836
3 5524 5523 1791
3 5524 11388 5523
3 8487 5524 1791
3 11388 5524 8487
3 11388 11389 5523
3 11389 1810 5522
3 11389 11388 1809
3 11389 1809 5507
3 1810 11389 5507
3 11417 5493 5507
3 5493 11417 1825
3 11417 5507 5508
3 1825 11417 5508
3 1792 11358 5523
3 11359 1792 5522
3 1792 11359 5542
3 11358 1792 5542
3 1792 11389 5522
3 11389 1792 5523
3 5562 11322 5542
3 11322 1752 5563
3 11322 5562 1752
3 11323 5562 5542
3 1773 11323 5542
3 5562 11323 11287
3 11212 5601 1711
3 11211 5601 11212
3 5601 11251 1711
3 11251 5601 11250
3 11250 1710 5602
3 5602 1710 11210
3 1710 11211 11210
3 5601 1710 11250
3 1710 5601 11211
3 11171 5624 1687
3 1687 5624 11172
3 5624 11211 11172
3 5624 11171 11210
3 11211 5624 11210
3 11088 5677 1662
3 11130 5677 1661
3 1662 5677 11130
3 5677 11088 1636
3 5677 11087 1661
3 11087 5677 1636
3 5676 1662 11089
3 5676 11088 1662
3 1665 11133 5646
3 11133 1665 5673
3 11134 1665 5646
3 1665 11092 5673
3 11052 5699 1584
3 5699 5728 1584
3 11016 5699 5727
3 5699 11016 5728
3 5699 11052 5700
3 5699 11092 1613
3 1612 1639 5700
3 1639 5699 5700
3 5673 1639 11091
3 1639 1612 11091
3 11092 1639 5673
3 5699 1639 11092
3 5701 1612 11051
3 5701 1638 1612
3 5701 11051 1611
3 1638 5701 1611
3 5760 10978 5788
3 5787 10978 1554
3 10978 5787 5817
3 5788 10978 5817
3 11050 5730 1582
3 11051 5730 1611
3 5730 11050 1611
3 10976 1552 9342
3 1552 10976 9273
3 11086 9125 1634
3 9125 1607 1634
3 1607 9125 11046
3 11046 9125 1579
3 9201 11011 9273
3 11011 9201 1580
3 11010 9201 9273
3 9201 11010 1580
3 5761 11011 5732
3 11011 5761 9273
3 5761 1552 9273
3 5732 5704 1581
3 11048 5704 5732
3 5704 11049 1581
3 5704 11048 11087
3 5702 1637 11089
3 1610 1637 5702
3 1637 5676 11089
3 5676 1637 11088
3 5703 11049 1636
3 11088 5703 1636
3 5703 1610 1582
3 1637 5703 11088
3 5703 1637 1610
3 5731 5703 1582
3 5703 5731 11049
3 11092 1640 1613
3 1640 5698 1613
3 5698 1640 11093
3 1586 5725 11018
3 5725 1586 11055
3 11018 5725 1587
3 5725 11055 1587
3 5729 1583 11051
3 1583 5729 11014
3 1583 5730 11051
3 5730 1583 11014
3 11082 1631 3086
3 1631 1603 3086
3 1657 1631 11082
3 1631 1632 1604
3 1603 1631 1604
3 9047 9048 1658
3 9048 11125 1658
3 9048 1657 11125
3 9048 1631 1657
3 3339 8731 11277
3 8731 3401 11277
3 8731 3339 11239
3 3338 8731 11239
3 3401 8731 11276
3 8731 3338 11276
3 3465 11315 8649
3 8648 11315 8569
3 11315 8570 8569
3 11315 3465 8570
3 11315 3403 8649
3 3403 11315 8648
3 11280 3403 8648
3 3403 11280 8728
3 11127 1683 8964
3 11167 1683 8881
3 8964 1683 11167
3 1683 11206 8881
3 1681 8883 8966
3 8883 11165 8966
3 8883 1681 11204
3 11205 8883 11204
3 11165 8883 11205
3 11126 1682 8965
3 11165 1682 11126
3 1682 8882 8965
3 1682 11205 8882
3 1682 11165 11205
3 275 4939 12477
3 249 275 12477
3 4967 275 249
3 275 4967 12476
3 4939 275 12476
3 201 5014 12393
3 5014 12389 12393
3 12389 5014 12348
3 5014 12345 12348
3 12345 5014 201
3 12683 398 12684
3 12683 12682 398
3 12683 12684 12636
3 12682 12683 12636
3 424 423 4758
3 423 424 4786
3 12784 424 4758
3 12776 424 12784
3 424 12776 12777
3 425 424 4757
3 424 425 4786
3 424 12786 4757
3 424 12777 12786
3 12630 364 4847
3 4847 364 12678
3 364 12630 4848
3 394 364 4818
3 395 4817 4786
3 4817 395 365
3 4817 394 4786
3 4817 365 12678
3 364 4817 12678
3 4817 364 394
3 4784 12731 12732
3 12728 4784 12732
3 4784 426 12733
3 12731 4784 12733
3 4815 397 367
3 397 4814 367
3 12737 397 4815
3 397 12737 12738
3 397 12732 4814
3 397 12728 12732
3 12475 274 4968
3 4968 274 248
3 4940 274 12524
3 274 12475 12524
3 274 12476 248
3 274 4940 12476
3 4967 12431 248
3 12431 12430 248
3 12431 4967 249
3 12431 249 4992
3 223 12431 4992
3 4994 222 12385
3 12430 222 4994
3 12233 569 6845
3 12233 546 6866
3 6846 12233 6866
3 569 12233 6846
3 546 12233 6865
3 12233 6845 6865
3 6628 758 757
3 760 758 6628
3 757 758 6658
3 758 760 6658
3 759 762 6658
3 759 787 762
3 785 794 15507
3 794 793 15507
3 15511 6624 797
3 15511 797 828
3 798 15511 6592
3 15511 6560 6592
3 15511 828 6560
3 15511 798 15497
3 6624 15511 15497
3 15473 6712 699
3 707 6712 15473
3 6737 708 15464
3 6710 6737 15464
3 624 625 6788
3 625 645 644
3 645 625 624
3 15446 6763 6762
3 596 597 15440
3 597 606 15440
3 15435 597 596
3 606 597 15434
3 597 15435 15434
3 606 603 6811
3 603 606 15434
3 15435 598 600
3 598 15441 600
3 15434 578 6834
3 15435 578 15434
3 578 576 6834
3 576 578 555
3 578 581 555
3 15396 15394 7026
3 15397 15396 7026
3 15394 15396 7046
3 15396 15397 7046
3 15380 15382 15364
3 15384 15382 15380
3 15382 15384 4688
3 4682 4677 7050
3 4677 4682 7071
3 4699 15390 4704
3 4726 4699 4704
3 4699 4726 7030
3 7160 4592 4567
3 4566 7160 4567
3 4591 7160 4566
3 4616 7160 4591
3 15271 4527 4528
3 4533 4527 15271
3 4528 4527 15244
3 4527 4533 15244
3 7299 4477 15154
3 4477 7267 15186
3 15154 4477 15186
3 4477 4476 7267
3 4477 7299 4476
3 15217 7266 15186
3 7266 15217 7238
3 7266 4478 15186
3 7266 7265 4478
3 7266 7238 7265
3 4007 7831 14764
3 7831 4007 7830
3 7700 4063 14815
3 7763 4063 14816
3 4063 7700 14816
3 4171 7640 14910
3 7640 4171 14865
3 7580 14957 7527
3 14957 7580 4222
3 7528 14957 4222
3 14957 7528 7476
3 4270 14957 7476
3 14957 4270 7527
3 7975 14656 7974
3 3949 14656 7975
3 7899 14656 3949
3 14656 7899 3950
3 14656 7973 7974
3 7973 14656 3950
3 14768 7828 14767
3 7761 14768 14767
3 7760 14768 7761
3 14768 7760 4010
3 7827 14768 4010
3 7828 14768 7827
3 4358 7377 15043
3 7378 4358 15043
3 4358 15082 7377
3 4358 4398 7336
3 15082 4358 7336
3 4357 15081 7379
3 15081 7378 7379
3 15081 4397 7337
3 15081 4357 4397
3 4398 15081 7337
3 4358 15081 4398
3 15081 4358 7378
3 7300 7301 15152
3 7301 7300 15118
3 7301 15118 4438
3 15151 7301 4438
3 7301 15151 15152
3 4060 14813 7766
3 7767 4060 7766
3 4116 7703 14862
3 7703 4061 14813
3 7703 4116 4061
3 12934 12942 2240
3 12942 10132 2240
3 12942 12940 10132
3 12940 12942 2245
3 12942 12948 2245
3 12942 12934 12948
3 13751 2973 9197
3 2973 13751 3033
3 2973 3033 3034
3 2974 2973 3034
3 2973 2974 9197
3 2909 9197 2913
3 9271 2909 2913
3 2910 2909 9271
3 2909 13751 9197
3 2909 2910 13751
3 9199 3030 2971
3 3027 3030 9199
3 3024 9199 3031
3 13812 3024 3031
3 2808 2755 9463
3 2808 9400 13569
3 9400 2808 2862
3 2808 9401 2862
3 2808 9463 9401
3 2709 2661 13462
3 2661 2709 9618
3 2709 13462 9572
3 9571 2709 13515
3 2709 9519 13515
3 9519 2709 9572
3 2657 2661 2624
3 2661 2657 13462
3 13572 2867 9395
3 2814 13572 9395
3 13572 2814 9458
3 2867 13572 9396
3 9396 13572 2812
3 13572 2760 2812
3 2760 13572 9458
3 2865 9397 2811
3 13634 9397 2865
3 9397 13571 2811
3 9397 13634 2866
3 9397 2866 9459
3 13571 9397 9459
3 13633 9333 2864
3 13633 9334 9333
3 13633 2864 9399
3 9334 13633 9399
3 8950 8951 14001
3 8950 3165 8951
3 3165 8950 3166
3 3227 8950 14001
3 13941 8950 14002
3 3166 8950 13941
3 8950 8866 14002
3 8866 8950 3227
3 3043 13820 3044
3 3044 13820 9110
3 13820 3106 9110
3 9568 2712 13517
3 2712 9569 13517
3 2712 9568 13465
3 9569 2712 9616
3 2759 13571 9459
3 2759 9459 2812
3 2760 2759 2812
3 13464 9616 2668
3 13464 9569 9616
3 9617 13464 2668
3 9518 2758 13516
3 2758 9518 2757
3 2758 2810 9460
3 2758 2757 2810
3 2710 9571 13515
3 9518 2710 13515
3 9457 2761 2814
3 2761 9457 9514
3 9457 2814 13573
3 9514 9457 13573
3 9515 2760 9458
3 2761 9515 9458
3 9515 2761 13518
3 2713 9515 13518
3 2760 9515 9568
3 9515 2713 9568
3 3344 8797 14116
3 8797 3281 14116
3 8797 3282 3281
3 3282 8797 3345
3 8797 3344 8720
3 3345 8797 8720
3 3215 8877 13994
3 14057 8877 3281
3 8877 3215 14056
3 3281 8877 14056
3 3345 14117 8796
3 14117 3346 8796
3 8719 14175 8718
3 3346 8719 8718
3 14117 8719 3346
3 14174 8719 3345
3 8719 14117 3345
3 3597 8403 8317
3 8402 3598 8485
3 3597 8402 8485
3 3598 8402 8316
3 8402 3597 8316
3 7988 3932 14647
3 7987 7988 14647
3 7988 3864 3867
3 3864 7988 7987
3 3794 3864 8065
3 3867 3794 8066
3 3864 3794 3867
3 3861 8064 3796
3 8065 3861 3796
3 8056 14596 3878
3 8136 3744 3743
3 3811 8136 3743
3 3745 14541 8134
3 14541 3745 8135
3 3744 3745 14481
3 8135 3745 3744
3 14540 3878 8055
3 14540 8056 3878
3 8056 14540 3810
3 14540 3811 3810
3 14539 3809 8057
3 3808 3809 8138
3 8057 3809 3808
3 3809 3742 8138
3 3809 14539 3742
3 3876 8057 3808
3 8058 3876 3808
3 3876 8058 14595
3 3876 14595 7979
3 7834 4004 14709
3 4004 7903 14709
3 7903 4004 7833
3 7833 4004 14763
3 4004 7834 7767
3 14763 4004 7766
3 4004 7767 7766
3 8396 3604 8479
3 3604 8478 8479
3 3604 14354 8478
3 14354 3604 8395
3 3604 8309 8395
3 3604 8396 8310
3 8309 3604 8310
3 8227 3670 8228
3 3735 8227 8228
3 8227 8226 3671
3 14416 8227 3671
3 3670 8227 14416
3 14351 8400 3600
3 14351 8482 8483
3 14351 3600 8482
3 3599 14351 8483
3 8400 14351 3599
3 3601 14352 8482
3 8399 3601 8482
3 3601 8398 14352
3 3601 8399 8313
3 3939 14650 7983
3 3939 14706 3940
3 14650 3939 3940
3 3934 7913 14703
3 7912 3934 14703
3 3934 7912 14647
3 3932 3934 14647
3 7913 3934 3932
3 8145 3733 3796
3 3801 8145 3796
3 3733 8145 3734
3 8063 14534 8064
3 14534 3801 8064
3 14534 8145 3801
3 3734 14534 8144
3 8145 14534 3734
3 14648 7986 3931
3 7986 3936 3931
3 7986 7987 3936
3 7985 7986 14648
3 8063 8062 14535
3 8062 3804 14535
3 3804 8062 8061
3 8062 3872 8061
3 14591 8063 3862
3 7986 14591 3862
3 14591 7986 7985
3 3870 8062 8063
3 8062 3870 14592
3 14591 3870 8063
3 3870 14591 7985
3 14705 3938 7910
3 3939 3938 14705
3 3732 3728 8231
3 8148 3731 3730
3 8148 14531 3798
3 14531 8148 3730
3 14532 8148 3798
3 8148 14532 8147
3 14176 3411 8716
3 8635 3475 14235
3 3476 3475 8556
3 14235 3475 3476
3 8558 3474 3473
3 3474 3475 8635
3 8482 3535 3534
3 3535 14291 3534
3 8201 3695 14493
3 8202 8201 14493
3 3695 8201 14435
3 8201 8202 14435
3 3312 14087 14086
3 3312 8764 14087
3 8765 3312 14086
3 8764 3312 14144
3 14143 3312 8765
3 14144 3312 14143
3 3561 14313 8456
3 8455 3561 8456
3 3561 8455 14314
3 8532 3561 14314
3 14313 3561 8532
3 8776 14131 3305
3 8776 3367 14131
3 8776 14071 3304
3 14071 8776 3305
3 8776 3304 14130
3 3367 8776 14130
3 8701 14129 14186
3 8779 14129 3302
3 14129 8778 3302
3 3426 3425 8622
3 3425 14243 8622
3 14243 3425 8623
3 3425 14185 8623
3 8621 3427 14186
3 3426 8621 14186
3 3427 8621 14244
3 8621 3426 14244
3 3301 14128 8779
3 8780 14128 3301
3 8860 3234 14068
3 3300 8860 14068
3 3235 8860 3300
3 3234 8860 14006
3 8860 3235 14006
3 14069 3300 3301
3 8858 14069 3302
3 14069 8779 3302
3 14069 3301 8779
3 8849 14020 3243
3 8849 14082 8848
3 14020 8849 8848
3 8610 8607 14192
3 3441 8610 14192
3 8607 8610 14256
3 8689 14140 8692
3 3441 8689 14198
3 8689 3441 8690
3 3434 3441 14198
3 14254 3497 14255
3 8612 14254 14255
3 3497 14254 8534
3 14254 3496 8534
3 14253 14252 3496
3 14254 14253 3496
3 8688 3435 14200
3 3435 8688 8687
3 8688 14142 8687
3 8688 14200 3374
3 14142 8688 3374
3 14199 3443 8687
3 3443 3435 8687
3 3435 3443 8608
3 8608 3443 8607
3 8607 3443 14192
3 3443 14199 14192
3 14077 14084 3247
3 3244 14077 3247
3 14077 3244 14083
3 8768 14141 3319
3 14141 8766 3319
3 14142 14141 8687
3 8766 14141 14142
3 14019 3245 14024
3 3245 14019 3249
3 3256 3254 8847
3 14079 3256 8847
3 9010 3181 13899
3 13899 3181 9009
3 13960 3181 8930
3 3181 13960 9009
3 13900 3121 9009
3 9007 13900 9009
3 3121 13900 9085
3 9085 13900 9008
3 13900 9007 9008
3 14013 3256 14019
3 3256 14013 3254
3 14013 14019 8926
3 8929 14013 8926
3 13841 9088 9085
3 9166 13841 9085
3 3058 13841 9166
3 13841 3058 9087
3 9088 13841 9087
3 13837 9094 3056
3 2995 13837 3056
3 9096 13837 2995
3 9096 9095 3125
3 3178 8936 13953
3 8936 3178 13952
3 3178 9015 13952
3 9015 3178 9016
3 3306 14072 3305
3 8775 3306 3305
3 3306 8774 14072
3 8774 3306 14132
3 3306 8775 14132
3 8939 3177 13950
3 3177 13951 9017
3 3177 8939 8937
3 13951 3177 8937
3 3177 9017 13892
3 9019 3177 13892
3 13950 3177 9019
3 14135 14134 8696
3 8773 14135 3370
3 14135 8696 3370
3 14135 8773 3307
3 14134 14135 3307
3 9014 9013 13953
3 9013 3178 13953
3 3178 9013 9016
3 13888 9096 3125
3 13888 13954 9012
3 13954 13888 9014
3 8934 13954 13953
3 13954 8934 14015
3 14014 8934 13953
3 14015 8934 14014
3 13954 3179 9012
3 3242 14018 14016
3 14018 8932 14016
3 14020 14018 3243
3 14018 14020 8931
3 13957 14018 8931
3 14018 13957 8932
3 13959 13957 8931
3 13959 3181 9010
3 13959 9010 13898
3 13957 13959 13898
3 3181 13959 8930
3 13959 14020 8930
3 14020 13959 8931
3 14193 3431 8615
3 8615 3431 14249
3 3431 8616 14249
3 8616 3431 14191
3 3431 14193 14191
3 8772 14136 8695
3 14136 8772 14076
3 14252 8613 3432
3 14253 8613 14252
3 8613 14254 8612
3 8613 14253 14254
3 8376 3625 8459
3 3625 14369 8459
3 8290 3625 8376
3 14369 3625 8375
3 8375 3625 14431
3 3625 8290 14431
3 3992 7839 3990
3 7839 3992 14759
3 7772 3992 3990
3 14759 3992 7772
3 4156 4159 7590
3 4164 4156 7590
3 4159 4156 7647
3 4156 4164 7647
3 4159 4154 7590
3 4154 4158 7590
3 4154 4159 7647
3 4158 4154 7647
3 4207 4208 7589
3 4206 4207 7589
3 4208 4207 7536
3 4207 4206 7536
3 7536 4205 14948
3 4206 4205 7536
3 4205 4215 14948
3 4215 4205 7589
3 4205 4206 7589
3 4000 14760 7837
3 14707 4000 7837
3 7838 4000 14707
3 4000 7771 14760
3 4000 7838 7771
3 14906 7586 7643
3 7586 14906 7587
3 14906 4166 7587
3 4058 14812 7768
3 14860 7645 4114
3 14860 4113 7646
3 4165 14860 7646
3 7645 14860 4165
3 14652 3944 7979
3 3944 14652 3943
3 14652 7980 3943
3 14595 14652 7979
3 7980 14652 14595
3 3943 3942 7906
3 7980 3942 3943
3 3942 14651 7907
3 14651 3942 7981
3 3942 7980 7981
3 3942 14707 7906
3 14707 3942 7907
3 4102 4104 7708
3 4104 4108 7708
3 4104 4102 14858
3 4108 4104 14858
3 4053 14809 7773
3 4053 7710 14809
3 7710 4053 14808
3 14808 4053 7774
3 4053 3991 7774
3 4053 3997 3991
3 4053 7773 3997
3 14127 3362 8781
3 3299 14127 8781
3 3361 14127 3299
3 14127 3361 8704
3 3362 14127 8704
3 14184 3424 8704
3 3423 14184 8705
3 8624 14184 3423
3 3424 14184 8624
3 14184 3361 8705
3 3361 14184 8704
3 3349 3350 3287
3 8715 3350 3349
3 3353 8713 14179
3 8712 3353 14179
3 3353 8789 8790
3 3353 8712 14122
3 8789 3353 14122
3 3354 3416 8711
3 8712 3354 14122
3 3354 8712 3416
3 3292 8788 3293
3 8788 3355 3293
3 3354 8788 14122
3 3355 8788 8711
3 8788 3354 8711
3 8788 8789 14122
3 8788 3292 14063
3 8789 8788 3291
3 3291 8788 14063
3 14123 8787 3293
3 3356 8787 14123
3 8787 14064 3293
3 8787 3294 14064
3 8787 3356 3294
3 8868 3226 14000
3 8868 3291 14063
3 3226 8868 14063
3 8790 14062 3290
3 14062 8789 3291
3 8789 14062 8790
3 14062 8869 3290
3 14541 3880 8053
3 3880 14541 8054
3 3880 14598 8053
3 7977 14597 3878
3 3878 14597 8055
3 14597 3879 8055
3 8388 3611 8303
3 3611 8389 8303
3 3610 14358 8473
3 8389 14358 3610
3 3611 14358 8389
3 14359 3613 8470
3 14359 8470 3547
3 3613 14359 8302
3 14359 3612 8302
3 3681 8216 14423
3 8216 3682 14423
3 14483 8216 3681
3 3748 8216 3747
3 8216 14483 3747
3 8214 8215 3750
3 8215 3749 3750
3 3609 8391 8305
3 8391 3609 14357
3 3609 8305 8390
3 14357 3609 8390
3 3543 8475 8474
3 8475 3608 8474
3 3542 8475 3543
3 8476 8475 3542
3 3740 14479 8223
3 14479 3740 3741
3 14479 3675 8223
3 14479 3741 8222
3 3675 14479 8222
3 3606 8308 14418
3 3606 8393 14355
3 8394 3606 14355
3 8308 3606 8394
3 8393 3606 8307
3 3606 14418 8307
3 8224 3674 14418
3 3674 8223 8307
3 14418 3674 8307
3 8223 3674 14478
3 3674 8224 14478
3 14419 3675 8222
3 8306 14419 8222
3 8223 14419 8307
3 3675 14419 8223
3 8307 14419 3607
3 14419 8306 3607
3 9953 2385 13101
3 13100 2385 9953
3 13068 13069 9986
3 13069 2357 9986
3 13069 13068 9958
3 2357 13069 9958
3 2380 2379 9959
3 2379 2380 9926
3 13095 2382 9958
3 2382 13096 9958
3 2382 13095 9926
3 9957 2383 13097
3 13096 2383 9957
3 13097 2383 9924
3 2409 13160 9894
3 2409 9894 13126
3 13125 2409 13126
3 2519 13243 9776
3 13201 2519 9816
3 13243 2519 9817
3 2519 13201 9817
3 2519 13244 9816
3 13244 2519 9776
3 13202 2483 9816
3 9856 2483 13202
3 2483 13201 9816
3 2483 9856 13201
3 13244 13285 9775
3 13285 9736 9775
3 13285 13244 9776
3 2555 13285 9776
3 9736 13285 2555
3 2628 13414 9615
3 9661 2584 2579
3 2579 2584 9705
3 9662 2625 2616
3 2616 2625 2667
3 2667 2625 9618
3 2625 2666 9618
3 2626 9661 13366
3 9662 2626 13366
3 2668 2626 13413
3 9661 2626 2668
3 2626 2616 13413
3 2626 9662 2616
3 13415 9614 2671
3 9614 13466 2671
3 9614 13415 2670
3 2713 9614 2670
3 13466 9614 2713
3 13829 9092 3057
3 9092 13829 9091
3 13829 3057 2996
3 9094 3064 3056
3 13777 3064 9171
3 9171 3064 2996
3 3064 13829 2996
3 3056 3064 9172
3 3064 13777 9172
3 13590 13589 9379
3 13590 9441 13589
3 9378 13590 9379
3 13590 9378 2825
3 9441 13590 2825
3 9380 2824 13588
3 2824 9442 13588
3 2879 2824 9380
3 2824 2879 9379
3 13589 2824 9379
3 9442 2824 13589
3 9160 2999 3060
3 9163 13783 2947
3 9162 9163 2947
3 9163 2999 13783
3 9163 9162 3060
3 2999 9163 3060
3 9238 2949 13711
3 2949 9238 9237
3 9308 9238 13711
3 9237 9238 9308
3 9599 2680 13480
3 2723 9599 13480
3 9599 2723 13481
3 13432 9599 13481
3 9599 13432 13431
3 2680 9599 13431
3 13780 9169 3005
3 9169 9168 2997
3 3005 9169 2997
3 9169 9243 9168
3 9169 13780 9243
3 9645 9644 13383
3 9644 9645 2638
3 13382 9645 13383
3 2638 9645 13382
3 3114 13886 13887
3 13886 9022 13887
3 13886 3114 3113
3 9023 13886 3113
3 9022 13886 13946
3 13886 9023 13946
3 13761 2988 3049
3 2988 3048 3049
3 13824 9105 3112
3 9105 13824 3050
3 9105 3050 3049
3 3111 9105 3049
3 9105 3111 3112
3 13701 2930 9254
3 13701 9323 9324
3 9323 13701 9254
3 9255 13701 9324
3 2930 13701 9255
3 13760 2927 2926
3 2927 13760 9184
3 13760 2926 2986
3 9184 13760 2986
3 2879 13651 9314
3 13651 2879 9380
3 13651 9315 9314
3 9315 13651 9380
3 3118 9013 3125
3 13835 3055 2994
3 9174 13835 2994
3 13835 9174 3054
3 9098 13835 3054
3 13822 3047 9108
3 13822 9107 3047
3 3170 9027 13943
3 9027 3169 13943
3 9027 13882 3169
3 9027 9026 13883
3 9026 9027 3170
3 3229 14065 8864
3 14065 3295 8864
3 14065 3229 8865
3 3294 14065 8865
3 8786 14065 3294
3 3295 14065 8786
3 3358 3357 8708
3 3357 3358 8785
3 14182 3358 8708
3 8785 3358 3296
3 3358 14182 8707
3 14125 3358 8707
3 3358 8784 3296
3 3358 14125 8784
3 2763 9455 9512
3 9455 2816 9512
3 9455 2763 13574
3 2816 9455 13574
3 13577 9453 9390
3 9453 2817 9390
3 9453 13577 9510
3 9453 9510 2764
3 9326 9391 13638
3 9391 9392 13638
3 2592 9698 9655
3 9698 13326 9655
3 9698 2592 13327
3 2554 9698 13327
3 9698 2554 9738
3 13326 9698 9738
3 13662 2885 9369
3 2885 13662 9301
3 9302 13662 9369
3 9301 13662 9302
3 9154 3002 3065
3 3003 9154 3065
3 13956 8929 8926
3 3182 13956 8926
3 13956 3182 9008
3 8036 3899 14612
3 14610 3899 8036
3 3830 3829 8038
3 14552 3830 8038
3 3829 3830 8118
3 3830 14552 8118
3 3636 8283 8369
3 8283 14378 8369
3 8283 8281 14378
3 8283 14439 8281
3 14439 8283 8197
3 14499 3766 8116
3 3766 8115 8116
3 3766 14499 14498
3 3766 3764 8117
3 3766 14498 3764
3 3832 3766 8117
3 8115 3766 3832
3 8198 3698 14437
3 3698 8198 14499
3 8198 14437 14436
3 14499 8198 14498
3 3696 8198 14436
3 8198 3696 14498
3 14751 7865 14750
3 14751 14747 7865
3 7794 14751 14750
3 14747 14751 7794
3 15026 15025 4293
3 15024 15026 4293
3 15025 15026 7399
3 15026 15024 7399
3 15025 15027 7450
3 15027 15032 7450
3 15027 15025 7399
3 15032 15027 7399
3 7501 14979 4246
3 7735 7672 14842
3 14841 7672 7735
3 7672 14841 14889
3 7611 4195 14935
3 7553 14986 14981
3 14986 7500 14981
3 14989 14984 7554
3 14984 14989 7449
3 14941 14945 7609
3 14945 14941 7552
3 14730 3967 7879
3 3967 14673 7879
3 3967 7952 14673
3 3967 14730 7878
3 14616 14615 7953
3 7953 14615 7954
3 14615 3900 7954
3 14615 14616 8032
3 3900 14615 8032
3 14560 3834 8111
3 14562 14561 8029
3 3767 8111 14503
3 14502 3767 14503
3 8112 3767 14502
3 3767 14560 8111
3 14560 3767 8112
3 14557 14558 8114
3 14616 8031 8032
3 8031 14616 3902
3 14560 8031 3902
3 3834 3768 8111
3 3768 14504 8111
3 14561 3768 3834
3 3768 14505 8192
3 14504 3768 8192
3 8269 8183 14453
3 8355 8269 14453
3 14452 8269 8355
3 8269 3706 8183
3 8269 14452 3706
3 14450 8185 14451
3 14513 8185 14512
3 8185 14513 14451
3 8437 14392 8436
3 14275 8514 14276
3 14511 8186 8187
3 8186 14449 8187
3 8186 3772 14512
3 8186 14511 3772
3 8030 14618 8029
3 14561 8030 8029
3 8030 14561 3834
3 8030 14560 3902
3 14560 8030 3834
3 14674 14675 7951
3 14675 14674 7878
3 14674 3967 7878
3 3967 14674 7952
3 15203 15202 15166
3 15206 15203 15166
3 15202 15203 15230
3 15203 15206 15230
3 7316 15133 4459
3 4459 15133 7280
3 15133 7316 4418
3 15133 4418 15096
3 7317 15133 15096
3 15133 7317 4458
3 7281 15133 4458
3 15173 15168 7280
3 15174 15173 7280
3 15168 15173 7248
3 15173 4495 7248
3 15173 15174 4495
3 15169 7281 15167
3 4495 15169 15167
3 15169 15133 7281
3 7693 4123 14871
3 4123 7634 14871
3 4123 14822 7694
3 4123 7693 14822
3 4123 7694 14870
3 7634 4123 14870
3 7696 14869 4121
3 14869 7696 14868
3 4120 7696 14819
3 7696 4120 14868
3 14486 8213 3751
3 3751 8213 14485
3 3685 8213 3686
3 8213 14486 3686
3 8213 3685 3684
3 14485 8213 3684
3 3956 14719 7891
3 3956 7966 14662
3 7892 3956 14662
3 14719 3956 7892
3 14663 3956 7891
3 3956 14663 7966
3 4127 7689 14825
3 4127 14873 7689
3 7630 14873 7631
3 14873 7630 4180
3 7519 14964 4231
3 14964 7571 4231
3 4279 14964 7519
3 7518 14964 4279
3 14964 4232 7571
3 14964 7518 4232
3 4321 15047 7371
3 1690 5621 11214
3 1690 11175 11135
3 5645 1690 11135
3 5620 1690 11214
3 1690 5620 11175
3 11174 5645 11134
3 5621 11174 5622
3 1690 11174 5621
3 11174 1690 5645
3 1732 5580 11250
3 5580 1732 11288
3 5580 11251 11250
3 11251 5580 1733
3 5580 11288 1754
3 5580 1754 5579
3 1733 5580 5579
3 5428 11532 5437
3 11532 1883 5437
3 11532 5428 11555
3 11532 11555 1884
3 1883 11532 1884
3 11592 1900 5420
3 1900 5419 5420
3 5413 1900 11592
3 5419 1900 11593
3 1900 5413 11593
3 5424 11575 1892
3 1891 5424 11551
3 5424 11552 11551
3 11552 5424 1892
3 1911 11614 5406
3 5411 11614 1911
3 5422 11576 1894
3 11554 5422 1894
3 5429 5438 11530
3 5429 1882 5438
3 1882 5429 11531
3 5429 5428 11531
3 5428 5429 1894
3 5429 11554 1894
3 11552 11553 5431
3 5463 11477 1843
3 11477 5463 1856
3 1843 11477 5462
3 11477 11478 5462
3 5442 11527 1879
3 5442 5441 11501
3 5441 5442 1879
3 1867 5442 11501
3 1878 5442 1867
3 11527 5442 1878
3 1869 5450 1856
3 5450 1869 11504
3 5450 11477 1856
3 1857 5450 1870
3 5450 11504 1870
3 11478 5450 1857
3 11477 5450 11478
3 5551 1781 11333
3 1781 5551 1761
3 5551 11333 11297
3 1761 5551 11297
3 5536 11364 11365
3 5536 1778 11329
3 5537 1777 5557
3 1777 11328 5557
3 1777 5536 11328
3 11364 1777 5537
3 5536 1777 11364
3 11328 1757 5557
3 1737 5574 11256
3 5574 11294 11256
3 5574 1737 11293
3 1778 5555 11329
3 11330 5555 1778
3 5534 11365 1798
3 11366 5534 1798
3 5534 11330 1778
3 11330 5534 1779
3 5534 11366 1779
3 5577 1735 11253
3 1735 11254 11253
3 1735 1757 11292
3 1757 1735 5577
3 5578 1756 1734
3 1756 5578 11290
3 5557 1756 11327
3 1756 5558 11327
3 1756 11290 5558
3 5575 1736 11292
3 1736 5575 11255
3 1714 1736 11255
3 11254 1736 1714
3 1760 5552 11296
3 1760 11295 5553
3 11331 1760 5553
3 5552 1760 11332
3 1760 1780 11332
3 1760 11331 1780
3 1738 5573 11295
3 5553 5573 1759
3 11295 5573 5553
3 5573 11294 1759
3 11294 5573 11256
3 5573 1738 11256
3 1738 11257 5594
3 1717 11257 11258
3 5594 11257 1717
3 11257 1738 11295
3 11366 1799 5533
3 1799 11367 5533
3 1799 11366 5514
3 11367 1799 5513
3 11398 1799 5514
3 1799 11398 5513
3 11397 11398 5514
3 5515 11397 5514
3 11396 11397 5515
3 5485 5499 11424
3 5499 11396 1816
3 5499 11397 11396
3 11426 5484 1833
3 5497 11426 1833
3 5498 11426 5497
3 11394 5517 1796
3 11364 5517 1797
3 1796 5517 11364
3 5517 11395 1797
3 5517 11394 1815
3 11395 5517 1815
3 11395 5500 1816
3 5500 11395 1815
3 5499 5500 11424
3 5500 5499 1816
3 5500 1831 11424
3 5500 11423 1831
3 5500 1815 5501
3 11423 5500 5501
3 5460 11453 11452
3 11453 5460 11480
3 11423 1830 5487
3 5474 1830 5488
3 1830 5501 5488
3 1830 11423 5501
3 1830 5474 5473
3 5487 1830 5473
3 1784 11372 5527
3 11372 1784 5528
3 5527 11372 1804
3 11372 1803 1804
3 11372 5528 1803
3 4146 4093 7664
3 11598 4093 4146
3 4093 11597 7664
3 4093 11598 7725
3 11597 4093 7725
3 11533 7929 7930
3 3978 11533 7930
3 11533 3979 7929
3 4037 11577 7725
3 4037 11578 7789
3 11578 4037 7725
3 7790 4037 7789
3 11577 4037 7790
3 11556 7859 14756
3 3979 7859 11556
3 11533 7859 3979
3 7859 3978 14756
3 7859 11533 3978
3 14167 8743 3390
3 8743 14167 3328
3 8743 3389 8664
3 3390 8743 8664
3 3389 8743 14166
3 8743 14109 14166
3 8743 3328 14109
3 14050 14051 8899
3 14050 3266 14051
3 8900 14050 8899
3 14051 8820 8819
3 3266 8820 14051
3 8820 14111 8819
3 14111 8820 3329
3 3329 8820 14110
3 8820 3266 14110
3 14281 8586 14280
3 8509 14281 14280
3 14281 14282 8585
3 8586 14281 8585
3 14408 8424 8426
3 3516 8505 8504
3 8505 14342 8504
3 14284 8505 3516
3 3262 8825 14046
3 3262 14046 14045
3 8826 3262 14045
3 3262 8826 14105
3 3442 14211 8677
3 14211 14153 8677
3 14269 14268 3506
3 14268 8520 3506
3 14268 3442 8598
3 8520 14268 3504
3 14267 14268 8598
3 14268 14267 3504
3 14270 14269 3506
3 3382 14156 8753
3 8519 14326 14327
3 8519 14270 3506
3 8520 8519 3506
3 14326 8519 8520
3 8441 14387 3635
3 8359 8441 3635
3 14387 8441 8442
3 8441 14327 8442
3 8441 3570 14327
3 8441 8440 3570
3 3387 14163 8667
3 14163 14221 8667
3 8746 14163 3387
3 14163 8746 3325
3 8747 14163 3325
3 14221 14163 8668
3 14163 8747 8668
3 8509 3512 8510
3 3512 8509 14280
3 3512 8511 8510
3 3512 14279 8511
3 8587 3512 14280
3 14279 3512 8587
3 14221 3449 8587
3 3449 14279 8587
3 14279 3449 8588
3 3449 14221 8668
3 3449 14220 8588
3 14220 3449 8668
3 8747 14162 8668
3 14162 14220 8668
3 14162 8747 14105
3 8748 14162 14105
3 14219 8670 8590
3 3259 14041 14040
3 14100 3259 8831
3 3259 14040 8831
3 8827 14103 14104
3 3261 8827 14104
3 14103 8827 8828
3 8827 14043 8828
3 8827 14044 14043
3 8827 3261 14044
3 3709 14520 8178
3 14458 3709 8178
3 14520 3709 14519
3 3709 8179 14519
3 14457 3709 14458
3 8179 3709 14457
3 8180 14517 14518
3 8180 3708 14517
3 3708 8180 14456
3 8180 8179 14456
3 8179 8180 14518
3 14572 3774 8101
3 8100 3774 14572
3 3774 14514 8101
3 11866 7060 4667
3 7060 11866 4696
3 11897 7041 11896
3 7040 11897 11898
3 11897 7040 4696
3 7041 11897 4696
3 11613 1918 5406
3 11613 5407 1918
3 1917 1909 5408
3 1909 1917 5407
3 11613 1909 5407
3 5413 1909 11593
3 7596 11624 1919
3 7596 1920 11624
3 1920 7595 11624
3 7595 11641 7594
3 7595 1920 11641
3 4203 11638 7598
3 11622 4203 7598
3 7599 4203 11622
3 4203 7599 11637
3 11638 4203 11637
3 11654 1926 7491
3 1926 7543 7491
3 7542 1926 11654
3 7493 7494 7442
3 7493 11652 7494
3 7493 7492 11652
3 7854 3983 11538
3 3983 7854 7853
3 3983 11539 7923
3 11538 3983 7923
3 11539 3983 11561
3 3983 7853 11561
3 7786 11581 4040
3 11581 4096 7721
3 4040 11581 7721
3 4038 7788 7724
3 7788 4038 7787
3 11599 7662 7723
3 4147 11599 7663
3 7662 11599 4147
3 11656 7541 7489
3 1928 7541 11656
3 11642 7541 7540
3 7541 1928 7540
3 11641 7541 11642
3 11624 1912 7654
3 1912 11607 7654
3 11607 1912 7653
3 7595 1912 11624
3 7653 11608 1905
3 1913 11608 7653
3 11608 1913 7652
3 11608 7713 1905
3 7713 11608 7652
3 451 6973 442
3 451 440 6973
3 451 442 6990
3 440 451 6990
3 6983 2152 6984
3 2152 11963 6984
3 11963 2152 7001
3 2152 2134 7001
3 6983 11999 2
3 11999 6965 2
3 11999 1 6966
3 11999 6983 1
3 12037 11999 6966
3 11999 12037 6965
3 11932 7000 2153
3 2134 7000 11932
3 2152 7000 2134
3 1987 7192 1985
3 7168 1987 1985
3 11752 1987 7168
3 5366 1986 11754
3 5366 11735 1986
3 11735 5366 5375
3 5366 11755 5375
3 11755 5366 11754
3 2007 2008 2005
3 2029 2008 2004
3 2008 2029 2005
3 2008 1985 2004
3 2008 2007 1985
3 1991 2003 2010
3 2003 1991 1989
3 1992 1991 2010
3 1989 1991 7192
3 1991 11734 7192
3 1991 1992 11734
3 2009 11773 2001
3 11773 2009 2005
3 11752 2009 2001
3 2009 11752 7168
3 2007 2009 7168
3 2009 2007 2005
3 1961 11707 1960
3 11707 1961 1959
3 1961 1960 5395
3 1959 1961 5395
3 1965 1956 11696
3 1964 1965 11696
3 1965 5388 1956
3 5388 1965 1964
3 1962 1960 5389
3 1964 1962 5389
3 1962 1964 11696
3 1962 11696 5395
3 1960 1962 5395
3 5394 1958 11697
3 1958 1966 11697
3 1958 5394 11696
3 11721 5381 11722
3 5388 11721 11722
3 11721 1978 5381
3 1978 11721 5382
3 1969 5383 11719
3 1994 5374 11736
3 11737 5374 1994
3 5374 1968 11736
3 5374 5382 1968
3 5374 11737 5382
3 11905 5292 11904
3 5293 5292 2103
3 5292 5293 11904
3 5292 11875 2103
3 11875 5292 5291
3 5292 11905 5291
3 5276 2120 5277
3 11905 2120 5276
3 2120 11905 11904
3 2120 5278 5277
3 2120 11904 5278
3 5293 11874 2102
3 11874 11847 2102
3 11874 5307 11847
3 11874 5293 2103
3 11874 11848 5307
3 11848 11874 2103
3 5344 2052 11800
3 5344 11799 2051
3 5344 11800 11799
3 5333 5344 2051
3 5344 5333 5332
3 2052 5344 5332
3 11801 2053 5342
3 11801 2033 5353
3 11801 5342 2033
3 2032 11801 5353
3 11801 2032 5343
3 2053 11801 5343
3 11852 2091 5302
3 11879 11852 5302
3 11852 11879 2091
3 2076 11827 5316
3 2075 11827 5329
3 11827 2075 5316
3 11827 5328 5329
3 11827 2076 5328
3 11779 11758 1996
3 11758 5362 1996
3 11780 2014 5351
3 5351 2014 11779
3 5362 2014 11767
3 2014 11780 11767
3 2014 11758 11779
3 11758 2014 5362
3 11789 2015 5361
3 11780 11789 5361
3 2015 11789 5350
3 11789 2034 5350
3 11789 11780 2034
3 3633 8362 14384
3 8363 3633 14384
3 3633 8363 14444
3 8276 3633 14444
3 8362 3633 8276
3 8275 14446 14447
3 14446 3703 14447
3 14446 8275 14445
3 14508 3770 14509
3 3703 14508 14509
3 3770 14508 14507
3 8190 14506 14507
3 8190 3702 14506
3 14564 8108 14563
3 8027 14564 14563
3 14564 8027 8026
3 14565 3837 8106
3 8107 14565 8106
3 3837 14565 8025
3 14565 3905 8025
3 3905 14565 8026
3 8194 3699 14502
3 14440 3699 8194
3 3699 14440 8282
3 14439 3699 8282
3 13774 2939 13783
3 13774 2999 9160
3 2999 13774 13783
3 2939 13784 2949
3 2949 13784 13776
3 13784 13774 9160
3 13774 13784 2939
3 13783 9240 2947
3 2939 9240 13783
3 9240 2939 13709
3 13719 9240 13709
3 2947 9240 13719
3 13484 9596 2682
3 9596 13435 2682
3 9596 13484 13485
3 13435 9596 13485
3 13856 3133 9072
3 13918 3133 13917
3 13917 3133 9073
3 3133 13856 9073
3 3133 13857 9072
3 13857 3133 13918
3 8755 14097 14096
3 8755 14096 8756
3 14153 8755 8756
3 14218 8671 3447
3 8671 14217 3447
3 8671 14218 14160
3 14217 8671 14159
3 8750 8671 14160
3 8671 8750 14159
3 8751 3384 14159
3 3384 14217 14159
3 8673 14157 3383
3 8573 3462 11348
3 3462 8573 11312
3 3400 8732 3337
3 11274 3400 3337
3 8732 3400 11276
3 3400 8652 11276
3 3400 11312 8652
3 11408 8328 3656
3 8327 11409 3656
3 3657 11409 8327
3 3657 11438 8240
3 11438 3657 8327
3 8155 11466 11467
3 11466 11465 3789
3 11465 11466 8156
3 8239 3723 8155
3 3723 11466 8155
3 11466 3723 8156
3 11438 3723 8240
3 11381 11382 8493
3 11382 11381 8411
3 11382 3528 8493
3 11411 8324 11412
3 11411 3658 8324
3 3658 11411 8325
3 8490 11384 1806
3 11384 8408 1806
3 11380 8494 3526
3 8494 11381 3527
3 11350 8494 3527
3 8494 11350 3526
3 8494 11380 3590
3 11381 8494 3590
3 11436 8244 3720
3 11436 8243 8244
3 8328 8242 3656
3 8242 11437 3656
3 11436 8242 8243
3 3588 11378 8415
3 11407 3588 8415
3 11378 3588 8496
3 11464 3788 8077
3 3788 8078 3855
3 3788 11490 8077
3 11490 3788 3855
3 11465 8158 11464
3 8151 1851 11471
3 1838 8151 11471
3 1851 8151 11470
3 8408 8409 11412
3 8409 1805 8410
3 8409 11384 1805
3 11384 8409 8408
3 8409 11411 11412
3 11411 8409 8410
3 8235 11444 8320
3 8235 1838 11444
3 8235 8151 1838
3 1822 11413 8323
3 8237 1822 8323
3 11442 1822 8237
3 1771 11357 5543
3 11357 1771 8564
3 5543 11357 1791
3 11357 8487 1791
3 11357 1790 8487
3 11357 8564 1790
3 8565 11355 11356
3 8565 1770 11355
3 11320 8565 11356
3 1770 8565 11320
3 8647 1747 11316
3 1747 11280 8648
3 11316 1747 8648
3 1747 8727 11280
3 8727 1747 11281
3 1747 8647 11281
3 11352 1787 8568
3 1787 11353 8568
3 3528 1787 11352
3 11353 1787 8490
3 1768 11317 8568
3 11353 1768 8568
3 1768 11353 8567
3 1768 8646 11317
3 8646 1768 11318
3 1768 8567 11318
3 3395 11305 8657
3 11307 11305 3395
3 8657 11305 11310
3 11305 3459 11310
3 6418 6395 972
3 6395 6418 971
3 6418 10346 971
3 6439 6457 10325
3 6439 10326 6457
3 10326 6439 6438
3 6440 6458 10324
3 6458 6440 10325
3 6441 6440 10324
3 6440 6441 10345
3 6440 6439 10325
3 6439 6440 10346
3 6420 10344 969
3 970 6420 969
3 10327 6436 947
3 947 6436 10349
3 6436 10327 924
3 6436 6415 10349
3 6436 946 6415
3 6437 6436 924
3 6436 6437 946
3 6435 10328 925
3 10328 6435 948
3 926 10328 6434
3 10328 948 6434
3 5711 11031 1597
3 11031 5711 5740
3 1597 11031 5741
3 11031 5740 5741
3 1527 10949 5816
3 10949 1527 5786
3 1527 10979 5786
3 10979 1527 5787
3 10948 1527 5816
3 1527 10948 5787
3 5815 5786 1528
3 5815 10949 5786
3 10949 5815 1501
3 1501 5815 5844
3 5815 1528 5844
3 5785 10980 5757
3 10980 5785 5786
3 10980 11015 5757
3 10980 5758 11015
3 6035 1304 10737
3 10738 1304 6035
3 6066 1304 6065
3 1304 6066 10737
3 1304 6064 6065
3 1304 10738 6064
3 10862 1422 5938
3 1422 5937 5938
3 1447 1422 5906
3 1422 10862 5906
3 1423 1422 1447
3 5935 1422 1423
3 5937 1422 5935
3 1451 1450 10889
3 1450 1449 10889
3 1450 1451 10861
3 1449 1450 10861
3 11358 1772 5543
3 1772 11322 5563
3 1772 11358 5542
3 11322 1772 5542
3 1772 5563 11321
3 5543 1772 11321
3 5561 1753 11287
3 11323 5561 11287
3 1753 5561 11324
3 5561 11323 1773
3 5561 5541 11324
3 5541 5561 1773
3 5672 11134 1666
3 5672 1665 11134
3 1665 5672 11092
3 5672 1640 11092
3 5672 1666 11093
3 1640 5672 11093
3 11053 5699 1613
3 5698 11053 1613
3 1585 11053 5698
3 11053 1585 5727
3 5699 11053 5727
3 5730 11013 1582
3 11013 5731 1582
3 5731 11013 5760
3 5759 5730 11014
3 5759 10979 1554
3 5758 5759 11014
3 10979 5759 5758
3 10978 5759 1554
3 5759 10978 5760
3 11013 5759 5760
3 5759 11013 5730
3 9125 9202 1579
3 9202 11010 9274
3 9202 11009 1579
3 9202 9274 11009
3 1635 1608 11086
3 1608 9125 11086
3 5731 11012 1581
3 11012 5732 1581
3 11012 5761 5732
3 11012 5731 5760
3 5761 11012 5760
3 1553 5760 5788
3 1553 5761 5760
3 1553 5788 5818
3 11049 1609 1636
3 5704 1609 11049
3 1609 11087 1636
3 1609 5704 11087
3 11083 9047 1632
3 11083 9048 9047
3 1631 11083 1632
3 9048 11083 1631
3 11279 8729 8649
3 3403 11279 8649
3 11279 3403 8728
3 11279 8728 11241
3 8729 11279 11241
3 11166 8882 11206
3 1683 11166 11206
3 8882 11166 8965
3 11166 11127 8965
3 11166 1683 11127
3 12677 364 4848
3 364 12677 4818
3 12677 4848 363
3 4819 12677 363
3 4818 12677 4819
3 12729 397 12738
3 397 12729 12728
3 12729 4784 12728
3 426 12729 12738
3 4784 12729 426
3 4993 12431 223
3 222 4993 12385
3 12431 4993 12430
3 4993 222 12430
3 12385 4993 12386
3 4993 223 12386
3 760 761 6658
3 761 759 6658
3 6628 784 785
3 784 794 785
3 793 784 6628
3 794 784 793
3 6712 15462 699
3 15463 707 6711
3 15463 6711 708
3 6739 6712 707
3 6739 15462 6712
3 697 6739 6740
3 696 6739 697
3 6739 696 699
3 15462 6739 699
3 628 626 6788
3 625 628 6788
3 626 628 644
3 628 625 644
3 646 645 15445
3 653 646 15445
3 645 646 15454
3 650 653 15445
3 654 15446 644
3 6763 654 644
3 654 6763 15446
3 6737 681 15454
3 15454 681 644
3 681 6763 644
3 605 602 6811
3 603 605 6811
3 602 605 15434
3 605 603 15434
3 6810 15435 596
3 6810 598 15435
3 598 6810 15441
3 6810 15440 15441
3 6810 596 15440
3 580 582 555
3 581 580 555
3 6833 578 15435
3 578 6833 581
3 6833 580 581
3 580 6833 582
3 6833 579 582
3 6833 15435 579
3 15364 15383 4663
3 15382 15383 15364
3 15383 15382 4688
3 4675 4676 7071
3 4676 4677 7071
3 7050 4676 4675
3 4677 4676 7050
3 4700 7030 4705
3 15390 4700 4705
3 15324 7160 4616
3 7160 15324 4592
3 7136 15324 4616
3 15324 7136 4617
3 7159 15324 4617
3 4592 15324 7159
3 4007 14765 7830
3 14765 4007 7763
3 7830 14765 4008
3 14765 7763 4008
3 4007 7764 7763
3 7764 4063 7763
3 7764 4007 14764
3 4063 7764 14815
3 7764 4062 14815
3 7765 7764 14764
3 7764 7765 4062
3 7700 4118 14816
3 4118 7699 14816
3 4118 14865 7699
3 14910 14909 7583
3 7640 14909 14910
3 14909 7584 7583
3 4115 7643 14862
3 7703 4115 14862
3 4115 7703 14813
3 3028 3032 2971
3 9122 3030 3027
3 9122 13812 3094
3 3028 9122 3032
3 3032 9122 13813
3 9122 3095 13813
3 3095 9122 3094
3 3025 3027 9199
3 3024 3025 9199
3 3025 3024 13812
3 9122 3025 13812
3 3025 9122 3027
3 2656 2660 13462
3 2657 2656 13462
3 2660 2656 2624
3 2656 2657 2624
3 13820 9111 3106
3 9111 13820 3043
3 3106 9111 3105
3 9111 9112 3105
3 9111 3043 9112
3 9516 2760 13517
3 9516 2759 2760
3 9569 9516 13517
3 2759 9516 9569
3 13464 2711 9569
3 2758 9517 13516
3 9517 2759 9569
3 2759 9517 13571
3 9517 2711 13516
3 2711 9517 9569
3 13571 9517 9460
3 9517 2758 9460
3 13463 9617 2667
3 13463 2710 9617
3 13463 2667 9618
3 2710 13463 9571
3 13463 2709 9571
3 2709 13463 9618
3 8876 3216 14057
3 3216 8877 14057
3 8877 3216 13994
3 3216 8960 13994
3 8960 3216 13995
3 3216 8876 13995
3 8637 3408 8638
3 3408 8637 3409
3 3408 14174 8638
3 3408 8719 14174
3 14175 3408 3409
3 8719 3408 14175
3 3595 8403 8486
3 8403 3595 8317
3 8403 14349 8486
3 14349 8403 3597
3 8486 14349 8485
3 14349 3597 8485
3 14589 7988 3867
3 7988 14589 3865
3 14589 3867 8066
3 3865 14589 8066
3 7988 14646 3932
3 8068 14646 3863
3 3932 14646 8068
3 14646 3865 3863
3 14646 7988 3865
3 14590 3864 7987
3 7986 14590 7987
3 14590 7986 3861
3 3794 3793 8066
3 3793 3732 8147
3 3793 3794 3728
3 3732 3793 3728
3 14533 8065 3796
3 14533 3794 8065
3 8064 3869 3862
3 3861 3869 8064
3 3869 7986 3862
3 7986 3869 3861
3 14596 3877 7979
3 3877 3876 7979
3 3876 3877 8057
3 3877 8056 8057
3 3877 14596 8056
3 7977 7978 3945
3 7978 7977 3878
3 14596 7978 3878
3 7978 14596 7979
3 3746 14482 8134
3 14482 3745 8134
3 14482 3746 8218
3 3812 8135 3744
3 8136 3812 3744
3 3812 14540 8055
3 3812 8136 3811
3 14540 3812 3811
3 8054 3812 8055
3 14541 3812 8054
3 3812 14541 8135
3 3736 8227 3735
3 3736 3735 8144
3 3803 3736 8144
3 3736 3803 8143
3 3601 8312 8398
3 8398 8312 3602
3 8312 8313 14415
3 8312 3601 8313
3 8311 8312 14415
3 8312 8311 3602
3 7839 7909 14705
3 7909 3939 14705
3 7909 7839 14706
3 3939 7909 14706
3 14592 7984 7983
3 7984 3939 7983
3 3870 7984 14592
3 7984 3870 7985
3 14534 3802 8144
3 3802 14534 8063
3 3802 14535 8144
3 3802 8063 14535
3 3871 14592 3872
3 8062 3871 3872
3 3871 8062 14592
3 3938 3930 7910
3 3930 3938 7985
3 14704 7911 3931
3 7911 3928 3931
3 3929 7985 14648
3 3937 3929 14648
3 3929 3930 7985
3 7911 3929 3937
3 3929 7911 14704
3 7910 3929 14704
3 3930 3929 7910
3 3412 3411 8635
3 14177 3412 8634
3 3412 14177 8716
3 3411 3412 8716
3 3412 14235 8634
3 3412 8635 14235
3 14234 3474 8635
3 3411 14234 8635
3 14234 8636 3473
3 3474 14234 3473
3 8636 14234 14176
3 14234 3411 14176
3 8557 8558 14292
3 8557 3474 8558
3 8557 14292 3537
3 3538 8557 3537
3 8557 3538 8556
3 3475 8557 8556
3 3474 8557 3475
3 8481 3536 8482
3 3536 3535 8482
3 3536 8481 14292
3 8558 3536 14292
3 14291 3536 8558
3 3535 3536 14291
3 3364 14129 8779
3 14128 3364 8779
3 14129 3365 8778
3 3365 14129 8701
3 8778 3365 3366
3 3365 8701 3366
3 3425 8703 14185
3 8703 3425 3426
3 8703 3362 14185
3 8859 3235 3300
3 14069 8859 3300
3 3235 8859 14007
3 8609 14248 14256
3 8610 8609 14256
3 8609 8610 3441
3 3434 8609 3441
3 14190 3434 14198
3 14190 8689 8692
3 8689 14190 14198
3 8691 14197 8692
3 3317 3310 14083
3 3310 14077 14083
3 3310 3317 8767
3 8768 3310 8767
3 3310 8768 14084
3 14077 3310 14084
3 14141 3373 8687
3 8687 3373 14192
3 3373 8690 14192
3 3373 14141 8768
3 8845 8846 14024
3 3245 8845 14024
3 8846 8845 14085
3 8845 14079 14085
3 14079 8845 3249
3 8845 3245 3249
3 3251 14079 3249
3 3251 3256 14079
3 14019 3251 3249
3 3256 3251 14019
3 14017 3244 3247
3 3244 14017 14022
3 14017 8929 14022
3 9093 13837 9096
3 9094 9093 3119
3 13837 9093 9094
3 3055 13836 9173
3 13836 9095 9096
3 13836 2995 9173
3 13836 9096 2995
3 9015 13893 13952
3 13951 13893 9018
3 13893 13951 13952
3 13893 13885 9018
3 13893 3117 13885
3 13893 9098 3117
3 13893 9015 9098
3 13895 13888 3125
3 13888 13895 9014
3 9013 13895 3125
3 13895 9013 9014
3 13888 3127 9096
3 9093 3127 3119
3 3127 9093 9096
3 8932 13955 14016
3 3179 13955 9012
3 13955 13897 9012
3 13897 13955 9011
3 13955 8932 3180
3 9011 13955 3180
3 9092 3129 3120
3 3129 9011 3120
3 3129 13897 9011
3 3129 9092 9091
3 9094 3129 9091
3 3129 9094 3119
3 13897 3129 3119
3 14137 8772 8695
3 8850 14018 3242
3 8850 3242 14078
3 14080 8850 14078
3 14018 8850 3243
3 8850 14080 3243
3 3309 8849 3243
3 14080 3309 3243
3 8849 3309 14082
3 3309 14080 14138
3 4167 14906 7643
3 4115 4167 7643
3 4167 4115 14861
3 4113 7705 4058
3 7705 14812 4058
3 14860 7705 4113
3 14812 7705 4114
3 7705 14860 4114
3 14812 4059 7768
3 4059 14812 4114
3 4059 14762 7768
3 4059 7767 14762
3 3350 8792 3287
3 8792 3288 14060
3 3287 8792 14060
3 14121 3352 8790
3 3352 3353 8790
3 3353 3352 8713
3 8713 3352 14178
3 3352 8714 14178
3 8714 3352 8791
3 3352 14121 8791
3 8869 3225 14000
3 3225 8868 14000
3 14062 3225 8869
3 8868 3225 3291
3 3225 14062 3291
3 14598 7976 14655
3 3880 7976 14598
3 14597 7976 3879
3 3947 7976 14654
3 7976 3947 14655
3 7976 7977 14654
3 7976 14597 7977
3 3879 7976 8054
3 7976 3880 8054
3 8472 14358 3611
3 8472 3545 8473
3 14358 8472 8473
3 8472 3546 3545
3 3545 3546 8549
3 3546 14298 8549
3 3612 8471 8388
3 14359 8471 3612
3 8471 3546 8472
3 8471 14359 3547
3 8471 3611 8388
3 8471 8472 3611
3 14298 8471 3547
3 3546 8471 14298
3 3683 8214 14424
3 3683 8215 8214
3 8299 3683 14424
3 3682 3683 8299
3 8215 3683 3682
3 3749 14484 3748
3 8215 14484 3749
3 14484 8215 3682
3 14484 8216 3748
3 8216 14484 3682
3 14356 8392 3608
3 8475 14356 3608
3 8392 14356 3607
3 14356 8476 3607
3 14356 8475 8476
3 9921 13100 13132
3 9921 2385 13100
3 9921 13132 13133
3 9921 13133 13101
3 2385 9921 13101
3 2377 2378 9926
3 2380 2377 9926
3 2378 2377 9959
3 2377 2380 9959
3 2382 9925 13096
3 9925 2383 13096
3 13128 9925 9926
3 9925 2382 9926
3 9925 13128 13129
3 9924 9925 13129
3 2383 9925 9924
3 2405 2406 9895
3 2406 2411 9895
3 2406 2405 13125
3 2411 2406 13125
3 9928 2404 13125
3 2404 2411 13125
3 2404 9928 2410
3 2404 2410 9895
3 2411 2404 9895
3 2409 2408 13160
3 2408 2409 13125
3 2440 2441 9860
3 2440 9820 13197
3 2441 2440 13197
3 2436 2438 9820
3 2442 2436 9820
3 2436 9860 2438
3 2436 2442 9860
3 2669 13414 9616
3 2669 2712 13465
3 2712 2669 9616
3 9615 2669 13465
3 13414 2669 9615
3 9616 2627 2668
3 13414 2627 9616
3 2627 9661 2668
3 9661 2627 13367
3 2627 9660 13367
3 2627 2628 9660
3 2627 13414 2628
3 9705 2581 13321
3 2584 2581 9705
3 2581 2580 13321
3 2581 9661 2580
3 2581 2584 9661
3 2666 2622 13412
3 2625 2622 2666
3 2622 2625 9662
3 13838 9094 9091
3 13838 3064 9094
3 13829 13838 9091
3 3064 13838 13829
3 9183 2987 3048
3 2988 9183 3048
3 9258 9183 2928
3 2987 9183 9258
3 9183 13761 2928
3 9183 2988 13761
3 13835 9097 3055
3 9097 13836 3055
3 13836 9097 9095
3 9095 9097 3125
3 9097 3118 3125
3 3109 13822 9108
3 3109 9028 13882
3 13822 3109 9107
3 3109 9108 3108
3 9028 3109 3108
3 9027 3109 13882
3 3110 9027 13883
3 3109 3110 9107
3 3110 3109 9027
3 3111 3110 13883
3 3110 3111 9106
3 3048 3110 9106
3 9107 3110 3048
3 2817 13639 2872
3 9391 13639 2817
3 13639 9325 2872
3 9325 13639 9326
3 13639 9391 9326
3 13576 9391 2817
3 13576 9453 2764
3 9453 13576 2817
3 13789 9155 3002
3 9154 13789 3002
3 9155 13789 2942
3 13789 9230 2942
3 9007 3185 9008
3 3185 13956 9008
3 3185 9007 13960
3 8929 3185 13960
3 13956 3185 8929
3 3899 14611 14612
3 14611 3899 14610
3 14611 14610 7958
3 14611 14669 14612
3 14669 14611 7958
3 14438 3698 8197
3 8283 14438 8197
3 3698 14438 14437
3 14438 8284 14437
3 8284 14438 8368
3 14438 3629 8368
3 3629 14438 3636
3 14438 8283 3636
3 14982 7501 14988
3 14982 14979 7501
3 14979 14982 4246
3 14982 7554 4246
3 7554 14982 14988
3 7612 14890 14889
3 14890 7672 14889
3 4195 14890 7612
3 14890 14891 7671
3 14891 14890 7611
3 14890 4195 7611
3 14934 4195 7612
3 14934 7612 7613
3 14934 7555 14935
3 4195 14934 14935
3 7555 14934 4245
3 4245 14934 7556
3 14934 14933 7556
3 14934 7613 14933
3 14984 14980 7553
3 14980 14986 7553
3 14980 14984 7500
3 14986 14980 7500
3 14985 14988 7449
3 14989 14985 7449
3 14985 7554 14988
3 14985 14989 7554
3 14940 14942 7609
3 14942 14941 7609
3 14942 14940 7552
3 14941 14942 7552
3 8114 8113 3765
3 14558 8113 8114
3 8113 8112 3765
3 14559 14558 8032
3 8031 14559 8032
3 8113 14559 8112
3 14559 8113 14558
3 8110 14561 14562
3 8110 3768 14561
3 3768 8110 14505
3 8110 14562 8109
3 14505 8110 8109
3 8591 14276 3447
3 8591 14275 14276
3 14217 8591 3447
3 14275 8591 14217
3 14275 3509 8514
3 14332 3509 8515
3 3509 14332 8514
3 14272 8593 8594
3 8437 14391 14392
3 3705 8185 14450
3 14449 3705 14450
3 8186 3705 14449
3 8185 3705 14512
3 3705 8186 14512
3 7952 14617 3902
3 14617 8030 3902
3 8030 14617 14618
3 14618 14617 7951
3 14617 14674 7951
3 14674 14617 7952
3 15133 15175 7280
3 4066 14820 4121
3 14820 7696 4121
3 7696 14820 14819
3 14820 7760 14819
3 14820 4066 7760
3 4072 7690 14825
3 7690 4127 14825
3 7690 4072 14824
3 4127 7690 14873
3 7573 14918 4229
3 14918 4178 7574
3 4229 14918 7574
3 7417 4322 15007
3 7468 7417 15007
3 4322 7417 7371
3 7417 4321 7371
3 7469 15006 4277
3 7417 15006 4321
3 15006 7468 4277
3 15006 7417 7468
3 11173 1689 5646
3 1689 11134 5646
3 1689 11174 11134
3 5622 1689 11173
3 11174 1689 5622
3 5417 11595 1902
3 11575 5417 1902
3 5424 5417 11575
3 11595 5417 5411
3 5417 11594 5411
3 5422 1893 11576
3 1893 5422 11554
3 11553 1893 11554
3 5430 11553 11554
3 5430 5429 11530
3 5429 5430 11554
3 1881 5430 11530
3 11529 5430 1881
3 5431 5430 11529
3 11553 5430 5431
3 5535 5536 11365
3 5536 5535 1778
3 5534 5535 11365
3 5535 5534 1778
3 1757 11291 5557
3 11291 1757 5577
3 11291 1756 5557
3 11291 5577 1734
3 1756 11291 1734
3 5556 1757 11328
3 5556 5536 11329
3 5536 5556 11328
3 1757 5556 11292
3 5555 5556 11329
3 5556 5555 11292
3 5574 5554 11294
3 11294 5554 1759
3 5554 11330 1779
3 5554 5553 1759
3 5554 1779 5553
3 1758 5555 11330
3 5554 1758 11330
3 5555 1758 11292
3 1758 5574 11293
3 1758 5554 5574
3 5575 1758 11293
3 1758 5575 11292
3 5576 1735 11292
3 1735 5576 11254
3 1736 5576 11292
3 5576 1736 11254
3 1739 5572 11296
3 5572 1760 11296
3 5572 1739 11258
3 11257 5572 11258
3 1760 5572 11295
3 5572 11257 11295
3 11398 1817 5498
3 11397 1817 11398
3 1817 5499 5498
3 5499 1817 11397
3 11425 5485 1832
3 11425 5499 5485
3 5499 11425 5498
3 11425 11426 5498
3 5484 11425 1832
3 11426 11425 5484
3 5472 1831 5473
3 5485 5472 5471
3 5472 11453 5471
3 5459 1846 11480
3 1846 11453 11480
3 1846 5458 11454
3 5471 1846 11454
3 11453 1846 5471
3 5458 1846 11481
3 1846 5459 11481
3 3266 8821 14110
3 14050 8821 3266
3 14110 8821 3328
3 3265 8821 14049
3 14109 8821 3265
3 3328 8821 14109
3 8821 8900 14049
3 8821 14050 8900
3 3513 14281 8509
3 3513 14339 8508
3 14339 3513 8509
3 14282 3513 8508
3 14281 3513 14282
3 3647 14410 8343
3 3517 14343 8503
3 14343 3517 8504
3 14343 14347 8503
3 14347 14343 3581
3 3581 8422 8423
3 8422 8338 8423
3 8425 14410 3647
3 14410 8425 8424
3 8425 8422 3581
3 14343 8425 3581
3 8344 14401 8428
3 8344 14399 3644
3 8258 8344 3644
3 8427 8344 8428
3 8344 8427 14399
3 8428 14404 8426
3 14401 14404 8428
3 14404 8342 8426
3 14404 3645 8342
3 14404 3649 3645
3 14404 14401 3649
3 8505 3515 8506
3 3515 8505 14284
3 8506 3515 14283
3 14283 3515 8583
3 3515 14284 8583
3 8825 14106 3325
3 3262 14106 8825
3 14106 8747 3325
3 8747 14106 14105
3 14106 3262 14105
3 14268 8597 3442
3 8597 14268 14269
3 8597 14211 3442
3 14211 8597 14269
3 14270 8596 14269
3 8596 14212 8676
3 14211 8596 8676
3 8596 14211 14269
3 3382 8674 14156
3 8674 3383 14156
3 8358 8273 8272
3 14104 3324 14105
3 3324 8748 14105
3 8749 3324 14104
3 8670 3385 14160
3 3385 8749 14160
3 14162 3386 14220
3 3386 14162 8748
3 14220 3448 8589
3 3448 14277 8589
3 14277 3448 8590
3 3448 14219 8590
3 3322 14101 14100
3 8829 14101 14102
3 14101 8751 14102
3 8751 14101 3322
3 14515 8183 14514
3 3774 14515 14514
3 14516 3774 8100
3 14516 8100 8099
3 14516 14515 3774
3 14516 8099 3775
3 3707 14516 8181
3 14516 14517 8181
3 14517 14516 3775
3 4691 4690 7042
3 7041 4691 7042
3 4690 4691 4667
3 4691 11866 4667
3 4695 7041 4696
3 11866 4695 4696
3 4718 7023 11928
3 7023 4718 11896
3 4718 11897 11896
3 5412 11594 1901
3 5412 1901 11593
3 1909 5412 11593
3 5412 1909 11613
3 1909 11612 5408
3 11612 1909 5413
3 5408 11612 1908
3 11612 5414 1908
3 11612 5413 5414
3 7543 11640 1919
3 11640 7596 1919
3 11640 1926 7542
3 1926 11640 7543
3 11640 7542 1920
3 7596 11640 1920
3 1913 11625 7594
3 11625 7595 7594
3 11625 1913 7653
3 1912 11625 7653
3 11625 1912 7595
3 4299 7442 11664
3 4299 7493 7442
3 11665 4299 11664
3 7493 4299 7492
3 7722 7786 11580
3 7722 11581 7786
3 4095 7722 11580
3 7722 4095 11600
3 11581 7722 4096
3 7722 11601 4096
3 11601 7722 11600
3 11579 4038 7724
3 11579 7723 7787
3 4038 11579 7787
3 11599 4094 7663
3 11598 4094 7724
3 4094 11598 7663
3 4094 11579 7724
3 4094 11599 7723
3 11579 4094 7723
3 1927 11655 7489
3 7541 1927 7489
3 1927 7542 11655
3 7542 1927 11641
3 1927 7541 11641
3 11964 2152 6983
3 11964 7000 2152
3 7000 11964 2153
3 2153 11964 6982
3 11964 2 6982
3 11964 6983 2
3 1992 1983 11734
3 1983 1993 5376
3 11734 1983 5376
3 1988 1989 7192
3 1987 1988 7192
3 1989 1988 11752
3 1988 1987 11752
3 5388 1957 1956
3 1956 1957 11696
3 1957 1958 11696
3 11720 5388 1964
3 11720 11721 5388
3 11720 1964 5389
3 11721 11720 5382
3 11719 11720 5389
3 5383 11720 11719
3 5382 11720 1968
3 11720 5383 1968
3 5383 1970 1968
3 1968 1970 11736
3 14508 8189 14507
3 8189 14508 3703
3 14446 8189 3703
3 8189 14446 14445
3 3702 8189 14445
3 8189 8190 14507
3 8190 8189 3702
3 14564 3836 8108
3 3836 8107 3770
3 3836 14565 8107
3 3836 3770 14507
3 8108 3836 14507
3 3836 14564 8026
3 14565 3836 8026
3 8196 14501 14502
3 3699 8196 14502
3 14501 8196 8195
3 8196 14439 8195
3 8196 3699 14439
3 9161 9158 13776
3 13784 9161 13776
3 9158 9161 3000
3 9161 3061 3000
3 3061 9161 13845
3 9161 9160 13845
3 9161 13784 9160
3 3381 8755 14153
3 3381 14211 8676
3 14211 3381 14153
3 8755 3320 14097
3 14098 3320 8754
3 3320 14098 8833
3 14097 3320 8833
3 14212 14154 8676
3 14154 3381 8676
3 3381 14154 8755
3 8675 14154 14212
3 3320 14154 8754
3 14154 3320 8755
3 14158 3384 8751
3 8673 14158 14157
3 14158 8751 3322
3 14217 8672 14216
3 3384 8672 14217
3 14158 8672 3384
3 8672 14158 8673
3 8752 3322 14100
3 3321 8752 14100
3 8752 14158 3322
3 14158 8752 14157
3 8752 3321 8753
3 3383 8752 8753
3 14157 8752 3383
3 3461 11311 8654
3 11311 3397 8654
3 11311 3399 3397
3 8653 11274 3399
3 11311 8653 3399
3 8653 11311 3462
3 8653 3462 11312
3 3400 8653 11312
3 8653 3400 11274
3 3525 11347 8496
3 11347 8575 3524
3 11347 3525 11348
3 8497 11347 3524
3 8496 11347 8497
3 11410 8410 8411
3 11409 11410 8411
3 11410 11409 3657
3 11411 11410 8325
3 11410 11411 8410
3 3590 8412 8411
3 8412 11409 8411
3 11380 8412 3590
3 11409 8412 3656
3 3790 8074 11467
3 11466 3790 11467
3 3790 8075 8074
3 3790 3789 8075
3 3790 11466 3789
3 3723 11439 8240
3 11439 3723 8239
3 8410 3591 8411
3 3591 11382 8411
3 3591 8410 11383
3 11382 8492 3528
3 8492 1787 3528
3 8492 3591 11383
3 3591 8492 11382
3 3655 8242 8328
3 11408 3655 8328
3 8243 3655 8329
3 8242 3655 8243
3 3655 11407 8329
3 3588 11379 8496
3 11379 3525 8496
3 11379 8495 3525
3 11463 3788 11464
3 3788 11463 8078
3 11463 3720 3787
3 8078 11463 3787
3 8158 3722 11437
3 3722 3723 11438
3 11415 8235 8320
3 11443 8235 1823
3 8152 11443 1837
3 8235 11443 8151
3 11443 8152 11470
3 8151 11443 11470
3 8406 1807 8407
3 8407 1807 11385
3 1807 8489 11385
3 1808 11387 8488
3 8322 8407 11413
3 1822 8322 11413
3 11384 8491 1805
3 1805 8491 11383
3 8491 11384 8490
3 1787 8491 8490
3 8491 8492 11383
3 8492 8491 1787
3 11305 11306 3459
3 11306 11305 11307
3 3459 11306 8578
3 11306 11307 8578
3 6418 944 10346
3 944 6439 10346
3 944 6418 972
3 944 10347 6438
3 6439 944 6438
3 6419 943 10345
3 943 6440 10345
3 943 6419 971
3 10346 943 971
3 6440 943 10346
3 942 6441 10344
3 6420 942 10344
3 6441 942 10345
3 10345 942 970
3 942 6420 970
3 10328 6453 925
3 6453 10328 926
3 925 6453 10313
3 6453 926 10313
3 1555 10980 5786
3 10980 1555 5758
3 10979 1555 5786
3 1555 10979 5758
3 11010 11047 1580
3 9202 11047 11010
3 11047 9202 9125
3 1608 11047 9125
3 11048 9124 1635
3 9124 1608 1635
3 9124 11048 1580
3 11047 9124 1580
3 9124 11047 1608
3 5761 5789 1552
3 1552 5789 9342
3 5789 1553 5818
3 9342 5789 5819
3 5789 1525 5819
3 10946 5789 5818
3 1525 5789 10946
3 759 15493 787
3 761 15493 759
3 15493 6628 787
3 15493 760 6628
3 15493 761 760
3 680 679 707
3 679 6739 707
3 646 6764 15454
3 6764 646 653
3 6764 670 15454
3 650 6764 653
3 15455 681 6737
3 15455 6737 6710
3 681 15455 6763
3 15455 6710 709
3 6736 15455 709
3 6763 15455 6762
3 6762 15455 682
3 15455 6736 682
3 15385 7065 4663
3 15383 15385 4663
3 15385 15386 7065
3 15385 4688 15386
3 15385 15383 4688
3 4699 4698 15390
3 4698 4700 15390
3 4698 4699 7030
3 4700 4698 7030
3 14864 4118 7700
3 14864 7640 14865
3 4118 14864 14865
3 14909 14908 7584
3 7585 14908 4169
3 14908 7585 7584
3 9122 3026 3030
3 3026 9122 3028
3 3030 3026 2971
3 3026 3028 2971
3 2710 9570 9617
3 9570 13464 9617
3 9570 2711 13464
3 2711 9570 13516
3 9570 9518 13516
3 9570 2710 9518
3 3595 3596 8317
3 3596 3595 8486
3 14532 3799 8147
3 3799 14532 8066
3 3800 14533 3796
3 14533 3800 3794
3 14653 3944 3945
3 7978 14653 3945
3 3944 14653 7979
3 14653 7978 7979
3 3745 8219 14481
3 14482 8219 3745
3 8219 3678 14481
3 14421 8219 8303
3 3678 8219 14421
3 14476 3736 3737
3 8226 14476 3737
3 8227 14476 8226
3 3736 14476 8227
3 3938 14649 7985
3 14649 7984 7985
3 14649 3938 3939
3 7984 14649 3939
3 7911 3933 3928
3 3933 7911 3937
3 3928 3933 14648
3 3933 3937 14648
3 3732 3727 8147
3 3727 3726 8147
3 3727 3732 8231
3 3725 8148 8147
3 3726 3725 8147
3 8148 3725 3731
3 14129 8702 14186
3 3364 8702 14129
3 8702 3426 14186
3 8702 8703 3426
3 8702 3364 14128
3 8703 8702 14128
3 3362 3363 8780
3 8703 3363 3362
3 3363 14128 8780
3 3363 8703 14128
3 3236 8858 14007
3 8859 3236 14007
3 3236 14069 8858
3 3236 8859 14069
3 8611 8609 3434
3 8611 8612 14255
3 8611 14197 8612
3 14197 8611 8692
3 8611 14190 8692
3 14190 8611 3434
3 14197 3433 8612
3 3433 8613 8612
3 3433 14196 8613
3 14139 3372 8692
3 3372 8691 8692
3 14140 14133 8767
3 14133 8768 8767
3 8689 14133 14140
3 14023 14017 3247
3 14023 14013 8929
3 14017 14023 8929
3 13896 13888 9012
3 13896 3127 13888
3 3127 13896 3119
3 13896 13897 3119
3 13897 13896 9012
3 13955 8933 14016
3 8933 13955 3179
3 8933 14015 14016
3 8933 13954 14015
3 8933 3179 13954
3 8694 14196 14138
3 14196 8694 8613
3 14137 3308 8772
3 3308 14078 14076
3 8772 3308 14076
3 8770 14139 14082
3 3309 8770 14082
3 8770 3309 14138
3 8770 3372 14139
3 7644 4167 14861
3 7644 7645 4166
3 7644 14861 7645
3 14906 7644 4166
3 4167 7644 14906
3 7704 4060 7767
3 4059 7704 7767
3 7704 4059 4114
3 14861 7704 4114
3 4115 7704 14861
3 4060 7704 14813
3 7704 4115 14813
3 14120 8792 3350
3 14120 8715 3351
3 14120 3350 8715
3 8792 14120 3288
3 14120 8791 3288
3 8791 14120 3351
3 2405 2407 13125
3 2407 2408 13125
3 2407 2405 13160
3 2408 2407 13160
3 2442 2437 9860
3 2437 2440 9860
3 2437 2442 9820
3 2440 2437 9820
3 2623 2615 13412
3 2622 2623 13412
3 2623 9662 2615
3 2623 2622 9662
3 13894 9097 13835
3 9015 13894 9098
3 13894 13835 9098
3 9097 13894 3118
3 13894 9015 9016
3 9013 13894 9016
3 3118 13894 9013
3 9511 9454 2764
3 9454 13576 2764
3 9454 9511 13575
3 13576 9454 9391
3 9454 13575 9392
3 9391 9454 9392
3 13789 13790 9230
3 13790 13789 9154
3 9230 13790 2943
3 13790 3003 2943
3 13790 9154 3003
3 4142 7671 14842
3 4142 14890 7671
3 7672 4142 14842
3 14890 4142 7672
3 3833 14560 8112
3 14559 3833 8112
3 3833 8031 14560
3 3833 14559 8031
3 3573 8437 8436
3 3573 14332 8437
3 14333 3573 8436
3 8514 3573 14333
3 14332 3573 8514
3 14274 14273 8515
3 3509 14274 8515
3 14274 3509 14275
3 3508 14272 8516
3 14273 3508 8515
3 8593 3508 14273
3 14272 3508 8593
3 14271 14272 8594
3 8356 14451 8270
3 14452 3638 8270
3 3638 14452 8355
3 3638 8356 8270
3 8356 3638 14391
3 14392 3638 8355
3 14391 3638 14392
3 15172 15169 4495
3 15169 15172 15133
3 15176 15174 7280
3 15175 15176 7280
3 15174 15176 4495
3 15176 15175 4495
3 7691 4126 14824
3 4126 7690 14824
3 7690 4126 14873
3 14873 4126 7631
3 4126 7691 14872
3 7631 4126 14872
3 4179 14918 7573
3 4179 7573 4180
3 7630 4179 4180
3 14918 4179 4178
3 15006 7418 4321
3 15047 7418 4320
3 4321 7418 15047
3 7418 7469 4320
3 7418 15006 7469
3 11594 11574 5418
3 5417 11574 11594
3 5418 11574 5425
3 11574 5417 5424
3 5425 11574 1891
3 11574 5424 1891
3 5423 1893 11553
3 11575 5423 1892
3 11576 5423 11575
3 1893 5423 11576
3 5423 11552 1892
3 5423 11553 11552
3 5486 5485 11424
3 5486 5472 5485
3 1831 5486 11424
3 5472 5486 1831
3 14405 14408 8343
3 14410 14405 8343
3 14405 8424 14408
3 14405 14410 8424
3 3580 14343 8504
3 14342 3580 8504
3 8425 3580 8424
3 3580 8425 14343
3 3580 14342 8426
3 8424 3580 8426
3 8341 14411 8340
3 14411 3647 8340
3 14411 8425 3647
3 8425 14411 8422
3 14411 8341 8338
3 8422 14411 8338
3 14401 8345 3649
3 8344 8345 14401
3 3649 8345 8259
3 8259 8345 8258
3 8345 8344 8258
3 8596 3444 14212
3 3444 8596 14270
3 3444 8675 14212
3 14155 8675 3382
3 14155 8753 8754
3 14155 3382 8753
3 14154 14155 8754
3 14155 14154 8675
3 14388 8358 8440
3 14388 8441 8359
3 14388 8440 8441
3 14388 8359 8273
3 8358 14388 8273
3 14450 3637 8272
3 3637 8358 8272
3 3571 14329 8440
3 14161 3386 8748
3 3324 14161 8748
3 14219 14161 8670
3 14161 3385 8670
3 14161 3324 8749
3 3385 14161 8749
3 8669 3448 14220
3 3448 8669 14219
3 3386 8669 14220
3 8669 14161 14219
3 14161 8669 3386
3 8830 3259 14100
3 14101 8830 14100
3 8830 14101 8829
3 14041 8830 8829
3 3259 8830 14041
3 8182 14516 3707
3 14516 8182 14515
3 14515 8182 8183
3 8183 8182 14453
3 8182 3707 14453
3 4695 4693 7041
3 4693 4695 11866
3 7022 4718 11928
3 4718 7022 11897
3 7022 4740 11929
3 7022 11928 4740
3 7021 7022 11929
3 7022 7021 11898
3 11897 7022 11898
3 1910 5412 11613
3 11614 1910 5406
3 1910 11613 5406
3 1910 11614 5411
3 11594 1910 5411
3 5412 1910 11594
3 7441 11665 7440
3 7441 4299 11665
3 7492 7441 7440
3 4299 7441 7492
3 5367 1992 2010
3 5367 1983 1992
3 11708 1957 5388
3 1957 11708 1958
3 11708 5388 1966
3 1958 11708 1966
3 1977 5383 1969
3 1977 1970 5383
3 1977 1969 5375
3 1977 5375 11736
3 1970 1977 11736
3 3462 8574 11348
3 8574 11347 11348
3 11311 8574 3462
3 8574 11311 3461
3 8574 3461 8575
3 11347 8574 8575
3 11410 8326 8325
3 8326 11410 3657
3 8326 8239 8325
3 8326 11439 8239
3 8326 3657 8240
3 11439 8326 8240
3 8495 3589 11380
3 11379 3589 8495
3 3589 8412 11380
3 8159 11436 3720
3 11463 8159 3720
3 8159 11463 11464
3 8157 8158 11465
3 8157 3722 8158
3 8157 11465 8156
3 3723 8157 8156
3 3722 8157 3723
3 3722 8241 11437
3 8241 3722 11438
3 11437 8241 3656
3 8241 8327 3656
3 8241 11438 8327
3 8235 8321 1823
3 11415 8321 8235
3 8321 8406 1823
3 8321 11415 8406
3 1789 11386 8488
3 11386 1807 8406
3 8489 11386 1789
3 1807 11386 8489
3 11386 1808 8488
3 1808 11386 8406
3 11415 8405 8406
3 8405 1808 8406
3 8405 8320 1824
3 8405 11415 8320
3 11416 8405 1824
3 8405 11416 5508
3 1808 8405 11387
3 1809 8405 5508
3 11387 8405 1809
3 8322 11414 8407
3 11414 8322 1823
3 11414 8406 8407
3 8406 11414 1823
3 8236 11443 1823
3 8322 8236 1823
3 8236 11442 1837
3 11443 8236 1837
3 8236 1822 11442
3 8236 8322 1822
3 1553 10977 5761
3 10977 5789 5761
3 5789 10977 1553
3 670 6738 15454
3 6738 15463 708
3 6737 6738 708
3 6738 6737 15454
3 6738 680 707
3 15463 6738 707
3 6740 674 672
3 6764 651 649
3 651 6764 650
3 649 651 15445
3 651 650 15445
3 3593 3592 8486
3 3592 3593 8317
3 3859 3860 8065
3 3860 3859 14590
3 3864 3859 8065
3 14590 3859 3864
3 3866 14590 3861
3 3866 3860 14590
3 3866 3861 8065
3 3860 3866 8065
3 3792 3793 8147
3 3799 3792 8147
3 3793 3792 8066
3 3792 3799 8066
3 3733 8146 3796
3 8146 3800 3796
3 3800 8146 3794
3 3728 8146 3733
3 3794 8146 3728
3 3679 14482 8218
3 3679 8219 14482
3 3679 14422 8302
3 14422 3679 8218
3 8303 3679 8302
3 8219 3679 8303
3 14473 3725 3726
3 14473 3727 8231
3 3727 14473 3726
3 3665 14473 8231
3 14473 3665 8232
3 3731 14473 8232
3 3725 14473 3731
3 8693 3433 14197
3 3433 8693 14196
3 8691 8693 14197
3 3372 8693 8691
3 14196 8693 14138
3 8693 8770 14138
3 8770 8693 3372
3 3380 3373 8768
3 14133 3380 8768
3 3373 3380 8690
3 3380 8689 8690
3 3380 14133 8689
3 3371 8694 14138
3 8613 14195 3432
3 8694 14195 8613
3 14195 8695 3432
3 14195 14137 8695
3 14195 3371 14137
3 3371 14195 8694
3 8771 3308 14137
3 14080 8771 14138
3 8771 14080 14078
3 3308 8771 14078
3 8771 3371 14138
3 3371 8771 14137
3 3446 14216 14215
3 8593 3446 14215
3 3446 8593 14273
3 14274 3446 14273
3 8675 14213 3382
3 14213 8674 3382
3 3508 14331 8515
3 14331 3508 8516
3 14331 14332 8515
3 14332 14331 8437
3 14331 3572 8437
3 14330 14329 3571
3 14330 14331 8516
3 14331 14330 3572
3 15175 15171 4495
3 15171 15172 4495
3 15171 15175 15133
3 15172 15171 15133
3 8358 14389 8440
3 3637 14389 8358
3 14389 3571 8440
3 14271 8517 14272
3 14272 8517 8516
3 8517 14330 8516
3 14330 8517 14329
3 8440 14328 3570
3 14329 14328 8440
3 3570 14328 14327
3 4692 4693 11866
3 4693 4692 7041
3 1983 11753 1993
3 5367 11753 1983
3 11753 1986 1993
3 1986 11753 11775
3 11753 2010 11775
3 11753 5367 2010
3 8414 3589 11379
3 8414 11379 3588
3 8414 3588 11407
3 3655 8414 11407
3 8414 3655 11408
3 8158 3721 11464
3 3721 8159 11464
3 8242 3721 11437
3 3721 8158 11437
3 3721 8242 11436
3 8159 3721 11436
3 6765 679 680
3 671 6765 680
3 674 6765 672
3 6739 15452 6740
3 15452 674 6740
3 4170 14908 14909
3 4170 7641 14908
3 4170 14909 7640
3 14864 4170 7640
3 7641 4170 14864
3 4117 7700 7701
3 4117 14864 7700
3 14814 4117 7701
3 7702 4117 14814
3 14908 7642 4169
3 7641 7642 14908
3 4116 7642 7702
3 7642 4116 14862
3 4168 7642 14862
3 7642 4168 14907
3 4169 7642 14907
3 3594 3596 8486
3 3592 3594 8486
3 3596 3594 8317
3 3594 3592 8317
3 3446 8592 14216
3 8592 3446 14274
3 8592 14217 14216
3 8592 14275 14217
3 8592 14274 14275
3 8595 3444 14270
3 3444 8595 8675
3 8595 14213 8675
3 3445 14271 8594
3 3445 8595 14271
3 8595 3445 14213
3 8271 3637 14450
3 8271 8357 3637
3 8271 14450 14451
3 8356 8271 14451
3 14330 8438 3572
3 8438 8356 14391
3 8438 14391 8437
3 3572 8438 8437
3 8357 8439 3637
3 8439 14389 3637
3 14389 8439 3571
3 8439 14330 3571
3 8439 8438 14330
3 8517 8518 14329
3 8518 14328 14329
3 8519 8518 14270
3 8518 8519 14327
3 14328 8518 14327
3 4694 4691 7041
3 4692 4694 7041
3 4691 4694 11866
3 4694 4692 11866
3 8413 8414 11408
3 8414 8413 3589
3 8413 11408 3656
3 8412 8413 3656
3 3589 8413 8412
3 15453 6738 670
3 6738 15453 680
3 15453 671 680
3 15453 669 671
3 648 6765 671
3 669 648 671
3 648 15445 6789
3 14863 7642 7641
3 14863 7641 14864
3 4117 14863 14864
3 14863 4117 7702
3 7642 14863 7702
3 14213 14214 8674
3 3445 14214 14213
3 14214 8673 3383
3 8674 14214 3383
3 8673 14214 14215
3 14390 8439 8357
3 14390 8271 8356
3 8271 14390 8357
3 8438 14390 8356
3 8439 14390 8438
3 3507 8517 14271
3 3507 8518 8517
3 8518 3507 14270
3 3507 8595 14270
3 8595 3507 14271
3 673 15453 670
3 15453 673 669
3 673 648 669
3 647 648 6789
3 648 647 6765
3 672 647 6789
3 6765 647 672
3 675 6765 674
3 675 676 6765
3 15452 675 674
3 675 15452 6739
3 676 675 6739
3 679 677 6739
3 677 676 6739
3 6765 677 679
3 676 677 6765
3 673 652 648
3 652 649 15445
3 648 652 15445
3 652 673 670
3 652 6764 649
3 6764 652 670
3 5109 5108 12217
3 5108 5109 127
3 12892 10168 10169
3 12892 10169 12891
3 13398 9632 13399
3 9632 9631 13399
3 4574 7176 4573
3 4573 7176 7177
3 4339 7397 11660
3 11671 4339 11660
3 6538 6539 12750
3 12751 6538 12750
3 9835 9874 9873
3 9874 9835 9836
3 9682 13343 9683
3 13343 9682 13344
3 7370 4366 7369
3 7369 4366 4367
3 1746 11266 11265
3 1746 11265 1745
3 5078 12246 12245
3 12246 5078 5077
3 15437 585 15431
3 585 15437 6831
3 4598 4622 7131
3 4622 4598 4597
3 3097 9039 9038
3 3098 3097 9038
3 5240 12008 5239
3 12008 5240 12007
3 10274 10266 10264
3 10266 10274 10275
3 10798 10797 5974
3 5973 10798 5974
3 474 6943 472
3 6943 474 6941
3 8293 8292 3622
3 8292 8378 3622
3 2439 2445 13159
3 2439 13159 13158
3 13047 10039 13032
3 10039 13047 13048
3 8836 14094 14095
3 8836 14095 8835
3 984 10386 986
3 10386 6380 986
3 12640 12687 368
3 12638 12640 368
3 15367 4664 7087
3 15367 7087 15366
3 4441 7298 7297
3 4442 4441 7297
3 8105 14511 14510
3 14511 8105 8104
3 5474 11450 11451
3 11450 5474 5475
3 11452 5474 11451
3 5474 11452 5473
3 8259 14468 14466
3 14468 8259 8258
3 11998 6984 6985
3 11997 11998 6985
3 3586 8418 8417
3 8418 3586 3585
3 12637 12682 12641
3 12682 12637 12680
3 12637 12635 12680
3 12635 12681 12680
3 13568 2807 2749
3 2750 13568 2749
3 8230 14414 8314
3 14414 8230 3667
3 8308 8309 3672
3 8308 3672 3673
3 9778 13241 13240
3 9778 13240 9779
3 4379 15102 15060
3 4379 15103 15102
3 5484 5471 5470
3 5471 5484 1832
3 8086 3780 8088
3 3780 8086 3781
3 14046 8904 14045
3 8904 8905 14045
3 11537 7926 11536
3 7926 11537 7925
3 3586 11376 3585
3 11376 11375 3585
3 2808 2756 2755
3 2756 2808 13569
3 14558 14557 8033
3 8032 14558 8033
3 14342 8505 14341
3 8505 8506 14341
3 3736 8143 8142
3 3737 3736 8142
3 11452 5472 5473
3 11453 5472 11452
3 8672 8673 14215
3 14216 8672 14215
3 6417 944 972
3 944 6417 10347
3 8609 8611 14248
3 14248 8611 14255
3 14013 14023 3254
3 3254 14023 3247
3 4179 7630 7631
3 4179 7631 4178
3 8593 14214 8594
3 14214 8593 14215
3 14214 3445 8594
